"id";"data_inversa";"dia_semana";"horario";"uf";"br";"km";"municipio";"causa_acidente";"tipo_acidente";"classificacao_acidente";"fase_dia";"sentido_via";"condicao_metereologica";"tipo_pista";"tracado_via";"uso_solo";"pessoas";"mortos";"feridos_leves";"feridos_graves";"ilesos";"ignorados";"feridos";"veiculos";"latitude";"longitude";"regional";"delegacia";"uop"
748312;2026-01-27;"terça-feira";"14:10:00";"PR";376;621;"SAO JOSE DOS PINHAIS";"Reação tardia ou ineficiente do condutor";"Colisão traseira";"Com Vítimas Feridas";"Pleno dia";"Decrescente";"Céu Claro";"Dupla";"Reta";"Não";3;0;0;1;1;1;1;3;-25,62650352;-49,1651028;"SPRF-PR";"DEL01/PR";"UOP04-DEL01-PR"
748317;2026-01-23;"sexta-feira";"22:50:00";"SE";101;105,1;"SAO CRISTOVAO";"Ausência de reação do condutor";"Colisão com objeto";"Sem Vítimas";"Plena Noite";"Decrescente";"Céu Claro";"Dupla";"Reta";"Não";1;0;0;0;1;0;0;1;-10,95826373;-37,2346501;"SPRF-SE";"DEL02-SE";"UOP01-DEL02-SE"
748318;2026-01-27;"terça-feira";"14:30:00";"PR";277;214,2;"PALMEIRA";"Ausência de reação do condutor";"Colisão lateral sentido oposto";"Sem Vítimas";"Pleno dia";"Crescente";"Céu Claro";"Simples";"Curva;Declive";"Não";4;0;0;0;3;4;0;7;-25,456128;-50,338455;"SPRF-PR";"DEL08/PR";"UOP02-DEL08-PR"
748327;2026-01-27;"terça-feira";"14:20:00";"MG";262;33,2;"MANHUACU";"Manobra de mudança de faixa";"Colisão lateral mesmo sentido";"Com Vítimas Feridas";"Pleno dia";"Decrescente";"Céu Claro";"Simples";"Reta";"Não";2;0;1;0;1;0;1;2;-20,25954;-42,017451;"SPRF-MG";"DEL06/MG";"UOP03-DEL06-MG"
748329;2026-01-27;"terça-feira";"15:50:00";"ES";101;302;"VIANA";"Pedestre andava na pista";"Atropelamento de Pedestre";"Com Vítimas Feridas";"Pleno dia";"Decrescente";"Céu Claro";"Dupla";"Curva";"Não";2;0;0;1;1;0;1;2;-20,37441288;-40,44250073;"SPRF-ES";"DEL01-ES";"UOP01-DEL01-ES"
748330;2026-01-27;"terça-feira";"15:30:00";"SE";101;203,3;"CRISTINAPOLIS";"Reação tardia ou ineficiente do condutor";"Tombamento";"Com Vítimas Feridas";"Pleno dia";"Crescente";"Sol";"Simples";"Declive;Reta";"Não";3;0;1;0;1;2;1;4;-11,49651;-37,7808;"SPRF-SE";"DEL02-SE";"UOP03-DEL02-SE"
748333;2026-01-27;"terça-feira";"14:30:00";"RN";304;241,7;"RIACHUELO";"Acessar a via sem observar a presença dos outros veículos";"Colisão lateral mesmo sentido";"Com Vítimas Feridas";"Pleno dia";"Crescente";"Sol";"Simples";"Reta";"Sim";3;0;1;0;1;1;1;3;-5,80993906;-35,82370162;"SPRF-RN";"DEL01-RN";"UOP02-DEL01-RN"
748338;2026-01-27;"terça-feira";"16:00:00";"MG";381;811,7;"CAREACU";"Reação tardia ou ineficiente do condutor";"Colisão traseira";"Com Vítimas Feridas";"Pleno dia";"Decrescente";"Céu Claro";"Dupla";"Curva";"Não";4;0;0;1;2;1;1;3;-22,007772;-45,677767;"SPRF-MG";"DEL16/MG";"UOP02-DEL16-MG"
748341;2026-01-27;"terça-feira";"15:40:00";"MG";381;502;"BETIM";"Condutor deixou de manter distância do veículo da frente";"Colisão traseira";"Com Vítimas Feridas";"Pleno dia";"Crescente";"Nublado";"Múltipla";"Reta";"Não";2;0;1;0;1;0;1;2;-20,01741763;-44,2249018;"SPRF-MG";"DEL01/MG";"UOP03-DEL01-MG"
748342;2026-01-27;"terça-feira";"16:55:00";"GO";414;305;"VILA PROPICIO";"Transitar na contramão";"Colisão frontal";"Com Vítimas Fatais";"Anoitecer";"Crescente";"Céu Claro";"Simples";"Reta";"Não";3;1;0;0;1;1;0;3;-15,25119;-48,688463;"SPRF-GO";"DEL02/GO";"UOP01-DEL02-GO"
748344;2026-01-27;"terça-feira";"14:15:00";"SC";101;50,5;"JOINVILLE";"Carga excessiva e/ou mal acondicionada";"Derramamento de carga";"Com Vítimas Feridas";"Pleno dia";"Decrescente";"Céu Claro";"Dupla";"Reta";"Não";2;0;1;0;1;0;1;2;-26,39081851;-48,83975856;"SPRF-SC";"DEL03/SC";"UOP01-DEL03-SC"
748349;2026-01-27;"terça-feira";"12:55:00";"RS";287;329,5;"SAO VICENTE DO SUL";"Acessar a via sem observar a presença dos outros veículos";"Colisão transversal";"Com Vítimas Feridas";"Pleno dia";"Decrescente";"Céu Claro";"Simples";"Interseção de Vias";"Não";3;0;1;0;1;2;1;4;-29,685088;-54,664082;"SPRF-RS";"DEL09/RS";"UOP01-DEL09-RS"
748351;2026-01-27;"terça-feira";"10:10:00";"PR";369;67,9;"SANTA MARIANA";"Velocidade Incompatível";"Tombamento";"Com Vítimas Feridas";"Pleno dia";"Crescente";"Céu Claro";"Simples";"Aclive";"Não";2;0;1;0;0;1;1;2;-23,1303071;-50,4698305;"SPRF-PR";"DEL07/PR";"UOP05-DEL07-PR"
748352;2026-01-27;"terça-feira";"17:00:00";"RS";386;439;"CANOAS";"Velocidade Incompatível";"Tombamento";"Com Vítimas Feridas";"Pleno dia";"Decrescente";"Céu Claro";"Múltipla";"Declive;Curva";"Sim";2;0;1;0;0;1;1;2;-29,8821322;-51,23464465;"SPRF-RS";"DEL04/RS";"UOP02-DEL04-RS"
748367;2026-01-27;"terça-feira";"17:00:00";"MG";251;316,7;"SALINAS";"Condutor deixou de manter distância do veículo da frente";"Colisão traseira";"Com Vítimas Feridas";"Pleno dia";"Decrescente";"Sol";"Simples";"Reta";"Não";5;0;4;0;0;1;4;2;-16,16064315;-42,31375694;"SPRF-MG";"DEL12/MG";"UOP02-DEL12-MG"
748370;2026-01-27;"terça-feira";"07:20:00";"MG";116;410;"GOVERNADOR VALADARES";"Acessar a via sem observar a presença dos outros veículos";"Colisão transversal";"Com Vítimas Feridas";"Pleno dia";"Decrescente";"Céu Claro";"Dupla";"Retorno Regulamentado";"Sim";2;0;1;0;1;0;1;2;-18,860786;-41,974422;"SPRF-MG";"DEL06/MG";"UOP01-DEL06-MG"
748373;2026-01-27;"terça-feira";"18:40:00";"MG";40;516,8;"RIBEIRAO DAS NEVES";"Manobra de mudança de faixa";"Colisão lateral mesmo sentido";"Com Vítimas Feridas";"Plena Noite";"Crescente";"Céu Claro";"Dupla";"Curva;Aclive";"Sim";3;0;1;0;1;1;1;3;-19,8225163;-44,084188;"SPRF-MG";"DEL01/MG";"UOP02-DEL01-MG"
748374;2026-01-27;"terça-feira";"17:20:00";"PE";104;83,8;"AGRESTINA";"Ausência de reação do condutor";"Colisão transversal";"Com Vítimas Feridas";"Anoitecer";"Decrescente";"Céu Claro";"Simples";"Reta;Aclive";"Não";3;0;1;0;1;2;1;4;-8,43142;-35,95882;"SPRF-PE";"DEL02/PE";"UOP01-DEL02-PE"
748375;2026-01-27;"terça-feira";"14:28:00";"BA";324;540;"AMELIA RODRIGUES";"Acumulo de óleo sobre o pavimento";"Saída de leito carroçável";"Com Vítimas Feridas";"Pleno dia";"Decrescente";"Chuva";"Dupla";"Reta";"Não";2;0;1;0;0;1;1;2;-12,39437142;-38,77489328;"SPRF-BA";"DEL11/BA";"UOP02-DEL11-BA"
748376;2026-01-27;"terça-feira";"19:30:00";"ES";101;382,7;"RIO NOVO DO SUL";"Entrada inopinada do pedestre";"Atropelamento de Pedestre";"Com Vítimas Fatais";"Plena Noite";"Crescente";"Céu Claro";"Simples";"Reta";"Não";2;1;0;0;1;0;0;2;-20,82335683;-40,851717;"SPRF-ES";"DEL03-ES";"UOP01-DEL03-ES"
748385;2026-01-27;"terça-feira";"19:30:00";"PE";423;22,2;"SAO CAITANO";"Reação tardia ou ineficiente do condutor";"Capotamento";"Com Vítimas Feridas";"Plena Noite";"Crescente";"Céu Claro";"Simples";"Curva";"Não";1;0;1;0;0;0;1;1;-8,354017;-36,171949;"SPRF-PE";"DEL03/PE";"UOP02-DEL03-PE"
748400;2026-01-27;"terça-feira";"18:00:00";"MT";70;509;"CUIABA";"Manobra de mudança de faixa";"Colisão lateral mesmo sentido";"Com Vítimas Feridas";"Anoitecer";"Crescente";"Céu Claro";"Dupla";"Reta";"Não";5;0;1;0;3;4;1;6;-15,7;-56,081;"SPRF-MT";"DEL01/MT";"UOP02-DEL01-MT"
748403;2026-01-27;"terça-feira";"17:30:00";"MG";40;234;"SAO GONCALO DO ABAETE";"Demais falhas mecânicas ou elétricas";"Tombamento";"Com Vítimas Feridas";"Anoitecer";"Crescente";"Céu Claro";"Simples";"Reta";"Não";3;0;2;0;0;1;2;2;-18,02322111;-45,53858757;"SPRF-MG";"DEL14/MG";"UOP02-DEL14-MG"
748404;2026-01-27;"terça-feira";"19:30:00";"MG";40;332;"FELIXLANDIA";"Reação tardia ou ineficiente do condutor";"Colisão traseira";"Com Vítimas Feridas";"Plena Noite";"Crescente";"Nublado";"Simples";"Declive";"Não";3;0;1;0;1;1;1;3;-18,575369;-45,017054;"SPRF-MG";"DEL14/MG";"UOP02-DEL14-MG"
748412;2026-01-27;"terça-feira";"22:01:00";"BA";101;83,3;"EUNAPOLIS";"Entrada inopinada do pedestre";"Atropelamento de Pedestre";"Com Vítimas Feridas";"Plena Noite";"Decrescente";"Céu Claro";"Simples";"Reta";"Sim";3;0;1;0;1;1;1;3;-16,373202;-39,573165;"SPRF-BA";"DEL01/BA";"UOP04-DEL01-BA"
748415;2026-01-27;"terça-feira";"23:29:00";"MS";359;212;"COXIM";"Ausência de reação do condutor";"Colisão com objeto";"Com Vítimas Feridas";"Plena Noite";"Crescente";"Garoa/Chuvisco";"Simples";"Reta";"Não";2;0;1;0;0;1;1;2;-18,476;-54,582;"SPRF-MS";"DEL06/MS";"UOP01-DEL06-MS"
748417;2026-01-28;"quarta-feira";"01:45:00";"SP";116;122;"CACAPAVA";"Ausência de reação do condutor";"Colisão traseira";"Com Vítimas Feridas";"Plena Noite";"Decrescente";"Céu Claro";"Dupla";"Reta";"Não";2;0;0;1;1;0;1;2;-23,08377318;-45,6641798;"SPRF-SP";"DEL02/SP";"UOP02-DEL02-SP"
748418;2026-01-28;"quarta-feira";"04:04:00";"SP";116;199;"ARUJA";"Ausência de reação do condutor";"Colisão traseira";"Com Vítimas Feridas";"Plena Noite";"Crescente";"Vento";"Dupla";"Aclive;Reta";"Sim";3;0;1;0;1;2;1;4;-23,4020333;-46,3134483;"SPRF-SP";"DEL01/SP";"UOP01-DEL01-SP"
748419;2026-01-28;"quarta-feira";"01:15:00";"PR";277;410,9;"CANDOI";"Ultrapassagem Indevida";"Colisão frontal";"Com Vítimas Fatais";"Plena Noite";"Decrescente";"Céu Claro";"Simples";"Reta;Declive";"Não";2;1;0;0;1;0;0;2;-25,427;-52,0116;"SPRF-PR";"DEL04/PR";"UOP02-DEL04-PR"
748422;2026-01-28;"quarta-feira";"05:25:00";"TO";153;498;"PARAISO DO TOCANTINS";"Condutor deixou de manter distância do veículo da frente";"Colisão traseira";"Com Vítimas Feridas";"Amanhecer";"Decrescente";"Chuva";"Simples";"Reta";"Sim";3;0;0;1;1;3;1;5;-10,186802;-48,880048;"SPRF-TO";"DEL01-TO";"UOP01-DEL01-TO"
748425;2026-01-27;"terça-feira";"15:10:00";"PR";153;519,1;"GENERAL CARNEIRO";"Condutor Dormindo";"Colisão frontal";"Com Vítimas Feridas";"Pleno dia";"Crescente";"Sol";"Simples";"Curva";"Não";3;0;0;1;1;1;1;3;-26,59207;-51,45449;"SPRF-PR";"DEL02/PR";"UOP03-DEL02-PR"
748430;2026-01-28;"quarta-feira";"05:50:00";"RS";116;64,2;"CAMPESTRE DA SERRA";"Transitar na contramão";"Colisão frontal";"Com Vítimas Feridas";"Amanhecer";"Crescente";"Céu Claro";"Simples";"Declive;Curva";"Não";2;0;1;0;0;1;1;2;-28,67244;-51,06388;"SPRF-RS";"DEL05/RS";"UOP03-DEL05-RS"
748431;2026-01-28;"quarta-feira";"02:30:00";"MT";70;121;"GENERAL CARNEIRO";"Reação tardia ou ineficiente do condutor";"Capotamento";"Com Vítimas Feridas";"Plena Noite";"Crescente";"Céu Claro";"Simples";"Reta";"Não";3;0;1;0;1;1;1;2;-15,609117;-53,098363;"SPRF-MT";"DEL07/MT";"UOP01-DEL07-MT"
748433;2026-01-28;"quarta-feira";"05:45:00";"PR";153;30,6;"SANTO ANTONIO DA PLATINA";"Condutor Dormindo";"Colisão frontal";"Com Vítimas Feridas";"Amanhecer";"Decrescente";"Céu Claro";"Simples";"Reta";"Não";3;0;0;1;1;1;1;3;-23,2235415;-50,02182162;"SPRF-PR";"DEL07/PR";"UOP04-DEL07-PR"
748436;2026-01-28;"quarta-feira";"06:55:00";"PE";232;10,1;"JABOATAO DOS GUARARAPES";"Condutor deixou de manter distância do veículo da frente";"Colisão traseira";"Com Vítimas Feridas";"Pleno dia";"Decrescente";"Nublado";"Dupla";"Reta;Declive";"Sim";4;0;1;0;3;0;1;3;-8,07944;-34,988007;"SPRF-PE";"DEL01/PE";"UOP01-DEL01-PE"
748440;2026-01-28;"quarta-feira";"08:07:00";"SP";116;280;"EMBU DAS ARTES";"Manobra de mudança de faixa";"Colisão traseira";"Com Vítimas Feridas";"Pleno dia";"Decrescente";"Céu Claro";"Dupla";"Reta";"Sim";5;0;2;0;0;3;2;5;-23,6457988;-46,84112215;"SPRF-SP";"DEL04/SP";"UOP01-DEL04-SP"
748446;2026-01-28;"quarta-feira";"07:30:00";"PR";277;285;"PRUDENTOPOLIS";"Acessar a via sem observar a presença dos outros veículos";"Colisão lateral mesmo sentido";"Com Vítimas Feridas";"Pleno dia";"Decrescente";"Céu Claro";"Simples";"Reta;Retorno Regulamentado";"Sim";4;0;2;0;1;2;2;4;-25,31988001;-50,96935272;"SPRF-PR";"DEL08/PR";"UOP02-DEL08-PR"
748448;2026-01-28;"quarta-feira";"07:50:00";"PR";376;668,4;"GUARATUBA";"Reação tardia ou ineficiente do condutor";"Colisão traseira";"Com Vítimas Feridas";"Pleno dia";"Crescente";"Céu Claro";"Dupla";"Declive";"Não";4;0;1;0;2;2;1;5;-25,869683;-48,934905;"SPRF-PR";"DEL01/PR";"UOP04-DEL01-PR"
748450;2026-01-28;"quarta-feira";"09:05:00";"SC";101;147;"ITAPEMA";"Acessar a via sem observar a presença dos outros veículos";"Colisão lateral mesmo sentido";"Com Vítimas Feridas";"Pleno dia";"Decrescente";"Sol";"Dupla";"Interseção de Vias";"Sim";4;0;1;0;2;1;1;3;-27,08905493;-48,61271795;"SPRF-SC";"DEL04/SC";"UOP03-DEL04-SC"
748459;2026-01-28;"quarta-feira";"09:30:00";"MG";381;490;"BETIM";"Ausência de reação do condutor";"Colisão traseira";"Com Vítimas Feridas";"Pleno dia";"Decrescente";"Céu Claro";"Dupla";"Aclive;Reta";"Não";2;0;2;0;0;0;2;1;-19,956844;-44,150464;"SPRF-MG";"DEL01/MG";"UOP03-DEL01-MG"
748461;2026-01-28;"quarta-feira";"07:30:00";"SC";280;29,5;"ARAQUARI";"Desrespeitar a preferência no cruzamento";"Colisão transversal";"Com Vítimas Feridas";"Pleno dia";"Decrescente";"Céu Claro";"Simples";"Reta";"Não";2;0;0;1;1;0;1;2;-26,413238;-48,757712;"SPRF-SC";"DEL03/SC";"UOP03-DEL03-SC"
748464;2026-01-28;"quarta-feira";"08:00:00";"MG";153;90;"PRATA";"Demais falhas mecânicas ou elétricas";"Incêndio";"Sem Vítimas";"Pleno dia";"Crescente";"Céu Claro";"Dupla";"Aclive";"Não";2;0;0;0;1;1;0;2;-19,149403;-48,962373;"SPRF-MG";"DEL15/MG";"UOP03-DEL15-MG"
748471;2026-01-28;"quarta-feira";"06:43:00";"RJ";101;58;"CAMPOS DOS GOYTACAZES";"Acessar a via sem observar a presença dos outros veículos";"Colisão transversal";"Com Vítimas Fatais";"Pleno dia";"Crescente";"Céu Claro";"Simples";"Reta;Interseção de Vias";"Sim";2;1;0;0;1;0;0;2;-21,707921;-41,309113;"SPRF-RJ";"DEL08/RJ";"UOP01-DEL08-RJ"
748474;2026-01-28;"quarta-feira";"11:25:00";"MG";40;272;"SAO GONCALO DO ABAETE";"Acessar a via sem observar a presença dos outros veículos";"Colisão transversal";"Com Vítimas Feridas";"Pleno dia";"Crescente";"Sol";"Simples";"Reta;Em Obras";"Não";7;0;1;0;5;2;1;5;-18,18678;-45,256;"SPRF-MG";"DEL14/MG";"UOP02-DEL14-MG"
748479;2026-01-28;"quarta-feira";"11:40:00";"SP";116;441;"REGISTRO";"Ausência de reação do condutor";"Colisão traseira";"Com Vítimas Feridas";"Pleno dia";"Decrescente";"Céu Claro";"Dupla";"Reta";"Sim";3;0;1;0;1;1;1;3;-24,47083658;-47,82360284;"SPRF-SP";"DEL05/SP";"UOP01-DEL05-SP"
748498;2026-01-21;"quarta-feira";"14:00:00";"GO";60;465;"JATAI";"Demais falhas mecânicas ou elétricas";"Saída de leito carroçável";"Sem Vítimas";"Pleno dia";"Crescente";"Céu Claro";"Dupla";"Reta";"Não";2;0;0;0;1;1;0;2;-17,893137;-51,66075;"SPRF-GO";"DEL05/GO";"UOP01-DEL05-GO"
748500;2026-01-28;"quarta-feira";"10:30:00";"BA";324;591;"CANDEIAS";"Ausência de reação do condutor";"Colisão traseira";"Com Vítimas Feridas";"Pleno dia";"Crescente";"Chuva";"Dupla";"Reta";"Não";5;0;1;0;3;1;1;3;-12,69515148;-38,46471643;"SPRF-BA";"DEL01/BA";"UOP01-DEL01-BA"
748503;2026-01-28;"quarta-feira";"14:20:00";"GO";60;92,2;"ANAPOLIS";"Acumulo de água sobre o pavimento";"Saída de leito carroçável";"Com Vítimas Feridas";"Pleno dia";"Decrescente";"Chuva";"Dupla";"Curva";"Sim";2;0;2;0;0;0;2;1;-16,35231814;-48,91452882;"SPRF-GO";"DEL02/GO";"UOP01-DEL02-GO"
748505;2026-01-28;"quarta-feira";"13:00:00";"MG";365;597;"UBERLANDIA";"Ausência de reação do condutor";"Colisão frontal";"Com Vítimas Feridas";"Pleno dia";"Crescente";"Nublado";"Múltipla";"Declive;Curva";"Não";2;0;0;1;1;0;1;2;-18,8722238;-48,085338;"SPRF-MG";"DEL15/MG";"UOP01-DEL15-MG"
748506;2026-01-28;"quarta-feira";"13:50:00";"BA";324;541;"AMELIA RODRIGUES";"Chuva";"Colisão traseira";"Sem Vítimas";"Pleno dia";"Decrescente";"Chuva";"Dupla";"Declive";"Não";2;0;0;0;1;1;0;2;-12,3962665;-38,7688701;"SPRF-BA";"DEL11/BA";"UOP02-DEL11-BA"
748512;2026-01-28;"quarta-feira";"13:30:00";"SE";101;183;"UMBAUBA";"Ausência de reação do condutor";"Colisão lateral sentido oposto";"Com Vítimas Feridas";"Pleno dia";"Crescente";"Céu Claro";"Simples";"Reta;Declive";"Sim";3;0;1;0;1;1;1;3;-11,38313242;-37,66607606;"SPRF-SE";"DEL02-SE";"UOP03-DEL02-SE"
748513;2026-01-28;"quarta-feira";"15:00:00";"ES";101;347;"GUARAPARI";"Ausência de sinalização";"Colisão traseira";"Com Vítimas Feridas";"Pleno dia";"Crescente";"Céu Claro";"Dupla";"Reta";"Não";4;0;0;1;2;1;1;3;-20,65687994;-40,61868668;"SPRF-ES";"DEL03-ES";"UOP01-DEL03-ES"
748515;2026-01-28;"quarta-feira";"10:00:00";"CE";116;495;"BREJO SANTO";"Reação tardia ou ineficiente do condutor";"Engavetamento";"Com Vítimas Feridas";"Pleno dia";"Decrescente";"Céu Claro";"Simples";"Ponte;Reta;Em Obras";"Não";12;0;7;1;3;2;8;6;-7,428807;-38,970547;"SPRF-CE";"DEL05/CE";"UOP03-DEL05-CE"
748520;2026-01-28;"quarta-feira";"14:22:00";"MT";364;277;"JACIARA";"Problema com o freio";"Colisão lateral sentido oposto";"Com Vítimas Fatais";"Pleno dia";"Decrescente";"Chuva";"Simples";"Declive";"Sim";8;1;3;0;3;6;3;11;-15,95022961;-55,00116348;"SPRF-MT";"DEL05/MT";"UOP02-DEL05-MT"
748526;2026-01-28;"quarta-feira";"13:00:00";"RO";364;33;"VILHENA";"Ultrapassagem Indevida";"Incêndio";"Sem Vítimas";"Pleno dia";"Crescente";"Céu Claro";"Simples";"Reta";"Não";2;0;0;0;2;0;0;2;-12,52022954;-60,41174412;"SPRF-RO";"DEL04-RO";"UOP01-DEL04-RO"
748528;2026-01-28;"quarta-feira";"13:30:00";"CE";222;126;"ITAPAJE";"Ultrapassagem Indevida";"Saída de leito carroçável";"Com Vítimas Feridas";"Pleno dia";"Crescente";"Chuva";"Simples";"Reta;Declive";"Não";2;0;1;0;0;1;1;2;-3,702528;-39,609791;"SPRF-CE";"DEL04/CE";"UOP03-DEL04-CE"
748529;2026-01-28;"quarta-feira";"16:00:00";"PA";155;83;"RIO MARIA";"Reação tardia ou ineficiente do condutor";"Colisão lateral mesmo sentido";"Com Vítimas Feridas";"Pleno dia";"Crescente";"Céu Claro";"Simples";"Interseção de Vias";"Sim";2;0;1;0;1;0;1;2;-7,317288;-50,048087;"SPRF-PA";"DEL03/PA";"UOP01-DEL03-PA"
748533;2026-01-28;"quarta-feira";"15:30:00";"MT";364;402;"CUIABA";"Acesso irregular";"Colisão transversal";"Sem Vítimas";"Pleno dia";"Decrescente";"Chuva";"Dupla";"Reta";"Sim";7;0;0;0;6;1;0;4;-15,65098324;-55,99716861;"SPRF-MT";"DEL01/MT";"UOP02-DEL01-MT"
748534;2026-01-28;"quarta-feira";"16:24:00";"PE";232;82;"GRAVATA";"Condutor deixou de manter distância do veículo da frente";"Colisão traseira";"Com Vítimas Feridas";"Pleno dia";"Decrescente";"Céu Claro";"Dupla";"Reta";"Sim";2;0;0;1;1;0;1;2;-8,20217;-35,59396;"SPRF-PE";"DEL02/PE";"UOP02-DEL02PE"
748535;2026-01-28;"quarta-feira";"11:35:00";"MT";158;520,8;"CANARANA";"Ultrapassagem Indevida";"Colisão lateral mesmo sentido";"Sem Vítimas";"Pleno dia";"Crescente";"Nublado";"Simples";"Reta;Declive";"Não";4;0;0;0;3;2;0;5;-13,69364959;-52,01878309;"SPRF-MT";"DEL07/MT";"UOP02-DEL07-MT"
748539;2026-01-28;"quarta-feira";"15:30:00";"SC";101;95;"BARRA VELHA";"Acessar a via sem observar a presença dos outros veículos";"Colisão transversal";"Com Vítimas Feridas";"Pleno dia";"Decrescente";"Sol";"Dupla";"Interseção de Vias;Viaduto";"Não";3;0;2;0;1;0;2;2;-26,71845939;-48,70200098;"SPRF-SC";"DEL03/SC";"UOP02-DEL03-SC"
748545;2026-01-28;"quarta-feira";"15:30:00";"GO";60;389;"RIO VERDE";"Acessar a via sem observar a presença dos outros veículos";"Colisão lateral mesmo sentido";"Com Vítimas Feridas";"Pleno dia";"Crescente";"Céu Claro";"Dupla";"Reta";"Sim";2;0;0;1;1;0;1;2;-17,824455;-50,958367;"SPRF-GO";"DEL04/GO";"UOP02-DEL04-GO"
748546;2026-01-28;"quarta-feira";"15:50:00";"BA";116;575;"BREJOES";"Acessar a via sem observar a presença dos outros veículos";"Colisão frontal";"Com Vítimas Feridas";"Pleno dia";"Crescente";"Chuva";"Simples";"Reta;Aclive";"Sim";3;0;1;0;2;0;1;2;-13,0832133;-39,9622983;"SPRF-BA";"DEL03/BA";"UOP02-DEL03-BA"
748548;2026-01-28;"quarta-feira";"13:53:00";"MT";364;400;"CUIABA";"Ausência de reação do condutor";"Saída de leito carroçável";"Sem Vítimas";"Pleno dia";"Decrescente";"Chuva";"Dupla";"Viaduto";"Não";2;0;0;0;1;1;0;2;-15,65826133;-55,98013826;"SPRF-MT";"DEL01/MT";"UOP02-DEL01-MT"
748550;2026-01-28;"quarta-feira";"16:25:00";"RS";392;6,5;"RIO GRANDE";"Condutor deixou de manter distância do veículo da frente";"Colisão traseira";"Sem Vítimas";"Pleno dia";"Crescente";"Céu Claro";"Simples";"Reta";"Sim";4;0;0;0;3;1;0;4;-32,0887558;-52,10715652;"SPRF-RS";"DEL07/RS";"UOP02-DEL07-RS"
748562;2026-01-28;"quarta-feira";"17:25:00";"BA";415;49;"ITABUNA";"Conversão proibida";"Colisão lateral mesmo sentido";"Com Vítimas Feridas";"Anoitecer";"Decrescente";"Céu Claro";"Simples";"Reta";"Sim";4;0;1;0;2;1;1;3;-14,819571;-39,305185;"SPRF-BA";"DEL05/BA";"UOP01-DEL05-BA"
748564;2026-01-28;"quarta-feira";"16:30:00";"MG";251;349;"FRUTA DE LEITE";"Demais falhas mecânicas ou elétricas";"Saída de leito carroçável";"Sem Vítimas";"Pleno dia";"Decrescente";"Céu Claro";"Simples";"Reta";"Não";2;0;0;0;1;1;0;2;-16,25694973;-42,51996517;"SPRF-MG";"DEL12/MG";"UOP02-DEL12-MG"
748566;2026-01-28;"quarta-feira";"14:40:00";"RO";364;296,1;"PRESIDENTE MEDICI";"Ausência de reação do condutor";"Colisão traseira";"Com Vítimas Feridas";"Pleno dia";"Crescente";"Céu Claro";"Simples";"Reta";"Não";2;0;1;0;1;0;1;2;-11,299022;-61,892857;"SPRF-RO";"DEL02-RO";"UOP01-DEL02-RO"
748573;2026-01-28;"quarta-feira";"17:30:00";"MG";251;471;"FRANCISCO SA";"Pista Escorregadia";"Saída de leito carroçável";"Com Vítimas Feridas";"Anoitecer";"Crescente";"Chuva";"Simples";"Reta;Declive";"Não";3;0;0;1;1;1;1;2;-16,46626976;-43,43383572;"SPRF-MG";"DEL12/MG";"UOP01-DEL12-MG"
748575;2026-01-28;"quarta-feira";"18:29:00";"CE";222;38;"CAUCAIA";"Transitar na contramão";"Colisão frontal";"Com Vítimas Fatais";"Plena Noite";"Decrescente";"Céu Claro";"Simples";"Reta";"Não";3;1;0;0;2;0;0;2;-3,69048469;-38,89454985;"SPRF-CE";"DEL01/CE";"UOP01-DEL01-CE"
748576;2026-01-28;"quarta-feira";"13:50:00";"RJ";116;136;"MAGE";"Demais falhas mecânicas ou elétricas";"Incêndio";"Sem Vítimas";"Pleno dia";"Decrescente";"Céu Claro";"Dupla";"Reta";"Não";1;0;0;0;1;0;0;1;-22,64899107;-43,17699314;"SPRF-RJ";"DEL04/RJ";"UOP02-DEL04-RJ"
748578;2026-01-28;"quarta-feira";"16:05:00";"MG";116;537,2;"SANTA RITA DE MINAS";"Reação tardia ou ineficiente do condutor";"Colisão traseira";"Com Vítimas Feridas";"Pleno dia";"Crescente";"Nublado";"Simples";"Reta";"Sim";3;0;1;0;1;1;1;3;-19,873409;-42,132641;"SPRF-MG";"DEL06/MG";"UOP02-DEL06-MG"
748579;2026-01-28;"quarta-feira";"20:00:00";"SP";116;305;"SAO LOURENCO DA SERRA";"Transtornos Mentais (exceto suicidio)";"Colisão traseira";"Com Vítimas Feridas";"Plena Noite";"Decrescente";"Céu Claro";"Múltipla";"Aclive;Curva";"Sim";5;0;1;0;3;4;1;8;-23,842773;-46,932227;"SPRF-SP";"DEL04/SP";"UOP01-DEL04-SP"
748582;2026-01-28;"quarta-feira";"15:40:00";"BA";242;497;"OLIVEIRA DOS BREJINHOS";"Problema com o freio";"Incêndio";"Sem Vítimas";"Pleno dia";"Crescente";"Nublado";"Simples";"Curva";"Não";2;0;0;0;1;1;0;2;-12,38156;-42,41322;"SPRF-BA";"DEL06/BA";"UOP01-DEL06-BA"
748588;2026-01-28;"quarta-feira";"17:30:00";"BA";116;223;"EUCLIDES DA CUNHA";"Velocidade Incompatível";"Tombamento";"Com Vítimas Feridas";"Pleno dia";"Crescente";"Céu Claro";"Simples";"Reta";"Não";2;0;1;0;0;1;1;2;-10,56205277;-38,98987055;"SPRF-BA";"DEL07/BA";"UOP03-DEL07-BA"