"id";"data_inversa";"dia_semana";"horario";"uf";"br";"km";"municipio";"causa_acidente";"tipo_acidente";"classificacao_acidente";"fase_dia";"sentido_via";"condicao_metereologica";"tipo_pista";"tracado_via";"uso_solo";"pessoas";"mortos";"feridos_leves";"feridos_graves";"ilesos";"ignorados";"feridos";"veiculos";"latitude";"longitude";"regional";"delegacia";"uop"
753028;2026-02-17;"terça-feira";"21:30:00";"MT";70;608;"POCONE";"Ausência de reação do condutor";"Engavetamento";"Com Vítimas Feridas";"Plena Noite";"Crescente";"Céu Claro";"Simples";"Aclive";"Não";4;0;0;1;2;2;1;5;-15,94271436;-57,07962372;"SPRF-MT";"DEL03/MT";"UOP02-DEL03-MT"
753034;2026-02-17;"terça-feira";"15:00:00";"MT";70;568,8;"POCONE";"Transitar na contramão";"Colisão frontal";"Com Vítimas Fatais";"Pleno dia";"Decrescente";"Céu Claro";"Simples";"Reta";"Não";4;1;0;2;0;1;2;3;-15,74517124;-56,54894829;"SPRF-MT";"DEL03/MT";"UOP02-DEL03-MT"
753040;2026-02-18;"quarta-feira";"02:30:00";"MG";381;647,2;"SANTO ANTONIO DO AMPARO";"Condutor Dormindo";"Saída de leito carroçável";"Com Vítimas Feridas";"Plena Noite";"Crescente";"Nublado";"Dupla";"Reta";"Não";2;0;1;0;0;1;1;2;-20,94993861;-44,88839775;"SPRF-MG";"DEL04/MG";"UOP02-DEL04-MG"
753042;2026-02-18;"quarta-feira";"04:45:00";"ES";262;119,7;"CONCEICAO DO CASTELO";"Condutor Dormindo";"Colisão com objeto";"Sem Vítimas";"Plena Noite";"Decrescente";"Céu Claro";"Simples";"Curva";"Não";3;0;0;0;2;1;0;3;-20,30240077;-41,23019522;"SPRF-ES";"DEL01-ES";"UOP02-DEL01-ES"
753043;2026-02-18;"quarta-feira";"04:30:00";"RJ";101;477;"ANGRA DOS REIS";"Ultrapassagem Indevida";"Colisão lateral sentido oposto";"Com Vítimas Feridas";"Plena Noite";"Decrescente";"Chuva";"Simples";"Reta";"Sim";3;0;1;0;2;0;1;3;-22,99916763;-44,26460266;"SPRF-RJ";"DEL03/RJ";"UOP03-DEL03-RJ"
753044;2026-02-18;"quarta-feira";"01:30:00";"SC";101;388,4;"CRICIUMA";"Transitar no Acostamento";"Colisão com objeto";"Com Vítimas Feridas";"Plena Noite";"Crescente";"Céu Claro";"Múltipla";"Reta";"Não";6;0;3;0;2;1;3;3;-28,79733278;-49,35837189;"SPRF-SC";"DEL02/SC";"UOP02-DEL02-SC"
753047;2026-02-17;"terça-feira";"21:50:00";"SC";153;5;"AGUA DOCE";"Reação tardia ou ineficiente do condutor";"Colisão lateral sentido oposto";"Com Vítimas Feridas";"Plena Noite";"Decrescente";"Chuva";"Simples";"Reta";"Não";2;0;1;0;0;1;1;2;-26,647197;-51,517687;"SPRF-SC";"DEL07/SC";"UOP07-DEL07-SC"
753049;2026-02-17;"terça-feira";"23:00:00";"MA";222;484;"SANTA LUZIA";"Demais falhas mecânicas ou elétricas";"Tombamento";"Com Vítimas Feridas";"Plena Noite";"Crescente";"Chuva";"Simples";"Aclive;Curva";"Não";2;0;1;0;0;1;1;2;-4,2078;-46,149;"SPRF-MA";"DEL02-MA";"UOP01-DEL02-MA"
753050;2026-02-18;"quarta-feira";"05:45:00";"PE";101;51;"PAULISTA";"Problema com o freio";"Tombamento";"Com Vítimas Feridas";"Pleno dia";"Decrescente";"Céu Claro";"Dupla";"Viaduto";"Sim";2;0;1;0;0;1;1;2;-7,9206018;-34,8925409;"SPRF-PE";"DEL01/PE";"UOP02-DEL01-PE"
753058;2026-02-18;"quarta-feira";"06:20:00";"MG";40;522,4;"CONTAGEM";"Reação tardia ou ineficiente do condutor";"Colisão traseira";"Com Vítimas Feridas";"Amanhecer";"Crescente";"Céu Claro";"Dupla";"Reta";"Não";2;0;1;0;1;0;1;2;-19,86887413;-44,05977726;"SPRF-MG";"DEL01/MG";"UOP02-DEL01-MG"
753062;2026-02-18;"quarta-feira";"07:20:00";"SC";101;10;"GARUVA";"Manobra de mudança de faixa";"Tombamento";"Com Vítimas Feridas";"Pleno dia";"Crescente";"Céu Claro";"Dupla";"Interseção de Vias;Reta";"Sim";2;0;1;0;0;1;1;2;-26,06789899;-48,86050746;"SPRF-SC";"DEL03/SC";"UOP01-DEL03-SC"
753067;2026-02-18;"quarta-feira";"05:15:00";"GO";20;78,6;"FORMOSA";"Condutor Dormindo";"Colisão lateral sentido oposto";"Com Vítimas Feridas";"Pleno dia";"Crescente";"Céu Claro";"Simples";"Reta";"Não";14;0;6;1;6;3;7;7;-15,1008;-47,1141;"SPRF-DF";"DEL02-DF";"UOP02-DEL02-DF"
753068;2026-02-18;"quarta-feira";"06:05:00";"RJ";116;250;"PIRAI";"Ausência de reação do condutor";"Colisão traseira";"Com Vítimas Feridas";"Amanhecer";"Crescente";"Céu Claro";"Dupla";"Reta;Aclive";"Não";4;0;1;0;2;1;1;3;-22,591286;-43,956264;"SPRF-RJ";"DEL07/RJ";"UOP01-DEL07-RJ"
753070;2026-02-18;"quarta-feira";"01:00:00";"SC";280;289;"PORTO UNIAO";"Ingestão de álcool pelo condutor";"Colisão frontal";"Com Vítimas Feridas";"Plena Noite";"Decrescente";"Nublado";"Simples";"Reta";"Não";2;0;1;0;1;0;1;2;-26,29636268;-50,91559974;"SPRF-SC";"DEL06/SC";"UOP04-DEL06-SC"
753075;2026-02-18;"quarta-feira";"08:10:00";"PA";316;64,6;"CASTANHAL";"Ausência de reação do condutor";"Colisão traseira";"Sem Vítimas";"Pleno dia";"Crescente";"Chuva";"Dupla";"Interseção de Vias;Reta";"Sim";2;0;0;0;2;0;0;2;-1,295968;-47,912608;"SPRF-PA";"DEL01/PA";"UOP01-DEL01-PA"
753093;2026-02-18;"quarta-feira";"07:30:00";"PE";232;70,8;"GRAVATA";"Reação tardia ou ineficiente do condutor";"Colisão traseira";"Com Vítimas Feridas";"Pleno dia";"Crescente";"Céu Claro";"Dupla";"Túnel";"Não";4;0;0;1;2;1;1;3;-8,17841027;-35,48916277;"SPRF-PE";"DEL02/PE";"UOP02-DEL02PE"
753097;2026-02-18;"quarta-feira";"09:30:00";"RS";386;168,5;"CARAZINHO";"Ausência de reação do condutor";"Colisão traseira";"Com Vítimas Feridas";"Pleno dia";"Decrescente";"Sol";"Simples";"Aclive";"Não";9;0;2;0;7;0;2;3;-28,225137;-52,819543;"SPRF-RS";"DEL08/RS";"UOP01-DEL08-RS"
753101;2026-02-18;"quarta-feira";"08:35:00";"SC";101;115;"ITAJAI";"Ausência de reação do condutor";"Engavetamento";"Com Vítimas Fatais";"Pleno dia";"Crescente";"Céu Claro";"Múltipla";"Reta";"Sim";9;3;1;2;2;1;3;6;-26,87235004;-48,72890219;"SPRF-SC";"DEL04/SC";"UOP04-DEL04-SC"
753105;2026-02-12;"quinta-feira";"13:30:00";"PR";376;515,8;"PONTA GROSSA";"Ausência de reação do condutor";"Saída de leito carroçável";"Com Vítimas Feridas";"Pleno dia";"Decrescente";"Céu Claro";"Dupla";"Reta";"Não";2;0;0;1;0;2;1;3;-25,266352;-49,963608;"SPRF-PR";"DEL03/PR";"UOP03-DEL03-PR"
753110;2026-02-18;"quarta-feira";"10:07:00";"MS";376;14,1;"DOURADOS";"Manobra de mudança de faixa";"Colisão transversal";"Com Vítimas Feridas";"Pleno dia";"Decrescente";"Céu Claro";"Simples";"Reta";"Não";3;0;1;0;1;1;1;3;-22,293233;-54,605202;"SPRF-MS";"DEL04/MS";"UOP01-DEL04-MS"
753111;2026-02-18;"quarta-feira";"05:17:00";"MG";381;693,5;"LAVRAS";"Condutor Dormindo";"Saída de leito carroçável";"Com Vítimas Fatais";"Amanhecer";"Decrescente";"Céu Claro";"Dupla";"Curva;Declive";"Não";8;4;0;1;2;2;1;5;-21,22823193;-45,13203764;"SPRF-MG";"DEL04/MG";"UOP02-DEL04-MG"
753115;2026-02-18;"quarta-feira";"11:12:00";"SC";116;251,3;"LAGES";"Desrespeitar a preferência no cruzamento";"Colisão transversal";"Com Vítimas Feridas";"Pleno dia";"Decrescente";"Nublado";"Simples";"Curva;Interseção de Vias";"Não";3;0;2;0;1;0;2;2;-27,847012;-50,379172;"SPRF-SC";"DEL05/SC";"UOP02-DEL05-SC"
753116;2026-02-18;"quarta-feira";"11:20:00";"SP";116;87,5;"PINDAMONHANGABA";"Velocidade Incompatível";"Colisão traseira";"Com Vítimas Feridas";"Pleno dia";"Crescente";"Sol";"Dupla";"Reta";"Não";2;0;1;0;1;0;1;2;-22,93101047;-45,36258319;"SPRF-SP";"DEL08/SP";"UOP01-DEL08-SP"
753122;2026-02-18;"quarta-feira";"10:50:00";"PR";476;314,3;"PAULO FRONTIN";"Carga excessiva e/ou mal acondicionada";"Tombamento";"Com Vítimas Feridas";"Pleno dia";"Decrescente";"Céu Claro";"Simples";"Curva";"Não";2;0;0;1;0;2;1;3;-26,03460134;-50,69184601;"SPRF-PR";"DEL02/PR";"UOP03-DEL02-PR"
753128;2026-02-15;"domingo";"00:10:00";"BA";116;492;"RAFAEL JAMBEIRO";"Ingestão de álcool pelo condutor";"Saída de leito carroçável";"Com Vítimas Feridas";"Plena Noite";"Decrescente";"Céu Claro";"Dupla";"Reta";"Não";2;0;1;0;0;1;1;2;-12,57222;-39,4967;"SPRF-BA";"DEL02/BA";"UOP01-DEL02-BA"
753135;2026-02-18;"quarta-feira";"12:10:00";"PR";369;158;"CAMBE";"Velocidade Incompatível";"Colisão traseira";"Sem Vítimas";"Pleno dia";"Decrescente";"Céu Claro";"Dupla";"Reta";"Sim";2;0;0;0;1;1;0;2;-23,28438452;-51,24336569;"SPRF-PR";"DEL07/PR";"UOP01-DEL07-PR"
753140;2026-02-18;"quarta-feira";"10:50:00";"CE";222;128,9;"ITAPAJE";"Velocidade Incompatível";"Tombamento";"Sem Vítimas";"Pleno dia";"Crescente";"Nublado";"Simples";"Curva";"Sim";2;0;0;0;1;1;0;2;-3,70695;-39,62288;"SPRF-CE";"DEL04/CE";"UOP03-DEL04-CE"
753145;2026-02-18;"quarta-feira";"13:05:00";"PB";101;81,9;"BAYEUX";"Ausência de reação do condutor";"Colisão traseira";"Com Vítimas Feridas";"Pleno dia";"Decrescente";"Céu Claro";"Dupla";"Reta";"Sim";6;0;1;0;5;0;1;3;-7,12895705;-34,93757057;"SPRF-PB";"DEL01-PB";"UOP01-DEL01-PB"
753152;2026-01-14;"quarta-feira";"04:00:00";"BA";110;375;"CATU";"Ausência de reação do condutor";"Saída de leito carroçável";"Com Vítimas Feridas";"Plena Noite";"Decrescente";"Céu Claro";"Simples";"Curva;Declive";"Não";2;0;1;0;0;1;1;2;-12,41394505;-38,47343445;"SPRF-BA";"DEL01/BA";"UOP01-DEL01-BA"
753159;2026-02-18;"quarta-feira";"14:15:00";"SC";282;26;"SANTO AMARO DA IMPERATRIZ";"Ausência de reação do condutor";"Colisão traseira";"Com Vítimas Feridas";"Pleno dia";"Decrescente";"Céu Claro";"Simples";"Curva";"Não";3;0;1;0;2;0;1;3;-27,68050505;-48,76053683;"SPRF-SC";"DEL01/SC";"UOP03-DEL01-SC"
753163;2026-02-18;"quarta-feira";"12:59:00";"MT";163;694;"SORRISO";"Acessar a via sem observar a presença dos outros veículos";"Colisão transversal";"Com Vítimas Feridas";"Pleno dia";"Crescente";"Céu Claro";"Simples";"Reta;Interseção de Vias";"Não";3;0;1;0;1;2;1;4;-13,02900875;-55,89800745;"SPRF-MT";"DEL06/MT";"UOP01-DEL06-MT"
753164;2026-02-18;"quarta-feira";"11:50:00";"MG";40;17;"PARACATU";"Ausência de reação do condutor";"Engavetamento";"Sem Vítimas";"Pleno dia";"Decrescente";"Céu Claro";"Simples";"Reta";"Não";4;0;0;0;2;2;0;3;-17,098325;-47,026057;"SPRF-MG";"DEL14/MG";"UOP01-DEL14-MG"
753166;2026-02-18;"quarta-feira";"15:10:00";"BA";324;522;"FEIRA DE SANTANA";"Manobra de mudança de faixa";"Colisão lateral mesmo sentido";"Sem Vítimas";"Pleno dia";"Decrescente";"Céu Claro";"Dupla";"Reta";"Sim";5;0;0;0;4;1;0;3;-12,29737184;-38,90240147;"SPRF-BA";"DEL11/BA";"UOP02-DEL11-BA"
753167;2026-02-18;"quarta-feira";"15:16:00";"ES";101;306,3;"VIANA";"Ausência de reação do condutor";"Colisão traseira";"Com Vítimas Feridas";"Pleno dia";"Crescente";"Céu Claro";"Dupla";"Reta";"Não";2;0;1;0;1;0;1;2;-20,3873953;-40,4636349;"SPRF-ES";"DEL01-ES";"UOP01-DEL01-ES"
753168;2026-02-18;"quarta-feira";"14:20:00";"SP";116;91,5;"PINDAMONHANGABA";"Chuva";"Colisão lateral mesmo sentido";"Sem Vítimas";"Pleno dia";"Decrescente";"Chuva";"Dupla";"Reta";"Não";2;0;0;0;2;0;0;2;-22,949687;-45,399306;"SPRF-SP";"DEL08/SP";"UOP01-DEL08-SP"
753170;2026-02-18;"quarta-feira";"15:30:00";"PR";277;726;"FOZ DO IGUACU";"Ausência de reação do condutor";"Colisão traseira";"Com Vítimas Feridas";"Pleno dia";"Decrescente";"Céu Claro";"Dupla";"Reta";"Sim";2;0;1;0;1;0;1;2;-25,51046238;-54,56280168;"SPRF-PR";"DEL05/PR";"UOP03-DEL05-PR"
753175;2026-02-18;"quarta-feira";"13:30:00";"MT";364;238;"JUSCIMEIRA";"Fumaça";"Incêndio";"Sem Vítimas";"Pleno dia";"Decrescente";"Céu Claro";"Dupla";"Reta;Declive";"Não";2;0;0;0;1;1;0;2;-16,19408998;-54,78392601;"SPRF-MT";"DEL02/MT";"UOP01-DEL02-MT"
753176;2026-02-18;"quarta-feira";"15:20:00";"MG";40;563;"NOVA LIMA";"Acumulo de água sobre o pavimento";"Saída de leito carroçável";"Com Vítimas Fatais";"Pleno dia";"Decrescente";"Chuva";"Dupla";"Curva;Declive";"Sim";2;1;0;1;0;0;1;1;-20,151397;-43,96228;"SPRF-MG";"DEL01/MG";"UOP02-DEL01-MG"
753178;2026-02-12;"quinta-feira";"22:50:00";"RS";386;269,7;"FONTOURA XAVIER";"Pedestre andava na pista";"Atropelamento de Pedestre";"Com Vítimas Feridas";"Plena Noite";"Crescente";"Garoa/Chuvisco";"Simples";"Em Obras;Reta";"Sim";5;0;0;1;2;2;1;4;-28,97104482;-52,36947582;"SPRF-RS";"DEL04/RS";"UOP03-DEL04-RS"
753183;2026-02-18;"quarta-feira";"16:30:00";"SP";116;197;"ARUJA";"Objeto estático sobre o leito carroçável";"Colisão com objeto";"Com Vítimas Feridas";"Pleno dia";"Decrescente";"Nublado";"Dupla";"Curva;Declive";"Não";3;0;1;0;2;0;1;3;-23,39312955;-46,28550265;"SPRF-SP";"DEL01/SP";"UOP01-DEL01-SP"
753187;2026-02-18;"quarta-feira";"15:30:00";"MG";40;628;"CONSELHEIRO LAFAIETE";"Condutor deixou de manter distância do veículo da frente";"Colisão traseira";"Com Vítimas Feridas";"Pleno dia";"Crescente";"Nublado";"Simples";"Reta";"Sim";3;0;1;0;2;0;1;2;-20,6519695;-43,80899012;"SPRF-MG";"DEL05/MG";"UOP02-DEL05-MG"
753196;2026-02-18;"quarta-feira";"17:00:00";"AL";423;91;"DELMIRO GOUVEIA";"Ingestão de álcool pelo condutor";"Colisão lateral mesmo sentido";"Com Vítimas Fatais";"Pleno dia";"Decrescente";"Céu Claro";"Simples";"Reta;Aclive;Interseção de Vias";"Não";3;1;0;1;0;1;1;2;-9,3639;-38,08016;"SPRF-BA";"DEL07/BA";"UOP01-DEL07-BA"
753199;2026-02-18;"quarta-feira";"15:30:00";"PR";277;392;"CANDOI";"Reação tardia ou ineficiente do condutor";"Colisão com objeto";"Com Vítimas Feridas";"Pleno dia";"Crescente";"Céu Claro";"Simples";"Reta";"Não";1;0;1;0;0;0;1;1;-25,4428431;-51,849365;"SPRF-PR";"DEL08/PR";"UOP01-DEL08-PR"
753203;2026-02-18;"quarta-feira";"17:49:00";"PR";369;10;"CAMBARA";"Ausência de reação do condutor";"Colisão transversal";"Com Vítimas Feridas";"Anoitecer";"Crescente";"Nublado";"Simples";"Reta;Aclive";"Não";9;0;4;0;4;1;4;3;-23,00602634;-49,99804437;"SPRF-PR";"DEL07/PR";"UOP05-DEL07-PR"
753204;2026-02-18;"quarta-feira";"15:10:00";"MG";365;48,9;"MONTES CLAROS";"Pista Escorregadia";"Saída de leito carroçável";"Com Vítimas Feridas";"Pleno dia";"Crescente";"Chuva";"Simples";"Declive;Reta";"Não";2;0;1;1;0;0;2;1;-16,65411236;-43,71756719;"SPRF-MG";"DEL12/MG";"UOP01-DEL12-MG"
753205;2026-02-05;"quinta-feira";"09:20:00";"MS";158;104;"PARANAIBA";"Transitar na contramão";"Colisão lateral sentido oposto";"Com Vítimas Feridas";"Pleno dia";"Crescente";"Céu Claro";"Simples";"Reta";"Não";5;0;1;1;2;3;2;6;-19,72954349;-51,13328934;"SPRF-MS";"DEL08/MS";"UOP01-DEL08-MS"
753209;2026-02-18;"quarta-feira";"18:30:00";"BA";116;314;"ARACI";"Ausência de reação do condutor";"Colisão lateral sentido oposto";"Com Vítimas Feridas";"Plena Noite";"Decrescente";"Chuva";"Simples";"Reta";"Não";3;0;0;1;1;1;1;3;-11,28718;-38,92997;"SPRF-BA";"DEL02/BA";"UOP01-DEL02-BA"
753213;2026-02-18;"quarta-feira";"18:30:00";"SP";116;139;"SAO JOSE DOS CAMPOS";"Trafegar com motocicleta (ou similar) entre as faixas";"Colisão traseira";"Com Vítimas Feridas";"Anoitecer";"Crescente";"Céu Claro";"Dupla";"Reta";"Não";3;0;1;0;2;0;1;3;-23,161938;-45,805073;"SPRF-SP";"DEL02/SP";"UOP01-DEL02-SP"
753217;2026-02-18;"quarta-feira";"15:30:00";"PR";277;697;"SAO MIGUEL DO IGUACU";"Reação tardia ou ineficiente do condutor";"Colisão traseira";"Com Vítimas Feridas";"Pleno dia";"Decrescente";"Céu Claro";"Dupla";"Aclive";"Não";7;0;0;5;1;1;5;3;-25,39431596;-54,30748254;"SPRF-PR";"DEL05/PR";"UOP01-DEL05-PR"
753221;2026-02-18;"quarta-feira";"19:15:00";"PR";277;1,2;"PARANAGUA";"Deficiência do Sistema de Iluminação/Sinalização";"Colisão transversal";"Com Vítimas Feridas";"Anoitecer";"Crescente";"Ignorado";"Dupla";"Reta";"Sim";3;0;1;0;1;1;1;3;-25,53055;-48,554248;"SPRF-PR";"DEL01/PR";"UOP05-DEL01-PR"
753235;2026-02-18;"quarta-feira";"17:45:00";"MT";364;17;"ALTO ARAGUAIA";"Demais falhas mecânicas ou elétricas";"Incêndio";"Sem Vítimas";"Anoitecer";"Decrescente";"Céu Claro";"Simples";"Aclive";"Não";2;0;0;0;1;2;0;3;-17,22602994;-53,32386768;"SPRF-MT";"DEL02/MT";"UOP02-DEL02-MT"
753247;2026-02-18;"quarta-feira";"22:40:00";"PR";116;111,3;"CURITIBA";"Reação tardia ou ineficiente do condutor";"Colisão com objeto";"Sem Vítimas";"Plena Noite";"Crescente";"Céu Claro";"Dupla";"Reta";"Sim";2;0;0;0;1;1;0;2;-25,557305;-49,269581;"SPRF-PR";"DEL01/PR";"UOP03-DEL01-PR"
753248;2026-02-18;"quarta-feira";"21:30:00";"PR";163;221;"CASCAVEL";"Reação tardia ou ineficiente do condutor";"Colisão lateral mesmo sentido";"Com Vítimas Feridas";"Plena Noite";"Decrescente";"Céu Claro";"Dupla";"Declive;Curva";"Não";3;0;1;0;0;2;1;3;-24,8519679;-53,60342633;"SPRF-PR";"DEL04/PR";"UOP01-DEL04-PR"
753251;2026-02-18;"quarta-feira";"20:00:00";"MT";163;526;"DIAMANTINO";"Chuva";"Saída de leito carroçável";"Sem Vítimas";"Plena Noite";"Decrescente";"Garoa/Chuvisco";"Dupla";"Curva";"Não";2;0;0;0;1;2;0;3;-14,400356;-56,108943;"SPRF-MT";"DEL01/MT";"UOP01-DEL01-MT"
753259;2026-02-19;"quinta-feira";"02:00:00";"GO";364;289;"MINEIROS";"Reação tardia ou ineficiente do condutor";"Tombamento";"Com Vítimas Feridas";"Plena Noite";"Crescente";"Céu Claro";"Simples";"Curva";"Não";2;0;0;1;0;1;1;2;-17,59069182;-52,45982718;"SPRF-GO";"DEL05/GO";"UOP01-DEL05-GO"
753260;2026-02-19;"quinta-feira";"03:00:00";"PE";232;166;"BELO JARDIM";"Ausência de reação do condutor";"Tombamento";"Com Vítimas Feridas";"Plena Noite";"Crescente";"Céu Claro";"Dupla";"Reta";"Não";1;0;1;0;0;0;1;1;-8,340476;-36,342095;"SPRF-PE";"DEL03/PE";"UOP02-DEL03-PE"
753262;2026-02-19;"quinta-feira";"04:30:00";"SC";101;115;"ITAJAI";"Manobra de mudança de faixa";"Colisão lateral mesmo sentido";"Com Vítimas Feridas";"Plena Noite";"Crescente";"Céu Claro";"Dupla";"Curva;Viaduto";"Sim";3;0;2;0;0;1;2;3;-26,87011735;-48,72977972;"SPRF-SC";"DEL04/SC";"UOP04-DEL04-SC"
753269;2026-02-19;"quinta-feira";"06:30:00";"ES";101;8,1;"SAO MATEUS";"Velocidade Incompatível";"Tombamento";"Com Vítimas Feridas";"Pleno dia";"Crescente";"Céu Claro";"Simples";"Curva;Aclive";"Não";2;0;1;0;0;9;1;10;-18,64894614;-39,87344486;"SPRF-ES";"DEL04-ES";"UOP02-DEL04-ES"
753271;2026-02-19;"quinta-feira";"05:30:00";"MG";50;152;"UBERABA";"Reação tardia ou ineficiente do condutor";"Colisão lateral mesmo sentido";"Com Vítimas Feridas";"Amanhecer";"Decrescente";"Céu Claro";"Dupla";"Aclive;Reta";"Não";5;0;1;0;2;3;1;6;-19,566186;-48,031533;"SPRF-MG";"DEL13/MG";"UOP01-DEL13-MG"
753272;2026-02-19;"quinta-feira";"07:00:00";"RJ";40;122;"DUQUE DE CAXIAS";"Ausência de reação do condutor";"Colisão traseira";"Com Vítimas Feridas";"Pleno dia";"Crescente";"Céu Claro";"Múltipla";"Reta";"Sim";3;0;1;0;2;0;1;2;-22,79464578;-43,28762054;"SPRF-RJ";"DEL01/RJ";"UOP02-DEL01-RJ"
753273;2026-02-18;"quarta-feira";"17:31:00";"PA";230;1125;"ITAITUBA";"Acostamento em desnível";"Saída de leito carroçável";"Com Vítimas Feridas";"Anoitecer";"Crescente";"Nublado";"Simples";"Reta";"Não";3;0;1;0;0;2;1;3;-4,3174;-55,9572;"SPRF-PA";"DEL05/PA";"UOP02-DEL05-PA"
753274;2026-02-19;"quinta-feira";"07:30:00";"ES";101;116,8;"LINHARES";"Acessar a via sem observar a presença dos outros veículos";"Colisão transversal";"Com Vítimas Feridas";"Pleno dia";"Crescente";"Céu Claro";"Simples";"Reta";"Não";3;0;1;0;2;0;1;2;-19,11784541;-40,06236283;"SPRF-ES";"DEL04-ES";"UOP01-DEL04-ES"
753275;2026-02-19;"quinta-feira";"06:40:00";"ES";262;35;"DOMINGOS MARTINS";"Reação tardia ou ineficiente do condutor";"Engavetamento";"Com Vítimas Feridas";"Pleno dia";"Decrescente";"Sol";"Simples";"Curva";"Não";3;0;1;0;2;0;1;3;-20,38064;-40,56861;"SPRF-ES";"DEL01-ES";"UOP01-DEL01-ES"
753279;2026-02-19;"quinta-feira";"07:10:00";"SC";101;96;"BALNEARIO PICARRAS";"Reação tardia ou ineficiente do condutor";"Colisão traseira";"Com Vítimas Feridas";"Pleno dia";"Decrescente";"Céu Claro";"Dupla";"Reta";"Sim";2;0;1;0;1;0;1;2;-26,73267946;-48,70032585;"SPRF-SC";"DEL03/SC";"UOP02-DEL03-SC"
753286;2026-02-19;"quinta-feira";"01:30:00";"RJ";40;100;"DUQUE DE CAXIAS";"Ausência de reação do condutor";"Tombamento";"Com Vítimas Feridas";"Plena Noite";"Crescente";"Garoa/Chuvisco";"Múltipla";"Reta";"Sim";1;0;1;0;0;0;1;1;-22,60113512;-43,28287125;"SPRF-RJ";"DEL01/RJ";"UOP01-DEL01-RJ"
753294;2026-02-19;"quinta-feira";"07:30:00";"MT";364;397,2;"CUIABA";"Acessar a via sem observar a presença dos outros veículos";"Colisão lateral mesmo sentido";"Com Vítimas Feridas";"Pleno dia";"Decrescente";"Céu Claro";"Dupla";"Reta";"Não";3;0;1;0;1;1;1;3;-15,669482;-55,953133;"SPRF-MT";"DEL01/MT";"UOP02-DEL01-MT"
753305;2026-02-19;"quinta-feira";"05:41:00";"MG";262;366;"JUATUBA";"Mal súbito do condutor";"Queda de ocupante de veículo";"Com Vítimas Fatais";"Amanhecer";"Decrescente";"Céu Claro";"Dupla";"Reta";"Sim";2;1;0;0;1;0;0;2;-19,9565;-44,36598;"SPRF-MG";"DEL01/MG";"UOP03-DEL01-MG"
753310;2026-02-19;"quinta-feira";"08:30:00";"BA";101;262;"SANTO ANTONIO DE JESUS";"Acessar a via sem observar a presença dos outros veículos";"Colisão transversal";"Com Vítimas Feridas";"Pleno dia";"Decrescente";"Céu Claro";"Simples";"Aclive;Reta";"Sim";2;0;1;0;1;0;1;2;-12,97558477;-39,27572298;"SPRF-BA";"DEL11/BA";"UOP01-DEL11-BA"
753311;2026-02-19;"quinta-feira";"09:30:00";"GO";452;159;"BOM JESUS DE GOIAS";"Demais falhas mecânicas ou elétricas";"Incêndio";"Sem Vítimas";"Pleno dia";"Crescente";"Céu Claro";"Simples";"Reta";"Não";2;0;0;0;1;1;0;2;-18,21076989;-49,7573948;"SPRF-GO";"DEL03/GO";"UOP02-DEL03-GO"
753315;2026-02-19;"quinta-feira";"09:00:00";"PR";373;204,3;"IPIRANGA";"Mal súbito do condutor";"Saída de leito carroçável";"Com Vítimas Feridas";"Pleno dia";"Decrescente";"Céu Claro";"Simples";"Curva";"Não";2;0;0;1;0;1;1;2;-25,12488;-50,43954;"SPRF-PR";"DEL03/PR";"UOP01-DEL03-PR"
753316;2026-02-19;"quinta-feira";"08:30:00";"RS";101;11;"DOM PEDRO DE ALCANTARA";"Ausência de reação do condutor";"Saída de leito carroçável";"Com Vítimas Feridas";"Pleno dia";"Decrescente";"Sol";"Dupla";"Reta";"Não";2;0;1;0;0;1;1;2;-29,3802545;-49,8299678;"SPRF-RS";"DEL03/RS";"UOP02-DEL03-RS"
753323;2026-02-19;"quinta-feira";"08:35:00";"PE";232;45;"VITORIA DE SANTO ANTAO";"Demais falhas mecânicas ou elétricas";"Saída de leito carroçável";"Com Vítimas Feridas";"Pleno dia";"Crescente";"Céu Claro";"Dupla";"Reta";"Não";1;0;1;0;0;0;1;1;-8,128093;-35,281692;"SPRF-PE";"DEL02/PE";"UOP02-DEL02PE"
753328;2026-02-19;"quinta-feira";"12:30:00";"MG";262;779;"UBERABA";"Demais falhas mecânicas ou elétricas";"Incêndio";"Sem Vítimas";"Pleno dia";"Decrescente";"Céu Claro";"Simples";"Reta";"Não";2;0;0;0;1;1;0;2;-19,7613019;-47,8457403;"SPRF-MG";"DEL13/MG";"UOP01-DEL13-MG"
753332;2026-02-19;"quinta-feira";"12:50:00";"SP";116;158,7;"JACAREI";"Reação tardia ou ineficiente do condutor";"Colisão lateral mesmo sentido";"Com Vítimas Feridas";"Pleno dia";"Decrescente";"Sol";"Dupla";"Reta";"Sim";3;0;1;0;1;1;1;3;-23,26230006;-45,954304992;"SPRF-SP";"DEL02/SP";"UOP01-DEL02-SP"
753335;2026-02-19;"quinta-feira";"13:05:00";"PR";277;1;"PARANAGUA";"Ausência de reação do condutor";"Colisão lateral mesmo sentido";"Com Vítimas Feridas";"Pleno dia";"Crescente";"Céu Claro";"Simples";"Reta";"Sim";3;0;1;0;1;1;1;3;-25,50582996;-48,52572888;"SPRF-PR";"DEL01/PR";"UOP05-DEL01-PR"
753340;2026-02-19;"quinta-feira";"11:00:00";"PI";316;52,9;"MONSENHOR GIL";"Transitar na contramão";"Colisão lateral sentido oposto";"Com Vítimas Feridas";"Pleno dia";"Decrescente";"Sol";"Simples";"Curva;Aclive";"Não";6;0;3;0;2;2;3;6;-5,51958;-42,640322;"SPRF-PI";"DEL01-PI";"UOP02-DEL01-PI"