"id";"data_inversa";"dia_semana";"horario";"uf";"br";"km";"municipio";"causa_acidente";"tipo_acidente";"classificacao_acidente";"fase_dia";"sentido_via";"condicao_metereologica";"tipo_pista";"tracado_via";"uso_solo";"pessoas";"mortos";"feridos_leves";"feridos_graves";"ilesos";"ignorados";"feridos";"veiculos";"latitude";"longitude";"regional";"delegacia";"uop"
756360;2026-03-06;"sexta-feira";"07:00:00";"PR";277;635;"CEU AZUL";"Ausência de reação do condutor";"Colisão lateral sentido oposto";"Com Vítimas Feridas";"Pleno dia";"Decrescente";"Céu Claro";"Simples";"Reta";"Não";1;0;1;0;0;0;1;1;-25,1261;-53,8189;"SPRF-PR";"DEL05/PR";"UOP02-DEL05-PR"
756366;2026-03-06;"sexta-feira";"05:00:00";"RJ";116;182;"NOVA IGUACU";"Condutor deixou de manter distância do veículo da frente";"Engavetamento";"Com Vítimas Feridas";"Amanhecer";"Decrescente";"Céu Claro";"Múltipla";"Reta";"Sim";7;0;1;1;4;1;2;6;-22,74925834;-43,44255321;"SPRF-RJ";"DEL06/RJ";"UOP01-DEL06-RJ"
756373;2026-03-06;"sexta-feira";"08:00:00";"MG";40;613,6;"CONGONHAS";"Manobra de mudança de faixa";"Colisão lateral mesmo sentido";"Com Vítimas Feridas";"Pleno dia";"Crescente";"Sol";"Simples";"Reta";"Sim";6;0;1;0;4;1;1;4;-20,523044;-43,829391;"SPRF-MG";"DEL05/MG";"UOP02-DEL05-MG"
756374;2026-03-05;"quinta-feira";"17:50:00";"MT";163;1110;"GUARANTA DO NORTE";"Velocidade Incompatível";"Colisão lateral sentido oposto";"Com Vítimas Fatais";"Anoitecer";"Decrescente";"Céu Claro";"Simples";"Declive";"Não";3;1;0;0;1;2;0;4;-9,6033782;-54,88294814;"SPRF-MT";"DEL06/MT";"UOP03-DEL06-MT"
756376;2026-03-06;"sexta-feira";"06:30:00";"MT";364;400;"CUIABA";"Acessar a via sem observar a presença dos outros veículos";"Queda de ocupante de veículo";"Com Vítimas Feridas";"Amanhecer";"Decrescente";"Céu Claro";"Dupla";"Reta";"Sim";2;0;1;0;0;1;1;2;-15,66229;-55,97025;"SPRF-MT";"DEL01/MT";"UOP02-DEL01-MT"
756378;2026-03-06;"sexta-feira";"07:30:00";"PI";230;199;"OEIRAS";"Ausência de reação do condutor";"Colisão traseira";"Com Vítimas Feridas";"Pleno dia";"Crescente";"Nublado";"Simples";"Reta";"Não";2;0;1;0;1;0;1;2;-7,01373847;-42,13533461;"SPRF-PI";"DEL04-PI";"UOP01-DEL04-PI"
756382;2026-03-06;"sexta-feira";"08:00:00";"SC";101;20,5;"BIGUACU";"Demais falhas mecânicas ou elétricas";"Incêndio";"Sem Vítimas";"Pleno dia";"Decrescente";"Céu Claro";"Dupla";"Reta;Viaduto";"Não";1;0;0;0;1;0;0;1;-27,49472696;-48,71370074;"SPRF-SC";"DEL01/SC";"UOP02-DEL01-SC"
756384;2026-03-06;"sexta-feira";"08:15:00";"SC";470;4;"NAVEGANTES";"Manobra de mudança de faixa";"Tombamento";"Com Vítimas Feridas";"Pleno dia";"Decrescente";"Céu Claro";"Dupla";"Reta";"Sim";3;0;1;0;1;1;1;3;-26,85588794;-48,69980559;"SPRF-SC";"DEL04/SC";"UOP04-DEL04-SC"
756387;2026-02-10;"terça-feira";"20:30:00";"PR";153;187,7;"TIBAGI";"Reação tardia ou ineficiente do condutor";"Colisão lateral sentido oposto";"Com Vítimas Feridas";"Plena Noite";"Decrescente";"Céu Claro";"Simples";"Reta";"Não";2;0;0;1;0;1;1;2;-24,41095;-50,35962;"SPRF-PR";"DEL03/PR";"UOP02-DEL03-PR"
756394;2026-03-06;"sexta-feira";"08:35:00";"MG";153;58;"MONTE ALEGRE DE MINAS";"Ausência de reação do condutor";"Colisão lateral mesmo sentido";"Com Vítimas Feridas";"Pleno dia";"Crescente";"Céu Claro";"Dupla";"Reta;Aclive";"Não";3;0;1;0;1;4;1;6;-18,87537;-49,05962;"SPRF-MG";"DEL15/MG";"UOP03-DEL15-MG"
756396;2026-02-03;"terça-feira";"06:30:00";"MA";230;336;"SAO RAIMUNDO DAS MANGABEIRAS";"Acessar a via sem observar a presença dos outros veículos";"Colisão transversal";"Com Vítimas Feridas";"Pleno dia";"Crescente";"Nevoeiro/Neblina";"Simples";"Reta";"Sim";3;0;1;0;1;3;1;5;-7,10843036;-45,64736724;"SPRF-MA";"DEL05-MA";"UOP01-DEL05-MA"
756399;2026-03-06;"sexta-feira";"01:50:00";"MA";226;401;"GRAJAU";"Ausência de reação do condutor";"Colisão traseira";"Com Vítimas Feridas";"Plena Noite";"Crescente";"Chuva";"Simples";"Reta";"Não";2;0;0;1;1;0;1;2;-5,742692;-46,020027;"SPRF-MA";"DEL06-MA";"UOP01-DEL06-MA"
756401;2026-03-06;"sexta-feira";"10:15:00";"RS";116;266;"CANOAS";"Manobra de mudança de faixa";"Colisão lateral mesmo sentido";"Com Vítimas Feridas";"Pleno dia";"Decrescente";"Céu Claro";"Dupla";"Reta;Em Obras";"Sim";3;0;1;0;2;0;1;2;-29,92888365;-51,1774637;"SPRF-RS";"DEL01/RS";"UOP01-DEL01-RS"
756410;2026-03-06;"sexta-feira";"09:40:00";"MG";381;415;"CAETE";"Demais falhas mecânicas ou elétricas";"Incêndio";"Sem Vítimas";"Pleno dia";"Decrescente";"Céu Claro";"Simples";"Reta";"Sim";1;0;0;0;1;0;0;1;-19,75680123;-43,6346154;"SPRF-MG";"DEL01/MG";"UOP01-DEL01-MG"
756413;2026-03-06;"sexta-feira";"11:20:00";"RS";290;109;"ELDORADO DO SUL";"Ausência de reação do condutor";"Colisão traseira";"Com Vítimas Feridas";"Pleno dia";"Decrescente";"Céu Claro";"Dupla";"Reta";"Sim";2;0;0;1;1;0;1;2;-30,0167581;-51,317827;"SPRF-RS";"DEL02/RS";"UOP01-DEL02-RS"
756414;2026-02-27;"sexta-feira";"21:45:00";"PR";376;4;"APUCARANA";"Condutor deixou de manter distância do veículo da frente";"Colisão traseira";"Com Vítimas Feridas";"Plena Noite";"Crescente";"Céu Claro";"Dupla";"Reta;Interseção de Vias";"Sim";5;0;1;0;3;1;1;3;-23,5564748;-51,4429997;"SPRF-PR";"DEL07/PR";"UOP03-DEL07-PR"
756417;2026-03-06;"sexta-feira";"10:17:00";"CE";20;297,1;"CANINDE";"Ultrapassagem Indevida";"Colisão lateral mesmo sentido";"Com Vítimas Feridas";"Pleno dia";"Decrescente";"Céu Claro";"Simples";"Aclive;Curva";"Não";3;0;1;0;1;1;1;3;-4,438162;-39,333375;"SPRF-CE";"DEL02/CE";"UOP01-DEL02-CE"
756423;2026-03-06;"sexta-feira";"12:00:00";"PR";376;104;"PARANAVAI";"Condutor Dormindo";"Tombamento";"Com Vítimas Feridas";"Pleno dia";"Decrescente";"Céu Claro";"Dupla";"Reta";"Não";2;0;1;0;0;1;1;2;-23,047;-52,4594;"SPRF-PR";"DEL09/PR";"UOP02-DEL09-PR"
756427;2026-02-23;"segunda-feira";"01:30:00";"SC";101;208;"SAO JOSE";"Ingestão de álcool pelo condutor";"Colisão lateral mesmo sentido";"Sem Vítimas";"Plena Noite";"Crescente";"Céu Claro";"Simples";"Reta";"Sim";3;0;0;0;2;1;0;3;-27,60443;-48,63334;"SPRF-SC";"DEL01/SC";"UOP01-DEL01-SC"
756431;2026-03-06;"sexta-feira";"12:40:00";"RS";285;340;"CARAZINHO";"Mal súbito do condutor";"Saída de leito carroçável";"Sem Vítimas";"Pleno dia";"Crescente";"Céu Claro";"Simples";"Reta";"Sim";1;0;0;0;1;0;0;1;-28,31811267;-52,80839793;"SPRF-RS";"DEL08/RS";"UOP03-DEL08-RS"
756435;2026-03-06;"sexta-feira";"12:50:00";"PB";230;17;"JOAO PESSOA";"Manobra de mudança de faixa";"Colisão lateral mesmo sentido";"Com Vítimas Feridas";"Pleno dia";"Decrescente";"Céu Claro";"Múltipla";"Retorno Regulamentado";"Sim";3;0;1;0;2;0;1;2;-7,11818344;-34,84360009;"SPRF-PB";"DEL01-PB";"UOP01-DEL01-PB"
756436;2026-03-06;"sexta-feira";"11:30:00";"AL";316;76,7;"POCO DAS TRINCHEIRAS";"Demais falhas mecânicas ou elétricas";"Saída de leito carroçável";"Com Vítimas Feridas";"Pleno dia";"Crescente";"Céu Claro";"Simples";"Reta;Aclive";"Não";3;0;1;0;0;2;1;2;-9,32862;-37,3018;"SPRF-AL";"DEL03-AL";"UOP02-DEL03-AL"
756437;2026-01-18;"domingo";"00:50:00";"SC";101;325,1;"CAPIVARI DE BAIXO";"Ingestão de álcool pelo condutor";"Colisão com objeto";"Sem Vítimas";"Plena Noite";"Crescente";"Nublado";"Múltipla";"Reta;Declive";"Não";3;0;0;0;1;2;0;2;-28,425934;-48,944438;"SPRF-SC";"DEL02/SC";"UOP01-DEL02-SC"
756438;2026-03-06;"sexta-feira";"12:00:00";"RJ";116;216;"PARACAMBI";"Manobra de mudança de faixa";"Colisão com objeto";"Com Vítimas Feridas";"Pleno dia";"Decrescente";"Céu Claro";"Dupla";"Curva";"Não";3;0;1;0;1;1;1;2;-22,69416996;-43,77047539;"SPRF-RJ";"DEL06/RJ";"UOP02-DEL06-RJ"
756439;2026-02-20;"sexta-feira";"20:20:00";"MA";10;274;"IMPERATRIZ";"Ultrapassagem Indevida";"Colisão frontal";"Com Vítimas Feridas";"Plena Noite";"Crescente";"Nublado";"Simples";"Reta;Aclive";"Não";3;0;0;2;0;2;2;4;-5,33667238;-47,48840902;"SPRF-MA";"DEL04-MA";"UOP01-DEL04-MA"
756441;2026-03-06;"sexta-feira";"13:28:00";"PR";116;78,9;"PIRAQUARA";"Demais falhas mecânicas ou elétricas";"Colisão traseira";"Sem Vítimas";"Pleno dia";"Crescente";"Céu Claro";"Dupla";"Reta";"Não";5;0;0;0;4;1;0;5;-25,409157;-49,062818;"SPRF-PR";"DEL01/PR";"UOP02-DEL01-PR"
756447;2026-03-06;"sexta-feira";"12:20:00";"SC";470;42;"GASPAR";"Condutor deixou de manter distância do veículo da frente";"Colisão lateral mesmo sentido";"Sem Vítimas";"Pleno dia";"Decrescente";"Céu Claro";"Simples";"Reta";"Não";3;0;0;0;3;0;0;3;-26,87475051;-49,01196811;"SPRF-SC";"DEL04/SC";"UOP01-DEL04-SC"
756452;2026-03-06;"sexta-feira";"14:00:00";"PR";376;349;"ORTIGUEIRA";"Acessar a via sem observar a presença dos outros veículos";"Colisão traseira";"Sem Vítimas";"Pleno dia";"Crescente";"Céu Claro";"Múltipla";"Declive;Reta";"Sim";3;0;0;0;2;2;0;4;-24,21387625;-50,9396553;"SPRF-PR";"DEL07/PR";"UOP02-DEL07-PR"
756460;2026-03-06;"sexta-feira";"15:30:00";"RJ";101;77,1;"CAMPOS DOS GOYTACAZES";"Mal súbito do condutor";"Saída de leito carroçável";"Com Vítimas Fatais";"Pleno dia";"Crescente";"Sol";"Simples";"Reta";"Sim";2;1;0;0;0;6;0;7;-21,83377495;-41,41639709;"SPRF-RJ";"DEL08/RJ";"UOP02-DEL08-RJ"
756471;2026-03-06;"sexta-feira";"15:50:00";"RJ";101;428;"MANGARATIBA";"Demais falhas mecânicas ou elétricas";"Incêndio";"Sem Vítimas";"Pleno dia";"Crescente";"Nublado";"Simples";"Reta";"Não";2;0;0;0;1;1;0;2;-22,93808;-44,00585;"SPRF-RJ";"DEL03/RJ";"UOP02-DEL03-RJ"
756480;2026-03-06;"sexta-feira";"16:35:00";"PR";163;152;"SANTA LUCIA";"Velocidade Incompatível";"Saída de leito carroçável";"Com Vítimas Feridas";"Pleno dia";"Decrescente";"Céu Claro";"Dupla";"Reta;Declive";"Não";1;0;1;0;0;0;1;1;-25,378078;-53,575563;"SPRF-PR";"DEL05/PR";"UOP05-DEL05-PR"
756483;2026-03-06;"sexta-feira";"16:55:00";"SC";116;146;"ITAPEMA";"Reação tardia ou ineficiente do condutor";"Colisão lateral mesmo sentido";"Sem Vítimas";"Pleno dia";"Decrescente";"Céu Claro";"Simples";"Reta";"Sim";3;0;0;0;2;2;0;4;-27,08926596;-48,61312866;"SPRF-SC";"DEL06/SC";"UOP02-DEL06-SC"
756485;2026-03-06;"sexta-feira";"09:00:00";"MT";163;834,8;"SINOP";"Velocidade Incompatível";"Saída de leito carroçável";"Sem Vítimas";"Pleno dia";"Decrescente";"Nublado";"Simples";"Reta";"Sim";2;0;0;0;1;1;0;2;-11,86298413;-55,49573493;"SPRF-MT";"DEL06/MT";"UOP02-DEL06-MT"
756488;2026-03-06;"sexta-feira";"15:00:00";"MT";364;356;"SANTO ANTONIO DO LEVERGER";"Reação tardia ou ineficiente do condutor";"Colisão traseira";"Sem Vítimas";"Pleno dia";"Decrescente";"Nublado";"Dupla";"Curva;Declive";"Não";3;0;0;0;2;4;0;6;-15,801263;-55,658848;"SPRF-MT";"DEL05/MT";"UOP02-DEL05-MT"
756496;2026-03-06;"sexta-feira";"16:40:00";"MG";50;179;"UBERABA";"Condutor deixou de manter distância do veículo da frente";"Engavetamento";"Com Vítimas Feridas";"Pleno dia";"Crescente";"Chuva";"Dupla";"Reta";"Sim";7;0;2;0;5;0;2;3;-19,77818;-47,92693;"SPRF-MG";"DEL13/MG";"UOP01-DEL13-MG"
756501;2026-03-06;"sexta-feira";"13:55:00";"MT";163;540,6;"DIAMANTINO";"Ausência de reação do condutor";"Saída de leito carroçável";"Com Vítimas Feridas";"Pleno dia";"Decrescente";"Nublado";"Dupla";"Declive;Curva";"Não";1;0;1;0;0;0;1;1;-14,40184491;-56,10898018;"SPRF-MT";"DEL01/MT";"UOP01-DEL01-MT"
756502;2026-03-06;"sexta-feira";"12:30:00";"MG";367;380;"PATOS DE MINAS";"Pista Escorregadia";"Colisão transversal";"Sem Vítimas";"Pleno dia";"Crescente";"Chuva";"Simples";"Reta;Declive";"Não";4;0;0;0;3;1;0;4;-18,66621014;-46,53048534;"SPRF-MG";"DEL11/MG";"UOP02-DEL11-MG"
756504;2026-03-06;"sexta-feira";"14:10:00";"MG";40;211;"JOAO PINHEIRO";"Chuva";"Colisão frontal";"Com Vítimas Feridas";"Pleno dia";"Decrescente";"Chuva";"Simples";"Curva";"Não";5;0;3;0;1;2;3;4;-17,980117;-45,719338;"SPRF-MG";"DEL14/MG";"UOP02-DEL14-MG"
756514;2026-03-06;"sexta-feira";"19:00:00";"CE";222;304;"TIANGUA";"Ingestão de álcool pelo condutor";"Colisão com objeto";"Sem Vítimas";"Plena Noite";"Decrescente";"Nublado";"Simples";"Reta";"Não";2;0;0;0;1;1;0;2;-3,663389;-40,949919;"SPRF-CE";"DEL04/CE";"UOP02-DEL04-CE"
756515;2026-03-06;"sexta-feira";"19:20:00";"RS";153;635;"BAGE";"Desrespeitar a preferência no cruzamento";"Colisão transversal";"Com Vítimas Feridas";"Plena Noite";"Decrescente";"Chuva";"Simples";"Reta;Retorno Regulamentado;Rotatória";"Sim";4;0;0;1;1;2;1;4;-31,384797;-54,116221;"SPRF-RS";"DEL11/RS";"UOP03-DEL11-RS"
756523;2026-01-09;"sexta-feira";"02:40:00";"RJ";101;310;"SAO GONCALO";"Suicídio (presumido)";"Atropelamento de Pedestre";"Com Vítimas Fatais";"Plena Noite";"Crescente";"Céu Claro";"Dupla";"Reta";"Não";2;1;0;0;0;1;0;2;-22,7967934;-43,0432714;"SPRF-RJ";"DEL02/RJ";"UOP02-DEL02-RJ"
756524;2026-03-06;"sexta-feira";"20:00:00";"MG";116;630,3;"DIVINO";"Condutor deixou de manter distância do veículo da frente";"Colisão traseira";"Com Vítimas Feridas";"Plena Noite";"Decrescente";"Nublado";"Simples";"Declive;Reta";"Não";6;0;4;1;1;0;5;3;-20,59390182;-42,20801353;"SPRF-MG";"DEL07/MG";"UOP02-DEL07-MG"
756525;2026-03-06;"sexta-feira";"19:10:00";"SC";470;163;"TROMBUDO CENTRAL";"Acessar a via sem observar a presença dos outros veículos";"Colisão transversal";"Com Vítimas Feridas";"Plena Noite";"Decrescente";"Céu Claro";"Simples";"Reta";"Sim";3;0;1;0;1;1;1;3;-27,2797887;-49,8281695;"SPRF-SC";"DEL04/SC";"UOP02-DEL04-SC"
756529;2026-03-06;"sexta-feira";"20:00:00";"MG";50;119,2;"UBERABA";"Acessar a via sem observar a presença dos outros veículos";"Colisão traseira";"Com Vítimas Feridas";"Plena Noite";"Decrescente";"Chuva";"Dupla";"Reta;Retorno Regulamentado";"Não";5;0;1;0;3;1;1;3;-19,30183804;-48,11317563;"SPRF-MG";"DEL13/MG";"UOP01-DEL13-MG"
756534;2026-03-06;"sexta-feira";"20:00:00";"TO";10;431;"PORTO NACIONAL";"Acessar a via sem observar a presença dos outros veículos";"Colisão transversal";"Com Vítimas Feridas";"Plena Noite";"Crescente";"Ignorado";"Simples";"Reta";"Não";2;0;0;1;0;1;1;2;-10,50053;-48,35432;"SPRF-TO";"DEL01-TO";"UOP03-DEL01-TO"
756538;2026-03-06;"sexta-feira";"19:20:00";"RJ";40;123;"DUQUE DE CAXIAS";"Iluminação deficiente";"Colisão traseira";"Com Vítimas Feridas";"Plena Noite";"Crescente";"Céu Claro";"Múltipla";"Reta";"Não";4;0;1;0;3;0;1;3;-22,80154212;-43,28911908;"SPRF-RJ";"DEL01/RJ";"UOP02-DEL01-RJ"
756539;2026-03-06;"sexta-feira";"19:55:00";"PE";316;60,5;"TRINDADE";"Transitar na contramão";"Colisão frontal";"Com Vítimas Feridas";"Plena Noite";"Crescente";"Nublado";"Simples";"Reta";"Não";2;0;0;1;1;0;1;2;-7,77005418;-40,2584535;"SPRF-PE";"DEL05/PE";"UOP02-DEL05-PE"
756542;2026-03-06;"sexta-feira";"19:40:00";"PR";476;184;"LAPA";"Reação tardia ou ineficiente do condutor";"Colisão lateral sentido oposto";"Com Vítimas Feridas";"Plena Noite";"Crescente";"Céu Claro";"Simples";"Reta";"Não";9;0;4;0;4;1;4;4;-25,71656909;-49,64003921;"SPRF-PR";"DEL01/PR";"UOP06-DEL01-PR"
756547;2026-03-06;"sexta-feira";"20:40:00";"SP";153;30;"NOVA GRANADA";"Ingestão de substâncias psicoativas pelo condutor";"Colisão frontal";"Com Vítimas Feridas";"Plena Noite";"Crescente";"Céu Claro";"Simples";"Reta";"Não";4;0;3;0;0;1;3;3;-20,543028;-49,33034;"SPRF-SP";"DEL09/SP";"UOP01-DEL09-SP"
756553;2026-03-06;"sexta-feira";"14:45:00";"PI";135;126,2;"BERTOLINIA";"Ausência de reação do condutor";"Saída de leito carroçável";"Com Vítimas Fatais";"Pleno dia";"Crescente";"Céu Claro";"Simples";"Curva";"Não";2;1;0;0;0;1;0;2;-7,66000281;-43,9541924;"SPRF-PI";"DEL03-PI";"UOP01-DEL03-PI"
756560;2026-03-06;"sexta-feira";"21:40:00";"RN";304;28;"MOSSORO";"Ingestão de álcool pelo condutor";"Colisão lateral sentido oposto";"Sem Vítimas";"Plena Noite";"Crescente";"Céu Claro";"Simples";"Reta";"Não";4;0;0;0;4;0;0;4;-5,098987;-37,337032;"SPRF-RN";"DEL04-RN";"UOP02-DEL04-RN"
756562;2026-03-06;"sexta-feira";"18:50:00";"RO";364;453;"ARIQUEMES";"Reação tardia ou ineficiente do condutor";"Colisão lateral mesmo sentido";"Com Vítimas Feridas";"Anoitecer";"Decrescente";"Céu Claro";"Simples";"Declive;Reta";"Não";4;0;1;0;3;0;1;2;-10,2786999;-62,682345;"SPRF-RO";"DEL03-RO";"UOP02-DEL03-RO"
756570;2026-03-06;"sexta-feira";"20:00:00";"MT";163;776;"SORRISO";"Ingestão de álcool pelo condutor";"Derramamento de carga";"Sem Vítimas";"Plena Noite";"Crescente";"Céu Claro";"Dupla";"Reta";"Não";2;0;0;0;1;3;0;4;-12,32926911;-55,58532715;"SPRF-MT";"DEL06/MT";"UOP02-DEL06-MT"
756571;2026-03-06;"sexta-feira";"21:45:00";"PR";153;38,8;"SANTO ANTONIO DA PLATINA";"Chuva";"Colisão com objeto";"Com Vítimas Feridas";"Plena Noite";"Decrescente";"Chuva";"Simples";"Aclive;Curva";"Não";3;0;1;0;1;1;1;3;-23,27342937;-50,05592895;"SPRF-PR";"DEL07/PR";"UOP04-DEL07-PR"
756575;2026-03-06;"sexta-feira";"23:20:00";"SC";101;103,3;"BALNEARIO PICARRAS";"Ingestão de álcool pelo condutor";"Atropelamento de Pedestre";"Com Vítimas Feridas";"Plena Noite";"Crescente";"Nublado";"Dupla";"Em Obras;Reta";"Não";8;0;1;4;1;2;5;3;-26,78745;-48,681991;"SPRF-SC";"DEL03/SC";"UOP02-DEL03-SC"
756581;2026-03-06;"sexta-feira";"19:15:00";"RS";287;334,5;"SAO VICENTE DO SUL";"Ingestão de álcool pelo condutor";"Colisão frontal";"Sem Vítimas";"Plena Noite";"Decrescente";"Chuva";"Simples";"Curva";"Não";5;0;0;0;5;0;0;3;-29,62455827;-54,67884913;"SPRF-RS";"DEL12/RS";"UOP02-DEL12-RS"
756591;2026-03-06;"sexta-feira";"23:00:00";"CE";222;125,5;"ITAPAJE";"Acessar a via sem observar a presença dos outros veículos";"Colisão lateral mesmo sentido";"Com Vítimas Feridas";"Plena Noite";"Crescente";"Céu Claro";"Simples";"Reta";"Sim";2;0;0;1;1;0;1;2;-3,69740968;-39,60126042;"SPRF-CE";"DEL04/CE";"UOP03-DEL04-CE"
756600;2026-03-07;"sábado";"01:30:00";"PI";407;439;"GEMINIANO";"Pedestre andava na pista";"Atropelamento de Pedestre";"Com Vítimas Feridas";"Plena Noite";"Decrescente";"Céu Claro";"Simples";"Reta";"Não";2;0;0;1;1;0;1;2;-7,22087415;-41,27922535;"SPRF-PI";"DEL04-PI";"UOP01-DEL04-PI"
756605;2026-03-07;"sábado";"03:00:00";"ES";101;31,9;"CONCEICAO DA BARRA";"Ultrapassagem Indevida";"Colisão lateral mesmo sentido";"Com Vítimas Feridas";"Plena Noite";"Crescente";"Céu Claro";"Simples";"Reta;Declive";"Não";2;0;1;0;1;0;1;2;-18,45432584;-39,93082808;"SPRF-ES";"DEL04-ES";"UOP02-DEL04-ES"
756606;2026-03-07;"sábado";"01:30:00";"PR";277;191;"PALMEIRA";"Reação tardia ou ineficiente do condutor";"Tombamento";"Com Vítimas Feridas";"Plena Noite";"Crescente";"Céu Claro";"Simples";"Aclive;Reta";"Não";3;0;2;0;1;0;2;1;-25,42749;-50,13121;"SPRF-PR";"DEL08/PR";"UOP02-DEL08-PR"
756633;2026-03-07;"sábado";"05:17:00";"PE";232;343;"CUSTODIA";"Transitar na contramão";"Colisão frontal";"Com Vítimas Feridas";"Amanhecer";"Crescente";"Céu Claro";"Simples";"Reta";"Não";2;0;0;1;1;0;1;2;-8,088682;-37,726313;"SPRF-PE";"DEL04/PE";"UOP02-DEL04-PE"
756635;2026-03-06;"sexta-feira";"18:10:00";"PR";272;557;"TERRA ROXA";"Ingestão de álcool pelo condutor";"Colisão lateral mesmo sentido";"Com Vítimas Feridas";"Pleno dia";"Crescente";"Céu Claro";"Simples";"Curva";"Não";2;0;1;0;1;0;1;2;-24,0851931;-54,1280462;"SPRF-PR";"DEL06/PR";"UOP01-DEL06-PR"
756640;2026-03-07;"sábado";"08:00:00";"MG";381;355;"SAO GONCALO DO RIO ABAIXO";"Velocidade Incompatível";"Tombamento";"Com Vítimas Feridas";"Pleno dia";"Crescente";"Céu Claro";"Simples";"Curva;Declive";"Não";4;0;0;3;0;2;3;5;-19,85758756;-43,2189703;"SPRF-MG";"DEL03/MG";"UOP01-DEL03-MG"
756649;2026-03-07;"sábado";"07:55:00";"SP";153;13,1;"ICEM";"Ingestão de álcool pelo condutor";"Saída de leito carroçável";"Com Vítimas Feridas";"Pleno dia";"Crescente";"Chuva";"Simples";"Reta";"Não";3;0;0;1;1;1;1;3;-20,41023147;-49,25264239;"SPRF-SP";"DEL09/SP";"UOP01-DEL09-SP"
756657;2026-03-04;"quarta-feira";"07:30:00";"RJ";116;169;"RIO DE JANEIRO";"Ausência de reação do condutor";"Colisão lateral mesmo sentido";"Com Vítimas Feridas";"Amanhecer";"Decrescente";"Céu Claro";"Dupla";"Curva";"Não";2;0;1;0;1;0;1;2;-22,81875706;-43,32071535;"SPRF-RJ";"DEL06/RJ";"UOP01-DEL06-RJ"
756658;2026-02-23;"segunda-feira";"23:00:00";"RS";386;319;"MARQUES DE SOUZA";"Reação tardia ou ineficiente do condutor";"Colisão traseira";"Com Vítimas Feridas";"Plena Noite";"Crescente";"Céu Claro";"Simples";"Reta;Em Obras";"Não";3;0;1;0;2;0;1;2;-29,280091;-52,13243;"SPRF-RS";"DEL04/RS";"UOP01-DEL04-RS"
756665;2026-03-07;"sábado";"01:00:00";"CE";116;90;"CASCAVEL";"Reação tardia ou ineficiente do condutor";"Saída de leito carroçável";"Com Vítimas Feridas";"Plena Noite";"Decrescente";"Céu Claro";"Simples";"Curva";"Não";1;0;1;0;0;0;1;1;-4,46899606;-38,36252913;"SPRF-CE";"DEL01/CE";"UOP04-DEL01-CE"
756668;2026-03-07;"sábado";"10:30:00";"MG";50;109;"UBERABA";"Velocidade Incompatível";"Colisão traseira";"Com Vítimas Feridas";"Pleno dia";"Decrescente";"Chuva";"Dupla";"Reta";"Não";4;0;1;0;3;0;1;2;-19,207833;-48,131697;"SPRF-MG";"DEL13/MG";"UOP01-DEL13-MG"
756680;2026-03-07;"sábado";"11:30:00";"SP";381;36;"ATIBAIA";"Acumulo de água sobre o pavimento";"Colisão com objeto";"Com Vítimas Feridas";"Pleno dia";"Crescente";"Chuva";"Dupla";"Aclive;Curva";"Não";6;0;2;0;3;4;2;7;-23,0923707;-46,5729914;"SPRF-SP";"DEL03/SP";"UOP01-DEL03-SP"
756684;2026-03-07;"sábado";"02:23:00";"MT";163;750;"SORRISO";"Ausência de reação do condutor";"Saída de leito carroçável";"Sem Vítimas";"Plena Noite";"Decrescente";"Nublado";"Dupla";"Reta";"Sim";3;0;0;0;1;2;0;3;-12,57265956;-55,72757395;"SPRF-MT";"DEL06/MT";"UOP01-DEL06-MT"
756685;2026-03-07;"sábado";"11:15:00";"SP";101;52;"UBATUBA";"Ingestão de álcool pelo condutor";"Colisão lateral sentido oposto";"Com Vítimas Feridas";"Pleno dia";"Crescente";"Nublado";"Simples";"Reta";"Sim";5;0;1;1;2;1;2;4;-23,46496936;-45,06240749;"SPRF-SP";"DEL06/SP";"UOP01-DEL06-SP"
756687;2026-03-07;"sábado";"11:30:00";"SP";381;4;"VARGEM";"Condutor usando celular";"Colisão traseira";"Com Vítimas Feridas";"Pleno dia";"Decrescente";"Céu Claro";"Dupla";"Reta";"Não";2;0;2;0;0;0;2;2;-22,885215;-46,4112198;"SPRF-SP";"DEL03/SP";"UOP02-DEL03-SP"
756688;2026-02-07;"sábado";"18:40:00";"RJ";116;106;"GUAPIMIRIM";"Demais falhas mecânicas ou elétricas";"Colisão frontal";"Com Vítimas Fatais";"Plena Noite";"Crescente";"Chuva";"Simples";"Curva";"Não";14;3;8;0;3;0;8;5;-22,50944293;-43,00048225;"SPRF-RJ";"DEL04/RJ";"UOP01-DEL04-RJ"
756696;2026-03-07;"sábado";"12:54:00";"PE";101;39;"IGARASSU";"Chuva";"Saída de leito carroçável";"Sem Vítimas";"Pleno dia";"Decrescente";"Chuva";"Dupla";"Curva;Declive;Retorno Regulamentado";"Sim";2;0;0;0;1;1;0;2;-7,815839;-34,917567;"SPRF-PE";"DEL01/PE";"UOP02-DEL01-PE"
756700;2026-03-07;"sábado";"11:17:00";"MG";365;444;"GUIMARANIA";"Demais falhas mecânicas ou elétricas";"Saída de leito carroçável";"Com Vítimas Feridas";"Pleno dia";"Decrescente";"Chuva";"Simples";"Reta";"Não";1;0;1;0;0;0;1;1;-18,80563;-46,76543;"SPRF-MG";"DEL10/MG";"UOP01-DEL10-MG"