"id";"data_inversa";"dia_semana";"horario";"uf";"br";"km";"municipio";"causa_acidente";"tipo_acidente";"classificacao_acidente";"fase_dia";"sentido_via";"condicao_metereologica";"tipo_pista";"tracado_via";"uso_solo";"pessoas";"mortos";"feridos_leves";"feridos_graves";"ilesos";"ignorados";"feridos";"veiculos";"latitude";"longitude";"regional";"delegacia";"uop"
759722;2026-03-21;"sábado";"00:40:00";"RO";364;694;"PORTO VELHO";"Ausência de reação do condutor";"Colisão traseira";"Com Vítimas Feridas";"Plena Noite";"Decrescente";"Céu Claro";"Dupla";"Reta";"Não";36;0;1;0;34;2;1;4;-8,8013505;-63,7233879;"SPRF-RO";"DEL01-RO";"UOP01-DEL01-RO"
759723;2026-03-21;"sábado";"02:00:00";"PR";116;28;"CAMPINA GRANDE DO SUL";"Reação tardia ou ineficiente do condutor";"Tombamento";"Com Vítimas Feridas";"Plena Noite";"Decrescente";"Nublado";"Dupla";"Curva;Ponte";"Não";2;0;1;0;0;1;1;2;-25,112022;-48,802803;"SPRF-PR";"DEL01/PR";"UOP02-DEL01-PR"
759728;2026-03-21;"sábado";"03:55:00";"SP";116;281;"EMBU DAS ARTES";"Deficiência do Sistema de Iluminação/Sinalização";"Colisão traseira";"Com Vítimas Feridas";"Plena Noite";"Decrescente";"Céu Claro";"Dupla";"Reta";"Não";3;0;1;0;0;3;1;4;-23,65109307;-46,84670448;"SPRF-SP";"DEL04/SP";"UOP01-DEL04-SP"
759729;2026-03-21;"sábado";"03:40:00";"AL";101;171,8;"TEOTONIO VILELA";"Acumulo de água sobre o pavimento";"Colisão traseira";"Sem Vítimas";"Amanhecer";"Crescente";"Nublado";"Dupla";"Reta";"Não";3;0;0;0;2;1;0;3;-9,90964346;-36,33292805;"SPRF-AL";"DEL02-AL";"UOP02-DEL02-AL"
759730;2026-03-21;"sábado";"04:00:00";"SP";153;59,7;"SAO JOSE DO RIO PRETO";"Ingestão de álcool pelo condutor";"Colisão lateral mesmo sentido";"Com Vítimas Feridas";"Amanhecer";"Crescente";"Céu Claro";"Dupla";"Reta";"Sim";4;0;1;1;1;1;2;3;-20,794309;-49,354833;"SPRF-SP";"DEL09/SP";"UOP01-DEL09-SP"
759737;2026-03-21;"sábado";"04:35:00";"SC";101;458;"PASSO DE TORRES";"Ingestão de álcool pelo condutor";"Colisão traseira";"Com Vítimas Feridas";"Plena Noite";"Crescente";"Céu Claro";"Dupla";"Reta;Aclive";"Não";4;0;1;1;1;1;2;3;-29,25350611;-49,7550079;"SPRF-SC";"DEL02/SC";"UOP02-DEL02-SC"
759739;2026-03-21;"sábado";"02:30:00";"GO";153;599;"MORRINHOS";"Velocidade Incompatível";"Saída de leito carroçável";"Com Vítimas Feridas";"Plena Noite";"Decrescente";"Chuva";"Dupla";"Declive;Reta";"Não";2;0;1;0;0;1;1;2;-17,536985;-49,212073;"SPRF-GO";"DEL03/GO";"UOP01-DEL03-GO"
759741;2026-03-21;"sábado";"05:00:00";"BA";242;612;"MUQUEM DE SAO FRANCISCO";"Ausência de reação do condutor";"Saída de leito carroçável";"Com Vítimas Feridas";"Amanhecer";"Decrescente";"Céu Claro";"Simples";"Reta";"Não";2;0;1;0;0;2;1;3;-12,1730697;-43,2584866;"SPRF-BA";"DEL10/BA";"UOP01-DEL10-BA"
759742;2026-03-21;"sábado";"05:45:00";"MG";381;652,1;"SANTO ANTONIO DO AMPARO";"Velocidade Incompatível";"Colisão com objeto";"Com Vítimas Feridas";"Amanhecer";"Decrescente";"Céu Claro";"Dupla";"Curva;Declive";"Não";2;0;1;0;0;1;1;2;-20,96236863;-44,92915969;"SPRF-MG";"DEL04/MG";"UOP02-DEL04-MG"
759744;2026-03-21;"sábado";"05:20:00";"BA";324;553;"AMELIA RODRIGUES";"Ausência de reação do condutor";"Colisão traseira";"Sem Vítimas";"Pleno dia";"Decrescente";"Céu Claro";"Dupla";"Reta";"Não";2;0;0;0;2;0;0;2;-12,44099085;-38,72362518;"SPRF-BA";"DEL11/BA";"UOP02-DEL11-BA"
759745;2026-03-20;"sexta-feira";"19:15:00";"GO";50;298,1;"CUMARI";"Mal súbito do condutor";"Saída de leito carroçável";"Sem Vítimas";"Plena Noite";"Decrescente";"Garoa/Chuvisco";"Dupla";"Aclive;Curva";"Não";2;0;0;0;1;1;0;2;-18,3147007;-48,0171385;"SPRF-GO";"DEL06/GO";"UOP01-DEL06-GO"
759749;2026-03-21;"sábado";"04:33:00";"SC";282;534,5;"CORDILHEIRA ALTA";"Condutor Dormindo";"Colisão frontal";"Com Vítimas Fatais";"Plena Noite";"Decrescente";"Céu Claro";"Simples";"Reta";"Não";7;3;2;2;0;0;4;2;-26,9962852;-52,63986217;"SPRF-SC";"DEL07/SC";"UOP01-DEL07-SC"
759750;2026-03-21;"sábado";"04:45:00";"RO";364;513,7;"ARIQUEMES";"Ingestão de álcool pelo condutor";"Colisão frontal";"Com Vítimas Feridas";"Amanhecer";"Decrescente";"Céu Claro";"Simples";"Reta";"Sim";5;0;1;1;1;2;2;4;-9,936121;-63,055436;"SPRF-RO";"DEL03-RO";"UOP01-DEL03-RO"
759753;2026-03-21;"sábado";"07:15:00";"PR";376;410,1;"TIBAGI";"Transitar no Acostamento";"Colisão traseira";"Com Vítimas Feridas";"Pleno dia";"Crescente";"Céu Claro";"Dupla";"Curva";"Não";4;0;0;1;2;1;1;3;-24,65324;-50,61544;"SPRF-PR";"DEL03/PR";"UOP02-DEL03-PR"
759758;2026-03-21;"sábado";"05:30:00";"MT";163;112;"RONDONOPOLIS";"Reação tardia ou ineficiente do condutor";"Colisão traseira";"Com Vítimas Feridas";"Amanhecer";"Decrescente";"Céu Claro";"Dupla";"Aclive;Reta";"Não";2;0;0;1;1;0;1;2;-16,55382;-54,675132;"SPRF-MT";"DEL02/MT";"UOP01-DEL02-MT"
759759;2026-03-21;"sábado";"06:15:00";"CE";116;420,5;"IPAUMIRIM";"Pista esburacada";"Colisão lateral mesmo sentido";"Com Vítimas Feridas";"Amanhecer";"Decrescente";"Nublado";"Simples";"Declive";"Não";2;0;1;0;1;0;1;2;-6,77862;-38,76865;"SPRF-CE";"DEL05/CE";"UOP01-DEL05-CE"
759763;2026-03-05;"quinta-feira";"23:04:00";"SC";101;50;"JOINVILLE";"Manobra de mudança de faixa";"Colisão lateral mesmo sentido";"Com Vítimas Feridas";"Plena Noite";"Decrescente";"Céu Claro";"Dupla";"Curva";"Sim";3;0;0;1;0;2;1;3;-26,38707556;-48,84216132;"SPRF-SC";"DEL03/SC";"UOP01-DEL03-SC"
759764;2026-03-21;"sábado";"04:30:00";"RN";226;256,7;"JUCURUTU";"Condutor Dormindo";"Tombamento";"Sem Vítimas";"Plena Noite";"Decrescente";"Céu Claro";"Simples";"Reta";"Não";1;0;0;0;1;0;0;1;-5,94544067;-37,04862714;"SPRF-RN";"DEL03-RN";"UOP01-DEL03-RN"
759766;2026-03-21;"sábado";"07:35:00";"MT";364;187;"RONDONOPOLIS";"Condutor deixou de manter distância do veículo da frente";"Colisão traseira";"Sem Vítimas";"Pleno dia";"Decrescente";"Céu Claro";"Simples";"Reta";"Não";3;0;0;0;2;1;0;3;-16,5766;-54,5341;"SPRF-MT";"DEL02/MT";"UOP01-DEL02-MT"
759769;2026-03-21;"sábado";"07:30:00";"SC";282;604;"MARAVILHA";"Reação tardia ou ineficiente do condutor";"Colisão frontal";"Com Vítimas Feridas";"Pleno dia";"Decrescente";"Céu Claro";"Dupla";"Declive";"Sim";4;0;1;1;1;2;2;5;-26,7916036;-53,194782;"SPRF-SC";"DEL07/SC";"UOP02-DEL07-SC"
759771;2026-03-21;"sábado";"07:20:00";"MG";40;400,5;"CURVELO";"Ausência de reação do condutor";"Saída de leito carroçável";"Com Vítimas Feridas";"Pleno dia";"Decrescente";"Céu Claro";"Simples";"Curva;Aclive";"Não";1;0;1;0;0;0;1;1;-19,035657;-44,649791;"SPRF-MG";"DEL02/MG";"UOP01-DEL02-MG"
759774;2026-02-10;"terça-feira";"06:00:00";"PR";116;112,9;"CURITIBA";"Reação tardia ou ineficiente do condutor";"Colisão traseira";"Com Vítimas Feridas";"Pleno dia";"Crescente";"Céu Claro";"Dupla";"Reta";"Não";2;0;1;0;1;0;1;2;-25,5494953;-49,28329317;"SPRF-PR";"DEL01/PR";"UOP03-DEL01-PR"
759781;2026-03-21;"sábado";"08:20:00";"SC";282;531,5;"CORDILHEIRA ALTA";"Desrespeitar a preferência no cruzamento";"Colisão transversal";"Com Vítimas Feridas";"Pleno dia";"Decrescente";"Céu Claro";"Simples";"Reta;Interseção de Vias";"Não";4;0;0;1;2;1;1;4;-26,99407426;-52,6112601;"SPRF-SC";"DEL07/SC";"UOP01-DEL07-SC"
759790;2026-03-21;"sábado";"11:50:00";"MS";262;239;"RIBAS DO RIO PARDO";"Conversão proibida";"Colisão lateral mesmo sentido";"Sem Vítimas";"Pleno dia";"Crescente";"Nublado";"Dupla";"Reta";"Sim";3;0;0;0;2;3;0;5;-20,45683062;-53,75625372;"SPRF-MS";"DEL01/MS";"UOP05-DEL01-MS"
759791;2026-03-18;"quarta-feira";"06:50:00";"MG";381;566,3;"ITAGUARA";"Velocidade Incompatível";"Tombamento";"Com Vítimas Feridas";"Pleno dia";"Decrescente";"Céu Claro";"Dupla";"Aclive;Reta";"Não";3;0;1;0;1;1;1;3;-20,398871;-44,505834;"SPRF-MG";"DEL04/MG";"UOP03-DEL04-MG"
759798;2026-03-21;"sábado";"08:00:00";"BA";116;562;"BREJOES";"Velocidade Incompatível";"Tombamento";"Sem Vítimas";"Pleno dia";"Decrescente";"Céu Claro";"Simples";"Reta";"Não";3;0;0;0;2;3;0;5;-12,98154;-39,94103;"SPRF-BA";"DEL03/BA";"UOP02-DEL03-BA"
759804;2026-02-27;"sexta-feira";"20:18:00";"MG";381;935,5;"EXTREMA";"Reação tardia ou ineficiente do condutor";"Colisão lateral mesmo sentido";"Com Vítimas Feridas";"Plena Noite";"Crescente";"Céu Claro";"Dupla";"Curva;Declive";"Não";5;0;1;0;3;1;1;4;-22,80903959;-46,28002524;"SPRF-MG";"DEL16/MG";"UOP03-DEL16-MG"
759809;2026-03-21;"sábado";"13:23:00";"RS";290;1,2;"OSORIO";"Condutor deixou de manter distância do veículo da frente";"Colisão traseira";"Com Vítimas Feridas";"Pleno dia";"Crescente";"Céu Claro";"Múltipla";"Reta";"Não";3;0;1;0;1;1;1;3;-29,896014;-50,287984;"SPRF-RS";"DEL03/RS";"UOP01-DEL03-RS"
759810;2026-03-21;"sábado";"10:00:00";"PI";343;307,5;"ALTOS";"Ausência de reação do condutor";"Colisão traseira";"Com Vítimas Feridas";"Pleno dia";"Decrescente";"Nublado";"Simples";"Reta";"Sim";4;0;1;1;2;0;2;2;-5,039227;-42,463442;"SPRF-PI";"DEL01-PI";"UOP01-DEL01-PI"
759811;2026-03-21;"sábado";"08:40:00";"RJ";116;275;"BARRA MANSA";"Reação tardia ou ineficiente do condutor";"Colisão traseira";"Com Vítimas Feridas";"Pleno dia";"Crescente";"Céu Claro";"Dupla";"Curva";"Não";3;0;1;0;1;1;1;3;-22,56266946;-44,15875123;"SPRF-RJ";"DEL07/RJ";"UOP02-DEL07-RJ"
759815;2026-03-21;"sábado";"13:17:00";"AL";104;58;"MURICI";"Condutor deixou de manter distância do veículo da frente";"Colisão traseira";"Com Vítimas Feridas";"Pleno dia";"Decrescente";"Céu Claro";"Simples";"Reta";"Sim";3;0;1;0;2;0;1;2;-9,30108724;-35,95249097;"SPRF-AL";"DEL01-AL";"UOP02-DEL01-AL"
759817;2026-03-21;"sábado";"14:40:00";"SP";116;158;"JACAREI";"Carga excessiva e/ou mal acondicionada";"Derramamento de carga";"Sem Vítimas";"Pleno dia";"Crescente";"Céu Claro";"Dupla";"Curva";"Não";2;0;0;0;1;3;0;4;-23,2630732;-45,9498936;"SPRF-SP";"DEL02/SP";"UOP01-DEL02-SP"
759818;2026-03-21;"sábado";"14:30:00";"MG";251;464;"GRAO MOGOL";"Velocidade Incompatível";"Colisão frontal";"Com Vítimas Feridas";"Pleno dia";"Decrescente";"Chuva";"Simples";"Reta";"Não";3;0;1;1;0;2;2;4;-16,44775849;-42,98300906;"SPRF-MG";"DEL12/MG";"UOP01-DEL12-MG"
759819;2026-03-21;"sábado";"15:05:00";"GO";153;231;"HIDROLINA";"Transitar na contramão";"Colisão transversal";"Com Vítimas Fatais";"Pleno dia";"Crescente";"Nublado";"Simples";"Aclive;Reta";"Não";3;1;0;1;1;0;1;2;-14,781808;-49,272995;"SPRF-GO";"DEL07/GO";"UOP02-DEL07-GO"
759820;2026-03-21;"sábado";"13:30:00";"BA";116;879,2;"VITORIA DA CONQUISTA";"Pista esburacada";"Colisão traseira";"Com Vítimas Feridas";"Pleno dia";"Decrescente";"Céu Claro";"Simples";"Reta";"Não";4;0;2;0;1;2;2;4;-15,27739;-41,128361;"SPRF-BA";"DEL08/BA";"UOP03-DEL08-BA"
759840;2026-03-21;"sábado";"15:54:00";"GO";60;306;"ACREUNA";"Acessar a via sem observar a presença dos outros veículos";"Saída de leito carroçável";"Sem Vítimas";"Pleno dia";"Crescente";"Sol";"Dupla";"Retorno Regulamentado;Reta";"Não";3;0;0;0;3;0;0;2;-17,403808;-50,393518;"SPRF-GO";"DEL04/GO";"UOP02-DEL04-GO"
759855;2026-03-21;"sábado";"15:30:00";"BA";324;561;"SAO SEBASTIAO DO PASSE";"Manobra de mudança de faixa";"Colisão lateral mesmo sentido";"Com Vítimas Fatais";"Pleno dia";"Decrescente";"Céu Claro";"Dupla";"Reta";"Não";6;1;3;0;1;2;3;4;-12,5073841;-38,63385737;"SPRF-BA";"DEL01/BA";"UOP01-DEL01-BA"
759857;2026-03-21;"sábado";"17:20:00";"BA";324;407;"NOVA FATIMA";"Demais falhas mecânicas ou elétricas";"Incêndio";"Sem Vítimas";"Anoitecer";"Decrescente";"Céu Claro";"Simples";"Reta";"Não";2;0;0;0;1;2;0;3;-11,62007802;-39,61598917;"SPRF-BA";"DEL04/BA";"UOP02-DEL04-BA"
759859;2026-03-21;"sábado";"16:44:00";"RO";319;141;"PORTO VELHO";"Estacionar ou parar em local proibido";"Colisão traseira";"Sem Vítimas";"Pleno dia";"Decrescente";"Céu Claro";"Dupla";"Reta";"Sim";3;0;0;0;2;2;0;4;-8,74504385;-63,88872592;"SPRF-RO";"DEL01-RO";"UOP01-DEL01-RO"
759874;2026-03-21;"sábado";"18:50:00";"PE";428;169,9;"PETROLINA";"Ausência de reação do condutor";"Colisão traseira";"Com Vítimas Fatais";"Plena Noite";"Decrescente";"Céu Claro";"Simples";"Reta";"Não";4;1;1;1;1;0;2;3;-9,23986713;-40,41880544;"SPRF-PE";"DEL06/PE";"UOP01-DEL06-PE"
759884;2026-03-21;"sábado";"17:30:00";"MA";316;438;"PERITORO";"Ausência de reação do condutor";"Colisão lateral sentido oposto";"Com Vítimas Feridas";"Pleno dia";"Decrescente";"Céu Claro";"Simples";"Reta";"Não";3;0;0;1;0;2;1;3;-4,420797;-44,221345;"SPRF-MA";"DEL03-MA";"UOP01-DEL03-MA"
759898;2026-03-21;"sábado";"22:20:00";"PR";116;152;"MANDIRITUBA";"Acessar a via sem observar a presença dos outros veículos";"Colisão transversal";"Com Vítimas Feridas";"Plena Noite";"Crescente";"Céu Claro";"Simples";"Interseção de Vias;Reta";"Sim";5;0;1;0;3;3;1;5;-25,86237527;-49,36189983;"SPRF-PR";"DEL01/PR";"UOP03-DEL01-PR"
759901;2026-03-21;"sábado";"20:15:00";"SC";282;527,1;"CORDILHEIRA ALTA";"Pista Escorregadia";"Colisão transversal";"Com Vítimas Feridas";"Plena Noite";"Crescente";"Chuva";"Simples";"Curva";"Não";5;0;1;0;3;1;1;3;-26,98114411;-52,59154201;"SPRF-SC";"DEL07/SC";"UOP01-DEL07-SC"
759908;2026-03-21;"sábado";"22:10:00";"MS";158;245,2;"TRES LAGOAS";"Ausência de reação do condutor";"Colisão traseira";"Sem Vítimas";"Plena Noite";"Decrescente";"Céu Claro";"Simples";"Reta";"Não";3;0;0;0;2;2;0;4;-20,639039;-51,756652;"SPRF-MS";"DEL07/MS";"UOP01-DEL07-MS"
759909;2026-03-21;"sábado";"22:25:00";"BA";116;788;"PLANALTO";"Reação tardia ou ineficiente do condutor";"Saída de leito carroçável";"Com Vítimas Feridas";"Plena Noite";"Crescente";"Céu Claro";"Simples";"Reta";"Sim";2;0;1;0;0;1;1;2;-14,69757986;-40,57725325;"SPRF-BA";"DEL08/BA";"UOP02-DEL08-BA"
759914;2026-03-21;"sábado";"23:00:00";"RO";364;667;"CANDEIAS DO JAMARI";"Ausência de reação do condutor";"Tombamento";"Com Vítimas Feridas";"Plena Noite";"Crescente";"Ignorado";"Dupla";"Curva";"Não";1;0;1;0;0;0;1;1;-8,77453;-63,48052;"SPRF-RO";"DEL01-RO";"UOP01-DEL01-RO"
759917;2026-03-22;"domingo";"00:36:00";"PE";101;160;"GAMELEIRA";"Demais falhas mecânicas ou elétricas";"Incêndio";"Sem Vítimas";"Plena Noite";"Crescente";"Céu Claro";"Dupla";"Declive;Curva";"Não";2;0;0;0;1;1;0;2;-8,557557;-35,42836;"SPRF-PE";"DEL01/PE";"UOP03-DEL01-PE"
759919;2026-03-21;"sábado";"18:30:00";"BA";110;375;"CATU";"Ausência de reação do condutor";"Tombamento";"Com Vítimas Feridas";"Plena Noite";"Crescente";"Céu Claro";"Simples";"Curva;Aclive";"Sim";3;0;2;1;0;0;3;2;-12,406164;-38,402874;"SPRF-BA";"DEL01/BA";"UOP01-DEL01-BA"
759925;2026-03-22;"domingo";"02:00:00";"PR";277;117;"CAMPO LARGO";"Reação tardia ou ineficiente do condutor";"Colisão transversal";"Sem Vítimas";"Plena Noite";"Crescente";"Céu Claro";"Dupla";"Reta;Aclive;Em Obras";"Não";2;0;0;0;1;1;0;2;-25,44309;-49,45901;"SPRF-PR";"DEL01/PR";"UOP07-DEL01-PR"
759937;2026-03-22;"domingo";"04:50:00";"MG";40;769,2;"JUIZ DE FORA";"Demais falhas mecânicas ou elétricas";"Incêndio";"Sem Vítimas";"Plena Noite";"Decrescente";"Céu Claro";"Simples";"Curva";"Não";2;0;0;0;1;6;0;7;-21,593708;-43,457004;"SPRF-MG";"DEL05/MG";"UOP01-DEL05-MG"
759951;2026-03-21;"sábado";"18:10:00";"BA";242;647;"MUQUEM DE SAO FRANCISCO";"Condutor deixou de manter distância do veículo da frente";"Colisão traseira";"Sem Vítimas";"Anoitecer";"Decrescente";"Céu Claro";"Simples";"Reta";"Não";2;0;0;0;1;1;0;2;-12,21;-43,593;"SPRF-BA";"DEL10/BA";"UOP01-DEL10-BA"
759954;2026-03-22;"domingo";"06:00:00";"PA";316;76;"SAO FRANCISCO DO PARA";"Transitar na contramão";"Colisão lateral sentido oposto";"Com Vítimas Fatais";"Amanhecer";"Decrescente";"Céu Claro";"Simples";"Reta";"Não";3;1;0;0;1;1;0;3;-1,301495;-47,807923;"SPRF-PA";"DEL01/PA";"UOP01-DEL01-PA"
759956;2026-03-21;"sábado";"20:45:00";"RS";116;112;"SAO MARCOS";"Velocidade Incompatível";"Saída de leito carroçável";"Com Vítimas Feridas";"Plena Noite";"Crescente";"Chuva";"Simples";"Reta";"Sim";5;0;2;0;2;1;2;4;-28,96016379;-51,07913017;"SPRF-RS";"DEL05/RS";"UOP01-DEL05-RS"
759957;2026-03-22;"domingo";"05:05:00";"MT";163;742;"SORRISO";"Manobra de mudança de faixa";"Colisão lateral sentido oposto";"Com Vítimas Fatais";"Amanhecer";"Crescente";"Céu Claro";"Simples";"Declive;Reta";"Não";3;1;0;0;1;3;0;5;-12,62590833;-55,770485;"SPRF-MT";"DEL06/MT";"UOP01-DEL06-MT"
759958;2026-03-22;"domingo";"00:50:00";"BA";116;641;"JAGUAQUARA";"Acesso irregular";"Colisão transversal";"Sem Vítimas";"Plena Noite";"Decrescente";"Céu Claro";"Dupla";"Reta";"Não";2;0;0;0;0;2;0;2;-13,585832;-40,086381;"SPRF-BA";"DEL03/BA";"UOP01-DEL03-BA"
759960;2026-03-22;"domingo";"05:00:00";"RS";386;49;"SEBERI";"Transitar na contramão";"Colisão frontal";"Com Vítimas Feridas";"Amanhecer";"Crescente";"Nevoeiro/Neblina";"Simples";"Curva";"Sim";3;0;2;0;1;0;2;2;-27,478404;-53,39781904;"SPRF-RS";"DEL08/RS";"UOP02-DEL08-RS"
759963;2026-03-22;"domingo";"06:50:00";"TO";153;365,7;"FORTALEZA DO TABOCAO";"Transitar na contramão";"Colisão lateral sentido oposto";"Com Vítimas Feridas";"Pleno dia";"Crescente";"Céu Claro";"Simples";"Reta";"Não";3;0;0;1;1;2;1;4;-9,112442;-48,530437;"SPRF-TO";"DEL02-TO";"UOP02-DEL02-TO"
759969;2026-03-22;"domingo";"07:30:00";"BA";101;724;"EUNAPOLIS";"Transitar na contramão";"Colisão lateral sentido oposto";"Com Vítimas Feridas";"Pleno dia";"Decrescente";"Céu Claro";"Simples";"Declive";"Não";2;0;0;1;0;1;1;2;-16,421152;-39,584113;"SPRF-BA";"DEL09/BA";"UOP01-DEL09-BA"
759972;2026-03-22;"domingo";"08:00:00";"SC";116;238,9;"LAGES";"Reação tardia ou ineficiente do condutor";"Saída de leito carroçável";"Com Vítimas Feridas";"Pleno dia";"Crescente";"Nublado";"Simples";"Rotatória";"Não";1;0;1;0;0;0;1;1;-27,75133536;-50,33519853;"SPRF-SC";"DEL05/SC";"UOP01-DEL05-SC"
759976;2026-03-22;"domingo";"06:05:00";"CE";222;193;"FORQUILHA";"Reação tardia ou ineficiente do condutor";"Tombamento";"Com Vítimas Feridas";"Pleno dia";"Crescente";"Céu Claro";"Simples";"Curva";"Não";1;0;1;0;0;0;1;1;-3,798783;-40,141661;"SPRF-CE";"DEL04/CE";"UOP01-DEL04-CE"
759983;2026-03-22;"domingo";"08:00:00";"SP";116;545;"BARRA DO TURVO";"Reação tardia ou ineficiente do condutor";"Saída de leito carroçável";"Com Vítimas Feridas";"Pleno dia";"Decrescente";"Céu Claro";"Simples";"Declive;Curva";"Não";2;0;1;0;0;1;1;2;-24,9632116;-48,4238016;"SPRF-SP";"DEL05/SP";"UOP02-DEL05-SP"
759993;2026-02-02;"segunda-feira";"09:28:00";"PA";163;240;"NOVO PROGRESSO";"Estacionar ou parar em local proibido";"Colisão lateral mesmo sentido";"Sem Vítimas";"Pleno dia";"Decrescente";"Nublado";"Simples";"Declive";"Não";3;0;0;0;0;3;0;3;-7,606;-55,2376;"SPRF-PA";"DEL05/PA";"UOP03-DEL05-PA"
759997;2026-03-22;"domingo";"10:45:00";"GO";50;297;"CUMARI";"Ausência de reação do condutor";"Colisão traseira";"Com Vítimas Feridas";"Pleno dia";"Decrescente";"Céu Claro";"Dupla";"Reta";"Não";3;0;0;1;1;2;1;4;-18,31561;-48,0184103;"SPRF-GO";"DEL06/GO";"UOP01-DEL06-GO"
760008;2026-03-22;"domingo";"12:25:00";"TO";153;137;"ARAGUAINA";"Condutor deixou de manter distância do veículo da frente";"Eventos atípicos";"Com Vítimas Feridas";"Pleno dia";"Decrescente";"Céu Claro";"Dupla";"Reta";"Sim";2;0;1;0;0;1;1;2;-7,14846;-48,20296;"SPRF-TO";"DEL02-TO";"UOP01-DEL02-TO"
760014;2026-03-22;"domingo";"14:10:00";"SP";116;284;"EMBU DAS ARTES";"Manobra de mudança de faixa";"Colisão lateral mesmo sentido";"Com Vítimas Feridas";"Pleno dia";"Decrescente";"Céu Claro";"Dupla";"Reta";"Sim";3;0;1;0;0;2;1;3;-23,67681556;-46,85722589;"SPRF-SP";"DEL04/SP";"UOP01-DEL04-SP"
760025;2026-03-22;"domingo";"14:22:00";"PE";101;142;"RIBEIRAO";"Reação tardia ou ineficiente do condutor";"Saída de leito carroçável";"Com Vítimas Feridas";"Pleno dia";"Decrescente";"Céu Claro";"Dupla";"Reta";"Não";1;0;1;0;0;0;1;1;-8,44728;-35,34518;"SPRF-PE";"DEL01/PE";"UOP03-DEL01-PE"
760042;2026-03-04;"quarta-feira";"03:30:00";"PA";316;107;"SANTA MARIA DO PARA";"Reação tardia ou ineficiente do condutor";"Colisão traseira";"Com Vítimas Feridas";"Plena Noite";"Decrescente";"Chuva";"Simples";"Reta";"Sim";3;0;1;0;1;2;1;4;-1,33392143;-47,53589665;"SPRF-PA";"DEL01/PA";"UOP02-DEL01-PA"
760054;2026-03-22;"domingo";"15:00:00";"MA";316;132,7;"NOVA OLINDA DO MARANHAO";"Transitar na contramão";"Colisão frontal";"Com Vítimas Fatais";"Pleno dia";"Decrescente";"Céu Claro";"Simples";"Declive";"Não";3;1;0;0;1;1;0;3;-2,701018;-45,733187;"SPRF-MA";"DEL02-MA";"UOP02-DEL02-MA"
760059;2026-03-22;"domingo";"17:00:00";"MA";222;671;"ACAILANDIA";"Ingestão de álcool pelo condutor";"Colisão traseira";"Sem Vítimas";"Pleno dia";"Crescente";"Sol";"Simples";"Reta";"Sim";2;0;0;0;2;0;0;2;-4,939355;-47,462422;"SPRF-MA";"DEL04-MA";"UOP03-DEL04-MA"
760065;2026-03-22;"domingo";"16:30:00";"MG";381;708;"CARMO DA CACHOEIRA";"Manobra de mudança de faixa";"Colisão lateral mesmo sentido";"Com Vítimas Feridas";"Pleno dia";"Decrescente";"Céu Claro";"Dupla";"Declive;Curva";"Não";4;0;1;0;2;1;1;3;-21,370524;-45,188652;"SPRF-MG";"DEL04/MG";"UOP02-DEL04-MG"
760068;2026-03-22;"domingo";"15:52:00";"MS";158;70,1;"PARANAIBA";"Transitar na contramão";"Colisão frontal";"Com Vítimas Feridas";"Pleno dia";"Crescente";"Céu Claro";"Simples";"Reta";"Não";4;0;1;2;1;0;3;2;-19,612114;-51,215912;"SPRF-MS";"DEL08/MS";"UOP01-DEL08-MS"
760069;2026-03-22;"domingo";"18:20:00";"SC";101;238;"PALHOCA";"Manobra de mudança de faixa";"Saída de leito carroçável";"Com Vítimas Feridas";"Plena Noite";"Decrescente";"Céu Claro";"Dupla";"Reta";"Não";4;0;1;0;1;2;1;3;-27,84207828;-48,63452045;"SPRF-SC";"DEL01/SC";"UOP02-DEL01-SC"
760084;2026-01-23;"sexta-feira";"09:20:00";"MA";10;252;"IMPERATRIZ";"Ausência de reação do condutor";"Colisão traseira";"Com Vítimas Feridas";"Pleno dia";"Crescente";"Nublado";"Simples";"Reta";"Sim";2;0;1;0;0;1;1;2;-5,53119;-47,47138;"SPRF-MA";"DEL04-MA";"UOP01-DEL04-MA"
760093;2026-03-22;"domingo";"10:55:00";"SC";280;219,9;"TRES BARRAS";"Ausência de reação do condutor";"Colisão com objeto";"Com Vítimas Feridas";"Pleno dia";"Crescente";"Garoa/Chuvisco";"Simples";"Rotatória";"Não";2;0;1;0;0;1;1;2;-26,17223;-50,2708;"SPRF-SC";"DEL06/SC";"UOP04-DEL06-SC"
760098;2026-03-22;"domingo";"19:25:00";"MG";381;423;"SABARA";"Ausência de reação do condutor";"Engavetamento";"Com Vítimas Feridas";"Plena Noite";"Crescente";"Céu Claro";"Simples";"Curva";"Sim";3;0;1;0;0;2;1;3;-19,78867238;-43,6933136;"SPRF-MG";"DEL01/MG";"UOP01-DEL01-MG"
760099;2026-03-22;"domingo";"19:12:00";"AL";101;211,7;"SAO SEBASTIAO";"Transitar na contramão";"Colisão frontal";"Com Vítimas Feridas";"Plena Noite";"Decrescente";"Céu Claro";"Simples";"Reta;Aclive";"Não";3;0;0;1;1;1;1;3;-10,013066;-36,6159958;"SPRF-AL";"DEL02-AL";"UOP02-DEL02-AL"
760100;2026-02-11;"quarta-feira";"15:00:00";"RJ";116;18;"SAPUCAIA";"Reação tardia ou ineficiente do condutor";"Colisão lateral sentido oposto";"Com Vítimas Feridas";"Pleno dia";"Decrescente";"Céu Claro";"Simples";"Reta";"Não";4;0;0;1;2;1;1;4;-21,98469494;-42,7555503;"SPRF-RJ";"DEL05/RJ";"UOP01-DEL05-RJ"