"id";"data_inversa";"dia_semana";"horario";"uf";"br";"km";"municipio";"causa_acidente";"tipo_acidente";"classificacao_acidente";"fase_dia";"sentido_via";"condicao_metereologica";"tipo_pista";"tracado_via";"uso_solo";"pessoas";"mortos";"feridos_leves";"feridos_graves";"ilesos";"ignorados";"feridos";"veiculos";"latitude";"longitude";"regional";"delegacia";"uop"
760103;2026-03-22;"domingo";"20:00:00";"MG";459;96;"POUSO ALEGRE";"Acessar a via sem observar a presença dos outros veículos";"Colisão transversal";"Com Vítimas Feridas";"Plena Noite";"Decrescente";"Céu Claro";"Simples";"Curva";"Não";2;0;0;1;0;1;1;2;-22,18585972;-45,98427264;"SPRF-MG";"DEL09/MG";"UOP01-DEL09-MG"
760104;2026-03-22;"domingo";"19:30:00";"PR";277;664,9;"MEDIANEIRA";"Ingestão de álcool pelo condutor";"Colisão traseira";"Com Vítimas Feridas";"Anoitecer";"Crescente";"Céu Claro";"Dupla";"Reta;Retorno Regulamentado";"Não";5;0;0;1;1;3;1;4;-25,25188123;-54,02082531;"SPRF-PR";"DEL05/PR";"UOP02-DEL05-PR"
760119;2026-03-22;"domingo";"18:45:00";"BA";101;694,1;"EUNAPOLIS";"Ultrapassagem Indevida";"Colisão lateral sentido oposto";"Com Vítimas Feridas";"Plena Noite";"Decrescente";"Céu Claro";"Simples";"Reta";"Não";3;0;0;1;1;1;1;3;-16,201152;-39,605607;"SPRF-BA";"DEL09/BA";"UOP01-DEL09-BA"
760140;2026-03-22;"domingo";"19:27:00";"MT";364;249;"JUSCIMEIRA";"Ausência de reação do condutor";"Colisão traseira";"Com Vítimas Feridas";"Plena Noite";"Crescente";"Céu Claro";"Dupla";"Reta";"Não";2;0;0;1;0;1;1;2;-16,1223;-54,85;"SPRF-MT";"DEL02/MT";"UOP01-DEL02-MT"
760141;2026-03-22;"domingo";"21:50:00";"PR";116;38;"CAMPINA GRANDE DO SUL";"Ausência de reação do condutor";"Saída de leito carroçável";"Sem Vítimas";"Plena Noite";"Decrescente";"Chuva";"Dupla";"Reta";"Não";2;0;0;0;1;1;0;2;-25,15777009;-48,8615106;"SPRF-PR";"DEL01/PR";"UOP02-DEL01-PR"
760144;2026-03-22;"domingo";"19:00:00";"PI";316;245,1;"INHUMA";"Reação tardia ou ineficiente do condutor";"Colisão traseira";"Com Vítimas Fatais";"Plena Noite";"Decrescente";"Céu Claro";"Simples";"Reta";"Não";2;1;0;0;0;1;0;2;-6,706138;-41,720993;"SPRF-PI";"DEL04-PI";"UOP02-DEL04-PI"
760151;2026-03-22;"domingo";"23:00:00";"RS";470;70;"LAGOA VERMELHA";"Ingestão de álcool pelo condutor";"Colisão frontal";"Sem Vítimas";"Plena Noite";"Crescente";"Garoa/Chuvisco";"Simples";"Curva;Aclive";"Não";2;0;0;0;2;0;0;2;-28,1629067;-51,5123733;"SPRF-RS";"DEL08/RS";"UOP05-DEL08-RS"
760152;2026-03-22;"domingo";"23:30:00";"SC";101;16;"GARUVA";"Declive acentuado";"Tombamento";"Com Vítimas Feridas";"Plena Noite";"Crescente";"Chuva";"Dupla";"Reta";"Sim";2;0;1;0;0;1;1;2;-26,11540528;-48,87748643;"SPRF-SC";"DEL03/SC";"UOP01-DEL03-SC"
760160;2026-03-23;"segunda-feira";"04:10:00";"MG";381;516;"IGARAPE";"Velocidade Incompatível";"Tombamento";"Com Vítimas Feridas";"Plena Noite";"Decrescente";"Céu Claro";"Dupla";"Declive;Curva";"Não";2;0;1;0;0;1;1;2;-20,09966;-44,31866;"SPRF-MG";"DEL01/MG";"UOP03-DEL01-MG"
760161;2026-03-23;"segunda-feira";"01:25:00";"SC";101;144,2;"ITAPEMA";"Ausência de reação do condutor";"Colisão traseira";"Com Vítimas Feridas";"Plena Noite";"Crescente";"Nublado";"Dupla";"Reta";"Não";3;0;1;0;2;0;1;3;-27,076245;-48,598308;"SPRF-SC";"DEL04/SC";"UOP03-DEL04-SC"
760165;2026-03-23;"segunda-feira";"05:20:00";"RS";290;88;"PORTO ALEGRE";"Ausência de reação do condutor";"Saída de leito carroçável";"Com Vítimas Feridas";"Amanhecer";"Crescente";"Céu Claro";"Múltipla";"Reta";"Não";2;0;1;0;0;1;1;2;-29,96725347;-51,13352992;"SPRF-RS";"DEL01/RS";"UOP01-DEL01-RS"
760176;2026-03-23;"segunda-feira";"06:30:00";"RS";472;494;"ITAQUI";"Transitar na contramão";"Colisão frontal";"Com Vítimas Fatais";"Amanhecer";"Crescente";"Chuva";"Simples";"Reta";"Não";4;1;0;0;2;1;0;3;-29,207914;-56,550679;"SPRF-RS";"DEL13/RS";"UOP01-DEL13-RS"
760187;2026-03-23;"segunda-feira";"06:45:00";"RJ";116;276;"BARRA MANSA";"Condutor Dormindo";"Colisão traseira";"Com Vítimas Feridas";"Pleno dia";"Decrescente";"Céu Claro";"Dupla";"Reta";"Sim";4;0;0;2;1;1;2;3;-22,56252045;-44,16014671;"SPRF-RJ";"DEL07/RJ";"UOP02-DEL07-RJ"
760201;2026-03-23;"segunda-feira";"08:00:00";"SC";101;35,7;"JOINVILLE";"Manobra de mudança de faixa";"Colisão lateral mesmo sentido";"Com Vítimas Feridas";"Pleno dia";"Crescente";"Sol";"Dupla";"Reta";"Sim";4;0;1;0;2;1;1;3;-26,27516911;-48,89394253;"SPRF-SC";"DEL03/SC";"UOP01-DEL03-SC"
760211;2026-02-27;"sexta-feira";"22:27:00";"SC";101;87,8;"BARRA VELHA";"Velocidade Incompatível";"Colisão lateral mesmo sentido";"Com Vítimas Feridas";"Plena Noite";"Crescente";"Nublado";"Múltipla";"Curva";"Sim";4;0;1;0;2;2;1;4;-26,63946698;-48,69337432;"SPRF-SC";"DEL03/SC";"UOP02-DEL03-SC"
760212;2026-03-23;"segunda-feira";"10:08:00";"BA";324;620;"SALVADOR";"Problema com o freio";"Colisão com objeto";"Sem Vítimas";"Pleno dia";"Crescente";"Céu Claro";"Dupla";"Reta";"Não";1;0;0;0;1;0;0;1;-12,91451833;-38,46079833;"SPRF-BA";"DEL01/BA";"UOP01-DEL01-BA"
760215;2026-03-23;"segunda-feira";"08:30:00";"PR";376;267;"MARILANDIA DO SUL";"Demais falhas mecânicas ou elétricas";"Capotamento";"Com Vítimas Feridas";"Pleno dia";"Crescente";"Céu Claro";"Dupla";"Reta";"Não";1;0;1;0;0;0;1;1;-23,7293128;-51,2895843;"SPRF-PR";"DEL07/PR";"UOP02-DEL07-PR"
760225;2026-03-23;"segunda-feira";"07:20:00";"RJ";101;297;"ITABORAI";"Reação tardia ou ineficiente do condutor";"Atropelamento de Pedestre";"Com Vítimas Feridas";"Amanhecer";"Decrescente";"Céu Claro";"Simples";"Reta";"Sim";2;0;0;1;0;1;1;2;-22,77178387;-42,92464111;"SPRF-RJ";"DEL02/RJ";"UOP02-DEL02-RJ"
760227;2026-03-03;"terça-feira";"19:00:00";"MG";365;433;"PATOS DE MINAS";"Transitar na contramão";"Colisão frontal";"Com Vítimas Fatais";"Plena Noite";"Crescente";"Garoa/Chuvisco";"Dupla";"Ponte;Declive";"Não";4;1;0;0;1;3;0;5;-18,76642694;-46,67728235;"SPRF-MG";"DEL10/MG";"UOP01-DEL10-MG"
760231;2026-03-23;"segunda-feira";"06:40:00";"GO";364;187;"JATAI";"Velocidade Incompatível";"Tombamento";"Com Vítimas Feridas";"Pleno dia";"Decrescente";"Sol";"Simples";"Declive;Curva";"Não";3;0;2;0;0;3;2;4;-17,9276652;-51,65949047;"SPRF-GO";"DEL05/GO";"UOP01-DEL05-GO"
760233;2026-03-23;"segunda-feira";"08:50:00";"SC";282;588,5;"SAUDADES";"Manobra de mudança de faixa";"Colisão traseira";"Com Vítimas Feridas";"Pleno dia";"Crescente";"Céu Claro";"Dupla";"Reta";"Não";3;0;1;0;1;2;1;4;-26,82677631;-53,07434678;"SPRF-SC";"DEL07/SC";"UOP02-DEL07-SC"
760240;2026-03-23;"segunda-feira";"11:15:00";"MT";70;515;"VARZEA GRANDE";"Acessar a via sem observar a presença dos outros veículos";"Colisão transversal";"Com Vítimas Feridas";"Pleno dia";"Decrescente";"Céu Claro";"Simples";"Reta";"Sim";2;0;1;0;1;0;1;2;-15,6754112;-56,181112;"SPRF-MT";"DEL01/MT";"UOP02-DEL01-MT"
760242;2026-03-23;"segunda-feira";"11:30:00";"PR";116;115;"CURITIBA";"Acessar a via sem observar a presença dos outros veículos";"Colisão lateral mesmo sentido";"Sem Vítimas";"Pleno dia";"Crescente";"Céu Claro";"Dupla";"Interseção de Vias";"Não";3;0;0;0;2;1;0;3;-25,546;-49,294;"SPRF-PR";"DEL01/PR";"UOP03-DEL01-PR"
760247;2026-03-23;"segunda-feira";"11:25:00";"MT";163;1044;"MATUPA";"Ultrapassagem Indevida";"Colisão lateral sentido oposto";"Com Vítimas Feridas";"Pleno dia";"Crescente";"Nublado";"Simples";"Reta";"Não";3;0;1;0;1;1;1;3;-10,1340899;-54,93111491;"SPRF-MT";"DEL06/MT";"UOP03-DEL06-MT"
760253;2026-03-23;"segunda-feira";"12:55:00";"SP";381;81;"SAO PAULO";"Frear bruscamente";"Colisão traseira";"Sem Vítimas";"Pleno dia";"Decrescente";"Céu Claro";"Múltipla";"Reta";"Sim";4;0;0;0;3;1;0;4;-23,42894;-46,57109;"SPRF-SP";"DEL03/SP";"UOP01-DEL03-SP"
760255;2026-03-23;"segunda-feira";"13:30:00";"MG";381;491,9;"BETIM";"Ausência de reação do condutor";"Engavetamento";"Com Vítimas Feridas";"Pleno dia";"Decrescente";"Céu Claro";"Dupla";"Curva";"Não";3;0;2;0;1;0;2;3;-19,961347;-44,155121;"SPRF-MG";"DEL01/MG";"UOP03-DEL01-MG"
760261;2026-03-23;"segunda-feira";"12:00:00";"BA";116;460,3;"SANTO ESTEVAO";"Demais falhas mecânicas ou elétricas";"Incêndio";"Sem Vítimas";"Pleno dia";"Crescente";"Céu Claro";"Dupla";"Reta";"Sim";2;0;0;0;1;1;0;2;-12,4429;-39,2354;"SPRF-BA";"DEL02/BA";"UOP01-DEL02-BA"
760267;2026-03-23;"segunda-feira";"12:40:00";"BA";242;629;"MUQUEM DE SAO FRANCISCO";"Reação tardia ou ineficiente do condutor";"Saída de leito carroçável";"Com Vítimas Fatais";"Pleno dia";"Decrescente";"Nublado";"Simples";"Curva";"Não";1;1;0;0;0;0;0;1;-12,15186;-43,3800333;"SPRF-BA";"DEL10/BA";"UOP01-DEL10-BA"
760268;2026-03-23;"segunda-feira";"13:50:00";"GO";153;503;"GOIANIA";"Condutor deixou de manter distância do veículo da frente";"Colisão traseira";"Com Vítimas Feridas";"Pleno dia";"Crescente";"Céu Claro";"Dupla";"Reta";"Sim";3;0;1;0;2;0;1;3;-16,730096;-49,243355;"SPRF-GO";"DEL01/GO";"UOP01-DEL01-GO"
760272;2026-03-23;"segunda-feira";"14:40:00";"MA";135;4,6;"SAO LUIS";"Acessar a via sem observar a presença dos outros veículos";"Colisão transversal";"Com Vítimas Feridas";"Pleno dia";"Decrescente";"Céu Claro";"Dupla";"Reta";"Sim";4;0;2;0;2;0;2;2;-2,68813956;-44,29976696;"SPRF-MA";"DEL01-MA";"UOP01-DEL01-MA"
760273;2026-03-23;"segunda-feira";"11:30:00";"MT";163;971;"TERRA NOVA DO NORTE";"Velocidade Incompatível";"Colisão frontal";"Com Vítimas Feridas";"Pleno dia";"Crescente";"Chuva";"Dupla";"Declive;Curva";"Não";4;0;0;1;2;9;1;12;-10,71924113;-55,12778313;"SPRF-MT";"DEL06/MT";"UOP03-DEL06-MT"
760275;2026-03-23;"segunda-feira";"15:10:00";"PE";101;53;"PAULISTA";"Estacionar ou parar em local proibido";"Tombamento";"Com Vítimas Feridas";"Pleno dia";"Crescente";"Céu Claro";"Dupla";"Reta";"Não";2;0;1;0;1;0;1;2;-7,93109;-34,9008;"SPRF-PE";"DEL01/PE";"UOP02-DEL01-PE"
760284;2026-03-23;"segunda-feira";"12:30:00";"SC";116;101,9;"MONTE CASTELO";"Ausência de reação do condutor";"Colisão traseira";"Com Vítimas Feridas";"Pleno dia";"Decrescente";"Sol";"Simples";"Reta;Declive;Em Obras";"Não";3;0;0;1;1;1;1;3;-26,7240727;-50,3099514;"SPRF-SC";"DEL06/SC";"UOP02-DEL06-SC"
760285;2026-03-23;"segunda-feira";"16:14:00";"SP";116;279;"ITAPECERICA DA SERRA";"Manobra de mudança de faixa";"Colisão lateral mesmo sentido";"Com Vítimas Feridas";"Pleno dia";"Decrescente";"Céu Claro";"Múltipla";"Reta;Declive";"Sim";5;0;1;0;3;2;1;4;-23,7002328;-46,8690307;"SPRF-SP";"DEL04/SP";"UOP01-DEL04-SP"
760287;2026-03-23;"segunda-feira";"15:00:00";"GO";60;225,1;"CEZARINA";"Mal súbito do condutor";"Colisão com objeto";"Com Vítimas Feridas";"Pleno dia";"Crescente";"Céu Claro";"Dupla";"Reta;Declive";"Não";2;0;1;0;0;1;1;2;-17,028003;-49,777652;"SPRF-GO";"DEL01/GO";"UOP02-DEL01-GO"
760292;2026-03-23;"segunda-feira";"16:13:00";"PR";369;183;"ARAPONGAS";"Ultrapassagem Indevida";"Colisão transversal";"Com Vítimas Feridas";"Pleno dia";"Decrescente";"Céu Claro";"Simples";"Reta";"Sim";2;0;0;1;1;0;1;2;-23,42694658;-51,4231994;"SPRF-PR";"DEL07/PR";"UOP03-DEL07-PR"
760297;2026-03-23;"segunda-feira";"16:15:00";"PR";277;595;"CASCAVEL";"Ausência de reação do condutor";"Colisão traseira";"Com Vítimas Feridas";"Pleno dia";"Decrescente";"Céu Claro";"Dupla";"Reta;Declive";"Sim";2;0;1;0;1;0;1;2;-24,98085;-53,48297;"SPRF-PR";"DEL04/PR";"UOP01-DEL04-PR"
760303;2026-03-23;"segunda-feira";"17:15:00";"PR";277;3;"PARANAGUA";"Transitar no Acostamento";"Colisão frontal";"Com Vítimas Feridas";"Pleno dia";"Crescente";"Céu Claro";"Simples";"Reta;Interseção de Vias";"Sim";2;0;1;0;1;0;1;2;-25,54475806;-48,55978187;"SPRF-PR";"DEL01/PR";"UOP05-DEL01-PR"
760304;2026-03-23;"segunda-feira";"14:20:00";"PR";277;170;"PALMEIRA";"Mal súbito do condutor";"Colisão lateral sentido oposto";"Com Vítimas Feridas";"Pleno dia";"Decrescente";"Céu Claro";"Simples";"Curva;Declive";"Não";3;0;0;1;1;2;1;4;-25,45302778;-49,94436111;"SPRF-PR";"DEL01/PR";"UOP07-DEL01-PR"
760315;2026-03-23;"segunda-feira";"15:20:00";"RJ";40;52;"PETROPOLIS";"Condutor deixou de manter distância do veículo da frente";"Colisão traseira";"Com Vítimas Feridas";"Pleno dia";"Crescente";"Céu Claro";"Dupla";"Aclive;Reta";"Não";3;0;0;1;1;1;1;3;-22,34531275;-43,13266754;"SPRF-RJ";"DEL05/RJ";"UOP02-DEL05-RJ"
760317;2026-03-23;"segunda-feira";"18:30:00";"BA";101;194;"CONCEICAO DA FEIRA";"Reação tardia ou ineficiente do condutor";"Colisão traseira";"Com Vítimas Feridas";"Plena Noite";"Crescente";"Céu Claro";"Simples";"Reta;Aclive";"Não";3;0;0;1;1;1;1;3;-12,533995;-38,9766767;"SPRF-BA";"DEL11/BA";"UOP02-DEL11-BA"
760322;2026-03-23;"segunda-feira";"19:00:00";"MG";365;414;"PATOS DE MINAS";"Ultrapassagem Indevida";"Colisão lateral sentido oposto";"Com Vítimas Feridas";"Plena Noite";"Decrescente";"Céu Claro";"Simples";"Declive;Reta";"Não";2;0;1;0;1;0;1;2;-18,66872105;-46,53457671;"SPRF-MG";"DEL10/MG";"UOP01-DEL10-MG"
760332;2026-03-18;"quarta-feira";"20:18:00";"PR";277;401;"CANDOI";"Acessar a via sem observar a presença dos outros veículos";"Colisão transversal";"Com Vítimas Feridas";"Plena Noite";"Decrescente";"Céu Claro";"Simples";"Reta";"Não";3;0;1;0;1;3;1;5;-25,451979;-51,933213;"SPRF-PR";"DEL04/PR";"UOP02-DEL04-PR"
760347;2026-03-23;"segunda-feira";"20:50:00";"PA";316;258;"CACHOEIRA DO PIRIA";"Acessar a via sem observar a presença dos outros veículos";"Colisão frontal";"Com Vítimas Fatais";"Plena Noite";"Decrescente";"Nublado";"Simples";"Reta";"Não";4;1;0;1;1;1;1;3;-1,80660822;-46,44946575;"SPRF-PA";"DEL01/PA";"UOP04-DEL01-PA"
760348;2026-03-23;"segunda-feira";"16:45:00";"RS";285;309,9;"PASSO FUNDO";"Ultrapassagem Indevida";"Colisão frontal";"Com Vítimas Fatais";"Anoitecer";"Decrescente";"Nublado";"Simples";"Reta";"Não";5;1;2;0;1;1;2;4;-28,239354;-52,536421;"SPRF-RS";"DEL08/RS";"UOP03-DEL08-RS"
760350;2026-03-23;"segunda-feira";"21:55:00";"PR";376;630,6;"SAO JOSE DOS PINHAIS";"Ingestão de álcool pelo condutor";"Colisão transversal";"Sem Vítimas";"Plena Noite";"Decrescente";"Céu Claro";"Dupla";"Reta";"Sim";3;0;0;0;2;1;0;3;-25,70770927;-49,14074633;"SPRF-PR";"DEL01/PR";"UOP04-DEL01-PR"
760352;2026-03-23;"segunda-feira";"19:00:00";"MT";163;620;"NOVA MUTUM";"Problema com o freio";"Incêndio";"Sem Vítimas";"Plena Noite";"Decrescente";"Céu Claro";"Dupla";"Reta";"Não";2;0;0;0;1;1;0;2;-13,57464843;-56,02815629;"SPRF-MT";"DEL01/MT";"UOP01-DEL01-MT"
760353;2026-03-23;"segunda-feira";"22:48:00";"PE";424;80,2;"GARANHUNS";"Ultrapassagem Indevida";"Colisão frontal";"Com Vítimas Fatais";"Plena Noite";"Crescente";"Céu Claro";"Simples";"Reta;Aclive";"Não";4;1;0;0;1;4;0;6;-8,8314288;-36,5453483;"SPRF-PE";"DEL03/PE";"UOP01-DEL03-PE"
760354;2026-03-23;"segunda-feira";"22:35:00";"MG";40;603,4;"CONGONHAS";"Pedestre andava na pista";"Atropelamento de Pedestre";"Com Vítimas Feridas";"Plena Noite";"Crescente";"Nublado";"Simples";"Reta;Declive";"Não";3;0;1;0;1;1;1;3;-20,4409062;-43,8411351;"SPRF-MG";"DEL05/MG";"UOP02-DEL05-MG"
760357;2026-03-23;"segunda-feira";"19:40:00";"SP";116;53,9;"LORENA";"Pedestre cruzava a pista fora da faixa";"Atropelamento de Pedestre";"Com Vítimas Fatais";"Plena Noite";"Decrescente";"Céu Claro";"Dupla";"Reta";"Sim";3;1;1;0;1;0;1;3;-22,75915859;-45,11580316;"SPRF-SP";"DEL08/SP";"UOP02-DEL08-SP"
760358;2026-03-24;"terça-feira";"01:11:00";"PE";101;186,5;"PALMARES";"Ausência de reação do condutor";"Tombamento";"Sem Vítimas";"Plena Noite";"Decrescente";"Céu Claro";"Dupla";"Curva";"Não";2;0;0;0;0;2;0;2;-8,68708;-35,58792;"SPRF-PE";"DEL01/PE";"UOP03-DEL01-PE"
760360;2026-03-24;"terça-feira";"03:00:00";"MG";116;764,9;"LEOPOLDINA";"Pedestre andava na pista";"Atropelamento de Pedestre";"Com Vítimas Fatais";"Plena Noite";"Decrescente";"Céu Claro";"Simples";"Curva;Interseção de Vias;Aclive";"Sim";2;1;0;0;0;1;0;2;-21,52141;-42,651621;"SPRF-MG";"DEL07/MG";"UOP01-DEL07-MG"
760362;2026-03-24;"terça-feira";"02:10:00";"MG";50;110;"UBERABA";"Velocidade Incompatível";"Saída de leito carroçável";"Com Vítimas Feridas";"Plena Noite";"Decrescente";"Céu Claro";"Dupla";"Retorno Regulamentado";"Não";5;0;1;0;1;3;1;3;-19,5838899;-48,0305584;"SPRF-MG";"DEL13/MG";"UOP01-DEL13-MG"
760364;2026-03-24;"terça-feira";"05:10:00";"SP";116;459,8;"PARIQUERA-ACU";"Ausência de reação do condutor";"Colisão traseira";"Com Vítimas Feridas";"Amanhecer";"Decrescente";"Céu Claro";"Dupla";"Reta";"Sim";3;0;1;0;1;2;1;4;-24,61001313;-47,88214557;"SPRF-SP";"DEL05/SP";"UOP01-DEL05-SP"
760368;2026-03-24;"terça-feira";"06:10:00";"MG";381;435,2;"SABARA";"Demais falhas mecânicas ou elétricas";"Incêndio";"Sem Vítimas";"Amanhecer";"Decrescente";"Céu Claro";"Simples";"Reta;Aclive";"Não";1;0;0;0;1;0;0;1;-19,809464;-43,775694;"SPRF-MG";"DEL01/MG";"UOP01-DEL01-MG"
760370;2026-03-24;"terça-feira";"04:00:00";"RO";364;335,3;"JI-PARANA";"Demais falhas mecânicas ou elétricas";"Colisão com objeto";"Com Vítimas Feridas";"Plena Noite";"Decrescente";"Céu Claro";"Simples";"Reta";"Não";2;0;0;1;1;0;1;2;-10,97941982;-61,91718277;"SPRF-RO";"DEL02-RO";"UOP01-DEL02-RO"
760377;2026-03-24;"terça-feira";"04:40:00";"SC";282;171,4;"BOCAINA DO SUL";"Reação tardia ou ineficiente do condutor";"Saída de leito carroçável";"Com Vítimas Feridas";"Plena Noite";"Crescente";"Garoa/Chuvisco";"Simples";"Aclive;Curva";"Não";1;0;0;1;0;0;1;1;-27,744316;-49,856279;"SPRF-SC";"DEL05/SC";"UOP01-DEL05-SC"
760380;2026-03-24;"terça-feira";"04:05:00";"SC";280;74,7;"JARAGUA DO SUL";"Pedestre andava na pista";"Atropelamento de Pedestre";"Com Vítimas Fatais";"Plena Noite";"Crescente";"Céu Claro";"Simples";"Curva";"Não";2;1;0;0;0;1;0;2;-26,45896548;-49,17754976;"SPRF-SC";"DEL03/SC";"UOP03-DEL03-SC"
760381;2026-03-24;"terça-feira";"05:20:00";"MT";364;360;"SANTO ANTONIO DO LEVERGER";"Acessar a via sem observar a presença dos outros veículos";"Colisão transversal";"Com Vítimas Feridas";"Amanhecer";"Crescente";"Céu Claro";"Múltipla";"Retorno Regulamentado";"Não";3;0;1;0;1;1;1;3;-15,71335351;-55,69396734;"SPRF-MT";"DEL01/MT";"UOP02-DEL01-MT"
760388;2026-03-24;"terça-feira";"07:08:00";"SC";101;11,3;"GARUVA";"Demais falhas mecânicas ou elétricas";"Incêndio";"Sem Vítimas";"Pleno dia";"Decrescente";"Sol";"Dupla";"Reta";"Não";1;0;0;0;1;0;0;1;-26,07619291;-48,86116862;"SPRF-SC";"DEL03/SC";"UOP01-DEL03-SC"
760390;2026-03-23;"segunda-feira";"20:30:00";"BA";101;444;"UBAITABA";"Ausência de reação do condutor";"Queda de ocupante de veículo";"Com Vítimas Feridas";"Plena Noite";"Decrescente";"Céu Claro";"Simples";"Declive";"Não";2;0;0;1;0;1;1;2;-14,31207;-39,31488;"SPRF-BA";"DEL05/BA";"UOP01-DEL05-BA"
760395;2026-03-16;"segunda-feira";"15:35:00";"MG";153;239,2;"FRONTEIRA";"Ingestão de álcool pelo condutor";"Colisão lateral sentido oposto";"Com Vítimas Fatais";"Pleno dia";"Crescente";"Céu Claro";"Simples";"Reta";"Sim";7;1;3;0;2;1;3;5;-20,25299;-49,17168;"SPRF-MG";"DEL13/MG";"UOP02-DEL13-MG"
760398;2026-03-24;"terça-feira";"06:50:00";"MG";381;486;"BETIM";"Manobra de mudança de faixa";"Colisão lateral mesmo sentido";"Com Vítimas Feridas";"Pleno dia";"Decrescente";"Céu Claro";"Dupla";"Reta";"Sim";2;0;1;0;1;0;1;2;-19,95637984;-44,10399556;"SPRF-MG";"DEL01/MG";"UOP03-DEL01-MG"
760405;2026-03-24;"terça-feira";"08:30:00";"PE";116;31,8;"SALGUEIRO";"Ausência de reação do condutor";"Tombamento";"Com Vítimas Feridas";"Pleno dia";"Crescente";"Nublado";"Simples";"Curva";"Não";1;0;1;0;0;0;1;1;-8,1193683;-39,1222833;"SPRF-PE";"DEL05/PE";"UOP01-DEL05-PE"
760410;2026-03-24;"terça-feira";"09:30:00";"PR";116;165;"QUITANDINHA";"Ausência de reação do condutor";"Colisão transversal";"Com Vítimas Feridas";"Pleno dia";"Crescente";"Sol";"Simples";"Declive;Reta";"Sim";3;0;1;0;1;1;1;3;-25,864801;-49,42403;"SPRF-PR";"DEL01/PR";"UOP03-DEL01-PR"
760414;2026-03-16;"segunda-feira";"20:40:00";"MG";50;156;"UBERABA";"Chuva";"Colisão com objeto";"Com Vítimas Feridas";"Plena Noite";"Decrescente";"Chuva";"Dupla";"Aclive;Reta";"Não";2;0;0;1;0;2;1;3;-19,616895;-48,0187805;"SPRF-MG";"DEL13/MG";"UOP01-DEL13-MG"
760415;2026-03-24;"terça-feira";"10:41:00";"SP";116;282;"EMBU DAS ARTES";"Trafegar com motocicleta (ou similar) entre as faixas";"Colisão lateral mesmo sentido";"Com Vítimas Feridas";"Pleno dia";"Decrescente";"Céu Claro";"Dupla";"Reta";"Sim";5;0;2;0;2;2;2;5;-23,66638764;-46,85484099;"SPRF-SP";"DEL04/SP";"UOP01-DEL04-SP"
760417;2026-02-28;"sábado";"22:10:00";"MG";153;45;"CANAPOLIS";"Ausência de reação do condutor";"Colisão traseira";"Com Vítimas Feridas";"Plena Noite";"Crescente";"Nublado";"Dupla";"Declive;Reta";"Não";3;0;1;1;0;2;2;4;-18,77681;-49,07592;"SPRF-MG";"DEL15/MG";"UOP03-DEL15-MG"
760422;2026-03-24;"terça-feira";"11:50:00";"SC";101;140;"BALNEARIO CAMBORIU";"Condutor deixou de manter distância do veículo da frente";"Colisão traseira";"Com Vítimas Feridas";"Pleno dia";"Decrescente";"Céu Claro";"Simples";"Reta;Túnel";"Não";2;0;0;1;1;0;1;2;-27,04575744;-48,59884925;"SPRF-SC";"DEL04/SC";"UOP03-DEL04-SC"
760429;2026-03-24;"terça-feira";"11:35:00";"BA";242;839;"BARREIRAS";"Reação tardia ou ineficiente do condutor";"Colisão lateral sentido oposto";"Com Vítimas Feridas";"Pleno dia";"Crescente";"Garoa/Chuvisco";"Simples";"Aclive;Reta";"Não";3;0;1;0;1;1;1;3;-12,11893;-45,149;"SPRF-BA";"DEL10/BA";"UOP01-DEL10-BA"
760433;2026-03-24;"terça-feira";"11:44:00";"MG";381;720;"CARMO DA CACHOEIRA";"Ausência de reação do condutor";"Tombamento";"Com Vítimas Feridas";"Pleno dia";"Decrescente";"Sol";"Dupla";"Declive;Curva";"Não";2;0;1;0;0;1;1;2;-21,432466;-45,210794;"SPRF-MG";"DEL04/MG";"UOP02-DEL04-MG"
760434;2026-03-23;"segunda-feira";"18:20:00";"SC";470;223,5;"SAO CRISTOVAO DO SUL";"Ausência de reação do condutor";"Saída de leito carroçável";"Com Vítimas Feridas";"Anoitecer";"Crescente";"Chuva";"Simples";"Curva";"Não";2;0;1;0;0;1;1;2;-27,3252602;-50,3396897;"SPRF-SC";"DEL05/SC";"UOP03-DEL05-SC"
760435;2026-03-24;"terça-feira";"13:00:00";"PR";277;652;"MATELANDIA";"Pedestre cruzava a pista fora da faixa";"Atropelamento de Pedestre";"Com Vítimas Feridas";"Pleno dia";"Crescente";"Céu Claro";"Simples";"Reta";"Sim";3;0;0;1;1;1;1;3;-25,196932;-53,942896;"SPRF-PR";"DEL05/PR";"UOP02-DEL05-PR"
760437;2026-03-20;"sexta-feira";"13:00:00";"BA";116;250;"QUIJINGUE";"Ausência de reação do condutor";"Saída de leito carroçável";"Com Vítimas Feridas";"Pleno dia";"Decrescente";"Céu Claro";"Simples";"Reta";"Não";1;0;1;0;0;0;1;1;-10,763372;-38,900167;"SPRF-BA";"DEL07/BA";"UOP02-DEL07-BA"
760439;2026-03-24;"terça-feira";"12:40:00";"PE";101;65,4;"RECIFE";"Condutor deixou de manter distância do veículo da frente";"Engavetamento";"Com Vítimas Feridas";"Pleno dia";"Crescente";"Céu Claro";"Múltipla";"Reta";"Sim";3;0;1;0;2;0;1;3;-8,030495;-34,943096;"SPRF-PE";"DEL01/PE";"UOP01-DEL01-PE"