"id";"data_inversa";"dia_semana";"horario";"uf";"br";"km";"municipio";"causa_acidente";"tipo_acidente";"classificacao_acidente";"fase_dia";"sentido_via";"condicao_metereologica";"tipo_pista";"tracado_via";"uso_solo";"pessoas";"mortos";"feridos_leves";"feridos_graves";"ilesos";"ignorados";"feridos";"veiculos";"latitude";"longitude";"regional";"delegacia";"uop"
760443;2026-03-24;"terça-feira";"13:25:00";"RJ";356;136;"CAMPOS DOS GOYTACAZES";"Ausência de reação do condutor";"Colisão lateral mesmo sentido";"Com Vítimas Feridas";"Pleno dia";"Crescente";"Céu Claro";"Simples";"Interseção de Vias";"Sim";3;0;0;1;1;1;1;3;-21,740559;-41,331159;"SPRF-RJ";"DEL08/RJ";"UOP01-DEL08-RJ"
760444;2026-02-06;"sexta-feira";"18:40:00";"PA";155;331;"MARABA";"Ausência de reação do condutor";"Colisão traseira";"Com Vítimas Feridas";"Anoitecer";"Crescente";"Nublado";"Simples";"Reta";"Não";10;0;3;1;4;4;4;8;-5,47142945;-49,07591948;"SPRF-PA";"DEL03/PA";"UOP01-DEL03-PA"
760450;2026-03-24;"terça-feira";"08:00:00";"PA";10;96;"ULIANOPOLIS";"Ingestão de substâncias psicoativas pelo condutor";"Eventos atípicos";"Com Vítimas Feridas";"Amanhecer";"Crescente";"Céu Claro";"Simples";"Aclive;Reta";"Não";2;0;1;0;0;1;1;2;-3,604898;-47,48947;"SPRF-PA";"DEL02/PA";"UOP02-DEL02-PA"
760452;2026-03-24;"terça-feira";"13:36:00";"MG";50;6,5;"UBERLANDIA";"Avarias e/ou desgaste excessivo no pneu";"Saída de leito carroçável";"Com Vítimas Feridas";"Pleno dia";"Decrescente";"Nublado";"Dupla";"Declive";"Não";2;0;2;0;0;0;2;1;-18,866612;-48,213365;"SPRF-MG";"DEL15/MG";"UOP01-DEL15-MG"
760459;2026-03-24;"terça-feira";"11:45:00";"SC";280;224;"TRES BARRAS";"Ausência de reação do condutor";"Colisão com objeto";"Sem Vítimas";"Pleno dia";"Decrescente";"Céu Claro";"Simples";"Reta";"Não";2;0;0;0;1;2;0;3;-26,181945;-50,327767;"SPRF-SC";"DEL06/SC";"UOP04-DEL06-SC"
760461;2026-01-15;"quinta-feira";"19:16:00";"TO";153;591;"SANTA RITA DO TOCANTINS";"Falta de acostamento";"Colisão traseira";"Com Vítimas Fatais";"Plena Noite";"Decrescente";"Céu Claro";"Simples";"Reta";"Não";36;1;2;2;30;1;4;3;-11,01822;-48,90821;"SPRF-TO";"DEL01-TO";"UOP01-DEL01-TO"
760467;2026-03-24;"terça-feira";"14:20:00";"PR";376;430;"TIBAGI";"Velocidade Incompatível";"Colisão com objeto";"Com Vítimas Feridas";"Pleno dia";"Decrescente";"Chuva";"Dupla";"Curva";"Não";3;0;2;0;0;1;2;2;-24,78639;-50,50774;"SPRF-PR";"DEL03/PR";"UOP02-DEL03-PR"
760468;2026-03-24;"terça-feira";"10:20:00";"MG";381;613,4;"OLIVEIRA";"Demais falhas mecânicas ou elétricas";"Incêndio";"Sem Vítimas";"Pleno dia";"Crescente";"Céu Claro";"Dupla";"Declive;Curva";"Não";2;0;0;0;1;1;0;2;-20,704496;-44,752811;"SPRF-MG";"DEL04/MG";"UOP01-DEL04-MG"
760470;2026-03-24;"terça-feira";"16:10:00";"ES";262;148,8;"IBATIBA";"Transitar na contramão";"Colisão frontal";"Com Vítimas Feridas";"Pleno dia";"Crescente";"Chuva";"Simples";"Curva";"Não";3;0;0;1;1;1;1;3;-20,216253;-41,429639;"SPRF-ES";"DEL01-ES";"UOP02-DEL01-ES"
760472;2026-03-24;"terça-feira";"12:00:00";"RJ";40;109;"DUQUE DE CAXIAS";"Ausência de reação do condutor";"Colisão lateral mesmo sentido";"Com Vítimas Feridas";"Pleno dia";"Decrescente";"Céu Claro";"Múltipla";"Reta";"Sim";5;0;1;0;3;1;1;3;-22,679936;-43,286143;"SPRF-RJ";"DEL01/RJ";"UOP02-DEL01-RJ"
760479;2026-03-24;"terça-feira";"17:00:00";"SC";101;44,4;"JOINVILLE";"Reação tardia ou ineficiente do condutor";"Colisão traseira";"Com Vítimas Feridas";"Pleno dia";"Decrescente";"Céu Claro";"Dupla";"Aclive;Reta";"Sim";2;0;1;0;1;0;1;2;-26,3441451;-48,8578381;"SPRF-SC";"DEL03/SC";"UOP01-DEL03-SC"
760481;2026-03-24;"terça-feira";"17:30:00";"DF";60;4,6;"BRASILIA";"Trafegar com motocicleta (ou similar) entre as faixas";"Colisão traseira";"Com Vítimas Fatais";"Anoitecer";"Crescente";"Nublado";"Dupla";"Reta";"Sim";4;1;0;0;3;0;0;3;-15,894546;-48,101954;"SPRF-DF";"DEL03-DF";"UOP01-DEL03-DF"
760484;2026-03-24;"terça-feira";"17:40:00";"PR";376;183,3;"SARANDI";"Manobra de mudança de faixa";"Colisão lateral mesmo sentido";"Com Vítimas Feridas";"Anoitecer";"Crescente";"Chuva";"Dupla";"Reta";"Sim";4;0;2;0;2;0;2;3;-23,43780948;-51,87726129;"SPRF-PR";"DEL09/PR";"UOP01-DEL09-PR"
760487;2026-03-24;"terça-feira";"08:15:00";"AC";364;253;"SENA MADUREIRA";"Condutor deixou de manter distância do veículo da frente";"Colisão traseira";"Com Vítimas Feridas";"Pleno dia";"Crescente";"Céu Claro";"Simples";"Reta";"Não";4;0;1;0;3;0;1;3;-9,203724;-68,542498;"SPRF-AC";"DEL01-AC";"UOP01-DEL01-AC"
760495;2026-03-24;"terça-feira";"14:50:00";"RJ";101;118,7;"CAMPOS DOS GOYTACAZES";"Demais falhas mecânicas ou elétricas";"Incêndio";"Sem Vítimas";"Pleno dia";"Decrescente";"Céu Claro";"Dupla";"Reta";"Não";2;0;0;0;1;2;0;3;-22,017049;-41,680482;"SPRF-RJ";"DEL08/RJ";"UOP02-DEL08-RJ"
760496;2026-03-24;"terça-feira";"11:30:00";"MT";364;481;"JANGADA";"Acostamento em desnível";"Saída de leito carroçável";"Com Vítimas Feridas";"Pleno dia";"Decrescente";"Chuva";"Simples";"Declive;Reta";"Não";2;0;1;0;0;1;1;2;-15,33459;-56,42199;"SPRF-MT";"DEL01/MT";"UOP02-DEL01-MT"
760500;2026-03-24;"terça-feira";"07:45:00";"RJ";493;8;"GUAPIMIRIM";"Condutor deixou de manter distância do veículo da frente";"Colisão traseira";"Com Vítimas Feridas";"Pleno dia";"Decrescente";"Céu Claro";"Simples";"Reta";"Não";2;0;1;0;1;0;1;2;-22,65966484;-43,05077921;"SPRF-RJ";"DEL04/RJ";"UOP02-DEL04-RJ"
760502;2026-03-24;"terça-feira";"16:30:00";"MT";364;405;"CUIABA";"Ausência de reação do condutor";"Colisão lateral mesmo sentido";"Com Vítimas Fatais";"Pleno dia";"Decrescente";"Céu Claro";"Dupla";"Reta";"Sim";3;1;0;0;2;0;0;3;-15,64518841;-56,01181984;"SPRF-MT";"DEL01/MT";"UOP02-DEL01-MT"
760507;2026-03-24;"terça-feira";"17:40:00";"MT";158;674;"NOVA XAVANTINA";"Ausência de reação do condutor";"Tombamento";"Com Vítimas Feridas";"Plena Noite";"Crescente";"Céu Claro";"Simples";"Reta";"Não";3;0;1;0;1;2;1;4;-14,85221793;-52,29183197;"SPRF-MT";"DEL07/MT";"UOP01-DEL07-MT"
760510;2026-03-24;"terça-feira";"19:00:00";"ES";101;152,2;"LINHARES";"Carga excessiva e/ou mal acondicionada";"Saída de leito carroçável";"Com Vítimas Feridas";"Plena Noite";"Crescente";"Céu Claro";"Simples";"Reta";"Não";3;0;2;0;0;1;2;2;-19,4223797;-40,07293994;"SPRF-ES";"DEL04-ES";"UOP01-DEL04-ES"
760511;2026-03-24;"terça-feira";"19:30:00";"RJ";116;128;"MAGE";"Ausência de reação do condutor";"Saída de leito carroçável";"Com Vítimas Feridas";"Plena Noite";"Crescente";"Céu Claro";"Dupla";"Declive;Curva";"Sim";2;0;1;0;0;1;1;2;-22,66205563;-43,11550904;"SPRF-RJ";"DEL04/RJ";"UOP02-DEL04-RJ"
760514;2026-03-24;"terça-feira";"11:45:00";"SC";280;226;"TRES BARRAS";"Ausência de reação do condutor";"Colisão traseira";"Com Vítimas Feridas";"Pleno dia";"Decrescente";"Céu Claro";"Simples";"Reta";"Não";2;0;0;1;1;0;1;2;-26,181945;-50,327767;"SPRF-SC";"DEL06/SC";"UOP04-DEL06-SC"
760519;2026-03-24;"terça-feira";"18:50:00";"MT";364;524,6;"ROSARIO OESTE";"Ausência de reação do condutor";"Saída de leito carroçável";"Com Vítimas Feridas";"Plena Noite";"Decrescente";"Céu Claro";"Simples";"Reta";"Não";2;0;1;0;0;2;1;3;-14,978578;-56,518872;"SPRF-MT";"DEL01/MT";"UOP01-DEL01-MT"
760520;2026-03-20;"sexta-feira";"23:00:00";"PR";376;56;"GUAIRACA";"Reação tardia ou ineficiente do condutor";"Eventos atípicos";"Com Vítimas Feridas";"Plena Noite";"Crescente";"Céu Claro";"Simples";"Reta";"Não";1;0;1;0;0;0;1;1;-22,93925143;-52,73261011;"SPRF-PR";"DEL09/PR";"UOP02-DEL09-PR"
760523;2026-03-24;"terça-feira";"20:00:00";"MT";163;695;"SORRISO";"Ausência de reação do condutor";"Colisão lateral sentido oposto";"Com Vítimas Feridas";"Plena Noite";"Crescente";"Nublado";"Simples";"Reta";"Não";3;0;1;0;1;2;1;4;-13,015351;-55,892666;"SPRF-MT";"DEL06/MT";"UOP01-DEL06-MT"
760524;2026-03-24;"terça-feira";"20:30:00";"ES";101;386;"RIO NOVO DO SUL";"Pedestre andava na pista";"Atropelamento de Pedestre";"Com Vítimas Feridas";"Plena Noite";"Crescente";"Céu Claro";"Simples";"Curva";"Não";3;0;0;1;1;1;1;3;-20,8406867;-40,87181;"SPRF-ES";"DEL03-ES";"UOP01-DEL03-ES"
760526;2026-03-24;"terça-feira";"20:30:00";"PR";376;664;"GUARATUBA";"Demais falhas mecânicas ou elétricas";"Incêndio";"Sem Vítimas";"Plena Noite";"Decrescente";"Céu Claro";"Simples";"Aclive;Curva";"Não";1;0;0;0;1;0;0;1;-25,8537137;-48,95245727;"SPRF-PR";"DEL01/PR";"UOP04-DEL01-PR"
760529;2026-03-24;"terça-feira";"21:30:00";"SC";101;79;"ARAQUARI";"Reação tardia ou ineficiente do condutor";"Saída de leito carroçável";"Com Vítimas Feridas";"Plena Noite";"Decrescente";"Céu Claro";"Múltipla";"Reta";"Não";3;0;1;0;1;1;1;3;-26,59451057;-48,72220588;"SPRF-SC";"DEL03/SC";"UOP02-DEL03-SC"
760530;2026-03-24;"terça-feira";"21:10:00";"MG";365;265;"JOAO PINHEIRO";"Ausência de reação do condutor";"Tombamento";"Com Vítimas Feridas";"Plena Noite";"Crescente";"Céu Claro";"Simples";"Declive;Curva";"Não";3;0;1;1;0;1;2;2;-17,8961057;-45,5664316;"SPRF-MG";"DEL10/MG";"UOP02-DEL010-MG"
760534;2026-03-24;"terça-feira";"21:30:00";"MS";163;667;"RIO VERDE DE MATO GROSSO";"Ausência de reação do condutor";"Saída de leito carroçável";"Com Vítimas Feridas";"Plena Noite";"Crescente";"Garoa/Chuvisco";"Simples";"Curva";"Não";1;0;1;0;0;0;1;1;-19,025657;-54,827007;"SPRF-MS";"DEL06/MS";"UOP02-DEL06-MS"
760540;2026-03-25;"quarta-feira";"00:23:00";"TO";153;140;"ARAGUAINA";"Ingestão de álcool pelo condutor";"Saída de leito carroçável";"Sem Vítimas";"Plena Noite";"Crescente";"Céu Claro";"Dupla";"Reta";"Não";2;0;0;0;2;0;0;2;-7,3233146;-48,30697895;"SPRF-TO";"DEL02-TO";"UOP01-DEL02-TO"
760542;2026-03-25;"quarta-feira";"03:15:00";"TO";153;247,8;"COLINAS DO TOCANTINS";"Ausência de reação do condutor";"Colisão traseira";"Com Vítimas Feridas";"Plena Noite";"Crescente";"Garoa/Chuvisco";"Dupla";"Reta";"Sim";4;0;0;2;1;1;2;3;-8,066442;-48,467332;"SPRF-TO";"DEL02-TO";"UOP02-DEL02-TO"
760544;2026-03-25;"quarta-feira";"05:00:00";"GO";153;414;"ANAPOLIS";"Deficiência do Sistema de Iluminação/Sinalização";"Colisão traseira";"Com Vítimas Feridas";"Plena Noite";"Crescente";"Chuva";"Simples";"Reta;Aclive";"Não";3;0;2;0;1;0;2;2;-16,14085291;-49,04722005;"SPRF-GO";"DEL02/GO";"UOP02-DEL02-GO"
760545;2026-03-25;"quarta-feira";"04:00:00";"MG";381;602;"CARMOPOLIS DE MINAS";"Ausência de reação do condutor";"Colisão traseira";"Sem Vítimas";"Plena Noite";"Decrescente";"Nublado";"Dupla";"Reta";"Não";3;0;0;0;2;1;0;3;-20,60644661;-44,72489114;"SPRF-MG";"DEL04/MG";"UOP01-DEL04-MG"
760547;2026-03-25;"quarta-feira";"04:40:00";"MS";262;533;"MIRANDA";"Ausência de reação do condutor";"Colisão traseira";"Com Vítimas Fatais";"Amanhecer";"Crescente";"Céu Claro";"Simples";"Reta";"Não";3;1;0;1;1;0;1;2;-20,34127153;-56,16945437;"SPRF-MS";"DEL03/MS";"UOP02-DEL03-MS"
760549;2026-03-25;"quarta-feira";"06:00:00";"SC";101;174,9;"BIGUACU";"Reação tardia ou ineficiente do condutor";"Tombamento";"Com Vítimas Feridas";"Amanhecer";"Crescente";"Nublado";"Múltipla";"Reta";"Não";2;0;2;0;0;0;2;1;-27,339334;-48,627342;"SPRF-SC";"DEL01/SC";"UOP01-DEL01-SC"
760551;2026-03-25;"quarta-feira";"06:25:00";"GO";153;362;"JARAGUA";"Mal súbito do condutor";"Derramamento de carga";"Sem Vítimas";"Pleno dia";"Crescente";"Chuva";"Simples";"Reta;Declive";"Não";3;0;0;0;2;1;0;2;-15,78597656;-49,30355072;"SPRF-GO";"DEL02/GO";"UOP02-DEL02-GO"
760552;2026-03-25;"quarta-feira";"05:30:00";"SE";101;125,5;"ITAPORANGA DAJUDA";"Ausência de reação do condutor";"Colisão traseira";"Com Vítimas Feridas";"Pleno dia";"Decrescente";"Céu Claro";"Dupla";"Aclive;Reta";"Não";3;0;0;1;1;1;1;3;-11,07612016;-37,36445904;"SPRF-SE";"DEL02-SE";"UOP01-DEL02-SE"
760556;2026-03-25;"quarta-feira";"06:20:00";"DF";20;25,2;"BRASILIA";"Velocidade Incompatível";"Saída de leito carroçável";"Com Vítimas Feridas";"Amanhecer";"Crescente";"Chuva";"Dupla";"Curva";"Sim";1;0;1;0;0;0;1;1;-15,59567;-47,65181;"SPRF-DF";"DEL02-DF";"UOP01-DEL02-DF"
760561;2026-03-25;"quarta-feira";"06:50:00";"PR";277;725,8;"FOZ DO IGUACU";"Condutor deixou de manter distância do veículo da frente";"Colisão traseira";"Com Vítimas Feridas";"Pleno dia";"Decrescente";"Céu Claro";"Dupla";"Reta";"Sim";2;0;0;1;1;0;1;2;-25,50628942;-54,54383539;"SPRF-PR";"DEL05/PR";"UOP03-DEL05-PR"
760565;2026-03-13;"sexta-feira";"04:45:00";"SP";116;295,2;"ITAPECERICA DA SERRA";"Frear bruscamente";"Colisão traseira";"Com Vítimas Feridas";"Plena Noite";"Crescente";"Nublado";"Dupla";"Reta";"Sim";3;0;1;0;1;1;1;3;-23,74802846;-46,90067059;"SPRF-SP";"DEL04/SP";"UOP01-DEL04-SP"
760568;2026-03-24;"terça-feira";"13:05:00";"RJ";116;85,6;"TERESOPOLIS";"Velocidade Incompatível";"Colisão traseira";"Com Vítimas Feridas";"Pleno dia";"Crescente";"Nublado";"Simples";"Reta";"Sim";3;0;1;0;2;0;1;2;-22,43599548;-42,94858611;"SPRF-RJ";"DEL04/RJ";"UOP01-DEL04-RJ"
760577;2026-03-19;"quinta-feira";"23:00:00";"PR";153;479;"GENERAL CARNEIRO";"Condutor Dormindo";"Saída de leito carroçável";"Sem Vítimas";"Plena Noite";"Crescente";"Nublado";"Simples";"Curva";"Não";2;0;0;0;1;1;0;2;-26,35495899;-51,25637054;"SPRF-PR";"DEL02/PR";"UOP03-DEL02-PR"
760583;2026-03-25;"quarta-feira";"08:35:00";"BA";242;606;"IBOTIRAMA";"Acessar a via sem observar a presença dos outros veículos";"Colisão lateral mesmo sentido";"Com Vítimas Feridas";"Pleno dia";"Crescente";"Nublado";"Simples";"Reta";"Sim";5;0;1;1;1;4;2;6;-12,17829377;-43,22055817;"SPRF-BA";"DEL06/BA";"UOP03-DEL06-BA"
760591;2026-03-25;"quarta-feira";"10:00:00";"SC";101;161;"TIJUCAS";"Manobra de mudança de faixa";"Colisão traseira";"Sem Vítimas";"Pleno dia";"Crescente";"Céu Claro";"Dupla";"Reta";"Sim";4;0;0;0;3;2;0;5;-27,22995708;-48,62929551;"SPRF-SC";"DEL04/SC";"UOP03-DEL04-SC"
760592;2026-03-25;"quarta-feira";"09:30:00";"PR";277;400;"CANDOI";"Acessar a via sem observar a presença dos outros veículos";"Colisão transversal";"Com Vítimas Feridas";"Pleno dia";"Crescente";"Céu Claro";"Simples";"Interseção de Vias;Retorno Regulamentado;Reta";"Não";3;0;0;1;1;1;1;3;-25,44959119;-51,92453027;"SPRF-PR";"DEL04/PR";"UOP02-DEL04-PR"
760593;2026-03-25;"quarta-feira";"09:05:00";"BA";101;137;"TEODORO SAMPAIO";"Ausência de reação do condutor";"Colisão frontal";"Com Vítimas Feridas";"Pleno dia";"Decrescente";"Céu Claro";"Simples";"Reta";"Não";6;0;1;0;4;1;1;5;-12,2247483;-38,6207466;"SPRF-BA";"DEL01/BA";"UOP04-DEL01-BA"
760595;2026-03-25;"quarta-feira";"11:00:00";"PR";476;144;"CURITIBA";"Acessar a via sem observar a presença dos outros veículos";"Colisão lateral mesmo sentido";"Com Vítimas Feridas";"Pleno dia";"Decrescente";"Sol";"Dupla";"Curva;Interseção de Vias;Aclive";"Não";3;0;1;0;1;1;1;3;-25,54206172;-49,31205869;"SPRF-PR";"DEL01/PR";"UOP06-DEL01-PR"
760596;2026-03-09;"segunda-feira";"18:10:00";"PB";104;38;"BARRA DE SANTA ROSA";"Ausência de reação do condutor";"Colisão traseira";"Com Vítimas Feridas";"Plena Noite";"Crescente";"Céu Claro";"Simples";"Reta";"Não";2;0;0;1;0;1;1;2;-6,668218;-36,09739;"SPRF-PB";"DEL02-PB";"UOP04-DEL02-PB"
760597;2026-03-25;"quarta-feira";"06:00:00";"RO";364;924;"PORTO VELHO";"Condutor Dormindo";"Saída de leito carroçável";"Sem Vítimas";"Amanhecer";"Crescente";"Nublado";"Simples";"Reta";"Não";2;0;0;0;0;2;0;2;-9,72123944;-65,34324646;"SPRF-RO";"DEL01-RO";"UOP03-DEL01-RO"
760605;2026-03-25;"quarta-feira";"12:02:00";"SP";116;511;"CAJATI";"Reação tardia ou ineficiente do condutor";"Tombamento";"Com Vítimas Feridas";"Pleno dia";"Decrescente";"Sol";"Simples";"Declive;Curva";"Não";2;0;1;0;0;1;1;2;-24,83274424;-48,2147011;"SPRF-SP";"DEL05/SP";"UOP02-DEL05-SP"
760606;2026-03-25;"quarta-feira";"09:00:00";"GO";20;184;"SIMOLANDIA";"Frear bruscamente";"Colisão traseira";"Com Vítimas Feridas";"Pleno dia";"Crescente";"Nublado";"Dupla";"Reta";"Sim";3;0;1;0;1;1;1;3;-14,462832;-46,479338;"SPRF-DF";"DEL02-DF";"UOP03-DEL02-DF"
760608;2026-03-25;"quarta-feira";"07:50:00";"PA";163;617;"TRAIRAO";"Velocidade Incompatível";"Tombamento";"Com Vítimas Fatais";"Pleno dia";"Crescente";"Nublado";"Simples";"Curva";"Não";7;1;0;4;1;3;4;5;-4,73283503;-56,04777691;"SPRF-PA";"DEL05/PA";"UOP03-DEL05-PA"
760609;2026-03-25;"quarta-feira";"12:50:00";"ES";262;26,5;"VIANA";"Demais falhas mecânicas ou elétricas";"Colisão frontal";"Com Vítimas Feridas";"Pleno dia";"Crescente";"Nublado";"Simples";"Declive;Curva";"Não";4;0;3;1;0;0;4;3;-20,38467;-40,554919;"SPRF-ES";"DEL01-ES";"UOP01-DEL01-ES"
760611;2026-03-25;"quarta-feira";"12:10:00";"MG";262;13;"MARTINS SOARES";"Conversão proibida";"Colisão transversal";"Com Vítimas Feridas";"Pleno dia";"Crescente";"Céu Claro";"Simples";"Reta";"Não";8;0;1;0;6;1;1;3;-20,2584192;-41,8616814;"SPRF-MG";"DEL06/MG";"UOP03-DEL06-MG"
760612;2026-03-25;"quarta-feira";"12:00:00";"RS";470;173;"VERANOPOLIS";"Transitar na contramão";"Colisão lateral sentido oposto";"Com Vítimas Feridas";"Pleno dia";"Crescente";"Céu Claro";"Simples";"Declive;Reta";"Não";3;0;1;0;1;1;1;3;-28,907104;-51,548053;"SPRF-RS";"DEL06/RS";"UOP02-DEL06-RS"
760614;2026-03-25;"quarta-feira";"08:35:00";"MT";163;756;"SORRISO";"Reação tardia ou ineficiente do condutor";"Colisão lateral mesmo sentido";"Com Vítimas Fatais";"Pleno dia";"Crescente";"Céu Claro";"Dupla";"Aclive;Curva";"Não";5;1;1;0;2;2;1;6;-12,52875848;-55,7039988;"SPRF-MT";"DEL06/MT";"UOP01-DEL06-MT"
760615;2026-03-25;"quarta-feira";"12:30:00";"RN";304;296;"MACAIBA";"Manobra de mudança de faixa";"Colisão lateral mesmo sentido";"Com Vítimas Fatais";"Pleno dia";"Decrescente";"Céu Claro";"Simples";"Reta";"Sim";4;1;0;0;2;1;0;4;-5,864298;-35,346173;"SPRF-RN";"DEL01-RN";"UOP02-DEL01-RN"
760619;2026-03-25;"quarta-feira";"12:50:00";"MG";381;600,7;"CARMOPOLIS DE MINAS";"Condutor Dormindo";"Colisão traseira";"Com Vítimas Feridas";"Pleno dia";"Crescente";"Céu Claro";"Dupla";"Reta;Aclive";"Não";3;0;1;0;1;3;1;5;-20,605342;-44,723788;"SPRF-MG";"DEL04/MG";"UOP01-DEL04-MG"
760626;2026-03-25;"quarta-feira";"13:10:00";"SE";101;182;"UMBAUBA";"Demais falhas mecânicas ou elétricas";"Colisão com objeto";"Sem Vítimas";"Pleno dia";"Decrescente";"Céu Claro";"Simples";"Reta";"Sim";4;0;0;0;3;1;0;3;-11,374833;-37,656805;"SPRF-SE";"DEL02-SE";"UOP03-DEL02-SE"
760627;2026-03-25;"quarta-feira";"13:50:00";"PR";376;625;"SAO JOSE DOS PINHAIS";"Reação tardia ou ineficiente do condutor";"Colisão traseira";"Com Vítimas Feridas";"Pleno dia";"Crescente";"Céu Claro";"Múltipla";"Reta";"Sim";4;0;1;0;2;2;1;5;-25,662386;-49,154919;"SPRF-PR";"DEL01/PR";"UOP04-DEL01-PR"
760630;2026-03-25;"quarta-feira";"10:15:00";"RJ";116;230,3;"PIRAI";"Demais falhas mecânicas ou elétricas";"Incêndio";"Sem Vítimas";"Pleno dia";"Decrescente";"Céu Claro";"Dupla";"Curva";"Não";1;0;0;0;1;0;0;1;-22,67147333;-43,82891921;"SPRF-RJ";"DEL07/RJ";"UOP01-DEL07-RJ"
760631;2026-03-25;"quarta-feira";"14:45:00";"SC";101;144;"ITAPEMA";"Trafegar com motocicleta (ou similar) entre as faixas";"Colisão traseira";"Com Vítimas Feridas";"Pleno dia";"Crescente";"Céu Claro";"Dupla";"Reta";"Sim";3;0;1;0;2;0;1;3;-27,07540013;-48,597742;"SPRF-SC";"DEL04/SC";"UOP03-DEL04-SC"
760635;2026-03-25;"quarta-feira";"15:40:00";"PR";277;67,9;"SAO JOSE DOS PINHAIS";"Acessar a via sem observar a presença dos outros veículos";"Colisão lateral mesmo sentido";"Sem Vítimas";"Pleno dia";"Crescente";"Céu Claro";"Dupla";"Reta";"Sim";3;0;0;0;2;2;0;4;-25,52203373;-49,10442352;"SPRF-PR";"DEL01/PR";"UOP01-DEL01-PR"
760638;2026-03-23;"segunda-feira";"17:00:00";"GO";452;62;"MAURILANDIA";"Demais falhas mecânicas ou elétricas";"Incêndio";"Sem Vítimas";"Pleno dia";"Crescente";"Ignorado";"Múltipla";"Aclive;Reta";"Não";2;0;0;0;0;2;0;2;-18,003883;-50,372037;"SPRF-GO";"DEL04/GO";"UOP01-DEL04-GO"
760654;2026-03-25;"quarta-feira";"15:50:00";"MG";116;699,5;"MURIAE";"Acessar a via sem observar a presença dos outros veículos";"Colisão transversal";"Com Vítimas Feridas";"Pleno dia";"Crescente";"Céu Claro";"Simples";"Reta;Interseção de Vias";"Sim";3;0;1;1;0;2;2;4;-21,10267813;-42,37852693;"SPRF-MG";"DEL07/MG";"UOP02-DEL07-MG"
760655;2026-03-25;"quarta-feira";"16:35:00";"SP";116;76,3;"ROSEIRA";"Reação tardia ou ineficiente do condutor";"Colisão lateral mesmo sentido";"Sem Vítimas";"Pleno dia";"Decrescente";"Céu Claro";"Dupla";"Reta;Em Obras";"Não";2;0;0;0;1;1;0;2;-22,87688691;-45,27058125;"SPRF-SP";"DEL08/SP";"UOP01-DEL08-SP"
760663;2026-03-25;"quarta-feira";"18:00:00";"PB";230;17,8;"JOAO PESSOA";"Manobra de mudança de faixa";"Colisão lateral mesmo sentido";"Com Vítimas Feridas";"Plena Noite";"Crescente";"Céu Claro";"Dupla";"Reta";"Sim";3;0;2;0;0;1;2;2;-7,118552;-34,844515;"SPRF-PB";"DEL01-PB";"UOP01-DEL01-PB"
760668;2026-03-25;"quarta-feira";"17:50:00";"MG";50;59;"UBERLANDIA";"Reação tardia ou ineficiente do condutor";"Colisão traseira";"Com Vítimas Feridas";"Anoitecer";"Crescente";"Sol";"Dupla";"Curva;Aclive";"Não";3;0;1;0;1;3;1;5;-18,80431795;-48,24052759;"SPRF-MG";"DEL15/MG";"UOP02-DEL15-MG"
760674;2026-03-25;"quarta-feira";"18:10:00";"MG";116;276;"TEOFILO OTONI";"Reação tardia ou ineficiente do condutor";"Colisão traseira";"Com Vítimas Feridas";"Anoitecer";"Decrescente";"Nublado";"Simples";"Reta";"Sim";3;0;1;0;1;1;1;2;-17,853212;-41,514238;"SPRF-MG";"DEL11/MG";"UOP01-DEL11-MG"
760679;2026-03-25;"quarta-feira";"18:00:00";"SC";153;97,5;"CONCORDIA";"Ausência de reação do condutor";"Colisão lateral sentido oposto";"Com Vítimas Fatais";"Anoitecer";"Crescente";"Céu Claro";"Simples";"Curva";"Sim";3;1;0;0;1;1;0;3;-27,23142342;-51,95230412;"SPRF-SC";"DEL07/SC";"UOP04-DEL07-SC"
760680;2026-03-25;"quarta-feira";"16:00:00";"RS";470;261;"SALVADOR DO SUL";"Acessar a via sem observar a presença dos outros veículos";"Colisão transversal";"Com Vítimas Feridas";"Pleno dia";"Crescente";"Nevoeiro/Neblina";"Simples";"Reta";"Não";5;0;1;0;3;1;1;3;-29,47503167;-51,48842333;"SPRF-RS";"DEL06/RS";"UOP01-DEL06-RS"
760685;2026-03-25;"quarta-feira";"19:12:00";"PE";101;80,8;"JABOATAO DOS GUARARAPES";"Acessar a via sem observar a presença dos outros veículos";"Colisão lateral sentido oposto";"Com Vítimas Feridas";"Pleno dia";"Decrescente";"Céu Claro";"Dupla";"Reta";"Sim";3;0;1;0;1;1;1;3;-8,15948356;-34,94058355;"SPRF-PE";"DEL01/PE";"UOP01-DEL01-PE"
760686;2026-03-25;"quarta-feira";"19:15:00";"RS";116;454;"SAO LOURENCO DO SUL";"Acessar a via sem observar a presença dos outros veículos";"Colisão transversal";"Com Vítimas Feridas";"Plena Noite";"Crescente";"Chuva";"Dupla";"Reta";"Não";3;0;1;0;1;2;1;4;-31,21998448;-52,01171207;"SPRF-RS";"DEL02/RS";"UOP02-DEL02-RS"