"id";"data_inversa";"dia_semana";"horario";"uf";"br";"km";"municipio";"causa_acidente";"tipo_acidente";"classificacao_acidente";"fase_dia";"sentido_via";"condicao_metereologica";"tipo_pista";"tracado_via";"uso_solo";"pessoas";"mortos";"feridos_leves";"feridos_graves";"ilesos";"ignorados";"feridos";"veiculos";"latitude";"longitude";"regional";"delegacia";"uop"
765433;2026-04-16;"quinta-feira";"13:00:00";"PR";376;373,1;"IMBAU";"Reação tardia ou ineficiente do condutor";"Colisão frontal";"Sem Vítimas";"Pleno dia";"Decrescente";"Céu Claro";"Simples";"Reta";"Não";3;0;0;0;2;1;0;3;-24,38692212;-50,78805685;"SPRF-PR";"DEL07/PR";"UOP02-DEL07-PR"
765435;2026-04-16;"quinta-feira";"14:50:00";"RS";116;248;"SAO LEOPOLDO";"Reação tardia ou ineficiente do condutor";"Colisão lateral mesmo sentido";"Com Vítimas Feridas";"Pleno dia";"Decrescente";"Céu Claro";"Múltipla";"Reta";"Sim";3;0;1;0;1;1;1;3;-29,78020386;-51,15769593;"SPRF-RS";"DEL01/RS";"UOP02-DEL01-RS"
765438;2026-04-16;"quinta-feira";"15:25:00";"CE";116;19;"EUSEBIO";"Trafegar com motocicleta (ou similar) entre as faixas";"Colisão lateral mesmo sentido";"Com Vítimas Feridas";"Pleno dia";"Decrescente";"Céu Claro";"Dupla";"Reta";"Sim";2;0;0;1;0;1;1;2;-3,918407;-38,507187;"SPRF-CE";"DEL01/CE";"UOP02-DEL01-CE"
765439;2026-04-16;"quinta-feira";"15:15:00";"MG";262;400;"PARA DE MINAS";"Conversão proibida";"Colisão transversal";"Com Vítimas Feridas";"Pleno dia";"Crescente";"Céu Claro";"Dupla";"Aclive;Reta";"Não";2;0;0;1;1;0;1;2;-19,887437;-44,640931;"SPRF-MG";"DEL01/MG";"UOP03-DEL01-MG"
765441;2026-04-16;"quinta-feira";"14:50:00";"SC";282;45,8;"AGUAS MORNAS";"Velocidade Incompatível";"Colisão traseira";"Com Vítimas Feridas";"Pleno dia";"Decrescente";"Céu Claro";"Simples";"Curva;Declive";"Não";3;0;0;1;1;1;1;3;-27,72005;-48,92331;"SPRF-SC";"DEL01/SC";"UOP03-DEL01-SC"
765443;2026-04-16;"quinta-feira";"12:00:00";"MT";70;611;"POCONE";"Chuva";"Saída de leito carroçável";"Com Vítimas Feridas";"Pleno dia";"Decrescente";"Chuva";"Simples";"Curva";"Não";2;0;1;0;0;1;1;2;-15,88968746;-56,89235687;"SPRF-MT";"DEL03/MT";"UOP02-DEL03-MT"
765445;2026-04-16;"quinta-feira";"15:50:00";"RS";116;267;"CANOAS";"Condutor deixou de manter distância do veículo da frente";"Colisão lateral mesmo sentido";"Com Vítimas Feridas";"Pleno dia";"Decrescente";"Céu Claro";"Múltipla";"Reta";"Sim";4;0;1;0;2;1;1;4;-29,93577728;-51,17766835;"SPRF-RS";"DEL01/RS";"UOP01-DEL01-RS"
765446;2026-04-16;"quinta-feira";"14:10:00";"RO";364;31;"VILHENA";"Transitar na contramão";"Colisão lateral mesmo sentido";"Com Vítimas Feridas";"Pleno dia";"Crescente";"Nublado";"Simples";"Declive;Reta;Em Obras";"Não";6;0;2;0;4;0;2;3;-12,6909399;-60,2806486;"SPRF-RO";"DEL04-RO";"UOP01-DEL04-RO"
765451;2026-04-16;"quinta-feira";"15:45:00";"MG";50;70;"UBERLANDIA";"Reação tardia ou ineficiente do condutor";"Colisão lateral mesmo sentido";"Com Vítimas Feridas";"Pleno dia";"Crescente";"Céu Claro";"Dupla";"Reta";"Sim";3;0;0;1;1;3;1;5;-18,888389;-48,4826;"SPRF-MG";"DEL15/MG";"UOP01-DEL15-MG"
765456;2026-04-16;"quinta-feira";"16:04:00";"PB";230;23,6;"JOAO PESSOA";"Condutor deixou de manter distância do veículo da frente";"Colisão traseira";"Com Vítimas Feridas";"Pleno dia";"Decrescente";"Céu Claro";"Simples";"Aclive;Reta";"Não";3;0;2;0;1;0;2;2;-7,16522634;-34,86270815;"SPRF-PB";"DEL01-PB";"UOP01-DEL01-PB"
765458;2026-04-16;"quinta-feira";"15:15:00";"RS";470;70;"LAGOA VERMELHA";"Ultrapassagem Indevida";"Colisão frontal";"Com Vítimas Fatais";"Pleno dia";"Decrescente";"Sol";"Simples";"Reta;Declive";"Não";5;1;0;0;3;3;0;7;-28,164047;-51,512963;"SPRF-RS";"DEL08/RS";"UOP05-DEL08-RS"
765461;2026-04-16;"quinta-feira";"15:30:00";"BA";101;871,5;"TEIXEIRA DE FREITAS";"Reação tardia ou ineficiente do condutor";"Colisão frontal";"Com Vítimas Fatais";"Pleno dia";"Decrescente";"Céu Claro";"Simples";"Aclive;Reta";"Não";6;3;0;1;1;1;1;3;-17,498327;-39,703562;"SPRF-BA";"DEL09/BA";"UOP02-DEL09-BA"
765466;2026-04-16;"quinta-feira";"17:00:00";"RJ";116;299;"PORTO REAL";"Ausência de reação do condutor";"Colisão traseira";"Com Vítimas Feridas";"Anoitecer";"Crescente";"Céu Claro";"Dupla";"Reta";"Não";2;0;1;0;1;0;1;2;-22,44924972;-44,31978495;"SPRF-RJ";"DEL07/RJ";"UOP02-DEL07-RJ"
765467;2026-04-16;"quinta-feira";"16:20:00";"MG";262;354;"BETIM";"Acessar a via sem observar a presença dos outros veículos";"Colisão lateral mesmo sentido";"Com Vítimas Feridas";"Pleno dia";"Decrescente";"Céu Claro";"Dupla";"Retorno Regulamentado;Reta";"Não";3;0;0;1;1;2;1;4;-19,97535539;-44,26034331;"SPRF-MG";"DEL01/MG";"UOP03-DEL01-MG"
765468;2026-04-16;"quinta-feira";"17:00:00";"RS";116;430,1;"CRISTAL";"Demais falhas mecânicas ou elétricas";"Saída de leito carroçável";"Com Vítimas Feridas";"Anoitecer";"Crescente";"Chuva";"Simples";"Reta";"Não";2;0;1;0;0;1;1;2;-31,0227921;-52,0516113;"SPRF-RS";"DEL02/RS";"UOP02-DEL02-RS"
765471;2026-04-16;"quinta-feira";"16:13:00";"PE";232;408,4;"SERRA TALHADA";"Acessar a via sem observar a presença dos outros veículos";"Colisão transversal";"Com Vítimas Feridas";"Pleno dia";"Decrescente";"Céu Claro";"Simples";"Reta;Declive;Viaduto";"Sim";2;0;1;0;1;0;1;2;-7,983331;-38,282509;"SPRF-PE";"DEL04/PE";"UOP01-DEL04-PE"
765474;2026-04-16;"quinta-feira";"18:00:00";"MG";365;8,3;"MONTES CLAROS";"Conversão proibida";"Colisão transversal";"Com Vítimas Feridas";"Anoitecer";"Decrescente";"Céu Claro";"Simples";"Aclive;Reta";"Não";3;0;0;1;1;1;1;3;-16,82432;-43,921803;"SPRF-MG";"DEL12/MG";"UOP01-DEL12-MG"
765479;2026-04-16;"quinta-feira";"17:50:00";"DF";70;9;"BRASILIA";"Condutor deixou de manter distância do veículo da frente";"Colisão traseira";"Com Vítimas Feridas";"Anoitecer";"Crescente";"Céu Claro";"Dupla";"Reta";"Sim";2;0;1;0;1;0;1;2;-15,78615675;-48,13745348;"SPRF-DF";"DEL03-DF";"UOP02-DEL03-DF"
765481;2026-04-16;"quinta-feira";"18:20:00";"GO";60;175,5;"ABADIA DE GOIAS";"Demais falhas mecânicas ou elétricas";"Colisão traseira";"Com Vítimas Feridas";"Plena Noite";"Crescente";"Garoa/Chuvisco";"Dupla";"Reta;Declive";"Não";4;0;0;2;1;2;2;4;-16,757132;-49,451559;"SPRF-GO";"DEL01/GO";"UOP02-DEL01-GO"
765482;2026-04-16;"quinta-feira";"18:40:00";"MG";40;421,8;"CURVELO";"Conversão proibida";"Colisão transversal";"Com Vítimas Feridas";"Plena Noite";"Decrescente";"Céu Claro";"Simples";"Declive;Reta";"Sim";5;0;1;1;2;1;2;4;-19,153982;-44,548096;"SPRF-MG";"DEL02/MG";"UOP01-DEL02-MG"
765483;2026-04-16;"quinta-feira";"15:45:00";"SC";282;460,3;"PONTE SERRADA";"Acessar a via sem observar a presença dos outros veículos";"Colisão transversal";"Com Vítimas Feridas";"Pleno dia";"Decrescente";"Céu Claro";"Simples";"Reta";"Sim";4;0;1;1;1;1;2;3;-26,87573189;-52,01669097;"SPRF-SC";"DEL07/SC";"UOP04-DEL07-SC"
765484;2026-04-16;"quinta-feira";"16:56:00";"SP";116;504;"CAJATI";"Velocidade Incompatível";"Saída de leito carroçável";"Com Vítimas Feridas";"Pleno dia";"Crescente";"Céu Claro";"Múltipla";"Aclive;Curva";"Não";2;0;1;0;0;1;1;2;-24,782485;-48,208582;"SPRF-SP";"DEL05/SP";"UOP02-DEL05-SP"
765493;2026-04-16;"quinta-feira";"18:40:00";"BA";324;589;"CANDEIAS";"Entrada inopinada do pedestre";"Atropelamento de Pedestre";"Com Vítimas Fatais";"Plena Noite";"Decrescente";"Céu Claro";"Dupla";"Reta";"Não";3;2;0;0;1;0;0;2;-12,6755777;-38,4690567;"SPRF-BA";"DEL01/BA";"UOP01-DEL01-BA"
765502;2026-04-16;"quinta-feira";"19:29:00";"PE";101;73,5;"RECIFE";"Acessar a via sem observar a presença dos outros veículos";"Tombamento";"Com Vítimas Fatais";"Plena Noite";"Crescente";"Chuva";"Dupla";"Reta";"Sim";4;1;1;0;1;1;1;3;-8,09796;-34,95037;"SPRF-PE";"DEL01/PE";"UOP01-DEL01-PE"
765511;2026-04-16;"quinta-feira";"16:25:00";"RO";364;416,8;"JARU";"Pista esburacada";"Colisão traseira";"Com Vítimas Feridas";"Pleno dia";"Crescente";"Chuva";"Simples";"Reta;Declive";"Não";3;0;1;0;1;2;1;4;-10,492554;-62,426693;"SPRF-RO";"DEL03-RO";"UOP02-DEL03-RO"
765521;2026-04-16;"quinta-feira";"20:28:00";"RS";386;413,4;"MONTENEGRO";"Acumulo de água sobre o pavimento";"Colisão frontal";"Com Vítimas Fatais";"Plena Noite";"Decrescente";"Garoa/Chuvisco";"Simples";"Curva";"Não";2;2;0;0;0;0;0;2;-29,815758;-51,489317;"SPRF-RS";"DEL04/RS";"UOP02-DEL04-RS"
765543;2026-04-16;"quinta-feira";"18:30:00";"SC";282;467,8;"PONTE SERRADA";"Transitar na contramão";"Colisão frontal";"Com Vítimas Fatais";"Plena Noite";"Crescente";"Céu Claro";"Simples";"Reta";"Não";5;2;0;1;1;1;1;3;-26,85346029;-52,07849979;"SPRF-SC";"DEL07/SC";"UOP04-DEL07-SC"
765545;2026-04-16;"quinta-feira";"22:35:00";"RO";364;401,5;"OURO PRETO DO OESTE";"Reação tardia ou ineficiente do condutor";"Colisão traseira";"Com Vítimas Feridas";"Plena Noite";"Decrescente";"Nublado";"Simples";"Aclive;Reta";"Não";3;0;1;0;1;3;1;5;-10,592262;-62,352519;"SPRF-RO";"DEL03-RO";"UOP02-DEL03-RO"
765548;2026-04-17;"sexta-feira";"01:05:00";"PR";116;23;"ANTONINA";"Reação tardia ou ineficiente do condutor";"Colisão com objeto";"Com Vítimas Feridas";"Plena Noite";"Decrescente";"Nublado";"Dupla";"Declive;Curva";"Não";2;0;1;0;0;1;1;2;-25,113453;-48,758583;"SPRF-PR";"DEL01/PR";"UOP02-DEL01-PR"
765550;2026-04-17;"sexta-feira";"00:25:00";"MG";40;742,1;"SANTOS DUMONT";"Condutor Dormindo";"Colisão com objeto";"Com Vítimas Feridas";"Plena Noite";"Decrescente";"Céu Claro";"Simples";"Curva";"Não";1;0;1;0;0;0;1;1;-21,42075245;-43,55945427;"SPRF-MG";"DEL05/MG";"UOP01-DEL05-MG"
765551;2026-04-17;"sexta-feira";"02:02:00";"SP";116;359;"MIRACATU";"Condutor Dormindo";"Tombamento";"Com Vítimas Feridas";"Plena Noite";"Decrescente";"Ignorado";"Dupla";"Curva";"Não";2;0;1;0;0;1;1;2;-24,11956955;-47,26618767;"SPRF-SP";"DEL04/SP";"UOP03-DEL04-SP"
765555;2026-04-17;"sexta-feira";"00:40:00";"BA";324;573;"SAO SEBASTIAO DO PASSE";"Reação tardia ou ineficiente do condutor";"Atropelamento de Pedestre";"Com Vítimas Feridas";"Plena Noite";"Crescente";"Chuva";"Dupla";"Aclive;Reta";"Não";3;0;1;0;1;2;1;4;-12,57357045;-38,54566345;"SPRF-BA";"DEL01/BA";"UOP01-DEL01-BA"
765558;2026-04-17;"sexta-feira";"03:07:00";"MS";262;444;"DOIS IRMAOS DO BURITI";"Condutor Dormindo";"Saída de leito carroçável";"Com Vítimas Feridas";"Plena Noite";"Decrescente";"Nublado";"Simples";"Reta;Declive;Rotatória;Interseção de Vias";"Não";6;0;1;1;4;0;2;1;-20,52709057;-55,40078807;"SPRF-MS";"DEL03/MS";"UOP01-DEL03-MS"
765560;2026-04-17;"sexta-feira";"04:15:00";"PE";101;51,6;"PAULISTA";"Velocidade Incompatível";"Tombamento";"Com Vítimas Feridas";"Amanhecer";"Crescente";"Céu Claro";"Dupla";"Curva;Viaduto";"Não";2;0;1;0;0;1;1;2;-7,92165825;-34,89236204;"SPRF-PE";"DEL01/PE";"UOP02-DEL01-PE"
765561;2026-04-17;"sexta-feira";"04:27:00";"PE";101;166;"AGUA PRETA";"Demais falhas mecânicas ou elétricas";"Incêndio";"Sem Vítimas";"Amanhecer";"Crescente";"Céu Claro";"Simples";"Reta";"Não";2;0;0;0;1;2;0;3;-8,55482852;-35,46034527;"SPRF-PE";"DEL01/PE";"UOP03-DEL01-PE"
765565;2026-04-17;"sexta-feira";"04:10:00";"MS";158;144,5;"APARECIDA DO TABOADO";"Demais falhas mecânicas ou elétricas";"Incêndio";"Sem Vítimas";"Plena Noite";"Decrescente";"Céu Claro";"Simples";"Reta;Declive";"Não";2;0;0;0;1;2;0;3;-20,068858;-51,12071;"SPRF-MS";"DEL08/MS";"UOP01-DEL08-MS"
765567;2026-04-16;"quinta-feira";"23:50:00";"BA";135;164;"BARREIRAS";"Acostamento em desnível";"Tombamento";"Com Vítimas Feridas";"Plena Noite";"Decrescente";"Céu Claro";"Simples";"Reta";"Não";4;0;0;1;0;3;1;3;-12,0475392;-44,9622259;"SPRF-BA";"DEL10/BA";"UOP01-DEL10-BA"
765569;2026-04-17;"sexta-feira";"05:38:00";"SP";116;280;"EMBU DAS ARTES";"Manobra de mudança de faixa";"Colisão lateral mesmo sentido";"Sem Vítimas";"Amanhecer";"Crescente";"Céu Claro";"Dupla";"Reta;Declive";"Sim";2;0;0;0;1;1;0;2;-23,64814;-46,8437;"SPRF-SP";"DEL04/SP";"UOP01-DEL04-SP"
765573;2026-04-17;"sexta-feira";"06:50:00";"BA";324;613;"SALVADOR";"Reação tardia ou ineficiente do condutor";"Colisão lateral mesmo sentido";"Com Vítimas Feridas";"Pleno dia";"Crescente";"Sol";"Dupla";"Reta";"Não";2;0;0;1;1;0;1;2;-12,8680865;-38,4243511;"SPRF-BA";"DEL01/BA";"UOP01-DEL01-BA"
765576;2026-04-16;"quinta-feira";"19:45:00";"SC";280;101,1;"SAO BENTO DO SUL";"Transitar na contramão";"Colisão frontal";"Com Vítimas Fatais";"Plena Noite";"Decrescente";"Céu Claro";"Simples";"Declive;Curva";"Não";3;1;0;1;1;0;1;2;-26,36563;-49,341078;"SPRF-SC";"DEL06/SC";"UOP03-DEL06-SC"
765583;2026-04-17;"sexta-feira";"08:15:00";"SC";101;201,4;"SAO JOSE";"Ausência de reação do condutor";"Colisão traseira";"Com Vítimas Feridas";"Pleno dia";"Crescente";"Céu Claro";"Múltipla";"Reta";"Sim";2;0;1;0;1;0;1;2;-27,54210898;-48,62148492;"SPRF-SC";"DEL01/SC";"UOP01-DEL01-SC"
765584;2026-04-17;"sexta-feira";"07:50:00";"RJ";101;65;"CAMPOS DOS GOYTACAZES";"Entrada inopinada do pedestre";"Colisão traseira";"Com Vítimas Feridas";"Pleno dia";"Decrescente";"Céu Claro";"Simples";"Curva";"Sim";3;0;2;0;1;0;2;2;-21,757993;-41,348153;"SPRF-RJ";"DEL08/RJ";"UOP02-DEL08-RJ"
765597;2026-04-17;"sexta-feira";"08:30:00";"PR";116;103,7;"SAO JOSE DOS PINHAIS";"Manobra de mudança de faixa";"Colisão lateral mesmo sentido";"Sem Vítimas";"Pleno dia";"Crescente";"Céu Claro";"Dupla";"Aclive;Reta";"Sim";2;0;0;0;2;0;0;2;-25,571;-49,195;"SPRF-PR";"DEL01/PR";"UOP08-DEL01-PR"
765598;2026-04-17;"sexta-feira";"08:50:00";"RJ";465;15;"NOVA IGUACU";"Ultrapassagem Indevida";"Colisão lateral mesmo sentido";"Com Vítimas Feridas";"Pleno dia";"Crescente";"Céu Claro";"Simples";"Curva";"Sim";3;0;2;0;1;0;2;2;-22,81212334;-43,62660304;"SPRF-RJ";"DEL06/RJ";"UOP02-DEL06-RJ"
765601;2026-04-17;"sexta-feira";"07:50:00";"GO";60;227,3;"CEZARINA";"Velocidade Incompatível";"Colisão transversal";"Com Vítimas Feridas";"Pleno dia";"Crescente";"Céu Claro";"Dupla";"Retorno Regulamentado;Declive;Reta";"Não";6;0;3;0;2;2;3;4;-17,04516315;-49,7827971;"SPRF-GO";"DEL01/GO";"UOP02-DEL01-GO"
765603;2026-04-17;"sexta-feira";"09:00:00";"RS";116;398;"CAMAQUA";"Acessar a via sem observar a presença dos outros veículos";"Colisão transversal";"Com Vítimas Feridas";"Pleno dia";"Crescente";"Nublado";"Simples";"Reta;Em Obras";"Sim";3;0;1;0;1;2;1;4;-30,86997545;-51,80505244;"SPRF-RS";"DEL02/RS";"UOP02-DEL02-RS"
765604;2026-04-17;"sexta-feira";"09:30:00";"PR";277;722,5;"FOZ DO IGUACU";"Ausência de reação do condutor";"Colisão traseira";"Com Vítimas Feridas";"Pleno dia";"Crescente";"Céu Claro";"Dupla";"Reta";"Sim";3;0;0;1;1;1;1;3;-25,49388421;-54,5182341;"SPRF-PR";"DEL05/PR";"UOP03-DEL05-PR"
765609;2026-04-17;"sexta-feira";"10:15:00";"SC";280;17,5;"ARAQUARI";"Demais falhas mecânicas ou elétricas";"Colisão lateral sentido oposto";"Sem Vítimas";"Pleno dia";"Crescente";"Céu Claro";"Simples";"Reta";"Não";2;0;0;0;2;0;0;2;-26,36224008;-48,66331816;"SPRF-SC";"DEL03/SC";"UOP03-DEL03-SC"
765611;2026-04-17;"sexta-feira";"11:10:00";"RS";392;64;"PELOTAS";"Ausência de reação do condutor";"Saída de leito carroçável";"Sem Vítimas";"Pleno dia";"Crescente";"Céu Claro";"Dupla";"Reta";"Não";2;0;0;0;1;1;0;2;-31,76571072;-52,37407923;"SPRF-RS";"DEL07/RS";"UOP01-DEL07-RS"
765618;2026-04-17;"sexta-feira";"12:15:00";"MG";381;418;"CAETE";"Manobra de mudança de faixa";"Colisão lateral mesmo sentido";"Com Vítimas Feridas";"Pleno dia";"Decrescente";"Sol";"Dupla";"Aclive;Reta";"Não";2;0;1;0;1;0;1;2;-19,776773;-43,654122;"SPRF-MG";"DEL01/MG";"UOP01-DEL01-MG"
765619;2026-04-17;"sexta-feira";"09:40:00";"SP";116;475;"JACUPIRANGA";"Reação tardia ou ineficiente do condutor";"Colisão traseira";"Com Vítimas Feridas";"Pleno dia";"Crescente";"Céu Claro";"Dupla";"Reta";"Não";6;0;1;0;4;3;1;7;-24,68844755;-47,99155756;"SPRF-SP";"DEL05/SP";"UOP01-DEL05-SP"
765630;2026-04-17;"sexta-feira";"13:06:00";"SP";116;471;"JACUPIRANGA";"Manobra de mudança de faixa";"Colisão lateral mesmo sentido";"Com Vítimas Feridas";"Pleno dia";"Decrescente";"Sol";"Dupla";"Reta";"Não";4;0;1;0;3;0;1;2;-24,66061;-47,969358;"SPRF-SP";"DEL05/SP";"UOP01-DEL05-SP"
765632;2026-04-17;"sexta-feira";"12:28:00";"PE";101;78,3;"RECIFE";"Condutor deixou de manter distância do veículo da frente";"Colisão traseira";"Com Vítimas Feridas";"Pleno dia";"Decrescente";"Céu Claro";"Dupla";"Reta";"Sim";3;0;1;0;1;1;1;3;-8,1374;-34,94766;"SPRF-PE";"DEL01/PE";"UOP01-DEL01-PE"
765634;2026-04-17;"sexta-feira";"13:25:00";"CE";222;170;"IRAUCUBA";"Reação tardia ou ineficiente do condutor";"Engavetamento";"Com Vítimas Feridas";"Pleno dia";"Crescente";"Nublado";"Simples";"Reta";"Não";16;0;10;0;5;1;10;5;-3,75102087;-39,96169031;"SPRF-CE";"DEL04/CE";"UOP03-DEL04-CE"
765639;2026-04-17;"sexta-feira";"13:00:00";"SC";101;138,7;"BALNEARIO CAMBORIU";"Estacionar ou parar em local proibido";"Colisão traseira";"Com Vítimas Feridas";"Pleno dia";"Decrescente";"Céu Claro";"Simples";"Reta";"Sim";5;0;0;2;2;1;2;3;-27,03221728;-48,60145569;"SPRF-SC";"DEL04/SC";"UOP03-DEL04-SC"
765641;2026-04-17;"sexta-feira";"14:33:00";"ES";101;181,7;"ARACRUZ";"Transitar na contramão";"Colisão lateral mesmo sentido";"Com Vítimas Fatais";"Pleno dia";"Crescente";"Céu Claro";"Simples";"Reta";"Não";8;2;4;1;1;0;5;3;-19,63801644;-40,23054823;"SPRF-ES";"DEL04-ES";"UOP01-DEL04-ES"
765642;2026-04-17;"sexta-feira";"12:45:00";"RS";285;182,3;"CAPAO BONITO DO SUL";"Ausência de reação do condutor";"Colisão lateral sentido oposto";"Com Vítimas Feridas";"Pleno dia";"Crescente";"Céu Claro";"Simples";"Curva";"Não";2;0;0;1;1;0;1;2;-28,29301576;-51,42489325;"SPRF-RS";"DEL08/RS";"UOP05-DEL08-RS"
765644;2026-04-17;"sexta-feira";"13:15:00";"PR";373;227;"IMBITUVA";"Condutor deixou de manter distância do veículo da frente";"Colisão lateral mesmo sentido";"Com Vítimas Feridas";"Pleno dia";"Crescente";"Céu Claro";"Simples";"Reta";"Não";4;0;1;0;2;6;1;9;-25,173119;-50,635087;"SPRF-PR";"DEL03/PR";"UOP01-DEL03-PR"
765647;2026-04-17;"sexta-feira";"12:00:00";"BA";235;268;"CURACA";"Ausência de sinalização";"Saída de leito carroçável";"Com Vítimas Fatais";"Pleno dia";"Crescente";"Céu Claro";"Simples";"Rotatória";"Não";1;1;0;0;0;0;0;1;-9,62180299;-39,8135363;"SPRF-BA";"DEL07/BA";"UOP03-DEL07-BA"
765649;2026-04-17;"sexta-feira";"14:20:00";"PR";116;7;"QUATRO BARRAS";"Transitar no Acostamento";"Colisão traseira";"Com Vítimas Feridas";"Pleno dia";"Decrescente";"Céu Claro";"Dupla";"Reta";"Sim";2;0;0;1;1;0;1;2;-25,3686054;-49,10862026;"SPRF-PR";"DEL01/PR";"UOP02-DEL01-PR"
765653;2026-04-17;"sexta-feira";"11:50:00";"RJ";40;112;"DUQUE DE CAXIAS";"Manobra de mudança de faixa";"Colisão frontal";"Com Vítimas Feridas";"Pleno dia";"Decrescente";"Céu Claro";"Múltipla";"Reta";"Sim";2;0;1;0;1;0;1;2;-22,69924672;-43,28951471;"SPRF-RJ";"DEL01/RJ";"UOP02-DEL01-RJ"
765659;2026-04-17;"sexta-feira";"13:30:00";"BA";101;834,5;"MUCURI";"Ultrapassagem Indevida";"Colisão frontal";"Com Vítimas Feridas";"Pleno dia";"Crescente";"Nublado";"Simples";"Reta";"Sim";5;0;1;2;1;2;3;5;-17,993518;-39,860222;"SPRF-BA";"DEL09/BA";"UOP02-DEL09-BA"
765660;2026-04-17;"sexta-feira";"15:00:00";"MA";135;7,5;"SAO LUIS";"Acessar a via sem observar a presença dos outros veículos";"Colisão transversal";"Com Vítimas Feridas";"Pleno dia";"Crescente";"Chuva";"Dupla";"Reta";"Sim";4;0;2;0;1;1;2;3;-2,64018;-44,27159;"SPRF-MA";"DEL01-MA";"UOP01-DEL01-MA"
765663;2026-03-31;"terça-feira";"05:30:00";"MG";40;462,9;"SETE LAGOAS";"Manobra de mudança de faixa";"Colisão traseira";"Com Vítimas Fatais";"Plena Noite";"Crescente";"Céu Claro";"Dupla";"Declive;Reta";"Não";5;1;0;0;3;1;0;4;-19,42187162;-44,3388918;"SPRF-MG";"DEL02/MG";"UOP01-DEL02-MG"
765666;2026-04-17;"sexta-feira";"15:45:00";"RS";285;503;"ENTRE-IJUIS";"Frear bruscamente";"Colisão traseira";"Com Vítimas Feridas";"Pleno dia";"Crescente";"Céu Claro";"Simples";"Reta";"Não";4;0;2;0;1;2;2;4;-28,393937;-54,339559;"SPRF-RS";"DEL10/RS";"UOP01-DEL10-RS"
765669;2026-04-17;"sexta-feira";"15:15:00";"PR";277;142,9;"BALSA NOVA";"Problema com o freio";"Engavetamento";"Com Vítimas Fatais";"Pleno dia";"Crescente";"Céu Claro";"Dupla";"Declive;Curva";"Não";25;1;6;3;14;3;9;12;-25,47041623;-49,69192855;"SPRF-PR";"DEL01/PR";"UOP07-DEL01-PR"
765671;2026-04-17;"sexta-feira";"15:45:00";"MA";135;24;"SAO LUIS";"Acessar a via sem observar a presença dos outros veículos";"Colisão transversal";"Com Vítimas Feridas";"Pleno dia";"Decrescente";"Chuva";"Simples";"Declive;Reta";"Sim";3;0;0;1;2;0;1;2;-2,761005;-44,356107;"SPRF-MA";"DEL01-MA";"UOP01-DEL01-MA"
765676;2026-04-17;"sexta-feira";"16:30:00";"PB";101;85,6;"BAYEUX";"Ausência de reação do condutor";"Colisão lateral mesmo sentido";"Com Vítimas Feridas";"Pleno dia";"Decrescente";"Céu Claro";"Dupla";"Reta";"Sim";2;0;0;1;1;0;1;2;-7,149;-34,912;"SPRF-PB";"DEL01-PB";"UOP01-DEL01-PB"
765677;2026-04-17;"sexta-feira";"15:46:00";"MT";163;541;"DIAMANTINO";"Condutor Dormindo";"Colisão traseira";"Com Vítimas Feridas";"Pleno dia";"Decrescente";"Nublado";"Dupla";"Aclive;Reta";"Não";2;0;1;0;1;0;1;2;-14,29291;-56,14769;"SPRF-MT";"DEL01/MT";"UOP01-DEL01-MT"
765678;2026-04-17;"sexta-feira";"16:45:00";"CE";403;130,7;"SOBRAL";"Reação tardia ou ineficiente do condutor";"Colisão lateral sentido oposto";"Sem Vítimas";"Pleno dia";"Crescente";"Céu Claro";"Simples";"Reta";"Não";2;0;0;0;2;0;0;2;-3,78054711;-40,49746156;"SPRF-CE";"DEL04/CE";"UOP01-DEL04-CE"
765687;2026-04-17;"sexta-feira";"14:40:00";"BA";110;162,2;"RIBEIRA DO POMBAL";"Demais falhas mecânicas ou elétricas";"Incêndio";"Sem Vítimas";"Pleno dia";"Decrescente";"Céu Claro";"Simples";"Reta";"Não";2;0;0;0;1;1;0;2;-10,73535549;-38,49220812;"SPRF-BA";"DEL07/BA";"UOP02-DEL07-BA"
765695;2026-04-17;"sexta-feira";"17:30:00";"RS";392;10;"RIO GRANDE";"Transitar no Acostamento";"Colisão lateral mesmo sentido";"Sem Vítimas";"Plena Noite";"Decrescente";"Garoa/Chuvisco";"Dupla";"Reta";"Não";4;0;0;0;4;0;0;3;-32,11921956;-52,12532043;"SPRF-RS";"DEL07/RS";"UOP02-DEL07-RS"
765699;2026-04-17;"sexta-feira";"17:20:00";"MS";60;369;"CAMPO GRANDE";"Acessar a via sem observar a presença dos outros veículos";"Colisão transversal";"Com Vítimas Feridas";"Anoitecer";"Decrescente";"Céu Claro";"Simples";"Reta;Interseção de Vias";"Sim";2;0;1;0;1;0;1;2;-20,55794737;-54,67470495;"SPRF-MS";"DEL01/MS";"UOP04-DEL01-MS"
765716;2026-04-17;"sexta-feira";"18:45:00";"RS";392;123;"CANGUCU";"Ausência de reação do condutor";"Atropelamento de Pedestre";"Com Vítimas Fatais";"Plena Noite";"Crescente";"Céu Claro";"Simples";"Reta";"Não";4;1;0;0;1;2;0;3;-31,37891185;-52,71327138;"SPRF-RS";"DEL07/RS";"UOP01-DEL07-RS"
765718;2026-04-17;"sexta-feira";"17:30:00";"BA";242;850;"BARREIRAS";"Reação tardia ou ineficiente do condutor";"Engavetamento";"Com Vítimas Feridas";"Anoitecer";"Decrescente";"Céu Claro";"Simples";"Reta";"Não";4;0;1;0;2;7;1;10;-12,11405;-45,25987;"SPRF-BA";"DEL10/BA";"UOP01-DEL10-BA"