"id";"data_inversa";"dia_semana";"horario";"uf";"br";"km";"municipio";"causa_acidente";"tipo_acidente";"classificacao_acidente";"fase_dia";"sentido_via";"condicao_metereologica";"tipo_pista";"tracado_via";"uso_solo";"pessoas";"mortos";"feridos_leves";"feridos_graves";"ilesos";"ignorados";"feridos";"veiculos";"latitude";"longitude";"regional";"delegacia";"uop"
765726;2026-04-17;"sexta-feira";"19:25:00";"PR";116;99;"SAO JOSE DOS PINHAIS";"Manobra de mudança de faixa";"Colisão lateral mesmo sentido";"Com Vítimas Feridas";"Plena Noite";"Crescente";"Nublado";"Dupla";"Reta";"Sim";3;0;1;0;1;1;1;3;-25,56191996;-49,15298818;"SPRF-PR";"DEL01/PR";"UOP08-DEL01-PR"
765728;2026-04-17;"sexta-feira";"19:00:00";"PR";476;144;"CURITIBA";"Condutor usando celular";"Colisão transversal";"Com Vítimas Feridas";"Plena Noite";"Crescente";"Nublado";"Dupla";"Reta";"Não";4;0;1;0;2;2;1;5;-25,55305043;-49,30520682;"SPRF-PR";"DEL01/PR";"UOP06-DEL01-PR"
765729;2026-04-17;"sexta-feira";"17:50:00";"MG";116;210,9;"CATUJI";"Restrição de visibilidade em curvas verticais";"Colisão transversal";"Com Vítimas Fatais";"Anoitecer";"Crescente";"Nublado";"Simples";"Aclive;Reta";"Não";2;1;0;0;1;0;0;2;-17,331476;-41,5287805;"SPRF-MG";"DEL11/MG";"UOP01-DEL11-MG"
765731;2026-04-17;"sexta-feira";"18:30:00";"PR";376;170,8;"MARINGA";"Desrespeitar a preferência no cruzamento";"Colisão transversal";"Com Vítimas Feridas";"Plena Noite";"Decrescente";"Céu Claro";"Dupla";"Interseção de Vias";"Sim";3;0;2;0;1;0;2;3;-23,409967;-51,987388;"SPRF-PR";"DEL09/PR";"UOP01-DEL09-PR"
765738;2026-04-17;"sexta-feira";"17:50:00";"SC";101;96;"BALNEARIO PICARRAS";"Transitar no Acostamento";"Atropelamento de Pedestre";"Com Vítimas Feridas";"Anoitecer";"Crescente";"Céu Claro";"Dupla";"Aclive;Reta";"Não";4;0;0;1;2;1;1;3;-26,729962;-48,70194;"SPRF-SC";"DEL03/SC";"UOP02-DEL03-SC"
765740;2026-04-17;"sexta-feira";"18:45:00";"SC";101;265;"PAULO LOPES";"Ausência de reação do condutor";"Colisão com objeto";"Com Vítimas Feridas";"Plena Noite";"Crescente";"Céu Claro";"Dupla";"Declive";"Não";2;0;1;0;1;0;1;2;-28,047547;-48,719953;"SPRF-SC";"DEL02/SC";"UOP03-DEL02-SC"
765742;2026-04-17;"sexta-feira";"16:40:00";"SC";470;248;"CURITIBANOS";"Acessar a via sem observar a presença dos outros veículos";"Colisão transversal";"Com Vítimas Feridas";"Pleno dia";"Crescente";"Céu Claro";"Simples";"Rotatória";"Não";2;0;0;1;1;0;1;2;-27,31265957;-50,56173956;"SPRF-SC";"DEL05/SC";"UOP03-DEL05-SC"
765748;2026-04-17;"sexta-feira";"19:20:00";"PR";277;592;"CASCAVEL";"Condutor deixou de manter distância do veículo da frente";"Engavetamento";"Com Vítimas Feridas";"Plena Noite";"Crescente";"Céu Claro";"Simples";"Reta;Declive";"Sim";9;0;2;0;7;0;2;3;-24,98231;-53,458888;"SPRF-PR";"DEL04/PR";"UOP01-DEL04-PR"
765749;2026-04-17;"sexta-feira";"19:30:00";"SC";101;24;"JOINVILLE";"Reação tardia ou ineficiente do condutor";"Colisão traseira";"Com Vítimas Feridas";"Plena Noite";"Crescente";"Chuva";"Dupla";"Reta";"Sim";6;0;1;0;5;0;1;4;-26,175089;-48,90768;"SPRF-SC";"DEL03/SC";"UOP01-DEL03-SC"
765754;2026-04-17;"sexta-feira";"17:40:00";"PR";116;2;"QUATRO BARRAS";"Velocidade Incompatível";"Colisão traseira";"Com Vítimas Fatais";"Anoitecer";"Decrescente";"Céu Claro";"Dupla";"Aclive;Reta";"Sim";4;1;0;1;2;0;1;2;-25,348495;-49,05090507;"SPRF-PR";"DEL01/PR";"UOP02-DEL01-PR"
765764;2026-04-17;"sexta-feira";"20:20:00";"MG";262;96;"ABRE CAMPO";"Afundamento ou ondulação no pavimento";"Colisão frontal";"Com Vítimas Feridas";"Plena Noite";"Crescente";"Céu Claro";"Simples";"Desvio Temporário;Aclive;Curva";"Não";3;0;1;0;1;1;1;3;-20,292438;-42,483087;"SPRF-MG";"DEL03/MG";"UOP03-DEL03-MG"
765770;2026-04-17;"sexta-feira";"19:30:00";"MS";487;26,4;"ITAQUIRAI";"Ausência de reação do condutor";"Colisão traseira";"Com Vítimas Fatais";"Plena Noite";"Decrescente";"Céu Claro";"Simples";"Reta;Declive;Interseção de Vias";"Não";3;1;0;1;0;1;1;2;-23,242902;-53,971651;"SPRF-MS";"DEL09/MS";"UOP01-DEL09-MS"
765772;2026-04-17;"sexta-feira";"19:30:00";"MG";153;59;"MONTE ALEGRE DE MINAS";"Ausência de reação do condutor";"Saída de leito carroçável";"Com Vítimas Feridas";"Plena Noite";"Crescente";"Céu Claro";"Simples";"Reta";"Não";2;0;1;0;0;1;1;2;-18,889332;-49,04998;"SPRF-MG";"DEL15/MG";"UOP03-DEL15-MG"
765779;2026-04-17;"sexta-feira";"19:35:00";"MG";40;17;"PARACATU";"Ausência de reação do condutor";"Colisão traseira";"Com Vítimas Fatais";"Plena Noite";"Crescente";"Céu Claro";"Simples";"Aclive;Reta";"Não";3;1;0;0;2;0;0;2;-17,09551073;-47,02766418;"SPRF-MG";"DEL14/MG";"UOP01-DEL14-MG"
765788;2026-04-17;"sexta-feira";"21:00:00";"PE";101;204,8;"XEXEU";"Ausência de reação do condutor";"Saída de leito carroçável";"Com Vítimas Feridas";"Plena Noite";"Crescente";"Nublado";"Dupla";"Curva";"Não";3;0;0;2;0;1;2;2;-8,833115;-35,645783;"SPRF-PE";"DEL01/PE";"UOP03-DEL01-PE"
765789;2026-04-17;"sexta-feira";"23:54:00";"SP";116;226;"GUARULHOS";"Ingestão de álcool pelo condutor";"Colisão traseira";"Com Vítimas Feridas";"Plena Noite";"Decrescente";"Céu Claro";"Múltipla";"Reta";"Sim";3;0;1;0;2;0;1;2;-23,49525619;-46,55520712;"SPRF-SP";"DEL01/SP";"UOP01-DEL01-SP"
765792;2026-04-17;"sexta-feira";"23:30:00";"GO";60;109;"GOIANAPOLIS";"Reação tardia ou ineficiente do condutor";"Engavetamento";"Com Vítimas Fatais";"Plena Noite";"Decrescente";"Céu Claro";"Dupla";"Aclive;Reta";"Não";4;1;0;1;1;1;1;4;-16,449039;-49,027407;"SPRF-GO";"DEL01/GO";"UOP01-DEL01-GO"
765800;2026-04-17;"sexta-feira";"19:20:00";"MG";116;352,7;"JAMPRUCA";"Velocidade Incompatível";"Tombamento";"Com Vítimas Feridas";"Pleno dia";"Decrescente";"Céu Claro";"Simples";"Curva";"Não";4;0;0;3;0;4;3;6;-18,407904;-41,818458;"SPRF-MG";"DEL11/MG";"UOP01-DEL11-MG"
765801;2026-04-18;"sábado";"00:50:00";"MG";50;128;"UBERABA";"Reação tardia ou ineficiente do condutor";"Colisão traseira";"Com Vítimas Feridas";"Plena Noite";"Decrescente";"Céu Claro";"Dupla";"Aclive;Reta";"Não";3;0;1;0;1;1;1;3;-19,374862;-48,077922;"SPRF-MG";"DEL13/MG";"UOP01-DEL13-MG"
765804;2026-04-17;"sexta-feira";"18:40:00";"RS";290;417,1;"SAO GABRIEL";"Acessar a via sem observar a presença dos outros veículos";"Colisão lateral mesmo sentido";"Com Vítimas Fatais";"Anoitecer";"Crescente";"Céu Claro";"Simples";"Reta";"Sim";3;1;0;0;1;1;0;3;-30,3572261;-54,32159901;"SPRF-RS";"DEL11/RS";"UOP02-DEL11-RS"
765806;2026-04-18;"sábado";"00:20:00";"RJ";101;405;"ITAGUAI";"Acessar a via sem observar a presença dos outros veículos";"Colisão lateral mesmo sentido";"Sem Vítimas";"Plena Noite";"Decrescente";"Céu Claro";"Dupla";"Retorno Regulamentado;Viaduto";"Sim";5;0;0;0;5;0;0;2;-22,873257;-43,810706;"SPRF-RJ";"DEL03/RJ";"UOP01-DEL03-RJ"
765811;2026-04-18;"sábado";"02:35:00";"SC";101;46,2;"JOINVILLE";"Velocidade Incompatível";"Colisão traseira";"Sem Vítimas";"Plena Noite";"Crescente";"Nublado";"Dupla";"Reta";"Sim";3;0;0;0;2;1;0;2;-26,35921252;-48,85905353;"SPRF-SC";"DEL03/SC";"UOP01-DEL03-SC"
765813;2026-04-18;"sábado";"04:30:00";"SP";153;72,4;"SAO JOSE DO RIO PRETO";"Ausência de reação do condutor";"Colisão traseira";"Com Vítimas Fatais";"Plena Noite";"Crescente";"Céu Claro";"Dupla";"Reta;Declive";"Não";2;1;0;0;0;1;0;2;-20,874841;-49,419069;"SPRF-SP";"DEL09/SP";"UOP01-DEL09-SP"
765816;2026-04-18;"sábado";"04:50:00";"SC";101;225,5;"PALHOCA";"Manobra de mudança de faixa";"Colisão traseira";"Com Vítimas Fatais";"Plena Noite";"Crescente";"Nublado";"Dupla";"Declive;Reta";"Sim";3;1;0;0;1;1;0;3;-27,736087;-48,640095;"SPRF-SC";"DEL01/SC";"UOP02-DEL01-SC"
765831;2026-04-18;"sábado";"06:30:00";"MG";262;433;"NOVA SERRANA";"Ausência de reação do condutor";"Colisão traseira";"Com Vítimas Feridas";"Amanhecer";"Crescente";"Nevoeiro/Neblina";"Dupla";"Reta";"Não";2;0;1;0;1;0;1;2;-19,88123191;-44,93601718;"SPRF-MG";"DEL08/MG";"UOP03-DEL08-MG"
765835;2026-04-17;"sexta-feira";"18:10:00";"RJ";465;21;"SEROPEDICA";"Ausência de reação do condutor";"Atropelamento de Pedestre";"Com Vítimas Feridas";"Plena Noite";"Decrescente";"Céu Claro";"Simples";"Reta";"Não";2;0;1;0;1;0;1;2;-22,74290983;-43,71038318;"SPRF-RJ";"DEL06/RJ";"UOP02-DEL06-RJ"
765845;2026-04-18;"sábado";"08:00:00";"SP";116;224;"GUARULHOS";"Ausência de reação do condutor";"Colisão lateral mesmo sentido";"Com Vítimas Feridas";"Pleno dia";"Decrescente";"Céu Claro";"Múltipla";"Reta";"Não";3;0;1;0;1;1;1;3;-23,48278523;-46,53590244;"SPRF-SP";"DEL01/SP";"UOP01-DEL01-SP"
765848;2026-04-18;"sábado";"08:04:00";"PE";101;76;"RECIFE";"Condutor deixou de manter distância do veículo da frente";"Colisão traseira";"Com Vítimas Feridas";"Pleno dia";"Crescente";"Céu Claro";"Dupla";"Reta";"Sim";4;0;2;0;2;0;2;2;-8,12542595;-34,94391561;"SPRF-PE";"DEL01/PE";"UOP01-DEL01-PE"
765849;2026-03-09;"segunda-feira";"09:37:00";"SC";101;337;"TUBARAO";"Demais falhas mecânicas ou elétricas";"Colisão com objeto";"Com Vítimas Feridas";"Pleno dia";"Crescente";"Céu Claro";"Dupla";"Declive";"Sim";2;0;1;0;1;0;1;2;-28,4978;-49,0445;"SPRF-SC";"DEL02/SC";"UOP01-DEL02-SC"
765855;2026-04-18;"sábado";"08:10:00";"MG";251;426,8;"GRAO MOGOL";"Velocidade Incompatível";"Colisão frontal";"Com Vítimas Fatais";"Pleno dia";"Crescente";"Céu Claro";"Simples";"Declive;Curva";"Não";11;2;5;3;0;2;8;5;-16,325307;-43,122958;"SPRF-MG";"DEL12/MG";"UOP01-DEL12-MG"
765860;2026-04-18;"sábado";"09:00:00";"SP";381;71,2;"MAIRIPORA";"Acumulo de óleo sobre o pavimento";"Queda de ocupante de veículo";"Com Vítimas Feridas";"Pleno dia";"Crescente";"Chuva";"Múltipla";"Curva;Aclive";"Não";3;0;1;0;1;1;1;3;-23,35432;-46,55057;"SPRF-SP";"DEL03/SP";"UOP01-DEL03-SP"
765865;2026-04-18;"sábado";"07:50:00";"MT";70;736;"CACERES";"Reação tardia ou ineficiente do condutor";"Colisão traseira";"Com Vítimas Feridas";"Pleno dia";"Decrescente";"Céu Claro";"Simples";"Reta";"Não";6;0;1;0;4;3;1;5;-16,06818889;-57,70802558;"SPRF-MT";"DEL03/MT";"UOP01-DEL03-MT"
765866;2026-04-18;"sábado";"05:40:00";"MG";262;58;"MANHUACU";"Reação tardia ou ineficiente do condutor";"Colisão frontal";"Com Vítimas Fatais";"Amanhecer";"Crescente";"Céu Claro";"Simples";"Curva";"Não";5;1;1;0;3;0;1;2;-20,278161;-42,201063;"SPRF-MG";"DEL06/MG";"UOP03-DEL06-MG"
765868;2026-02-06;"sexta-feira";"04:00:00";"MG";381;594,7;"CARMOPOLIS DE MINAS";"Ausência de reação do condutor";"Colisão traseira";"Com Vítimas Fatais";"Plena Noite";"Decrescente";"Nublado";"Dupla";"Aclive;Reta";"Não";14;1;7;5;0;1;12;2;-20,57430528;-44,68170829;"SPRF-MG";"DEL04/MG";"UOP01-DEL04-MG"
765873;2026-04-18;"sábado";"09:40:00";"BA";324;595;"CANDEIAS";"Demais falhas mecânicas ou elétricas";"Saída de leito carroçável";"Com Vítimas Feridas";"Pleno dia";"Crescente";"Céu Claro";"Dupla";"Curva";"Sim";2;0;1;0;1;0;1;1;-12,7164354;-38,4520665;"SPRF-BA";"DEL01/BA";"UOP01-DEL01-BA"
765875;2026-04-17;"sexta-feira";"22:40:00";"BA";407;172,2;"PONTO NOVO";"Transitar na contramão";"Colisão lateral sentido oposto";"Com Vítimas Feridas";"Plena Noite";"Crescente";"Céu Claro";"Simples";"Reta";"Não";2;0;0;1;0;1;1;2;-10,8631067;-40,1115483;"SPRF-BA";"DEL04/BA";"UOP02-DEL04-BA"
765881;2026-04-18;"sábado";"10:20:00";"RS";386;282;"SAO JOSE DO HERVAL";"Transitar na contramão";"Colisão frontal";"Com Vítimas Feridas";"Pleno dia";"Crescente";"Sol";"Simples";"Reta";"Não";5;0;3;0;2;0;3;2;-29,05091;-52,29255;"SPRF-RS";"DEL04/RS";"UOP03-DEL04-RS"
765889;2026-04-18;"sábado";"09:05:00";"PR";369;191;"ARAPONGAS";"Velocidade Incompatível";"Saída de leito carroçável";"Com Vítimas Feridas";"Pleno dia";"Decrescente";"Céu Claro";"Dupla";"Reta";"Não";4;0;0;1;2;1;1;4;-23,44022;-51,422388;"SPRF-PR";"DEL07/PR";"UOP03-DEL07-PR"
765890;2026-04-18;"sábado";"10:45:00";"RS";392;88;"PELOTAS";"Ausência de reação do condutor";"Colisão traseira";"Com Vítimas Feridas";"Pleno dia";"Crescente";"Céu Claro";"Simples";"Aclive;Reta";"Não";3;0;1;0;1;2;1;4;-31,62376816;-52,5033617;"SPRF-RS";"DEL07/RS";"UOP01-DEL07-RS"
765891;2026-04-18;"sábado";"06:00:00";"BA";242;373,6;"PALMEIRAS";"Acumulo de óleo sobre o pavimento";"Colisão transversal";"Com Vítimas Feridas";"Amanhecer";"Decrescente";"Garoa/Chuvisco";"Simples";"Curva;Aclive";"Não";49;0;8;2;38;3;10;5;-12,455233;-41,482992;"SPRF-BA";"DEL06/BA";"UOP01-DEL06-BA"
765908;2026-04-18;"sábado";"12:30:00";"MG";153;1,9;"ARAPORA";"Acessar a via sem observar a presença dos outros veículos";"Colisão traseira";"Com Vítimas Feridas";"Pleno dia";"Decrescente";"Céu Claro";"Dupla";"Reta";"Sim";2;0;1;0;1;0;1;2;-18,42294185;-49,19506073;"SPRF-MG";"DEL15/MG";"UOP03-DEL15-MG"
765923;2026-04-18;"sábado";"13:15:00";"RS";116;176,2;"NOVA PETROPOLIS";"Ultrapassagem Indevida";"Colisão lateral sentido oposto";"Com Vítimas Feridas";"Pleno dia";"Crescente";"Céu Claro";"Simples";"Curva";"Não";3;0;0;1;2;0;1;3;-29,343847;-51,15048;"SPRF-RS";"DEL05/RS";"UOP02-DEL05-RS"
765925;2026-04-15;"quarta-feira";"17:00:00";"RO";319;139;"PORTO VELHO";"Avarias e/ou desgaste excessivo no pneu";"Eventos atípicos";"Com Vítimas Feridas";"Anoitecer";"Decrescente";"Céu Claro";"Dupla";"Reta";"Sim";2;0;1;0;0;1;1;2;-8,74281748;-63,89986932;"SPRF-RO";"DEL01-RO";"UOP01-DEL01-RO"
765929;2026-04-18;"sábado";"10:15:00";"PR";277;17;"PARANAGUA";"Velocidade Incompatível";"Colisão lateral mesmo sentido";"Com Vítimas Feridas";"Pleno dia";"Decrescente";"Sol";"Dupla";"Reta";"Não";7;0;3;0;3;1;3;3;-25,5415222;-48,687579;"SPRF-PR";"DEL01/PR";"UOP05-DEL01-PR"
765933;2026-04-18;"sábado";"14:20:00";"RS";285;534,8;"CAIBATE";"Manobra de mudança de faixa";"Colisão lateral sentido oposto";"Com Vítimas Feridas";"Pleno dia";"Decrescente";"Céu Claro";"Simples";"Reta";"Não";8;0;2;0;5;2;2;5;-28,40449;-54,62164;"SPRF-RS";"DEL10/RS";"UOP01-DEL10-RS"
765935;2026-04-18;"sábado";"14:25:00";"GO";452;15;"RIO VERDE";"Reação tardia ou ineficiente do condutor";"Colisão traseira";"Sem Vítimas";"Pleno dia";"Decrescente";"Sol";"Simples";"Reta";"Não";3;0;0;0;2;4;0;6;-17,848283;-50,777647;"SPRF-GO";"DEL04/GO";"UOP01-DEL04-GO"
765943;2026-04-17;"sexta-feira";"22:00:00";"MG";153;30;"CENTRALINA";"Velocidade Incompatível";"Saída de leito carroçável";"Com Vítimas Feridas";"Plena Noite";"Crescente";"Céu Claro";"Dupla";"Reta";"Não";2;0;1;0;0;3;1;4;-18,67503002;-49,15866615;"SPRF-MG";"DEL15/MG";"UOP03-DEL15-MG"
765950;2026-04-18;"sábado";"15:00:00";"RJ";101;196;"CASIMIRO DE ABREU";"Manobra de mudança de faixa";"Colisão lateral mesmo sentido";"Com Vítimas Feridas";"Pleno dia";"Decrescente";"Céu Claro";"Dupla";"Curva";"Não";5;0;1;0;3;1;1;3;-22,47886208;-42,09317781;"SPRF-RJ";"DEL08/RJ";"UOP04-DEL08-RJ"
765952;2026-04-18;"sábado";"11:05:00";"RO";364;483,9;"ARIQUEMES";"Demais falhas mecânicas ou elétricas";"Tombamento";"Com Vítimas Feridas";"Pleno dia";"Crescente";"Céu Claro";"Simples";"Reta";"Não";1;0;1;0;0;0;1;1;-10,123077;-62,896092;"SPRF-RO";"DEL03-RO";"UOP01-DEL03-RO"
765956;2026-04-11;"sábado";"19:10:00";"ES";259;21,7;"JOAO NEIVA";"Reação tardia ou ineficiente do condutor";"Colisão lateral sentido oposto";"Com Vítimas Feridas";"Plena Noite";"Crescente";"Garoa/Chuvisco";"Simples";"Reta";"Não";4;0;0;2;1;1;2;3;-19,65749435;-40,45918465;"SPRF-ES";"DEL02-ES";"UOP01-DEL02-ES"
765961;2026-04-18;"sábado";"14:40:00";"SE";101;155,8;"ESTANCIA";"Carga excessiva e/ou mal acondicionada";"Derramamento de carga";"Sem Vítimas";"Pleno dia";"Crescente";"Céu Claro";"Simples";"Curva";"Não";2;0;0;0;1;1;0;2;-11,28875855;-37,46818241;"SPRF-SE";"DEL02-SE";"UOP01-DEL02-SE"
765969;2026-04-18;"sábado";"16:50:00";"GO";60;76,1;"ANAPOLIS";"Condutor usando celular";"Saída de leito carroçável";"Sem Vítimas";"Pleno dia";"Decrescente";"Céu Claro";"Dupla";"Reta";"Não";2;0;0;0;1;2;0;3;-16,28318814;-48,79334629;"SPRF-GO";"DEL02/GO";"UOP01-DEL02-GO"
765976;2026-04-18;"sábado";"16:40:00";"RS";158;144,7;"PANAMBI";"Ingestão de álcool pelo condutor";"Colisão lateral sentido oposto";"Sem Vítimas";"Pleno dia";"Crescente";"Sol";"Simples";"Curva;Aclive";"Não";3;0;0;0;3;0;0;3;-28,239227;-53,480792;"SPRF-RS";"DEL10/RS";"UOP02-DEL10-RS"
765984;2026-04-18;"sábado";"18:45:00";"RS";116;509,8;"PELOTAS";"Acessar a via sem observar a presença dos outros veículos";"Colisão lateral mesmo sentido";"Com Vítimas Fatais";"Plena Noite";"Decrescente";"Céu Claro";"Simples";"Reta;Em Obras";"Não";5;1;0;1;1;3;1;5;-31,623242;-52,315613;"SPRF-RS";"DEL07/RS";"UOP01-DEL07-RS"
765995;2026-04-18;"sábado";"17:49:00";"RJ";356;153,9;"CAMPOS DOS GOYTACAZES";"Transitar na contramão";"Colisão lateral sentido oposto";"Com Vítimas Feridas";"Anoitecer";"Decrescente";"Céu Claro";"Simples";"Reta";"Não";2;0;0;1;1;0;1;2;-21,756438;-41,238953;"SPRF-RJ";"DEL08/RJ";"UOP02-DEL08-RJ"
765998;2026-04-18;"sábado";"19:10:00";"SC";101;158;"PORTO BELO";"Ausência de reação do condutor";"Colisão lateral mesmo sentido";"Sem Vítimas";"Plena Noite";"Decrescente";"Nublado";"Dupla";"Reta";"Sim";2;0;0;0;2;0;0;2;-27,19635027;-48,61326135;"SPRF-SC";"DEL04/SC";"UOP03-DEL04-SC"
766001;2026-04-18;"sábado";"16:30:00";"MG";381;239,9;"SANTANA DO PARAISO";"Condutor Dormindo";"Saída de leito carroçável";"Com Vítimas Feridas";"Pleno dia";"Crescente";"Céu Claro";"Simples";"Curva";"Sim";2;0;1;0;0;1;1;2;-19,426;-42,5;"SPRF-MG";"DEL06/MG";"UOP01-DEL06-MG"
766003;2026-04-18;"sábado";"20:00:00";"RS";285;532,5;"CAIBATE";"Transitar na contramão";"Colisão lateral sentido oposto";"Com Vítimas Feridas";"Plena Noite";"Decrescente";"Céu Claro";"Simples";"Reta";"Não";3;0;0;1;2;0;1;2;-28,40977;-54,598782;"SPRF-RS";"DEL10/RS";"UOP01-DEL10-RS"
766010;2026-04-18;"sábado";"20:00:00";"MA";222;365,9;"SANTA INES";"Demais falhas mecânicas ou elétricas";"Incêndio";"Sem Vítimas";"Plena Noite";"Crescente";"Céu Claro";"Simples";"Aclive;Reta";"Não";2;0;0;0;1;1;0;2;-3,696674;-45,407212;"SPRF-MA";"DEL02-MA";"UOP01-DEL02-MA"
766013;2026-04-18;"sábado";"19:00:00";"BA";242;569;"OLIVEIRA DOS BREJINHOS";"Problema com o freio";"Incêndio";"Sem Vítimas";"Plena Noite";"Decrescente";"Céu Claro";"Simples";"Reta";"Não";2;0;0;0;1;2;0;3;-12,05557595;-42,96527195;"SPRF-BA";"DEL06/BA";"UOP03-DEL06-BA"
766017;2026-04-18;"sábado";"13:13:00";"PI";135;249;"ALVORADA DO GURGUEIA";"Ausência de reação do condutor";"Colisão traseira";"Com Vítimas Feridas";"Pleno dia";"Crescente";"Céu Claro";"Simples";"Reta";"Não";3;0;1;1;1;0;2;2;-8,308623;-43,817153;"SPRF-PI";"DEL03-PI";"UOP02-DEL03-PI"
766032;2026-04-18;"sábado";"22:10:00";"MG";262;153;"SAO DOMINGOS DO PRATA";"Demais falhas mecânicas ou elétricas";"Incêndio";"Sem Vítimas";"Plena Noite";"Decrescente";"Céu Claro";"Simples";"Declive";"Não";2;0;0;0;1;1;0;2;-19,985104;-42,795038;"SPRF-MG";"DEL03/MG";"UOP03-DEL03-MG"
766048;2026-04-19;"domingo";"00:45:00";"CE";222;294;"TIANGUA";"Neblina";"Colisão lateral sentido oposto";"Com Vítimas Fatais";"Plena Noite";"Crescente";"Nevoeiro/Neblina";"Simples";"Curva";"Não";2;1;0;0;0;1;0;2;-3,665656;-40,907078;"SPRF-CE";"DEL04/CE";"UOP02-DEL04-CE"
766064;2026-04-19;"domingo";"02:20:00";"PR";153;470,5;"PORTO VITORIA";"Reação tardia ou ineficiente do condutor";"Tombamento";"Com Vítimas Feridas";"Plena Noite";"Decrescente";"Céu Claro";"Simples";"Curva";"Não";2;0;0;1;0;1;1;2;-26,296061;-51,206835;"SPRF-PR";"DEL02/PR";"UOP03-DEL02-PR"
766070;2026-04-19;"domingo";"05:00:00";"ES";101;304;"VIANA";"Ingestão de álcool pelo condutor";"Colisão frontal";"Sem Vítimas";"Plena Noite";"Crescente";"Céu Claro";"Dupla";"Reta";"Sim";3;0;0;0;2;1;0;3;-20,3807584;-40,45636511;"SPRF-ES";"DEL01-ES";"UOP01-DEL01-ES"
766073;2026-04-19;"domingo";"04:00:00";"BA";101;525,8;"BUERAREMA";"Condutor Dormindo";"Colisão frontal";"Com Vítimas Feridas";"Amanhecer";"Crescente";"Nublado";"Simples";"Reta";"Não";3;0;0;1;2;0;1;2;-14,964092;-39,313817;"SPRF-BA";"DEL05/BA";"UOP01-DEL05-BA"
766083;2026-04-18;"sábado";"19:10:00";"RJ";101;254;"RIO BONITO";"Reação tardia ou ineficiente do condutor";"Colisão lateral mesmo sentido";"Com Vítimas Fatais";"Plena Noite";"Decrescente";"Céu Claro";"Dupla";"Reta";"Não";4;1;0;1;1;1;1;3;-22,69278421;-42,55155087;"SPRF-RJ";"DEL02/RJ";"UOP03-DEL02-RJ"
766084;2026-04-19;"domingo";"05:00:00";"MG";116;741,1;"LEOPOLDINA";"Condutor Dormindo";"Saída de leito carroçável";"Com Vítimas Feridas";"Plena Noite";"Crescente";"Céu Claro";"Simples";"Declive;Curva";"Não";3;0;2;0;1;0;2;1;-21,40252038;-42,49698535;"SPRF-MG";"DEL07/MG";"UOP01-DEL07-MG"
766091;2026-04-19;"domingo";"06:30:00";"PR";163;163;"LINDOESTE";"Demais falhas mecânicas ou elétricas";"Incêndio";"Sem Vítimas";"Pleno dia";"Decrescente";"Céu Claro";"Simples";"Curva";"Não";2;0;0;0;1;1;0;2;-25,292631;-53,5696752;"SPRF-PR";"DEL05/PR";"UOP05-DEL05-PR"
766096;2026-04-19;"domingo";"05:50:00";"ES";101;355,9;"ANCHIETA";"Mal súbito do condutor";"Colisão lateral mesmo sentido";"Com Vítimas Feridas";"Amanhecer";"Decrescente";"Céu Claro";"Dupla";"Reta";"Não";2;0;1;0;1;0;1;2;-20,6898508;-40,6789315;"SPRF-ES";"DEL03-ES";"UOP01-DEL03-ES"
766100;2026-04-19;"domingo";"04:50:00";"MG";116;181,1;"CARAI";"Ausência de reação do condutor";"Tombamento";"Com Vítimas Feridas";"Amanhecer";"Crescente";"Céu Claro";"Simples";"Curva";"Não";2;0;1;0;0;1;1;2;-17,092677;-41,491968;"SPRF-MG";"DEL11/MG";"UOP01-DEL11-MG"
766106;2026-04-19;"domingo";"07:00:00";"RO";364;163,2;"PIMENTA BUENO";"Velocidade Incompatível";"Colisão traseira";"Com Vítimas Feridas";"Pleno dia";"Crescente";"Chuva";"Simples";"Declive;Reta";"Não";3;0;1;0;1;1;1;3;-11,896068;-60,979973;"SPRF-RO";"DEL02-RO";"UOP02-DEL02-RO"
766121;2026-04-18;"sábado";"20:00:00";"MG";267;227,1;"BOM JARDIM DE MINAS";"Velocidade Incompatível";"Tombamento";"Com Vítimas Feridas";"Plena Noite";"Crescente";"Céu Claro";"Simples";"Curva";"Não";1;0;1;0;0;0;1;1;-22,02768485;-44,16741111;"SPRF-MG";"DEL17/MG";"UOP01-DEL17-MG"
766123;2026-04-19;"domingo";"08:45:00";"BA";330;832,1;"IPIAU";"Velocidade Incompatível";"Tombamento";"Com Vítimas Feridas";"Pleno dia";"Crescente";"Sol";"Simples";"Aclive;Curva";"Não";1;0;0;1;0;0;1;1;-14,0962744;-39,7806189;"SPRF-BA";"DEL03/BA";"UOP01-DEL03-BA"
766126;2026-04-19;"domingo";"05:50:00";"RS";471;652;"SANTA VITORIA DO PALMAR";"Condutor Dormindo";"Colisão frontal";"Com Vítimas Fatais";"Amanhecer";"Crescente";"Nublado";"Simples";"Reta";"Não";2;1;1;0;0;0;1;2;-33,4753329;-53,290002;"SPRF-RS";"DEL07/RS";"UOP04-DEL07-RS"
766132;2026-04-19;"domingo";"10:00:00";"TO";153;562;"FATIMA";"Condutor deixou de manter distância do veículo da frente";"Colisão traseira";"Com Vítimas Feridas";"Pleno dia";"Decrescente";"Céu Claro";"Dupla";"Reta";"Sim";3;0;1;0;1;4;1;6;-10,765832;-48,90171;"SPRF-TO";"DEL01-TO";"UOP01-DEL01-TO"