"id";"data_inversa";"dia_semana";"horario";"uf";"br";"km";"municipio";"causa_acidente";"tipo_acidente";"classificacao_acidente";"fase_dia";"sentido_via";"condicao_metereologica";"tipo_pista";"tracado_via";"uso_solo";"pessoas";"mortos";"feridos_leves";"feridos_graves";"ilesos";"ignorados";"feridos";"veiculos";"latitude";"longitude";"regional";"delegacia";"uop"
766150;2026-04-19;"domingo";"09:10:00";"BA";116;611;"IRAJUBA";"Demais falhas mecânicas ou elétricas";"Incêndio";"Sem Vítimas";"Pleno dia";"Decrescente";"Sol";"Simples";"Reta";"Não";1;0;0;0;1;0;0;1;-13,3322;-40,01679;"SPRF-BA";"DEL03/BA";"UOP02-DEL03-BA"
766159;2026-04-19;"domingo";"13:10:00";"MA";135;75;"SANTA RITA";"Condutor deixou de manter distância do veículo da frente";"Engavetamento";"Sem Vítimas";"Pleno dia";"Decrescente";"Chuva";"Simples";"Reta";"Sim";3;0;0;0;2;1;0;3;-3,189382;-44,351405;"SPRF-MA";"DEL01-MA";"UOP02-DEL01-MA"
766163;2026-04-16;"quinta-feira";"07:00:00";"PR";116;31,4;"CAMPINA GRANDE DO SUL";"Demais falhas mecânicas ou elétricas";"Incêndio";"Sem Vítimas";"Pleno dia";"Decrescente";"Sol";"Dupla";"Curva";"Não";2;0;0;0;2;0;0;1;-25,10751;-48,831715;"SPRF-PR";"DEL01/PR";"UOP02-DEL01-PR"
766167;2026-04-19;"domingo";"11:55:00";"GO";153;308,9;"RIALMA";"Ultrapassagem Indevida";"Colisão lateral sentido oposto";"Com Vítimas Feridas";"Pleno dia";"Crescente";"Céu Claro";"Simples";"Declive;Reta";"Não";2;0;0;1;1;0;1;2;-15,38186026;-49,55383301;"SPRF-GO";"DEL02/GO";"UOP02-DEL02-GO"
766173;2026-04-19;"domingo";"13:40:00";"SP";116;545;"BARRA DO TURVO";"Reação tardia ou ineficiente do condutor";"Saída de leito carroçável";"Com Vítimas Feridas";"Pleno dia";"Decrescente";"Céu Claro";"Dupla";"Curva;Declive";"Não";1;0;1;0;0;0;1;1;-24,963725;-48,424231;"SPRF-SP";"DEL05/SP";"UOP02-DEL05-SP"
766175;2026-04-19;"domingo";"14:50:00";"SC";280;52,8;"GUARAMIRIM";"Acessar a via sem observar a presença dos outros veículos";"Colisão frontal";"Com Vítimas Fatais";"Pleno dia";"Decrescente";"Céu Claro";"Múltipla";"Interseção de Vias;Reta";"Sim";3;1;0;0;1;1;0;3;-26,472761;-48,97457;"SPRF-SC";"DEL03/SC";"UOP03-DEL03-SC"
766186;2026-04-19;"domingo";"11:40:00";"BA";116;766,6;"POCOES";"Velocidade Incompatível";"Colisão traseira";"Com Vítimas Feridas";"Pleno dia";"Crescente";"Céu Claro";"Simples";"Reta";"Não";3;0;0;1;1;1;1;3;-14,5856082;-40,4324304;"SPRF-BA";"DEL08/BA";"UOP02-DEL08-BA"
766187;2026-04-19;"domingo";"14:30:00";"MA";222;664,9;"ACAILANDIA";"Demais falhas mecânicas ou elétricas";"Tombamento";"Com Vítimas Feridas";"Pleno dia";"Decrescente";"Céu Claro";"Simples";"Reta;Declive";"Não";3;0;1;0;1;3;1;5;-4,91438;-47,419882;"SPRF-MA";"DEL04-MA";"UOP03-DEL04-MA"
766198;2026-04-19;"domingo";"14:50:00";"RS";471;661;"SANTA VITORIA DO PALMAR";"Acostamento em desnível";"Tombamento";"Com Vítimas Feridas";"Pleno dia";"Decrescente";"Sol";"Simples";"Reta;Interseção de Vias";"Não";1;0;0;1;0;0;1;1;-33,54266971;-53,3559823;"SPRF-RS";"DEL07/RS";"UOP04-DEL07-RS"
766200;2026-04-19;"domingo";"13:50:00";"MT";364;251;"JUSCIMEIRA";"Curva acentuada";"Colisão transversal";"Sem Vítimas";"Pleno dia";"Crescente";"Sol";"Dupla";"Curva";"Não";3;0;0;0;2;1;0;3;-16,114743;-54,85888;"SPRF-MT";"DEL02/MT";"UOP01-DEL02-MT"
766203;2026-04-19;"domingo";"10:40:00";"MG";262;17,9;"REDUTO";"Reação tardia ou ineficiente do condutor";"Tombamento";"Com Vítimas Feridas";"Pleno dia";"Crescente";"Nublado";"Simples";"Declive;Curva";"Não";2;0;1;0;0;1;1;2;-20,248361;-41,902708;"SPRF-MG";"DEL06/MG";"UOP03-DEL06-MG"
766207;2026-04-19;"domingo";"16:55:00";"MS";262;232,1;"RIBAS DO RIO PARDO";"Reação tardia ou ineficiente do condutor";"Colisão traseira";"Com Vítimas Feridas";"Pleno dia";"Crescente";"Céu Claro";"Simples";"Reta";"Não";4;0;0;1;2;2;1;5;-20,4640964;-53,693583;"SPRF-MS";"DEL01/MS";"UOP05-DEL01-MS"
766208;2026-04-19;"domingo";"16:38:00";"MG";40;143,9;"JOAO PINHEIRO";"Entrada inopinada do pedestre";"Atropelamento de Pedestre";"Com Vítimas Fatais";"Pleno dia";"Crescente";"Céu Claro";"Dupla";"Declive;Curva";"Sim";2;1;0;0;0;1;0;2;-17,749492;-46,172444;"SPRF-MG";"DEL14/MG";"UOP01-DEL14-MG"
766209;2026-04-19;"domingo";"17:45:00";"SP";116;285,5;"ITAPECERICA DA SERRA";"Demais falhas mecânicas ou elétricas";"Incêndio";"Sem Vítimas";"Anoitecer";"Decrescente";"Céu Claro";"Dupla";"Reta";"Sim";2;0;0;0;1;2;0;3;-23,68877202;-46,86152883;"SPRF-SP";"DEL04/SP";"UOP01-DEL04-SP"
766217;2026-04-19;"domingo";"17:50:00";"PE";232;65;"GRAVATA";"Manobra de mudança de faixa";"Colisão lateral mesmo sentido";"Sem Vítimas";"Anoitecer";"Crescente";"Céu Claro";"Dupla";"Aclive;Curva";"Não";6;0;0;0;6;0;0;2;-8,167467;-35,453523;"SPRF-PE";"DEL02/PE";"UOP02-DEL02PE"
766220;2026-04-19;"domingo";"18:40:00";"RS";386;341,9;"LAJEADO";"Velocidade Incompatível";"Tombamento";"Com Vítimas Feridas";"Plena Noite";"Crescente";"Céu Claro";"Dupla";"Curva;Aclive;Viaduto;Retorno Regulamentado";"Sim";2;0;0;1;0;1;1;2;-29,431504;-52,012915;"SPRF-RS";"DEL04/RS";"UOP01-DEL04-RS"
766238;2026-04-19;"domingo";"19:30:00";"PR";116;105,5;"SAO JOSE DOS PINHAIS";"Transitar no Acostamento";"Atropelamento de Pedestre";"Com Vítimas Feridas";"Plena Noite";"Crescente";"Céu Claro";"Dupla";"Reta";"Não";2;0;1;0;0;1;1;2;-25,5707;-49,2131;"SPRF-PR";"DEL01/PR";"UOP08-DEL01-PR"
766240;2026-04-19;"domingo";"19:20:00";"RS";293;219;"DOM PEDRITO";"Acessar a via sem observar a presença dos outros veículos";"Colisão lateral sentido oposto";"Com Vítimas Feridas";"Plena Noite";"Decrescente";"Céu Claro";"Simples";"Interseção de Vias";"Sim";4;0;2;0;1;1;2;3;-31,12990751;-54,38691616;"SPRF-RS";"DEL11/RS";"UOP03-DEL11-RS"
766249;2026-04-19;"domingo";"18:40:00";"BA";110;209;"EUCLIDES DA CUNHA";"Ausência de reação do condutor";"Colisão lateral sentido oposto";"Com Vítimas Feridas";"Plena Noite";"Decrescente";"Céu Claro";"Simples";"Reta";"Não";3;0;0;1;1;1;1;3;-10,48269001;-39,01862383;"SPRF-BA";"DEL07/BA";"UOP02-DEL07-BA"
766259;2026-04-19;"domingo";"19:30:00";"BA";324;374;"SAO JOSE DO JACUIPE";"Ultrapassagem Indevida";"Colisão lateral sentido oposto";"Com Vítimas Feridas";"Plena Noite";"Crescente";"Céu Claro";"Simples";"Reta";"Não";4;0;3;0;1;0;3;3;-11,442905;-39,83756;"SPRF-BA";"DEL04/BA";"UOP02-DEL04-BA"
766265;2026-04-19;"domingo";"20:40:00";"GO";452;32;"SANTA HELENA DE GOIAS";"Ingestão de álcool pelo condutor";"Saída de leito carroçável";"Sem Vítimas";"Plena Noite";"Decrescente";"Céu Claro";"Simples";"Reta";"Não";4;0;0;0;3;1;0;2;-17,90696;-50,62969;"SPRF-GO";"DEL04/GO";"UOP01-DEL04-GO"
766267;2026-04-19;"domingo";"19:55:00";"SC";163;118;"DIONISIO CERQUEIRA";"Transitar na contramão";"Colisão frontal";"Com Vítimas Fatais";"Anoitecer";"Crescente";"Céu Claro";"Simples";"Aclive;Reta";"Não";2;1;1;0;0;0;1;2;-26,34582286;-53,54633141;"SPRF-SC";"DEL07/SC";"UOP03-DEL07-SC"
766272;2026-04-19;"domingo";"18:45:00";"MT";364;1186;"CAMPOS DE JULIO";"Acessar a via sem observar a presença dos outros veículos";"Colisão transversal";"Com Vítimas Feridas";"Plena Noite";"Decrescente";"Céu Claro";"Simples";"Reta";"Não";4;0;0;2;1;2;2;4;-13,55158558;-59,03744908;"SPRF-MT";"DEL04/MT";"UOP02-DEL04-MT"
766274;2026-04-19;"domingo";"21:15:00";"SC";282;379;"HERVAL DOESTE";"Reação tardia ou ineficiente do condutor";"Colisão com objeto";"Sem Vítimas";"Plena Noite";"Crescente";"Céu Claro";"Simples";"Rotatória";"Não";1;0;0;0;1;0;0;1;-27,2145718;-51,484684;"SPRF-SC";"DEL07/SC";"UOP05-DEL07-SC"
766279;2026-04-19;"domingo";"23:00:00";"RJ";101;70;"CAMPOS DOS GOYTACAZES";"Manobra de mudança de faixa";"Colisão frontal";"Com Vítimas Fatais";"Plena Noite";"Crescente";"Céu Claro";"Simples";"Curva";"Sim";3;2;0;0;1;0;0;2;-21,78715;-41,383625;"SPRF-RJ";"DEL08/RJ";"UOP02-DEL08-RJ"
766288;2026-04-20;"segunda-feira";"00:20:00";"SP";116;360;"MIRACATU";"Velocidade Incompatível";"Colisão traseira";"Com Vítimas Feridas";"Plena Noite";"Crescente";"Nublado";"Dupla";"Reta;Declive";"Não";3;0;0;1;1;2;1;4;-24,115919;-47,268964;"SPRF-SP";"DEL04/SP";"UOP03-DEL04-SP"
766296;2026-04-20;"segunda-feira";"00:50:00";"RJ";40;25;"TRES RIOS";"Velocidade Incompatível";"Colisão com objeto";"Com Vítimas Feridas";"Plena Noite";"Crescente";"Vento";"Dupla";"Curva";"Não";2;0;0;1;0;1;1;2;-22,14639879;-43,15811332;"SPRF-RJ";"DEL05/RJ";"UOP02-DEL05-RJ"
766300;2026-04-20;"segunda-feira";"00:15:00";"PI";316;281;"DOM EXPEDITO LOPES";"Demais falhas mecânicas ou elétricas";"Incêndio";"Sem Vítimas";"Plena Noite";"Crescente";"Céu Claro";"Simples";"Reta";"Não";2;0;0;0;1;2;0;3;-6,972652;-41,681691;"SPRF-PI";"DEL04-PI";"UOP01-DEL04-PI"
766301;2026-04-20;"segunda-feira";"02:30:00";"SP";381;24;"BRAGANCA PAULISTA";"Ausência de reação do condutor";"Colisão com objeto";"Com Vítimas Feridas";"Plena Noite";"Crescente";"Céu Claro";"Múltipla";"Declive;Reta";"Não";3;0;1;1;0;2;2;4;-22,98462496;-46,50341615;"SPRF-SP";"DEL03/SP";"UOP02-DEL03-SP"
766308;2026-04-19;"domingo";"23:20:00";"MT";163;98;"RONDONOPOLIS";"Reação tardia ou ineficiente do condutor";"Saída de leito carroçável";"Com Vítimas Feridas";"Plena Noite";"Decrescente";"Céu Claro";"Dupla";"Reta";"Não";2;0;1;0;0;2;1;3;-16,666663;-54,678453;"SPRF-MT";"DEL02/MT";"UOP03-DEL02-MT"
766309;2026-04-20;"segunda-feira";"05:41:00";"TO";153;209;"NOVA OLINDA";"Condutor deixou de manter distância do veículo da frente";"Colisão traseira";"Com Vítimas Feridas";"Pleno dia";"Crescente";"Nublado";"Simples";"Reta";"Sim";2;0;1;0;0;1;1;2;-7,727705;-48,445708;"SPRF-TO";"DEL02-TO";"UOP01-DEL02-TO"
766312;2026-04-20;"segunda-feira";"06:30:00";"PE";101;73,5;"RECIFE";"Reação tardia ou ineficiente do condutor";"Colisão transversal";"Com Vítimas Feridas";"Pleno dia";"Decrescente";"Céu Claro";"Dupla";"Reta";"Sim";5;0;2;0;2;1;2;3;-8,09921;-34,95007;"SPRF-PE";"DEL01/PE";"UOP01-DEL01-PE"
766313;2026-04-20;"segunda-feira";"06:15:00";"PR";376;170,8;"MARINGA";"Condutor desrespeitou a iluminação vermelha do semáforo";"Colisão transversal";"Com Vítimas Feridas";"Pleno dia";"Crescente";"Céu Claro";"Dupla";"Reta;Interseção de Vias;Rotatória";"Sim";7;0;1;0;5;3;1;5;-23,41026752;-51,98743343;"SPRF-PR";"DEL09/PR";"UOP01-DEL09-PR"
766322;2026-04-19;"domingo";"23:07:00";"BA";101;358;"WENCESLAU GUIMARAES";"Ingestão de álcool pelo condutor";"Colisão frontal";"Com Vítimas Fatais";"Plena Noite";"Decrescente";"Céu Claro";"Simples";"Declive";"Não";6;1;3;1;0;1;4;2;-13,669478;-39,479683;"SPRF-BA";"DEL05/BA";"UOP03-DEL05-BA"
766329;2026-04-20;"segunda-feira";"08:40:00";"SP";381;79;"SAO PAULO";"Reação tardia ou ineficiente do condutor";"Tombamento";"Com Vítimas Feridas";"Pleno dia";"Crescente";"Céu Claro";"Dupla";"Declive;Curva";"Sim";3;0;1;0;1;3;1;5;-23,40563557;-46,57996389;"SPRF-SP";"DEL03/SP";"UOP01-DEL03-SP"
766330;2026-04-20;"segunda-feira";"09:10:00";"MG";116;635,5;"DIVINO";"Transitar na contramão";"Colisão frontal";"Com Vítimas Fatais";"Pleno dia";"Decrescente";"Nublado";"Simples";"Reta";"Não";3;1;0;1;0;1;1;3;-20,62908924;-42,22692847;"SPRF-MG";"DEL07/MG";"UOP02-DEL07-MG"
766331;2026-04-19;"domingo";"18:06:00";"AC";317;288;"EPITACIOLANDIA";"Transitar na contramão";"Colisão frontal";"Com Vítimas Fatais";"Plena Noite";"Decrescente";"Céu Claro";"Simples";"Reta";"Não";4;1;0;0;2;1;0;2;-11,03617;-68,713326;"SPRF-AC";"DEL01-AC";"UOP02-DEL01-AC"
766333;2026-04-20;"segunda-feira";"07:50:00";"MG";262;767;"UBERABA";"Demais falhas mecânicas ou elétricas";"Incêndio";"Sem Vítimas";"Pleno dia";"Crescente";"Céu Claro";"Simples";"Reta";"Não";2;0;0;0;1;1;0;2;-19,73241;-47,74402;"SPRF-MG";"DEL13/MG";"UOP01-DEL13-MG"
766337;2026-04-20;"segunda-feira";"08:20:00";"SP";116;196;"ARUJA";"Reação tardia ou ineficiente do condutor";"Colisão traseira";"Com Vítimas Feridas";"Pleno dia";"Decrescente";"Céu Claro";"Dupla";"Reta";"Não";3;0;2;0;1;0;2;2;-23,39206129;-46,28309214;"SPRF-SP";"DEL01/SP";"UOP01-DEL01-SP"
766339;2026-04-20;"segunda-feira";"09:10:00";"SC";101;73,2;"ARAQUARI";"Reação tardia ou ineficiente do condutor";"Colisão traseira";"Com Vítimas Feridas";"Pleno dia";"Decrescente";"Céu Claro";"Dupla";"Curva";"Não";3;0;0;1;1;1;1;3;-26,54025292;-48,71202556;"SPRF-SC";"DEL03/SC";"UOP02-DEL03-SC"
766342;2026-04-20;"segunda-feira";"07:08:00";"GO";364;156;"JATAI";"Reação tardia ou ineficiente do condutor";"Colisão traseira";"Com Vítimas Feridas";"Pleno dia";"Crescente";"Céu Claro";"Múltipla";"Reta";"Não";7;0;1;0;5;4;1;6;-18,1106488;-51,481145;"SPRF-GO";"DEL05/GO";"UOP02-DEL05-GO"
766344;2026-04-20;"segunda-feira";"09:25:00";"PA";316;62;"CASTANHAL";"Reação tardia ou ineficiente do condutor";"Colisão traseira";"Com Vítimas Feridas";"Pleno dia";"Decrescente";"Sol";"Simples";"Reta";"Sim";4;0;2;0;1;3;2;5;-1,296752;-47,929522;"SPRF-PA";"DEL01/PA";"UOP01-DEL01-PA"
766347;2026-04-20;"segunda-feira";"10:00:00";"PE";101;11,8;"GOIANA";"Ausência de reação do condutor";"Colisão traseira";"Com Vítimas Feridas";"Pleno dia";"Decrescente";"Céu Claro";"Dupla";"Reta";"Não";3;0;0;1;1;1;1;3;-7,60099;-34,979993;"SPRF-PE";"DEL01/PE";"UOP02-DEL01-PE"
766349;2026-04-20;"segunda-feira";"10:23:00";"SC";0;0;"CHAPECO";"Desrespeitar a preferência no cruzamento";"Colisão transversal";"Com Vítimas Feridas";"Pleno dia";"Não Informado";"Céu Claro";"Simples";"Reta;Interseção de Vias";"Não";5;0;2;0;3;0;2;2;-27,08845405;-52,7227664;"SPRF-SC";"DEL07/SC";"UOP01-DEL07-SC"
766350;2026-04-20;"segunda-feira";"10:45:00";"RS";290;100;"PORTO ALEGRE";"Reação tardia ou ineficiente do condutor";"Colisão traseira";"Com Vítimas Feridas";"Pleno dia";"Crescente";"Céu Claro";"Dupla";"Reta;Ponte";"Sim";5;0;2;0;2;1;2;4;-29,98944016;-51,22160066;"SPRF-RS";"DEL01/RS";"UOP01-DEL01-RS"
766353;2026-04-20;"segunda-feira";"11:30:00";"ES";101;38,7;"CONCEICAO DA BARRA";"Condutor deixou de manter distância do veículo da frente";"Colisão transversal";"Com Vítimas Feridas";"Pleno dia";"Decrescente";"Nublado";"Simples";"Reta";"Não";4;0;2;0;1;2;2;4;-18,51591643;-39,91369335;"SPRF-ES";"DEL04-ES";"UOP02-DEL04-ES"
766356;2026-04-20;"segunda-feira";"10:50:00";"RJ";101;471;"ANGRA DOS REIS";"Acessar a via sem observar a presença dos outros veículos";"Colisão transversal";"Com Vítimas Feridas";"Pleno dia";"Decrescente";"Céu Claro";"Simples";"Curva;Interseção de Vias";"Sim";3;0;0;1;1;1;1;3;-23,00137983;-44,2275238;"SPRF-RJ";"DEL03/RJ";"UOP03-DEL03-RJ"
766362;2026-04-20;"segunda-feira";"12:15:00";"PR";376;378;"IMBAU";"Demais falhas mecânicas ou elétricas";"Tombamento";"Com Vítimas Feridas";"Pleno dia";"Decrescente";"Céu Claro";"Dupla";"Curva";"Não";2;0;1;0;0;1;1;2;-24,42573112;-50,76878535;"SPRF-PR";"DEL03/PR";"UOP02-DEL03-PR"
766363;2026-04-20;"segunda-feira";"11:35:00";"SP";116;356,8;"MIRACATU";"Velocidade Incompatível";"Colisão lateral mesmo sentido";"Com Vítimas Feridas";"Pleno dia";"Crescente";"Céu Claro";"Dupla";"Túnel;Reta;Declive";"Não";4;0;1;0;2;1;1;3;-24,10390703;-47,26115799;"SPRF-SP";"DEL04/SP";"UOP03-DEL04-SP"
766368;2026-04-20;"segunda-feira";"12:40:00";"RS";290;104;"ELDORADO DO SUL";"Ausência de reação do condutor";"Engavetamento";"Sem Vítimas";"Pleno dia";"Crescente";"Céu Claro";"Dupla";"Ponte;Reta;Declive";"Não";6;0;0;0;6;0;0;2;-29,99144541;-51,27096025;"SPRF-RS";"DEL02/RS";"UOP01-DEL02-RS"
766380;2026-04-20;"segunda-feira";"12:00:00";"RJ";393;158;"TRES RIOS";"Carga excessiva e/ou mal acondicionada";"Tombamento";"Com Vítimas Feridas";"Pleno dia";"Decrescente";"Céu Claro";"Simples";"Curva;Declive";"Não";4;0;2;1;0;1;3;2;-22,099833;-43,093129;"SPRF-RJ";"DEL05/RJ";"UOP01-DEL05-RJ"
766383;2026-04-20;"segunda-feira";"09:15:00";"CE";222;53;"SAO GONCALO DO AMARANTE";"Avarias e/ou desgaste excessivo no pneu";"Colisão com objeto";"Com Vítimas Feridas";"Pleno dia";"Decrescente";"Nublado";"Simples";"Reta";"Não";4;0;1;0;2;2;1;4;-3,6690162;-39,0230644;"SPRF-CE";"DEL01/CE";"UOP03-DEL01-CE"
766388;2026-04-20;"segunda-feira";"15:15:00";"PB";230;22,7;"JOAO PESSOA";"Acessar a via sem observar a presença dos outros veículos";"Colisão lateral mesmo sentido";"Com Vítimas Feridas";"Pleno dia";"Crescente";"Céu Claro";"Dupla";"Reta";"Sim";3;0;2;0;1;0;2;2;-7,15646427;-34,8575592;"SPRF-PB";"DEL01-PB";"UOP01-DEL01-PB"
766399;2026-04-20;"segunda-feira";"14:10:00";"GO";153;701;"ITUMBIARA";"Ausência de reação do condutor";"Saída de leito carroçável";"Com Vítimas Feridas";"Pleno dia";"Decrescente";"Céu Claro";"Dupla";"Desvio Temporário;Reta";"Sim";3;0;1;0;2;0;1;2;-18,4091878;-49,19728518;"SPRF-GO";"DEL03/GO";"UOP02-DEL03-GO"
766405;2026-04-20;"segunda-feira";"15:00:00";"MT";70;497;"CUIABA";"Velocidade Incompatível";"Tombamento";"Com Vítimas Feridas";"Pleno dia";"Crescente";"Nublado";"Dupla";"Curva";"Sim";2;0;1;0;0;1;1;2;-15,661075;-56,0068667;"SPRF-MT";"DEL01/MT";"UOP02-DEL01-MT"
766406;2026-04-20;"segunda-feira";"15:50:00";"SC";470;296,5;"CAMPOS NOVOS";"Manobra de mudança de faixa";"Colisão lateral mesmo sentido";"Com Vítimas Feridas";"Pleno dia";"Decrescente";"Céu Claro";"Simples";"Reta";"Não";3;0;1;0;1;2;1;4;-27,35199043;-51,02117149;"SPRF-SC";"DEL07/SC";"UOP06-DEL07-SC"
766407;2026-04-20;"segunda-feira";"12:00:00";"MG";50;93;"UBERLANDIA";"Demais falhas mecânicas ou elétricas";"Incêndio";"Sem Vítimas";"Pleno dia";"Crescente";"Céu Claro";"Dupla";"Reta";"Não";2;0;0;0;1;2;0;3;-19,078764;-48,186661;"SPRF-MG";"DEL15/MG";"UOP01-DEL15-MG"
766410;2026-04-20;"segunda-feira";"16:45:00";"RJ";101;327;"NITEROI";"Demais falhas mecânicas ou elétricas";"Engavetamento";"Com Vítimas Feridas";"Pleno dia";"Decrescente";"Céu Claro";"Múltipla";"Reta";"Sim";6;0;1;0;5;0;1;4;-22,87206298;-43,15395355;"SPRF-RJ";"DEL02/RJ";"UOP01-DEL02-RJ"
766413;2026-04-20;"segunda-feira";"17:59:00";"RN";304;279,3;"MACAIBA";"Acesso irregular";"Colisão transversal";"Com Vítimas Feridas";"Anoitecer";"Decrescente";"Céu Claro";"Dupla";"Reta";"Não";5;0;4;0;1;0;4;2;-5,88811;-35,496789;"SPRF-RN";"DEL01-RN";"UOP02-DEL01-RN"
766419;2026-04-20;"segunda-feira";"17:37:00";"RN";110;107;"UPANEMA";"Reação tardia ou ineficiente do condutor";"Saída de leito carroçável";"Com Vítimas Feridas";"Anoitecer";"Decrescente";"Chuva";"Simples";"Reta";"Não";2;0;2;0;0;0;2;1;-5,708343;-37,283458;"SPRF-RN";"DEL04-RN";"UOP01-DEL04-RN"
766428;2026-04-20;"segunda-feira";"18:40:00";"SP";116;290;"ITAPECERICA DA SERRA";"Manobra de mudança de faixa";"Colisão lateral mesmo sentido";"Sem Vítimas";"Plena Noite";"Crescente";"Céu Claro";"Dupla";"Curva";"Sim";3;0;0;0;2;1;0;3;-23,70669807;-46,86824938;"SPRF-SP";"DEL04/SP";"UOP01-DEL04-SP"
766437;2026-04-20;"segunda-feira";"18:20:00";"MT";364;436;"VARZEA GRANDE";"Reação tardia ou ineficiente do condutor";"Atropelamento de Pedestre";"Com Vítimas Feridas";"Plena Noite";"Crescente";"Céu Claro";"Dupla";"Reta";"Sim";3;0;0;1;1;3;1;5;-15,64175936;-56,20119408;"SPRF-MT";"DEL01/MT";"UOP02-DEL01-MT"
766438;2026-04-20;"segunda-feira";"19:44:00";"SP";116;201;"ARUJA";"Acumulo de areia ou detritos sobre o pavimento";"Tombamento";"Com Vítimas Feridas";"Plena Noite";"Decrescente";"Céu Claro";"Dupla";"Reta";"Sim";2;0;0;1;1;0;1;2;-23,40325183;-46,32896869;"SPRF-SP";"DEL01/SP";"UOP01-DEL01-SP"
766441;2026-04-20;"segunda-feira";"20:15:00";"RS";293;26,1;"CAPAO DO LEAO";"Ausência de reação do condutor";"Colisão com objeto";"Com Vítimas Feridas";"Plena Noite";"Crescente";"Céu Claro";"Simples";"Reta;Ponte";"Não";2;0;1;0;0;1;1;2;-31,74773002;-52,48752594;"SPRF-RS";"DEL07/RS";"UOP01-DEL07-RS"
766442;2026-04-20;"segunda-feira";"19:00:00";"SC";282;590;"SAUDADES";"Ausência de reação do condutor";"Saída de leito carroçável";"Com Vítimas Feridas";"Plena Noite";"Decrescente";"Céu Claro";"Simples";"Curva";"Não";1;0;1;0;0;0;1;1;-26,82778199;-53,07671338;"SPRF-SC";"DEL07/SC";"UOP02-DEL07-SC"
766444;2026-04-20;"segunda-feira";"19:10:00";"SC";101;147;"ITAPEMA";"Trafegar com motocicleta (ou similar) entre as faixas";"Colisão traseira";"Com Vítimas Feridas";"Anoitecer";"Decrescente";"Nublado";"Dupla";"Reta";"Sim";4;0;2;0;1;1;2;3;-27,092389;-48,617165;"SPRF-SC";"DEL04/SC";"UOP03-DEL04-SC"
766447;2026-04-20;"segunda-feira";"13:30:00";"SC";480;128,3;"CHAPECO";"Carga excessiva e/ou mal acondicionada";"Incêndio";"Com Vítimas Feridas";"Pleno dia";"Crescente";"Céu Claro";"Simples";"Aclive;Reta";"Sim";1;0;1;0;0;0;1;1;-27,03194446;-52,63381932;"SPRF-SC";"DEL07/SC";"UOP01-DEL07-SC"
766458;2026-04-20;"segunda-feira";"21:25:00";"SC";101;222,5;"PALHOCA";"Velocidade Incompatível";"Colisão traseira";"Com Vítimas Fatais";"Plena Noite";"Crescente";"Céu Claro";"Dupla";"Aclive;Reta";"Não";3;1;0;0;1;1;0;3;-27,711772;-48,651763;"SPRF-SC";"DEL01/SC";"UOP02-DEL01-SC"
766464;2026-04-20;"segunda-feira";"21:48:00";"RJ";101;327;"NITEROI";"Reação tardia ou ineficiente do condutor";"Colisão traseira";"Com Vítimas Fatais";"Plena Noite";"Decrescente";"Céu Claro";"Múltipla";"Reta;Ponte;Aclive";"Não";2;1;0;0;1;0;0;2;-22,87059701;-43,16221325;"SPRF-RJ";"DEL02/RJ";"UOP01-DEL02-RJ"
766468;2026-04-20;"segunda-feira";"19:50:00";"RO";435;44,8;"VILHENA";"Reação tardia ou ineficiente do condutor";"Colisão traseira";"Com Vítimas Feridas";"Plena Noite";"Crescente";"Chuva";"Simples";"Aclive;Reta";"Não";3;0;0;1;0;2;1;3;-12,93029493;-60,3843545;"SPRF-RO";"DEL04-RO";"UOP02-DEL04-RO"
766469;2026-04-21;"terça-feira";"00:30:00";"SC";282;513,3;"XAXIM";"Manobra de mudança de faixa";"Colisão lateral mesmo sentido";"Sem Vítimas";"Plena Noite";"Crescente";"Céu Claro";"Simples";"Aclive;Reta";"Não";5;0;0;0;4;2;0;4;-26,91528077;-52,484272;"SPRF-SC";"DEL07/SC";"UOP01-DEL07-SC"
766470;2026-04-20;"segunda-feira";"22:00:00";"MS";463;6,6;"DOURADOS";"Ausência de reação do condutor";"Colisão traseira";"Com Vítimas Feridas";"Plena Noite";"Crescente";"Nublado";"Simples";"Declive;Reta";"Não";4;0;2;0;1;3;2;5;-22,25514;-54,867837;"SPRF-MS";"DEL04/MS";"UOP01-DEL04-MS"
766471;2026-04-20;"segunda-feira";"23:20:00";"RO";364;568,5;"ALTO PARAISO";"Reação tardia ou ineficiente do condutor";"Colisão lateral sentido oposto";"Com Vítimas Feridas";"Plena Noite";"Decrescente";"Nublado";"Simples";"Aclive;Reta";"Não";3;0;2;0;1;0;2;2;-9,489772;-63,093438;"SPRF-RO";"DEL01-RO";"UOP04-DEL01-RO"
766473;2026-04-21;"terça-feira";"01:10:00";"PE";232;79,3;"GRAVATA";"Reação tardia ou ineficiente do condutor";"Capotamento";"Com Vítimas Feridas";"Plena Noite";"Decrescente";"Céu Claro";"Simples";"Curva";"Sim";2;0;1;0;0;1;1;2;-8,1946677;-35,5637898;"SPRF-PE";"DEL02/PE";"UOP02-DEL02PE"
766477;2026-04-21;"terça-feira";"02:00:00";"ES";101;184,4;"ARACRUZ";"Ingestão de álcool pelo condutor";"Colisão frontal";"Com Vítimas Feridas";"Plena Noite";"Decrescente";"Céu Claro";"Simples";"Aclive;Reta";"Não";3;0;1;0;1;1;1;3;-19,658156;-40,236737;"SPRF-ES";"DEL04-ES";"UOP01-DEL04-ES"