"id";"data_inversa";"dia_semana";"horario";"uf";"br";"km";"municipio";"causa_acidente";"tipo_acidente";"classificacao_acidente";"fase_dia";"sentido_via";"condicao_metereologica";"tipo_pista";"tracado_via";"uso_solo";"pessoas";"mortos";"feridos_leves";"feridos_graves";"ilesos";"ignorados";"feridos";"veiculos";"latitude";"longitude";"regional";"delegacia";"uop"
767099;2026-04-17;"sexta-feira";"23:30:00";"CE";222;112;"ITAPAJE";"Reação tardia ou ineficiente do condutor";"Colisão lateral mesmo sentido";"Com Vítimas Fatais";"Plena Noite";"Crescente";"Nublado";"Simples";"Reta";"Não";3;1;1;0;1;0;1;2;-3,74513698;-39,51953586;"SPRF-CE";"DEL04/CE";"UOP03-DEL04-CE"
767100;2026-04-16;"quinta-feira";"18:20:00";"PR";373;174;"PONTA GROSSA";"Manobra de mudança de faixa";"Engavetamento";"Com Vítimas Feridas";"Plena Noite";"Decrescente";"Céu Claro";"Dupla";"Reta";"Sim";9;0;1;0;7;1;1;6;-25,07184501;-50,2115521;"SPRF-PR";"DEL03/PR";"UOP01-DEL03-PR"
767107;2026-04-24;"sexta-feira";"08:30:00";"PE";104;50;"CARUARU";"Ausência de reação do condutor";"Colisão traseira";"Com Vítimas Feridas";"Pleno dia";"Decrescente";"Céu Claro";"Dupla";"Declive;Reta";"Não";3;0;0;1;1;3;1;5;-8,15706986;-35,98274438;"SPRF-PE";"DEL02/PE";"UOP01-DEL02-PE"
767109;2026-04-24;"sexta-feira";"02:25:00";"BA";242;221;"ITABERABA";"Reação tardia ou ineficiente do condutor";"Colisão traseira";"Com Vítimas Feridas";"Plena Noite";"Crescente";"Céu Claro";"Simples";"Reta";"Não";3;0;0;1;1;5;1;7;-12,52172029;-40,14610291;"SPRF-BA";"DEL06/BA";"UOP02-DEL06-BA"
767114;2026-03-10;"terça-feira";"01:00:00";"AM";319;614;"HUMAITA";"Demais falhas mecânicas ou elétricas";"Incêndio";"Sem Vítimas";"Plena Noite";"Crescente";"Ignorado";"Simples";"Reta";"Não";2;0;0;0;0;2;0;2;-7,20025;-63,133917;"SPRF-AM";"DEL01-AM";"UOP04-DEL01-AM"
767116;2026-04-24;"sexta-feira";"10:45:00";"ES";101;300;"VIANA";"Ausência de reação do condutor";"Colisão lateral mesmo sentido";"Com Vítimas Feridas";"Pleno dia";"Crescente";"Sol";"Dupla";"Curva";"Sim";3;0;1;0;2;0;1;3;-20,3625335;-40,4370404;"SPRF-ES";"DEL01-ES";"UOP01-DEL01-ES"
767121;2026-04-24;"sexta-feira";"11:15:00";"ES";101;293;"CARIACICA";"Acessar a via sem observar a presença dos outros veículos";"Colisão transversal";"Com Vítimas Feridas";"Pleno dia";"Crescente";"Céu Claro";"Dupla";"Reta;Viaduto;Interseção de Vias";"Sim";2;0;1;0;1;0;1;2;-20,31259055;-40,39572001;"SPRF-ES";"DEL01-ES";"UOP01-DEL01-ES"
767124;2026-04-24;"sexta-feira";"11:00:00";"DF";70;5;"BRASILIA";"Trafegar com motocicleta (ou similar) entre as faixas";"Colisão lateral mesmo sentido";"Com Vítimas Feridas";"Pleno dia";"Crescente";"Céu Claro";"Dupla";"Reta";"Sim";2;0;1;0;1;0;1;2;-15,79252;-48,10362;"SPRF-DF";"DEL03-DF";"UOP02-DEL03-DF"
767126;2026-04-24;"sexta-feira";"11:00:00";"PR";277;645;"CEU AZUL";"Ultrapassagem Indevida";"Colisão lateral mesmo sentido";"Sem Vítimas";"Pleno dia";"Crescente";"Céu Claro";"Simples";"Aclive;Curva";"Não";5;0;0;0;1;4;0;5;-25,1740078;-53,8814532;"SPRF-PR";"DEL05/PR";"UOP02-DEL05-PR"
767129;2026-04-24;"sexta-feira";"11:20:00";"PR";116;208,5;"RIO NEGRO";"Acessar a via sem observar a presença dos outros veículos";"Colisão transversal";"Com Vítimas Feridas";"Pleno dia";"Decrescente";"Céu Claro";"Simples";"Reta";"Sim";2;0;0;1;1;0;1;2;-26,08231209;-49,77337718;"SPRF-SC";"DEL06/SC";"UOP01-DEL06-SC"
767133;2026-04-17;"sexta-feira";"18:20:00";"MS";158;67;"PARANAIBA";"Animais na Pista";"Atropelamento de Animal";"Com Vítimas Fatais";"Plena Noite";"Decrescente";"Céu Claro";"Simples";"Reta";"Não";2;1;0;0;0;1;0;2;-19,471331;-51,321224;"SPRF-MS";"DEL08/MS";"UOP01-DEL08-MS"
767135;2026-04-24;"sexta-feira";"12:30:00";"MG";40;352,6;"FELIXLANDIA";"Acessar a via sem observar a presença dos outros veículos";"Queda de ocupante de veículo";"Com Vítimas Feridas";"Pleno dia";"Decrescente";"Céu Claro";"Simples";"Reta";"Não";3;0;1;0;1;3;1;5;-18,72834;-44,91992;"SPRF-MG";"DEL02/MG";"UOP01-DEL02-MG"
767139;2026-04-24;"sexta-feira";"11:00:00";"RJ";40;122;"DUQUE DE CAXIAS";"Ausência de reação do condutor";"Colisão traseira";"Com Vítimas Feridas";"Pleno dia";"Crescente";"Céu Claro";"Dupla";"Reta";"Sim";2;0;1;0;1;0;1;2;-22,79264121;-43,2875061;"SPRF-RJ";"DEL01/RJ";"UOP02-DEL01-RJ"
767150;2026-04-24;"sexta-feira";"08:40:00";"MG";381;936,3;"EXTREMA";"Velocidade Incompatível";"Tombamento";"Com Vítimas Feridas";"Pleno dia";"Crescente";"Céu Claro";"Dupla";"Curva;Declive";"Não";3;0;1;0;1;1;1;2;-22,80834829;-46,27769065;"SPRF-MG";"DEL16/MG";"UOP03-DEL16-MG"
767153;2026-04-24;"sexta-feira";"14:30:00";"MG";40;498,5;"ESMERALDAS";"Acessar a via sem observar a presença dos outros veículos";"Colisão traseira";"Com Vítimas Feridas";"Pleno dia";"Crescente";"Nublado";"Dupla";"Declive;Reta;Retorno Regulamentado";"Não";3;0;0;1;1;1;1;3;-19,68744983;-44,1806802;"SPRF-MG";"DEL02/MG";"UOP01-DEL02-MG"
767154;2026-04-24;"sexta-feira";"12:53:00";"MT";163;951;"NOVA SANTA HELENA";"Condutor deixou de manter distância do veículo da frente";"Colisão traseira";"Com Vítimas Feridas";"Pleno dia";"Crescente";"Sol";"Simples";"Reta";"Não";7;0;3;0;3;5;3;8;-10,880845;-55,199204;"SPRF-MT";"DEL06/MT";"UOP02-DEL06-MT"
767155;2026-04-24;"sexta-feira";"12:15:00";"SC";101;7,8;"GARUVA";"Manobra de mudança de faixa";"Colisão traseira";"Com Vítimas Feridas";"Pleno dia";"Decrescente";"Sol";"Dupla";"Reta";"Não";2;0;1;0;1;0;1;2;-26,03968758;-48,85964362;"SPRF-SC";"DEL03/SC";"UOP01-DEL03-SC"
767156;2026-04-24;"sexta-feira";"09:30:00";"PR";376;305;"MAUA DA SERRA";"Velocidade Incompatível";"Tombamento";"Com Vítimas Feridas";"Pleno dia";"Decrescente";"Céu Claro";"Dupla";"Curva";"Não";2;0;1;0;0;1;1;2;-23,9504192;-51,11899551;"SPRF-PR";"DEL07/PR";"UOP02-DEL07-PR"
767158;2026-04-24;"sexta-feira";"15:00:00";"SC";101;202,4;"SAO JOSE";"Carga excessiva e/ou mal acondicionada";"Derramamento de carga";"Com Vítimas Feridas";"Pleno dia";"Decrescente";"Céu Claro";"Múltipla";"Reta";"Sim";4;0;1;1;2;0;2;3;-27,56057;-48,61687;"SPRF-SC";"DEL01/SC";"UOP01-DEL01-SC"
767159;2026-04-24;"sexta-feira";"14:50:00";"BA";116;491;"CASTRO ALVES";"Carga excessiva e/ou mal acondicionada";"Incêndio";"Com Vítimas Feridas";"Pleno dia";"Crescente";"Garoa/Chuvisco";"Dupla";"Reta;Declive";"Não";3;0;1;0;1;1;1;3;-12,7598232;-39,4312716;"SPRF-BA";"DEL02/BA";"UOP01-DEL02-BA"
767160;2026-04-24;"sexta-feira";"13:20:00";"PR";369;493,9;"CASCAVEL";"Ultrapassagem Indevida";"Colisão frontal";"Com Vítimas Feridas";"Pleno dia";"Decrescente";"Céu Claro";"Simples";"Curva;Aclive";"Não";6;0;1;4;1;0;5;4;-24,85642459;-53,3339213;"SPRF-PR";"DEL04/PR";"UOP01-DEL04-PR"
767161;2026-04-15;"quarta-feira";"17:00:00";"ES";101;228,3;"FUNDAO";"Transitar na contramão";"Colisão frontal";"Com Vítimas Feridas";"Anoitecer";"Decrescente";"Céu Claro";"Simples";"Reta";"Não";5;0;1;1;3;0;2;3;-19,92162;-40,40564;"SPRF-ES";"DEL02-ES";"UOP01-DEL02-ES"
767162;2026-04-24;"sexta-feira";"14:35:00";"PR";277;594,5;"CASCAVEL";"Transitar na contramão";"Colisão frontal";"Com Vítimas Feridas";"Pleno dia";"Crescente";"Sol";"Simples";"Curva;Declive";"Sim";3;0;1;0;1;2;1;4;-24,98237561;-53,47407046;"SPRF-PR";"DEL04/PR";"UOP01-DEL04-PR"
767165;2026-04-24;"sexta-feira";"14:50:00";"MS";158;138,2;"APARECIDA DO TABOADO";"Ausência de reação do condutor";"Colisão lateral sentido oposto";"Com Vítimas Feridas";"Pleno dia";"Crescente";"Céu Claro";"Simples";"Declive";"Não";3;0;1;0;1;2;1;4;-20,01077;-51,11488;"SPRF-MS";"DEL08/MS";"UOP01-DEL08-MS"
767166;2026-04-24;"sexta-feira";"15:15:00";"RJ";116;290;"BARRA MANSA";"Avarias e/ou desgaste excessivo no pneu";"Tombamento";"Sem Vítimas";"Pleno dia";"Decrescente";"Céu Claro";"Dupla";"Curva";"Não";2;0;0;0;2;0;0;1;-22,4828205;-44,25966056;"SPRF-RJ";"DEL07/RJ";"UOP02-DEL07-RJ"
767172;2026-04-24;"sexta-feira";"12:51:00";"SC";282;324;"CAMPOS NOVOS";"Reação tardia ou ineficiente do condutor";"Colisão lateral sentido oposto";"Com Vítimas Feridas";"Pleno dia";"Decrescente";"Céu Claro";"Simples";"Aclive;Curva";"Não";4;0;1;2;1;0;3;2;-27,376452;-51,080422;"SPRF-SC";"DEL07/SC";"UOP06-DEL07-SC"
767173;2026-04-24;"sexta-feira";"14:00:00";"AM";319;110;"CANUTAMA";"Transitar na contramão";"Colisão lateral sentido oposto";"Com Vítimas Fatais";"Pleno dia";"Crescente";"Céu Claro";"Simples";"Reta";"Não";6;1;0;1;1;5;1;6;-8,55591;-63,98869;"SPRF-AM";"DEL01-AM";"UOP04-DEL01-AM"
767174;2026-04-24;"sexta-feira";"16:05:00";"PR";376;665,9;"GUARATUBA";"Ausência de reação do condutor";"Colisão traseira";"Com Vítimas Feridas";"Pleno dia";"Crescente";"Céu Claro";"Simples";"Curva";"Não";5;0;2;0;2;2;2;4;-25,86584457;-48,94910686;"SPRF-PR";"DEL01/PR";"UOP04-DEL01-PR"
767175;2026-04-24;"sexta-feira";"15:45:00";"ES";101;289;"CARIACICA";"Manobra de mudança de faixa";"Colisão lateral mesmo sentido";"Sem Vítimas";"Pleno dia";"Crescente";"Céu Claro";"Dupla";"Reta";"Não";3;0;0;0;2;3;0;5;-20,28107083;-40,39312363;"SPRF-ES";"DEL01-ES";"UOP01-DEL01-ES"
767180;2026-04-24;"sexta-feira";"15:45:00";"PR";163;256;"TOLEDO";"Reação tardia ou ineficiente do condutor";"Atropelamento de Pedestre";"Com Vítimas Fatais";"Pleno dia";"Crescente";"Céu Claro";"Múltipla";"Reta;Em Obras";"Não";2;1;0;0;1;0;0;2;-24,65456;-53,830493;"SPRF-PR";"DEL06/PR";"UOP02-DEL06-PR"
767182;2026-04-24;"sexta-feira";"16:00:00";"PR";476;197;"LAPA";"Pedestre cruzava a pista fora da faixa";"Atropelamento de Pedestre";"Com Vítimas Feridas";"Pleno dia";"Crescente";"Sol";"Simples";"Reta";"Sim";2;0;0;1;1;0;1;2;-25,76123241;-49,73476259;"SPRF-PR";"DEL01/PR";"UOP06-DEL01-PR"
767187;2026-04-24;"sexta-feira";"17:27:00";"RS";386;432,9;"NOVA SANTA RITA";"Acumulo de água sobre o pavimento";"Colisão frontal";"Com Vítimas Feridas";"Pleno dia";"Crescente";"Chuva";"Simples";"Reta;Declive";"Não";7;0;4;0;2;1;4;5;-29,840078;-51,29473;"SPRF-RS";"DEL04/RS";"UOP02-DEL04-RS"
767189;2026-04-24;"sexta-feira";"16:45:00";"GO";414;436;"ANAPOLIS";"Desrespeitar a preferência no cruzamento";"Colisão transversal";"Com Vítimas Feridas";"Pleno dia";"Crescente";"Céu Claro";"Simples";"Interseção de Vias;Declive";"Sim";3;0;0;2;1;0;2;2;-16,25347;-48,935808;"SPRF-GO";"DEL02/GO";"UOP01-DEL02-GO"
767200;2026-03-24;"terça-feira";"00:55:00";"RN";304;123;"ITAJA";"Demais falhas mecânicas ou elétricas";"Incêndio";"Sem Vítimas";"Plena Noite";"Crescente";"Céu Claro";"Simples";"Reta;Declive";"Não";1;0;0;0;1;0;0;1;-5,65322719;-36,81724548;"SPRF-RN";"DEL04-RN";"UOP01-DEL04-RN"
767202;2026-04-24;"sexta-feira";"17:40:00";"MG";50;51;"ARAGUARI";"Demais falhas mecânicas ou elétricas";"Incêndio";"Sem Vítimas";"Anoitecer";"Decrescente";"Céu Claro";"Dupla";"Aclive;Reta";"Não";2;0;0;0;1;1;0;2;-18,74996439;-48,23551655;"SPRF-MG";"DEL15/MG";"UOP02-DEL15-MG"
767203;2026-04-24;"sexta-feira";"19:00:00";"GO";60;137;"GOIANIA";"Demais falhas mecânicas ou elétricas";"Colisão frontal";"Com Vítimas Feridas";"Plena Noite";"Crescente";"Céu Claro";"Simples";"Reta";"Sim";3;0;0;1;2;0;1;3;-16,607546;-49,205129;"SPRF-GO";"DEL01/GO";"UOP01-DEL01-GO"
767205;2026-04-24;"sexta-feira";"18:50:00";"SC";101;129,3;"ITAPEMA";"Demais falhas mecânicas ou elétricas";"Colisão com objeto";"Com Vítimas Feridas";"Plena Noite";"Decrescente";"Céu Claro";"Dupla";"Reta";"Sim";3;0;1;0;2;0;1;3;-27,09472084;-48,61377716;"SPRF-SC";"DEL04/SC";"UOP03-DEL04-SC"
767209;2026-04-24;"sexta-feira";"18:50:00";"MS";60;18;"CHAPADAO DO SUL";"Reação tardia ou ineficiente do condutor";"Colisão lateral sentido oposto";"Com Vítimas Feridas";"Plena Noite";"Crescente";"Céu Claro";"Simples";"Reta;Declive";"Não";4;0;3;0;0;1;3;3;-18,83551289;-52,68232614;"SPRF-MS";"DEL08/MS";"UOP01-DEL08-MS"
767211;2026-04-24;"sexta-feira";"15:05:00";"PR";277;5;"FOZ DO IGUACU";"Ausência de reação do condutor";"Colisão transversal";"Com Vítimas Feridas";"Pleno dia";"Crescente";"Céu Claro";"Simples";"Reta;Declive";"Sim";3;0;1;0;1;1;1;3;-25,53287699;-54,52836514;"SPRF-PR";"DEL05/PR";"UOP04-DEL05-PR"
767214;2026-03-15;"domingo";"15:00:00";"SC";101;259,2;"GAROPABA";"Manobra de mudança de faixa";"Colisão lateral mesmo sentido";"Com Vítimas Feridas";"Pleno dia";"Decrescente";"Céu Claro";"Múltipla";"Curva";"Não";3;0;2;0;1;0;2;2;-28,0179089;-48,69511914;"SPRF-SC";"DEL02/SC";"UOP03-DEL02-SC"
767225;2026-04-24;"sexta-feira";"19:10:00";"RJ";116;292;"BARRA MANSA";"Reação tardia ou ineficiente do condutor";"Colisão traseira";"Com Vítimas Feridas";"Plena Noite";"Crescente";"Nublado";"Dupla";"Curva";"Não";4;0;3;0;1;0;3;2;-22,47577667;-44,26557333;"SPRF-RJ";"DEL07/RJ";"UOP02-DEL07-RJ"
767227;2026-04-24;"sexta-feira";"12:50:00";"RS";158;292;"JULIO DE CASTILHOS";"Reação tardia ou ineficiente do condutor";"Saída de leito carroçável";"Com Vítimas Feridas";"Pleno dia";"Decrescente";"Chuva";"Simples";"Reta;Declive";"Não";1;0;1;0;0;0;1;1;-29,48366;-53,684253;"SPRF-RS";"DEL09/RS";"UOP01-DEL09-RS"
767232;2026-04-24;"sexta-feira";"19:02:00";"PR";116;136;"MANDIRITUBA";"Acessar a via sem observar a presença dos outros veículos";"Colisão traseira";"Com Vítimas Feridas";"Plena Noite";"Crescente";"Nublado";"Dupla";"Reta";"Não";2;0;0;1;1;0;1;2;-25,7278120901;-49,3177462606;"SPRF-PR";"DEL01/PR";"UOP03-DEL01-PR"
767235;2026-04-24;"sexta-feira";"19:00:00";"BA";135;56,9;"FORMOSA DO RIO PRETO";"Acostamento em desnível";"Tombamento";"Com Vítimas Feridas";"Plena Noite";"Decrescente";"Céu Claro";"Simples";"Reta";"Não";4;0;1;1;0;2;2;3;-11,239906;-45,036891;"SPRF-BA";"DEL10/BA";"UOP01-DEL10-BA"
767254;2026-04-24;"sexta-feira";"20:30:00";"BA";135;258;"SAO DESIDERIO";"Demais falhas mecânicas ou elétricas";"Colisão frontal";"Com Vítimas Fatais";"Plena Noite";"Crescente";"Céu Claro";"Simples";"Aclive;Reta";"Não";4;1;1;2;0;0;3;2;-12,63778;-44,71275;"SPRF-BA";"DEL10/BA";"UOP02-DEL10-BA"
767261;2026-04-24;"sexta-feira";"23:40:00";"BA";235;125;"JEREMOABO";"Transitar na contramão";"Colisão frontal";"Com Vítimas Fatais";"Plena Noite";"Crescente";"Céu Claro";"Simples";"Reta";"Não";3;1;0;1;0;1;1;2;-9,973904;-38,664673;"SPRF-BA";"DEL07/BA";"UOP03-DEL07-BA"
767263;2026-04-25;"sábado";"00:00:00";"ES";101;450;"MIMOSO DO SUL";"Reação tardia ou ineficiente do condutor";"Tombamento";"Com Vítimas Feridas";"Plena Noite";"Crescente";"Céu Claro";"Simples";"Curva";"Não";3;0;1;0;1;1;1;2;-21,1451;-41,2704;"SPRF-ES";"DEL03-ES";"UOP02-DEL03-ES"
767265;2026-04-25;"sábado";"01:30:00";"PR";376;505;"PONTA GROSSA";"Ausência de reação do condutor";"Colisão traseira";"Com Vítimas Feridas";"Plena Noite";"Decrescente";"Céu Claro";"Dupla";"Reta;Declive";"Não";3;0;1;0;1;3;1;5;-25,17376147;-50,10484311;"SPRF-PR";"DEL03/PR";"UOP03-DEL03-PR"
767267;2026-04-25;"sábado";"01:35:00";"GO";60;372;"RIO VERDE";"Reação tardia ou ineficiente do condutor";"Colisão traseira";"Com Vítimas Feridas";"Plena Noite";"Crescente";"Céu Claro";"Dupla";"Reta";"Não";3;0;2;0;0;1;2;3;-17,718003;-50,856637;"SPRF-GO";"DEL04/GO";"UOP02-DEL04-GO"
767272;2026-04-24;"sexta-feira";"22:50:00";"MA";135;54;"BACABEIRA";"Ausência de reação do condutor";"Saída de leito carroçável";"Com Vítimas Feridas";"Plena Noite";"Decrescente";"Garoa/Chuvisco";"Dupla";"Reta";"Não";1;0;1;0;0;0;1;1;-2,99112;-44,31265;"SPRF-MA";"DEL01-MA";"UOP02-DEL01-MA"
767274;2026-04-25;"sábado";"04:40:00";"CE";116;15,2;"FORTALEZA";"Ausência de reação do condutor";"Colisão traseira";"Sem Vítimas";"Plena Noite";"Crescente";"Nublado";"Dupla";"Reta";"Sim";2;0;0;0;0;2;0;2;-3,87870549;-38,50077152;"SPRF-CE";"DEL01/CE";"UOP02-DEL01-CE"
767276;2026-04-25;"sábado";"03:30:00";"MG";153;8,5;"ARAPORA";"Condutor Dormindo";"Saída de leito carroçável";"Com Vítimas Feridas";"Plena Noite";"Decrescente";"Céu Claro";"Dupla";"Reta";"Não";3;0;2;0;0;1;2;2;-18,49397261;-49,18869719;"SPRF-MG";"DEL15/MG";"UOP03-DEL15-MG"
767280;2026-04-25;"sábado";"02:24:00";"SP";116;511,9;"CAJATI";"Reação tardia ou ineficiente do condutor";"Colisão lateral mesmo sentido";"Com Vítimas Feridas";"Plena Noite";"Decrescente";"Céu Claro";"Dupla";"Curva;Declive";"Não";20;0;2;0;17;4;2;13;-24,847072;-48,214377;"SPRF-SP";"DEL05/SP";"UOP02-DEL05-SP"
767287;2026-04-25;"sábado";"06:45:00";"PE";101;46;"IGARASSU";"Manobra de mudança de faixa";"Colisão traseira";"Com Vítimas Feridas";"Pleno dia";"Crescente";"Céu Claro";"Múltipla";"Reta";"Sim";3;0;0;1;1;1;1;3;-7,88038;-34,905323;"SPRF-PE";"DEL01/PE";"UOP02-DEL01-PE"
767289;2026-04-25;"sábado";"00:20:00";"SP";116;108;"TAUBATE";"Pedestre - Ingestão de álcool/ substâncias psicoativas";"Atropelamento de Pedestre";"Com Vítimas Fatais";"Plena Noite";"Decrescente";"Céu Claro";"Dupla";"Reta";"Sim";2;1;0;0;0;1;0;2;-23,02417311;-45,53918076;"SPRF-SP";"DEL02/SP";"UOP02-DEL02-SP"
767293;2026-04-25;"sábado";"05:20:00";"MG";40;824,5;"SIMAO PEREIRA";"Restrição de visibilidade em curvas horizontais";"Colisão lateral mesmo sentido";"Com Vítimas Feridas";"Amanhecer";"Decrescente";"Céu Claro";"Dupla";"Curva;Aclive";"Não";3;0;0;1;1;1;1;3;-21,964919;-43,295935;"SPRF-MG";"DEL05/MG";"UOP01-DEL05-MG"
767296;2026-04-25;"sábado";"07:30:00";"MG";40;215;"SAO GONCALO DO ABAETE";"Restrição de visibilidade em curvas horizontais";"Colisão traseira";"Com Vítimas Feridas";"Pleno dia";"Crescente";"Céu Claro";"Simples";"Curva";"Não";6;0;4;0;1;3;4;5;-18,00581;-45,5635783;"SPRF-MG";"DEL14/MG";"UOP02-DEL14-MG"
767301;2026-04-25;"sábado";"08:15:00";"CE";222;223;"SOBRAL";"Reação tardia ou ineficiente do condutor";"Saída de leito carroçável";"Com Vítimas Feridas";"Pleno dia";"Crescente";"Chuva";"Simples";"Rotatória";"Sim";2;0;1;0;0;1;1;2;-3,71190517;-40,3435678;"SPRF-CE";"DEL04/CE";"UOP01-DEL04-CE"
767303;2026-04-25;"sábado";"06:20:00";"PA";163;652;"ITAITUBA";"Afundamento ou ondulação no pavimento";"Saída de leito carroçável";"Com Vítimas Feridas";"Amanhecer";"Crescente";"Nevoeiro/Neblina";"Simples";"Reta";"Não";5;0;3;0;0;4;3;5;-4,51459;-55,866111;"SPRF-PA";"DEL05/PA";"UOP02-DEL05-PA"
767308;2026-04-22;"quarta-feira";"05:00:00";"RO";364;556;"ALTO PARAISO";"Reação tardia ou ineficiente do condutor";"Tombamento";"Com Vítimas Feridas";"Plena Noite";"Crescente";"Nublado";"Simples";"Reta";"Não";3;0;1;0;1;2;1;3;-9,58846333;-63,0735805;"SPRF-RO";"DEL03-RO";"UOP01-DEL03-RO"
767313;2026-03-23;"segunda-feira";"17:00:00";"BA";101;397;"IBIRAPITANGA";"Velocidade Incompatível";"Tombamento";"Com Vítimas Feridas";"Anoitecer";"Decrescente";"Céu Claro";"Simples";"Declive;Curva";"Não";2;0;0;1;0;1;1;2;-13,98876292;-39,46604061;"SPRF-BA";"DEL05/BA";"UOP03-DEL05-BA"
767314;2026-04-25;"sábado";"09:30:00";"PE";101;46;"IGARASSU";"Reação tardia ou ineficiente do condutor";"Colisão traseira";"Com Vítimas Fatais";"Pleno dia";"Crescente";"Nublado";"Múltipla";"Declive;Reta";"Sim";3;1;0;0;1;1;0;3;-7,88070501;-34,90524888;"SPRF-PE";"DEL01/PE";"UOP02-DEL01-PE"
767318;2026-04-25;"sábado";"09:13:00";"TO";153;134;"ARAGUAINA";"Acessar a via sem observar a presença dos outros veículos";"Colisão transversal";"Com Vítimas Feridas";"Pleno dia";"Crescente";"Céu Claro";"Simples";"Reta";"Não";4;0;1;0;3;0;1;2;-7,12559;-48,19594;"SPRF-TO";"DEL02-TO";"UOP01-DEL02-TO"
767328;2026-04-25;"sábado";"11:50:00";"PR";277;125;"CAMPO LARGO";"Reação tardia ou ineficiente do condutor";"Colisão traseira";"Com Vítimas Feridas";"Pleno dia";"Decrescente";"Céu Claro";"Dupla";"Reta";"Sim";3;0;1;0;1;2;1;4;-25,4353;-49,5348;"SPRF-PR";"DEL01/PR";"UOP07-DEL01-PR"
767329;2026-04-25;"sábado";"11:50:00";"PR";376;139,5;"NOVA ESPERANCA";"Reação tardia ou ineficiente do condutor";"Colisão traseira";"Com Vítimas Feridas";"Pleno dia";"Crescente";"Sol";"Dupla";"Curva";"Não";2;0;0;1;1;0;1;2;-23,2242858;-52,1783599;"SPRF-PR";"DEL09/PR";"UOP02-DEL09-PR"
767334;2026-04-25;"sábado";"08:55:00";"AL";101;180,5;"JUNQUEIRO";"Demais falhas na via";"Tombamento";"Sem Vítimas";"Pleno dia";"Decrescente";"Garoa/Chuvisco";"Dupla";"Curva";"Não";2;0;0;0;1;3;0;4;-9,893597;-36,404832;"SPRF-AL";"DEL02-AL";"UOP02-DEL02-AL"
767339;2026-04-25;"sábado";"12:40:00";"PR";467;106,4;"CASCAVEL";"Condutor Dormindo";"Queda de ocupante de veículo";"Com Vítimas Feridas";"Pleno dia";"Crescente";"Céu Claro";"Dupla";"Em Obras;Aclive;Reta";"Não";2;0;1;0;1;0;1;2;-24,91863315;-53,48306277;"SPRF-PR";"DEL04/PR";"UOP01-DEL04-PR"
767349;2026-04-25;"sábado";"12:40:00";"SC";282;633,7;"DESCANSO";"Ausência de reação do condutor";"Saída de leito carroçável";"Com Vítimas Feridas";"Pleno dia";"Decrescente";"Nublado";"Simples";"Declive;Curva";"Não";2;0;0;1;0;1;1;2;-26,82666017;-53,41986028;"SPRF-SC";"DEL07/SC";"UOP03-DEL07-SC"
767362;2026-04-25;"sábado";"14:57:00";"SP";116;347;"MIRACATU";"Demais falhas mecânicas ou elétricas";"Colisão traseira";"Com Vítimas Feridas";"Pleno dia";"Crescente";"Céu Claro";"Dupla";"Curva";"Não";2;0;1;0;1;0;1;2;-24,03822406;-47,19193172;"SPRF-SP";"DEL04/SP";"UOP03-DEL04-SP"
767368;2026-04-25;"sábado";"15:34:00";"SP";116;568;"BARRA DO TURVO";"Velocidade Incompatível";"Tombamento";"Com Vítimas Feridas";"Pleno dia";"Decrescente";"Céu Claro";"Dupla";"Curva;Aclive";"Não";2;0;1;0;0;1;1;2;-25,055805;-48,5503943;"SPRF-SP";"DEL05/SP";"UOP02-DEL05-SP"
767370;2026-04-25;"sábado";"15:00:00";"PR";116;109;"CURITIBA";"Reação tardia ou ineficiente do condutor";"Colisão lateral mesmo sentido";"Com Vítimas Feridas";"Pleno dia";"Crescente";"Céu Claro";"Dupla";"Curva";"Não";2;0;1;0;0;1;1;2;-25,562152;-49,259647;"SPRF-PR";"DEL01/PR";"UOP03-DEL01-PR"
767371;2026-04-25;"sábado";"14:37:00";"SP";116;169;"JACAREI";"Reação tardia ou ineficiente do condutor";"Tombamento";"Com Vítimas Fatais";"Pleno dia";"Decrescente";"Céu Claro";"Dupla";"Declive;Interseção de Vias;Curva";"Não";2;1;0;0;0;1;0;2;-23,30744427;-46,04392023;"SPRF-SP";"DEL02/SP";"UOP01-DEL02-SP"
767373;2026-04-25;"sábado";"15:40:00";"PR";376;300;"MAUA DA SERRA";"Demais falhas mecânicas ou elétricas";"Incêndio";"Sem Vítimas";"Pleno dia";"Decrescente";"Céu Claro";"Dupla";"Aclive;Curva";"Não";2;0;0;0;1;1;0;2;-23,93818589;-51,14436313;"SPRF-PR";"DEL07/PR";"UOP02-DEL07-PR"
767377;2026-04-25;"sábado";"15:30:00";"MT";364;582;"NOBRES";"Ausência de reação do condutor";"Colisão traseira";"Com Vítimas Feridas";"Pleno dia";"Decrescente";"Chuva";"Dupla";"Curva;Declive";"Não";5;0;1;0;3;1;1;3;-14,578103;-56,22465;"SPRF-MT";"DEL01/MT";"UOP01-DEL01-MT"
767379;2026-04-25;"sábado";"14:35:00";"MG";116;715,6;"MURIAE";"Velocidade Incompatível";"Tombamento";"Com Vítimas Feridas";"Pleno dia";"Decrescente";"Sol";"Simples";"Curva";"Não";2;0;1;0;0;1;1;2;-21,211981;-42,389138;"SPRF-MG";"DEL07/MG";"UOP02-DEL07-MG"