"id";"data_inversa";"dia_semana";"horario";"uf";"br";"km";"municipio";"causa_acidente";"tipo_acidente";"classificacao_acidente";"fase_dia";"sentido_via";"condicao_metereologica";"tipo_pista";"tracado_via";"uso_solo";"pessoas";"mortos";"feridos_leves";"feridos_graves";"ilesos";"ignorados";"feridos";"veiculos";"latitude";"longitude";"regional";"delegacia";"uop"
767380;2026-04-25;"sábado";"16:10:00";"GO";153;574;"PROFESSOR JAMIL";"Condutor Dormindo";"Saída de leito carroçável";"Com Vítimas Feridas";"Pleno dia";"Crescente";"Céu Claro";"Dupla";"Reta";"Não";2;0;1;0;1;0;1;1;-17,3342667;-49,238995;"SPRF-GO";"DEL03/GO";"UOP01-DEL03-GO"
767382;2026-04-25;"sábado";"10:05:00";"MA";222;287,4;"VITORIA DO MEARIM";"Pista esburacada";"Colisão lateral sentido oposto";"Sem Vítimas";"Pleno dia";"Decrescente";"Chuva";"Simples";"Curva";"Não";3;0;0;0;1;2;0;3;-3,448425;-44,836477;"SPRF-MA";"DEL02-MA";"UOP01-DEL02-MA"
767392;2026-04-25;"sábado";"13:30:00";"MS";463;5,7;"DOURADOS";"Pista esburacada";"Saída de leito carroçável";"Com Vítimas Feridas";"Pleno dia";"Decrescente";"Céu Claro";"Simples";"Reta";"Não";3;0;1;0;1;1;1;3;-22,2569466;-54,85962264;"SPRF-MS";"DEL04/MS";"UOP01-DEL04-MS"
767395;2026-04-25;"sábado";"16:10:00";"PR";376;453,7;"TIBAGI";"Velocidade Incompatível";"Tombamento";"Com Vítimas Feridas";"Pleno dia";"Crescente";"Céu Claro";"Dupla";"Ponte;Declive;Curva";"Não";2;0;1;0;0;1;1;2;-24,94773916;-50,39496784;"SPRF-PR";"DEL03/PR";"UOP02-DEL03-PR"
767405;2026-04-25;"sábado";"20:05:00";"PR";277;4,5;"PARANAGUA";"Desrespeitar a preferência no cruzamento";"Colisão traseira";"Sem Vítimas";"Plena Noite";"Decrescente";"Nublado";"Simples";"Viaduto;Curva;Interseção de Vias";"Sim";3;0;0;0;1;5;0;6;-25,5543;-48,562758;"SPRF-PR";"DEL01/PR";"UOP05-DEL01-PR"
767408;2026-04-25;"sábado";"19:55:00";"SP";116;148;"SAO JOSE DOS CAMPOS";"Ausência de reação do condutor";"Capotamento";"Com Vítimas Feridas";"Plena Noite";"Decrescente";"Céu Claro";"Dupla";"Reta";"Sim";2;0;1;0;0;1;1;2;-23,20870262;-45,88833722;"SPRF-SP";"DEL02/SP";"UOP01-DEL02-SP"
767420;2026-03-08;"domingo";"14:40:00";"SP";116;565;"BARRA DO TURVO";"Reação tardia ou ineficiente do condutor";"Saída de leito carroçável";"Com Vítimas Feridas";"Pleno dia";"Crescente";"Chuva";"Simples";"Curva;Aclive";"Não";4;0;1;0;2;1;1;3;-25,03680285;-48,54848099;"SPRF-SP";"DEL05/SP";"UOP02-DEL05-SP"
767421;2026-04-25;"sábado";"18:30:00";"MG";40;638,5;"CONSELHEIRO LAFAIETE";"Manobra de mudança de faixa";"Saída de leito carroçável";"Com Vítimas Feridas";"Plena Noite";"Crescente";"Céu Claro";"Simples";"Reta";"Não";1;0;1;0;0;0;1;1;-20,722758;-43,801953;"SPRF-MG";"DEL05/MG";"UOP02-DEL05-MG"
767423;2026-04-25;"sábado";"21:27:00";"CE";222;128,5;"ITAPAJE";"Reação tardia ou ineficiente do condutor";"Capotamento";"Com Vítimas Feridas";"Plena Noite";"Crescente";"Nublado";"Simples";"Curva";"Não";3;0;1;0;1;1;1;2;-3,69184128;-39,60068174;"SPRF-CE";"DEL04/CE";"UOP03-DEL04-CE"
767426;2026-04-25;"sábado";"22:10:00";"MG";381;443;"SABARA";"Iluminação deficiente";"Atropelamento de Pedestre";"Com Vítimas Fatais";"Plena Noite";"Decrescente";"Céu Claro";"Simples";"Aclive;Reta";"Sim";2;1;0;0;1;0;0;2;-19,833952;-43,848386;"SPRF-MG";"DEL01/MG";"UOP01-DEL01-MG"
767436;2026-04-25;"sábado";"16:35:00";"MG";116;299;"ITAMBACURI";"Demais falhas mecânicas ou elétricas";"Incêndio";"Sem Vítimas";"Pleno dia";"Decrescente";"Céu Claro";"Simples";"Declive;Curva";"Não";2;0;0;0;1;1;0;2;-18,015617;-41,612167;"SPRF-MG";"DEL11/MG";"UOP01-DEL11-MG"
767440;2026-04-25;"sábado";"18:30:00";"PA";230;584;"VITORIA DO XINGU";"Curva acentuada";"Tombamento";"Com Vítimas Fatais";"Anoitecer";"Decrescente";"Céu Claro";"Simples";"Curva;Declive";"Não";2;1;0;0;0;1;0;2;-3,0947941;-51,85192734;"SPRF-PA";"DEL04/PA";"UOP01-DEL04-PA"
767443;2026-04-26;"domingo";"00:10:00";"MG";365;563,7;"INDIANOPOLIS";"Reação tardia ou ineficiente do condutor";"Saída de leito carroçável";"Com Vítimas Feridas";"Pleno dia";"Crescente";"Nublado";"Simples";"Reta";"Não";2;0;1;0;0;3;1;4;-18,9202;-47,7953;"SPRF-MG";"DEL15/MG";"UOP02-DEL15-MG"
767446;2026-04-26;"domingo";"00:50:00";"RJ";116;184;"NOVA IGUACU";"Ausência de reação do condutor";"Colisão traseira";"Com Vítimas Feridas";"Plena Noite";"Crescente";"Céu Claro";"Dupla";"Reta;Interseção de Vias";"Sim";3;0;2;0;1;0;2;2;-22,76023427;-43,42530727;"SPRF-RJ";"DEL06/RJ";"UOP01-DEL06-RJ"
767454;2026-04-26;"domingo";"01:20:00";"PA";230;150;"MARABA";"Transitar na contramão";"Colisão frontal";"Com Vítimas Feridas";"Plena Noite";"Crescente";"Céu Claro";"Simples";"Reta;Declive";"Não";2;0;0;1;1;0;1;2;-5,25245;-49,32761;"SPRF-PA";"DEL03/PA";"UOP01-DEL03-PA"
767461;2026-04-26;"domingo";"03:30:00";"BA";116;476;"SANTO ESTEVAO";"Acessar a via sem observar a presença dos outros veículos";"Colisão lateral mesmo sentido";"Sem Vítimas";"Plena Noite";"Decrescente";"Céu Claro";"Dupla";"Reta";"Não";5;0;0;0;3;2;0;5;-12,51091691;-39,37221594;"SPRF-BA";"DEL02/BA";"UOP01-DEL02-BA"
767465;2026-04-26;"domingo";"04:55:00";"PR";153;10,3;"JACAREZINHO";"Ausência de reação do condutor";"Colisão traseira";"Com Vítimas Feridas";"Plena Noite";"Crescente";"Céu Claro";"Simples";"Reta";"Não";4;0;1;0;1;2;1;3;-23,08015525;-49,93551906;"SPRF-PR";"DEL07/PR";"UOP04-DEL07-PR"
767471;2026-04-25;"sábado";"19:45:00";"CE";222;297,9;"TIANGUA";"Pista Escorregadia";"Colisão lateral sentido oposto";"Com Vítimas Feridas";"Plena Noite";"Crescente";"Chuva";"Simples";"Declive;Curva";"Não";3;0;1;0;1;1;1;3;-3,64888548;-40,9298199;"SPRF-CE";"DEL04/CE";"UOP02-DEL04-CE"
767472;2026-04-26;"domingo";"04:30:00";"MT";364;541,7;"ROSARIO OESTE";"Falta de acostamento";"Colisão lateral mesmo sentido";"Com Vítimas Fatais";"Plena Noite";"Decrescente";"Nublado";"Simples";"Reta";"Não";3;1;0;0;0;2;0;3;-14,847218;-56,44754;"SPRF-MT";"DEL01/MT";"UOP01-DEL01-MT"
767476;2026-04-26;"domingo";"07:30:00";"GO";452;62;"MAURILANDIA";"Demais falhas mecânicas ou elétricas";"Derramamento de carga";"Com Vítimas Feridas";"Pleno dia";"Crescente";"Céu Claro";"Simples";"Curva";"Não";4;0;1;0;2;2;1;4;-18,001752;-50,375877;"SPRF-GO";"DEL04/GO";"UOP01-DEL04-GO"
767477;2026-04-26;"domingo";"05:15:00";"GO";153;126;"ESTRELA DO NORTE";"Acessar a via sem observar a presença dos outros veículos";"Colisão transversal";"Com Vítimas Fatais";"Amanhecer";"Crescente";"Céu Claro";"Simples";"Interseção de Vias;Reta";"Não";3;1;1;0;0;1;1;3;-13,88841154;-49,05618668;"SPRF-GO";"DEL07/GO";"UOP01-DEL07-GO"
767479;2026-04-26;"domingo";"08:15:00";"SP";116;137,8;"SAO JOSE DOS CAMPOS";"Trafegar com motocicleta (ou similar) entre as faixas";"Engavetamento";"Com Vítimas Feridas";"Pleno dia";"Decrescente";"Céu Claro";"Múltipla";"Reta";"Sim";7;0;0;2;4;1;2;5;-23,15515;-45,79066;"SPRF-SP";"DEL02/SP";"UOP01-DEL02-SP"
767480;2026-03-11;"quarta-feira";"09:00:00";"MG";153;140,8;"PRATA";"Ausência de reação do condutor";"Saída de leito carroçável";"Sem Vítimas";"Pleno dia";"Crescente";"Nublado";"Simples";"Reta;Declive";"Não";1;0;0;0;1;0;0;1;-19,570029;-48,8264726;"SPRF-MG";"DEL15/MG";"UOP03-DEL15-MG"
767482;2026-04-26;"domingo";"07:45:00";"SP";116;562;"BARRA DO TURVO";"Ausência de reação do condutor";"Tombamento";"Com Vítimas Feridas";"Pleno dia";"Crescente";"Nublado";"Dupla";"Reta";"Não";2;0;1;0;0;1;1;2;-25,02453519;-48,52299437;"SPRF-SP";"DEL05/SP";"UOP02-DEL05-SP"
767484;2026-04-26;"domingo";"07:20:00";"GO";364;270;"MINEIROS";"Ausência de reação do condutor";"Saída de leito carroçável";"Com Vítimas Feridas";"Pleno dia";"Crescente";"Céu Claro";"Simples";"Curva;Declive";"Não";2;0;1;0;0;2;1;3;-17,666843;-52,317708;"SPRF-GO";"DEL05/GO";"UOP01-DEL05-GO"
767485;2026-04-26;"domingo";"08:26:00";"RN";110;52;"MOSSORO";"Conversão proibida";"Colisão transversal";"Com Vítimas Feridas";"Pleno dia";"Crescente";"Céu Claro";"Simples";"Reta";"Sim";3;0;2;0;1;0;2;2;-5,239963;-37,332017;"SPRF-RN";"DEL04-RN";"UOP01-DEL04-RN"
767490;2026-04-26;"domingo";"07:10:00";"RJ";40;108;"DUQUE DE CAXIAS";"Carga excessiva e/ou mal acondicionada";"Derramamento de carga";"Sem Vítimas";"Pleno dia";"Crescente";"Céu Claro";"Simples";"Curva;Viaduto";"Não";1;0;0;0;1;0;0;1;-22,67083874;-43,28411256;"SPRF-RJ";"DEL01/RJ";"UOP02-DEL01-RJ"
767494;2026-04-26;"domingo";"07:55:00";"SC";280;170;"MAFRA";"Reação tardia ou ineficiente do condutor";"Colisão traseira";"Com Vítimas Feridas";"Pleno dia";"Crescente";"Garoa/Chuvisco";"Simples";"Reta";"Sim";3;0;2;0;0;1;2;2;-26,13994;-49,8127;"SPRF-SC";"DEL06/SC";"UOP01-DEL06-SC"
767510;2026-03-26;"quinta-feira";"06:15:00";"PA";316;33;"SANTA IZABEL DO PARA";"Condutor deixou de manter distância do veículo da frente";"Colisão traseira";"Com Vítimas Feridas";"Amanhecer";"Crescente";"Nevoeiro/Neblina";"Dupla";"Retorno Regulamentado";"Sim";4;0;1;0;2;1;1;4;-1,295285;-48,17311;"SPRF-PA";"DEL01/PA";"UOP01-DEL01-PA"
767511;2026-04-26;"domingo";"11:05:00";"SC";470;60,2;"BLUMENAU";"Desrespeitar a preferência no cruzamento";"Colisão transversal";"Com Vítimas Feridas";"Pleno dia";"Decrescente";"Garoa/Chuvisco";"Simples";"Reta";"Sim";5;0;2;0;2;1;2;3;-26,88070818;-49,16711211;"SPRF-SC";"DEL04/SC";"UOP01-DEL04-SC"
767513;2026-04-26;"domingo";"10:00:00";"RS";285;252;"AGUA SANTA";"Ultrapassagem Indevida";"Colisão frontal";"Com Vítimas Feridas";"Pleno dia";"Decrescente";"Nublado";"Simples";"Aclive;Reta";"Não";4;0;2;0;1;1;2;3;-28,296614;-52,007867;"SPRF-RS";"DEL08/RS";"UOP03-DEL08-RS"
767521;2026-04-26;"domingo";"12:15:00";"SP";116;213;"GUARULHOS";"Ausência de reação do condutor";"Colisão lateral mesmo sentido";"Com Vítimas Feridas";"Pleno dia";"Decrescente";"Céu Claro";"Múltipla";"Reta";"Não";3;0;0;1;1;2;1;4;-23,44143972;-46,44084899;"SPRF-SP";"DEL01/SP";"UOP01-DEL01-SP"
767527;2026-04-26;"domingo";"09:30:00";"MT";364;615;"DIAMANTINO";"Ausência de reação do condutor";"Tombamento";"Com Vítimas Feridas";"Pleno dia";"Decrescente";"Céu Claro";"Simples";"Curva";"Não";2;0;1;0;0;2;1;3;-14,4773597;-56,2431642;"SPRF-MT";"DEL01/MT";"UOP01-DEL01-MT"
767536;2026-02-12;"quinta-feira";"12:00:00";"MG";262;361,5;"BETIM";"Reação tardia ou ineficiente do condutor";"Colisão traseira";"Sem Vítimas";"Pleno dia";"Decrescente";"Céu Claro";"Dupla";"Reta;Em Obras";"Não";2;0;0;0;2;0;0;2;-19,9740748;-44,26940918;"SPRF-MG";"DEL01/MG";"UOP03-DEL01-MG"
767545;2026-04-26;"domingo";"13:45:00";"SC";101;157;"PORTO BELO";"Carga excessiva e/ou mal acondicionada";"Colisão com objeto";"Sem Vítimas";"Pleno dia";"Crescente";"Céu Claro";"Múltipla";"Reta";"Sim";1;0;0;0;1;0;0;1;-27,18509173;-48,61248342;"SPRF-SC";"DEL04/SC";"UOP03-DEL04-SC"
767553;2026-04-26;"domingo";"11:10:00";"BA";324;558;"SANTO AMARO";"Demais falhas mecânicas ou elétricas";"Incêndio";"Sem Vítimas";"Pleno dia";"Crescente";"Sol";"Dupla";"Reta";"Não";2;0;0;0;1;1;0;2;-12,49068503;-38,65553498;"SPRF-BA";"DEL11/BA";"UOP02-DEL11-BA"
767559;2026-04-03;"sexta-feira";"10:00:00";"GO";153;669;"ITUMBIARA";"Reação tardia ou ineficiente do condutor";"Colisão lateral mesmo sentido";"Com Vítimas Feridas";"Pleno dia";"Crescente";"Céu Claro";"Dupla";"Reta";"Não";7;0;1;0;5;1;1;3;-18,29109894;-49,23860457;"SPRF-GO";"DEL03/GO";"UOP02-DEL03-GO"
767569;2026-04-26;"domingo";"16:30:00";"MG";365;511;"PATROCINIO";"Mal súbito do condutor";"Saída de leito carroçável";"Com Vítimas Feridas";"Pleno dia";"Crescente";"Céu Claro";"Simples";"Reta";"Não";1;0;1;0;0;0;1;1;-18,94006233;-47,30609894;"SPRF-MG";"DEL10/MG";"UOP01-DEL10-MG"
767573;2026-04-26;"domingo";"13:25:00";"SP";116;409;"JUQUIA";"Demais falhas mecânicas ou elétricas";"Incêndio";"Sem Vítimas";"Pleno dia";"Decrescente";"Céu Claro";"Dupla";"Reta";"Sim";1;0;0;0;0;1;0;1;-24,33172733;-47,61431124;"SPRF-SP";"DEL05/SP";"UOP01-DEL05-SP"
767576;2026-04-26;"domingo";"17:05:00";"SP";116;529;"BARRA DO TURVO";"Frear bruscamente";"Colisão traseira";"Com Vítimas Feridas";"Pleno dia";"Decrescente";"Sol";"Dupla";"Reta";"Não";7;0;1;3;2;2;4;4;-24,93899895;-48,30074184;"SPRF-SP";"DEL05/SP";"UOP02-DEL05-SP"
767580;2026-02-27;"sexta-feira";"02:45:00";"SP";116;349;"MIRACATU";"Demais falhas mecânicas ou elétricas";"Incêndio";"Sem Vítimas";"Plena Noite";"Decrescente";"Garoa/Chuvisco";"Dupla";"Reta;Aclive";"Não";2;0;0;0;1;1;0;2;-24,056167;-47,219607;"SPRF-SP";"DEL04/SP";"UOP03-DEL04-SP"
767583;2026-04-26;"domingo";"16:45:00";"RS";116;121,7;"SAO MARCOS";"Ausência de reação do condutor";"Tombamento";"Com Vítimas Feridas";"Pleno dia";"Crescente";"Céu Claro";"Simples";"Aclive;Curva";"Não";2;0;1;0;0;1;1;2;-29,01027451;-51,07027385;"SPRF-RS";"DEL05/RS";"UOP01-DEL05-RS"
767584;2026-04-26;"domingo";"16:25:00";"MT";174;499;"COMODORO";"Demais falhas mecânicas ou elétricas";"Incêndio";"Sem Vítimas";"Pleno dia";"Decrescente";"Céu Claro";"Simples";"Reta";"Sim";3;0;0;0;1;2;0;3;-13,6690449;-59,7929491;"SPRF-MT";"DEL04/MT";"UOP02-DEL04-MT"
767585;2026-04-26;"domingo";"16:10:00";"MT";163;1081;"GUARANTA DO NORTE";"Velocidade Incompatível";"Tombamento";"Sem Vítimas";"Pleno dia";"Decrescente";"Céu Claro";"Simples";"Ponte;Reta;Declive";"Não";2;0;0;0;1;3;0;4;-9,817428;-54,88634;"SPRF-MT";"DEL06/MT";"UOP03-DEL06-MT"
767593;2026-04-26;"domingo";"17:30:00";"MG";381;636,2;"SANTO ANTONIO DO AMPARO";"Acesso irregular";"Tombamento";"Com Vítimas Fatais";"Plena Noite";"Crescente";"Céu Claro";"Dupla";"Reta";"Não";2;1;0;0;0;1;0;2;-20,867585;-44,842132;"SPRF-MG";"DEL04/MG";"UOP01-DEL04-MG"
767594;2026-04-26;"domingo";"12:00:00";"MT";364;135;"PEDRA PRETA";"Demais falhas mecânicas ou elétricas";"Saída de leito carroçável";"Com Vítimas Feridas";"Pleno dia";"Decrescente";"Céu Claro";"Dupla";"Declive";"Não";2;0;1;0;0;2;1;3;-16,7876632;-54,1686747;"SPRF-MT";"DEL02/MT";"UOP01-DEL02-MT"
767597;2026-04-26;"domingo";"15:45:00";"SC";116;12,4;"MAFRA";"Acessar a via sem observar a presença dos outros veículos";"Colisão transversal";"Com Vítimas Feridas";"Pleno dia";"Crescente";"Chuva";"Simples";"Interseção de Vias";"Não";4;0;2;1;1;0;3;2;-26,17981;-49,87132;"SPRF-SC";"DEL06/SC";"UOP01-DEL06-SC"
767600;2026-04-26;"domingo";"18:27:00";"PR";116;57;"CAMPINA GRANDE DO SUL";"Manobra de mudança de faixa";"Colisão lateral mesmo sentido";"Com Vítimas Feridas";"Plena Noite";"Decrescente";"Chuva";"Dupla";"Curva";"Não";5;0;2;0;2;1;2;3;-25,29745622;-48,93895721;"SPRF-PR";"DEL01/PR";"UOP02-DEL01-PR"
767618;2026-04-26;"domingo";"18:00:00";"MS";158;44,9;"PARANAIBA";"Transitar na contramão";"Colisão frontal";"Com Vítimas Feridas";"Plena Noite";"Decrescente";"Céu Claro";"Simples";"Reta";"Não";3;0;1;0;1;1;1;3;-19,33346;-51,439552;"SPRF-MS";"DEL08/MS";"UOP01-DEL08-MS"
767625;2026-04-23;"quinta-feira";"05:30:00";"MG";354;745;"POUSO ALTO";"Condutor Dormindo";"Colisão frontal";"Com Vítimas Feridas";"Amanhecer";"Crescente";"Céu Claro";"Simples";"Reta";"Não";2;0;1;0;1;0;1;2;-22,25639447;-44,92558301;"SPRF-MG";"DEL17/MG";"UOP01-DEL17-MG"
767629;2026-04-26;"domingo";"18:30:00";"MG";381;428;"SABARA";"Reação tardia ou ineficiente do condutor";"Tombamento";"Com Vítimas Feridas";"Plena Noite";"Crescente";"Céu Claro";"Simples";"Curva";"Não";3;0;3;0;0;0;3;1;-19,78510776;-43,72350153;"SPRF-MG";"DEL01/MG";"UOP01-DEL01-MG"
767657;2026-04-26;"domingo";"21:15:00";"MG";381;810;"CAREACU";"Ausência de reação do condutor";"Saída de leito carroçável";"Com Vítimas Feridas";"Plena Noite";"Decrescente";"Céu Claro";"Dupla";"Declive";"Não";1;0;1;0;0;0;1;1;-22,00527129;-45,6747923;"SPRF-MG";"DEL16/MG";"UOP02-DEL16-MG"
767664;2026-04-26;"domingo";"19:33:00";"RN";226;342;"PATU";"Ausência de sinalização";"Colisão lateral sentido oposto";"Com Vítimas Feridas";"Plena Noite";"Crescente";"Céu Claro";"Simples";"Reta";"Sim";2;0;0;1;0;1;1;2;-6,095212;-37,642745;"SPRF-RN";"DEL04-RN";"UOP01-DEL04-RN"
767670;2026-04-26;"domingo";"22:40:00";"BA";116;802;"VITORIA DA CONQUISTA";"Pista esburacada";"Queda de ocupante de veículo";"Com Vítimas Feridas";"Plena Noite";"Decrescente";"Céu Claro";"Simples";"Reta";"Não";5;0;3;0;1;1;3;4;-14,75644861;-40,68991801;"SPRF-BA";"DEL08/BA";"UOP02-DEL08-BA"
767675;2026-04-26;"domingo";"22:00:00";"PI";343;520;"AMARANTE";"Condutor Dormindo";"Saída de leito carroçável";"Com Vítimas Feridas";"Plena Noite";"Decrescente";"Céu Claro";"Simples";"Reta";"Não";1;0;1;0;0;0;1;1;-6,399823;-42,795967;"SPRF-PI";"DEL03-PI";"UOP01-DEL03-PI"
767678;2026-04-27;"segunda-feira";"01:15:00";"SC";101;58;"ARAQUARI";"Chuva";"Colisão traseira";"Com Vítimas Feridas";"Plena Noite";"Crescente";"Chuva";"Múltipla";"Curva";"Não";3;0;1;0;2;0;1;2;-26,44122695;-48,80190468;"SPRF-SC";"DEL03/SC";"UOP02-DEL03-SC"
767679;2026-04-26;"domingo";"22:30:00";"PR";116;42,6;"CAMPINA GRANDE DO SUL";"Velocidade Incompatível";"Saída de leito carroçável";"Com Vítimas Fatais";"Plena Noite";"Decrescente";"Chuva";"Dupla";"Curva";"Não";3;2;1;0;0;0;1;1;-25,18185446;-48,87934017;"SPRF-PR";"DEL01/PR";"UOP02-DEL01-PR"
767682;2026-04-27;"segunda-feira";"03:00:00";"MG";381;289;"ANTONIO DIAS";"Demais falhas mecânicas ou elétricas";"Incêndio";"Sem Vítimas";"Plena Noite";"Decrescente";"Céu Claro";"Simples";"Curva;Em Obras";"Não";2;0;0;0;1;1;0;2;-19,637533;-42,828739;"SPRF-MG";"DEL03/MG";"UOP02-DEL03-MG"
767687;2026-04-26;"domingo";"20:50:00";"SC";280;92;"CORUPA";"Ausência de reação do condutor";"Colisão com objeto";"Com Vítimas Feridas";"Plena Noite";"Decrescente";"Chuva";"Simples";"Curva;Declive";"Não";1;0;1;0;0;0;1;1;-26,39720945;-49,29984793;"SPRF-SC";"DEL06/SC";"UOP03-DEL06-SC"
767689;2026-04-26;"domingo";"18:20:00";"SC";280;91;"CORUPA";"Pista Escorregadia";"Colisão lateral sentido oposto";"Com Vítimas Feridas";"Plena Noite";"Crescente";"Chuva";"Múltipla";"Curva;Declive";"Não";5;0;1;0;4;0;1;2;-26,39677969;-49,29442819;"SPRF-SC";"DEL06/SC";"UOP03-DEL06-SC"
767690;2026-04-27;"segunda-feira";"04:00:00";"GO";364;256;"JATAI";"Condutor Dormindo";"Colisão lateral sentido oposto";"Com Vítimas Feridas";"Plena Noite";"Decrescente";"Céu Claro";"Simples";"Reta";"Não";3;0;0;1;1;1;1;3;-17,67687;-52,213491;"SPRF-GO";"DEL05/GO";"UOP01-DEL05-GO"
767691;2026-04-27;"segunda-feira";"05:40:00";"BA";116;630,2;"JAGUAQUARA";"Manobra de mudança de faixa";"Colisão frontal";"Com Vítimas Fatais";"Amanhecer";"Crescente";"Céu Claro";"Simples";"Reta";"Não";7;2;0;2;2;2;2;5;-13,4971832;-40,0494158;"SPRF-BA";"DEL03/BA";"UOP01-DEL03-BA"
767693;2026-04-27;"segunda-feira";"05:40:00";"MG";40;525;"CONTAGEM";"Condutor deixou de manter distância do veículo da frente";"Colisão traseira";"Com Vítimas Fatais";"Amanhecer";"Decrescente";"Céu Claro";"Dupla";"Reta";"Sim";2;1;0;0;0;1;0;2;-19,89077914;-44,04998302;"SPRF-MG";"DEL01/MG";"UOP02-DEL01-MG"
767702;2026-04-27;"segunda-feira";"01:14:00";"MG";381;526;"BRUMADINHO";"Velocidade Incompatível";"Tombamento";"Com Vítimas Feridas";"Plena Noite";"Crescente";"Céu Claro";"Dupla";"Curva;Declive";"Não";3;0;1;0;1;1;1;2;-20,156953;-44,328402;"SPRF-MG";"DEL04/MG";"UOP03-DEL04-MG"
767707;2026-04-27;"segunda-feira";"07:25:00";"MG";262;186;"SAO DOMINGOS DO PRATA";"Demais falhas mecânicas ou elétricas";"Incêndio";"Sem Vítimas";"Amanhecer";"Crescente";"Céu Claro";"Simples";"Aclive;Reta";"Não";2;0;0;0;1;1;0;2;-19,894448;-43,040921;"SPRF-MG";"DEL03/MG";"UOP01-DEL03-MG"
767709;2026-04-27;"segunda-feira";"07:15:00";"RS";290;107;"ELDORADO DO SUL";"Manobra de mudança de faixa";"Colisão lateral mesmo sentido";"Com Vítimas Feridas";"Pleno dia";"Decrescente";"Céu Claro";"Dupla";"Reta";"Não";2;0;1;0;0;1;1;2;-30,00338523;-51,30915491;"SPRF-RS";"DEL02/RS";"UOP01-DEL02-RS"
767710;2026-04-26;"domingo";"21:30:00";"RR";174;133,2;"RORAINOPOLIS";"Carga excessiva e/ou mal acondicionada";"Tombamento";"Sem Vítimas";"Plena Noite";"Crescente";"Céu Claro";"Simples";"Reta";"Não";2;0;0;0;1;2;0;3;0,254293;-60,516292;"SPRF-RR";"DEL01-RR";"UOP02-DEL01-RR"
767712;2026-04-26;"domingo";"12:00:00";"PR";476;181;"LAPA";"Avarias e/ou desgaste excessivo no pneu";"Colisão transversal";"Com Vítimas Feridas";"Pleno dia";"Crescente";"Garoa/Chuvisco";"Simples";"Curva";"Não";4;0;1;0;2;1;1;3;-25,71156871;-49,60618822;"SPRF-PR";"DEL01/PR";"UOP06-DEL01-PR"
767714;2026-04-27;"segunda-feira";"07:28:00";"RS";116;484,1;"TURUCU";"Ausência de reação do condutor";"Colisão traseira";"Com Vítimas Fatais";"Amanhecer";"Decrescente";"Céu Claro";"Dupla";"Reta";"Sim";3;1;0;0;1;3;0;5;-31,423735;-52,179577;"SPRF-RS";"DEL07/RS";"UOP01-DEL07-RS"
767717;2026-04-27;"segunda-feira";"07:00:00";"RS";392;193,7;"SANTANA DA BOA VISTA";"Reação tardia ou ineficiente do condutor";"Tombamento";"Com Vítimas Feridas";"Pleno dia";"Crescente";"Céu Claro";"Simples";"Reta";"Não";3;0;2;0;0;3;2;4;-30,91268195;-53,10597897;"SPRF-RS";"DEL09/RS";"UOP02-DEL09-RS"
767719;2026-04-01;"quarta-feira";"12:50:00";"BA";116;646;"JAGUAQUARA";"Acessar a via sem observar a presença dos outros veículos";"Colisão lateral mesmo sentido";"Com Vítimas Feridas";"Pleno dia";"Decrescente";"Céu Claro";"Simples";"Reta";"Não";2;0;0;1;1;0;1;2;-13,62311632;-40,14007062;"SPRF-BA";"DEL03/BA";"UOP01-DEL03-BA"
767733;2026-04-27;"segunda-feira";"06:50:00";"PR";369;352,6;"CAMPO MOURAO";"Ultrapassagem Indevida";"Colisão frontal";"Com Vítimas Feridas";"Amanhecer";"Crescente";"Nublado";"Simples";"Reta";"Não";7;0;2;2;2;1;4;4;-24,1416235;-52,45091915;"SPRF-PR";"DEL09/PR";"UOP03-DEL09-PR"
767743;2026-04-27;"segunda-feira";"08:30:00";"MG";381;488,5;"BETIM";"Ausência de reação do condutor";"Colisão traseira";"Com Vítimas Feridas";"Pleno dia";"Decrescente";"Céu Claro";"Múltipla";"Aclive;Reta";"Não";3;0;1;0;1;1;1;3;-19,95677846;-44,1261186;"SPRF-MG";"DEL01/MG";"UOP03-DEL01-MG"
767744;2026-04-27;"segunda-feira";"09:07:00";"RJ";116;184;"NOVA IGUACU";"Condutor deixou de manter distância do veículo da frente";"Colisão traseira";"Com Vítimas Fatais";"Pleno dia";"Decrescente";"Céu Claro";"Múltipla";"Reta";"Não";3;1;0;0;1;1;0;3;-22,73827509;-43,48151255;"SPRF-RJ";"DEL06/RJ";"UOP01-DEL06-RJ"
767745;2026-04-27;"segunda-feira";"08:50:00";"MG";40;517;"RIBEIRAO DAS NEVES";"Manobra de mudança de faixa";"Colisão lateral mesmo sentido";"Com Vítimas Feridas";"Pleno dia";"Decrescente";"Céu Claro";"Dupla";"Retorno Regulamentado;Reta";"Sim";2;0;1;0;1;0;1;2;-19,82954738;-44,08338928;"SPRF-MG";"DEL01/MG";"UOP02-DEL01-MG"
767747;2026-04-27;"segunda-feira";"08:43:00";"RJ";40;124;"RIO DE JANEIRO";"Reação tardia ou ineficiente do condutor";"Colisão traseira";"Com Vítimas Feridas";"Pleno dia";"Crescente";"Céu Claro";"Múltipla";"Reta";"Sim";4;0;2;0;1;1;2;3;-22,812567;-43,288116;"SPRF-RJ";"DEL01/RJ";"UOP02-DEL01-RJ"
767751;2026-04-27;"segunda-feira";"05:30:00";"MA";222;386,2;"SANTA INES";"Pedestre andava na pista";"Atropelamento de Pedestre";"Com Vítimas Feridas";"Amanhecer";"Crescente";"Nublado";"Simples";"Declive";"Não";2;0;0;1;0;1;1;2;-3,84338;-45,516048;"SPRF-MA";"DEL02-MA";"UOP01-DEL02-MA"