"id";"data_inversa";"dia_semana";"horario";"uf";"br";"km";"municipio";"causa_acidente";"tipo_acidente";"classificacao_acidente";"fase_dia";"sentido_via";"condicao_metereologica";"tipo_pista";"tracado_via";"uso_solo";"pessoas";"mortos";"feridos_leves";"feridos_graves";"ilesos";"ignorados";"feridos";"veiculos";"latitude";"longitude";"regional";"delegacia";"uop"
767754;2026-04-10;"sexta-feira";"18:30:00";"MA";10;251;"IMPERATRIZ";"Estacionar ou parar em local proibido";"Tombamento";"Com Vítimas Feridas";"Plena Noite";"Decrescente";"Céu Claro";"Simples";"Reta";"Sim";4;0;1;1;1;3;2;5;-5,536348;-47,469485;"SPRF-MA";"DEL04-MA";"UOP01-DEL04-MA"
767756;2026-04-23;"quinta-feira";"08:30:00";"PR";116;112;"CURITIBA";"Trafegar com motocicleta (ou similar) entre as faixas";"Colisão traseira";"Com Vítimas Feridas";"Pleno dia";"Crescente";"Céu Claro";"Dupla";"Reta";"Não";4;0;0;1;1;2;1;3;-25,554462;-49,274268;"SPRF-PR";"DEL01/PR";"UOP03-DEL01-PR"
767757;2026-04-27;"segunda-feira";"09:40:00";"BA";116;775;"PLANALTO";"Manobra de mudança de faixa";"Colisão lateral mesmo sentido";"Com Vítimas Fatais";"Pleno dia";"Crescente";"Céu Claro";"Simples";"Curva";"Não";2;1;0;0;1;0;0;2;-14,66383;-40,46258;"SPRF-BA";"DEL08/BA";"UOP02-DEL08-BA"
767758;2026-04-27;"segunda-feira";"09:55:00";"RS";386;33,9;"FREDERICO WESTPHALEN";"Condutor deixou de manter distância do veículo da frente";"Engavetamento";"Com Vítimas Feridas";"Pleno dia";"Crescente";"Sol";"Simples";"Interseção de Vias;Reta";"Sim";7;0;5;0;1;1;5;3;-27,35943783;-53,38872671;"SPRF-RS";"DEL08/RS";"UOP02-DEL08-RS"
767764;2026-04-27;"segunda-feira";"10:03:00";"PI";343;255;"CAMPO MAIOR";"Ausência de reação do condutor";"Colisão frontal";"Com Vítimas Fatais";"Pleno dia";"Decrescente";"Céu Claro";"Simples";"Reta";"Não";6;4;0;0;1;1;0;3;-4,755134;-42,110648;"SPRF-PI";"DEL01-PI";"UOP03-DEL01-PI"
767765;2026-04-27;"segunda-feira";"10:00:00";"MT";364;120;"PEDRA PRETA";"Acostamento em desnível";"Saída de leito carroçável";"Com Vítimas Feridas";"Pleno dia";"Crescente";"Céu Claro";"Simples";"Reta";"Não";2;0;1;0;0;3;1;4;-16,828362;-54,045057;"SPRF-MT";"DEL02/MT";"UOP02-DEL02-MT"
767767;2026-04-27;"segunda-feira";"11:20:00";"MG";50;189;"UBERABA";"Reação tardia ou ineficiente do condutor";"Colisão traseira";"Com Vítimas Feridas";"Pleno dia";"Decrescente";"Céu Claro";"Dupla";"Aclive;Reta";"Não";5;0;2;0;3;0;2;2;-19,843653;-47,879325;"SPRF-MG";"DEL13/MG";"UOP01-DEL13-MG"
767770;2026-03-27;"sexta-feira";"06:50:00";"MG";116;814;"ALEM PARAIBA";"Acessar a via sem observar a presença dos outros veículos";"Colisão lateral mesmo sentido";"Com Vítimas Feridas";"Pleno dia";"Decrescente";"Ignorado";"Simples";"Reta";"Não";2;0;1;0;1;0;1;2;-21,859555;-42,663333;"SPRF-MG";"DEL07/MG";"UOP01-DEL07-MG"
767773;2026-04-27;"segunda-feira";"10:30:00";"TO";230;35;"NAZARE";"Reação tardia ou ineficiente do condutor";"Tombamento";"Com Vítimas Feridas";"Pleno dia";"Crescente";"Sol";"Simples";"Rotatória";"Não";1;0;1;0;0;0;1;1;-6,39946048;-47,66438842;"SPRF-TO";"DEL02-TO";"UOP03-DEL02-TO"
767788;2026-04-27;"segunda-feira";"14:00:00";"SP";381;63;"MAIRIPORA";"Manobra de mudança de faixa";"Engavetamento";"Com Vítimas Feridas";"Pleno dia";"Decrescente";"Céu Claro";"Múltipla";"Aclive;Reta";"Não";2;0;1;0;1;0;1;2;-23,25705;-46,59167;"SPRF-SP";"DEL03/SP";"UOP01-DEL03-SP"
767791;2026-04-27;"segunda-feira";"12:00:00";"SC";101;280;"IMBITUBA";"Objeto estático sobre o leito carroçável";"Tombamento";"Com Vítimas Feridas";"Pleno dia";"Crescente";"Céu Claro";"Múltipla";"Reta";"Sim";2;0;1;0;0;2;1;3;-28,19491965;-48,69743586;"SPRF-SC";"DEL02/SC";"UOP03-DEL02-SC"
767800;2026-04-27;"segunda-feira";"14:40:00";"RS";285;482;"ENTRE-IJUIS";"Ultrapassagem Indevida";"Colisão lateral mesmo sentido";"Com Vítimas Feridas";"Pleno dia";"Decrescente";"Céu Claro";"Simples";"Curva";"Não";4;0;1;0;2;3;1;6;-28,373647;-54,123887;"SPRF-RS";"DEL10/RS";"UOP01-DEL10-RS"
767801;2026-04-27;"segunda-feira";"14:15:00";"CE";222;39;"CAUCAIA";"Condutor Dormindo";"Colisão lateral sentido oposto";"Com Vítimas Feridas";"Pleno dia";"Decrescente";"Céu Claro";"Simples";"Reta;Ponte";"Não";6;0;4;0;1;2;4;4;-3,68802973;-38,90333589;"SPRF-CE";"DEL01/CE";"UOP01-DEL01-CE"
767805;2026-03-17;"terça-feira";"08:00:00";"SP";116;198;"ARUJA";"Reação tardia ou ineficiente do condutor";"Colisão traseira";"Com Vítimas Feridas";"Pleno dia";"Crescente";"Céu Claro";"Dupla";"Reta;Aclive";"Sim";2;0;1;0;0;1;1;2;-23,40105259;-46,30813326;"SPRF-SP";"DEL01/SP";"UOP01-DEL01-SP"
767807;2026-04-27;"segunda-feira";"15:00:00";"MG";40;6,9;"PARACATU";"Demais falhas mecânicas ou elétricas";"Colisão frontal";"Com Vítimas Feridas";"Pleno dia";"Decrescente";"Céu Claro";"Simples";"Reta;Declive";"Não";3;0;1;1;0;3;2;5;-17,067953;-47,11097;"SPRF-MG";"DEL14/MG";"UOP01-DEL14-MG"
767815;2026-04-27;"segunda-feira";"13:00:00";"PI";343;2,7;"TERESINA";"Ausência de reação do condutor";"Colisão lateral mesmo sentido";"Sem Vítimas";"Pleno dia";"Crescente";"Céu Claro";"Múltipla";"Rotatória";"Não";8;0;0;0;5;3;0;8;-5,08092126;-42,77431279;"SPRF-PI";"DEL01-PI";"UOP01-DEL01-PI"
767818;2026-04-27;"segunda-feira";"16:10:00";"CE";116;65;"CHOROZINHO";"Acessar a via sem observar a presença dos outros veículos";"Colisão transversal";"Com Vítimas Feridas";"Pleno dia";"Decrescente";"Céu Claro";"Simples";"Interseção de Vias";"Sim";2;0;0;1;1;0;1;2;-4,29932482;-38,50172136;"SPRF-CE";"DEL01/CE";"UOP04-DEL01-CE"
767819;2026-04-27;"segunda-feira";"16:30:00";"MG";40;446,7;"CAETANOPOLIS";"Ausência de reação do condutor";"Saída de leito carroçável";"Com Vítimas Feridas";"Pleno dia";"Decrescente";"Céu Claro";"Múltipla";"Reta";"Sim";1;0;0;1;0;0;1;1;-19,293056;-44,385005;"SPRF-MG";"DEL02/MG";"UOP01-DEL02-MG"
767820;2026-04-27;"segunda-feira";"11:50:00";"RJ";101;332;"RIO DE JANEIRO";"Reação tardia ou ineficiente do condutor";"Colisão traseira";"Com Vítimas Feridas";"Pleno dia";"Crescente";"Céu Claro";"Dupla";"Reta;Ponte";"Não";3;0;1;0;2;0;1;2;-22,869947;-43,202832;"SPRF-RJ";"DEL02/RJ";"UOP01-DEL02-RJ"
767828;2026-04-15;"quarta-feira";"12:00:00";"PI";135;360,4;"BOM JESUS";"Reação tardia ou ineficiente do condutor";"Tombamento";"Com Vítimas Feridas";"Pleno dia";"Decrescente";"Céu Claro";"Simples";"Curva;Declive";"Não";2;0;0;1;0;2;1;3;-9,136332;-44,38906;"SPRF-PI";"DEL03-PI";"UOP02-DEL03-PI"
767834;2026-04-27;"segunda-feira";"16:00:00";"SC";470;141;"RIO DO SUL";"Ausência de reação do condutor";"Colisão traseira";"Com Vítimas Feridas";"Pleno dia";"Decrescente";"Céu Claro";"Simples";"Reta";"Sim";2;0;1;0;1;0;1;2;-27,2045857;-49,6410337;"SPRF-SC";"DEL04/SC";"UOP02-DEL04-SC"
767840;2026-04-27;"segunda-feira";"17:45:00";"MG";365;628;"UBERLANDIA";"Estacionar ou parar em local proibido";"Atropelamento de Pedestre";"Com Vítimas Feridas";"Pleno dia";"Crescente";"Céu Claro";"Dupla";"Aclive;Reta";"Sim";4;0;0;1;0;4;1;5;-18,905595;-48,322049;"SPRF-MG";"DEL15/MG";"UOP01-DEL15-MG"
767841;2026-04-27;"segunda-feira";"17:50:00";"MG";381;355,5;"SAO GONCALO DO RIO ABAIXO";"Pedestre andava na pista";"Atropelamento de Pedestre";"Com Vítimas Fatais";"Anoitecer";"Decrescente";"Céu Claro";"Múltipla";"Aclive;Reta";"Não";5;1;0;0;1;3;0;3;-19,854861;-43,21713;"SPRF-MG";"DEL03/MG";"UOP01-DEL03-MG"
767843;2026-04-27;"segunda-feira";"18:00:00";"PB";101;95;"JOAO PESSOA";"Acessar a via sem observar a presença dos outros veículos";"Colisão lateral mesmo sentido";"Com Vítimas Feridas";"Plena Noite";"Decrescente";"Céu Claro";"Dupla";"Reta;Declive";"Não";2;0;1;0;1;0;1;2;-7,21168119;-34,91066605;"SPRF-PB";"DEL01-PB";"UOP01-DEL01-PB"
767844;2026-04-27;"segunda-feira";"15:20:00";"MT";364;268;"JACIARA";"Manobra de mudança de faixa";"Colisão lateral mesmo sentido";"Sem Vítimas";"Pleno dia";"Crescente";"Nublado";"Dupla";"Aclive;Reta";"Não";3;0;0;0;2;4;0;6;-15,97491843;-54,93721459;"SPRF-MT";"DEL02/MT";"UOP01-DEL02-MT"
767845;2026-04-27;"segunda-feira";"15:00:00";"BA";242;628;"MUQUEM DE SAO FRANCISCO";"Ultrapassagem Indevida";"Saída de leito carroçável";"Com Vítimas Feridas";"Pleno dia";"Crescente";"Céu Claro";"Simples";"Curva";"Não";5;0;2;1;1;1;3;2;-12,14439635;-43,37539673;"SPRF-BA";"DEL10/BA";"UOP01-DEL10-BA"
767847;2026-04-27;"segunda-feira";"12:50:00";"RS";392;0;"PELOTAS";"Desrespeitar a preferência no cruzamento";"Colisão transversal";"Sem Vítimas";"Pleno dia";"Decrescente";"Céu Claro";"Simples";"Rotatória";"Sim";2;0;0;0;1;1;0;2;-31,75647906;-52,39996791;"SPRF-RS";"DEL07/RS";"UOP01-DEL07-RS"
767848;2026-04-27;"segunda-feira";"17:30:00";"RS";116;88,2;"CAMPESTRE DA SERRA";"Ausência de reação do condutor";"Colisão lateral sentido oposto";"Com Vítimas Feridas";"Pleno dia";"Crescente";"Céu Claro";"Simples";"Curva";"Não";4;0;0;1;2;1;1;4;-28,85207529;-51,13018736;"SPRF-RS";"DEL05/RS";"UOP03-DEL05-RS"
767854;2026-04-27;"segunda-feira";"16:00:00";"MT";70;66;"BARRA DO GARCAS";"Reação tardia ou ineficiente do condutor";"Saída de leito carroçável";"Com Vítimas Feridas";"Pleno dia";"Crescente";"Céu Claro";"Simples";"Reta";"Não";2;0;1;0;0;1;1;2;-15,7104208;-52,66877675;"SPRF-MT";"DEL07/MT";"UOP01-DEL07-MT"
767858;2026-04-27;"segunda-feira";"19:05:00";"MG";40;447,9;"CAETANOPOLIS";"Pedestre cruzava a pista fora da faixa";"Atropelamento de Pedestre";"Com Vítimas Feridas";"Plena Noite";"Crescente";"Céu Claro";"Dupla";"Reta";"Sim";2;0;0;1;1;0;1;2;-19,29176;-44,38563;"SPRF-MG";"DEL02/MG";"UOP01-DEL02-MG"
767866;2026-04-27;"segunda-feira";"19:10:00";"MG";381;441;"SABARA";"Reação tardia ou ineficiente do condutor";"Colisão lateral mesmo sentido";"Com Vítimas Feridas";"Plena Noite";"Crescente";"Céu Claro";"Simples";"Reta";"Não";2;0;1;0;1;0;1;2;-19,82712104;-43,8373982;"SPRF-MG";"DEL01/MG";"UOP01-DEL01-MG"
767868;2026-03-31;"terça-feira";"12:30:00";"BA";101;930;"NOVA VICOSA";"Ausência de reação do condutor";"Saída de leito carroçável";"Com Vítimas Feridas";"Pleno dia";"Crescente";"Céu Claro";"Simples";"Curva;Declive";"Não";2;0;0;1;0;1;1;2;-17,971622;-39,858725;"SPRF-BA";"DEL09/BA";"UOP02-DEL09-BA"
767870;2026-04-27;"segunda-feira";"19:30:00";"RS";386;417;"MONTENEGRO";"Velocidade Incompatível";"Tombamento";"Com Vítimas Feridas";"Plena Noite";"Crescente";"Céu Claro";"Simples";"Retorno Regulamentado;Rotatória";"Não";2;0;1;0;0;1;1;2;-29,81980907;-51,45061461;"SPRF-RS";"DEL04/RS";"UOP02-DEL04-RS"
767875;2026-04-27;"segunda-feira";"16:00:00";"PR";376;340;"ORTIGUEIRA";"Reação tardia ou ineficiente do condutor";"Tombamento";"Sem Vítimas";"Pleno dia";"Decrescente";"Chuva";"Simples";"Curva";"Não";2;0;0;0;1;1;0;2;-24,1576;-50,9728;"SPRF-PR";"DEL07/PR";"UOP02-DEL07-PR"
767877;2026-04-27;"segunda-feira";"18:30:00";"RO";364;62;"VILHENA";"Reação tardia ou ineficiente do condutor";"Colisão traseira";"Com Vítimas Feridas";"Plena Noite";"Crescente";"Céu Claro";"Simples";"Reta";"Não";3;0;1;0;2;0;1;2;-12,5091181;-60,44869998;"SPRF-RO";"DEL04-RO";"UOP01-DEL04-RO"
767879;2026-04-27;"segunda-feira";"18:41:00";"SC";101;241,5;"PALHOCA";"Ausência de reação do condutor";"Saída de leito carroçável";"Com Vítimas Feridas";"Plena Noite";"Crescente";"Céu Claro";"Simples";"Reta";"Não";2;0;1;0;1;0;1;2;-27,87452;-48,64697;"SPRF-SC";"DEL01/SC";"UOP02-DEL01-SC"
767881;2026-04-27;"segunda-feira";"15:20:00";"MT";364;201;"RONDONOPOLIS";"Demais falhas mecânicas ou elétricas";"Tombamento";"Sem Vítimas";"Pleno dia";"Crescente";"Céu Claro";"Dupla";"Retorno Regulamentado";"Sim";2;0;0;0;1;3;0;4;-16,49054914;-54,64617169;"SPRF-MT";"DEL02/MT";"UOP01-DEL02-MT"
767882;2026-04-27;"segunda-feira";"21:34:00";"SP";116;230;"SAO PAULO";"Pedestre andava na pista";"Atropelamento de Pedestre";"Com Vítimas Fatais";"Plena Noite";"Crescente";"Chuva";"Múltipla";"Reta";"Sim";2;1;0;0;0;1;0;2;-23,5148704;-46,57829611;"SPRF-SP";"DEL01/SP";"UOP01-DEL01-SP"
767883;2026-04-27;"segunda-feira";"10:29:00";"RR";401;119;"BONFIM";"Ausência de reação do condutor";"Tombamento";"Com Vítimas Feridas";"Pleno dia";"Crescente";"Céu Claro";"Simples";"Rotatória";"Não";1;0;1;0;0;0;1;1;3,31059377;-59,94665114;"SPRF-RR";"DEL01-RR";"UOP01-DEL01-RR"
767888;2026-04-04;"sábado";"12:40:00";"AM";174;949;"MANAUS";"Acumulo de água sobre o pavimento";"Colisão lateral mesmo sentido";"Com Vítimas Feridas";"Pleno dia";"Decrescente";"Chuva";"Simples";"Reta";"Não";5;0;2;1;1;1;3;3;-2,41052;-60,0333;"SPRF-AM";"DEL01-AM";"UOP01-DEL01-AM"
767894;2026-04-15;"quarta-feira";"20:30:00";"RS";153;499,5;"CACAPAVA DO SUL";"Reação tardia ou ineficiente do condutor";"Colisão lateral sentido oposto";"Com Vítimas Fatais";"Plena Noite";"Crescente";"Chuva";"Simples";"Reta";"Não";3;1;0;0;1;4;0;6;-30,48758634;-53,36742997;"SPRF-RS";"DEL09/RS";"UOP02-DEL09-RS"
767897;2026-04-27;"segunda-feira";"22:00:00";"RS";285;43,4;"BOM JESUS";"Reação tardia ou ineficiente do condutor";"Tombamento";"Com Vítimas Feridas";"Plena Noite";"Crescente";"Céu Claro";"Simples";"Curva";"Não";2;0;1;0;0;2;1;3;-28,693805;-50,289285;"SPRF-RS";"DEL05/RS";"UOP03-DEL05-RS"
767898;2026-04-28;"terça-feira";"00:03:00";"BA";242;844;"BARREIRAS";"Velocidade Incompatível";"Tombamento";"Com Vítimas Feridas";"Plena Noite";"Decrescente";"Garoa/Chuvisco";"Simples";"Reta";"Não";1;0;0;1;0;0;1;1;-12,1181198;-45,1508015;"SPRF-BA";"DEL10/BA";"UOP01-DEL10-BA"
767899;2026-04-27;"segunda-feira";"20:00:00";"SC";280;213,2;"TRES BARRAS";"Reação tardia ou ineficiente do condutor";"Colisão traseira";"Com Vítimas Fatais";"Plena Noite";"Crescente";"Nublado";"Simples";"Reta";"Não";5;1;0;1;0;3;1;4;-26,1816;-50,1999;"SPRF-SC";"DEL06/SC";"UOP04-DEL06-SC"
767900;2026-04-27;"segunda-feira";"22:40:00";"MG";116;306,8;"ITAMBACURI";"Demais falhas mecânicas ou elétricas";"Colisão traseira";"Com Vítimas Feridas";"Pleno dia";"Decrescente";"Céu Claro";"Simples";"Reta";"Não";2;0;1;0;1;0;1;2;-18,04594;-41,662045;"SPRF-MG";"DEL11/MG";"UOP01-DEL11-MG"
767902;2026-04-28;"terça-feira";"00:15:00";"MT";163;856;"SINOP";"Condutor Dormindo";"Colisão lateral sentido oposto";"Com Vítimas Feridas";"Plena Noite";"Crescente";"Céu Claro";"Simples";"Reta";"Não";3;0;2;0;0;4;2;6;-11,6802472;-55,448165;"SPRF-MT";"DEL06/MT";"UOP02-DEL06-MT"
767903;2026-04-28;"terça-feira";"00:00:00";"MG";50;152;"UBERABA";"Ausência de reação do condutor";"Colisão traseira";"Com Vítimas Fatais";"Plena Noite";"Crescente";"Céu Claro";"Dupla";"Aclive;Reta";"Não";59;2;39;2;15;3;41;5;-19,58131131;-48,03151544;"SPRF-MG";"DEL13/MG";"UOP01-DEL13-MG"
767905;2026-04-28;"terça-feira";"02:50:00";"SC";101;152,9;"PORTO BELO";"Ingestão de álcool pelo condutor";"Colisão traseira";"Com Vítimas Feridas";"Plena Noite";"Decrescente";"Céu Claro";"Dupla";"Retorno Regulamentado;Reta";"Não";3;0;0;1;1;1;1;3;-27,14331;-48,61017;"SPRF-SC";"DEL04/SC";"UOP03-DEL04-SC"
767909;2026-04-28;"terça-feira";"02:30:00";"PR";163;148,1;"SANTA LUCIA";"Condutor deixou de manter distância do veículo da frente";"Colisão traseira";"Com Vítimas Feridas";"Plena Noite";"Crescente";"Céu Claro";"Simples";"Curva";"Sim";2;0;1;0;1;0;1;2;-25,412052;-53,572313;"SPRF-PR";"DEL05/PR";"UOP05-DEL05-PR"
767911;2026-04-28;"terça-feira";"05:20:00";"TO";153;502;"PARAISO DO TOCANTINS";"Reação tardia ou ineficiente do condutor";"Colisão traseira";"Com Vítimas Feridas";"Amanhecer";"Crescente";"Ignorado";"Simples";"Declive";"Não";2;0;1;0;0;1;1;2;-10,22299;-48,87568;"SPRF-TO";"DEL01-TO";"UOP01-DEL01-TO"
767912;2026-04-28;"terça-feira";"04:30:00";"PR";277;364;"GUARAPUAVA";"Reação tardia ou ineficiente do condutor";"Colisão lateral mesmo sentido";"Sem Vítimas";"Plena Noite";"Decrescente";"Céu Claro";"Simples";"Reta";"Não";3;0;0;0;1;2;0;3;-25,4299719;-51,60251498;"SPRF-PR";"DEL08/PR";"UOP01-DEL08-PR"
767914;2026-04-28;"terça-feira";"03:44:00";"MS";376;97,9;"IVINHEMA";"Transitar na contramão";"Colisão frontal";"Com Vítimas Fatais";"Plena Noite";"Crescente";"Céu Claro";"Simples";"Reta";"Não";3;1;0;0;1;1;0;3;-22,29336133;-53,91367659;"SPRF-MS";"DEL04/MS";"UOP04-DEL04-MS"
767916;2026-04-28;"terça-feira";"03:00:00";"AL";101;4;"NOVO LINO";"Reação tardia ou ineficiente do condutor";"Saída de leito carroçável";"Sem Vítimas";"Plena Noite";"Decrescente";"Garoa/Chuvisco";"Dupla";"Reta;Retorno Regulamentado;Interseção de Vias";"Não";1;0;0;0;1;0;0;1;-8,91987;-35,63565;"SPRF-AL";"DEL01-AL";"UOP02-DEL01-AL"
767919;2026-04-28;"terça-feira";"07:30:00";"GO";452;143;"BOM JESUS DE GOIAS";"Ausência de reação do condutor";"Colisão transversal";"Sem Vítimas";"Pleno dia";"Crescente";"Céu Claro";"Simples";"Reta";"Não";3;0;0;0;2;3;0;5;-18,279859;-49,624379;"SPRF-GO";"DEL03/GO";"UOP02-DEL03-GO"
767929;2026-04-16;"quinta-feira";"19:00:00";"MT";158;444,4;"RIBEIRAO CASCALHEIRA";"Ultrapassagem Indevida";"Colisão traseira";"Com Vítimas Feridas";"Plena Noite";"Decrescente";"Céu Claro";"Simples";"Curva;Aclive";"Não";5;0;2;1;1;3;3;5;-13,10495745;-51,91636384;"SPRF-MT";"DEL07/MT";"UOP02-DEL07-MT"
767932;2026-04-21;"terça-feira";"16:20:00";"PR";277;117,1;"CAMPO LARGO";"Acessar a via sem observar a presença dos outros veículos";"Colisão lateral mesmo sentido";"Com Vítimas Feridas";"Pleno dia";"Crescente";"Céu Claro";"Dupla";"Reta;Interseção de Vias";"Sim";3;0;1;0;0;2;1;3;-25,4429727;-49,4538614;"SPRF-PR";"DEL01/PR";"UOP07-DEL01-PR"
767942;2026-04-28;"terça-feira";"08:50:00";"SC";101;298,5;"LAGUNA";"Reação tardia ou ineficiente do condutor";"Engavetamento";"Com Vítimas Feridas";"Pleno dia";"Decrescente";"Céu Claro";"Múltipla";"Reta";"Não";6;0;1;0;5;0;1;4;-28,35099645;-48,73966455;"SPRF-SC";"DEL02/SC";"UOP03-DEL02-SC"
767947;2026-01-23;"sexta-feira";"23:30:00";"SP";116;546;"BARRA DO TURVO";"Reação tardia ou ineficiente do condutor";"Engavetamento";"Com Vítimas Feridas";"Plena Noite";"Crescente";"Chuva";"Múltipla";"Curva;Declive";"Não";14;0;3;0;10;5;3;16;-24,94687279;-48,42780304;"SPRF-SP";"DEL05/SP";"UOP02-DEL05-SP"
767948;2026-04-28;"terça-feira";"08:20:00";"BA";110;370;"CATU";"Ultrapassagem Indevida";"Colisão lateral sentido oposto";"Com Vítimas Feridas";"Pleno dia";"Decrescente";"Céu Claro";"Simples";"Aclive;Curva";"Não";3;0;0;1;1;2;1;4;-12,3823307;-38,3822477;"SPRF-BA";"DEL01/BA";"UOP04-DEL01-BA"
767954;2026-04-28;"terça-feira";"07:50:00";"PR";116;40;"CAMPINA GRANDE DO SUL";"Ausência de reação do condutor";"Colisão traseira";"Com Vítimas Feridas";"Amanhecer";"Decrescente";"Garoa/Chuvisco";"Dupla";"Reta";"Não";3;0;1;0;1;3;1;5;-25,167958;-48,865722;"SPRF-PR";"DEL01/PR";"UOP02-DEL01-PR"
767956;2026-04-28;"terça-feira";"04:40:00";"MG";116;222;"CATUJI";"Reação tardia ou ineficiente do condutor";"Colisão traseira";"Sem Vítimas";"Plena Noite";"Decrescente";"Céu Claro";"Simples";"Declive;Curva";"Não";3;0;0;0;2;2;0;4;-17,421593;-41,512487;"SPRF-MG";"DEL11/MG";"UOP01-DEL11-MG"
767960;2026-04-28;"terça-feira";"08:45:00";"RJ";465;21;"NOVA IGUACU";"Trafegar com motocicleta (ou similar) entre as faixas";"Colisão transversal";"Com Vítimas Feridas";"Pleno dia";"Decrescente";"Nublado";"Simples";"Reta";"Sim";4;0;1;0;3;0;1;2;-22,858879;-43,601817;"SPRF-RJ";"DEL06/RJ";"UOP02-DEL06-RJ"
767961;2026-04-28;"terça-feira";"07:15:00";"RO";364;340,3;"JI-PARANA";"Manobra de mudança de faixa";"Colisão lateral mesmo sentido";"Com Vítimas Fatais";"Pleno dia";"Decrescente";"Céu Claro";"Dupla";"Reta;Interseção de Vias";"Sim";2;1;0;0;1;0;0;2;-10,892635;-61,930685;"SPRF-RO";"DEL02-RO";"UOP01-DEL02-RO"
767963;2026-04-22;"quarta-feira";"06:55:00";"SC";280;163,1;"MAFRA";"Condutor Dormindo";"Colisão frontal";"Com Vítimas Feridas";"Pleno dia";"Decrescente";"Céu Claro";"Simples";"Reta";"Não";5;0;1;1;1;2;2;5;-26,198349;-49,796559;"SPRF-SC";"DEL06/SC";"UOP01-DEL06-SC"
767964;2026-04-28;"terça-feira";"09:40:00";"PR";373;199,3;"IPIRANGA";"Desrespeitar a preferência no cruzamento";"Colisão transversal";"Com Vítimas Feridas";"Pleno dia";"Decrescente";"Chuva";"Simples";"Interseção de Vias;Rotatória";"Não";3;0;1;0;1;2;1;4;-25,085928;-50,410543;"SPRF-PR";"DEL03/PR";"UOP01-DEL03-PR"
767967;2026-04-28;"terça-feira";"10:45:00";"SC";101;190;"BIGUACU";"Reação tardia ou ineficiente do condutor";"Colisão lateral mesmo sentido";"Com Vítimas Feridas";"Pleno dia";"Crescente";"Nublado";"Dupla";"Reta";"Não";3;0;1;0;1;2;1;4;-27,46978679;-48,64151565;"SPRF-SC";"DEL01/SC";"UOP01-DEL01-SC"
767968;2026-04-28;"terça-feira";"11:10:00";"SP";153;56,7;"SAO JOSE DO RIO PRETO";"Ausência de reação do condutor";"Colisão traseira";"Com Vítimas Feridas";"Pleno dia";"Crescente";"Céu Claro";"Dupla";"Reta";"Sim";3;0;0;2;1;0;2;2;-20,767665;-49,348717;"SPRF-SP";"DEL09/SP";"UOP01-DEL09-SP"
767973;2026-01-18;"domingo";"15:10:00";"ES";101;219;"IBIRACU";"Reação tardia ou ineficiente do condutor";"Tombamento";"Com Vítimas Feridas";"Pleno dia";"Crescente";"Céu Claro";"Dupla";"Curva";"Não";2;0;1;0;0;1;1;2;-19,84140733;-40,38380226;"SPRF-ES";"DEL02-ES";"UOP01-DEL02-ES"
767974;2026-04-28;"terça-feira";"07:45:00";"MT";364;247,9;"JUSCIMEIRA";"Reação tardia ou ineficiente do condutor";"Colisão traseira";"Com Vítimas Feridas";"Pleno dia";"Crescente";"Céu Claro";"Dupla";"Aclive;Reta";"Sim";3;0;1;0;1;3;1;5;-16,12153095;-54,85188067;"SPRF-MT";"DEL02/MT";"UOP01-DEL02-MT"
767975;2026-04-28;"terça-feira";"11:20:00";"PR";476;147,3;"ARAUCARIA";"Demais falhas mecânicas ou elétricas";"Saída de leito carroçável";"Com Vítimas Feridas";"Pleno dia";"Decrescente";"Chuva";"Dupla";"Curva";"Não";4;0;1;0;2;1;1;4;-25,55612495;-49,34302077;"SPRF-PR";"DEL01/PR";"UOP06-DEL01-PR"
767977;2026-04-28;"terça-feira";"06:50:00";"BA";242;300,8;"IBIQUERA";"Condutor deixou de manter distância do veículo da frente";"Saída de leito carroçável";"Com Vítimas Feridas";"Pleno dia";"Decrescente";"Céu Claro";"Simples";"Reta";"Não";3;0;0;1;1;2;1;4;-12,4614689;-40,89531898;"SPRF-BA";"DEL06/BA";"UOP02-DEL06-BA"
767978;2026-04-28;"terça-feira";"10:30:00";"RJ";101;123,5;"CAMPOS DOS GOYTACAZES";"Condutor deixou de manter distância do veículo da frente";"Colisão traseira";"Com Vítimas Feridas";"Pleno dia";"Decrescente";"Céu Claro";"Dupla";"Curva";"Não";3;0;1;0;1;1;1;3;-22,04975;-41,685157;"SPRF-RJ";"DEL08/RJ";"UOP04-DEL08-RJ"
767979;2026-04-28;"terça-feira";"11:39:00";"PR";116;125,9;"FAZENDA RIO GRANDE";"Trafegar com motocicleta (ou similar) entre as faixas";"Tombamento";"Com Vítimas Feridas";"Pleno dia";"Decrescente";"Garoa/Chuvisco";"Dupla";"Reta";"Não";2;0;1;0;0;1;1;2;-25,637882;-49,313039;"SPRF-PR";"DEL01/PR";"UOP03-DEL01-PR"
767983;2026-04-28;"terça-feira";"12:00:00";"RJ";116;190;"RIO DE JANEIRO";"Pedestre andava na pista";"Atropelamento de Pedestre";"Com Vítimas Feridas";"Pleno dia";"Decrescente";"Céu Claro";"Dupla";"Reta";"Não";2;0;1;0;1;0;1;2;-22,80481702;-43,34525863;"SPRF-RJ";"DEL06/RJ";"UOP01-DEL06-RJ"