"id";"data_inversa";"dia_semana";"horario";"uf";"br";"km";"municipio";"causa_acidente";"tipo_acidente";"classificacao_acidente";"fase_dia";"sentido_via";"condicao_metereologica";"tipo_pista";"tracado_via";"uso_solo";"pessoas";"mortos";"feridos_leves";"feridos_graves";"ilesos";"ignorados";"feridos";"veiculos";"latitude";"longitude";"regional";"delegacia";"uop"
768546;2026-04-30;"quinta-feira";"18:06:00";"AC";364;137;"RIO BRANCO";"Condutor deixou de manter distância do veículo da frente";"Colisão traseira";"Com Vítimas Feridas";"Plena Noite";"Crescente";"Nublado";"Dupla";"Rotatória";"Sim";4;0;1;0;2;1;1;3;-9,969109;-67,85278408;"SPRF-AC";"DEL01-AC";"UOP01-DEL01-AC"
768551;2026-04-30;"quinta-feira";"18:40:00";"MS";262;295,5;"CAMPO GRANDE";"Animais na Pista";"Atropelamento de Animal";"Sem Vítimas";"Plena Noite";"Crescente";"Céu Claro";"Simples";"Reta";"Não";3;0;0;0;2;3;0;5;-20,504167;-54,256829;"SPRF-MS";"DEL01/MS";"UOP05-DEL01-MS"
768559;2026-04-30;"quinta-feira";"20:50:00";"MG";262;407,3;"IGARATINGA";"Velocidade Incompatível";"Colisão traseira";"Com Vítimas Feridas";"Plena Noite";"Crescente";"Céu Claro";"Dupla";"Curva";"Sim";5;0;2;0;2;1;2;4;-19,89809;-44,69864;"SPRF-MG";"DEL01/MG";"UOP03-DEL01-MG"
768572;2026-04-30;"quinta-feira";"22:00:00";"SC";101;41,6;"PALHOCA";"Condutor deixou de manter distância do veículo da frente";"Colisão traseira";"Com Vítimas Feridas";"Plena Noite";"Decrescente";"Céu Claro";"Dupla";"Reta;Túnel";"Não";2;0;0;1;0;1;1;2;-27,65804252;-48,71950977;"SPRF-SC";"DEL01/SC";"UOP02-DEL01-SC"
768573;2026-04-30;"quinta-feira";"21:47:00";"RN";304;279;"MACAIBA";"Condutor Dormindo";"Colisão com objeto";"Sem Vítimas";"Plena Noite";"Decrescente";"Chuva";"Dupla";"Reta";"Não";2;0;0;0;1;1;0;2;-5,88826209;-35,49623679;"SPRF-RN";"DEL01-RN";"UOP02-DEL01-RN"
768574;2026-04-30;"quinta-feira";"20:24:00";"MT";70;592;"POCONE";"Ingestão de álcool pelo condutor";"Saída de leito carroçável";"Sem Vítimas";"Plena Noite";"Crescente";"Céu Claro";"Simples";"Reta";"Não";2;0;0;0;1;1;0;2;-15,836795;-56,773857;"SPRF-MT";"DEL03/MT";"UOP02-DEL03-MT"
768588;2026-04-30;"quinta-feira";"21:50:00";"RJ";40;122;"DUQUE DE CAXIAS";"Entrada inopinada do pedestre";"Atropelamento de Pedestre";"Com Vítimas Fatais";"Plena Noite";"Crescente";"Chuva";"Múltipla";"Reta";"Sim";3;1;0;0;2;0;0;2;-22,79294861;-43,28715245;"SPRF-RJ";"DEL01/RJ";"UOP02-DEL01-RJ"
768599;2026-05-01;"sexta-feira";"03:40:00";"GO";80;178;"URUACU";"Transitar na contramão";"Colisão frontal";"Com Vítimas Fatais";"Amanhecer";"Crescente";"Céu Claro";"Simples";"Curva";"Não";11;1;7;1;1;2;8;6;-14,65552;-49,163212;"SPRF-GO";"DEL07/GO";"UOP02-DEL07-GO"
768604;2026-05-01;"sexta-feira";"04:00:00";"RS";101;60;"MAQUINE";"Estacionar ou parar em local proibido";"Colisão traseira";"Sem Vítimas";"Pleno dia";"Decrescente";"Céu Claro";"Dupla";"Reta";"Não";2;0;0;0;1;1;0;2;-29,68760536;-50,15207291;"SPRF-RS";"DEL03/RS";"UOP02-DEL03-RS"
768608;2026-05-01;"sexta-feira";"02:00:00";"SC";470;186,8;"POUSO REDONDO";"Reação tardia ou ineficiente do condutor";"Saída de leito carroçável";"Com Vítimas Feridas";"Plena Noite";"Crescente";"Nevoeiro/Neblina";"Simples";"Curva";"Não";1;0;1;0;0;0;1;1;-27,26155756;-50,05579185;"SPRF-SC";"DEL04/SC";"UOP02-DEL04-SC"
768627;2026-05-01;"sexta-feira";"05:40:00";"MG";40;287;"TRES MARIAS";"Condutor Dormindo";"Colisão traseira";"Com Vítimas Feridas";"Amanhecer";"Decrescente";"Céu Claro";"Simples";"Aclive;Reta";"Não";5;0;2;0;3;0;2;2;-18,2542733;-45,16038336;"SPRF-MG";"DEL14/MG";"UOP02-DEL14-MG"
768633;2026-04-30;"quinta-feira";"22:30:00";"MT";70;503;"CUIABA";"Demais falhas mecânicas ou elétricas";"Incêndio";"Sem Vítimas";"Plena Noite";"Decrescente";"Céu Claro";"Dupla";"Reta";"Não";2;0;0;0;1;3;0;4;-15,698648;-56,03348;"SPRF-MT";"DEL01/MT";"UOP02-DEL01-MT"
768635;2026-05-01;"sexta-feira";"06:20:00";"PR";163;350,9;"GUAIRA";"Transitar na contramão";"Colisão frontal";"Com Vítimas Fatais";"Amanhecer";"Decrescente";"Céu Claro";"Simples";"Reta;Ponte";"Não";3;1;0;0;1;1;0;3;-24,06743924;-54,25268769;"SPRF-PR";"DEL06/PR";"UOP01-DEL06-PR"
768636;2026-05-01;"sexta-feira";"06:20:00";"SP";381;35,7;"ATIBAIA";"Reação tardia ou ineficiente do condutor";"Colisão traseira";"Com Vítimas Feridas";"Amanhecer";"Crescente";"Céu Claro";"Dupla";"Reta";"Sim";4;0;1;0;2;1;1;3;-23,09462064;-46,57215143;"SPRF-SP";"DEL03/SP";"UOP02-DEL03-SP"
768638;2026-05-01;"sexta-feira";"07:00:00";"MG";50;162,8;"UBERABA";"Ausência de reação do condutor";"Colisão traseira";"Com Vítimas Feridas";"Pleno dia";"Crescente";"Céu Claro";"Dupla";"Reta";"Não";2;0;0;1;1;0;1;2;-19,61513757;-48,01942572;"SPRF-MG";"DEL13/MG";"UOP01-DEL13-MG"
768642;2026-05-01;"sexta-feira";"06:30:00";"RS";158;266,8;"JULIO DE CASTILHOS";"Acessar a via sem observar a presença dos outros veículos";"Colisão transversal";"Com Vítimas Feridas";"Pleno dia";"Crescente";"Céu Claro";"Simples";"Aclive;Reta";"Não";3;0;0;1;1;1;1;3;-29,26089131;-53,66563646;"SPRF-RS";"DEL09/RS";"UOP01-DEL09-RS"
768645;2026-05-01;"sexta-feira";"05:00:00";"MS";262;474,9;"ANASTACIO";"Demais falhas mecânicas ou elétricas";"Incêndio";"Sem Vítimas";"Amanhecer";"Decrescente";"Céu Claro";"Simples";"Reta";"Não";2;0;0;0;1;1;0;2;-20,508557;-55,6724684;"SPRF-MS";"DEL03/MS";"UOP01-DEL03-MS"
768651;2026-05-01;"sexta-feira";"08:15:00";"SP";116;115;"TAUBATE";"Entrada inopinada do pedestre";"Atropelamento de Pedestre";"Com Vítimas Fatais";"Pleno dia";"Crescente";"Céu Claro";"Dupla";"Reta";"Sim";3;1;0;0;1;1;0;2;-23,04867498;-45,5972039;"SPRF-SP";"DEL02/SP";"UOP02-DEL02-SP"
768664;2026-05-01;"sexta-feira";"08:40:00";"SC";101;1,4;"GARUVA";"Manobra de mudança de faixa";"Colisão lateral mesmo sentido";"Com Vítimas Feridas";"Pleno dia";"Crescente";"Céu Claro";"Múltipla";"Reta;Interseção de Vias";"Não";3;0;1;0;1;1;1;2;-25,99589127;-48,88347387;"SPRF-SC";"DEL03/SC";"UOP01-DEL03-SC"
768666;2026-05-01;"sexta-feira";"09:30:00";"MG";262;185;"SAO DOMINGOS DO PRATA";"Acessar a via sem observar a presença dos outros veículos";"Colisão transversal";"Com Vítimas Feridas";"Pleno dia";"Crescente";"Céu Claro";"Simples";"Interseção de Vias";"Não";3;0;2;0;1;0;2;2;-19,90141331;-43,03854346;"SPRF-MG";"DEL03/MG";"UOP01-DEL03-MG"
768670;2026-05-01;"sexta-feira";"09:10:00";"SE";101;155,8;"ESTANCIA";"Velocidade Incompatível";"Colisão com objeto";"Sem Vítimas";"Pleno dia";"Crescente";"Chuva";"Simples";"Curva";"Não";1;0;0;0;1;0;0;1;-11,28677758;-37,46637695;"SPRF-SE";"DEL02-SE";"UOP01-DEL02-SE"
768680;2026-03-04;"quarta-feira";"15:17:00";"GO";153;352;"JARAGUA";"Velocidade Incompatível";"Colisão lateral sentido oposto";"Com Vítimas Feridas";"Pleno dia";"Crescente";"Chuva";"Simples";"Curva";"Não";4;0;0;2;1;1;2;3;-15,70964577;-49,33067322;"SPRF-GO";"DEL02/GO";"UOP02-DEL02-GO"
768694;2026-05-01;"sexta-feira";"10:00:00";"MT";163;105;"RONDONOPOLIS";"Condutor deixou de manter distância do veículo da frente";"Colisão traseira";"Com Vítimas Feridas";"Pleno dia";"Decrescente";"Céu Claro";"Dupla";"Aclive;Reta";"Não";3;0;1;0;1;3;1;5;-16,60643655;-54,69851017;"SPRF-MT";"DEL02/MT";"UOP01-DEL02-MT"
768704;2026-05-01;"sexta-feira";"11:20:00";"BA";116;713,6;"MANOEL VITORINO";"Condutor deixou de manter distância do veículo da frente";"Colisão lateral mesmo sentido";"Sem Vítimas";"Pleno dia";"Crescente";"Garoa/Chuvisco";"Simples";"Aclive;Reta";"Não";36;0;0;0;35;4;0;9;-14,17814;-40,26057;"SPRF-BA";"DEL08/BA";"UOP02-DEL08-BA"
768706;2026-05-01;"sexta-feira";"12:20:00";"ES";262;133,1;"BREJETUBA";"Ultrapassagem Indevida";"Saída de leito carroçável";"Com Vítimas Feridas";"Pleno dia";"Crescente";"Céu Claro";"Simples";"Reta;Declive";"Não";4;0;1;0;2;1;1;3;-20,244435;-41,316067;"SPRF-ES";"DEL01-ES";"UOP02-DEL01-ES"
768715;2026-05-01;"sexta-feira";"12:22:00";"RO";364;711;"PORTO VELHO";"Acessar a via sem observar a presença dos outros veículos";"Tombamento";"Com Vítimas Feridas";"Pleno dia";"Decrescente";"Céu Claro";"Dupla";"Reta;Retorno Regulamentado";"Sim";4;0;1;0;1;3;1;5;-8,78358201;-63,86214325;"SPRF-RO";"DEL01-RO";"UOP01-DEL01-RO"
768720;2026-05-01;"sexta-feira";"13:40:00";"RJ";493;121;"ITAGUAI";"Acessar a via sem observar a presença dos outros veículos";"Colisão lateral mesmo sentido";"Com Vítimas Feridas";"Pleno dia";"Decrescente";"Céu Claro";"Dupla";"Reta";"Não";2;0;1;0;1;0;1;2;-22,8881721;-43,8240411;"SPRF-RJ";"DEL03/RJ";"UOP01-DEL03-RJ"
768721;2026-05-01;"sexta-feira";"12:30:00";"PR";153;373;"RIO AZUL";"Carga excessiva e/ou mal acondicionada";"Colisão com objeto";"Sem Vítimas";"Pleno dia";"Crescente";"Céu Claro";"Simples";"Reta";"Não";6;0;0;0;4;2;0;4;-25,75427564;-50,82716882;"SPRF-PR";"DEL08/PR";"UOP02-DEL08-PR"
768728;2026-05-01;"sexta-feira";"15:50:00";"MA";316;357,4;"BACABAL";"Manobra de mudança de faixa";"Colisão lateral mesmo sentido";"Com Vítimas Feridas";"Pleno dia";"Decrescente";"Céu Claro";"Simples";"Curva";"Não";3;0;0;2;0;1;2;2;-4,230333;-44,815922;"SPRF-MA";"DEL02-MA";"UOP01-DEL02-MA"
768731;2026-05-01;"sexta-feira";"15:45:00";"ES";101;33;"CONCEICAO DA BARRA";"Ausência de reação do condutor";"Colisão traseira";"Com Vítimas Feridas";"Pleno dia";"Decrescente";"Céu Claro";"Simples";"Aclive;Reta";"Não";5;0;2;0;2;3;2;5;-18,44213833;-39,93240125;"SPRF-ES";"DEL04-ES";"UOP02-DEL04-ES"
768733;2026-03-01;"domingo";"23:30:00";"PA";222;128,5;"RONDON DO PARA";"Ausência de sinalização";"Colisão traseira";"Sem Vítimas";"Plena Noite";"Decrescente";"Céu Claro";"Simples";"Reta";"Não";4;0;0;0;1;3;0;4;-4,86578;-48,238367;"SPRF-PA";"DEL02/PA";"UOP02-DEL02-PA"
768734;2026-05-01;"sexta-feira";"12:00:00";"MT";163;108;"RONDONOPOLIS";"Reação tardia ou ineficiente do condutor";"Tombamento";"Com Vítimas Feridas";"Pleno dia";"Decrescente";"Céu Claro";"Dupla";"Reta";"Não";2;0;1;0;0;1;1;2;-16,5835673;-54,68890641;"SPRF-MT";"DEL02/MT";"UOP01-DEL02-MT"
768747;2026-05-01;"sexta-feira";"17:35:00";"GO";153;498;"GOIANIA";"Suicídio (presumido)";"Atropelamento de Pedestre";"Com Vítimas Fatais";"Pleno dia";"Crescente";"Céu Claro";"Dupla";"Reta";"Sim";3;1;0;0;1;1;0;3;-16,7002081;-49,23134414;"SPRF-GO";"DEL01/GO";"UOP01-DEL01-GO"
768748;2026-05-01;"sexta-feira";"13:40:00";"MA";316;566,4;"CAXIAS";"Ultrapassagem Indevida";"Colisão lateral sentido oposto";"Com Vítimas Feridas";"Pleno dia";"Decrescente";"Céu Claro";"Simples";"Reta";"Não";9;0;3;1;4;1;4;4;-4,90340337;-43,24410369;"SPRF-MA";"DEL03-MA";"UOP02-DEL03-MA"
768752;2026-05-01;"sexta-feira";"16:35:00";"RS";386;36;"FREDERICO WESTPHALEN";"Manobra de mudança de faixa";"Colisão lateral sentido oposto";"Com Vítimas Feridas";"Pleno dia";"Decrescente";"Céu Claro";"Simples";"Aclive;Curva";"Sim";3;0;2;0;1;0;2;2;-27,37578269;-53,39788763;"SPRF-RS";"DEL08/RS";"UOP02-DEL08-RS"
768757;2026-05-01;"sexta-feira";"16:16:00";"GO";60;331;"ACREUNA";"Ingestão de álcool pelo condutor";"Colisão lateral mesmo sentido";"Sem Vítimas";"Pleno dia";"Decrescente";"Céu Claro";"Dupla";"Aclive";"Não";3;0;0;0;2;1;0;2;-17,49570462;-50,45901823;"SPRF-GO";"DEL04/GO";"UOP02-DEL04-GO"
768759;2026-05-01;"sexta-feira";"16:30:00";"BA";242;297;"LAJEDINHO";"Reação tardia ou ineficiente do condutor";"Colisão transversal";"Com Vítimas Feridas";"Pleno dia";"Crescente";"Chuva";"Simples";"Curva;Declive";"Não";5;0;1;1;2;1;2;3;-12,445839;-40,858108;"SPRF-BA";"DEL06/BA";"UOP02-DEL06-BA"
768760;2026-05-01;"sexta-feira";"17:42:00";"SP";381;68;"MAIRIPORA";"Demais falhas mecânicas ou elétricas";"Incêndio";"Sem Vítimas";"Anoitecer";"Crescente";"Céu Claro";"Múltipla";"Aclive";"Não";1;0;0;0;1;0;0;1;-23,34487402;-46,57046106;"SPRF-SP";"DEL03/SP";"UOP01-DEL03-SP"
768763;2026-04-25;"sábado";"07:30:00";"MS";60;426,5;"SIDROLANDIA";"Acessar a via sem observar a presença dos outros veículos";"Colisão transversal";"Com Vítimas Feridas";"Pleno dia";"Crescente";"Céu Claro";"Dupla";"Rotatória;Reta;Interseção de Vias";"Sim";2;0;1;0;1;0;1;2;-20,94112077;-54,96489892;"SPRF-MS";"DEL01/MS";"UOP04-DEL01-MS"
768774;2026-05-01;"sexta-feira";"20:10:00";"RO";364;201;"PIMENTA BUENO";"Manobra de mudança de faixa";"Colisão lateral mesmo sentido";"Com Vítimas Feridas";"Plena Noite";"Crescente";"Céu Claro";"Simples";"Curva";"Sim";4;0;2;0;0;2;2;3;-11,641222;-61,197064;"SPRF-RO";"DEL02-RO";"UOP02-DEL02-RO"
768800;2026-05-01;"sexta-feira";"17:07:00";"SC";282;409,8;"CATANDUVAS";"Suicídio (presumido)";"Atropelamento de Pedestre";"Com Vítimas Fatais";"Pleno dia";"Decrescente";"Céu Claro";"Dupla";"Reta";"Sim";3;1;0;0;1;1;0;3;-27,06808;-51,66313;"SPRF-SC";"DEL07/SC";"UOP05-DEL07-SC"
768801;2026-05-01;"sexta-feira";"20:12:00";"BA";418;49;"CARAVELAS";"Transitar na contramão";"Colisão frontal";"Com Vítimas Fatais";"Plena Noite";"Crescente";"Céu Claro";"Simples";"Reta";"Não";3;1;0;0;1;3;0;5;-17,7293098;-39,5410113;"SPRF-BA";"DEL09/BA";"UOP02-DEL09-BA"
768805;2026-05-01;"sexta-feira";"16:45:00";"BA";116;203;"EUCLIDES DA CUNHA";"Ingestão de álcool pelo condutor";"Colisão transversal";"Com Vítimas Feridas";"Pleno dia";"Crescente";"Céu Claro";"Simples";"Aclive";"Não";3;0;0;2;0;1;2;2;-10,440672;-39,032095;"SPRF-BA";"DEL07/BA";"UOP03-DEL07-BA"
768810;2026-05-01;"sexta-feira";"20:50:00";"BA";324;356;"CAPIM GROSSO";"Ingestão de álcool pelo condutor";"Colisão frontal";"Com Vítimas Feridas";"Plena Noite";"Decrescente";"Nublado";"Simples";"Reta";"Não";3;0;0;1;1;1;1;3;-11,387954;-39,987982;"SPRF-BA";"DEL04/BA";"UOP02-DEL04-BA"
768832;2026-05-02;"sábado";"00:10:00";"MT";70;5;"BARRA DO GARCAS";"Ausência de reação do condutor";"Colisão traseira";"Com Vítimas Feridas";"Plena Noite";"Decrescente";"Céu Claro";"Dupla";"Reta";"Não";4;0;0;2;0;2;2;3;-15,87790837;-52,29114944;"SPRF-MT";"DEL07/MT";"UOP01-DEL07-MT"
768852;2026-05-02;"sábado";"03:50:00";"MG";381;490;"BETIM";"Ingestão de álcool pelo condutor";"Colisão traseira";"Sem Vítimas";"Plena Noite";"Decrescente";"Céu Claro";"Múltipla";"Reta;Declive";"Sim";3;0;0;0;1;2;0;3;-19,9564;-44,1429;"SPRF-MG";"DEL01/MG";"UOP03-DEL01-MG"
768853;2026-05-02;"sábado";"04:00:00";"BA";330;804;"JEQUIE";"Ausência de reação do condutor";"Colisão frontal";"Sem Vítimas";"Amanhecer";"Crescente";"Garoa/Chuvisco";"Simples";"Curva";"Não";2;0;0;0;0;2;0;2;-13,967702;-39,958262;"SPRF-BA";"DEL03/BA";"UOP01-DEL03-BA"
768855;2026-05-02;"sábado";"05:00:00";"BA";101;935;"MUCURI";"Reação tardia ou ineficiente do condutor";"Colisão traseira";"Com Vítimas Feridas";"Amanhecer";"Crescente";"Nevoeiro/Neblina";"Simples";"Reta";"Sim";3;0;2;0;0;3;2;5;-18,012108;-39,861629;"SPRF-BA";"DEL09/BA";"UOP02-DEL09-BA"
768856;2026-05-02;"sábado";"03:40:00";"PR";277;138;"CAMPO LARGO";"Reação tardia ou ineficiente do condutor";"Tombamento";"Com Vítimas Feridas";"Plena Noite";"Crescente";"Nublado";"Dupla";"Aclive;Reta";"Não";2;0;1;0;0;1;1;2;-25,462063;-49,647686;"SPRF-PR";"DEL01/PR";"UOP07-DEL01-PR"
768866;2026-05-02;"sábado";"04:20:00";"SC";470;194;"POUSO REDONDO";"Transitar na contramão";"Colisão frontal";"Com Vítimas Feridas";"Plena Noite";"Decrescente";"Garoa/Chuvisco";"Simples";"Aclive;Curva";"Não";4;0;0;2;1;2;2;4;-27,30339574;-50,07902455;"SPRF-SC";"DEL04/SC";"UOP02-DEL04-SC"
768870;2026-05-02;"sábado";"06:30:00";"BA";116;9,6;"VITORIA DA CONQUISTA";"Ausência de reação do condutor";"Tombamento";"Com Vítimas Fatais";"Pleno dia";"Crescente";"Nublado";"Simples";"Reta";"Sim";3;1;0;1;1;0;1;2;-14,856712;-40,878565;"SPRF-BA";"DEL08/BA";"UOP01-DEL08-BA"
768874;2026-03-15;"domingo";"09:40:00";"MG";116;144,9;"PONTO DOS VOLANTES";"Ausência de reação do condutor";"Tombamento";"Com Vítimas Feridas";"Pleno dia";"Decrescente";"Sol";"Simples";"Declive;Curva";"Não";2;0;1;0;0;1;1;2;-16,809734;-41,473478;"SPRF-MG";"DEL11/MG";"UOP02-DEL11-MG"
768875;2026-05-02;"sábado";"07:25:00";"RS";116;260,9;"CANOAS";"Reação tardia ou ineficiente do condutor";"Colisão com objeto";"Com Vítimas Feridas";"Pleno dia";"Crescente";"Nublado";"Dupla";"Reta";"Sim";3;0;1;0;1;1;1;3;-29,88487001;-51,1803291;"SPRF-RS";"DEL01/RS";"UOP01-DEL01-RS"
768876;2026-05-02;"sábado";"07:45:00";"SE";101;114,9;"ITAPORANGA DAJUDA";"Ausência de reação do condutor";"Tombamento";"Com Vítimas Feridas";"Pleno dia";"Decrescente";"Nublado";"Múltipla";"Curva";"Sim";2;0;0;1;0;1;1;2;-10,99930755;-37,30444579;"SPRF-SE";"DEL02-SE";"UOP01-DEL02-SE"
768881;2026-05-02;"sábado";"06:30:00";"PE";423;118;"PARANATAMA";"Ausência de reação do condutor";"Colisão traseira";"Com Vítimas Feridas";"Pleno dia";"Decrescente";"Nublado";"Simples";"Reta";"Não";6;0;1;0;4;1;1;3;-8,90903;-36,67619;"SPRF-PE";"DEL03/PE";"UOP01-DEL03-PE"
768887;2026-04-24;"sexta-feira";"11:05:00";"RS";116;263;"CANOAS";"Manobra de mudança de faixa";"Colisão lateral mesmo sentido";"Com Vítimas Feridas";"Pleno dia";"Decrescente";"Chuva";"Múltipla";"Viaduto;Reta;Declive";"Sim";4;0;1;0;2;1;1;3;-29,90410512;-51,17661693;"SPRF-RS";"DEL01/RS";"UOP01-DEL01-RS"
768894;2026-05-02;"sábado";"08:00:00";"MT";364;257,4;"JUSCIMEIRA";"Ausência de reação do condutor";"Colisão traseira";"Com Vítimas Feridas";"Pleno dia";"Decrescente";"Céu Claro";"Dupla";"Aclive;Reta";"Não";3;0;0;1;1;2;1;4;-16,05668981;-54,87388874;"SPRF-MT";"DEL02/MT";"UOP01-DEL02-MT"
768898;2026-05-02;"sábado";"09:15:00";"MG";381;277;"JAGUARACU";"Condutor deixou de manter distância do veículo da frente";"Colisão lateral mesmo sentido";"Sem Vítimas";"Pleno dia";"Crescente";"Céu Claro";"Simples";"Reta";"Não";3;0;0;0;2;1;0;3;-19,59652849;-42,74517661;"SPRF-MG";"DEL03/MG";"UOP02-DEL03-MG"
768903;2026-05-01;"sexta-feira";"19:00:00";"MG";251;209;"AGUAS VERMELHAS";"Ausência de reação do condutor";"Colisão lateral sentido oposto";"Com Vítimas Feridas";"Plena Noite";"Crescente";"Céu Claro";"Simples";"Declive;Reta";"Não";4;0;0;2;1;2;2;5;-15,88146958;-41,52450353;"SPRF-MG";"DEL12/MG";"UOP02-DEL12-MG"
768905;2026-05-02;"sábado";"08:30:00";"SC";116;107,2;"MONTE CASTELO";"Demais falhas mecânicas ou elétricas";"Incêndio";"Sem Vítimas";"Pleno dia";"Crescente";"Chuva";"Simples";"Aclive;Reta";"Não";2;0;0;0;1;2;0;3;-26,755475;-50,327852;"SPRF-SC";"DEL06/SC";"UOP02-DEL06-SC"
768924;2026-05-02;"sábado";"10:30:00";"PR";376;334;"ORTIGUEIRA";"Reação tardia ou ineficiente do condutor";"Tombamento";"Com Vítimas Feridas";"Pleno dia";"Crescente";"Céu Claro";"Simples";"Reta";"Não";2;0;1;0;0;1;1;2;-24,132078;-51,010519;"SPRF-PR";"DEL07/PR";"UOP02-DEL07-PR"
768930;2026-05-02;"sábado";"10:30:00";"PR";373;189;"PONTA GROSSA";"Reação tardia ou ineficiente do condutor";"Colisão lateral sentido oposto";"Com Vítimas Feridas";"Pleno dia";"Crescente";"Nublado";"Simples";"Aclive;Reta";"Não";4;0;1;0;2;3;1;6;-25,05354673;-50,32342784;"SPRF-PR";"DEL03/PR";"UOP01-DEL03-PR"
768939;2026-05-02;"sábado";"12:40:00";"RO";364;710;"PORTO VELHO";"Ultrapassagem Indevida";"Colisão lateral mesmo sentido";"Com Vítimas Feridas";"Pleno dia";"Decrescente";"Céu Claro";"Múltipla";"Reta";"Sim";4;0;1;0;1;2;1;4;-8,78506;-63,85986;"SPRF-RO";"DEL01-RO";"UOP01-DEL01-RO"
768941;2026-03-17;"terça-feira";"23:30:00";"PR";376;500;"PONTA GROSSA";"Pista Escorregadia";"Saída de leito carroçável";"Com Vítimas Feridas";"Plena Noite";"Decrescente";"Chuva";"Dupla";"Reta";"Não";2;0;1;0;0;1;1;2;-25,16994227;-50,11012173;"SPRF-PR";"DEL03/PR";"UOP03-DEL03-PR"
768949;2026-05-02;"sábado";"15:00:00";"MG";50;45;"ARAGUARI";"Ausência de reação do condutor";"Colisão traseira";"Com Vítimas Feridas";"Pleno dia";"Decrescente";"Sol";"Dupla";"Aclive;Reta";"Não";2;0;0;1;1;0;1;2;-18,71654884;-48,19935566;"SPRF-MG";"DEL15/MG";"UOP02-DEL15-MG"
768951;2026-05-02;"sábado";"15:20:00";"ES";101;362;"ANCHIETA";"Velocidade Incompatível";"Colisão transversal";"Com Vítimas Feridas";"Pleno dia";"Decrescente";"Céu Claro";"Simples";"Reta;Em Obras";"Não";6;0;2;3;1;0;5;2;-20,69032245;-40,68108559;"SPRF-ES";"DEL03-ES";"UOP01-DEL03-ES"
768953;2026-05-02;"sábado";"14:00:00";"PR";373;204;"IPIRANGA";"Ausência de reação do condutor";"Saída de leito carroçável";"Com Vítimas Feridas";"Pleno dia";"Decrescente";"Chuva";"Simples";"Reta";"Não";2;0;1;0;0;2;1;3;-25,09513075;-50,41655481;"SPRF-PR";"DEL03/PR";"UOP01-DEL03-PR"
768961;2026-05-02;"sábado";"15:23:00";"PE";232;53,1;"POMBOS";"Manobra de mudança de faixa";"Colisão lateral mesmo sentido";"Sem Vítimas";"Pleno dia";"Decrescente";"Chuva";"Dupla";"Reta";"Não";2;0;0;0;1;1;0;2;-8,12886428;-35,35572513;"SPRF-PE";"DEL02/PE";"UOP02-DEL02PE"
768965;2026-05-02;"sábado";"14:45:00";"MG";381;833;"SAO SEBASTIAO DA BELA VISTA";"Ausência de reação do condutor";"Colisão lateral mesmo sentido";"Com Vítimas Feridas";"Pleno dia";"Crescente";"Céu Claro";"Dupla";"Reta";"Não";3;0;1;0;1;2;1;4;-22,12353;-45,79426;"SPRF-MG";"DEL16/MG";"UOP01-DEL16-MG"
768976;2026-03-30;"segunda-feira";"09:10:00";"RS";158;261,4;"JULIO DE CASTILHOS";"Ausência de reação do condutor";"Colisão lateral sentido oposto";"Com Vítimas Feridas";"Pleno dia";"Decrescente";"Céu Claro";"Simples";"Reta";"Não";4;0;1;0;2;5;1;8;-29,213872;-53,671664;"SPRF-RS";"DEL10/RS";"UOP02-DEL10-RS"
768977;2026-05-02;"sábado";"17:30:00";"MG";50;177,1;"UBERABA";"Ausência de reação do condutor";"Colisão traseira";"Com Vítimas Feridas";"Pleno dia";"Crescente";"Céu Claro";"Dupla";"Reta;Declive";"Sim";4;0;2;0;1;2;2;4;-19,7787;-47,94918;"SPRF-MG";"DEL13/MG";"UOP01-DEL13-MG"
768983;2026-05-02;"sábado";"17:00:00";"PE";423;161;"AGUAS BELAS";"Acesso irregular";"Colisão transversal";"Com Vítimas Feridas";"Anoitecer";"Crescente";"Céu Claro";"Simples";"Reta";"Não";3;0;0;1;1;2;1;4;-9,094011;-36,9820017;"SPRF-PE";"DEL03/PE";"UOP01-DEL03-PE"
768990;2026-05-02;"sábado";"18:20:00";"SC";101;217,7;"PALHOCA";"Ausência de reação do condutor";"Colisão traseira";"Com Vítimas Feridas";"Plena Noite";"Crescente";"Nublado";"Múltipla";"Reta";"Sim";3;0;0;1;1;1;1;3;-27,673917;-48,67174;"SPRF-SC";"DEL01/SC";"UOP02-DEL01-SC"
768994;2026-05-02;"sábado";"18:30:00";"MG";267;232,9;"LIBERDADE";"Suicídio (presumido)";"Colisão frontal";"Com Vítimas Fatais";"Plena Noite";"Crescente";"Céu Claro";"Simples";"Ponte;Reta";"Não";2;1;0;0;1;0;0;2;-21,95139;-44,350478;"SPRF-MG";"DEL17/MG";"UOP01-DEL17-MG"
768997;2026-05-02;"sábado";"18:00:00";"BA";116;669;"JEQUIE";"Transitar na contramão";"Colisão frontal";"Com Vítimas Fatais";"Plena Noite";"Crescente";"Garoa/Chuvisco";"Simples";"Reta;Declive";"Sim";3;1;0;0;1;2;0;4;-13,911136;-40,1062;"SPRF-BA";"DEL03/BA";"UOP01-DEL03-BA"
769002;2026-05-02;"sábado";"18:40:00";"RS";285;464,5;"IJUI";"Desrespeitar a preferência no cruzamento";"Colisão transversal";"Com Vítimas Feridas";"Plena Noite";"Crescente";"Nublado";"Simples";"Rotatória";"Não";6;0;1;1;3;1;2;3;-28,40097989;-53,95538092;"SPRF-RS";"DEL10/RS";"UOP01-DEL10-RS"