"id";"data_inversa";"dia_semana";"horario";"uf";"br";"km";"municipio";"causa_acidente";"tipo_acidente";"classificacao_acidente";"fase_dia";"sentido_via";"condicao_metereologica";"tipo_pista";"tracado_via";"uso_solo";"pessoas";"mortos";"feridos_leves";"feridos_graves";"ilesos";"ignorados";"feridos";"veiculos";"latitude";"longitude";"regional";"delegacia";"uop"
770022;2026-05-07;"quinta-feira";"12:05:00";"PE";101;73,7;"RECIFE";"Acessar a via sem observar a presença dos outros veículos";"Colisão transversal";"Com Vítimas Feridas";"Pleno dia";"Decrescente";"Nublado";"Dupla";"Retorno Regulamentado";"Não";3;0;2;0;1;0;2;2;-8,099098;-34,949963;"SPRF-PE";"DEL01/PE";"UOP01-DEL01-PE"
770024;2026-05-07;"quinta-feira";"10:00:00";"MG";381;902,7;"CAMBUI";"Condutor deixou de manter distância do veículo da frente";"Tombamento";"Com Vítimas Feridas";"Pleno dia";"Decrescente";"Céu Claro";"Dupla";"Curva";"Não";3;0;1;0;1;1;1;3;-22,62835932;-46,07794047;"SPRF-MG";"DEL16/MG";"UOP03-DEL16-MG"
770028;2026-04-21;"terça-feira";"15:30:00";"PA";163;103;"ALTAMIRA";"Frear bruscamente";"Colisão traseira";"Com Vítimas Feridas";"Plena Noite";"Decrescente";"Nublado";"Simples";"Declive;Curva";"Não";3;0;1;0;1;6;1;8;-8,7301224;-54,9787027;"SPRF-MT";"DEL06/MT";"UOP03-DEL06-MT"
770036;2026-05-07;"quinta-feira";"13:10:00";"MT";364;308;"JACIARA";"Deficiência do Sistema de Iluminação/Sinalização";"Incêndio";"Sem Vítimas";"Pleno dia";"Crescente";"Céu Claro";"Dupla";"Reta";"Não";1;0;0;0;1;0;0;1;-15,81220367;-55,25713054;"SPRF-MT";"DEL05/MT";"UOP02-DEL05-MT"
770047;2026-05-07;"quinta-feira";"15:35:00";"RS";386;435;"NOVA SANTA RITA";"Acessar a via sem observar a presença dos outros veículos";"Colisão transversal";"Com Vítimas Feridas";"Pleno dia";"Crescente";"Nublado";"Dupla";"Reta;Rotatória";"Sim";2;0;0;1;1;0;1;2;-29,847801;-51,270729;"SPRF-RS";"DEL04/RS";"UOP02-DEL04-RS"
770048;2026-05-07;"quinta-feira";"12:30:00";"SP";116;514;"CAJATI";"Reação tardia ou ineficiente do condutor";"Tombamento";"Com Vítimas Feridas";"Pleno dia";"Decrescente";"Céu Claro";"Simples";"Curva;Declive";"Não";2;0;1;0;0;1;1;2;-24,863318;-48,214367;"SPRF-SP";"DEL05/SP";"UOP02-DEL05-SP"
770049;2026-05-07;"quinta-feira";"16:09:00";"SP";116;280;"EMBU DAS ARTES";"Ausência de reação do condutor";"Colisão traseira";"Com Vítimas Feridas";"Pleno dia";"Crescente";"Céu Claro";"Dupla";"Reta";"Sim";2;0;1;0;0;1;1;2;-23,64160927;-46,83751435;"SPRF-SP";"DEL04/SP";"UOP01-DEL04-SP"
770051;2026-05-07;"quinta-feira";"11:00:00";"PA";163;143;"ALTAMIRA";"Acessar a via sem observar a presença dos outros veículos";"Colisão transversal";"Com Vítimas Feridas";"Pleno dia";"Crescente";"Céu Claro";"Simples";"Aclive;Reta";"Não";3;0;1;0;1;3;1;5;-8,43936251;-55,11881087;"SPRF-MT";"DEL06/MT";"UOP03-DEL06-MT"
770056;2026-02-04;"quarta-feira";"09:35:00";"ES";101;255;"SERRA";"Condutor desrespeitou a iluminação vermelha do semáforo";"Colisão transversal";"Com Vítimas Feridas";"Pleno dia";"Crescente";"Céu Claro";"Simples";"Reta";"Sim";3;0;1;0;1;1;1;3;-20,11723727;-40,31480134;"SPRF-ES";"DEL02-ES";"UOP01-DEL02-ES"
770058;2026-05-07;"quinta-feira";"16:10:00";"SP";116;168,7;"JACAREI";"Reação tardia ou ineficiente do condutor";"Colisão traseira";"Com Vítimas Feridas";"Pleno dia";"Crescente";"Céu Claro";"Dupla";"Reta";"Não";4;0;2;0;1;1;2;3;-23,30681265;-46,04020206;"SPRF-SP";"DEL02/SP";"UOP01-DEL02-SP"
770068;2026-04-07;"terça-feira";"16:20:00";"BA";20;144;"SAO DESIDERIO";"Reação tardia ou ineficiente do condutor";"Tombamento";"Sem Vítimas";"Pleno dia";"Crescente";"Garoa/Chuvisco";"Dupla";"Curva";"Não";2;0;0;0;1;2;0;3;-12,68539;-45,93013;"SPRF-BA";"DEL10/BA";"UOP01-DEL10-BA"
770073;2026-05-07;"quinta-feira";"15:10:00";"SC";101;311,9;"LAGUNA";"Carga excessiva e/ou mal acondicionada";"Colisão com objeto";"Sem Vítimas";"Pleno dia";"Decrescente";"Céu Claro";"Dupla";"Declive;Curva";"Sim";2;0;0;0;1;1;0;2;-28,441298;-48,822513;"SPRF-SC";"DEL02/SC";"UOP01-DEL02-SC"
770078;2026-05-07;"quinta-feira";"17:48:00";"RO";425;126;"GUAJARA-MIRIM";"Desrespeitar a preferência no cruzamento";"Colisão lateral mesmo sentido";"Sem Vítimas";"Pleno dia";"Decrescente";"Céu Claro";"Simples";"Reta;Interseção de Vias";"Sim";2;0;0;0;2;0;0;2;-10,78639406;-65,34004927;"SPRF-RO";"DEL01-RO";"UOP03-DEL01-RO"
770081;2026-05-07;"quinta-feira";"15:30:00";"MG";116;665,2;"SAO FRANCISCO DO GLORIA";"Velocidade Incompatível";"Tombamento";"Com Vítimas Feridas";"Pleno dia";"Crescente";"Céu Claro";"Simples";"Curva";"Não";2;0;1;0;0;2;1;3;-20,83395515;-42,32210834;"SPRF-MG";"DEL07/MG";"UOP02-DEL07-MG"
770083;2026-05-07;"quinta-feira";"16:00:00";"PR";116;112;"CURITIBA";"Trafegar com motocicleta (ou similar) entre as faixas";"Colisão lateral mesmo sentido";"Com Vítimas Feridas";"Pleno dia";"Crescente";"Céu Claro";"Dupla";"Reta";"Não";3;0;1;0;1;1;1;3;-25,55306464;-49,27687733;"SPRF-PR";"DEL01/PR";"UOP03-DEL01-PR"
770093;2026-04-13;"segunda-feira";"12:09:00";"BA";324;530,1;"FEIRA DE SANTANA";"Reação tardia ou ineficiente do condutor";"Colisão traseira";"Com Vítimas Feridas";"Pleno dia";"Decrescente";"Chuva";"Múltipla";"Curva";"Não";3;0;2;0;0;1;2;2;-12,337162;-38,84939;"SPRF-BA";"DEL11/BA";"UOP02-DEL11-BA"
770094;2026-05-07;"quinta-feira";"18:55:00";"MS";262;439,4;"DOIS IRMAOS DO BURITI";"Reação tardia ou ineficiente do condutor";"Colisão traseira";"Com Vítimas Fatais";"Plena Noite";"Decrescente";"Céu Claro";"Simples";"Reta;Aclive";"Não";2;1;0;0;1;0;0;2;-20,51431;-55,36112;"SPRF-MS";"DEL03/MS";"UOP01-DEL03-MS"
770097;2026-05-07;"quinta-feira";"19:16:00";"GO";60;308;"ACREUNA";"Acessar a via sem observar a presença dos outros veículos";"Colisão transversal";"Com Vítimas Feridas";"Anoitecer";"Decrescente";"Céu Claro";"Dupla";"Retorno Regulamentado;Reta";"Sim";2;0;1;0;1;0;1;2;-17,38548399;-50,37400961;"SPRF-GO";"DEL04/GO";"UOP02-DEL04-GO"
770099;2026-05-07;"quinta-feira";"18:45:00";"MG";50;188;"UBERABA";"Objeto estático sobre o leito carroçável";"Colisão com objeto";"Com Vítimas Feridas";"Plena Noite";"Crescente";"Céu Claro";"Dupla";"Aclive;Reta";"Não";4;0;3;0;1;0;3;3;-19,839558;-47,880804;"SPRF-MG";"DEL13/MG";"UOP01-DEL13-MG"
770109;2026-05-07;"quinta-feira";"20:40:00";"MG";381;800;"SAO GONCALO DO SAPUCAI";"Velocidade Incompatível";"Tombamento";"Com Vítimas Feridas";"Plena Noite";"Crescente";"Céu Claro";"Dupla";"Curva";"Não";2;0;0;1;0;1;1;2;-21,920135;-45,609373;"SPRF-MG";"DEL16/MG";"UOP02-DEL16-MG"
770110;2026-05-07;"quinta-feira";"20:40:00";"SP";116;393;"MIRACATU";"Falta de elemento de contenção que evite a saída do leito carroçável";"Saída de leito carroçável";"Com Vítimas Feridas";"Plena Noite";"Decrescente";"Céu Claro";"Dupla";"Curva";"Não";4;0;2;0;2;0;2;3;-24,284667;-47,43882;"SPRF-SP";"DEL04/SP";"UOP02-DEL04-SP"
770113;2026-05-07;"quinta-feira";"18:00:00";"RJ";40;84;"DUQUE DE CAXIAS";"Problema com o freio";"Tombamento";"Com Vítimas Feridas";"Plena Noite";"Crescente";"Céu Claro";"Dupla";"Declive;Curva";"Não";2;0;1;0;1;0;1;2;-22,5221;-43,237632;"SPRF-RJ";"DEL01/RJ";"UOP01-DEL01-RJ"
770114;2026-05-07;"quinta-feira";"20:12:00";"SC";470;54,2;"BLUMENAU";"Mal súbito do condutor";"Colisão lateral sentido oposto";"Com Vítimas Feridas";"Plena Noite";"Crescente";"Céu Claro";"Simples";"Reta";"Não";4;0;1;0;2;1;1;4;-26,87194644;-49,11251156;"SPRF-SC";"DEL04/SC";"UOP01-DEL04-SC"
770115;2026-05-07;"quinta-feira";"19:50:00";"MG";116;502;"INHAPIM";"Transitar na contramão";"Colisão frontal";"Com Vítimas Feridas";"Plena Noite";"Crescente";"Céu Claro";"Simples";"Reta";"Não";2;0;0;1;1;0;1;2;-19,579685;-42,114808;"SPRF-MG";"DEL06/MG";"UOP02-DEL06-MG"
770116;2026-05-07;"quinta-feira";"18:55:00";"RO";364;342;"JI-PARANA";"Reação tardia ou ineficiente do condutor";"Colisão traseira";"Com Vítimas Feridas";"Plena Noite";"Crescente";"Céu Claro";"Dupla";"Reta";"Sim";3;0;0;1;2;0;1;3;-10,88166979;-61,94068193;"SPRF-RO";"DEL02-RO";"UOP01-DEL02-RO"
770118;2026-05-07;"quinta-feira";"19:50:00";"MG";40;70;"PARACATU";"Condutor deixou de manter distância do veículo da frente";"Colisão traseira";"Com Vítimas Feridas";"Plena Noite";"Decrescente";"Céu Claro";"Simples";"Aclive;Reta";"Não";2;0;1;1;0;0;2;2;-17,398843;-46,729382;"SPRF-MG";"DEL14/MG";"UOP01-DEL14-MG"
770121;2026-05-07;"quinta-feira";"22:00:00";"RS";290;101;"PORTO ALEGRE";"Pedestre - Ingestão de álcool/ substâncias psicoativas";"Atropelamento de Pedestre";"Com Vítimas Fatais";"Plena Noite";"Decrescente";"Nublado";"Simples";"Reta";"Sim";4;1;0;0;0;3;0;2;-29,98664628;-51,25426769;"SPRF-RS";"DEL01/RS";"UOP01-DEL01-RS"
770132;2026-05-07;"quinta-feira";"19:00:00";"MT";163;869;"SINOP";"Acostamento em desnível";"Saída de leito carroçável";"Com Vítimas Feridas";"Plena Noite";"Decrescente";"Céu Claro";"Simples";"Reta";"Não";2;0;1;0;0;2;1;3;-11,567661;-55,4096;"SPRF-MT";"DEL06/MT";"UOP02-DEL06-MT"
770134;2026-05-07;"quinta-feira";"22:30:00";"GO";40;33;"LUZIANIA";"Condutor deixou de manter distância do veículo da frente";"Colisão traseira";"Com Vítimas Fatais";"Plena Noite";"Decrescente";"Céu Claro";"Dupla";"Reta";"Não";3;1;0;0;2;0;0;2;-16,294179;-47,850481;"SPRF-DF";"DEL01-DF";"UOP01-DEL01-DF"
770140;2026-05-08;"sexta-feira";"01:15:00";"BA";407;230;"CAPIM GROSSO";"Ingestão de álcool pelo condutor";"Colisão transversal";"Com Vítimas Fatais";"Plena Noite";"Decrescente";"Céu Claro";"Simples";"Curva";"Sim";4;1;1;0;2;0;1;3;-11,37284;-40,00751;"SPRF-BA";"DEL04/BA";"UOP02-DEL04-BA"
770142;2026-05-08;"sexta-feira";"01:05:00";"PI";343;177;"PIRIPIRI";"Condutor Dormindo";"Tombamento";"Com Vítimas Feridas";"Plena Noite";"Decrescente";"Céu Claro";"Simples";"Reta";"Não";2;0;0;1;0;1;1;2;-4,21958;-41,7753666;"SPRF-PI";"DEL02-PI";"UOP01-DEL02-PI"
770146;2026-05-08;"sexta-feira";"04:58:00";"SC";101;202;"SAO JOSE";"Ausência de reação do condutor";"Colisão traseira";"Sem Vítimas";"Plena Noite";"Crescente";"Céu Claro";"Múltipla";"Reta";"Não";2;0;0;0;2;0;0;2;-27,55985916;-48,61720026;"SPRF-SC";"DEL01/SC";"UOP01-DEL01-SC"
770148;2026-05-08;"sexta-feira";"04:15:00";"AL";104;44;"UNIAO DOS PALMARES";"Acumulo de água sobre o pavimento";"Saída de leito carroçável";"Com Vítimas Feridas";"Amanhecer";"Crescente";"Chuva";"Simples";"Declive;Curva";"Não";2;0;1;0;1;0;1;1;-9,19906525;-36,03158824;"SPRF-AL";"DEL01-AL";"UOP02-DEL01-AL"
770164;2026-05-08;"sexta-feira";"07:05:00";"SP";116;288;"ITAPECERICA DA SERRA";"Ausência de reação do condutor";"Colisão com objeto";"Com Vítimas Feridas";"Pleno dia";"Decrescente";"Céu Claro";"Dupla";"Reta";"Não";1;0;0;1;0;0;1;1;-23,7063972;-46,87405299;"SPRF-SP";"DEL04/SP";"UOP01-DEL04-SP"
770169;2026-05-08;"sexta-feira";"06:30:00";"MG";381;314;"NOVA ERA";"Reação tardia ou ineficiente do condutor";"Colisão traseira";"Com Vítimas Feridas";"Pleno dia";"Decrescente";"Nublado";"Simples";"Aclive";"Não";3;0;1;0;1;1;1;3;-19,69374;-42,99335;"SPRF-MG";"DEL03/MG";"UOP02-DEL03-MG"
770170;2026-05-08;"sexta-feira";"07:37:00";"SP";116;210;"GUARULHOS";"Reação tardia ou ineficiente do condutor";"Colisão lateral mesmo sentido";"Com Vítimas Feridas";"Pleno dia";"Crescente";"Céu Claro";"Múltipla";"Reta";"Sim";3;0;1;0;2;0;1;3;-23,43012979;-46,41469812;"SPRF-SP";"DEL01/SP";"UOP01-DEL01-SP"
770171;2026-04-22;"quarta-feira";"16:03:00";"TO";153;176;"ARAGUAINA";"Condutor Dormindo";"Saída de leito carroçável";"Sem Vítimas";"Pleno dia";"Decrescente";"Céu Claro";"Simples";"Declive;Reta";"Não";3;0;0;0;1;3;0;4;-7,46293841;-48,37297572;"SPRF-TO";"DEL02-TO";"UOP01-DEL02-TO"
770179;2026-05-08;"sexta-feira";"05:20:00";"BA";101;923;"TEIXEIRA DE FREITAS";"Transitar na contramão";"Colisão frontal";"Com Vítimas Fatais";"Amanhecer";"Decrescente";"Céu Claro";"Simples";"Reta";"Não";18;1;12;3;0;3;15;5;-17,596398;-39,749318;"SPRF-BA";"DEL09/BA";"UOP02-DEL09-BA"
770184;2026-05-08;"sexta-feira";"08:00:00";"MG";381;499;"BETIM";"Ausência de reação do condutor";"Colisão lateral mesmo sentido";"Com Vítimas Feridas";"Pleno dia";"Decrescente";"Céu Claro";"Simples";"Reta";"Sim";2;0;1;0;1;0;1;2;-19,99527339;-44,20786707;"SPRF-MG";"DEL01/MG";"UOP03-DEL01-MG"
770190;2026-05-07;"quinta-feira";"23:00:00";"RJ";116;222;"PARACAMBI";"Ausência de reação do condutor";"Colisão traseira";"Sem Vítimas";"Plena Noite";"Decrescente";"Céu Claro";"Dupla";"Reta";"Não";2;0;0;0;2;0;0;2;-22,689136;-43,797064;"SPRF-RJ";"DEL06/RJ";"UOP02-DEL06-RJ"
770193;2026-05-08;"sexta-feira";"08:30:00";"BA";101;912;"NOVA VICOSA";"Acessar a via sem observar a presença dos outros veículos";"Colisão transversal";"Com Vítimas Fatais";"Pleno dia";"Crescente";"Nublado";"Simples";"Declive;Reta";"Sim";3;1;1;0;1;0;1;2;-17,82887525;-39,79621109;"SPRF-BA";"DEL09/BA";"UOP02-DEL09-BA"
770194;2026-05-08;"sexta-feira";"05:00:00";"MA";230;35,9;"BARAO DE GRAJAU";"Ausência de reação do condutor";"Saída de leito carroçável";"Com Vítimas Feridas";"Amanhecer";"Decrescente";"Céu Claro";"Simples";"Aclive;Reta";"Não";2;0;1;0;0;3;1;4;-6,674653;-43,302833;"SPRF-PI";"DEL03-PI";"UOP01-DEL03-PI"
770199;2026-04-22;"quarta-feira";"08:00:00";"MG";381;423,4;"CAETE";"Reação tardia ou ineficiente do condutor";"Tombamento";"Com Vítimas Feridas";"Pleno dia";"Decrescente";"Céu Claro";"Simples";"Curva;Declive";"Não";3;0;2;0;0;1;2;2;-19,78705713;-43,68644714;"SPRF-MG";"DEL01/MG";"UOP01-DEL01-MG"
770201;2026-05-08;"sexta-feira";"06:30:00";"PA";316;111;"SANTA MARIA DO PARA";"Desrespeitar a preferência no cruzamento";"Colisão transversal";"Com Vítimas Feridas";"Pleno dia";"Crescente";"Céu Claro";"Simples";"Curva;Interseção de Vias";"Não";5;0;3;0;1;1;3;3;-1,316575;-47,510765;"SPRF-PA";"DEL01/PA";"UOP02-DEL01-PA"
770202;2026-05-08;"sexta-feira";"09:40:00";"GO";40;6;"VALPARAISO DE GOIAS";"Manobra de mudança de faixa";"Colisão lateral mesmo sentido";"Com Vítimas Feridas";"Pleno dia";"Decrescente";"Céu Claro";"Dupla";"Reta";"Sim";6;0;4;0;0;2;4;3;-16,104869;-47,974657;"SPRF-DF";"DEL01-DF";"UOP01-DEL01-DF"
770204;2026-05-07;"quinta-feira";"21:30:00";"RJ";116;147;"DUQUE DE CAXIAS";"Demais falhas mecânicas ou elétricas";"Eventos atípicos";"Com Vítimas Fatais";"Plena Noite";"Crescente";"Céu Claro";"Dupla";"Reta";"Não";2;1;0;0;0;1;0;2;-22,671611;-43,282933;"SPRF-RJ";"DEL01/RJ";"UOP02-DEL01-RJ"
770207;2026-05-08;"sexta-feira";"08:38:00";"PE";101;43;"IGARASSU";"Acessar a via sem observar a presença dos outros veículos";"Colisão transversal";"Com Vítimas Feridas";"Pleno dia";"Crescente";"Céu Claro";"Múltipla";"Reta";"Não";2;0;0;1;1;0;1;2;-7,84708033;-34,91010261;"SPRF-PE";"DEL01/PE";"UOP02-DEL01-PE"
770209;2026-05-08;"sexta-feira";"08:00:00";"SP";101;50,3;"UBATUBA";"Reação tardia ou ineficiente do condutor";"Engavetamento";"Com Vítimas Fatais";"Pleno dia";"Decrescente";"Céu Claro";"Simples";"Reta";"Sim";3;1;0;0;2;0;0;3;-23,44884483;-45,07886623;"SPRF-SP";"DEL06/SP";"UOP01-DEL06-SP"
770212;2026-05-08;"sexta-feira";"10:35:00";"MG";153;188;"FRUTAL";"Transitar na contramão";"Colisão frontal";"Com Vítimas Feridas";"Pleno dia";"Crescente";"Céu Claro";"Simples";"Curva;Declive";"Não";3;0;0;2;1;0;2;2;-19,86870776;-48,97185802;"SPRF-MG";"DEL13/MG";"UOP02-DEL13-MG"
770214;2026-05-08;"sexta-feira";"07:30:00";"ES";101;233;"FUNDAO";"Ausência de reação do condutor";"Saída de leito carroçável";"Com Vítimas Feridas";"Pleno dia";"Decrescente";"Céu Claro";"Simples";"Reta";"Não";2;0;1;0;0;1;1;2;-19,960067;-40,40715;"SPRF-ES";"DEL02-ES";"UOP01-DEL02-ES"
770216;2026-05-08;"sexta-feira";"07:40:00";"MG";50;166;"MARTINHO CAMPOS";"Manobra de mudança de faixa";"Colisão traseira";"Com Vítimas Feridas";"Pleno dia";"Decrescente";"Céu Claro";"Dupla";"Reta";"Não";2;0;1;0;1;0;1;2;-19,3713974;-45,21354675;"SPRF-MG";"DEL13/MG";"UOP01-DEL13-MG"
770217;2026-05-08;"sexta-feira";"07:35:00";"MS";262;359,9;"CAMPO GRANDE";"Fumaça";"Colisão traseira";"Com Vítimas Feridas";"Pleno dia";"Crescente";"Nublado";"Simples";"Reta";"Não";10;0;1;0;8;2;1;9;-20,527614;-54,70811;"SPRF-MS";"DEL01/MS";"UOP03-DEL01-MS"
770223;2026-05-08;"sexta-feira";"10:00:00";"BA";242;858;"BARREIRAS";"Acessar a via sem observar a presença dos outros veículos";"Colisão lateral mesmo sentido";"Com Vítimas Feridas";"Pleno dia";"Crescente";"Sol";"Simples";"Reta";"Não";3;0;0;1;1;3;1;5;-12,10305;-45,33367;"SPRF-BA";"DEL10/BA";"UOP01-DEL10-BA"
770224;2026-05-08;"sexta-feira";"11:00:00";"PR";277;436,2;"VIRMOND";"Chuva";"Saída de leito carroçável";"Com Vítimas Feridas";"Pleno dia";"Decrescente";"Chuva";"Simples";"Declive;Curva";"Não";2;0;2;0;0;0;2;1;-25,376138;-52,215568;"SPRF-PR";"DEL04/PR";"UOP02-DEL04-PR"
770226;2026-05-08;"sexta-feira";"11:20:00";"MG";40;773,8;"JUIZ DE FORA";"Ausência de reação do condutor";"Tombamento";"Com Vítimas Feridas";"Pleno dia";"Decrescente";"Céu Claro";"Simples";"Reta;Em Obras";"Não";2;0;2;0;0;0;2;1;-21,62881829;-43,44541222;"SPRF-MG";"DEL05/MG";"UOP01-DEL05-MG"
770227;2026-03-08;"domingo";"00:40:00";"MG";381;926;"ITAPEVA";"Demais Fenômenos da natureza";"Incêndio";"Sem Vítimas";"Plena Noite";"Decrescente";"Chuva";"Dupla";"Reta";"Sim";2;0;0;0;1;1;0;2;-22,77098065;-46,20198796;"SPRF-MG";"DEL16/MG";"UOP03-DEL16-MG"
770228;2026-05-08;"sexta-feira";"11:15:00";"SC";470;125;"LONTRAS";"Reação tardia ou ineficiente do condutor";"Colisão traseira";"Com Vítimas Feridas";"Pleno dia";"Crescente";"Nublado";"Simples";"Reta;Retorno Regulamentado";"Sim";3;0;1;0;1;2;1;4;-27,12326021;-49,53666184;"SPRF-SC";"DEL04/SC";"UOP02-DEL04-SC"
770230;2026-05-08;"sexta-feira";"12:20:00";"BA";242;883;"BARREIRAS";"Ultrapassagem Indevida";"Colisão frontal";"Com Vítimas Fatais";"Pleno dia";"Decrescente";"Sol";"Simples";"Reta";"Não";3;1;0;0;1;3;0;5;-12,06798;-45,56395;"SPRF-BA";"DEL10/BA";"UOP01-DEL10-BA"
770231;2026-05-08;"sexta-feira";"12:00:00";"SC";101;217;"PALHOCA";"Manobra de mudança de faixa";"Colisão transversal";"Com Vítimas Feridas";"Pleno dia";"Crescente";"Céu Claro";"Simples";"Rotatória;Reta";"Não";3;0;1;0;1;2;1;4;-27,670787;-48,672318;"SPRF-SC";"DEL01/SC";"UOP02-DEL01-SC"
770237;2026-05-08;"sexta-feira";"08:25:00";"MA";10;253,3;"IMPERATRIZ";"Desrespeitar a preferência no cruzamento";"Colisão transversal";"Com Vítimas Feridas";"Pleno dia";"Crescente";"Sol";"Simples";"Reta;Interseção de Vias";"Sim";2;0;1;0;1;0;1;2;-5,524295;-47,471437;"SPRF-MA";"DEL04-MA";"UOP01-DEL04-MA"
770241;2026-05-08;"sexta-feira";"12:25:00";"PE";104;64;"CARUARU";"Reação tardia ou ineficiente do condutor";"Colisão com objeto";"Sem Vítimas";"Pleno dia";"Crescente";"Céu Claro";"Dupla";"Reta;Declive;Viaduto";"Sim";1;0;0;0;1;0;0;1;-8,26593419;-35,97795932;"SPRF-PE";"DEL02/PE";"UOP01-DEL02-PE"
770244;2026-05-08;"sexta-feira";"11:30:00";"MT";174;138;"MIRASSOL DOESTE";"Falta de acostamento";"Saída de leito carroçável";"Com Vítimas Feridas";"Pleno dia";"Decrescente";"Céu Claro";"Simples";"Reta;Aclive";"Não";3;0;2;0;0;1;2;2;-15,825728;-58,074517;"SPRF-MT";"DEL03/MT";"UOP01-DEL03-MT"
770245;2026-05-08;"sexta-feira";"14:10:00";"MG";116;625;"ORIZANIA";"Condutor Dormindo";"Colisão frontal";"Com Vítimas Feridas";"Pleno dia";"Crescente";"Nublado";"Simples";"Reta";"Não";4;0;1;0;2;1;1;3;-20,5525;-42,20849;"SPRF-MG";"DEL07/MG";"UOP02-DEL07-MG"
770246;2026-05-08;"sexta-feira";"12:00:00";"RS";285;300,4;"PASSO FUNDO";"Condutor usando celular";"Colisão lateral sentido oposto";"Com Vítimas Feridas";"Pleno dia";"Crescente";"Sol";"Simples";"Reta";"Sim";4;0;0;1;2;2;1;5;-28,228294;-52,444058;"SPRF-RS";"DEL08/RS";"UOP03-DEL08-RS"
770251;2026-05-08;"sexta-feira";"14:40:00";"RS";448;15;"CANOAS";"Condutor deixou de manter distância do veículo da frente";"Colisão traseira";"Com Vítimas Feridas";"Pleno dia";"Crescente";"Céu Claro";"Dupla";"Reta";"Sim";3;0;1;0;2;0;1;3;-29,92341915;-51,2289364;"SPRF-RS";"DEL01/RS";"UOP01-DEL01-RS"
770254;2026-04-29;"quarta-feira";"19:10:00";"SP";116;513;"CAJATI";"Reação tardia ou ineficiente do condutor";"Colisão traseira";"Com Vítimas Feridas";"Plena Noite";"Decrescente";"Chuva";"Simples";"Declive;Curva";"Não";2;0;0;1;1;0;1;2;-24,857847;-48,211793;"SPRF-SP";"DEL05/SP";"UOP02-DEL05-SP"
770255;2026-05-08;"sexta-feira";"16:45:00";"PR";277;3,1;"PARANAGUA";"Reação tardia ou ineficiente do condutor";"Colisão lateral mesmo sentido";"Com Vítimas Feridas";"Pleno dia";"Decrescente";"Chuva";"Dupla";"Reta";"Não";3;0;1;0;1;2;1;4;-25,542288;-48,538827;"SPRF-PR";"DEL01/PR";"UOP05-DEL01-PR"
770256;2026-05-08;"sexta-feira";"09:20:00";"BA";235;58;"JEREMOABO";"Chuva";"Colisão frontal";"Com Vítimas Feridas";"Pleno dia";"Decrescente";"Chuva";"Simples";"Reta";"Não";3;0;3;0;0;0;3;2;-10,08526489;-38,27932533;"SPRF-SE";"DEL01-SE";"UOP02-DEL01-SE"
770258;2026-05-08;"sexta-feira";"18:40:00";"MG";116;802;"ALEM PARAIBA";"Reação tardia ou ineficiente do condutor";"Engavetamento";"Com Vítimas Feridas";"Plena Noite";"Decrescente";"Céu Claro";"Simples";"Reta;Em Obras";"Não";4;0;1;0;2;1;1;3;-21,781985;-42,722834;"SPRF-MG";"DEL07/MG";"UOP01-DEL07-MG"
770259;2026-05-08;"sexta-feira";"11:50:00";"RJ";116;305;"RESENDE";"Pedestre andava na pista";"Atropelamento de Pedestre";"Com Vítimas Fatais";"Pleno dia";"Crescente";"Céu Claro";"Dupla";"Reta";"Sim";3;1;0;0;1;1;0;3;-22,45958108;-44,43145752;"SPRF-RJ";"DEL07/RJ";"UOP02-DEL07-RJ"
770261;2026-05-08;"sexta-feira";"14:40:00";"RJ";393;298;"BARRA MANSA";"Ultrapassagem Indevida";"Colisão lateral mesmo sentido";"Com Vítimas Feridas";"Pleno dia";"Decrescente";"Céu Claro";"Simples";"Reta";"Sim";2;0;1;0;1;0;1;2;-22,53589327;-44,1154586;"SPRF-RJ";"DEL07/RJ";"UOP02-DEL07-RJ"
770265;2026-05-08;"sexta-feira";"19:00:00";"PE";101;69,8;"RECIFE";"Trafegar com motocicleta (ou similar) entre as faixas";"Colisão lateral mesmo sentido";"Com Vítimas Feridas";"Plena Noite";"Decrescente";"Garoa/Chuvisco";"Dupla";"Aclive;Viaduto;Reta";"Sim";3;0;2;0;0;1;2;2;-8,0661;-34,94333;"SPRF-PE";"DEL01/PE";"UOP01-DEL01-PE"
770269;2026-05-08;"sexta-feira";"16:40:00";"CE";116;15;"FORTALEZA";"Acessar a via sem observar a presença dos outros veículos";"Colisão traseira";"Sem Vítimas";"Pleno dia";"Crescente";"Céu Claro";"Dupla";"Reta";"Sim";3;0;0;0;2;1;0;3;-3,87426321;-38,49963427;"SPRF-CE";"DEL01/CE";"UOP02-DEL01-CE"
770284;2026-05-08;"sexta-feira";"14:47:00";"CE";222;31;"CAUCAIA";"Reação tardia ou ineficiente do condutor";"Colisão com objeto";"Com Vítimas Feridas";"Pleno dia";"Crescente";"Chuva";"Múltipla";"Reta";"Sim";1;0;1;0;0;0;1;1;-3,710306;-38,828225;"SPRF-CE";"DEL01/CE";"UOP01-DEL01-CE"
770289;2026-05-08;"sexta-feira";"15:13:00";"MG";50;6;"UBERLANDIA";"Condutor deixou de manter distância do veículo da frente";"Colisão lateral mesmo sentido";"Com Vítimas Feridas";"Pleno dia";"Decrescente";"Céu Claro";"Dupla";"Curva";"Não";2;0;1;0;1;0;1;2;-18,85917;-48,207962;"SPRF-MG";"DEL15/MG";"UOP01-DEL15-MG"