"id";"data_inversa";"dia_semana";"horario";"uf";"br";"km";"municipio";"causa_acidente";"tipo_acidente";"classificacao_acidente";"fase_dia";"sentido_via";"condicao_metereologica";"tipo_pista";"tracado_via";"uso_solo";"pessoas";"mortos";"feridos_leves";"feridos_graves";"ilesos";"ignorados";"feridos";"veiculos";"latitude";"longitude";"regional";"delegacia";"uop"
770294;2026-05-08;"sexta-feira";"20:20:00";"PE";101;4,3;"GOIANA";"Manobra de mudança de faixa";"Colisão traseira";"Com Vítimas Feridas";"Plena Noite";"Decrescente";"Nublado";"Dupla";"Reta;Aclive";"Não";3;0;1;0;2;0;1;2;-7,52311444;-34,99422563;"SPRF-PE";"DEL01/PE";"UOP02-DEL01-PE"
770295;2026-05-08;"sexta-feira";"16:30:00";"SP";381;79;"MAIRIPORA";"Frear bruscamente";"Derramamento de carga";"Sem Vítimas";"Pleno dia";"Decrescente";"Céu Claro";"Dupla";"Reta";"Sim";2;0;0;0;1;1;0;2;-23,3527596;-46,55527689;"SPRF-SP";"DEL03/SP";"UOP01-DEL03-SP"
770301;2026-05-08;"sexta-feira";"21:00:00";"SC";101;116,2;"ITAJAI";"Pedestre andava na pista";"Atropelamento de Pedestre";"Com Vítimas Fatais";"Plena Noite";"Crescente";"Chuva";"Dupla";"Reta";"Não";2;1;0;0;1;0;0;2;-26,880409;-48,725413;"SPRF-SC";"DEL04/SC";"UOP04-DEL04-SC"
770304;2026-05-08;"sexta-feira";"16:15:00";"SC";101;49,7;"JOINVILLE";"Manobra de mudança de faixa";"Colisão lateral mesmo sentido";"Com Vítimas Feridas";"Pleno dia";"Crescente";"Garoa/Chuvisco";"Múltipla";"Interseção de Vias";"Não";4;0;1;0;3;0;1;3;-26,38615557;-48,84585707;"SPRF-SC";"DEL03/SC";"UOP01-DEL03-SC"
770306;2026-05-08;"sexta-feira";"20:15:00";"BA";116;10,9;"VITORIA DA CONQUISTA";"Condutor deixou de manter distância do veículo da frente";"Colisão traseira";"Com Vítimas Feridas";"Plena Noite";"Crescente";"Céu Claro";"Simples";"Curva;Aclive";"Sim";7;0;1;0;5;2;1;5;-14,866966;-40,871905;"SPRF-BA";"DEL08/BA";"UOP01-DEL08-BA"
770316;2026-05-08;"sexta-feira";"11:15:00";"MS";163;570;"BANDEIRANTES";"Demais falhas mecânicas ou elétricas";"Incêndio";"Sem Vítimas";"Pleno dia";"Decrescente";"Nublado";"Simples";"Aclive;Reta";"Não";3;0;0;0;2;2;0;3;-19,7227972;-54,3519586;"SPRF-MS";"DEL01/MS";"UOP02-DEL01-MS"
770318;2026-05-08;"sexta-feira";"19:30:00";"PR";376;618;"SAO JOSE DOS PINHAIS";"Reação tardia ou ineficiente do condutor";"Saída de leito carroçável";"Com Vítimas Feridas";"Plena Noite";"Decrescente";"Chuva";"Dupla";"Reta";"Sim";4;0;1;0;2;1;1;3;-25,606517;-49,172275;"SPRF-PR";"DEL01/PR";"UOP04-DEL01-PR"
770323;2026-05-08;"sexta-feira";"20:49:00";"RN";406;83,9;"JOAO CAMARA";"Demais falhas mecânicas ou elétricas";"Incêndio";"Sem Vítimas";"Plena Noite";"Decrescente";"Nublado";"Simples";"Reta";"Não";1;0;0;0;1;0;0;1;-5,446847;-35,955638;"SPRF-RN";"DEL02-RN";"UOP01-DEL02-RN"
770325;2026-05-08;"sexta-feira";"15:00:00";"MS";163;620;"SAO GABRIEL DO OESTE";"Ausência de reação do condutor";"Colisão traseira";"Com Vítimas Feridas";"Pleno dia";"Decrescente";"Céu Claro";"Dupla";"Reta";"Não";4;0;1;0;2;1;1;3;-19,35796473;-54,59109731;"SPRF-MS";"DEL06/MS";"UOP02-DEL06-MS"
770327;2026-05-08;"sexta-feira";"18:30:00";"RN";304;103;"PARNAMIRIM";"Ausência de reação do condutor";"Colisão traseira";"Sem Vítimas";"Plena Noite";"Crescente";"Chuva";"Múltipla";"Reta";"Sim";2;0;0;0;2;0;0;2;-5,89053055;-35,25105;"SPRF-RN";"DEL04-RN";"UOP01-DEL04-RN"
770334;2026-05-08;"sexta-feira";"12:00:00";"MG";116;274,3;"TEOFILO OTONI";"Ausência de reação do condutor";"Colisão com objeto";"Sem Vítimas";"Pleno dia";"Decrescente";"Céu Claro";"Simples";"Reta";"Sim";1;0;0;0;1;0;0;1;-17,836686;-41,511936;"SPRF-MG";"DEL11/MG";"UOP01-DEL11-MG"
770343;2026-05-08;"sexta-feira";"22:00:00";"RJ";116;334;"RESENDE";"Acessar a via sem observar a presença dos outros veículos";"Colisão traseira";"Com Vítimas Feridas";"Plena Noite";"Crescente";"Céu Claro";"Dupla";"Curva";"Não";3;0;1;0;1;1;1;3;-22,50070166;-44,6669159;"SPRF-RJ";"DEL07/RJ";"UOP02-DEL07-RJ"
770346;2026-05-08;"sexta-feira";"21:15:00";"RJ";40;120;"DUQUE DE CAXIAS";"Ausência de reação do condutor";"Colisão lateral mesmo sentido";"Com Vítimas Feridas";"Plena Noite";"Decrescente";"Céu Claro";"Dupla";"Reta";"Não";4;0;1;0;3;0;1;4;-22,77491529;-43,28670502;"SPRF-RJ";"DEL01/RJ";"UOP02-DEL01-RJ"
770352;2026-05-08;"sexta-feira";"16:50:00";"PA";316;100;"IGARAPE-ACU";"Acumulo de água sobre o pavimento";"Colisão traseira";"Sem Vítimas";"Anoitecer";"Crescente";"Chuva";"Simples";"Reta";"Não";3;0;0;0;1;2;0;3;-1,330783;-47,627855;"SPRF-PA";"DEL01/PA";"UOP02-DEL01-PA"
770358;2026-05-08;"sexta-feira";"21:10:00";"SC";282;509,1;"XANXERE";"Ingestão de álcool pelo condutor";"Colisão frontal";"Com Vítimas Feridas";"Plena Noite";"Decrescente";"Céu Claro";"Simples";"Reta";"Não";2;0;1;0;1;0;1;2;-26,889532;-52,455888;"SPRF-SC";"DEL07/SC";"UOP01-DEL07-SC"
770359;2026-05-08;"sexta-feira";"22:20:00";"PR";376;353;"ORTIGUEIRA";"Condutor deixou de manter distância do veículo da frente";"Colisão traseira";"Com Vítimas Feridas";"Plena Noite";"Decrescente";"Chuva";"Simples";"Reta";"Não";4;0;2;0;1;1;2;3;-24,25040791;-50,90377808;"SPRF-PR";"DEL07/PR";"UOP02-DEL07-PR"
770361;2026-05-08;"sexta-feira";"20:19:00";"MT";163;785;"SORRISO";"Transitar na contramão";"Colisão lateral sentido oposto";"Com Vítimas Feridas";"Plena Noite";"Crescente";"Céu Claro";"Simples";"Reta";"Não";4;0;1;0;2;2;1;5;-12,30553;-55,57516667;"SPRF-MT";"DEL06/MT";"UOP02-DEL06-MT"
770368;2026-05-08;"sexta-feira";"23:05:00";"PR";376;671;"GUARATUBA";"Reação tardia ou ineficiente do condutor";"Colisão traseira";"Com Vítimas Feridas";"Plena Noite";"Crescente";"Garoa/Chuvisco";"Dupla";"Declive;Reta";"Não";4;0;2;0;1;1;2;3;-25,896217;-48,929569;"SPRF-PR";"DEL01/PR";"UOP04-DEL01-PR"
770373;2026-05-08;"sexta-feira";"19:20:00";"MG";365;207;"BURITIZEIRO";"Ultrapassagem Indevida";"Colisão frontal";"Com Vítimas Fatais";"Plena Noite";"Crescente";"Céu Claro";"Simples";"Reta";"Não";5;1;0;1;2;4;1;7;-17,52794;-45,26883167;"SPRF-MG";"DEL10/MG";"UOP02-DEL010-MG"
770385;2026-05-09;"sábado";"01:10:00";"SC";116;51,6;"PAPANDUVA";"Ingestão de álcool pelo condutor";"Colisão lateral sentido oposto";"Com Vítimas Feridas";"Plena Noite";"Decrescente";"Garoa/Chuvisco";"Simples";"Reta";"Não";2;0;1;0;1;0;1;2;-26,38831969;-50,14108054;"SPRF-SC";"DEL06/SC";"UOP01-DEL06-SC"
770388;2026-05-08;"sexta-feira";"17:15:00";"PB";230;159;"CAMPINA GRANDE";"Acessar a via sem observar a presença dos outros veículos";"Colisão lateral mesmo sentido";"Sem Vítimas";"Anoitecer";"Decrescente";"Chuva";"Dupla";"Viaduto;Interseção de Vias;Retorno Regulamentado;Em Obras";"Sim";6;0;0;0;5;1;0;3;-7,25173042;-35,93370706;"SPRF-PB";"DEL02-PB";"UOP01-DEL02-PB"
770389;2026-04-30;"quinta-feira";"18:00:00";"BA";324;611;"SIMOES FILHO";"Trafegar com motocicleta (ou similar) entre as faixas";"Colisão lateral mesmo sentido";"Com Vítimas Fatais";"Plena Noite";"Decrescente";"Nublado";"Dupla";"Reta";"Não";4;1;0;1;1;1;1;3;-12,841811;-38,41554;"SPRF-BA";"DEL01/BA";"UOP01-DEL01-BA"
770392;2026-05-09;"sábado";"03:40:00";"CE";116;46;"PACAJUS";"Transitar na contramão";"Colisão frontal";"Com Vítimas Fatais";"Plena Noite";"Decrescente";"Chuva";"Dupla";"Curva";"Não";2;1;0;0;0;1;0;2;-4,144772;-38,476841;"SPRF-CE";"DEL01/CE";"UOP02-DEL01-CE"
770396;2026-05-09;"sábado";"04:23:00";"PR";116;61;"QUATRO BARRAS";"Acumulo de água sobre o pavimento";"Saída de leito carroçável";"Com Vítimas Feridas";"Plena Noite";"Decrescente";"Chuva";"Dupla";"Curva";"Não";3;0;1;0;1;1;1;3;-25,30359813;-48,96295041;"SPRF-PR";"DEL01/PR";"UOP02-DEL01-PR"
770397;2026-05-08;"sexta-feira";"13:15:00";"GO";153;225;"HIDROLINA";"Reação tardia ou ineficiente do condutor";"Saída de leito carroçável";"Com Vítimas Feridas";"Pleno dia";"Crescente";"Céu Claro";"Simples";"Declive;Reta";"Não";2;0;1;0;0;1;1;2;-14,73885;-49,2444632;"SPRF-GO";"DEL07/GO";"UOP02-DEL07-GO"
770403;2026-05-09;"sábado";"05:20:00";"TO";153;661;"GURUPI";"Ausência de reação do condutor";"Colisão lateral sentido oposto";"Com Vítimas Feridas";"Amanhecer";"Crescente";"Céu Claro";"Simples";"Reta";"Não";7;0;0;1;5;2;1;5;-11,62065203;-49,04721022;"SPRF-TO";"DEL01-TO";"UOP02-DEL01-TO"
770405;2026-05-09;"sábado";"05:30:00";"PR";376;499;"PONTA GROSSA";"Reação tardia ou ineficiente do condutor";"Saída de leito carroçável";"Com Vítimas Feridas";"Amanhecer";"Crescente";"Chuva";"Dupla";"Viaduto;Reta;Declive";"Não";3;0;0;1;1;4;1;6;-25,183809;-50,090965;"SPRF-PR";"DEL03/PR";"UOP03-DEL03-PR"
770412;2026-05-09;"sábado";"05:30:00";"GO";60;410;"RIO VERDE";"Ausência de reação do condutor";"Colisão traseira";"Com Vítimas Feridas";"Amanhecer";"Crescente";"Céu Claro";"Dupla";"Reta";"Não";2;0;0;1;1;0;1;2;-17,81777;-51,16296;"SPRF-GO";"DEL04/GO";"UOP02-DEL04-GO"
770417;2026-05-08;"sexta-feira";"17:30:00";"PR";116;118;"CURITIBA";"Reação tardia ou ineficiente do condutor";"Tombamento";"Com Vítimas Feridas";"Plena Noite";"Crescente";"Chuva";"Dupla";"Reta";"Sim";5;0;0;2;1;3;2;5;-25,569578;-49,31065;"SPRF-PR";"DEL01/PR";"UOP03-DEL01-PR"
770420;2026-05-09;"sábado";"04:00:00";"SP";116;218;"GUARULHOS";"Condutor Dormindo";"Saída de leito carroçável";"Sem Vítimas";"Plena Noite";"Decrescente";"Céu Claro";"Múltipla";"Aclive";"Sim";2;0;0;0;0;2;0;2;-23,45712463;-46,47781134;"SPRF-SP";"DEL01/SP";"UOP01-DEL01-SP"
770422;2026-05-08;"sexta-feira";"19:30:00";"AP";210;33;"PORTO GRANDE";"Ultrapassagem Indevida";"Colisão lateral mesmo sentido";"Com Vítimas Feridas";"Plena Noite";"Crescente";"Céu Claro";"Simples";"Reta";"Não";5;0;0;1;4;0;1;2;0,56835006;-51,18490601;"SPRF-AP";"DEL01-AP";"UOP01-DEL01-AP"
770426;2026-05-09;"sábado";"00:40:00";"MG";381;377;"SAO GONCALO DO RIO ABAIXO";"Ultrapassagem Indevida";"Colisão lateral sentido oposto";"Com Vítimas Feridas";"Plena Noite";"Crescente";"Céu Claro";"Simples";"Reta;Aclive";"Não";3;0;0;1;1;1;1;3;-19,83809117;-43,34381104;"SPRF-MG";"DEL01/MG";"UOP01-DEL01-MG"
770427;2026-05-09;"sábado";"05:40:00";"BA";101;413;"IBIRAPITANGA";"Demais falhas mecânicas ou elétricas";"Incêndio";"Sem Vítimas";"Amanhecer";"Decrescente";"Chuva";"Simples";"Aclive";"Não";2;0;0;0;1;2;0;3;-14,072997;-39,38715;"SPRF-BA";"DEL05/BA";"UOP03-DEL05-BA"
770435;2026-05-09;"sábado";"05:00:00";"MS";267;3,9;"BATAGUASSU";"Ultrapassagem Indevida";"Colisão lateral sentido oposto";"Sem Vítimas";"Amanhecer";"Decrescente";"Garoa/Chuvisco";"Simples";"Curva";"Não";7;0;0;0;5;3;0;6;-21,75463485;-52,18239985;"SPRF-MS";"DEL02/MS";"UOP04-DEL02-MS"
770449;2026-05-09;"sábado";"09:03:00";"ES";101;380,3;"ICONHA";"Reação tardia ou ineficiente do condutor";"Colisão frontal";"Com Vítimas Fatais";"Pleno dia";"Decrescente";"Sol";"Simples";"Reta";"Não";5;1;1;0;1;2;1;4;-20,808638;-40,835659;"SPRF-ES";"DEL03-ES";"UOP01-DEL03-ES"
770451;2026-05-09;"sábado";"05:30:00";"PR";277;528;"GUARANIACU";"Ausência de reação do condutor";"Colisão com objeto";"Com Vítimas Feridas";"Plena Noite";"Crescente";"Nublado";"Simples";"Curva;Declive";"Não";2;0;1;0;0;2;1;3;-25,09106;-52,918699;"SPRF-PR";"DEL04/PR";"UOP04-DEL04-PR"
770454;2026-05-09;"sábado";"07:00:00";"SE";101;44;"JAPARATUBA";"Condutor Dormindo";"Saída de leito carroçável";"Com Vítimas Feridas";"Pleno dia";"Crescente";"Chuva";"Dupla";"Curva;Aclive";"Não";1;0;1;0;0;0;1;1;-10,551882;-36,972279;"SPRF-SE";"DEL02-SE";"UOP02-DEL02-SE"
770465;2026-05-09;"sábado";"07:10:00";"BA";101;24;"ESPLANADA";"Velocidade Incompatível";"Colisão traseira";"Com Vítimas Feridas";"Pleno dia";"Decrescente";"Céu Claro";"Dupla";"Declive;Desvio Temporário";"Não";2;0;1;0;0;1;1;2;-11,692887;-37,902612;"SPRF-SE";"DEL02-SE";"UOP03-DEL02-SE"
770466;2026-05-09;"sábado";"10:12:00";"MG";40;480,5;"SETE LAGOAS";"Reação tardia ou ineficiente do condutor";"Colisão traseira";"Com Vítimas Feridas";"Pleno dia";"Decrescente";"Céu Claro";"Dupla";"Declive;Reta";"Não";29;0;7;0;22;0;7;2;-19,54712;-44,24683;"SPRF-MG";"DEL02/MG";"UOP01-DEL02-MG"
770470;2026-05-09;"sábado";"07:30:00";"GO";70;402;"MONTES CLAROS DE GOIAS";"Transitar na contramão";"Colisão lateral sentido oposto";"Com Vítimas Feridas";"Amanhecer";"Decrescente";"Sol";"Simples";"Reta";"Não";3;0;0;1;1;1;1;2;-15,87020444;-51,54613495;"SPRF-GO";"DEL04/GO";"UOP02-DEL04-GO"
770478;2026-05-09;"sábado";"07:20:00";"SC";282;399;"JOACABA";"Transitar na contramão";"Colisão frontal";"Com Vítimas Fatais";"Pleno dia";"Crescente";"Céu Claro";"Simples";"Curva";"Não";6;1;0;1;3;2;1;6;-27,1427;-51,61427;"SPRF-SC";"DEL07/SC";"UOP05-DEL07-SC"
770488;2026-03-07;"sábado";"04:00:00";"PA";163;404,9;"ITAITUBA";"Ausência de reação do condutor";"Colisão frontal";"Com Vítimas Feridas";"Plena Noite";"Crescente";"Ignorado";"Simples";"Curva";"Não";2;0;1;0;1;0;1;2;-6,2595244;-55,60654656;"SPRF-PA";"DEL05/PA";"UOP03-DEL05-PA"
770502;2026-03-22;"domingo";"08:55:00";"GO";80;102;"VILA PROPICIO";"Condutor Dormindo";"Saída de leito carroçável";"Com Vítimas Feridas";"Pleno dia";"Crescente";"Sol";"Simples";"Reta";"Não";1;0;0;1;0;0;1;1;-15,2053496;-48,73260498;"SPRF-GO";"DEL07/GO";"UOP02-DEL07-GO"
770518;2026-04-27;"segunda-feira";"14:20:00";"MG";116;561;"MANHUACU";"Acessar a via sem observar a presença dos outros veículos";"Colisão transversal";"Com Vítimas Fatais";"Pleno dia";"Crescente";"Céu Claro";"Simples";"Reta";"Sim";2;1;0;0;1;0;0;2;-20,047092;-42,178822;"SPRF-MG";"DEL06/MG";"UOP03-DEL06-MG"
770519;2026-01-29;"quinta-feira";"13:20:00";"ES";101;264,5;"SERRA";"Entrada inopinada do pedestre";"Atropelamento de Pedestre";"Com Vítimas Feridas";"Pleno dia";"Decrescente";"Céu Claro";"Dupla";"Curva";"Sim";2;0;0;1;0;1;1;2;-20,18204992;-40,26546031;"SPRF-ES";"DEL02-ES";"UOP01-DEL02-ES"
770520;2026-05-09;"sábado";"13:12:00";"MG";116;600;"SAO JOAO DO MANHUACU";"Ausência de reação do condutor";"Tombamento";"Com Vítimas Feridas";"Pleno dia";"Decrescente";"Céu Claro";"Simples";"Curva";"Não";2;0;1;0;0;1;1;2;-20,30184109;-42,14970589;"SPRF-MG";"DEL06/MG";"UOP03-DEL06-MG"
770521;2026-05-09;"sábado";"14:00:00";"SC";280;90,9;"CORUPA";"Reação tardia ou ineficiente do condutor";"Tombamento";"Com Vítimas Feridas";"Pleno dia";"Decrescente";"Chuva";"Simples";"Declive;Curva";"Não";2;0;1;0;0;1;1;2;-26,399648;-49,296331;"SPRF-SC";"DEL06/SC";"UOP03-DEL06-SC"
770524;2026-04-08;"quarta-feira";"14:45:00";"GO";153;171;"CAMPINORTE";"Acessar a via sem observar a presença dos outros veículos";"Colisão transversal";"Com Vítimas Feridas";"Pleno dia";"Crescente";"Céu Claro";"Simples";"Reta;Em Obras;Retorno Regulamentado";"Sim";3;0;0;1;1;1;1;3;-14,28296057;-49,14879101;"SPRF-GO";"DEL07/GO";"UOP02-DEL07-GO"
770532;2026-05-08;"sexta-feira";"21:30:00";"SC";153;4,1;"AGUA DOCE";"Ingestão de álcool pelo condutor";"Tombamento";"Com Vítimas Feridas";"Plena Noite";"Crescente";"Céu Claro";"Simples";"Curva;Declive";"Não";2;0;1;0;0;1;1;2;-26,6411243;-51,5128677;"SPRF-SC";"DEL07/SC";"UOP07-DEL07-SC"
770535;2026-05-09;"sábado";"14:55:00";"SC";280;143,2;"MAFRA";"Curva acentuada";"Colisão lateral sentido oposto";"Com Vítimas Feridas";"Pleno dia";"Crescente";"Chuva";"Simples";"Curva";"Não";4;0;1;0;2;1;1;3;-26,1164;-49,8091;"SPRF-SC";"DEL06/SC";"UOP03-DEL06-SC"
770536;2026-05-09;"sábado";"15:15:00";"GO";153;517,9;"HIDROLANDIA";"Ausência de reação do condutor";"Colisão lateral mesmo sentido";"Com Vítimas Feridas";"Pleno dia";"Crescente";"Nublado";"Dupla";"Reta";"Não";6;0;1;0;4;2;1;4;-16,8584545;-49,2495734;"SPRF-GO";"DEL01/GO";"UOP03-DEL01-GO"
770537;2026-04-19;"domingo";"14:26:00";"RJ";116;273;"BARRA MANSA";"Ausência de reação do condutor";"Colisão com objeto";"Com Vítimas Fatais";"Pleno dia";"Crescente";"Céu Claro";"Dupla";"Curva";"Sim";15;2;5;3;3;3;8;12;-22,47021516;-44,27925653;"SPRF-RJ";"DEL07/RJ";"UOP02-DEL07-RJ"
770539;2026-05-09;"sábado";"15:30:00";"MG";50;52;"ARAGUARI";"Reação tardia ou ineficiente do condutor";"Colisão com objeto";"Com Vítimas Feridas";"Pleno dia";"Crescente";"Céu Claro";"Dupla";"Declive;Reta";"Não";2;0;0;1;0;1;1;2;-18,75692;-48,240507;"SPRF-MG";"DEL15/MG";"UOP02-DEL15-MG"
770543;2026-05-09;"sábado";"16:10:00";"SE";101;54;"JAPARATUBA";"Reação tardia ou ineficiente do condutor";"Colisão frontal";"Com Vítimas Feridas";"Pleno dia";"Crescente";"Chuva";"Simples";"Declive;Em Obras";"Não";4;0;2;0;1;1;2;3;-10,63007199;-37,00100899;"SPRF-SE";"DEL02-SE";"UOP02-DEL02-SE"
770559;2026-05-09;"sábado";"15:05:00";"PR";376;290;"MAUA DA SERRA";"Chuva";"Colisão com objeto";"Sem Vítimas";"Pleno dia";"Crescente";"Nevoeiro/Neblina";"Dupla";"Curva";"Sim";3;0;0;0;3;0;0;1;-23,90418546;-51,223056;"SPRF-PR";"DEL07/PR";"UOP02-DEL07-PR"
770562;2026-05-09;"sábado";"15:30:00";"MS";163;670;"RIO VERDE DE MATO GROSSO";"Ausência de reação do condutor";"Colisão lateral mesmo sentido";"Com Vítimas Feridas";"Pleno dia";"Crescente";"Chuva";"Simples";"Reta;Declive";"Não";4;0;1;1;1;1;2;4;-19,00308575;-54,83186513;"SPRF-MS";"DEL06/MS";"UOP02-DEL06-MS"
770565;2026-05-09;"sábado";"17:20:00";"MA";230;390;"BALSAS";"Manobra de mudança de faixa";"Colisão lateral mesmo sentido";"Sem Vítimas";"Plena Noite";"Crescente";"Céu Claro";"Simples";"Reta";"Não";2;0;0;0;2;0;0;2;-7,49775254;-46,02671417;"SPRF-MA";"DEL05-MA";"UOP01-DEL05-MA"
770566;2026-05-09;"sábado";"18:15:00";"PE";101;78;"JABOATAO DOS GUARARAPES";"Ultrapassagem Indevida";"Colisão lateral mesmo sentido";"Com Vítimas Feridas";"Plena Noite";"Crescente";"Chuva";"Dupla";"Reta";"Sim";4;0;0;1;2;1;1;4;-8,1401;-34,94662;"SPRF-PE";"DEL01/PE";"UOP01-DEL01-PE"
770578;2026-05-09;"sábado";"11:30:00";"PR";116;59,5;"CAMPINA GRANDE DO SUL";"Velocidade Incompatível";"Colisão com objeto";"Com Vítimas Feridas";"Pleno dia";"Crescente";"Chuva";"Dupla";"Curva;Aclive";"Não";2;0;1;0;0;1;1;2;-25,30509729;-48,94992225;"SPRF-PR";"DEL01/PR";"UOP02-DEL01-PR"
770585;2026-05-09;"sábado";"19:11:00";"PE";232;492;"VERDEJANTE";"Manobra de mudança de faixa";"Colisão frontal";"Com Vítimas Feridas";"Plena Noite";"Crescente";"Céu Claro";"Simples";"Reta";"Não";2;0;0;1;1;0;1;2;-8,013872;-39,002345;"SPRF-PE";"DEL05/PE";"UOP01-DEL05-PE"
770587;2026-05-09;"sábado";"19:00:00";"MS";163;636;"SAO GABRIEL DO OESTE";"Transitar na contramão";"Colisão frontal";"Com Vítimas Feridas";"Plena Noite";"Crescente";"Garoa/Chuvisco";"Simples";"Em Obras;Reta;Desvio Temporário";"Não";3;0;0;1;1;1;1;3;-19,232641;-54,683816;"SPRF-MS";"DEL06/MS";"UOP02-DEL06-MS"
770590;2026-05-09;"sábado";"18:00:00";"CE";222;329;"TIANGUA";"Acesso irregular";"Colisão lateral sentido oposto";"Com Vítimas Fatais";"Plena Noite";"Crescente";"Nublado";"Simples";"Reta";"Não";4;2;0;0;1;1;0;3;-3,82613;-41,10781;"SPRF-CE";"DEL04/CE";"UOP02-DEL04-CE"
770592;2026-05-09;"sábado";"18:10:00";"RJ";40;80;"PETROPOLIS";"Demais falhas mecânicas ou elétricas";"Incêndio";"Sem Vítimas";"Anoitecer";"Crescente";"Céu Claro";"Simples";"Aclive;Reta";"Não";3;0;0;0;2;1;0;2;-22,50704077;-43,23279474;"SPRF-RJ";"DEL01/RJ";"UOP01-DEL01-RJ"
770596;2026-04-19;"domingo";"08:55:00";"BA";116;585;"NOVA ITARANA";"Ultrapassagem Indevida";"Colisão transversal";"Com Vítimas Feridas";"Pleno dia";"Crescente";"Céu Claro";"Simples";"Aclive;Curva";"Não";5;0;0;2;2;1;2;3;-13,135526;-39,995634;"SPRF-BA";"DEL03/BA";"UOP02-DEL03-BA"
770598;2026-05-09;"sábado";"19:50:00";"RS";392;91;"PELOTAS";"Transitar na contramão";"Colisão lateral sentido oposto";"Com Vítimas Feridas";"Plena Noite";"Crescente";"Céu Claro";"Simples";"Aclive;Reta";"Não";4;0;2;0;1;2;2;4;-31,599592;-52,5257885;"SPRF-RS";"DEL07/RS";"UOP01-DEL07-RS"
770602;2026-05-09;"sábado";"17:15:00";"MG";365;391;"PATOS DE MINAS";"Reação tardia ou ineficiente do condutor";"Colisão traseira";"Com Vítimas Fatais";"Anoitecer";"Crescente";"Céu Claro";"Simples";"Reta";"Não";3;1;0;0;1;1;0;3;-18,637777;-46,33043;"SPRF-MG";"DEL10/MG";"UOP01-DEL10-MG"
770604;2026-05-09;"sábado";"20:15:00";"GO";153;355;"JARAGUA";"Manobra de mudança de faixa";"Colisão transversal";"Com Vítimas Feridas";"Plena Noite";"Crescente";"Céu Claro";"Simples";"Reta";"Não";3;0;0;1;1;1;1;3;-15,73141852;-49,32483598;"SPRF-GO";"DEL02/GO";"UOP02-DEL02-GO"
770607;2026-05-09;"sábado";"19:20:00";"MS";163;833;"SONORA";"Demais falhas mecânicas ou elétricas";"Incêndio";"Sem Vítimas";"Plena Noite";"Decrescente";"Nevoeiro/Neblina";"Simples";"Aclive;Reta";"Não";2;0;0;0;1;1;0;2;-17,608336;-54,745403;"SPRF-MS";"DEL06/MS";"UOP01-DEL06-MS"
770611;2026-05-09;"sábado";"18:34:00";"PE";407;42,2;"PETROLINA";"Condutor deixou de manter distância do veículo da frente";"Queda de ocupante de veículo";"Com Vítimas Fatais";"Plena Noite";"Crescente";"Nublado";"Simples";"Declive;Reta";"Não";6;1;0;0;2;3;0;5;-8,77364448;-40,8843112;"SPRF-PE";"DEL06/PE";"UOP02-DEL06-PE"
770615;2026-05-09;"sábado";"17:30:00";"MA";10;304;"ACAILANDIA";"Demais falhas mecânicas ou elétricas";"Colisão frontal";"Com Vítimas Feridas";"Anoitecer";"Decrescente";"Céu Claro";"Simples";"Declive";"Não";2;0;2;0;0;0;2;2;-5,075302;-47,558437;"SPRF-MA";"DEL04-MA";"UOP03-DEL04-MA"
770617;2026-05-09;"sábado";"19:26:00";"MT";364;165;"PEDRA PRETA";"Transitar na contramão";"Colisão frontal";"Com Vítimas Fatais";"Plena Noite";"Crescente";"Céu Claro";"Simples";"Reta";"Não";3;1;0;0;1;1;0;3;-16,654557;-54,351555;"SPRF-MT";"DEL02/MT";"UOP01-DEL02-MT"
770618;2026-05-09;"sábado";"20:10:00";"PR";376;419;"TIBAGI";"Acumulo de areia ou detritos sobre o pavimento";"Saída de leito carroçável";"Sem Vítimas";"Plena Noite";"Crescente";"Chuva";"Dupla";"Curva";"Não";2;0;0;0;1;1;0;2;-24,70467;-50,55755;"SPRF-PR";"DEL03/PR";"UOP02-DEL03-PR"
770622;2026-05-09;"sábado";"19:10:00";"MG";40;14;"PARACATU";"Reação tardia ou ineficiente do condutor";"Saída de leito carroçável";"Com Vítimas Feridas";"Plena Noite";"Decrescente";"Céu Claro";"Simples";"Reta;Aclive";"Não";2;0;1;1;0;0;2;2;-17,07129;-47,042039;"SPRF-MG";"DEL14/MG";"UOP01-DEL14-MG"
770643;2026-05-09;"sábado";"22:00:00";"PR";116;168,5;"QUITANDINHA";"Desrespeitar a preferência no cruzamento";"Colisão transversal";"Com Vítimas Feridas";"Plena Noite";"Crescente";"Chuva";"Simples";"Aclive;Retorno Regulamentado;Reta";"Não";3;0;0;1;1;1;1;3;-25,886879;-49,506702;"SPRF-PR";"DEL01/PR";"UOP03-DEL01-PR"
770645;2026-05-09;"sábado";"20:30:00";"PI";316;100;"BARRO DURO";"Ausência de reação do condutor";"Colisão traseira";"Com Vítimas Feridas";"Plena Noite";"Decrescente";"Céu Claro";"Simples";"Reta";"Não";3;0;0;2;1;0;2;2;-5,83745951;-42,48822498;"SPRF-PI";"DEL04-PI";"UOP02-DEL04-PI"
770672;2026-05-10;"domingo";"01:30:00";"SP";153;190,1;"GETULINA";"Condutor Dormindo";"Saída de leito carroçável";"Sem Vítimas";"Plena Noite";"Crescente";"Nublado";"Simples";"Reta";"Não";2;0;0;0;1;3;0;4;-21,74528981;-49,85928297;"SPRF-SP";"DEL07/SP";"UOP01-DEL07-SP"