"id";"data_inversa";"dia_semana";"horario";"uf";"br";"km";"municipio";"causa_acidente";"tipo_acidente";"classificacao_acidente";"fase_dia";"sentido_via";"condicao_metereologica";"tipo_pista";"tracado_via";"uso_solo";"pessoas";"mortos";"feridos_leves";"feridos_graves";"ilesos";"ignorados";"feridos";"veiculos";"latitude";"longitude";"regional";"delegacia";"uop"
770682;2026-05-10;"domingo";"04:16:00";"TO";153;154,3;"ARAGUAINA";"Ingestão de álcool pelo condutor";"Saída de leito carroçável";"Com Vítimas Feridas";"Plena Noite";"Crescente";"Céu Claro";"Simples";"Reta";"Sim";1;0;0;1;0;0;1;1;-7,282033;-48,274578;"SPRF-TO";"DEL02-TO";"UOP01-DEL02-TO"
770700;2026-05-10;"domingo";"05:15:00";"PR";277;460,8;"LARANJEIRAS DO SUL";"Acesso irregular";"Colisão lateral sentido oposto";"Com Vítimas Feridas";"Plena Noite";"Decrescente";"Céu Claro";"Simples";"Reta";"Não";5;0;1;0;4;0;1;2;-25,3752;-52,43696;"SPRF-PR";"DEL04/PR";"UOP02-DEL04-PR"
770708;2026-05-10;"domingo";"06:20:00";"PI";222;73,2;"PIRIPIRI";"Condutor Dormindo";"Colisão lateral sentido oposto";"Com Vítimas Feridas";"Amanhecer";"Decrescente";"Céu Claro";"Simples";"Reta";"Não";4;0;1;0;2;6;1;9;-4,2614873;-41,7538352;"SPRF-PI";"DEL02-PI";"UOP01-DEL02-PI"
770716;2026-05-10;"domingo";"07:50:00";"BA";116;13;"VITORIA DA CONQUISTA";"Condutor Dormindo";"Colisão frontal";"Com Vítimas Feridas";"Pleno dia";"Crescente";"Céu Claro";"Simples";"Curva";"Não";6;0;2;1;1;2;3;4;-14,88760819;-40,8705109;"SPRF-BA";"DEL08/BA";"UOP01-DEL08-BA"
770722;2026-05-10;"domingo";"07:56:00";"SC";101;86,2;"BARRA VELHA";"Ausência de reação do condutor";"Colisão traseira";"Com Vítimas Fatais";"Pleno dia";"Crescente";"Nublado";"Múltipla";"Aclive;Reta";"Sim";3;1;0;0;1;1;0;3;-26,6386612;-48,6946726;"SPRF-SC";"DEL03/SC";"UOP02-DEL03-SC"
770724;2026-05-09;"sábado";"19:38:00";"GO";153;302,8;"RIALMA";"Reação tardia ou ineficiente do condutor";"Colisão traseira";"Sem Vítimas";"Plena Noite";"Decrescente";"Céu Claro";"Simples";"Aclive;Reta";"Não";3;0;0;0;1;2;0;3;-15,3310982;-49,57055775;"SPRF-GO";"DEL02/GO";"UOP02-DEL02-GO"
770729;2026-05-10;"domingo";"07:50:00";"PI";402;65;"LUIS CORREIA";"Reação tardia ou ineficiente do condutor";"Capotamento";"Com Vítimas Fatais";"Pleno dia";"Decrescente";"Céu Claro";"Simples";"Curva";"Não";2;1;1;0;0;0;1;1;-3,092295;-41,53936;"SPRF-PI";"DEL05-PI";"UOP01-DEL05-PI"
770739;2026-05-10;"domingo";"08:07:00";"BA";116;543;"ITATIM";"Desrespeitar a preferência no cruzamento";"Colisão transversal";"Com Vítimas Feridas";"Pleno dia";"Decrescente";"Céu Claro";"Simples";"Interseção de Vias;Rotatória";"Não";4;0;0;2;1;3;2;5;-12,8467306;-39,84103918;"SPRF-BA";"DEL03/BA";"UOP02-DEL03-BA"
770746;2026-05-09;"sábado";"13:00:00";"BA";116;891,5;"CANDIDO SALES";"Demais falhas mecânicas ou elétricas";"Tombamento";"Sem Vítimas";"Pleno dia";"Crescente";"Nublado";"Simples";"Curva";"Não";1;0;0;0;1;0;0;1;-15,37410483;-41,19214141;"SPRF-BA";"DEL08/BA";"UOP03-DEL08-BA"
770750;2026-05-10;"domingo";"08:40:00";"MG";153;66;"MONTE ALEGRE DE MINAS";"Reação tardia ou ineficiente do condutor";"Saída de leito carroçável";"Com Vítimas Feridas";"Pleno dia";"Crescente";"Céu Claro";"Múltipla";"Aclive";"Não";2;0;1;0;0;1;1;2;-18,90716447;-49,03948724;"SPRF-MG";"DEL15/MG";"UOP03-DEL15-MG"
770769;2026-05-10;"domingo";"12:30:00";"PI";343;588,7;"FLORIANO";"Reação tardia ou ineficiente do condutor";"Colisão traseira";"Com Vítimas Feridas";"Pleno dia";"Crescente";"Céu Claro";"Simples";"Reta";"Sim";2;0;1;0;1;0;1;2;-6,775337;-43,008195;"SPRF-PI";"DEL03-PI";"UOP01-DEL03-PI"
770772;2026-05-10;"domingo";"11:15:00";"TO";153;558;"OLIVEIRA DE FATIMA";"Acesso irregular";"Colisão lateral mesmo sentido";"Com Vítimas Feridas";"Pleno dia";"Crescente";"Céu Claro";"Simples";"Interseção de Vias;Retorno Regulamentado";"Não";3;0;1;0;1;1;1;3;-10,72831656;-48,90417902;"SPRF-TO";"DEL01-TO";"UOP01-DEL01-TO"
770778;2026-05-10;"domingo";"13:49:00";"SP";116;282,2;"EMBU DAS ARTES";"Acessar a via sem observar a presença dos outros veículos";"Colisão lateral mesmo sentido";"Sem Vítimas";"Pleno dia";"Decrescente";"Chuva";"Dupla";"Reta";"Sim";3;0;0;0;2;1;0;3;-23,661068;-46,852089;"SPRF-SP";"DEL04/SP";"UOP01-DEL04-SP"
770779;2026-05-10;"domingo";"12:10:00";"MT";70;521;"VARZEA GRANDE";"Acessar a via sem observar a presença dos outros veículos";"Colisão transversal";"Com Vítimas Feridas";"Pleno dia";"Decrescente";"Céu Claro";"Simples";"Interseção de Vias";"Não";3;0;0;1;1;3;1;5;-15,6677533;-56,18202218;"SPRF-MT";"DEL01/MT";"UOP02-DEL01-MT"
770783;2026-05-09;"sábado";"09:00:00";"MA";316;72;"GOVERNADOR NUNES FREIRE";"Ultrapassagem Indevida";"Colisão transversal";"Com Vítimas Feridas";"Pleno dia";"Decrescente";"Céu Claro";"Simples";"Reta";"Não";5;0;0;3;1;1;3;3;-2,1738968;-45,8739388;"SPRF-MA";"DEL02-MA";"UOP02-DEL02-MA"
770787;2026-05-10;"domingo";"14:30:00";"PR";376;664,7;"GUARATUBA";"Demais falhas mecânicas ou elétricas";"Incêndio";"Sem Vítimas";"Pleno dia";"Decrescente";"Céu Claro";"Dupla";"Curva;Aclive";"Não";1;0;0;0;1;0;0;1;-25,853098;-48,953565;"SPRF-PR";"DEL01/PR";"UOP04-DEL01-PR"
770795;2026-05-10;"domingo";"15:00:00";"RS";290;189;"MINAS DO LEAO";"Ultrapassagem Indevida";"Colisão frontal";"Com Vítimas Fatais";"Pleno dia";"Decrescente";"Céu Claro";"Simples";"Reta";"Não";3;1;0;0;1;1;0;3;-30,1553483;-52,1103117;"SPRF-RS";"DEL02/RS";"UOP03-DEL02-RS"
770806;2026-05-10;"domingo";"15:15:00";"RS";153;29,6;"TRES ARROIOS";"Reação tardia ou ineficiente do condutor";"Colisão lateral mesmo sentido";"Com Vítimas Feridas";"Pleno dia";"Crescente";"Nublado";"Simples";"Aclive;Reta";"Não";7;0;1;0;4;2;1;5;-27,52700331;-52,15545623;"SPRF-RS";"DEL08/RS";"UOP04-DEL08-RS"
770820;2026-05-10;"domingo";"15:00:00";"PE";407;115;"PETROLINA";"Ausência de reação do condutor";"Saída de leito carroçável";"Com Vítimas Feridas";"Pleno dia";"Decrescente";"Céu Claro";"Simples";"Reta";"Não";1;0;0;1;0;0;1;1;-9,3040817;-40,578915;"SPRF-PE";"DEL06/PE";"UOP01-DEL06-PE"
770824;2026-05-10;"domingo";"10:30:00";"PR";476;255;"ANTONIO OLINTO";"Transitar na contramão";"Saída de leito carroçável";"Sem Vítimas";"Pleno dia";"Crescente";"Céu Claro";"Simples";"Curva";"Não";1;0;0;0;1;0;0;1;-25,89045;-50,2015;"SPRF-PR";"DEL02/PR";"UOP03-DEL02-PR"
770829;2026-05-06;"quarta-feira";"23:30:00";"RO";364;54;"VILHENA";"Demais falhas mecânicas ou elétricas";"Incêndio";"Sem Vítimas";"Plena Noite";"Crescente";"Céu Claro";"Simples";"Reta";"Não";2;0;0;0;1;3;0;4;-12,5252539;-60,3883543;"SPRF-RO";"DEL04-RO";"UOP01-DEL04-RO"
770835;2026-05-10;"domingo";"16:00:00";"MG";381;432;"SABARA";"Reação tardia ou ineficiente do condutor";"Tombamento";"Com Vítimas Feridas";"Pleno dia";"Decrescente";"Céu Claro";"Simples";"Curva";"Não";3;0;1;0;0;2;1;3;-19,79918579;-43,76052825;"SPRF-MG";"DEL01/MG";"UOP01-DEL01-MG"
770838;2026-05-10;"domingo";"19:00:00";"MG";381;925;"ITAPEVA";"Pista Escorregadia";"Colisão lateral mesmo sentido";"Com Vítimas Feridas";"Plena Noite";"Decrescente";"Garoa/Chuvisco";"Dupla";"Curva;Declive";"Não";9;0;1;0;7;1;1;5;-22,768909;-46,205805;"SPRF-MG";"DEL16/MG";"UOP03-DEL16-MG"
770850;2026-05-10;"domingo";"14:30:00";"MG";116;638,1;"DIVINO";"Velocidade Incompatível";"Tombamento";"Com Vítimas Feridas";"Pleno dia";"Decrescente";"Céu Claro";"Simples";"Curva";"Não";2;0;0;2;0;0;2;2;-20,64145914;-42,24517822;"SPRF-MG";"DEL07/MG";"UOP02-DEL07-MG"
770852;2026-05-10;"domingo";"16:00:00";"BA";116;543;"MILAGRES";"Desrespeitar a preferência no cruzamento";"Colisão transversal";"Com Vítimas Feridas";"Pleno dia";"Decrescente";"Céu Claro";"Simples";"Interseção de Vias";"Não";3;0;0;1;1;2;1;4;-12,8466061;-39,8409134;"SPRF-BA";"DEL03/BA";"UOP02-DEL03-BA"
770856;2026-05-10;"domingo";"15:20:00";"MT";364;628;"DIAMANTINO";"Suicídio (presumido)";"Colisão lateral sentido oposto";"Com Vítimas Fatais";"Pleno dia";"Decrescente";"Nublado";"Simples";"Reta";"Não";3;1;0;0;1;1;0;3;-14,36567324;-56,41315911;"SPRF-MT";"DEL01/MT";"UOP01-DEL01-MT"
770860;2026-05-10;"domingo";"17:00:00";"PR";373;415;"FOZ DO JORDAO";"Desrespeitar a preferência no cruzamento";"Colisão transversal";"Com Vítimas Feridas";"Pleno dia";"Crescente";"Céu Claro";"Simples";"Curva";"Sim";2;0;1;0;1;0;1;2;-25,67364;-52,12551;"SPRF-PR";"DEL08/PR";"UOP01-DEL08-PR"
770867;2026-05-10;"domingo";"16:10:00";"RO";364;548;"RIO CRESPO";"Ultrapassagem Indevida";"Colisão lateral mesmo sentido";"Com Vítimas Feridas";"Pleno dia";"Crescente";"Céu Claro";"Simples";"Reta";"Não";6;0;2;0;3;6;2;9;-9,659989;-63,0856916;"SPRF-RO";"DEL03-RO";"UOP01-DEL03-RO"
770886;2026-05-10;"domingo";"19:00:00";"GO";60;259,7;"INDIARA";"Demais falhas mecânicas ou elétricas";"Incêndio";"Sem Vítimas";"Plena Noite";"Decrescente";"Nublado";"Dupla";"Reta;Aclive";"Não";2;0;0;0;1;1;0;2;-17,167925;-50,051073;"SPRF-GO";"DEL01/GO";"UOP02-DEL01-GO"
770890;2026-05-10;"domingo";"19:30:00";"SC";116;5,8;"MAFRA";"Ingestão de álcool pelo condutor";"Colisão traseira";"Sem Vítimas";"Plena Noite";"Crescente";"Céu Claro";"Simples";"Reta";"Não";4;0;0;0;3;1;0;4;-26,145195;-49,821317;"SPRF-SC";"DEL06/SC";"UOP01-DEL06-SC"
770895;2026-05-10;"domingo";"15:30:00";"MA";135;100;"ITAPECURU MIRIM";"Demais falhas mecânicas ou elétricas";"Incêndio";"Sem Vítimas";"Pleno dia";"Crescente";"Nublado";"Simples";"Reta";"Não";2;0;0;0;1;1;0;2;-3,36517;-44,47531;"SPRF-MA";"DEL01-MA";"UOP02-DEL01-MA"
770925;2026-05-10;"domingo";"22:30:00";"PR";153;10,2;"JACAREZINHO";"Acessar a via sem observar a presença dos outros veículos";"Colisão transversal";"Com Vítimas Feridas";"Plena Noite";"Decrescente";"Nevoeiro/Neblina";"Simples";"Reta";"Não";3;0;1;0;0;2;1;3;-23,08041;-49,93534;"SPRF-PR";"DEL07/PR";"UOP04-DEL07-PR"
770927;2026-05-10;"domingo";"22:40:00";"SC";116;216;"PONTE ALTA";"Transitar na contramão";"Colisão transversal";"Com Vítimas Feridas";"Plena Noite";"Crescente";"Céu Claro";"Simples";"Reta";"Não";3;0;0;1;1;1;1;3;-27,55576442;-50,37699223;"SPRF-SC";"DEL05/SC";"UOP03-DEL05-SC"
770937;2026-05-10;"domingo";"22:50:00";"RJ";393;193,1;"PARAIBA DO SUL";"Acessar a via sem observar a presença dos outros veículos";"Atropelamento de Pedestre";"Com Vítimas Fatais";"Plena Noite";"Decrescente";"Nublado";"Simples";"Reta";"Não";3;1;0;0;1;1;0;3;-22,200761;-43,365786;"SPRF-RJ";"DEL05/RJ";"UOP03-DEL05-RJ"
770941;2026-05-11;"segunda-feira";"01:45:00";"MG";153;28;"CENTRALINA";"Velocidade Incompatível";"Saída de leito carroçável";"Com Vítimas Feridas";"Plena Noite";"Decrescente";"Céu Claro";"Dupla";"Reta";"Não";1;0;1;0;0;0;1;1;-18,659017;-49,167838;"SPRF-MG";"DEL15/MG";"UOP03-DEL15-MG"
770942;2026-05-11;"segunda-feira";"02:00:00";"GO";20;135;"FLORES DE GOIAS";"Ingestão de álcool pelo condutor";"Colisão lateral sentido oposto";"Com Vítimas Feridas";"Plena Noite";"Decrescente";"Céu Claro";"Simples";"Reta";"Não";3;0;1;0;1;1;1;3;-14,81659;-46,7150583;"SPRF-DF";"DEL02-DF";"UOP03-DEL02-DF"
770943;2026-05-11;"segunda-feira";"03:25:00";"MG";40;523;"CONTAGEM";"Reação tardia ou ineficiente do condutor";"Colisão traseira";"Com Vítimas Feridas";"Plena Noite";"Crescente";"Céu Claro";"Dupla";"Curva";"Sim";2;0;0;1;1;0;1;2;-19,8715017;-44,0570183;"SPRF-MG";"DEL01/MG";"UOP02-DEL01-MG"
770951;2026-05-11;"segunda-feira";"02:12:00";"MT";364;132;"PEDRA PRETA";"Demais falhas mecânicas ou elétricas";"Tombamento";"Com Vítimas Feridas";"Plena Noite";"Crescente";"Céu Claro";"Dupla";"Declive";"Não";2;0;1;0;1;0;1;1;-16,784954;-54,166781;"SPRF-MT";"DEL02/MT";"UOP01-DEL02-MT"
770957;2026-05-11;"segunda-feira";"06:50:00";"PR";369;114,9;"URAI";"Neblina";"Colisão traseira";"Com Vítimas Feridas";"Amanhecer";"Decrescente";"Nevoeiro/Neblina";"Dupla";"Reta";"Não";4;0;1;1;2;0;2;2;-23,27965;-50,851044;"SPRF-PR";"DEL07/PR";"UOP05-DEL07-PR"
770959;2026-05-11;"segunda-feira";"05:30:00";"RS";290;39,8;"SANTO ANTONIO DA PATRULHA";"Ausência de reação do condutor";"Saída de leito carroçável";"Com Vítimas Feridas";"Plena Noite";"Decrescente";"Céu Claro";"Dupla";"Reta";"Não";5;0;3;0;1;2;3;5;-29,8865;-50,6537;"SPRF-RS";"DEL03/RS";"UOP01-DEL03-RS"
770962;2026-05-11;"segunda-feira";"06:50:00";"RS";386;333,2;"MARQUES DE SOUZA";"Demais falhas mecânicas ou elétricas";"Tombamento";"Sem Vítimas";"Pleno dia";"Crescente";"Sol";"Dupla";"Curva";"Não";2;0;0;0;1;1;0;2;-29,373057;-52,061492;"SPRF-RS";"DEL04/RS";"UOP01-DEL04-RS"
770977;2026-05-11;"segunda-feira";"07:15:00";"PR";277;26;"MORRETES";"Demais falhas mecânicas ou elétricas";"Colisão traseira";"Sem Vítimas";"Pleno dia";"Decrescente";"Céu Claro";"Dupla";"Reta";"Não";3;0;0;0;2;1;0;3;-25,535624;-48,76283;"SPRF-PR";"DEL01/PR";"UOP05-DEL01-PR"
770979;2026-04-25;"sábado";"14:16:00";"PR";376;306,6;"ORTIGUEIRA";"Problema com o freio";"Colisão traseira";"Com Vítimas Fatais";"Pleno dia";"Decrescente";"Céu Claro";"Dupla";"Curva;Declive";"Não";10;1;2;1;5;5;3;11;-23,96074;-51,11422;"SPRF-PR";"DEL07/PR";"UOP02-DEL07-PR"
770982;2026-05-11;"segunda-feira";"06:00:00";"MG";381;294;"ANTONIO DIAS";"Ausência de reação do condutor";"Atropelamento de Pedestre";"Com Vítimas Fatais";"Pleno dia";"Decrescente";"Céu Claro";"Dupla";"Curva;Declive";"Não";2;1;0;0;0;1;0;2;-19,625824;-42,860853;"SPRF-MG";"DEL03/MG";"UOP02-DEL03-MG"
770993;2026-05-11;"segunda-feira";"09:30:00";"MG";40;367;"FELIXLANDIA";"Demais falhas mecânicas ou elétricas";"Engavetamento";"Com Vítimas Feridas";"Pleno dia";"Crescente";"Céu Claro";"Simples";"Reta;Aclive";"Não";6;0;2;0;3;2;2;5;-18,7943;-44,80194;"SPRF-MG";"DEL02/MG";"UOP01-DEL02-MG"
770997;2026-05-08;"sexta-feira";"07:45:00";"PR";277;7;"PARANAGUA";"Reação tardia ou ineficiente do condutor";"Colisão lateral mesmo sentido";"Com Vítimas Feridas";"Pleno dia";"Crescente";"Nublado";"Simples";"Viaduto;Aclive";"Sim";2;0;1;0;0;1;1;2;-25,56007232;-48,58301131;"SPRF-PR";"DEL01/PR";"UOP05-DEL01-PR"
771001;2026-05-11;"segunda-feira";"08:00:00";"MG";365;634;"UBERLANDIA";"Manobra de mudança de faixa";"Colisão lateral mesmo sentido";"Com Vítimas Feridas";"Amanhecer";"Decrescente";"Nublado";"Dupla";"Reta";"Não";4;0;1;0;2;2;1;4;-18,8950177;-48,40175048;"SPRF-MG";"DEL15/MG";"UOP01-DEL15-MG"
771005;2026-05-11;"segunda-feira";"09:54:00";"TO";10;437;"PALMAS";"Ausência de reação do condutor";"Colisão traseira";"Com Vítimas Feridas";"Pleno dia";"Decrescente";"Céu Claro";"Dupla";"Aclive;Reta";"Sim";4;0;1;0;3;0;1;2;-10,26704145;-48,30742657;"SPRF-TO";"DEL01-TO";"UOP03-DEL01-TO"
771006;2026-05-11;"segunda-feira";"04:55:00";"CE";122;117,8;"QUIXADA";"Condutor Dormindo";"Colisão lateral sentido oposto";"Com Vítimas Feridas";"Amanhecer";"Crescente";"Céu Claro";"Simples";"Aclive";"Não";3;0;1;0;2;0;1;3;-5,102841;-39,041398;"SPRF-CE";"DEL03/CE";"UOP01-DEL03-CE"
771007;2026-05-11;"segunda-feira";"07:30:00";"RO";364;571;"ITAPUA DO OESTE";"Ultrapassagem Indevida";"Colisão lateral mesmo sentido";"Com Vítimas Feridas";"Pleno dia";"Decrescente";"Céu Claro";"Simples";"Reta";"Não";2;0;1;0;1;0;1;2;-9,23471446;-63;"SPRF-RO";"DEL01-RO";"UOP04-DEL01-RO"
771009;2026-05-11;"segunda-feira";"09:30:00";"PR";163;295;"MARECHAL CANDIDO RONDON";"Condutor deixou de manter distância do veículo da frente";"Colisão traseira";"Sem Vítimas";"Pleno dia";"Decrescente";"Céu Claro";"Simples";"Aclive;Reta";"Não";26;0;0;0;26;0;0;2;-24,49857309;-54,12553716;"SPRF-PR";"DEL06/PR";"UOP02-DEL06-PR"
771016;2026-05-11;"segunda-feira";"11:04:00";"RS";293;195,5;"BAGE";"Suicídio (presumido)";"Colisão frontal";"Com Vítimas Fatais";"Pleno dia";"Crescente";"Céu Claro";"Simples";"Reta";"Não";4;1;1;0;1;2;1;4;-31,255538;-54,203419;"SPRF-RS";"DEL11/RS";"UOP03-DEL11-RS"
771021;2026-05-11;"segunda-feira";"10:07:00";"SP";153;30,1;"NOVA GRANADA";"Desrespeitar a preferência no cruzamento";"Colisão transversal";"Com Vítimas Feridas";"Pleno dia";"Decrescente";"Céu Claro";"Simples";"Reta;Declive;Interseção de Vias";"Não";3;0;1;0;1;3;1;5;-20,540977;-49,330482;"SPRF-SP";"DEL09/SP";"UOP01-DEL09-SP"
771023;2026-04-28;"terça-feira";"11:31:00";"MS";463;34;"DOURADOS";"Reação tardia ou ineficiente do condutor";"Tombamento";"Com Vítimas Feridas";"Pleno dia";"Crescente";"Nublado";"Simples";"Rotatória";"Não";2;0;1;0;0;1;1;2;-22,30075543;-55,10234177;"SPRF-MS";"DEL04/MS";"UOP03-DEL04-MS"
771025;2026-05-11;"segunda-feira";"10:20:00";"MG";262;681,3;"ARAXA";"Reação tardia ou ineficiente do condutor";"Colisão traseira";"Sem Vítimas";"Pleno dia";"Decrescente";"Céu Claro";"Simples";"Aclive;Reta";"Não";6;0;0;0;5;4;0;7;-19,569157;-46,988039;"SPRF-MG";"DEL08/MG";"UOP01-DEL08-MG"
771026;2026-05-11;"segunda-feira";"12:20:00";"PE";428;174;"PETROLINA";"Acessar a via sem observar a presença dos outros veículos";"Colisão transversal";"Com Vítimas Feridas";"Pleno dia";"Crescente";"Céu Claro";"Simples";"Reta;Interseção de Vias";"Sim";3;0;1;0;1;1;1;3;-9,26088;-40,42958;"SPRF-PE";"DEL06/PE";"UOP01-DEL06-PE"
771027;2026-05-11;"segunda-feira";"11:00:00";"PR";163;294;"MARECHAL CANDIDO RONDON";"Condutor deixou de manter distância do veículo da frente";"Colisão traseira";"Sem Vítimas";"Pleno dia";"Crescente";"Sol";"Simples";"Aclive;Reta";"Não";4;0;0;0;3;1;0;3;-24,50522986;-54,12408113;"SPRF-PR";"DEL06/PR";"UOP02-DEL06-PR"
771028;2026-05-11;"segunda-feira";"12:20:00";"PR";369;508,2;"CASCAVEL";"Velocidade Incompatível";"Tombamento";"Com Vítimas Feridas";"Pleno dia";"Decrescente";"Céu Claro";"Múltipla";"Curva;Viaduto";"Não";2;0;1;0;0;2;1;3;-24,96536646;-53,40466473;"SPRF-PR";"DEL04/PR";"UOP01-DEL04-PR"
771037;2026-05-11;"segunda-feira";"01:32:00";"PA";10;61,7;"ULIANOPOLIS";"Pista Escorregadia";"Colisão frontal";"Com Vítimas Fatais";"Plena Noite";"Crescente";"Chuva";"Simples";"Declive";"Não";43;1;0;5;37;0;5;2;-3,907283;-47,528288;"SPRF-PA";"DEL02/PA";"UOP02-DEL02-PA"
771038;2026-05-11;"segunda-feira";"12:00:00";"SC";282;264,7;"SAO JOSE DO CERRITO";"Ultrapassagem Indevida";"Colisão lateral mesmo sentido";"Com Vítimas Feridas";"Pleno dia";"Decrescente";"Céu Claro";"Simples";"Reta";"Não";2;0;1;0;1;0;1;2;-27,622769;-50,634933;"SPRF-SC";"DEL05/SC";"UOP02-DEL05-SC"
771039;2026-05-11;"segunda-feira";"12:00:00";"MG";40;605,4;"CONGONHAS";"Sinalização mal posicionada";"Colisão frontal";"Com Vítimas Feridas";"Pleno dia";"Decrescente";"Nublado";"Simples";"Curva";"Não";4;0;1;1;1;1;2;3;-20,457794;-43,837865;"SPRF-MG";"DEL05/MG";"UOP02-DEL05-MG"
771041;2026-05-11;"segunda-feira";"12:50:00";"MG";365;65,9;"CLARO DOS POCOES";"Velocidade Incompatível";"Colisão frontal";"Com Vítimas Feridas";"Pleno dia";"Crescente";"Céu Claro";"Simples";"Curva";"Não";4;0;2;1;1;0;3;3;-17,034058;-44,318537;"SPRF-MG";"DEL12/MG";"UOP01-DEL12-MG"
771042;2026-05-11;"segunda-feira";"13:30:00";"CE";116;24,8;"AQUIRAZ";"Reação tardia ou ineficiente do condutor";"Colisão traseira";"Com Vítimas Feridas";"Pleno dia";"Decrescente";"Céu Claro";"Dupla";"Reta";"Sim";2;0;1;0;1;0;1;2;-3,96558958;-38,51520834;"SPRF-CE";"DEL01/CE";"UOP02-DEL01-CE"
771048;2026-05-11;"segunda-feira";"11:30:00";"MT";364;551;"ROSARIO OESTE";"Reação tardia ou ineficiente do condutor";"Saída de leito carroçável";"Com Vítimas Feridas";"Pleno dia";"Crescente";"Céu Claro";"Dupla";"Curva";"Não";4;0;0;3;0;3;3;4;-14,785904;-56,388396;"SPRF-MT";"DEL01/MT";"UOP01-DEL01-MT"
771050;2026-05-11;"segunda-feira";"13:30:00";"ES";101;185,1;"ARACRUZ";"Demais falhas mecânicas ou elétricas";"Incêndio";"Sem Vítimas";"Pleno dia";"Crescente";"Céu Claro";"Simples";"Curva;Declive";"Não";1;0;0;0;1;0;0;1;-19,66227589;-40,24456781;"SPRF-ES";"DEL04-ES";"UOP01-DEL04-ES"
771051;2026-05-11;"segunda-feira";"14:00:00";"ES";101;389;"RIO NOVO DO SUL";"Condutor Dormindo";"Saída de leito carroçável";"Sem Vítimas";"Pleno dia";"Crescente";"Chuva";"Simples";"Curva";"Não";3;0;0;0;2;1;0;3;-20,86735342;-40,90398788;"SPRF-ES";"DEL03-ES";"UOP02-DEL03-ES"
771062;2026-05-11;"segunda-feira";"11:20:00";"GO";60;365;"RIO VERDE";"Frear bruscamente";"Incêndio";"Com Vítimas Fatais";"Pleno dia";"Decrescente";"Sol";"Dupla";"Reta";"Não";2;1;0;0;0;1;0;2;-17,671842;-50,824953;"SPRF-GO";"DEL04/GO";"UOP02-DEL04-GO"
771063;2026-05-11;"segunda-feira";"15:30:00";"PR";376;669;"TIJUCAS DO SUL";"Demais falhas mecânicas ou elétricas";"Incêndio";"Sem Vítimas";"Pleno dia";"Crescente";"Céu Claro";"Dupla";"Declive;Reta";"Não";2;0;0;0;1;1;0;2;-25,853101;-48,977316;"SPRF-PR";"DEL01/PR";"UOP04-DEL01-PR"
771064;2026-05-11;"segunda-feira";"15:35:00";"SC";282;257,9;"SAO JOSE DO CERRITO";"Reação tardia ou ineficiente do condutor";"Tombamento";"Com Vítimas Feridas";"Pleno dia";"Decrescente";"Céu Claro";"Simples";"Declive;Curva";"Não";2;0;1;0;0;1;1;2;-27,6565283;-50,5964583;"SPRF-SC";"DEL05/SC";"UOP02-DEL05-SC"
771069;2026-05-11;"segunda-feira";"14:30:00";"PR";277;42;"MORRETES";"Demais falhas mecânicas ou elétricas";"Colisão lateral mesmo sentido";"Com Vítimas Fatais";"Pleno dia";"Decrescente";"Céu Claro";"Dupla";"Curva;Declive;Ponte";"Não";4;1;1;0;1;2;1;4;-25,58881065;-48,87336731;"SPRF-PR";"DEL01/PR";"UOP05-DEL01-PR"
771070;2026-05-11;"segunda-feira";"06:05:00";"PR";163;320;"TERRA ROXA";"Ausência de reação do condutor";"Colisão lateral sentido oposto";"Sem Vítimas";"Amanhecer";"Crescente";"Nublado";"Simples";"Reta";"Não";7;0;0;0;6;4;0;8;-24,34287391;-54,15178299;"SPRF-PR";"DEL06/PR";"UOP01-DEL06-PR"
771074;2026-05-11;"segunda-feira";"16:52:00";"PE";101;65;"RECIFE";"Demais falhas mecânicas ou elétricas";"Incêndio";"Sem Vítimas";"Pleno dia";"Crescente";"Garoa/Chuvisco";"Múltipla";"Reta";"Sim";1;0;0;0;1;0;0;1;-8,02929;-34,94297;"SPRF-PE";"DEL01/PE";"UOP01-DEL01-PE"
771076;2026-05-04;"segunda-feira";"21:40:00";"MS";262;272,7;"RIBAS DO RIO PARDO";"Ausência de reação do condutor";"Colisão traseira";"Sem Vítimas";"Plena Noite";"Decrescente";"Nublado";"Simples";"Reta";"Não";2;0;0;0;0;2;0;2;-20,46292;-54,04447;"SPRF-MS";"DEL01/MS";"UOP05-DEL01-MS"
771083;2026-05-11;"segunda-feira";"13:30:00";"RO";364;429;"JARU";"Curva acentuada";"Colisão lateral sentido oposto";"Com Vítimas Fatais";"Pleno dia";"Crescente";"Céu Claro";"Simples";"Curva;Declive";"Não";3;1;0;0;1;3;0;5;-10,41456556;-62,50651233;"SPRF-RO";"DEL03-RO";"UOP02-DEL03-RO"
771085;2026-05-11;"segunda-feira";"17:25:00";"ES";259;34,8;"COLATINA";"Demais falhas mecânicas ou elétricas";"Colisão com objeto";"Com Vítimas Feridas";"Anoitecer";"Crescente";"Céu Claro";"Simples";"Curva";"Não";11;0;7;1;2;1;8;3;-19,56368925;-40,49945574;"SPRF-ES";"DEL02-ES";"UOP01-DEL02-ES"
771090;2026-05-11;"segunda-feira";"16:20:00";"RS";153;587,9;"BAGE";"Pista esburacada";"Saída de leito carroçável";"Com Vítimas Feridas";"Pleno dia";"Decrescente";"Céu Claro";"Simples";"Curva";"Não";3;0;1;0;1;1;1;2;-31,101384;-53,743864;"SPRF-RS";"DEL11/RS";"UOP03-DEL11-RS"