"id";"data_inversa";"dia_semana";"horario";"uf";"br";"km";"municipio";"causa_acidente";"tipo_acidente";"classificacao_acidente";"fase_dia";"sentido_via";"condicao_metereologica";"tipo_pista";"tracado_via";"uso_solo";"pessoas";"mortos";"feridos_leves";"feridos_graves";"ilesos";"ignorados";"feridos";"veiculos";"latitude";"longitude";"regional";"delegacia";"uop"
771374;2026-05-13;"quarta-feira";"03:40:00";"PE";232;21,5;"MORENO";"Demais falhas mecânicas ou elétricas";"Incêndio";"Sem Vítimas";"Plena Noite";"Crescente";"Céu Claro";"Dupla";"Reta";"Não";1;0;0;0;1;0;0;1;-8,09705492;-35,08230384;"SPRF-PE";"DEL02/PE";"UOP02-DEL02PE"
771376;2026-05-13;"quarta-feira";"05:05:00";"SC";101;146;"ITAPEMA";"Ingestão de álcool pelo condutor";"Colisão traseira";"Sem Vítimas";"Plena Noite";"Crescente";"Nublado";"Dupla";"Reta";"Sim";3;0;0;0;1;2;0;3;-27,08667216;-48,60944716;"SPRF-SC";"DEL04/SC";"UOP03-DEL04-SC"
771377;2026-05-13;"quarta-feira";"05:10:00";"PR";476;153,5;"ARAUCARIA";"Transitar na contramão";"Colisão frontal";"Com Vítimas Fatais";"Plena Noite";"Decrescente";"Céu Claro";"Dupla";"Reta;Aclive";"Sim";4;1;1;0;1;1;1;3;-25,57969534;-49,39536314;"SPRF-PR";"DEL01/PR";"UOP06-DEL01-PR"
771383;2026-05-13;"quarta-feira";"01:15:00";"MG";381;533;"ITATIAIUCU";"Manobra de mudança de faixa";"Saída de leito carroçável";"Sem Vítimas";"Plena Noite";"Decrescente";"Nublado";"Dupla";"Reta";"Não";2;0;0;0;0;2;0;2;-20,171621;-44,373761;"SPRF-MG";"DEL04/MG";"UOP03-DEL04-MG"
771384;2026-05-13;"quarta-feira";"04:45:00";"SC";101;146;"ITAPEMA";"Demais falhas mecânicas ou elétricas";"Incêndio";"Sem Vítimas";"Amanhecer";"Crescente";"Nublado";"Dupla";"Reta";"Sim";2;0;0;0;1;1;0;2;-27,0875796;-48,6110243;"SPRF-SC";"DEL04/SC";"UOP03-DEL04-SC"
771388;2026-04-07;"terça-feira";"23:45:00";"PR";153;506;"GENERAL CARNEIRO";"Objeto estático sobre o leito carroçável";"Saída de leito carroçável";"Com Vítimas Feridas";"Plena Noite";"Crescente";"Chuva";"Simples";"Reta";"Não";2;0;1;0;0;1;1;2;-26,53053347;-51,37074781;"SPRF-PR";"DEL02/PR";"UOP03-DEL02-PR"
771390;2026-05-13;"quarta-feira";"07:00:00";"RJ";101;58;"CAMPOS DOS GOYTACAZES";"Acessar a via sem observar a presença dos outros veículos";"Colisão transversal";"Com Vítimas Feridas";"Pleno dia";"Decrescente";"Céu Claro";"Simples";"Reta;Interseção de Vias";"Não";3;0;1;0;1;2;1;4;-21,708843;-41,309079;"SPRF-RJ";"DEL08/RJ";"UOP01-DEL08-RJ"
771403;2026-05-05;"terça-feira";"04:00:00";"GO";153;334;"JARAGUA";"Reação tardia ou ineficiente do condutor";"Saída de leito carroçável";"Com Vítimas Feridas";"Plena Noite";"Decrescente";"Céu Claro";"Simples";"Curva";"Não";1;0;1;0;0;0;1;1;-15,56147202;-49,42308715;"SPRF-GO";"DEL02/GO";"UOP02-DEL02-GO"
771404;2026-05-13;"quarta-feira";"05:45:00";"PI";343;290,8;"ALTOS";"Velocidade Incompatível";"Colisão lateral sentido oposto";"Sem Vítimas";"Plena Noite";"Crescente";"Céu Claro";"Dupla";"Reta";"Não";3;0;0;0;1;3;0;4;-4,950744;-42,349724;"SPRF-PI";"DEL01-PI";"UOP03-DEL01-PI"
771406;2026-05-10;"domingo";"07:00:00";"MG";381;421,9;"CAETE";"Ausência de reação do condutor";"Colisão lateral mesmo sentido";"Com Vítimas Feridas";"Pleno dia";"Crescente";"Céu Claro";"Dupla";"Curva";"Não";4;0;1;0;2;3;1;5;-19,79412831;-43,67987959;"SPRF-MG";"DEL01/MG";"UOP01-DEL01-MG"
771413;2026-05-12;"terça-feira";"13:05:00";"PA";163;430,6;"ITAITUBA";"Velocidade Incompatível";"Tombamento";"Com Vítimas Feridas";"Pleno dia";"Crescente";"Nublado";"Simples";"Declive;Reta";"Não";3;0;1;0;1;2;1;3;-6,0730491;-55,6613866;"SPRF-PA";"DEL05/PA";"UOP03-DEL05-PA"
771418;2026-03-15;"domingo";"06:20:00";"GO";153;332,9;"JARAGUA";"Manobra de mudança de faixa";"Colisão frontal";"Com Vítimas Fatais";"Amanhecer";"Crescente";"Nevoeiro/Neblina";"Simples";"Reta";"Não";3;1;0;0;1;1;0;3;-15,555308;-49,427222;"SPRF-GO";"DEL02/GO";"UOP02-DEL02-GO"
771419;2026-05-13;"quarta-feira";"07:45:00";"AL";423;72;"AGUA BRANCA";"Reação tardia ou ineficiente do condutor";"Colisão lateral sentido oposto";"Com Vítimas Feridas";"Pleno dia";"Crescente";"Céu Claro";"Simples";"Declive;Reta";"Não";3;0;1;1;1;0;2;2;-9,310323;-37,917282;"SPRF-AL";"DEL03-AL";"UOP02-DEL03-AL"
771421;2026-05-13;"quarta-feira";"06:25:00";"MA";10;300;"SAO FRANCISCO DO BREJAO";"Acessar a via sem observar a presença dos outros veículos";"Colisão transversal";"Com Vítimas Feridas";"Pleno dia";"Decrescente";"Céu Claro";"Simples";"Reta";"Sim";3;0;0;1;1;2;1;4;-5,10781;-47,55135;"SPRF-MA";"DEL04-MA";"UOP03-DEL04-MA"
771422;2026-05-13;"quarta-feira";"10:00:00";"BA";324;535;"CONCEICAO DO JACUIPE";"Condutor deixou de manter distância do veículo da frente";"Colisão lateral mesmo sentido";"Com Vítimas Feridas";"Pleno dia";"Decrescente";"Céu Claro";"Dupla";"Reta";"Não";2;0;1;0;1;0;1;2;-12,3615383;-38,823505;"SPRF-BA";"DEL11/BA";"UOP02-DEL11-BA"
771423;2026-02-09;"segunda-feira";"22:04:00";"PA";163;483;"ITAITUBA";"Condutor deixou de manter distância do veículo da frente";"Colisão traseira";"Sem Vítimas";"Plena Noite";"Decrescente";"Céu Claro";"Simples";"Reta";"Não";2;0;0;0;0;2;0;2;-5,646523;-55,789023;"SPRF-PA";"DEL05/PA";"UOP03-DEL05-PA"
771424;2026-05-12;"terça-feira";"13:40:00";"PA";10;139,8;"PARAGOMINAS";"Demais falhas mecânicas ou elétricas";"Incêndio";"Sem Vítimas";"Pleno dia";"Crescente";"Céu Claro";"Simples";"Aclive;Reta";"Não";2;0;0;0;1;1;0;2;-3,214642;-47,481362;"SPRF-PA";"DEL02/PA";"UOP01-DEL02-PA"
771426;2026-05-13;"quarta-feira";"10:55:00";"MG";381;501;"BETIM";"Ausência de reação do condutor";"Colisão com objeto";"Com Vítimas Feridas";"Pleno dia";"Crescente";"Sol";"Múltipla";"Reta";"Sim";1;0;0;1;0;0;1;1;-20,010002;-44,218225;"SPRF-MG";"DEL01/MG";"UOP03-DEL01-MG"
771429;2026-05-13;"quarta-feira";"10:30:00";"DF";251;9;"BRASILIA";"Ausência de reação do condutor";"Colisão lateral sentido oposto";"Com Vítimas Feridas";"Pleno dia";"Decrescente";"Nublado";"Simples";"Reta";"Não";2;0;1;0;1;0;1;2;-15,95784767;-47,67168939;"SPRF-DF";"DEL01-DF";"UOP01-DEL01-DF"
771430;2026-05-13;"quarta-feira";"11:30:00";"SP";116;165;"JACAREI";"Reação tardia ou ineficiente do condutor";"Colisão traseira";"Sem Vítimas";"Pleno dia";"Crescente";"Céu Claro";"Múltipla";"Reta";"Não";3;0;0;0;2;1;0;3;-23,29701324;-46,00913552;"SPRF-SP";"DEL02/SP";"UOP01-DEL02-SP"
771431;2026-05-13;"quarta-feira";"09:30:00";"SC";101;335,1;"TUBARAO";"Carga excessiva e/ou mal acondicionada";"Eventos atípicos";"Com Vítimas Feridas";"Pleno dia";"Decrescente";"Sol";"Múltipla";"Reta";"Sim";2;0;1;0;1;0;1;2;-28,47579296;-49,02815223;"SPRF-SC";"DEL02/SC";"UOP01-DEL02-SC"
771432;2026-03-30;"segunda-feira";"21:05:00";"PR";376;678;"GUARATUBA";"Demais falhas mecânicas ou elétricas";"Incêndio";"Sem Vítimas";"Plena Noite";"Crescente";"Garoa/Chuvisco";"Dupla";"Reta";"Não";2;0;0;0;1;1;0;2;-25,95786802;-48,90079879;"SPRF-PR";"DEL01/PR";"UOP04-DEL01-PR"
771435;2026-05-13;"quarta-feira";"11:20:00";"MG";267;63,8;"BICAS";"Ultrapassagem Indevida";"Colisão lateral sentido oposto";"Com Vítimas Feridas";"Pleno dia";"Crescente";"Céu Claro";"Simples";"Reta";"Não";6;0;1;3;2;0;4;3;-21,739967;-43,102994;"SPRF-MG";"DEL05/MG";"UOP01-DEL05-MG"
771436;2026-05-13;"quarta-feira";"11:03:00";"GO";452;10;"RIO VERDE";"Condutor deixou de manter distância do veículo da frente";"Colisão lateral mesmo sentido";"Com Vítimas Feridas";"Pleno dia";"Crescente";"Céu Claro";"Simples";"Reta;Aclive";"Não";2;0;1;1;0;0;2;2;-17,82647;-50,83515776;"SPRF-GO";"DEL04/GO";"UOP01-DEL04-GO"
771441;2026-05-13;"quarta-feira";"10:50:00";"SC";470;119;"IBIRAMA";"Manobra de mudança de faixa";"Colisão lateral mesmo sentido";"Sem Vítimas";"Pleno dia";"Crescente";"Céu Claro";"Múltipla";"Curva;Aclive";"Sim";3;0;0;0;2;1;0;3;-27,08410306;-49,51979578;"SPRF-SC";"DEL04/SC";"UOP02-DEL04-SC"
771442;2026-05-13;"quarta-feira";"11:30:00";"SP";116;435;"REGISTRO";"Reação tardia ou ineficiente do condutor";"Tombamento";"Com Vítimas Feridas";"Pleno dia";"Decrescente";"Céu Claro";"Dupla";"Reta";"Não";4;0;1;2;0;1;3;2;-24,43080312;-47,78663127;"SPRF-SP";"DEL05/SP";"UOP01-DEL05-SP"
771443;2026-05-13;"quarta-feira";"09:00:00";"MG";116;353,2;"JAMPRUCA";"Velocidade Incompatível";"Colisão lateral sentido oposto";"Com Vítimas Feridas";"Pleno dia";"Decrescente";"Nublado";"Simples";"Declive;Curva";"Não";4;0;0;1;2;1;1;3;-18,40764;-41,818253;"SPRF-MG";"DEL11/MG";"UOP01-DEL11-MG"
771446;2026-05-13;"quarta-feira";"08:30:00";"MA";222;334,7;"IGARAPE DO MEIO";"Manobra de mudança de faixa";"Tombamento";"Sem Vítimas";"Pleno dia";"Decrescente";"Céu Claro";"Simples";"Reta";"Não";2;0;0;0;1;2;0;3;-3,62349;-45,15437;"SPRF-MA";"DEL02-MA";"UOP01-DEL02-MA"
771449;2026-05-13;"quarta-feira";"13:00:00";"SE";101;199;"CRISTINAPOLIS";"Acessar a via sem observar a presença dos outros veículos";"Colisão transversal";"Com Vítimas Feridas";"Pleno dia";"Crescente";"Céu Claro";"Simples";"Reta";"Sim";3;0;0;1;1;1;1;3;-11,47757621;-37,75793399;"SPRF-SE";"DEL02-SE";"UOP03-DEL02-SE"
771454;2026-05-13;"quarta-feira";"12:28:00";"MG";262;645,6;"IBIA";"Reação tardia ou ineficiente do condutor";"Colisão lateral sentido oposto";"Com Vítimas Feridas";"Pleno dia";"Crescente";"Céu Claro";"Simples";"Reta";"Não";3;0;1;0;1;3;1;5;-19,57493;-46,68661;"SPRF-MG";"DEL08/MG";"UOP01-DEL08-MG"
771456;2026-04-07;"terça-feira";"23:20:00";"MG";381;386;"BARAO DE COCAIS";"Mal súbito do condutor";"Colisão com objeto";"Sem Vítimas";"Plena Noite";"Crescente";"Céu Claro";"Dupla";"Reta";"Sim";2;0;0;0;1;1;0;2;-19,78735345;-43,43010591;"SPRF-MG";"DEL01/MG";"UOP01-DEL01-MG"
771459;2026-03-18;"quarta-feira";"16:40:00";"RJ";40;117;"DUQUE DE CAXIAS";"Ausência de sinalização";"Colisão com objeto";"Com Vítimas Feridas";"Pleno dia";"Crescente";"Nublado";"Dupla";"Reta";"Sim";4;0;2;0;1;1;2;3;-22,75255777;-43,28769279;"SPRF-RJ";"DEL01/RJ";"UOP02-DEL01-RJ"
771462;2026-04-23;"quinta-feira";"11:30:00";"RJ";393;235,9;"VASSOURAS";"Desrespeitar a preferência no cruzamento";"Colisão transversal";"Com Vítimas Feridas";"Pleno dia";"Crescente";"Céu Claro";"Simples";"Interseção de Vias";"Sim";6;0;0;1;2;3;1;5;-22,41950363;-43,68159235;"SPRF-RJ";"DEL05/RJ";"UOP03-DEL05-RJ"
771463;2026-05-13;"quarta-feira";"08:32:00";"MT";364;513,4;"ROSARIO OESTE";"Condutor deixou de manter distância do veículo da frente";"Engavetamento";"Com Vítimas Feridas";"Pleno dia";"Decrescente";"Ignorado";"Simples";"Reta";"Não";5;0;2;0;2;5;2;9;-15,13538216;-56,52210951;"SPRF-MT";"DEL01/MT";"UOP01-DEL01-MT"
771465;2026-05-04;"segunda-feira";"21:00:00";"GO";364;279;"MINEIROS";"Carga excessiva e/ou mal acondicionada";"Tombamento";"Com Vítimas Fatais";"Plena Noite";"Decrescente";"Céu Claro";"Simples";"Ponte;Reta;Aclive";"Não";3;1;0;0;0;2;0;3;-17,6280456;-52,3843499;"SPRF-GO";"DEL05/GO";"UOP01-DEL05-GO"
771466;2026-05-13;"quarta-feira";"14:20:00";"PE";101;80,9;"JABOATAO DOS GUARARAPES";"Reação tardia ou ineficiente do condutor";"Colisão traseira";"Com Vítimas Feridas";"Pleno dia";"Decrescente";"Nublado";"Dupla";"Reta";"Sim";4;0;1;1;2;0;2;2;-8,15904;-34,94054;"SPRF-PE";"DEL01/PE";"UOP01-DEL01-PE"
771467;2026-02-20;"sexta-feira";"14:00:00";"PA";153;83,5;"BREJO GRANDE DO ARAGUAIA";"Demais falhas mecânicas ou elétricas";"Incêndio";"Sem Vítimas";"Pleno dia";"Crescente";"Céu Claro";"Simples";"Reta";"Não";2;0;0;0;1;1;0;2;-5,8321;-48,623316;"SPRF-PA";"DEL03/PA";"UOP01-DEL03-PA"
771469;2026-05-13;"quarta-feira";"13:30:00";"SC";101;45;"JOINVILLE";"Condutor usando celular";"Colisão traseira";"Com Vítimas Feridas";"Pleno dia";"Decrescente";"Céu Claro";"Múltipla";"Reta;Declive";"Sim";4;0;3;0;1;0;3;4;-26,35132315;-48,85799758;"SPRF-SC";"DEL03/SC";"UOP01-DEL03-SC"
771470;2026-05-13;"quarta-feira";"15:20:00";"PE";408;74;"PAUDALHO";"Acessar a via sem observar a presença dos outros veículos";"Colisão traseira";"Sem Vítimas";"Pleno dia";"Decrescente";"Nublado";"Dupla";"Reta";"Não";2;0;0;0;1;1;0;2;-7,9378;-35,127189;"SPRF-PE";"DEL01/PE";"UOP01-DEL01-PE"
771475;2026-05-13;"quarta-feira";"15:15:00";"MT";364;446;"VARZEA GRANDE";"Acessar a via sem observar a presença dos outros veículos";"Colisão transversal";"Com Vítimas Feridas";"Pleno dia";"Crescente";"Céu Claro";"Simples";"Curva";"Não";2;0;1;0;1;0;1;2;-15,57641151;-56,24107361;"SPRF-MT";"DEL01/MT";"UOP02-DEL01-MT"
771477;2026-05-13;"quarta-feira";"16:10:00";"MG";365;707;"MONTE ALEGRE DE MINAS";"Condutor deixou de manter distância do veículo da frente";"Colisão traseira";"Com Vítimas Feridas";"Pleno dia";"Decrescente";"Céu Claro";"Simples";"Reta;Aclive";"Não";4;0;1;0;2;3;1;6;-18,87910065;-49,06802528;"SPRF-MG";"DEL15/MG";"UOP03-DEL15-MG"
771482;2026-05-12;"terça-feira";"09:10:00";"SP";116;156,9;"SAO JOSE DOS CAMPOS";"Ausência de reação do condutor";"Colisão traseira";"Com Vítimas Feridas";"Pleno dia";"Decrescente";"Nublado";"Múltipla";"Reta";"Sim";2;0;1;0;1;0;1;2;-23,25088111;-45,93741864;"SPRF-SP";"DEL02/SP";"UOP01-DEL02-SP"
771488;2026-05-13;"quarta-feira";"15:40:00";"CE";20;359,8;"CARIDADE";"Chuva";"Colisão com objeto";"Com Vítimas Feridas";"Pleno dia";"Decrescente";"Chuva";"Simples";"Declive;Reta";"Não";1;0;1;0;0;0;1;1;-4,031253;-38,991957;"SPRF-CE";"DEL02/CE";"UOP01-DEL02-CE"
771490;2026-05-13;"quarta-feira";"11:00:00";"RS";472;156,4;"SANTA ROSA";"Acessar a via sem observar a presença dos outros veículos";"Colisão transversal";"Com Vítimas Feridas";"Pleno dia";"Decrescente";"Céu Claro";"Simples";"Reta;Interseção de Vias";"Não";6;0;3;0;2;1;3;3;-27,841788;-54,43485;"SPRF-RS";"DEL10/RS";"UOP01-DEL10-RS"
771494;2026-05-13;"quarta-feira";"15:56:00";"SC";101;36,5;"JOINVILLE";"Velocidade Incompatível";"Capotamento";"Com Vítimas Feridas";"Pleno dia";"Decrescente";"Céu Claro";"Dupla";"Reta";"Não";3;0;0;1;1;1;1;3;-26,27892097;-48,89095053;"SPRF-SC";"DEL03/SC";"UOP01-DEL03-SC"
771498;2026-05-13;"quarta-feira";"17:50:00";"RJ";101;319;"NITEROI";"Ausência de reação do condutor";"Colisão traseira";"Com Vítimas Fatais";"Anoitecer";"Decrescente";"Céu Claro";"Dupla";"Reta";"Sim";5;1;0;0;4;0;0;3;-22,85763589;-43,10405848;"SPRF-RJ";"DEL02/RJ";"UOP02-DEL02-RJ"
771501;2026-05-09;"sábado";"18:30:00";"BA";116;581;"NOVA ITARANA";"Transitar na contramão";"Saída de leito carroçável";"Com Vítimas Feridas";"Plena Noite";"Crescente";"Céu Claro";"Múltipla";"Curva";"Não";3;0;1;0;1;9;1;10;-13,1045549;-39,9932663;"SPRF-BA";"DEL03/BA";"UOP02-DEL03-BA"
771517;2026-05-13;"quarta-feira";"19:20:00";"MG";40;656;"CRISTIANO OTONI";"Velocidade Incompatível";"Saída de leito carroçável";"Com Vítimas Feridas";"Plena Noite";"Crescente";"Garoa/Chuvisco";"Simples";"Curva";"Não";1;0;1;0;0;0;1;1;-20,874336;-43,801264;"SPRF-MG";"DEL05/MG";"UOP02-DEL05-MG"
771518;2026-05-13;"quarta-feira";"18:20:00";"SC";280;210,6;"TRES BARRAS";"Acessar a via sem observar a presença dos outros veículos";"Colisão transversal";"Com Vítimas Feridas";"Plena Noite";"Crescente";"Nublado";"Simples";"Reta;Interseção de Vias";"Não";4;0;1;1;1;1;2;3;-26,17533;-50,17378;"SPRF-SC";"DEL06/SC";"UOP04-DEL06-SC"
771524;2026-05-13;"quarta-feira";"13:15:00";"PR";373;473,7;"CORONEL VIVIDA";"Velocidade Incompatível";"Tombamento";"Com Vítimas Feridas";"Pleno dia";"Crescente";"Céu Claro";"Simples";"Curva";"Não";2;0;1;0;0;1;1;2;-25,96288596;-52,51934998;"SPRF-PR";"DEL02/PR";"UOP01-DEL02-PR"
771533;2026-05-13;"quarta-feira";"19:00:00";"SP";116;281;"EMBU DAS ARTES";"Trafegar com motocicleta (ou similar) entre as faixas";"Colisão traseira";"Com Vítimas Fatais";"Plena Noite";"Crescente";"Nublado";"Dupla";"Reta";"Não";4;1;0;0;2;1;0;4;-23,65429076;-46,84896304;"SPRF-SP";"DEL04/SP";"UOP01-DEL04-SP"
771535;2026-05-13;"quarta-feira";"20:30:00";"PE";232;10;"JABOATAO DOS GUARARAPES";"Condutor Dormindo";"Colisão com objeto";"Com Vítimas Feridas";"Pleno dia";"Decrescente";"Céu Claro";"Dupla";"Reta";"Sim";3;0;1;0;2;0;1;2;-8,078245;-34,98108;"SPRF-PE";"DEL01/PE";"UOP01-DEL01-PE"
771538;2026-05-13;"quarta-feira";"18:15:00";"RJ";116;143;"DUQUE DE CAXIAS";"Reação tardia ou ineficiente do condutor";"Colisão traseira";"Com Vítimas Feridas";"Anoitecer";"Decrescente";"Céu Claro";"Dupla";"Reta";"Não";2;0;0;1;1;0;1;2;-22,64958329;-43,23269033;"SPRF-RJ";"DEL01/RJ";"UOP02-DEL01-RJ"
771541;2026-05-13;"quarta-feira";"19:30:00";"GO";158;121;"PIRANHAS";"Condutor Dormindo";"Tombamento";"Com Vítimas Feridas";"Plena Noite";"Decrescente";"Céu Claro";"Simples";"Declive";"Não";2;0;0;1;0;1;1;2;-16,47567093;-51,78815335;"SPRF-GO";"DEL04/GO";"UOP02-DEL04-GO"
771543;2026-05-13;"quarta-feira";"20:06:00";"MT";364;232;"RONDONOPOLIS";"Demais falhas na via";"Saída de leito carroçável";"Com Vítimas Fatais";"Plena Noite";"Crescente";"Céu Claro";"Dupla";"Reta;Em Obras";"Não";2;1;0;0;0;1;0;2;-16,250476;-54,779608;"SPRF-MT";"DEL02/MT";"UOP01-DEL02-MT"
771547;2026-05-13;"quarta-feira";"11:55:00";"SC";282;514;"XAXIM";"Demais falhas mecânicas ou elétricas";"Incêndio";"Sem Vítimas";"Pleno dia";"Crescente";"Céu Claro";"Simples";"Reta";"Não";2;0;0;0;1;2;0;3;-26,93291554;-52,49859206;"SPRF-SC";"DEL07/SC";"UOP01-DEL07-SC"
771549;2026-05-13;"quarta-feira";"20:12:00";"PR";153;476;"PORTO VITORIA";"Condutor Dormindo";"Colisão frontal";"Com Vítimas Fatais";"Plena Noite";"Crescente";"Céu Claro";"Simples";"Reta";"Não";3;1;1;0;0;2;1;4;-26,31331789;-51,21871128;"SPRF-PR";"DEL02/PR";"UOP03-DEL02-PR"
771550;2026-05-13;"quarta-feira";"22:00:00";"PR";369;51,8;"BANDEIRANTES";"Velocidade Incompatível";"Tombamento";"Com Vítimas Feridas";"Plena Noite";"Decrescente";"Céu Claro";"Simples";"Curva";"Não";2;0;1;0;0;1;1;2;-23,11079925;-50,33454895;"SPRF-PR";"DEL07/PR";"UOP05-DEL07-PR"
771552;2026-05-13;"quarta-feira";"22:40:00";"PI";343;315,5;"ALTOS";"Ausência de reação do condutor";"Colisão lateral sentido oposto";"Com Vítimas Feridas";"Plena Noite";"Decrescente";"Céu Claro";"Simples";"Reta";"Não";2;0;1;0;1;0;1;2;-5,046945;-42,531687;"SPRF-PI";"DEL01-PI";"UOP01-DEL01-PI"
771555;2026-05-13;"quarta-feira";"21:35:00";"PE";116;47;"SALGUEIRO";"Transitar na contramão";"Colisão lateral sentido oposto";"Com Vítimas Feridas";"Plena Noite";"Decrescente";"Céu Claro";"Simples";"Reta";"Não";5;0;2;0;0;3;2;3;-8,254597;-39,1149;"SPRF-PE";"DEL05/PE";"UOP01-DEL05-PE"
771557;2026-05-14;"quinta-feira";"00:30:00";"MG";153;47;"MONTE ALEGRE DE MINAS";"Condutor Dormindo";"Saída de leito carroçável";"Com Vítimas Feridas";"Plena Noite";"Decrescente";"Céu Claro";"Dupla";"Declive";"Não";1;0;1;0;0;0;1;1;-18,7923962;-49,084929;"SPRF-MG";"DEL15/MG";"UOP03-DEL15-MG"
771560;2026-05-14;"quinta-feira";"01:38:00";"SP";116;230;"SAO PAULO";"Manobra de mudança de faixa";"Tombamento";"Sem Vítimas";"Plena Noite";"Decrescente";"Céu Claro";"Múltipla";"Reta;Interseção de Vias";"Sim";1;0;0;0;1;0;0;1;-23,52046757;-46,5840238;"SPRF-SP";"DEL01/SP";"UOP01-DEL01-SP"
771561;2026-05-14;"quinta-feira";"02:50:00";"MG";40;451,9;"CAETANOPOLIS";"Chuva";"Saída de leito carroçável";"Com Vítimas Feridas";"Plena Noite";"Crescente";"Nublado";"Dupla";"Reta";"Sim";2;0;0;1;1;0;1;1;-19,331981;-44,36216;"SPRF-MG";"DEL02/MG";"UOP01-DEL02-MG"
771565;2026-05-14;"quinta-feira";"04:30:00";"BA";407;105,5;"JAGUARARI";"Transitar na contramão";"Colisão frontal";"Com Vítimas Feridas";"Plena Noite";"Decrescente";"Céu Claro";"Simples";"Reta";"Não";3;0;1;1;0;1;2;3;-10,26942;-40,17943;"SPRF-BA";"DEL04/BA";"UOP01-DEL04-BA"
771572;2026-05-14;"quinta-feira";"04:16:00";"MS";60;66;"PARAISO DAS AGUAS";"Reação tardia ou ineficiente do condutor";"Saída de leito carroçável";"Com Vítimas Feridas";"Amanhecer";"Crescente";"Ignorado";"Simples";"Declive;Curva";"Não";2;0;0;1;0;1;1;2;-19,06107246;-53,02595325;"SPRF-MS";"DEL06/MS";"UOP02-DEL06-MS"
771573;2026-05-14;"quinta-feira";"04:00:00";"MG";262;428,7;"NOVA SERRANA";"Reação tardia ou ineficiente do condutor";"Colisão traseira";"Sem Vítimas";"Plena Noite";"Decrescente";"Garoa/Chuvisco";"Dupla";"Reta;Aclive";"Não";5;0;0;0;4;1;0;3;-19,888888;-44,890343;"SPRF-MG";"DEL08/MG";"UOP03-DEL08-MG"
771581;2026-05-14;"quinta-feira";"05:00:00";"SC";282;561,9;"NOVA ERECHIM";"Estacionar ou parar em local proibido";"Colisão traseira";"Com Vítimas Feridas";"Plena Noite";"Crescente";"Céu Claro";"Simples";"Reta";"Não";10;0;8;0;1;2;8;4;-26,920715;-52,860401;"SPRF-SC";"DEL07/SC";"UOP02-DEL07-SC"
771584;2026-05-13;"quarta-feira";"21:00:00";"MA";330;91,9;"TASSO FRAGOSO";"Ingestão de álcool pelo condutor";"Saída de leito carroçável";"Com Vítimas Fatais";"Plena Noite";"Decrescente";"Nublado";"Simples";"Declive;Curva";"Não";2;1;0;0;0;3;0;4;-8,288533;-46,015527;"SPRF-MA";"DEL05-MA";"UOP01-DEL05-MA"
771591;2026-05-14;"quinta-feira";"06:20:00";"BA";110;145,8;"RIBEIRA DO POMBAL";"Velocidade Incompatível";"Tombamento";"Com Vítimas Fatais";"Pleno dia";"Crescente";"Céu Claro";"Simples";"Declive;Reta;Interseção de Vias";"Não";2;1;1;0;0;0;1;1;-10,6358;-38,4014;"SPRF-BA";"DEL07/BA";"UOP02-DEL07-BA"
771595;2026-04-29;"quarta-feira";"03:30:00";"MG";381;357;"SAO GONCALO DO RIO ABAIXO";"Reação tardia ou ineficiente do condutor";"Tombamento";"Com Vítimas Feridas";"Plena Noite";"Crescente";"Céu Claro";"Simples";"Curva;Declive";"Não";3;0;1;1;0;1;2;2;-19,8521131;-43,21804611;"SPRF-MG";"DEL03/MG";"UOP01-DEL03-MG"
771598;2026-05-08;"sexta-feira";"00:40:00";"MG";381;500;"BETIM";"Velocidade Incompatível";"Tombamento";"Com Vítimas Feridas";"Plena Noite";"Crescente";"Céu Claro";"Múltipla";"Reta";"Sim";4;0;1;2;0;1;3;3;-19,99341181;-44,20790546;"SPRF-MG";"DEL01/MG";"UOP03-DEL01-MG"
771600;2026-05-14;"quinta-feira";"08:40:00";"PR";277;117;"CAMPO LARGO";"Reação tardia ou ineficiente do condutor";"Colisão traseira";"Com Vítimas Feridas";"Pleno dia";"Decrescente";"Céu Claro";"Dupla";"Aclive;Reta";"Sim";2;0;0;1;1;0;1;2;-25,44334;-49,457153;"SPRF-PR";"DEL01/PR";"UOP07-DEL01-PR"
771604;2026-05-14;"quinta-feira";"07:45:00";"PA";316;56;"CASTANHAL";"Transitar na contramão";"Tombamento";"Com Vítimas Fatais";"Pleno dia";"Decrescente";"Nublado";"Dupla";"Reta";"Não";2;1;0;0;1;0;0;2;-1,299601;-47,97253;"SPRF-PA";"DEL01/PA";"UOP01-DEL01-PA"
771607;2026-05-14;"quinta-feira";"05:10:00";"SE";101;75,8;"MARUIM";"Avarias e/ou desgaste excessivo no pneu";"Saída de leito carroçável";"Com Vítimas Feridas";"Amanhecer";"Decrescente";"Ignorado";"Dupla";"Curva;Declive";"Não";1;0;1;0;0;0;1;1;-10,77250726;-37,12350782;"SPRF-SE";"DEL01-SE";"UOP01-DEL01-SE"
771609;2026-05-14;"quinta-feira";"08:15:00";"SP";116;101,6;"PINDAMONHANGABA";"Manobra de mudança de faixa";"Colisão lateral mesmo sentido";"Com Vítimas Feridas";"Pleno dia";"Decrescente";"Céu Claro";"Dupla";"Reta";"Não";4;0;1;0;2;1;1;3;-22,99225444;-45,48419164;"SPRF-SP";"DEL08/SP";"UOP01-DEL08-SP"