"id";"data_inversa";"dia_semana";"horario";"uf";"br";"km";"municipio";"causa_acidente";"tipo_acidente";"classificacao_acidente";"fase_dia";"sentido_via";"condicao_metereologica";"tipo_pista";"tracado_via";"uso_solo";"pessoas";"mortos";"feridos_leves";"feridos_graves";"ilesos";"ignorados";"feridos";"veiculos";"latitude";"longitude";"regional";"delegacia";"uop"
771610;2026-05-14;"quinta-feira";"09:00:00";"MG";365;591;"ARAGUARI";"Ausência de reação do condutor";"Colisão com objeto";"Com Vítimas Feridas";"Pleno dia";"Crescente";"Céu Claro";"Simples";"Declive";"Não";2;0;1;0;0;2;1;3;-18,88127055;-48,04782294;"SPRF-MG";"DEL15/MG";"UOP02-DEL15-MG"
771614;2026-05-14;"quinta-feira";"00:22:00";"PA";163;671;"ITAITUBA";"Transitar na contramão";"Saída de leito carroçável";"Com Vítimas Feridas";"Plena Noite";"Decrescente";"Chuva";"Simples";"Curva;Declive";"Não";3;0;1;0;0;4;1;5;-4,37662661;-55,7859656;"SPRF-PA";"DEL05/PA";"UOP02-DEL05-PA"
771617;2026-03-27;"sexta-feira";"16:00:00";"RJ";101;274;"TANGUA";"Demais falhas mecânicas ou elétricas";"Incêndio";"Sem Vítimas";"Pleno dia";"Crescente";"Céu Claro";"Dupla";"Reta";"Não";2;0;0;0;1;3;0;4;-22,73607961;-42,72647471;"SPRF-RJ";"DEL02/RJ";"UOP03-DEL02-RJ"
771618;2026-05-14;"quinta-feira";"09:45:00";"MG";40;586,7;"ITABIRITO";"Demais falhas mecânicas ou elétricas";"Incêndio";"Sem Vítimas";"Pleno dia";"Decrescente";"Nublado";"Simples";"Reta;Aclive";"Não";1;0;0;0;1;0;0;1;-20,341639;-43,920296;"SPRF-MG";"DEL01/MG";"UOP02-DEL01-MG"
771620;2026-05-14;"quinta-feira";"10:50:00";"RS";386;29;"FREDERICO WESTPHALEN";"Acessar a via sem observar a presença dos outros veículos";"Colisão transversal";"Com Vítimas Feridas";"Pleno dia";"Crescente";"Céu Claro";"Simples";"Reta";"Não";4;0;2;0;1;2;2;4;-27,33103682;-53,37775581;"SPRF-RS";"DEL08/RS";"UOP02-DEL08-RS"
771621;2026-05-14;"quinta-feira";"09:30:00";"RJ";116;319,6;"ITATIAIA";"Reação tardia ou ineficiente do condutor";"Colisão traseira";"Com Vítimas Feridas";"Pleno dia";"Crescente";"Sol";"Dupla";"Reta;Declive";"Não";3;0;1;0;1;1;1;3;-22,47337;-44,52288;"SPRF-RJ";"DEL07/RJ";"UOP02-DEL07-RJ"
771622;2026-05-14;"quinta-feira";"10:39:00";"GO";153;523;"HIDROLANDIA";"Velocidade Incompatível";"Colisão traseira";"Com Vítimas Feridas";"Pleno dia";"Crescente";"Céu Claro";"Dupla";"Retorno Regulamentado";"Sim";3;0;2;0;1;0;2;2;-16,88874192;-49,25480962;"SPRF-GO";"DEL01/GO";"UOP03-DEL01-GO"
771632;2026-05-06;"quarta-feira";"08:10:00";"MG";251;454,1;"GRAO MOGOL";"Reação tardia ou ineficiente do condutor";"Tombamento";"Com Vítimas Feridas";"Pleno dia";"Decrescente";"Céu Claro";"Simples";"Reta";"Não";2;0;0;1;0;1;1;2;-16,419411;-43,309915;"SPRF-MG";"DEL12/MG";"UOP01-DEL12-MG"
771642;2026-05-14;"quinta-feira";"12:10:00";"SC";101;114,8;"ITAJAI";"Reação tardia ou ineficiente do condutor";"Colisão lateral mesmo sentido";"Com Vítimas Feridas";"Pleno dia";"Crescente";"Céu Claro";"Múltipla";"Reta";"Sim";3;0;1;0;1;2;1;4;-26,86901;-48,73047;"SPRF-SC";"DEL04/SC";"UOP04-DEL04-SC"
771644;2026-05-14;"quinta-feira";"13:00:00";"RO";364;230;"CACOAL";"Ultrapassagem Indevida";"Colisão frontal";"Com Vítimas Feridas";"Pleno dia";"Crescente";"Sol";"Simples";"Reta";"Não";5;0;0;1;1;3;1;4;-11,47631;-61,39384;"SPRF-RO";"DEL02-RO";"UOP02-DEL02-RO"
771648;2026-05-14;"quinta-feira";"13:00:00";"MG";116;265,5;"TEOFILO OTONI";"Reação tardia ou ineficiente do condutor";"Colisão transversal";"Com Vítimas Feridas";"Pleno dia";"Decrescente";"Sol";"Simples";"Reta;Aclive";"Não";4;0;2;1;1;0;3;2;-17,767163;-41,499788;"SPRF-MG";"DEL11/MG";"UOP01-DEL11-MG"
771649;2026-05-14;"quinta-feira";"14:10:00";"MG";262;724;"PERDIZES";"Acessar a via sem observar a presença dos outros veículos";"Colisão transversal";"Com Vítimas Feridas";"Pleno dia";"Crescente";"Céu Claro";"Simples";"Reta;Interseção de Vias";"Não";2;0;1;0;1;0;1;2;-19,615162;-47,37057;"SPRF-MG";"DEL08/MG";"UOP01-DEL08-MG"
771650;2026-05-14;"quinta-feira";"13:24:00";"PR";163;149;"SANTA LUCIA";"Ingestão de álcool pelo condutor";"Colisão traseira";"Sem Vítimas";"Pleno dia";"Decrescente";"Nublado";"Simples";"Reta";"Sim";2;0;0;0;2;0;0;2;-25,40356626;-53,57418551;"SPRF-PR";"DEL05/PR";"UOP05-DEL05-PR"
771651;2026-05-14;"quinta-feira";"14:36:00";"PI";343;3,9;"TERESINA";"Condutor deixou de manter distância do veículo da frente";"Colisão com objeto";"Sem Vítimas";"Pleno dia";"Decrescente";"Céu Claro";"Múltipla";"Reta";"Sim";3;0;0;0;3;0;0;3;-5,080895;-42,784695;"SPRF-PI";"DEL01-PI";"UOP01-DEL01-PI"
771655;2026-05-14;"quinta-feira";"14:20:00";"ES";262;112;"VENDA NOVA DO IMIGRANTE";"Manobra de mudança de faixa";"Queda de ocupante de veículo";"Com Vítimas Feridas";"Pleno dia";"Decrescente";"Céu Claro";"Simples";"Reta";"Não";2;0;1;0;0;1;1;2;-20,336868;-41,201655;"SPRF-ES";"DEL01-ES";"UOP02-DEL01-ES"
771657;2026-04-13;"segunda-feira";"14:26:00";"PA";163;286;"NOVO PROGRESSO";"Reação tardia ou ineficiente do condutor";"Colisão lateral sentido oposto";"Sem Vítimas";"Pleno dia";"Crescente";"Chuva";"Simples";"Reta;Aclive";"Não";4;0;0;0;0;4;0;3;-7,24293809;-55,33985138;"SPRF-PA";"DEL05/PA";"UOP03-DEL05-PA"
771658;2026-05-14;"quinta-feira";"15:15:00";"PR";277;110;"CAMPO LARGO";"Demais falhas mecânicas ou elétricas";"Colisão com objeto";"Com Vítimas Feridas";"Pleno dia";"Decrescente";"Céu Claro";"Dupla";"Reta;Declive";"Não";2;0;1;0;1;0;1;2;-25,428521;-49,391738;"SPRF-PR";"DEL01/PR";"UOP06-DEL01-PR"
771661;2026-05-14;"quinta-feira";"12:00:00";"GO";364;377;"SANTA RITA DO ARAGUAIA";"Acostamento em desnível";"Tombamento";"Com Vítimas Feridas";"Pleno dia";"Decrescente";"Céu Claro";"Simples";"Reta";"Não";2;0;1;0;0;3;1;4;-17,374743;-53,141748;"SPRF-GO";"DEL05/GO";"UOP01-DEL05-GO"
771663;2026-05-14;"quinta-feira";"16:15:00";"MG";262;393;"PARA DE MINAS";"Ausência de reação do condutor";"Colisão lateral mesmo sentido";"Com Vítimas Feridas";"Anoitecer";"Crescente";"Céu Claro";"Dupla";"Reta";"Não";3;0;0;1;1;2;1;4;-19,89013;-44,586254;"SPRF-MG";"DEL01/MG";"UOP03-DEL01-MG"
771665;2026-05-14;"quinta-feira";"13:51:00";"BA";116;645;"JAGUAQUARA";"Acessar a via sem observar a presença dos outros veículos";"Colisão transversal";"Com Vítimas Feridas";"Pleno dia";"Decrescente";"Céu Claro";"Simples";"Reta";"Não";3;0;0;1;1;3;1;5;-13,630686;-40,093586;"SPRF-BA";"DEL03/BA";"UOP01-DEL03-BA"
771670;2026-05-14;"quinta-feira";"16:00:00";"PI";316;11,8;"TERESINA";"Objeto estático sobre o leito carroçável";"Colisão traseira";"Com Vítimas Feridas";"Pleno dia";"Decrescente";"Céu Claro";"Simples";"Reta";"Sim";3;0;1;0;1;2;1;4;-5,19720668;-42,75876671;"SPRF-PI";"DEL01-PI";"UOP02-DEL01-PI"
771674;2026-05-14;"quinta-feira";"18:00:00";"RS";116;232;"NOVO HAMBURGO";"Transitar na contramão";"Colisão frontal";"Com Vítimas Fatais";"Anoitecer";"Decrescente";"Céu Claro";"Simples";"Aclive;Reta";"Não";5;2;0;1;1;1;1;3;-29,63726177;-51,14202115;"SPRF-RS";"DEL01/RS";"UOP02-DEL01-RS"
771675;2026-05-14;"quinta-feira";"17:15:00";"BA";349;928,9;"CORRENTINA";"Ultrapassagem Indevida";"Queda de ocupante de veículo";"Com Vítimas Feridas";"Anoitecer";"Decrescente";"Céu Claro";"Simples";"Reta";"Sim";3;0;0;1;1;2;1;4;-13,34870228;-44,62861061;"SPRF-BA";"DEL10/BA";"UOP02-DEL10-BA"
771681;2026-05-14;"quinta-feira";"10:45:00";"CE";116;13;"FORTALEZA";"Ausência de reação do condutor";"Colisão lateral mesmo sentido";"Com Vítimas Feridas";"Pleno dia";"Decrescente";"Céu Claro";"Múltipla";"Reta";"Sim";2;0;1;0;1;0;1;2;-3,71177555;-38,54668666;"SPRF-CE";"DEL01/CE";"UOP02-DEL01-CE"
771686;2026-05-14;"quinta-feira";"16:00:00";"SC";163;83,7;"GUARACIABA";"Ausência de reação do condutor";"Colisão traseira";"Com Vítimas Feridas";"Pleno dia";"Crescente";"Céu Claro";"Simples";"Em Obras;Reta";"Não";8;0;4;0;4;0;4;4;-26,61068497;-53,51773485;"SPRF-SC";"DEL07/SC";"UOP03-DEL07-SC"
771695;2026-05-14;"quinta-feira";"10:43:00";"GO";364;294;"MINEIROS";"Ausência de reação do condutor";"Colisão traseira";"Com Vítimas Fatais";"Pleno dia";"Decrescente";"Céu Claro";"Simples";"Curva;Declive;Ponte";"Não";7;1;0;0;1;6;0;5;-17,582869;-52,503919;"SPRF-GO";"DEL05/GO";"UOP01-DEL05-GO"
771702;2026-05-14;"quinta-feira";"14:45:00";"MG";116;558,8;"MANHUACU";"Demais falhas mecânicas ou elétricas";"Incêndio";"Sem Vítimas";"Pleno dia";"Decrescente";"Nublado";"Simples";"Curva;Aclive";"Não";2;0;0;0;1;1;0;2;-20,030722;-42,172985;"SPRF-MG";"DEL06/MG";"UOP03-DEL06-MG"
771708;2026-05-14;"quinta-feira";"20:15:00";"SE";101;70;"MARUIM";"Reação tardia ou ineficiente do condutor";"Colisão traseira";"Com Vítimas Feridas";"Plena Noite";"Decrescente";"Céu Claro";"Dupla";"Reta";"Não";4;0;0;1;2;1;1;4;-10,74183598;-37,09274054;"SPRF-SE";"DEL01-SE";"UOP01-DEL01-SE"
771712;2026-05-14;"quinta-feira";"19:20:00";"SC";470;138;"RIO DO SUL";"Acessar a via sem observar a presença dos outros veículos";"Colisão transversal";"Com Vítimas Feridas";"Plena Noite";"Crescente";"Vento";"Simples";"Declive;Reta";"Sim";3;0;1;0;1;1;1;3;-27,19392;-49,62426;"SPRF-SC";"DEL04/SC";"UOP02-DEL04-SC"
771713;2026-05-14;"quinta-feira";"20:30:00";"PE";232;17,9;"JABOATAO DOS GUARARAPES";"Avarias e/ou desgaste excessivo no pneu";"Tombamento";"Com Vítimas Fatais";"Pleno dia";"Crescente";"Céu Claro";"Dupla";"Reta";"Não";4;1;0;1;1;1;1;3;-8,09693;-35,05381;"SPRF-PE";"DEL01/PE";"UOP01-DEL01-PE"
771714;2026-05-14;"quinta-feira";"18:30:00";"PR";277;602;"CASCAVEL";"Reação tardia ou ineficiente do condutor";"Colisão traseira";"Com Vítimas Feridas";"Plena Noite";"Crescente";"Nublado";"Dupla";"Reta";"Não";3;0;1;0;1;1;1;3;-25,01075;-53,53398;"SPRF-PR";"DEL04/PR";"UOP01-DEL04-PR"
771715;2026-05-14;"quinta-feira";"19:30:00";"RJ";493;17;"GUAPIMIRIM";"Reação tardia ou ineficiente do condutor";"Colisão traseira";"Com Vítimas Feridas";"Plena Noite";"Decrescente";"Nublado";"Simples";"Reta";"Não";2;0;1;0;1;0;1;2;-22,66779125;-43,00681561;"SPRF-RJ";"DEL04/RJ";"UOP02-DEL04-RJ"
771716;2026-05-14;"quinta-feira";"13:13:00";"PA";163;423;"ITAITUBA";"Ultrapassagem Indevida";"Colisão lateral sentido oposto";"Com Vítimas Fatais";"Pleno dia";"Crescente";"Garoa/Chuvisco";"Simples";"Declive;Curva";"Não";3;1;0;0;1;6;0;8;-6,1076;-55,6187;"SPRF-PA";"DEL05/PA";"UOP03-DEL05-PA"
771722;2026-05-14;"quinta-feira";"15:30:00";"RO";364;286,4;"PRESIDENTE MEDICI";"Reação tardia ou ineficiente do condutor";"Colisão frontal";"Com Vítimas Fatais";"Pleno dia";"Crescente";"Sol";"Simples";"Reta";"Não";7;1;0;1;0;7;1;6;-11,354032;-61,853924;"SPRF-RO";"DEL02-RO";"UOP01-DEL02-RO"
771726;2026-05-14;"quinta-feira";"21:00:00";"MT";364;541;"ROSARIO OESTE";"Acessar a via sem observar a presença dos outros veículos";"Colisão transversal";"Com Vítimas Feridas";"Plena Noite";"Decrescente";"Céu Claro";"Simples";"Reta";"Sim";4;0;0;2;1;2;2;4;-14,83764808;-56,43762016;"SPRF-MT";"DEL01/MT";"UOP01-DEL01-MT"
771732;2026-05-14;"quinta-feira";"17:35:00";"MT";364;250;"JUSCIMEIRA";"Demais falhas mecânicas ou elétricas";"Colisão lateral sentido oposto";"Sem Vítimas";"Anoitecer";"Decrescente";"Céu Claro";"Dupla";"Reta;Aclive";"Não";3;0;0;0;2;3;0;5;-16,1201;-54,854;"SPRF-MT";"DEL02/MT";"UOP01-DEL02-MT"
771733;2026-05-14;"quinta-feira";"21:40:00";"RS";392;1,9;"RIO GRANDE";"Ausência de reação do condutor";"Colisão traseira";"Com Vítimas Feridas";"Plena Noite";"Crescente";"Céu Claro";"Simples";"Reta;Ponte";"Não";4;0;1;0;2;1;1;3;-32,05639056;-52,08755493;"SPRF-RS";"DEL07/RS";"UOP02-DEL07-RS"
771739;2026-05-14;"quinta-feira";"21:50:00";"SP";116;64,8;"GUARATINGUETA";"Manobra de mudança de faixa";"Colisão lateral mesmo sentido";"Sem Vítimas";"Plena Noite";"Crescente";"Nublado";"Dupla";"Ponte;Reta";"Não";2;0;0;0;1;1;0;2;-22,82101437;-45,18849564;"SPRF-SP";"DEL08/SP";"UOP01-DEL08-SP"
771741;2026-05-14;"quinta-feira";"22:39:00";"SP";116;503;"CAJATI";"Reação tardia ou ineficiente do condutor";"Colisão traseira";"Com Vítimas Feridas";"Plena Noite";"Decrescente";"Céu Claro";"Simples";"Curva;Aclive";"Não";3;0;2;0;0;1;2;3;-24,78505008;-48,20332646;"SPRF-SP";"DEL05/SP";"UOP02-DEL05-SP"
771742;2026-05-14;"quinta-feira";"23:30:00";"SP";116;145;"SAO JOSE DOS CAMPOS";"Ausência de reação do condutor";"Colisão lateral mesmo sentido";"Sem Vítimas";"Plena Noite";"Crescente";"Céu Claro";"Dupla";"Reta";"Não";3;0;0;0;1;2;0;3;-23,18708422;-45,85542935;"SPRF-SP";"DEL02/SP";"UOP01-DEL02-SP"
771747;2026-05-15;"sexta-feira";"01:00:00";"RJ";493;10;"GUAPIMIRIM";"Ultrapassagem Indevida";"Tombamento";"Com Vítimas Fatais";"Plena Noite";"Crescente";"Nublado";"Simples";"Ponte;Reta";"Não";3;1;1;0;1;0;1;2;-22,693054;-42,957138;"SPRF-RJ";"DEL04/RJ";"UOP02-DEL04-RJ"
771759;2026-05-15;"sexta-feira";"06:00:00";"PR";277;117;"CAMPO LARGO";"Acessar a via sem observar a presença dos outros veículos";"Colisão transversal";"Com Vítimas Feridas";"Amanhecer";"Decrescente";"Chuva";"Simples";"Interseção de Vias";"Sim";4;0;1;0;2;1;1;3;-25,44333;-49,45471;"SPRF-PR";"DEL01/PR";"UOP07-DEL01-PR"
771763;2026-05-13;"quarta-feira";"10:30:00";"CE";20;7,9;"PARAMBU";"Velocidade Incompatível";"Colisão traseira";"Com Vítimas Feridas";"Pleno dia";"Decrescente";"Céu Claro";"Simples";"Reta";"Não";3;0;0;3;0;0;3;2;-6,4693983;-40,7464683;"SPRF-CE";"DEL02/CE";"UOP02-DEL02-CE"
771766;2026-05-14;"quinta-feira";"11:00:00";"RS";285;514,3;"VITORIA DAS MISSOES";"Ultrapassagem Indevida";"Colisão lateral mesmo sentido";"Com Vítimas Feridas";"Pleno dia";"Decrescente";"Sol";"Simples";"Reta";"Não";4;0;1;0;2;1;1;3;-28,4014804;-54,417699;"SPRF-RS";"DEL10/RS";"UOP01-DEL10-RS"
771769;2026-05-15;"sexta-feira";"04:07:00";"GO";50;232;"CATALAO";"Demais falhas mecânicas ou elétricas";"Incêndio";"Sem Vítimas";"Amanhecer";"Decrescente";"Céu Claro";"Dupla";"Reta";"Não";2;0;0;0;1;1;0;2;-17,8820453;-47,79190063;"SPRF-GO";"DEL06/GO";"UOP01-DEL06-GO"
771770;2026-05-14;"quinta-feira";"20:00:00";"GO";153;346;"JARAGUA";"Demais falhas mecânicas ou elétricas";"Incêndio";"Sem Vítimas";"Plena Noite";"Decrescente";"Céu Claro";"Simples";"Reta";"Não";3;0;0;0;2;1;0;2;-15,651292;-49,364693;"SPRF-GO";"DEL02/GO";"UOP02-DEL02-GO"
771783;2026-05-15;"sexta-feira";"07:54:00";"TO";153;370,4;"FORTALEZA DO TABOCAO";"Ultrapassagem Indevida";"Colisão lateral mesmo sentido";"Sem Vítimas";"Pleno dia";"Crescente";"Céu Claro";"Simples";"Reta";"Não";2;0;0;0;2;0;0;2;-9,15291;-48,53602;"SPRF-TO";"DEL02-TO";"UOP02-DEL02-TO"
771790;2026-05-15;"sexta-feira";"05:30:00";"RJ";116;146;"DUQUE DE CAXIAS";"Ausência de reação do condutor";"Colisão traseira";"Com Vítimas Feridas";"Amanhecer";"Decrescente";"Nublado";"Dupla";"Reta";"Sim";2;0;1;0;1;0;1;2;-22,66517017;-43,25930536;"SPRF-RJ";"DEL01/RJ";"UOP02-DEL01-RJ"
771792;2026-03-20;"sexta-feira";"19:00:00";"SP";116;31;"CRUZEIRO";"Reação tardia ou ineficiente do condutor";"Colisão traseira";"Com Vítimas Feridas";"Plena Noite";"Crescente";"Céu Claro";"Dupla";"Reta;Aclive";"Não";3;0;1;0;1;2;1;4;-22,63818;-44,93732;"SPRF-SP";"DEL08/SP";"UOP02-DEL08-SP"
771795;2026-03-07;"sábado";"04:08:00";"MT";163;854;"SINOP";"Condutor Dormindo";"Colisão com objeto";"Com Vítimas Feridas";"Amanhecer";"Crescente";"Céu Claro";"Simples";"Interseção de Vias;Desvio Temporário;Em Obras";"Não";2;0;1;0;0;3;1;4;-11,69281;-55,451586;"SPRF-MT";"DEL06/MT";"UOP02-DEL06-MT"
771797;2026-05-15;"sexta-feira";"07:10:00";"SC";470;127,9;"LONTRAS";"Acessar a via sem observar a presença dos outros veículos";"Colisão frontal";"Com Vítimas Feridas";"Pleno dia";"Crescente";"Chuva";"Simples";"Curva";"Não";5;0;2;1;1;1;3;4;-27,1459;-49,5496;"SPRF-SC";"DEL04/SC";"UOP02-DEL04-SC"
771801;2026-05-15;"sexta-feira";"08:45:00";"AL";101;65,4;"MESSIAS";"Carga excessiva e/ou mal acondicionada";"Colisão com objeto";"Com Vítimas Feridas";"Pleno dia";"Decrescente";"Nublado";"Dupla";"Curva";"Não";2;0;1;0;0;1;1;2;-9,327602;-35,828367;"SPRF-AL";"DEL01-AL";"UOP02-DEL01-AL"
771802;2026-05-15;"sexta-feira";"08:00:00";"PB";230;157,4;"CAMPINA GRANDE";"Conversão proibida";"Tombamento";"Com Vítimas Feridas";"Pleno dia";"Crescente";"Nublado";"Dupla";"Reta;Aclive;Em Obras";"Sim";2;0;1;0;1;0;1;2;-7,26397926;-35,91985345;"SPRF-PB";"DEL02-PB";"UOP01-DEL02-PB"
771812;2026-05-15;"sexta-feira";"09:37:00";"SC";101;41,1;"JOINVILLE";"Chuva";"Colisão com objeto";"Com Vítimas Feridas";"Pleno dia";"Crescente";"Chuva";"Dupla";"Reta";"Não";3;0;1;0;1;1;1;3;-26,31671812;-48,87340017;"SPRF-SC";"DEL03/SC";"UOP01-DEL03-SC"
771816;2026-03-25;"quarta-feira";"22:59:00";"RJ";116;174;"SAO JOAO DE MERITI";"Mal súbito do condutor";"Colisão traseira";"Com Vítimas Feridas";"Plena Noite";"Crescente";"Céu Claro";"Múltipla";"Reta";"Sim";3;0;0;1;1;1;1;3;-22,79530095;-43,36193975;"SPRF-RJ";"DEL06/RJ";"UOP01-DEL06-RJ"
771819;2026-04-10;"sexta-feira";"16:01:00";"RO";364;727;"PORTO VELHO";"Falta de acostamento";"Saída de leito carroçável";"Com Vítimas Feridas";"Pleno dia";"Decrescente";"Céu Claro";"Simples";"Reta;Em Obras";"Não";1;0;1;0;0;0;1;1;-8,87585;-63,94913;"SPRF-RO";"DEL01-RO";"UOP01-DEL01-RO"
771820;2026-05-15;"sexta-feira";"10:35:00";"BA";110;2;"PAULO AFONSO";"Desrespeitar a preferência no cruzamento";"Colisão transversal";"Com Vítimas Feridas";"Pleno dia";"Crescente";"Céu Claro";"Simples";"Rotatória";"Sim";3;0;2;0;1;0;2;2;-9,438228;-38,204352;"SPRF-BA";"DEL07/BA";"UOP01-DEL07-BA"
771822;2026-05-15;"sexta-feira";"09:47:00";"PA";316;61,9;"CASTANHAL";"Acessar a via sem observar a presença dos outros veículos";"Colisão transversal";"Com Vítimas Feridas";"Pleno dia";"Crescente";"Céu Claro";"Dupla";"Interseção de Vias";"Sim";3;0;1;0;1;3;1;5;-1,298057;-47,938429;"SPRF-PA";"DEL01/PA";"UOP01-DEL01-PA"
771826;2026-05-15;"sexta-feira";"11:55:00";"CE";116;58,5;"PACAJUS";"Condutor deixou de manter distância do veículo da frente";"Colisão traseira";"Com Vítimas Feridas";"Pleno dia";"Decrescente";"Céu Claro";"Simples";"Reta";"Não";7;0;4;0;2;1;4;3;-4,2373934;-38,4810097;"SPRF-CE";"DEL01/CE";"UOP04-DEL01-CE"
771828;2026-05-15;"sexta-feira";"12:20:00";"BA";116;439;"FEIRA DE SANTANA";"Reação tardia ou ineficiente do condutor";"Saída de leito carroçável";"Com Vítimas Fatais";"Pleno dia";"Crescente";"Céu Claro";"Dupla";"Curva";"Não";1;1;0;0;0;0;0;1;-12,34042;-39,08175;"SPRF-BA";"DEL02/BA";"UOP01-DEL02-BA"
771832;2026-05-15;"sexta-feira";"09:10:00";"GO";60;312;"ACREUNA";"Acessar a via sem observar a presença dos outros veículos";"Colisão lateral mesmo sentido";"Com Vítimas Feridas";"Pleno dia";"Crescente";"Sol";"Dupla";"Reta;Retorno Regulamentado";"Não";3;0;1;0;1;2;1;4;-17,44301;-50,429598;"SPRF-GO";"DEL04/GO";"UOP02-DEL04-GO"
771834;2026-05-15;"sexta-feira";"10:00:00";"PR";277;125;"CAMPO LARGO";"Ausência de reação do condutor";"Colisão transversal";"Com Vítimas Feridas";"Pleno dia";"Crescente";"Chuva";"Dupla";"Reta";"Sim";4;0;2;0;1;2;2;4;-25,434988;-49,534237;"SPRF-PR";"DEL01/PR";"UOP07-DEL01-PR"
771835;2026-04-20;"segunda-feira";"23:40:00";"MG";365;745;"ITUIUTABA";"Ausência de reação do condutor";"Colisão com objeto";"Com Vítimas Feridas";"Plena Noite";"Decrescente";"Céu Claro";"Simples";"Reta;Ponte";"Não";3;0;1;1;1;0;2;2;-18,920812;-49,419136;"SPRF-MG";"DEL15/MG";"UOP03-DEL15-MG"
771845;2026-05-15;"sexta-feira";"13:20:00";"ES";101;296,1;"CARIACICA";"Ingestão de álcool pelo condutor";"Colisão lateral mesmo sentido";"Sem Vítimas";"Pleno dia";"Crescente";"Nublado";"Múltipla";"Reta";"Sim";2;0;0;0;2;0;0;2;-20,34090129;-40,40493012;"SPRF-ES";"DEL01-ES";"UOP01-DEL01-ES"
771849;2026-05-15;"sexta-feira";"13:29:00";"PR";476;199;"LAPA";"Acumulo de água sobre o pavimento";"Colisão lateral sentido oposto";"Com Vítimas Feridas";"Pleno dia";"Crescente";"Chuva";"Simples";"Reta";"Não";5;0;1;2;1;1;3;3;-25,75008662;-49,72117066;"SPRF-PR";"DEL01/PR";"UOP06-DEL01-PR"
771850;2026-05-15;"sexta-feira";"13:20:00";"SC";101;127,5;"ITAJAI";"Acessar a via sem observar a presença dos outros veículos";"Colisão lateral mesmo sentido";"Sem Vítimas";"Pleno dia";"Crescente";"Chuva";"Dupla";"Reta";"Não";3;0;0;0;2;1;0;3;-26,96696187;-48,68384132;"SPRF-SC";"DEL04/SC";"UOP04-DEL04-SC"
771853;2026-05-15;"sexta-feira";"14:05:00";"AL";101;71;"MESSIAS";"Estacionar ou parar em local proibido";"Colisão traseira";"Com Vítimas Feridas";"Pleno dia";"Decrescente";"Céu Claro";"Dupla";"Reta;Declive";"Não";6;0;1;1;3;2;2;5;-9,3713;-35,8299;"SPRF-AL";"DEL01-AL";"UOP01-DEL01-AL"
771856;2026-05-15;"sexta-feira";"14:10:00";"PR";476;184,1;"LAPA";"Acessar a via sem observar a presença dos outros veículos";"Colisão transversal";"Com Vítimas Feridas";"Pleno dia";"Crescente";"Chuva";"Simples";"Reta";"Sim";3;0;0;1;1;1;1;3;-25,78833714;-49,69371033;"SPRF-PR";"DEL01/PR";"UOP06-DEL01-PR"
771858;2026-05-15;"sexta-feira";"14:15:00";"RS";285;270,2;"MATO CASTELHANO";"Ingestão de álcool pelo condutor";"Colisão transversal";"Sem Vítimas";"Pleno dia";"Crescente";"Sol";"Simples";"Reta";"Não";3;0;0;0;2;2;0;4;-28,2837;-52,176358;"SPRF-RS";"DEL08/RS";"UOP03-DEL08-RS"
771859;2026-05-15;"sexta-feira";"14:35:00";"BA";242;824;"BARREIRAS";"Ausência de reação do condutor";"Colisão traseira";"Com Vítimas Feridas";"Pleno dia";"Crescente";"Sol";"Simples";"Reta";"Não";3;0;1;0;2;0;1;2;-12,123497;-45,032526;"SPRF-BA";"DEL10/BA";"UOP01-DEL10-BA"
771863;2026-05-15;"sexta-feira";"15:10:00";"MG";40;475,9;"SETE LAGOAS";"Condutor deixou de manter distância do veículo da frente";"Engavetamento";"Sem Vítimas";"Pleno dia";"Decrescente";"Céu Claro";"Dupla";"Reta;Aclive";"Não";5;0;0;0;4;1;0;5;-19,51042;-44,27231;"SPRF-MG";"DEL02/MG";"UOP01-DEL02-MG"
771864;2026-05-15;"sexta-feira";"09:10:00";"SC";280;89;"CORUPA";"Ausência de reação do condutor";"Colisão frontal";"Com Vítimas Feridas";"Pleno dia";"Decrescente";"Chuva";"Simples";"Declive;Curva";"Não";2;0;1;0;1;0;1;2;-26,40391;-49,28773;"SPRF-SC";"DEL06/SC";"UOP03-DEL06-SC"
771865;2026-05-15;"sexta-feira";"14:10:00";"BA";116;371,8;"LAMARAO";"Ultrapassagem Indevida";"Saída de leito carroçável";"Com Vítimas Feridas";"Pleno dia";"Decrescente";"Céu Claro";"Simples";"Reta;Em Obras";"Não";3;0;0;1;1;1;1;2;-11,77203;-38,98566;"SPRF-BA";"DEL02/BA";"UOP01-DEL02-BA"
771878;2026-05-15;"sexta-feira";"10:50:00";"MG";262;11,9;"MARTINS SOARES";"Ultrapassagem Indevida";"Colisão lateral mesmo sentido";"Com Vítimas Feridas";"Pleno dia";"Crescente";"Nublado";"Simples";"Reta";"Não";5;0;0;2;1;2;2;4;-20,252962;-41,853527;"SPRF-MG";"DEL06/MG";"UOP03-DEL06-MG"
771880;2026-05-15;"sexta-feira";"15:10:00";"MG";381;860,6;"POUSO ALEGRE";"Manobra de mudança de faixa";"Colisão traseira";"Com Vítimas Feridas";"Pleno dia";"Decrescente";"Nublado";"Dupla";"Reta";"Não";3;0;2;0;0;1;2;2;-22,32439;-45,909787;"SPRF-MG";"DEL16/MG";"UOP01-DEL16-MG"