"id";"data_inversa";"dia_semana";"horario";"uf";"br";"km";"municipio";"causa_acidente";"tipo_acidente";"classificacao_acidente";"fase_dia";"sentido_via";"condicao_metereologica";"tipo_pista";"tracado_via";"uso_solo";"pessoas";"mortos";"feridos_leves";"feridos_graves";"ilesos";"ignorados";"feridos";"veiculos";"latitude";"longitude";"regional";"delegacia";"uop"
772236;2026-05-17;"domingo";"02:43:00";"SC";101;277,6;"IMBITUBA";"Ingestão de álcool pelo condutor";"Colisão traseira";"Com Vítimas Feridas";"Plena Noite";"Decrescente";"Céu Claro";"Dupla";"Reta";"Sim";4;0;1;1;1;1;2;3;-28,19652151;-48,69732555;"SPRF-SC";"DEL02/SC";"UOP03-DEL02-SC"
772239;2026-05-17;"domingo";"07:20:00";"RS";116;244;"SAO LEOPOLDO";"Acessar a via sem observar a presença dos outros veículos";"Colisão com objeto";"Com Vítimas Feridas";"Pleno dia";"Crescente";"Nublado";"Múltipla";"Reta";"Sim";5;0;1;0;3;1;1;3;-29,75981982;-51,1520027;"SPRF-RS";"DEL01/RS";"UOP02-DEL01-RS"
772256;2026-05-17;"domingo";"07:50:00";"PR";153;86,6;"CONSELHEIRO MAIRINCK";"Ausência de reação do condutor";"Colisão com objeto";"Sem Vítimas";"Pleno dia";"Decrescente";"Chuva";"Simples";"Curva";"Não";2;0;0;0;1;1;0;2;-23,66074;-50,1537;"SPRF-PR";"DEL07/PR";"UOP04-DEL07-PR"
772269;2026-05-17;"domingo";"07:20:00";"GO";153;555;"PROFESSOR JAMIL";"Reação tardia ou ineficiente do condutor";"Tombamento";"Com Vítimas Feridas";"Pleno dia";"Crescente";"Céu Claro";"Simples";"Rotatória";"Não";3;0;1;0;1;1;1;2;-17,17667;-49,210688;"SPRF-GO";"DEL03/GO";"UOP01-DEL03-GO"
772271;2026-05-17;"domingo";"08:30:00";"RS";386;11,9;"IRAI";"Ausência de reação do condutor";"Saída de leito carroçável";"Com Vítimas Feridas";"Pleno dia";"Crescente";"Céu Claro";"Simples";"Reta";"Não";1;0;1;0;0;0;1;1;-27,2237725;-53,3146792;"SPRF-RS";"DEL08/RS";"UOP02-DEL08-RS"
772276;2026-05-16;"sábado";"20:30:00";"BA";242;612;"MUQUEM DE SAO FRANCISCO";"Reação tardia ou ineficiente do condutor";"Tombamento";"Sem Vítimas";"Plena Noite";"Crescente";"Céu Claro";"Simples";"Reta";"Não";2;0;0;0;0;4;0;4;-12,1732;-43,25794;"SPRF-BA";"DEL10/BA";"UOP01-DEL10-BA"
772278;2026-05-16;"sábado";"16:00:00";"BA";242;684;"MUQUEM DE SAO FRANCISCO";"Problema com o freio";"Colisão frontal";"Sem Vítimas";"Pleno dia";"Decrescente";"Céu Claro";"Simples";"Curva;Declive";"Não";3;0;0;0;1;2;0;3;-12,2291;-43,84404;"SPRF-BA";"DEL10/BA";"UOP01-DEL10-BA"
772283;2026-05-17;"domingo";"11:30:00";"RJ";116;135;"MAGE";"Manobra de mudança de faixa";"Colisão lateral mesmo sentido";"Com Vítimas Feridas";"Pleno dia";"Crescente";"Céu Claro";"Dupla";"Reta";"Não";5;0;3;0;2;0;3;2;-22,65226;-43,1631;"SPRF-RJ";"DEL04/RJ";"UOP02-DEL04-RJ"
772287;2026-05-17;"domingo";"09:12:00";"MA";316;332,9;"BACABAL";"Pista esburacada";"Colisão traseira";"Com Vítimas Feridas";"Pleno dia";"Crescente";"Céu Claro";"Simples";"Reta";"Não";6;0;1;0;4;1;1;3;-4,135727;-44,993098;"SPRF-MA";"DEL02-MA";"UOP01-DEL02-MA"
772293;2026-05-17;"domingo";"11:52:00";"RO";364;6;"VILHENA";"Acessar a via sem observar a presença dos outros veículos";"Colisão traseira";"Com Vítimas Feridas";"Pleno dia";"Crescente";"Céu Claro";"Simples";"Reta";"Não";2;0;1;0;1;0;1;2;-12,78397;-60,089528;"SPRF-RO";"DEL04-RO";"UOP01-DEL04-RO"
772295;2026-05-17;"domingo";"13:00:00";"PR";476;178;"ARAUCARIA";"Carga excessiva e/ou mal acondicionada";"Derramamento de carga";"Com Vítimas Feridas";"Pleno dia";"Crescente";"Nublado";"Simples";"Curva;Declive";"Não";2;0;1;0;0;1;1;2;-25,61000612;-49,422661;"SPRF-PR";"DEL01/PR";"UOP06-DEL01-PR"
772298;2026-05-17;"domingo";"14:00:00";"MG";153;112;"PRATA";"Condutor deixou de manter distância do veículo da frente";"Colisão traseira";"Com Vítimas Feridas";"Pleno dia";"Decrescente";"Céu Claro";"Simples";"Aclive";"Não";5;0;1;0;3;1;1;3;-19,333274;-48,903566;"SPRF-MG";"DEL15/MG";"UOP03-DEL15-MG"
772306;2026-05-17;"domingo";"11:00:00";"BA";116;574;"BREJOES";"Ausência de reação do condutor";"Colisão traseira";"Com Vítimas Feridas";"Pleno dia";"Decrescente";"Sol";"Simples";"Reta";"Não";8;0;1;0;6;3;1;8;-13,07519182;-39,96145804;"SPRF-BA";"DEL03/BA";"UOP02-DEL03-BA"
772308;2026-05-17;"domingo";"14:00:00";"MS";163;382;"NOVA ALVORADA DO SUL";"Transitar na contramão";"Colisão frontal";"Com Vítimas Fatais";"Pleno dia";"Crescente";"Nublado";"Simples";"Reta";"Não";5;1;1;1;0;2;2;4;-21,3215008;-54,4243189;"SPRF-MS";"DEL02/MS";"UOP01-DEL02-MS"
772315;2026-05-17;"domingo";"09:40:00";"PR";376;306;"MAUA DA SERRA";"Ausência de reação do condutor";"Colisão com objeto";"Com Vítimas Feridas";"Pleno dia";"Decrescente";"Chuva";"Dupla";"Curva";"Não";2;0;1;0;0;1;1;2;-23,96019538;-51,1138916;"SPRF-PR";"DEL07/PR";"UOP02-DEL07-PR"
772324;2026-05-17;"domingo";"14:00:00";"BA";110;146;"CICERO DANTAS";"Ausência de reação do condutor";"Colisão lateral sentido oposto";"Com Vítimas Fatais";"Pleno dia";"Crescente";"Céu Claro";"Simples";"Reta";"Não";2;1;0;0;1;0;0;2;-10,6186413;-38,40691566;"SPRF-BA";"DEL07/BA";"UOP02-DEL07-BA"
772330;2026-05-17;"domingo";"17:15:00";"MG";116;702,5;"MURIAE";"Demais falhas mecânicas ou elétricas";"Colisão lateral sentido oposto";"Com Vítimas Feridas";"Anoitecer";"Crescente";"Nublado";"Simples";"Curva";"Sim";3;0;1;0;1;1;1;3;-21,12613813;-42,38285065;"SPRF-MG";"DEL07/MG";"UOP02-DEL07-MG"
772342;2026-04-19;"domingo";"12:30:00";"BA";116;418;"FEIRA DE SANTANA";"Reação tardia ou ineficiente do condutor";"Colisão com objeto";"Sem Vítimas";"Pleno dia";"Crescente";"Céu Claro";"Dupla";"Reta";"Não";6;0;0;0;6;0;0;2;-12,188699;-38,965279;"SPRF-BA";"DEL02/BA";"UOP01-DEL02-BA"
772365;2026-05-17;"domingo";"12:50:00";"BA";242;277,9;"BOA VISTA DO TUPIM";"Transitar na contramão";"Colisão lateral sentido oposto";"Com Vítimas Fatais";"Pleno dia";"Decrescente";"Céu Claro";"Simples";"Declive;Curva";"Não";4;1;1;0;1;5;1;8;-12,450008;-40,691293;"SPRF-BA";"DEL06/BA";"UOP02-DEL06-BA"
772367;2026-05-17;"domingo";"19:45:00";"SP";381;77;"SAO PAULO";"Condutor deixou de manter distância do veículo da frente";"Colisão traseira";"Com Vítimas Fatais";"Plena Noite";"Decrescente";"Garoa/Chuvisco";"Dupla";"Reta";"Não";5;1;0;0;4;0;0;4;-23,397644;-46,575237;"SPRF-SP";"DEL03/SP";"UOP01-DEL03-SP"
772368;2026-05-17;"domingo";"19:35:00";"GO";60;226;"CEZARINA";"Reação tardia ou ineficiente do condutor";"Colisão traseira";"Com Vítimas Feridas";"Plena Noite";"Decrescente";"Céu Claro";"Dupla";"Reta";"Não";2;0;1;0;1;0;1;2;-17,038099;-49,777965;"SPRF-GO";"DEL01/GO";"UOP02-DEL01-GO"
772384;2026-05-17;"domingo";"21:10:00";"BA";101;880;"TEIXEIRA DE FREITAS";"Ausência de reação do condutor";"Colisão com objeto";"Sem Vítimas";"Plena Noite";"Crescente";"Céu Claro";"Simples";"Reta";"Sim";1;0;0;0;1;0;0;1;-17,55893181;-39,72607877;"SPRF-BA";"DEL09/BA";"UOP02-DEL09-BA"
772389;2026-05-17;"domingo";"15:32:00";"MS";163;678;"RIO VERDE DE MATO GROSSO";"Demais falhas mecânicas ou elétricas";"Incêndio";"Sem Vítimas";"Pleno dia";"Crescente";"Chuva";"Dupla";"Reta";"Não";2;0;0;0;1;2;0;3;-18,92791382;-54,83322568;"SPRF-MS";"DEL06/MS";"UOP02-DEL06-MS"
772391;2026-05-17;"domingo";"20:55:00";"MG";40;767;"JUIZ DE FORA";"Velocidade Incompatível";"Saída de leito carroçável";"Com Vítimas Fatais";"Plena Noite";"Decrescente";"Céu Claro";"Simples";"Curva";"Não";2;1;0;0;0;1;0;2;-21,5817;-43,4662;"SPRF-MG";"DEL05/MG";"UOP01-DEL05-MG"
772399;2026-05-17;"domingo";"19:20:00";"PA";230;740;"MEDICILANDIA";"Transitar na contramão";"Colisão frontal";"Com Vítimas Fatais";"Plena Noite";"Decrescente";"Nublado";"Simples";"Reta;Declive";"Não";3;2;1;0;0;0;1;2;-3,43948547;-52,87891388;"SPRF-PA";"DEL04/PA";"UOP01-DEL04-PA"
772401;2026-05-16;"sábado";"22:30:00";"SC";116;68;"MONTE CASTELO";"Suicídio (presumido)";"Atropelamento de Pedestre";"Com Vítimas Feridas";"Plena Noite";"Decrescente";"Nevoeiro/Neblina";"Simples";"Reta";"Não";4;0;0;1;1;2;1;2;-26,45259281;-50,22777557;"SPRF-SC";"DEL06/SC";"UOP02-DEL06-SC"
772402;2026-05-17;"domingo";"17:25:00";"PI";407;467;"JAICOS";"Reação tardia ou ineficiente do condutor";"Colisão transversal";"Com Vítimas Feridas";"Pleno dia";"Decrescente";"Céu Claro";"Simples";"Curva";"Sim";2;0;0;1;1;0;1;2;-7,347677;-41,14405;"SPRF-PI";"DEL04-PI";"UOP01-DEL04-PI"
772403;2026-05-17;"domingo";"21:35:00";"GO";153;599,5;"MORRINHOS";"Ausência de reação do condutor";"Saída de leito carroçável";"Com Vítimas Feridas";"Plena Noite";"Decrescente";"Céu Claro";"Dupla";"Declive;Reta";"Não";1;0;0;1;0;0;1;1;-17,536623;-49,212038;"SPRF-GO";"DEL03/GO";"UOP01-DEL03-GO"
772413;2026-05-17;"domingo";"21:10:00";"BA";410;11;"TUCANO";"Ingestão de álcool pelo condutor";"Colisão frontal";"Com Vítimas Feridas";"Plena Noite";"Crescente";"Céu Claro";"Simples";"Reta";"Não";3;0;0;1;1;1;1;3;-10,866129;-38,615552;"SPRF-BA";"DEL07/BA";"UOP02-DEL07-BA"
772415;2026-05-17;"domingo";"22:18:00";"SC";282;506;"XANXERE";"Acessar a via sem observar a presença dos outros veículos";"Colisão lateral mesmo sentido";"Sem Vítimas";"Plena Noite";"Crescente";"Nublado";"Dupla";"Interseção de Vias;Reta";"Sim";3;0;0;0;3;0;0;2;-26,88510108;-52,43582309;"SPRF-SC";"DEL07/SC";"UOP01-DEL07-SC"
772417;2026-05-17;"domingo";"22:40:00";"PE";101;80,2;"JABOATAO DOS GUARARAPES";"Curva acentuada";"Colisão com objeto";"Sem Vítimas";"Plena Noite";"Crescente";"Céu Claro";"Dupla";"Curva";"Não";2;0;0;0;1;1;0;2;-8,15394;-34,9415;"SPRF-PE";"DEL01/PE";"UOP01-DEL01-PE"
772423;2026-05-17;"domingo";"22:50:00";"PR";376;222;"CAMBIRA";"Acessar a via sem observar a presença dos outros veículos";"Colisão traseira";"Com Vítimas Feridas";"Plena Noite";"Crescente";"Nublado";"Dupla";"Reta";"Não";3;0;1;0;1;3;1;5;-23,59966089;-51,58929807;"SPRF-PR";"DEL09/PR";"UOP01-DEL09-PR"
772427;2026-05-17;"domingo";"22:10:00";"CE";116;170,3;"RUSSAS";"Velocidade Incompatível";"Saída de leito carroçável";"Com Vítimas Feridas";"Plena Noite";"Decrescente";"Céu Claro";"Simples";"Curva";"Não";3;0;0;2;0;1;2;2;-4,88546628;-38,01827967;"SPRF-CE";"DEL03/CE";"UOP01-DEL03-CE"
772429;2026-05-17;"domingo";"21:15:00";"BA";101;98;"ALAGOINHAS";"Transitar na contramão";"Colisão frontal";"Com Vítimas Feridas";"Plena Noite";"Crescente";"Céu Claro";"Simples";"Reta";"Não";3;0;2;1;0;0;3;2;-12,08072;-38,348859;"SPRF-BA";"DEL01/BA";"UOP04-DEL01-BA"
772446;2026-05-17;"domingo";"22:00:00";"MG";116;200;"CARAI";"Reação tardia ou ineficiente do condutor";"Colisão lateral sentido oposto";"Com Vítimas Feridas";"Plena Noite";"Crescente";"Céu Claro";"Simples";"Reta;Declive";"Não";4;0;0;2;1;1;2;3;-17,23468;-41,496141;"SPRF-MG";"DEL11/MG";"UOP01-DEL11-MG"
772449;2026-05-18;"segunda-feira";"06:24:00";"TO";153;138,9;"ARAGUAINA";"Acessar a via sem observar a presença dos outros veículos";"Atropelamento de Pedestre";"Com Vítimas Feridas";"Pleno dia";"Decrescente";"Céu Claro";"Simples";"Reta";"Sim";3;0;2;0;0;1;2;3;-7,163376;-48,206714;"SPRF-TO";"DEL02-TO";"UOP01-DEL02-TO"
772456;2026-05-18;"segunda-feira";"06:45:00";"ES";101;416,4;"ITAPEMIRIM";"Ultrapassagem Indevida";"Colisão frontal";"Com Vítimas Fatais";"Pleno dia";"Crescente";"Céu Claro";"Dupla";"Reta";"Não";3;2;0;0;1;0;0;3;-20,94156;-41,08642;"SPRF-ES";"DEL03-ES";"UOP02-DEL03-ES"
772457;2026-05-18;"segunda-feira";"05:30:00";"PR";376;666;"GUARATUBA";"Ausência de reação do condutor";"Tombamento";"Com Vítimas Feridas";"Amanhecer";"Crescente";"Garoa/Chuvisco";"Dupla";"Curva;Declive";"Não";1;0;1;0;0;0;1;1;-25,863486;-48,949795;"SPRF-PR";"DEL01/PR";"UOP04-DEL01-PR"
772459;2026-05-17;"domingo";"14:15:00";"BA";110;5;"PAULO AFONSO";"Demais falhas mecânicas ou elétricas";"Incêndio";"Sem Vítimas";"Pleno dia";"Decrescente";"Céu Claro";"Simples";"Curva";"Não";2;0;0;0;1;2;0;3;-9,467316;-38,204532;"SPRF-BA";"DEL07/BA";"UOP01-DEL07-BA"
772461;2026-05-18;"segunda-feira";"06:00:00";"MS";267;32,1;"BATAGUASSU";"Condutor deixou de manter distância do veículo da frente";"Colisão frontal";"Com Vítimas Feridas";"Pleno dia";"Decrescente";"Nublado";"Simples";"Declive;Reta";"Não";4;0;0;1;1;2;1;4;-21,728977;-52,44541;"SPRF-MS";"DEL02/MS";"UOP04-DEL02-MS"
772467;2026-05-18;"segunda-feira";"06:50:00";"ES";262;23;"VIANA";"Estacionar ou parar em local proibido";"Colisão traseira";"Com Vítimas Feridas";"Pleno dia";"Crescente";"Céu Claro";"Simples";"Curva";"Não";3;0;1;0;1;1;1;3;-20,37513051;-40,5213111;"SPRF-ES";"DEL01-ES";"UOP01-DEL01-ES"
772471;2026-05-18;"segunda-feira";"07:20:00";"MG";381;434;"SANTA LUZIA";"Ausência de reação do condutor";"Colisão traseira";"Com Vítimas Feridas";"Pleno dia";"Decrescente";"Céu Claro";"Simples";"Reta";"Sim";3;0;0;1;2;0;1;3;-19,80934616;-43,78051758;"SPRF-MG";"DEL01/MG";"UOP01-DEL01-MG"
772473;2026-05-15;"sexta-feira";"07:00:00";"SC";280;165;"MAFRA";"Ausência de reação do condutor";"Colisão lateral sentido oposto";"Com Vítimas Feridas";"Pleno dia";"Decrescente";"Garoa/Chuvisco";"Simples";"Reta";"Sim";3;0;1;0;1;1;1;3;-26,15809588;-49,81370687;"SPRF-SC";"DEL06/SC";"UOP01-DEL06-SC"
772474;2026-05-18;"segunda-feira";"07:00:00";"MG";381;510;"SAO JOAQUIM DE BICAS";"Acessar a via sem observar a presença dos outros veículos";"Colisão lateral mesmo sentido";"Com Vítimas Feridas";"Pleno dia";"Decrescente";"Céu Claro";"Dupla";"Reta";"Sim";2;0;1;0;1;0;1;2;-20,05252936;-44,28160636;"SPRF-MG";"DEL01/MG";"UOP03-DEL01-MG"
772479;2026-05-18;"segunda-feira";"04:20:00";"BA";116;245;"QUIJINGUE";"Condutor Dormindo";"Saída de leito carroçável";"Com Vítimas Feridas";"Plena Noite";"Decrescente";"Céu Claro";"Simples";"Reta";"Não";3;0;2;0;0;1;2;2;-10,7363821;-38,91289139;"SPRF-BA";"DEL07/BA";"UOP03-DEL07-BA"
772486;2026-05-18;"segunda-feira";"08:42:00";"PB";101;83,6;"BAYEUX";"Manobra de mudança de faixa";"Colisão lateral mesmo sentido";"Com Vítimas Feridas";"Pleno dia";"Decrescente";"Céu Claro";"Dupla";"Reta";"Sim";4;0;1;0;2;1;1;4;-7,137912;-34,925054;"SPRF-PB";"DEL01-PB";"UOP01-DEL01-PB"
772491;2026-05-18;"segunda-feira";"07:15:00";"PR";376;305;"MAUA DA SERRA";"Ausência de reação do condutor";"Tombamento";"Com Vítimas Feridas";"Pleno dia";"Decrescente";"Chuva";"Dupla";"Curva;Aclive";"Não";2;0;1;0;0;1;1;2;-23,94969852;-51,11918863;"SPRF-PR";"DEL07/PR";"UOP02-DEL07-PR"
772494;2026-05-18;"segunda-feira";"08:00:00";"GO";153;386,2;"SAO FRANCISCO DE GOIAS";"Acessar a via sem observar a presença dos outros veículos";"Colisão transversal";"Com Vítimas Feridas";"Pleno dia";"Decrescente";"Céu Claro";"Simples";"Reta";"Não";3;0;1;0;1;1;1;3;-15,961982;-49,178648;"SPRF-GO";"DEL02/GO";"UOP02-DEL02-GO"
772497;2026-05-18;"segunda-feira";"05:30:00";"MG";40;602,1;"OURO PRETO";"Ausência de reação do condutor";"Colisão traseira";"Com Vítimas Feridas";"Plena Noite";"Decrescente";"Nublado";"Simples";"Aclive;Reta";"Não";2;0;0;1;1;0;1;2;-20,4337;-43,85109;"SPRF-MG";"DEL05/MG";"UOP02-DEL05-MG"
772503;2026-05-18;"segunda-feira";"09:00:00";"SC";470;124,1;"IBIRAMA";"Ausência de reação do condutor";"Colisão frontal";"Com Vítimas Feridas";"Pleno dia";"Crescente";"Nublado";"Simples";"Curva";"Não";2;0;0;1;1;0;1;2;-27,11565;-49,53228;"SPRF-SC";"DEL04/SC";"UOP02-DEL04-SC"
772505;2026-05-18;"segunda-feira";"05:35:00";"MG";40;602,2;"OURO PRETO";"Ausência de reação do condutor";"Colisão traseira";"Com Vítimas Feridas";"Plena Noite";"Decrescente";"Nublado";"Simples";"Aclive;Reta";"Não";5;0;3;0;1;1;3;3;-20,43524;-43,8488;"SPRF-MG";"DEL05/MG";"UOP02-DEL05-MG"
772506;2026-05-18;"segunda-feira";"06:53:00";"MG";40;577,4;"ITABIRITO";"Ausência de reação do condutor";"Colisão traseira";"Com Vítimas Feridas";"Pleno dia";"Crescente";"Sol";"Dupla";"Reta";"Não";2;0;1;0;0;1;1;2;-20,27311717;-43,95125628;"SPRF-MG";"DEL01/MG";"UOP02-DEL01-MG"
772508;2026-05-18;"segunda-feira";"07:30:00";"PE";116;91;"BELEM DE SAO FRANCISCO";"Ultrapassagem Indevida";"Colisão com objeto";"Sem Vítimas";"Pleno dia";"Crescente";"Céu Claro";"Simples";"Curva";"Sim";2;0;0;0;1;1;0;2;-8,6232299;-39,2418815;"SPRF-PE";"DEL05/PE";"UOP03-DEL05-PE"
772509;2026-05-18;"segunda-feira";"09:45:00";"SP";116;312;"SAO LOURENCO DA SERRA";"Demais falhas mecânicas ou elétricas";"Eventos atípicos";"Com Vítimas Feridas";"Pleno dia";"Crescente";"Sol";"Dupla";"Reta";"Sim";2;0;1;0;0;1;1;2;-23,88198438;-46,97262223;"SPRF-SP";"DEL04/SP";"UOP01-DEL04-SP"
772511;2026-04-30;"quinta-feira";"18:36:00";"RJ";101;567;"PARATY";"Acessar a via sem observar a presença dos outros veículos";"Colisão transversal";"Com Vítimas Feridas";"Plena Noite";"Crescente";"Garoa/Chuvisco";"Simples";"Reta";"Sim";3;0;1;0;2;0;1;2;-23,11777069;-44,70835805;"SPRF-RJ";"DEL03/RJ";"UOP04-DEL03-RJ"
772512;2026-05-18;"segunda-feira";"10:50:00";"ES";101;73;"SAO MATEUS";"Transitar no Acostamento";"Colisão lateral mesmo sentido";"Com Vítimas Feridas";"Pleno dia";"Decrescente";"Sol";"Simples";"Reta";"Não";2;0;0;1;1;0;1;2;-18,77002258;-39,86780612;"SPRF-ES";"DEL04-ES";"UOP02-DEL04-ES"
772516;2026-05-15;"sexta-feira";"18:00:00";"SP";116;293;"ITAPECERICA DA SERRA";"Reação tardia ou ineficiente do condutor";"Colisão traseira";"Com Vítimas Feridas";"Anoitecer";"Decrescente";"Garoa/Chuvisco";"Dupla";"Curva";"Não";3;0;1;0;2;0;1;2;-23,74203343;-46,8989687;"SPRF-SP";"DEL04/SP";"UOP01-DEL04-SP"
772517;2026-05-18;"segunda-feira";"10:30:00";"ES";262;28,9;"VIANA";"Ultrapassagem Indevida";"Colisão lateral sentido oposto";"Sem Vítimas";"Pleno dia";"Crescente";"Sol";"Simples";"Curva";"Não";3;0;0;0;3;0;0;3;-20,3751305;-40,5213111;"SPRF-ES";"DEL01-ES";"UOP01-DEL01-ES"
772518;2026-05-18;"segunda-feira";"10:10:00";"MG";116;754;"LEOPOLDINA";"Reação tardia ou ineficiente do condutor";"Colisão traseira";"Com Vítimas Feridas";"Pleno dia";"Decrescente";"Céu Claro";"Simples";"Reta;Aclive";"Não";4;0;1;0;2;1;1;3;-21,48238316;-42,57699966;"SPRF-MG";"DEL07/MG";"UOP01-DEL07-MG"
772519;2026-05-18;"segunda-feira";"10:30:00";"PR";153;505;"GENERAL CARNEIRO";"Ausência de reação do condutor";"Colisão traseira";"Com Vítimas Feridas";"Pleno dia";"Crescente";"Céu Claro";"Simples";"Curva";"Não";3;0;0;1;1;2;1;4;-26,5219233;-51,3575833;"SPRF-PR";"DEL02/PR";"UOP03-DEL02-PR"
772521;2026-05-15;"sexta-feira";"19:00:00";"SC";116;142;"SANTA CECILIA";"Transitar na contramão";"Colisão frontal";"Com Vítimas Feridas";"Anoitecer";"Decrescente";"Garoa/Chuvisco";"Simples";"Curva";"Sim";2;0;0;1;1;0;1;2;-26,9769216;-50,397395;"SPRF-SC";"DEL06/SC";"UOP02-DEL06-SC"
772525;2026-05-18;"segunda-feira";"07:00:00";"MA";226;303,3;"BARRA DO CORDA";"Retorno proibido";"Colisão transversal";"Com Vítimas Feridas";"Pleno dia";"Crescente";"Céu Claro";"Simples";"Reta";"Sim";2;0;0;1;1;0;1;2;-5,491435;-45,273443;"SPRF-MA";"DEL06-MA";"UOP01-DEL06-MA"
772527;2026-05-18;"segunda-feira";"10:25:00";"RJ";116;137;"MAGE";"Ausência de reação do condutor";"Colisão transversal";"Com Vítimas Feridas";"Pleno dia";"Decrescente";"Céu Claro";"Dupla";"Reta";"Não";5;0;1;0;4;0;1;2;-22,647981;-43,181563;"SPRF-RJ";"DEL04/RJ";"UOP02-DEL04-RJ"
772529;2026-05-18;"segunda-feira";"11:50:00";"PR";376;217;"JANDAIA DO SUL";"Reação tardia ou ineficiente do condutor";"Colisão traseira";"Com Vítimas Feridas";"Pleno dia";"Decrescente";"Céu Claro";"Dupla";"Reta;Aclive";"Não";3;0;0;1;1;1;1;3;-23,586228;-51,640233;"SPRF-PR";"DEL09/PR";"UOP01-DEL09-PR"
772530;2026-05-18;"segunda-feira";"12:20:00";"PR";116;56;"CAMPINA GRANDE DO SUL";"Condutor deixou de manter distância do veículo da frente";"Colisão traseira";"Com Vítimas Feridas";"Pleno dia";"Decrescente";"Chuva";"Dupla";"Declive;Reta";"Não";5;0;0;1;2;3;1;5;-25,28146921;-48,92749429;"SPRF-PR";"DEL01/PR";"UOP02-DEL01-PR"
772531;2026-05-18;"segunda-feira";"10:30:00";"MG";116;313;"ITAMBACURI";"Condutor Dormindo";"Saída de leito carroçável";"Com Vítimas Feridas";"Pleno dia";"Decrescente";"Céu Claro";"Simples";"Reta;Ponte;Declive";"Não";2;0;0;2;0;0;2;1;-18,094388;-41,6892;"SPRF-MG";"DEL11/MG";"UOP01-DEL11-MG"
772536;2026-05-18;"segunda-feira";"12:50:00";"RS";158;229,9;"TUPANCIRETA";"Ultrapassagem Indevida";"Colisão lateral mesmo sentido";"Com Vítimas Feridas";"Pleno dia";"Decrescente";"Sol";"Simples";"Reta";"Não";3;0;1;0;1;1;1;2;-28,94189549;-53,64636254;"SPRF-RS";"DEL10/RS";"UOP02-DEL10-RS"
772540;2026-05-18;"segunda-feira";"12:55:00";"SC";282;605,4;"MARAVILHA";"Mal súbito do condutor";"Saída de leito carroçável";"Sem Vítimas";"Pleno dia";"Crescente";"Nublado";"Simples";"Retorno Regulamentado;Interseção de Vias";"Sim";1;0;0;0;1;0;0;1;-26,782042;-53,197237;"SPRF-SC";"DEL07/SC";"UOP02-DEL07-SC"
772541;2026-05-18;"segunda-feira";"13:15:00";"PR";153;15,5;"JACAREZINHO";"Velocidade Incompatível";"Tombamento";"Com Vítimas Feridas";"Pleno dia";"Decrescente";"Nublado";"Simples";"Curva;Declive";"Não";4;0;2;0;1;1;2;4;-23,12632845;-49,94388454;"SPRF-PR";"DEL07/PR";"UOP04-DEL07-PR"
772549;2026-05-18;"segunda-feira";"13:50:00";"SC";116;206;"PONTE ALTA";"Condutor deixou de manter distância do veículo da frente";"Colisão traseira";"Com Vítimas Feridas";"Pleno dia";"Crescente";"Céu Claro";"Simples";"Reta";"Sim";2;0;1;0;1;0;1;2;-27,47125705;-50,38278278;"SPRF-SC";"DEL05/SC";"UOP03-DEL05-SC"
772550;2026-05-18;"segunda-feira";"14:10:00";"PR";277;140;"BALSA NOVA";"Pedestre cruzava a pista fora da faixa";"Atropelamento de Pedestre";"Com Vítimas Feridas";"Pleno dia";"Crescente";"Nublado";"Múltipla";"Reta";"Não";2;0;0;1;1;0;1;2;-25,47133068;-49,66198967;"SPRF-PR";"DEL01/PR";"UOP07-DEL01-PR"
772551;2026-05-18;"segunda-feira";"14:09:00";"SP";381;24;"BRAGANCA PAULISTA";"Reação tardia ou ineficiente do condutor";"Colisão traseira";"Com Vítimas Feridas";"Pleno dia";"Crescente";"Nublado";"Dupla";"Reta";"Não";5;0;0;2;2;2;2;6;-23,020148;-46,529605;"SPRF-SP";"DEL03/SP";"UOP02-DEL03-SP"
772553;2026-02-03;"terça-feira";"21:15:00";"AL";416;2;"COLONIA LEOPOLDINA";"Transitar na contramão";"Colisão lateral sentido oposto";"Com Vítimas Feridas";"Plena Noite";"Crescente";"Céu Claro";"Simples";"Reta";"Não";4;0;1;1;1;2;2;4;-8,901137;-35,655598;"SPRF-AL";"DEL01-AL";"UOP02-DEL01-AL"
772556;2026-05-18;"segunda-feira";"13:50:00";"PR";376;6;"MARINGA";"Mal súbito do condutor";"Tombamento";"Com Vítimas Feridas";"Pleno dia";"Crescente";"Nublado";"Múltipla";"Reta;Declive";"Sim";2;0;1;0;0;1;1;2;-23,377043;-51,941987;"SPRF-PR";"DEL09/PR";"UOP01-DEL09-PR"
772558;2026-05-15;"sexta-feira";"20:30:00";"RJ";116;147;"DUQUE DE CAXIAS";"Manobra de mudança de faixa";"Colisão lateral mesmo sentido";"Com Vítimas Feridas";"Plena Noite";"Decrescente";"Céu Claro";"Múltipla";"Reta";"Sim";6;0;3;0;2;1;3;4;-22,67058057;-43,2752645;"SPRF-RJ";"DEL01/RJ";"UOP02-DEL01-RJ"