"id";"data_inversa";"dia_semana";"horario";"uf";"br";"km";"municipio";"causa_acidente";"tipo_acidente";"classificacao_acidente";"fase_dia";"sentido_via";"condicao_metereologica";"tipo_pista";"tracado_via";"uso_solo";"pessoas";"mortos";"feridos_leves";"feridos_graves";"ilesos";"ignorados";"feridos";"veiculos";"latitude";"longitude";"regional";"delegacia";"uop"
772561;2026-05-18;"segunda-feira";"13:20:00";"ES";101;284,3;"CARIACICA";"Reação tardia ou ineficiente do condutor";"Colisão com objeto";"Sem Vítimas";"Pleno dia";"Decrescente";"Céu Claro";"Dupla";"Curva";"Sim";2;0;0;0;1;2;0;3;-20,246719;-40,369869;"SPRF-ES";"DEL01-ES";"UOP01-DEL01-ES"
772564;2026-05-18;"segunda-feira";"15:00:00";"BA";101;358;"WENCESLAU GUIMARAES";"Afundamento ou ondulação no pavimento";"Colisão frontal";"Com Vítimas Feridas";"Pleno dia";"Decrescente";"Céu Claro";"Simples";"Reta";"Sim";2;0;1;0;1;0;1;2;-13,6828533;-39,4780707;"SPRF-BA";"DEL05/BA";"UOP03-DEL05-BA"
772572;2026-05-18;"segunda-feira";"13:10:00";"SC";282;68;"RANCHO QUEIMADO";"Acessar a via sem observar a presença dos outros veículos";"Colisão traseira";"Com Vítimas Feridas";"Pleno dia";"Decrescente";"Nublado";"Simples";"Curva;Aclive";"Não";3;0;0;1;1;1;1;3;-27,69291865;-49,08136575;"SPRF-SC";"DEL01/SC";"UOP03-DEL01-SC"
772575;2026-05-18;"segunda-feira";"16:04:00";"MG";40;600;"OURO PRETO";"Acumulo de areia ou detritos sobre o pavimento";"Colisão frontal";"Com Vítimas Feridas";"Pleno dia";"Decrescente";"Chuva";"Simples";"Reta";"Não";3;0;1;0;1;1;1;3;-20,4230766;-43,8678834;"SPRF-MG";"DEL05/MG";"UOP02-DEL05-MG"
772579;2026-05-18;"segunda-feira";"15:30:00";"RS";287;251;"SANTA MARIA";"Reação tardia ou ineficiente do condutor";"Tombamento";"Com Vítimas Feridas";"Pleno dia";"Crescente";"Céu Claro";"Múltipla";"Rotatória;Curva";"Sim";3;0;2;0;1;0;2;1;-29,687286;-53,88427;"SPRF-RS";"DEL09/RS";"UOP01-DEL09-RS"
772589;2026-05-18;"segunda-feira";"06:37:00";"PR";277;681;"MEDIANEIRA";"Condutor deixou de manter distância do veículo da frente";"Colisão traseira";"Com Vítimas Feridas";"Amanhecer";"Crescente";"Nublado";"Dupla";"Reta";"Não";4;0;1;0;3;0;1;3;-25,3178506;-54,1573381;"SPRF-PR";"DEL05/PR";"UOP01-DEL05-PR"
772594;2026-04-16;"quinta-feira";"18:01:00";"MG";381;561,5;"ITAGUARA";"Problema com o freio";"Tombamento";"Com Vítimas Feridas";"Amanhecer";"Crescente";"Céu Claro";"Dupla";"Curva;Declive";"Não";2;0;1;1;0;0;2;1;-20,37305263;-44,46997404;"SPRF-MG";"DEL04/MG";"UOP03-DEL04-MG"
772595;2026-05-18;"segunda-feira";"18:00:00";"MG";365;428;"PATOS DE MINAS";"Chuva";"Tombamento";"Com Vítimas Feridas";"Plena Noite";"Crescente";"Chuva";"Simples";"Reta";"Não";2;0;1;0;1;0;1;1;-18,74667;-46,63603;"SPRF-MG";"DEL10/MG";"UOP01-DEL10-MG"
772600;2026-05-18;"segunda-feira";"17:30:00";"MG";40;786;"JUIZ DE FORA";"Chuva";"Saída de leito carroçável";"Com Vítimas Feridas";"Anoitecer";"Decrescente";"Chuva";"Dupla";"Curva;Declive";"Não";2;0;1;0;0;2;1;3;-21,72417867;-43,43999126;"SPRF-MG";"DEL05/MG";"UOP01-DEL05-MG"
772609;2026-05-18;"segunda-feira";"19:13:00";"TO";153;387;"RIO DOS BOIS";"Ultrapassagem Indevida";"Colisão frontal";"Com Vítimas Feridas";"Plena Noite";"Crescente";"Céu Claro";"Simples";"Reta";"Não";3;0;0;1;1;1;1;3;-9,3048187;-48,5496999;"SPRF-TO";"DEL02-TO";"UOP02-DEL02-TO"
772610;2026-05-18;"segunda-feira";"10:42:00";"BA";324;541;"AMELIA RODRIGUES";"Reação tardia ou ineficiente do condutor";"Tombamento";"Sem Vítimas";"Pleno dia";"Decrescente";"Sol";"Dupla";"Reta;Declive;Em Obras";"Não";1;0;0;0;1;0;0;1;-12,394103;-38,774278;"SPRF-BA";"DEL11/BA";"UOP02-DEL11-BA"
772613;2026-05-18;"segunda-feira";"16:57:00";"AL";101;151,9;"JEQUIA DA PRAIA";"Ausência de reação do condutor";"Colisão traseira";"Com Vítimas Feridas";"Anoitecer";"Crescente";"Céu Claro";"Dupla";"Reta;Aclive";"Não";3;0;0;1;1;2;1;4;-9,89105677;-36,15411155;"SPRF-AL";"DEL02-AL";"UOP02-DEL02-AL"
772618;2026-05-18;"segunda-feira";"17:45:00";"MT";70;504;"CUIABA";"Reação tardia ou ineficiente do condutor";"Colisão traseira";"Com Vítimas Feridas";"Plena Noite";"Decrescente";"Nevoeiro/Neblina";"Simples";"Rotatória";"Não";3;0;0;1;1;3;1;5;-15,7003578;-56,04253004;"SPRF-MT";"DEL01/MT";"UOP02-DEL01-MT"
772622;2026-05-18;"segunda-feira";"18:30:00";"PR";277;54;"SAO JOSE DOS PINHAIS";"Demais falhas mecânicas ou elétricas";"Incêndio";"Sem Vítimas";"Pleno dia";"Decrescente";"Garoa/Chuvisco";"Dupla";"Reta";"Não";2;0;0;0;1;1;0;2;-25,57107711;-48,99760187;"SPRF-PR";"DEL01/PR";"UOP05-DEL01-PR"
772626;2026-05-18;"segunda-feira";"19:00:00";"BA";116;630,9;"JAGUAQUARA";"Ultrapassagem Indevida";"Colisão frontal";"Com Vítimas Fatais";"Plena Noite";"Crescente";"Céu Claro";"Simples";"Reta";"Não";3;1;0;0;1;1;0;3;-13,5046;-40,05578;"SPRF-BA";"DEL03/BA";"UOP01-DEL03-BA"
772632;2026-05-18;"segunda-feira";"20:25:00";"SC";101;102;"BALNEARIO PICARRAS";"Ausência de reação do condutor";"Colisão traseira";"Com Vítimas Feridas";"Plena Noite";"Crescente";"Garoa/Chuvisco";"Dupla";"Reta";"Não";6;0;0;3;2;1;3;4;-26,76904128;-48,68625037;"SPRF-SC";"DEL03/SC";"UOP02-DEL03-SC"
772634;2026-05-18;"segunda-feira";"10:55:00";"SC";282;530,8;"CORDILHEIRA ALTA";"Ausência de reação do condutor";"Colisão lateral sentido oposto";"Com Vítimas Feridas";"Pleno dia";"Crescente";"Céu Claro";"Simples";"Curva";"Não";7;0;2;2;1;5;4;8;-26,98856532;-52,61078435;"SPRF-SC";"DEL07/SC";"UOP01-DEL07-SC"
772635;2026-05-18;"segunda-feira";"18:30:00";"BA";116;358,5;"SERRINHA";"Ultrapassagem Indevida";"Colisão lateral sentido oposto";"Com Vítimas Feridas";"Plena Noite";"Crescente";"Céu Claro";"Simples";"Curva";"Sim";3;0;1;0;1;1;1;3;-11,6638367;-39,00028467;"SPRF-BA";"DEL02/BA";"UOP01-DEL02-BA"
772638;2026-05-18;"segunda-feira";"18:00:00";"MG";116;339;"CAMPANARIO";"Transitar na contramão";"Colisão frontal";"Com Vítimas Feridas";"Plena Noite";"Decrescente";"Céu Claro";"Simples";"Reta";"Não";2;0;1;0;0;1;1;2;-18,310765;-41,755242;"SPRF-MG";"DEL11/MG";"UOP01-DEL11-MG"
772639;2026-05-18;"segunda-feira";"19:30:00";"AM";174;1024;"PRESIDENTE FIGUEIREDO";"Pista esburacada";"Incêndio";"Sem Vítimas";"Plena Noite";"Crescente";"Céu Claro";"Simples";"Aclive;Reta";"Não";2;0;0;0;1;1;0;2;-1,7375;-60,0388;"SPRF-AM";"DEL01-AM";"UOP02-DEL01-AM"
772641;2026-05-18;"segunda-feira";"20:57:00";"MG";40;472,5;"SETE LAGOAS";"Velocidade Incompatível";"Tombamento";"Com Vítimas Feridas";"Plena Noite";"Crescente";"Nublado";"Dupla";"Curva";"Não";2;0;1;0;0;1;1;2;-19,485137;-44,281088;"SPRF-MG";"DEL02/MG";"UOP01-DEL02-MG"
772642;2026-05-18;"segunda-feira";"19:26:00";"MT";364;574;"NOBRES";"Demais falhas mecânicas ou elétricas";"Eventos atípicos";"Sem Vítimas";"Anoitecer";"Decrescente";"Nevoeiro/Neblina";"Dupla";"Aclive;Reta";"Não";2;0;0;0;1;1;0;2;-14,57427994;-56,22356415;"SPRF-MT";"DEL01/MT";"UOP01-DEL01-MT"
772650;2026-05-18;"segunda-feira";"11:45:00";"PA";163;627;"TRAIRAO";"Demais falhas mecânicas ou elétricas";"Incêndio";"Sem Vítimas";"Pleno dia";"Crescente";"Nublado";"Simples";"Reta";"Não";2;0;0;0;1;3;0;4;-4,7047;-55,9919;"SPRF-PA";"DEL05/PA";"UOP03-DEL05-PA"
772653;2026-03-31;"terça-feira";"16:30:00";"SC";101;146;"ITAPEMA";"Reação tardia ou ineficiente do condutor";"Colisão traseira";"Com Vítimas Feridas";"Pleno dia";"Decrescente";"Céu Claro";"Dupla";"Aclive;Reta";"Sim";2;0;1;0;1;0;1;2;-27,08702173;-48,60978381;"SPRF-SC";"DEL04/SC";"UOP03-DEL04-SC"
772654;2026-05-18;"segunda-feira";"13:03:00";"PA";163;434;"ITAITUBA";"Pista esburacada";"Tombamento";"Com Vítimas Feridas";"Pleno dia";"Crescente";"Céu Claro";"Simples";"Reta";"Não";3;0;2;0;0;2;2;3;-6,04999;-55,684519;"SPRF-PA";"DEL05/PA";"UOP03-DEL05-PA"
772655;2026-05-18;"segunda-feira";"15:30:00";"RJ";393;172;"TRES RIOS";"Condutor usando celular";"Colisão frontal";"Com Vítimas Fatais";"Pleno dia";"Crescente";"Nublado";"Dupla";"Reta";"Não";3;1;0;0;1;1;0;3;-22,12298;-43,203783;"SPRF-RJ";"DEL05/RJ";"UOP03-DEL05-RJ"
772657;2026-05-18;"segunda-feira";"23:35:00";"SP";381;49;"ATIBAIA";"Ingestão de álcool pelo condutor";"Colisão traseira";"Com Vítimas Feridas";"Plena Noite";"Decrescente";"Chuva";"Dupla";"Reta;Aclive";"Sim";4;0;1;0;3;0;1;3;-23,20909263;-46,59210262;"SPRF-SP";"DEL03/SP";"UOP01-DEL03-SP"
772662;2026-05-18;"segunda-feira";"18:00:00";"CE";230;47,9;"LAVRAS DA MANGABEIRA";"Manobra de mudança de faixa";"Colisão frontal";"Com Vítimas Fatais";"Anoitecer";"Crescente";"Céu Claro";"Simples";"Reta";"Não";5;2;0;0;2;1;0;3;-6,7662158;-39,05021667;"SPRF-CE";"DEL05/CE";"UOP01-DEL05-CE"
772665;2026-05-19;"terça-feira";"00:47:00";"SC";470;270,6;"BRUNOPOLIS";"Velocidade Incompatível";"Tombamento";"Com Vítimas Feridas";"Plena Noite";"Decrescente";"Nublado";"Simples";"Declive;Curva";"Não";2;0;0;1;0;1;1;2;-27,3250833;-50,7776147;"SPRF-SC";"DEL07/SC";"UOP06-DEL07-SC"
772667;2026-05-19;"terça-feira";"00:00:00";"BA";101;947,9;"MUCURI";"Acessar a via sem observar a presença dos outros veículos";"Colisão transversal";"Com Vítimas Feridas";"Plena Noite";"Decrescente";"Céu Claro";"Simples";"Interseção de Vias;Reta";"Não";3;0;0;1;1;2;1;4;-18,110563;-39,884705;"SPRF-BA";"DEL09/BA";"UOP02-DEL09-BA"
772669;2026-05-19;"terça-feira";"01:20:00";"PR";376;243,7;"APUCARANA";"Condutor Dormindo";"Saída de leito carroçável";"Com Vítimas Fatais";"Plena Noite";"Decrescente";"Nevoeiro/Neblina";"Simples";"Reta";"Sim";2;1;0;0;0;1;0;2;-23,58043195;-51,4181523;"SPRF-PR";"DEL07/PR";"UOP03-DEL07-PR"
772675;2026-05-19;"terça-feira";"03:30:00";"MS";376;138;"IVINHEMA";"Reação tardia ou ineficiente do condutor";"Saída de leito carroçável";"Sem Vítimas";"Plena Noite";"Crescente";"Garoa/Chuvisco";"Simples";"Curva";"Não";2;0;0;0;1;2;0;3;-22,39301;-53,64274;"SPRF-MS";"DEL04/MS";"UOP04-DEL04-MS"
772676;2026-05-19;"terça-feira";"05:30:00";"MG";262;371;"JUATUBA";"Condutor Dormindo";"Tombamento";"Com Vítimas Feridas";"Amanhecer";"Decrescente";"Céu Claro";"Dupla";"Reta";"Não";2;0;1;0;0;3;1;4;-19,938627;-44,389012;"SPRF-MG";"DEL01/MG";"UOP03-DEL01-MG"
772677;2026-05-19;"terça-feira";"05:00:00";"PB";230;257,4;"JUNCO DO SERIDO";"Ausência de reação do condutor";"Colisão lateral sentido oposto";"Com Vítimas Feridas";"Amanhecer";"Decrescente";"Céu Claro";"Simples";"Curva;Declive";"Não";4;0;1;0;2;1;1;3;-7,00727875;-36,7031765;"SPRF-PB";"DEL03-PB";"UOP01-DEL03-PB"
772679;2026-05-19;"terça-feira";"05:55:00";"MG";116;812,9;"ALEM PARAIBA";"Acumulo de óleo sobre o pavimento";"Saída de leito carroçável";"Com Vítimas Feridas";"Amanhecer";"Crescente";"Chuva";"Simples";"Curva;Declive";"Não";2;0;1;0;0;1;1;2;-21,81669542;-42,69307662;"SPRF-MG";"DEL07/MG";"UOP01-DEL07-MG"
772680;2026-05-19;"terça-feira";"05:00:00";"MG";381;330,9;"NOVA ERA";"Ausência de reação do condutor";"Tombamento";"Com Vítimas Feridas";"Plena Noite";"Decrescente";"Nevoeiro/Neblina";"Simples";"Curva;Declive";"Não";2;0;1;0;0;1;1;2;-19,793669;-43,0556035;"SPRF-MG";"DEL03/MG";"UOP01-DEL03-MG"
772683;2026-05-19;"terça-feira";"06:00:00";"SC";280;12;"SAO FRANCISCO DO SUL";"Reação tardia ou ineficiente do condutor";"Colisão lateral sentido oposto";"Com Vítimas Feridas";"Plena Noite";"Crescente";"Nublado";"Simples";"Reta";"Não";3;0;2;0;0;3;2;5;-26,31514676;-48,64520168;"SPRF-SC";"DEL03/SC";"UOP03-DEL03-SC"
772684;2026-05-19;"terça-feira";"01:30:00";"MG";365;404,2;"PATOS DE MINAS";"Velocidade Incompatível";"Saída de leito carroçável";"Com Vítimas Feridas";"Plena Noite";"Crescente";"Chuva";"Simples";"Reta";"Não";2;0;0;1;0;1;1;2;-18,63682;-46,45991;"SPRF-MG";"DEL10/MG";"UOP01-DEL10-MG"
772687;2026-05-15;"sexta-feira";"14:50:00";"RJ";101;316;"SAO GONCALO";"Suicídio (presumido)";"Atropelamento de Pedestre";"Com Vítimas Fatais";"Pleno dia";"Crescente";"Nublado";"Dupla";"Reta;Viaduto;Declive";"Não";3;1;0;0;1;2;0;4;-22,82036208;-43,08219608;"SPRF-RJ";"DEL02/RJ";"UOP02-DEL02-RJ"
772695;2026-05-19;"terça-feira";"07:30:00";"RS";386;374;"TAQUARI";"Acessar a via sem observar a presença dos outros veículos";"Colisão transversal";"Com Vítimas Feridas";"Pleno dia";"Decrescente";"Nublado";"Dupla";"Curva";"Sim";3;0;1;0;2;0;1;2;-29,61648;-51,78654;"SPRF-RS";"DEL04/RS";"UOP01-DEL04-RS"
772697;2026-05-19;"terça-feira";"07:50:00";"SC";101;207,3;"SAO JOSE";"Condutor deixou de manter distância do veículo da frente";"Colisão traseira";"Com Vítimas Fatais";"Pleno dia";"Decrescente";"Céu Claro";"Múltipla";"Declive";"Não";7;1;0;1;2;3;1;6;-27,6015;-48,62545;"SPRF-SC";"DEL01/SC";"UOP01-DEL01-SC"
772702;2026-05-15;"sexta-feira";"16:00:00";"MG";251;517;"FRANCISCO SA";"Chuva";"Colisão com objeto";"Sem Vítimas";"Pleno dia";"Crescente";"Chuva";"Simples";"Ponte;Reta";"Não";2;0;0;0;1;1;0;2;-16,64752497;-43,70425165;"SPRF-MG";"DEL12/MG";"UOP01-DEL12-MG"
772709;2026-05-19;"terça-feira";"08:15:00";"PB";230;6,2;"CABEDELO";"Ausência de reação do condutor";"Colisão traseira";"Com Vítimas Feridas";"Pleno dia";"Crescente";"Céu Claro";"Dupla";"Reta;Viaduto";"Sim";3;0;0;1;1;1;1;3;-7,0221661;-34,836958;"SPRF-PB";"DEL01-PB";"UOP01-DEL01-PB"
772716;2026-04-23;"quinta-feira";"11:52:00";"TO";153;170,5;"ARAGUAINA";"Transitar na contramão";"Colisão frontal";"Com Vítimas Feridas";"Pleno dia";"Crescente";"Céu Claro";"Simples";"Reta";"Não";4;0;1;0;2;4;1;7;-7,398203;-48,359023;"SPRF-TO";"DEL02-TO";"UOP01-DEL02-TO"
772718;2026-05-19;"terça-feira";"08:40:00";"SC";116;124,5;"SANTA CECILIA";"Transitar na contramão";"Saída de leito carroçável";"Com Vítimas Feridas";"Pleno dia";"Decrescente";"Garoa/Chuvisco";"Simples";"Declive;Curva";"Não";4;0;1;0;2;1;1;3;-26,853316;-50,405411;"SPRF-SC";"DEL06/SC";"UOP02-DEL06-SC"
772719;2026-05-15;"sexta-feira";"20:00:00";"BA";101;350;"WENCESLAU GUIMARAES";"Velocidade Incompatível";"Tombamento";"Com Vítimas Feridas";"Plena Noite";"Decrescente";"Céu Claro";"Simples";"Curva";"Não";2;0;1;0;0;1;1;2;-13,619938;-39,496296;"SPRF-BA";"DEL05/BA";"UOP03-DEL05-BA"
772721;2026-04-06;"segunda-feira";"04:30:00";"BA";235;268;"CURACA";"Ausência de sinalização";"Saída de leito carroçável";"Com Vítimas Feridas";"Amanhecer";"Crescente";"Ignorado";"Simples";"Rotatória";"Não";1;0;1;0;0;0;1;1;-9,62180299;-39,8135363;"SPRF-BA";"DEL07/BA";"UOP03-DEL07-BA"
772722;2026-05-19;"terça-feira";"08:30:00";"GO";153;505;"APARECIDA DE GOIANIA";"Manobra de mudança de faixa";"Colisão lateral mesmo sentido";"Com Vítimas Fatais";"Pleno dia";"Crescente";"Nublado";"Dupla";"Reta";"Sim";3;1;0;0;2;0;0;3;-16,748119;-49,240963;"SPRF-GO";"DEL01/GO";"UOP01-DEL01-GO"
772723;2026-05-19;"terça-feira";"08:20:00";"RS";290;177;"BUTIA";"Acessar a via sem observar a presença dos outros veículos";"Colisão traseira";"Com Vítimas Feridas";"Pleno dia";"Crescente";"Nevoeiro/Neblina";"Simples";"Reta";"Não";2;0;1;0;1;0;1;2;-30,13433156;-51,97961379;"SPRF-RS";"DEL02/RS";"UOP03-DEL02-RS"
772732;2026-05-19;"terça-feira";"08:25:00";"RJ";116;145;"DUQUE DE CAXIAS";"Trafegar com motocicleta (ou similar) entre as faixas";"Colisão traseira";"Com Vítimas Feridas";"Pleno dia";"Crescente";"Nublado";"Dupla";"Reta";"Sim";5;0;2;0;2;1;2;3;-22,6623541;-43,25566376;"SPRF-RJ";"DEL01/RJ";"UOP02-DEL01-RJ"
772738;2026-05-19;"terça-feira";"10:50:00";"PR";277;660,6;"MATELANDIA";"Reação tardia ou ineficiente do condutor";"Colisão traseira";"Sem Vítimas";"Pleno dia";"Crescente";"Céu Claro";"Dupla";"Curva";"Sim";2;0;0;0;1;1;0;2;-25,247905;-53,984343;"SPRF-PR";"DEL05/PR";"UOP02-DEL05-PR"
772740;2026-05-19;"terça-feira";"10:21:00";"CE";222;302;"TIANGUA";"Demais falhas mecânicas ou elétricas";"Colisão lateral mesmo sentido";"Sem Vítimas";"Pleno dia";"Decrescente";"Céu Claro";"Simples";"Declive";"Não";5;0;0;0;4;1;0;5;-3,66422375;-40,9566829;"SPRF-CE";"DEL04/CE";"UOP02-DEL04-CE"
772751;2026-05-19;"terça-feira";"13:00:00";"RS";448;22;"PORTO ALEGRE";"Reação tardia ou ineficiente do condutor";"Tombamento";"Com Vítimas Feridas";"Pleno dia";"Crescente";"Céu Claro";"Múltipla";"Declive;Reta;Viaduto";"Sim";2;0;1;0;0;1;1;2;-29,97594052;-51,19978666;"SPRF-RS";"DEL01/RS";"UOP01-DEL01-RS"
772755;2026-05-19;"terça-feira";"12:30:00";"MG";40;807,5;"MATIAS BARBOSA";"Condutor deixou de manter distância do veículo da frente";"Colisão lateral mesmo sentido";"Com Vítimas Feridas";"Pleno dia";"Decrescente";"Céu Claro";"Dupla";"Aclive";"Não";4;0;2;0;1;1;2;3;-21,86516297;-43,3686161;"SPRF-MG";"DEL05/MG";"UOP01-DEL05-MG"
772757;2026-05-19;"terça-feira";"13:20:00";"PR";376;648;"TIJUCAS DO SUL";"Transtornos Mentais (exceto suicidio)";"Queda de ocupante de veículo";"Com Vítimas Feridas";"Pleno dia";"Decrescente";"Nublado";"Dupla";"Declive;Curva";"Não";3;0;1;0;1;1;1;3;-25,84581173;-49,09740385;"SPRF-PR";"DEL01/PR";"UOP04-DEL01-PR"
772758;2026-05-19;"terça-feira";"12:30:00";"GO";40;8;"VALPARAISO DE GOIAS";"Trafegar com motocicleta (ou similar) entre as faixas";"Colisão traseira";"Com Vítimas Fatais";"Pleno dia";"Decrescente";"Céu Claro";"Dupla";"Reta";"Sim";5;1;0;1;3;0;1;3;-16,11775;-47,96627;"SPRF-DF";"DEL01-DF";"UOP01-DEL01-DF"
772759;2026-05-19;"terça-feira";"10:21:00";"PE";423;156;"IATI";"Demais falhas mecânicas ou elétricas";"Saída de leito carroçável";"Com Vítimas Feridas";"Pleno dia";"Decrescente";"Céu Claro";"Simples";"Curva";"Não";2;0;0;1;0;1;1;2;-9,06028081;-36,93392694;"SPRF-PE";"DEL03/PE";"UOP01-DEL03-PE"
772761;2026-05-19;"terça-feira";"13:00:00";"MS";163;87;"ITAQUIRAI";"Condutor deixou de manter distância do veículo da frente";"Colisão traseira";"Com Vítimas Feridas";"Pleno dia";"Crescente";"Céu Claro";"Simples";"Declive;Reta";"Não";3;0;0;1;1;1;1;3;-23,39781;-54,21039;"SPRF-MS";"DEL09/MS";"UOP01-DEL09-MS"
772763;2026-05-19;"terça-feira";"11:25:00";"MT";163;793;"VERA";"Ausência de reação do condutor";"Colisão traseira";"Sem Vítimas";"Pleno dia";"Crescente";"Céu Claro";"Simples";"Aclive";"Não";3;0;0;0;2;5;0;7;-12,218986;-55,542046;"SPRF-MT";"DEL06/MT";"UOP02-DEL06-MT"
772765;2026-05-19;"terça-feira";"13:36:00";"PE";101;65,4;"RECIFE";"Condutor deixou de manter distância do veículo da frente";"Colisão traseira";"Com Vítimas Feridas";"Pleno dia";"Crescente";"Céu Claro";"Múltipla";"Reta";"Sim";6;0;1;2;2;1;3;5;-8,02631;-34,94298;"SPRF-PE";"DEL01/PE";"UOP01-DEL01-PE"
772766;2026-05-19;"terça-feira";"11:46:00";"SC";282;207,9;"LAGES";"Transitar na contramão";"Colisão frontal";"Com Vítimas Fatais";"Pleno dia";"Crescente";"Sol";"Simples";"Aclive;Reta";"Não";2;1;0;0;1;0;0;2;-27,77511;-50,21054;"SPRF-SC";"DEL05/SC";"UOP01-DEL05-SC"
772775;2026-05-19;"terça-feira";"13:30:00";"MT";174;535;"COMODORO";"Reação tardia ou ineficiente do condutor";"Colisão lateral mesmo sentido";"Sem Vítimas";"Pleno dia";"Decrescente";"Céu Claro";"Simples";"Reta";"Não";4;0;0;0;3;2;0;4;-13,27388241;-59,8659575;"SPRF-MT";"DEL04/MT";"UOP02-DEL04-MT"
772778;2026-05-19;"terça-feira";"11:30:00";"MG";153;246;"FRONTEIRA";"Ausência de reação do condutor";"Saída de leito carroçável";"Com Vítimas Feridas";"Pleno dia";"Crescente";"Céu Claro";"Simples";"Declive;Curva";"Não";4;0;1;0;1;5;1;7;-20,303092;-49,207301;"SPRF-MG";"DEL13/MG";"UOP02-DEL13-MG"
772779;2026-05-15;"sexta-feira";"20:00:00";"SC";101;37;"JOINVILLE";"Acessar a via sem observar a presença dos outros veículos";"Colisão traseira";"Com Vítimas Feridas";"Plena Noite";"Decrescente";"Chuva";"Dupla";"Reta;Interseção de Vias";"Sim";6;0;4;0;1;1;4;3;-26,2798499;-48,89091365;"SPRF-SC";"DEL03/SC";"UOP01-DEL03-SC"
772780;2026-05-19;"terça-feira";"12:30:00";"RO";364;194,2;"PIMENTA BUENO";"Ausência de reação do condutor";"Colisão com objeto";"Sem Vítimas";"Pleno dia";"Decrescente";"Nublado";"Simples";"Reta";"Sim";2;0;0;0;1;1;0;2;-11,697349;-61,173192;"SPRF-RO";"DEL02-RO";"UOP02-DEL02-RO"
772782;2026-05-19;"terça-feira";"15:20:00";"MG";50;71;"UBERLANDIA";"Manobra de mudança de faixa";"Colisão lateral mesmo sentido";"Com Vítimas Feridas";"Pleno dia";"Crescente";"Céu Claro";"Dupla";"Reta";"Sim";3;0;2;0;1;0;2;2;-18,89463847;-48,24958054;"SPRF-MG";"DEL15/MG";"UOP01-DEL15-MG"
772783;2026-05-19;"terça-feira";"14:35:00";"SC";101;362;"SANGAO";"Ausência de reação do condutor";"Colisão traseira";"Com Vítimas Feridas";"Pleno dia";"Decrescente";"Nublado";"Múltipla";"Aclive;Curva";"Sim";3;0;1;0;1;1;1;3;-28,677774;-49,136561;"SPRF-SC";"DEL02/SC";"UOP01-DEL02-SC"
772785;2026-05-19;"terça-feira";"15:30:00";"GO";153;600;"MORRINHOS";"Reação tardia ou ineficiente do condutor";"Tombamento";"Com Vítimas Feridas";"Pleno dia";"Crescente";"Céu Claro";"Dupla";"Aclive";"Não";1;0;1;0;0;0;1;1;-17,54912738;-49,20702338;"SPRF-GO";"DEL03/GO";"UOP01-DEL03-GO"
772794;2026-05-19;"terça-feira";"14:12:00";"BA";101;122;"ALAGOINHAS";"Ultrapassagem Indevida";"Colisão frontal";"Com Vítimas Feridas";"Pleno dia";"Crescente";"Sol";"Simples";"Reta";"Não";3;0;0;1;1;2;1;4;-12,153289;-38,514126;"SPRF-BA";"DEL01/BA";"UOP04-DEL01-BA"
772797;2026-05-19;"terça-feira";"16:30:00";"BA";101;712;"EUNAPOLIS";"Reação tardia ou ineficiente do condutor";"Colisão traseira";"Com Vítimas Feridas";"Pleno dia";"Crescente";"Céu Claro";"Simples";"Aclive;Curva";"Não";2;0;1;0;1;0;1;2;-16,328322;-39,581567;"SPRF-BA";"DEL09/BA";"UOP01-DEL09-BA"
772799;2026-05-19;"terça-feira";"16:34:00";"SC";280;22,2;"ARAQUARI";"Ultrapassagem Indevida";"Colisão frontal";"Com Vítimas Fatais";"Pleno dia";"Crescente";"Céu Claro";"Simples";"Reta;Em Obras";"Sim";9;2;0;3;1;4;3;5;-26,371013;-48,704315;"SPRF-SC";"DEL03/SC";"UOP03-DEL03-SC"
772801;2026-05-19;"terça-feira";"09:20:00";"RS";116;139,5;"CAXIAS DO SUL";"Ausência de reação do condutor";"Colisão com objeto";"Sem Vítimas";"Pleno dia";"Crescente";"Nevoeiro/Neblina";"Dupla";"Curva";"Não";1;0;0;0;1;0;0;1;-29,101297;-51,11047;"SPRF-RS";"DEL05/RS";"UOP01-DEL05-RS"
772808;2026-05-19;"terça-feira";"17:20:00";"DF";60;3,1;"BRASILIA";"Acessar a via sem observar a presença dos outros veículos";"Colisão lateral mesmo sentido";"Com Vítimas Feridas";"Pleno dia";"Decrescente";"Céu Claro";"Dupla";"Reta";"Sim";3;0;0;1;2;0;1;2;-15,889913;-48,085228;"SPRF-DF";"DEL03-DF";"UOP01-DEL03-DF"
772809;2026-05-19;"terça-feira";"16:47:00";"RJ";116;203;"QUEIMADOS";"Reação tardia ou ineficiente do condutor";"Colisão traseira";"Com Vítimas Feridas";"Pleno dia";"Decrescente";"Nublado";"Dupla";"Reta;Em Obras";"Não";3;0;0;1;2;0;1;3;-22,73049;-43,624645;"SPRF-RJ";"DEL06/RJ";"UOP02-DEL06-RJ"
772813;2026-05-19;"terça-feira";"18:04:00";"SP";116;220;"GUARULHOS";"Demais falhas mecânicas ou elétricas";"Incêndio";"Sem Vítimas";"Plena Noite";"Decrescente";"Nublado";"Múltipla";"Reta";"Sim";1;0;0;0;1;0;0;1;-23,46412833;-46,49738176;"SPRF-SP";"DEL01/SP";"UOP01-DEL01-SP"
772815;2026-04-09;"quinta-feira";"11:40:00";"RO";364;516;"ARIQUEMES";"Acessar a via sem observar a presença dos outros veículos";"Colisão transversal";"Com Vítimas Feridas";"Pleno dia";"Crescente";"Céu Claro";"Simples";"Rotatória";"Sim";3;0;2;0;1;0;2;2;-9,91563795;-63,05534053;"SPRF-RO";"DEL03-RO";"UOP01-DEL03-RO"