"id";"data_inversa";"dia_semana";"horario";"uf";"br";"km";"municipio";"causa_acidente";"tipo_acidente";"classificacao_acidente";"fase_dia";"sentido_via";"condicao_metereologica";"tipo_pista";"tracado_via";"uso_solo";"pessoas";"mortos";"feridos_leves";"feridos_graves";"ilesos";"ignorados";"feridos";"veiculos";"latitude";"longitude";"regional";"delegacia";"uop"
772820;2026-04-10;"sexta-feira";"02:50:00";"RJ";40;92;"PETROPOLIS";"Demais falhas mecânicas ou elétricas";"Incêndio";"Sem Vítimas";"Plena Noite";"Crescente";"Chuva";"Dupla";"Declive;Reta";"Não";2;0;0;0;1;1;0;2;-22,551993;-43,249633;"SPRF-RJ";"DEL01/RJ";"UOP01-DEL01-RJ"
772823;2026-05-19;"terça-feira";"18:10:00";"MT";158;551;"AGUA BOA";"Ausência de reação do condutor";"Colisão lateral sentido oposto";"Com Vítimas Feridas";"Anoitecer";"Decrescente";"Céu Claro";"Simples";"Reta";"Não";4;0;0;1;2;3;1;6;-13,939036;-52,101108;"SPRF-MT";"DEL07/MT";"UOP02-DEL07-MT"
772826;2026-05-19;"terça-feira";"15:40:00";"MG";116;626,1;"ORIZANIA";"Ausência de reação do condutor";"Tombamento";"Com Vítimas Feridas";"Pleno dia";"Crescente";"Nublado";"Simples";"Curva";"Não";2;0;1;0;0;1;1;2;-20,46336443;-42,17651367;"SPRF-MG";"DEL07/MG";"UOP02-DEL07-MG"
772828;2026-05-19;"terça-feira";"14:20:00";"MT";364;174;"PEDRA PRETA";"Transitar na contramão";"Colisão frontal";"Com Vítimas Fatais";"Pleno dia";"Crescente";"Céu Claro";"Simples";"Reta";"Não";3;1;0;0;1;3;0;5;-16,63371753;-54,43763888;"SPRF-MT";"DEL02/MT";"UOP01-DEL02-MT"
772830;2026-05-19;"terça-feira";"19:45:00";"PR";277;195,3;"PALMEIRA";"Ausência de reação do condutor";"Atropelamento de Pedestre";"Com Vítimas Fatais";"Plena Noite";"Crescente";"Nevoeiro/Neblina";"Simples";"Reta";"Não";2;1;0;0;0;1;0;2;-25,42281127;-50,0938797;"SPRF-PR";"DEL08/PR";"UOP02-DEL08-PR"
772850;2026-05-19;"terça-feira";"23:14:00";"BA";135;25;"FORMOSA DO RIO PRETO";"Pedestre - Ingestão de álcool/ substâncias psicoativas";"Eventos atípicos";"Com Vítimas Fatais";"Plena Noite";"Decrescente";"Nublado";"Dupla";"Reta";"Não";2;1;0;0;0;1;0;2;-11,048023;-45,207713;"SPRF-BA";"DEL10/BA";"UOP01-DEL10-BA"
772851;2026-05-19;"terça-feira";"23:23:00";"GO";153;621,4;"MORRINHOS";"Suicídio (presumido)";"Atropelamento de Pedestre";"Com Vítimas Fatais";"Plena Noite";"Decrescente";"Céu Claro";"Dupla";"Reta";"Não";3;1;0;0;1;1;0;3;-17,72525;-49,154465;"SPRF-GO";"DEL03/GO";"UOP01-DEL03-GO"
772853;2026-05-20;"quarta-feira";"01:30:00";"SP";116;507;"CAJATI";"Reação tardia ou ineficiente do condutor";"Colisão traseira";"Com Vítimas Feridas";"Plena Noite";"Decrescente";"Chuva";"Dupla";"Curva";"Não";4;0;1;0;2;1;1;3;-24,77888959;-48,19860332;"SPRF-SP";"DEL05/SP";"UOP02-DEL05-SP"
772857;2026-05-20;"quarta-feira";"05:30:00";"PR";277;486,1;"NOVA LARANJEIRAS";"Transitar na contramão";"Colisão frontal";"Com Vítimas Feridas";"Plena Noite";"Decrescente";"Nevoeiro/Neblina";"Simples";"Declive;Curva";"Não";4;0;1;1;1;1;2;3;-25,26588458;-52,62522994;"SPRF-PR";"DEL04/PR";"UOP02-DEL04-PR"
772859;2026-05-20;"quarta-feira";"05:50:00";"BA";349;925;"CORRENTINA";"Reação tardia ou ineficiente do condutor";"Colisão traseira";"Sem Vítimas";"Amanhecer";"Crescente";"Céu Claro";"Simples";"Reta";"Não";4;0;0;0;3;1;0;2;-13,39027616;-44,5374554;"SPRF-BA";"DEL10/BA";"UOP02-DEL10-BA"
772873;2026-05-20;"quarta-feira";"04:30:00";"AM";174;997;"PRESIDENTE FIGUEIREDO";"Afundamento ou ondulação no pavimento";"Saída de leito carroçável";"Com Vítimas Feridas";"Plena Noite";"Crescente";"Céu Claro";"Simples";"Reta";"Não";2;0;1;0;0;2;1;3;-2,00013532;-60,02620697;"SPRF-AM";"DEL01-AM";"UOP02-DEL01-AM"
772876;2026-05-18;"segunda-feira";"06:50:00";"SC";282;483;"FAXINAL DOS GUEDES";"Condutor deixou de manter distância do veículo da frente";"Colisão traseira";"Com Vítimas Feridas";"Amanhecer";"Crescente";"Nevoeiro/Neblina";"Simples";"Reta";"Não";4;0;2;0;2;0;2;2;-26,864975;-52,211827;"SPRF-SC";"DEL07/SC";"UOP01-DEL07-SC"
772882;2026-05-20;"quarta-feira";"05:30:00";"MT";163;1102;"GUARANTA DO NORTE";"Declive acentuado";"Tombamento";"Sem Vítimas";"Amanhecer";"Decrescente";"Nublado";"Simples";"Curva;Declive";"Não";1;0;0;0;0;1;0;1;-9,64864629;-54,87224579;"SPRF-MT";"DEL06/MT";"UOP03-DEL06-MT"
772899;2026-04-21;"terça-feira";"22:50:00";"BA";349;889;"SANTA MARIA DA VITORIA";"Demais falhas mecânicas ou elétricas";"Tombamento";"Com Vítimas Feridas";"Plena Noite";"Crescente";"Céu Claro";"Simples";"Curva;Declive";"Não";2;0;1;0;0;1;1;2;-13,38837;-44,28149;"SPRF-BA";"DEL10/BA";"UOP02-DEL10-BA"
772902;2026-05-20;"quarta-feira";"06:56:00";"RJ";101;23,5;"CAMPOS DOS GOYTACAZES";"Condutor Dormindo";"Tombamento";"Com Vítimas Feridas";"Pleno dia";"Crescente";"Céu Claro";"Simples";"Curva";"Não";2;0;2;0;0;0;2;1;-21,404036;-41,344078;"SPRF-RJ";"DEL08/RJ";"UOP01-DEL08-RJ"
772908;2026-05-20;"quarta-feira";"11:45:00";"MG";365;604,8;"UBERLANDIA";"Ausência de reação do condutor";"Colisão lateral mesmo sentido";"Com Vítimas Feridas";"Pleno dia";"Decrescente";"Nublado";"Simples";"Curva;Declive";"Não";2;0;1;0;0;1;1;2;-18,892512;-48,150445;"SPRF-MG";"DEL15/MG";"UOP01-DEL15-MG"
772909;2026-04-28;"terça-feira";"09:00:00";"RO";364;179,8;"PIMENTA BUENO";"Reação tardia ou ineficiente do condutor";"Colisão lateral sentido oposto";"Com Vítimas Feridas";"Pleno dia";"Decrescente";"Sol";"Simples";"Curva;Declive";"Não";3;0;2;0;0;5;2;7;-11,73175801;-61,12563372;"SPRF-RO";"DEL02-RO";"UOP02-DEL02-RO"
772913;2026-05-20;"quarta-feira";"12:05:00";"PE";232;334;"CUSTODIA";"Transitar na contramão";"Colisão frontal";"Com Vítimas Feridas";"Pleno dia";"Crescente";"Céu Claro";"Simples";"Aclive;Reta";"Não";3;0;0;1;1;2;1;4;-8,083213;-37,659985;"SPRF-PE";"DEL04/PE";"UOP02-DEL04-PE"
772914;2026-05-20;"quarta-feira";"11:00:00";"MG";381;855,2;"POUSO ALEGRE";"Condutor deixou de manter distância do veículo da frente";"Colisão traseira";"Com Vítimas Feridas";"Pleno dia";"Decrescente";"Nublado";"Dupla";"Reta";"Não";4;0;1;0;2;1;1;3;-22,28256469;-45,89563206;"SPRF-MG";"DEL16/MG";"UOP01-DEL16-MG"
772915;2026-04-22;"quarta-feira";"21:50:00";"RJ";393;132;"SAPUCAIA";"Ultrapassagem Indevida";"Colisão frontal";"Com Vítimas Fatais";"Plena Noite";"Decrescente";"Céu Claro";"Simples";"Reta";"Não";2;1;0;0;0;1;0;2;-21,99094443;-42,90661097;"SPRF-RJ";"DEL05/RJ";"UOP01-DEL05-RJ"
772920;2026-05-20;"quarta-feira";"13:00:00";"MG";381;496;"BETIM";"Condutor deixou de manter distância do veículo da frente";"Colisão traseira";"Sem Vítimas";"Pleno dia";"Decrescente";"Céu Claro";"Múltipla";"Reta;Aclive";"Sim";4;0;0;0;2;3;0;5;-19,97551121;-44,19464562;"SPRF-MG";"DEL01/MG";"UOP03-DEL01-MG"
772921;2026-05-12;"terça-feira";"13:50:00";"BA";116;516;"ITATIM";"Ultrapassagem Indevida";"Colisão lateral sentido oposto";"Sem Vítimas";"Pleno dia";"Crescente";"Céu Claro";"Simples";"Reta";"Não";2;0;0;0;2;0;0;2;-12,68643481;-39,68294844;"SPRF-BA";"DEL02/BA";"UOP01-DEL02-BA"
772922;2026-05-01;"sexta-feira";"03:41:00";"RJ";101;286;"ITABORAI";"Ausência de reação do condutor";"Colisão traseira";"Com Vítimas Feridas";"Amanhecer";"Decrescente";"Nublado";"Dupla";"Reta";"Não";8;0;1;1;6;0;2;8;-22,76328;-42,85059787;"SPRF-RJ";"DEL02/RJ";"UOP02-DEL02-RJ"
772924;2026-05-20;"quarta-feira";"14:00:00";"GO";153;443;"ANAPOLIS";"Acessar a via sem observar a presença dos outros veículos";"Colisão transversal";"Sem Vítimas";"Pleno dia";"Crescente";"Céu Claro";"Dupla";"Em Obras;Rotatória";"Sim";3;0;0;0;3;0;0;2;-16,354598;-48,929433;"SPRF-GO";"DEL02/GO";"UOP01-DEL02-GO"
772928;2026-05-20;"quarta-feira";"14:40:00";"SC";101;151;"ITAPEMA";"Transitar no Acostamento";"Colisão traseira";"Com Vítimas Feridas";"Pleno dia";"Decrescente";"Céu Claro";"Dupla";"Reta";"Sim";2;0;1;0;1;0;1;2;-27,130093;-48,609545;"SPRF-SC";"DEL04/SC";"UOP03-DEL04-SC"
772929;2026-05-20;"quarta-feira";"12:20:00";"PR";376;225;"APUCARANA";"Reação tardia ou ineficiente do condutor";"Saída de leito carroçável";"Com Vítimas Feridas";"Pleno dia";"Decrescente";"Céu Claro";"Dupla";"Curva";"Não";3;0;1;0;1;1;1;3;-23,58530595;-51,56450272;"SPRF-PR";"DEL07/PR";"UOP03-DEL07-PR"
772932;2026-05-20;"quarta-feira";"14:58:00";"SC";101;162,4;"TIJUCAS";"Manobra de mudança de faixa";"Colisão lateral mesmo sentido";"Com Vítimas Fatais";"Pleno dia";"Decrescente";"Sol";"Dupla";"Interseção de Vias;Viaduto";"Sim";4;1;0;0;2;1;0;4;-27,23082088;-48,62939358;"SPRF-SC";"DEL04/SC";"UOP03-DEL04-SC"
772934;2026-05-20;"quarta-feira";"14:45:00";"SC";470;67,2;"INDAIAL";"Reação tardia ou ineficiente do condutor";"Tombamento";"Com Vítimas Feridas";"Pleno dia";"Decrescente";"Céu Claro";"Dupla";"Reta";"Sim";1;0;1;0;0;0;1;1;-26,87314796;-49,23278332;"SPRF-SC";"DEL04/SC";"UOP01-DEL04-SC"
772949;2026-05-10;"domingo";"05:15:00";"MS";262;733,5;"CORUMBA";"Ultrapassagem Indevida";"Saída de leito carroçável";"Sem Vítimas";"Amanhecer";"Crescente";"Nevoeiro/Neblina";"Simples";"Curva";"Não";4;0;0;0;1;5;0;5;-19,349259;-57,570926;"SPRF-MS";"DEL03/MS";"UOP03-DEL03-MS"
772952;2026-05-20;"quarta-feira";"15:30:00";"PR";277;184;"PALMEIRA";"Ausência de reação do condutor";"Colisão frontal";"Com Vítimas Feridas";"Pleno dia";"Crescente";"Céu Claro";"Simples";"Reta;Em Obras";"Não";4;0;3;0;0;3;3;5;-25,424847;-50,07293;"SPRF-PR";"DEL08/PR";"UOP02-DEL08-PR"
772954;2026-05-20;"quarta-feira";"16:00:00";"RJ";101;297;"ITABORAI";"Reação tardia ou ineficiente do condutor";"Engavetamento";"Com Vítimas Feridas";"Pleno dia";"Crescente";"Nublado";"Múltipla";"Reta";"Sim";4;0;1;0;2;1;1;4;-22,77132762;-42,92597294;"SPRF-RJ";"DEL02/RJ";"UOP02-DEL02-RJ"
772956;2026-05-20;"quarta-feira";"11:20:00";"RJ";101;450;"MANGARATIBA";"Reação tardia ou ineficiente do condutor";"Colisão lateral sentido oposto";"Com Vítimas Fatais";"Pleno dia";"Crescente";"Chuva";"Simples";"Curva";"Não";3;1;1;1;0;0;2;3;-23,024701;-44,121302;"SPRF-RJ";"DEL03/RJ";"UOP02-DEL03-RJ"
772959;2026-05-20;"quarta-feira";"15:00:00";"BA";242;257;"ITABERABA";"Reação tardia ou ineficiente do condutor";"Tombamento";"Com Vítimas Feridas";"Pleno dia";"Decrescente";"Céu Claro";"Simples";"Reta";"Não";2;0;1;0;0;2;1;3;-12,488716;-40,522037;"SPRF-BA";"DEL06/BA";"UOP02-DEL06-BA"
772961;2026-05-20;"quarta-feira";"10:30:00";"AL";316;128;"MINADOR DO NEGRAO";"Carga excessiva e/ou mal acondicionada";"Colisão com objeto";"Com Vítimas Feridas";"Pleno dia";"Crescente";"Céu Claro";"Simples";"Reta";"Não";2;0;0;1;1;0;1;2;-9,39252618;-36,86637131;"SPRF-AL";"DEL03-AL";"UOP01-DEL03-AL"
772965;2026-05-20;"quarta-feira";"16:46:00";"SC";282;362,3;"ERVAL VELHO";"Acessar a via sem observar a presença dos outros veículos";"Colisão transversal";"Com Vítimas Feridas";"Pleno dia";"Decrescente";"Céu Claro";"Simples";"Reta;Declive";"Não";2;0;0;1;1;0;1;2;-27,307608;-51,377341;"SPRF-SC";"DEL07/SC";"UOP05-DEL07-SC"
772968;2026-05-20;"quarta-feira";"08:10:00";"MG";381;936,1;"EXTREMA";"Carga excessiva e/ou mal acondicionada";"Derramamento de carga";"Sem Vítimas";"Pleno dia";"Crescente";"Nublado";"Dupla";"Curva;Declive";"Não";2;0;0;0;1;1;0;2;-22,81250495;-46,28451634;"SPRF-MG";"DEL16/MG";"UOP03-DEL16-MG"
772971;2026-05-20;"quarta-feira";"17:00:00";"SP";116;282;"EMBU DAS ARTES";"Trafegar com motocicleta (ou similar) entre as faixas";"Colisão lateral mesmo sentido";"Com Vítimas Feridas";"Anoitecer";"Decrescente";"Nublado";"Dupla";"Reta";"Sim";5;0;0;1;1;4;1;6;-23,662775;-46,852975;"SPRF-SP";"DEL04/SP";"UOP01-DEL04-SP"
772973;2026-05-20;"quarta-feira";"17:25:00";"MA";10;237;"IMPERATRIZ";"Reação tardia ou ineficiente do condutor";"Engavetamento";"Com Vítimas Feridas";"Anoitecer";"Decrescente";"Céu Claro";"Simples";"Reta";"Não";6;0;1;0;4;1;1;4;-5,64256;-47,39787;"SPRF-MA";"DEL04-MA";"UOP01-DEL04-MA"
772974;2026-05-20;"quarta-feira";"15:30:00";"MG";116;414,5;"GOVERNADOR VALADARES";"Acesso irregular";"Colisão lateral mesmo sentido";"Sem Vítimas";"Pleno dia";"Crescente";"Céu Claro";"Simples";"Reta";"Sim";2;0;0;0;1;1;0;2;-18,89264432;-41,94717407;"SPRF-MG";"DEL06/MG";"UOP01-DEL06-MG"
772976;2026-05-20;"quarta-feira";"18:00:00";"MG";153;141;"PRATA";"Demais falhas mecânicas ou elétricas";"Incêndio";"Sem Vítimas";"Anoitecer";"Decrescente";"Céu Claro";"Simples";"Reta";"Não";2;0;0;0;1;1;0;2;-19,569334;-48,825521;"SPRF-MG";"DEL15/MG";"UOP03-DEL15-MG"
772983;2026-05-20;"quarta-feira";"19:00:00";"GO";153;425,5;"ANAPOLIS";"Ingestão de álcool pelo condutor";"Colisão traseira";"Com Vítimas Feridas";"Plena Noite";"Crescente";"Céu Claro";"Dupla";"Reta;Declive";"Não";3;0;0;1;1;1;1;3;-16,22201419;-49,0133342;"SPRF-GO";"DEL02/GO";"UOP01-DEL02-GO"
772989;2026-05-20;"quarta-feira";"19:00:00";"MG";381;359,4;"SAO GONCALO DO RIO ABAIXO";"Chuva";"Colisão frontal";"Com Vítimas Feridas";"Plena Noite";"Crescente";"Chuva";"Dupla";"Curva";"Não";2;0;0;1;1;0;1;2;-19,85437231;-43,24699044;"SPRF-MG";"DEL03/MG";"UOP01-DEL03-MG"
772992;2026-05-20;"quarta-feira";"17:45:00";"SE";101;36;"JAPARATUBA";"Demais falhas mecânicas ou elétricas";"Colisão com objeto";"Sem Vítimas";"Plena Noite";"Decrescente";"Céu Claro";"Dupla";"Reta";"Não";2;0;0;0;1;3;0;4;-10,49322279;-36,9448727;"SPRF-SE";"DEL02-SE";"UOP02-DEL02-SE"
772995;2026-05-20;"quarta-feira";"16:58:00";"SC";101;281;"IMBITUBA";"Ausência de reação do condutor";"Colisão com objeto";"Com Vítimas Feridas";"Pleno dia";"Crescente";"Céu Claro";"Múltipla";"Reta";"Sim";3;0;0;1;1;1;1;3;-28,2029757;-48,69870186;"SPRF-SC";"DEL02/SC";"UOP03-DEL02-SC"
772997;2026-05-20;"quarta-feira";"17:30:00";"BA";101;820;"ITAMARAJU";"Objeto estático sobre o leito carroçável";"Colisão com objeto";"Com Vítimas Feridas";"Anoitecer";"Crescente";"Céu Claro";"Simples";"Curva;Aclive";"Não";5;0;2;1;1;1;3;3;-17,10625745;-39,56515789;"SPRF-BA";"DEL09/BA";"UOP01-DEL09-BA"
772999;2026-05-20;"quarta-feira";"15:00:00";"PA";163;405,1;"ITAITUBA";"Reação tardia ou ineficiente do condutor";"Tombamento";"Com Vítimas Feridas";"Pleno dia";"Crescente";"Céu Claro";"Simples";"Curva;Declive";"Não";3;0;1;0;1;3;1;5;-6,258667;-55,607185;"SPRF-PA";"DEL05/PA";"UOP03-DEL05-PA"
773002;2026-05-20;"quarta-feira";"16:00:00";"MG";116;319;"ITAMBACURI";"Demais falhas mecânicas ou elétricas";"Incêndio";"Sem Vítimas";"Pleno dia";"Decrescente";"Céu Claro";"Simples";"Reta";"Não";1;0;0;0;1;0;0;1;-18,147842;-41,697542;"SPRF-MG";"DEL11/MG";"UOP01-DEL11-MG"
773004;2026-05-20;"quarta-feira";"17:19:00";"AC";364;142;"RIO BRANCO";"Acessar a via sem observar a presença dos outros veículos";"Colisão lateral mesmo sentido";"Com Vítimas Feridas";"Plena Noite";"Decrescente";"Nublado";"Dupla";"Reta;Declive";"Sim";4;0;1;0;3;0;1;2;-9,93613;-67,88239;"SPRF-AC";"DEL01-AC";"UOP01-DEL01-AC"
773006;2026-05-20;"quarta-feira";"16:30:00";"MT";70;645,4;"CACERES";"Manobra de mudança de faixa";"Colisão lateral mesmo sentido";"Com Vítimas Feridas";"Pleno dia";"Decrescente";"Céu Claro";"Simples";"Reta";"Não";4;0;1;0;1;2;1;4;-15,96215;-57,16235;"SPRF-MT";"DEL03/MT";"UOP02-DEL03-MT"
773007;2026-05-20;"quarta-feira";"19:10:00";"PI";316;313,6;"PICOS";"Manobra de mudança de faixa";"Tombamento";"Sem Vítimas";"Plena Noite";"Decrescente";"Céu Claro";"Simples";"Reta";"Sim";3;0;0;0;1;2;0;3;-7,077927;-41,44492;"SPRF-PI";"DEL04-PI";"UOP01-DEL04-PI"
773008;2026-05-20;"quarta-feira";"19:40:00";"AL";316;238,5;"ATALAIA";"Velocidade Incompatível";"Tombamento";"Com Vítimas Feridas";"Plena Noite";"Crescente";"Céu Claro";"Simples";"Reta";"Não";2;0;1;0;0;1;1;2;-9,505395;-36,044688;"SPRF-AL";"DEL01-AL";"UOP01-DEL01-AL"
773018;2026-05-20;"quarta-feira";"22:15:00";"SP";153;60;"SAO JOSE DO RIO PRETO";"Ausência de reação do condutor";"Colisão lateral mesmo sentido";"Sem Vítimas";"Plena Noite";"Decrescente";"Céu Claro";"Dupla";"Reta";"Sim";3;0;0;0;3;0;0;2;-20,79656407;-49,35480086;"SPRF-SP";"DEL09/SP";"UOP01-DEL09-SP"
773020;2026-05-20;"quarta-feira";"22:00:00";"RS";470;218;"BENTO GONCALVES";"Transitar na contramão";"Colisão frontal";"Sem Vítimas";"Plena Noite";"Decrescente";"Céu Claro";"Simples";"Curva;Aclive";"Não";3;0;0;0;2;1;0;3;-29,185625;-51,521089;"SPRF-RS";"DEL06/RS";"UOP01-DEL06-RS"
773026;2026-05-20;"quarta-feira";"20:50:00";"PR";476;50;"TUNAS DO PARANA";"Pedestre andava na pista";"Atropelamento de Pedestre";"Com Vítimas Feridas";"Plena Noite";"Crescente";"Nublado";"Simples";"Aclive;Curva";"Não";3;0;0;1;1;1;1;3;-24,934;-49,093;"SPRF-PR";"DEL01/PR";"UOP01-DEL01-PR"
773027;2026-05-20;"quarta-feira";"22:40:00";"BA";324;622;"SALVADOR";"Ausência de reação do condutor";"Colisão traseira";"Com Vítimas Feridas";"Plena Noite";"Decrescente";"Céu Claro";"Dupla";"Curva;Aclive";"Sim";5;0;4;0;1;0;4;2;-12,9293901;-38,468654;"SPRF-BA";"DEL01/BA";"UOP01-DEL01-BA"
773028;2026-05-18;"segunda-feira";"23:00:00";"BA";324;444;"RIACHAO DO JACUIPE";"Condutor Dormindo";"Colisão lateral sentido oposto";"Com Vítimas Feridas";"Plena Noite";"Crescente";"Céu Claro";"Simples";"Reta";"Não";4;0;1;0;3;0;1;2;-11,85146;-39,336852;"SPRF-BA";"DEL04/BA";"UOP02-DEL04-BA"
773032;2026-05-21;"quinta-feira";"00:01:00";"PR";376;614;"SAO JOSE DOS PINHAIS";"Carga excessiva e/ou mal acondicionada";"Tombamento";"Com Vítimas Feridas";"Plena Noite";"Decrescente";"Nublado";"Simples";"Curva";"Sim";2;0;0;1;0;1;1;2;-25,574467;-49,172875;"SPRF-PR";"DEL01/PR";"UOP03-DEL01-PR"
773033;2026-05-21;"quinta-feira";"00:00:00";"SC";101;25;"ILHOTA";"Ingestão de álcool pelo condutor";"Colisão lateral mesmo sentido";"Com Vítimas Feridas";"Plena Noite";"Decrescente";"Nublado";"Dupla";"Curva";"Não";3;0;1;0;1;1;1;3;-26,88399917;-48,86732765;"SPRF-SC";"DEL03/SC";"UOP01-DEL03-SC"
773035;2026-05-20;"quarta-feira";"23:35:00";"MG";40;611,4;"CONGONHAS";"Transitar na contramão";"Colisão frontal";"Com Vítimas Feridas";"Plena Noite";"Decrescente";"Céu Claro";"Simples";"Curva";"Sim";6;0;4;2;0;0;6;2;-20,50762582;-43,83839428;"SPRF-MG";"DEL05/MG";"UOP02-DEL05-MG"
773038;2026-05-21;"quinta-feira";"01:50:00";"SC";470;93,4;"APIUNA";"Condutor Dormindo";"Colisão frontal";"Com Vítimas Fatais";"Plena Noite";"Crescente";"Céu Claro";"Simples";"Reta";"Sim";5;1;0;2;1;1;2;4;-27,000037;-49,375378;"SPRF-SC";"DEL04/SC";"UOP01-DEL04-SC"
773039;2026-05-21;"quinta-feira";"02:00:00";"SP";116;376,3;"MIRACATU";"Reação tardia ou ineficiente do condutor";"Colisão traseira";"Com Vítimas Fatais";"Plena Noite";"Decrescente";"Nublado";"Dupla";"Curva";"Sim";2;1;0;0;1;0;0;2;-24,192665;-47,359782;"SPRF-SP";"DEL04/SP";"UOP02-DEL04-SP"
773041;2026-05-21;"quinta-feira";"01:50:00";"BA";20;179,2;"LUIS EDUARDO MAGALHAES";"Frear bruscamente";"Colisão frontal";"Com Vítimas Fatais";"Plena Noite";"Decrescente";"Céu Claro";"Simples";"Aclive";"Não";3;1;0;0;0;15;0;16;-12,38255833;-45,86575167;"SPRF-BA";"DEL10/BA";"UOP01-DEL10-BA"
773042;2026-04-19;"domingo";"18:30:00";"GO";153;256;"SAO LUIZ DO NORTE";"Problema com o freio";"Incêndio";"Sem Vítimas";"Anoitecer";"Crescente";"Céu Claro";"Simples";"Reta";"Não";2;0;0;0;1;1;0;2;-14,957;-49,381;"SPRF-GO";"DEL07/GO";"UOP02-DEL07-GO"
773043;2026-05-21;"quinta-feira";"04:45:00";"SP";116;53,5;"LORENA";"Condutor deixou de manter distância do veículo da frente";"Colisão traseira";"Com Vítimas Feridas";"Plena Noite";"Decrescente";"Céu Claro";"Dupla";"Reta;Declive";"Não";3;0;1;0;1;2;1;4;-22,7558523;-45,1120136;"SPRF-SP";"DEL08/SP";"UOP02-DEL08-SP"
773047;2026-05-21;"quinta-feira";"05:10:00";"RS";101;81,2;"OSORIO";"Condutor Dormindo";"Colisão traseira";"Com Vítimas Feridas";"Amanhecer";"Crescente";"Nublado";"Dupla";"Reta";"Não";3;0;1;1;0;4;2;6;-29,836352;-50,246639;"SPRF-RS";"DEL03/RS";"UOP01-DEL03-RS"
773048;2026-05-21;"quinta-feira";"02:45:00";"MT";364;575;"NOBRES";"Reação tardia ou ineficiente do condutor";"Saída de leito carroçável";"Sem Vítimas";"Plena Noite";"Decrescente";"Chuva";"Dupla";"Curva;Declive";"Não";2;0;0;0;1;1;0;2;-14,59079964;-56,23093129;"SPRF-MT";"DEL01/MT";"UOP01-DEL01-MT"
773055;2026-05-21;"quinta-feira";"06:20:00";"RS";158;217;"CRUZ ALTA";"Acessar a via sem observar a presença dos outros veículos";"Colisão transversal";"Com Vítimas Feridas";"Pleno dia";"Crescente";"Céu Claro";"Simples";"Reta";"Não";2;0;0;1;1;0;1;2;-28,84266079;-53,61224525;"SPRF-RS";"DEL10/RS";"UOP02-DEL10-RS"
773057;2026-05-21;"quinta-feira";"06:10:00";"RS";290;79;"GRAVATAI";"Manobra de mudança de faixa";"Colisão traseira";"Com Vítimas Feridas";"Amanhecer";"Decrescente";"Céu Claro";"Dupla";"Reta";"Sim";2;0;1;0;1;0;1;2;-29,95356723;-51,0570495;"SPRF-RS";"DEL01/RS";"UOP01-DEL01-RS"
773070;2026-05-21;"quinta-feira";"05:00:00";"SP";116;353,8;"MIRACATU";"Problema com o freio";"Eventos atípicos";"Com Vítimas Feridas";"Pleno dia";"Decrescente";"Nublado";"Dupla";"Reta";"Não";2;0;1;0;0;1;1;2;-24,0759316;-47,2505679;"SPRF-SP";"DEL04/SP";"UOP03-DEL04-SP"
773072;2026-05-21;"quinta-feira";"07:36:00";"PE";104;61,2;"CARUARU";"Acessar a via sem observar a presença dos outros veículos";"Colisão traseira";"Com Vítimas Feridas";"Pleno dia";"Decrescente";"Céu Claro";"Dupla";"Interseção de Vias";"Sim";4;0;1;0;3;0;1;3;-8,248333;-35,974993;"SPRF-PE";"DEL02/PE";"UOP01-DEL02-PE"
773076;2026-05-20;"quarta-feira";"22:20:00";"RN";304;220,6;"CAICARA DO RIO DO VENTO";"Demais falhas mecânicas ou elétricas";"Colisão traseira";"Sem Vítimas";"Pleno dia";"Decrescente";"Céu Claro";"Simples";"Aclive";"Não";4;0;0;0;1;3;0;4;-5,75697;-35,989157;"SPRF-RN";"DEL01-RN";"UOP03-DEL01-RN"
773077;2026-05-21;"quinta-feira";"06:01:00";"GO";452;3,2;"RIO VERDE";"Deficiência do Sistema de Iluminação/Sinalização";"Colisão traseira";"Com Vítimas Feridas";"Plena Noite";"Crescente";"Nublado";"Múltipla";"Reta;Declive";"Sim";3;0;0;1;1;1;1;3;-17,801995;-50,875428;"SPRF-GO";"DEL04/GO";"UOP01-DEL04-GO"
773085;2026-05-20;"quarta-feira";"21:00:00";"BA";407;184;"PONTO NOVO";"Reação tardia ou ineficiente do condutor";"Tombamento";"Com Vítimas Feridas";"Plena Noite";"Decrescente";"Céu Claro";"Simples";"Reta";"Não";1;0;1;0;0;0;1;1;-10,971483;-40,103157;"SPRF-BA";"DEL04/BA";"UOP02-DEL04-BA"
773095;2026-05-21;"quinta-feira";"08:40:00";"MG";40;474,5;"ESMERALDAS";"Acessar a via sem observar a presença dos outros veículos";"Colisão lateral mesmo sentido";"Com Vítimas Feridas";"Pleno dia";"Crescente";"Céu Claro";"Múltipla";"Reta;Interseção de Vias;Aclive";"Sim";3;0;1;0;1;1;1;3;-19,601329;-44,22209;"SPRF-MG";"DEL02/MG";"UOP01-DEL02-MG"
773096;2026-05-21;"quinta-feira";"09:30:00";"CE";116;14,8;"FORTALEZA";"Condutor deixou de manter distância do veículo da frente";"Colisão traseira";"Com Vítimas Feridas";"Pleno dia";"Crescente";"Sol";"Dupla";"Reta";"Sim";2;0;1;0;1;0;1;2;-3,877679;-38,500564;"SPRF-CE";"DEL01/CE";"UOP02-DEL01-CE"