"id";"data_inversa";"dia_semana";"horario";"uf";"br";"km";"municipio";"causa_acidente";"tipo_acidente";"classificacao_acidente";"fase_dia";"sentido_via";"condicao_metereologica";"tipo_pista";"tracado_via";"uso_solo";"pessoas";"mortos";"feridos_leves";"feridos_graves";"ilesos";"ignorados";"feridos";"veiculos";"latitude";"longitude";"regional";"delegacia";"uop"
773104;2026-05-21;"quinta-feira";"09:20:00";"BA";324;603;"SIMOES FILHO";"Manobra de mudança de faixa";"Saída de leito carroçável";"Com Vítimas Feridas";"Pleno dia";"Decrescente";"Garoa/Chuvisco";"Dupla";"Curva";"Não";4;0;1;0;3;0;1;2;-12,7826884;-38,4136966;"SPRF-BA";"DEL01/BA";"UOP01-DEL01-BA"
773105;2026-05-21;"quinta-feira";"07:30:00";"SC";280;276;"IRINEOPOLIS";"Ultrapassagem Indevida";"Colisão frontal";"Com Vítimas Feridas";"Pleno dia";"Decrescente";"Céu Claro";"Simples";"Curva";"Não";6;0;3;1;1;2;4;5;-26,29162409;-50,79129092;"SPRF-SC";"DEL06/SC";"UOP04-DEL06-SC"
773106;2026-05-21;"quinta-feira";"09:35:00";"ES";101;230;"FUNDAO";"Reação tardia ou ineficiente do condutor";"Colisão traseira";"Sem Vítimas";"Pleno dia";"Decrescente";"Sol";"Simples";"Reta;Ponte";"Sim";3;0;0;0;2;1;0;3;-19,93745;-40,40655;"SPRF-ES";"DEL02-ES";"UOP01-DEL02-ES"
773109;2026-05-21;"quinta-feira";"09:55:00";"MG";116;257,1;"TEOFILO OTONI";"Demais falhas mecânicas ou elétricas";"Incêndio";"Sem Vítimas";"Pleno dia";"Crescente";"Nublado";"Simples";"Reta";"Não";2;0;0;0;1;1;0;2;-17,702028;-41,484813;"SPRF-MG";"DEL11/MG";"UOP01-DEL11-MG"
773111;2026-05-21;"quinta-feira";"09:50:00";"MG";262;663;"IBIA";"Afundamento ou ondulação no pavimento";"Saída de leito carroçável";"Com Vítimas Feridas";"Pleno dia";"Decrescente";"Céu Claro";"Simples";"Reta";"Não";2;0;2;0;0;0;2;1;-19,548158;-46,833488;"SPRF-MG";"DEL08/MG";"UOP01-DEL08-MG"
773113;2026-05-21;"quinta-feira";"10:45:00";"SP";116;109;"TAUBATE";"Ausência de reação do condutor";"Colisão traseira";"Com Vítimas Feridas";"Pleno dia";"Crescente";"Nublado";"Dupla";"Reta";"Sim";2;0;1;0;1;0;1;2;-23,02811017;-45,54457124;"SPRF-SP";"DEL02/SP";"UOP02-DEL02-SP"
773114;2026-05-20;"quarta-feira";"06:00:00";"RJ";40;122;"DUQUE DE CAXIAS";"Manobra de mudança de faixa";"Colisão lateral mesmo sentido";"Com Vítimas Feridas";"Pleno dia";"Crescente";"Chuva";"Múltipla";"Reta";"Sim";2;0;1;0;1;0;1;2;-22,7918;-43,2864;"SPRF-RJ";"DEL01/RJ";"UOP02-DEL01-RJ"
773115;2026-04-09;"quinta-feira";"04:00:00";"MT";364;310;"JACIARA";"Demais falhas mecânicas ou elétricas";"Incêndio";"Sem Vítimas";"Plena Noite";"Crescente";"Ignorado";"Dupla";"Reta";"Não";1;0;0;0;1;0;0;1;-15,813293;-55,249606;"SPRF-MT";"DEL05/MT";"UOP02-DEL05-MT"
773118;2026-05-16;"sábado";"04:00:00";"SC";280;22;"ARAQUARI";"Acessar a via sem observar a presença dos outros veículos";"Colisão transversal";"Com Vítimas Feridas";"Plena Noite";"Crescente";"Garoa/Chuvisco";"Simples";"Reta";"Não";3;0;1;0;1;1;1;3;-26,369343;-48,709107;"SPRF-SC";"DEL03/SC";"UOP03-DEL03-SC"
773121;2026-05-15;"sexta-feira";"15:10:00";"AM";0;0;"MANAUS";"Manobra de mudança de faixa";"Colisão lateral mesmo sentido";"Com Vítimas Feridas";"Pleno dia";"Não Informado";"Céu Claro";"Dupla";"Declive";"Sim";5;0;3;0;2;0;3;3;-2,985518;-60,022406;"SPRF-AM";"DEL01-AM";"N/A"
773122;2026-05-21;"quinta-feira";"11:30:00";"AL";101;115;"PILAR";"Reação tardia ou ineficiente do condutor";"Colisão transversal";"Com Vítimas Fatais";"Pleno dia";"Crescente";"Céu Claro";"Simples";"Curva;Declive";"Não";3;1;0;0;1;2;0;4;-9,64234;-36,02462;"SPRF-AL";"DEL02-AL";"UOP01-DEL02-AL"
773123;2026-05-21;"quinta-feira";"06:00:00";"MT";163;1110;"GUARANTA DO NORTE";"Ausência de reação do condutor";"Colisão lateral sentido oposto";"Com Vítimas Feridas";"Amanhecer";"Crescente";"Céu Claro";"Simples";"Reta;Aclive";"Não";4;0;2;0;1;3;2;5;-9,60122833;-54,8910366;"SPRF-MT";"DEL06/MT";"UOP03-DEL06-MT"
773125;2026-05-21;"quinta-feira";"08:30:00";"RS";285;309,9;"PASSO FUNDO";"Transitar na contramão";"Colisão lateral sentido oposto";"Com Vítimas Feridas";"Pleno dia";"Crescente";"Sol";"Simples";"Reta";"Não";6;0;0;4;1;2;4;5;-28,239403;-52,537256;"SPRF-RS";"DEL08/RS";"UOP03-DEL08-RS"
773130;2026-05-21;"quinta-feira";"12:25:00";"SC";280;282,7;"IRINEOPOLIS";"Ultrapassagem Indevida";"Colisão lateral mesmo sentido";"Com Vítimas Feridas";"Pleno dia";"Decrescente";"Céu Claro";"Simples";"Reta;Declive";"Não";2;0;1;0;1;0;1;2;-26,2943433;-50,85584;"SPRF-SC";"DEL06/SC";"UOP04-DEL06-SC"
773133;2026-05-21;"quinta-feira";"13:45:00";"MG";146;478,4;"POCOS DE CALDAS";"Demais falhas mecânicas ou elétricas";"Saída de leito carroçável";"Com Vítimas Feridas";"Pleno dia";"Decrescente";"Céu Claro";"Simples";"Curva;Declive";"Não";2;0;0;2;0;0;2;1;-21,7728302;-46,4219661;"SPRF-MG";"DEL09/MG";"UOP01-DEL09-MG"
773134;2026-05-21;"quinta-feira";"12:20:00";"MG";262;348;"BETIM";"Mal súbito do condutor";"Colisão traseira";"Com Vítimas Feridas";"Pleno dia";"Decrescente";"Céu Claro";"Dupla";"Reta";"Não";2;0;1;0;1;0;1;2;-19,98430918;-44,2075038;"SPRF-MG";"DEL01/MG";"UOP03-DEL01-MG"
773140;2026-05-21;"quinta-feira";"08:58:00";"RO";364;160,8;"PIMENTA BUENO";"Reação tardia ou ineficiente do condutor";"Colisão traseira";"Com Vítimas Feridas";"Pleno dia";"Crescente";"Céu Claro";"Simples";"Curva";"Não";4;0;1;0;2;4;1;6;-11,911843;-60,965743;"SPRF-RO";"DEL02-RO";"UOP02-DEL02-RO"
773141;2026-05-21;"quinta-feira";"11:00:00";"SC";116;109,1;"MONTE CASTELO";"Ultrapassagem Indevida";"Colisão lateral sentido oposto";"Com Vítimas Feridas";"Pleno dia";"Decrescente";"Sol";"Simples";"Curva;Declive";"Não";5;0;2;0;1;3;2;5;-26,75784376;-50,34205612;"SPRF-SC";"DEL06/SC";"UOP02-DEL06-SC"
773142;2026-05-21;"quinta-feira";"10:30:00";"BA";116;616,5;"JAGUAQUARA";"Ausência de reação do condutor";"Colisão traseira";"Com Vítimas Feridas";"Pleno dia";"Crescente";"Céu Claro";"Simples";"Aclive;Reta";"Não";4;0;2;0;1;2;2;4;-13,37753;-40,02031;"SPRF-BA";"DEL03/BA";"UOP02-DEL03-BA"
773143;2026-05-21;"quinta-feira";"13:00:00";"SP";116;110;"TAUBATE";"Reação tardia ou ineficiente do condutor";"Colisão traseira";"Com Vítimas Feridas";"Pleno dia";"Crescente";"Nublado";"Dupla";"Reta";"Sim";2;0;0;1;0;1;1;2;-23,03944091;-45,56128442;"SPRF-SP";"DEL02/SP";"UOP02-DEL02-SP"
773144;2026-05-21;"quinta-feira";"11:30:00";"BA";116;684;"JEQUIE";"Demais falhas mecânicas ou elétricas";"Incêndio";"Sem Vítimas";"Pleno dia";"Crescente";"Céu Claro";"Simples";"Reta";"Não";2;0;0;0;1;1;0;2;-13,938102;-40,16141;"SPRF-BA";"DEL03/BA";"UOP01-DEL03-BA"
773145;2026-05-21;"quinta-feira";"13:50:00";"SP";116;305;"SAO LOURENCO DA SERRA";"Acesso irregular";"Colisão transversal";"Com Vítimas Feridas";"Pleno dia";"Crescente";"Nublado";"Dupla";"Reta";"Não";4;0;0;1;1;2;1;3;-23,8403538;-46,9315596;"SPRF-SP";"DEL04/SP";"UOP01-DEL04-SP"
773155;2026-05-15;"sexta-feira";"21:00:00";"MA";10;136;"ESTREITO";"Transitar na contramão";"Colisão lateral sentido oposto";"Com Vítimas Feridas";"Plena Noite";"Crescente";"Céu Claro";"Simples";"Reta";"Não";3;0;0;1;0;3;1;4;-6,52495;-47,39483;"SPRF-MA";"DEL04-MA";"UOP02-DEL04-MA"
773156;2026-04-11;"sábado";"21:01:00";"PA";163;412;"ITAITUBA";"Acessar a via sem observar a presença dos outros veículos";"Atropelamento de Pedestre";"Com Vítimas Fatais";"Plena Noite";"Crescente";"Ignorado";"Simples";"Curva";"Não";2;1;0;0;0;1;0;2;-6,204377;-55,630449;"SPRF-PA";"DEL05/PA";"UOP03-DEL05-PA"
773159;2026-05-13;"quarta-feira";"09:00:00";"PR";277;659,9;"MEDIANEIRA";"Velocidade Incompatível";"Colisão traseira";"Sem Vítimas";"Pleno dia";"Decrescente";"Céu Claro";"Dupla";"Reta";"Não";3;0;0;0;2;1;0;3;-25,25362013;-54,03099624;"SPRF-PR";"DEL05/PR";"UOP02-DEL05-PR"
773165;2026-05-21;"quinta-feira";"14:45:00";"PR";369;378,8;"MAMBORE";"Condutor deixou de manter distância do veículo da frente";"Engavetamento";"Com Vítimas Feridas";"Pleno dia";"Crescente";"Céu Claro";"Simples";"Reta;Aclive";"Não";8;0;4;0;4;0;4;3;-24,29832756;-52,58742079;"SPRF-PR";"DEL04/PR";"UOP03-DEL04-PR"
773167;2026-05-21;"quinta-feira";"15:10:00";"SC";282;542,6;"CHAPECO";"Reação tardia ou ineficiente do condutor";"Colisão traseira";"Com Vítimas Feridas";"Pleno dia";"Decrescente";"Garoa/Chuvisco";"Simples";"Reta";"Não";3;0;2;0;1;0;2;2;-27,000681;-52,711848;"SPRF-SC";"DEL07/SC";"UOP01-DEL07-SC"
773174;2026-05-21;"quinta-feira";"16:20:00";"PR";116;101;"SAO JOSE DOS PINHAIS";"Ausência de reação do condutor";"Colisão traseira";"Com Vítimas Feridas";"Pleno dia";"Crescente";"Nublado";"Dupla";"Reta";"Não";3;0;1;0;1;2;1;4;-25,566873;-49,170363;"SPRF-PR";"DEL01/PR";"UOP08-DEL01-PR"
773177;2026-05-21;"quinta-feira";"16:40:00";"SP";116;460;"PARIQUERA-ACU";"Ausência de reação do condutor";"Colisão traseira";"Com Vítimas Feridas";"Pleno dia";"Decrescente";"Nublado";"Dupla";"Reta";"Não";4;0;0;1;2;1;1;4;-24,61663842;-47,88926737;"SPRF-SP";"DEL05/SP";"UOP01-DEL05-SP"
773183;2026-05-21;"quinta-feira";"16:20:00";"RO";364;274;"CACOAL";"Acessar a via sem observar a presença dos outros veículos";"Colisão transversal";"Com Vítimas Feridas";"Pleno dia";"Decrescente";"Nublado";"Simples";"Interseção de Vias";"Não";6;0;1;0;4;2;1;5;-11,386247;-61,74825;"SPRF-RO";"DEL02-RO";"UOP02-DEL02-RO"
773190;2026-05-21;"quinta-feira";"18:00:00";"SC";101;210,8;"SAO JOSE";"Manobra de mudança de faixa";"Colisão lateral mesmo sentido";"Com Vítimas Feridas";"Plena Noite";"Crescente";"Céu Claro";"Simples";"Reta";"Sim";3;0;1;0;1;1;1;3;-27,62198;-48,65126;"SPRF-SC";"DEL01/SC";"UOP01-DEL01-SC"
773196;2026-05-21;"quinta-feira";"17:10:00";"MS";262;356;"CAMPO GRANDE";"Acessar a via sem observar a presença dos outros veículos";"Colisão transversal";"Com Vítimas Feridas";"Anoitecer";"Crescente";"Céu Claro";"Simples";"Reta;Declive";"Sim";3;0;1;0;2;0;1;2;-20,546303;-54,6835;"SPRF-MS";"DEL01/MS";"UOP03-DEL01-MS"
773197;2026-05-21;"quinta-feira";"17:30:00";"PR";376;343;"ORTIGUEIRA";"Ultrapassagem Indevida";"Colisão lateral mesmo sentido";"Com Vítimas Fatais";"Pleno dia";"Crescente";"Céu Claro";"Simples";"Reta";"Não";6;1;1;0;3;1;1;4;-24,186205;-50,960598;"SPRF-PR";"DEL07/PR";"UOP02-DEL07-PR"
773198;2026-05-21;"quinta-feira";"14:15:00";"BA";324;548;"AMELIA RODRIGUES";"Condutor Dormindo";"Colisão traseira";"Com Vítimas Feridas";"Pleno dia";"Decrescente";"Céu Claro";"Dupla";"Reta;Aclive";"Não";4;0;1;0;2;2;1;5;-12,42938399;-38,73388751;"SPRF-BA";"DEL11/BA";"UOP02-DEL11-BA"
773199;2026-05-21;"quinta-feira";"17:30:00";"RJ";101;296,8;"ITABORAI";"Condutor deixou de manter distância do veículo da frente";"Engavetamento";"Sem Vítimas";"Anoitecer";"Crescente";"Garoa/Chuvisco";"Dupla";"Viaduto";"Sim";4;0;0;0;4;0;0;3;-22,7709203;-42,92190736;"SPRF-RJ";"DEL02/RJ";"UOP02-DEL02-RJ"
773208;2026-05-21;"quinta-feira";"18:30:00";"PR";116;100;"SAO JOSE DOS PINHAIS";"Transitar no Acostamento";"Colisão lateral mesmo sentido";"Sem Vítimas";"Plena Noite";"Crescente";"Nublado";"Dupla";"Reta";"Não";4;0;0;0;3;3;0;5;-25,564;-49,16;"SPRF-PR";"DEL01/PR";"UOP08-DEL01-PR"
773211;2026-05-21;"quinta-feira";"16:45:00";"BA";324;550;"AMELIA RODRIGUES";"Manobra de mudança de faixa";"Colisão lateral mesmo sentido";"Sem Vítimas";"Pleno dia";"Decrescente";"Céu Claro";"Dupla";"Reta";"Não";3;0;0;0;2;2;0;4;-12,45156541;-38,70885396;"SPRF-BA";"DEL11/BA";"UOP02-DEL11-BA"
773224;2026-05-21;"quinta-feira";"14:00:00";"BA";116;604;"IRAJUBA";"Ultrapassagem Indevida";"Saída de leito carroçável";"Com Vítimas Feridas";"Pleno dia";"Crescente";"Céu Claro";"Simples";"Reta";"Sim";2;0;1;0;1;0;1;2;-13,274651;-40,014807;"SPRF-BA";"DEL03/BA";"UOP02-DEL03-BA"
773228;2026-05-21;"quinta-feira";"21:00:00";"PB";101;84;"BAYEUX";"Ausência de reação do condutor";"Engavetamento";"Sem Vítimas";"Plena Noite";"Crescente";"Céu Claro";"Dupla";"Reta";"Sim";3;0;0;0;3;0;0;3;-7,13519;-34,928316;"SPRF-PB";"DEL01-PB";"UOP01-DEL01-PB"
773230;2026-05-12;"terça-feira";"07:41:00";"RJ";116;276;"BARRA MANSA";"Estacionar ou parar em local proibido";"Colisão traseira";"Com Vítimas Feridas";"Pleno dia";"Decrescente";"Céu Claro";"Dupla";"Reta";"Sim";5;0;1;0;2;3;1;6;-22,56295595;-44,16920948;"SPRF-RJ";"DEL07/RJ";"UOP02-DEL07-RJ"
773232;2026-05-21;"quinta-feira";"21:30:00";"RJ";356;29;"ITAPERUNA";"Reação tardia ou ineficiente do condutor";"Colisão traseira";"Com Vítimas Feridas";"Plena Noite";"Decrescente";"Céu Claro";"Dupla";"Reta";"Sim";4;0;1;0;2;1;1;3;-21,1856891;-41,9198017;"SPRF-RJ";"DEL08/RJ";"UOP03-DEL08-RJ"
773234;2026-05-21;"quinta-feira";"19:00:00";"MG";365;444,8;"GUIMARANIA";"Ausência de reação do condutor";"Saída de leito carroçável";"Com Vítimas Feridas";"Plena Noite";"Decrescente";"Céu Claro";"Simples";"Reta";"Não";2;0;1;0;0;1;1;2;-18,808743;-46,768937;"SPRF-MG";"DEL10/MG";"UOP01-DEL10-MG"
773249;2026-05-21;"quinta-feira";"23:10:00";"SC";470;55,7;"BLUMENAU";"Pedestre cruzava a pista fora da faixa";"Atropelamento de Pedestre";"Com Vítimas Feridas";"Plena Noite";"Decrescente";"Céu Claro";"Simples";"Reta;Em Obras";"Sim";3;0;0;1;1;1;1;3;-26,87644964;-49,12368178;"SPRF-SC";"DEL04/SC";"UOP01-DEL04-SC"
773250;2026-05-21;"quinta-feira";"21:18:00";"MG";365;590;"INDIANOPOLIS";"Ausência de reação do condutor";"Colisão frontal";"Com Vítimas Fatais";"Plena Noite";"Decrescente";"Céu Claro";"Simples";"Reta";"Não";3;1;0;0;1;2;0;4;-18,870131;-48,024272;"SPRF-MG";"DEL15/MG";"UOP02-DEL15-MG"
773251;2026-05-21;"quinta-feira";"23:30:00";"MG";262;434,3;"NOVA SERRANA";"Ultrapassagem Indevida";"Colisão lateral mesmo sentido";"Com Vítimas Fatais";"Plena Noite";"Crescente";"Céu Claro";"Dupla";"Reta;Declive";"Não";3;1;0;1;1;0;1;2;-19,8769;-44,94418;"SPRF-MG";"DEL08/MG";"UOP03-DEL08-MG"
773256;2026-05-22;"sexta-feira";"00:40:00";"SC";470;174;"POUSO REDONDO";"Acesso irregular";"Colisão transversal";"Com Vítimas Feridas";"Plena Noite";"Decrescente";"Nublado";"Simples";"Reta";"Sim";3;0;2;0;1;0;2;2;-27,25708507;-49,93435113;"SPRF-SC";"DEL04/SC";"UOP02-DEL04-SC"
773257;2026-05-22;"sexta-feira";"00:30:00";"PR";153;109;"IBAITI";"Transitar na contramão";"Colisão frontal";"Com Vítimas Fatais";"Plena Noite";"Crescente";"Céu Claro";"Simples";"Reta";"Sim";2;1;0;0;1;0;0;2;-23,85832;-50,19843;"SPRF-PR";"DEL07/PR";"UOP04-DEL07-PR"
773258;2026-05-22;"sexta-feira";"01:56:00";"PE";104;43;"CARUARU";"Pedestre andava na pista";"Atropelamento de Pedestre";"Com Vítimas Fatais";"Plena Noite";"Crescente";"Céu Claro";"Dupla";"Reta";"Não";3;1;0;0;1;1;0;3;-8,1088967;-36,0198683;"SPRF-PE";"DEL02/PE";"UOP01-DEL02-PE"
773262;2026-05-22;"sexta-feira";"03:00:00";"SP";116;104;"TAUBATE";"Estacionar ou parar em local proibido";"Colisão traseira";"Sem Vítimas";"Plena Noite";"Crescente";"Garoa/Chuvisco";"Múltipla";"Reta";"Não";2;0;0;0;1;1;0;2;-23,0052487;-45,51037836;"SPRF-SP";"DEL02/SP";"UOP02-DEL02-SP"
773263;2026-05-22;"sexta-feira";"03:38:00";"PE";408;63;"CARPINA";"Reação tardia ou ineficiente do condutor";"Colisão frontal";"Com Vítimas Fatais";"Plena Noite";"Crescente";"Céu Claro";"Simples";"Reta";"Sim";4;1;0;1;1;1;1;3;-7,84238;-35,23808;"SPRF-PE";"DEL01/PE";"UOP01-DEL01-PE"
773271;2026-05-22;"sexta-feira";"06:32:00";"SP";116;210;"GUARULHOS";"Reação tardia ou ineficiente do condutor";"Colisão lateral mesmo sentido";"Com Vítimas Fatais";"Pleno dia";"Crescente";"Céu Claro";"Múltipla";"Reta";"Não";3;1;0;0;1;1;0;3;-23,42864262;-46,41158801;"SPRF-SP";"DEL01/SP";"UOP01-DEL01-SP"
773272;2026-05-22;"sexta-feira";"06:37:00";"PE";101;80;"JABOATAO DOS GUARARAPES";"Acesso irregular";"Atropelamento de Pedestre";"Com Vítimas Feridas";"Pleno dia";"Crescente";"Céu Claro";"Múltipla";"Reta";"Sim";2;0;0;1;1;0;1;2;-8,15315;-34,94261;"SPRF-PE";"DEL01/PE";"UOP01-DEL01-PE"
773278;2026-05-22;"sexta-feira";"02:00:00";"BA";101;770;"ITABELA";"Demais falhas mecânicas ou elétricas";"Incêndio";"Sem Vítimas";"Plena Noite";"Decrescente";"Nublado";"Simples";"Reta";"Não";2;0;0;0;1;1;0;2;-16,74684959;-39,45163713;"SPRF-BA";"DEL09/BA";"UOP01-DEL09-BA"
773280;2026-05-22;"sexta-feira";"06:45:00";"GO";60;30;"ALEXANIA";"Reação tardia ou ineficiente do condutor";"Colisão lateral mesmo sentido";"Com Vítimas Feridas";"Pleno dia";"Crescente";"Céu Claro";"Dupla";"Reta";"Sim";3;0;0;1;1;1;1;3;-16,093904;-48,490801;"SPRF-DF";"DEL03-DF";"UOP01-DEL03-DF"
773291;2026-04-28;"terça-feira";"11:50:00";"SC";101;339;"TUBARAO";"Ultrapassagem Indevida";"Colisão transversal";"Com Vítimas Feridas";"Pleno dia";"Decrescente";"Céu Claro";"Múltipla";"Reta";"Sim";3;0;0;1;1;1;1;3;-28,51119592;-49,05052185;"SPRF-SC";"DEL02/SC";"UOP01-DEL02-SC"
773293;2026-05-22;"sexta-feira";"04:30:00";"BA";110;170;"RIBEIRA DO POMBAL";"Fumaça";"Incêndio";"Sem Vítimas";"Plena Noite";"Crescente";"Céu Claro";"Simples";"Reta";"Sim";2;0;0;0;1;1;0;2;-10,811711;-38,528569;"SPRF-BA";"DEL07/BA";"UOP02-DEL07-BA"
773294;2026-05-22;"sexta-feira";"07:45:00";"MT";158;589;"AGUA BOA";"Demais falhas mecânicas ou elétricas";"Saída de leito carroçável";"Sem Vítimas";"Pleno dia";"Crescente";"Céu Claro";"Simples";"Reta";"Não";2;0;0;0;1;3;0;4;-14,37384611;-52,17295;"SPRF-MT";"DEL07/MT";"UOP02-DEL07-MT"
773299;2026-05-22;"sexta-feira";"08:30:00";"SC";470;79;"RODEIO";"Acessar a via sem observar a presença dos outros veículos";"Atropelamento de Pedestre";"Com Vítimas Feridas";"Pleno dia";"Crescente";"Céu Claro";"Simples";"Reta";"Não";5;0;0;1;3;1;1;5;-26,94905693;-49,31512563;"SPRF-SC";"DEL04/SC";"UOP01-DEL04-SC"
773303;2026-05-22;"sexta-feira";"08:19:00";"PE";0;0;"PETROLINA";"Acessar a via sem observar a presença dos outros veículos";"Colisão lateral mesmo sentido";"Sem Vítimas";"Pleno dia";"Não Informado";"Céu Claro";"Simples";"Interseção de Vias;Rotatória";"Sim";2;0;0;0;2;0;0;2;-9,385187;-40,509844;"SPRF-PE";"DEL06/PE";"UOP01-DEL06-PE"
773309;2026-05-15;"sexta-feira";"06:22:00";"SC";101;205;"SAO JOSE";"Mal súbito do condutor";"Colisão com objeto";"Com Vítimas Feridas";"Amanhecer";"Decrescente";"Céu Claro";"Dupla";"Curva";"Sim";3;0;2;0;1;0;2;3;-27,58469;-48,61755;"SPRF-SC";"DEL01/SC";"UOP01-DEL01-SC"
773311;2026-05-22;"sexta-feira";"08:45:00";"TO";153;412;"MIRANORTE";"Reação tardia ou ineficiente do condutor";"Tombamento";"Sem Vítimas";"Pleno dia";"Crescente";"Céu Claro";"Simples";"Reta";"Sim";2;0;0;0;1;1;0;2;-9,51340206;-48,58932137;"SPRF-TO";"DEL02-TO";"UOP02-DEL02-TO"
773315;2026-05-22;"sexta-feira";"09:45:00";"MG";262;457,5;"ARAUJOS";"Ausência de reação do condutor";"Colisão lateral mesmo sentido";"Com Vítimas Feridas";"Pleno dia";"Crescente";"Céu Claro";"Simples";"Reta";"Não";4;0;1;0;2;1;1;3;-19,7971;-45,1458;"SPRF-MG";"DEL08/MG";"UOP03-DEL08-MG"
773319;2026-05-22;"sexta-feira";"11:20:00";"DF";20;45,3;"BRASILIA";"Reação tardia ou ineficiente do condutor";"Colisão traseira";"Com Vítimas Feridas";"Pleno dia";"Decrescente";"Céu Claro";"Dupla";"Reta";"Não";6;0;2;0;3;1;2;2;-15,60939926;-47,37535715;"SPRF-DF";"DEL02-DF";"UOP01-DEL02-DF"
773320;2026-05-22;"sexta-feira";"09:25:00";"MT";158;633;"NOVA NAZARE";"Demais falhas mecânicas ou elétricas";"Colisão lateral sentido oposto";"Com Vítimas Feridas";"Pleno dia";"Crescente";"Céu Claro";"Simples";"Reta;Ponte";"Não";3;0;0;1;1;3;1;5;-14,53521;-52,330333;"SPRF-MT";"DEL07/MT";"UOP02-DEL07-MT"
773326;2026-05-22;"sexta-feira";"08:00:00";"PR";153;385;"MALLET";"Ausência de reação do condutor";"Colisão transversal";"Com Vítimas Feridas";"Pleno dia";"Decrescente";"Garoa/Chuvisco";"Simples";"Curva";"Não";4;0;1;0;3;0;1;2;-25,84448981;-50,8368516;"SPRF-PR";"DEL08/PR";"UOP02-DEL08-PR"
773333;2026-05-22;"sexta-feira";"09:40:00";"RJ";101;55,9;"CAMPOS DOS GOYTACAZES";"Transitar na contramão";"Colisão frontal";"Com Vítimas Feridas";"Pleno dia";"Crescente";"Nublado";"Simples";"Reta";"Sim";6;0;2;0;2;2;2;5;-21,687153;-41,31066;"SPRF-RJ";"DEL08/RJ";"UOP01-DEL08-RJ"
773336;2026-05-22;"sexta-feira";"10:54:00";"MG";40;46,5;"PARACATU";"Transitar na contramão";"Colisão frontal";"Com Vítimas Fatais";"Pleno dia";"Crescente";"Nublado";"Simples";"Reta";"Não";3;1;0;0;1;1;0;3;-17,24052;-46,83197;"SPRF-MG";"DEL14/MG";"UOP01-DEL14-MG"
773337;2026-05-22;"sexta-feira";"11:10:00";"MG";381;859;"POUSO ALEGRE";"Condutor deixou de manter distância do veículo da frente";"Colisão traseira";"Com Vítimas Feridas";"Pleno dia";"Decrescente";"Céu Claro";"Dupla";"Reta";"Não";3;0;1;0;1;1;1;3;-22,32012539;-45,90600193;"SPRF-MG";"DEL16/MG";"UOP01-DEL16-MG"
773338;2026-05-22;"sexta-feira";"12:30:00";"ES";262;93,5;"DOMINGOS MARTINS";"Transitar na contramão";"Colisão frontal";"Com Vítimas Feridas";"Pleno dia";"Crescente";"Nublado";"Simples";"Reta";"Não";4;0;1;1;1;1;2;3;-20,3794401;-41,0474364;"SPRF-ES";"DEL01-ES";"UOP02-DEL01-ES"
773340;2026-05-22;"sexta-feira";"13:20:00";"PR";376;4;"APUCARANA";"Acessar a via sem observar a presença dos outros veículos";"Colisão lateral mesmo sentido";"Com Vítimas Feridas";"Pleno dia";"Decrescente";"Céu Claro";"Dupla";"Reta";"Sim";4;0;1;0;2;1;1;3;-23,549486;-51,449948;"SPRF-PR";"DEL07/PR";"UOP03-DEL07-PR"
773341;2026-05-22;"sexta-feira";"08:00:00";"SC";158;134,3;"PALMITOS";"Acessar a via sem observar a presença dos outros veículos";"Colisão transversal";"Com Vítimas Feridas";"Pleno dia";"Crescente";"Nublado";"Simples";"Interseção de Vias";"Não";5;0;2;0;2;1;2;4;-27,07066911;-53,23027178;"SPRF-SC";"DEL07/SC";"UOP02-DEL07-SC"
773344;2026-05-22;"sexta-feira";"13:43:00";"TO";153;237;"COLINAS DO TOCANTINS";"Ausência de reação do condutor";"Saída de leito carroçável";"Com Vítimas Feridas";"Pleno dia";"Crescente";"Céu Claro";"Simples";"Reta";"Não";2;0;1;0;0;1;1;2;-7,975454;-48,464123;"SPRF-TO";"DEL02-TO";"UOP01-DEL02-TO"
773345;2026-05-22;"sexta-feira";"12:30:00";"RO";364;518,9;"ARIQUEMES";"Acessar a via sem observar a presença dos outros veículos";"Colisão lateral mesmo sentido";"Sem Vítimas";"Pleno dia";"Crescente";"Nublado";"Simples";"Reta;Rotatória";"Não";3;0;0;0;2;3;0;5;-9,884278;-63,05695;"SPRF-RO";"DEL03-RO";"UOP01-DEL03-RO"
773347;2026-05-22;"sexta-feira";"13:00:00";"MS";163;466;"CAMPO GRANDE";"Reação tardia ou ineficiente do condutor";"Tombamento";"Sem Vítimas";"Pleno dia";"Crescente";"Céu Claro";"Dupla";"Curva;Rotatória";"Não";2;0;0;0;2;0;0;1;-20,58243657;-54,58290903;"SPRF-MS";"DEL01/MS";"UOP01-DEL01-MS"
773355;2026-05-22;"sexta-feira";"15:20:00";"PR";369;147,1;"LONDRINA";"Ausência de reação do condutor";"Colisão traseira";"Com Vítimas Feridas";"Pleno dia";"Crescente";"Nublado";"Dupla";"Reta";"Sim";3;0;0;1;1;3;1;5;-23,29317;-51,13508;"SPRF-PR";"DEL07/PR";"UOP01-DEL07-PR"
773364;2026-05-22;"sexta-feira";"06:30:00";"PA";10;67;"ULIANOPOLIS";"Demais falhas mecânicas ou elétricas";"Incêndio";"Sem Vítimas";"Amanhecer";"Crescente";"Céu Claro";"Simples";"Aclive;Reta";"Não";2;0;0;0;1;2;0;3;-3,851573;-47,521987;"SPRF-PA";"DEL02/PA";"UOP02-DEL02-PA"