"id";"data_inversa";"dia_semana";"horario";"uf";"br";"km";"municipio";"causa_acidente";"tipo_acidente";"classificacao_acidente";"fase_dia";"sentido_via";"condicao_metereologica";"tipo_pista";"tracado_via";"uso_solo";"pessoas";"mortos";"feridos_leves";"feridos_graves";"ilesos";"ignorados";"feridos";"veiculos";"latitude";"longitude";"regional";"delegacia";"uop"
773750;2026-05-24;"domingo";"00:35:00";"BA";324;379;"GAVIAO";"Ingestão de álcool pelo condutor";"Colisão lateral sentido oposto";"Com Vítimas Feridas";"Plena Noite";"Decrescente";"Chuva";"Simples";"Reta";"Não";3;0;0;2;1;0;2;2;-11,47275;-39,78634;"SPRF-BA";"DEL04/BA";"UOP02-DEL04-BA"
773751;2026-05-24;"domingo";"07:00:00";"MG";381;737,5;"TRES CORACOES";"Reação tardia ou ineficiente do condutor";"Colisão com objeto";"Com Vítimas Feridas";"Pleno dia";"Crescente";"Sol";"Dupla";"Curva";"Não";2;0;1;0;0;1;1;2;-21,5623268;-45,2436889;"SPRF-MG";"DEL16/MG";"UOP02-DEL16-MG"
773762;2026-05-08;"sexta-feira";"18:20:00";"MG";50;78;"UBERLANDIA";"Acessar a via sem observar a presença dos outros veículos";"Colisão transversal";"Com Vítimas Feridas";"Plena Noite";"Decrescente";"Céu Claro";"Dupla";"Reta";"Sim";2;0;0;1;1;0;1;2;-18,94132609;-48,21893431;"SPRF-MG";"DEL15/MG";"UOP01-DEL15-MG"
773763;2026-05-24;"domingo";"07:55:00";"MT";70;757;"CACERES";"Manobra de mudança de faixa";"Colisão transversal";"Sem Vítimas";"Pleno dia";"Crescente";"Céu Claro";"Simples";"Reta";"Não";5;0;0;0;4;1;0;3;-16,06550835;-57,84683526;"SPRF-MT";"DEL03/MT";"UOP01-DEL03-MT"
773765;2026-05-24;"domingo";"09:40:00";"RS";392;346;"SANTA MARIA";"Reação tardia ou ineficiente do condutor";"Saída de leito carroçável";"Com Vítimas Feridas";"Pleno dia";"Decrescente";"Céu Claro";"Dupla";"Reta";"Não";1;0;1;0;0;0;1;1;-29,7748214;-53,78395407;"SPRF-RS";"DEL09/RS";"UOP01-DEL09-RS"
773771;2026-04-15;"quarta-feira";"03:30:00";"PR";376;429;"TIBAGI";"Retorno proibido";"Colisão transversal";"Com Vítimas Feridas";"Plena Noite";"Decrescente";"Nublado";"Dupla";"Curva;Retorno Regulamentado";"Não";3;0;0;1;1;1;1;3;-24,78175175;-50,51332204;"SPRF-PR";"DEL03/PR";"UOP02-DEL03-PR"
773778;2026-05-24;"domingo";"08:12:00";"BA";116;631;"JAGUAQUARA";"Demais falhas mecânicas ou elétricas";"Incêndio";"Com Vítimas Feridas";"Pleno dia";"Decrescente";"Nublado";"Simples";"Reta";"Não";3;0;1;1;0;1;2;2;-13,49477128;-40,04827436;"SPRF-BA";"DEL03/BA";"UOP01-DEL03-BA"
773781;2026-05-24;"domingo";"12:00:00";"PR";116;127;"FAZENDA RIO GRANDE";"Ausência de reação do condutor";"Colisão com objeto";"Com Vítimas Feridas";"Pleno dia";"Decrescente";"Garoa/Chuvisco";"Dupla";"Reta";"Sim";4;0;3;0;1;0;3;2;-25,65619299;-49,31196062;"SPRF-PR";"DEL01/PR";"UOP03-DEL01-PR"
773792;2026-05-24;"domingo";"13:11:00";"SP";116;284;"EMBU DAS ARTES";"Manobra de mudança de faixa";"Colisão lateral mesmo sentido";"Com Vítimas Feridas";"Pleno dia";"Crescente";"Nublado";"Dupla";"Reta";"Sim";4;0;0;1;1;2;1;3;-23,679706;-46,858566;"SPRF-SP";"DEL04/SP";"UOP01-DEL04-SP"
773797;2026-04-22;"quarta-feira";"12:50:00";"MG";251;405;"GRAO MOGOL";"Demais falhas mecânicas ou elétricas";"Incêndio";"Sem Vítimas";"Pleno dia";"Decrescente";"Céu Claro";"Simples";"Reta";"Sim";2;0;0;0;1;1;0;2;-16,24305;-42,92782;"SPRF-MG";"DEL12/MG";"UOP01-DEL12-MG"
773799;2026-05-24;"domingo";"12:20:00";"MT";364;117,2;"PEDRA PRETA";"Acostamento em desnível";"Tombamento";"Com Vítimas Feridas";"Pleno dia";"Decrescente";"Céu Claro";"Simples";"Reta;Declive";"Não";2;0;1;0;0;1;1;2;-16,830428;-54,024838;"SPRF-MT";"DEL02/MT";"UOP02-DEL02-MT"
773813;2026-05-24;"domingo";"12:41:00";"MT";158;520,1;"CANARANA";"Acostamento em desnível";"Saída de leito carroçável";"Sem Vítimas";"Pleno dia";"Crescente";"Céu Claro";"Simples";"Aclive";"Não";2;0;0;0;1;3;0;4;-13,73705058;-52,0388031;"SPRF-MT";"DEL07/MT";"UOP02-DEL07-MT"
773814;2026-05-24;"domingo";"15:12:00";"GO";153;292,8;"RIALMA";"Ingestão de álcool pelo condutor";"Saída de leito carroçável";"Com Vítimas Fatais";"Pleno dia";"Crescente";"Céu Claro";"Simples";"Reta;Declive";"Não";6;4;0;0;0;2;0;3;-15,252513;-49,553648;"SPRF-GO";"DEL02/GO";"UOP02-DEL02-GO"
773815;2026-05-24;"domingo";"14:10:00";"ES";262;42,2;"DOMINGOS MARTINS";"Ultrapassagem Indevida";"Saída de leito carroçável";"Com Vítimas Feridas";"Pleno dia";"Crescente";"Sol";"Simples";"Curva;Aclive";"Não";3;0;1;0;1;1;1;2;-20,38070085;-40,63441364;"SPRF-ES";"DEL01-ES";"UOP01-DEL01-ES"
773830;2026-05-24;"domingo";"13:20:00";"MG";262;564;"CORREGO DANTA";"Reação tardia ou ineficiente do condutor";"Saída de leito carroçável";"Com Vítimas Feridas";"Pleno dia";"Crescente";"Céu Claro";"Simples";"Reta";"Não";1;0;1;0;0;0;1;1;-19,69690014;-46,03237152;"SPRF-MG";"DEL08/MG";"UOP02-DEL08-MG"
773839;2026-05-24;"domingo";"17:05:00";"TO";153;351,4;"FORTALEZA DO TABOCAO";"Reação tardia ou ineficiente do condutor";"Tombamento";"Com Vítimas Feridas";"Pleno dia";"Crescente";"Céu Claro";"Simples";"Reta;Declive";"Não";2;0;1;0;0;1;1;2;-8,991337;-48,500068;"SPRF-TO";"DEL02-TO";"UOP02-DEL02-TO"
773843;2026-05-24;"domingo";"17:20:00";"ES";101;294,1;"CARIACICA";"Reação tardia ou ineficiente do condutor";"Colisão traseira";"Com Vítimas Fatais";"Anoitecer";"Crescente";"Céu Claro";"Dupla";"Em Obras;Declive;Reta";"Sim";13;2;2;2;6;4;4;11;-20,325072;-40,395928;"SPRF-ES";"DEL01-ES";"UOP01-DEL01-ES"
773845;2026-05-24;"domingo";"11:00:00";"MT";163;1044;"MATUPA";"Reação tardia ou ineficiente do condutor";"Colisão transversal";"Com Vítimas Feridas";"Pleno dia";"Crescente";"Céu Claro";"Simples";"Reta";"Não";3;0;0;1;1;1;1;2;-10,1320583;-54,931419;"SPRF-MT";"DEL06/MT";"UOP03-DEL06-MT"
773847;2026-05-24;"domingo";"17:11:00";"SC";470;60,1;"BLUMENAU";"Acessar a via sem observar a presença dos outros veículos";"Colisão transversal";"Com Vítimas Feridas";"Plena Noite";"Decrescente";"Céu Claro";"Simples";"Retorno Regulamentado";"Sim";6;0;2;0;3;1;2;3;-26,88067424;-49,16707842;"SPRF-SC";"DEL04/SC";"UOP01-DEL04-SC"
773848;2026-05-24;"domingo";"17:00:00";"PR";487;121;"TUNEIRAS DO OESTE";"Ultrapassagem Indevida";"Colisão lateral mesmo sentido";"Sem Vítimas";"Pleno dia";"Crescente";"Céu Claro";"Simples";"Reta";"Não";3;0;0;0;2;2;0;4;-23,85217981;-52,91770784;"SPRF-PR";"DEL09/PR";"UOP03-DEL09-PR"
773860;2026-05-24;"domingo";"18:00:00";"SP";116;51;"LORENA";"Manobra de mudança de faixa";"Colisão lateral mesmo sentido";"Com Vítimas Feridas";"Plena Noite";"Crescente";"Garoa/Chuvisco";"Dupla";"Reta";"Não";7;0;1;0;5;1;1;3;-22,7412738;-45,09195685;"SPRF-SP";"DEL08/SP";"UOP02-DEL08-SP"
773874;2026-05-24;"domingo";"18:50:00";"PR";369;26,6;"CAMBARA";"Ultrapassagem Indevida";"Colisão lateral sentido oposto";"Com Vítimas Feridas";"Plena Noite";"Crescente";"Céu Claro";"Múltipla";"Reta";"Não";7;0;0;4;2;3;4;6;-23,033824;-50,144809;"SPRF-PR";"DEL07/PR";"UOP05-DEL07-PR"
773883;2026-05-24;"domingo";"17:30:00";"MA";330;11,6;"BALSAS";"Acessar a via sem observar a presença dos outros veículos";"Colisão transversal";"Sem Vítimas";"Amanhecer";"Crescente";"Céu Claro";"Simples";"Reta;Interseção de Vias";"Não";3;0;0;0;2;1;0;2;-7,605428;-46,003273;"SPRF-MA";"DEL05-MA";"UOP01-DEL05-MA"
773899;2026-05-24;"domingo";"17:23:00";"TO";153;630;"ALIANCA DO TOCANTINS";"Ultrapassagem Indevida";"Saída de leito carroçável";"Com Vítimas Feridas";"Anoitecer";"Crescente";"Céu Claro";"Simples";"Declive";"Não";2;0;1;0;0;1;1;2;-11,366459;-48,963113;"SPRF-TO";"DEL01-TO";"UOP02-DEL01-TO"
773904;2026-05-24;"domingo";"16:40:00";"RO";364;45,6;"VILHENA";"Reação tardia ou ineficiente do condutor";"Colisão traseira";"Com Vítimas Feridas";"Pleno dia";"Crescente";"Céu Claro";"Simples";"Reta;Declive";"Não";5;0;1;0;3;4;1;7;-12,58727;-60,343428;"SPRF-RO";"DEL04-RO";"UOP01-DEL04-RO"
773906;2026-05-24;"domingo";"17:00:00";"MA";226;77,8;"CAXIAS";"Transitar na contramão";"Colisão frontal";"Com Vítimas Fatais";"Pleno dia";"Decrescente";"Céu Claro";"Simples";"Curva";"Não";2;1;0;0;1;0;0;2;-5,228788;-43,469267;"SPRF-MA";"DEL03-MA";"UOP02-DEL03-MA"
773908;2026-05-24;"domingo";"19:20:00";"RS";386;237;"SOLEDADE";"Reação tardia ou ineficiente do condutor";"Saída de leito carroçável";"Sem Vítimas";"Plena Noite";"Decrescente";"Nublado";"Simples";"Reta";"Não";2;0;0;0;1;1;0;2;-28,76787776;-52,53333539;"SPRF-RS";"DEL04/RS";"UOP03-DEL04-RS"
773919;2026-05-24;"domingo";"20:30:00";"BA";116;148;"CANUDOS";"Acessar a via sem observar a presença dos outros veículos";"Colisão lateral sentido oposto";"Com Vítimas Fatais";"Plena Noite";"Crescente";"Céu Claro";"Simples";"Reta";"Não";5;1;0;0;2;2;0;4;-9,899595;-39,169927;"SPRF-BA";"DEL07/BA";"UOP03-DEL07-BA"
773923;2026-05-24;"domingo";"20:30:00";"SC";153;100,2;"CONCORDIA";"Transitar na contramão";"Colisão frontal";"Com Vítimas Feridas";"Plena Noite";"Crescente";"Céu Claro";"Simples";"Reta";"Sim";3;0;0;1;1;1;1;3;-27,25115875;-51,95298743;"SPRF-SC";"DEL07/SC";"UOP04-DEL07-SC"
773924;2026-05-24;"domingo";"19:30:00";"PE";428;137,6;"LAGOA GRANDE";"Acessar a via sem observar a presença dos outros veículos";"Colisão traseira";"Sem Vítimas";"Plena Noite";"Crescente";"Céu Claro";"Simples";"Reta;Rotatória";"Não";2;0;0;0;1;1;0;2;-8,98266;-40,25378;"SPRF-PE";"DEL06/PE";"UOP03-DEL06-PE"
773926;2026-05-24;"domingo";"20:10:00";"PR";476;24;"ADRIANOPOLIS";"Ausência de reação do condutor";"Colisão frontal";"Com Vítimas Feridas";"Plena Noite";"Crescente";"Garoa/Chuvisco";"Simples";"Curva";"Não";5;0;2;0;2;1;2;3;-24,779925;-49,029267;"SPRF-PR";"DEL01/PR";"UOP01-DEL01-PR"
773936;2026-05-24;"domingo";"21:10:00";"MT";163;111;"RONDONOPOLIS";"Reação tardia ou ineficiente do condutor";"Colisão traseira";"Sem Vítimas";"Plena Noite";"Decrescente";"Ignorado";"Dupla";"Reta;Aclive";"Não";3;0;0;0;2;1;0;3;-16,56410811;-54,68052059;"SPRF-MT";"DEL02/MT";"UOP01-DEL02-MT"
773939;2026-05-24;"domingo";"23:30:00";"MG";364;7,8;"PLANURA";"Reação tardia ou ineficiente do condutor";"Colisão traseira";"Com Vítimas Feridas";"Plena Noite";"Decrescente";"Nublado";"Simples";"Aclive;Reta";"Não";4;0;2;0;1;1;2;3;-20,112781;-48,730495;"SPRF-MG";"DEL13/MG";"UOP02-DEL13-MG"
773953;2026-05-25;"segunda-feira";"02:55:00";"PB";230;161,7;"CAMPINA GRANDE";"Pista Escorregadia";"Saída de leito carroçável";"Com Vítimas Feridas";"Plena Noite";"Crescente";"Chuva";"Simples";"Reta";"Não";3;0;1;0;2;0;1;1;-7,232368;-35,942693;"SPRF-PB";"DEL02-PB";"UOP01-DEL02-PB"
773954;2026-05-25;"segunda-feira";"01:00:00";"SP";381;12;"BRAGANCA PAULISTA";"Ausência de reação do condutor";"Colisão traseira";"Com Vítimas Feridas";"Plena Noite";"Crescente";"Céu Claro";"Dupla";"Reta";"Não";3;0;0;1;1;1;1;3;-22,9319627;-46,4611728;"SPRF-SP";"DEL03/SP";"UOP02-DEL03-SP"
773959;2026-05-25;"segunda-feira";"03:00:00";"BA";116;556,9;"NOVA ITARANA";"Condutor Dormindo";"Colisão frontal";"Com Vítimas Feridas";"Plena Noite";"Decrescente";"Garoa/Chuvisco";"Simples";"Reta";"Não";4;0;2;0;1;1;2;3;-12,940122;-39,909174;"SPRF-BA";"DEL03/BA";"UOP02-DEL03-BA"
773967;2026-05-25;"segunda-feira";"06:00:00";"PR";277;9,2;"PARANAGUA";"Demais falhas mecânicas ou elétricas";"Colisão traseira";"Com Vítimas Fatais";"Amanhecer";"Crescente";"Nublado";"Dupla";"Declive;Reta";"Não";4;1;0;0;3;0;0;4;-25,563223;-48,593302;"SPRF-PR";"DEL01/PR";"UOP05-DEL01-PR"
773982;2026-05-25;"segunda-feira";"07:00:00";"MS";262;240;"RIBAS DO RIO PARDO";"Ausência de reação do condutor";"Engavetamento";"Com Vítimas Feridas";"Amanhecer";"Decrescente";"Nevoeiro/Neblina";"Simples";"Reta";"Sim";4;0;1;0;3;0;1;3;-20,457498;-53,7704;"SPRF-MS";"DEL01/MS";"UOP05-DEL01-MS"
773983;2026-05-25;"segunda-feira";"08:00:00";"SC";282;4;"FLORIANOPOLIS";"Condutor deixou de manter distância do veículo da frente";"Colisão traseira";"Com Vítimas Feridas";"Pleno dia";"Decrescente";"Nublado";"Múltipla";"Reta;Viaduto";"Sim";3;0;1;0;1;1;1;3;-27,59164645;-48,60579014;"SPRF-SC";"DEL01/SC";"UOP01-DEL01-SC"
773985;2026-05-25;"segunda-feira";"08:00:00";"SP";116;284;"ITAPECERICA DA SERRA";"Entrada inopinada do pedestre";"Atropelamento de Pedestre";"Com Vítimas Fatais";"Amanhecer";"Decrescente";"Nublado";"Dupla";"Reta";"Não";4;1;0;0;1;2;0;3;-23,696857;-46,865505;"SPRF-SP";"DEL04/SP";"UOP01-DEL04-SP"
773998;2026-05-25;"segunda-feira";"08:00:00";"BA";324;619;"SALVADOR";"Ultrapassagem Indevida";"Colisão lateral mesmo sentido";"Com Vítimas Feridas";"Pleno dia";"Crescente";"Garoa/Chuvisco";"Dupla";"Reta";"Sim";2;0;1;0;1;0;1;2;-12,90719417;-38,45695496;"SPRF-BA";"DEL01/BA";"UOP01-DEL01-BA"
774001;2026-05-25;"segunda-feira";"08:00:00";"RS";472;484,2;"ITAQUI";"Reação tardia ou ineficiente do condutor";"Colisão com objeto";"Com Vítimas Feridas";"Pleno dia";"Decrescente";"Céu Claro";"Simples";"Reta";"Não";2;0;1;0;0;1;1;2;-29,16861334;-56,47418976;"SPRF-RS";"DEL12/RS";"UOP01-DEL12-RS"
774006;2026-05-25;"segunda-feira";"09:00:00";"ES";101;105;"LINHARES";"Ausência de reação do condutor";"Saída de leito carroçável";"Com Vítimas Feridas";"Pleno dia";"Crescente";"Céu Claro";"Simples";"Reta";"Não";1;0;1;0;0;0;1;1;-19,02649294;-40,01681775;"SPRF-ES";"DEL04-ES";"UOP01-DEL04-ES"
774014;2026-05-25;"segunda-feira";"08:30:00";"PR";163;13,8;"BARRACAO";"Ausência de reação do condutor";"Saída de leito carroçável";"Com Vítimas Feridas";"Pleno dia";"Decrescente";"Céu Claro";"Simples";"Curva;Declive";"Não";1;0;1;0;0;0;1;1;-26,217829;-53,638221;"SPRF-PR";"DEL02/PR";"UOP02-DEL02-PR"
774031;2026-05-24;"domingo";"16:40:00";"GO";158;120;"PIRANHAS";"Avarias e/ou desgaste excessivo no pneu";"Tombamento";"Sem Vítimas";"Pleno dia";"Crescente";"Céu Claro";"Simples";"Reta;Declive";"Não";2;0;0;0;1;3;0;4;-16,621577;-51,721535;"SPRF-GO";"DEL04/GO";"UOP02-DEL04-GO"
774033;2026-05-25;"segunda-feira";"11:00:00";"SP";153;134,4;"UBARANA";"Ausência de reação do condutor";"Colisão lateral sentido oposto";"Com Vítimas Feridas";"Pleno dia";"Crescente";"Sol";"Simples";"Reta;Declive";"Não";4;0;0;2;1;1;2;3;-21,2809769;-49,78336573;"SPRF-SP";"DEL09/SP";"UOP01-DEL09-SP"
774034;2026-05-25;"segunda-feira";"12:20:00";"CE";222;21;"CAUCAIA";"Reação tardia ou ineficiente do condutor";"Atropelamento de Pedestre";"Com Vítimas Fatais";"Pleno dia";"Crescente";"Céu Claro";"Dupla";"Reta";"Sim";2;1;0;0;1;0;0;2;-3,73779269;-38,74173816;"SPRF-CE";"DEL01/CE";"UOP01-DEL01-CE"
774037;2026-05-25;"segunda-feira";"06:30:00";"MG";116;693,3;"MURIAE";"Ingestão de substâncias psicoativas pelo condutor";"Saída de leito carroçável";"Com Vítimas Feridas";"Amanhecer";"Decrescente";"Céu Claro";"Simples";"Reta;Aclive";"Não";2;0;1;0;0;1;1;2;-21,04842676;-42,36827787;"SPRF-MG";"DEL07/MG";"UOP02-DEL07-MG"
774040;2026-05-25;"segunda-feira";"11:25:00";"MG";251;350;"PADRE CARVALHO";"Ultrapassagem Indevida";"Colisão lateral sentido oposto";"Com Vítimas Feridas";"Pleno dia";"Crescente";"Céu Claro";"Simples";"Declive";"Não";31;0;0;1;29;5;1;10;-16,2616647;-42,5256839;"SPRF-MG";"DEL12/MG";"UOP02-DEL12-MG"
774047;2026-05-25;"segunda-feira";"12:45:00";"RS";116;240;"NOVO HAMBURGO";"Trafegar com motocicleta (ou similar) entre as faixas";"Colisão lateral mesmo sentido";"Com Vítimas Feridas";"Pleno dia";"Decrescente";"Céu Claro";"Dupla";"Aclive;Em Obras;Curva";"Sim";3;0;0;1;2;0;1;3;-29,70458805;-51,14666746;"SPRF-RS";"DEL01/RS";"UOP02-DEL01-RS"
774051;2026-05-25;"segunda-feira";"14:00:00";"GO";60;96;"ANAPOLIS";"Desrespeitar a preferência no cruzamento";"Colisão frontal";"Com Vítimas Feridas";"Pleno dia";"Crescente";"Céu Claro";"Simples";"Reta";"Sim";3;0;1;0;1;1;1;2;-16,372556;-48,944287;"SPRF-GO";"DEL02/GO";"UOP01-DEL02-GO"
774052;2026-03-12;"quinta-feira";"23:45:00";"PA";163;198;"NOVO PROGRESSO";"Pista esburacada";"Saída de leito carroçável";"Sem Vítimas";"Plena Noite";"Crescente";"Céu Claro";"Simples";"Aclive;Reta";"Não";2;0;0;0;0;2;0;1;-7,97051111;-55,16347222;"SPRF-PA";"DEL05/PA";"UOP03-DEL05-PA"
774057;2026-05-25;"segunda-feira";"13:52:00";"RS";285;291,1;"PASSO FUNDO";"Acesso irregular";"Colisão traseira";"Com Vítimas Feridas";"Pleno dia";"Decrescente";"Céu Claro";"Simples";"Reta";"Sim";2;0;1;0;1;0;1;2;-28,23833388;-52,3538214;"SPRF-RS";"DEL08/RS";"UOP03-DEL08-RS"
774058;2026-05-25;"segunda-feira";"14:00:00";"MA";135;0;"SAO LUIS";"Reação tardia ou ineficiente do condutor";"Colisão traseira";"Com Vítimas Feridas";"Pleno dia";"Decrescente";"Céu Claro";"Dupla";"Reta";"Sim";2;0;1;0;1;0;1;2;-2,583721;-44,242499;"SPRF-MA";"DEL01-MA";"UOP01-DEL01-MA"
774061;2026-05-25;"segunda-feira";"14:50:00";"SP";116;157;"SAO JOSE DOS CAMPOS";"Reação tardia ou ineficiente do condutor";"Colisão traseira";"Com Vítimas Feridas";"Pleno dia";"Decrescente";"Céu Claro";"Múltipla";"Reta";"Não";3;0;1;0;1;2;1;4;-23,25715747;-45,94707681;"SPRF-SP";"DEL02/SP";"UOP01-DEL02-SP"
774063;2026-05-25;"segunda-feira";"14:40:00";"PR";376;184,5;"SARANDI";"Acessar a via sem observar a presença dos outros veículos";"Colisão lateral mesmo sentido";"Sem Vítimas";"Pleno dia";"Decrescente";"Céu Claro";"Dupla";"Reta";"Não";2;0;0;0;2;0;0;2;-23,443969;-51,866637;"SPRF-PR";"DEL09/PR";"UOP01-DEL09-PR"
774066;2026-05-25;"segunda-feira";"15:00:00";"ES";101;110,1;"LINHARES";"Acessar a via sem observar a presença dos outros veículos";"Colisão transversal";"Com Vítimas Feridas";"Pleno dia";"Crescente";"Céu Claro";"Simples";"Reta;Declive";"Não";2;0;1;0;1;0;1;2;-19,06625516;-40,03688335;"SPRF-ES";"DEL04-ES";"UOP01-DEL04-ES"
774070;2026-05-25;"segunda-feira";"11:15:00";"MG";116;75;"MEDINA";"Suicídio (presumido)";"Colisão frontal";"Com Vítimas Fatais";"Pleno dia";"Crescente";"Céu Claro";"Simples";"Curva";"Não";3;1;1;0;0;1;1;3;-16,24781258;-41,47265609;"SPRF-MG";"DEL11/MG";"UOP02-DEL11-MG"
774077;2026-05-25;"segunda-feira";"15:35:00";"MG";381;873,5;"ESTIVA";"Velocidade Incompatível";"Tombamento";"Com Vítimas Feridas";"Pleno dia";"Decrescente";"Sol";"Dupla";"Curva";"Não";2;0;1;0;0;1;1;2;-22,41906332;-45,96463949;"SPRF-MG";"DEL16/MG";"UOP01-DEL16-MG"
774081;2026-05-25;"segunda-feira";"14:00:00";"MG";116;688,5;"MURIAE";"Velocidade Incompatível";"Tombamento";"Com Vítimas Feridas";"Pleno dia";"Crescente";"Céu Claro";"Simples";"Curva;Declive";"Não";2;0;1;0;1;0;1;1;-21,010528;-42,361176;"SPRF-MG";"DEL07/MG";"UOP02-DEL07-MG"
774083;2026-05-25;"segunda-feira";"15:30:00";"RJ";40;123;"DUQUE DE CAXIAS";"Manobra de mudança de faixa";"Colisão lateral mesmo sentido";"Com Vítimas Feridas";"Pleno dia";"Decrescente";"Nublado";"Dupla";"Reta";"Sim";5;0;3;0;1;1;3;3;-22,799523;-43,290118;"SPRF-RJ";"DEL01/RJ";"UOP02-DEL01-RJ"
774084;2026-05-25;"segunda-feira";"15:25:00";"SP";153;60,8;"SAO JOSE DO RIO PRETO";"Avarias e/ou desgaste excessivo no pneu";"Colisão traseira";"Com Vítimas Feridas";"Pleno dia";"Decrescente";"Nublado";"Dupla";"Reta";"Sim";3;0;2;0;1;0;2;2;-20,809256;-49,355884;"SPRF-SP";"DEL09/SP";"UOP01-DEL09-SP"
774087;2026-03-08;"domingo";"10:25:00";"MA";226;563;"PORTO FRANCO";"Transitar na contramão";"Saída de leito carroçável";"Com Vítimas Feridas";"Pleno dia";"Crescente";"Nublado";"Simples";"Reta";"Não";3;0;0;1;0;4;1;5;-6,31653;-47,32396;"SPRF-MA";"DEL04-MA";"UOP02-DEL04-MA"
774089;2026-05-25;"segunda-feira";"16:40:00";"PI";316;9,3;"TERESINA";"Condutor deixou de manter distância do veículo da frente";"Colisão traseira";"Com Vítimas Feridas";"Pleno dia";"Crescente";"Sol";"Dupla";"Reta";"Sim";3;0;0;2;1;0;2;2;-5,18263377;-42,76380435;"SPRF-PI";"DEL01-PI";"UOP02-DEL01-PI"
774090;2026-05-25;"segunda-feira";"16:10:00";"SC";163;76,4;"SAO MIGUEL DO OESTE";"Transitar na contramão";"Colisão frontal";"Com Vítimas Feridas";"Pleno dia";"Crescente";"Nublado";"Simples";"Reta;Em Obras";"Não";2;0;1;0;1;0;1;2;-26,6830868;-53,51466179;"SPRF-SC";"DEL07/SC";"UOP03-DEL07-SC"
774093;2026-05-25;"segunda-feira";"16:20:00";"PR";277;707,7;"SANTA TEREZINHA DE ITAIPU";"Avarias e/ou desgaste excessivo no pneu";"Saída de leito carroçável";"Com Vítimas Feridas";"Pleno dia";"Crescente";"Céu Claro";"Dupla";"Reta";"Não";3;0;2;0;1;0;2;1;-25,43468521;-54,37756984;"SPRF-PR";"DEL05/PR";"UOP01-DEL05-PR"
774094;2026-05-05;"terça-feira";"16:00:00";"RJ";116;316,7;"ITATIAIA";"Ausência de sinalização";"Colisão traseira";"Com Vítimas Feridas";"Pleno dia";"Decrescente";"Céu Claro";"Dupla";"Reta";"Sim";4;0;1;0;2;1;1;3;-22,466863;-44,497036;"SPRF-RJ";"DEL07/RJ";"UOP02-DEL07-RJ"
774096;2026-05-25;"segunda-feira";"15:00:00";"BA";116;509;"SANTA TERESINHA";"Ausência de reação do condutor";"Saída de leito carroçável";"Com Vítimas Feridas";"Pleno dia";"Decrescente";"Céu Claro";"Simples";"Reta;Aclive";"Não";2;0;1;0;1;0;1;1;-12,657166;-39,621621;"SPRF-BA";"DEL02/BA";"UOP01-DEL02-BA"
774099;2026-05-25;"segunda-feira";"08:15:00";"AM";174;1077;"PRESIDENTE FIGUEIREDO";"Pista esburacada";"Saída de leito carroçável";"Com Vítimas Feridas";"Amanhecer";"Decrescente";"Céu Claro";"Simples";"Curva;Declive";"Não";3;0;1;0;1;3;1;4;-1,378915;-60,3437083;"SPRF-AM";"DEL01-AM";"UOP02-DEL01-AM"
774103;2026-05-25;"segunda-feira";"11:20:00";"RJ";116;210;"ITAGUAI";"Ausência de reação do condutor";"Colisão traseira";"Com Vítimas Feridas";"Pleno dia";"Crescente";"Nublado";"Dupla";"Reta";"Não";3;0;3;0;0;0;3;2;-22,70557219;-43,74069214;"SPRF-RJ";"DEL06/RJ";"UOP02-DEL06-RJ"
774116;2026-05-25;"segunda-feira";"18:35:00";"MG";381;511,7;"IGARAPE";"Entrada inopinada do pedestre";"Atropelamento de Pedestre";"Com Vítimas Fatais";"Plena Noite";"Decrescente";"Céu Claro";"Múltipla";"Aclive;Reta";"Sim";5;1;0;0;3;1;0;3;-20,0667;-44,2963;"SPRF-MG";"DEL01/MG";"UOP03-DEL01-MG"
774121;2026-05-25;"segunda-feira";"19:00:00";"ES";101;189,7;"ARACRUZ";"Acessar a via sem observar a presença dos outros veículos";"Colisão lateral mesmo sentido";"Com Vítimas Feridas";"Plena Noite";"Decrescente";"Céu Claro";"Simples";"Curva;Declive";"Não";3;0;1;0;1;1;1;3;-19,6837682;-40,27330399;"SPRF-ES";"DEL04-ES";"UOP01-DEL04-ES"
774127;2026-05-25;"segunda-feira";"19:15:00";"MG";381;441;"SABARA";"Acessar a via sem observar a presença dos outros veículos";"Colisão lateral mesmo sentido";"Com Vítimas Feridas";"Plena Noite";"Crescente";"Céu Claro";"Simples";"Reta";"Não";2;0;1;0;0;1;1;2;-19,82753019;-43,83824633;"SPRF-MG";"DEL01/MG";"UOP01-DEL01-MG"
774132;2026-05-24;"domingo";"23:15:00";"PR";277;324,2;"GUARAPUAVA";"Ausência de reação do condutor";"Saída de leito carroçável";"Sem Vítimas";"Plena Noite";"Crescente";"Nevoeiro/Neblina";"Simples";"Declive;Reta";"Não";2;0;0;0;1;2;0;3;-25,3718103;-51,2644605;"SPRF-PR";"DEL08/PR";"UOP01-DEL08-PR"
774134;2026-05-14;"quinta-feira";"05:10:00";"MG";50;15;"UBERLANDIA";"Carga excessiva e/ou mal acondicionada";"Tombamento";"Com Vítimas Feridas";"Pleno dia";"Decrescente";"Céu Claro";"Dupla";"Curva;Declive;Viaduto";"Sim";2;0;1;0;0;1;1;2;-18,91263727;-48,17202179;"SPRF-MG";"DEL15/MG";"UOP01-DEL15-MG"