"id";"data_inversa";"dia_semana";"horario";"uf";"br";"km";"municipio";"causa_acidente";"tipo_acidente";"classificacao_acidente";"fase_dia";"sentido_via";"condicao_metereologica";"tipo_pista";"tracado_via";"uso_solo";"pessoas";"mortos";"feridos_leves";"feridos_graves";"ilesos";"ignorados";"feridos";"veiculos";"latitude";"longitude";"regional";"delegacia";"uop"
774136;2026-05-25;"segunda-feira";"18:45:00";"SC";101;16,9;"PALHOCA";"Transtornos Mentais (exceto suicidio)";"Atropelamento de Pedestre";"Com Vítimas Feridas";"Plena Noite";"Crescente";"Céu Claro";"Simples";"Reta";"Sim";4;0;0;1;2;1;1;4;-27,66619432;-48,68851077;"SPRF-SC";"DEL03/SC";"UOP01-DEL03-SC"
774138;2026-05-25;"segunda-feira";"19:50:00";"MG";50;43;"ARAGUARI";"Ausência de reação do condutor";"Colisão traseira";"Com Vítimas Feridas";"Plena Noite";"Crescente";"Céu Claro";"Dupla";"Aclive;Retorno Regulamentado";"Não";3;0;1;0;1;1;1;3;-18,7004196;-48,18676472;"SPRF-MG";"DEL15/MG";"UOP02-DEL15-MG"
774139;2026-05-25;"segunda-feira";"18:35:00";"RS";290;120;"ELDORADO DO SUL";"Ausência de reação do condutor";"Colisão traseira";"Com Vítimas Feridas";"Plena Noite";"Crescente";"Garoa/Chuvisco";"Simples";"Reta";"Não";3;0;1;0;2;0;1;2;-30,04759693;-51,37814283;"SPRF-RS";"DEL02/RS";"UOP01-DEL02-RS"
774156;2026-05-25;"segunda-feira";"18:27:00";"MT";70;513,9;"VARZEA GRANDE";"Condutor desrespeitou a iluminação vermelha do semáforo";"Colisão transversal";"Com Vítimas Feridas";"Anoitecer";"Decrescente";"Céu Claro";"Simples";"Interseção de Vias";"Sim";3;0;0;1;1;3;1;5;-15,706063;-56,132671;"SPRF-MT";"DEL01/MT";"UOP02-DEL01-MT"
774157;2026-05-25;"segunda-feira";"17:50:00";"SC";470;147;"AGRONOMICA";"Desrespeitar a preferência no cruzamento";"Colisão transversal";"Com Vítimas Feridas";"Plena Noite";"Decrescente";"Céu Claro";"Simples";"Rotatória";"Não";2;0;0;1;1;0;1;2;-27,24660717;-49,69484981;"SPRF-SC";"DEL04/SC";"UOP02-DEL04-SC"
774161;2026-05-25;"segunda-feira";"22:00:00";"PR";277;24;"MORRETES";"Demais falhas mecânicas ou elétricas";"Incêndio";"Sem Vítimas";"Plena Noite";"Decrescente";"Nublado";"Múltipla";"Reta";"Não";2;0;0;0;1;3;0;4;-25,529288;-48,74447;"SPRF-PR";"DEL01/PR";"UOP05-DEL01-PR"
774168;2026-05-25;"segunda-feira";"12:05:00";"PR";163;125;"REALEZA";"Problema com o freio";"Incêndio";"Sem Vítimas";"Pleno dia";"Decrescente";"Céu Claro";"Simples";"Declive";"Não";2;0;0;0;1;1;0;2;-25,60026952;-53,56193036;"SPRF-PR";"DEL02/PR";"UOP02-DEL02-PR"
774171;2026-05-25;"segunda-feira";"22:32:00";"PE";101;19;"GOIANA";"Ausência de reação do condutor";"Colisão traseira";"Com Vítimas Feridas";"Plena Noite";"Crescente";"Garoa/Chuvisco";"Dupla";"Reta";"Não";3;0;2;0;1;0;2;3;-7,65544157;-34,94265882;"SPRF-PE";"DEL01/PE";"UOP02-DEL01-PE"
774172;2026-05-25;"segunda-feira";"22:35:00";"RS";153;47,9;"ERECHIM";"Suicídio (presumido)";"Colisão frontal";"Com Vítimas Fatais";"Plena Noite";"Crescente";"Garoa/Chuvisco";"Simples";"Aclive;Reta;Interseção de Vias";"Sim";4;1;0;0;1;2;0;4;-27,64658321;-52,25167394;"SPRF-RS";"DEL08/RS";"UOP04-DEL08-RS"
774173;2026-05-25;"segunda-feira";"20:25:00";"MT";158;741;"BARRA DO GARCAS";"Reação tardia ou ineficiente do condutor";"Colisão lateral sentido oposto";"Com Vítimas Fatais";"Plena Noite";"Decrescente";"Céu Claro";"Simples";"Reta";"Não";4;1;0;0;1;2;0;4;-15,414419;-52,201187;"SPRF-MT";"DEL07/MT";"UOP01-DEL07-MT"
774174;2026-05-25;"segunda-feira";"23:07:00";"RN";304;303;"PARNAMIRIM";"Demais falhas mecânicas ou elétricas";"Incêndio";"Sem Vítimas";"Plena Noite";"Decrescente";"Céu Claro";"Dupla";"Reta";"Não";2;0;0;0;1;1;0;2;-5,8832083;-35,286175;"SPRF-RN";"DEL01-RN";"UOP02-DEL01-RN"
774182;2026-05-25;"segunda-feira";"23:45:00";"PR";376;134,5;"NOVA ESPERANCA";"Animais na Pista";"Atropelamento de Animal";"Com Vítimas Feridas";"Plena Noite";"Decrescente";"Céu Claro";"Dupla";"Reta;Declive";"Sim";2;0;1;0;1;0;1;2;-23,18763718;-52,21000241;"SPRF-PR";"DEL09/PR";"UOP02-DEL09-PR"
774183;2026-05-25;"segunda-feira";"21:20:00";"PE";424;82;"GARANHUNS";"Pedestre andava na pista";"Atropelamento de Pedestre";"Com Vítimas Fatais";"Plena Noite";"Crescente";"Céu Claro";"Simples";"Reta";"Não";2;1;0;0;1;0;0;2;-8,842608;-36,5294;"SPRF-PE";"DEL03/PE";"UOP01-DEL03-PE"
774184;2026-05-25;"segunda-feira";"18:45:00";"PA";230;118;"MARABA";"Reação tardia ou ineficiente do condutor";"Colisão traseira";"Sem Vítimas";"Anoitecer";"Crescente";"Céu Claro";"Dupla";"Reta";"Sim";2;0;0;0;2;0;0;2;-5,35038567;-49,10176847;"SPRF-PA";"DEL03/PA";"UOP01-DEL03-PA"
774188;2026-05-26;"terça-feira";"02:40:00";"PB";230;20;"JOAO PESSOA";"Ausência de reação do condutor";"Colisão com objeto";"Com Vítimas Fatais";"Plena Noite";"Decrescente";"Nublado";"Dupla";"Reta";"Sim";2;1;0;0;1;0;0;2;-7,14265214;-34,85130035;"SPRF-PB";"DEL01-PB";"UOP01-DEL01-PB"
774190;2026-05-26;"terça-feira";"02:30:00";"RJ";116;233;"PIRAI";"Ausência de reação do condutor";"Colisão com objeto";"Com Vítimas Feridas";"Plena Noite";"Crescente";"Nevoeiro/Neblina";"Dupla";"Reta";"Não";1;0;1;0;0;0;1;1;-22,66480238;-43,84093223;"SPRF-RJ";"DEL07/RJ";"UOP01-DEL07-RJ"
774191;2026-05-26;"terça-feira";"04:10:00";"SP";381;55;"MAIRIPORA";"Reação tardia ou ineficiente do condutor";"Colisão traseira";"Com Vítimas Feridas";"Plena Noite";"Crescente";"Nevoeiro/Neblina";"Múltipla";"Aclive;Reta";"Sim";3;0;1;0;1;1;1;3;-23,23901369;-46,59867235;"SPRF-SP";"DEL03/SP";"UOP01-DEL03-SP"
774192;2026-05-25;"segunda-feira";"20:40:00";"GO";153;584;"PROFESSOR JAMIL";"Ausência de reação do condutor";"Tombamento";"Com Vítimas Feridas";"Plena Noite";"Decrescente";"Céu Claro";"Dupla";"Reta";"Não";2;0;1;0;0;1;1;2;-17,409663;-49,224998;"SPRF-GO";"DEL03/GO";"UOP01-DEL03-GO"
774194;2026-05-26;"terça-feira";"06:00:00";"MG";40;740,1;"SANTOS DUMONT";"Velocidade Incompatível";"Tombamento";"Com Vítimas Feridas";"Amanhecer";"Crescente";"Nublado";"Simples";"Curva";"Não";1;0;1;0;0;0;1;1;-21,407;-43,5679;"SPRF-MG";"DEL05/MG";"UOP01-DEL05-MG"
774195;2026-05-26;"terça-feira";"06:35:00";"SC";101;13;"GARUVA";"Manobra de mudança de faixa";"Colisão traseira";"Com Vítimas Feridas";"Amanhecer";"Decrescente";"Chuva";"Dupla";"Reta";"Não";6;0;0;1;4;1;1;5;-26,08933489;-48,86310451;"SPRF-SC";"DEL03/SC";"UOP01-DEL03-SC"
774198;2026-05-25;"segunda-feira";"20:30:00";"MG";381;655;"SANTO ANTONIO DO AMPARO";"Avarias e/ou desgaste excessivo no pneu";"Incêndio";"Sem Vítimas";"Plena Noite";"Crescente";"Céu Claro";"Dupla";"Aclive;Reta";"Não";1;0;0;0;1;0;0;1;-20,98597274;-44,94736131;"SPRF-MG";"DEL04/MG";"UOP02-DEL04-MG"
774204;2026-05-25;"segunda-feira";"23:45:00";"RJ";116;313;"RESENDE";"Deficiência do Sistema de Iluminação/Sinalização";"Colisão traseira";"Com Vítimas Fatais";"Plena Noite";"Crescente";"Céu Claro";"Dupla";"Reta";"Não";6;1;0;0;4;1;0;6;-22,460264;-44,46786;"SPRF-RJ";"DEL07/RJ";"UOP02-DEL07-RJ"
774214;2026-05-26;"terça-feira";"07:45:00";"RJ";116;95;"GUAPIMIRIM";"Mal súbito do condutor";"Colisão frontal";"Com Vítimas Feridas";"Pleno dia";"Crescente";"Céu Claro";"Simples";"Aclive";"Não";2;0;1;0;1;0;1;2;-22,47444;-43,000801;"SPRF-RJ";"DEL04/RJ";"UOP01-DEL04-RJ"
774219;2026-05-26;"terça-feira";"08:14:00";"PR";277;728;"FOZ DO IGUACU";"Trafegar com motocicleta (ou similar) entre as faixas";"Colisão lateral mesmo sentido";"Com Vítimas Feridas";"Pleno dia";"Crescente";"Nublado";"Dupla";"Reta";"Sim";4;0;1;0;2;1;1;4;-25,50986;-54,569063;"SPRF-PR";"DEL05/PR";"UOP03-DEL05-PR"
774220;2026-04-17;"sexta-feira";"08:10:00";"RJ";40;121;"DUQUE DE CAXIAS";"Demais falhas mecânicas ou elétricas";"Colisão lateral mesmo sentido";"Com Vítimas Feridas";"Amanhecer";"Crescente";"Céu Claro";"Dupla";"Reta";"Sim";3;0;1;0;2;0;1;3;-22,78493564;-43,2855072;"SPRF-RJ";"DEL01/RJ";"UOP02-DEL01-RJ"
774221;2026-05-26;"terça-feira";"10:00:00";"SP";116;144;"SAO JOSE DOS CAMPOS";"Reação tardia ou ineficiente do condutor";"Engavetamento";"Com Vítimas Feridas";"Pleno dia";"Crescente";"Céu Claro";"Dupla";"Reta";"Não";4;0;1;0;2;1;1;4;-23,18027969;-45,84229549;"SPRF-SP";"DEL02/SP";"UOP01-DEL02-SP"
774222;2026-05-26;"terça-feira";"09:00:00";"GO";364;187;"JATAI";"Demais falhas mecânicas ou elétricas";"Incêndio";"Sem Vítimas";"Pleno dia";"Decrescente";"Céu Claro";"Simples";"Reta;Aclive";"Não";2;0;0;0;1;2;0;3;-17,93308194;-51,65897423;"SPRF-GO";"DEL05/GO";"UOP01-DEL05-GO"
774233;2026-05-26;"terça-feira";"11:12:00";"PE";232;379;"FLORES";"Ausência de reação do condutor";"Colisão traseira";"Sem Vítimas";"Pleno dia";"Crescente";"Céu Claro";"Simples";"Reta";"Não";3;0;0;0;2;1;0;3;-8,039196;-38,038863;"SPRF-PE";"DEL04/PE";"UOP01-DEL04-PE"
774250;2026-05-26;"terça-feira";"11:40:00";"MT";158;715;"BARRA DO GARCAS";"Ausência de sinalização";"Colisão traseira";"Sem Vítimas";"Pleno dia";"Crescente";"Céu Claro";"Simples";"Reta";"Não";5;0;0;0;4;7;0;11;-15,183828;-52,180195;"SPRF-MT";"DEL07/MT";"UOP01-DEL07-MT"
774252;2026-03-22;"domingo";"16:05:00";"RS";285;602;"SANTO ANTONIO DAS MISSOES";"Pista esburacada";"Colisão lateral sentido oposto";"Com Vítimas Feridas";"Pleno dia";"Crescente";"Nublado";"Simples";"Reta";"Não";6;0;1;0;4;1;1;3;-28,49235989;-55,30486934;"SPRF-RS";"DEL12/RS";"UOP01-DEL12-RS"
774254;2026-05-26;"terça-feira";"11:24:00";"MT";70;285;"PRIMAVERA DO LESTE";"Demais falhas mecânicas ou elétricas";"Colisão lateral sentido oposto";"Com Vítimas Feridas";"Pleno dia";"Crescente";"Céu Claro";"Simples";"Reta";"Não";3;0;1;0;2;0;1;3;-15,576398;-54,363327;"SPRF-MT";"DEL05/MT";"UOP01-DEL05-MT"
774256;2026-05-26;"terça-feira";"11:45:00";"SC";470;138,8;"RIO DO SUL";"Reação tardia ou ineficiente do condutor";"Colisão lateral sentido oposto";"Com Vítimas Feridas";"Pleno dia";"Crescente";"Chuva";"Simples";"Curva";"Não";3;0;0;2;1;0;2;2;-27,2162;-49,6538;"SPRF-SC";"DEL04/SC";"UOP02-DEL04-SC"
774259;2026-05-10;"domingo";"18:34:00";"MT";70;503,5;"CUIABA";"Ultrapassagem Indevida";"Colisão frontal";"Com Vítimas Feridas";"Plena Noite";"Crescente";"Céu Claro";"Simples";"Em Obras;Reta;Desvio Temporário";"Não";6;0;4;0;1;1;4;3;-15,69938044;-56,03563142;"SPRF-MT";"DEL01/MT";"UOP02-DEL01-MT"
774262;2026-05-26;"terça-feira";"11:05:00";"RO";435;123;"CEREJEIRAS";"Desrespeitar a preferência no cruzamento";"Colisão transversal";"Com Vítimas Feridas";"Pleno dia";"Decrescente";"Céu Claro";"Dupla";"Interseção de Vias";"Sim";2;0;0;1;1;0;1;2;-13,18903688;-60,81107895;"SPRF-RO";"DEL04-RO";"UOP02-DEL04-RO"
774263;2026-05-26;"terça-feira";"15:18:00";"GO";20;183;"SIMOLANDIA";"Fumaça";"Incêndio";"Sem Vítimas";"Pleno dia";"Decrescente";"Céu Claro";"Simples";"Reta";"Não";2;0;0;0;1;2;0;3;-14,45281873;-46,47057407;"SPRF-DF";"DEL02-DF";"UOP03-DEL02-DF"
774269;2026-05-26;"terça-feira";"00:10:00";"MG";262;540;"LUZ";"Demais falhas mecânicas ou elétricas";"Incêndio";"Sem Vítimas";"Plena Noite";"Decrescente";"Ignorado";"Simples";"Reta;Declive";"Não";2;0;0;0;1;1;0;2;-19,714858;-45,888063;"SPRF-MG";"DEL08/MG";"UOP02-DEL08-MG"
774273;2026-05-26;"terça-feira";"14:50:00";"PA";10;17;"DOM ELISEU";"Desrespeitar a preferência no cruzamento";"Colisão transversal";"Com Vítimas Feridas";"Pleno dia";"Decrescente";"Céu Claro";"Simples";"Interseção de Vias";"Sim";2;0;0;1;1;0;1;2;-4,2992;-47,5561;"SPRF-PA";"DEL02/PA";"UOP02-DEL02-PA"
774280;2026-05-25;"segunda-feira";"23:00:00";"BA";101;755;"ITABELA";"Ingestão de álcool pelo condutor";"Tombamento";"Com Vítimas Feridas";"Plena Noite";"Crescente";"Chuva";"Simples";"Curva;Declive";"Não";1;0;1;0;0;0;1;1;-16,64844594;-39,51480347;"SPRF-BA";"DEL09/BA";"UOP01-DEL09-BA"
774288;2026-05-26;"terça-feira";"13:00:00";"BA";110;73;"JEREMOABO";"Problema com o freio";"Atropelamento de Pedestre";"Com Vítimas Fatais";"Pleno dia";"Crescente";"Nublado";"Simples";"Curva;Declive";"Sim";3;1;0;0;0;3;0;4;-10,065327;-38,34407184;"SPRF-BA";"DEL07/BA";"UOP01-DEL07-BA"
774292;2026-05-26;"terça-feira";"16:45:00";"GO";153;654,3;"GOIATUBA";"Condutor usando celular";"Colisão lateral mesmo sentido";"Com Vítimas Feridas";"Pleno dia";"Decrescente";"Céu Claro";"Dupla";"Reta";"Não";4;0;0;2;1;1;2;3;-17,995548;-49,260715;"SPRF-GO";"DEL03/GO";"UOP01-DEL03-GO"
774300;2026-05-26;"terça-feira";"17:10:00";"RJ";101;136;"CARAPEBUS";"Manobra de mudança de faixa";"Colisão lateral mesmo sentido";"Sem Vítimas";"Pleno dia";"Decrescente";"Céu Claro";"Dupla";"Reta";"Não";3;0;0;0;2;1;0;3;-22,150285;-41,731726;"SPRF-RJ";"DEL08/RJ";"UOP04-DEL08-RJ"
774304;2026-05-26;"terça-feira";"18:02:00";"SE";101;66,1;"ROSARIO DO CATETE";"Pista esburacada";"Colisão frontal";"Com Vítimas Feridas";"Plena Noite";"Crescente";"Garoa/Chuvisco";"Simples";"Reta";"Não";4;0;4;0;0;0;4;2;-10,714205;-37,061463;"SPRF-SE";"DEL02-SE";"UOP02-DEL02-SE"
774305;2026-05-26;"terça-feira";"16:00:00";"MG";262;88;"ABRE CAMPO";"Demais falhas mecânicas ou elétricas";"Incêndio";"Sem Vítimas";"Pleno dia";"Decrescente";"Céu Claro";"Simples";"Reta;Aclive";"Não";2;0;0;0;2;0;0;1;-20,33492546;-42,44824156;"SPRF-MG";"DEL03/MG";"UOP03-DEL03-MG"
774312;2026-05-26;"terça-feira";"17:50:00";"ES";259;55;"COLATINA";"Ausência de reação do condutor";"Colisão traseira";"Com Vítimas Feridas";"Plena Noite";"Crescente";"Céu Claro";"Dupla";"Aclive";"Não";2;0;0;1;1;0;1;2;-19,5260223;-40,67595542;"SPRF-ES";"DEL02-ES";"UOP01-DEL02-ES"
774315;2026-05-26;"terça-feira";"16:20:00";"RJ";101;294;"ITABORAI";"Acessar a via sem observar a presença dos outros veículos";"Colisão lateral mesmo sentido";"Com Vítimas Feridas";"Pleno dia";"Crescente";"Nublado";"Múltipla";"Reta";"Sim";2;0;0;1;1;0;1;2;-22,76055305;-42,898113;"SPRF-RJ";"DEL02/RJ";"UOP02-DEL02-RJ"
774321;2026-05-26;"terça-feira";"17:20:00";"RJ";101;50;"CAMPOS DOS GOYTACAZES";"Acessar a via sem observar a presença dos outros veículos";"Colisão traseira";"Com Vítimas Feridas";"Anoitecer";"Crescente";"Céu Claro";"Simples";"Reta";"Sim";2;0;1;0;1;0;1;2;-21,639873;-41,312195;"SPRF-RJ";"DEL08/RJ";"UOP01-DEL08-RJ"
774323;2026-05-26;"terça-feira";"12:50:00";"SC";153;37;"PONTE SERRADA";"Ultrapassagem Indevida";"Saída de leito carroçável";"Com Vítimas Feridas";"Pleno dia";"Decrescente";"Nublado";"Simples";"Aclive;Reta";"Não";2;0;1;0;0;1;1;2;-26,82477749;-51,72611587;"SPRF-SC";"DEL07/SC";"UOP07-DEL07-SC"
774324;2026-05-26;"terça-feira";"18:00:00";"RJ";116;282,8;"BARRA MANSA";"Ausência de reação do condutor";"Engavetamento";"Com Vítimas Feridas";"Anoitecer";"Decrescente";"Céu Claro";"Dupla";"Reta";"Sim";3;0;1;0;1;1;1;3;-22,521657;-44,203647;"SPRF-RJ";"DEL07/RJ";"UOP02-DEL07-RJ"
774326;2026-05-26;"terça-feira";"14:23:00";"PR";376;667,3;"GUARATUBA";"Reação tardia ou ineficiente do condutor";"Colisão com objeto";"Com Vítimas Fatais";"Pleno dia";"Crescente";"Nevoeiro/Neblina";"Simples";"Curva;Declive";"Não";4;2;0;0;0;2;0;3;-25,86354338;-48,93649578;"SPRF-PR";"DEL01/PR";"UOP04-DEL01-PR"
774330;2026-05-26;"terça-feira";"18:25:00";"BA";101;253;"CONCEICAO DO ALMEIDA";"Ausência de reação do condutor";"Colisão traseira";"Sem Vítimas";"Plena Noite";"Decrescente";"Céu Claro";"Simples";"Declive";"Não";2;0;0;0;2;0;0;2;-12,9106243;-39,2408052;"SPRF-BA";"DEL11/BA";"UOP01-DEL11-BA"
774337;2026-05-26;"terça-feira";"14:30:00";"RS";290;161,2;"SAO JERONIMO";"Transitar na contramão";"Colisão lateral sentido oposto";"Com Vítimas Feridas";"Pleno dia";"Crescente";"Nublado";"Simples";"Declive";"Não";3;0;2;0;1;0;2;2;-30,11340874;-51,82992809;"SPRF-RS";"DEL02/RS";"UOP01-DEL02-RS"
774339;2026-05-26;"terça-feira";"19:55:00";"SP";116;302;"SAO LOURENCO DA SERRA";"Manobra de mudança de faixa";"Colisão com objeto";"Com Vítimas Feridas";"Plena Noite";"Crescente";"Céu Claro";"Dupla";"Reta;Declive";"Não";2;0;1;0;1;0;1;2;-23,823;-46,92568;"SPRF-SP";"DEL04/SP";"UOP01-DEL04-SP"
774347;2026-05-26;"terça-feira";"19:35:00";"SP";116;210;"GUARULHOS";"Ausência de reação do condutor";"Colisão lateral mesmo sentido";"Sem Vítimas";"Anoitecer";"Crescente";"Céu Claro";"Múltipla";"Interseção de Vias;Curva";"Sim";3;0;0;0;2;1;0;3;-23,431065;-46,417387;"SPRF-SP";"DEL01/SP";"UOP01-DEL01-SP"
774352;2026-05-26;"terça-feira";"19:20:00";"PR";376;631,8;"SAO JOSE DOS PINHAIS";"Acessar a via sem observar a presença dos outros veículos";"Colisão traseira";"Com Vítimas Feridas";"Plena Noite";"Decrescente";"Nublado";"Múltipla";"Reta";"Sim";3;0;0;1;1;1;1;3;-25,71473689;-49,13859336;"SPRF-PR";"DEL01/PR";"UOP04-DEL01-PR"
774357;2026-05-26;"terça-feira";"18:45:00";"PR";376;301;"MAUA DA SERRA";"Velocidade Incompatível";"Tombamento";"Com Vítimas Feridas";"Plena Noite";"Crescente";"Nublado";"Dupla";"Curva;Declive";"Não";1;0;1;0;0;0;1;1;-23,93336433;-51,13679633;"SPRF-PR";"DEL07/PR";"UOP02-DEL07-PR"
774360;2026-05-26;"terça-feira";"20:00:00";"PR";116;93,5;"SAO JOSE DOS PINHAIS";"Manobra de mudança de faixa";"Colisão lateral mesmo sentido";"Sem Vítimas";"Plena Noite";"Decrescente";"Nublado";"Dupla";"Reta";"Não";3;0;0;0;2;1;0;3;-25,516962;-49,131829;"SPRF-PR";"DEL01/PR";"UOP08-DEL01-PR"
774361;2026-05-26;"terça-feira";"20:50:00";"SP";116;511;"CAJATI";"Ausência de reação do condutor";"Tombamento";"Com Vítimas Fatais";"Plena Noite";"Decrescente";"Céu Claro";"Simples";"Declive;Curva";"Não";4;2;0;1;0;1;1;2;-24,81696517;-48,20972443;"SPRF-SP";"DEL05/SP";"UOP02-DEL05-SP"
774364;2026-05-26;"terça-feira";"20:08:00";"RJ";40;111;"DUQUE DE CAXIAS";"Demais falhas mecânicas ou elétricas";"Incêndio";"Sem Vítimas";"Plena Noite";"Decrescente";"Céu Claro";"Múltipla";"Reta";"Não";1;0;0;0;1;0;0;1;-22,6933676;-43,2875152;"SPRF-RJ";"DEL01/RJ";"UOP02-DEL01-RJ"
774367;2026-05-26;"terça-feira";"18:00:00";"RS";386;235;"SOLEDADE";"Condutor Dormindo";"Saída de leito carroçável";"Sem Vítimas";"Anoitecer";"Crescente";"Garoa/Chuvisco";"Simples";"Curva";"Não";2;0;0;0;1;1;0;2;-28,73298;-52,55566;"SPRF-RS";"DEL04/RS";"UOP03-DEL04-RS"
774368;2026-05-26;"terça-feira";"20:40:00";"SC";470;100;"APIUNA";"Ausência de reação do condutor";"Colisão lateral sentido oposto";"Com Vítimas Feridas";"Plena Noite";"Crescente";"Nevoeiro/Neblina";"Simples";"Curva";"Sim";3;0;0;1;1;1;1;3;-27,0469;-49,3925;"SPRF-SC";"DEL04/SC";"UOP02-DEL04-SC"
774379;2026-05-26;"terça-feira";"20:27:00";"PI";316;0,9;"TERESINA";"Ausência de reação do condutor";"Colisão traseira";"Com Vítimas Feridas";"Plena Noite";"Decrescente";"Céu Claro";"Simples";"Reta";"Sim";2;0;1;0;0;1;1;2;-5,128818;-42,807761;"SPRF-PI";"DEL01-PI";"UOP02-DEL01-PI"
774386;2026-05-26;"terça-feira";"23:30:00";"ES";101;123,6;"SOORETAMA";"Acessar a via sem observar a presença dos outros veículos";"Atropelamento de Pedestre";"Com Vítimas Fatais";"Plena Noite";"Crescente";"Céu Claro";"Simples";"Aclive;Reta";"Não";2;1;0;0;0;1;0;2;-19,17376247;-40,08981616;"SPRF-ES";"DEL04-ES";"UOP01-DEL04-ES"
774395;2026-05-27;"quarta-feira";"00:15:00";"MG";381;674,7;"PERDOES";"Velocidade Incompatível";"Tombamento";"Com Vítimas Feridas";"Plena Noite";"Crescente";"Nublado";"Dupla";"Curva;Aclive";"Não";2;0;1;0;0;1;1;2;-21,089921;-45,070049;"SPRF-MG";"DEL04/MG";"UOP02-DEL04-MG"
774396;2026-05-27;"quarta-feira";"01:15:00";"SC";101;140;"BALNEARIO CAMBORIU";"Reação tardia ou ineficiente do condutor";"Colisão traseira";"Com Vítimas Feridas";"Plena Noite";"Crescente";"Garoa/Chuvisco";"Múltipla";"Reta";"Não";4;0;1;0;1;2;1;4;-27,04076066;-48,59994292;"SPRF-SC";"DEL04/SC";"UOP03-DEL04-SC"
774397;2026-05-26;"terça-feira";"23:30:00";"MS";262;25,8;"TRES LAGOAS";"Transitar na contramão";"Colisão frontal";"Com Vítimas Feridas";"Plena Noite";"Crescente";"Céu Claro";"Simples";"Reta";"Não";4;0;1;1;1;1;2;4;-20,80867506;-51,84328079;"SPRF-MS";"DEL07/MS";"UOP01-DEL07-MS"
774402;2026-05-26;"terça-feira";"19:32:00";"BA";101;703,5;"EUNAPOLIS";"Transitar na contramão";"Colisão lateral sentido oposto";"Com Vítimas Feridas";"Plena Noite";"Crescente";"Chuva";"Simples";"Curva;Declive";"Não";3;0;1;0;1;2;1;4;-16,268368;-39,582145;"SPRF-BA";"DEL09/BA";"UOP01-DEL09-BA"
774403;2026-05-27;"quarta-feira";"05:30:00";"MG";381;406,6;"NOVA UNIAO";"Objeto estático sobre o leito carroçável";"Colisão traseira";"Com Vítimas Fatais";"Amanhecer";"Crescente";"Nevoeiro/Neblina";"Dupla";"Declive;Reta";"Não";4;1;0;0;2;1;0;3;-19,726907;-43,565534;"SPRF-MG";"DEL01/MG";"UOP01-DEL01-MG"
774408;2026-05-26;"terça-feira";"23:40:00";"RJ";356;49;"ITAPERUNA";"Declive acentuado";"Tombamento";"Com Vítimas Feridas";"Plena Noite";"Decrescente";"Céu Claro";"Simples";"Curva;Declive";"Não";2;0;1;0;0;1;1;2;-21,252745;-41,7834167;"SPRF-RJ";"DEL08/RJ";"UOP03-DEL08-RJ"
774410;2026-05-18;"segunda-feira";"15:00:00";"SC";282;532;"CORDILHEIRA ALTA";"Velocidade Incompatível";"Colisão traseira";"Sem Vítimas";"Pleno dia";"Crescente";"Nublado";"Simples";"Reta";"Não";8;0;0;0;4;4;0;6;-26,99246294;-52,61001773;"SPRF-SC";"DEL07/SC";"UOP01-DEL07-SC"
774411;2026-05-27;"quarta-feira";"06:30:00";"BA";324;599;"SIMOES FILHO";"Pedestre andava na pista";"Atropelamento de Pedestre";"Com Vítimas Feridas";"Pleno dia";"Crescente";"Céu Claro";"Dupla";"Reta";"Não";4;0;0;1;1;2;1;3;-12,7531983;-38,4305417;"SPRF-BA";"DEL01/BA";"UOP01-DEL01-BA"
774417;2026-05-26;"terça-feira";"06:45:00";"SC";470;181;"POUSO REDONDO";"Reação tardia ou ineficiente do condutor";"Colisão lateral sentido oposto";"Com Vítimas Feridas";"Amanhecer";"Decrescente";"Chuva";"Simples";"Reta";"Não";4;0;1;0;3;0;1;3;-27,24971;-49,988184;"SPRF-SC";"DEL04/SC";"UOP02-DEL04-SC"
774421;2026-05-27;"quarta-feira";"06:43:00";"RN";101;94,9;"NATAL";"Condutor deixou de manter distância do veículo da frente";"Engavetamento";"Com Vítimas Feridas";"Pleno dia";"Decrescente";"Céu Claro";"Dupla";"Reta";"Sim";6;0;1;0;5;0;1;5;-5,836635;-35,211583;"SPRF-RN";"DEL01-RN";"UOP01-DEL01-RN"
774425;2026-05-27;"quarta-feira";"06:30:00";"PB";230;19;"JOAO PESSOA";"Manobra de mudança de faixa";"Colisão lateral mesmo sentido";"Com Vítimas Feridas";"Pleno dia";"Decrescente";"Chuva";"Dupla";"Reta";"Sim";3;0;2;0;1;0;2;2;-7,13034007;-34,85111165;"SPRF-PB";"DEL01-PB";"UOP01-DEL01-PB"
774431;2026-05-27;"quarta-feira";"08:00:00";"ES";101;278;"SERRA";"Condutor deixou de manter distância do veículo da frente";"Colisão traseira";"Com Vítimas Feridas";"Pleno dia";"Crescente";"Sol";"Dupla";"Reta";"Não";2;0;1;0;1;0;1;2;-20,21698365;-40,32974606;"SPRF-ES";"DEL02-ES";"UOP01-DEL02-ES"
774450;2026-05-27;"quarta-feira";"09:10:00";"PR";476;145;"CURITIBA";"Frear bruscamente";"Colisão traseira";"Com Vítimas Feridas";"Amanhecer";"Crescente";"Nublado";"Dupla";"Retorno Regulamentado";"Não";2;0;1;0;1;0;1;2;-25,54779892;-49,32176678;"SPRF-PR";"DEL01/PR";"UOP06-DEL01-PR"