"id";"data_inversa";"dia_semana";"horario";"uf";"br";"km";"municipio";"causa_acidente";"tipo_acidente";"classificacao_acidente";"fase_dia";"sentido_via";"condicao_metereologica";"tipo_pista";"tracado_via";"uso_solo";"pessoas";"mortos";"feridos_leves";"feridos_graves";"ilesos";"ignorados";"feridos";"veiculos";"latitude";"longitude";"regional";"delegacia";"uop"
774460;2026-05-03;"domingo";"13:00:00";"AL";101;41;"FLEXEIRAS";"Demais falhas na via";"Tombamento";"Com Vítimas Feridas";"Pleno dia";"Decrescente";"Céu Claro";"Dupla";"Curva";"Não";2;0;1;0;0;2;1;3;-9,171585;-35,774786;"SPRF-AL";"DEL01-AL";"UOP02-DEL01-AL"
774463;2026-05-27;"quarta-feira";"05:10:00";"BA";324;572;"SAO SEBASTIAO DO PASSE";"Ausência de reação do condutor";"Saída de leito carroçável";"Com Vítimas Feridas";"Pleno dia";"Crescente";"Céu Claro";"Dupla";"Reta";"Não";2;0;1;0;0;1;1;2;-12,5572;-38,56637;"SPRF-BA";"DEL01/BA";"UOP01-DEL01-BA"
774467;2026-05-27;"quarta-feira";"11:45:00";"PR";369;160;"CAMBE";"Ausência de reação do condutor";"Colisão transversal";"Com Vítimas Feridas";"Pleno dia";"Decrescente";"Céu Claro";"Dupla";"Reta";"Não";3;0;1;0;2;0;1;3;-23,28235;-51,2519183;"SPRF-PR";"DEL07/PR";"UOP01-DEL07-PR"
774480;2026-05-27;"quarta-feira";"12:00:00";"PR";369;239,2;"JANDAIA DO SUL";"Acessar a via sem observar a presença dos outros veículos";"Colisão transversal";"Com Vítimas Fatais";"Pleno dia";"Crescente";"Céu Claro";"Simples";"Reta;Declive";"Não";4;2;0;0;2;0;0;3;-23,65915;-51,69089;"SPRF-PR";"DEL09/PR";"UOP01-DEL09-PR"
774481;2026-05-27;"quarta-feira";"12:45:00";"PR";277;115;"CAMPO LARGO";"Acessar a via sem observar a presença dos outros veículos";"Colisão lateral mesmo sentido";"Com Vítimas Feridas";"Pleno dia";"Decrescente";"Céu Claro";"Dupla";"Curva";"Sim";3;0;0;1;1;1;1;3;-25,43744315;-49,44496661;"SPRF-PR";"DEL01/PR";"UOP07-DEL01-PR"
774490;2026-05-27;"quarta-feira";"13:19:00";"PE";101;128,2;"ESCADA";"Ausência de reação do condutor";"Colisão traseira";"Com Vítimas Feridas";"Pleno dia";"Decrescente";"Chuva";"Dupla";"Reta";"Sim";3;0;1;0;1;1;1;3;-8,381036;-35,24555;"SPRF-PE";"DEL01/PE";"UOP03-DEL01-PE"
774493;2026-05-27;"quarta-feira";"11:20:00";"BA";101;448;"AURELINO LEAL";"Velocidade Incompatível";"Colisão frontal";"Com Vítimas Fatais";"Pleno dia";"Decrescente";"Céu Claro";"Simples";"Curva";"Não";2;1;0;0;1;0;0;2;-14,33328;-39,31716;"SPRF-BA";"DEL05/BA";"UOP01-DEL05-BA"
774505;2026-04-17;"sexta-feira";"21:57:00";"RJ";493;0;"ITABORAI";"Ausência de reação do condutor";"Engavetamento";"Com Vítimas Feridas";"Plena Noite";"Decrescente";"Céu Claro";"Simples";"Reta";"Não";3;0;1;0;2;0;1;3;-22,7693107;-42,92255251;"SPRF-RJ";"DEL02/RJ";"UOP02-DEL02-RJ"
774507;2026-05-27;"quarta-feira";"08:00:00";"PR";476;53,5;"TUNAS DO PARANA";"Velocidade Incompatível";"Saída de leito carroçável";"Com Vítimas Feridas";"Pleno dia";"Crescente";"Sol";"Simples";"Declive;Curva";"Não";2;0;0;1;0;2;1;3;-24,96139004;-49,09548385;"SPRF-PR";"DEL01/PR";"UOP01-DEL01-PR"
774508;2026-05-27;"quarta-feira";"12:30:00";"BA";101;734,3;"ITABELA";"Velocidade Incompatível";"Colisão lateral sentido oposto";"Com Vítimas Feridas";"Pleno dia";"Crescente";"Chuva";"Simples";"Curva;Declive";"Não";3;0;2;0;1;0;2;3;-16,49345596;-39,57466826;"SPRF-BA";"DEL09/BA";"UOP01-DEL09-BA"
774509;2026-05-27;"quarta-feira";"15:25:00";"RS";285;121,8;"VACARIA";"Condutor deixou de manter distância do veículo da frente";"Colisão traseira";"Sem Vítimas";"Pleno dia";"Crescente";"Céu Claro";"Simples";"Em Obras;Interseção de Vias;Rotatória";"Sim";2;0;0;0;2;0;0;2;-28,50575;-50,9433467;"SPRF-RS";"DEL05/RS";"UOP03-DEL05-RS"
774513;2026-05-27;"quarta-feira";"15:05:00";"PR";153;37,5;"SANTO ANTONIO DA PLATINA";"Acessar a via sem observar a presença dos outros veículos";"Colisão transversal";"Com Vítimas Feridas";"Pleno dia";"Decrescente";"Céu Claro";"Simples";"Reta";"Não";3;0;2;0;1;0;2;2;-23,26208075;-50,05827991;"SPRF-PR";"DEL07/PR";"UOP04-DEL07-PR"
774514;2026-05-27;"quarta-feira";"15:30:00";"SC";101;129,2;"BALNEARIO CAMBORIU";"Condutor deixou de manter distância do veículo da frente";"Colisão traseira";"Sem Vítimas";"Pleno dia";"Decrescente";"Nublado";"Dupla";"Reta";"Sim";2;0;0;0;2;0;0;2;-26,98144;-48,67617;"SPRF-SC";"DEL04/SC";"UOP03-DEL04-SC"
774530;2026-05-27;"quarta-feira";"15:30:00";"CE";222;40;"CAUCAIA";"Reação tardia ou ineficiente do condutor";"Saída de leito carroçável";"Com Vítimas Feridas";"Pleno dia";"Crescente";"Sol";"Simples";"Reta";"Sim";2;0;1;1;0;0;2;2;-3,685266;-38,913434;"SPRF-CE";"DEL01/CE";"UOP03-DEL01-CE"
774536;2026-05-27;"quarta-feira";"15:30:00";"GO";153;641;"MORRINHOS";"Demais falhas mecânicas ou elétricas";"Saída de leito carroçável";"Com Vítimas Feridas";"Pleno dia";"Decrescente";"Céu Claro";"Dupla";"Reta";"Não";1;0;1;0;0;0;1;1;-17,880605;-49,23039;"SPRF-GO";"DEL03/GO";"UOP01-DEL03-GO"
774541;2026-05-27;"quarta-feira";"19:00:00";"MG";381;1;"BETIM";"Trafegar com motocicleta (ou similar) entre as faixas";"Colisão traseira";"Com Vítimas Feridas";"Plena Noite";"Decrescente";"Céu Claro";"Dupla";"Reta";"Não";3;0;1;0;2;0;1;2;-19,9694184;-44,15977669;"SPRF-MG";"DEL01/MG";"UOP03-DEL01-MG"
774560;2026-05-27;"quarta-feira";"17:05:00";"PE";101;49;"ABREU E LIMA";"Manobra de mudança de faixa";"Colisão lateral mesmo sentido";"Com Vítimas Feridas";"Anoitecer";"Decrescente";"Céu Claro";"Múltipla";"Reta";"Sim";5;0;2;0;2;1;2;4;-7,89776181;-34,90252376;"SPRF-PE";"DEL01/PE";"UOP02-DEL01-PE"
774564;2026-05-27;"quarta-feira";"20:45:00";"RS";392;252,3;"CACAPAVA DO SUL";"Transitar na contramão";"Colisão frontal";"Com Vítimas Feridas";"Plena Noite";"Crescente";"Céu Claro";"Simples";"Reta";"Não";3;0;0;1;1;2;1;4;-30,5293708;-53,442965;"SPRF-RS";"DEL09/RS";"UOP02-DEL09-RS"
774572;2026-05-27;"quarta-feira";"17:30:00";"PB";104;143,4;"QUEIMADAS";"Condutor Dormindo";"Colisão lateral sentido oposto";"Com Vítimas Feridas";"Plena Noite";"Crescente";"Chuva";"Simples";"Curva";"Não";5;0;0;2;3;0;2;4;-7,392425;-35,897432;"SPRF-PB";"DEL02-PB";"UOP03-DEL02-PB"
774577;2026-05-27;"quarta-feira";"21:00:00";"PA";316;72;"CASTANHAL";"Acessar a via sem observar a presença dos outros veículos";"Colisão transversal";"Com Vítimas Feridas";"Plena Noite";"Crescente";"Céu Claro";"Simples";"Reta";"Não";4;0;0;2;1;1;2;3;-1,289108;-47,846233;"SPRF-PA";"DEL01/PA";"UOP01-DEL01-PA"
774580;2026-05-27;"quarta-feira";"20:20:00";"MG";50;107;"UBERABA";"Condutor Dormindo";"Saída de leito carroçável";"Com Vítimas Feridas";"Plena Noite";"Decrescente";"Céu Claro";"Dupla";"Reta;Declive";"Não";2;0;1;0;0;2;1;3;-19,28781324;-48,12149048;"SPRF-MG";"DEL13/MG";"UOP01-DEL13-MG"
774583;2026-05-27;"quarta-feira";"22:26:00";"GO";60;4,4;"SANTO ANTONIO DO DESCOBERTO";"Reação tardia ou ineficiente do condutor";"Tombamento";"Com Vítimas Feridas";"Plena Noite";"Decrescente";"Céu Claro";"Múltipla";"Declive;Curva";"Não";2;0;1;0;0;1;1;2;-16,08911;-48,273733;"SPRF-DF";"DEL03-DF";"UOP01-DEL03-DF"
774586;2026-05-27;"quarta-feira";"23:40:00";"RJ";116;180;"NOVA IGUACU";"Demais falhas mecânicas ou elétricas";"Eventos atípicos";"Sem Vítimas";"Plena Noite";"Crescente";"Céu Claro";"Dupla";"Reta";"Sim";6;0;0;0;6;0;0;5;-22,750606;-43,439993;"SPRF-RJ";"DEL06/RJ";"UOP01-DEL06-RJ"
774587;2026-05-27;"quarta-feira";"23:49:00";"SC";101;26,9;"JOINVILLE";"Pedestre andava na pista";"Atropelamento de Pedestre";"Com Vítimas Fatais";"Plena Noite";"Decrescente";"Nublado";"Múltipla";"Interseção de Vias;Reta";"Não";2;1;0;0;1;0;0;2;-26,20145607;-48,91315905;"SPRF-SC";"DEL03/SC";"UOP01-DEL03-SC"
774593;2026-05-28;"quinta-feira";"02:30:00";"MG";50;8,3;"ARAGUARI";"Condutor Dormindo";"Saída de leito carroçável";"Com Vítimas Feridas";"Plena Noite";"Decrescente";"Céu Claro";"Dupla";"Reta;Declive";"Não";2;0;1;0;0;1;1;2;-18,487585;-48,046325;"SPRF-MG";"DEL15/MG";"UOP02-DEL15-MG"
774595;2026-05-28;"quinta-feira";"05:45:00";"ES";259;99,5;"BAIXO GUANDU";"Acessar a via sem observar a presença dos outros veículos";"Colisão frontal";"Com Vítimas Fatais";"Amanhecer";"Crescente";"Céu Claro";"Simples";"Reta";"Sim";2;1;0;0;1;0;0;2;-19,51753721;-40,99932343;"SPRF-ES";"DEL02-ES";"UOP01-DEL02-ES"
774607;2026-05-28;"quinta-feira";"06:15:00";"MG";262;784;"UBERABA";"Acessar a via sem observar a presença dos outros veículos";"Colisão traseira";"Com Vítimas Feridas";"Amanhecer";"Decrescente";"Céu Claro";"Simples";"Viaduto";"Sim";3;0;1;0;1;1;1;3;-19,767998;-47,8886721;"SPRF-MG";"DEL13/MG";"UOP01-DEL13-MG"
774608;2026-05-20;"quarta-feira";"15:12:00";"CE";222;128,9;"ITAPAJE";"Velocidade Incompatível";"Colisão com objeto";"Com Vítimas Feridas";"Pleno dia";"Crescente";"Céu Claro";"Simples";"Curva";"Sim";3;0;2;0;0;1;2;2;-3,70705;-39,622986;"SPRF-CE";"DEL04/CE";"UOP03-DEL04-CE"
774614;2026-05-27;"quarta-feira";"23:50:00";"MG";262;623,8;"IBIA";"Ausência de reação do condutor";"Colisão traseira";"Com Vítimas Feridas";"Plena Noite";"Decrescente";"Céu Claro";"Simples";"Reta";"Não";3;0;1;0;1;2;1;4;-19,586434;-46,502868;"SPRF-MG";"DEL08/MG";"UOP02-DEL08-MG"
774637;2026-05-28;"quinta-feira";"08:10:00";"RO";319;142;"PORTO VELHO";"Transitar na contramão";"Colisão frontal";"Com Vítimas Fatais";"Pleno dia";"Crescente";"Céu Claro";"Simples";"Reta";"Não";3;1;0;0;1;1;0;3;-8,70506;-63,98852;"SPRF-RO";"DEL01-RO";"UOP01-DEL01-RO"
774638;2026-05-21;"quinta-feira";"20:35:00";"MG";40;207;"JOAO PINHEIRO";"Ausência de reação do condutor";"Colisão traseira";"Com Vítimas Feridas";"Plena Noite";"Decrescente";"Céu Claro";"Simples";"Reta;Aclive";"Não";3;0;0;1;1;1;1;3;-17,986365;-45,743887;"SPRF-MG";"DEL14/MG";"UOP02-DEL14-MG"
774639;2026-05-03;"domingo";"16:50:00";"GO";153;126,9;"ESTRELA DO NORTE";"Ausência de reação do condutor";"Colisão lateral mesmo sentido";"Com Vítimas Feridas";"Pleno dia";"Crescente";"Céu Claro";"Simples";"Reta";"Não";2;0;0;1;1;0;1;2;-13,87261769;-49,05265555;"SPRF-GO";"DEL07/GO";"UOP01-DEL07-GO"
774643;2026-03-26;"quinta-feira";"10:00:00";"PI";316;230;"VALENCA DO PIAUI";"Reação tardia ou ineficiente do condutor";"Saída de leito carroçável";"Com Vítimas Feridas";"Pleno dia";"Crescente";"Céu Claro";"Simples";"Reta;Declive";"Não";2;0;0;1;0;2;1;3;-6,371566;-41,777223;"SPRF-PI";"DEL04-PI";"UOP02-DEL04-PI"
774653;2026-05-28;"quinta-feira";"10:10:00";"SC";116;8;"MAFRA";"Carga excessiva e/ou mal acondicionada";"Colisão lateral mesmo sentido";"Sem Vítimas";"Pleno dia";"Crescente";"Céu Claro";"Simples";"Reta";"Sim";4;0;0;0;3;1;0;3;-26,1594388;-49,84197585;"SPRF-SC";"DEL06/SC";"UOP01-DEL06-SC"
774657;2026-05-28;"quinta-feira";"09:15:00";"AL";101;211,8;"SAO SEBASTIAO";"Reação tardia ou ineficiente do condutor";"Tombamento";"Com Vítimas Feridas";"Pleno dia";"Decrescente";"Céu Claro";"Simples";"Em Obras;Reta";"Não";2;0;1;0;0;1;1;2;-10,013265;-36,616078;"SPRF-AL";"DEL02-AL";"UOP02-DEL02-AL"
774664;2026-05-28;"quinta-feira";"08:40:00";"SC";101;395,8;"MARACAJA";"Ausência de reação do condutor";"Colisão traseira";"Com Vítimas Feridas";"Pleno dia";"Decrescente";"Céu Claro";"Dupla";"Reta;Aclive";"Não";3;0;0;1;1;2;1;4;-28,83611201;-49,42041993;"SPRF-SC";"DEL02/SC";"UOP02-DEL02-SC"
774667;2026-05-08;"sexta-feira";"19:30:00";"MG";381;518;"IGARAPE";"Condutor deixou de manter distância do veículo da frente";"Colisão lateral mesmo sentido";"Com Vítimas Feridas";"Plena Noite";"Crescente";"Céu Claro";"Dupla";"Aclive;Reta";"Sim";6;0;2;0;3;1;2;4;-20,110213;-44,326948;"SPRF-MG";"DEL01/MG";"UOP03-DEL01-MG"
774672;2026-05-28;"quinta-feira";"13:30:00";"BA";116;414;"FEIRA DE SANTANA";"Acessar a via sem observar a presença dos outros veículos";"Colisão transversal";"Com Vítimas Feridas";"Pleno dia";"Decrescente";"Céu Claro";"Dupla";"Retorno Regulamentado";"Não";3;0;0;1;1;2;1;4;-12,15870735;-38,96497456;"SPRF-BA";"DEL02/BA";"UOP01-DEL02-BA"
774673;2026-05-28;"quinta-feira";"10:40:00";"RJ";101;33;"CAMPOS DOS GOYTACAZES";"Acessar a via sem observar a presença dos outros veículos";"Colisão transversal";"Com Vítimas Feridas";"Pleno dia";"Decrescente";"Céu Claro";"Simples";"Reta;Interseção de Vias";"Sim";3;0;2;0;1;0;2;2;-21,497723;-41,341076;"SPRF-RJ";"DEL08/RJ";"UOP01-DEL08-RJ"
774677;2026-05-28;"quinta-feira";"07:40:00";"SC";282;540,5;"CHAPECO";"Ultrapassagem Indevida";"Colisão traseira";"Com Vítimas Fatais";"Amanhecer";"Crescente";"Nevoeiro/Neblina";"Simples";"Curva";"Não";6;1;2;0;3;0;2;5;-26,9971151;-52,6931053;"SPRF-SC";"DEL07/SC";"UOP01-DEL07-SC"
774684;2026-05-28;"quinta-feira";"13:26:00";"MS";163;615;"SAO GABRIEL DO OESTE";"Acessar a via sem observar a presença dos outros veículos";"Colisão transversal";"Com Vítimas Feridas";"Pleno dia";"Crescente";"Céu Claro";"Simples";"Interseção de Vias;Reta";"Sim";3;0;1;0;1;1;1;3;-19,389201;-54,571615;"SPRF-MS";"DEL06/MS";"UOP02-DEL06-MS"
774688;2026-05-28;"quinta-feira";"14:30:00";"PR";158;396,9;"LARANJEIRAS DO SUL";"Ultrapassagem Indevida";"Colisão traseira";"Com Vítimas Feridas";"Pleno dia";"Crescente";"Céu Claro";"Simples";"Declive;Reta";"Não";3;0;0;2;1;0;2;2;-25,32306582;-52,33888328;"SPRF-PR";"DEL04/PR";"UOP02-DEL04-PR"
774689;2026-05-28;"quinta-feira";"14:30:00";"BA";116;547;"MILAGRES";"Velocidade Incompatível";"Colisão traseira";"Com Vítimas Feridas";"Pleno dia";"Decrescente";"Céu Claro";"Simples";"Reta";"Sim";2;0;1;0;1;0;1;2;-12,87983;-39,85833;"SPRF-BA";"DEL03/BA";"UOP02-DEL03-BA"
774691;2026-05-28;"quinta-feira";"12:00:00";"MG";116;449,9;"ENGENHEIRO CALDAS";"Condutor Dormindo";"Saída de leito carroçável";"Com Vítimas Feridas";"Pleno dia";"Crescente";"Céu Claro";"Simples";"Reta";"Não";2;0;0;1;0;1;1;2;-19,15344272;-42,02180028;"SPRF-MG";"DEL06/MG";"UOP02-DEL06-MG"
774693;2026-05-28;"quinta-feira";"13:10:00";"RO";319;140;"PORTO VELHO";"Manobra de mudança de faixa";"Colisão lateral mesmo sentido";"Sem Vítimas";"Pleno dia";"Decrescente";"Sol";"Múltipla";"Reta";"Sim";3;0;0;0;2;2;0;4;-8,74237741;-63,90224576;"SPRF-RO";"DEL01-RO";"UOP01-DEL01-RO"
774700;2026-05-28;"quinta-feira";"15:45:00";"PR";376;492;"PONTA GROSSA";"Reação tardia ou ineficiente do condutor";"Colisão traseira";"Sem Vítimas";"Pleno dia";"Decrescente";"Sol";"Dupla";"Aclive;Reta";"Sim";2;0;0;0;2;0;0;2;-25,14193829;-50,15830133;"SPRF-PR";"DEL03/PR";"UOP03-DEL03-PR"
774711;2026-05-20;"quarta-feira";"01:40:00";"TO";226;42;"DARCINOPOLIS";"Transitar na contramão";"Colisão lateral sentido oposto";"Com Vítimas Feridas";"Plena Noite";"Crescente";"Céu Claro";"Simples";"Reta";"Não";3;0;1;0;1;1;1;3;-6,731342;-47,77211;"SPRF-TO";"DEL02-TO";"UOP03-DEL02-TO"
774741;2026-05-28;"quinta-feira";"14:25:00";"RJ";493;60;"NOVA IGUACU";"Ausência de reação do condutor";"Colisão traseira";"Com Vítimas Feridas";"Pleno dia";"Crescente";"Céu Claro";"Dupla";"Reta";"Não";2;0;1;0;1;0;1;2;-22,676966;-43,399738;"SPRF-RJ";"DEL01/RJ";"UOP03-DEL01-RJ"
774744;2026-05-28;"quinta-feira";"17:20:00";"MT";364;399;"CUIABA";"Condutor deixou de manter distância do veículo da frente";"Colisão traseira";"Com Vítimas Feridas";"Plena Noite";"Decrescente";"Céu Claro";"Dupla";"Retorno Regulamentado;Reta";"Sim";6;0;1;0;4;1;1;3;-15,66631542;-55,96048987;"SPRF-MT";"DEL01/MT";"UOP02-DEL01-MT"
774745;2026-05-28;"quinta-feira";"18:00:00";"MG";381;345;"JOAO MONLEVADE";"Declive acentuado";"Tombamento";"Sem Vítimas";"Plena Noite";"Decrescente";"Nublado";"Simples";"Reta";"Não";2;0;0;0;1;1;0;2;-19,85001253;-43,15106265;"SPRF-MG";"DEL03/MG";"UOP01-DEL03-MG"
774747;2026-05-28;"quinta-feira";"18:40:00";"SP";116;57;"GUARATINGUETA";"Acessar a via sem observar a presença dos outros veículos";"Atropelamento de Pedestre";"Com Vítimas Feridas";"Plena Noite";"Crescente";"Céu Claro";"Dupla";"Reta";"Não";2;0;1;0;1;0;1;2;-22,7767748;-45,1412658;"SPRF-SP";"DEL08/SP";"UOP01-DEL08-SP"
774752;2026-05-28;"quinta-feira";"05:30:00";"SP";116;446;"REGISTRO";"Reação tardia ou ineficiente do condutor";"Colisão traseira";"Com Vítimas Feridas";"Amanhecer";"Crescente";"Nevoeiro/Neblina";"Simples";"Reta";"Não";3;0;0;1;1;1;1;3;-24,505663;-47,848099;"SPRF-SP";"DEL05/SP";"UOP01-DEL05-SP"
774759;2026-05-28;"quinta-feira";"10:40:00";"RS";158;232;"SANTANA DO LIVRAMENTO";"Velocidade Incompatível";"Tombamento";"Sem Vítimas";"Pleno dia";"Decrescente";"Nublado";"Simples";"Interseção de Vias;Rotatória";"Não";2;0;0;0;1;1;0;2;-30,78696715;-55,18671719;"SPRF-RS";"DEL10/RS";"UOP02-DEL10-RS"
774772;2026-05-28;"quinta-feira";"18:00:00";"SC";282;590,8;"SAUDADES";"Transitar na contramão";"Colisão frontal";"Com Vítimas Fatais";"Anoitecer";"Decrescente";"Céu Claro";"Simples";"Aclive;Reta";"Não";6;1;0;3;1;1;3;4;-26,8270227;-53,0817624;"SPRF-SC";"DEL07/SC";"UOP02-DEL07-SC"
774774;2026-05-28;"quinta-feira";"21:00:00";"MG";364;31;"FRUTAL";"Reação tardia ou ineficiente do condutor";"Colisão traseira";"Com Vítimas Feridas";"Plena Noite";"Crescente";"Nublado";"Simples";"Reta";"Não";2;0;1;0;0;1;1;2;-20,012332;-48,922224;"SPRF-MG";"DEL13/MG";"UOP02-DEL13-MG"
774778;2026-05-28;"quinta-feira";"19:10:00";"RS";116;180;"NOVA PETROPOLIS";"Reação tardia ou ineficiente do condutor";"Engavetamento";"Sem Vítimas";"Plena Noite";"Decrescente";"Céu Claro";"Simples";"Curva;Em Obras";"Não";6;0;0;0;6;0;0;3;-29,364582;-51,130638;"SPRF-RS";"DEL05/RS";"UOP02-DEL05-RS"
774780;2026-05-28;"quinta-feira";"15:56:00";"CE";222;314;"TIANGUA";"Condutor deixou de manter distância do veículo da frente";"Colisão traseira";"Com Vítimas Feridas";"Pleno dia";"Decrescente";"Céu Claro";"Dupla";"Reta";"Sim";2;0;0;1;1;0;1;2;-3,69230259;-40,97584783;"SPRF-CE";"DEL04/CE";"UOP02-DEL04-CE"
774804;2026-05-28;"quinta-feira";"21:45:00";"RJ";116;92,4;"TERESOPOLIS";"Reação tardia ou ineficiente do condutor";"Colisão frontal";"Com Vítimas Fatais";"Plena Noite";"Crescente";"Céu Claro";"Simples";"Reta";"Não";4;1;1;0;2;0;1;2;-22,461163;-42,981087;"SPRF-RJ";"DEL04/RJ";"UOP01-DEL04-RJ"
774806;2026-05-29;"sexta-feira";"00:20:00";"PB";230;288,6;"SAO MAMEDE";"Acessar a via sem observar a presença dos outros veículos";"Colisão transversal";"Com Vítimas Fatais";"Plena Noite";"Crescente";"Céu Claro";"Simples";"Reta";"Sim";3;1;0;0;2;0;0;2;-6,927179;-37,06945;"SPRF-PB";"DEL03-PB";"UOP01-DEL03-PB"
774808;2026-05-29;"sexta-feira";"01:02:00";"MT";70;301;"POXOREU";"Acostamento em desnível";"Saída de leito carroçável";"Com Vítimas Feridas";"Plena Noite";"Decrescente";"Nublado";"Simples";"Reta";"Não";1;0;0;1;0;0;1;1;-15,57781704;-54,48437691;"SPRF-MT";"DEL05/MT";"UOP01-DEL05-MT"
774816;2026-05-29;"sexta-feira";"04:34:00";"MS";163;200;"CAARAPO";"Transitar na contramão";"Colisão lateral sentido oposto";"Com Vítimas Fatais";"Plena Noite";"Crescente";"Céu Claro";"Dupla";"Reta";"Não";3;1;0;0;1;3;0;5;-22,704899;-54,78584;"SPRF-MS";"DEL04/MS";"UOP02-DEL04-MS"
774833;2026-05-29;"sexta-feira";"05:00:00";"RJ";40;76;"PETROPOLIS";"Condutor Dormindo";"Tombamento";"Com Vítimas Feridas";"Amanhecer";"Crescente";"Céu Claro";"Dupla";"Reta;Aclive";"Não";2;0;1;0;1;0;1;1;-22,478767;-43,236515;"SPRF-RJ";"DEL01/RJ";"UOP01-DEL01-RJ"
774846;2026-05-29;"sexta-feira";"07:50:00";"RS";285;303,1;"PASSO FUNDO";"Acessar a via sem observar a presença dos outros veículos";"Colisão transversal";"Com Vítimas Feridas";"Pleno dia";"Decrescente";"Sol";"Simples";"Interseção de Vias;Reta";"Sim";2;0;0;1;1;0;1;2;-28,22220992;-52,46818034;"SPRF-RS";"DEL08/RS";"UOP03-DEL08-RS"
774865;2026-05-29;"sexta-feira";"10:20:00";"PR";116;16;"COLOMBO";"Condutor deixou de manter distância do veículo da frente";"Colisão traseira";"Com Vítimas Feridas";"Pleno dia";"Crescente";"Nublado";"Dupla";"Reta";"Sim";2;0;1;0;1;0;1;2;-25,38839661;-49,18458637;"SPRF-PR";"DEL01/PR";"UOP02-DEL01-PR"
774875;2026-05-29;"sexta-feira";"10:50:00";"PB";230;17;"JOAO PESSOA";"Ingestão de álcool pelo condutor";"Colisão lateral mesmo sentido";"Sem Vítimas";"Pleno dia";"Crescente";"Céu Claro";"Dupla";"Reta";"Sim";3;0;0;0;3;0;0;2;-7,11629536;-34,84225678;"SPRF-PB";"DEL01-PB";"UOP01-DEL01-PB"
774877;2026-05-29;"sexta-feira";"11:35:00";"BA";116;423;"FEIRA DE SANTANA";"Entrada inopinada do pedestre";"Queda de ocupante de veículo";"Com Vítimas Feridas";"Pleno dia";"Decrescente";"Céu Claro";"Simples";"Reta";"Sim";3;0;0;1;1;1;1;3;-12,23617;-38,97823;"SPRF-BA";"DEL02/BA";"UOP01-DEL02-BA"
774881;2026-04-23;"quinta-feira";"14:20:00";"SP";153;64;"SAO JOSE DO RIO PRETO";"Acumulo de óleo sobre o pavimento";"Tombamento";"Com Vítimas Feridas";"Pleno dia";"Decrescente";"Céu Claro";"Dupla";"Reta";"Sim";3;0;1;0;1;1;1;3;-20,829909;-49,360891;"SPRF-SP";"DEL09/SP";"UOP01-DEL09-SP"
774902;2026-05-29;"sexta-feira";"12:00:00";"RO";364;784;"PORTO VELHO";"Demais falhas mecânicas ou elétricas";"Incêndio";"Sem Vítimas";"Pleno dia";"Crescente";"Céu Claro";"Simples";"Reta";"Não";1;0;0;0;1;0;0;1;-9,20428518;-64,28792059;"SPRF-RO";"DEL01-RO";"UOP02-DEL01-RO"
774912;2026-05-19;"terça-feira";"01:10:00";"RJ";116;128;"MAGE";"Reação tardia ou ineficiente do condutor";"Colisão traseira";"Com Vítimas Feridas";"Amanhecer";"Crescente";"Chuva";"Dupla";"Curva";"Não";2;0;1;0;0;1;1;2;-22,66399699;-43,09533119;"SPRF-RJ";"DEL04/RJ";"UOP02-DEL04-RJ"
774924;2026-05-29;"sexta-feira";"14:20:00";"MG";381;524;"BRUMADINHO";"Demais falhas mecânicas ou elétricas";"Tombamento";"Com Vítimas Feridas";"Pleno dia";"Crescente";"Céu Claro";"Dupla";"Reta;Declive;Em Obras";"Não";1;0;1;0;0;0;1;1;-20,14152143;-44,31878027;"SPRF-MG";"DEL04/MG";"UOP03-DEL04-MG"
774929;2026-05-29;"sexta-feira";"14:30:00";"PB";101;59;"SANTA RITA";"Ingestão de álcool pelo condutor";"Colisão lateral mesmo sentido";"Sem Vítimas";"Pleno dia";"Decrescente";"Céu Claro";"Dupla";"Reta;Aclive";"Não";2;0;0;0;1;1;0;2;-6,997245;-35,066925;"SPRF-PB";"DEL01-PB";"UOP03-DEL01-PB"
774931;2026-05-29;"sexta-feira";"13:50:00";"BA";135;187;"BARREIRAS";"Ultrapassagem Indevida";"Colisão lateral mesmo sentido";"Com Vítimas Feridas";"Pleno dia";"Decrescente";"Céu Claro";"Simples";"Reta";"Não";4;0;0;2;1;1;2;3;-12,216835;-45,018539;"SPRF-BA";"DEL10/BA";"UOP01-DEL10-BA"
774933;2026-05-29;"sexta-feira";"15:30:00";"SC";101;209,8;"SAO JOSE";"Ausência de reação do condutor";"Colisão traseira";"Sem Vítimas";"Pleno dia";"Decrescente";"Céu Claro";"Múltipla";"Reta";"Sim";3;0;0;0;3;0;0;2;-27,615687;-48,644504;"SPRF-SC";"DEL01/SC";"UOP01-DEL01-SC"
774934;2026-05-29;"sexta-feira";"14:40:00";"PI";316;312;"PICOS";"Desrespeitar a preferência no cruzamento";"Colisão transversal";"Sem Vítimas";"Pleno dia";"Crescente";"Céu Claro";"Dupla";"Reta;Interseção de Vias";"Sim";2;0;0;0;1;1;0;2;-7,08066024;-41,45219231;"SPRF-PI";"DEL04-PI";"UOP01-DEL04-PI"