"id";"data_inversa";"dia_semana";"horario";"uf";"br";"km";"municipio";"causa_acidente";"tipo_acidente";"classificacao_acidente";"fase_dia";"sentido_via";"condicao_metereologica";"tipo_pista";"tracado_via";"uso_solo";"pessoas";"mortos";"feridos_leves";"feridos_graves";"ilesos";"ignorados";"feridos";"veiculos";"latitude";"longitude";"regional";"delegacia";"uop"
776420;2026-06-05;"sexta-feira";"04:38:00";"RO";364;161,8;"PIMENTA BUENO";"Transitar na contramão";"Colisão lateral sentido oposto";"Com Vítimas Feridas";"Plena Noite";"Crescente";"Ignorado";"Simples";"Curva;Declive";"Não";3;0;1;0;1;6;1;8;-11,906787;-60,97268;"SPRF-RO";"DEL02-RO";"UOP02-DEL02-RO"
776429;2026-06-05;"sexta-feira";"06:10:00";"RJ";465;5;"SEROPEDICA";"Reação tardia ou ineficiente do condutor";"Colisão lateral mesmo sentido";"Com Vítimas Feridas";"Pleno dia";"Crescente";"Nublado";"Simples";"Interseção de Vias;Reta";"Sim";2;0;1;0;1;0;1;2;-22,74563083;-43,70172501;"SPRF-RJ";"DEL06/RJ";"UOP02-DEL06-RJ"
776437;2026-06-04;"quinta-feira";"15:30:00";"RO";364;1043,8;"PORTO VELHO";"Condutor Dormindo";"Colisão lateral sentido oposto";"Com Vítimas Feridas";"Pleno dia";"Decrescente";"Céu Claro";"Simples";"Reta";"Sim";4;0;2;0;0;2;2;4;-9,776153;-66,389455;"SPRF-RO";"DEL01-RO";"UOP03-DEL01-RO"
776439;2026-06-05;"sexta-feira";"08:20:00";"ES";101;214;"IBIRACU";"Acessar a via sem observar a presença dos outros veículos";"Colisão transversal";"Com Vítimas Feridas";"Pleno dia";"Decrescente";"Nublado";"Simples";"Reta;Interseção de Vias";"Não";5;0;1;0;4;0;1;2;-19,830033;-40,373272;"SPRF-ES";"DEL02-ES";"UOP01-DEL02-ES"
776450;2026-06-05;"sexta-feira";"06:30:00";"GO";364;224;"JATAI";"Ausência de reação do condutor";"Colisão lateral sentido oposto";"Com Vítimas Feridas";"Pleno dia";"Crescente";"Céu Claro";"Simples";"Reta";"Não";5;0;1;0;3;4;1;7;-17,831823;-51,950723;"SPRF-GO";"DEL05/GO";"UOP01-DEL05-GO"
776455;2026-06-05;"sexta-feira";"07:48:00";"CE";222;141;"IRAUCUBA";"Velocidade Incompatível";"Colisão frontal";"Com Vítimas Feridas";"Pleno dia";"Crescente";"Céu Claro";"Simples";"Reta";"Não";5;0;2;0;3;0;2;2;-3,755003;-39,715971;"SPRF-CE";"DEL04/CE";"UOP03-DEL04-CE"
776458;2026-06-05;"sexta-feira";"07:50:00";"RJ";116;96;"GUAPIMIRIM";"Demais falhas mecânicas ou elétricas";"Tombamento";"Com Vítimas Feridas";"Pleno dia";"Crescente";"Céu Claro";"Simples";"Declive;Curva";"Não";1;0;1;0;0;0;1;1;-22,47524055;-42,99778311;"SPRF-RJ";"DEL04/RJ";"UOP01-DEL04-RJ"
776463;2026-06-05;"sexta-feira";"09:20:00";"PR";277;245;"IRATI";"Transitar na contramão";"Colisão frontal";"Com Vítimas Feridas";"Pleno dia";"Crescente";"Céu Claro";"Simples";"Aclive;Curva";"Sim";3;0;0;1;1;1;1;3;-25,45347;-50,61563;"SPRF-PR";"DEL08/PR";"UOP02-DEL08-PR"
776481;2026-06-05;"sexta-feira";"09:30:00";"PI";316;87,5;"OLHO DAGUA DO PIAUI";"Carga excessiva e/ou mal acondicionada";"Derramamento de carga";"Com Vítimas Feridas";"Pleno dia";"Decrescente";"Céu Claro";"Simples";"Aclive;Curva";"Não";1;0;1;0;0;0;1;1;-5,785642;-42,575303;"SPRF-PI";"DEL04-PI";"UOP02-DEL04-PI"
776495;2026-03-11;"quarta-feira";"08:20:00";"GO";50;273;"CATALAO";"Reação tardia ou ineficiente do condutor";"Saída de leito carroçável";"Com Vítimas Feridas";"Pleno dia";"Crescente";"Céu Claro";"Dupla";"Reta;Declive";"Não";2;0;1;0;0;1;1;2;-18,127399;-47,902941;"SPRF-GO";"DEL06/GO";"UOP01-DEL06-GO"
776499;2026-06-05;"sexta-feira";"13:40:00";"BA";101;722,1;"EUNAPOLIS";"Transitar na contramão";"Colisão frontal";"Com Vítimas Fatais";"Pleno dia";"Crescente";"Céu Claro";"Simples";"Reta;Declive";"Não";3;1;0;0;1;1;0;3;-16,407147;-39,587727;"SPRF-BA";"DEL09/BA";"UOP01-DEL09-BA"
776507;2026-06-05;"sexta-feira";"15:00:00";"PR";277;34;"MORRETES";"Demais falhas mecânicas ou elétricas";"Colisão traseira";"Com Vítimas Feridas";"Pleno dia";"Decrescente";"Céu Claro";"Dupla";"Curva;Declive";"Não";3;0;1;0;1;4;1;6;-25,56821;-48,81229;"SPRF-PR";"DEL01/PR";"UOP05-DEL01-PR"
776510;2026-06-05;"sexta-feira";"14:15:00";"RJ";493;99;"SEROPEDICA";"Ausência de reação do condutor";"Colisão traseira";"Com Vítimas Fatais";"Pleno dia";"Crescente";"Céu Claro";"Dupla";"Reta";"Não";4;1;1;1;0;1;2;3;-22,7262841;-43,7133749;"SPRF-RJ";"DEL01/RJ";"UOP03-DEL01-RJ"
776513;2026-06-05;"sexta-feira";"15:40:00";"SP";116;190;"SANTA ISABEL";"Manobra de mudança de faixa";"Colisão lateral mesmo sentido";"Com Vítimas Feridas";"Pleno dia";"Crescente";"Céu Claro";"Dupla";"Declive;Reta";"Não";3;0;1;0;1;1;1;3;-23,36527626;-46,22732033;"SPRF-SP";"DEL01/SP";"UOP01-DEL01-SP"
776519;2026-06-05;"sexta-feira";"15:00:00";"SC";470;5,9;"NAVEGANTES";"Trafegar com motocicleta (ou similar) entre as faixas";"Colisão lateral mesmo sentido";"Com Vítimas Fatais";"Pleno dia";"Crescente";"Céu Claro";"Dupla";"Curva";"Não";5;1;0;0;2;3;0;6;-26,852608;-48,708677;"SPRF-SC";"DEL04/SC";"UOP04-DEL04-SC"
776521;2026-06-05;"sexta-feira";"15:07:00";"PE";101;58;"RECIFE";"Acessar a via sem observar a presença dos outros veículos";"Tombamento";"Com Vítimas Fatais";"Pleno dia";"Crescente";"Céu Claro";"Dupla";"Reta";"Não";4;1;0;0;1;2;0;3;-7,99839849;-34,93924427;"SPRF-PE";"DEL01/PE";"UOP02-DEL01-PE"
776528;2026-06-05;"sexta-feira";"16:00:00";"ES";101;291,9;"CARIACICA";"Acessar a via sem observar a presença dos outros veículos";"Colisão lateral mesmo sentido";"Com Vítimas Feridas";"Pleno dia";"Decrescente";"Garoa/Chuvisco";"Dupla";"Reta;Retorno Regulamentado";"Sim";5;0;1;0;4;0;1;2;-20,306057;-40,394945;"SPRF-ES";"DEL01-ES";"UOP01-DEL01-ES"
776529;2026-06-05;"sexta-feira";"14:15:00";"PR";376;386,1;"IMBAU";"Velocidade Incompatível";"Tombamento";"Com Vítimas Feridas";"Pleno dia";"Decrescente";"Céu Claro";"Dupla";"Curva;Declive";"Não";3;0;0;2;0;2;2;3;-24,48352778;-50,73427778;"SPRF-PR";"DEL03/PR";"UOP02-DEL03-PR"
776533;2026-06-05;"sexta-feira";"16:25:00";"PA";316;44;"SANTA IZABEL DO PARA";"Avarias e/ou desgaste excessivo no pneu";"Tombamento";"Com Vítimas Feridas";"Pleno dia";"Decrescente";"Garoa/Chuvisco";"Dupla";"Reta";"Não";5;0;2;0;3;0;2;2;-1,276185;-48,084322;"SPRF-PA";"DEL01/PA";"UOP01-DEL01-PA"
776537;2026-06-05;"sexta-feira";"15:50:00";"RS";285;249,9;"AGUA SANTA";"Acessar a via sem observar a presença dos outros veículos";"Colisão lateral mesmo sentido";"Com Vítimas Feridas";"Pleno dia";"Decrescente";"Céu Claro";"Simples";"Reta";"Não";4;0;0;1;2;1;1;3;-28,28946423;-51,97573364;"SPRF-RS";"DEL08/RS";"UOP03-DEL08-RS"
776538;2026-06-05;"sexta-feira";"17:00:00";"SP";381;62;"MAIRIPORA";"Demais falhas mecânicas ou elétricas";"Incêndio";"Sem Vítimas";"Plena Noite";"Decrescente";"Céu Claro";"Dupla";"Reta;Aclive";"Não";1;0;0;0;1;0;0;1;-23,299985;-46,571791;"SPRF-SP";"DEL03/SP";"UOP01-DEL03-SP"
776561;2026-06-05;"sexta-feira";"18:30:00";"PR";116;170,1;"QUITANDINHA";"Reação tardia ou ineficiente do condutor";"Atropelamento de Pedestre";"Com Vítimas Fatais";"Anoitecer";"Crescente";"Nublado";"Simples";"Reta";"Não";4;1;0;0;1;2;0;4;-25,89242764;-49,52052919;"SPRF-PR";"DEL01/PR";"UOP03-DEL01-PR"
776569;2026-06-05;"sexta-feira";"11:00:00";"AC";364;224;"SENA MADUREIRA";"Reação tardia ou ineficiente do condutor";"Colisão lateral mesmo sentido";"Sem Vítimas";"Pleno dia";"Decrescente";"Céu Claro";"Simples";"Declive";"Não";4;0;0;0;2;3;0;4;-9,430698;-68,408892;"SPRF-AC";"DEL01-AC";"UOP01-DEL01-AC"
776581;2026-06-05;"sexta-feira";"19:30:00";"BA";324;532;"CONCEICAO DO JACUIPE";"Velocidade Incompatível";"Colisão lateral sentido oposto";"Com Vítimas Feridas";"Plena Noite";"Decrescente";"Chuva";"Dupla";"Aclive";"Não";4;0;1;1;1;1;2;3;-12,3495267;-38,8351283;"SPRF-BA";"DEL11/BA";"UOP02-DEL11-BA"
776584;2026-06-05;"sexta-feira";"17:50:00";"PR";476;240;"LAPA";"Manobra de mudança de faixa";"Colisão lateral mesmo sentido";"Com Vítimas Feridas";"Anoitecer";"Crescente";"Céu Claro";"Simples";"Reta";"Não";4;0;0;1;2;2;1;4;-25,8651483;-50,0687273;"SPRF-PR";"DEL02/PR";"UOP03-DEL02-PR"
776587;2026-06-05;"sexta-feira";"20:40:00";"PR";277;472,3;"NOVA LARANJEIRAS";"Manobra de mudança de faixa";"Colisão lateral sentido oposto";"Sem Vítimas";"Plena Noite";"Crescente";"Céu Claro";"Simples";"Reta";"Não";2;0;0;0;2;0;0;2;-25,321829;-52,519388;"SPRF-PR";"DEL04/PR";"UOP02-DEL04-PR"
776590;2026-06-05;"sexta-feira";"19:00:00";"PR";376;318;"ORTIGUEIRA";"Ausência de reação do condutor";"Tombamento";"Com Vítimas Feridas";"Plena Noite";"Crescente";"Céu Claro";"Simples";"Reta";"Não";2;0;1;0;0;1;1;2;-24,03339315;-51,09236956;"SPRF-PR";"DEL07/PR";"UOP02-DEL07-PR"
776593;2026-06-05;"sexta-feira";"18:30:00";"BA";101;251;"CONCEICAO DO ALMEIDA";"Ultrapassagem Indevida";"Colisão transversal";"Com Vítimas Feridas";"Plena Noite";"Decrescente";"Garoa/Chuvisco";"Simples";"Reta";"Não";3;0;1;0;1;1;1;3;-12,89472037;-39,23266858;"SPRF-BA";"DEL11/BA";"UOP01-DEL11-BA"
776596;2026-06-05;"sexta-feira";"21:15:00";"PR";116;108;"CURITIBA";"Demais falhas mecânicas ou elétricas";"Colisão com objeto";"Sem Vítimas";"Plena Noite";"Decrescente";"Nevoeiro/Neblina";"Dupla";"Reta";"Sim";2;0;0;0;1;1;0;2;-25,56590414;-49,24381256;"SPRF-PR";"DEL01/PR";"UOP03-DEL01-PR"
776617;2026-06-05;"sexta-feira";"22:30:00";"BA";242;877;"BARREIRAS";"Reação tardia ou ineficiente do condutor";"Saída de leito carroçável";"Com Vítimas Feridas";"Plena Noite";"Decrescente";"Céu Claro";"Simples";"Reta";"Não";1;0;1;0;0;0;1;1;-12,07361;-45,526508;"SPRF-BA";"DEL10/BA";"UOP01-DEL10-BA"
776623;2026-06-05;"sexta-feira";"22:10:00";"MG";262;78,2;"MATIPO";"Ausência de reação do condutor";"Tombamento";"Com Vítimas Fatais";"Plena Noite";"Crescente";"Céu Claro";"Simples";"Reta";"Não";3;1;0;0;2;0;0;2;-20,33709;-42,35753;"SPRF-MG";"DEL03/MG";"UOP03-DEL03-MG"
776624;2026-06-05;"sexta-feira";"23:15:00";"PE";408;47,3;"NAZARE DA MATA";"Ultrapassagem Indevida";"Colisão frontal";"Com Vítimas Fatais";"Plena Noite";"Crescente";"Céu Claro";"Simples";"Reta";"Não";3;1;0;0;2;0;0;2;-7,77138;-35,23552;"SPRF-PE";"DEL01/PE";"UOP01-DEL01-PE"
776626;2026-06-06;"sábado";"01:00:00";"SC";101;197;"BIGUACU";"Ingestão de álcool pelo condutor";"Colisão traseira";"Com Vítimas Feridas";"Plena Noite";"Crescente";"Nublado";"Dupla";"Curva";"Sim";4;0;1;0;2;1;1;3;-27,519558;-48,638013;"SPRF-SC";"DEL01/SC";"UOP01-DEL01-SC"
776645;2026-06-05;"sexta-feira";"09:00:00";"MG";381;431;"SABARA";"Reação tardia ou ineficiente do condutor";"Colisão traseira";"Com Vítimas Feridas";"Pleno dia";"Crescente";"Céu Claro";"Simples";"Curva;Aclive";"Não";5;0;2;0;2;1;2;4;-19,80092568;-43,75162952;"SPRF-MG";"DEL01/MG";"UOP01-DEL01-MG"
776648;2026-06-06;"sábado";"05:00:00";"SC";163;71,1;"SAO MIGUEL DO OESTE";"Ingestão de álcool pelo condutor";"Colisão frontal";"Com Vítimas Feridas";"Plena Noite";"Decrescente";"Céu Claro";"Simples";"Curva";"Sim";3;0;0;1;1;1;1;3;-26,72780246;-53,5128157;"SPRF-SC";"DEL07/SC";"UOP03-DEL07-SC"
776659;2026-06-06;"sábado";"07:45:00";"PR";376;634,4;"SAO JOSE DOS PINHAIS";"Condutor deixou de manter distância do veículo da frente";"Colisão lateral mesmo sentido";"Com Vítimas Feridas";"Pleno dia";"Decrescente";"Nublado";"Dupla";"Reta";"Não";4;0;1;0;1;2;1;4;-25,74102197;-49,13020492;"SPRF-PR";"DEL01/PR";"UOP04-DEL01-PR"
776670;2026-06-06;"sábado";"06:40:00";"MG";381;234;"SANTANA DO PARAISO";"Velocidade Incompatível";"Tombamento";"Com Vítimas Feridas";"Amanhecer";"Decrescente";"Céu Claro";"Simples";"Curva";"Não";2;0;1;0;0;1;1;2;-19,38527586;-42,47495234;"SPRF-MG";"DEL06/MG";"UOP01-DEL06-MG"
776677;2026-06-06;"sábado";"08:00:00";"PR";376;674;"GUARATUBA";"Condutor Dormindo";"Saída de leito carroçável";"Com Vítimas Feridas";"Pleno dia";"Crescente";"Nublado";"Dupla";"Reta;Declive";"Não";4;0;1;0;2;1;1;4;-25,908163;-48,920735;"SPRF-PR";"DEL01/PR";"UOP04-DEL01-PR"
776678;2026-06-06;"sábado";"09:58:00";"RS";386;110;"SARANDI";"Velocidade Incompatível";"Saída de leito carroçável";"Sem Vítimas";"Pleno dia";"Decrescente";"Céu Claro";"Simples";"Declive;Curva";"Não";2;0;0;0;1;1;0;2;-27,79634;-53,050412;"SPRF-RS";"DEL08/RS";"UOP01-DEL08-RS"
776680;2026-06-06;"sábado";"09:42:00";"TO";226;48;"DARCINOPOLIS";"Manobra de mudança de faixa";"Colisão frontal";"Com Vítimas Fatais";"Pleno dia";"Crescente";"Sol";"Simples";"Reta";"Não";3;1;0;0;1;1;0;3;-6,775775;-47,794535;"SPRF-TO";"DEL02-TO";"UOP03-DEL02-TO"
776682;2026-06-06;"sábado";"08:20:00";"PR";116;140;"MANDIRITUBA";"Avarias e/ou desgaste excessivo no pneu";"Tombamento";"Com Vítimas Feridas";"Pleno dia";"Decrescente";"Nevoeiro/Neblina";"Dupla";"Reta";"Sim";1;0;1;0;0;0;1;1;-25,76730561;-49,32170391;"SPRF-PR";"DEL01/PR";"UOP03-DEL01-PR"
776684;2026-06-06;"sábado";"09:40:00";"PI";343;346,8;"TERESINA";"Ingestão de álcool pelo condutor";"Colisão lateral mesmo sentido";"Com Vítimas Feridas";"Pleno dia";"Decrescente";"Céu Claro";"Dupla";"Reta;Ponte";"Sim";5;0;0;2;3;0;2;5;-5,11458715;-42,77799217;"SPRF-PI";"DEL01-PI";"UOP01-DEL01-PI"
776696;2026-06-06;"sábado";"09:45:00";"MA";10;254;"IMPERATRIZ";"Condutor deixou de manter distância do veículo da frente";"Colisão traseira";"Com Vítimas Feridas";"Pleno dia";"Decrescente";"Céu Claro";"Simples";"Reta";"Não";4;0;2;0;1;2;2;4;-5,51013664;-47,47179357;"SPRF-MA";"DEL04-MA";"UOP01-DEL04-MA"
776699;2026-06-06;"sábado";"09:20:00";"MT";70;521,2;"VARZEA GRANDE";"Acessar a via sem observar a presença dos outros veículos";"Colisão transversal";"Sem Vítimas";"Pleno dia";"Decrescente";"Sol";"Simples";"Reta";"Sim";3;0;0;0;2;3;0;5;-15,670428;-56,180107;"SPRF-MT";"DEL01/MT";"UOP02-DEL01-MT"
776700;2026-06-03;"quarta-feira";"07:00:00";"MG";116;417;"GOVERNADOR VALADARES";"Ausência de reação do condutor";"Colisão transversal";"Com Vítimas Feridas";"Amanhecer";"Crescente";"Céu Claro";"Simples";"Reta";"Sim";2;0;1;0;1;0;1;2;-18,917434;-41,940683;"SPRF-MG";"DEL06/MG";"UOP01-DEL06-MG"
776708;2026-06-06;"sábado";"11:45:00";"PR";487;110,1;"CRUZEIRO DO OESTE";"Conversão proibida";"Colisão traseira";"Com Vítimas Feridas";"Pleno dia";"Decrescente";"Céu Claro";"Simples";"Reta;Aclive";"Não";7;0;4;1;2;0;5;2;-23,80808;-53,010577;"SPRF-PR";"DEL09/PR";"UOP03-DEL09-PR"
776712;2026-06-06;"sábado";"13:14:00";"TO";153;209;"NOVA OLINDA";"Demais falhas mecânicas ou elétricas";"Colisão lateral sentido oposto";"Sem Vítimas";"Pleno dia";"Decrescente";"Céu Claro";"Simples";"Reta";"Não";4;0;0;0;3;3;0;6;-7,7275354;-48,4449812;"SPRF-TO";"DEL02-TO";"UOP01-DEL02-TO"
776713;2026-06-06;"sábado";"12:20:00";"MG";365;461,9;"PATROCINIO";"Demais falhas mecânicas ou elétricas";"Incêndio";"Sem Vítimas";"Pleno dia";"Decrescente";"Céu Claro";"Simples";"Reta";"Não";2;0;0;0;1;1;0;2;-18,8761726;-46,9106511;"SPRF-MG";"DEL10/MG";"UOP01-DEL10-MG"
776727;2026-06-06;"sábado";"14:30:00";"RS";101;74,2;"OSORIO";"Manobra de mudança de faixa";"Colisão lateral mesmo sentido";"Com Vítimas Feridas";"Pleno dia";"Decrescente";"Sol";"Dupla";"Reta";"Não";4;0;1;0;2;2;1;4;-29,781988;-50,226126;"SPRF-RS";"DEL03/RS";"UOP01-DEL03-RS"
776729;2026-06-06;"sábado";"12:45:00";"SC";158;102;"CUNHA PORA";"Reação tardia ou ineficiente do condutor";"Tombamento";"Com Vítimas Fatais";"Pleno dia";"Crescente";"Céu Claro";"Simples";"Interseção de Vias";"Não";3;1;0;1;0;1;1;2;-26,807716;-53,181629;"SPRF-SC";"DEL07/SC";"UOP02-DEL07-SC"
776733;2026-06-06;"sábado";"13:30:00";"RS";116;242;"SAO LEOPOLDO";"Afundamento ou ondulação no pavimento";"Derramamento de carga";"Sem Vítimas";"Pleno dia";"Decrescente";"Nublado";"Múltipla";"Reta";"Sim";2;0;0;0;1;2;0;3;-29,72150273;-51,14835111;"SPRF-RS";"DEL01/RS";"UOP02-DEL01-RS"
776734;2026-06-06;"sábado";"14:55:00";"MG";116;720,1;"MURIAE";"Animais na Pista";"Saída de leito carroçável";"Com Vítimas Feridas";"Pleno dia";"Crescente";"Céu Claro";"Simples";"Reta";"Não";1;0;1;0;0;0;1;1;-21,25;-42,397;"SPRF-MG";"DEL07/MG";"UOP02-DEL07-MG"
776748;2026-06-06;"sábado";"15:30:00";"MS";163;177,4;"JUTI";"Ultrapassagem Indevida";"Colisão transversal";"Com Vítimas Fatais";"Pleno dia";"Crescente";"Céu Claro";"Simples";"Reta";"Não";3;2;0;0;1;0;0;2;-22,848406;-54,658788;"SPRF-MS";"DEL09/MS";"UOP01-DEL09-MS"
776752;2026-06-06;"sábado";"16:20:00";"BA";116;193;"EUCLIDES DA CUNHA";"Reação tardia ou ineficiente do condutor";"Colisão frontal";"Com Vítimas Fatais";"Pleno dia";"Decrescente";"Céu Claro";"Simples";"Reta";"Não";3;1;0;1;0;3;1;5;-10,44705306;-39,02522276;"SPRF-BA";"DEL07/BA";"UOP03-DEL07-BA"
776771;2026-06-06;"sábado";"19:00:00";"PR";277;129;"CAMPO LARGO";"Manobra de mudança de faixa";"Colisão lateral mesmo sentido";"Sem Vítimas";"Plena Noite";"Crescente";"Céu Claro";"Dupla";"Reta";"Não";3;0;0;0;2;1;0;3;-25,44639;-49,57014;"SPRF-PR";"DEL01/PR";"UOP07-DEL01-PR"
776785;2026-06-06;"sábado";"18:30:00";"RN";304;7;"MOSSORO";"Manobra de mudança de faixa";"Colisão lateral sentido oposto";"Com Vítimas Feridas";"Plena Noite";"Crescente";"Céu Claro";"Simples";"Reta";"Não";4;0;1;2;1;0;3;3;-4,93306;-37,41361;"SPRF-RN";"DEL04-RN";"UOP02-DEL04-RN"
776794;2026-06-06;"sábado";"19:40:00";"SP";153;61;"SAO JOSE DO RIO PRETO";"Ingestão de álcool pelo condutor";"Colisão lateral mesmo sentido";"Com Vítimas Feridas";"Plena Noite";"Decrescente";"Céu Claro";"Dupla";"Reta";"Sim";3;0;0;1;1;1;1;3;-20,80933748;-49,35633338;"SPRF-SP";"DEL09/SP";"UOP01-DEL09-SP"
776823;2026-06-06;"sábado";"22:47:00";"TO";10;307;"SANTA ROSA DO TOCANTINS";"Transitar na contramão";"Colisão frontal";"Com Vítimas Fatais";"Plena Noite";"Crescente";"Céu Claro";"Simples";"Reta";"Não";2;1;0;0;1;0;0;2;-11,43583;-48,133997;"SPRF-TO";"DEL01-TO";"UOP03-DEL01-TO"
776846;2026-06-07;"domingo";"00:45:00";"PE";407;101,9;"PETROLINA";"Ingestão de álcool pelo condutor";"Colisão frontal";"Com Vítimas Feridas";"Plena Noite";"Crescente";"Céu Claro";"Simples";"Reta";"Não";4;0;2;0;1;1;2;3;-9,198696;-40,633548;"SPRF-PE";"DEL06/PE";"UOP01-DEL06-PE"
776850;2026-06-07;"domingo";"01:37:00";"SP";116;485;"CAJATI";"Reação tardia ou ineficiente do condutor";"Colisão traseira";"Com Vítimas Fatais";"Plena Noite";"Decrescente";"Céu Claro";"Dupla";"Reta";"Não";3;1;0;0;1;1;0;3;-24,72186187;-48,08063197;"SPRF-SP";"DEL05/SP";"UOP01-DEL05-SP"
776865;2026-06-07;"domingo";"04:00:00";"SP";116;165;"JACAREI";"Manobra de mudança de faixa";"Colisão traseira";"Com Vítimas Feridas";"Plena Noite";"Decrescente";"Nevoeiro/Neblina";"Múltipla";"Reta";"Sim";3;0;2;0;1;0;2;2;-23,29448873;-46,00444198;"SPRF-SP";"DEL02/SP";"UOP01-DEL02-SP"
776866;2026-06-07;"domingo";"04:55:00";"RS";290;121,8;"ELDORADO DO SUL";"Transitar na contramão";"Colisão frontal";"Com Vítimas Fatais";"Plena Noite";"Crescente";"Nublado";"Simples";"Reta";"Não";4;1;0;0;1;3;0;5;-30,051981;-51,425539;"SPRF-RS";"DEL02/RS";"UOP01-DEL02-RS"
776869;2026-06-07;"domingo";"05:20:00";"RS";290;37,4;"SANTO ANTONIO DA PATRULHA";"Condutor Dormindo";"Saída de leito carroçável";"Com Vítimas Feridas";"Plena Noite";"Crescente";"Nublado";"Dupla";"Reta";"Não";1;0;1;0;0;0;1;1;-29,886143;-50,632747;"SPRF-RS";"DEL03/RS";"UOP01-DEL03-RS"
776881;2026-06-07;"domingo";"06:00:00";"MG";251;458,9;"FRANCISCO SA";"Condutor Dormindo";"Saída de leito carroçável";"Com Vítimas Fatais";"Pleno dia";"Crescente";"Céu Claro";"Simples";"Reta";"Não";4;1;1;0;1;4;1;7;-16,4230436;-43,3497777;"SPRF-MG";"DEL12/MG";"UOP01-DEL12-MG"
776883;2026-06-07;"domingo";"05:50:00";"MS";163;682;"RIO VERDE DE MATO GROSSO";"Acessar a via sem observar a presença dos outros veículos";"Colisão transversal";"Com Vítimas Feridas";"Pleno dia";"Crescente";"Céu Claro";"Simples";"Interseção de Vias;Reta";"Sim";3;0;1;0;1;3;1;5;-18,907375;-54,840798;"SPRF-MS";"DEL06/MS";"UOP02-DEL06-MS"
776887;2026-06-07;"domingo";"06:35:00";"CE";222;154,2;"IRAUCUBA";"Acessar a via sem observar a presença dos outros veículos";"Colisão transversal";"Com Vítimas Fatais";"Pleno dia";"Crescente";"Céu Claro";"Simples";"Reta";"Não";2;1;0;0;0;1;0;2;-3,73534;-39,82769385;"SPRF-CE";"DEL04/CE";"UOP03-DEL04-CE"
776888;2026-06-07;"domingo";"05:35:00";"PR";376;219,7;"JANDAIA DO SUL";"Ausência de reação do condutor";"Colisão traseira";"Com Vítimas Feridas";"Amanhecer";"Crescente";"Céu Claro";"Dupla";"Aclive;Reta";"Não";4;0;1;0;2;1;1;3;-23,593351;-51,61646;"SPRF-PR";"DEL09/PR";"UOP01-DEL09-PR"
776904;2026-05-26;"terça-feira";"17:15:00";"MS";163;263,3;"DOURADOS";"Ausência de reação do condutor";"Colisão traseira";"Com Vítimas Feridas";"Plena Noite";"Crescente";"Céu Claro";"Dupla";"Reta";"Sim";2;0;0;1;1;0;1;2;-22,23052;-54,74509;"SPRF-MS";"DEL04/MS";"UOP01-DEL04-MS"
776912;2026-06-07;"domingo";"08:40:00";"PR";277;193;"PALMEIRA";"Ausência de reação do condutor";"Colisão traseira";"Com Vítimas Feridas";"Pleno dia";"Decrescente";"Céu Claro";"Simples";"Curva";"Não";2;0;0;1;1;0;1;2;-25,431239;-50,154391;"SPRF-PR";"DEL08/PR";"UOP02-DEL08-PR"
776921;2026-06-07;"domingo";"09:05:00";"MG";262;485,8;"MOEMA";"Reação tardia ou ineficiente do condutor";"Colisão traseira";"Com Vítimas Feridas";"Pleno dia";"Decrescente";"Céu Claro";"Simples";"Reta;Aclive";"Não";4;0;1;0;3;0;1;2;-19,784856;-45,405066;"SPRF-MG";"DEL08/MG";"UOP03-DEL08-MG"
776925;2026-06-07;"domingo";"11:30:00";"MG";40;369,6;"FELIXLANDIA";"Ultrapassagem Indevida";"Colisão lateral mesmo sentido";"Com Vítimas Feridas";"Pleno dia";"Crescente";"Céu Claro";"Simples";"Reta";"Não";5;0;3;0;1;1;3;3;-18,814337;-44,791642;"SPRF-MG";"DEL02/MG";"UOP01-DEL02-MG"
776933;2026-06-07;"domingo";"11:10:00";"PR";277;184;"PALMEIRA";"Acesso irregular";"Colisão traseira";"Com Vítimas Feridas";"Pleno dia";"Crescente";"Céu Claro";"Simples";"Reta";"Não";5;0;3;0;1;1;3;3;-25,434315;-50,055779;"SPRF-PR";"DEL08/PR";"UOP02-DEL08-PR"
776937;2026-06-07;"domingo";"12:30:00";"PR";158;223;"CAMPO MOURAO";"Ultrapassagem Indevida";"Colisão lateral sentido oposto";"Com Vítimas Feridas";"Pleno dia";"Decrescente";"Céu Claro";"Simples";"Reta;Declive";"Não";7;0;1;0;5;1;1;3;-24,089459;-52,390452;"SPRF-PR";"DEL09/PR";"UOP03-DEL09-PR"
776942;2026-06-07;"domingo";"12:50:00";"BA";116;6,3;"ENCRUZILHADA";"Curva acentuada";"Tombamento";"Com Vítimas Feridas";"Pleno dia";"Decrescente";"Céu Claro";"Dupla";"Declive";"Não";2;0;1;0;0;2;1;3;-15,68249168;-41,33712005;"SPRF-PE";"DEL05/PE";"UOP03-DEL05-PE"
776944;2026-06-07;"domingo";"13:13:00";"RJ";40;114;"DUQUE DE CAXIAS";"Demais falhas mecânicas ou elétricas";"Incêndio";"Sem Vítimas";"Pleno dia";"Decrescente";"Céu Claro";"Múltipla";"Reta";"Não";1;0;0;0;1;0;0;1;-22,71376;-43,28977;"SPRF-RJ";"DEL01/RJ";"UOP02-DEL01-RJ"
776945;2026-06-07;"domingo";"13:45:00";"GO";60;31;"ALEXANIA";"Suicídio (presumido)";"Atropelamento de Pedestre";"Com Vítimas Fatais";"Pleno dia";"Decrescente";"Céu Claro";"Dupla";"Reta";"Sim";2;1;0;0;1;0;0;2;-16,091442;-48,495541;"SPRF-DF";"DEL03-DF";"UOP01-DEL03-DF"