"id";"data_inversa";"dia_semana";"horario";"uf";"br";"km";"municipio";"causa_acidente";"tipo_acidente";"classificacao_acidente";"fase_dia";"sentido_via";"condicao_metereologica";"tipo_pista";"tracado_via";"uso_solo";"pessoas";"mortos";"feridos_leves";"feridos_graves";"ilesos";"ignorados";"feridos";"veiculos";"latitude";"longitude";"regional";"delegacia";"uop"
776946;2026-06-07;"domingo";"11:00:00";"RO";364;196;"PIMENTA BUENO";"Condutor deixou de manter distância do veículo da frente";"Colisão traseira";"Sem Vítimas";"Pleno dia";"Crescente";"Sol";"Simples";"Reta";"Sim";3;0;0;0;2;1;0;3;-11,68585623;-61,18378862;"SPRF-RO";"DEL02-RO";"UOP02-DEL02-RO"
776948;2026-06-07;"domingo";"12:40:00";"SP";116;125,9;"CACAPAVA";"Reação tardia ou ineficiente do condutor";"Colisão lateral mesmo sentido";"Com Vítimas Feridas";"Pleno dia";"Decrescente";"Céu Claro";"Dupla";"Reta";"Sim";4;0;2;0;1;1;2;3;-23,09913313;-45,68671122;"SPRF-SP";"DEL02/SP";"UOP02-DEL02-SP"
776951;2026-06-07;"domingo";"13:20:00";"MG";381;496;"BETIM";"Avarias e/ou desgaste excessivo no pneu";"Tombamento";"Com Vítimas Feridas";"Pleno dia";"Crescente";"Céu Claro";"Dupla";"Reta";"Não";5;0;2;1;2;0;3;4;-19,974881;-44,19017;"SPRF-MG";"DEL01/MG";"UOP03-DEL01-MG"
776953;2026-06-07;"domingo";"13:42:00";"SC";282;515,7;"XAXIM";"Ingestão de álcool pelo condutor";"Colisão frontal";"Com Vítimas Feridas";"Pleno dia";"Decrescente";"Céu Claro";"Simples";"Declive;Reta";"Não";3;0;1;0;1;1;1;3;-26,91568385;-52,48717642;"SPRF-SC";"DEL07/SC";"UOP01-DEL07-SC"
776954;2026-06-07;"domingo";"14:00:00";"DF";40;3,5;"BRASILIA";"Manobra de mudança de faixa";"Colisão lateral mesmo sentido";"Sem Vítimas";"Pleno dia";"Crescente";"Céu Claro";"Dupla";"Reta";"Sim";3;0;0;0;2;1;0;3;-16,010498;-47,982632;"SPRF-DF";"DEL01-DF";"UOP01-DEL01-DF"
776968;2026-06-07;"domingo";"12:15:00";"PI";343;647,3;"JERUMENHA";"Transitar na contramão";"Colisão lateral sentido oposto";"Com Vítimas Feridas";"Pleno dia";"Decrescente";"Céu Claro";"Simples";"Reta;Declive";"Não";22;0;1;0;21;0;1;2;-7,047935;-43,431443;"SPRF-PI";"DEL03-PI";"UOP01-DEL03-PI"
776972;2026-06-07;"domingo";"15:27:00";"RJ";116;307,1;"RESENDE";"Trafegar com motocicleta (ou similar) entre as faixas";"Queda de ocupante de veículo";"Com Vítimas Feridas";"Pleno dia";"Decrescente";"Céu Claro";"Dupla";"Reta";"Não";3;0;0;1;1;1;1;3;-22,45684667;-44,40777167;"SPRF-RJ";"DEL07/RJ";"UOP02-DEL07-RJ"
776974;2026-06-07;"domingo";"14:55:00";"MG";381;846,2;"SAO SEBASTIAO DA BELA VISTA";"Entrada inopinada do pedestre";"Atropelamento de Pedestre";"Com Vítimas Feridas";"Pleno dia";"Decrescente";"Céu Claro";"Dupla";"Reta";"Não";2;0;0;1;1;0;1;2;-22,209289;-45,865407;"SPRF-MG";"DEL16/MG";"UOP01-DEL16-MG"
776980;2026-06-07;"domingo";"15:50:00";"MG";381;496;"BETIM";"Manobra de mudança de faixa";"Colisão lateral mesmo sentido";"Com Vítimas Feridas";"Pleno dia";"Crescente";"Céu Claro";"Dupla";"Reta";"Sim";2;0;1;0;1;0;1;2;-19,975182;-44,19292;"SPRF-MG";"DEL01/MG";"UOP03-DEL01-MG"
776987;2026-06-07;"domingo";"12:00:00";"RO";364;268,6;"CACOAL";"Reação tardia ou ineficiente do condutor";"Capotamento";"Com Vítimas Feridas";"Pleno dia";"Decrescente";"Sol";"Simples";"Reta;Declive";"Não";5;0;2;1;1;3;3;5;-11,378231;-61,701229;"SPRF-RO";"DEL02-RO";"UOP02-DEL02-RO"
776991;2026-06-07;"domingo";"16:10:00";"PR";376;168;"MARINGA";"Condutor deixou de manter distância do veículo da frente";"Colisão traseira";"Com Vítimas Feridas";"Pleno dia";"Decrescente";"Céu Claro";"Dupla";"Reta";"Não";10;0;2;0;7;2;2;5;-23,393146;-52,009067;"SPRF-PR";"DEL09/PR";"UOP01-DEL09-PR"
777001;2026-06-07;"domingo";"16:14:00";"AL";101;234;"OLHO DAGUA GRANDE";"Ausência de reação do condutor";"Saída de leito carroçável";"Com Vítimas Feridas";"Pleno dia";"Decrescente";"Nublado";"Dupla";"Declive;Curva";"Não";1;0;1;0;0;0;1;1;-10,11715;-36,768048;"SPRF-AL";"DEL02-AL";"UOP02-DEL02-AL"
777005;2026-06-07;"domingo";"15:44:00";"MS";158;151,4;"APARECIDA DO TABOADO";"Condutor deixou de manter distância do veículo da frente";"Colisão traseira";"Sem Vítimas";"Pleno dia";"Crescente";"Céu Claro";"Simples";"Reta";"Não";3;0;0;0;2;1;0;2;-20,114598;-51,17717;"SPRF-MS";"DEL08/MS";"UOP01-DEL08-MS"
777009;2026-06-07;"domingo";"17:58:00";"PE";232;178;"BELO JARDIM";"Ultrapassagem Indevida";"Colisão lateral mesmo sentido";"Com Vítimas Fatais";"Plena Noite";"Crescente";"Chuva";"Simples";"Reta";"Sim";3;1;0;0;0;2;0;3;-8,345979;-36,414953;"SPRF-PE";"DEL03/PE";"UOP02-DEL03-PE"
777035;2026-06-07;"domingo";"18:23:00";"MT";163;932;"ITAUBA";"Conversão proibida";"Colisão traseira";"Com Vítimas Feridas";"Plena Noite";"Decrescente";"Céu Claro";"Simples";"Reta";"Não";3;0;0;1;2;0;1;2;-11,03968759;-55,2695775;"SPRF-MT";"DEL06/MT";"UOP02-DEL06-MT"
777041;2026-06-07;"domingo";"18:10:00";"RO";364;430;"JARU";"Acessar a via sem observar a presença dos outros veículos";"Colisão transversal";"Com Vítimas Feridas";"Plena Noite";"Crescente";"Céu Claro";"Simples";"Reta;Interseção de Vias";"Não";3;0;0;1;1;1;1;3;-10,406385;-62,516605;"SPRF-RO";"DEL03-RO";"UOP02-DEL03-RO"
777053;2026-06-07;"domingo";"18:20:00";"MS";163;490;"CAMPO GRANDE";"Ingestão de álcool pelo condutor";"Colisão lateral sentido oposto";"Com Vítimas Feridas";"Plena Noite";"Crescente";"Céu Claro";"Simples";"Curva";"Sim";4;0;2;0;1;1;2;4;-20,395992;-54,55732;"SPRF-MS";"DEL01/MS";"UOP02-DEL01-MS"
777054;2026-06-07;"domingo";"14:00:00";"BA";242;683;"MUQUEM DE SAO FRANCISCO";"Velocidade Incompatível";"Tombamento";"Com Vítimas Fatais";"Pleno dia";"Crescente";"Céu Claro";"Múltipla";"Curva;Declive";"Não";2;2;0;0;0;0;0;1;-12,22892;-43,833591;"SPRF-BA";"DEL10/BA";"UOP01-DEL10-BA"
777056;2026-06-07;"domingo";"19:30:00";"PE";101;139;"RIBEIRAO";"Ingestão de álcool pelo condutor";"Colisão frontal";"Com Vítimas Fatais";"Anoitecer";"Crescente";"Chuva";"Dupla";"Reta";"Não";3;1;0;0;1;1;0;3;-8,43299595;-35,3268848;"SPRF-PE";"DEL01/PE";"UOP03-DEL01-PE"
777082;2026-06-07;"domingo";"21:50:00";"TO";153;237;"COLINAS DO TOCANTINS";"Transitar na contramão";"Colisão lateral sentido oposto";"Com Vítimas Feridas";"Plena Noite";"Crescente";"Céu Claro";"Simples";"Aclive;Reta";"Não";5;0;1;0;1;4;1;5;-8,0007;-48,4649;"SPRF-TO";"DEL02-TO";"UOP01-DEL02-TO"
777089;2026-06-07;"domingo";"17:30:00";"MG";381;243;"SANTANA DO PARAISO";"Condutor deixou de manter distância do veículo da frente";"Colisão traseira";"Com Vítimas Feridas";"Anoitecer";"Crescente";"Céu Claro";"Simples";"Reta";"Não";4;0;1;1;2;0;2;2;-19,45226801;-42,51954792;"SPRF-MG";"DEL06/MG";"UOP01-DEL06-MG"
777091;2026-06-07;"domingo";"23:30:00";"BA";242;892;"BARREIRAS";"Reação tardia ou ineficiente do condutor";"Atropelamento de Pedestre";"Com Vítimas Fatais";"Plena Noite";"Decrescente";"Céu Claro";"Simples";"Reta";"Não";3;1;0;0;1;2;0;4;-12,073397;-45,659127;"SPRF-BA";"DEL10/BA";"UOP01-DEL10-BA"
777094;2026-06-07;"domingo";"23:40:00";"PR";277;631,3;"CEU AZUL";"Transitar na contramão";"Colisão frontal";"Com Vítimas Feridas";"Plena Noite";"Crescente";"Céu Claro";"Simples";"Declive;Reta";"Não";3;0;0;1;1;1;1;3;-25,1222601;-53,810208;"SPRF-PR";"DEL05/PR";"UOP02-DEL05-PR"
777096;2026-06-07;"domingo";"23:51:00";"PR";376;104;"PARANAVAI";"Transitar na contramão";"Colisão lateral sentido oposto";"Sem Vítimas";"Plena Noite";"Decrescente";"Céu Claro";"Múltipla";"Reta";"Não";2;0;0;0;2;0;0;2;-23,04883;-52,45279;"SPRF-PR";"DEL09/PR";"UOP02-DEL09-PR"
777101;2026-06-07;"domingo";"21:00:00";"MG";262;539,6;"LUZ";"Velocidade Incompatível";"Engavetamento";"Com Vítimas Feridas";"Plena Noite";"Decrescente";"Céu Claro";"Simples";"Curva;Declive";"Não";7;0;1;0;5;3;1;7;-19,717512;-45,881657;"SPRF-MG";"DEL08/MG";"UOP02-DEL08-MG"
777102;2026-06-08;"segunda-feira";"02:00:00";"MG";116;280,7;"TEOFILO OTONI";"Transitar na contramão";"Colisão lateral sentido oposto";"Com Vítimas Feridas";"Plena Noite";"Decrescente";"Nublado";"Simples";"Curva";"Não";14;0;1;0;12;1;1;3;-17,890543;-41,522317;"SPRF-MG";"DEL11/MG";"UOP01-DEL11-MG"
777108;2026-06-08;"segunda-feira";"03:49:00";"RS";101;43;"TERRA DE AREIA";"Estacionar ou parar em local proibido";"Colisão traseira";"Com Vítimas Feridas";"Plena Noite";"Crescente";"Garoa/Chuvisco";"Dupla";"Reta";"Sim";3;0;1;0;2;0;1;2;-29,5631302;-50,0486458;"SPRF-RS";"DEL03/RS";"UOP02-DEL03-RS"
777109;2026-06-08;"segunda-feira";"05:06:00";"PE";101;76,6;"RECIFE";"Condutor deixou de manter distância do veículo da frente";"Tombamento";"Com Vítimas Feridas";"Plena Noite";"Crescente";"Garoa/Chuvisco";"Dupla";"Reta";"Sim";3;0;1;0;1;3;1;5;-8,12406;-34,94384;"SPRF-PE";"DEL01/PE";"UOP01-DEL01-PE"
777112;2026-06-08;"segunda-feira";"02:20:00";"RS";116;132;"CAXIAS DO SUL";"Demais falhas mecânicas ou elétricas";"Colisão com objeto";"Com Vítimas Feridas";"Plena Noite";"Decrescente";"Chuva";"Simples";"Declive;Curva";"Não";2;0;0;1;0;1;1;2;-29,0504327;-51,0914948;"SPRF-RS";"DEL05/RS";"UOP01-DEL05-RS"
777115;2026-06-08;"segunda-feira";"05:10:00";"RS";116;336;"BARRA DO RIBEIRO";"Ausência de reação do condutor";"Saída de leito carroçável";"Com Vítimas Fatais";"Plena Noite";"Decrescente";"Chuva";"Dupla";"Reta";"Não";2;1;0;0;0;1;0;2;-30,413207;-51,458143;"SPRF-RS";"DEL02/RS";"UOP02-DEL02-RS"
777116;2026-06-07;"domingo";"20:50:00";"PR";476;4,6;"ADRIANOPOLIS";"Curva acentuada";"Tombamento";"Com Vítimas Feridas";"Plena Noite";"Decrescente";"Nublado";"Simples";"Curva";"Não";2;0;1;0;0;2;1;3;-24,6834608;-48,9915579;"SPRF-PR";"DEL01/PR";"UOP01-DEL01-PR"
777118;2026-06-08;"segunda-feira";"03:00:00";"MG";251;458;"FRANCISCO SA";"Condutor Dormindo";"Colisão frontal";"Com Vítimas Feridas";"Plena Noite";"Decrescente";"Céu Claro";"Simples";"Reta";"Não";2;0;0;1;1;0;1;2;-16,422075;-43,351353;"SPRF-MG";"DEL12/MG";"UOP01-DEL12-MG"
777120;2026-06-08;"segunda-feira";"01:21:00";"SP";116;551;"BARRA DO TURVO";"Reação tardia ou ineficiente do condutor";"Tombamento";"Com Vítimas Feridas";"Plena Noite";"Decrescente";"Céu Claro";"Simples";"Aclive;Curva";"Não";1;0;1;0;0;0;1;1;-24,9661;-48,4689;"SPRF-SP";"DEL05/SP";"UOP02-DEL05-SP"
777126;2026-06-08;"segunda-feira";"06:34:00";"RJ";116;139,8;"MAGE";"Reação tardia ou ineficiente do condutor";"Colisão transversal";"Com Vítimas Feridas";"Pleno dia";"Crescente";"Céu Claro";"Dupla";"Reta";"Não";10;0;1;1;7;1;2;3;-22,64624;-43,21048;"SPRF-RJ";"DEL01/RJ";"UOP02-DEL01-RJ"
777127;2026-06-08;"segunda-feira";"06:00:00";"BA";116;786;"PLANALTO";"Neblina";"Colisão lateral mesmo sentido";"Com Vítimas Feridas";"Anoitecer";"Decrescente";"Nevoeiro/Neblina";"Simples";"Declive;Reta";"Não";3;0;1;0;1;2;1;4;-14,6892529;-40,561348;"SPRF-BA";"DEL08/BA";"UOP02-DEL08-BA"
777138;2026-06-08;"segunda-feira";"07:45:00";"SP";116;283,4;"EMBU DAS ARTES";"Reação tardia ou ineficiente do condutor";"Tombamento";"Com Vítimas Fatais";"Amanhecer";"Decrescente";"Céu Claro";"Dupla";"Reta";"Sim";3;1;0;0;1;1;0;3;-23,66934;-46,855834;"SPRF-SP";"DEL04/SP";"UOP01-DEL04-SP"
777157;2026-06-08;"segunda-feira";"09:31:00";"BA";116;172;"CANUDOS";"Acostamento em desnível";"Colisão frontal";"Com Vítimas Fatais";"Pleno dia";"Decrescente";"Céu Claro";"Simples";"Reta";"Não";4;1;1;0;1;1;1;3;-10,244469;-39,084627;"SPRF-BA";"DEL07/BA";"UOP03-DEL07-BA"
777158;2026-06-08;"segunda-feira";"07:40:00";"MG";50;127;"UBERABA";"Condutor Dormindo";"Colisão traseira";"Com Vítimas Feridas";"Amanhecer";"Decrescente";"Céu Claro";"Dupla";"Curva";"Não";4;0;1;0;2;2;1;4;-19,360417;-48,080004;"SPRF-MG";"DEL13/MG";"UOP01-DEL13-MG"
777159;2026-05-18;"segunda-feira";"15:00:00";"CE";116;70;"CHOROZINHO";"Conversão proibida";"Colisão lateral mesmo sentido";"Com Vítimas Feridas";"Pleno dia";"Decrescente";"Céu Claro";"Simples";"Reta";"Sim";3;0;0;1;1;1;1;3;-4,33352451;-38,48010904;"SPRF-CE";"DEL01/CE";"UOP04-DEL01-CE"
777160;2026-06-08;"segunda-feira";"10:05:00";"SP";116;287;"ITAPECERICA DA SERRA";"Acessar a via sem observar a presença dos outros veículos";"Eventos atípicos";"Com Vítimas Feridas";"Pleno dia";"Decrescente";"Céu Claro";"Dupla";"Reta";"Sim";4;0;0;1;2;1;1;3;-23,700207;-46,868166;"SPRF-SP";"DEL04/SP";"UOP01-DEL04-SP"
777170;2026-06-08;"segunda-feira";"10:40:00";"RS";101;60,6;"MAQUINE";"Demais falhas mecânicas ou elétricas";"Saída de leito carroçável";"Sem Vítimas";"Pleno dia";"Decrescente";"Chuva";"Dupla";"Curva";"Não";1;0;0;0;1;0;0;1;-29,682865;-50,149007;"SPRF-RS";"DEL03/RS";"UOP02-DEL03-RS"
777177;2026-06-08;"segunda-feira";"10:46:00";"PE";101;83;"JABOATAO DOS GUARARAPES";"Ausência de reação do condutor";"Colisão traseira";"Com Vítimas Fatais";"Pleno dia";"Crescente";"Chuva";"Dupla";"Curva;Declive";"Não";4;1;0;0;2;1;0;3;-8,17775;-34,94613;"SPRF-PE";"DEL01/PE";"UOP01-DEL01-PE"
777180;2026-06-06;"sábado";"22:45:00";"PA";163;503;"ITAITUBA";"Ingestão de álcool pelo condutor";"Saída de leito carroçável";"Sem Vítimas";"Plena Noite";"Crescente";"Céu Claro";"Simples";"Reta";"Não";2;0;0;0;1;1;0;2;-5,48352;-55,843746;"SPRF-PA";"DEL05/PA";"UOP03-DEL05-PA"
777181;2026-06-08;"segunda-feira";"09:30:00";"MT";70;27;"BARRA DO GARCAS";"Transitar na contramão";"Colisão lateral sentido oposto";"Sem Vítimas";"Pleno dia";"Decrescente";"Céu Claro";"Simples";"Reta";"Não";3;0;0;0;2;1;0;3;-15,87245337;-52,3855205;"SPRF-MT";"DEL07/MT";"UOP01-DEL07-MT"
777183;2026-06-08;"segunda-feira";"07:30:00";"RJ";116;217;"ITAGUAI";"Ausência de reação do condutor";"Colisão traseira";"Com Vítimas Feridas";"Pleno dia";"Crescente";"Céu Claro";"Múltipla";"Curva";"Não";5;0;2;0;2;1;2;4;-22,70006915;-43,75180721;"SPRF-RJ";"DEL06/RJ";"UOP02-DEL06-RJ"
777186;2026-05-30;"sábado";"12:30:00";"BA";324;535;"CONCEICAO DO JACUIPE";"Velocidade Incompatível";"Engavetamento";"Com Vítimas Feridas";"Pleno dia";"Decrescente";"Garoa/Chuvisco";"Dupla";"Reta;Declive";"Sim";9;0;0;2;6;1;2;7;-12,365905;-38,81774;"SPRF-BA";"DEL11/BA";"UOP02-DEL11-BA"
777188;2026-06-08;"segunda-feira";"11:24:00";"AL";316;154;"PALMEIRA DOS INDIOS";"Condutor Dormindo";"Colisão frontal";"Com Vítimas Feridas";"Pleno dia";"Crescente";"Nublado";"Simples";"Aclive;Reta";"Sim";7;0;1;0;5;3;1;6;-9,429829;-36,639551;"SPRF-AL";"DEL03-AL";"UOP01-DEL03-AL"
777190;2026-06-08;"segunda-feira";"12:10:00";"MG";40;423,9;"CURVELO";"Reação tardia ou ineficiente do condutor";"Colisão traseira";"Com Vítimas Feridas";"Pleno dia";"Decrescente";"Céu Claro";"Dupla";"Reta";"Não";3;0;1;0;1;3;1;5;-19,15514116;-44,53132153;"SPRF-MG";"DEL02/MG";"UOP01-DEL02-MG"
777193;2026-06-08;"segunda-feira";"11:40:00";"PE";101;49;"ABREU E LIMA";"Transtornos Mentais (exceto suicidio)";"Atropelamento de Pedestre";"Com Vítimas Feridas";"Pleno dia";"Decrescente";"Sol";"Múltipla";"Reta";"Sim";3;0;1;0;1;1;1;3;-7,90721702;-34,90135236;"SPRF-PE";"DEL01/PE";"UOP02-DEL01-PE"
777194;2026-05-01;"sexta-feira";"19:00:00";"MG";251;209;"AGUAS VERMELHAS";"Ausência de reação do condutor";"Colisão lateral sentido oposto";"Com Vítimas Feridas";"Plena Noite";"Crescente";"Céu Claro";"Simples";"Reta;Declive";"Não";4;0;0;2;1;2;2;5;-15,88146958;-41,52450353;"SPRF-MG";"DEL12/MG";"UOP02-DEL12-MG"
777197;2026-06-08;"segunda-feira";"10:00:00";"MT";364;114;"PEDRA PRETA";"Ultrapassagem Indevida";"Colisão frontal";"Com Vítimas Fatais";"Pleno dia";"Crescente";"Céu Claro";"Simples";"Curva";"Não";5;2;1;0;1;5;1;8;-16,82996;-53,99957;"SPRF-MT";"DEL02/MT";"UOP02-DEL02-MT"
777198;2026-06-08;"segunda-feira";"12:08:00";"RN";304;97,5;"ACU";"Ultrapassagem Indevida";"Colisão lateral mesmo sentido";"Sem Vítimas";"Pleno dia";"Decrescente";"Céu Claro";"Simples";"Reta";"Não";2;0;0;0;1;1;0;2;-5,56712427;-37,04486847;"SPRF-RN";"DEL04-RN";"UOP01-DEL04-RN"
777202;2026-06-03;"quarta-feira";"21:30:00";"SP";116;159;"JACAREI";"Reação tardia ou ineficiente do condutor";"Colisão traseira";"Com Vítimas Feridas";"Plena Noite";"Decrescente";"Nublado";"Dupla";"Reta";"Sim";3;0;1;0;2;0;1;2;-23,2634289;-45,95602512;"SPRF-SP";"DEL02/SP";"UOP01-DEL02-SP"
777203;2026-04-25;"sábado";"05:30:00";"RJ";116;99;"GUAPIMIRIM";"Problema com o freio";"Incêndio";"Sem Vítimas";"Pleno dia";"Decrescente";"Céu Claro";"Simples";"Reta";"Sim";1;0;0;0;1;0;0;1;-22,48534247;-42,99663512;"SPRF-RJ";"DEL04/RJ";"UOP01-DEL04-RJ"
777204;2026-05-06;"quarta-feira";"03:00:00";"MT";364;183;"PEDRA PRETA";"Avarias e/ou desgaste excessivo no pneu";"Incêndio";"Sem Vítimas";"Plena Noite";"Crescente";"Céu Claro";"Simples";"Reta";"Não";2;0;0;0;1;1;0;2;-16,6143;-54,462;"SPRF-MT";"DEL02/MT";"UOP01-DEL02-MT"
777210;2026-06-08;"segunda-feira";"13:25:00";"RS";116;515,2;"PELOTAS";"Avarias e/ou desgaste excessivo no pneu";"Saída de leito carroçável";"Sem Vítimas";"Pleno dia";"Crescente";"Chuva";"Múltipla";"Reta";"Sim";1;0;0;0;1;0;0;1;-31,672861;-52,341148;"SPRF-RS";"DEL07/RS";"UOP01-DEL07-RS"
777211;2026-06-08;"segunda-feira";"13:40:00";"SC";101;140;"BALNEARIO CAMBORIU";"Reação tardia ou ineficiente do condutor";"Colisão traseira";"Com Vítimas Feridas";"Pleno dia";"Decrescente";"Nublado";"Dupla";"Reta";"Sim";2;0;1;0;1;0;1;2;-27,03769;-48,60046;"SPRF-SC";"DEL04/SC";"UOP03-DEL04-SC"
777214;2026-06-08;"segunda-feira";"13:00:00";"PR";277;445,8;"LARANJEIRAS DO SUL";"Ausência de reação do condutor";"Tombamento";"Com Vítimas Feridas";"Pleno dia";"Decrescente";"Nublado";"Simples";"Curva";"Não";2;0;1;0;0;1;1;2;-25,3713;-52,302;"SPRF-PR";"DEL04/PR";"UOP02-DEL04-PR"
777215;2026-06-08;"segunda-feira";"14:02:00";"RS";386;259,7;"FONTOURA XAVIER";"Acessar a via sem observar a presença dos outros veículos";"Colisão transversal";"Com Vítimas Feridas";"Pleno dia";"Decrescente";"Nublado";"Simples";"Curva;Desvio Temporário;Em Obras";"Não";3;0;2;0;1;0;2;2;-28,89037;-52,41317;"SPRF-RS";"DEL04/RS";"UOP03-DEL04-RS"
777217;2026-06-08;"segunda-feira";"09:00:00";"PR";277;416,7;"CANDOI";"Reação tardia ou ineficiente do condutor";"Tombamento";"Com Vítimas Feridas";"Pleno dia";"Crescente";"Céu Claro";"Simples";"Declive;Reta";"Não";1;0;1;0;0;0;1;1;-25,417109;-52,060667;"SPRF-PR";"DEL04/PR";"UOP02-DEL04-PR"
777218;2026-06-08;"segunda-feira";"13:00:00";"RJ";116;295;"BARRA MANSA";"Ausência de reação do condutor";"Colisão traseira";"Com Vítimas Feridas";"Pleno dia";"Crescente";"Céu Claro";"Dupla";"Reta";"Não";6;0;1;0;4;3;1;7;-22,459211;-44,290857;"SPRF-RJ";"DEL07/RJ";"UOP02-DEL07-RJ"
777219;2026-06-08;"segunda-feira";"14:35:00";"MG";40;546,5;"NOVA LIMA";"Ausência de reação do condutor";"Colisão traseira";"Com Vítimas Feridas";"Pleno dia";"Decrescente";"Sol";"Dupla";"Curva;Declive";"Não";4;0;0;1;2;2;1;5;-20,0168267;-43,970541;"SPRF-MG";"DEL01/MG";"UOP02-DEL01-MG"
777220;2026-06-06;"sábado";"09:50:00";"BA";110;47;"SANTA BRIGIDA";"Demais falhas mecânicas ou elétricas";"Incêndio";"Sem Vítimas";"Pleno dia";"Crescente";"Céu Claro";"Simples";"Reta";"Não";3;0;0;0;3;0;0;1;-9,834273;-38,26146;"SPRF-BA";"DEL07/BA";"UOP01-DEL07-BA"
777226;2026-06-08;"segunda-feira";"14:50:00";"RJ";116;134;"MAGE";"Trafegar com motocicleta (ou similar) entre as faixas";"Colisão lateral mesmo sentido";"Com Vítimas Feridas";"Pleno dia";"Decrescente";"Céu Claro";"Dupla";"Reta";"Sim";2;0;1;0;1;0;1;2;-22,65377943;-43,1470871;"SPRF-RJ";"DEL04/RJ";"UOP02-DEL04-RJ"
777230;2026-06-08;"segunda-feira";"14:20:00";"ES";101;313,8;"VILA VELHA";"Ausência de reação do condutor";"Saída de leito carroçável";"Sem Vítimas";"Pleno dia";"Decrescente";"Céu Claro";"Dupla";"Declive;Reta";"Não";2;0;0;0;1;2;0;3;-20,45751417;-40,46438456;"SPRF-ES";"DEL01-ES";"UOP01-DEL01-ES"
777233;2026-06-08;"segunda-feira";"15:30:00";"MG";116;562,9;"MANHUACU";"Conversão proibida";"Colisão transversal";"Com Vítimas Feridas";"Pleno dia";"Crescente";"Céu Claro";"Simples";"Reta";"Não";2;0;1;0;1;0;1;2;-20,061379;-42,171556;"SPRF-MG";"DEL06/MG";"UOP03-DEL06-MG"
777236;2026-06-08;"segunda-feira";"16:30:00";"MG";40;589;"NOVA LIMA";"Ausência de reação do condutor";"Colisão lateral mesmo sentido";"Com Vítimas Feridas";"Pleno dia";"Crescente";"Céu Claro";"Simples";"Curva;Declive";"Não";4;0;1;0;2;1;1;3;-20,0819135;-43,9793702;"SPRF-MG";"DEL01/MG";"UOP02-DEL01-MG"
777239;2026-06-08;"segunda-feira";"15:30:00";"PR";376;313,2;"ORTIGUEIRA";"Reação tardia ou ineficiente do condutor";"Engavetamento";"Com Vítimas Feridas";"Pleno dia";"Crescente";"Céu Claro";"Dupla";"Reta";"Não";7;0;1;0;5;1;1;6;-23,999139;-51,085217;"SPRF-PR";"DEL07/PR";"UOP02-DEL07-PR"
777254;2026-06-08;"segunda-feira";"17:45:00";"GO";60;116;"TEREZOPOLIS DE GOIAS";"Reação tardia ou ineficiente do condutor";"Saída de leito carroçável";"Com Vítimas Feridas";"Anoitecer";"Crescente";"Céu Claro";"Dupla";"Reta";"Não";2;0;1;0;0;2;1;3;-16,475693;-49,082594;"SPRF-GO";"DEL01/GO";"UOP01-DEL01-GO"
777260;2026-06-08;"segunda-feira";"12:00:00";"RJ";116;234;"PIRAI";"Velocidade Incompatível";"Tombamento";"Com Vítimas Feridas";"Pleno dia";"Decrescente";"Céu Claro";"Dupla";"Curva";"Não";4;0;2;0;1;1;2;3;-22,64420952;-43,89745076;"SPRF-RJ";"DEL07/RJ";"UOP01-DEL07-RJ"
777264;2026-06-08;"segunda-feira";"17:00:00";"AL";101;96,1;"RIO LARGO";"Condutor deixou de manter distância do veículo da frente";"Colisão traseira";"Sem Vítimas";"Anoitecer";"Crescente";"Céu Claro";"Simples";"Curva;Declive";"Não";3;0;0;0;2;1;0;3;-9,52659;-35,943432;"SPRF-AL";"DEL01-AL";"UOP01-DEL01-AL"
777267;2026-06-08;"segunda-feira";"19:00:00";"PE";101;42;"IGARASSU";"Trafegar com motocicleta (ou similar) entre as faixas";"Colisão lateral mesmo sentido";"Com Vítimas Feridas";"Plena Noite";"Decrescente";"Chuva";"Múltipla";"Declive;Reta";"Sim";4;0;1;0;1;2;1;4;-7,845521;-34,910252;"SPRF-PE";"DEL01/PE";"UOP02-DEL01-PE"
777270;2026-06-08;"segunda-feira";"18:13:00";"BA";116;153;"CANUDOS";"Ausência de reação do condutor";"Colisão com objeto";"Sem Vítimas";"Anoitecer";"Crescente";"Chuva";"Simples";"Reta";"Sim";2;0;0;0;1;1;0;2;-9,95562543;-39,16357605;"SPRF-BA";"DEL07/BA";"UOP03-DEL07-BA"
777272;2026-06-08;"segunda-feira";"08:30:00";"MG";381;237,9;"SANTANA DO PARAISO";"Transitar na contramão";"Colisão lateral sentido oposto";"Com Vítimas Feridas";"Pleno dia";"Decrescente";"Céu Claro";"Simples";"Reta";"Não";3;0;1;0;2;0;1;2;-19,413776;-42,490942;"SPRF-MG";"DEL06/MG";"UOP01-DEL06-MG"
777274;2026-06-08;"segunda-feira";"14:00:00";"GO";364;296;"MINEIROS";"Demais falhas mecânicas ou elétricas";"Incêndio";"Sem Vítimas";"Pleno dia";"Crescente";"Céu Claro";"Dupla";"Interseção de Vias";"Não";1;0;0;0;1;0;0;1;-17,577453;-52,518588;"SPRF-GO";"DEL05/GO";"UOP01-DEL05-GO"