"id";"data_inversa";"dia_semana";"horario";"uf";"br";"km";"municipio";"causa_acidente";"tipo_acidente";"classificacao_acidente";"fase_dia";"sentido_via";"condicao_metereologica";"tipo_pista";"tracado_via";"uso_solo";"pessoas";"mortos";"feridos_leves";"feridos_graves";"ilesos";"ignorados";"feridos";"veiculos";"latitude";"longitude";"regional";"delegacia";"uop"
777278;2026-06-08;"segunda-feira";"12:00:00";"PA";230;253;"NOVO REPARTIMENTO";"Carga excessiva e/ou mal acondicionada";"Tombamento";"Sem Vítimas";"Pleno dia";"Decrescente";"Céu Claro";"Simples";"Aclive;Curva";"Não";2;0;0;0;0;3;0;3;-4,60083;-49,7813;"SPRF-PA";"DEL03/PA";"UOP01-DEL03-PA"
777280;2026-06-08;"segunda-feira";"19:30:00";"PR";376;620;"SAO JOSE DOS PINHAIS";"Estacionar ou parar em local proibido";"Colisão traseira";"Com Vítimas Feridas";"Plena Noite";"Decrescente";"Céu Claro";"Dupla";"Reta";"Não";6;0;0;4;1;1;4;3;-25,62195781;-49,16701555;"SPRF-PR";"DEL01/PR";"UOP04-DEL01-PR"
777282;2026-06-08;"segunda-feira";"19:38:00";"SC";116;52;"PAPANDUVA";"Ausência de reação do condutor";"Colisão traseira";"Com Vítimas Feridas";"Plena Noite";"Crescente";"Céu Claro";"Simples";"Reta";"Não";2;0;1;0;1;0;1;2;-26,38971117;-50,14435954;"SPRF-SC";"DEL06/SC";"UOP01-DEL06-SC"
777283;2026-06-08;"segunda-feira";"19:40:00";"PR";376;592,7;"CURITIBA";"Trafegar com motocicleta (ou similar) entre as faixas";"Tombamento";"Com Vítimas Fatais";"Plena Noite";"Decrescente";"Céu Claro";"Dupla";"Reta";"Sim";2;1;0;0;0;1;0;2;-25,442545;-49,364375;"SPRF-PR";"DEL01/PR";"UOP06-DEL01-PR"
777284;2026-06-08;"segunda-feira";"21:00:00";"MA";135;85;"ITAPECURU MIRIM";"Ausência de reação do condutor";"Colisão com objeto";"Sem Vítimas";"Plena Noite";"Decrescente";"Céu Claro";"Simples";"Reta";"Não";4;0;0;0;3;3;0;6;-3,256467;-44,387873;"SPRF-MA";"DEL01-MA";"UOP02-DEL01-MA"
777285;2026-06-08;"segunda-feira";"13:55:00";"MT";70;706;"CACERES";"Manobra de mudança de faixa";"Colisão lateral mesmo sentido";"Com Vítimas Feridas";"Pleno dia";"Decrescente";"Céu Claro";"Simples";"Reta";"Não";4;0;2;0;1;3;2;5;-16,2418;-57,5547;"SPRF-MT";"DEL03/MT";"UOP01-DEL03-MT"
777286;2026-06-08;"segunda-feira";"19:20:00";"RS";470;195,4;"BENTO GONCALVES";"Ultrapassagem Indevida";"Colisão frontal";"Com Vítimas Feridas";"Plena Noite";"Crescente";"Nublado";"Simples";"Curva";"Não";4;0;2;0;1;1;2;3;-29,053267;-51,596158;"SPRF-RS";"DEL06/RS";"UOP02-DEL06-RS"
777294;2026-06-08;"segunda-feira";"22:02:00";"MG";365;425;"PATOS DE MINAS";"Reação tardia ou ineficiente do condutor";"Tombamento";"Com Vítimas Feridas";"Plena Noite";"Decrescente";"Céu Claro";"Simples";"Declive;Reta";"Não";3;0;2;0;0;1;2;3;-18,7111;-46,6093;"SPRF-MG";"DEL10/MG";"UOP01-DEL10-MG"
777295;2026-06-08;"segunda-feira";"18:40:00";"RO";364;190,1;"PIMENTA BUENO";"Acessar a via sem observar a presença dos outros veículos";"Colisão traseira";"Com Vítimas Feridas";"Plena Noite";"Decrescente";"Céu Claro";"Simples";"Reta";"Não";2;0;1;0;1;0;1;2;-11,721585;-61,144862;"SPRF-RO";"DEL02-RO";"UOP02-DEL02-RO"
777297;2026-06-08;"segunda-feira";"19:20:00";"MG";116;161,7;"PADRE PARAISO";"Reação tardia ou ineficiente do condutor";"Colisão frontal";"Com Vítimas Fatais";"Plena Noite";"Decrescente";"Céu Claro";"Simples";"Curva;Declive";"Não";3;2;0;0;0;1;0;3;-16,94776;-41,45585;"SPRF-MG";"DEL11/MG";"UOP02-DEL11-MG"
777298;2026-06-08;"segunda-feira";"19:55:00";"MT";163;835,4;"SINOP";"Reação tardia ou ineficiente do condutor";"Colisão frontal";"Com Vítimas Fatais";"Plena Noite";"Decrescente";"Céu Claro";"Simples";"Viaduto;Declive";"Sim";4;1;0;0;1;2;0;4;-11,85828;-55,4945268;"SPRF-MT";"DEL06/MT";"UOP02-DEL06-MT"
777303;2026-06-08;"segunda-feira";"19:45:00";"PR";376;675;"GUARATUBA";"Demais falhas mecânicas ou elétricas";"Incêndio";"Sem Vítimas";"Plena Noite";"Crescente";"Nublado";"Dupla";"Reta";"Não";2;0;0;0;1;1;0;2;-25,921447;-48,91724;"SPRF-PR";"DEL01/PR";"UOP04-DEL01-PR"
777304;2026-06-08;"segunda-feira";"22:00:00";"PR";277;241,6;"FERNANDES PINHEIRO";"Ausência de reação do condutor";"Tombamento";"Com Vítimas Fatais";"Plena Noite";"Crescente";"Céu Claro";"Simples";"Rotatória;Curva";"Não";3;1;0;0;0;2;0;3;-25,464514;-50,5752112;"SPRF-PR";"DEL08/PR";"UOP02-DEL08-PR"
777308;2026-06-08;"segunda-feira";"23:40:00";"SP";116;5,7;"QUELUZ";"Ausência de reação do condutor";"Colisão traseira";"Com Vítimas Fatais";"Pleno dia";"Decrescente";"Céu Claro";"Dupla";"Reta";"Sim";3;1;1;0;1;0;1;2;-22,53089;-44,75103;"SPRF-SP";"DEL08/SP";"UOP02-DEL08-SP"
777312;2026-06-08;"segunda-feira";"22:30:00";"GO";60;0;"ALEXANIA";"Reação tardia ou ineficiente do condutor";"Queda de ocupante de veículo";"Com Vítimas Feridas";"Plena Noite";"Crescente";"Céu Claro";"Dupla";"Declive;Reta";"Sim";2;0;1;0;0;1;1;2;-16,119305;-48,401153;"SPRF-DF";"DEL03-DF";"UOP01-DEL03-DF"
777315;2026-06-09;"terça-feira";"01:30:00";"BA";242;231;"ITABERABA";"Demais falhas mecânicas ou elétricas";"Incêndio";"Sem Vítimas";"Plena Noite";"Decrescente";"Céu Claro";"Simples";"Reta";"Não";1;0;0;0;1;0;0;1;-12,5118569;-40,3214016;"SPRF-BA";"DEL06/BA";"UOP02-DEL06-BA"
777317;2026-06-09;"terça-feira";"01:10:00";"MG";381;303;"ANTONIO DIAS";"Velocidade Incompatível";"Saída de leito carroçável";"Com Vítimas Feridas";"Plena Noite";"Decrescente";"Céu Claro";"Simples";"Desvio Temporário";"Não";2;0;1;0;0;2;1;3;-19,64452759;-42,92169571;"SPRF-MG";"DEL03/MG";"UOP02-DEL03-MG"
777318;2026-06-09;"terça-feira";"05:05:00";"MG";262;86;"ABRE CAMPO";"Condutor Dormindo";"Saída de leito carroçável";"Com Vítimas Feridas";"Amanhecer";"Crescente";"Céu Claro";"Simples";"Curva";"Não";2;0;1;0;0;1;1;2;-20,33962223;-42,43086755;"SPRF-MG";"DEL03/MG";"UOP03-DEL03-MG"
777327;2026-06-08;"segunda-feira";"19:40:00";"RJ";393;216;"VASSOURAS";"Velocidade Incompatível";"Saída de leito carroçável";"Com Vítimas Feridas";"Plena Noite";"Decrescente";"Céu Claro";"Simples";"Curva;Declive";"Não";2;0;0;1;0;1;1;2;-22,3148916;-43,5228883;"SPRF-RJ";"DEL05/RJ";"UOP03-DEL05-RJ"
777338;2026-06-09;"terça-feira";"05:30:00";"RJ";116;170;"RIO DE JANEIRO";"Manobra de mudança de faixa";"Colisão lateral mesmo sentido";"Com Vítimas Feridas";"Amanhecer";"Decrescente";"Céu Claro";"Múltipla";"Reta";"Sim";3;0;1;0;2;0;1;2;-22,811692;-43,332972;"SPRF-RJ";"DEL06/RJ";"UOP01-DEL06-RJ"
777342;2026-06-09;"terça-feira";"03:00:00";"MA";316;466;"CODO";"Sinalização mal posicionada";"Colisão traseira";"Com Vítimas Feridas";"Plena Noite";"Crescente";"Céu Claro";"Simples";"Reta";"Não";3;0;2;0;0;1;2;2;-4,547522;-44,007365;"SPRF-MA";"DEL03-MA";"UOP01-DEL03-MA"
777348;2026-06-08;"segunda-feira";"23:30:00";"RO";421;74;"CAMPO NOVO DE RONDONIA";"Ausência de reação do condutor";"Colisão traseira";"Com Vítimas Feridas";"Plena Noite";"Crescente";"Céu Claro";"Simples";"Reta";"Não";2;0;0;1;1;0;1;2;-10,34293921;-63,47603131;"SPRF-RO";"DEL03-RO";"UOP01-DEL03-RO"
777349;2026-06-09;"terça-feira";"08:30:00";"ES";101;286,8;"CARIACICA";"Manobra de mudança de faixa";"Colisão lateral mesmo sentido";"Com Vítimas Feridas";"Pleno dia";"Crescente";"Céu Claro";"Dupla";"Reta;Aclive";"Sim";3;0;2;0;0;1;2;3;-20,264015;-40,383297;"SPRF-ES";"DEL01-ES";"UOP01-DEL01-ES"
777354;2026-05-25;"segunda-feira";"16:00:00";"MS";163;180;"JUTI";"Ausência de reação do condutor";"Colisão traseira";"Com Vítimas Feridas";"Pleno dia";"Decrescente";"Céu Claro";"Simples";"Reta";"Não";3;0;1;0;1;2;1;4;-22,837449;-54,675142;"SPRF-MS";"DEL09/MS";"UOP01-DEL09-MS"
777358;2026-06-08;"segunda-feira";"17:40:00";"PE";428;13;"CABROBO";"Frear bruscamente";"Colisão traseira";"Sem Vítimas";"Anoitecer";"Decrescente";"Nublado";"Simples";"Declive;Reta";"Não";3;0;0;0;3;0;0;2;-8,500805;-39,341622;"SPRF-PE";"DEL05/PE";"UOP03-DEL05-PE"
777361;2026-04-21;"terça-feira";"03:20:00";"MG";251;263;"SALINAS";"Transitar na contramão";"Colisão frontal";"Com Vítimas Fatais";"Plena Noite";"Crescente";"Céu Claro";"Simples";"Reta";"Não";8;6;0;0;1;1;0;3;-15,998201;-41,944592;"SPRF-MG";"DEL12/MG";"UOP02-DEL12-MG"
777363;2026-06-09;"terça-feira";"09:46:00";"PE";101;51,9;"PAULISTA";"Trafegar com motocicleta (ou similar) entre as faixas";"Tombamento";"Com Vítimas Fatais";"Pleno dia";"Decrescente";"Nublado";"Dupla";"Reta";"Sim";3;2;0;0;0;1;0;2;-7,92661745;-34,89733951;"SPRF-PE";"DEL01/PE";"UOP02-DEL01-PE"
777366;2026-06-09;"terça-feira";"09:50:00";"PR";277;146,1;"BALSA NOVA";"Transitar no Acostamento";"Colisão lateral mesmo sentido";"Com Vítimas Feridas";"Pleno dia";"Crescente";"Céu Claro";"Dupla";"Curva";"Não";3;0;1;0;1;1;1;3;-25,47538993;-49,72047027;"SPRF-PR";"DEL01/PR";"UOP07-DEL01-PR"
777369;2026-06-09;"terça-feira";"06:30:00";"RO";364;675;"CANDEIAS DO JAMARI";"Reação tardia ou ineficiente do condutor";"Tombamento";"Com Vítimas Feridas";"Pleno dia";"Decrescente";"Nublado";"Simples";"Reta";"Não";2;0;1;0;0;2;1;3;-8,78086281;-63,54321448;"SPRF-RO";"DEL01-RO";"UOP01-DEL01-RO"
777386;2026-06-09;"terça-feira";"11:45:00";"SP";381;86;"SAO PAULO";"Reação tardia ou ineficiente do condutor";"Colisão lateral mesmo sentido";"Com Vítimas Feridas";"Pleno dia";"Decrescente";"Céu Claro";"Dupla";"Reta";"Sim";4;0;2;0;2;0;2;2;-23,477356;-46,560958;"SPRF-SP";"DEL03/SP";"UOP01-DEL03-SP"
777388;2026-06-09;"terça-feira";"12:00:00";"MG";381;572;"ITAGUARA";"Velocidade Incompatível";"Tombamento";"Com Vítimas Feridas";"Pleno dia";"Crescente";"Sol";"Dupla";"Reta";"Não";1;0;1;0;0;0;1;1;-20,431507;-44,551334;"SPRF-MG";"DEL04/MG";"UOP03-DEL04-MG"
777391;2026-06-09;"terça-feira";"11:25:00";"MG";146;480,3;"POCOS DE CALDAS";"Problema com o freio";"Saída de leito carroçável";"Com Vítimas Feridas";"Pleno dia";"Decrescente";"Céu Claro";"Simples";"Declive;Reta";"Não";2;0;1;1;0;0;2;1;-21,782753;-46,435704;"SPRF-MG";"DEL09/MG";"UOP01-DEL09-MG"
777392;2026-03-19;"quinta-feira";"07:15:00";"GO";50;105;"CRISTALINA";"Condutor Dormindo";"Saída de leito carroçável";"Com Vítimas Feridas";"Pleno dia";"Decrescente";"Céu Claro";"Dupla";"Reta";"Sim";2;0;1;0;0;2;1;3;-16,815988;-47,669245;"SPRF-DF";"DEL01-DF";"UOP02-DEL01-DF"
777394;2026-06-09;"terça-feira";"09:35:00";"MA";135;7,6;"SAO LUIS";"Acessar a via sem observar a presença dos outros veículos";"Colisão lateral mesmo sentido";"Sem Vítimas";"Pleno dia";"Decrescente";"Céu Claro";"Dupla";"Retorno Regulamentado";"Sim";4;0;0;0;3;1;0;2;-2,64077;-44,27144;"SPRF-MA";"DEL01-MA";"UOP01-DEL01-MA"
777400;2026-06-09;"terça-feira";"12:00:00";"RJ";116;264;"VOLTA REDONDA";"Reação tardia ou ineficiente do condutor";"Colisão traseira";"Com Vítimas Feridas";"Pleno dia";"Crescente";"Céu Claro";"Múltipla";"Aclive;Reta";"Não";4;0;1;0;2;1;1;3;-22,59273776;-44,06955527;"SPRF-RJ";"DEL07/RJ";"UOP02-DEL07-RJ"
777404;2026-06-09;"terça-feira";"13:10:00";"RS";386;440;"CANOAS";"Ausência de reação do condutor";"Colisão lateral mesmo sentido";"Sem Vítimas";"Pleno dia";"Crescente";"Garoa/Chuvisco";"Dupla";"Reta";"Não";2;0;0;0;2;0;0;2;-29,8817833;-51,239055;"SPRF-RS";"DEL01/RS";"UOP01-DEL01-RS"
777411;2026-06-09;"terça-feira";"10:00:00";"RJ";101;66;"CAMPOS DOS GOYTACAZES";"Condutor deixou de manter distância do veículo da frente";"Queda de ocupante de veículo";"Com Vítimas Feridas";"Pleno dia";"Decrescente";"Céu Claro";"Dupla";"Reta";"Sim";3;0;2;0;0;1;2;2;-21,76369374;-41,34681422;"SPRF-RJ";"DEL08/RJ";"UOP02-DEL08-RJ"
777414;2026-06-09;"terça-feira";"12:20:00";"MG";381;243;"SANTANA DO PARAISO";"Condutor Dormindo";"Colisão lateral sentido oposto";"Com Vítimas Feridas";"Pleno dia";"Decrescente";"Sol";"Simples";"Curva";"Não";3;0;1;0;1;1;1;3;-19,447784;-42,514906;"SPRF-MG";"DEL06/MG";"UOP01-DEL06-MG"
777415;2026-06-09;"terça-feira";"13:26:00";"PB";230;253,5;"JUAZEIRINHO";"Manobra de mudança de faixa";"Colisão frontal";"Com Vítimas Fatais";"Pleno dia";"Decrescente";"Sol";"Simples";"Reta";"Não";3;1;0;0;2;0;0;2;-7,02155721;-36,67109768;"SPRF-PB";"DEL03-PB";"UOP01-DEL03-PB"
777418;2026-06-09;"terça-feira";"14:20:00";"MG";381;484;"BETIM";"Reação tardia ou ineficiente do condutor";"Colisão traseira";"Com Vítimas Feridas";"Pleno dia";"Decrescente";"Céu Claro";"Múltipla";"Aclive;Curva";"Sim";5;0;2;1;1;2;3;5;-19,95976;-44,083511;"SPRF-MG";"DEL01/MG";"UOP03-DEL01-MG"
777423;2026-05-05;"terça-feira";"14:50:00";"GO";153;699;"ITUMBIARA";"Reação tardia ou ineficiente do condutor";"Colisão frontal";"Com Vítimas Feridas";"Pleno dia";"Crescente";"Céu Claro";"Simples";"Reta";"Sim";4;0;0;2;1;1;2;3;-18,37385;-49,211976;"SPRF-GO";"DEL03/GO";"UOP02-DEL03-GO"
777425;2026-06-09;"terça-feira";"11:56:00";"SC";280;58;"GUARAMIRIM";"Velocidade Incompatível";"Tombamento";"Sem Vítimas";"Pleno dia";"Crescente";"Céu Claro";"Dupla";"Rotatória";"Sim";2;0;0;0;1;1;0;2;-26,47404964;-49,02043819;"SPRF-SC";"DEL03/SC";"UOP03-DEL03-SC"
777428;2026-06-09;"terça-feira";"15:00:00";"MG";40;515;"RIBEIRAO DAS NEVES";"Reação tardia ou ineficiente do condutor";"Colisão traseira";"Com Vítimas Feridas";"Pleno dia";"Crescente";"Céu Claro";"Dupla";"Aclive;Reta";"Não";4;0;0;1;2;1;1;3;-19,811329;-44,093982;"SPRF-MG";"DEL01/MG";"UOP02-DEL01-MG"
777436;2026-06-09;"terça-feira";"16:26:00";"MG";381;486;"BETIM";"Trafegar com motocicleta (ou similar) entre as faixas";"Colisão traseira";"Com Vítimas Feridas";"Pleno dia";"Crescente";"Céu Claro";"Múltipla";"Reta";"Sim";4;0;0;1;2;1;1;4;-19,95560537;-44,11293833;"SPRF-MG";"DEL01/MG";"UOP03-DEL01-MG"
777438;2026-06-09;"terça-feira";"14:40:00";"MA";226;337;"JENIPAPO DOS VIEIRAS";"Problema com o freio";"Saída de leito carroçável";"Com Vítimas Feridas";"Pleno dia";"Decrescente";"Céu Claro";"Simples";"Reta";"Não";5;0;1;0;3;2;1;5;-5,48543;-45,51414;"SPRF-MA";"DEL06-MA";"UOP01-DEL06-MA"
777440;2026-06-09;"terça-feira";"16:40:00";"BA";116;492,2;"RAFAEL JAMBEIRO";"Demais falhas na via";"Colisão traseira";"Com Vítimas Feridas";"Pleno dia";"Crescente";"Sol";"Dupla";"Reta";"Não";6;0;3;0;2;2;3;5;-12,57375756;-39,50000938;"SPRF-BA";"DEL02/BA";"UOP01-DEL02-BA"
777441;2026-06-09;"terça-feira";"12:05:00";"RJ";116;205;"QUEIMADOS";"Demais falhas mecânicas ou elétricas";"Eventos atípicos";"Sem Vítimas";"Pleno dia";"Decrescente";"Céu Claro";"Dupla";"Reta";"Não";4;0;0;0;4;0;0;2;-22,72798694;-43,64033159;"SPRF-RJ";"DEL06/RJ";"UOP02-DEL06-RJ"
777443;2026-06-09;"terça-feira";"15:50:00";"RS";290;626;"ALEGRETE";"Ultrapassagem Indevida";"Colisão lateral mesmo sentido";"Sem Vítimas";"Pleno dia";"Crescente";"Nublado";"Simples";"Curva";"Não";5;0;0;0;4;1;0;3;-29,991767;-56,17728;"SPRF-RS";"DEL13/RS";"UOP02-DEL13-RS"
777445;2026-06-09;"terça-feira";"14:10:00";"RO";364;378;"OURO PRETO DO OESTE";"Ultrapassagem Indevida";"Colisão com objeto";"Sem Vítimas";"Pleno dia";"Decrescente";"Céu Claro";"Simples";"Curva";"Não";1;0;0;0;1;0;0;1;-10,74208948;-62,2125784;"SPRF-RO";"DEL02-RO";"UOP01-DEL02-RO"
777447;2026-06-09;"terça-feira";"16:20:00";"SC";280;51,6;"GUARAMIRIM";"Ausência de reação do condutor";"Colisão lateral mesmo sentido";"Com Vítimas Feridas";"Pleno dia";"Decrescente";"Céu Claro";"Dupla";"Reta";"Não";3;0;1;0;1;1;1;3;-26,467753;-48,961557;"SPRF-SC";"DEL03/SC";"UOP03-DEL03-SC"
777454;2026-06-09;"terça-feira";"16:20:00";"PB";101;104,2;"SANTA RITA";"Ausência de reação do condutor";"Colisão com objeto";"Sem Vítimas";"Anoitecer";"Decrescente";"Céu Claro";"Dupla";"Declive;Reta";"Não";1;0;0;0;1;0;0;1;-7,1144567;-34,9599308;"SPRF-PB";"DEL01-PB";"UOP01-DEL01-PB"
777457;2026-06-09;"terça-feira";"17:40:00";"SE";235;1;"ARACAJU";"Condutor deixou de manter distância do veículo da frente";"Colisão traseira";"Com Vítimas Feridas";"Anoitecer";"Crescente";"Céu Claro";"Dupla";"Aclive;Reta";"Sim";2;0;1;0;1;0;1;2;-10,907972;-37,089687;"SPRF-SE";"DEL01-SE";"UOP01-DEL01-SE"
777463;2026-06-09;"terça-feira";"18:00:00";"MG";381;237,5;"SANTANA DO PARAISO";"Ausência de reação do condutor";"Colisão frontal";"Com Vítimas Fatais";"Anoitecer";"Crescente";"Céu Claro";"Simples";"Reta";"Não";2;1;1;0;0;0;1;2;-19,4115121;-42,4895634;"SPRF-MG";"DEL06/MG";"UOP01-DEL06-MG"
777465;2026-06-09;"terça-feira";"18:10:00";"ES";101;149,5;"LINHARES";"Pedestre cruzava a pista fora da faixa";"Atropelamento de Pedestre";"Com Vítimas Feridas";"Plena Noite";"Crescente";"Ignorado";"Múltipla";"Reta";"Sim";5;0;1;0;4;0;1;2;-19,40007356;-40,06216971;"SPRF-ES";"DEL04-ES";"UOP01-DEL04-ES"
777467;2026-06-09;"terça-feira";"17:40:00";"RS";392;60;"PELOTAS";"Condutor deixou de manter distância do veículo da frente";"Engavetamento";"Sem Vítimas";"Plena Noite";"Decrescente";"Céu Claro";"Simples";"Reta;Aclive;Ponte";"Não";5;0;0;0;3;2;0;4;-31,78378378;-52,35566584;"SPRF-RS";"DEL07/RS";"UOP02-DEL07-RS"
777471;2026-01-08;"quinta-feira";"16:00:00";"PE";408;78,7;"PAUDALHO";"Carga excessiva e/ou mal acondicionada";"Tombamento";"Com Vítimas Feridas";"Pleno dia";"Decrescente";"Céu Claro";"Dupla";"Reta";"Não";2;0;1;0;0;1;1;2;-7,9616;-35,09382;"SPRF-PE";"DEL01/PE";"UOP01-DEL01-PE"
777478;2026-06-09;"terça-feira";"07:42:00";"MA";135;43;"BACABEIRA";"Ausência de reação do condutor";"Colisão traseira";"Sem Vítimas";"Pleno dia";"Crescente";"Céu Claro";"Dupla";"Reta";"Sim";3;0;0;0;3;0;0;2;-2,91516207;-44,35084015;"SPRF-MA";"DEL01-MA";"UOP01-DEL01-MA"
777486;2026-06-09;"terça-feira";"18:40:00";"RJ";393;176;"TRES RIOS";"Acessar a via sem observar a presença dos outros veículos";"Colisão traseira";"Com Vítimas Feridas";"Plena Noite";"Crescente";"Céu Claro";"Simples";"Reta";"Não";3;0;1;0;1;1;1;3;-22,12793408;-43,23688444;"SPRF-RJ";"DEL05/RJ";"UOP03-DEL05-RJ"
777493;2026-06-09;"terça-feira";"17:45:00";"SC";101;336;"TUBARAO";"Condutor deixou de manter distância do veículo da frente";"Colisão traseira";"Com Vítimas Feridas";"Anoitecer";"Decrescente";"Céu Claro";"Dupla";"Declive;Reta";"Sim";4;0;1;0;2;1;1;3;-28,4782149;-49,03219096;"SPRF-SC";"DEL02/SC";"UOP01-DEL02-SC"
777494;2026-06-09;"terça-feira";"18:30:00";"MG";262;118;"RIO CASCA";"Pista Escorregadia";"Queda de ocupante de veículo";"Com Vítimas Feridas";"Plena Noite";"Crescente";"Céu Claro";"Simples";"Curva";"Não";3;0;1;0;1;1;1;3;-20,228954;-42,639011;"SPRF-MG";"DEL03/MG";"UOP03-DEL03-MG"
777495;2026-06-09;"terça-feira";"18:45:00";"RS";285;227;"CASEIROS";"Ultrapassagem Indevida";"Colisão frontal";"Com Vítimas Feridas";"Plena Noite";"Decrescente";"Céu Claro";"Simples";"Reta";"Sim";6;0;2;0;3;2;2;6;-28,2485;-51,7665;"SPRF-RS";"DEL08/RS";"UOP05-DEL08-RS"
777499;2026-06-09;"terça-feira";"11:00:00";"RJ";493;21,3;"GUAPIMIRIM";"Reação tardia ou ineficiente do condutor";"Colisão traseira";"Com Vítimas Feridas";"Pleno dia";"Decrescente";"Céu Claro";"Simples";"Reta;Em Obras";"Não";4;0;1;0;3;0;1;3;-22,554911;-42,992065;"SPRF-RJ";"DEL04/RJ";"UOP02-DEL04-RJ"
777513;2026-06-09;"terça-feira";"21:38:00";"PA";10;313;"IRITUIA";"Transitar na contramão";"Colisão frontal";"Com Vítimas Feridas";"Plena Noite";"Crescente";"Céu Claro";"Simples";"Aclive";"Não";2;0;1;0;0;1;1;2;-1,685168;-47,50191;"SPRF-PA";"DEL01/PA";"UOP02-DEL01-PA"
777514;2026-01-19;"segunda-feira";"14:40:00";"BA";324;617;"SALVADOR";"Ausência de reação do condutor";"Colisão lateral mesmo sentido";"Com Vítimas Feridas";"Pleno dia";"Crescente";"Céu Claro";"Dupla";"Reta";"Sim";4;0;0;1;2;2;1;4;-12,8881;-38,441347;"SPRF-BA";"DEL01/BA";"UOP01-DEL01-BA"
777516;2026-06-09;"terça-feira";"21:15:00";"RS";116;16,3;"VACARIA";"Ultrapassagem Indevida";"Colisão frontal";"Com Vítimas Feridas";"Plena Noite";"Decrescente";"Céu Claro";"Simples";"Curva;Aclive";"Não";2;0;0;1;1;0;1;2;-28,3410719;-50,8119363;"SPRF-RS";"DEL05/RS";"UOP03-DEL05-RS"
777518;2026-06-09;"terça-feira";"23:15:00";"SC";116;133,3;"SANTA CECILIA";"Ausência de reação do condutor";"Colisão com objeto";"Sem Vítimas";"Plena Noite";"Decrescente";"Nublado";"Simples";"Reta;Aclive";"Não";1;0;0;0;1;0;0;1;-26,918535;-50,445542;"SPRF-SC";"DEL06/SC";"UOP02-DEL06-SC"
777524;2026-06-10;"quarta-feira";"00:30:00";"PR";277;58,9;"SAO JOSE DOS PINHAIS";"Reação tardia ou ineficiente do condutor";"Colisão traseira";"Com Vítimas Feridas";"Plena Noite";"Crescente";"Nublado";"Dupla";"Aclive;Reta";"Não";3;0;1;0;1;4;1;6;-25,55738203;-49,02499473;"SPRF-PR";"DEL01/PR";"UOP01-DEL01-PR"
777526;2026-06-09;"terça-feira";"22:45:00";"MG";381;610,7;"OLIVEIRA";"Demais falhas mecânicas ou elétricas";"Tombamento";"Com Vítimas Feridas";"Plena Noite";"Decrescente";"Nublado";"Dupla";"Reta";"Não";4;0;0;1;2;2;1;5;-20,68432885;-44,7391877;"SPRF-MG";"DEL04/MG";"UOP01-DEL04-MG"
777530;2026-06-10;"quarta-feira";"01:00:00";"BA";324;563,6;"SAO SEBASTIAO DO PASSE";"Fumaça";"Incêndio";"Sem Vítimas";"Plena Noite";"Crescente";"Céu Claro";"Múltipla";"Reta";"Não";2;0;0;0;1;2;0;3;-12,5065733;-38,634725;"SPRF-BA";"DEL01/BA";"UOP01-DEL01-BA"
777536;2026-06-10;"quarta-feira";"03:40:00";"MS";163;569;"BANDEIRANTES";"Velocidade Incompatível";"Atropelamento de Animal";"Com Vítimas Feridas";"Plena Noite";"Decrescente";"Nublado";"Simples";"Aclive;Reta";"Não";2;0;0;1;1;0;1;1;-19,735838;-54,35267;"SPRF-MS";"DEL01/MS";"UOP02-DEL01-MS"
777537;2026-06-10;"quarta-feira";"04:23:00";"GO";153;197;"URUACU";"Ausência de reação do condutor";"Queda de ocupante de veículo";"Com Vítimas Feridas";"Amanhecer";"Crescente";"Céu Claro";"Simples";"Aclive";"Não";2;0;1;0;0;1;1;2;-14,50004544;-49,15034294;"SPRF-GO";"DEL07/GO";"UOP02-DEL07-GO"
777543;2026-06-10;"quarta-feira";"06:45:00";"GO";60;107;"GOIANAPOLIS";"Condutor Dormindo";"Colisão traseira";"Com Vítimas Feridas";"Pleno dia";"Decrescente";"Céu Claro";"Dupla";"Reta";"Não";4;0;1;0;2;2;1;5;-16,43128;-49,01803;"SPRF-GO";"DEL02/GO";"UOP01-DEL02-GO"
777544;2026-06-10;"quarta-feira";"06:45:00";"ES";101;335;"GUARAPARI";"Reação tardia ou ineficiente do condutor";"Colisão transversal";"Com Vítimas Feridas";"Amanhecer";"Crescente";"Céu Claro";"Dupla";"Retorno Regulamentado;Curva";"Sim";3;0;1;0;1;1;1;3;-20,62826;-40,52756;"SPRF-ES";"DEL03-ES";"UOP01-DEL03-ES"
777545;2026-06-09;"terça-feira";"22:45:00";"MG";251;511;"FRANCISCO SA";"Carga excessiva e/ou mal acondicionada";"Tombamento";"Sem Vítimas";"Plena Noite";"Crescente";"Nublado";"Simples";"Declive;Reta";"Não";1;0;0;0;1;0;0;1;-16,637856;-43,698524;"SPRF-MG";"DEL12/MG";"UOP01-DEL12-MG"
777546;2026-06-10;"quarta-feira";"03:00:00";"BA";110;378;"CATU";"Curva acentuada";"Colisão transversal";"Com Vítimas Fatais";"Plena Noite";"Crescente";"Céu Claro";"Simples";"Aclive";"Não";5;3;0;0;1;2;0;4;-12,4125997;-38,4393338;"SPRF-BA";"DEL01/BA";"UOP01-DEL01-BA"
777547;2026-06-10;"quarta-feira";"06:00:00";"PR";277;31;"MORRETES";"Condutor Dormindo";"Tombamento";"Com Vítimas Feridas";"Amanhecer";"Decrescente";"Nevoeiro/Neblina";"Dupla";"Reta";"Não";2;0;1;0;0;2;1;3;-25,5568829;-48,803961;"SPRF-PR";"DEL01/PR";"UOP05-DEL01-PR"