"id";"data_inversa";"dia_semana";"horario";"uf";"br";"km";"municipio";"causa_acidente";"tipo_acidente";"classificacao_acidente";"fase_dia";"sentido_via";"condicao_metereologica";"tipo_pista";"tracado_via";"uso_solo";"pessoas";"mortos";"feridos_leves";"feridos_graves";"ilesos";"ignorados";"feridos";"veiculos";"latitude";"longitude";"regional";"delegacia";"uop"
778165;2026-06-12;"sexta-feira";"14:00:00";"MG";262;439;"NOVA SERRANA";"Ausência de reação do condutor";"Colisão lateral mesmo sentido";"Com Vítimas Feridas";"Pleno dia";"Decrescente";"Céu Claro";"Dupla";"Reta";"Sim";4;0;1;0;2;1;1;3;-19,86646;-44,99154;NA;NA;NA
778169;2026-05-31;"domingo";"18:55:00";"PA";163;618;"TRAIRAO";"Curva acentuada";"Colisão frontal";"Sem Vítimas";"Plena Noite";"Decrescente";"Céu Claro";"Múltipla";"Curva;Declive";"Não";3;0;0;0;2;2;0;4;-4,73283374;-56,0483507;NA;NA;NA
778175;2026-06-12;"sexta-feira";"17:30:00";"RJ";116;287;"BARRA MANSA";"Reação tardia ou ineficiente do condutor";"Colisão traseira";"Com Vítimas Feridas";"Anoitecer";"Crescente";"Céu Claro";"Dupla";"Reta";"Não";4;0;1;0;2;1;1;4;-22,495808;-44,23843;NA;NA;NA
778194;2026-06-12;"sexta-feira";"18:45:00";"PR";277;533,7;"GUARANIACU";"Acessar a via sem observar a presença dos outros veículos";"Colisão transversal";"Com Vítimas Feridas";"Plena Noite";"Decrescente";"Céu Claro";"Simples";"Reta";"Não";5;0;3;0;1;2;3;4;-25,096792;-52,96686464;NA;NA;NA
778197;2026-06-11;"quinta-feira";"12:50:00";"BA";116;906,6;"CANDIDO SALES";"Reação tardia ou ineficiente do condutor";"Colisão frontal";"Com Vítimas Feridas";"Pleno dia";"Crescente";"Céu Claro";"Simples";"Reta";"Não";4;0;2;1;1;0;3;2;-15,29145;-41,14244;NA;NA;NA
778199;2026-06-12;"sexta-feira";"18:30:00";"PI";316;287;"DOM EXPEDITO LOPES";"Ausência de reação do condutor";"Colisão transversal";"Com Vítimas Feridas";"Anoitecer";"Decrescente";"Céu Claro";"Simples";"Reta";"Não";6;0;1;1;2;5;2;8;-6,985048;-41,632253;NA;NA;NA
778203;2026-06-12;"sexta-feira";"18:50:00";"MG";40;673;"CARANDAI";"Conversão proibida";"Colisão traseira";"Com Vítimas Feridas";"Plena Noite";"Crescente";"Céu Claro";"Dupla";"Aclive";"Não";3;0;2;0;1;0;2;2;-20,9859127;-43,7813689;NA;NA;NA
778211;2026-06-12;"sexta-feira";"18:58:00";"PI";343;304,6;"ALTOS";"Entrada inopinada do pedestre";"Atropelamento de Pedestre";"Com Vítimas Feridas";"Plena Noite";"Decrescente";"Céu Claro";"Simples";"Reta";"Sim";3;0;0;1;1;1;1;3;-5,0335;-42,441077;NA;NA;NA
778217;2026-06-12;"sexta-feira";"20:30:00";"ES";262;75,9;"DOMINGOS MARTINS";"Mal súbito do condutor";"Colisão frontal";"Com Vítimas Fatais";"Plena Noite";"Decrescente";"Chuva";"Simples";"Curva";"Não";3;1;0;0;1;1;0;3;-20,413094;-40,907833;NA;NA;NA
778221;2026-06-12;"sexta-feira";"21:00:00";"RN";110;52,1;"MOSSORO";"Demais falhas mecânicas ou elétricas";"Incêndio";"Sem Vítimas";"Plena Noite";"Crescente";"Céu Claro";"Simples";"Reta";"Sim";2;0;0;0;1;3;0;4;-5,235586;-37,331915;NA;NA;NA
778229;2026-06-12;"sexta-feira";"22:06:00";"SP";116;319,1;"JUQUITIBA";"Transitar no Acostamento";"Colisão lateral mesmo sentido";"Sem Vítimas";"Plena Noite";"Crescente";"Céu Claro";"Dupla";"Curva";"Não";3;0;0;0;1;2;0;3;-23,915728;-46,98930325;NA;NA;NA
778236;2026-06-12;"sexta-feira";"17:17:00";"RO";364;19;"VILHENA";"Manobra de mudança de faixa";"Colisão lateral sentido oposto";"Com Vítimas Feridas";"Pleno dia";"Crescente";"Céu Claro";"Simples";"Reta";"Não";4;0;0;1;2;3;1;5;-12,72826325;-60,18048585;NA;NA;NA
778238;2026-06-12;"sexta-feira";"22:00:00";"BA";110;76;"JEREMOABO";"Acessar a via sem observar a presença dos outros veículos";"Colisão frontal";"Com Vítimas Fatais";"Plena Noite";"Crescente";"Céu Claro";"Simples";"Curva";"Não";3;1;0;1;1;0;1;2;-10,06348891;-38,34468691;NA;NA;NA
778240;2026-06-12;"sexta-feira";"19:00:00";"RO";364;89;"VILHENA";"Avarias e/ou desgaste excessivo no pneu";"Saída de leito carroçável";"Com Vítimas Feridas";"Plena Noite";"Decrescente";"Céu Claro";"Simples";"Reta";"Não";1;0;1;0;0;0;1;1;-12,36471128;-60,62477589;NA;NA;NA
778246;2026-06-12;"sexta-feira";"18:15:00";"AL";423;24;"CANAPI";"Deficiência do Sistema de Iluminação/Sinalização";"Colisão traseira";"Com Vítimas Feridas";"Plena Noite";"Decrescente";"Céu Claro";"Simples";"Reta";"Não";5;0;2;2;1;0;4;3;-9,189298;-37,501898;NA;NA;NA
778252;2026-06-12;"sexta-feira";"22:00:00";"MG";262;550;"CORREGO DANTA";"Velocidade Incompatível";"Tombamento";"Com Vítimas Feridas";"Plena Noite";"Crescente";"Nublado";"Simples";"Aclive;Curva";"Não";2;0;1;0;0;1;1;2;-19,74190421;-45,94546795;NA;NA;NA
778260;2026-06-12;"sexta-feira";"22:30:00";"AL";316;177,5;"BELEM";"Demais falhas mecânicas ou elétricas";"Incêndio";"Sem Vítimas";"Plena Noite";"Crescente";"Céu Claro";"Simples";"Reta";"Não";3;0;0;0;3;0;0;1;-9,58583184;-36,49051085;NA;NA;NA
778261;2026-06-12;"sexta-feira";"22:10:00";"BA";242;139;"RAFAEL JAMBEIRO";"Transitar na contramão";"Colisão frontal";"Com Vítimas Feridas";"Plena Noite";"Decrescente";"Céu Claro";"Simples";"Reta";"Não";2;0;0;1;0;1;1;2;-12,56638;-39,53122;NA;NA;NA
778267;2026-06-13;"sábado";"01:45:00";"MS";262;238,3;"RIBAS DO RIO PARDO";"Pedestre andava na pista";"Atropelamento de Pedestre";"Com Vítimas Feridas";"Plena Noite";"Decrescente";"Céu Claro";"Simples";"Reta";"Sim";3;0;0;1;1;3;1;5;-20,456272;-53,749244;NA;NA;NA
778270;2026-06-13;"sábado";"03:15:00";"RS";285;567,9;"SAO LUIZ GONZAGA";"Reação tardia ou ineficiente do condutor";"Colisão frontal";"Sem Vítimas";"Plena Noite";"Crescente";"Nevoeiro/Neblina";"Simples";"Reta";"Não";3;0;0;0;2;1;0;2;-28,419107;-54,956947;NA;NA;NA
778271;2026-06-13;"sábado";"01:50:00";"ES";259;88,4;"BAIXO GUANDU";"Condutor Dormindo";"Saída de leito carroçável";"Com Vítimas Feridas";"Plena Noite";"Crescente";"Ignorado";"Simples";"Curva";"Não";2;0;1;0;0;2;1;3;-19,5115982;-40,88115089;NA;NA;NA
778272;2026-06-13;"sábado";"03:00:00";"BA";116;782;"PLANALTO";"Ingestão de álcool pelo condutor";"Colisão lateral sentido oposto";"Com Vítimas Feridas";"Plena Noite";"Decrescente";"Nevoeiro/Neblina";"Simples";"Reta";"Sim";10;0;4;1;2;3;5;5;-14,679869;-40,519046;NA;NA;NA
778273;2026-06-13;"sábado";"02:25:00";"SP";116;56;"LORENA";"Reação tardia ou ineficiente do condutor";"Colisão traseira";"Com Vítimas Feridas";"Plena Noite";"Decrescente";"Nublado";"Dupla";"Reta";"Não";3;0;1;0;2;0;1;2;-22,77082;-45,13265;NA;NA;NA
778274;2026-06-13;"sábado";"02:40:00";"TO";153;498;"PARAISO DO TOCANTINS";"Ausência de reação do condutor";"Colisão traseira";"Sem Vítimas";"Plena Noite";"Crescente";"Ignorado";"Dupla";"Reta;Aclive";"Sim";4;0;0;0;3;1;0;3;-10,1880222;-48,88042873;NA;NA;NA
778300;2026-06-12;"sexta-feira";"23:00:00";"BA";110;205;"CIPO";"Acessar a via sem observar a presença dos outros veículos";"Colisão frontal";"Sem Vítimas";"Plena Noite";"Decrescente";"Céu Claro";"Simples";"Reta";"Sim";2;0;0;0;0;2;0;2;-11,10396;-38,51775;NA;NA;NA
778301;2026-06-13;"sábado";"03:51:00";"PA";163;667;"ITAITUBA";"Ingestão de álcool pelo condutor";"Colisão lateral sentido oposto";"Sem Vítimas";"Plena Noite";"Decrescente";"Nevoeiro/Neblina";"Simples";"Declive";"Não";4;0;0;0;3;3;0;5;-4,4031;-55,7945;NA;NA;NA
778303;2026-06-13;"sábado";"05:00:00";"RJ";116;256;"PINHEIRAL";"Reação tardia ou ineficiente do condutor";"Colisão traseira";"Com Vítimas Feridas";"Amanhecer";"Crescente";"Nevoeiro/Neblina";"Dupla";"Reta";"Não";2;0;1;0;1;0;1;2;-22,58490683;-44,05358891;NA;NA;NA
778311;2026-06-13;"sábado";"07:50:00";"MG";40;248;"SAO GONCALO DO ABAETE";"Chuva";"Saída de leito carroçável";"Com Vítimas Feridas";"Pleno dia";"Decrescente";"Chuva";"Simples";"Curva";"Não";2;0;1;1;0;0;2;1;-18,113958;-45,458367;NA;NA;NA
778317;2026-06-13;"sábado";"09:10:00";"GO";60;72,9;"ABADIANIA";"Demais falhas mecânicas ou elétricas";"Colisão com objeto";"Com Vítimas Feridas";"Pleno dia";"Crescente";"Céu Claro";"Dupla";"Declive;Reta";"Não";3;0;0;1;2;0;1;3;-16,269444;-48,769193;NA;NA;NA
778318;2026-06-13;"sábado";"07:30:00";"BA";101;320,5;"PRESIDENTE TANCREDO NEVES";"Pedestre cruzava a pista fora da faixa";"Atropelamento de Pedestre";"Com Vítimas Fatais";"Pleno dia";"Decrescente";"Céu Claro";"Simples";"Reta";"Não";3;1;0;0;1;2;0;4;-13,3986594;-39,4032393;NA;NA;NA
778321;2026-06-13;"sábado";"08:47:00";"MG";381;907,3;"CAMBUI";"Avarias e/ou desgaste excessivo no pneu";"Colisão traseira";"Com Vítimas Feridas";"Pleno dia";"Decrescente";"Nublado";"Dupla";"Curva;Declive";"Não";3;0;1;0;1;1;1;2;-22,67573603;-46,09785374;NA;NA;NA
778322;2026-06-13;"sábado";"09:26:00";"TO";153;677;"GURUPI";"Ausência de reação do condutor";"Colisão traseira";"Com Vítimas Feridas";"Pleno dia";"Crescente";"Céu Claro";"Simples";"Em Obras;Reta";"Sim";5;0;1;1;2;1;2;4;-11,76628169;-49,10100532;NA;NA;NA
778327;2026-06-13;"sábado";"08:00:00";"MG";381;314,9;"NOVA ERA";"Velocidade Incompatível";"Colisão traseira";"Com Vítimas Fatais";"Pleno dia";"Decrescente";"Nublado";"Simples";"Curva";"Não";3;1;0;1;1;0;1;3;-19,70104;-42,9959;NA;NA;NA
778328;2026-06-13;"sábado";"09:20:00";"PR";476;151,3;"ARAUCARIA";"Ausência de reação do condutor";"Colisão lateral mesmo sentido";"Com Vítimas Fatais";"Pleno dia";"Crescente";"Céu Claro";"Dupla";"Reta";"Sim";7;1;1;0;4;1;1;6;-25,56561379;-49,37974691;NA;NA;NA
778329;2026-06-13;"sábado";"09:20:00";"ES";262;95;"DOMINGOS MARTINS";"Reação tardia ou ineficiente do condutor";"Colisão lateral sentido oposto";"Com Vítimas Feridas";"Pleno dia";"Decrescente";"Céu Claro";"Simples";"Reta";"Sim";3;0;0;1;1;1;1;3;-20,3629567;-41,07084;NA;NA;NA
778340;2026-06-13;"sábado";"11:10:00";"BA";116;688;"JEQUIE";"Ausência de reação do condutor";"Colisão transversal";"Com Vítimas Feridas";"Pleno dia";"Crescente";"Céu Claro";"Simples";"Reta";"Não";5;0;1;0;3;2;1;4;-13,97109;-40,170397;NA;NA;NA
778342;2026-06-13;"sábado";"10:00:00";"MG";116;777;"LEOPOLDINA";"Ausência de reação do condutor";"Tombamento";"Com Vítimas Feridas";"Pleno dia";"Decrescente";"Céu Claro";"Simples";"Curva";"Não";2;0;1;0;0;1;1;2;-21,60159985;-42,69912624;NA;NA;NA
778344;2026-06-13;"sábado";"12:40:00";"TO";153;692;"CARIRI DO TOCANTINS";"Condutor deixou de manter distância do veículo da frente";"Colisão traseira";"Sem Vítimas";"Pleno dia";"Crescente";"Céu Claro";"Simples";"Reta;Aclive";"Não";3;0;0;0;2;1;0;3;-11,884821;-49,163131;NA;NA;NA
778345;2026-06-13;"sábado";"08:30:00";"MT";158;630;"NOVA XAVANTINA";"Reação tardia ou ineficiente do condutor";"Saída de leito carroçável";"Com Vítimas Feridas";"Pleno dia";"Crescente";"Céu Claro";"Simples";"Reta";"Não";3;0;2;0;0;2;2;3;-14,53573263;-52,34779358;NA;NA;NA
778360;2026-06-13;"sábado";"12:10:00";"SC";116;267,7;"CAPAO ALTO";"Acessar a via sem observar a presença dos outros veículos";"Colisão transversal";"Com Vítimas Fatais";"Pleno dia";"Crescente";"Nublado";"Simples";"Reta;Interseção de Vias";"Não";5;2;0;0;1;2;0;4;-27,9563;-50,4842267;NA;NA;NA
778361;2026-06-13;"sábado";"12:37:00";"PR";277;585;"CASCAVEL";"Manobra de mudança de faixa";"Colisão lateral mesmo sentido";"Com Vítimas Feridas";"Pleno dia";"Decrescente";"Céu Claro";"Dupla";"Aclive;Reta";"Sim";6;0;3;0;2;3;3;5;-24,973973;-53,391397;NA;NA;NA
778364;2026-06-04;"quinta-feira";"01:40:00";"GO";364;262;"MINEIROS";"Ausência de reação do condutor";"Saída de leito carroçável";"Com Vítimas Feridas";"Plena Noite";"Crescente";"Céu Claro";"Simples";"Reta";"Não";1;0;0;1;0;0;1;1;-17,66848119;-52,2469197;NA;NA;NA
778377;2026-06-13;"sábado";"15:30:00";"MG";381;937,5;"EXTREMA";"Velocidade Incompatível";"Tombamento";"Com Vítimas Feridas";"Pleno dia";"Decrescente";"Nublado";"Múltipla";"Curva";"Não";1;0;1;0;0;0;1;1;-22,8119394;-46,2873488;NA;NA;NA
778382;2026-06-13;"sábado";"16:00:00";"PR";116;62;"CAMPINA GRANDE DO SUL";"Condutor Dormindo";"Colisão traseira";"Com Vítimas Feridas";"Pleno dia";"Crescente";"Céu Claro";"Dupla";"Reta";"Não";2;0;0;1;1;0;1;2;-25,28034486;-48,92651637;NA;NA;NA
778385;2026-06-13;"sábado";"14:00:00";"RJ";40;88;"PETROPOLIS";"Problema com o freio";"Saída de leito carroçável";"Sem Vítimas";"Pleno dia";"Crescente";"Céu Claro";"Dupla";"Reta";"Não";2;0;0;0;2;0;0;1;-22,5478;-43,23127333;NA;NA;NA
778390;2026-06-13;"sábado";"14:11:00";"GO";364;239;"JATAI";"Condutor Dormindo";"Colisão lateral sentido oposto";"Com Vítimas Feridas";"Pleno dia";"Crescente";"Céu Claro";"Simples";"Reta";"Não";4;0;2;0;0;5;2;7;-17,784954;-52,077362;NA;NA;NA
778392;2026-06-13;"sábado";"16:00:00";"PR";476;180,3;"CONTENDA";"Condutor deixou de manter distância do veículo da frente";"Colisão traseira";"Com Vítimas Feridas";"Pleno dia";"Crescente";"Céu Claro";"Simples";"Reta";"Não";3;0;1;0;1;2;1;4;-25,70872384;-49,60052188;NA;NA;NA
778404;2026-06-13;"sábado";"13:40:00";"SP";116;127;"CACAPAVA";"Manobra de mudança de faixa";"Colisão lateral mesmo sentido";"Com Vítimas Feridas";"Pleno dia";"Decrescente";"Sol";"Dupla";"Curva;Declive";"Sim";5;0;2;0;2;1;2;3;-23,11029044;-45,70326447;NA;NA;NA
778405;2026-06-13;"sábado";"16:24:00";"MT";364;367;"SANTO ANTONIO DO LEVERGER";"Ausência de reação do condutor";"Colisão lateral mesmo sentido";"Com Vítimas Feridas";"Pleno dia";"Crescente";"Céu Claro";"Dupla";"Curva";"Não";5;0;1;0;3;1;1;3;-15,725114;-55,672352;NA;NA;NA
778406;2026-06-13;"sábado";"13:00:00";"AL";101;181,2;"JUNQUEIRO";"Reação tardia ou ineficiente do condutor";"Tombamento";"Com Vítimas Fatais";"Pleno dia";"Decrescente";"Nublado";"Dupla";"Declive;Curva";"Não";2;1;0;0;0;1;0;2;-9,896235;-36,405907;NA;NA;NA
778411;2026-06-13;"sábado";"16:00:00";"MG";381;156;"GOVERNADOR VALADARES";"Demais falhas na via";"Queda de ocupante de veículo";"Com Vítimas Feridas";"Pleno dia";"Crescente";"Nublado";"Simples";"Reta";"Não";2;0;1;0;1;0;1;1;-18,915489;-42,011366;NA;NA;NA
778415;2026-06-13;"sábado";"17:00:00";"PI";316;274,9;"DOM EXPEDITO LOPES";"Condutor Dormindo";"Tombamento";"Com Vítimas Feridas";"Anoitecer";"Decrescente";"Céu Claro";"Simples";"Aclive;Curva";"Não";2;0;0;1;0;1;1;2;-6,95141034;-41,72460906;NA;NA;NA
778418;2026-06-13;"sábado";"18:40:00";"GO";414;392,5;"CORUMBA DE GOIAS";"Pedestre andava na pista";"Atropelamento de Pedestre";"Com Vítimas Fatais";"Plena Noite";"Crescente";"Céu Claro";"Simples";"Reta";"Não";3;1;0;0;1;1;0;3;-15,913249;-48,803611;NA;NA;NA
778424;2026-06-13;"sábado";"19:35:00";"SC";101;144;"ITAPEMA";"Animais na Pista";"Atropelamento de Animal";"Com Vítimas Feridas";"Plena Noite";"Decrescente";"Céu Claro";"Dupla";"Reta";"Sim";2;0;1;0;1;0;1;2;-27,07868499;-48,59947857;NA;NA;NA
778425;2026-05-12;"terça-feira";"21:00:00";"SC";116;107,2;"MONTE CASTELO";"Velocidade Incompatível";"Saída de leito carroçável";"Com Vítimas Fatais";"Plena Noite";"Decrescente";"Nublado";"Simples";"Curva;Declive";"Não";1;1;0;0;0;0;0;1;-26,756555;-50,3291;NA;NA;NA
778440;2026-06-13;"sábado";"20:30:00";"MG";262;49;"MANHUACU";"Conversão proibida";"Colisão traseira";"Com Vítimas Feridas";"Plena Noite";"Decrescente";"Nublado";"Simples";"Reta";"Não";2;0;1;0;1;0;1;2;-20,242783;-42,135285;NA;NA;NA
778442;2026-04-15;"quarta-feira";"04:00:00";"PR";277;38;"MORRETES";"Velocidade Incompatível";"Tombamento";"Com Vítimas Feridas";"Plena Noite";"Decrescente";"Céu Claro";"Dupla";"Curva";"Não";3;0;0;1;1;5;1;7;-25,574583;-48,853855;NA;NA;NA
778445;2026-06-13;"sábado";"16:00:00";"MA";230;310;"SAO RAIMUNDO DAS MANGABEIRAS";"Ultrapassagem Indevida";"Tombamento";"Com Vítimas Feridas";"Pleno dia";"Decrescente";"Céu Claro";"Simples";"Reta";"Não";3;0;1;0;1;2;1;4;-7,003897;-45,450188;NA;NA;NA
778448;2026-06-13;"sábado";"20:40:00";"PR";163;148,4;"SANTA LUCIA";"Ausência de reação do condutor";"Colisão traseira";"Com Vítimas Feridas";"Plena Noite";"Decrescente";"Céu Claro";"Simples";"Reta;Em Obras;Viaduto;Declive";"Sim";4;0;1;0;2;2;1;4;-25,408976;-53,572052;NA;NA;NA
778455;2026-06-13;"sábado";"13:06:00";"BA";116;793;"VITORIA DA CONQUISTA";"Velocidade Incompatível";"Saída de leito carroçável";"Com Vítimas Feridas";"Pleno dia";"Decrescente";"Céu Claro";"Simples";"Reta;Aclive";"Não";5;0;4;0;0;1;4;2;-14,717305;-40,615247;NA;NA;NA
778456;2026-06-13;"sábado";"20:10:00";"SP";116;454;"REGISTRO";"Ausência de reação do condutor";"Colisão traseira";"Com Vítimas Feridas";"Anoitecer";"Decrescente";"Céu Claro";"Dupla";"Reta";"Não";2;0;0;1;1;0;1;2;-24,57295965;-47,88167886;NA;NA;NA
778466;2026-06-13;"sábado";"22:45:00";"PR";116;94;"SAO JOSE DOS PINHAIS";"Manobra de mudança de faixa";"Colisão lateral mesmo sentido";"Com Vítimas Feridas";"Plena Noite";"Decrescente";"Nublado";"Múltipla";"Reta";"Não";3;0;1;0;1;1;1;3;-25,52143164;-49,13523071;NA;NA;NA
778476;2026-06-14;"domingo";"00:10:00";"BA";242;815,7;"BARREIRAS";"Reação tardia ou ineficiente do condutor";"Tombamento";"Com Vítimas Fatais";"Plena Noite";"Crescente";"Céu Claro";"Simples";"Curva";"Não";2;1;0;0;0;2;0;3;-12,10379;-44,96559;NA;NA;NA
778490;2026-06-14;"domingo";"01:30:00";"PR";277;333;"GUARAPUAVA";"Ausência de reação do condutor";"Saída de leito carroçável";"Sem Vítimas";"Plena Noite";"Decrescente";"Céu Claro";"Simples";"Curva";"Não";2;0;0;0;1;1;0;2;-25,3678132;-51,3393494;NA;NA;NA
778491;2026-06-14;"domingo";"00:15:00";"MG";365;418;"PATOS DE MINAS";"Reação tardia ou ineficiente do condutor";"Colisão com objeto";"Com Vítimas Feridas";"Plena Noite";"Decrescente";"Chuva";"Simples";"Curva";"Não";2;0;1;0;0;1;1;2;-18,6834678;-46,57640934;NA;NA;NA
778492;2026-06-14;"domingo";"01:15:00";"SP";116;51;"LORENA";"Ausência de reação do condutor";"Atropelamento de Pedestre";"Com Vítimas Fatais";"Plena Noite";"Crescente";"Céu Claro";"Múltipla";"Reta";"Sim";2;1;0;0;0;1;0;2;-22,74262287;-45,09335708;NA;NA;NA
778493;2026-06-14;"domingo";"02:10:00";"GO";153;359;"JARAGUA";"Velocidade Incompatível";"Saída de leito carroçável";"Com Vítimas Feridas";"Plena Noite";"Decrescente";"Céu Claro";"Dupla";"Reta";"Sim";2;0;1;0;0;1;1;2;-15,7587248;-49,3142759;NA;NA;NA
778499;2026-06-14;"domingo";"02:15:00";"PR";476;139,3;"CURITIBA";"Ingestão de álcool pelo condutor";"Colisão lateral mesmo sentido";"Com Vítimas Feridas";"Plena Noite";"Crescente";"Nublado";"Dupla";"Aclive;Curva";"Sim";4;0;1;0;2;1;1;3;-25,51694384;-49,29152048;NA;NA;NA
778500;2026-06-14;"domingo";"00:30:00";"PR";376;307;"MAUA DA SERRA";"Ausência de reação do condutor";"Atropelamento de Pedestre";"Com Vítimas Fatais";"Plena Noite";"Decrescente";"Chuva";"Dupla";"Reta";"Não";3;1;0;0;2;0;0;2;-23,965579;-51,114015;NA;NA;NA
778516;2026-06-14;"domingo";"04:10:00";"PI";316;362;"CAMPO GRANDE DO PIAUI";"Ultrapassagem Indevida";"Colisão frontal";"Com Vítimas Fatais";"Amanhecer";"Crescente";"Céu Claro";"Simples";"Reta";"Não";3;1;0;0;1;1;0;3;-7,136038;-41,003902;NA;NA;NA
778520;2026-06-14;"domingo";"04:15:00";"PR";369;508;"CASCAVEL";"Transitar na contramão";"Colisão frontal";"Sem Vítimas";"Plena Noite";"Crescente";"Chuva";"Simples";"Curva";"Não";3;0;0;0;2;1;0;3;-24,96405;-53,40041;NA;NA;NA
778524;2026-06-14;"domingo";"05:15:00";"SC";101;22;"JOINVILLE";"Ingestão de álcool pelo condutor";"Colisão traseira";"Com Vítimas Feridas";"Plena Noite";"Decrescente";"Céu Claro";"Dupla";"Declive;Reta";"Não";3;0;1;0;1;1;1;3;-26,15808535;-48,90750345;NA;NA;NA
778527;2026-06-14;"domingo";"06:15:00";"PR";277;119;"CAMPO LARGO";"Ingestão de álcool pelo condutor";"Colisão lateral mesmo sentido";"Com Vítimas Feridas";"Pleno dia";"Decrescente";"Garoa/Chuvisco";"Dupla";"Declive";"Sim";7;0;3;0;2;2;3;5;-25,4434928;-49,4615576;NA;NA;NA
778528;2026-06-14;"domingo";"05:18:00";"PE";232;182;"BELO JARDIM";"Ausência de reação do condutor";"Colisão transversal";"Com Vítimas Feridas";"Amanhecer";"Crescente";"Céu Claro";"Dupla";"Reta";"Não";2;0;1;0;0;1;1;2;-8,345671;-36,433214;NA;NA;NA
778532;2026-06-14;"domingo";"02:00:00";"MG";50;130;"UBERABA";"Reação tardia ou ineficiente do condutor";"Saída de leito carroçável";"Sem Vítimas";"Plena Noite";"Decrescente";"Chuva";"Dupla";"Aclive;Reta";"Não";1;0;0;0;1;0;0;1;-19,390966;-48,077113;NA;NA;NA
778548;2026-05-25;"segunda-feira";"09:25:00";"SC";282;624,2;"IRACEMINHA";"Ultrapassagem Indevida";"Colisão traseira";"Com Vítimas Feridas";"Pleno dia";"Decrescente";"Garoa/Chuvisco";"Simples";"Reta";"Não";5;0;1;0;3;1;1;4;-26,7986233;-53,3462083;NA;NA;NA
778563;2026-06-14;"domingo";"04:00:00";"AM";319;64;"CANUTAMA";"Pedestre - Ingestão de álcool/ substâncias psicoativas";"Atropelamento de Pedestre";"Com Vítimas Fatais";"Amanhecer";"Crescente";"Ignorado";"Simples";"Reta";"Não";2;1;0;0;0;1;0;2;-8,30449478;-63,93315126;NA;NA;NA
778574;2026-06-14;"domingo";"08:30:00";"PE";232;128,2;"CARUARU";"Frear bruscamente";"Colisão traseira";"Com Vítimas Feridas";"Pleno dia";"Crescente";"Garoa/Chuvisco";"Dupla";"Reta";"Sim";3;0;1;0;1;1;1;3;-8,3020773;-35,98023224;NA;NA;NA
778581;2026-06-14;"domingo";"07:00:00";"BA";242;367;"LENCOIS";"Reação tardia ou ineficiente do condutor";"Colisão com objeto";"Sem Vítimas";"Pleno dia";"Decrescente";"Céu Claro";"Simples";"Ponte;Reta";"Não";2;0;0;0;1;2;0;3;-12,468388;-41,441732;NA;NA;NA
778584;2026-06-13;"sábado";"23:30:00";"MA";135;266,1;"CAPINZAL DO NORTE";"Ausência de reação do condutor";"Saída de leito carroçável";"Com Vítimas Feridas";"Plena Noite";"Decrescente";"Céu Claro";"Simples";"Curva";"Sim";2;0;0;1;0;1;1;2;-4,712255;-44,329753;NA;NA;NA
778593;2026-06-14;"domingo";"12:08:00";"RJ";393;279;"BARRA DO PIRAI";"Reação tardia ou ineficiente do condutor";"Colisão transversal";"Sem Vítimas";"Pleno dia";"Crescente";"Céu Claro";"Simples";"Reta";"Sim";3;0;0;0;3;0;0;2;-22,477675;-44,0468117;NA;NA;NA
778598;2026-06-14;"domingo";"10:20:00";"MG";251;362;"GRAO MOGOL";"Demais falhas mecânicas ou elétricas";"Incêndio";"Sem Vítimas";"Pleno dia";"Crescente";"Céu Claro";"Simples";"Aclive;Reta";"Não";2;0;0;0;1;1;0;2;-16,266834;-42,607674;NA;NA;NA
778599;2026-06-14;"domingo";"10:20:00";"RN";110;99,2;"UPANEMA";"Ultrapassagem Indevida";"Colisão com objeto";"Com Vítimas Feridas";"Pleno dia";"Decrescente";"Céu Claro";"Dupla";"Reta";"Sim";3;0;0;1;1;1;1;3;-5,64011611;-37,25925207;NA;NA;NA
778602;2026-06-14;"domingo";"12:00:00";"RO";364;66;"VILHENA";"Reação tardia ou ineficiente do condutor";"Tombamento";"Com Vítimas Fatais";"Pleno dia";"Crescente";"Céu Claro";"Simples";"Aclive;Reta";"Não";2;1;0;0;0;2;0;3;-12,5048217;-60,4739;NA;NA;NA
778603;2026-06-14;"domingo";"11:30:00";"PR";373;420,5;"FOZ DO JORDAO";"Ausência de reação do condutor";"Tombamento";"Com Vítimas Feridas";"Pleno dia";"Crescente";"Céu Claro";"Simples";"Curva";"Não";2;0;1;0;0;1;1;2;-25,699488;-52,166719;NA;NA;NA
778612;2026-06-14;"domingo";"16:00:00";"PR";163;159,4;"LINDOESTE";"Velocidade Incompatível";"Tombamento";"Sem Vítimas";"Pleno dia";"Decrescente";"Sol";"Dupla";"Curva;Declive";"Não";3;0;0;0;0;4;0;4;-25,317261;-53,591486;NA;NA;NA