"id";"data_inversa";"dia_semana";"horario";"uf";"br";"km";"municipio";"causa_acidente";"tipo_acidente";"classificacao_acidente";"fase_dia";"sentido_via";"condicao_metereologica";"tipo_pista";"tracado_via";"uso_solo";"pessoas";"mortos";"feridos_leves";"feridos_graves";"ilesos";"ignorados";"feridos";"veiculos";"latitude";"longitude";"regional";"delegacia";"uop"
778614;2026-06-02;"terça-feira";"20:52:00";"MG";153;142;"PRATA";"Carga excessiva e/ou mal acondicionada";"Incêndio";"Sem Vítimas";"Plena Noite";"Decrescente";"Céu Claro";"Simples";"Reta";"Não";2;0;0;0;1;2;0;3;-19,22115965;-48,93479348;NA;NA;NA
778622;2026-06-14;"domingo";"13:05:00";"RO";364;9;"VILHENA";"Acumulo de água sobre o pavimento";"Colisão frontal";"Com Vítimas Feridas";"Pleno dia";"Crescente";"Chuva";"Dupla";"Curva";"Sim";4;0;0;1;1;4;1;6;-12,76132998;-60,0982073;NA;NA;NA
778625;2026-06-14;"domingo";"16:36:00";"PE";104;64,2;"CARUARU";"Acessar a via sem observar a presença dos outros veículos";"Colisão lateral mesmo sentido";"Com Vítimas Feridas";"Pleno dia";"Decrescente";"Céu Claro";"Dupla";"Interseção de Vias";"Sim";4;0;1;0;2;1;1;4;-8,269893;-35,980227;NA;NA;NA
778627;2026-06-14;"domingo";"14:33:00";"MT";163;766;"SORRISO";"Ausência de reação do condutor";"Colisão traseira";"Com Vítimas Feridas";"Pleno dia";"Crescente";"Céu Claro";"Dupla";"Reta";"Não";4;0;1;0;2;2;1;4;-12,44176264;-55,65376639;NA;NA;NA
778629;2026-05-29;"sexta-feira";"21:10:00";"ES";101;182,1;"ARACRUZ";"Ausência de reação do condutor";"Colisão traseira";"Com Vítimas Fatais";"Plena Noite";"Decrescente";"Céu Claro";"Simples";"Reta";"Não";5;1;0;0;2;2;0;5;-19,64093084;-40,23272955;NA;NA;NA
778633;2026-06-14;"domingo";"16:43:00";"MA";316;140,6;"NOVA OLINDA DO MARANHAO";"Pista esburacada";"Tombamento";"Com Vítimas Feridas";"Pleno dia";"Crescente";"Céu Claro";"Simples";"Reta;Aclive";"Não";2;0;1;0;1;0;1;1;-2,770937;-45,71409;NA;NA;NA
778636;2026-06-14;"domingo";"10:30:00";"AM";174;913;"MANAUS";"Demais falhas mecânicas ou elétricas";"Incêndio";"Sem Vítimas";"Pleno dia";"Crescente";"Céu Claro";"Simples";"Reta";"Não";4;0;0;0;2;2;0;3;-2,72443166;-60,04656;NA;NA;NA
778641;2026-06-14;"domingo";"17:45:00";"BA";418;106;"NOVA VICOSA";"Velocidade Incompatível";"Saída de leito carroçável";"Com Vítimas Feridas";"Anoitecer";"Crescente";"Céu Claro";"Simples";"Reta";"Sim";2;0;1;0;0;1;1;2;-17,89772799;-40,02044678;NA;NA;NA
778644;2026-06-14;"domingo";"17:40:00";"GO";364;208;"JATAI";"Acostamento em desnível";"Saída de leito carroçável";"Com Vítimas Feridas";"Anoitecer";"Decrescente";"Garoa/Chuvisco";"Múltipla";"Curva";"Não";2;0;1;0;0;2;1;3;-17,87902477;-51,87380982;NA;NA;NA
778648;2026-06-14;"domingo";"18:12:00";"PE";101;35,8;"ITAPISSUMA";"Condutor deixou de manter distância do veículo da frente";"Colisão traseira";"Com Vítimas Fatais";"Plena Noite";"Decrescente";"Céu Claro";"Dupla";"Aclive;Reta";"Não";2;1;0;0;1;0;0;2;-7,78626;-34,93037;NA;NA;NA
778662;2026-06-14;"domingo";"13:11:00";"RO";364;515;"ARIQUEMES";"Reação tardia ou ineficiente do condutor";"Colisão traseira";"Sem Vítimas";"Pleno dia";"Crescente";"Céu Claro";"Simples";"Reta";"Sim";3;0;0;0;3;0;0;2;-9,924317;-63,055135;NA;NA;NA
778664;2026-06-13;"sábado";"11:00:00";"BA";116;615;"JAGUAQUARA";"Velocidade Incompatível";"Tombamento";"Com Vítimas Feridas";"Plena Noite";"Decrescente";"Céu Claro";"Simples";"Reta";"Não";2;0;1;0;0;1;1;2;-13,363626;-40,018154;NA;NA;NA
778684;2026-06-14;"domingo";"20:11:00";"MG";40;352,8;"FELIXLANDIA";"Acessar a via sem observar a presença dos outros veículos";"Colisão transversal";"Com Vítimas Feridas";"Plena Noite";"Crescente";"Céu Claro";"Simples";"Reta";"Não";3;0;1;0;1;1;1;3;-18,7283378;-44,9200658;NA;NA;NA
778687;2026-06-14;"domingo";"18:56:00";"MG";365;347,1;"VARJAO DE MINAS";"Ultrapassagem Indevida";"Colisão lateral sentido oposto";"Sem Vítimas";"Plena Noite";"Crescente";"Céu Claro";"Simples";"Curva";"Não";6;0;0;0;4;2;0;5;-18,40078;-46,05545;NA;NA;NA
778696;2026-06-14;"domingo";"19:15:00";"MS";163;475;"CAMPO GRANDE";"Ingestão de substâncias psicoativas pelo condutor";"Saída de leito carroçável";"Com Vítimas Feridas";"Plena Noite";"Crescente";"Nublado";"Simples";"Reta";"Sim";2;0;1;0;0;1;1;2;-20,51865;-54,56679;NA;NA;NA
778713;2026-06-14;"domingo";"21:00:00";"SC";282;265;"SAO JOSE DO CERRITO";"Ingestão de álcool pelo condutor";"Colisão lateral sentido oposto";"Sem Vítimas";"Plena Noite";"Decrescente";"Céu Claro";"Simples";"Reta";"Não";2;0;0;0;2;0;0;2;-27,622042;-50,640022;NA;NA;NA
778722;2026-06-14;"domingo";"23:00:00";"PR";116;93;"SAO JOSE DOS PINHAIS";"Acessar a via sem observar a presença dos outros veículos";"Colisão transversal";"Com Vítimas Fatais";"Plena Noite";"Decrescente";"Garoa/Chuvisco";"Múltipla";"Reta";"Sim";3;1;0;0;0;2;0;3;-25,516;-49,132;NA;NA;NA
778723;2026-06-14;"domingo";"21:30:00";"BA";116;729;"BOA NOVA";"Manobra de mudança de faixa";"Colisão lateral sentido oposto";"Com Vítimas Fatais";"Plena Noite";"Crescente";"Céu Claro";"Simples";"Reta";"Não";4;1;1;0;1;3;1;6;-14,3049517;-40,3187683;NA;NA;NA
778727;2026-06-15;"segunda-feira";"01:00:00";"MG";381;357;"SAO GONCALO DO RIO ABAIXO";"Reação tardia ou ineficiente do condutor";"Tombamento";"Com Vítimas Feridas";"Plena Noite";"Crescente";"Céu Claro";"Simples";"Curva";"Não";1;0;1;0;0;0;1;1;-19,85515921;-43,22403431;NA;NA;NA
778728;2026-06-14;"domingo";"16:45:00";"PR";476;243;"LAPA";"Reação tardia ou ineficiente do condutor";"Capotamento";"Com Vítimas Feridas";"Pleno dia";"Decrescente";"Céu Claro";"Simples";"Curva";"Não";2;0;1;0;0;1;1;2;-25,8584702;-49,96293377;NA;NA;NA
778734;2026-06-15;"segunda-feira";"01:50:00";"MG";116;101;"MEDINA";"Velocidade Incompatível";"Tombamento";"Com Vítimas Feridas";"Plena Noite";"Crescente";"Céu Claro";"Simples";"Curva";"Não";2;0;1;0;0;2;1;3;-16,43926;-41,49919;NA;NA;NA
778753;2026-06-15;"segunda-feira";"06:50:00";"SC";280;45,9;"GUARAMIRIM";"Velocidade Incompatível";"Tombamento";"Com Vítimas Feridas";"Pleno dia";"Decrescente";"Garoa/Chuvisco";"Simples";"Curva;Em Obras;Desvio Temporário";"Não";2;0;1;0;0;1;1;2;-26,4554175;-48,9076054;NA;NA;NA
778754;2026-06-15;"segunda-feira";"07:00:00";"SP";116;200;"ARUJA";"Ausência de reação do condutor";"Colisão traseira";"Com Vítimas Feridas";"Pleno dia";"Crescente";"Chuva";"Dupla";"Declive";"Não";5;0;2;0;2;1;2;3;-23,402718;-46,322728;NA;NA;NA
778758;2026-06-15;"segunda-feira";"03:30:00";"SP";116;350;"MIRACATU";"Problema com o freio";"Derramamento de carga";"Sem Vítimas";"Plena Noite";"Crescente";"Garoa/Chuvisco";"Dupla";"Declive;Curva";"Não";2;0;0;0;1;2;0;3;-24,06144458;-47,22594816;NA;NA;NA
778767;2026-06-15;"segunda-feira";"06:20:00";"MG";459;89,4;"CONGONHAL";"Ausência de reação do condutor";"Colisão frontal";"Com Vítimas Feridas";"Pleno dia";"Decrescente";"Chuva";"Simples";"Reta";"Sim";4;0;3;0;1;0;3;2;-22,149858;-46,025808;NA;NA;NA
778769;2026-06-15;"segunda-feira";"05:37:00";"RO";364;515;"ARIQUEMES";"Ausência de reação do condutor";"Colisão traseira";"Com Vítimas Feridas";"Plena Noite";"Crescente";"Ignorado";"Simples";"Reta;Aclive";"Não";3;0;1;1;1;0;2;3;-9,918238;-63,055253;NA;NA;NA
778772;2026-06-15;"segunda-feira";"07:32:00";"RS";116;257,5;"ESTEIO";"Manobra de mudança de faixa";"Colisão lateral mesmo sentido";"Sem Vítimas";"Pleno dia";"Crescente";"Nublado";"Dupla";"Reta";"Sim";2;0;0;0;2;0;0;2;-29,8534704;-51,1802751;NA;NA;NA
778779;2026-06-15;"segunda-feira";"07:25:00";"RS";153;621;"HULHA NEGRA";"Transitar na contramão";"Colisão frontal";"Com Vítimas Fatais";"Pleno dia";"Crescente";"Céu Claro";"Simples";"Reta";"Não";6;1;2;0;2;1;2;3;-31,323855;-53,971293;NA;NA;NA
778783;2026-06-15;"segunda-feira";"09:20:00";"PB";230;28;"JOAO PESSOA";"Manobra de mudança de faixa";"Colisão lateral mesmo sentido";"Sem Vítimas";"Pleno dia";"Crescente";"Céu Claro";"Dupla";"Reta";"Sim";2;0;0;0;2;0;0;2;-7,162691;-34,902385;NA;NA;NA
778787;2026-06-15;"segunda-feira";"09:15:00";"MG";381;280;"JAGUARACU";"Ausência de reação do condutor";"Colisão traseira";"Com Vítimas Feridas";"Pleno dia";"Decrescente";"Céu Claro";"Simples";"Reta;Em Obras;Desvio Temporário";"Não";5;0;2;0;2;2;2;4;-19,61166478;-42,76768327;NA;NA;NA
778792;2026-06-15;"segunda-feira";"10:20:00";"MA";135;9,7;"SAO LUIS";"Condutor deixou de manter distância do veículo da frente";"Colisão traseira";"Com Vítimas Feridas";"Pleno dia";"Decrescente";"Céu Claro";"Dupla";"Reta";"Não";2;0;0;1;0;1;1;2;-2,68803925;-44,29970173;NA;NA;NA
778793;2026-06-15;"segunda-feira";"07:20:00";"MG";116;665,2;"SAO FRANCISCO DO GLORIA";"Velocidade Incompatível";"Tombamento";"Com Vítimas Feridas";"Pleno dia";"Crescente";"Céu Claro";"Simples";"Curva";"Não";3;0;1;0;1;1;1;3;-20,83441;-42,32217;NA;NA;NA
778794;2026-06-15;"segunda-feira";"10:20:00";"ES";101;342,5;"GUARAPARI";"Condutor deixou de manter distância do veículo da frente";"Colisão traseira";"Com Vítimas Feridas";"Pleno dia";"Decrescente";"Céu Claro";"Dupla";"Aclive;Reta";"Não";3;0;0;1;1;1;1;3;-20,65935581;-40,58688037;NA;NA;NA
778799;2026-06-15;"segunda-feira";"07:45:00";"MT";163;930;"ITAUBA";"Condutor deixou de manter distância do veículo da frente";"Engavetamento";"Com Vítimas Feridas";"Pleno dia";"Crescente";"Céu Claro";"Simples";"Reta;Ponte";"Não";5;0;1;1;1;4;2;7;-11,05703525;-55,27258728;NA;NA;NA
778806;2026-06-15;"segunda-feira";"10:50:00";"PR";116;125;"FAZENDA RIO GRANDE";"Reação tardia ou ineficiente do condutor";"Colisão traseira";"Com Vítimas Feridas";"Pleno dia";"Decrescente";"Garoa/Chuvisco";"Múltipla";"Reta";"Sim";5;0;0;1;3;2;1;4;-25,637795;-49,312957;NA;NA;NA
778812;2026-06-15;"segunda-feira";"11:25:00";"MG";116;311;"ITAMBACURI";"Reação tardia ou ineficiente do condutor";"Saída de leito carroçável";"Com Vítimas Feridas";"Pleno dia";"Decrescente";"Céu Claro";"Simples";"Reta";"Não";2;0;2;0;0;0;2;2;-18,18944125;-41,71200871;NA;NA;NA
778814;2026-06-15;"segunda-feira";"11:15:00";"MG";40;562,2;"NOVA LIMA";"Demais falhas mecânicas ou elétricas";"Incêndio";"Sem Vítimas";"Pleno dia";"Crescente";"Sol";"Dupla";"Reta";"Não";1;0;0;0;1;0;0;1;-20,14232036;-43,96066031;NA;NA;NA
778817;2026-06-15;"segunda-feira";"12:00:00";"MG";381;414,6;"CAETE";"Desrespeitar a preferência no cruzamento";"Colisão transversal";"Com Vítimas Feridas";"Pleno dia";"Decrescente";"Sol";"Simples";"Interseção de Vias;Reta";"Sim";4;0;3;0;1;0;3;2;-19,757653;-43,633869;NA;NA;NA
778818;2026-06-15;"segunda-feira";"12:17:00";"RJ";116;194;"NOVA IGUACU";"Condutor deixou de manter distância do veículo da frente";"Colisão traseira";"Com Vítimas Feridas";"Pleno dia";"Decrescente";"Nublado";"Dupla";"Reta";"Não";5;0;1;0;3;1;1;3;-22,737393;-43,53686;NA;NA;NA
778820;2026-06-15;"segunda-feira";"11:45:00";"RS";386;393,3;"TRIUNFO";"Condutor Dormindo";"Colisão frontal";"Com Vítimas Feridas";"Pleno dia";"Decrescente";"Sol";"Dupla";"Curva";"Não";9;0;2;0;6;1;2;5;-29,714047;-51,647885;NA;NA;NA
778821;2026-06-15;"segunda-feira";"12:00:00";"MG";50;83;"UBERLANDIA";"Manobra de mudança de faixa";"Colisão traseira";"Com Vítimas Feridas";"Pleno dia";"Crescente";"Céu Claro";"Dupla";"Aclive;Reta";"Não";5;0;2;0;2;4;2;7;-18,99063616;-48,21132946;NA;NA;NA
778824;2026-06-15;"segunda-feira";"11:50:00";"SP";116;516;"CAJATI";"Reação tardia ou ineficiente do condutor";"Colisão com objeto";"Com Vítimas Feridas";"Pleno dia";"Decrescente";"Garoa/Chuvisco";"Simples";"Declive;Curva";"Não";1;0;1;0;0;0;1;1;-24,87545033;-48,20935696;NA;NA;NA
778826;2026-06-15;"segunda-feira";"11:45:00";"MG";40;672,7;"CARANDAI";"Ausência de reação do condutor";"Colisão traseira";"Com Vítimas Feridas";"Pleno dia";"Crescente";"Sol";"Simples";"Reta";"Não";3;0;1;0;1;1;1;3;-20,9831166;-43,78112166;NA;NA;NA
778831;2026-06-15;"segunda-feira";"14:30:00";"MG";116;699,7;"MURIAE";"Acessar a via sem observar a presença dos outros veículos";"Colisão transversal";"Com Vítimas Feridas";"Pleno dia";"Crescente";"Nublado";"Simples";"Reta";"Não";2;0;1;0;1;0;1;2;-21,09470198;-42,37369904;NA;NA;NA
778832;2026-05-26;"terça-feira";"10:48:00";"SP";116;465;"PARIQUERA-ACU";"Mal súbito do condutor";"Saída de leito carroçável";"Com Vítimas Feridas";"Pleno dia";"Crescente";"Céu Claro";"Dupla";"Curva";"Não";2;0;1;0;0;1;1;2;-24,64770768;-47,92385928;NA;NA;NA
778833;2026-06-15;"segunda-feira";"13:57:00";"ES";101;226,5;"IBIRACU";"Reação tardia ou ineficiente do condutor";"Saída de leito carroçável";"Com Vítimas Feridas";"Pleno dia";"Decrescente";"Céu Claro";"Simples";"Reta";"Não";4;0;1;0;2;1;1;3;-19,87471588;-40,41390387;NA;NA;NA
778834;2026-06-15;"segunda-feira";"11:30:00";"AL";316;74;"POCO DAS TRINCHEIRAS";"Ausência de reação do condutor";"Colisão traseira";"Com Vítimas Feridas";"Pleno dia";"Decrescente";"Nublado";"Simples";"Reta";"Não";6;0;0;3;2;1;3;2;-9,317107;-37,31643677;NA;NA;NA
778837;2026-06-15;"segunda-feira";"09:00:00";"PR";153;164;"VENTANIA";"Reação tardia ou ineficiente do condutor";"Colisão traseira";"Com Vítimas Feridas";"Pleno dia";"Decrescente";"Céu Claro";"Simples";"Reta";"Não";2;0;1;0;1;0;1;2;-24,25778157;-50,2489268;NA;NA;NA
778842;2026-06-15;"segunda-feira";"15:20:00";"BA";324;610;"SIMOES FILHO";"Ingestão de álcool pelo condutor";"Colisão com objeto";"Com Vítimas Feridas";"Pleno dia";"Crescente";"Sol";"Dupla";"Reta";"Sim";3;0;1;0;1;2;1;4;-12,82658836;-38,40998074;NA;NA;NA
778843;2026-06-15;"segunda-feira";"15:20:00";"SC";101;122;"ITAJAI";"Velocidade Incompatível";"Colisão transversal";"Com Vítimas Feridas";"Pleno dia";"Crescente";"Nublado";"Dupla";"Reta";"Sim";2;0;1;0;1;0;1;2;-26,933495;-48,701587;NA;NA;NA
778850;2026-06-15;"segunda-feira";"15:40:00";"PR";376;394;"TIBAGI";"Manobra de mudança de faixa";"Colisão lateral mesmo sentido";"Sem Vítimas";"Pleno dia";"Crescente";"Nublado";"Dupla";"Curva";"Não";14;0;0;0;14;0;0;2;-24,539326;-50,694413;NA;NA;NA
778852;2026-06-15;"segunda-feira";"14:30:00";"RJ";393;257,9;"BARRA DO PIRAI";"Velocidade Incompatível";"Tombamento";"Com Vítimas Feridas";"Pleno dia";"Crescente";"Céu Claro";"Simples";"Aclive;Curva";"Não";2;0;1;0;0;1;1;2;-22,4666433;-43,857875;NA;NA;NA
778853;2026-05-20;"quarta-feira";"18:20:00";"PR";376;519;"PONTA GROSSA";"Ausência de reação do condutor";"Colisão traseira";"Com Vítimas Feridas";"Plena Noite";"Crescente";"Céu Claro";"Dupla";"Aclive;Reta";"Não";3;0;1;0;1;2;1;4;-25,270031;-49,938105;NA;NA;NA
778856;2026-06-15;"segunda-feira";"17:00:00";"ES";101;320;"GUARAPARI";"Manobra de mudança de faixa";"Colisão lateral mesmo sentido";"Sem Vítimas";"Anoitecer";"Crescente";"Garoa/Chuvisco";"Dupla";"Reta";"Não";5;0;0;0;4;1;0;4;-20,5190866;-40,4787867;NA;NA;NA
778857;2026-06-15;"segunda-feira";"13:30:00";"RO";364;460,6;"ARIQUEMES";"Velocidade Incompatível";"Tombamento";"Com Vítimas Feridas";"Pleno dia";"Crescente";"Sol";"Simples";"Reta";"Sim";1;0;1;0;0;0;1;1;-10,246572;-62,732065;NA;NA;NA
778862;2026-06-15;"segunda-feira";"10:00:00";"GO";60;110;"GOIANAPOLIS";"Demais falhas mecânicas ou elétricas";"Incêndio";"Sem Vítimas";"Pleno dia";"Decrescente";"Céu Claro";"Dupla";"Reta";"Não";2;0;0;0;1;3;0;4;-16,57466788;-49,15964975;NA;NA;NA
778863;2026-06-15;"segunda-feira";"17:10:00";"PR";277;456,3;"LARANJEIRAS DO SUL";"Transitar na contramão";"Colisão frontal";"Com Vítimas Fatais";"Pleno dia";"Decrescente";"Céu Claro";"Simples";"Reta";"Sim";5;3;0;0;1;1;0;3;-25,38002;-52,39954;NA;NA;NA
778864;2026-06-15;"segunda-feira";"14:20:00";"RJ";101;433;"MANGARATIBA";"Ausência de reação do condutor";"Saída de leito carroçável";"Sem Vítimas";"Pleno dia";"Decrescente";"Chuva";"Simples";"Curva";"Não";2;0;0;0;2;0;0;1;-22,91704369;-43,93064324;NA;NA;NA
778865;2026-06-15;"segunda-feira";"17:00:00";"PR";376;248,9;"APUCARANA";"Acessar a via sem observar a presença dos outros veículos";"Atropelamento de Pedestre";"Com Vítimas Feridas";"Pleno dia";"Decrescente";"Céu Claro";"Dupla";"Declive;Reta";"Não";2;0;0;1;1;0;1;2;-23,61395;-51,39695;NA;NA;NA
778866;2026-06-15;"segunda-feira";"15:10:00";"BA";420;348,5;"JAGUAQUARA";"Manobra de mudança de faixa";"Colisão frontal";"Com Vítimas Feridas";"Pleno dia";"Crescente";"Sol";"Simples";"Declive;Reta";"Não";2;0;1;0;1;0;1;2;-13,50288;-40,02398;NA;NA;NA
778869;2026-06-15;"segunda-feira";"16:20:00";"SC";280;267,7;"IRINEOPOLIS";"Ausência de reação do condutor";"Colisão traseira";"Com Vítimas Feridas";"Pleno dia";"Decrescente";"Nublado";"Simples";"Reta";"Sim";7;0;4;0;2;2;4;5;-26,2644204;-50,7078554;NA;NA;NA
778870;2026-06-15;"segunda-feira";"16:50:00";"SP";116;545;"BARRA DO TURVO";"Reação tardia ou ineficiente do condutor";"Eventos atípicos";"Com Vítimas Feridas";"Anoitecer";"Crescente";"Chuva";"Múltipla";"Declive;Curva";"Não";2;0;1;0;0;1;1;2;-24,94796643;-48,42403159;NA;NA;NA
778871;2026-05-28;"quinta-feira";"13:30:00";"MS";163;757,6;"COXIM";"Reação tardia ou ineficiente do condutor";"Engavetamento";"Com Vítimas Fatais";"Pleno dia";"Decrescente";"Céu Claro";"Simples";"Em Obras;Reta;Aclive";"Não";5;2;0;1;1;4;1;7;-18,272226;-54,667138;NA;NA;NA
778873;2026-06-05;"sexta-feira";"13:45:00";"ES";101;66,9;"SAO MATEUS";"Manobra de mudança de faixa";"Colisão lateral mesmo sentido";"Com Vítimas Feridas";"Pleno dia";"Crescente";"Nublado";"Dupla";"Interseção de Vias";"Não";2;0;1;0;1;0;1;2;-18,71994719;-39,86665813;NA;NA;NA
778875;2026-06-15;"segunda-feira";"13:00:00";"RO";364;649;"CANDEIAS DO JAMARI";"Reação tardia ou ineficiente do condutor";"Saída de leito carroçável";"Com Vítimas Feridas";"Pleno dia";"Decrescente";"Céu Claro";"Simples";"Aclive";"Não";2;0;1;0;0;2;1;3;-8,93713994;-63,43182233;NA;NA;NA
778880;2026-06-15;"segunda-feira";"17:50:00";"MG";40;469,5;"SETE LAGOAS";"Reação tardia ou ineficiente do condutor";"Saída de leito carroçável";"Com Vítimas Feridas";"Anoitecer";"Decrescente";"Céu Claro";"Dupla";"Reta;Em Obras;Declive";"Sim";1;0;0;1;0;0;1;1;-19,46166;-44,29968;NA;NA;NA
778888;2026-06-15;"segunda-feira";"18:50:00";"RS";287;247;"SANTA MARIA";"Manobra de mudança de faixa";"Colisão lateral mesmo sentido";"Com Vítimas Feridas";"Plena Noite";"Crescente";"Céu Claro";"Dupla";"Reta";"Não";2;0;1;0;1;0;1;2;-29,69774984;-53,8460633;NA;NA;NA
778899;2026-06-15;"segunda-feira";"19:10:00";"RS";158;217,9;"CRUZ ALTA";"Demais falhas mecânicas ou elétricas";"Colisão com objeto";"Sem Vítimas";"Plena Noite";"Decrescente";"Céu Claro";"Simples";"Reta";"Não";5;0;0;0;5;0;0;2;-28,84298208;-53,61225128;NA;NA;NA
778909;2026-06-15;"segunda-feira";"16:35:00";"SC";153;64;"IRANI";"Neblina";"Colisão transversal";"Com Vítimas Feridas";"Plena Noite";"Decrescente";"Nevoeiro/Neblina";"Simples";"Curva";"Sim";2;0;1;0;1;0;1;2;-27,01094633;-51,87651722;NA;NA;NA
778913;2026-06-15;"segunda-feira";"07:30:00";"BA";110;141;"CICERO DANTAS";"Mal súbito do condutor";"Colisão com objeto";"Com Vítimas Feridas";"Pleno dia";"Crescente";"Céu Claro";"Simples";"Reta";"Sim";3;0;2;0;1;0;2;2;-10,592067;-38,373097;NA;NA;NA
778915;2026-06-15;"segunda-feira";"19:00:00";"ES";101;403,6;"ITAPEMIRIM";"Acostamento em desnível";"Colisão com objeto";"Sem Vítimas";"Plena Noite";"Crescente";"Nublado";"Simples";"Reta";"Não";2;0;0;0;1;1;0;2;-20,8899759;-40,995749;NA;NA;NA
778916;2026-06-15;"segunda-feira";"20:30:00";"SC";116;221;"CORREIA PINTO";"Mal súbito do condutor";"Colisão frontal";"Com Vítimas Feridas";"Plena Noite";"Decrescente";"Céu Claro";"Simples";"Curva;Declive";"Sim";3;0;0;1;1;2;1;4;-27,59423574;-50,35919833;NA;NA;NA
778917;2026-06-15;"segunda-feira";"20:20:00";"PR";376;261,4;"CALIFORNIA";"Velocidade Incompatível";"Colisão com objeto";"Com Vítimas Feridas";"Plena Noite";"Crescente";"Nublado";"Dupla";"Declive;Curva";"Não";3;0;0;2;0;2;2;4;-23,69957;-51,33493;NA;NA;NA
778924;2026-06-15;"segunda-feira";"19:40:00";"MS";163;426;"CAMPO GRANDE";"Ausência de reação do condutor";"Saída de leito carroçável";"Com Vítimas Feridas";"Plena Noite";"Crescente";"Céu Claro";"Simples";"Reta;Em Obras";"Não";2;0;1;0;1;0;1;1;-20,934801;-54,499245;NA;NA;NA
778929;2026-06-15;"segunda-feira";"18:50:00";"BA";407;162;"FILADELFIA";"Transitar na contramão";"Colisão lateral sentido oposto";"Com Vítimas Feridas";"Plena Noite";"Crescente";"Céu Claro";"Simples";"Reta";"Não";3;0;0;2;0;1;2;3;-10,77089;-40,11901;NA;NA;NA
778932;2026-06-15;"segunda-feira";"18:00:00";"MA";222;320;"VITORIA DO MEARIM";"Demais falhas na via";"Colisão com objeto";"Sem Vítimas";"Anoitecer";"Decrescente";"Céu Claro";"Simples";"Aclive;Reta";"Não";2;0;0;0;1;3;0;4;-3,570816;-44,9497642;NA;NA;NA
778933;2026-06-15;"segunda-feira";"19:00:00";"SC";282;356,8;"CAMPOS NOVOS";"Transitar na contramão";"Colisão frontal";"Com Vítimas Fatais";"Plena Noite";"Crescente";"Nublado";"Simples";"Reta;Aclive";"Não";3;1;0;1;1;0;1;2;-27,342;-51,3408;NA;NA;NA
778934;2026-06-15;"segunda-feira";"22:30:00";"PR";277;476,6;"NOVA LARANJEIRAS";"Pedestre - Ingestão de álcool/ substâncias psicoativas";"Atropelamento de Pedestre";"Com Vítimas Fatais";"Plena Noite";"Decrescente";"Nevoeiro/Neblina";"Simples";"Curva";"Não";4;2;0;1;0;1;1;2;-25,3065308;-52,5531865;NA;NA;NA
778936;2026-06-16;"terça-feira";"00:09:00";"DF";40;0;"BRASILIA";"Condutor Dormindo";"Colisão traseira";"Com Vítimas Fatais";"Plena Noite";"Crescente";"Nublado";"Dupla";"Reta";"Sim";3;1;0;0;1;2;0;4;-15,97696633;-47,98999786;NA;NA;NA
778937;2026-06-15;"segunda-feira";"19:35:00";"RO";364;10;"VILHENA";"Ingestão de álcool pelo condutor";"Saída de leito carroçável";"Com Vítimas Fatais";"Plena Noite";"Crescente";"Nublado";"Simples";"Reta";"Sim";5;1;2;0;1;3;2;6;-12,746937;-60,112748;NA;NA;NA
778944;2026-06-16;"terça-feira";"01:50:00";"MG";381;860,2;"POUSO ALEGRE";"Ausência de reação do condutor";"Saída de leito carroçável";"Com Vítimas Fatais";"Plena Noite";"Crescente";"Chuva";"Dupla";"Reta";"Não";30;1;1;1;26;1;2;3;-22,32383119;-45,90932742;NA;NA;NA
778947;2026-06-16;"terça-feira";"04:20:00";"BA";116;701,9;"JEQUIE";"Ausência de reação do condutor";"Tombamento";"Com Vítimas Feridas";"Plena Noite";"Decrescente";"Céu Claro";"Simples";"Curva";"Não";2;0;1;0;0;2;1;3;-14,08633377;-40,21457132;NA;NA;NA
778950;2026-06-16;"terça-feira";"06:10:00";"RJ";40;111;"DUQUE DE CAXIAS";"Ausência de reação do condutor";"Colisão traseira";"Sem Vítimas";"Pleno dia";"Crescente";"Chuva";"Múltipla";"Reta";"Sim";2;0;0;0;0;2;0;2;-22,68451;-43,2854;NA;NA;NA
778954;2026-06-16;"terça-feira";"05:30:00";"MT";163;881;"CLAUDIA";"Falta de acostamento";"Colisão traseira";"Com Vítimas Feridas";"Amanhecer";"Crescente";"Céu Claro";"Simples";"Reta";"Não";3;0;1;0;1;1;1;3;-11,26017884;-55,31153297;NA;NA;NA