"id";"data_inversa";"dia_semana";"horario";"uf";"br";"km";"municipio";"causa_acidente";"tipo_acidente";"classificacao_acidente";"fase_dia";"sentido_via";"condicao_metereologica";"tipo_pista";"tracado_via";"uso_solo";"pessoas";"mortos";"feridos_leves";"feridos_graves";"ilesos";"ignorados";"feridos";"veiculos";"latitude";"longitude";"regional";"delegacia";"uop"
778959;2026-06-16;"terça-feira";"05:30:00";"RS";153;47;"ERECHIM";"Animais na Pista";"Saída de leito carroçável";"Sem Vítimas";"Amanhecer";"Crescente";"Nevoeiro/Neblina";"Simples";"Rotatória";"Não";2;0;0;0;1;1;0;2;-27,6430468;-52,2450377;NA;NA;NA
778963;2026-06-16;"terça-feira";"06:45:00";"RJ";101;427;"MANGARATIBA";"Objeto estático sobre o leito carroçável";"Colisão lateral mesmo sentido";"Sem Vítimas";"Amanhecer";"Decrescente";"Chuva";"Simples";"Curva";"Não";3;0;0;0;3;0;0;3;-22,9342792;-43,98685598;NA;NA;NA
778966;2026-06-16;"terça-feira";"07:06:00";"PE";232;38,7;"VITORIA DE SANTO ANTAO";"Ausência de reação do condutor";"Colisão traseira";"Com Vítimas Feridas";"Pleno dia";"Crescente";"Céu Claro";"Simples";"Reta";"Não";3;0;1;0;1;1;1;3;-8,116065;-35,2211433;NA;NA;NA
778975;2026-06-16;"terça-feira";"06:30:00";"GO";153;508,3;"APARECIDA DE GOIANIA";"Ausência de reação do condutor";"Colisão lateral mesmo sentido";"Com Vítimas Feridas";"Amanhecer";"Crescente";"Nublado";"Dupla";"Curva";"Não";3;0;1;0;1;1;1;3;-16,775715;-49,237093;NA;NA;NA
778979;2026-06-16;"terça-feira";"08:00:00";"BA";116;23;"VITORIA DA CONQUISTA";"Acessar a via sem observar a presença dos outros veículos";"Queda de ocupante de veículo";"Com Vítimas Feridas";"Pleno dia";"Decrescente";"Céu Claro";"Simples";"Reta";"Não";3;0;3;0;0;0;3;2;-14,8722171;-40,7996329;NA;NA;NA
778981;2026-06-16;"terça-feira";"08:00:00";"PR";277;353;"GUARAPUAVA";"Acessar a via sem observar a presença dos outros veículos";"Engavetamento";"Com Vítimas Feridas";"Pleno dia";"Crescente";"Sol";"Dupla";"Reta;Interseção de Vias";"Sim";4;0;1;0;2;1;1;4;-25,38218;-51,51054;NA;NA;NA
778984;2026-04-11;"sábado";"09:54:00";"SE";101;149,1;"ESTANCIA";"Ausência de reação do condutor";"Tombamento";"Com Vítimas Fatais";"Pleno dia";"Decrescente";"Céu Claro";"Simples";"Reta;Declive";"Sim";4;1;1;0;1;1;1;3;-11,24416167;-37,43322667;NA;NA;NA
778986;2026-06-16;"terça-feira";"07:10:00";"CE";116;525;"JATI";"Velocidade Incompatível";"Colisão frontal";"Com Vítimas Feridas";"Pleno dia";"Decrescente";"Céu Claro";"Simples";"Reta";"Não";2;0;1;0;1;0;1;2;-7,683492;-39,008965;NA;NA;NA
778991;2026-06-16;"terça-feira";"08:50:00";"PR";153;321,7;"IMBITUVA";"Ausência de reação do condutor";"Tombamento";"Com Vítimas Feridas";"Pleno dia";"Crescente";"Sol";"Simples";"Curva";"Não";2;0;1;0;0;1;1;2;-25,391833;-50,616212;NA;NA;NA
778995;2026-06-16;"terça-feira";"08:00:00";"SC";101;377;"ICARA";"Desrespeitar a preferência no cruzamento";"Colisão transversal";"Com Vítimas Feridas";"Pleno dia";"Decrescente";"Sol";"Múltipla";"Interseção de Vias;Reta";"Não";2;0;1;0;1;0;1;2;-28,7459885;-49,25960541;NA;NA;NA
778996;2026-06-16;"terça-feira";"09:00:00";"PE";101;50,9;"ABREU E LIMA";"Condutor deixou de manter distância do veículo da frente";"Tombamento";"Com Vítimas Fatais";"Pleno dia";"Crescente";"Nublado";"Múltipla";"Reta";"Sim";2;1;0;0;1;0;0;2;-7,917157;-34,897085;NA;NA;NA
778997;2026-06-16;"terça-feira";"10:00:00";"BA";20;204;"LUIS EDUARDO MAGALHAES";"Ausência de reação do condutor";"Queda de ocupante de veículo";"Com Vítimas Fatais";"Pleno dia";"Decrescente";"Sol";"Simples";"Reta";"Não";3;1;0;0;1;1;0;3;-12,15307388;-45,81874943;NA;NA;NA
778998;2026-06-16;"terça-feira";"09:15:00";"AL";316;243;"ATALAIA";"Carga excessiva e/ou mal acondicionada";"Tombamento";"Com Vítimas Feridas";"Pleno dia";"Crescente";"Céu Claro";"Simples";"Aclive;Curva";"Sim";2;0;1;0;0;2;1;3;-9,5096351;-36,01288319;NA;NA;NA
779000;2026-06-11;"quinta-feira";"03:00:00";"PE";232;279,7;"SERTANIA";"Transitar na contramão";"Colisão frontal";"Com Vítimas Feridas";"Plena Noite";"Crescente";"Nublado";"Simples";"Declive;Curva";"Não";3;0;1;0;1;4;1;6;-8,3531;-37,289842;NA;NA;NA
779007;2026-06-08;"segunda-feira";"18:50:00";"MT";70;544;"NOSSA SENHORA DO LIVRAMENTO";"Ultrapassagem Indevida";"Colisão lateral mesmo sentido";"Com Vítimas Fatais";"Plena Noite";"Decrescente";"Céu Claro";"Simples";"Reta";"Não";5;1;2;0;1;1;2;4;-15,675;-56,348;NA;NA;NA
779015;2026-05-18;"segunda-feira";"15:20:00";"GO";153;265,5;"NOVA GLORIA";"Ausência de reação do condutor";"Tombamento";"Com Vítimas Feridas";"Pleno dia";"Crescente";"Céu Claro";"Simples";"Reta";"Não";2;0;1;0;0;1;1;2;-15,04569417;-49,44242477;NA;NA;NA
779018;2026-06-15;"segunda-feira";"22:00:00";"BA";101;59;"ENTRE RIOS";"Chuva";"Saída de leito carroçável";"Com Vítimas Feridas";"Plena Noite";"Decrescente";"Chuva";"Dupla";"Reta;Declive";"Não";1;0;0;1;0;0;1;1;-11,93481051;-38,0524148;NA;NA;NA
779021;2026-06-16;"terça-feira";"06:00:00";"MT";364;1244;"COMODORO";"Manobra de mudança de faixa";"Colisão frontal";"Com Vítimas Fatais";"Amanhecer";"Decrescente";"Nevoeiro/Neblina";"Simples";"Reta";"Não";5;1;0;0;1;3;0;5;-13,66563063;-59,74973345;NA;NA;NA
779023;2026-06-16;"terça-feira";"10:40:00";"BA";324;533;"CONCEICAO DO JACUIPE";"Acumulo de óleo sobre o pavimento";"Colisão com objeto";"Sem Vítimas";"Pleno dia";"Decrescente";"Chuva";"Dupla";"Declive";"Não";2;0;0;0;1;1;0;2;-12,3530418;-38,8294534;NA;NA;NA
779024;2026-06-16;"terça-feira";"10:50:00";"BA";324;533;"CONCEICAO DO JACUIPE";"Pista Escorregadia";"Colisão com objeto";"Sem Vítimas";"Pleno dia";"Decrescente";"Chuva";"Dupla";"Declive";"Não";1;0;0;0;1;0;0;1;-12,3530407;-38,829449;NA;NA;NA
779025;2026-06-16;"terça-feira";"10:20:00";"PR";163;339;"GUAIRA";"Ausência de reação do condutor";"Colisão lateral sentido oposto";"Com Vítimas Feridas";"Pleno dia";"Crescente";"Céu Claro";"Simples";"Curva";"Não";3;0;1;0;0;3;1;4;-24,14608787;-54,23937321;NA;NA;NA
779027;2026-06-16;"terça-feira";"12:00:00";"SC";101;120,3;"ITAJAI";"Ausência de reação do condutor";"Colisão traseira";"Com Vítimas Feridas";"Pleno dia";"Decrescente";"Sol";"Dupla";"Reta";"Não";2;0;1;0;1;0;1;2;-26,91493967;-48,71092049;NA;NA;NA
779029;2026-02-03;"terça-feira";"09:50:00";"PR";376;605;"CURITIBA";"Velocidade Incompatível";"Engavetamento";"Com Vítimas Feridas";"Pleno dia";"Decrescente";"Sol";"Dupla";"Reta";"Sim";8;0;1;0;6;1;1;8;-25,53997736;-49,31156365;NA;NA;NA
779031;2026-06-16;"terça-feira";"12:36:00";"TO";153;355;"FORTALEZA DO TABOCAO";"Demais falhas mecânicas ou elétricas";"Incêndio";"Sem Vítimas";"Pleno dia";"Crescente";"Céu Claro";"Simples";"Aclive;Reta";"Não";3;0;0;0;2;1;0;2;-9,02079;-48,50286;NA;NA;NA
779033;2026-06-16;"terça-feira";"11:14:00";"RS";386;416;"MONTENEGRO";"Ausência de reação do condutor";"Tombamento";"Com Vítimas Feridas";"Pleno dia";"Decrescente";"Céu Claro";"Simples";"Reta";"Não";2;0;1;0;0;1;1;2;-29,81773;-51,462365;NA;NA;NA
779039;2026-06-16;"terça-feira";"12:52:00";"SC";470;54,4;"BLUMENAU";"Acessar a via sem observar a presença dos outros veículos";"Colisão transversal";"Com Vítimas Feridas";"Pleno dia";"Decrescente";"Sol";"Simples";"Interseção de Vias";"Não";2;0;1;0;1;0;1;2;-26,87358557;-49,11394461;NA;NA;NA
779040;2026-06-16;"terça-feira";"13:30:00";"MG";40;808,1;"MATIAS BARBOSA";"Demais falhas mecânicas ou elétricas";"Saída de leito carroçável";"Com Vítimas Feridas";"Pleno dia";"Decrescente";"Céu Claro";"Dupla";"Curva";"Não";3;0;1;0;1;1;1;2;-21,86636;-43,36587;NA;NA;NA
779041;2026-06-16;"terça-feira";"11:42:00";"BA";242;538;"OLIVEIRA DOS BREJINHOS";"Ausência de reação do condutor";"Colisão transversal";"Com Vítimas Feridas";"Pleno dia";"Decrescente";"Sol";"Simples";"Reta;Rotatória";"Não";5;0;1;1;3;0;2;2;-12,24723416;-42,76824117;NA;NA;NA
779042;2026-06-01;"segunda-feira";"09:00:00";"SP";116;186;"SANTA ISABEL";"Reação tardia ou ineficiente do condutor";"Colisão traseira";"Com Vítimas Fatais";"Pleno dia";"Decrescente";"Céu Claro";"Dupla";"Aclive;Reta";"Não";3;1;0;1;1;0;1;2;-23,35532;-46,204223;NA;NA;NA
779046;2026-06-16;"terça-feira";"13:10:00";"SC";470;148,6;"AGRONOMICA";"Ausência de reação do condutor";"Colisão traseira";"Com Vítimas Feridas";"Pleno dia";"Decrescente";"Céu Claro";"Simples";"Reta";"Não";2;0;1;0;1;0;1;2;-27,25008;-49,699486;NA;NA;NA
779048;2026-05-29;"sexta-feira";"15:00:00";"MG";381;931;"EXTREMA";"Ausência de reação do condutor";"Engavetamento";"Com Vítimas Feridas";"Pleno dia";"Decrescente";"Céu Claro";"Dupla";"Declive;Curva";"Não";7;0;1;1;4;2;2;7;-22,784051;-46,253805;NA;NA;NA
779051;2026-06-16;"terça-feira";"10:30:00";"MG";153;134;"PRATA";"Ausência de reação do condutor";"Colisão traseira";"Com Vítimas Feridas";"Pleno dia";"Decrescente";"Céu Claro";"Simples";"Aclive;Reta";"Não";5;0;0;1;3;2;1;5;-19,51563731;-48,83892803;NA;NA;NA
779055;2026-06-16;"terça-feira";"09:10:00";"SC";280;237,8;"CANOINHAS";"Velocidade Incompatível";"Colisão frontal";"Com Vítimas Feridas";"Pleno dia";"Crescente";"Nublado";"Simples";"Curva;Declive";"Não";2;0;1;0;1;0;1;2;-26,199719;-50,43276;NA;NA;NA
779064;2026-06-16;"terça-feira";"15:20:00";"PE";423;94,9;"GARANHUNS";"Acesso irregular";"Colisão transversal";"Com Vítimas Feridas";"Pleno dia";"Crescente";"Céu Claro";"Simples";"Reta";"Sim";3;0;0;2;1;0;2;3;-8,878905;-36,478152;NA;NA;NA
779066;2026-06-16;"terça-feira";"16:00:00";"MG";365;336,2;"JOAO PINHEIRO";"Ausência de reação do condutor";"Colisão frontal";"Com Vítimas Feridas";"Pleno dia";"Crescente";"Céu Claro";"Simples";"Reta";"Não";4;0;0;2;1;1;2;4;-18,3175553;-45,99202506;NA;NA;NA
779068;2026-06-16;"terça-feira";"14:30:00";"RJ";116;98;"GUAPIMIRIM";"Velocidade Incompatível";"Tombamento";"Com Vítimas Feridas";"Pleno dia";"Decrescente";"Chuva";"Simples";"Curva";"Não";4;0;2;0;1;1;2;3;-22,46576793;-42,99460888;NA;NA;NA
779077;2026-06-16;"terça-feira";"15:55:00";"MG";381;480;"CONTAGEM";"Ausência de reação do condutor";"Colisão traseira";"Com Vítimas Feridas";"Pleno dia";"Crescente";"Céu Claro";"Múltipla";"Reta";"Sim";5;0;1;0;4;0;1;4;-19,95883794;-44,06296492;NA;NA;NA
779079;2026-06-15;"segunda-feira";"07:30:00";"PR";376;429;"TIBAGI";"Acumulo de água sobre o pavimento";"Tombamento";"Sem Vítimas";"Amanhecer";"Decrescente";"Chuva";"Dupla";"Curva";"Não";1;0;0;0;1;0;0;1;-24,78048;-50,51364;NA;NA;NA
779092;2026-06-16;"terça-feira";"13:30:00";"SP";116;139;"SAO JOSE DOS CAMPOS";"Manobra de mudança de faixa";"Colisão lateral mesmo sentido";"Com Vítimas Feridas";"Pleno dia";"Decrescente";"Sol";"Dupla";"Reta";"Não";2;0;1;0;1;0;1;2;-23,16321582;-45,80697712;NA;NA;NA
779093;2026-06-16;"terça-feira";"17:40:00";"ES";101;287,5;"CARIACICA";"Ausência de reação do condutor";"Tombamento";"Com Vítimas Feridas";"Anoitecer";"Crescente";"Céu Claro";"Dupla";"Reta";"Sim";2;0;0;1;0;1;1;2;-20,26633375;-40,38663268;NA;NA;NA
779094;2026-06-16;"terça-feira";"17:40:00";"MG";262;441,7;"NOVA SERRANA";"Manobra de mudança de faixa";"Colisão lateral mesmo sentido";"Com Vítimas Feridas";"Anoitecer";"Decrescente";"Céu Claro";"Simples";"Reta";"Não";5;0;2;1;1;1;3;3;-19,858677;-45,009845;NA;NA;NA
779102;2026-05-31;"domingo";"07:30:00";"SC";470;10,3;"NAVEGANTES";"Ausência de reação do condutor";"Tombamento";"Com Vítimas Feridas";"Pleno dia";"Decrescente";"Nublado";"Simples";"Curva";"Não";2;0;1;0;0;1;1;2;-26,83398611;-48,74005649;NA;NA;NA
779105;2026-05-12;"terça-feira";"05:30:00";"PA";163;120;"ALTAMIRA";"Condutor deixou de manter distância do veículo da frente";"Colisão traseira";"Com Vítimas Feridas";"Amanhecer";"Decrescente";"Céu Claro";"Simples";"Reta";"Sim";3;0;0;1;1;5;1;7;-8,60847406;-55,05494823;NA;NA;NA
779108;2026-06-16;"terça-feira";"16:50:00";"MS";158;4,6;"CASSILANDIA";"Transitar no Acostamento";"Colisão lateral mesmo sentido";"Sem Vítimas";"Plena Noite";"Crescente";"Céu Claro";"Simples";"Declive;Reta";"Sim";2;0;0;0;2;0;0;2;-19,122518;-51,722512;NA;NA;NA
779109;2026-06-16;"terça-feira";"18:22:00";"PE";101;73,5;"RECIFE";"Trafegar com motocicleta (ou similar) entre as faixas";"Colisão lateral mesmo sentido";"Com Vítimas Feridas";"Pleno dia";"Decrescente";"Céu Claro";"Dupla";"Curva";"Não";2;0;0;1;1;0;1;2;-8,10248;-34,94844;NA;NA;NA
779116;2026-06-16;"terça-feira";"19:30:00";"PR";277;6;"PARANAGUA";"Ingestão de álcool pelo condutor";"Capotamento";"Com Vítimas Feridas";"Plena Noite";"Crescente";"Nublado";"Múltipla";"Reta";"Sim";5;0;0;2;1;2;2;4;-25,55978725;-48,5760498;NA;NA;NA
779117;2026-06-16;"terça-feira";"19:44:00";"MG";40;487,2;"ESMERALDAS";"Ausência de reação do condutor";"Colisão com objeto";"Com Vítimas Feridas";"Plena Noite";"Decrescente";"Céu Claro";"Dupla";"Reta";"Não";3;0;1;1;1;0;2;2;-19,600518;-44,221683;NA;NA;NA
779118;2026-06-16;"terça-feira";"19:30:00";"PA";230;446;"PACAJA";"Transitar na contramão";"Colisão frontal";"Com Vítimas Fatais";"Plena Noite";"Crescente";"Céu Claro";"Simples";"Reta";"Não";2;1;0;0;1;0;0;2;-3,698729;-50,921348;NA;NA;NA
779125;2026-06-16;"terça-feira";"19:00:00";"RJ";40;83;"DUQUE DE CAXIAS";"Reação tardia ou ineficiente do condutor";"Saída de leito carroçável";"Com Vítimas Feridas";"Plena Noite";"Crescente";"Chuva";"Dupla";"Curva";"Não";1;0;1;0;0;0;1;1;-22,521018;-43,230888;NA;NA;NA
779129;2026-06-16;"terça-feira";"19:10:00";"PR";153;374,5;"RIO AZUL";"Ultrapassagem Indevida";"Colisão lateral mesmo sentido";"Sem Vítimas";"Plena Noite";"Crescente";"Céu Claro";"Simples";"Reta";"Não";5;0;0;0;5;0;0;4;-25,764274;-50,84572;NA;NA;NA
779131;2026-06-16;"terça-feira";"18:50:00";"SC";282;593,5;"SAUDADES";"Acessar a via sem observar a presença dos outros veículos";"Tombamento";"Com Vítimas Fatais";"Plena Noite";"Crescente";"Nublado";"Simples";"Reta";"Não";3;1;0;0;1;3;0;5;-26,82563573;-53,10649244;NA;NA;NA
779132;2026-06-16;"terça-feira";"12:25:00";"RJ";40;112;"DUQUE DE CAXIAS";"Ausência de reação do condutor";"Colisão traseira";"Com Vítimas Feridas";"Pleno dia";"Decrescente";"Céu Claro";"Múltipla";"Reta";"Sim";3;0;2;0;1;0;2;2;-22,70197736;-43,29006328;NA;NA;NA
779135;2026-06-16;"terça-feira";"19:16:00";"PR";487;55;"UMUARAMA";"Condutor deixou de manter distância do veículo da frente";"Colisão traseira";"Com Vítimas Feridas";"Pleno dia";"Crescente";"Céu Claro";"Simples";"Reta";"Não";3;0;1;0;1;2;1;4;-23,575993;-53,425303;NA;NA;NA
779136;2026-06-16;"terça-feira";"20:30:00";"ES";259;59,8;"COLATINA";"Desrespeitar a preferência no cruzamento";"Colisão lateral mesmo sentido";"Com Vítimas Feridas";"Plena Noite";"Crescente";"Nublado";"Simples";"Reta";"Não";2;0;0;1;1;0;1;2;-19,51449231;-40,66058278;NA;NA;NA
779137;2026-06-16;"terça-feira";"20:30:00";"PR";153;461;"PORTO VITORIA";"Demais falhas mecânicas ou elétricas";"Incêndio";"Sem Vítimas";"Plena Noite";"Crescente";"Céu Claro";"Simples";"Reta";"Não";2;0;0;0;1;3;0;4;-26,28532294;-51,19731028;NA;NA;NA
779138;2026-06-16;"terça-feira";"20:45:00";"MG";381;833,9;"SAO SEBASTIAO DA BELA VISTA";"Demais falhas mecânicas ou elétricas";"Incêndio";"Com Vítimas Feridas";"Plena Noite";"Decrescente";"Céu Claro";"Dupla";"Retorno Regulamentado;Reta";"Não";1;0;1;0;0;0;1;1;-22,124542;-45,796993;NA;NA;NA
779139;2026-06-16;"terça-feira";"19:45:00";"SC";282;523,5;"XAXIM";"Reação tardia ou ineficiente do condutor";"Saída de leito carroçável";"Com Vítimas Feridas";"Plena Noite";"Decrescente";"Céu Claro";"Simples";"Reta";"Não";2;0;1;0;1;0;1;1;-26,963872;-52,550094;NA;NA;NA
779142;2026-06-16;"terça-feira";"21:23:00";"CE";116;114;"BEBERIBE";"Desrespeitar a preferência no cruzamento";"Colisão transversal";"Sem Vítimas";"Plena Noite";"Crescente";"Céu Claro";"Simples";"Interseção de Vias;Reta";"Sim";7;0;0;0;7;0;0;3;-4,59207368;-38,21059942;NA;NA;NA
779145;2026-06-16;"terça-feira";"19:45:00";"SC";101;339,3;"TUBARAO";"Ausência de reação do condutor";"Colisão traseira";"Com Vítimas Feridas";"Pleno dia";"Decrescente";"Céu Claro";"Múltipla";"Reta";"Sim";3;0;1;0;1;1;1;3;-28,507944;-49,049951;NA;NA;NA
779148;2026-06-16;"terça-feira";"21:00:00";"MG";116;566,1;"MANHUACU";"Ausência de reação do condutor";"Colisão lateral sentido oposto";"Sem Vítimas";"Plena Noite";"Crescente";"Céu Claro";"Simples";"Reta;Declive";"Não";5;0;0;0;4;1;0;4;-20,083291;-42,183972;NA;NA;NA
779152;2026-06-16;"terça-feira";"18:30:00";"BA";101;830;"PRADO";"Velocidade Incompatível";"Tombamento";"Sem Vítimas";"Anoitecer";"Decrescente";"Nublado";"Simples";"Curva";"Não";2;0;0;0;1;1;0;2;-17,182318;-39,580401;NA;NA;NA
779154;2026-06-16;"terça-feira";"22:00:00";"RS";472;525;"URUGUAIANA";"Demais falhas mecânicas ou elétricas";"Incêndio";"Sem Vítimas";"Plena Noite";"Decrescente";"Ignorado";"Simples";"Curva";"Não";2;0;0;0;1;1;0;2;-29,504389;-56,700662;NA;NA;NA
779155;2026-05-17;"domingo";"16:30:00";"PR";153;462;"PORTO VITORIA";"Velocidade Incompatível";"Colisão frontal";"Com Vítimas Feridas";"Pleno dia";"Crescente";"Chuva";"Simples";"Curva";"Não";3;0;1;0;1;1;1;3;-26,2269108;-51,13792419;NA;NA;NA
779156;2026-06-16;"terça-feira";"21:15:00";"BA";116;919,5;"ENCRUZILHADA";"Velocidade Incompatível";"Tombamento";"Com Vítimas Feridas";"Plena Noite";"Crescente";"Nublado";"Simples";"Curva";"Não";2;0;1;0;0;1;1;2;-15,5891973;-41,2808313;NA;NA;NA
779161;2026-06-16;"terça-feira";"23:45:00";"MG";381;832;"SAO SEBASTIAO DA BELA VISTA";"Ausência de reação do condutor";"Colisão traseira";"Com Vítimas Feridas";"Plena Noite";"Crescente";"Céu Claro";"Dupla";"Reta";"Não";3;0;1;0;1;3;1;5;-22,121092;-45,783159;NA;NA;NA
779163;2026-06-17;"quarta-feira";"00:15:00";"AL";316;269;"SATUBA";"Ingestão de álcool pelo condutor";"Colisão frontal";"Com Vítimas Feridas";"Plena Noite";"Crescente";"Nublado";"Simples";"Reta";"Sim";4;0;0;2;1;1;2;3;-9,571612;-35,825081;NA;NA;NA
779166;2026-06-17;"quarta-feira";"01:50:00";"GO";20;10;"FORMOSA";"Ingestão de álcool pelo condutor";"Colisão lateral sentido oposto";"Com Vítimas Feridas";"Plena Noite";"Crescente";"Céu Claro";"Dupla";"Em Obras";"Não";3;0;1;0;1;2;1;4;-15,560248;-47,261832;NA;NA;NA
779170;2026-06-17;"quarta-feira";"02:20:00";"PE";232;509;"SALGUEIRO";"Transitar na contramão";"Colisão frontal";"Sem Vítimas";"Plena Noite";"Crescente";"Céu Claro";"Simples";"Reta";"Sim";2;0;0;0;2;0;0;2;-8,06750476;-39,13847208;NA;NA;NA
779173;2026-06-17;"quarta-feira";"03:50:00";"AL";101;207,3;"SAO SEBASTIAO";"Ausência de reação do condutor";"Colisão traseira";"Com Vítimas Feridas";"Plena Noite";"Decrescente";"Céu Claro";"Dupla";"Aclive;Reta";"Não";1;0;0;1;0;0;1;1;-9,99037458;-36,58648431;NA;NA;NA
779175;2026-06-17;"quarta-feira";"05:40:00";"SP";153;72;"SAO JOSE DO RIO PRETO";"Ausência de reação do condutor";"Colisão traseira";"Com Vítimas Feridas";"Plena Noite";"Decrescente";"Céu Claro";"Dupla";"Aclive;Reta";"Não";3;0;1;0;0;2;1;3;-20,872462;-49,41717;NA;NA;NA
779176;2026-06-17;"quarta-feira";"06:20:00";"GO";60;446;"JATAI";"Condutor Dormindo";"Colisão traseira";"Com Vítimas Feridas";"Amanhecer";"Crescente";"Nevoeiro/Neblina";"Dupla";"Reta";"Não";4;0;1;2;1;0;3;2;-17,84164784;-51,44830942;NA;NA;NA
779178;2026-06-17;"quarta-feira";"03:00:00";"PR";153;521,6;"GENERAL CARNEIRO";"Condutor Dormindo";"Saída de leito carroçável";"Com Vítimas Feridas";"Plena Noite";"Decrescente";"Nevoeiro/Neblina";"Simples";"Declive;Reta";"Não";2;0;1;0;0;1;1;2;-26,60664;-51,4715;NA;NA;NA
779179;2026-06-17;"quarta-feira";"06:28:00";"PE";423;53,1;"LAJEDO";"Manobra de mudança de faixa";"Colisão frontal";"Com Vítimas Feridas";"Pleno dia";"Decrescente";"Sol";"Simples";"Aclive;Interseção de Vias";"Não";3;0;0;1;1;1;1;3;-8,601178;-36,292585;NA;NA;NA
779181;2026-06-17;"quarta-feira";"06:30:00";"SC";101;39,8;"JOINVILLE";"Manobra de mudança de faixa";"Colisão lateral mesmo sentido";"Sem Vítimas";"Amanhecer";"Decrescente";"Nevoeiro/Neblina";"Múltipla";"Reta";"Não";3;0;0;0;2;1;0;3;-26,29919486;-48,88357814;NA;NA;NA
779185;2026-06-17;"quarta-feira";"05:35:00";"CE";20;383;"CAUCAIA";"Ultrapassagem Indevida";"Colisão frontal";"Sem Vítimas";"Pleno dia";"Crescente";"Céu Claro";"Simples";"Reta";"Não";2;0;0;0;2;0;0;2;-3,889172;-38,829182;NA;NA;NA
779192;2026-06-12;"sexta-feira";"19:05:00";"PR";277;495,7;"NOVA LARANJEIRAS";"Ingestão de álcool pelo condutor";"Colisão lateral sentido oposto";"Com Vítimas Feridas";"Plena Noite";"Crescente";"Céu Claro";"Simples";"Reta";"Não";4;0;1;0;2;2;1;4;-25,20136155;-52,65430152;NA;NA;NA
779197;2026-06-17;"quarta-feira";"08:00:00";"PR";376;652;"TIJUCAS DO SUL";"Reação tardia ou ineficiente do condutor";"Colisão lateral mesmo sentido";"Com Vítimas Fatais";"Pleno dia";"Decrescente";"Céu Claro";"Simples";"Reta;Aclive";"Não";3;1;1;0;1;0;1;3;-25,84241;-49,05589;NA;NA;NA
779198;2026-06-17;"quarta-feira";"07:50:00";"RS";101;39;"TERRA DE AREIA";"Ausência de reação do condutor";"Engavetamento";"Com Vítimas Feridas";"Pleno dia";"Decrescente";"Céu Claro";"Dupla";"Reta";"Não";4;0;2;0;2;0;2;4;-29,55198471;-50,03291928;NA;NA;NA
779204;2026-06-17;"quarta-feira";"08:50:00";"PR";376;604;"CURITIBA";"Manobra de mudança de faixa";"Queda de ocupante de veículo";"Com Vítimas Feridas";"Pleno dia";"Crescente";"Céu Claro";"Dupla";"Reta";"Sim";3;0;1;0;0;2;1;3;-25,53405277;-49,31814043;NA;NA;NA
779205;2026-06-17;"quarta-feira";"06:21:00";"MG";381;630,7;"OLIVEIRA";"Reação tardia ou ineficiente do condutor";"Colisão traseira";"Com Vítimas Feridas";"Amanhecer";"Crescente";"Nevoeiro/Neblina";"Dupla";"Declive;Curva";"Não";3;0;1;0;1;1;1;3;-20,83039;-44,819396;NA;NA;NA
779209;2026-06-17;"quarta-feira";"09:27:00";"SC";470;64,6;"INDAIAL";"Condutor deixou de manter distância do veículo da frente";"Engavetamento";"Com Vítimas Fatais";"Pleno dia";"Decrescente";"Céu Claro";"Dupla";"Aclive;Reta";"Não";10;1;3;1;4;1;4;8;-26,87008;-49,20872;NA;NA;NA
779216;2026-06-17;"quarta-feira";"09:35:00";"BA";324;533;"FEIRA DE SANTANA";"Condutor deixou de manter distância do veículo da frente";"Colisão traseira";"Sem Vítimas";"Pleno dia";"Decrescente";"Céu Claro";"Dupla";"Reta";"Não";4;0;0;0;4;0;0;2;-12,35595039;-38,82972838;NA;NA;NA
779218;2026-06-17;"quarta-feira";"09:30:00";"MG";381;829,5;"SAO SEBASTIAO DA BELA VISTA";"Acessar a via sem observar a presença dos outros veículos";"Colisão traseira";"Com Vítimas Feridas";"Pleno dia";"Crescente";"Sol";"Dupla";"Curva";"Não";4;0;1;0;2;1;1;3;-22,11641114;-45,75191796;NA;NA;NA
779221;2026-06-17;"quarta-feira";"10:00:00";"PB";101;94,5;"CONDE";"Reação tardia ou ineficiente do condutor";"Colisão traseira";"Com Vítimas Feridas";"Pleno dia";"Decrescente";"Chuva";"Dupla";"Aclive;Reta";"Não";4;0;3;1;0;0;4;2;-7,219234;-34,913109;NA;NA;NA