"id";"data_inversa";"dia_semana";"horario";"uf";"br";"km";"municipio";"causa_acidente";"tipo_acidente";"classificacao_acidente";"fase_dia";"sentido_via";"condicao_metereologica";"tipo_pista";"tracado_via";"uso_solo";"pessoas";"mortos";"feridos_leves";"feridos_graves";"ilesos";"ignorados";"feridos";"veiculos";"latitude";"longitude";"regional";"delegacia";"uop"
779222;2026-06-17;"quarta-feira";"07:59:00";"CE";122;85,9;"QUIXADA";"Manobra de mudança de faixa";"Colisão frontal";"Com Vítimas Fatais";"Pleno dia";"Decrescente";"Sol";"Simples";"Reta";"Não";3;1;0;0;1;1;0;3;-4,894493;-38,921315;NA;NA;NA
779223;2026-05-16;"sábado";"08:40:00";"SP";381;49,7;"ATIBAIA";"Velocidade Incompatível";"Colisão com objeto";"Sem Vítimas";"Pleno dia";"Decrescente";"Céu Claro";"Dupla";"Reta";"Não";2;0;0;0;2;0;0;2;-23,21505616;-46,59399239;NA;NA;NA
779232;2026-06-17;"quarta-feira";"10:30:00";"PR";116;17;"CAMPINA GRANDE DO SUL";"Condutor Dormindo";"Tombamento";"Com Vítimas Feridas";"Pleno dia";"Decrescente";"Céu Claro";"Dupla";"Curva";"Não";4;0;1;0;2;2;1;5;-25,101836;-48,699065;NA;NA;NA
779236;2026-06-17;"quarta-feira";"10:30:00";"MT";70;30;"BARRA DO GARCAS";"Reação tardia ou ineficiente do condutor";"Colisão frontal";"Com Vítimas Feridas";"Pleno dia";"Crescente";"Céu Claro";"Simples";"Declive";"Não";3;0;1;0;1;2;1;4;-15,78249211;-52,55637288;NA;NA;NA
779244;2026-06-17;"quarta-feira";"09:30:00";"AL";423;27;"CANAPI";"Acessar a via sem observar a presença dos outros veículos";"Colisão lateral sentido oposto";"Com Vítimas Fatais";"Pleno dia";"Crescente";"Céu Claro";"Simples";"Reta";"Não";4;1;0;0;2;5;0;8;-9,197542;-37,527013;NA;NA;NA
779253;2026-06-17;"quarta-feira";"10:15:00";"SC";101;119,2;"ITAJAI";"Trafegar com motocicleta (ou similar) entre as faixas";"Colisão traseira";"Com Vítimas Fatais";"Pleno dia";"Decrescente";"Sol";"Dupla";"Reta";"Sim";6;1;1;0;1;3;1;5;-26,90668661;-48,71440887;NA;NA;NA
779257;2026-06-17;"quarta-feira";"06:10:00";"MG";267;182,9;"OLARIA";"Ausência de reação do condutor";"Colisão traseira";"Com Vítimas Fatais";"Amanhecer";"Crescente";"Céu Claro";"Simples";"Aclive;Reta";"Não";3;1;0;0;1;1;0;3;-21,90174;-43,95521;NA;NA;NA
779258;2026-06-17;"quarta-feira";"13:20:00";"SC";470;138;"RIO DO SUL";"Desrespeitar a preferência no cruzamento";"Colisão transversal";"Com Vítimas Feridas";"Pleno dia";"Crescente";"Sol";"Simples";"Retorno Regulamentado;Reta";"Sim";2;0;0;1;1;0;1;2;-27,19401471;-49,62409465;NA;NA;NA
779260;2026-06-17;"quarta-feira";"07:20:00";"MA";230;447,4;"RIACHAO";"Transitar na contramão";"Colisão frontal";"Com Vítimas Fatais";"Pleno dia";"Crescente";"Céu Claro";"Simples";"Reta";"Não";4;2;0;0;1;5;0;8;-7,399228;-46,41021;NA;NA;NA
779264;2026-04-11;"sábado";"03:45:00";"SC";282;16,2;"PALHOCA";"Transitar na contramão";"Colisão frontal";"Com Vítimas Fatais";"Plena Noite";"Decrescente";"Céu Claro";"Simples";"Reta";"Sim";2;1;0;0;1;0;0;2;-27,660329;-48,683343;NA;NA;NA
779268;2026-06-02;"terça-feira";"04:30:00";"MG";50;155;"UBERABA";"Objeto estático sobre o leito carroçável";"Colisão traseira";"Com Vítimas Feridas";"Plena Noite";"Decrescente";"Ignorado";"Dupla";"Reta;Aclive";"Não";5;0;0;1;4;0;1;2;-19,606844;-48,022551;NA;NA;NA
779270;2026-06-07;"domingo";"19:40:00";"MT";163;1077;"GUARANTA DO NORTE";"Transitar na contramão";"Colisão frontal";"Com Vítimas Fatais";"Anoitecer";"Crescente";"Céu Claro";"Simples";"Curva";"Não";5;2;0;0;1;3;0;5;-9,85011;-54,880058;NA;NA;NA
779279;2026-06-17;"quarta-feira";"15:00:00";"ES";101;72,7;"SAO MATEUS";"Transitar na contramão";"Colisão frontal";"Com Vítimas Fatais";"Pleno dia";"Crescente";"Céu Claro";"Simples";"Declive;Reta";"Não";5;1;0;0;1;3;0;4;-18,7672533;-39,86604;NA;NA;NA
779292;2026-06-17;"quarta-feira";"16:30:00";"PA";308;153;"CAPANEMA";"Falta de acostamento";"Tombamento";"Com Vítimas Feridas";"Pleno dia";"Crescente";"Sol";"Simples";"Reta";"Não";1;0;1;0;0;0;1;1;-1,205029;-47,164585;NA;NA;NA
779293;2026-06-17;"quarta-feira";"10:30:00";"MT";163;104;"RONDONOPOLIS";"Velocidade Incompatível";"Tombamento";"Com Vítimas Feridas";"Pleno dia";"Crescente";"Céu Claro";"Dupla";"Curva;Viaduto";"Não";3;0;2;0;0;3;2;4;-16,63735;-54,693007;NA;NA;NA
779296;2026-03-30;"segunda-feira";"15:00:00";"MA";330;90;"TASSO FRAGOSO";"Estacionar ou parar em local proibido";"Colisão lateral sentido oposto";"Com Vítimas Feridas";"Anoitecer";"Decrescente";"Garoa/Chuvisco";"Simples";"Declive;Curva";"Não";10;0;1;1;4;13;2;17;-8,45829504;-45,9262692;NA;NA;NA
779299;2026-06-17;"quarta-feira";"13:00:00";"MT";163;1087;"GUARANTA DO NORTE";"Reação tardia ou ineficiente do condutor";"Engavetamento";"Com Vítimas Feridas";"Pleno dia";"Decrescente";"Céu Claro";"Simples";"Reta;Aclive;Em Obras";"Não";5;0;2;0;2;5;2;8;-9,771382;-54,900783;NA;NA;NA
779315;2026-06-17;"quarta-feira";"17:30:00";"PR";373;433;"CHOPINZINHO";"Ausência de reação do condutor";"Tombamento";"Com Vítimas Feridas";"Pleno dia";"Decrescente";"Céu Claro";"Simples";"Curva;Declive";"Não";2;0;0;1;0;2;1;3;-25,76932209;-52,25851743;NA;NA;NA
779320;2026-06-17;"quarta-feira";"17:00:00";"PA";230;114;"MARABA";"Acessar a via sem observar a presença dos outros veículos";"Colisão transversal";"Com Vítimas Feridas";"Pleno dia";"Decrescente";"Céu Claro";"Dupla";"Retorno Regulamentado;Reta";"Sim";2;0;0;1;1;0;1;2;-5,3593936;-49,08361995;NA;NA;NA
779322;2026-06-17;"quarta-feira";"17:15:00";"PE";407;124;"PETROLINA";"Acessar a via sem observar a presença dos outros veículos";"Colisão lateral mesmo sentido";"Com Vítimas Feridas";"Pleno dia";"Crescente";"Céu Claro";"Simples";"Retorno Regulamentado;Curva";"Sim";3;0;0;1;2;0;1;2;-9,37405486;-40,53934542;NA;NA;NA
779325;2026-06-17;"quarta-feira";"17:00:00";"MT";163;94,1;"RONDONOPOLIS";"Ausência de reação do condutor";"Colisão com objeto";"Com Vítimas Feridas";"Plena Noite";"Decrescente";"Céu Claro";"Simples";"Retorno Regulamentado;Rotatória;Viaduto";"Não";3;0;0;2;0;2;2;4;-16,70001691;-54,65933747;NA;NA;NA
779344;2026-06-17;"quarta-feira";"18:00:00";"BA";110;345;"ALAGOINHAS";"Manobra de mudança de faixa";"Colisão lateral sentido oposto";"Com Vítimas Feridas";"Anoitecer";"Decrescente";"Nublado";"Simples";"Aclive;Reta";"Não";3;0;0;2;1;0;2;2;-12,19882834;-38,41558966;NA;NA;NA
779351;2026-06-17;"quarta-feira";"20:30:00";"RJ";116;185;"NOVA IGUACU";"Condutor deixou de manter distância do veículo da frente";"Queda de ocupante de veículo";"Com Vítimas Feridas";"Plena Noite";"Crescente";"Céu Claro";"Dupla";"Interseção de Vias;Reta";"Sim";2;0;1;0;1;0;1;2;-22,73984152;-43,4599584;NA;NA;NA
779363;2026-04-26;"domingo";"09:30:00";"PR";376;519;"PONTA GROSSA";"Ausência de reação do condutor";"Colisão traseira";"Com Vítimas Feridas";"Pleno dia";"Decrescente";"Ignorado";"Dupla";"Reta";"Não";4;0;2;0;1;2;2;4;-25,269813;-49,93871;NA;NA;NA
779368;2026-06-17;"quarta-feira";"21:40:00";"PR";369;228,8;"JANDAIA DO SUL";"Condutor desrespeitou a iluminação vermelha do semáforo";"Colisão transversal";"Com Vítimas Feridas";"Plena Noite";"Decrescente";"Céu Claro";"Simples";"Curva;Interseção de Vias";"Sim";3;0;1;0;1;2;1;4;-23,58871244;-51,64622275;NA;NA;NA
779369;2026-06-17;"quarta-feira";"17:00:00";"MG";381;374;"SAO GONCALO DO RIO ABAIXO";"Desrespeitar a preferência no cruzamento";"Colisão transversal";"Com Vítimas Feridas";"Pleno dia";"Crescente";"Céu Claro";"Simples";"Retorno Regulamentado;Reta";"Sim";4;0;2;0;2;0;2;2;-19,83591582;-43,34759681;NA;NA;NA
779370;2026-06-17;"quarta-feira";"20:31:00";"MS";163;465;"CAMPO GRANDE";"Manobra de mudança de faixa";"Colisão frontal";"Com Vítimas Feridas";"Plena Noite";"Crescente";"Céu Claro";"Simples";"Reta";"Não";3;0;1;0;1;1;1;3;-20,59279157;-54,58103148;NA;NA;NA
779371;2026-06-17;"quarta-feira";"20:40:00";"PE";232;278;"SERTANIA";"Manobra de mudança de faixa";"Colisão lateral mesmo sentido";"Sem Vítimas";"Plena Noite";"Crescente";"Céu Claro";"Dupla";"Curva";"Não";5;0;0;0;4;1;0;3;-8,359927;-37,27361;NA;NA;NA
779372;2026-06-17;"quarta-feira";"22:15:00";"AL";101;172,8;"TEOTONIO VILELA";"Manobra de mudança de faixa";"Saída de leito carroçável";"Com Vítimas Feridas";"Plena Noite";"Crescente";"Céu Claro";"Dupla";"Reta";"Não";1;0;1;0;0;0;1;1;-9,907157;-36,340041;NA;NA;NA
779376;2026-06-17;"quarta-feira";"23:35:00";"AL";316;260;"PILAR";"Ingestão de álcool pelo condutor";"Colisão lateral sentido oposto";"Com Vítimas Feridas";"Plena Noite";"Crescente";"Céu Claro";"Simples";"Reta";"Não";5;0;0;1;3;1;1;4;-9,590676;-35,90041;NA;NA;NA
779381;2026-06-18;"quinta-feira";"01:10:00";"SP";153;7,3;"ICEM";"Condutor Dormindo";"Saída de leito carroçável";"Com Vítimas Feridas";"Plena Noite";"Decrescente";"Céu Claro";"Simples";"Reta";"Não";2;0;1;0;1;0;1;1;-20,36695;-49,223125;NA;NA;NA
779382;2026-06-18;"quinta-feira";"01:45:00";"PI";316;13;"TERESINA";"Transitar na contramão";"Colisão frontal";"Com Vítimas Feridas";"Plena Noite";"Crescente";"Céu Claro";"Múltipla";"Reta";"Sim";3;0;0;1;1;1;1;3;-5,2101363;-42,75518373;NA;NA;NA
779386;2026-06-18;"quinta-feira";"00:10:00";"MT";163;857;"SINOP";"Ingestão de álcool pelo condutor";"Tombamento";"Com Vítimas Feridas";"Plena Noite";"Decrescente";"Céu Claro";"Simples";"Reta";"Não";2;0;1;0;0;3;1;4;-11,67270471;-55,44636726;NA;NA;NA
779390;2026-06-18;"quinta-feira";"05:26:00";"MG";381;499;"BETIM";"Trafegar com motocicleta (ou similar) entre as faixas";"Colisão lateral mesmo sentido";"Com Vítimas Feridas";"Amanhecer";"Decrescente";"Céu Claro";"Dupla";"Reta";"Sim";3;0;1;0;1;1;1;3;-19,99622774;-44,20845556;NA;NA;NA
779393;2026-06-17;"quarta-feira";"22:20:00";"RN";226;290;"CAMPO GRANDE";"Reação tardia ou ineficiente do condutor";"Capotamento";"Com Vítimas Feridas";"Plena Noite";"Crescente";"Céu Claro";"Simples";"Curva;Interseção de Vias";"Não";1;0;1;0;0;0;1;1;-5,8701;-37,316;NA;NA;NA
779394;2026-06-18;"quinta-feira";"04:00:00";"PR";369;61,7;"BANDEIRANTES";"Ausência de reação do condutor";"Colisão traseira";"Com Vítimas Feridas";"Plena Noite";"Crescente";"Céu Claro";"Simples";"Declive;Reta";"Não";4;0;1;0;2;1;1;3;-23,135286;-50,411038;NA;NA;NA
779401;2026-06-18;"quinta-feira";"05:50:00";"GO";50;113;"CRISTALINA";"Reação tardia ou ineficiente do condutor";"Colisão traseira";"Com Vítimas Feridas";"Amanhecer";"Decrescente";"Céu Claro";"Múltipla";"Reta";"Sim";3;0;0;1;1;2;1;4;-16,886055;-47,67999;NA;NA;NA
779410;2026-06-11;"quinta-feira";"02:54:00";"MG";50;117,3;"UBERABA";"Condutor Dormindo";"Saída de leito carroçável";"Com Vítimas Feridas";"Amanhecer";"Decrescente";"Chuva";"Dupla";"Retorno Regulamentado;Reta";"Não";1;0;1;0;0;0;1;1;-19,28768;-48,11916;NA;NA;NA
779412;2026-06-18;"quinta-feira";"07:55:00";"PR";277;588,9;"CASCAVEL";"Acessar a via sem observar a presença dos outros veículos";"Colisão transversal";"Sem Vítimas";"Pleno dia";"Crescente";"Céu Claro";"Simples";"Reta;Retorno Regulamentado";"Sim";2;0;0;0;1;1;0;2;-24,966813;-53,424523;NA;NA;NA
779413;2026-06-14;"domingo";"13:00:00";"PR";116;103;"SAO JOSE DOS PINHAIS";"Estacionar ou parar em local proibido";"Colisão lateral mesmo sentido";"Com Vítimas Feridas";"Pleno dia";"Crescente";"Chuva";"Dupla";"Reta";"Não";4;0;1;0;2;1;1;3;-25,57;-49,188;NA;NA;NA
779421;2026-06-14;"domingo";"17:20:00";"PA";230;415;"PACAJA";"Reação tardia ou ineficiente do condutor";"Colisão lateral mesmo sentido";"Com Vítimas Feridas";"Pleno dia";"Crescente";"Céu Claro";"Simples";"Reta";"Sim";11;0;6;3;1;1;9;3;-3,8337464;-50,64747155;NA;NA;NA
779426;2026-06-18;"quinta-feira";"08:05:00";"RO";364;239;"CACOAL";"Condutor deixou de manter distância do veículo da frente";"Atropelamento de Pedestre";"Com Vítimas Feridas";"Pleno dia";"Crescente";"Céu Claro";"Simples";"Reta";"Não";2;0;1;0;0;1;1;2;-11,43707;-61,457662;NA;NA;NA
779427;2026-06-18;"quinta-feira";"06:45:00";"MT";163;708;"SORRISO";"Transitar na contramão";"Colisão frontal";"Com Vítimas Feridas";"Pleno dia";"Decrescente";"Céu Claro";"Simples";"Em Obras;Reta";"Não";4;0;1;1;1;1;2;3;-12,911502;-55,852254;NA;NA;NA
779428;2026-06-18;"quinta-feira";"07:40:00";"MT";163;119;"RONDONOPOLIS";"Trafegar com motocicleta (ou similar) entre as faixas";"Colisão lateral mesmo sentido";"Com Vítimas Feridas";"Pleno dia";"Decrescente";"Céu Claro";"Dupla";"Rotatória";"Sim";4;0;1;0;2;2;1;5;-16,491092;-54,646962;NA;NA;NA
779430;2026-06-18;"quinta-feira";"06:37:00";"TO";153;743;"ALVORADA";"Ausência de reação do condutor";"Colisão lateral sentido oposto";"Sem Vítimas";"Amanhecer";"Crescente";"Céu Claro";"Simples";"Curva";"Não";4;0;0;0;3;5;0;8;-12,3281;-49,1481;NA;NA;NA
779434;2026-06-18;"quinta-feira";"08:45:00";"MA";316;202;"ZE DOCA";"Manobra de mudança de faixa";"Colisão transversal";"Com Vítimas Fatais";"Pleno dia";"Crescente";"Sol";"Simples";"Reta";"Não";4;1;1;0;1;2;1;5;-3,323942;-45,66048;NA;NA;NA
779436;2026-06-18;"quinta-feira";"09:00:00";"PA";230;110;"MARABA";"Acessar a via sem observar a presença dos outros veículos";"Saída de leito carroçável";"Com Vítimas Feridas";"Pleno dia";"Decrescente";"Céu Claro";"Simples";"Reta";"Sim";2;0;1;0;0;1;1;2;-5,37312881;-49,03261453;NA;NA;NA
779440;2026-06-18;"quinta-feira";"09:20:00";"PR";277;601,8;"CASCAVEL";"Acessar a via sem observar a presença dos outros veículos";"Colisão lateral mesmo sentido";"Com Vítimas Feridas";"Pleno dia";"Crescente";"Sol";"Dupla";"Reta";"Sim";6;0;1;1;2;4;2;7;-25,02057065;-53,54641411;NA;NA;NA
779441;2026-06-18;"quinta-feira";"07:50:00";"BA";116;608,4;"IRAJUBA";"Manobra de mudança de faixa";"Colisão frontal";"Com Vítimas Feridas";"Pleno dia";"Crescente";"Céu Claro";"Simples";"Curva";"Não";7;0;2;0;4;1;2;3;-13,3079;-40,025833;NA;NA;NA
779442;2026-06-18;"quinta-feira";"09:40:00";"PE";232;139,8;"SAO CAITANO";"Manobra de mudança de faixa";"Colisão lateral mesmo sentido";"Com Vítimas Feridas";"Pleno dia";"Decrescente";"Céu Claro";"Dupla";"Curva";"Não";4;0;2;0;2;0;2;2;-8,32064;-36,08239;NA;NA;NA
779444;2026-06-18;"quinta-feira";"02:00:00";"RO";364;968;"PORTO VELHO";"Estacionar ou parar em local proibido";"Incêndio";"Com Vítimas Feridas";"Plena Noite";"Crescente";"Ignorado";"Simples";"Declive;Reta";"Não";6;0;1;0;3;5;1;7;-9,64972;-65,706632;NA;NA;NA
779448;2026-06-18;"quinta-feira";"11:40:00";"SC";101;176;"GOVERNADOR CELSO RAMOS";"Manobra de mudança de faixa";"Colisão lateral mesmo sentido";"Com Vítimas Feridas";"Pleno dia";"Decrescente";"Nublado";"Dupla";"Interseção de Vias;Curva";"Não";5;0;2;0;2;1;2;3;-27,34654;-48,63274;NA;NA;NA
779452;2026-06-18;"quinta-feira";"11:36:00";"SP";116;39;"CACHOEIRA PAULISTA";"Ausência de reação do condutor";"Colisão traseira";"Com Vítimas Feridas";"Pleno dia";"Decrescente";"Céu Claro";"Dupla";"Reta";"Sim";4;0;1;0;3;0;1;3;-22,675578;-44,999337;NA;NA;NA
779456;2026-06-18;"quinta-feira";"07:30:00";"BA";110;375;"CATU";"Ausência de reação do condutor";"Colisão frontal";"Com Vítimas Fatais";"Pleno dia";"Crescente";"Céu Claro";"Simples";"Curva";"Não";8;3;0;0;4;1;0;3;-12,405662;-38,403353;NA;NA;NA
779458;2026-06-18;"quinta-feira";"09:36:00";"RJ";116;325,9;"ITATIAIA";"Estacionar ou parar em local proibido";"Colisão traseira";"Com Vítimas Feridas";"Pleno dia";"Decrescente";"Céu Claro";"Dupla";"Reta";"Não";4;0;1;0;1;2;1;4;-22,498206;-44,577982;NA;NA;NA
779463;2026-06-18;"quinta-feira";"13:50:00";"GO";153;500;"GOIANIA";"Condutor deixou de manter distância do veículo da frente";"Colisão traseira";"Sem Vítimas";"Pleno dia";"Crescente";"Sol";"Dupla";"Reta";"Sim";2;0;0;0;2;0;0;2;-16,7072594;-49,2308935;NA;NA;NA
779464;2026-06-18;"quinta-feira";"12:35:00";"SC";282;476,6;"XANXERE";"Reação tardia ou ineficiente do condutor";"Colisão lateral mesmo sentido";"Com Vítimas Feridas";"Pleno dia";"Decrescente";"Céu Claro";"Simples";"Reta";"Sim";3;0;1;0;1;2;1;4;-26,8786985;-52,3383845;NA;NA;NA
779468;2026-06-18;"quinta-feira";"14:15:00";"MG";116;177;"PADRE PARAISO";"Manobra de mudança de faixa";"Colisão lateral sentido oposto";"Com Vítimas Feridas";"Pleno dia";"Crescente";"Céu Claro";"Simples";"Curva;Aclive";"Não";2;0;1;0;1;0;1;2;-17,06623564;-41,47434203;NA;NA;NA
779475;2026-06-18;"quinta-feira";"13:40:00";"SC";101;41;"JOINVILLE";"Reação tardia ou ineficiente do condutor";"Engavetamento";"Com Vítimas Feridas";"Pleno dia";"Decrescente";"Céu Claro";"Múltipla";"Reta;Viaduto";"Sim";5;0;1;0;3;3;1;7;-26,31869046;-48,87173653;NA;NA;NA
779476;2026-06-18;"quinta-feira";"13:00:00";"SC";101;40;"JOINVILLE";"Entrada inopinada do pedestre";"Atropelamento de Pedestre";"Com Vítimas Feridas";"Pleno dia";"Decrescente";"Céu Claro";"Simples";"Curva";"Sim";2;0;1;0;1;0;1;2;-26,30960863;-48,8779041;NA;NA;NA
779481;2026-06-18;"quinta-feira";"15:25:00";"BA";324;534;"CONCEICAO DO JACUIPE";"Ausência de reação do condutor";"Saída de leito carroçável";"Sem Vítimas";"Pleno dia";"Decrescente";"Chuva";"Dupla";"Reta";"Não";1;0;0;0;1;0;0;1;-12,35184;-38,833217;NA;NA;NA
779483;2026-06-18;"quinta-feira";"16:30:00";"SC";101;197,6;"BIGUACU";"Reação tardia ou ineficiente do condutor";"Colisão lateral mesmo sentido";"Com Vítimas Feridas";"Anoitecer";"Decrescente";"Garoa/Chuvisco";"Múltipla";"Reta";"Sim";4;0;2;0;1;1;2;3;-27,52510803;-48,635765;NA;NA;NA
779485;2026-06-18;"quinta-feira";"16:25:00";"PR";116;7;"CAMPINA GRANDE DO SUL";"Ausência de reação do condutor";"Colisão traseira";"Com Vítimas Feridas";"Pleno dia";"Decrescente";"Céu Claro";"Dupla";"Reta";"Sim";2;0;1;0;1;0;1;2;-25,36942384;-49,11471114;NA;NA;NA
779488;2026-06-18;"quinta-feira";"16:30:00";"GO";40;15;"LUZIANIA";"Acessar a via sem observar a presença dos outros veículos";"Colisão lateral mesmo sentido";"Com Vítimas Feridas";"Pleno dia";"Decrescente";"Céu Claro";"Dupla";"Interseção de Vias";"Sim";3;0;1;0;1;3;1;5;-16,172793;-47,929543;NA;NA;NA
779490;2026-06-18;"quinta-feira";"13:35:00";"SC";153;61;"IRANI";"Reação tardia ou ineficiente do condutor";"Colisão lateral sentido oposto";"Com Vítimas Feridas";"Pleno dia";"Decrescente";"Céu Claro";"Simples";"Curva";"Não";6;0;2;0;3;1;2;3;-26,9868704;-51,8704251;NA;NA;NA
779494;2026-06-18;"quinta-feira";"17:31:00";"PB";230;246,5;"JUAZEIRINHO";"Ultrapassagem Indevida";"Colisão frontal";"Com Vítimas Fatais";"Pleno dia";"Crescente";"Sol";"Simples";"Reta";"Não";3;1;0;0;2;0;0;2;-7,072701;-36,618858;NA;NA;NA
779497;2026-06-06;"sábado";"14:01:00";"PA";163;492;"ITAITUBA";"Transitar na contramão";"Colisão lateral sentido oposto";"Sem Vítimas";"Pleno dia";"Decrescente";"Céu Claro";"Simples";"Reta";"Não";4;0;0;0;3;6;0;8;-5,66094;-55,820483;NA;NA;NA
779499;2026-06-18;"quinta-feira";"06:30:00";"BA";116;490;"RAFAEL JAMBEIRO";"Demais falhas mecânicas ou elétricas";"Incêndio";"Sem Vítimas";"Amanhecer";"Crescente";"Nevoeiro/Neblina";"Dupla";"Reta;Declive";"Não";2;0;0;0;1;1;0;2;-12,56440338;-39,48053151;NA;NA;NA
779504;2026-06-18;"quinta-feira";"15:00:00";"MA";135;6;"SAO LUIS";"Reação tardia ou ineficiente do condutor";"Tombamento";"Sem Vítimas";"Pleno dia";"Crescente";"Céu Claro";"Dupla";"Reta";"Sim";2;0;0;0;0;3;0;3;-2,624302;-44,316652;NA;NA;NA
779511;2026-06-18;"quinta-feira";"18:00:00";"MA";10;255;"IMPERATRIZ";"Ultrapassagem Indevida";"Tombamento";"Com Vítimas Feridas";"Anoitecer";"Crescente";"Chuva";"Simples";"Reta";"Sim";3;0;0;1;1;1;1;3;-5,506023;-47,471832;NA;NA;NA
779514;2026-06-18;"quinta-feira";"18:05:00";"MG";40;469;"SETE LAGOAS";"Desrespeitar a preferência no cruzamento";"Colisão lateral mesmo sentido";"Com Vítimas Feridas";"Plena Noite";"Decrescente";"Céu Claro";"Dupla";"Retorno Regulamentado";"Não";2;0;0;1;1;0;1;2;-19,45928312;-44,30336444;NA;NA;NA
779524;2026-04-01;"quarta-feira";"03:00:00";"MG";262;367;"JUATUBA";"Acessar a via sem observar a presença dos outros veículos";"Colisão traseira";"Com Vítimas Feridas";"Plena Noite";"Decrescente";"Céu Claro";"Dupla";"Reta;Declive";"Sim";5;0;1;0;3;5;1;9;-19,9559625;-44,3667951;NA;NA;NA
779529;2026-06-18;"quinta-feira";"18:55:00";"MG";50;151,5;"UBERABA";"Acessar a via sem observar a presença dos outros veículos";"Colisão transversal";"Com Vítimas Fatais";"Plena Noite";"Crescente";"Céu Claro";"Dupla";"Reta";"Não";3;1;0;0;1;3;0;5;-19,536253;-48,037111;NA;NA;NA
779549;2026-06-18;"quinta-feira";"18:05:00";"MG";262;413;"PARA DE MINAS";"Acessar a via sem observar a presença dos outros veículos";"Colisão transversal";"Com Vítimas Feridas";"Plena Noite";"Crescente";"Céu Claro";"Dupla";"Retorno Regulamentado";"Não";3;0;1;0;1;1;1;3;-19,8831099;-44,7540406;NA;NA;NA
779553;2026-06-18;"quinta-feira";"18:00:00";"MT";158;673;"NOVA XAVANTINA";"Reação tardia ou ineficiente do condutor";"Colisão lateral sentido oposto";"Com Vítimas Feridas";"Anoitecer";"Crescente";"Céu Claro";"Simples";"Reta";"Não";3;0;0;1;1;4;1;6;-14,842076;-52,294937;NA;NA;NA
779556;2026-06-18;"quinta-feira";"20:49:00";"TO";153;794;"TALISMA";"Reação tardia ou ineficiente do condutor";"Colisão lateral sentido oposto";"Com Vítimas Feridas";"Plena Noite";"Decrescente";"Céu Claro";"Simples";"Reta";"Não";5;0;3;0;1;3;3;5;-12,7212;-49,1245;NA;NA;NA
779557;2026-06-18;"quinta-feira";"20:00:00";"RS";158;507,5;"SANTANA DO LIVRAMENTO";"Avarias e/ou desgaste excessivo no pneu";"Saída de leito carroçável";"Com Vítimas Feridas";"Plena Noite";"Crescente";"Céu Claro";"Simples";"Reta";"Não";2;0;2;0;0;0;2;1;-30,58741333;-55,08861667;NA;NA;NA
779564;2026-06-18;"quinta-feira";"09:30:00";"SP";116;136;"SAO JOSE DOS CAMPOS";"Reação tardia ou ineficiente do condutor";"Saída de leito carroçável";"Com Vítimas Feridas";"Pleno dia";"Crescente";"Céu Claro";"Dupla";"Reta";"Sim";1;0;1;0;0;0;1;1;-23,14470974;-45,77069219;NA;NA;NA
779575;2026-06-19;"sexta-feira";"00:10:00";"BA";242;835;"BARREIRAS";"Pista Escorregadia";"Saída de leito carroçável";"Com Vítimas Feridas";"Plena Noite";"Decrescente";"Garoa/Chuvisco";"Simples";"Reta";"Não";2;0;0;1;1;0;1;1;-12,12865132;-45,13297018;NA;NA;NA
779578;2026-06-19;"sexta-feira";"03:50:00";"CE";222;40;"CAUCAIA";"Condutor Dormindo";"Colisão lateral sentido oposto";"Sem Vítimas";"Amanhecer";"Crescente";"Céu Claro";"Simples";"Reta";"Sim";4;0;0;0;2;2;0;4;-3,68596921;-38,91103718;NA;NA;NA
779579;2026-06-19;"sexta-feira";"03:30:00";"MG";381;555;"ITAGUARA";"Condutor Dormindo";"Saída de leito carroçável";"Com Vítimas Feridas";"Plena Noite";"Decrescente";"Céu Claro";"Dupla";"Curva;Declive";"Não";2;0;1;0;1;0;1;1;-20,337753;-44,442759;NA;NA;NA
779580;2026-06-19;"sexta-feira";"02:40:00";"RJ";116;253;"PIRAI";"Transitar na contramão";"Colisão frontal";"Com Vítimas Feridas";"Plena Noite";"Decrescente";"Nevoeiro/Neblina";"Dupla";"Reta";"Não";3;0;0;1;2;0;1;3;-22,577694;-43,982942;NA;NA;NA