"id";"data_inversa";"dia_semana";"horario";"uf";"br";"km";"municipio";"causa_acidente";"tipo_acidente";"classificacao_acidente";"fase_dia";"sentido_via";"condicao_metereologica";"tipo_pista";"tracado_via";"uso_solo";"pessoas";"mortos";"feridos_leves";"feridos_graves";"ilesos";"ignorados";"feridos";"veiculos";"latitude";"longitude";"regional";"delegacia";"uop"
779586;2026-06-19;"sexta-feira";"05:30:00";"ES";101;427,8;"ATILIO VIVACQUA";"Reação tardia ou ineficiente do condutor";"Saída de leito carroçável";"Com Vítimas Feridas";"Amanhecer";"Crescente";"Céu Claro";"Simples";"Curva";"Não";2;0;1;0;1;0;1;1;-21,018266;-41,150217;NA;NA;NA
779590;2026-06-19;"sexta-feira";"05:31:00";"GO";364;75;"CACHOEIRA ALTA";"Condutor Dormindo";"Colisão frontal";"Com Vítimas Fatais";"Plena Noite";"Decrescente";"Céu Claro";"Simples";"Declive;Reta";"Não";4;1;0;1;1;2;1;4;-18,61739;-51,034905;NA;NA;NA
779603;2026-06-19;"sexta-feira";"05:40:00";"AL";101;40;"FLEXEIRAS";"Pista Escorregadia";"Tombamento";"Com Vítimas Feridas";"Amanhecer";"Decrescente";"Chuva";"Dupla";"Declive";"Não";1;0;1;0;0;0;1;1;-9,163587;-35,768998;NA;NA;NA
779608;2026-06-18;"quinta-feira";"21:34:00";"MT";163;632,5;"NOVA MUTUM";"Demais falhas mecânicas ou elétricas";"Incêndio";"Sem Vítimas";"Plena Noite";"Crescente";"Ignorado";"Simples";"Reta";"Não";2;0;0;0;1;1;0;2;-13,46172593;-56,07529432;NA;NA;NA
779616;2026-06-19;"sexta-feira";"07:50:00";"RS";158;322;"SANTA MARIA";"Condutor deixou de manter distância do veículo da frente";"Engavetamento";"Com Vítimas Feridas";"Pleno dia";"Crescente";"Nublado";"Dupla";"Aclive";"Sim";4;0;1;0;2;3;1;6;-29,69547583;-53,78046367;NA;NA;NA
779617;2026-06-19;"sexta-feira";"08:10:00";"PR";376;222;"CAMBIRA";"Manobra de mudança de faixa";"Saída de leito carroçável";"Com Vítimas Feridas";"Pleno dia";"Crescente";"Céu Claro";"Dupla";"Reta";"Não";3;0;1;0;1;2;1;4;-23,60213;-51,594385;NA;NA;NA
779620;2026-06-19;"sexta-feira";"06:45:00";"PR";277;429,9;"CANTAGALO";"Condutor Dormindo";"Colisão traseira";"Com Vítimas Feridas";"Amanhecer";"Decrescente";"Céu Claro";"Simples";"Reta;Aclive";"Não";5;0;2;0;2;1;2;4;-25,3849;-52,1596;NA;NA;NA
779625;2026-06-19;"sexta-feira";"09:30:00";"MG";262;389,9;"PARA DE MINAS";"Suicídio (presumido)";"Atropelamento de Pedestre";"Com Vítimas Fatais";"Pleno dia";"Crescente";"Céu Claro";"Dupla";"Declive;Reta";"Não";3;1;0;0;1;1;0;3;-19,900051;-44,553393;NA;NA;NA
779628;2026-06-19;"sexta-feira";"07:15:00";"MG";50;35,3;"ARAGUARI";"Estacionar ou parar em local proibido";"Colisão traseira";"Com Vítimas Feridas";"Pleno dia";"Decrescente";"Sol";"Múltipla";"Reta";"Sim";3;0;1;0;1;3;1;5;-18,65326393;-48,14350454;NA;NA;NA
779631;2026-06-19;"sexta-feira";"09:10:00";"PR";116;102,2;"SAO JOSE DOS PINHAIS";"Ausência de sinalização";"Colisão traseira";"Com Vítimas Feridas";"Pleno dia";"Crescente";"Sol";"Dupla";"Reta;Viaduto";"Não";3;0;1;0;1;1;1;3;-25,568916;-49,181801;NA;NA;NA
779632;2026-06-19;"sexta-feira";"08:45:00";"MG";262;159,9;"SAO DOMINGOS DO PRATA";"Transitar na contramão";"Colisão transversal";"Com Vítimas Feridas";"Pleno dia";"Decrescente";"Céu Claro";"Simples";"Declive;Curva";"Não";3;0;1;0;1;3;1;5;-19,963428;-42,835828;NA;NA;NA
779634;2026-06-19;"sexta-feira";"09:51:00";"PE";232;387;"SERRA TALHADA";"Condutor deixou de manter distância do veículo da frente";"Colisão traseira";"Com Vítimas Feridas";"Pleno dia";"Decrescente";"Céu Claro";"Simples";"Reta";"Sim";2;0;1;0;1;0;1;2;-8,03215342;-38,11903878;NA;NA;NA
779635;2026-06-19;"sexta-feira";"10:10:00";"PR";376;200,2;"MARIALVA";"Condutor deixou de manter distância do veículo da frente";"Colisão traseira";"Sem Vítimas";"Pleno dia";"Crescente";"Céu Claro";"Dupla";"Reta";"Não";3;0;0;0;3;0;0;3;-23,504526;-51,744695;NA;NA;NA
779637;2026-06-19;"sexta-feira";"09:45:00";"BA";116;422;"FEIRA DE SANTANA";"Velocidade Incompatível";"Colisão traseira";"Com Vítimas Feridas";"Pleno dia";"Decrescente";"Chuva";"Dupla";"Reta;Declive";"Sim";5;0;2;0;3;0;2;3;-12,231479;-38,969158;NA;NA;NA
779640;2026-06-19;"sexta-feira";"10:00:00";"RS";285;197;"LAGOA VERMELHA";"Acessar a via sem observar a presença dos outros veículos";"Colisão transversal";"Com Vítimas Feridas";"Pleno dia";"Decrescente";"Chuva";"Simples";"Reta;Retorno Regulamentado;Aclive";"Sim";3;0;1;0;1;1;1;3;-28,21530872;-51,51011674;NA;NA;NA
779647;2026-06-19;"sexta-feira";"11:54:00";"RN";304;295,9;"MACAIBA";"Acessar a via sem observar a presença dos outros veículos";"Colisão transversal";"Sem Vítimas";"Pleno dia";"Crescente";"Nublado";"Simples";"Interseção de Vias;Reta";"Sim";2;0;0;0;2;0;0;2;-5,865122;-35,351486;NA;NA;NA
779648;2026-06-18;"quinta-feira";"21:00:00";"MG";381;256;"CORONEL FABRICIANO";"Ultrapassagem Indevida";"Colisão lateral sentido oposto";"Sem Vítimas";"Plena Noite";"Crescente";"Céu Claro";"Simples";"Reta";"Sim";2;0;0;0;1;1;0;2;-19,53455434;-42,58901596;NA;NA;NA
779651;2026-06-19;"sexta-feira";"10:30:00";"PR";277;72;"SAO JOSE DOS PINHAIS";"Reação tardia ou ineficiente do condutor";"Colisão traseira";"Com Vítimas Feridas";"Pleno dia";"Decrescente";"Céu Claro";"Dupla";"Reta;Em Obras";"Não";3;0;1;0;1;1;1;2;-25,50140767;-49,15176786;NA;NA;NA
779654;2026-06-19;"sexta-feira";"11:10:00";"RO";364;709;"PORTO VELHO";"Condutor deixou de manter distância do veículo da frente";"Colisão traseira";"Com Vítimas Feridas";"Pleno dia";"Decrescente";"Céu Claro";"Dupla";"Reta;Aclive";"Sim";2;0;0;1;0;1;1;2;-8,7918896;-63,8479661;NA;NA;NA
779657;2026-05-24;"domingo";"20:20:00";"RO";364;688;"CANDEIAS DO JAMARI";"Velocidade Incompatível";"Colisão traseira";"Com Vítimas Fatais";"Plena Noite";"Decrescente";"Nevoeiro/Neblina";"Simples";"Reta";"Não";4;1;0;0;1;6;0;8;-8,793336;-63,659727;NA;NA;NA
779659;2026-06-19;"sexta-feira";"11:15:00";"TO";153;603;"CRIXAS DO TOCANTINS";"Ausência de sinalização";"Colisão frontal";"Com Vítimas Fatais";"Pleno dia";"Crescente";"Céu Claro";"Simples";"Reta";"Não";4;1;1;0;0;4;1;6;-11,11566;-48,92193;NA;NA;NA
779661;2026-06-19;"sexta-feira";"09:15:00";"PR";163;149;"SANTA LUCIA";"Pista Escorregadia";"Saída de leito carroçável";"Com Vítimas Feridas";"Pleno dia";"Crescente";"Chuva";"Dupla";"Aclive;Reta";"Não";2;0;1;0;0;2;1;3;-25,4306927;-53,57776663;NA;NA;NA
779664;2026-06-19;"sexta-feira";"13:17:00";"PI";316;10,4;"TERESINA";"Acessar a via sem observar a presença dos outros veículos";"Colisão lateral mesmo sentido";"Com Vítimas Feridas";"Pleno dia";"Decrescente";"Céu Claro";"Múltipla";"Reta";"Sim";3;0;1;0;1;1;1;3;-5,186331;-42,7622088;NA;NA;NA
779666;2026-06-19;"sexta-feira";"08:24:00";"PA";163;623;"TRAIRAO";"Transitar na contramão";"Colisão lateral sentido oposto";"Com Vítimas Feridas";"Amanhecer";"Decrescente";"Céu Claro";"Simples";"Curva";"Não";3;0;1;0;1;2;1;4;-4,71092474;-56,01186966;NA;NA;NA
779676;2026-03-19;"quinta-feira";"02:20:00";"BA";116;509;"SANTA TERESINHA";"Transitar na contramão";"Tombamento";"Com Vítimas Feridas";"Plena Noite";"Decrescente";"Céu Claro";"Simples";"Reta";"Não";3;0;1;0;0;4;1;5;-12,656726;-39,621145;NA;NA;NA
779680;2026-06-19;"sexta-feira";"14:55:00";"SC";470;54;"BLUMENAU";"Acessar a via sem observar a presença dos outros veículos";"Colisão transversal";"Com Vítimas Feridas";"Pleno dia";"Crescente";"Céu Claro";"Simples";"Interseção de Vias;Em Obras";"Sim";4;0;0;1;2;1;1;3;-26,87364277;-49,11391703;NA;NA;NA
779681;2026-06-19;"sexta-feira";"11:25:00";"AP";210;178,9;"PEDRA BRANCA DO AMAPARI";"Reação tardia ou ineficiente do condutor";"Tombamento";"Sem Vítimas";"Pleno dia";"Decrescente";"Céu Claro";"Simples";"Ponte;Reta";"Não";2;0;0;0;1;1;0;2;0,80860955;-51,98102698;NA;NA;NA
779683;2026-06-19;"sexta-feira";"12:30:00";"MT";158;609,1;"AGUA BOA";"Ultrapassagem Indevida";"Saída de leito carroçável";"Com Vítimas Feridas";"Pleno dia";"Crescente";"Sol";"Simples";"Reta";"Não";1;0;1;0;0;0;1;1;-14,288115;-52,169146;NA;NA;NA
779688;2026-06-19;"sexta-feira";"14:55:00";"MT";364;160;"PEDRA PRETA";"Acessar a via sem observar a presença dos outros veículos";"Colisão traseira";"Com Vítimas Feridas";"Pleno dia";"Crescente";"Sol";"Simples";"Reta";"Não";3;0;0;1;1;1;1;3;-16,666143;-54,311547;NA;NA;NA
779693;2026-06-19;"sexta-feira";"07:45:00";"BA";420;297;"UBAIRA";"Condutor Dormindo";"Colisão frontal";"Com Vítimas Fatais";"Pleno dia";"Decrescente";"Céu Claro";"Simples";"Reta;Aclive";"Não";3;1;0;1;1;0;1;2;-13,24214;-39,75845;NA;NA;NA
779703;2026-05-12;"terça-feira";"18:18:00";"MT";364;355;"SANTO ANTONIO DO LEVERGER";"Demais falhas mecânicas ou elétricas";"Incêndio";"Sem Vítimas";"Plena Noite";"Crescente";"Céu Claro";"Dupla";"Reta";"Não";2;0;0;0;1;3;0;4;-15,77488;-55,619722;NA;NA;NA
779708;2026-06-19;"sexta-feira";"16:30:00";"PR";116;114,3;"CURITIBA";"Condutor deixou de manter distância do veículo da frente";"Colisão traseira";"Com Vítimas Feridas";"Pleno dia";"Decrescente";"Céu Claro";"Dupla";"Interseção de Vias;Reta";"Sim";3;0;1;0;1;1;1;3;-25,545911;-49,296388;NA;NA;NA
779709;2026-06-19;"sexta-feira";"14:48:00";"RJ";116;38;"SAO JOSE DO VALE DO RIO PRETO";"Condutor Dormindo";"Colisão frontal";"Com Vítimas Feridas";"Pleno dia";"Crescente";"Céu Claro";"Simples";"Reta";"Não";4;0;0;2;1;1;2;3;-22,120461;-42,779344;NA;NA;NA
779731;2026-06-19;"sexta-feira";"17:20:00";"SP";381;87;"GUARULHOS";"Reação tardia ou ineficiente do condutor";"Colisão traseira";"Com Vítimas Feridas";"Plena Noite";"Crescente";"Céu Claro";"Múltipla";"Reta";"Não";3;0;0;1;1;1;1;3;-23,4742226;-46,5613087;NA;NA;NA
779733;2026-06-19;"sexta-feira";"06:00:00";"PI";135;631;"CRISTALANDIA DO PIAUI";"Ultrapassagem Indevida";"Tombamento";"Com Vítimas Feridas";"Amanhecer";"Decrescente";"Ignorado";"Simples";"Curva";"Não";2;0;1;0;0;1;1;2;-10,752675;-45,158442;NA;NA;NA
779737;2026-06-19;"sexta-feira";"19:30:00";"PR";116;89;"PIRAQUARA";"Ausência de reação do condutor";"Colisão traseira";"Com Vítimas Feridas";"Plena Noite";"Crescente";"Nublado";"Dupla";"Reta";"Não";3;0;0;1;1;1;1;3;-25,48930441;-49,11094666;NA;NA;NA
779739;2026-06-19;"sexta-feira";"16:35:00";"BA";101;385;"IBIRAPITANGA";"Carga excessiva e/ou mal acondicionada";"Tombamento";"Com Vítimas Feridas";"Pleno dia";"Crescente";"Nublado";"Simples";"Curva";"Não";2;0;1;0;0;1;1;2;-13,908208;-39,480585;NA;NA;NA
779743;2026-06-19;"sexta-feira";"16:00:00";"PA";316;32;"SANTA IZABEL DO PARA";"Reação tardia ou ineficiente do condutor";"Engavetamento";"Com Vítimas Feridas";"Pleno dia";"Decrescente";"Chuva";"Dupla";"Reta;Em Obras";"Não";5;0;2;0;3;0;2;4;-1,30123;-48,194765;NA;NA;NA
779744;2026-06-19;"sexta-feira";"19:20:00";"MG";381;398;"BOM JESUS DO AMPARO";"Reação tardia ou ineficiente do condutor";"Engavetamento";"Com Vítimas Feridas";"Plena Noite";"Decrescente";"Céu Claro";"Dupla";"Reta";"Não";13;0;5;0;6;5;5;15;-19,740802;-43,518305;NA;NA;NA
779752;2026-06-19;"sexta-feira";"20:00:00";"GO";60;213,5;"VARJAO";"Condutor deixou de manter distância do veículo da frente";"Colisão traseira";"Com Vítimas Feridas";"Plena Noite";"Decrescente";"Céu Claro";"Dupla";"Curva";"Não";3;0;1;0;1;1;1;3;-16,951455;-49,704608;NA;NA;NA
779754;2026-06-19;"sexta-feira";"20:05:00";"BA";324;4;"FEIRA DE SANTANA";"Ausência de reação do condutor";"Queda de ocupante de veículo";"Com Vítimas Fatais";"Plena Noite";"Crescente";"Céu Claro";"Dupla";"Reta";"Não";2;1;0;0;0;1;0;2;-12,28076349;-38,97806358;NA;NA;NA
779755;2026-06-19;"sexta-feira";"18:15:00";"PR";277;519;"GUARANIACU";"Transitar na contramão";"Colisão frontal";"Com Vítimas Fatais";"Plena Noite";"Decrescente";"Chuva";"Simples";"Reta";"Não";2;1;1;0;0;0;1;2;-25,1121717;-52,834549;NA;NA;NA
779760;2026-06-19;"sexta-feira";"17:21:00";"BA";242;735;"CRISTOPOLIS";"Ultrapassagem Indevida";"Colisão lateral sentido oposto";"Com Vítimas Feridas";"Anoitecer";"Decrescente";"Céu Claro";"Simples";"Reta";"Não";5;0;1;0;3;4;1;7;-12,229496;-44,365771;NA;NA;NA
779762;2026-06-19;"sexta-feira";"16:50:00";"MG";381;939;"EXTREMA";"Demais falhas mecânicas ou elétricas";"Colisão traseira";"Com Vítimas Feridas";"Anoitecer";"Decrescente";"Céu Claro";"Dupla";"Reta;Declive";"Sim";2;0;1;0;0;1;1;2;-22,84867239;-46,32880205;NA;NA;NA
779764;2026-06-19;"sexta-feira";"20:00:00";"SC";470;118;"IBIRAMA";"Demais falhas mecânicas ou elétricas";"Incêndio";"Sem Vítimas";"Plena Noite";"Decrescente";"Chuva";"Simples";"Curva;Declive";"Sim";2;0;0;0;1;1;0;2;-27,0806417;-49,51963;NA;NA;NA
779766;2026-06-19;"sexta-feira";"20:25:00";"SC";101;204,1;"SAO JOSE";"Reação tardia ou ineficiente do condutor";"Colisão traseira";"Com Vítimas Feridas";"Plena Noite";"Decrescente";"Céu Claro";"Múltipla";"Aclive;Reta";"Não";2;0;0;1;1;0;1;2;-27,578928;-48,613748;NA;NA;NA
779780;2026-06-19;"sexta-feira";"19:30:00";"RS";101;30;"TRES CACHOEIRAS";"Acessar a via sem observar a presença dos outros veículos";"Colisão transversal";"Com Vítimas Feridas";"Plena Noite";"Crescente";"Céu Claro";"Dupla";"Curva";"Não";3;0;1;0;1;3;1;5;-29,48176945;-49,97015325;NA;NA;NA
779783;2026-06-19;"sexta-feira";"16:05:00";"RJ";40;102;"DUQUE DE CAXIAS";"Reação tardia ou ineficiente do condutor";"Colisão com objeto";"Sem Vítimas";"Pleno dia";"Decrescente";"Céu Claro";"Dupla";"Desvio Temporário";"Sim";1;0;0;0;1;0;0;1;-22,61054893;-43,28539822;NA;NA;NA
779786;2026-06-19;"sexta-feira";"21:20:00";"BA";116;805;"VITORIA DA CONQUISTA";"Acessar a via sem observar a presença dos outros veículos";"Colisão transversal";"Sem Vítimas";"Plena Noite";"Decrescente";"Céu Claro";"Simples";"Interseção de Vias;Reta";"Não";2;0;0;0;2;0;0;2;-14,76835143;-40,71265904;NA;NA;NA
779794;2026-06-19;"sexta-feira";"18:30:00";"PE";104;83,8;"AGRESTINA";"Ausência de reação do condutor";"Colisão transversal";"Com Vítimas Fatais";"Plena Noite";"Decrescente";"Chuva";"Simples";"Reta";"Não";2;1;0;0;0;1;0;2;-8,43114607;-35,95889246;NA;NA;NA
779795;2026-06-19;"sexta-feira";"18:30:00";"BA";324;387;"CANDEIAS";"Manobra de mudança de faixa";"Saída de leito carroçável";"Com Vítimas Feridas";"Plena Noite";"Decrescente";"Chuva";"Dupla";"Reta";"Não";3;0;1;1;1;0;2;2;-12,67423207;-38,46843615;NA;NA;NA
779799;2026-06-19;"sexta-feira";"22:00:00";"MG";116;724,5;"LARANJAL";"Condutor Dormindo";"Tombamento";"Com Vítimas Feridas";"Plena Noite";"Crescente";"Céu Claro";"Simples";"Curva";"Não";2;0;1;0;1;0;1;2;-21,280751;-42,417166;NA;NA;NA
779802;2026-06-20;"sábado";"00:15:00";"RS";290;84;"CACHOEIRINHA";"Manobra de mudança de faixa";"Colisão lateral mesmo sentido";"Sem Vítimas";"Plena Noite";"Crescente";"Garoa/Chuvisco";"Múltipla";"Reta;Em Obras";"Sim";4;0;0;0;4;0;0;4;-29,96417987;-51,09845117;NA;NA;NA
779803;2026-06-19;"sexta-feira";"23:00:00";"MG";262;622,1;"IBIA";"Reação tardia ou ineficiente do condutor";"Colisão lateral sentido oposto";"Com Vítimas Feridas";"Plena Noite";"Decrescente";"Céu Claro";"Simples";"Curva";"Não";3;0;2;0;0;1;2;3;-19,593451;-46,485764;NA;NA;NA
779811;2026-06-19;"sexta-feira";"20:49:00";"MT";364;465;"VARZEA GRANDE";"Reação tardia ou ineficiente do condutor";"Saída de leito carroçável";"Com Vítimas Feridas";"Plena Noite";"Decrescente";"Garoa/Chuvisco";"Simples";"Curva";"Não";2;0;1;0;1;0;1;2;-15,42673893;-56,34298515;NA;NA;NA
779817;2026-06-20;"sábado";"01:05:00";"MT";364;214;"RONDONOPOLIS";"Acesso irregular";"Colisão transversal";"Sem Vítimas";"Plena Noite";"Crescente";"Garoa/Chuvisco";"Dupla";"Reta";"Não";4;0;0;0;2;2;0;4;-16,3939641;-54,71412843;NA;NA;NA
779825;2026-06-20;"sábado";"02:40:00";"MG";381;704,5;"LAVRAS";"Ausência de reação do condutor";"Tombamento";"Com Vítimas Feridas";"Plena Noite";"Crescente";"Nublado";"Dupla";"Aclive;Curva";"Não";2;0;1;0;0;1;1;2;-21,311458;-45,164473;NA;NA;NA
779832;2026-06-20;"sábado";"04:35:00";"MG";40;525;"CONTAGEM";"Manobra de mudança de faixa";"Colisão lateral mesmo sentido";"Com Vítimas Feridas";"Plena Noite";"Decrescente";"Céu Claro";"Dupla";"Reta";"Sim";3;0;0;1;1;2;1;4;-19,8863024;-44,0510442;NA;NA;NA
779836;2026-06-20;"sábado";"04:30:00";"BA";415;48;"ITABUNA";"Transitar na contramão";"Colisão frontal";"Com Vítimas Feridas";"Plena Noite";"Crescente";"Céu Claro";"Simples";"Reta";"Sim";5;0;2;1;1;1;3;3;-14,81924;-39,30452;NA;NA;NA
779844;2026-06-20;"sábado";"04:45:00";"PE";316;87;"OURICURI";"Reação tardia ou ineficiente do condutor";"Colisão traseira";"Com Vítimas Feridas";"Plena Noite";"Crescente";"Nublado";"Simples";"Reta";"Não";3;0;0;1;1;1;1;2;-7,897098;-40,044487;NA;NA;NA
779845;2026-06-20;"sábado";"06:00:00";"GO";60;164;"GOIANIA";"Ausência de reação do condutor";"Colisão lateral mesmo sentido";"Sem Vítimas";"Amanhecer";"Crescente";"Céu Claro";"Dupla";"Reta";"Sim";6;0;0;0;4;4;0;6;-16,716397;-49,363747;NA;NA;NA
779850;2026-05-10;"domingo";"10:20:00";"MG";381;235,1;"SANTANA DO PARAISO";"Transitar na contramão";"Colisão lateral sentido oposto";"Com Vítimas Fatais";"Pleno dia";"Decrescente";"Sol";"Simples";"Reta";"Não";4;1;0;1;1;1;1;3;-19,393325;-42,481303;NA;NA;NA
779851;2026-06-19;"sexta-feira";"20:50:00";"GO";452;58;"MAURILANDIA";"Demais falhas mecânicas ou elétricas";"Incêndio";"Sem Vítimas";"Plena Noite";"Crescente";"Céu Claro";"Simples";"Reta";"Não";2;0;0;0;0;2;0;2;-17,997417;-50,406387;NA;NA;NA
779853;2026-06-20;"sábado";"06:40:00";"MG";262;350,6;"BETIM";"Neblina";"Engavetamento";"Com Vítimas Fatais";"Amanhecer";"Decrescente";"Nevoeiro/Neblina";"Dupla";"Reta";"Não";19;1;5;2;8;4;7;17;-19,979699;-44,225687;NA;NA;NA
779856;2026-06-20;"sábado";"06:20:00";"MS";163;669;"RIO VERDE DE MATO GROSSO";"Ultrapassagem Indevida";"Colisão frontal";"Com Vítimas Fatais";"Amanhecer";"Crescente";"Nevoeiro/Neblina";"Simples";"Declive;Reta";"Não";3;1;0;0;1;1;0;3;-19,006301;-54,82902;NA;NA;NA
779858;2026-06-20;"sábado";"06:15:00";"MG";365;668,8;"MONTE ALEGRE DE MINAS";"Condutor Dormindo";"Colisão traseira";"Com Vítimas Feridas";"Amanhecer";"Decrescente";"Céu Claro";"Dupla";"Reta";"Não";5;0;3;0;1;3;3;5;-18,88683009;-48,72059329;NA;NA;NA
779859;2026-06-19;"sexta-feira";"17:00:00";"BA";410;26;"TUCANO";"Reação tardia ou ineficiente do condutor";"Colisão frontal";"Com Vítimas Fatais";"Anoitecer";"Crescente";"Céu Claro";"Múltipla";"Reta;Declive";"Não";2;1;0;0;1;0;0;2;-10,94549318;-38,72472288;NA;NA;NA
779860;2026-06-20;"sábado";"07:30:00";"MA";135;3;"SAO LUIS";"Condutor deixou de manter distância do veículo da frente";"Colisão traseira";"Sem Vítimas";"Pleno dia";"Crescente";"Céu Claro";"Dupla";"Reta";"Sim";3;0;0;0;3;0;0;3;-2,6103283;-44,2500054;NA;NA;NA
779862;2026-06-05;"sexta-feira";"05:15:00";"RS";285;521;"VITORIA DAS MISSOES";"Demais falhas mecânicas ou elétricas";"Incêndio";"Sem Vítimas";"Plena Noite";"Crescente";"Céu Claro";"Simples";"Reta";"Não";2;0;0;0;1;1;0;2;-28,39973098;-54,4872818;NA;NA;NA
779864;2026-06-20;"sábado";"02:43:00";"MT";163;1102;"GUARANTA DO NORTE";"Curva acentuada";"Tombamento";"Com Vítimas Feridas";"Plena Noite";"Crescente";"Céu Claro";"Simples";"Curva;Declive";"Não";3;0;1;0;1;1;1;2;-9,649105;-54,872683;NA;NA;NA
779867;2026-06-20;"sábado";"06:35:00";"CE";222;48,1;"SAO GONCALO DO AMARANTE";"Acessar a via sem observar a presença dos outros veículos";"Colisão transversal";"Com Vítimas Feridas";"Pleno dia";"Decrescente";"Nublado";"Simples";"Reta";"Sim";5;0;1;0;4;0;1;2;-3,668983;-38,979275;NA;NA;NA
779869;2026-06-20;"sábado";"03:35:00";"TO";153;548;"OLIVEIRA DE FATIMA";"Velocidade Incompatível";"Capotamento";"Com Vítimas Feridas";"Plena Noite";"Crescente";"Garoa/Chuvisco";"Simples";"Reta";"Não";4;0;1;0;2;1;1;3;-10,6545443;-48,90908428;NA;NA;NA
779871;2026-06-20;"sábado";"08:20:00";"SC";470;122;"IBIRAMA";"Ultrapassagem Indevida";"Colisão frontal";"Com Vítimas Fatais";"Pleno dia";"Crescente";"Chuva";"Simples";"Aclive";"Não";3;1;0;0;2;0;0;3;-27,09236371;-49,52243742;NA;NA;NA
779874;2026-06-20;"sábado";"03:10:00";"MG";40;624,5;"CONSELHEIRO LAFAIETE";"Condutor Dormindo";"Colisão lateral mesmo sentido";"Sem Vítimas";"Plena Noite";"Decrescente";"Céu Claro";"Simples";"Declive;Reta";"Não";3;0;0;0;2;1;0;3;-20,61146;-43,80617;NA;NA;NA
779875;2026-01-21;"quarta-feira";"23:47:00";"GO";452;19;"RIO VERDE";"Ausência de reação do condutor";"Tombamento";"Sem Vítimas";"Plena Noite";"Crescente";"Chuva";"Dupla";"Interseção de Vias;Declive";"Não";2;0;0;0;1;2;0;3;-17,86719554;-50,7361779;NA;NA;NA
779879;2026-03-22;"domingo";"13:10:00";"GO";153;296,9;"RIALMA";"Transitar na contramão";"Colisão frontal";"Com Vítimas Feridas";"Pleno dia";"Crescente";"Céu Claro";"Simples";"Reta";"Não";4;0;0;1;2;2;1;5;-15,28225204;-49,55807954;NA;NA;NA
779881;2026-06-20;"sábado";"08:30:00";"RN";304;257,6;"SANTA MARIA";"Ausência de reação do condutor";"Colisão lateral sentido oposto";"Com Vítimas Feridas";"Pleno dia";"Decrescente";"Sol";"Simples";"Reta";"Não";3;0;1;0;1;1;1;3;-5,84318672;-35,68595409;NA;NA;NA
779887;2026-06-20;"sábado";"06:20:00";"MT";158;704;"BARRA DO GARCAS";"Reação tardia ou ineficiente do condutor";"Colisão traseira";"Com Vítimas Feridas";"Amanhecer";"Decrescente";"Céu Claro";"Simples";"Reta";"Não";5;0;2;0;1;4;2;6;-15,09715124;-52,21647263;NA;NA;NA
779890;2026-06-20;"sábado";"09:35:00";"PR";277;59;"SAO JOSE DOS PINHAIS";"Ausência de reação do condutor";"Colisão traseira";"Com Vítimas Fatais";"Pleno dia";"Decrescente";"Chuva";"Dupla";"Reta";"Não";4;1;1;0;1;2;1;4;-25,555761;-49,029514;NA;NA;NA
779892;2026-06-20;"sábado";"07:30:00";"MT";158;530;"AGUA BOA";"Reação tardia ou ineficiente do condutor";"Saída de leito carroçável";"Sem Vítimas";"Pleno dia";"Crescente";"Céu Claro";"Simples";"Declive";"Não";2;0;0;0;1;3;0;4;-13,7794662894;-52,040715522;NA;NA;NA
779897;2026-06-20;"sábado";"06:20:00";"RO";364;308;"PRESIDENTE MEDICI";"Transitar na contramão";"Colisão frontal";"Com Vítimas Feridas";"Pleno dia";"Crescente";"Céu Claro";"Simples";"Reta";"Sim";3;0;1;0;1;3;1;5;-11,166155;-61,901498;NA;NA;NA
779909;2026-06-20;"sábado";"12:00:00";"MG";381;439;"SANTA LUZIA";"Reação tardia ou ineficiente do condutor";"Colisão traseira";"Com Vítimas Feridas";"Pleno dia";"Decrescente";"Céu Claro";"Simples";"Reta";"Sim";2;0;1;0;0;1;1;2;-19,824852;-43,820056;NA;NA;NA
779914;2026-06-20;"sábado";"09:30:00";"BA";116;510;"SANTA TERESINHA";"Condutor Dormindo";"Saída de leito carroçável";"Com Vítimas Feridas";"Pleno dia";"Decrescente";"Sol";"Simples";"Reta";"Não";1;0;1;0;0;0;1;1;-12,661365;-39,63079;NA;NA;NA
779919;2026-06-20;"sábado";"08:12:00";"MA";222;210;"ITAPECURU MIRIM";"Acessar a via sem observar a presença dos outros veículos";"Colisão transversal";"Com Vítimas Feridas";"Pleno dia";"Decrescente";"Céu Claro";"Simples";"Reta";"Sim";2;0;1;0;1;0;1;2;-3,37753007;-44,37933594;NA;NA;NA
779922;2026-06-20;"sábado";"12:49:00";"SP";116;291;"ITAPECERICA DA SERRA";"Manobra de mudança de faixa";"Colisão traseira";"Com Vítimas Feridas";"Pleno dia";"Crescente";"Céu Claro";"Dupla";"Reta";"Não";4;0;2;0;1;1;2;3;-23,72552655;-46,8930077;NA;NA;NA