"id";"data_inversa";"dia_semana";"horario";"uf";"br";"km";"municipio";"causa_acidente";"tipo_acidente";"classificacao_acidente";"fase_dia";"sentido_via";"condicao_metereologica";"tipo_pista";"tracado_via";"uso_solo";"pessoas";"mortos";"feridos_leves";"feridos_graves";"ilesos";"ignorados";"feridos";"veiculos";"latitude";"longitude";"regional";"delegacia";"uop"
779929;2026-06-20;"sábado";"13:50:00";"PR";277;620;"CEU AZUL";"Ultrapassagem Indevida";"Colisão frontal";"Com Vítimas Feridas";"Pleno dia";"Crescente";"Céu Claro";"Simples";"Reta";"Não";4;0;1;0;3;0;1;4;-25,076418;-53,694399;NA;NA;NA
779931;2026-06-20;"sábado";"12:25:00";"PA";230;1137;"ITAITUBA";"Acessar a via sem observar a presença dos outros veículos";"Colisão transversal";"Com Vítimas Feridas";"Pleno dia";"Decrescente";"Céu Claro";"Simples";"Reta;Interseção de Vias";"Sim";5;0;0;1;3;2;1;4;-4,30380278;-55,959575;NA;NA;NA
779941;2026-06-20;"sábado";"13:40:00";"MG";381;690,9;"LAVRAS";"Reação tardia ou ineficiente do condutor";"Colisão lateral mesmo sentido";"Sem Vítimas";"Pleno dia";"Decrescente";"Céu Claro";"Dupla";"Reta";"Não";3;0;0;0;2;2;0;4;-21,209551;-45,12336;NA;NA;NA
779952;2026-06-20;"sábado";"15:40:00";"AL";101;227;"PORTO REAL DO COLEGIO";"Acesso irregular";"Colisão transversal";"Com Vítimas Feridas";"Pleno dia";"Decrescente";"Céu Claro";"Dupla";"Reta";"Não";3;0;0;1;1;3;1;5;-10,102523;-36,7098;NA;NA;NA
779955;2026-06-20;"sábado";"16:00:00";"DF";20;7,3;"BRASILIA";"Ausência de reação do condutor";"Colisão traseira";"Com Vítimas Feridas";"Pleno dia";"Decrescente";"Céu Claro";"Dupla";"Declive;Reta";"Sim";3;0;1;0;1;2;1;4;-15,6602166;-47,7989049;NA;NA;NA
779981;2026-06-20;"sábado";"18:16:00";"MG";50;23;"ARAGUARI";"Ausência de reação do condutor";"Colisão traseira";"Sem Vítimas";"Anoitecer";"Crescente";"Céu Claro";"Dupla";"Declive";"Não";6;0;0;0;5;1;0;3;-18,60844492;-48,05580854;NA;NA;NA
779986;2026-06-20;"sábado";"17:50:00";"SC";101;296;"IMBITUBA";"Pedestre andava na pista";"Atropelamento de Pedestre";"Com Vítimas Feridas";"Plena Noite";"Crescente";"Chuva";"Múltipla";"Reta";"Sim";2;0;0;1;1;0;1;2;-28,332334;-48,732472;NA;NA;NA
780004;2026-06-20;"sábado";"20:20:00";"SC";282;3,7;"FLORIANOPOLIS";"Reação tardia ou ineficiente do condutor";"Colisão traseira";"Com Vítimas Feridas";"Plena Noite";"Decrescente";"Garoa/Chuvisco";"Múltipla";"Curva";"Sim";4;0;1;0;3;0;1;3;-27,5947;-48,60174;NA;NA;NA
780010;2026-06-20;"sábado";"18:10:00";"SC";153;97,9;"CONCORDIA";"Conversão proibida";"Colisão transversal";"Com Vítimas Fatais";"Plena Noite";"Decrescente";"Nublado";"Simples";"Curva";"Sim";4;1;0;0;1;2;0;4;-27,234433;-51,94975;NA;NA;NA
780017;2026-06-20;"sábado";"20:29:00";"SC";280;23;"ARAQUARI";"Iluminação deficiente";"Queda de ocupante de veículo";"Com Vítimas Feridas";"Plena Noite";"Crescente";"Chuva";"Simples";"Reta";"Não";3;0;2;0;0;1;2;2;-26,375607;-48,717613;NA;NA;NA
780021;2026-06-20;"sábado";"20:00:00";"MA";135;95;"ITAPECURU MIRIM";"Transitar na contramão";"Colisão frontal";"Com Vítimas Fatais";"Plena Noite";"Crescente";"Céu Claro";"Simples";"Reta";"Não";3;1;0;0;1;2;0;4;-3,33002;-44,44424;NA;NA;NA
780023;2026-06-20;"sábado";"21:00:00";"GO";153;649;"MORRINHOS";"Mal súbito do condutor";"Colisão traseira";"Com Vítimas Feridas";"Plena Noite";"Decrescente";"Céu Claro";"Dupla";"Reta";"Não";3;0;1;0;1;2;1;4;-17,9533842;-49,24967909;NA;NA;NA
780037;2026-06-20;"sábado";"23:10:00";"MG";40;480,6;"SETE LAGOAS";"Condutor Dormindo";"Colisão traseira";"Com Vítimas Feridas";"Plena Noite";"Crescente";"Céu Claro";"Dupla";"Aclive;Reta";"Não";3;0;1;0;0;2;1;3;-19,54719;-44,24697;NA;NA;NA
780054;2026-06-21;"domingo";"00:30:00";"PR";277;480,7;"NOVA LARANJEIRAS";"Pedestre andava na pista";"Atropelamento de Pedestre";"Com Vítimas Fatais";"Plena Noite";"Decrescente";"Céu Claro";"Simples";"Reta";"Sim";2;1;0;0;0;1;0;2;-25,29619134;-52,5725565;NA;NA;NA
780067;2026-06-21;"domingo";"04:00:00";"BA";116;604;"IRAJUBA";"Ultrapassagem Indevida";"Colisão frontal";"Com Vítimas Feridas";"Plena Noite";"Crescente";"Céu Claro";"Simples";"Declive";"Não";3;0;1;1;0;2;2;4;-13,28593084;-40,02016354;NA;NA;NA
780076;2026-06-21;"domingo";"04:25:00";"ES";262;80,2;"DOMINGOS MARTINS";"Ingestão de álcool pelo condutor";"Colisão frontal";"Com Vítimas Feridas";"Plena Noite";"Decrescente";"Céu Claro";"Simples";"Curva";"Não";7;0;6;0;1;0;6;2;-20,40708;-40,94269;NA;NA;NA
780090;2026-06-21;"domingo";"05:00:00";"BA";116;88;"CHORROCHO";"Condutor Dormindo";"Colisão frontal";"Com Vítimas Fatais";"Amanhecer";"Crescente";"Céu Claro";"Simples";"Declive;Reta";"Não";3;1;0;0;1;3;0;5;-9,382545;-39,085773;NA;NA;NA
780092;2026-06-21;"domingo";"07:20:00";"MG";40;733;"OLIVEIRA FORTES";"Velocidade Incompatível";"Tombamento";"Com Vítimas Fatais";"Pleno dia";"Crescente";"Céu Claro";"Dupla";"Curva";"Não";2;1;0;0;0;1;0;2;-21,33410896;-43,58652815;NA;NA;NA
780108;2026-06-21;"domingo";"07:20:00";"PI";316;353,6;"CAMPO GRANDE DO PIAUI";"Transitar na contramão";"Colisão lateral sentido oposto";"Com Vítimas Fatais";"Pleno dia";"Crescente";"Sol";"Simples";"Reta";"Sim";3;1;0;0;1;2;0;4;-7,1271;-41,08632;NA;NA;NA
780123;2026-06-21;"domingo";"10:35:00";"ES";101;32;"CONCEICAO DA BARRA";"Acessar a via sem observar a presença dos outros veículos";"Colisão transversal";"Com Vítimas Feridas";"Pleno dia";"Decrescente";"Céu Claro";"Simples";"Reta;Interseção de Vias;Retorno Regulamentado";"Sim";3;0;1;0;1;1;1;3;-18,43300857;-39,93375778;NA;NA;NA
780125;2026-06-18;"quinta-feira";"14:00:00";"MG";365;271;"JOAO PINHEIRO";"Ausência de reação do condutor";"Saída de leito carroçável";"Com Vítimas Feridas";"Pleno dia";"Decrescente";"Céu Claro";"Simples";"Reta";"Não";3;0;1;0;0;3;1;4;-17,937047;-45,580883;NA;NA;NA
780127;2026-06-20;"sábado";"06:40:00";"MG";262;350;"BETIM";"Ausência de reação do condutor";"Colisão traseira";"Com Vítimas Feridas";"Amanhecer";"Decrescente";"Nevoeiro/Neblina";"Dupla";"Reta";"Sim";3;0;1;0;1;2;1;4;-19,980293;-44,205965;NA;NA;NA
780129;2026-06-21;"domingo";"12:00:00";"PR";476;154;"ARAUCARIA";"Manobra de mudança de faixa";"Colisão traseira";"Com Vítimas Feridas";"Pleno dia";"Decrescente";"Céu Claro";"Dupla";"Reta";"Sim";4;0;1;0;2;1;1;3;-25,58501367;-49,40226736;NA;NA;NA
780132;2026-06-21;"domingo";"10:44:00";"MT";364;1260;"COMODORO";"Velocidade Incompatível";"Tombamento";"Com Vítimas Feridas";"Pleno dia";"Decrescente";"Céu Claro";"Simples";"Rotatória";"Não";3;0;1;0;0;3;1;4;-13,6416951;-59,7986643;NA;NA;NA
780137;2026-06-21;"domingo";"13:15:00";"RS";285;293,2;"PASSO FUNDO";"Reação tardia ou ineficiente do condutor";"Tombamento";"Com Vítimas Feridas";"Pleno dia";"Crescente";"Céu Claro";"Simples";"Curva;Aclive;Interseção de Vias";"Sim";2;0;1;0;0;1;1;2;-28,2369853;-52,3747232;NA;NA;NA
780138;2026-06-17;"quarta-feira";"08:30:00";"PR";277;30;"MORRETES";"Condutor deixou de manter distância do veículo da frente";"Tombamento";"Com Vítimas Feridas";"Pleno dia";"Decrescente";"Céu Claro";"Dupla";"Reta";"Sim";2;0;1;0;0;1;1;2;-25,552416;-48,799503;NA;NA;NA
780140;2026-06-02;"terça-feira";"03:20:00";"BA";116;9,2;"ABARE";"Ausência de reação do condutor";"Colisão lateral sentido oposto";"Com Vítimas Feridas";"Plena Noite";"Crescente";"Céu Claro";"Simples";"Reta";"Não";3;0;0;1;1;4;1;6;-8,69761926;-39,26009266;NA;NA;NA
780157;2026-06-21;"domingo";"15:00:00";"SP";116;287;"ITAPECERICA DA SERRA";"Ingestão de álcool pelo condutor";"Colisão lateral mesmo sentido";"Sem Vítimas";"Pleno dia";"Decrescente";"Céu Claro";"Dupla";"Reta";"Sim";8;0;0;0;7;1;0;3;-23,70000225;-46,8677187;NA;NA;NA
780158;2026-06-21;"domingo";"14:35:00";"SC";480;128;"CHAPECO";"Manobra de mudança de faixa";"Colisão traseira";"Sem Vítimas";"Pleno dia";"Crescente";"Céu Claro";"Dupla";"Reta";"Sim";2;0;0;0;1;1;0;2;-27,035872;-52,633708;NA;NA;NA
780164;2026-05-08;"sexta-feira";"22:15:00";"RJ";116;332;"ITATIAIA";"Demais falhas mecânicas ou elétricas";"Incêndio";"Sem Vítimas";"Plena Noite";"Decrescente";"Céu Claro";"Dupla";"Reta";"Não";2;0;0;0;1;1;0;2;-22,50371583;-44,6277523;NA;NA;NA
780166;2026-06-21;"domingo";"13:00:00";"GO";153;562;"PROFESSOR JAMIL";"Ausência de reação do condutor";"Colisão lateral mesmo sentido";"Com Vítimas Feridas";"Pleno dia";"Decrescente";"Céu Claro";"Dupla";"Aclive";"Não";4;0;1;0;2;1;1;3;-17,232823;-49,233902;NA;NA;NA
780171;2026-06-21;"domingo";"14:00:00";"AM";174;895;"MANAUS";"Acesso irregular";"Colisão traseira";"Com Vítimas Feridas";"Pleno dia";"Crescente";"Céu Claro";"Simples";"Declive;Reta";"Não";5;0;1;0;3;1;1;4;-2,88712;-60,035;NA;NA;NA
780180;2026-06-21;"domingo";"16:30:00";"MG";40;807,5;"MATIAS BARBOSA";"Velocidade Incompatível";"Colisão traseira";"Com Vítimas Feridas";"Pleno dia";"Decrescente";"Céu Claro";"Dupla";"Curva";"Não";5;0;2;0;2;1;2;3;-21,865398;-43,367802;NA;NA;NA
780183;2026-06-21;"domingo";"09:54:00";"MT";163;1082;"GUARANTA DO NORTE";"Demais falhas mecânicas ou elétricas";"Colisão lateral mesmo sentido";"Com Vítimas Feridas";"Pleno dia";"Crescente";"Céu Claro";"Simples";"Reta";"Não";2;0;1;0;0;3;1;4;-9,80846996;-54,89179373;NA;NA;NA
780216;2026-06-21;"domingo";"18:30:00";"PR";277;666;"MATELANDIA";"Acessar a via sem observar a presença dos outros veículos";"Colisão lateral mesmo sentido";"Sem Vítimas";"Plena Noite";"Crescente";"Céu Claro";"Dupla";"Reta";"Não";3;0;0;0;3;0;0;3;-25,243886;-53,976424;NA;NA;NA
780218;2026-06-21;"domingo";"16:20:00";"SC";470;105,3;"APIUNA";"Transitar na contramão";"Colisão lateral sentido oposto";"Com Vítimas Feridas";"Pleno dia";"Crescente";"Sol";"Simples";"Reta";"Não";2;0;1;0;1;0;1;2;-27,06622271;-49,41731326;NA;NA;NA
780230;2026-06-21;"domingo";"20:40:00";"RS";470;178,8;"VERANOPOLIS";"Reação tardia ou ineficiente do condutor";"Colisão traseira";"Com Vítimas Feridas";"Plena Noite";"Decrescente";"Céu Claro";"Simples";"Aclive;Reta";"Sim";4;0;0;1;2;1;1;3;-28,949825;-51,556184;NA;NA;NA
780235;2026-06-21;"domingo";"20:50:00";"ES";101;200,6;"JOAO NEIVA";"Ingestão de álcool pelo condutor";"Colisão traseira";"Com Vítimas Feridas";"Plena Noite";"Crescente";"Ignorado";"Simples";"Reta";"Sim";8;0;1;1;4;2;2;4;-19,72992173;-40,35904733;NA;NA;NA
780239;2026-06-01;"segunda-feira";"16:55:00";"MT";163;114;"RONDONOPOLIS";"Ausência de reação do condutor";"Colisão traseira";"Com Vítimas Fatais";"Anoitecer";"Decrescente";"Céu Claro";"Dupla";"Reta;Declive";"Não";4;1;0;0;1;4;0;6;-16,52325624;-54,65949297;NA;NA;NA
780252;2026-06-21;"domingo";"15:44:00";"PR";277;653;"MATELANDIA";"Afundamento ou ondulação no pavimento";"Tombamento";"Com Vítimas Feridas";"Pleno dia";"Decrescente";"Céu Claro";"Simples";"Reta";"Não";2;0;1;0;0;1;1;2;-25,20410632;-53,94924402;NA;NA;NA
780256;2026-06-21;"domingo";"22:00:00";"MG";40;484;"SETE LAGOAS";"Reação tardia ou ineficiente do condutor";"Tombamento";"Com Vítimas Fatais";"Plena Noite";"Crescente";"Céu Claro";"Dupla";"Aclive;Reta";"Não";2;1;0;0;0;1;0;2;-19,576917;-44,229466;NA;NA;NA
780259;2026-06-21;"domingo";"21:40:00";"SC";280;130;"RIO NEGRINHO";"Ingestão de álcool pelo condutor";"Colisão lateral sentido oposto";"Com Vítimas Feridas";"Plena Noite";"Decrescente";"Nublado";"Simples";"Curva;Interseção de Vias;Ponte";"Sim";4;0;1;0;2;1;1;4;-26,25192169;-49,5273596;NA;NA;NA
780267;2026-06-21;"domingo";"22:10:00";"AL";316;165;"PALMEIRA DOS INDIOS";"Transitar na contramão";"Colisão lateral sentido oposto";"Sem Vítimas";"Plena Noite";"Crescente";"Céu Claro";"Simples";"Declive;Reta";"Não";4;0;0;0;3;1;0;2;-9,48181;-36,573588;NA;NA;NA
780289;2026-06-22;"segunda-feira";"05:20:00";"SP";116;65,8;"GUARATINGUETA";"Condutor Dormindo";"Colisão com objeto";"Com Vítimas Feridas";"Amanhecer";"Crescente";"Nublado";"Dupla";"Curva";"Não";6;0;2;0;3;1;2;4;-22,8216293;-45,20038502;NA;NA;NA
780293;2026-05-24;"domingo";"15:44:00";"GO";60;114;"GOIANAPOLIS";"Ausência de reação do condutor";"Colisão traseira";"Com Vítimas Feridas";"Pleno dia";"Crescente";"Céu Claro";"Dupla";"Reta";"Não";4;0;0;1;2;1;1;3;-16,45046871;-49,04729716;NA;NA;NA
780299;2026-06-22;"segunda-feira";"05:50:00";"PR";476;180,8;"CONTENDA";"Velocidade Incompatível";"Tombamento";"Com Vítimas Feridas";"Amanhecer";"Decrescente";"Céu Claro";"Simples";"Curva";"Não";2;0;1;0;0;1;1;2;-25,710424;-49,604293;NA;NA;NA
780302;2026-06-22;"segunda-feira";"04:50:00";"MG";381;613,8;"OLIVEIRA";"Condutor Dormindo";"Tombamento";"Com Vítimas Feridas";"Plena Noite";"Crescente";"Nublado";"Dupla";"Reta";"Não";3;0;2;0;0;1;2;2;-20,711326;-44,758695;NA;NA;NA
780305;2026-06-21;"domingo";"21:48:00";"RO";364;381,4;"OURO PRETO DO OESTE";"Transitar na contramão";"Colisão lateral sentido oposto";"Com Vítimas Feridas";"Plena Noite";"Decrescente";"Céu Claro";"Simples";"Reta";"Não";4;0;2;0;2;0;2;2;-10,726985;-62,232168;NA;NA;NA
780313;2026-05-25;"segunda-feira";"17:10:00";"SC";101;127,8;"CAMBORIU";"Reação tardia ou ineficiente do condutor";"Colisão traseira";"Com Vítimas Feridas";"Anoitecer";"Crescente";"Nublado";"Dupla";"Reta";"Não";6;0;1;0;5;0;1;6;-26,975055;-48,682654;NA;NA;NA
780321;2026-06-22;"segunda-feira";"06:15:00";"MT";70;513;"VARZEA GRANDE";"Acessar a via sem observar a presença dos outros veículos";"Colisão transversal";"Com Vítimas Fatais";"Amanhecer";"Decrescente";"Céu Claro";"Dupla";"Reta;Desvio Temporário";"Não";2;1;0;0;1;0;0;2;-15,70583467;-56,1258781;NA;NA;NA
780322;2026-06-22;"segunda-feira";"08:00:00";"SP";116;145;"SAO JOSE DOS CAMPOS";"Ausência de reação do condutor";"Colisão traseira";"Com Vítimas Feridas";"Pleno dia";"Decrescente";"Céu Claro";"Dupla";"Reta";"Não";3;0;2;0;1;0;2;2;-23,18725207;-45,85298615;NA;NA;NA
780331;2026-06-22;"segunda-feira";"06:00:00";"GO";153;441;"ANAPOLIS";"Reação tardia ou ineficiente do condutor";"Colisão lateral mesmo sentido";"Com Vítimas Feridas";"Amanhecer";"Crescente";"Céu Claro";"Dupla";"Curva";"Sim";2;0;1;0;1;0;1;2;-16,3385291;-48,9223293;NA;NA;NA
780333;2026-06-22;"segunda-feira";"05:30:00";"RJ";493;64;"NOVA IGUACU";"Ausência de reação do condutor";"Colisão traseira";"Com Vítimas Feridas";"Amanhecer";"Decrescente";"Céu Claro";"Dupla";"Reta";"Não";3;0;1;0;2;0;1;2;-22,686056;-43,434354;NA;NA;NA
780334;2026-06-22;"segunda-feira";"06:45:00";"RS";285;365,6;"SALDANHA MARINHO";"Chuva";"Colisão frontal";"Com Vítimas Fatais";"Amanhecer";"Crescente";"Chuva";"Simples";"Aclive;Reta";"Não";5;3;0;0;1;1;0;3;-28,3875365;-53,019814;NA;NA;NA
780336;2026-06-22;"segunda-feira";"08:45:00";"ES";101;301;"VIANA";"Manobra de mudança de faixa";"Colisão lateral mesmo sentido";"Sem Vítimas";"Pleno dia";"Crescente";"Céu Claro";"Dupla";"Curva";"Sim";2;0;0;0;2;0;0;2;-20,3637078;-40,44249471;NA;NA;NA
780347;2026-06-22;"segunda-feira";"06:45:00";"MG";40;665,5;"CARANDAI";"Conversão proibida";"Colisão traseira";"Com Vítimas Feridas";"Pleno dia";"Decrescente";"Nublado";"Simples";"Declive;Reta";"Não";2;0;1;0;1;0;1;2;-20,92446684;-43,82058007;NA;NA;NA
780354;2026-06-22;"segunda-feira";"08:30:00";"PR";116;189;"CAMPO DO TENENTE";"Acessar a via sem observar a presença dos outros veículos";"Colisão transversal";"Com Vítimas Feridas";"Pleno dia";"Crescente";"Céu Claro";"Simples";"Reta";"Não";3;0;0;2;1;0;2;2;-25,99477942;-49,66706363;NA;NA;NA
780365;2026-06-22;"segunda-feira";"06:50:00";"AC";364;156;"BUJARI";"Pedestre andava na pista";"Atropelamento de Pedestre";"Com Vítimas Feridas";"Pleno dia";"Crescente";"Céu Claro";"Simples";"Aclive;Reta";"Sim";3;0;0;1;1;1;1;3;-9,83210974;-67,95128406;NA;NA;NA
780367;2026-06-22;"segunda-feira";"09:30:00";"PR";277;588,7;"CASCAVEL";"Frear bruscamente";"Colisão traseira";"Com Vítimas Feridas";"Pleno dia";"Crescente";"Nublado";"Simples";"Reta";"Sim";3;0;1;0;2;0;1;3;-24,9682;-53,4243;NA;NA;NA
780369;2026-06-07;"domingo";"19:10:00";"MT";163;1073;"GUARANTA DO NORTE";"Ausência de reação do condutor";"Colisão traseira";"Com Vítimas Fatais";"Plena Noite";"Crescente";"Céu Claro";"Simples";"Reta";"Não";8;1;0;5;1;3;5;5;-9,890902;-54,900458;NA;NA;NA
780372;2026-06-06;"sábado";"03:58:00";"MT";174;135,1;"CACERES";"Demais falhas mecânicas ou elétricas";"Eventos atípicos";"Com Vítimas Feridas";"Plena Noite";"Crescente";"Céu Claro";"Simples";"Aclive;Reta";"Não";2;0;0;1;1;0;1;2;-15,82410549;-58,04527357;NA;NA;NA
780373;2026-06-22;"segunda-feira";"11:30:00";"RS";290;110;"ELDORADO DO SUL";"Reação tardia ou ineficiente do condutor";"Colisão traseira";"Com Vítimas Feridas";"Pleno dia";"Crescente";"Chuva";"Dupla";"Reta";"Não";3;0;2;0;1;0;2;2;-30,03600606;-51,327269;NA;NA;NA
780374;2026-06-22;"segunda-feira";"11:10:00";"BA";135;165;"RIACHAO DAS NEVES";"Ingestão de álcool pelo condutor";"Colisão lateral sentido oposto";"Com Vítimas Fatais";"Pleno dia";"Crescente";"Céu Claro";"Simples";"Reta";"Não";6;1;0;0;5;0;0;3;-11,95377;-44,90887;NA;NA;NA
780382;2026-06-22;"segunda-feira";"10:10:00";"MT";70;510;"CUIABA";"Ausência de reação do condutor";"Colisão traseira";"Com Vítimas Fatais";"Pleno dia";"Crescente";"Sol";"Dupla";"Reta";"Não";4;1;0;0;2;4;0;7;-15,695917;-56,107609;NA;NA;NA
780383;2026-05-22;"sexta-feira";"13:40:00";"SP";381;58;"MAIRIPORA";"Reação tardia ou ineficiente do condutor";"Colisão traseira";"Com Vítimas Feridas";"Pleno dia";"Crescente";"Céu Claro";"Dupla";"Reta";"Não";2;0;1;0;1;0;1;2;-23,27619357;-46,58570194;NA;NA;NA
780384;2026-06-22;"segunda-feira";"10:00:00";"RJ";356;64;"ITAPERUNA";"Velocidade Incompatível";"Saída de leito carroçável";"Com Vítimas Feridas";"Pleno dia";"Crescente";"Céu Claro";"Simples";"Declive;Curva";"Não";2;0;1;0;0;1;1;2;-21,3358764;-41,710301;NA;NA;NA
780387;2026-06-11;"quinta-feira";"11:10:00";"BA";20;95;"SAO DESIDERIO";"Ultrapassagem Indevida";"Colisão frontal";"Com Vítimas Feridas";"Pleno dia";"Crescente";"Céu Claro";"Simples";"Reta";"Não";8;0;0;4;3;8;4;12;-13,14411;-46,02629;NA;NA;NA
780390;2026-06-08;"segunda-feira";"11:10:00";"PR";116;27,7;"CAMPINA GRANDE DO SUL";"Mal súbito do condutor";"Tombamento";"Com Vítimas Feridas";"Pleno dia";"Crescente";"Sol";"Múltipla";"Aclive;Curva";"Sim";2;0;1;0;0;1;1;2;-25,11025245;-48,79740564;NA;NA;NA
780391;2026-06-22;"segunda-feira";"10:16:00";"MT";364;130;"PEDRA PRETA";"Ausência de reação do condutor";"Colisão traseira";"Com Vítimas Feridas";"Pleno dia";"Crescente";"Céu Claro";"Simples";"Reta;Em Obras";"Não";4;0;1;1;1;4;2;6;-16,7902;-54,142;NA;NA;NA
780395;2026-06-22;"segunda-feira";"08:30:00";"PR";163;127;"REALEZA";"Demais falhas mecânicas ou elétricas";"Incêndio";"Sem Vítimas";"Pleno dia";"Decrescente";"Céu Claro";"Simples";"Reta";"Não";2;0;0;0;1;1;0;2;-25,57622084;-53,56573105;NA;NA;NA
780396;2026-06-22;"segunda-feira";"10:45:00";"BA";116;641,6;"JAGUAQUARA";"Problema com o freio";"Saída de leito carroçável";"Com Vítimas Feridas";"Pleno dia";"Crescente";"Céu Claro";"Simples";"Reta";"Não";2;0;1;0;0;1;1;2;-13,58919;-40,085973;NA;NA;NA
780399;2026-06-07;"domingo";"01:20:00";"SC";470;269,5;"CURITIBANOS";"Ingestão de álcool pelo condutor";"Colisão frontal";"Com Vítimas Feridas";"Plena Noite";"Crescente";"Nevoeiro/Neblina";"Simples";"Reta";"Não";4;0;2;0;1;3;2;5;-27,31480289;-50,76006243;NA;NA;NA
780403;2026-06-10;"quarta-feira";"08:55:00";"ES";101;287,6;"CARIACICA";"Trafegar com motocicleta (ou similar) entre as faixas";"Colisão transversal";"Com Vítimas Feridas";"Pleno dia";"Decrescente";"Céu Claro";"Dupla";"Interseção de Vias";"Não";3;0;1;0;1;1;1;3;-20,25028;-40,372353;NA;NA;NA
780405;2026-06-22;"segunda-feira";"07:30:00";"AL";101;150,6;"JEQUIA DA PRAIA";"Ausência de reação do condutor";"Tombamento";"Com Vítimas Feridas";"Pleno dia";"Crescente";"Céu Claro";"Dupla";"Curva";"Não";2;0;1;0;0;2;1;3;-9,89492976;-36,13968596;NA;NA;NA
780406;2026-06-22;"segunda-feira";"12:15:00";"MG";381;665;"PERDOES";"Ausência de reação do condutor";"Tombamento";"Sem Vítimas";"Pleno dia";"Decrescente";"Céu Claro";"Dupla";"Retorno Regulamentado;Declive";"Não";1;0;0;0;1;0;0;1;-21,0449;-45,0005;NA;NA;NA
780425;2026-06-22;"segunda-feira";"13:25:00";"PR";376;155,5;"MANDAGUACU";"Entrada inopinada do pedestre";"Atropelamento de Pedestre";"Com Vítimas Fatais";"Pleno dia";"Decrescente";"Nublado";"Dupla";"Reta";"Sim";2;1;0;0;1;0;0;2;-23,33807367;-52,10101811;NA;NA;NA
780426;2026-06-22;"segunda-feira";"11:19:00";"RO";421;0,5;"ARIQUEMES";"Manobra de mudança de faixa";"Colisão transversal";"Com Vítimas Feridas";"Pleno dia";"Crescente";"Céu Claro";"Simples";"Reta";"Sim";3;0;0;2;1;0;2;2;-9,918434;-63,059851;NA;NA;NA
780429;2026-06-22;"segunda-feira";"12:55:00";"MT";163;784;"SORRISO";"Manobra de mudança de faixa";"Colisão frontal";"Com Vítimas Feridas";"Pleno dia";"Crescente";"Sol";"Simples";"Reta";"Não";3;0;2;0;0;2;2;4;-12,3117;-55,5782;NA;NA;NA
780431;2026-06-22;"segunda-feira";"07:50:00";"MT";158;797;"BARRA DO GARCAS";"Ausência de reação do condutor";"Saída de leito carroçável";"Sem Vítimas";"Pleno dia";"Decrescente";"Nublado";"Simples";"Reta";"Sim";3;0;0;0;1;3;0;4;-15,876865;-52,314346;NA;NA;NA
780435;2026-06-04;"quinta-feira";"12:00:00";"GO";364;325;"PORTELANDIA";"Transitar na contramão";"Colisão lateral sentido oposto";"Com Vítimas Feridas";"Pleno dia";"Crescente";"Céu Claro";"Múltipla";"Reta";"Não";3;0;1;0;1;2;1;4;-17,400317;-52,676328;NA;NA;NA
780442;2026-06-22;"segunda-feira";"16:30:00";"BA";101;167;"CONCEICAO DO JACUIPE";"Frear bruscamente";"Colisão traseira";"Sem Vítimas";"Pleno dia";"Crescente";"Céu Claro";"Simples";"Viaduto";"Não";2;0;0;0;2;0;0;2;-12,3591733;-38,82446;NA;NA;NA
780444;2026-06-22;"segunda-feira";"15:00:00";"RJ";40;122;"DUQUE DE CAXIAS";"Manobra de mudança de faixa";"Queda de ocupante de veículo";"Com Vítimas Feridas";"Pleno dia";"Crescente";"Sol";"Dupla";"Reta";"Sim";2;0;1;0;0;1;1;2;-22,799673;-43,290377;NA;NA;NA
780446;2026-06-22;"segunda-feira";"16:33:00";"PE";408;33,7;"ALIANCA";"Conversão proibida";"Colisão lateral mesmo sentido";"Com Vítimas Feridas";"Anoitecer";"Decrescente";"Céu Claro";"Simples";"Interseção de Vias";"Não";2;0;1;0;1;0;1;2;-7,65248248;-35,25113583;NA;NA;NA
780450;2026-06-22;"segunda-feira";"16:50:00";"BA";101;268;"SANTO ANTONIO DE JESUS";"Condutor deixou de manter distância do veículo da frente";"Colisão traseira";"Com Vítimas Feridas";"Pleno dia";"Decrescente";"Céu Claro";"Simples";"Curva";"Não";3;0;0;1;2;0;1;2;-13,0136;-39,2905;NA;NA;NA
780459;2026-06-22;"segunda-feira";"16:25:00";"MS";163;710;"RIO VERDE DE MATO GROSSO";"Transitar na contramão";"Colisão frontal";"Com Vítimas Feridas";"Pleno dia";"Crescente";"Nublado";"Simples";"Reta";"Não";3;0;1;0;2;0;1;2;-18,668683;-54,805547;NA;NA;NA