"id";"data_inversa";"dia_semana";"horario";"uf";"br";"km";"municipio";"causa_acidente";"tipo_acidente";"classificacao_acidente";"fase_dia";"sentido_via";"condicao_metereologica";"tipo_pista";"tracado_via";"uso_solo";"pessoas";"mortos";"feridos_leves";"feridos_graves";"ilesos";"ignorados";"feridos";"veiculos";"latitude";"longitude";"regional";"delegacia";"uop"
780463;2026-06-22;"segunda-feira";"16:30:00";"GO";70;473;"ARAGARCAS";"Ausência de sinalização";"Colisão com objeto";"Com Vítimas Feridas";"Pleno dia";"Crescente";"Céu Claro";"Dupla";"Rotatória;Reta;Interseção de Vias;Em Obras";"Sim";2;0;0;1;1;0;1;2;-15,89726161;-52,23377991;NA;NA;NA
780468;2026-06-22;"segunda-feira";"15:03:00";"MG";153;174,6;"COMENDADOR GOMES";"Condutor deixou de manter distância do veículo da frente";"Colisão traseira";"Com Vítimas Feridas";"Pleno dia";"Crescente";"Céu Claro";"Simples";"Reta";"Não";3;0;1;0;2;0;1;2;-19,746921;-48,969774;NA;NA;NA
780469;2026-06-22;"segunda-feira";"15:40:00";"MG";262;823,8;"UBERABA";"Ausência de reação do condutor";"Saída de leito carroçável";"Com Vítimas Feridas";"Pleno dia";"Crescente";"Sol";"Simples";"Reta";"Não";1;0;0;1;0;0;1;1;-19,74261566;-48,19825379;NA;NA;NA
780472;2026-06-22;"segunda-feira";"19:20:00";"PR";476;147;"ARAUCARIA";"Ausência de reação do condutor";"Tombamento";"Sem Vítimas";"Plena Noite";"Decrescente";"Chuva";"Simples";"Reta";"Não";2;0;0;0;1;1;0;1;-25,61000612;-49,422661;NA;NA;NA
780473;2026-06-22;"segunda-feira";"19:05:00";"PR";277;711;"SANTA TEREZINHA DE ITAIPU";"Ausência de reação do condutor";"Saída de leito carroçável";"Com Vítimas Feridas";"Plena Noite";"Decrescente";"Nublado";"Dupla";"Viaduto;Declive";"Não";3;0;1;0;1;1;1;3;-25,449659;-54,41138864;NA;NA;NA
780476;2026-06-22;"segunda-feira";"19:30:00";"MG";381;396;"BOM JESUS DO AMPARO";"Manobra de mudança de faixa";"Colisão traseira";"Com Vítimas Feridas";"Plena Noite";"Crescente";"Céu Claro";"Dupla";"Reta";"Sim";3;0;1;0;1;1;1;3;-19,74219611;-43,49411901;NA;NA;NA
780477;2026-06-22;"segunda-feira";"17:50:00";"MT";70;552,3;"NOSSA SENHORA DO LIVRAMENTO";"Ausência de reação do condutor";"Saída de leito carroçável";"Com Vítimas Feridas";"Anoitecer";"Decrescente";"Nublado";"Simples";"Declive;Reta";"Não";2;0;1;0;0;1;1;2;-15,70501874;-56,40930176;NA;NA;NA
780478;2026-06-22;"segunda-feira";"20:00:00";"PR";116;15;"CAMPINA GRANDE DO SUL";"Velocidade Incompatível";"Tombamento";"Com Vítimas Feridas";"Plena Noite";"Decrescente";"Chuva";"Dupla";"Curva";"Não";2;0;1;0;0;1;1;2;-25,099385;-48,688738;NA;NA;NA
780479;2026-06-22;"segunda-feira";"19:40:00";"SP";116;492,6;"CAJATI";"Ausência de reação do condutor";"Saída de leito carroçável";"Com Vítimas Feridas";"Plena Noite";"Decrescente";"Céu Claro";"Dupla";"Curva";"Não";1;0;1;0;0;0;1;1;-24,74498442;-48,14521043;NA;NA;NA
780485;2026-06-22;"segunda-feira";"16:35:00";"MG";116;552,4;"SANTA BARBARA DO LESTE";"Demais falhas mecânicas ou elétricas";"Tombamento";"Com Vítimas Feridas";"Pleno dia";"Decrescente";"Céu Claro";"Simples";"Curva";"Não";2;0;1;0;0;1;1;2;-19,99641818;-42,14406967;NA;NA;NA
780486;2026-06-22;"segunda-feira";"20:25:00";"RJ";116;199;"QUEIMADOS";"Demais falhas mecânicas ou elétricas";"Incêndio";"Sem Vítimas";"Plena Noite";"Crescente";"Nublado";"Dupla";"Em Obras;Reta";"Não";1;0;0;0;0;1;0;1;-22,730023;-43,591935;NA;NA;NA
780487;2026-06-22;"segunda-feira";"20:40:00";"PR";476;117;"COLOMBO";"Ausência de reação do condutor";"Colisão traseira";"Com Vítimas Feridas";"Plena Noite";"Crescente";"Garoa/Chuvisco";"Dupla";"Declive;Reta";"Sim";3;0;1;0;1;1;1;3;-25,35481272;-49,18027881;NA;NA;NA
780498;2026-06-22;"segunda-feira";"21:15:00";"SC";280;143;"RIO NEGRINHO";"Transitar no Acostamento";"Atropelamento de Pedestre";"Com Vítimas Feridas";"Plena Noite";"Crescente";"Garoa/Chuvisco";"Simples";"Curva;Declive";"Não";4;0;1;2;1;0;3;2;-26,25405255;-49,6157047;NA;NA;NA
780505;2026-06-22;"segunda-feira";"22:00:00";"MA";135;72;"SANTA RITA";"Ausência de reação do condutor";"Colisão transversal";"Com Vítimas Feridas";"Plena Noite";"Crescente";"Chuva";"Simples";"Reta";"Sim";3;0;1;0;1;1;1;3;-3,18982024;-44,35117006;NA;NA;NA
780506;2026-06-22;"segunda-feira";"23:20:00";"SC";101;206,6;"SAO JOSE";"Demais falhas mecânicas ou elétricas";"Incêndio";"Sem Vítimas";"Plena Noite";"Decrescente";"Nublado";"Múltipla";"Curva;Declive";"Sim";2;0;0;0;2;0;0;1;-27,60092131;-48,62350194;NA;NA;NA
780508;2026-06-22;"segunda-feira";"22:30:00";"MT";364;350,8;"SANTO ANTONIO DO LEVERGER";"Problema com o freio";"Saída de leito carroçável";"Com Vítimas Feridas";"Plena Noite";"Crescente";"Céu Claro";"Simples";"Curva;Declive";"Não";1;0;1;0;0;0;1;1;-15,79345221;-55,58575541;NA;NA;NA
780509;2026-06-22;"segunda-feira";"18:40:00";"MG";116;89;"MEDINA";"Ausência de reação do condutor";"Tombamento";"Com Vítimas Feridas";"Plena Noite";"Crescente";"Céu Claro";"Simples";"Curva;Declive";"Não";2;0;0;1;0;1;1;2;-16,34969;-41,475588;NA;NA;NA
780512;2026-06-22;"segunda-feira";"00:11:00";"MT";174;148;"MIRASSOL DOESTE";"Transtornos Mentais (exceto suicidio)";"Colisão lateral sentido oposto";"Sem Vítimas";"Plena Noite";"Crescente";"Céu Claro";"Simples";"Curva";"Não";2;0;0;0;2;0;0;2;-15,82759943;-58,09879303;NA;NA;NA
780514;2026-06-23;"terça-feira";"01:45:00";"MG";262;140,8;"RIO CASCA";"Condutor Dormindo";"Colisão traseira";"Com Vítimas Feridas";"Plena Noite";"Crescente";"Nevoeiro/Neblina";"Simples";"Aclive;Reta";"Não";2;0;1;0;1;0;1;2;-20,064792;-42,718332;NA;NA;NA
780519;2026-06-22;"segunda-feira";"23:30:00";"MG";251;261;"TAIOBEIRAS";"Ausência de reação do condutor";"Saída de leito carroçável";"Com Vítimas Fatais";"Plena Noite";"Decrescente";"Céu Claro";"Simples";"Curva;Declive";"Não";2;1;0;0;0;3;0;4;-16,007457;-41,92581;NA;NA;NA
780520;2026-06-22;"segunda-feira";"19:30:00";"MG";365;503,5;"PATROCINIO";"Reação tardia ou ineficiente do condutor";"Saída de leito carroçável";"Com Vítimas Feridas";"Anoitecer";"Decrescente";"Céu Claro";"Simples";"Curva";"Não";2;0;1;0;0;1;1;2;-18,960477;-47,243547;NA;NA;NA
780523;2026-06-23;"terça-feira";"05:37:00";"PE";232;249;"ARCOVERDE";"Ausência de reação do condutor";"Atropelamento de Animal";"Com Vítimas Feridas";"Amanhecer";"Crescente";"Céu Claro";"Simples";"Reta";"Não";2;0;0;1;1;0;1;2;-8,423117;-37,044342;NA;NA;NA
780526;2026-06-23;"terça-feira";"06:00:00";"PE";232;6;"RECIFE";"Pista Escorregadia";"Colisão com objeto";"Com Vítimas Feridas";"Pleno dia";"Crescente";"Chuva";"Dupla";"Reta";"Não";3;0;2;0;1;0;2;2;-8,07137;-34,95523;NA;NA;NA
780532;2026-06-23;"terça-feira";"07:20:00";"SP";116;514;"CAJATI";"Reação tardia ou ineficiente do condutor";"Colisão traseira";"Com Vítimas Feridas";"Amanhecer";"Decrescente";"Nublado";"Dupla";"Declive;Curva";"Não";3;0;1;0;1;1;1;3;-24,861861;-48,214116;NA;NA;NA
780534;2026-06-23;"terça-feira";"06:10:00";"MG";356;272,3;"MURIAE";"Velocidade Incompatível";"Tombamento";"Com Vítimas Feridas";"Pleno dia";"Crescente";"Nublado";"Simples";"Curva";"Não";3;0;2;0;0;1;2;2;-21,12581789;-42,35332489;NA;NA;NA
780542;2026-06-23;"terça-feira";"07:45:00";"SC";101;45;"JOINVILLE";"Manobra de mudança de faixa";"Colisão lateral mesmo sentido";"Sem Vítimas";"Pleno dia";"Decrescente";"Nublado";"Dupla";"Declive;Reta";"Não";2;0;0;0;2;0;0;2;-26,350654;-48,857756;NA;NA;NA
780547;2026-05-15;"sexta-feira";"02:59:00";"SP";116;352;"MIRACATU";"Reação tardia ou ineficiente do condutor";"Colisão traseira";"Com Vítimas Feridas";"Plena Noite";"Decrescente";"Céu Claro";"Dupla";"Aclive;Reta";"Não";3;0;1;0;1;2;1;4;-24,0676;-47,24106;NA;NA;NA
780548;2026-06-23;"terça-feira";"07:10:00";"RJ";116;138;"MAGE";"Condutor Dormindo";"Saída de leito carroçável";"Com Vítimas Feridas";"Pleno dia";"Decrescente";"Nublado";"Dupla";"Reta";"Não";5;0;2;0;2;1;2;4;-22,64697;-43,19165;NA;NA;NA
780554;2026-03-07;"sábado";"11:52:00";"SC";101;101;"BALNEARIO PICARRAS";"Reação tardia ou ineficiente do condutor";"Colisão traseira";"Com Vítimas Feridas";"Pleno dia";"Crescente";"Sol";"Dupla";"Viaduto;Reta";"Sim";5;0;1;0;3;1;1;5;-26,76510603;-48,6865139;NA;NA;NA
780558;2026-06-23;"terça-feira";"08:00:00";"MT";163;843,5;"SINOP";"Manobra de mudança de faixa";"Colisão transversal";"Com Vítimas Feridas";"Pleno dia";"Decrescente";"Céu Claro";"Simples";"Reta";"Sim";4;0;1;1;1;3;2;5;-11,7869587;-55,475895;NA;NA;NA
780559;2026-06-23;"terça-feira";"07:10:00";"MG";116;129;"ITAOBIM";"Reação tardia ou ineficiente do condutor";"Colisão lateral sentido oposto";"Com Vítimas Feridas";"Amanhecer";"Crescente";"Céu Claro";"Simples";"Reta";"Não";4;0;1;1;1;2;2;5;-16,682945;-41,502033;NA;NA;NA
780560;2026-06-23;"terça-feira";"07:10:00";"MT";70;388;"CAMPO VERDE";"Acessar a via sem observar a presença dos outros veículos";"Colisão transversal";"Com Vítimas Feridas";"Pleno dia";"Crescente";"Garoa/Chuvisco";"Simples";"Reta";"Sim";2;0;1;0;1;0;1;2;-15,59356955;-55,18485737;NA;NA;NA
780571;2026-06-23;"terça-feira";"08:00:00";"MG";153;56;"MONTE ALEGRE DE MINAS";"Ausência de reação do condutor";"Saída de leito carroçável";"Com Vítimas Feridas";"Pleno dia";"Decrescente";"Céu Claro";"Dupla";"Declive;Reta";"Não";2;0;1;0;0;1;1;2;-18,864787;-49,0696887;NA;NA;NA
780573;2026-06-23;"terça-feira";"10:20:00";"SC";101;143;"ITAPEMA";"Ausência de reação do condutor";"Colisão traseira";"Com Vítimas Feridas";"Pleno dia";"Decrescente";"Nublado";"Dupla";"Reta";"Sim";2;0;1;0;1;0;1;2;-27,06616534;-48,59570011;NA;NA;NA
780574;2026-05-05;"terça-feira";"12:17:00";"GO";452;100;"BOM JESUS DE GOIAS";"Ultrapassagem Indevida";"Colisão transversal";"Com Vítimas Feridas";"Pleno dia";"Decrescente";"Céu Claro";"Simples";"Reta";"Não";4;0;1;0;1;4;1;6;-18,115879;-50,035284;NA;NA;NA
780584;2026-06-23;"terça-feira";"10:30:00";"RJ";40;80;"DUQUE DE CAXIAS";"Reação tardia ou ineficiente do condutor";"Colisão traseira";"Com Vítimas Feridas";"Pleno dia";"Crescente";"Céu Claro";"Dupla";"Curva";"Não";3;0;1;0;2;0;1;3;-22,52272367;-43,2380046;NA;NA;NA
780586;2026-06-23;"terça-feira";"10:58:00";"PE";232;326,4;"CUSTODIA";"Acessar a via sem observar a presença dos outros veículos";"Colisão frontal";"Sem Vítimas";"Pleno dia";"Crescente";"Céu Claro";"Simples";"Reta;Declive";"Não";2;0;0;0;1;1;0;2;-8,091848;-37,58467;NA;NA;NA
780592;2026-06-23;"terça-feira";"07:35:00";"RO";364;416,4;"JARU";"Ausência de reação do condutor";"Colisão lateral sentido oposto";"Com Vítimas Fatais";"Pleno dia";"Decrescente";"Céu Claro";"Simples";"Declive;Reta";"Não";5;2;1;0;0;3;1;5;-10,493862;-62,423979;NA;NA;NA
780595;2026-06-23;"terça-feira";"07:20:00";"MT";70;696,5;"CACERES";"Reação tardia ou ineficiente do condutor";"Colisão com objeto";"Sem Vítimas";"Pleno dia";"Decrescente";"Nublado";"Simples";"Curva";"Não";2;0;0;0;1;2;0;3;-16,249083;-57,474145;NA;NA;NA
780603;2026-06-23;"terça-feira";"11:10:00";"PR";116;108;"CURITIBA";"Ausência de reação do condutor";"Colisão com objeto";"Com Vítimas Feridas";"Pleno dia";"Decrescente";"Nublado";"Dupla";"Reta";"Não";2;0;1;0;0;1;1;2;-25,56538;-49,246511;NA;NA;NA
780608;2026-06-23;"terça-feira";"11:40:00";"BA";116;631,6;"JAGUAQUARA";"Suicídio (presumido)";"Atropelamento de Pedestre";"Com Vítimas Fatais";"Pleno dia";"Decrescente";"Céu Claro";"Simples";"Reta";"Sim";3;1;0;0;1;1;0;3;-13,50543;-40,05218;NA;NA;NA
780610;2026-06-23;"terça-feira";"08:40:00";"RJ";116;197;"QUEIMADOS";"Animais na Pista";"Colisão traseira";"Com Vítimas Feridas";"Pleno dia";"Crescente";"Céu Claro";"Dupla";"Reta";"Não";7;0;5;0;1;1;5;3;-22,73177228;-43,55848646;NA;NA;NA
780611;2026-06-23;"terça-feira";"13:32:00";"GO";60;96;"ANAPOLIS";"Acessar a via sem observar a presença dos outros veículos";"Colisão lateral mesmo sentido";"Com Vítimas Feridas";"Pleno dia";"Crescente";"Céu Claro";"Dupla";"Reta";"Sim";4;0;2;0;1;3;2;5;-16,376251;-48,947262;NA;NA;NA
780614;2026-06-20;"sábado";"02:30:00";"RJ";101;231;"SILVA JARDIM";"Reação tardia ou ineficiente do condutor";"Derramamento de carga";"Sem Vítimas";"Plena Noite";"Crescente";"Nevoeiro/Neblina";"Dupla";"Curva";"Não";2;0;0;0;1;1;0;2;-22,60372445;-42,38853526;NA;NA;NA
780616;2026-06-23;"terça-feira";"11:20:00";"RS";116;39,2;"VACARIA";"Entrada inopinada do pedestre";"Atropelamento de Pedestre";"Com Vítimas Feridas";"Pleno dia";"Crescente";"Céu Claro";"Simples";"Viaduto;Reta";"Sim";2;0;0;1;1;0;1;2;-28,51350227;-50,93410776;NA;NA;NA
780618;2026-06-23;"terça-feira";"13:00:00";"MG";381;490;"BETIM";"Reação tardia ou ineficiente do condutor";"Colisão lateral mesmo sentido";"Com Vítimas Feridas";"Pleno dia";"Decrescente";"Céu Claro";"Dupla";"Curva";"Sim";4;0;1;1;1;1;2;3;-19,958757;-44,151403;NA;NA;NA
780621;2026-06-23;"terça-feira";"13:15:00";"MG";116;252;"TEOFILO OTONI";"Ausência de reação do condutor";"Colisão traseira";"Com Vítimas Feridas";"Pleno dia";"Decrescente";"Céu Claro";"Simples";"Declive;Reta";"Não";4;0;1;0;2;1;1;3;-17,660493;-41,495728;NA;NA;NA
780623;2026-06-23;"terça-feira";"13:00:00";"RO";364;693;"CANDEIAS DO JAMARI";"Acessar a via sem observar a presença dos outros veículos";"Colisão traseira";"Com Vítimas Feridas";"Pleno dia";"Crescente";"Céu Claro";"Dupla";"Retorno Regulamentado";"Sim";5;0;1;0;3;1;1;5;-8,798506;-63,707119;NA;NA;NA
780626;2026-06-23;"terça-feira";"09:00:00";"SC";101;45,7;"JOINVILLE";"Manobra de mudança de faixa";"Colisão lateral mesmo sentido";"Com Vítimas Feridas";"Pleno dia";"Decrescente";"Nublado";"Múltipla";"Reta";"Sim";3;0;1;0;1;1;1;3;-26,35582242;-48,85881297;NA;NA;NA
780627;2026-04-01;"quarta-feira";"22:23:00";"MG";381;673;"PERDOES";"Reação tardia ou ineficiente do condutor";"Colisão com objeto";"Com Vítimas Feridas";"Plena Noite";"Crescente";"Céu Claro";"Dupla";"Curva";"Não";2;0;1;0;0;1;1;2;-21,07923444;-45,06031752;NA;NA;NA
780632;2026-06-23;"terça-feira";"14:40:00";"SC";101;312,2;"LAGUNA";"Manobra de mudança de faixa";"Colisão lateral mesmo sentido";"Com Vítimas Feridas";"Pleno dia";"Crescente";"Céu Claro";"Múltipla";"Aclive;Reta";"Sim";3;0;1;0;1;1;1;3;-28,4408255;-48,8247188;NA;NA;NA
780633;2026-06-23;"terça-feira";"13:15:00";"CE";20;211;"BOA VIAGEM";"Pista esburacada";"Tombamento";"Sem Vítimas";"Pleno dia";"Crescente";"Céu Claro";"Simples";"Reta";"Não";2;0;0;0;1;1;0;2;-5,07054;-39,699258;NA;NA;NA
780635;2026-06-23;"terça-feira";"07:50:00";"MT";158;632;"NOVA XAVANTINA";"Reação tardia ou ineficiente do condutor";"Colisão lateral sentido oposto";"Com Vítimas Feridas";"Pleno dia";"Decrescente";"Céu Claro";"Simples";"Curva";"Não";20;0;1;0;18;1;1;2;-14,53436824;-52,33045399;NA;NA;NA
780654;2026-06-23;"terça-feira";"15:09:00";"PE";232;355,6;"FLORES";"Acessar a via sem observar a presença dos outros veículos";"Colisão transversal";"Com Vítimas Feridas";"Pleno dia";"Decrescente";"Céu Claro";"Simples";"Reta";"Não";5;0;5;0;0;0;5;2;-8,051887;-37,834367;NA;NA;NA
780657;2026-06-23;"terça-feira";"15:15:00";"MG";262;38,9;"CARATINGA";"Demais falhas mecânicas ou elétricas";"Colisão lateral mesmo sentido";"Com Vítimas Feridas";"Pleno dia";"Crescente";"Sol";"Simples";"Curva";"Sim";3;0;0;1;1;1;1;3;-19,76407702;-42,13212634;NA;NA;NA
780658;2026-06-23;"terça-feira";"17:20:00";"RS";158;349;"SANTA MARIA";"Acessar a via sem observar a presença dos outros veículos";"Colisão transversal";"Com Vítimas Feridas";"Anoitecer";"Decrescente";"Céu Claro";"Simples";"Reta";"Não";4;0;0;2;1;1;2;3;-29,76285418;-53,98481581;NA;NA;NA
780659;2026-06-23;"terça-feira";"16:55:00";"GO";60;37,2;"GOIANIA";"Manobra de mudança de faixa";"Colisão lateral mesmo sentido";"Com Vítimas Feridas";"Pleno dia";"Crescente";"Céu Claro";"Dupla";"Rotatória";"Sim";3;0;0;1;1;1;1;3;-16,738954;-49,34647;NA;NA;NA
780663;2026-06-23;"terça-feira";"12:45:00";"SC";280;289,7;"PORTO UNIAO";"Condutor deixou de manter distância do veículo da frente";"Saída de leito carroçável";"Com Vítimas Feridas";"Pleno dia";"Crescente";"Céu Claro";"Simples";"Reta;Aclive";"Não";5;0;1;0;3;3;1;7;-26,296145;-50,920841;NA;NA;NA
780666;2026-06-23;"terça-feira";"13:45:00";"RJ";40;24;"AREAL";"Carga excessiva e/ou mal acondicionada";"Tombamento";"Com Vítimas Feridas";"Pleno dia";"Crescente";"Céu Claro";"Dupla";"Aclive;Curva";"Não";2;0;1;1;0;0;2;1;-22,223791;-43,126208;NA;NA;NA
780673;2026-06-23;"terça-feira";"18:10:00";"PR";163;307;"MERCEDES";"Conversão proibida";"Colisão traseira";"Com Vítimas Feridas";"Plena Noite";"Crescente";"Céu Claro";"Simples";"Reta";"Não";4;0;2;1;1;0;3;2;-24,40483;-54,15859;NA;NA;NA
780680;2026-06-23;"terça-feira";"17:30:00";"PA";230;193;"ITUPIRANGA";"Transitar na contramão";"Colisão frontal";"Com Vítimas Fatais";"Anoitecer";"Decrescente";"Céu Claro";"Simples";"Curva;Declive";"Não";3;2;0;0;1;0;0;2;-4,92793;-49,47095;NA;NA;NA
780687;2026-06-23;"terça-feira";"17:40:00";"MG";40;767,4;"JUIZ DE FORA";"Reação tardia ou ineficiente do condutor";"Saída de leito carroçável";"Com Vítimas Feridas";"Plena Noite";"Crescente";"Céu Claro";"Simples";"Curva";"Não";2;0;1;0;0;1;1;2;-21,5815;-43,4664;NA;NA;NA
780688;2026-06-23;"terça-feira";"18:30:00";"MS";262;241,6;"RIBAS DO RIO PARDO";"Acessar a via sem observar a presença dos outros veículos";"Colisão traseira";"Com Vítimas Feridas";"Plena Noite";"Decrescente";"Chuva";"Simples";"Reta";"Não";3;0;0;1;1;1;1;3;-20,4566793;-53,7800924;NA;NA;NA
780691;2026-06-23;"terça-feira";"19:20:00";"SC";280;19;"BALNEARIO BARRA DO SUL";"Deficiência do Sistema de Iluminação/Sinalização";"Incêndio";"Sem Vítimas";"Plena Noite";"Decrescente";"Céu Claro";"Simples";"Reta";"Não";2;0;0;0;1;1;0;2;-26,36993615;-48,68011951;NA;NA;NA
780692;2026-05-28;"quinta-feira";"05:45:00";"RO";319;95;"PORTO VELHO";"Reação tardia ou ineficiente do condutor";"Saída de leito carroçável";"Sem Vítimas";"Amanhecer";"Decrescente";"Céu Claro";"Simples";"Reta";"Não";2;0;0;0;1;2;0;3;-8,41969;-63,96562;NA;NA;NA
780694;2026-06-23;"terça-feira";"17:26:00";"PE";232;255;"ARCOVERDE";"Reação tardia ou ineficiente do condutor";"Colisão frontal";"Com Vítimas Feridas";"Anoitecer";"Decrescente";"Céu Claro";"Simples";"Curva";"Sim";4;0;2;0;2;0;2;3;-8,410695;-37,08752;NA;NA;NA
780706;2026-06-23;"terça-feira";"19:35:00";"MG";365;668;"MONTE ALEGRE DE MINAS";"Demais falhas mecânicas ou elétricas";"Colisão traseira";"Com Vítimas Feridas";"Plena Noite";"Crescente";"Chuva";"Dupla";"Reta";"Não";3;0;1;0;1;3;1;5;-18,88802023;-48,71225573;NA;NA;NA
780720;2026-06-23;"terça-feira";"17:34:00";"MT";70;520,5;"VARZEA GRANDE";"Reação tardia ou ineficiente do condutor";"Colisão traseira";"Com Vítimas Feridas";"Anoitecer";"Crescente";"Nublado";"Simples";"Reta;Declive";"Sim";5;0;1;0;4;0;1;4;-15,68614202;-56,17120385;NA;NA;NA
780724;2026-06-23;"terça-feira";"16:00:00";"RS";285;122;"VACARIA";"Carga excessiva e/ou mal acondicionada";"Eventos atípicos";"Sem Vítimas";"Pleno dia";"Crescente";"Céu Claro";"Simples";"Reta";"Não";2;0;0;0;1;1;0;2;-28,50521524;-50,94486876;NA;NA;NA
780725;2026-06-23;"terça-feira";"19:42:00";"RS";116;51;"VACARIA";"Carga excessiva e/ou mal acondicionada";"Derramamento de carga";"Sem Vítimas";"Plena Noite";"Decrescente";"Céu Claro";"Dupla";"Reta";"Não";2;0;0;0;1;1;0;2;-28,57778;-51,020607;NA;NA;NA
780728;2026-06-23;"terça-feira";"19:40:00";"MG";381;542;"ITATIAIUCU";"Ausência de reação do condutor";"Colisão traseira";"Sem Vítimas";"Pleno dia";"Crescente";"Céu Claro";"Dupla";"Curva";"Não";2;0;0;0;2;0;0;2;-20,23689691;-44,40932393;NA;NA;NA
780738;2026-06-23;"terça-feira";"23:30:00";"MG";381;414,9;"CAETE";"Condutor Dormindo";"Colisão traseira";"Com Vítimas Feridas";"Plena Noite";"Crescente";"Céu Claro";"Dupla";"Reta";"Não";3;0;1;0;1;2;1;4;-19,7572124;-43,63552809;NA;NA;NA
780743;2026-06-24;"quarta-feira";"01:05:00";"GO";364;53;"CACHOEIRA ALTA";"Transitar na contramão";"Colisão frontal";"Com Vítimas Fatais";"Plena Noite";"Crescente";"Garoa/Chuvisco";"Simples";"Reta";"Não";3;1;0;0;1;1;0;3;-18,788278;-50,914243;NA;NA;NA
780744;2026-06-24;"quarta-feira";"00:10:00";"BA";101;901,2;"CARAVELAS";"Ingestão de álcool pelo condutor";"Saída de leito carroçável";"Com Vítimas Feridas";"Plena Noite";"Decrescente";"Céu Claro";"Simples";"Curva";"Não";1;0;1;0;0;0;1;1;-17,744478;-39,766092;NA;NA;NA
780747;2026-06-24;"quarta-feira";"04:50:00";"BA";101;713,3;"EUNAPOLIS";"Acessar a via sem observar a presença dos outros veículos";"Colisão transversal";"Com Vítimas Feridas";"Plena Noite";"Decrescente";"Céu Claro";"Simples";"Interseção de Vias;Reta";"Sim";2;0;0;1;1;0;1;2;-16,338483;-39,581105;NA;NA;NA
780749;2026-06-23;"terça-feira";"23:15:00";"SP";116;478;"JACUPIRANGA";"Problema com o freio";"Incêndio";"Sem Vítimas";"Plena Noite";"Crescente";"Chuva";"Dupla";"Reta";"Sim";2;0;0;0;1;1;0;2;-24,70842262;-48,0174729;NA;NA;NA
780750;2026-06-24;"quarta-feira";"05:00:00";"PR";163;168;"LINDOESTE";"Ausência de reação do condutor";"Saída de leito carroçável";"Com Vítimas Feridas";"Amanhecer";"Crescente";"Céu Claro";"Simples";"Reta";"Sim";1;0;1;0;0;0;1;1;-25,24958532;-53,5788463;NA;NA;NA
780751;2026-06-24;"quarta-feira";"04:45:00";"BA";116;470;"SANTO ESTEVAO";"Ausência de reação do condutor";"Colisão traseira";"Com Vítimas Fatais";"Plena Noite";"Decrescente";"Céu Claro";"Dupla";"Reta;Interseção de Vias";"Não";4;1;0;0;2;1;0;4;-12,48508;-39,320263;NA;NA;NA
780755;2026-06-24;"quarta-feira";"05:40:00";"GO";153;635;"MORRINHOS";"Reação tardia ou ineficiente do condutor";"Incêndio";"Sem Vítimas";"Amanhecer";"Crescente";"Nevoeiro/Neblina";"Dupla";"Reta";"Não";2;0;0;0;1;2;0;3;-17,838943;-49,217149;NA;NA;NA
780757;2026-06-23;"terça-feira";"19:00:00";"RO";364;643;"CANDEIAS DO JAMARI";"Ausência de reação do condutor";"Colisão traseira";"Com Vítimas Feridas";"Pleno dia";"Crescente";"Céu Claro";"Simples";"Reta";"Não";3;0;1;0;1;3;1;5;-8,97297824;-63,42570305;NA;NA;NA
780764;2026-06-24;"quarta-feira";"02:00:00";"PB";412;126;"MONTEIRO";"Transitar na contramão";"Colisão frontal";"Com Vítimas Fatais";"Plena Noite";"Decrescente";"Céu Claro";"Simples";"Reta";"Não";3;1;0;0;1;1;0;3;-7,776032;-37,002133;NA;NA;NA
780768;2026-06-24;"quarta-feira";"06:30:00";"SC";116;179;"SAO CRISTOVAO DO SUL";"Velocidade Incompatível";"Tombamento";"Sem Vítimas";"Amanhecer";"Crescente";"Céu Claro";"Simples";"Declive;Curva";"Sim";4;0;0;0;3;3;0;6;-27,26357474;-50,44265908;NA;NA;NA
780769;2026-06-24;"quarta-feira";"04:30:00";"MS";163;187;"CAARAPO";"Ausência de reação do condutor";"Saída de leito carroçável";"Com Vítimas Feridas";"Plena Noite";"Decrescente";"Céu Claro";"Simples";"Curva;Declive";"Não";1;0;1;0;0;0;1;1;-22,79596;-54,7446;NA;NA;NA