"id";"data_inversa";"dia_semana";"horario";"uf";"br";"km";"municipio";"causa_acidente";"tipo_acidente";"classificacao_acidente";"fase_dia";"sentido_via";"condicao_metereologica";"tipo_pista";"tracado_via";"uso_solo";"pessoas";"mortos";"feridos_leves";"feridos_graves";"ilesos";"ignorados";"feridos";"veiculos";"latitude";"longitude";"regional";"delegacia";"uop"
780770;2026-06-24;"quarta-feira";"00:00:00";"MG";116;304,3;"ITAMBACURI";"Condutor Dormindo";"Saída de leito carroçável";"Sem Vítimas";"Plena Noite";"Crescente";"Ignorado";"Simples";"Reta;Aclive";"Não";1;0;0;0;1;0;0;1;-18,02704;-41,649811;NA;NA;NA
780771;2026-06-24;"quarta-feira";"03:30:00";"PR";277;48;"MORRETES";"Demais falhas mecânicas ou elétricas";"Incêndio";"Sem Vítimas";"Plena Noite";"Crescente";"Céu Claro";"Dupla";"Aclive;Reta";"Não";2;0;0;0;1;2;0;3;-25,592333;-48,895569;NA;NA;NA
780772;2026-06-24;"quarta-feira";"07:10:00";"SP";381;57;"MAIRIPORA";"Frear bruscamente";"Colisão traseira";"Com Vítimas Feridas";"Pleno dia";"Decrescente";"Nublado";"Dupla";"Reta";"Sim";3;0;1;0;2;0;1;2;-23,2736733;-46,5849067;NA;NA;NA
780774;2026-06-24;"quarta-feira";"07:00:00";"SP";116;550;"BARRA DO TURVO";"Ausência de reação do condutor";"Capotamento";"Com Vítimas Feridas";"Amanhecer";"Decrescente";"Chuva";"Múltipla";"Curva";"Não";2;0;1;0;1;0;1;2;-24,92866198;-48,27179926;NA;NA;NA
780784;2026-06-24;"quarta-feira";"07:00:00";"MG";381;942,1;"EXTREMA";"Velocidade Incompatível";"Colisão traseira";"Com Vítimas Feridas";"Amanhecer";"Decrescente";"Chuva";"Dupla";"Curva;Declive";"Sim";3;0;2;0;1;0;2;2;-22,8353253;-46,31946874;NA;NA;NA
780787;2026-06-24;"quarta-feira";"06:25:00";"SC";282;396;"JOACABA";"Manobra de mudança de faixa";"Colisão lateral mesmo sentido";"Com Vítimas Feridas";"Amanhecer";"Crescente";"Nublado";"Simples";"Reta";"Não";3;0;0;1;2;0;1;3;-27,15655;-51,59777;NA;NA;NA
780788;2026-06-24;"quarta-feira";"07:15:00";"RS";290;107;"ELDORADO DO SUL";"Condutor deixou de manter distância do veículo da frente";"Colisão traseira";"Sem Vítimas";"Pleno dia";"Crescente";"Céu Claro";"Dupla";"Reta";"Não";2;0;0;0;2;0;0;2;-30,00671222;-51,31345719;NA;NA;NA
780790;2026-06-24;"quarta-feira";"07:53:00";"PE";101;46;"IGARASSU";"Reação tardia ou ineficiente do condutor";"Tombamento";"Com Vítimas Feridas";"Pleno dia";"Crescente";"Nublado";"Múltipla";"Reta;Declive";"Sim";2;0;0;1;0;1;1;2;-7,87871766;-34,90543127;NA;NA;NA
780797;2026-04-06;"segunda-feira";"18:50:00";"DF";40;6;"BRASILIA";"Trafegar com motocicleta (ou similar) entre as faixas";"Colisão traseira";"Com Vítimas Feridas";"Plena Noite";"Crescente";"Céu Claro";"Dupla";"Reta";"Não";5;0;0;2;2;2;2;6;-16,040197;-47,98;NA;NA;NA
780806;2026-06-24;"quarta-feira";"08:10:00";"MS";262;156;"RIBAS DO RIO PARDO";"Reação tardia ou ineficiente do condutor";"Engavetamento";"Com Vítimas Feridas";"Pleno dia";"Decrescente";"Chuva";"Simples";"Reta";"Não";8;0;1;0;5;2;1;6;-20,45522728;-53,01864624;NA;NA;NA
780807;2026-06-24;"quarta-feira";"08:37:00";"MG";146;488,1;"POCOS DE CALDAS";"Velocidade Incompatível";"Colisão frontal";"Com Vítimas Feridas";"Pleno dia";"Decrescente";"Garoa/Chuvisco";"Simples";"Reta";"Sim";3;0;1;0;2;0;1;2;-21,80658892;-46,49051803;NA;NA;NA
780812;2026-06-24;"quarta-feira";"10:40:00";"PR";277;652,5;"MATELANDIA";"Desrespeitar a preferência no cruzamento";"Colisão transversal";"Sem Vítimas";"Pleno dia";"Crescente";"Céu Claro";"Simples";"Interseção de Vias";"Sim";2;0;0;0;2;0;0;2;-25,1946165;-53,94105641;NA;NA;NA
780813;2026-06-24;"quarta-feira";"09:45:00";"RR";174;530;"BOA VISTA";"Conversão proibida";"Colisão traseira";"Com Vítimas Feridas";"Pleno dia";"Crescente";"Céu Claro";"Simples";"Reta";"Não";6;0;2;0;3;1;2;3;3,026325;-60,780849;NA;NA;NA
780817;2026-06-24;"quarta-feira";"10:30:00";"BA";116;330;"ARACI";"Velocidade Incompatível";"Colisão lateral sentido oposto";"Com Vítimas Feridas";"Pleno dia";"Crescente";"Céu Claro";"Simples";"Curva";"Não";5;0;2;0;2;2;2;4;-11,41816;-38,970663;NA;NA;NA
780839;2026-06-24;"quarta-feira";"13:14:00";"CE";20;325,5;"CARIDADE";"Transitar na contramão";"Colisão frontal";"Com Vítimas Feridas";"Pleno dia";"Decrescente";"Céu Claro";"Simples";"Reta";"Sim";2;0;1;0;1;0;1;2;-4,229692;-39,198373;NA;NA;NA
780840;2026-05-27;"quarta-feira";"06:00:00";"ES";101;210;"IBIRACU";"Ausência de reação do condutor";"Colisão frontal";"Com Vítimas Feridas";"Amanhecer";"Crescente";"Nublado";"Dupla";"Reta;Aclive";"Não";10;0;4;0;5;1;4;4;-19,801732;-40,368103;NA;NA;NA
780842;2026-05-08;"sexta-feira";"00:40:00";"PR";116;1,5;"CAMPINA GRANDE DO SUL";"Velocidade Incompatível";"Tombamento";"Sem Vítimas";"Plena Noite";"Decrescente";"Céu Claro";"Dupla";"Curva";"Não";2;0;0;0;1;1;0;2;-25,06712111;-48,57516164;NA;NA;NA
780843;2026-03-20;"sexta-feira";"08:20:00";"SP";116;107;"TAUBATE";"Estacionar ou parar em local proibido";"Colisão traseira";"Com Vítimas Feridas";"Pleno dia";"Crescente";"Céu Claro";"Múltipla";"Reta";"Sim";3;0;0;1;1;1;1;3;-23,01503;-45,52636;NA;NA;NA
780844;2026-06-17;"quarta-feira";"15:40:00";"SC";282;504,8;"XANXERE";"Manobra de mudança de faixa";"Colisão lateral mesmo sentido";"Com Vítimas Feridas";"Pleno dia";"Decrescente";"Céu Claro";"Dupla";"Reta;Desvio Temporário;Declive;Em Obras";"Sim";2;0;1;0;1;0;1;2;-26,88561727;-52,41385102;NA;NA;NA
780846;2026-06-24;"quarta-feira";"11:45:00";"RO";364;514,8;"ARIQUEMES";"Acessar a via sem observar a presença dos outros veículos";"Colisão transversal";"Com Vítimas Feridas";"Pleno dia";"Decrescente";"Nublado";"Simples";"Reta";"Sim";3;0;0;1;1;1;1;3;-9,926475;-63,05491;NA;NA;NA
780861;2026-06-24;"quarta-feira";"14:50:00";"PR";376;189,2;"MARIALVA";"Manobra de mudança de faixa";"Colisão lateral mesmo sentido";"Com Vítimas Feridas";"Pleno dia";"Crescente";"Sol";"Dupla";"Reta";"Sim";2;0;1;0;1;0;1;2;-23,46712;-51,826975;NA;NA;NA
780871;2026-06-24;"quarta-feira";"13:00:00";"MT";364;1227;"COMODORO";"Ultrapassagem Indevida";"Colisão frontal";"Com Vítimas Fatais";"Pleno dia";"Crescente";"Garoa/Chuvisco";"Simples";"Reta";"Não";4;1;0;0;1;4;0;6;-13,80555052;-59,50980932;NA;NA;NA
780882;2026-06-24;"quarta-feira";"17:10:00";"RJ";101;230;"SILVA JARDIM";"Conversão proibida";"Colisão transversal";"Com Vítimas Feridas";"Anoitecer";"Crescente";"Céu Claro";"Dupla";"Reta";"Não";3;0;0;1;1;1;1;3;-22,56538993;-42,3647283;NA;NA;NA
780883;2026-06-24;"quarta-feira";"17:26:00";"SP";116;225;"GUARULHOS";"Manobra de mudança de faixa";"Colisão lateral mesmo sentido";"Com Vítimas Feridas";"Anoitecer";"Crescente";"Vento";"Múltipla";"Aclive;Reta";"Sim";5;0;0;1;3;1;1;5;-23,49178164;-46,55045938;NA;NA;NA
780884;2026-06-24;"quarta-feira";"15:10:00";"MT";364;586;"DIAMANTINO";"Velocidade Incompatível";"Saída de leito carroçável";"Com Vítimas Feridas";"Pleno dia";"Decrescente";"Chuva";"Dupla";"Reta";"Não";4;0;1;0;2;3;1;4;-14,54761;-56,229892;NA;NA;NA
780900;2026-06-24;"quarta-feira";"17:40:00";"MS";163;172;"JUTI";"Condutor deixou de manter distância do veículo da frente";"Colisão traseira";"Com Vítimas Feridas";"Plena Noite";"Crescente";"Céu Claro";"Simples";"Reta";"Sim";12;0;1;0;10;1;1;3;-22,86524644;-54,61276738;NA;NA;NA
780905;2026-06-24;"quarta-feira";"17:50:00";"SC";101;151;"ITAPEMA";"Condutor deixou de manter distância do veículo da frente";"Engavetamento";"Com Vítimas Feridas";"Anoitecer";"Crescente";"Céu Claro";"Múltipla";"Reta";"Não";4;0;1;0;3;0;1;4;-27,12748271;-48,60969393;NA;NA;NA
780910;2026-06-24;"quarta-feira";"18:20:00";"GO";153;309,4;"RIALMA";"Demais falhas mecânicas ou elétricas";"Saída de leito carroçável";"Com Vítimas Feridas";"Plena Noite";"Crescente";"Chuva";"Simples";"Reta;Em Obras;Declive";"Não";2;0;1;1;0;0;2;1;-15,384076;-49,552389;NA;NA;NA
780918;2026-06-24;"quarta-feira";"20:00:00";"MA";135;12;"SAO LUIS";"Reação tardia ou ineficiente do condutor";"Tombamento";"Com Vítimas Feridas";"Plena Noite";"Decrescente";"Céu Claro";"Dupla";"Aclive;Curva";"Sim";2;0;1;0;0;1;1;2;-2,67425;-44,292977;NA;NA;NA
780926;2026-06-24;"quarta-feira";"20:00:00";"BA";101;862,4;"TEIXEIRA DE FREITAS";"Ausência de reação do condutor";"Saída de leito carroçável";"Com Vítimas Feridas";"Plena Noite";"Decrescente";"Céu Claro";"Simples";"Curva";"Não";1;0;0;1;0;0;1;1;-17,417138;-39,682247;NA;NA;NA
780929;2026-06-24;"quarta-feira";"21:30:00";"PR";376;174,2;"MARINGA";"Ingestão de álcool pelo condutor";"Colisão lateral mesmo sentido";"Sem Vítimas";"Plena Noite";"Crescente";"Céu Claro";"Dupla";"Reta";"Sim";3;0;0;0;2;1;0;3;-23,41674582;-51,95666313;NA;NA;NA
780932;2026-06-24;"quarta-feira";"20:50:00";"PA";316;40;"SANTA IZABEL DO PARA";"Acessar a via sem observar a presença dos outros veículos";"Colisão transversal";"Com Vítimas Feridas";"Plena Noite";"Crescente";"Chuva";"Dupla";"Interseção de Vias;Reta";"Não";3;0;1;0;1;1;1;3;-1,279287;-48,12128;NA;NA;NA
780938;2026-06-24;"quarta-feira";"20:30:00";"MS";262;364,9;"CAMPO GRANDE";"Velocidade Incompatível";"Tombamento";"Com Vítimas Feridas";"Plena Noite";"Crescente";"Céu Claro";"Simples";"Interseção de Vias;Rotatória";"Sim";3;0;1;0;1;1;1;2;-20,49215465;-54,73957149;NA;NA;NA
780948;2026-06-24;"quarta-feira";"22:30:00";"SC";280;20,9;"ARAQUARI";"Reação tardia ou ineficiente do condutor";"Colisão frontal";"Com Vítimas Feridas";"Plena Noite";"Crescente";"Céu Claro";"Simples";"Reta";"Não";5;0;4;0;1;0;4;3;-26,37037927;-48,68946669;NA;NA;NA
780953;2026-06-24;"quarta-feira";"21:15:00";"MT";364;509;"ROSARIO OESTE";"Ingestão de álcool pelo condutor";"Saída de leito carroçável";"Com Vítimas Feridas";"Plena Noite";"Crescente";"Nublado";"Simples";"Reta";"Não";2;0;1;0;0;2;1;3;-15,111852;-56,520629;NA;NA;NA
780955;2026-06-24;"quarta-feira";"19:09:00";"MT";364;492;"JANGADA";"Pedestre cruzava a pista fora da faixa";"Atropelamento de Pedestre";"Com Vítimas Fatais";"Plena Noite";"Crescente";"Chuva";"Simples";"Reta";"Não";1;1;0;0;0;0;0;1;-15,249518;-56,470358;NA;NA;NA
780964;2026-06-25;"quinta-feira";"02:30:00";"RJ";40;110;"DUQUE DE CAXIAS";"Reação tardia ou ineficiente do condutor";"Colisão traseira";"Com Vítimas Feridas";"Plena Noite";"Crescente";"Garoa/Chuvisco";"Múltipla";"Reta";"Sim";3;0;1;1;1;0;2;2;-22,6833917;-43,2854117;NA;NA;NA
780987;2026-06-25;"quinta-feira";"05:55:00";"SP";116;428;"JUQUIA";"Reação tardia ou ineficiente do condutor";"Saída de leito carroçável";"Com Vítimas Feridas";"Amanhecer";"Crescente";"Nublado";"Dupla";"Reta";"Não";2;0;1;0;0;1;1;2;-24,39295105;-47,72413731;NA;NA;NA
780995;2026-06-25;"quinta-feira";"02:10:00";"RJ";493;17;"GUAPIMIRIM";"Ausência de reação do condutor";"Saída de leito carroçável";"Com Vítimas Feridas";"Plena Noite";"Decrescente";"Chuva";"Simples";"Reta";"Sim";1;0;1;0;0;0;1;1;-22,66805;-43,00939;NA;NA;NA
781003;2026-06-25;"quinta-feira";"05:20:00";"PR";476;313;"PAULO FRONTIN";"Condutor Dormindo";"Saída de leito carroçável";"Sem Vítimas";"Plena Noite";"Decrescente";"Nublado";"Simples";"Reta";"Não";1;0;0;0;1;0;0;1;-26,03361965;-50,69494128;NA;NA;NA
781004;2026-06-25;"quinta-feira";"07:35:00";"RJ";101;294;"ITABORAI";"Condutor deixou de manter distância do veículo da frente";"Engavetamento";"Sem Vítimas";"Pleno dia";"Decrescente";"Chuva";"Dupla";"Reta";"Sim";4;0;0;0;4;0;0;4;-22,75864452;-42,89522834;NA;NA;NA
781012;2026-06-25;"quinta-feira";"08:10:00";"PR";116;97;"SAO JOSE DOS PINHAIS";"Demais falhas mecânicas ou elétricas";"Colisão lateral mesmo sentido";"Com Vítimas Feridas";"Amanhecer";"Crescente";"Nevoeiro/Neblina";"Dupla";"Reta";"Sim";7;0;2;0;4;2;2;4;-25,54747949;-49,15024487;NA;NA;NA
781024;2026-06-25;"quinta-feira";"07:45:00";"RS";153;43,6;"ERECHIM";"Transitar na contramão";"Colisão frontal";"Com Vítimas Fatais";"Pleno dia";"Decrescente";"Céu Claro";"Simples";"Curva";"Não";3;1;0;0;2;0;0;2;-27,61452101;-52,23960098;NA;NA;NA
781027;2026-06-25;"quinta-feira";"08:10:00";"GO";60;95;"ANAPOLIS";"Ausência de reação do condutor";"Colisão traseira";"Com Vítimas Feridas";"Pleno dia";"Decrescente";"Céu Claro";"Dupla";"Reta;Declive";"Sim";2;0;1;0;0;1;1;2;-16,361584;-48,933319;NA;NA;NA
781036;2026-06-25;"quinta-feira";"09:20:00";"PR";277;0,9;"PARANAGUA";"Ausência de reação do condutor";"Saída de leito carroçável";"Com Vítimas Feridas";"Pleno dia";"Crescente";"Ignorado";"Dupla";"Curva";"Não";3;0;1;1;1;0;2;1;-25,554105;-48,556175;NA;NA;NA
781038;2026-06-25;"quinta-feira";"09:30:00";"MG";381;796;"SAO GONCALO DO SAPUCAI";"Ausência de reação do condutor";"Colisão traseira";"Com Vítimas Feridas";"Pleno dia";"Decrescente";"Céu Claro";"Dupla";"Reta";"Não";3;0;1;0;1;2;1;4;-21,91491457;-45,58083773;NA;NA;NA
781056;2026-05-04;"segunda-feira";"15:00:00";"PR";277;658;"MATELANDIA";"Ausência de reação do condutor";"Saída de leito carroçável";"Com Vítimas Feridas";"Pleno dia";"Crescente";"Céu Claro";"Dupla";"Reta";"Sim";2;0;1;0;0;1;1;2;-25,24136;-53,9712;NA;NA;NA
781057;2026-06-25;"quinta-feira";"11:45:00";"MG";116;705,5;"MURIAE";"Reação tardia ou ineficiente do condutor";"Colisão com objeto";"Sem Vítimas";"Pleno dia";"Crescente";"Nublado";"Simples";"Reta";"Sim";2;0;0;0;2;0;0;2;-21,14665259;-42,38124132;NA;NA;NA
781071;2026-04-29;"quarta-feira";"14:30:00";"RJ";116;296;"BARRA MANSA";"Ausência de reação do condutor";"Engavetamento";"Com Vítimas Feridas";"Pleno dia";"Crescente";"Nublado";"Dupla";"Reta";"Não";5;0;1;0;3;1;1;4;-22,45545636;-44,29344177;NA;NA;NA
781075;2026-06-25;"quinta-feira";"13:00:00";"RS";285;456,3;"IJUI";"Retorno proibido";"Colisão lateral mesmo sentido";"Sem Vítimas";"Pleno dia";"Decrescente";"Nublado";"Simples";"Reta;Em Obras";"Sim";2;0;0;0;2;0;0;2;-28,391478;-53,894262;NA;NA;NA
781077;2026-06-25;"quinta-feira";"09:01:00";"AM";319;0,5;"MANAUS";"Carga excessiva e/ou mal acondicionada";"Colisão com objeto";"Sem Vítimas";"Pleno dia";"Crescente";"Céu Claro";"Dupla";"Declive";"Não";2;0;0;0;1;2;0;3;-3,13145422;-59,94444162;NA;NA;NA
781078;2026-04-01;"quarta-feira";"04:55:00";"MG";262;744,7;"SACRAMENTO";"Ausência de reação do condutor";"Colisão frontal";"Com Vítimas Feridas";"Amanhecer";"Crescente";"Céu Claro";"Simples";"Reta";"Não";2;0;0;1;1;0;1;2;-19,653427;-47,553592;NA;NA;NA
781100;2026-06-17;"quarta-feira";"16:30:00";"RJ";101;503;"ANGRA DOS REIS";"Acesso irregular";"Colisão transversal";"Com Vítimas Feridas";"Pleno dia";"Decrescente";"Garoa/Chuvisco";"Simples";"Reta";"Não";2;0;1;0;1;0;1;2;-22,92853;-44,37798;NA;NA;NA
781108;2026-06-24;"quarta-feira";"09:47:00";"RN";101;151;"GOIANINHA";"Demais Fenômenos da natureza";"Incêndio";"Sem Vítimas";"Pleno dia";"Crescente";"Céu Claro";"Dupla";"Reta;Declive";"Não";1;0;0;0;1;0;0;1;-6,302132;-35,192145;NA;NA;NA
781111;2026-06-25;"quinta-feira";"15:05:00";"SC";116;5,8;"MAFRA";"Acessar a via sem observar a presença dos outros veículos";"Colisão transversal";"Com Vítimas Feridas";"Pleno dia";"Decrescente";"Céu Claro";"Simples";"Interseção de Vias";"Sim";3;0;0;1;1;2;1;4;-26,14534943;-49,82135503;NA;NA;NA
781122;2026-06-25;"quinta-feira";"16:50:00";"PR";369;157;"LONDRINA";"Reação tardia ou ineficiente do condutor";"Colisão traseira";"Com Vítimas Feridas";"Pleno dia";"Decrescente";"Céu Claro";"Dupla";"Reta";"Sim";3;0;1;0;1;1;1;3;-23,28995519;-51,22099682;NA;NA;NA
781158;2026-06-25;"quinta-feira";"17:55:00";"BA";101;23,2;"RIO REAL";"Frear bruscamente";"Colisão com objeto";"Sem Vítimas";"Anoitecer";"Crescente";"Garoa/Chuvisco";"Dupla";"Reta;Declive";"Não";2;0;0;0;1;1;0;2;-11,67923;-37,9;NA;NA;NA
781165;2026-06-05;"sexta-feira";"18:15:00";"SC";101;335;"TUBARAO";"Acessar a via sem observar a presença dos outros veículos";"Colisão lateral mesmo sentido";"Com Vítimas Feridas";"Plena Noite";"Crescente";"Céu Claro";"Dupla";"Reta";"Sim";3;0;1;0;2;0;1;2;-28,4756459;-49,02906116;NA;NA;NA
781186;2026-06-25;"quinta-feira";"18:30:00";"RJ";465;1;"SEROPEDICA";"Iluminação deficiente";"Atropelamento de Pedestre";"Com Vítimas Feridas";"Plena Noite";"Crescente";"Chuva";"Simples";"Reta";"Não";4;0;0;1;0;3;1;3;-22,71561867;-43,72179776;NA;NA;NA
781197;2026-06-25;"quinta-feira";"19:40:00";"MT";158;547;"NOVA NAZARE";"Acostamento em desnível";"Saída de leito carroçável";"Com Vítimas Feridas";"Plena Noite";"Decrescente";"Céu Claro";"Simples";"Reta";"Não";2;0;1;0;0;2;1;3;-13,79092237;-52,03861714;NA;NA;NA
781209;2026-06-26;"sexta-feira";"00:25:00";"RS";392;6;"RIO GRANDE";"Pedestre andava na pista";"Atropelamento de Pedestre";"Com Vítimas Fatais";"Plena Noite";"Decrescente";"Céu Claro";"Simples";"Reta";"Não";3;1;0;0;1;1;0;3;-32,0851239;-52,1060007;NA;NA;NA
781229;2026-06-14;"domingo";"02:40:00";"GO";153;40;"PORANGATU";"Ingestão de álcool pelo condutor";"Colisão frontal";"Com Vítimas Feridas";"Plena Noite";"Decrescente";"Céu Claro";"Simples";"Reta";"Não";2;0;0;1;1;0;1;2;-13,17525987;-49,17082107;NA;NA;NA
781238;2026-06-26;"sexta-feira";"04:55:00";"RJ";40;73;"PETROPOLIS";"Frear bruscamente";"Tombamento";"Com Vítimas Feridas";"Amanhecer";"Crescente";"Garoa/Chuvisco";"Dupla";"Reta";"Não";3;0;1;0;1;1;1;3;-22,463552;-43,223062;NA;NA;NA
781239;2026-06-26;"sexta-feira";"07:20:00";"SC";116;305,4;"CAPAO ALTO";"Problema com o freio";"Tombamento";"Com Vítimas Fatais";"Amanhecer";"Crescente";"Nublado";"Simples";"Declive;Curva";"Sim";5;1;0;1;0;4;1;5;-28,1985017;-50,7283517;NA;NA;NA
781255;2026-06-26;"sexta-feira";"10:10:00";"SC";101;153,1;"PORTO BELO";"Pedestre - Ingestão de álcool/ substâncias psicoativas";"Atropelamento de Pedestre";"Com Vítimas Feridas";"Pleno dia";"Crescente";"Nublado";"Dupla";"Reta";"Sim";3;0;1;0;1;1;1;3;-27,145028;-48,610593;NA;NA;NA
781263;2026-06-26;"sexta-feira";"09:40:00";"RJ";101;322;"NITEROI";"Reação tardia ou ineficiente do condutor";"Colisão traseira";"Sem Vítimas";"Pleno dia";"Decrescente";"Nublado";"Dupla";"Ponte;Reta";"Não";2;0;0;0;1;1;0;2;-22,87574;-43,11874;NA;NA;NA
781277;2026-06-26;"sexta-feira";"11:50:00";"GO";153;344;"JARAGUA";"Velocidade Incompatível";"Saída de leito carroçável";"Com Vítimas Feridas";"Pleno dia";"Decrescente";"Céu Claro";"Simples";"Reta";"Não";2;0;1;0;1;0;1;2;-15,64938095;-49,36577193;NA;NA;NA
781298;2026-06-26;"sexta-feira";"11:35:00";"RJ";40;108;"DUQUE DE CAXIAS";"Ausência de reação do condutor";"Tombamento";"Com Vítimas Feridas";"Pleno dia";"Crescente";"Nublado";"Simples";"Curva;Aclive;Viaduto";"Não";2;0;1;0;0;1;1;2;-22,671765;-43,284215;NA;NA;NA
781302;2026-05-27;"quarta-feira";"17:00:00";"SP";116;520,4;"CAJATI";"Demais falhas mecânicas ou elétricas";"Incêndio";"Sem Vítimas";"Anoitecer";"Crescente";"Garoa/Chuvisco";"Dupla";"Aclive;Curva";"Não";2;0;0;0;1;1;0;2;-24,89563767;-48,24545002;NA;NA;NA
781306;2026-06-26;"sexta-feira";"12:30:00";"BA";116;597,2;"IRAJUBA";"Velocidade Incompatível";"Saída de leito carroçável";"Sem Vítimas";"Pleno dia";"Crescente";"Céu Claro";"Simples";"Curva";"Não";2;0;0;0;1;1;0;2;-13,219857;-40,028946;NA;NA;NA
781316;2026-06-26;"sexta-feira";"13:55:00";"RJ";356;178;"SAO JOAO DA BARRA";"Acessar a via sem observar a presença dos outros veículos";"Colisão frontal";"Com Vítimas Fatais";"Pleno dia";"Crescente";"Sol";"Simples";"Reta";"Não";5;2;0;1;2;0;1;3;-21,707048;-41,056903;NA;NA;NA
781317;2026-06-17;"quarta-feira";"17:30:00";"RJ";493;102;"SEROPEDICA";"Acessar a via sem observar a presença dos outros veículos";"Colisão lateral mesmo sentido";"Com Vítimas Fatais";"Anoitecer";"Decrescente";"Nublado";"Dupla";"Retorno Regulamentado;Reta";"Não";4;1;0;0;2;1;0;3;-22,7562101;-43,7306442;NA;NA;NA
781320;2026-06-26;"sexta-feira";"15:30:00";"PE";101;68,4;"RECIFE";"Trafegar com motocicleta (ou similar) entre as faixas";"Colisão lateral mesmo sentido";"Com Vítimas Feridas";"Pleno dia";"Decrescente";"Nublado";"Dupla";"Aclive;Reta;Viaduto";"Sim";5;0;1;0;3;2;1;5;-8,05416;-34,94625;NA;NA;NA
781334;2026-06-26;"sexta-feira";"18:10:00";"ES";101;294,8;"CARIACICA";"Ausência de reação do condutor";"Colisão traseira";"Com Vítimas Feridas";"Anoitecer";"Decrescente";"Céu Claro";"Dupla";"Declive;Reta";"Não";2;0;1;0;0;1;1;2;-20,330952;-40,39933;NA;NA;NA
781336;2026-06-26;"sexta-feira";"15:10:00";"RJ";101;198;"CASIMIRO DE ABREU";"Ultrapassagem Indevida";"Queda de ocupante de veículo";"Com Vítimas Feridas";"Pleno dia";"Crescente";"Nublado";"Dupla";"Reta";"Não";3;0;2;0;1;0;2;2;-22,47537254;-42,17235407;NA;NA;NA
781343;2026-05-29;"sexta-feira";"17:20:00";"MG";116;304,9;"ITAMBACURI";"Demais falhas mecânicas ou elétricas";"Incêndio";"Sem Vítimas";"Plena Noite";"Decrescente";"Céu Claro";"Simples";"Aclive;Reta";"Não";3;0;0;0;2;1;0;2;-18,03132162;-41,65268898;NA;NA;NA
781369;2026-06-26;"sexta-feira";"18:00:00";"RJ";116;241;"PIRAI";"Condutor deixou de manter distância do veículo da frente";"Colisão traseira";"Com Vítimas Feridas";"Plena Noite";"Decrescente";"Céu Claro";"Dupla";"Aclive;Curva";"Não";3;0;2;0;0;1;2;2;-22,60089369;-43,93995076;NA;NA;NA
781428;2026-06-27;"sábado";"03:00:00";"SP";116;118;"TAUBATE";"Ingestão de álcool pelo condutor";"Colisão traseira";"Com Vítimas Feridas";"Plena Noite";"Crescente";"Céu Claro";"Múltipla";"Reta";"Não";4;0;2;0;1;1;2;3;-23,06227678;-45,62598157;NA;NA;NA
781459;2026-06-20;"sábado";"04:40:00";"BA";116;385;"SANTA BARBARA";"Ausência de reação do condutor";"Colisão frontal";"Com Vítimas Feridas";"Plena Noite";"Decrescente";"Nevoeiro/Neblina";"Simples";"Reta;Aclive";"Não";4;0;1;1;2;0;2;3;-11,885741;-38,980454;NA;NA;NA
781475;2026-06-27;"sábado";"08:50:00";"SP";116;355;"MIRACATU";"Demais falhas mecânicas ou elétricas";"Incêndio";"Sem Vítimas";"Pleno dia";"Crescente";"Céu Claro";"Dupla";"Declive";"Não";2;0;0;0;1;1;0;2;-24,0883754;-47,2568092;NA;NA;NA
781481;2026-06-04;"quinta-feira";"13:20:00";"SC";153;74;"IRANI";"Reação tardia ou ineficiente do condutor";"Saída de leito carroçável";"Com Vítimas Feridas";"Pleno dia";"Crescente";"Céu Claro";"Simples";"Curva";"Não";2;0;0;1;0;1;1;2;-27,084339;-51,90775657;NA;NA;NA
781483;2026-05-18;"segunda-feira";"12:20:00";"TO";153;240;"COLINAS DO TOCANTINS";"Reação tardia ou ineficiente do condutor";"Colisão frontal";"Com Vítimas Feridas";"Pleno dia";"Crescente";"Sol";"Simples";"Reta";"Não";3;0;0;1;1;1;1;3;-8,018895;-48,465473;NA;NA;NA
781484;2026-06-27;"sábado";"08:10:00";"BA";101;734;"ITABELA";"Reação tardia ou ineficiente do condutor";"Colisão com objeto";"Com Vítimas Feridas";"Pleno dia";"Crescente";"Nublado";"Simples";"Declive;Curva";"Não";4;0;4;0;0;0;4;1;-16,4896536;-39,5758818;NA;NA;NA
781500;2026-06-27;"sábado";"11:20:00";"RO";435;84,9;"COLORADO DO OESTE";"Acessar a via sem observar a presença dos outros veículos";"Colisão transversal";"Com Vítimas Feridas";"Pleno dia";"Crescente";"Nublado";"Dupla";"Aclive;Reta";"Sim";2;0;1;0;1;0;1;2;-13,12515317;-60,54438829;NA;NA;NA