"id";"data_inversa";"dia_semana";"horario";"uf";"br";"km";"municipio";"causa_acidente";"tipo_acidente";"classificacao_acidente";"fase_dia";"sentido_via";"condicao_metereologica";"tipo_pista";"tracado_via";"uso_solo";"pessoas";"mortos";"feridos_leves";"feridos_graves";"ilesos";"ignorados";"feridos";"veiculos";"latitude";"longitude";"regional";"delegacia";"uop"
754053;2026-02-22;"domingo";"22:10:00";"ES";101;57;"SAO MATEUS";"Reação tardia ou ineficiente do condutor";"Colisão traseira";"Sem Vítimas";"Plena Noite";"Crescente";"Céu Claro";"Simples";"Reta";"Não";3;0;0;0;3;0;0;2;-18,64894333;-39,87363195;"SPRF-ES";"DEL04-ES";"UOP02-DEL04-ES"
755838;2026-03-03;"terça-feira";"13:00:00";"PB";101;99;"CONDE";"Acessar a via sem observar a presença dos outros veículos";"Colisão transversal";"Com Vítimas Feridas";"Pleno dia";"Decrescente";"Céu Claro";"Dupla";"Reta";"Sim";3;0;1;1;0;1;2;2;-7,260607;-34,935795;"SPRF-PB";"DEL01-PB";"UOP01-DEL01-PB"
756558;2026-01-21;"quarta-feira";"13:00:00";"BA";116;422;"FEIRA DE SANTANA";"Ausência de reação do condutor";"Colisão lateral mesmo sentido";"Com Vítimas Feridas";"Pleno dia";"Decrescente";"Céu Claro";"Dupla";"Reta";"Não";3;0;0;2;0;1;2;2;-12,22809847;-38,96448825;"SPRF-BA";"DEL02/BA";"UOP01-DEL02-BA"
757175;2026-03-09;"segunda-feira";"10:35:00";"RJ";40;101;"DUQUE DE CAXIAS";"Demais falhas mecânicas ou elétricas";"Incêndio";"Com Vítimas Feridas";"Pleno dia";"Crescente";"Chuva";"Dupla";"Reta";"Não";1;0;1;0;0;0;1;1;-22,602556;-43,283979;"SPRF-RJ";"DEL01/RJ";"UOP01-DEL01-RJ"
757802;2026-03-12;"quinta-feira";"07:00:00";"RJ";356;49;"ITAPERUNA";"Velocidade Incompatível";"Tombamento";"Com Vítimas Feridas";"Pleno dia";"Crescente";"Céu Claro";"Simples";"Curva";"Não";2;0;1;0;0;1;1;2;-21,258741;-41,769386;"SPRF-RJ";"DEL08/RJ";"UOP03-DEL08-RJ"
758207;2026-03-14;"sábado";"03:30:00";"RJ";101;407;"ITAGUAI";"Condutor deixou de manter distância do veículo da frente";"Colisão traseira";"Com Vítimas Feridas";"Plena Noite";"Crescente";"Nublado";"Dupla";"Reta";"Sim";3;0;0;1;1;1;1;3;-22,87848146;-43,82002115;"SPRF-RJ";"DEL03/RJ";"UOP01-DEL03-RJ"
764097;2026-04-10;"sexta-feira";"09:20:00";"PI";316;64,7;"MONSENHOR GIL";"Condutor deixou de manter distância do veículo da frente";"Colisão lateral mesmo sentido";"Com Vítimas Feridas";"Pleno dia";"Crescente";"Céu Claro";"Simples";"Reta";"Não";8;0;1;0;7;0;1;3;-5,614243;-42,60474;"SPRF-PI";"DEL01-PI";"UOP02-DEL01-PI"
764196;2026-04-10;"sexta-feira";"17:00:00";"PE";104;103;"CUPIRA";"Velocidade Incompatível";"Colisão lateral mesmo sentido";"Com Vítimas Fatais";"Anoitecer";"Crescente";"Céu Claro";"Simples";"Aclive;Reta";"Sim";3;1;0;1;0;1;1;3;-8,5926;-35,95524;"SPRF-PE";"DEL02/PE";"UOP01-DEL02-PE"
765141;2026-01-09;"sexta-feira";"11:10:00";"ES";101;211,7;"IBIRACU";"Ausência de reação do condutor";"Colisão traseira";"Com Vítimas Fatais";"Pleno dia";"Decrescente";"Céu Claro";"Simples";"Reta";"Não";2;1;0;0;0;1;0;2;-19,814664;-40,366088;"SPRF-ES";"DEL02-ES";"UOP01-DEL02-ES"
765701;2026-04-17;"sexta-feira";"18:25:00";"PI";343;341;"TERESINA";"Faixas de trânsito com largura insuficiente";"Colisão lateral mesmo sentido";"Com Vítimas Feridas";"Plena Noite";"Crescente";"Céu Claro";"Múltipla";"Rotatória";"Sim";2;0;1;0;0;1;1;2;-5,07834465;-42,74998069;"SPRF-PI";"DEL01-PI";"UOP01-DEL01-PI"
766311;2026-04-19;"domingo";"22:30:00";"MA";316;179;"PERITORO";"Estacionar ou parar em local proibido";"Colisão traseira";"Com Vítimas Feridas";"Plena Noite";"Crescente";"Céu Claro";"Simples";"Reta";"Sim";4;0;0;3;0;1;3;2;-4,36706039;-44,3464287;"SPRF-MA";"DEL02-MA";"UOP02-DEL02-MA"
767236;2026-04-24;"sexta-feira";"16:45:00";"RS";287;280;"SAO PEDRO DO SUL";"Avarias e/ou desgaste excessivo no pneu";"Incêndio";"Sem Vítimas";"Pleno dia";"Crescente";"Chuva";"Simples";"Em Obras;Aclive;Reta";"Não";1;0;0;0;1;0;0;1;-29,638452;-54,176624;"SPRF-RS";"DEL09/RS";"UOP01-DEL09-RS"
769901;2026-05-06;"quarta-feira";"12:05:00";"AL";101;77;"RIO LARGO";"Ausência de reação do condutor";"Colisão com objeto";"Com Vítimas Feridas";"Pleno dia";"Decrescente";"Nublado";"Dupla";"Reta";"Não";3;0;2;0;0;1;2;2;-9,424237;-35,838808;"SPRF-AL";"DEL01-AL";"UOP01-DEL01-AL"
770030;2026-03-06;"sexta-feira";"11:15:00";"SC";470;186;"POUSO REDONDO";"Problema com o freio";"Incêndio";"Sem Vítimas";"Pleno dia";"Decrescente";"Céu Claro";"Simples";"Reta;Declive";"Não";1;0;0;0;1;0;0;1;-27,255931;-50,044318;"SPRF-SC";"DEL04/SC";"UOP02-DEL04-SC"
770250;2026-05-08;"sexta-feira";"13:07:00";"PI";316;7,5;"TERESINA";"Condutor deixou de manter distância do veículo da frente";"Colisão traseira";"Com Vítimas Feridas";"Pleno dia";"Decrescente";"Sol";"Múltipla";"Reta;Aclive";"Sim";2;0;0;1;0;1;1;2;-5,1602;-42,77006;"SPRF-PI";"DEL01-PI";"UOP02-DEL01-PI"
770597;2026-05-09;"sábado";"19:50:00";"MG";40;504;"ESMERALDAS";"Reação tardia ou ineficiente do condutor";"Colisão traseira";"Com Vítimas Feridas";"Plena Noite";"Crescente";"Céu Claro";"Dupla";"Reta;Aclive";"Não";2;0;0;1;0;1;1;2;-19,735;-44,1508;"SPRF-MG";"DEL02/MG";"UOP01-DEL02-MG"
770705;2026-05-10;"domingo";"05:24:00";"BA";324;534,7;"CONCEICAO DO JACUIPE";"Manobra de mudança de faixa";"Colisão lateral mesmo sentido";"Com Vítimas Fatais";"Amanhecer";"Crescente";"Céu Claro";"Dupla";"Reta;Interseção de Vias";"Não";2;1;0;0;0;1;0;2;-12,356858;-38,829038;"SPRF-BA";"DEL11/BA";"UOP02-DEL11-BA"
771879;2026-05-15;"sexta-feira";"14:05:00";"MG";50;12;"ARAGUARI";"Ausência de reação do condutor";"Colisão traseira";"Com Vítimas Feridas";"Pleno dia";"Crescente";"Nublado";"Dupla";"Curva";"Não";2;0;1;0;0;1;1;2;-18,61715941;-48,11249889;"SPRF-MG";"DEL15/MG";"UOP02-DEL15-MG"
775250;2026-05-30;"sábado";"18:30:00";"ES";101;19;"PEDRO CANARIO";"Reação tardia ou ineficiente do condutor";"Colisão traseira";"Com Vítimas Feridas";"Plena Noite";"Crescente";"Céu Claro";"Simples";"Reta";"Não";4;0;1;0;2;1;1;2;-18,31987603;-39,95595336;"SPRF-ES";"DEL04-ES";"UOP02-DEL04-ES"
775871;2026-06-02;"terça-feira";"17:20:00";"SC";101;112;"ITAJAI";"Reação tardia ou ineficiente do condutor";"Colisão traseira";"Com Vítimas Feridas";"Anoitecer";"Decrescente";"Céu Claro";"Múltipla";"Reta";"Sim";2;0;0;1;0;1;1;2;-26,84633;-48,7217;"SPRF-SC";"DEL04/SC";"UOP04-DEL04-SC"
776342;2026-06-04;"quinta-feira";"18:50:00";"PR";277;68;"SAO JOSE DOS PINHAIS";"Entrada inopinada do pedestre";"Atropelamento de Pedestre";"Com Vítimas Feridas";"Plena Noite";"Crescente";"Garoa/Chuvisco";"Múltipla";"Reta";"Sim";2;0;0;1;0;1;1;2;-25,52069;-49,107163;"SPRF-PR";"DEL01/PR";"UOP01-DEL01-PR"
778383;2026-06-13;"sábado";"11:00:00";"RS";116;195;"PICADA CAFE";"Ausência de reação do condutor";"Tombamento";"Com Vítimas Feridas";"Pleno dia";"Crescente";"Céu Claro";"Simples";"Curva";"Não";5;0;1;1;3;0;2;2;-29,45589506;-51,13849955;NA;NA;NA
778858;2026-04-23;"quinta-feira";"12:00:00";"SC";282;540;"CHAPECO";"Demais falhas mecânicas ou elétricas";"Incêndio";"Sem Vítimas";"Pleno dia";"Crescente";"Céu Claro";"Simples";"Reta";"Não";2;0;0;0;1;1;0;2;-27,00154079;-52,66932607;NA;NA;NA
779280;2026-06-17;"quarta-feira";"14:10:00";"SP";116;298;"ITAPECERICA DA SERRA";"Demais falhas mecânicas ou elétricas";"Incêndio";"Sem Vítimas";"Pleno dia";"Decrescente";"Céu Claro";"Dupla";"Declive";"Sim";1;0;0;0;1;0;0;1;-23,784513;-46,913648;NA;NA;NA
779589;2026-06-19;"sexta-feira";"02:08:00";"PR";277;76;"SAO JOSE DOS PINHAIS";"Objeto estático sobre o leito carroçável";"Colisão com objeto";"Com Vítimas Feridas";"Amanhecer";"Decrescente";"Ignorado";"Dupla";"Reta";"Não";2;0;1;0;0;1;1;2;-25,555;-49,029;NA;NA;NA
779741;2026-06-19;"sexta-feira";"18:30:00";"ES";101;145,1;"LINHARES";"Demais falhas mecânicas ou elétricas";"Colisão transversal";"Com Vítimas Feridas";"Plena Noite";"Decrescente";"Céu Claro";"Dupla";"Reta";"Não";2;0;1;0;1;0;1;2;-19,36179664;-40,06433845;NA;NA;NA
744009;2026-01-06;"terça-feira";"11:30:00";"PE";232;118;"CARUARU";"Ausência de reação do condutor";"Saída de leito carroçável";"Com Vítimas Feridas";"Pleno dia";"Crescente";"Céu Claro";"Dupla";"Declive;Reta";"Não";3;0;1;0;0;2;1;3;-8,29748777;-35,86410491;"SPRF-PE";"DEL02/PE";"UOP03-DEL02-PE"
744885;2026-01-10;"sábado";"21:35:00";"RJ";101;326;"NITEROI";"Demais falhas mecânicas ou elétricas";"Incêndio";"Sem Vítimas";"Plena Noite";"Decrescente";"Céu Claro";"Múltipla";"Reta";"Não";2;0;0;0;1;1;0;2;-22,870422;-43,1606381;"SPRF-RJ";"DEL02/RJ";"UOP01-DEL02-RJ"
747362;2026-01-22;"quinta-feira";"09:30:00";"RO";429;53,5;"ALVORADA DOESTE";"Ausência de reação do condutor";"Colisão traseira";"Com Vítimas Feridas";"Pleno dia";"Decrescente";"Nublado";"Dupla";"Aclive;Reta";"Sim";3;0;0;1;1;1;1;3;-11,362455;-62,301543;"SPRF-RO";"DEL02-RO";"UOP03-DEL02-RO"
748840;2026-01-29;"quinta-feira";"20:20:00";"PA";10;5,1;"DOM ELISEU";"Chuva";"Capotamento";"Com Vítimas Fatais";"Plena Noite";"Crescente";"Chuva";"Simples";"Curva;Aclive";"Não";4;1;2;0;0;1;2;2;-4,39944;-47,531287;"SPRF-PA";"DEL02/PA";"UOP02-DEL02-PA"
749198;2026-01-31;"sábado";"16:00:00";"SP";101;51;"UBATUBA";"Transitar na contramão";"Colisão transversal";"Sem Vítimas";"Pleno dia";"Decrescente";"Nublado";"Simples";"Reta";"Sim";3;0;0;0;2;1;0;3;-23,45567413;-45,07173434;"SPRF-SP";"DEL06/SP";"UOP01-DEL06-SP"
750434;2026-02-06;"sexta-feira";"05:10:00";"GO";80;379;"SAO MIGUEL DO ARAGUAIA";"Ausência de reação do condutor";"Colisão traseira";"Com Vítimas Fatais";"Amanhecer";"Crescente";"Céu Claro";"Simples";"Reta";"Não";4;1;0;0;1;2;0;4;-13,29924;-50,3146;"SPRF-GO";"DEL07/GO";"UOP01-DEL07-GO"
752647;2026-02-15;"domingo";"21:40:00";"GO";60;95;"ANAPOLIS";"Ingestão de álcool pelo condutor";"Queda de ocupante de veículo";"Com Vítimas Feridas";"Plena Noite";"Crescente";"Céu Claro";"Dupla";"Reta";"Sim";3;0;1;0;1;1;1;3;-16,368087;-48,939522;"SPRF-GO";"DEL02/GO";"UOP01-DEL02-GO"
754229;2026-02-23;"segunda-feira";"16:00:00";"RS";386;207;"VICTOR GRAEFF";"Pista esburacada";"Saída de leito carroçável";"Com Vítimas Feridas";"Pleno dia";"Crescente";"Céu Claro";"Simples";"Reta";"Não";3;0;2;0;0;2;2;3;-28,516662;-52,634054;"SPRF-RS";"DEL04/RS";"UOP03-DEL04-RS"
756281;2026-03-05;"quinta-feira";"18:25:00";"MG";40;522;"CONTAGEM";"Transitar no Acostamento";"Colisão com objeto";"Com Vítimas Fatais";"Pleno dia";"Decrescente";"Céu Claro";"Dupla";"Reta";"Não";4;1;0;0;1;2;0;4;-19,867476;-44,062109;"SPRF-MG";"DEL01/MG";"UOP02-DEL01-MG"
758417;2026-03-15;"domingo";"00:30:00";"SP";116;387,7;"MIRACATU";"Velocidade Incompatível";"Colisão traseira";"Sem Vítimas";"Plena Noite";"Crescente";"Nublado";"Dupla";"Reta";"Não";4;0;0;0;3;2;0;4;-24,26844696;-47,39548402;"SPRF-SP";"DEL04/SP";"UOP02-DEL04-SP"
759870;2026-03-21;"sábado";"18:16:00";"RJ";101;505;"ANGRA DOS REIS";"Acessar a via sem observar a presença dos outros veículos";"Colisão transversal";"Com Vítimas Feridas";"Pleno dia";"Decrescente";"Céu Claro";"Simples";"Reta";"Sim";4;0;3;0;0;1;3;3;-22,93563022;-44,4039917;"SPRF-RJ";"DEL03/RJ";"UOP03-DEL03-RJ"
762468;2026-04-02;"quinta-feira";"17:25:00";"PE";232;58;"POMBOS";"Condutor deixou de manter distância do veículo da frente";"Colisão traseira";"Sem Vítimas";"Pleno dia";"Crescente";"Céu Claro";"Dupla";"Aclive;Reta";"Não";7;0;0;0;6;3;0;5;-8,145155;-35,39161;"SPRF-PE";"DEL02/PE";"UOP02-DEL02PE"
762907;2026-04-04;"sábado";"20:30:00";"AM";319;115;"CANUTAMA";"Velocidade Incompatível";"Capotamento";"Com Vítimas Feridas";"Plena Noite";"Crescente";"Céu Claro";"Simples";"Reta";"Não";3;0;1;1;0;1;2;2;-8,5995;-63,9964;"SPRF-AM";"DEL01-AM";"UOP04-DEL01-AM"
763157;2026-04-05;"domingo";"20:50:00";"MT";364;204;"RONDONOPOLIS";"Demais falhas mecânicas ou elétricas";"Colisão traseira";"Com Vítimas Feridas";"Plena Noite";"Crescente";"Céu Claro";"Dupla";"Retorno Regulamentado";"Sim";5;0;1;0;3;1;1;3;-16,44483869;-54,66785434;"SPRF-MT";"DEL02/MT";"UOP01-DEL02-MT"
764245;2026-04-10;"sexta-feira";"17:25:00";"SE";101;97,6;"SAO CRISTOVAO";"Acessar a via sem observar a presença dos outros veículos";"Colisão transversal";"Sem Vítimas";"Pleno dia";"Crescente";"Sol";"Dupla";"Retorno Regulamentado;Reta";"Não";3;0;0;0;2;1;0;3;-10,92471;-37,17733;"SPRF-SE";"DEL02-SE";"UOP01-DEL02-SE"
764248;2026-04-10;"sexta-feira";"16:30:00";"MA";135;182;"SAO MATEUS DO MARANHAO";"Acessar a via sem observar a presença dos outros veículos";"Colisão transversal";"Com Vítimas Feridas";"Pleno dia";"Crescente";"Céu Claro";"Simples";"Reta";"Sim";3;0;0;1;1;1;1;3;-4,038653;-44,468235;"SPRF-MA";"DEL03-MA";"UOP01-DEL03-MA"
768202;2026-04-29;"quarta-feira";"10:45:00";"MS";163;578,1;"BANDEIRANTES";"Reação tardia ou ineficiente do condutor";"Colisão traseira";"Com Vítimas Feridas";"Pleno dia";"Decrescente";"Céu Claro";"Simples";"Reta;Em Obras";"Não";5;0;2;0;2;5;2;8;-19,6544617;-54,3562587;"SPRF-MS";"DEL06/MS";"UOP02-DEL06-MS"
774370;2026-05-26;"terça-feira";"17:30:00";"MS";376;94;"IVINHEMA";"Ausência de reação do condutor";"Colisão lateral sentido oposto";"Sem Vítimas";"Anoitecer";"Crescente";"Céu Claro";"Simples";"Reta";"Não";4;0;0;0;2;3;0;4;-22,30957101;-54,05332915;"SPRF-MS";"DEL04/MS";"UOP04-DEL04-MS"
776265;2026-06-04;"quinta-feira";"11:55:00";"RS";285;58,3;"BOM JESUS";"Transitar na contramão";"Colisão traseira";"Com Vítimas Feridas";"Pleno dia";"Crescente";"Céu Claro";"Simples";"Reta;Declive;Interseção de Vias";"Não";5;0;2;0;2;1;2;4;-28,65403;-50,40337;"SPRF-RS";"DEL05/RS";"UOP03-DEL05-RS"
742954;2026-01-01;"quinta-feira";"06:50:00";"SC";101;283;"IMBITUBA";"Ingestão de álcool pelo condutor";"Colisão traseira";"Com Vítimas Feridas";"Pleno dia";"Crescente";"Céu Claro";"Dupla";"Reta";"Não";8;0;0;2;5;1;2;3;-28,22772627;-48,70170593;"SPRF-SC";"DEL02/SC";"UOP03-DEL02-SC"
743019;2026-01-01;"quinta-feira";"15:20:00";"GO";70;18;"COCALZINHO DE GOIAS";"Acessar a via sem observar a presença dos outros veículos";"Colisão lateral mesmo sentido";"Com Vítimas Feridas";"Pleno dia";"Decrescente";"Céu Claro";"Simples";"Declive;Reta";"Não";5;0;1;0;3;1;1;3;-15,747833;-48,352455;"SPRF-DF";"DEL03-DF";"UOP02-DEL03-DF"
743080;2026-01-01;"quinta-feira";"09:15:00";"PR";116;42;"CAMPINA GRANDE DO SUL";"Velocidade Incompatível";"Saída de leito carroçável";"Com Vítimas Feridas";"Pleno dia";"Crescente";"Garoa/Chuvisco";"Dupla";"Curva";"Não";6;0;1;0;4;1;1;2;-25,17692;-48,878041;"SPRF-PR";"DEL01/PR";"UOP02-DEL01-PR"
743192;2026-01-02;"sexta-feira";"11:18:00";"RO";364;239,3;"CACOAL";"Condutor deixou de manter distância do veículo da frente";"Colisão traseira";"Sem Vítimas";"Pleno dia";"Crescente";"Céu Claro";"Simples";"Declive";"Sim";3;0;0;0;2;1;0;3;-11,433172;-61,465673;"SPRF-RO";"DEL02-RO";"UOP02-DEL02-RO"
743710;2026-01-04;"domingo";"21:10:00";"ES";262;186,1;"IUNA";"Ingestão de álcool pelo condutor";"Colisão frontal";"Com Vítimas Fatais";"Plena Noite";"Crescente";"Chuva";"Simples";"Reta";"Não";4;1;0;1;1;1;1;3;-20,3090633;-41,7136733;"SPRF-ES";"DEL01-ES";"UOP02-DEL01-ES"
744119;2026-01-06;"terça-feira";"22:40:00";"GO";60;104,4;"GOIANAPOLIS";"Velocidade Incompatível";"Saída de leito carroçável";"Sem Vítimas";"Plena Noite";"Crescente";"Chuva";"Dupla";"Declive;Curva";"Não";3;0;0;0;2;1;0;2;-16,412743;-49,005373;"SPRF-GO";"DEL02/GO";"UOP01-DEL02-GO"
744174;2026-01-07;"quarta-feira";"10:56:00";"SC";116;0,9;"MAFRA";"Demais falhas mecânicas ou elétricas";"Colisão com objeto";"Sem Vítimas";"Pleno dia";"Crescente";"Céu Claro";"Simples";"Reta";"Sim";3;0;0;0;1;2;0;3;-26,11575909;-49,78696911;"SPRF-SC";"DEL06/SC";"UOP01-DEL06-SC"
744381;2026-01-08;"quinta-feira";"12:30:00";"ES";101;70;"SAO MATEUS";"Carga excessiva e/ou mal acondicionada";"Colisão lateral sentido oposto";"Com Vítimas Feridas";"Pleno dia";"Decrescente";"Céu Claro";"Simples";"Reta";"Não";4;0;1;0;2;1;1;4;-18,74829633;-39,86204021;"SPRF-ES";"DEL04-ES";"UOP02-DEL04-ES"
744386;2026-01-08;"quinta-feira";"10:10:00";"SC";101;379,7;"ICARA";"Transitar na contramão";"Colisão lateral sentido oposto";"Com Vítimas Feridas";"Pleno dia";"Decrescente";"Céu Claro";"Múltipla";"Curva";"Não";4;0;1;0;2;1;1;3;-28,75682863;-49,2800316;"SPRF-SC";"DEL02/SC";"UOP02-DEL02-SC"
744473;2026-01-08;"quinta-feira";"21:33:00";"SP";153;58,2;"SAO JOSE DO RIO PRETO";"Ingestão de álcool pelo condutor";"Colisão lateral mesmo sentido";"Sem Vítimas";"Plena Noite";"Crescente";"Céu Claro";"Dupla";"Reta";"Sim";6;0;0;0;5;1;0;3;-20,781322;-49,353444;"SPRF-SP";"DEL09/SP";"UOP01-DEL09-SP"
744673;2026-01-09;"sexta-feira";"21:00:00";"MT";163;758;"SORRISO";"Reação tardia ou ineficiente do condutor";"Colisão com objeto";"Com Vítimas Feridas";"Plena Noite";"Decrescente";"Céu Claro";"Dupla";"Curva";"Não";2;0;1;0;0;1;1;2;-12,50735115;-55,69256097;"SPRF-MT";"DEL06/MT";"UOP01-DEL06-MT"
745120;2026-01-11;"domingo";"23:00:00";"SC";101;214,5;"PALHOCA";"Ingestão de álcool pelo condutor";"Colisão traseira";"Sem Vítimas";"Plena Noite";"Crescente";"Nublado";"Múltipla";"Reta";"Sim";3;0;0;0;2;1;0;3;-27,64809;-48,6732;"SPRF-SC";"DEL01/SC";"UOP02-DEL01-SC"
745747;2026-01-15;"quinta-feira";"08:20:00";"RS";116;476;"TURUCU";"Ausência de reação do condutor";"Saída de leito carroçável";"Com Vítimas Feridas";"Pleno dia";"Crescente";"Céu Claro";"Simples";"Reta";"Não";2;0;1;0;0;1;1;2;-31,42131152;-52,17443705;"SPRF-RS";"DEL07/RS";"UOP01-DEL07-RS"
746013;2026-01-16;"sexta-feira";"12:40:00";"RS";468;48,9;"CORONEL BICACO";"Condutor Dormindo";"Saída de leito carroçável";"Com Vítimas Feridas";"Pleno dia";"Crescente";"Céu Claro";"Simples";"Reta";"Não";2;0;1;0;0;1;1;2;-27,77348139;-53,61448288;"SPRF-RS";"DEL08/RS";"UOP01-DEL08-RS"
746032;2026-01-16;"sexta-feira";"17:50:00";"RS";290;313;"CACAPAVA DO SUL";"Transitar no Acostamento";"Colisão transversal";"Sem Vítimas";"Pleno dia";"Crescente";"Nublado";"Simples";"Reta";"Não";4;0;0;0;3;1;0;3;-30,350734;-53,331155;"SPRF-RS";"DEL09/RS";"UOP02-DEL09-RS"
746376;2026-01-18;"domingo";"05:20:00";"GO";153;528;"HIDROLANDIA";"Condutor Dormindo";"Colisão traseira";"Sem Vítimas";"Plena Noite";"Crescente";"Chuva";"Dupla";"Declive;Reta";"Não";3;0;0;0;2;1;0;3;-16,947677;-49,248785;"SPRF-GO";"DEL01/GO";"UOP03-DEL01-GO"
746399;2026-01-18;"domingo";"08:20:00";"MG";381;491;"BETIM";"Entrada inopinada do pedestre";"Colisão transversal";"Com Vítimas Feridas";"Pleno dia";"Decrescente";"Chuva";"Dupla";"Interseção de Vias;Reta";"Não";3;0;0;1;1;1;1;3;-19,959823;-44,154519;"SPRF-MG";"DEL01/MG";"UOP03-DEL01-MG"
746650;2026-01-19;"segunda-feira";"08:15:00";"GO";60;109,5;"GOIANAPOLIS";"Reação tardia ou ineficiente do condutor";"Colisão lateral mesmo sentido";"Com Vítimas Feridas";"Pleno dia";"Crescente";"Nublado";"Dupla";"Reta";"Não";8;0;1;0;6;1;1;4;-16,44915459;-49,0278132;"SPRF-GO";"DEL01/GO";"UOP01-DEL01-GO"
746737;2026-01-19;"segunda-feira";"16:40:00";"MG";381;1;"BETIM";"Demais falhas mecânicas ou elétricas";"Colisão com objeto";"Com Vítimas Feridas";"Pleno dia";"Crescente";"Céu Claro";"Dupla";"Reta";"Sim";2;0;1;0;0;1;1;2;-19,9651016;-44,15867328;"SPRF-MG";"DEL01/MG";"UOP03-DEL01-MG"
747019;2026-01-21;"quarta-feira";"05:30:00";"MT";163;816;"SINOP";"Desvio temporário";"Colisão transversal";"Com Vítimas Feridas";"Amanhecer";"Decrescente";"Garoa/Chuvisco";"Simples";"Desvio Temporário";"Não";6;0;4;0;1;2;4;4;-12,028753;-55,517387;"SPRF-MT";"DEL06/MT";"UOP02-DEL06-MT"
747105;2026-01-21;"quarta-feira";"13:00:00";"SC";116;185,3;"SAO CRISTOVAO DO SUL";"Avarias e/ou desgaste excessivo no pneu";"Colisão com objeto";"Com Vítimas Feridas";"Pleno dia";"Decrescente";"Céu Claro";"Simples";"Declive;Curva";"Não";3;0;1;0;1;1;1;2;-27,305576;-50,419478;"SPRF-SC";"DEL05/SC";"UOP03-DEL05-SC"
747299;2026-01-22;"quinta-feira";"09:45:00";"PI";135;425;"REDENCAO DO GURGUEIA";"Manobra de mudança de faixa";"Colisão frontal";"Com Vítimas Feridas";"Pleno dia";"Decrescente";"Céu Claro";"Simples";"Curva;Declive";"Não";8;0;1;0;6;1;1;3;-9,508089;-44,740638;"SPRF-PI";"DEL03-PI";"UOP02-DEL03-PI"
747406;2026-01-22;"quinta-feira";"20:30:00";"MS";262;323;"CAMPO GRANDE";"Ausência de reação do condutor";"Colisão traseira";"Com Vítimas Feridas";"Plena Noite";"Decrescente";"Céu Claro";"Simples";"Reta";"Não";4;0;0;2;1;1;2;3;-20,46918;-54,5015;"SPRF-MS";"DEL01/MS";"UOP01-DEL01-MS"
747831;2026-01-24;"sábado";"20:20:00";"GO";414;410;"ABADIANIA";"Ingestão de álcool pelo condutor";"Colisão lateral mesmo sentido";"Sem Vítimas";"Plena Noite";"Crescente";"Céu Claro";"Simples";"Reta";"Não";3;0;0;0;1;2;0;3;-16,050928;-48,853298;"SPRF-GO";"DEL02/GO";"UOP01-DEL02-GO"
747866;2026-01-25;"domingo";"00:37:00";"PB";101;72;"SANTA RITA";"Ausência de reação do condutor";"Saída de leito carroçável";"Sem Vítimas";"Plena Noite";"Crescente";"Céu Claro";"Dupla";"Reta";"Não";2;0;0;0;0;2;0;2;-7,07299;-34,99619;"SPRF-PB";"DEL01-PB";"UOP03-DEL01-PB"
748176;2026-01-26;"segunda-feira";"16:04:00";"RN";226;4,5;"NATAL";"Pedestre cruzava a pista fora da faixa";"Atropelamento de Pedestre";"Com Vítimas Fatais";"Pleno dia";"Crescente";"Céu Claro";"Simples";"Reta";"Sim";3;1;0;0;1;1;0;3;-5,819468;-35,264915;"SPRF-RN";"DEL01-RN";"UOP02-DEL01-RN"
748304;2026-01-27;"terça-feira";"13:20:00";"SC";101;123;"ITAJAI";"Reação tardia ou ineficiente do condutor";"Colisão traseira";"Sem Vítimas";"Pleno dia";"Decrescente";"Céu Claro";"Dupla";"Reta";"Sim";5;0;0;0;4;1;0;3;-26,93440769;-48,70075576;"SPRF-SC";"DEL04/SC";"UOP04-DEL04-SC"
748321;2026-01-27;"terça-feira";"14:00:00";"MS";262;72;"TRES LAGOAS";"Avarias e/ou desgaste excessivo no pneu";"Colisão frontal";"Com Vítimas Feridas";"Pleno dia";"Crescente";"Chuva";"Simples";"Reta;Aclive";"Não";8;0;4;3;0;1;7;3;-20,66926217;-52,25607125;"SPRF-MS";"DEL07/MS";"UOP02-DEL07-MS"
749455;2026-02-01;"domingo";"21:35:00";"AL";101;77;"RIO LARGO";"Demais falhas mecânicas ou elétricas";"Tombamento";"Sem Vítimas";"Plena Noite";"Crescente";"Céu Claro";"Dupla";"Reta";"Sim";2;0;0;0;0;2;0;2;-9,42412675;-35,83893657;"SPRF-AL";"DEL01-AL";"UOP01-DEL01-AL"
749501;2026-02-02;"segunda-feira";"05:23:00";"RN";226;3;"NATAL";"Manobra de mudança de faixa";"Colisão frontal";"Com Vítimas Feridas";"Amanhecer";"Crescente";"Céu Claro";"Simples";"Reta";"Sim";5;0;0;3;1;1;3;4;-5,819803;-35,258573;"SPRF-RN";"DEL01-RN";"UOP02-DEL01-RN"
749709;2026-02-02;"segunda-feira";"19:40:00";"PI";135;619;"CRISTALANDIA DO PIAUI";"Transitar na contramão";"Colisão lateral sentido oposto";"Com Vítimas Fatais";"Plena Noite";"Crescente";"Céu Claro";"Simples";"Reta";"Não";4;1;0;0;2;1;0;4;-10,662558;-45,178223;"SPRF-PI";"DEL03-PI";"UOP02-DEL03-PI"