"id";"data_inversa";"dia_semana";"horario";"uf";"br";"km";"municipio";"causa_acidente";"tipo_acidente";"classificacao_acidente";"fase_dia";"sentido_via";"condicao_metereologica";"tipo_pista";"tracado_via";"uso_solo";"pessoas";"mortos";"feridos_leves";"feridos_graves";"ilesos";"ignorados";"feridos";"veiculos";"latitude";"longitude";"regional";"delegacia";"uop"
749770;2026-02-03;"terça-feira";"10:40:00";"TO";10;392;"PORTO NACIONAL";"Reação tardia ou ineficiente do condutor";"Colisão traseira";"Com Vítimas Feridas";"Pleno dia";"Crescente";"Garoa/Chuvisco";"Simples";"Reta";"Não";4;0;1;0;2;1;1;3;-10,76270777;-48,38374517;"SPRF-TO";"DEL01-TO";"UOP03-DEL01-TO"
749937;2026-02-03;"terça-feira";"18:10:00";"MG";40;142,3;"JOAO PINHEIRO";"Acessar a via sem observar a presença dos outros veículos";"Colisão transversal";"Com Vítimas Feridas";"Anoitecer";"Crescente";"Nublado";"Simples";"Reta";"Sim";3;0;0;1;1;1;1;3;-17,742144;-46,184242;"SPRF-MG";"DEL14/MG";"UOP01-DEL14-MG"
750005;2026-02-04;"quarta-feira";"13:00:00";"MG";262;825;"UBERABA";"Demais falhas mecânicas ou elétricas";"Capotamento";"Com Vítimas Feridas";"Pleno dia";"Decrescente";"Céu Claro";"Dupla";"Reta;Declive";"Não";2;0;1;0;0;1;1;2;-19,76465;-48,11254;"SPRF-MG";"DEL13/MG";"UOP01-DEL13-MG"
750400;2026-02-06;"sexta-feira";"10:50:00";"GO";70;6;"AGUAS LINDAS DE GOIAS";"Ausência de reação do condutor";"Colisão transversal";"Sem Vítimas";"Pleno dia";"Crescente";"Céu Claro";"Dupla";"Reta";"Sim";5;0;0;0;4;1;0;3;-15,74684065;-48,26601506;"SPRF-DF";"DEL03-DF";"UOP02-DEL03-DF"
750669;2026-02-07;"sábado";"11:00:00";"MA";222;160,9;"PRESIDENTE VARGAS";"Pista esburacada";"Colisão traseira";"Com Vítimas Feridas";"Pleno dia";"Crescente";"Nublado";"Simples";"Reta";"Não";10;0;3;0;6;1;3;4;-3,51064;-43,999065;"SPRF-MA";"DEL01-MA";"UOP02-DEL01-MA"
750691;2026-02-07;"sábado";"15:19:00";"BA";135;167;"BARREIRAS";"Transitar na contramão";"Colisão transversal";"Com Vítimas Feridas";"Pleno dia";"Decrescente";"Céu Claro";"Simples";"Reta";"Não";7;0;1;0;5;1;1;3;-12,071333;-44,967354;"SPRF-BA";"DEL10/BA";"UOP01-DEL10-BA"
750771;2026-02-07;"sábado";"20:28:00";"SC";101;64;"ARAQUARI";"Chuva";"Colisão com objeto";"Com Vítimas Feridas";"Plena Noite";"Decrescente";"Chuva";"Múltipla";"Reta";"Não";5;0;1;2;1;1;3;3;-26,46550197;-48,74926686;"SPRF-SC";"DEL03/SC";"UOP02-DEL03-SC"
751241;2026-02-09;"segunda-feira";"18:20:00";"PR";376;637;"TIJUCAS DO SUL";"Acessar a via sem observar a presença dos outros veículos";"Atropelamento de Pedestre";"Com Vítimas Feridas";"Anoitecer";"Crescente";"Nublado";"Dupla";"Reta;Declive";"Não";5;0;0;1;2;2;1;3;-25,76603;-49,124357;"SPRF-PR";"DEL01/PR";"UOP04-DEL01-PR"
751273;2026-02-09;"segunda-feira";"16:40:00";"MG";381;243;"SANTANA DO PARAISO";"Desrespeitar a preferência no cruzamento";"Colisão transversal";"Com Vítimas Feridas";"Anoitecer";"Decrescente";"Nublado";"Simples";"Reta";"Não";4;0;0;2;1;1;2;3;-19,43137877;-42,43375361;"SPRF-MG";"DEL06/MG";"UOP01-DEL06-MG"
751465;2026-02-10;"terça-feira";"19:30:00";"RO";364;522,3;"ARIQUEMES";"Reação tardia ou ineficiente do condutor";"Colisão traseira";"Com Vítimas Feridas";"Plena Noite";"Decrescente";"Céu Claro";"Simples";"Reta";"Não";4;0;0;1;2;1;1;3;-9,858475;-63,05847;"SPRF-RO";"DEL03-RO";"UOP01-DEL03-RO"
751854;2026-02-12;"quinta-feira";"16:25:00";"BA";415;19;"ILHEUS";"Demais falhas mecânicas ou elétricas";"Colisão com objeto";"Com Vítimas Feridas";"Pleno dia";"Decrescente";"Sol";"Simples";"Reta";"Não";4;0;1;0;2;1;1;3;-14,79095548;-39,11090769;"SPRF-BA";"DEL05/BA";"UOP01-DEL05-BA"
751871;2026-02-12;"quinta-feira";"20:30:00";"PR";376;213,3;"MANDAGUARI";"Ausência de reação do condutor";"Colisão lateral mesmo sentido";"Com Vítimas Feridas";"Plena Noite";"Crescente";"Nublado";"Dupla";"Curva;Aclive";"Não";3;0;1;0;1;1;1;3;-23,567762;-51,654706;"SPRF-PR";"DEL09/PR";"UOP01-DEL09-PR"
752200;2026-02-13;"sexta-feira";"23:30:00";"MT";364;311;"CAMPO VERDE";"Reação tardia ou ineficiente do condutor";"Colisão traseira";"Com Vítimas Feridas";"Plena Noite";"Crescente";"Nevoeiro/Neblina";"Simples";"Reta";"Não";2;0;1;0;0;1;1;2;-15,81087;-55,266473;"SPRF-MT";"DEL05/MT";"UOP02-DEL05-MT"
752248;2026-02-14;"sábado";"06:30:00";"SP";153;128,1;"UBARANA";"Condutor Dormindo";"Colisão lateral sentido oposto";"Com Vítimas Feridas";"Amanhecer";"Decrescente";"Céu Claro";"Simples";"Reta";"Não";4;0;2;0;1;1;2;3;-21,234359;-49,747165;"SPRF-SP";"DEL09/SP";"UOP01-DEL09-SP"
752290;2026-02-14;"sábado";"11:30:00";"MG";365;637;"UBERLANDIA";"Demais falhas mecânicas ou elétricas";"Colisão lateral mesmo sentido";"Sem Vítimas";"Pleno dia";"Decrescente";"Céu Claro";"Dupla";"Reta";"Sim";3;0;0;0;2;1;0;3;-18,889561;-48,439527;"SPRF-MG";"DEL15/MG";"UOP01-DEL15-MG"
752527;2026-02-07;"sábado";"13:00:00";"MS";267;347;"RIO BRILHANTE";"Demais falhas mecânicas ou elétricas";"Colisão lateral mesmo sentido";"Sem Vítimas";"Pleno dia";"Crescente";"Sol";"Simples";"Reta";"Não";5;0;0;0;4;1;0;3;-21,62494;-54,98671;"SPRF-MS";"DEL02/MS";"UOP02-DEL02-MS"
752841;2026-02-17;"terça-feira";"02:30:00";"MT";163;820;"SINOP";"Ausência de reação do condutor";"Saída de leito carroçável";"Sem Vítimas";"Plena Noite";"Decrescente";"Nublado";"Simples";"Reta";"Sim";2;0;0;0;0;2;0;2;-11,99106951;-55,51707779;"SPRF-MT";"DEL06/MT";"UOP02-DEL06-MT"
752939;2026-02-17;"terça-feira";"17:25:00";"GO";414;436,7;"ANAPOLIS";"Ingestão de álcool pelo condutor";"Colisão traseira";"Sem Vítimas";"Pleno dia";"Decrescente";"Céu Claro";"Simples";"Reta";"Sim";4;0;0;0;3;1;0;3;-16,252184;-48,93553;"SPRF-GO";"DEL02/GO";"UOP01-DEL02-GO"
753402;2026-02-19;"quinta-feira";"20:20:00";"ES";101;126,3;"SOORETAMA";"Condutor desrespeitou a iluminação vermelha do semáforo";"Colisão traseira";"Com Vítimas Feridas";"Plena Noite";"Crescente";"Céu Claro";"Múltipla";"Reta;Aclive;Interseção de Vias";"Sim";3;0;1;0;1;1;1;3;-19,19745441;-40,09540211;"SPRF-ES";"DEL04-ES";"UOP01-DEL04-ES"
753420;2026-02-19;"quinta-feira";"16:30:00";"GO";60;356;"RIO VERDE";"Avarias e/ou desgaste excessivo no pneu";"Saída de leito carroçável";"Com Vítimas Feridas";"Pleno dia";"Crescente";"Céu Claro";"Dupla";"Reta";"Não";7;0;3;0;3;1;3;2;-17,621575;-50,760077;"SPRF-GO";"DEL04/GO";"UOP02-DEL04-GO"
753457;2026-02-20;"sexta-feira";"05:50:00";"MG";365;390,2;"PATOS DE MINAS";"Reação tardia ou ineficiente do condutor";"Colisão transversal";"Com Vítimas Fatais";"Pleno dia";"Crescente";"Nevoeiro/Neblina";"Simples";"Interseção de Vias;Curva";"Não";6;1;0;2;2;1;2;3;-18,64099;-46,33499;"SPRF-MG";"DEL10/MG";"UOP01-DEL10-MG"
753568;2026-02-12;"quinta-feira";"20:53:00";"PE";316;363;"PETROLANDIA";"Deficiência do Sistema de Iluminação/Sinalização";"Colisão traseira";"Com Vítimas Fatais";"Plena Noite";"Crescente";"Céu Claro";"Simples";"Reta";"Não";3;1;0;0;0;2;0;3;-8,950828;-38,224393;"SPRF-PE";"DEL04/PE";"UOP03-DEL04-PE"
753645;2026-02-20;"sexta-feira";"22:32:00";"GO";153;433;"ANAPOLIS";"Demais falhas mecânicas ou elétricas";"Saída de leito carroçável";"Com Vítimas Feridas";"Plena Noite";"Crescente";"Ignorado";"Dupla";"Reta";"Não";2;0;1;0;0;1;1;2;-16,284193;-48,951378;"SPRF-GO";"DEL02/GO";"UOP01-DEL02-GO"
754041;2026-02-20;"sexta-feira";"05:30:00";"RS";116;243;"SAO LEOPOLDO";"Manobra de mudança de faixa";"Colisão lateral mesmo sentido";"Sem Vítimas";"Amanhecer";"Crescente";"Céu Claro";"Múltipla";"Viaduto;Reta";"Sim";6;0;0;0;4;2;0;3;-29,72837874;-51,14930598;"SPRF-RS";"DEL01/RS";"UOP02-DEL01-RS"
754056;2026-02-22;"domingo";"22:09:00";"RS";290;16;"SANTO ANTONIO DA PATRULHA";"Acessar a via sem observar a presença dos outros veículos";"Colisão lateral mesmo sentido";"Sem Vítimas";"Plena Noite";"Crescente";"Céu Claro";"Múltipla";"Reta";"Sim";3;0;0;0;2;1;0;3;-29,88244761;-50,43815799;"SPRF-RS";"DEL03/RS";"UOP01-DEL03-RS"
754458;2026-02-24;"terça-feira";"16:03:00";"PB";230;265,9;"JUNCO DO SERIDO";"Ultrapassagem Indevida";"Colisão traseira";"Com Vítimas Feridas";"Pleno dia";"Decrescente";"Chuva";"Simples";"Reta";"Não";4;0;1;0;1;2;1;3;-6,96739;-36,762612;"SPRF-PB";"DEL03-PB";"UOP01-DEL03-PB"
754518;2026-02-25;"quarta-feira";"05:35:00";"MA";0;0;"IMPERATRIZ";"Iluminação deficiente";"Colisão traseira";"Sem Vítimas";"Amanhecer";"Não Informado";"Nevoeiro/Neblina";"Múltipla";"Reta";"Sim";5;0;0;0;4;1;0;3;-5,55668;-47,45584;"SPRF-MA";"DEL04-MA";"UOP01-DEL04-MA"
754589;2026-02-25;"quarta-feira";"12:50:00";"SC";101;324,1;"CAPIVARI DE BAIXO";"Ausência de reação do condutor";"Tombamento";"Com Vítimas Feridas";"Pleno dia";"Decrescente";"Nublado";"Múltipla";"Curva";"Não";4;0;2;0;1;1;2;3;-28,42451232;-48,93748514;"SPRF-SC";"DEL02/SC";"UOP01-DEL02-SC"
754603;2026-02-25;"quarta-feira";"13:50:00";"RO";319;141;"PORTO VELHO";"Manobra de mudança de faixa";"Colisão lateral mesmo sentido";"Sem Vítimas";"Pleno dia";"Decrescente";"Céu Claro";"Dupla";"Reta";"Sim";3;0;0;0;2;3;0;5;-8,74021895;-63,88986317;"SPRF-RO";"DEL01-RO";"UOP01-DEL01-RO"
754819;2026-02-26;"quinta-feira";"11:20:00";"MS";463;0,1;"DOURADOS";"Transitar na contramão";"Colisão lateral sentido oposto";"Com Vítimas Feridas";"Pleno dia";"Decrescente";"Céu Claro";"Simples";"Reta";"Sim";4;0;1;0;2;1;1;3;-22,2590386;-54,80578601;"SPRF-MS";"DEL04/MS";"UOP01-DEL04-MS"
755506;2026-03-01;"domingo";"19:20:00";"BA";101;6;"RIO REAL";"Acessar a via sem observar a presença dos outros veículos";"Colisão transversal";"Com Vítimas Feridas";"Plena Noite";"Decrescente";"Nublado";"Simples";"Reta";"Não";3;0;1;0;1;1;1;3;-11,538342;-37,847298;"SPRF-SE";"DEL02-SE";"UOP03-DEL02-SE"
755558;2026-03-01;"domingo";"19:30:00";"BA";349;1021;"CORRENTINA";"Manobra de mudança de faixa";"Colisão frontal";"Com Vítimas Feridas";"Plena Noite";"Crescente";"Céu Claro";"Simples";"Reta";"Não";3;0;0;1;1;1;1;3;-13,62238121;-45,26744843;"SPRF-BA";"DEL10/BA";"UOP02-DEL10-BA"
755726;2026-03-02;"segunda-feira";"21:20:00";"SC";101;209,7;"SAO JOSE";"Reação tardia ou ineficiente do condutor";"Colisão traseira";"Com Vítimas Feridas";"Plena Noite";"Crescente";"Ignorado";"Dupla";"Declive;Reta";"Sim";5;0;3;0;1;1;3;4;-27,61421248;-48,64335028;"SPRF-SC";"DEL01/SC";"UOP01-DEL01-SC"
755795;2026-02-13;"sexta-feira";"14:15:00";"SC";470;53,5;"BLUMENAU";"Reação tardia ou ineficiente do condutor";"Colisão transversal";"Com Vítimas Feridas";"Pleno dia";"Decrescente";"Nublado";"Simples";"Em Obras;Curva";"Sim";3;0;1;0;1;1;1;3;-26,87031514;-49,10616159;"SPRF-SC";"DEL04/SC";"UOP01-DEL04-SC"
756258;2026-03-05;"quinta-feira";"15:00:00";"BA";349;1043;"CORRENTINA";"Velocidade Incompatível";"Saída de leito carroçável";"Sem Vítimas";"Pleno dia";"Decrescente";"Nublado";"Simples";"Reta";"Não";2;0;0;0;1;1;0;2;-13,63554669;-45,54834367;"SPRF-BA";"DEL10/BA";"UOP02-DEL10-BA"
756469;2026-03-06;"sexta-feira";"16:30:00";"AP";210;1,7;"MACAPA";"Pista esburacada";"Colisão lateral sentido oposto";"Com Vítimas Feridas";"Pleno dia";"Crescente";"Nublado";"Múltipla";"Reta";"Sim";3;0;1;0;1;1;1;3;0,08273364;-51,0783428;"SPRF-AP";"DEL01-AP";"UOP01-DEL01-AP"
756550;2026-03-06;"sexta-feira";"18:30:00";"PA";155;328;"MARABA";"Ausência de reação do condutor";"Colisão com objeto";"Com Vítimas Feridas";"Anoitecer";"Decrescente";"Céu Claro";"Simples";"Curva";"Não";3;0;0;1;1;1;1;3;-5,47965295;-49,0758816;"SPRF-PA";"DEL03/PA";"UOP01-DEL03-PA"
756561;2026-03-06;"sexta-feira";"21:00:00";"PR";116;110;"CURITIBA";"Reação tardia ou ineficiente do condutor";"Colisão traseira";"Sem Vítimas";"Plena Noite";"Crescente";"Céu Claro";"Dupla";"Reta";"Não";4;0;0;0;3;1;0;3;-25,56240253;-49,25891697;"SPRF-PR";"DEL01/PR";"UOP03-DEL01-PR"
757149;2026-03-09;"segunda-feira";"09:45:00";"SC";470;193;"POUSO REDONDO";"Ultrapassagem Indevida";"Colisão frontal";"Com Vítimas Feridas";"Pleno dia";"Crescente";"Chuva";"Simples";"Declive;Curva";"Não";6;0;1;0;4;1;1;4;-27,30202016;-50,08147113;"SPRF-SC";"DEL04/SC";"UOP02-DEL04-SC"
757609;2026-03-11;"quarta-feira";"10:00:00";"PE";424;17;"PEDRA";"Acessar a via sem observar a presença dos outros veículos";"Colisão traseira";"Com Vítimas Feridas";"Pleno dia";"Crescente";"Céu Claro";"Simples";"Reta";"Sim";4;0;1;0;2;1;1;3;-8,500062;-36,949117;"SPRF-PE";"DEL04/PE";"UOP02-DEL04-PE"
757862;2026-03-12;"quinta-feira";"06:00:00";"RO";364;649;"CANDEIAS DO JAMARI";"Reação tardia ou ineficiente do condutor";"Saída de leito carroçável";"Sem Vítimas";"Amanhecer";"Decrescente";"Céu Claro";"Simples";"Reta";"Não";2;0;0;0;1;1;0;2;-8,87138669;-63,44226837;"SPRF-RO";"DEL01-RO";"UOP04-DEL01-RO"
757936;2026-03-12;"quinta-feira";"22:59:00";"MG";50;52,5;"ARAGUARI";"Acumulo de água sobre o pavimento";"Capotamento";"Com Vítimas Feridas";"Plena Noite";"Crescente";"Chuva";"Dupla";"Declive";"Não";4;0;3;0;0;1;3;2;-18,75581423;-48,24074619;"SPRF-MG";"DEL15/MG";"UOP02-DEL15-MG"
758037;2026-03-13;"sexta-feira";"11:45:00";"SP";101;52;"UBATUBA";"Acessar a via sem observar a presença dos outros veículos";"Colisão transversal";"Com Vítimas Feridas";"Pleno dia";"Decrescente";"Nublado";"Simples";"Rotatória";"Sim";3;0;1;0;1;1;1;3;-23,46261121;-45,06416607;"SPRF-SP";"DEL06/SP";"UOP01-DEL06-SP"
758057;2026-02-02;"segunda-feira";"14:45:00";"GO";60;442;"JATAI";"Acumulo de água sobre o pavimento";"Saída de leito carroçável";"Com Vítimas Feridas";"Pleno dia";"Decrescente";"Garoa/Chuvisco";"Dupla";"Reta;Aclive";"Não";2;0;1;0;0;1;1;2;-17,843165;-51,455648;"SPRF-GO";"DEL05/GO";"UOP01-DEL05-GO"
758316;2026-03-14;"sábado";"14:10:00";"RR";174;582;"AMAJARI";"Demais falhas mecânicas ou elétricas";"Colisão com objeto";"Com Vítimas Feridas";"Pleno dia";"Crescente";"Céu Claro";"Simples";"Reta";"Não";6;0;1;0;4;1;1;4;3,46482585;-60,91094367;"SPRF-RR";"DEL01-RR";"UOP03-DEL01-RR"
758424;2026-03-15;"domingo";"02:11:00";"PB";101;118;"CAAPORA";"Avarias e/ou desgaste excessivo no pneu";"Colisão lateral mesmo sentido";"Com Vítimas Feridas";"Plena Noite";"Decrescente";"Céu Claro";"Dupla";"Aclive;Reta";"Não";8;0;2;0;5;1;2;3;-7,4253854;-34,9643356;"SPRF-PB";"DEL01-PB";"UOP01-DEL01-PB"
758631;2026-03-15;"domingo";"21:50:00";"RS";290;415;"SAO GABRIEL";"Ausência de reação do condutor";"Saída de leito carroçável";"Com Vítimas Feridas";"Plena Noite";"Crescente";"Céu Claro";"Simples";"Reta";"Não";6;0;3;0;2;1;3;2;-30,36235942;-54,29838181;"SPRF-RS";"DEL11/RS";"UOP02-DEL11-RS"
758770;2026-03-16;"segunda-feira";"15:55:00";"RS";116;254;"SAPUCAIA DO SUL";"Condutor deixou de manter distância do veículo da frente";"Colisão lateral mesmo sentido";"Com Vítimas Feridas";"Pleno dia";"Crescente";"Nublado";"Múltipla";"Reta";"Sim";3;0;2;0;0;1;2;3;-29,82258799;-51,17139816;"SPRF-RS";"DEL01/RS";"UOP02-DEL01-RS"
759041;2026-03-17;"terça-feira";"18:01:00";"RO";425;79;"NOVA MAMORE";"Desrespeitar a preferência no cruzamento";"Colisão transversal";"Com Vítimas Feridas";"Pleno dia";"Decrescente";"Céu Claro";"Simples";"Interseção de Vias";"Sim";5;0;2;0;1;2;2;4;-10,40868092;-65,32970578;"SPRF-RO";"DEL01-RO";"UOP03-DEL01-RO"
759404;2026-03-19;"quinta-feira";"18:00:00";"PR";116;17;"COLOMBO";"Ausência de reação do condutor";"Derramamento de carga";"Com Vítimas Feridas";"Anoitecer";"Crescente";"Nublado";"Dupla";"Declive;Reta";"Sim";3;0;1;0;1;1;1;3;-25,389214;-49,193327;"SPRF-PR";"DEL01/PR";"UOP02-DEL01-PR"
759609;2026-03-20;"sexta-feira";"13:10:00";"MT";364;208;"RONDONOPOLIS";"Manobra de mudança de faixa";"Colisão traseira";"Com Vítimas Feridas";"Pleno dia";"Crescente";"Sol";"Dupla";"Reta";"Não";4;0;1;2;0;1;3;3;-16,43914483;-54,67821123;"SPRF-MT";"DEL02/MT";"UOP01-DEL02-MT"
759633;2026-03-20;"sexta-feira";"17:08:00";"SC";282;30;"SANTO AMARO DA IMPERATRIZ";"Retorno proibido";"Colisão transversal";"Com Vítimas Feridas";"Pleno dia";"Decrescente";"Céu Claro";"Simples";"Curva";"Não";3;0;1;0;1;1;1;3;-27,6887;-48,7928;"SPRF-SC";"DEL01/SC";"UOP03-DEL01-SC"
759899;2026-03-21;"sábado";"21:50:00";"RS";290;311;"CACAPAVA DO SUL";"Transitar na contramão";"Colisão frontal";"Com Vítimas Feridas";"Pleno dia";"Decrescente";"Nublado";"Simples";"Reta";"Não";8;0;0;1;5;2;1;4;-30,34214352;-53,32602588;"SPRF-RS";"DEL09/RS";"UOP02-DEL09-RS"
759995;2026-03-22;"domingo";"07:40:00";"RN";406;11,9;"MACAU";"Reação tardia ou ineficiente do condutor";"Colisão traseira";"Com Vítimas Fatais";"Pleno dia";"Crescente";"Céu Claro";"Simples";"Reta";"Não";4;1;0;1;1;1;1;3;-5,173912;-36,543632;"SPRF-RN";"DEL02-RN";"UOP01-DEL02-RN"
760148;2026-03-22;"domingo";"17:15:00";"MG";40;759,7;"EWBANK DA CAMARA";"Velocidade Incompatível";"Saída de leito carroçável";"Sem Vítimas";"Pleno dia";"Decrescente";"Nublado";"Simples";"Curva";"Não";2;0;0;0;0;2;0;2;-21,53703;-43,51131;"SPRF-MG";"DEL05/MG";"UOP01-DEL05-MG"
760340;2026-03-23;"segunda-feira";"15:30:00";"SC";282;514;"XAXIM";"Reação tardia ou ineficiente do condutor";"Colisão traseira";"Sem Vítimas";"Pleno dia";"Decrescente";"Nublado";"Simples";"Aclive;Curva";"Não";4;0;0;0;3;1;0;3;-26,91628663;-52,49208067;"SPRF-SC";"DEL07/SC";"UOP01-DEL07-SC"
760412;2026-03-24;"terça-feira";"05:55:00";"GO";153;227;"HIDROLINA";"Animais na Pista";"Colisão lateral sentido oposto";"Com Vítimas Feridas";"Amanhecer";"Crescente";"Céu Claro";"Simples";"Reta";"Não";4;0;3;0;0;2;3;4;-14,749223;-49,252383;"SPRF-GO";"DEL07/GO";"UOP02-DEL07-GO"
760722;2026-03-25;"quarta-feira";"21:00:00";"MG";116;228;"TEOFILO OTONI";"Acumulo de água sobre o pavimento";"Saída de leito carroçável";"Com Vítimas Feridas";"Plena Noite";"Crescente";"Chuva";"Simples";"Curva";"Não";7;0;3;1;2;1;4;2;-17,47295274;-41,49448156;"SPRF-MG";"DEL11/MG";"UOP01-DEL11-MG"
761162;2026-03-27;"sexta-feira";"17:15:00";"SC";101;129,1;"CAMBORIU";"Demais falhas mecânicas ou elétricas";"Colisão com objeto";"Com Vítimas Fatais";"Pleno dia";"Crescente";"Nublado";"Dupla";"Reta";"Sim";3;1;1;0;0;1;1;3;-26,980968;-48,678322;"SPRF-SC";"DEL04/SC";"UOP03-DEL04-SC"
761266;2026-03-28;"sábado";"10:27:00";"DF";40;1;"BRASILIA";"Velocidade Incompatível";"Colisão traseira";"Com Vítimas Feridas";"Pleno dia";"Decrescente";"Céu Claro";"Dupla";"Reta";"Sim";4;0;1;0;1;2;1;4;-15,9876941;-47,98717529;"SPRF-DF";"DEL01-DF";"UOP01-DEL01-DF"
761716;2026-03-30;"segunda-feira";"10:40:00";"DF";70;7,1;"BRASILIA";"Manobra de mudança de faixa";"Colisão lateral mesmo sentido";"Com Vítimas Feridas";"Pleno dia";"Decrescente";"Céu Claro";"Dupla";"Aclive;Reta";"Sim";3;0;1;0;1;1;1;3;-15,78574939;-48,12008645;"SPRF-DF";"DEL03-DF";"UOP02-DEL03-DF"
761812;2026-03-30;"segunda-feira";"16:53:00";"PR";376;127,6;"ALTO PARANA";"Demais falhas mecânicas ou elétricas";"Saída de leito carroçável";"Com Vítimas Feridas";"Pleno dia";"Crescente";"Céu Claro";"Dupla";"Declive;Reta";"Não";4;0;3;0;0;1;3;2;-23,15738516;-52,26414554;"SPRF-PR";"DEL09/PR";"UOP02-DEL09-PR"
762007;2026-03-31;"terça-feira";"17:40:00";"GO";60;101,7;"ANAPOLIS";"Reação tardia ou ineficiente do condutor";"Colisão lateral mesmo sentido";"Com Vítimas Feridas";"Pleno dia";"Crescente";"Céu Claro";"Dupla";"Reta;Interseção de Vias";"Sim";3;0;1;0;1;1;1;3;-16,403438;-48,978603;"SPRF-GO";"DEL02/GO";"UOP01-DEL02-GO"
762248;2026-04-01;"quarta-feira";"19:18:00";"PR";376;128,5;"ALTO PARANA";"Transtornos Mentais (exceto suicidio)";"Atropelamento de Pedestre";"Com Vítimas Fatais";"Plena Noite";"Decrescente";"Céu Claro";"Dupla";"Reta;Retorno Regulamentado";"Não";3;1;0;0;1;1;0;3;-23,1613;-52,2586683;"SPRF-PR";"DEL09/PR";"UOP02-DEL09-PR"
762315;2026-04-02;"quinta-feira";"04:45:00";"MG";40;189;"JOAO PINHEIRO";"Transitar na contramão";"Colisão frontal";"Com Vítimas Feridas";"Amanhecer";"Crescente";"Nublado";"Simples";"Reta";"Não";7;0;6;0;0;1;6;3;-17,999631;-45,899514;"SPRF-MG";"DEL14/MG";"UOP02-DEL14-MG"
762506;2026-04-02;"quinta-feira";"19:40:00";"GO";60;0;"SANTO ANTONIO DO DESCOBERTO";"Reação tardia ou ineficiente do condutor";"Colisão lateral mesmo sentido";"Com Vítimas Feridas";"Plena Noite";"Decrescente";"Chuva";"Dupla";"Reta;Aclive";"Sim";7;0;1;0;5;1;1;3;-16,052566;-48,259802;"SPRF-DF";"DEL03-DF";"UOP01-DEL03-DF"
762544;2026-04-03;"sexta-feira";"01:40:00";"GO";153;160;"CAMPINORTE";"Condutor deixou de manter distância do veículo da frente";"Engavetamento";"Com Vítimas Fatais";"Plena Noite";"Decrescente";"Céu Claro";"Simples";"Reta";"Não";88;1;0;1;85;1;1;6;-14,05702721;-49,08963204;"SPRF-GO";"DEL07/GO";"UOP02-DEL07-GO"
762588;2026-04-03;"sexta-feira";"09:14:00";"SP";116;142,8;"SAO JOSE DOS CAMPOS";"Ingestão de álcool pelo condutor";"Colisão lateral mesmo sentido";"Sem Vítimas";"Pleno dia";"Decrescente";"Sol";"Dupla";"Reta;Aclive";"Não";5;0;0;0;4;1;0;3;-23,17505205;-45,83081659;"SPRF-SP";"DEL02/SP";"UOP01-DEL02-SP"
762672;2026-04-03;"sexta-feira";"14:50:00";"MT";70;595;"POCONE";"Carga excessiva e/ou mal acondicionada";"Capotamento";"Com Vítimas Feridas";"Pleno dia";"Crescente";"Céu Claro";"Simples";"Reta";"Não";4;0;1;0;2;1;1;2;-15,83199;-56,76025;"SPRF-MT";"DEL03/MT";"UOP02-DEL03-MT"
762708;2026-04-03;"sexta-feira";"18:30:00";"BA";20;74;"SAO DESIDERIO";"Ausência de sinalização";"Colisão transversal";"Com Vítimas Feridas";"Pleno dia";"Crescente";"Céu Claro";"Simples";"Reta";"Não";11;0;1;0;7;3;1;5;-13,31868836;-46,06219232;"SPRF-BA";"DEL10/BA";"UOP01-DEL10-BA"
763111;2026-04-05;"domingo";"19:50:00";"BA";324;516;"FEIRA DE SANTANA";"Ingestão de álcool pelo condutor";"Engavetamento";"Sem Vítimas";"Plena Noite";"Crescente";"Céu Claro";"Simples";"Reta";"Sim";4;0;0;0;3;1;0;4;-12,244836;-38,935718;"SPRF-BA";"DEL02/BA";"UOP01-DEL02-BA"
763647;2026-04-08;"quarta-feira";"02:40:00";"SP";153;82;"BADY BASSITT";"Reação tardia ou ineficiente do condutor";"Colisão com objeto";"Com Vítimas Feridas";"Plena Noite";"Decrescente";"Céu Claro";"Dupla";"Reta";"Não";5;0;3;0;1;1;3;2;-20,917311;-49,497742;"SPRF-SP";"DEL09/SP";"UOP01-DEL09-SP"
763976;2026-03-19;"quinta-feira";"04:00:00";"AL";316;136;"ESTRELA DE ALAGOAS";"Condutor Dormindo";"Saída de leito carroçável";"Sem Vítimas";"Plena Noite";"Crescente";"Céu Claro";"Simples";"Reta";"Não";2;0;0;0;1;1;0;2;-9,388102;-36,784495;"SPRF-AL";"DEL03-AL";"UOP01-DEL03-AL"
764067;2026-04-08;"quarta-feira";"12:30:00";"MG";153;41;"MONTE ALEGRE DE MINAS";"Demais falhas mecânicas ou elétricas";"Saída de leito carroçável";"Com Vítimas Feridas";"Pleno dia";"Decrescente";"Céu Claro";"Dupla";"Reta";"Não";2;0;1;0;0;1;1;2;-18,84633486;-49,09327626;"SPRF-MG";"DEL15/MG";"UOP03-DEL15-MG"
764120;2026-04-10;"sexta-feira";"12:05:00";"TO";10;413,4;"PORTO NACIONAL";"Demais falhas mecânicas ou elétricas";"Colisão frontal";"Com Vítimas Feridas";"Pleno dia";"Crescente";"Céu Claro";"Simples";"Reta";"Não";6;0;2;0;3;1;2;3;-10,640492;-48,387653;"SPRF-TO";"DEL01-TO";"UOP03-DEL01-TO"