"id";"data_inversa";"dia_semana";"horario";"uf";"br";"km";"municipio";"causa_acidente";"tipo_acidente";"classificacao_acidente";"fase_dia";"sentido_via";"condicao_metereologica";"tipo_pista";"tracado_via";"uso_solo";"pessoas";"mortos";"feridos_leves";"feridos_graves";"ilesos";"ignorados";"feridos";"veiculos";"latitude";"longitude";"regional";"delegacia";"uop"
764229;2026-04-10;"sexta-feira";"19:25:00";"AL";316;233;"ATALAIA";"Demais falhas mecânicas ou elétricas";"Saída de leito carroçável";"Com Vítimas Feridas";"Plena Noite";"Crescente";"Céu Claro";"Simples";"Reta";"Não";11;0;4;0;6;1;4;2;-9,495223;-36,090164;"SPRF-AL";"DEL01-AL";"UOP01-DEL01-AL"
764371;2026-04-11;"sábado";"07:15:00";"PR";116;7,9;"CAMPINA GRANDE DO SUL";"Velocidade Incompatível";"Saída de leito carroçável";"Com Vítimas Feridas";"Pleno dia";"Crescente";"Garoa/Chuvisco";"Dupla";"Curva";"Não";4;0;1;0;2;1;1;2;-25,080954;-48,623249;"SPRF-PR";"DEL01/PR";"UOP02-DEL01-PR"
764846;2026-04-13;"segunda-feira";"11:10:00";"PE";101;78,9;"JABOATAO DOS GUARARAPES";"Condutor deixou de manter distância do veículo da frente";"Colisão traseira";"Com Vítimas Feridas";"Pleno dia";"Decrescente";"Céu Claro";"Dupla";"Reta;Declive";"Não";4;0;2;0;1;1;2;3;-8,14306;-34,94701;"SPRF-PE";"DEL01/PE";"UOP01-DEL01-PE"
765549;2026-04-17;"sexta-feira";"01:50:00";"GO";20;16;"FORMOSA";"Frear bruscamente";"Colisão traseira";"Sem Vítimas";"Plena Noite";"Decrescente";"Céu Claro";"Simples";"Reta";"Sim";3;0;0;0;2;1;0;3;-15,562545;-47,215327;"SPRF-DF";"DEL02-DF";"UOP02-DEL02-DF"
765662;2026-04-17;"sexta-feira";"16:00:00";"DF";70;4;"BRASILIA";"Carga excessiva e/ou mal acondicionada";"Tombamento";"Sem Vítimas";"Pleno dia";"Decrescente";"Céu Claro";"Dupla";"Declive";"Sim";2;0;0;0;1;1;0;2;-15,797414;-48,09117;"SPRF-DF";"DEL03-DF";"UOP02-DEL03-DF"
765755;2026-04-17;"sexta-feira";"21:00:00";"RS";116;245;"SAO LEOPOLDO";"Velocidade Incompatível";"Colisão transversal";"Com Vítimas Feridas";"Plena Noite";"Crescente";"Céu Claro";"Dupla";"Interseção de Vias";"Sim";3;0;0;2;0;1;2;3;-29,753927;-51,151853;"SPRF-RS";"DEL01/RS";"UOP02-DEL01-RS"
765975;2026-04-18;"sábado";"17:40:00";"BA";407;5;"JUAZEIRO";"Ingestão de álcool pelo condutor";"Colisão transversal";"Com Vítimas Feridas";"Anoitecer";"Crescente";"Céu Claro";"Dupla";"Reta";"Sim";3;0;1;0;1;1;1;3;-9,45422;-40,48747;"SPRF-PE";"DEL06/PE";"UOP01-DEL06-PE"
766049;2026-04-18;"sábado";"22:45:00";"RO";364;439,7;"JARU";"Ausência de reação do condutor";"Colisão traseira";"Com Vítimas Feridas";"Plena Noite";"Decrescente";"Nublado";"Simples";"Reta;Declive";"Não";4;0;0;1;2;1;1;3;-10,356733;-62,578728;"SPRF-RO";"DEL03-RO";"UOP02-DEL03-RO"
766634;2026-04-21;"terça-feira";"21:50:00";"MS";158;147,4;"APARECIDA DO TABOADO";"Ausência de reação do condutor";"Colisão traseira";"Com Vítimas Feridas";"Plena Noite";"Crescente";"Céu Claro";"Simples";"Reta";"Não";7;0;1;0;5;1;1;3;-20,08843835;-51,14459887;"SPRF-MS";"DEL08/MS";"UOP01-DEL08-MS"
766774;2026-04-22;"quarta-feira";"16:50:00";"SC";101;148;"ITAPEMA";"Condutor deixou de manter distância do veículo da frente";"Colisão traseira";"Com Vítimas Feridas";"Pleno dia";"Crescente";"Céu Claro";"Dupla";"Reta";"Sim";3;0;1;0;1;1;1;3;-27,1012953;-48,6184022;"SPRF-SC";"DEL04/SC";"UOP03-DEL04-SC"
766999;2026-04-18;"sábado";"20:20:00";"PR";373;415;"FOZ DO JORDAO";"Ausência de reação do condutor";"Colisão traseira";"Com Vítimas Feridas";"Plena Noite";"Crescente";"Céu Claro";"Simples";"Reta;Interseção de Vias";"Sim";3;0;1;0;1;1;1;3;-25,672397;-52,124272;"SPRF-PR";"DEL08/PR";"UOP01-DEL08-PR"
767031;2026-04-23;"quinta-feira";"19:05:00";"RS";386;72,6;"BOA VISTA DAS MISSOES";"Acessar a via sem observar a presença dos outros veículos";"Colisão transversal";"Com Vítimas Feridas";"Anoitecer";"Decrescente";"Céu Claro";"Simples";"Interseção de Vias;Reta";"Sim";4;0;1;0;2;1;1;3;-27,66822528;-53,31262775;"SPRF-RS";"DEL08/RS";"UOP02-DEL08-RS"
767115;2026-04-24;"sexta-feira";"08:22:00";"PR";369;184;"ARAPONGAS";"Acessar a via sem observar a presença dos outros veículos";"Colisão transversal";"Com Vítimas Fatais";"Pleno dia";"Decrescente";"Céu Claro";"Simples";"Reta;Interseção de Vias";"Sim";4;1;0;0;1;2;0;4;-23,384608;-51,419115;"SPRF-PR";"DEL07/PR";"UOP03-DEL07-PR"
767389;2026-04-25;"sábado";"16:50:00";"PR";277;592,2;"CASCAVEL";"Condutor deixou de manter distância do veículo da frente";"Engavetamento";"Sem Vítimas";"Pleno dia";"Decrescente";"Céu Claro";"Simples";"Reta";"Sim";4;0;0;0;2;2;0;4;-24,980332;-53,453477;"SPRF-PR";"DEL04/PR";"UOP01-DEL04-PR"
768267;2026-04-29;"quarta-feira";"19:30:00";"GO";40;91,6;"CRISTALINA";"Condutor Dormindo";"Colisão traseira";"Com Vítimas Feridas";"Plena Noite";"Crescente";"Céu Claro";"Simples";"Reta";"Sim";5;0;2;0;2;1;2;3;-16,72321714;-47,64554724;"SPRF-DF";"DEL01-DF";"UOP02-DEL01-DF"
768286;2026-04-19;"domingo";"05:10:00";"MS";163;206;"CAARAPO";"Ausência de reação do condutor";"Colisão frontal";"Com Vítimas Fatais";"Amanhecer";"Decrescente";"Céu Claro";"Simples";"Reta";"Não";4;1;0;0;2;1;0;3;-22,65128093;-54,80845213;"SPRF-MS";"DEL04/MS";"UOP02-DEL04-MS"
768589;2026-04-30;"quinta-feira";"23:15:00";"GO";50;116,8;"IPAMERI";"Estacionar ou parar em local proibido";"Colisão traseira";"Com Vítimas Feridas";"Plena Noite";"Decrescente";"Céu Claro";"Dupla";"Reta";"Não";3;0;0;1;1;1;1;3;-16,91869412;-47,69439094;"SPRF-DF";"DEL01-DF";"UOP02-DEL01-DF"
768692;2026-05-01;"sexta-feira";"11:30:00";"DF";60;17,6;"BRASILIA";"Reação tardia ou ineficiente do condutor";"Saída de leito carroçável";"Com Vítimas Feridas";"Pleno dia";"Crescente";"Céu Claro";"Dupla";"Curva";"Não";3;0;2;0;0;1;2;2;-15,96523588;-48,1810784;"SPRF-DF";"DEL03-DF";"UOP01-DEL03-DF"
768833;2026-05-02;"sábado";"00:15:00";"GO";60;172,9;"ABADIA DE GOIAS";"Velocidade Incompatível";"Colisão traseira";"Com Vítimas Feridas";"Plena Noite";"Crescente";"Ignorado";"Dupla";"Reta";"Sim";4;0;1;0;2;1;1;3;-16,750543;-49,429313;"SPRF-GO";"DEL01/GO";"UOP02-DEL01-GO"
769117;2026-05-03;"domingo";"08:30:00";"RJ";101;303;"SAO GONCALO";"Ausência de reação do condutor";"Queda de ocupante de veículo";"Com Vítimas Feridas";"Pleno dia";"Decrescente";"Chuva";"Dupla";"Reta";"Não";2;0;1;0;0;1;1;2;-22,78201545;-42,97396367;"SPRF-RJ";"DEL02/RJ";"UOP02-DEL02-RJ"
769308;2026-05-04;"segunda-feira";"02:00:00";"MT";163;911;"ITAUBA";"Demais falhas mecânicas ou elétricas";"Saída de leito carroçável";"Sem Vítimas";"Plena Noite";"Crescente";"Céu Claro";"Simples";"Reta";"Não";2;0;0;0;0;2;0;2;-11,2118472;-55,3045931;"SPRF-MT";"DEL06/MT";"UOP02-DEL06-MT"
769474;2026-05-04;"segunda-feira";"15:40:00";"PA";316;31,5;"SANTA IZABEL DO PARA";"Condutor deixou de manter distância do veículo da frente";"Engavetamento";"Com Vítimas Feridas";"Pleno dia";"Decrescente";"Chuva";"Dupla";"Reta";"Não";4;0;1;0;2;1;1;3;-1,299853;-48,193305;"SPRF-PA";"DEL01/PA";"UOP01-DEL01-PA"
769477;2026-05-04;"segunda-feira";"18:15:00";"DF";80;7,6;"BRASILIA";"Manobra de mudança de faixa";"Colisão frontal";"Com Vítimas Feridas";"Plena Noite";"Decrescente";"Céu Claro";"Simples";"Reta";"Não";6;0;3;0;2;1;3;5;-15,73159432;-48,14535141;"SPRF-DF";"DEL03-DF";"UOP02-DEL03-DF"
770005;2026-05-07;"quinta-feira";"09:16:00";"SC";101;163,5;"TIJUCAS";"Manobra de mudança de faixa";"Colisão lateral mesmo sentido";"Com Vítimas Feridas";"Pleno dia";"Crescente";"Nublado";"Múltipla";"Reta";"Sim";3;0;1;0;1;1;1;3;-27,2363;-48,63047;"SPRF-SC";"DEL04/SC";"UOP03-DEL04-SC"
770055;2026-04-12;"domingo";"05:00:00";"SC";280;23,6;"ARAQUARI";"Ingestão de álcool pelo condutor";"Colisão frontal";"Com Vítimas Feridas";"Amanhecer";"Crescente";"Nublado";"Simples";"Reta";"Sim";7;0;5;1;0;1;6;3;-26,37565947;-48,71779299;"SPRF-SC";"DEL03/SC";"UOP03-DEL03-SC"
770128;2026-05-07;"quinta-feira";"22:20:00";"PE";407;126,4;"PETROLINA";"Acessar a via sem observar a presença dos outros veículos";"Colisão traseira";"Com Vítimas Feridas";"Plena Noite";"Crescente";"Céu Claro";"Dupla";"Em Obras;Interseção de Vias";"Sim";3;0;1;0;1;1;1;3;-9,38938;-40,52386;"SPRF-PE";"DEL06/PE";"UOP01-DEL06-PE"
770378;2026-05-08;"sexta-feira";"23:50:00";"GO";20;2,6;"FORMOSA";"Desrespeitar a preferência no cruzamento";"Colisão transversal";"Sem Vítimas";"Plena Noite";"Decrescente";"Nublado";"Simples";"Em Obras;Reta";"Sim";7;0;0;0;6;1;0;3;-15,56900583;-47,32212998;"SPRF-DF";"DEL02-DF";"UOP02-DEL02-DF"
770446;2026-05-09;"sábado";"06:00:00";"RS";386;14,9;"FREDERICO WESTPHALEN";"Transitar na contramão";"Colisão lateral sentido oposto";"Com Vítimas Feridas";"Amanhecer";"Decrescente";"Nevoeiro/Neblina";"Simples";"Curva";"Não";8;0;1;1;5;1;2;5;-27,30522343;-53,37071769;"SPRF-RS";"DEL08/RS";"UOP02-DEL08-RS"
770515;2026-05-09;"sábado";"14:15:00";"PE";407;129;"PETROLINA";"Condutor deixou de manter distância do veículo da frente";"Colisão lateral mesmo sentido";"Sem Vítimas";"Pleno dia";"Crescente";"Céu Claro";"Dupla";"Curva;Ponte";"Sim";3;0;0;0;2;1;0;3;-9,4014517;-40,5036067;"SPRF-PE";"DEL06/PE";"UOP01-DEL06-PE"
770523;2026-04-04;"sábado";"18:40:00";"GO";80;140;"BARRO ALTO";"Ingestão de álcool pelo condutor";"Colisão lateral sentido oposto";"Com Vítimas Feridas";"Plena Noite";"Decrescente";"Céu Claro";"Simples";"Declive";"Não";3;0;0;1;1;1;1;3;-14,938577;-48,941338;"SPRF-GO";"DEL07/GO";"UOP02-DEL07-GO"
771066;2026-05-11;"segunda-feira";"13:44:00";"MT";163;841;"SINOP";"Acessar a via sem observar a presença dos outros veículos";"Colisão transversal";"Com Vítimas Feridas";"Pleno dia";"Decrescente";"Céu Claro";"Simples";"Reta";"Sim";7;0;2;2;1;2;4;3;-11,8099545;-55,48190117;"SPRF-MT";"DEL06/MT";"UOP02-DEL06-MT"
771491;2026-05-13;"quarta-feira";"11:30:00";"RS";392;641,9;"GUARANI DAS MISSOES";"Condutor usando celular";"Colisão frontal";"Com Vítimas Feridas";"Pleno dia";"Crescente";"Céu Claro";"Simples";"Reta";"Não";4;0;2;0;1;1;2;3;-28,15563921;-54,55631945;"SPRF-RS";"DEL10/RS";"UOP01-DEL10-RS"
771500;2026-05-13;"quarta-feira";"18:15:00";"SC";101;196;"BIGUACU";"Manobra de mudança de faixa";"Colisão lateral mesmo sentido";"Com Vítimas Feridas";"Anoitecer";"Crescente";"Nublado";"Múltipla";"Interseção de Vias;Reta";"Sim";5;0;0;1;3;1;1;4;-27,50565;-48,64947;"SPRF-SC";"DEL01/SC";"UOP01-DEL01-SC"
772157;2026-05-16;"sábado";"20:00:00";"PE";232;310;"SERTANIA";"Ingestão de álcool pelo condutor";"Colisão lateral sentido oposto";"Com Vítimas Feridas";"Plena Noite";"Crescente";"Céu Claro";"Simples";"Reta";"Não";3;0;1;0;1;1;1;3;-8,153058;-37,465315;"SPRF-PE";"DEL04/PE";"UOP02-DEL04-PE"
772448;2026-05-18;"segunda-feira";"05:50:00";"PR";277;82;"CURITIBA";"Ausência de reação do condutor";"Colisão traseira";"Com Vítimas Feridas";"Amanhecer";"Crescente";"Chuva";"Dupla";"Reta";"Não";3;0;1;0;1;1;1;3;-25,455;-49,224;"SPRF-PR";"DEL01/PR";"UOP03-DEL01-PR"
772545;2026-05-18;"segunda-feira";"12:53:00";"GO";153;131,9;"MARA ROSA";"Acessar a via sem observar a presença dos outros veículos";"Colisão transversal";"Com Vítimas Feridas";"Pleno dia";"Decrescente";"Céu Claro";"Simples";"Declive";"Não";3;0;0;1;1;1;1;3;-13,93374;-49,07492;"SPRF-GO";"DEL07/GO";"UOP01-DEL07-GO"
773288;2026-05-22;"sexta-feira";"07:51:00";"CE";20;339,8;"CARIDADE";"Transitar na contramão";"Colisão frontal";"Com Vítimas Fatais";"Pleno dia";"Decrescente";"Céu Claro";"Simples";"Curva";"Não";6;1;0;1;3;1;1;4;-4,152052;-39,112852;"SPRF-CE";"DEL02/CE";"UOP01-DEL02-CE"
773321;2026-05-11;"segunda-feira";"06:20:00";"RO";364;487;"ARIQUEMES";"Manobra de mudança de faixa";"Colisão lateral mesmo sentido";"Sem Vítimas";"Amanhecer";"Crescente";"Céu Claro";"Simples";"Reta";"Não";4;0;0;0;3;1;0;3;-10,11842689;-62,90652394;"SPRF-RO";"DEL03-RO";"UOP01-DEL03-RO"
773769;2026-05-24;"domingo";"09:40:00";"SP";116;118;"TAUBATE";"Reação tardia ou ineficiente do condutor";"Colisão traseira";"Sem Vítimas";"Pleno dia";"Crescente";"Céu Claro";"Dupla";"Reta";"Sim";3;0;0;0;2;1;0;3;-23,00733798;-45,51389954;"SPRF-SP";"DEL02/SP";"UOP02-DEL02-SP"
774035;2026-05-25;"segunda-feira";"11:30:00";"RS";116;317;"GUAIBA";"Velocidade Incompatível";"Tombamento";"Com Vítimas Feridas";"Pleno dia";"Decrescente";"Nublado";"Dupla";"Declive";"Não";2;0;1;0;0;1;1;2;-30,257932;-51,405833;"SPRF-RS";"DEL02/RS";"UOP01-DEL02-RS"
774500;2026-05-27;"quarta-feira";"13:00:00";"MS";463;1;"DOURADOS";"Acessar a via sem observar a presença dos outros veículos";"Colisão transversal";"Com Vítimas Feridas";"Pleno dia";"Decrescente";"Céu Claro";"Simples";"Reta";"Sim";3;0;1;0;1;1;1;3;-22,25897;-54,810866;"SPRF-MS";"DEL04/MS";"UOP01-DEL04-MS"
774661;2026-05-28;"quinta-feira";"08:45:00";"AL";316;187;"TANQUE DARCA";"Reação tardia ou ineficiente do condutor";"Colisão traseira";"Sem Vítimas";"Pleno dia";"Crescente";"Céu Claro";"Simples";"Aclive;Rotatória";"Não";3;0;0;0;2;1;0;3;-9,58679;-36,42997;"SPRF-AL";"DEL03-AL";"UOP01-DEL03-AL"
775021;2026-05-29;"sexta-feira";"19:50:00";"MG";381;253;"CORONEL FABRICIANO";"Transitar no Acostamento";"Colisão lateral mesmo sentido";"Com Vítimas Feridas";"Plena Noite";"Decrescente";"Céu Claro";"Simples";"Reta;Aclive";"Não";4;0;0;2;1;1;2;3;-19,5170811;-42,57622719;"SPRF-MG";"DEL03/MG";"UOP01-DEL03-MG"
775686;2026-06-01;"segunda-feira";"17:20:00";"MG";40;622;"CONSELHEIRO LAFAIETE";"Condutor deixou de manter distância do veículo da frente";"Colisão traseira";"Sem Vítimas";"Anoitecer";"Decrescente";"Céu Claro";"Simples";"Reta";"Não";4;0;0;0;3;1;0;4;-20,61965959;-43,80637106;"SPRF-MG";"DEL05/MG";"UOP02-DEL05-MG"
775880;2026-06-02;"terça-feira";"17:45:00";"RS";290;87;"PORTO ALEGRE";"Condutor deixou de manter distância do veículo da frente";"Colisão traseira";"Sem Vítimas";"Anoitecer";"Decrescente";"Céu Claro";"Múltipla";"Reta";"Sim";6;0;0;0;5;1;0;6;-29,96763747;-51,14055113;"SPRF-RS";"DEL01/RS";"UOP01-DEL01-RS"
775931;2026-06-02;"terça-feira";"19:15:00";"MA";316;257;"PINDARE-MIRIM";"Ultrapassagem Indevida";"Colisão frontal";"Com Vítimas Fatais";"Plena Noite";"Crescente";"Céu Claro";"Simples";"Reta";"Não";3;1;0;0;1;1;0;3;-3,656105;-45,414878;"SPRF-MA";"DEL02-MA";"UOP01-DEL02-MA"
776190;2026-06-04;"quinta-feira";"04:40:00";"RJ";101;200;"CASIMIRO DE ABREU";"Conversão proibida";"Colisão transversal";"Com Vítimas Feridas";"Plena Noite";"Crescente";"Nublado";"Dupla";"Reta";"Não";4;0;1;1;1;1;2;3;-22,4822048;-42,1448456;"SPRF-RJ";"DEL08/RJ";"UOP04-DEL08-RJ"
776546;2026-06-05;"sexta-feira";"15:30:00";"PI";407;571;"PAULISTANA";"Carga excessiva e/ou mal acondicionada";"Capotamento";"Com Vítimas Fatais";"Pleno dia";"Crescente";"Céu Claro";"Simples";"Curva";"Não";5;1;3;0;0;1;3;2;-8,124077;-41,15337;"SPRF-PI";"DEL04-PI";"UOP01-DEL04-PI"
776967;2026-06-07;"domingo";"14:05:00";"AL";316;158,4;"PALMEIRA DOS INDIOS";"Manobra de mudança de faixa";"Colisão transversal";"Com Vítimas Feridas";"Pleno dia";"Crescente";"Chuva";"Simples";"Reta";"Sim";8;0;1;1;5;1;2;3;-9,43674;-36,61054;"SPRF-AL";"DEL03-AL";"UOP01-DEL03-AL"
777694;2026-05-13;"quarta-feira";"18:30:00";"BA";116;6,4;"VITORIA DA CONQUISTA";"Manobra de mudança de faixa";"Colisão transversal";"Com Vítimas Feridas";"Plena Noite";"Crescente";"Céu Claro";"Simples";"Declive";"Sim";3;0;0;1;1;1;1;3;-14,833232;-40,887163;"SPRF-BA";"DEL08/BA";"UOP01-DEL08-BA"
777730;2026-06-10;"quarta-feira";"22:00:00";"PR";277;251;"IRATI";"Acessar a via sem observar a presença dos outros veículos";"Colisão lateral mesmo sentido";"Com Vítimas Feridas";"Plena Noite";"Crescente";"Garoa/Chuvisco";"Simples";"Reta;Aclive;Em Obras";"Não";6;0;1;0;4;1;1;3;-25,446976;-50,671756;"SPRF-PR";"DEL08/PR";"UOP02-DEL08-PR"
777796;2026-06-11;"quinta-feira";"09:10:00";"BA";101;877;"TEIXEIRA DE FREITAS";"Condutor desrespeitou a iluminação vermelha do semáforo";"Colisão frontal";"Com Vítimas Feridas";"Pleno dia";"Crescente";"Céu Claro";"Simples";"Aclive;Interseção de Vias";"Sim";3;0;1;0;1;1;1;3;-17,543525;-39,717503;"SPRF-BA";"DEL09/BA";"UOP02-DEL09-BA"
777819;2026-06-11;"quinta-feira";"10:50:00";"RN";101;107;"PARNAMIRIM";"Reação tardia ou ineficiente do condutor";"Queda de ocupante de veículo";"Com Vítimas Feridas";"Pleno dia";"Crescente";"Céu Claro";"Dupla";"Reta";"Não";3;0;1;0;0;2;1;3;-5,917477;-35,263247;"SPRF-RN";"DEL01-RN";"UOP01-DEL01-RN"
777825;2026-06-11;"quinta-feira";"09:45:00";"MA";135;51;"BACABEIRA";"Retorno proibido";"Colisão transversal";"Com Vítimas Feridas";"Pleno dia";"Crescente";"Céu Claro";"Dupla";"Aclive;Reta";"Sim";3;0;0;1;1;1;1;3;-2,98226;-44,31327;"SPRF-MA";"DEL01-MA";"UOP01-DEL01-MA"
777870;2026-06-11;"quinta-feira";"14:30:00";"BA";418;8,3;"CARAVELAS";"Acessar a via sem observar a presença dos outros veículos";"Colisão transversal";"Com Vítimas Fatais";"Pleno dia";"Decrescente";"Céu Claro";"Simples";"Rotatória;Interseção de Vias";"Não";3;1;0;0;1;1;0;3;-17,669572;-39,225608;"SPRF-BA";"DEL09/BA";"UOP02-DEL09-BA"
778287;2026-06-12;"sexta-feira";"22:00:00";"PI";230;194;"OEIRAS";"Acessar a via sem observar a presença dos outros veículos";"Colisão transversal";"Com Vítimas Feridas";"Plena Noite";"Decrescente";"Céu Claro";"Simples";"Reta";"Sim";3;0;0;1;1;1;1;3;-6,99897;-42,112592;NA;NA;NA
778670;2026-06-14;"domingo";"18:00:00";"RJ";493;100;"SEROPEDICA";"Condutor deixou de manter distância do veículo da frente";"Colisão traseira";"Com Vítimas Feridas";"Plena Noite";"Decrescente";"Céu Claro";"Dupla";"Reta";"Não";3;0;1;0;0;2;1;3;-22,74131137;-43,72193662;NA;NA;NA
778778;2026-06-15;"segunda-feira";"05:45:00";"GO";452;138;"ITUMBIARA";"Neblina";"Colisão transversal";"Com Vítimas Feridas";"Amanhecer";"Decrescente";"Nevoeiro/Neblina";"Simples";"Reta;Interseção de Vias;Rotatória";"Não";3;0;0;1;1;1;1;3;-18,24318375;-49,70414249;NA;NA;NA
778891;2026-06-15;"segunda-feira";"17:20:00";"CE";222;315;"TIANGUA";"Velocidade Incompatível";"Tombamento";"Com Vítimas Feridas";"Anoitecer";"Decrescente";"Céu Claro";"Simples";"Reta";"Sim";3;0;1;0;0;2;1;2;-3,746462;-41,011442;NA;NA;NA
778983;2026-06-16;"terça-feira";"08:10:00";"SC";282;5,4;"SAO JOSE";"Manobra de mudança de faixa";"Colisão lateral mesmo sentido";"Com Vítimas Feridas";"Pleno dia";"Decrescente";"Céu Claro";"Dupla";"Viaduto";"Sim";6;0;2;0;2;2;2;4;-27,587091;-48,615911;NA;NA;NA
779337;2026-06-17;"quarta-feira";"19:20:00";"ES";101;141,9;"LINHARES";"Desrespeitar a preferência no cruzamento";"Colisão transversal";"Com Vítimas Feridas";"Plena Noite";"Decrescente";"Ignorado";"Múltipla";"Reta;Retorno Regulamentado";"Sim";4;0;2;0;1;1;2;3;-19,3330088;-40,068405;NA;NA;NA
779359;2026-06-17;"quarta-feira";"18:00:00";"RS";285;260,7;"AGUA SANTA";"Iluminação deficiente";"Colisão lateral mesmo sentido";"Com Vítimas Feridas";"Plena Noite";"Crescente";"Céu Claro";"Simples";"Reta";"Não";4;0;2;0;1;1;2;3;-28,30662706;-52,08540313;NA;NA;NA
779646;2026-06-19;"sexta-feira";"11:34:00";"PE";101;184;"AGUA PRETA";"Ultrapassagem Indevida";"Colisão lateral mesmo sentido";"Com Vítimas Feridas";"Pleno dia";"Crescente";"Chuva";"Simples";"Reta";"Não";3;0;1;0;1;1;1;3;-8,57312168;-35,48090191;NA;NA;NA
779980;2026-06-20;"sábado";"12:10:00";"PI";316;226,2;"VALENCA DO PIAUI";"Manobra de mudança de faixa";"Colisão transversal";"Com Vítimas Fatais";"Pleno dia";"Crescente";"Céu Claro";"Simples";"Reta";"Não";4;1;0;1;0;2;1;3;-6,528977;-41,734603;NA;NA;NA
780074;2026-06-21;"domingo";"05:20:00";"GO";70;59;"COCALZINHO DE GOIAS";"Transitar na contramão";"Colisão frontal";"Com Vítimas Fatais";"Amanhecer";"Decrescente";"Céu Claro";"Simples";"Reta";"Não";4;1;0;1;1;1;1;3;-15,764108;-48,702493;NA;NA;NA
780193;2026-06-21;"domingo";"18:15:00";"SC";282;23;"SANTO AMARO DA IMPERATRIZ";"Ingestão de álcool pelo condutor";"Colisão traseira";"Com Vítimas Feridas";"Plena Noite";"Decrescente";"Nublado";"Simples";"Reta";"Sim";6;0;2;1;2;1;3;5;-27,68794;-48,736787;NA;NA;NA
780845;2026-06-24;"quarta-feira";"09:20:00";"GO";364;193;"JATAI";"Desrespeitar a preferência no cruzamento";"Colisão transversal";"Com Vítimas Feridas";"Pleno dia";"Crescente";"Nublado";"Dupla";"Reta";"Não";6;0;0;1;4;1;1;3;-17,9164663;-51,69429867;NA;NA;NA
780965;2026-06-25;"quinta-feira";"01:30:00";"RJ";101;447;"MANGARATIBA";"Condutor Dormindo";"Saída de leito carroçável";"Sem Vítimas";"Plena Noite";"Decrescente";"Chuva";"Simples";"Curva";"Não";2;0;0;0;1;1;0;2;-23,004625;-44,09749;NA;NA;NA
781094;2026-06-25;"quinta-feira";"14:15:00";"DF";70;15;"BRASILIA";"Demais falhas mecânicas ou elétricas";"Colisão com objeto";"Sem Vítimas";"Pleno dia";"Decrescente";"Céu Claro";"Dupla";"Reta";"Não";4;0;0;0;3;1;0;3;-15,79850264;-48,17912579;NA;NA;NA
781281;2026-06-26;"sexta-feira";"12:32:00";"PE";104;103,2;"CUPIRA";"Acessar a via sem observar a presença dos outros veículos";"Colisão transversal";"Com Vítimas Feridas";"Pleno dia";"Crescente";"Nublado";"Simples";"Reta;Interseção de Vias";"Sim";3;0;2;0;0;1;2;3;-8,59404852;-35,95597744;NA;NA;NA
742884;2026-01-01;"quinta-feira";"00:05:00";"SC";101;145;"ITAPEMA";"Reação tardia ou ineficiente do condutor";"Queda de ocupante de veículo";"Com Vítimas Feridas";"Plena Noite";"Crescente";"Nublado";"Dupla";"Reta";"Sim";1;0;1;0;0;0;1;1;-27,08476806;-48,60635638;"SPRF-SC";"DEL04/SC";"UOP03-DEL04-SC"
742885;2026-01-01;"quinta-feira";"00:20:00";"PR";376;639,3;"TIJUCAS DO SUL";"Ingestão de álcool pelo condutor";"Saída de leito carroçável";"Sem Vítimas";"Plena Noite";"Decrescente";"Nublado";"Dupla";"Reta;Aclive";"Não";1;0;0;0;1;0;0;1;-25,783081;-49,120916;"SPRF-PR";"DEL01/PR";"UOP04-DEL01-PR"
742888;2026-01-01;"quinta-feira";"00:05:00";"MG";262;108;"SANTO ANTONIO DO GRAMA";"Animais na Pista";"Atropelamento de Animal";"Sem Vítimas";"Plena Noite";"Decrescente";"Céu Claro";"Simples";"Curva";"Não";1;0;0;0;1;0;0;1;-20,27038974;-42,57027627;"SPRF-MG";"DEL03/MG";"UOP03-DEL03-MG"
742889;2026-01-01;"quinta-feira";"00:10:00";"PR";376;174,4;"MARINGA";"Manobra de mudança de faixa";"Colisão lateral mesmo sentido";"Com Vítimas Feridas";"Plena Noite";"Decrescente";"Céu Claro";"Dupla";"Interseção de Vias;Reta";"Sim";3;0;1;1;1;0;2;2;-23,4157461;-51,95414022;"SPRF-PR";"DEL09/PR";"UOP01-DEL09-PR"
742891;2026-01-01;"quinta-feira";"01:10:00";"SC";101;164;"TIJUCAS";"Velocidade Incompatível";"Colisão traseira";"Com Vítimas Feridas";"Plena Noite";"Crescente";"Nublado";"Dupla";"Ponte;Declive";"Sim";3;0;2;0;0;1;2;2;-27,24354098;-48,63071172;"SPRF-SC";"DEL04/SC";"UOP03-DEL04-SC"
742892;2026-01-01;"quinta-feira";"01:30:00";"MG";381;480;"CONTAGEM";"Ausência de reação do condutor";"Colisão traseira";"Sem Vítimas";"Plena Noite";"Decrescente";"Chuva";"Múltipla";"Curva";"Não";2;0;0;0;2;0;0;2;-19,95826078;-44,0581546;"SPRF-MG";"DEL01/MG";"UOP03-DEL01-MG"
742893;2026-01-01;"quinta-feira";"00:45:00";"PE";232;251;"ARCOVERDE";"Ausência de reação do condutor";"Colisão traseira";"Com Vítimas Feridas";"Plena Noite";"Crescente";"Céu Claro";"Simples";"Reta";"Sim";2;0;1;0;1;0;1;2;-8,42342;-37,05349;"SPRF-PE";"DEL04/PE";"UOP02-DEL04-PE"