"id";"data_inversa";"dia_semana";"horario";"uf";"br";"km";"municipio";"causa_acidente";"tipo_acidente";"classificacao_acidente";"fase_dia";"sentido_via";"condicao_metereologica";"tipo_pista";"tracado_via";"uso_solo";"pessoas";"mortos";"feridos_leves";"feridos_graves";"ilesos";"ignorados";"feridos";"veiculos";"latitude";"longitude";"regional";"delegacia";"uop"
743101;2026-01-01;"quinta-feira";"21:30:00";"MS";163;653;"RIO VERDE DE MATO GROSSO";"Entrada inopinada do pedestre";"Atropelamento de Pedestre";"Com Vítimas Feridas";"Plena Noite";"Crescente";"Céu Claro";"Simples";"Curva";"Não";2;0;1;1;0;0;2;2;-19,03550702;-54,81679916;"SPRF-MS";"DEL06/MS";"UOP02-DEL06-MS"
743102;2026-01-02;"sexta-feira";"01:33:00";"GO";364;150;"JATAI";"Animais na Pista";"Queda de ocupante de veículo";"Com Vítimas Feridas";"Plena Noite";"Crescente";"Chuva";"Dupla";"Aclive";"Não";1;0;0;1;0;0;1;1;-18,153508;-51,43965;"SPRF-GO";"DEL05/GO";"UOP02-DEL05-GO"
743103;2026-01-02;"sexta-feira";"03:00:00";"SP";381;79;"SAO PAULO";"Animais na Pista";"Atropelamento de Animal";"Com Vítimas Feridas";"Plena Noite";"Decrescente";"Nublado";"Múltipla";"Reta";"Não";2;0;1;0;1;0;1;1;-23,4090074;-46,58082835;"SPRF-SP";"DEL03/SP";"UOP01-DEL03-SP"
743104;2026-01-02;"sexta-feira";"03:05:00";"SP";381;85;"SAO PAULO";"Reação tardia ou ineficiente do condutor";"Colisão traseira";"Sem Vítimas";"Plena Noite";"Decrescente";"Céu Claro";"Múltipla";"Curva";"Sim";7;0;0;0;3;4;0;2;-23,468254;-46,570541;"SPRF-SP";"DEL03/SP";"UOP01-DEL03-SP"
743105;2026-01-02;"sexta-feira";"03:30:00";"SP";381;33;"ATIBAIA";"Velocidade Incompatível";"Colisão com objeto";"Com Vítimas Feridas";"Plena Noite";"Crescente";"Chuva";"Dupla";"Curva";"Sim";1;0;1;0;0;0;1;1;-23,07510269;-46,56608895;"SPRF-SP";"DEL03/SP";"UOP02-DEL03-SP"
743108;2026-01-02;"sexta-feira";"04:10:00";"PR";369;473;"CORBELIA";"Transitar na contramão";"Colisão frontal";"Com Vítimas Feridas";"Plena Noite";"Crescente";"Nevoeiro/Neblina";"Simples";"Reta";"Sim";2;0;1;1;0;0;2;2;-24,7142;-53,2463;"SPRF-PR";"DEL04/PR";"UOP03-DEL04-PR"
743110;2026-01-02;"sexta-feira";"04:40:00";"MG";381;926;"ITAPEVA";"Chuva";"Colisão com objeto";"Com Vítimas Feridas";"Amanhecer";"Decrescente";"Chuva";"Dupla";"Curva";"Não";1;0;1;0;0;0;1;1;-22,7672064;-46,219264;"SPRF-MG";"DEL16/MG";"UOP03-DEL16-MG"
743111;2026-01-02;"sexta-feira";"04:30:00";"MS";158;95;"PARANAIBA";"Velocidade Incompatível";"Atropelamento de Pedestre";"Com Vítimas Feridas";"Amanhecer";"Crescente";"Céu Claro";"Dupla";"Reta;Aclive";"Sim";2;0;1;1;0;0;2;2;-19,683678;-51,200654;"SPRF-MS";"DEL08/MS";"UOP01-DEL08-MS"
743113;2026-01-01;"quinta-feira";"21:15:00";"RS";116;258;"ESTEIO";"Reação tardia ou ineficiente do condutor";"Tombamento";"Com Vítimas Feridas";"Plena Noite";"Crescente";"Céu Claro";"Múltipla";"Reta";"Sim";1;0;1;0;0;0;1;1;-29,86549975;-51,18078339;"SPRF-RS";"DEL01/RS";"UOP02-DEL01-RS"
743114;2026-01-02;"sexta-feira";"05:20:00";"MG";381;936,5;"EXTREMA";"Velocidade Incompatível";"Capotamento";"Com Vítimas Feridas";"Pleno dia";"Crescente";"Chuva";"Dupla";"Curva";"Sim";1;0;0;1;0;0;1;1;-22,80896283;-46,27955708;"SPRF-MG";"DEL16/MG";"UOP03-DEL16-MG"
743116;2026-01-02;"sexta-feira";"05:55:00";"MG";381;873,8;"ESTIVA";"Velocidade Incompatível";"Colisão com objeto";"Sem Vítimas";"Pleno dia";"Decrescente";"Chuva";"Dupla";"Curva";"Não";1;0;0;0;1;0;0;1;-22,41921826;-45,96468254;"SPRF-MG";"DEL16/MG";"UOP01-DEL16-MG"
743117;2026-01-01;"quinta-feira";"23:30:00";"MG";381;485,8;"BETIM";"Velocidade Incompatível";"Colisão traseira";"Com Vítimas Feridas";"Plena Noite";"Crescente";"Céu Claro";"Múltipla";"Reta";"Sim";2;0;1;0;0;1;1;2;-19,9561096;-44,10361497;"SPRF-MG";"DEL01/MG";"UOP03-DEL01-MG"
743118;2026-01-02;"sexta-feira";"06:30:00";"MG";381;890,5;"CAMBUI";"Velocidade Incompatível";"Colisão com objeto";"Com Vítimas Feridas";"Pleno dia";"Decrescente";"Nublado";"Dupla";"Curva";"Não";3;0;3;0;0;0;3;1;-22,54111922;-46,03762221;"SPRF-MG";"DEL16/MG";"UOP01-DEL16-MG"
743120;2026-01-02;"sexta-feira";"06:00:00";"MG";381;891,3;"CAMBUI";"Condutor deixou de manter distância do veículo da frente";"Queda de ocupante de veículo";"Com Vítimas Feridas";"Pleno dia";"Decrescente";"Nublado";"Dupla";"Reta";"Não";1;0;1;0;0;0;1;1;-22,53411761;-46,03446543;"SPRF-MG";"DEL16/MG";"UOP01-DEL16-MG"
743123;2026-01-01;"quinta-feira";"19:45:00";"RJ";493;81,7;"JAPERI";"Ingestão de álcool pelo condutor";"Saída de leito carroçável";"Com Vítimas Fatais";"Plena Noite";"Decrescente";"Chuva";"Dupla";"Reta";"Não";5;3;0;2;0;0;2;1;-22,66481;-43,5881231;"SPRF-RJ";"DEL01/RJ";"UOP03-DEL01-RJ"
743124;2026-01-02;"sexta-feira";"07:45:00";"SP";116;154;"SAO JOSE DOS CAMPOS";"Ausência de reação do condutor";"Colisão traseira";"Com Vítimas Feridas";"Pleno dia";"Decrescente";"Céu Claro";"Múltipla";"Reta";"Sim";2;0;1;0;1;0;1;2;-23,24112087;-45,92272706;"SPRF-SP";"DEL02/SP";"UOP01-DEL02-SP"
743125;2026-01-02;"sexta-feira";"06:30:00";"RN";226;125,3;"LAJES PINTADAS";"Reação tardia ou ineficiente do condutor";"Saída de leito carroçável";"Com Vítimas Feridas";"Pleno dia";"Crescente";"Céu Claro";"Simples";"Reta;Declive";"Não";2;0;0;2;0;0;2;1;-6,17643;-36,119642;"SPRF-RN";"DEL03-RN";"UOP02-DEL03-RN"
743126;2026-01-02;"sexta-feira";"06:45:00";"RS";116;563;"PEDRO OSORIO";"Acessar a via sem observar a presença dos outros veículos";"Colisão transversal";"Com Vítimas Feridas";"Pleno dia";"Crescente";"Céu Claro";"Simples";"Interseção de Vias";"Não";3;0;0;1;2;0;1;2;-31,92655518;-52,72574751;"SPRF-RS";"DEL07/RS";"UOP03-DEL07-RS"
743133;2026-01-02;"sexta-feira";"05:15:00";"MG";381;907;"CAMBUI";"Velocidade Incompatível";"Capotamento";"Com Vítimas Feridas";"Amanhecer";"Decrescente";"Chuva";"Dupla";"Curva";"Não";2;0;1;0;1;0;1;1;-22,674575;-46,09723;"SPRF-MG";"DEL16/MG";"UOP03-DEL16-MG"
743134;2026-01-01;"quinta-feira";"22:00:00";"MA";222;423;"SANTA LUZIA";"Condutor Dormindo";"Saída de leito carroçável";"Com Vítimas Fatais";"Plena Noite";"Decrescente";"Céu Claro";"Simples";"Declive;Reta";"Não";2;1;0;1;0;0;1;1;-4,034224;-45,785349;"SPRF-MA";"DEL02-MA";"UOP01-DEL02-MA"
743135;2026-01-02;"sexta-feira";"07:20:00";"PE";407;103,9;"PETROLINA";"Ultrapassagem Indevida";"Colisão frontal";"Com Vítimas Feridas";"Pleno dia";"Crescente";"Céu Claro";"Simples";"Declive;Curva";"Não";5;0;1;1;3;0;2;2;-9,213457;-40,632337;"SPRF-PE";"DEL06/PE";"UOP01-DEL06-PE"
743136;2026-01-02;"sexta-feira";"07:15:00";"SC";280;14,9;"SAO FRANCISCO DO SUL";"Acessar a via sem observar a presença dos outros veículos";"Colisão transversal";"Com Vítimas Feridas";"Pleno dia";"Crescente";"Céu Claro";"Simples";"Reta;Interseção de Vias";"Sim";4;0;2;0;2;0;2;3;-26,33590975;-48,65377633;"SPRF-SC";"DEL03/SC";"UOP03-DEL03-SC"
743137;2026-01-02;"sexta-feira";"07:10:00";"RO";364;346;"JI-PARANA";"Ausência de reação do condutor";"Queda de ocupante de veículo";"Com Vítimas Feridas";"Pleno dia";"Decrescente";"Céu Claro";"Simples";"Declive";"Sim";1;0;1;0;0;0;1;1;-10,86186;-61,974688;"SPRF-RO";"DEL02-RO";"UOP01-DEL02-RO"
743139;2026-01-02;"sexta-feira";"01:20:00";"BA";110;48;"SANTA BRIGIDA";"Reação tardia ou ineficiente do condutor";"Saída de leito carroçável";"Com Vítimas Feridas";"Plena Noite";"Crescente";"Ignorado";"Simples";"Aclive;Reta";"Não";2;0;1;1;0;0;2;1;-9,82523361;-38,25925319;"SPRF-BA";"DEL07/BA";"UOP01-DEL07-BA"
743140;2026-01-02;"sexta-feira";"06:00:00";"MG";381;615,4;"OLIVEIRA";"Pista Escorregadia";"Saída de leito carroçável";"Com Vítimas Feridas";"Amanhecer";"Crescente";"Chuva";"Dupla";"Declive;Curva";"Não";6;0;0;1;5;0;1;1;-20,717806;-44,766056;"SPRF-MG";"DEL04/MG";"UOP01-DEL04-MG"
743143;2026-01-02;"sexta-feira";"05:36:00";"MT";163;623;"NOVA MUTUM";"Chuva";"Saída de leito carroçável";"Com Vítimas Feridas";"Amanhecer";"Decrescente";"Chuva";"Dupla";"Reta";"Não";2;0;1;0;1;0;1;1;-13,594;-56,031;"SPRF-MT";"DEL01/MT";"UOP01-DEL01-MT"
743144;2026-01-02;"sexta-feira";"07:00:00";"RO";364;714;"PORTO VELHO";"Transitar na contramão";"Colisão frontal";"Sem Vítimas";"Pleno dia";"Decrescente";"Céu Claro";"Dupla";"Aclive;Curva;Viaduto";"Sim";2;0;0;0;1;1;0;2;-8,8080384;-63,7599744;"SPRF-RO";"DEL01-RO";"UOP01-DEL01-RO"
743145;2026-01-02;"sexta-feira";"08:50:00";"MG";381;442;"SANTA LUZIA";"Condutor Dormindo";"Saída de leito carroçável";"Com Vítimas Feridas";"Pleno dia";"Crescente";"Céu Claro";"Simples";"Reta";"Sim";2;0;2;0;0;0;2;1;-19,82517271;-43,83330345;"SPRF-MG";"DEL01/MG";"UOP01-DEL01-MG"
743148;2026-01-02;"sexta-feira";"08:55:00";"PR";277;61,4;"SAO JOSE DOS PINHAIS";"Reação tardia ou ineficiente do condutor";"Engavetamento";"Sem Vítimas";"Pleno dia";"Decrescente";"Céu Claro";"Dupla";"Reta";"Não";3;0;0;0;3;0;0;3;-25,54801717;-49,05017853;"SPRF-PR";"DEL01/PR";"UOP01-DEL01-PR"
743149;2026-01-02;"sexta-feira";"08:24:00";"SP";116;212;"GUARULHOS";"Entrada inopinada do pedestre";"Atropelamento de Pedestre";"Com Vítimas Feridas";"Pleno dia";"Decrescente";"Céu Claro";"Múltipla";"Reta";"Sim";2;0;2;0;0;0;2;2;-23,43867603;-46,4343946;"SPRF-SP";"DEL01/SP";"UOP01-DEL01-SP"
743150;2026-01-01;"quinta-feira";"20:49:00";"BA";367;23;"PORTO SEGURO";"Condutor deixou de manter distância do veículo da frente";"Colisão lateral mesmo sentido";"Com Vítimas Feridas";"Plena Noite";"Crescente";"Céu Claro";"Simples";"Reta";"Não";2;0;1;0;1;0;1;2;-16,438;-39,083;"SPRF-BA";"DEL09/BA";"UOP03-DEL09-BA"
743151;2026-01-01;"quinta-feira";"14:17:00";"BA";367;70;"EUNAPOLIS";"Condutor deixou de manter distância do veículo da frente";"Colisão lateral mesmo sentido";"Com Vítimas Feridas";"Pleno dia";"Crescente";"Céu Claro";"Simples";"Reta";"Não";3;0;1;1;0;1;2;2;-16,394;-39,467;"SPRF-BA";"DEL09/BA";"UOP03-DEL09-BA"
743152;2026-01-02;"sexta-feira";"08:40:00";"SC";101;124,3;"ITAJAI";"Condutor deixou de manter distância do veículo da frente";"Colisão traseira";"Com Vítimas Feridas";"Pleno dia";"Decrescente";"Céu Claro";"Múltipla";"Reta";"Sim";2;0;1;0;1;0;1;2;-26,94900478;-48,6831665;"SPRF-SC";"DEL04/SC";"UOP04-DEL04-SC"
743154;2026-01-02;"sexta-feira";"06:00:00";"PI";226;225,7;"ALTOS";"Transitar na contramão";"Colisão frontal";"Com Vítimas Fatais";"Pleno dia";"Crescente";"Nublado";"Simples";"Reta";"Não";2;1;0;1;0;0;1;2;-5,028916;-42,421325;"SPRF-PI";"DEL01-PI";"UOP01-DEL01-PI"
743155;2026-01-02;"sexta-feira";"09:10:00";"GO";70;9,4;"AGUAS LINDAS DE GOIAS";"Acesso irregular";"Colisão transversal";"Com Vítimas Feridas";"Pleno dia";"Crescente";"Céu Claro";"Dupla";"Reta";"Sim";1;0;1;0;0;0;1;1;-15,7360886;-48,28437785;"SPRF-DF";"DEL03-DF";"UOP02-DEL03-DF"
743156;2026-01-02;"sexta-feira";"09:34:00";"PB";230;14,3;"CABEDELO";"Reação tardia ou ineficiente do condutor";"Colisão transversal";"Com Vítimas Feridas";"Pleno dia";"Crescente";"Céu Claro";"Simples";"Reta";"Sim";2;0;2;0;0;0;2;2;-7,092817;-34,848378;"SPRF-PB";"DEL01-PB";"UOP01-DEL01-PB"
743157;2026-01-02;"sexta-feira";"05:30:00";"MA";222;297,5;"VITORIA DO MEARIM";"Manobra de mudança de faixa";"Colisão lateral mesmo sentido";"Com Vítimas Feridas";"Amanhecer";"Decrescente";"Céu Claro";"Simples";"Reta";"Sim";3;0;1;0;2;0;1;2;-3,48342;-44,873113;"SPRF-MA";"DEL02-MA";"UOP01-DEL02-MA"
743158;2026-01-02;"sexta-feira";"06:30:00";"MS";267;146,9;"NOVA ANDRADINA";"Condutor Dormindo";"Saída de leito carroçável";"Com Vítimas Feridas";"Amanhecer";"Crescente";"Nublado";"Simples";"Reta";"Não";3;0;3;0;0;0;3;1;-21,6609163;-53,43848102;"SPRF-MS";"DEL02/MS";"UOP03-DEL02-MS"
743159;2026-01-02;"sexta-feira";"09:45:00";"GO";153;505;"PIRENOPOLIS";"Afundamento ou ondulação no pavimento";"Queda de ocupante de veículo";"Com Vítimas Feridas";"Pleno dia";"Decrescente";"Céu Claro";"Simples";"Reta";"Sim";1;0;1;0;0;0;1;1;-16;-49;"SPRF-GO";"DEL01/GO";"UOP01-DEL01-GO"
743160;2026-01-02;"sexta-feira";"10:00:00";"PE";232;13;"JABOATAO DOS GUARARAPES";"Condutor deixou de manter distância do veículo da frente";"Engavetamento";"Com Vítimas Feridas";"Pleno dia";"Crescente";"Céu Claro";"Dupla";"Reta";"Sim";17;0;1;0;15;1;1;5;-8,08838;-35,01196;"SPRF-PE";"DEL01/PE";"UOP01-DEL01-PE"
743161;2026-01-02;"sexta-feira";"06:14:00";"MG";381;732,6;"CARMO DA CACHOEIRA";"Ausência de reação do condutor";"Saída de leito carroçável";"Com Vítimas Feridas";"Pleno dia";"Decrescente";"Nublado";"Dupla";"Declive;Curva";"Não";3;0;1;1;1;0;2;2;-21,521776;-45,223545;"SPRF-MG";"DEL16/MG";"UOP02-DEL16-MG"
743163;2026-01-02;"sexta-feira";"10:00:00";"PB";101;89,6;"JOAO PESSOA";"Trafegar com motocicleta (ou similar) entre as faixas";"Colisão traseira";"Com Vítimas Feridas";"Pleno dia";"Crescente";"Chuva";"Múltipla";"Reta";"Sim";2;0;1;0;1;0;1;2;-7,17677718;-34,89961445;"SPRF-PB";"DEL01-PB";"UOP01-DEL01-PB"
743164;2026-01-02;"sexta-feira";"10:15:00";"MG";40;517,3;"RIBEIRAO DAS NEVES";"Avarias e/ou desgaste excessivo no pneu";"Saída de leito carroçável";"Sem Vítimas";"Pleno dia";"Decrescente";"Céu Claro";"Dupla";"Reta;Interseção de Vias";"Sim";3;0;0;0;3;0;0;1;-19,827144;-44,08375;"SPRF-MG";"DEL01/MG";"UOP02-DEL01-MG"
743165;2026-01-02;"sexta-feira";"10:25:00";"SC";101;134;"BALNEARIO CAMBORIU";"Ausência de reação do condutor";"Colisão lateral mesmo sentido";"Com Vítimas Feridas";"Pleno dia";"Crescente";"Céu Claro";"Dupla";"Reta";"Não";2;0;0;1;1;0;1;2;-27,00252838;-48,63542452;"SPRF-SC";"DEL04/SC";"UOP03-DEL04-SC"
743167;2026-01-02;"sexta-feira";"10:25:00";"SC";101;79,3;"ARAQUARI";"Mal súbito do condutor";"Colisão traseira";"Com Vítimas Feridas";"Pleno dia";"Decrescente";"Céu Claro";"Múltipla";"Reta";"Não";3;0;1;0;2;0;1;3;-26,59232639;-48,72204781;"SPRF-SC";"DEL03/SC";"UOP02-DEL03-SC"
743169;2026-01-02;"sexta-feira";"02:00:00";"RJ";356;11;"ITAPERUNA";"Condutor Dormindo";"Saída de leito carroçável";"Com Vítimas Feridas";"Plena Noite";"Decrescente";"Chuva";"Simples";"Reta";"Não";1;0;1;0;0;0;1;1;-21,1692;-42,086642;"SPRF-RJ";"DEL08/RJ";"UOP03-DEL08-RJ"
743170;2026-01-02;"sexta-feira";"10:10:00";"SC";101;42;"JOINVILLE";"Reação tardia ou ineficiente do condutor";"Colisão traseira";"Com Vítimas Feridas";"Pleno dia";"Decrescente";"Sol";"Dupla";"Reta";"Sim";2;0;1;0;0;1;1;2;-26,3237854;-48,8675677;"SPRF-SC";"DEL03/SC";"UOP01-DEL03-SC"
743171;2026-01-02;"sexta-feira";"10:15:00";"SC";101;42;"JOINVILLE";"Reação tardia ou ineficiente do condutor";"Colisão com objeto";"Com Vítimas Feridas";"Pleno dia";"Decrescente";"Sol";"Dupla";"Reta";"Sim";2;0;2;0;0;0;2;1;-26,32377668;-48,86763509;"SPRF-SC";"DEL03/SC";"UOP01-DEL03-SC"
743172;2026-01-02;"sexta-feira";"11:15:00";"SC";101;227,3;"PALHOCA";"Manobra de mudança de faixa";"Colisão lateral mesmo sentido";"Com Vítimas Feridas";"Pleno dia";"Crescente";"Céu Claro";"Dupla";"Reta";"Não";3;0;2;0;1;0;2;2;-27,752102;-48,634322;"SPRF-SC";"DEL01/SC";"UOP02-DEL01-SC"
743180;2026-01-02;"sexta-feira";"11:25:00";"MG";50;51,2;"ARAGUARI";"Ausência de reação do condutor";"Colisão lateral mesmo sentido";"Com Vítimas Feridas";"Pleno dia";"Crescente";"Sol";"Dupla";"Reta";"Não";2;0;1;0;1;0;1;2;-18,75087874;-48,23658943;"SPRF-MG";"DEL15/MG";"UOP02-DEL15-MG"
743181;2026-01-02;"sexta-feira";"10:40:00";"PR";376;434;"TIBAGI";"Ausência de reação do condutor";"Saída de leito carroçável";"Com Vítimas Feridas";"Pleno dia";"Crescente";"Céu Claro";"Dupla";"Curva";"Não";1;0;1;0;0;0;1;1;-24,84990709;-50,46321452;"SPRF-PR";"DEL03/PR";"UOP02-DEL03-PR"
743182;2026-01-02;"sexta-feira";"12:08:00";"SC";101;144,2;"ITAPEMA";"Manobra de mudança de faixa";"Colisão lateral mesmo sentido";"Com Vítimas Feridas";"Pleno dia";"Decrescente";"Céu Claro";"Dupla";"Reta";"Sim";4;0;2;0;2;0;2;2;-27,07444;-48,59663;"SPRF-SC";"DEL04/SC";"UOP03-DEL04-SC"
743183;2026-01-02;"sexta-feira";"10:35:00";"MG";40;807,6;"MATIAS BARBOSA";"Velocidade Incompatível";"Colisão traseira";"Com Vítimas Fatais";"Pleno dia";"Crescente";"Céu Claro";"Dupla";"Curva;Declive";"Não";3;1;0;2;0;0;2;2;-21,863362;-43,373239;"SPRF-MG";"DEL05/MG";"UOP01-DEL05-MG"
743185;2026-01-02;"sexta-feira";"09:30:00";"PA";316;99;"SANTA MARIA DO PARA";"Ausência de reação do condutor";"Colisão traseira";"Com Vítimas Feridas";"Pleno dia";"Decrescente";"Céu Claro";"Simples";"Reta";"Não";3;0;0;1;2;0;1;2;-1,3402112;-47,579136;"SPRF-PA";"DEL01/PA";"UOP02-DEL01-PA"
743187;2026-01-02;"sexta-feira";"11:00:00";"RS";116;10,7;"VACARIA";"Ausência de reação do condutor";"Saída de leito carroçável";"Com Vítimas Feridas";"Pleno dia";"Decrescente";"Céu Claro";"Simples";"Curva";"Não";2;0;2;0;0;0;2;1;-28,2922;-50,80224;"SPRF-RS";"DEL05/RS";"UOP03-DEL05-RS"
743188;2026-01-02;"sexta-feira";"09:10:00";"MT";174;387;"CONQUISTA DOESTE";"Acumulo de água sobre o pavimento";"Saída de leito carroçável";"Com Vítimas Feridas";"Pleno dia";"Decrescente";"Garoa/Chuvisco";"Simples";"Curva";"Não";3;0;3;0;0;0;3;1;-14,4944;-59,5697;"SPRF-MT";"DEL04/MT";"UOP01-DEL04-MT"
743189;2026-01-02;"sexta-feira";"07:00:00";"PI";343;535,9;"AMARANTE";"Ausência de reação do condutor";"Saída de leito carroçável";"Com Vítimas Fatais";"Pleno dia";"Decrescente";"Nublado";"Simples";"Reta";"Não";1;1;0;0;0;0;0;1;-6,500105;-42,791302;"SPRF-PI";"DEL03-PI";"UOP01-DEL03-PI"
743190;2026-01-02;"sexta-feira";"11:15:00";"RJ";101;50;"CAMPOS DOS GOYTACAZES";"Acesso irregular";"Colisão frontal";"Com Vítimas Feridas";"Pleno dia";"Decrescente";"Céu Claro";"Simples";"Reta";"Sim";3;0;0;1;2;0;1;2;-21,70216318;-41,31004214;"SPRF-RJ";"DEL08/RJ";"UOP01-DEL08-RJ"
743191;2026-01-02;"sexta-feira";"11:30:00";"GO";60;370;"RIO VERDE";"Reação tardia ou ineficiente do condutor";"Saída de leito carroçável";"Com Vítimas Feridas";"Pleno dia";"Crescente";"Sol";"Dupla";"Reta";"Não";1;0;1;0;0;0;1;1;-17,707847;-50,85008;"SPRF-GO";"DEL04/GO";"UOP02-DEL04-GO"
743195;2026-01-02;"sexta-feira";"09:30:00";"SP";116;93;"PINDAMONHANGABA";"Ausência de reação do condutor";"Queda de ocupante de veículo";"Com Vítimas Feridas";"Pleno dia";"Decrescente";"Céu Claro";"Dupla";"Reta";"Não";1;0;1;0;0;0;1;1;-22,96029007;-45,41851044;"SPRF-SP";"DEL08/SP";"UOP01-DEL08-SP"
743196;2026-01-02;"sexta-feira";"12:40:00";"PA";155;289;"ELDORADO DO CARAJAS";"Manobra de mudança de faixa";"Colisão frontal";"Com Vítimas Feridas";"Pleno dia";"Decrescente";"Céu Claro";"Simples";"Reta";"Não";5;0;0;3;2;0;3;2;-5,81926;-49,19179;"SPRF-PA";"DEL03/PA";"UOP01-DEL03-PA"
743198;2026-01-02;"sexta-feira";"09:45:00";"SC";470;289,8;"BRUNOPOLIS";"Acessar a via sem observar a presença dos outros veículos";"Colisão transversal";"Com Vítimas Feridas";"Pleno dia";"Crescente";"Céu Claro";"Simples";"Reta;Interseção de Vias";"Não";12;0;4;2;6;0;6;3;-27,335427;-50,960018;"SPRF-SC";"DEL07/SC";"UOP06-DEL07-SC"
743199;2026-01-02;"sexta-feira";"13:18:00";"RJ";101;396;"RIO DE JANEIRO";"Condutor deixou de manter distância do veículo da frente";"Colisão traseira";"Com Vítimas Feridas";"Pleno dia";"Crescente";"Sol";"Dupla";"Reta";"Sim";2;0;1;0;1;0;1;2;-22,87787169;-43,7351869;"SPRF-RJ";"DEL03/RJ";"UOP01-DEL03-RJ"
743200;2026-01-02;"sexta-feira";"13:30:00";"ES";101;370,7;"ANCHIETA";"Desrespeitar a preferência no cruzamento";"Colisão transversal";"Com Vítimas Feridas";"Pleno dia";"Decrescente";"Céu Claro";"Simples";"Interseção de Vias;Rotatória;Em Obras";"Sim";11;0;4;0;7;0;4;3;-20,77099135;-40,76370835;"SPRF-ES";"DEL03-ES";"UOP01-DEL03-ES"
743201;2026-01-02;"sexta-feira";"13:50:00";"SC";101;93,8;"BARRA VELHA";"Reação tardia ou ineficiente do condutor";"Tombamento";"Com Vítimas Feridas";"Pleno dia";"Decrescente";"Céu Claro";"Dupla";"Reta";"Não";1;0;1;0;0;0;1;1;-26,69830876;-48,69887352;"SPRF-SC";"DEL03/SC";"UOP02-DEL03-SC"
743202;2026-01-02;"sexta-feira";"13:23:00";"PE";101;49;"ABREU E LIMA";"Manobra de mudança de faixa";"Colisão lateral mesmo sentido";"Com Vítimas Feridas";"Pleno dia";"Crescente";"Céu Claro";"Dupla";"Curva";"Sim";2;0;1;0;1;0;1;2;-7,90131117;-34,90183523;"SPRF-PE";"DEL01/PE";"UOP02-DEL01-PE"
743203;2026-01-02;"sexta-feira";"14:00:00";"SC";101;93,8;"BARRA VELHA";"Condutor deixou de manter distância do veículo da frente";"Colisão lateral mesmo sentido";"Com Vítimas Feridas";"Pleno dia";"Crescente";"Sol";"Dupla";"Reta";"Não";3;0;2;0;1;0;2;2;-26,70298613;-48,70003223;"SPRF-SC";"DEL03/SC";"UOP02-DEL03-SC"
743204;2026-01-02;"sexta-feira";"08:50:00";"SC";282;640;"DESCANSO";"Ausência de reação do condutor";"Saída de leito carroçável";"Com Vítimas Feridas";"Pleno dia";"Decrescente";"Chuva";"Simples";"Declive;Curva";"Não";2;0;2;0;0;0;2;1;-26,78182077;-53,46123219;"SPRF-SC";"DEL07/SC";"UOP03-DEL07-SC"
743205;2026-01-02;"sexta-feira";"10:45:00";"SP";116;112,9;"TAUBATE";"Reação tardia ou ineficiente do condutor";"Colisão traseira";"Com Vítimas Feridas";"Pleno dia";"Decrescente";"Céu Claro";"Dupla";"Reta";"Sim";2;0;1;0;1;0;1;2;-23,0452699;-45,5851477;"SPRF-SP";"DEL02/SP";"UOP02-DEL02-SP"
743208;2026-01-02;"sexta-feira";"13:00:00";"GO";20;243;"GUARANI DE GOIAS";"Ausência de reação do condutor";"Saída de leito carroçável";"Sem Vítimas";"Pleno dia";"Decrescente";"Nublado";"Simples";"Reta";"Não";1;0;0;0;0;1;0;1;-14,0200219;-46,22772217;"SPRF-DF";"DEL02-DF";"UOP03-DEL02-DF"
743209;2026-01-02;"sexta-feira";"13:50:00";"RN";101;81,7;"NATAL";"Condutor desrespeitou a iluminação vermelha do semáforo";"Colisão lateral mesmo sentido";"Com Vítimas Feridas";"Pleno dia";"Decrescente";"Céu Claro";"Dupla";"Interseção de Vias";"Sim";3;0;2;0;1;0;2;2;-5,766743;-35,277598;"SPRF-RN";"DEL02-RN";"UOP01-DEL02-RN"
743210;2026-01-02;"sexta-feira";"13:20:00";"RJ";101;329;"RIO DE JANEIRO";"Demais falhas mecânicas ou elétricas";"Queda de ocupante de veículo";"Com Vítimas Feridas";"Pleno dia";"Crescente";"Céu Claro";"Múltipla";"Reta";"Sim";2;0;1;0;1;0;1;1;-22,86822249;-43,1859684;"SPRF-RJ";"DEL02/RJ";"UOP01-DEL02-RJ"
743212;2026-01-02;"sexta-feira";"14:43:00";"PE";101;44;"IGARASSU";"Condutor deixou de manter distância do veículo da frente";"Colisão traseira";"Com Vítimas Feridas";"Pleno dia";"Decrescente";"Céu Claro";"Múltipla";"Reta";"Sim";2;0;1;0;1;0;1;2;-7,86423204;-34,90724444;"SPRF-PE";"DEL01/PE";"UOP02-DEL01-PE"
743213;2026-01-02;"sexta-feira";"12:00:00";"DF";20;25;"BRASILIA";"Avarias e/ou desgaste excessivo no pneu";"Saída de leito carroçável";"Com Vítimas Feridas";"Pleno dia";"Crescente";"Garoa/Chuvisco";"Dupla";"Reta";"Não";3;0;1;0;2;0;1;1;-15,595502;-47,649407;"SPRF-DF";"DEL02-DF";"UOP01-DEL02-DF"
743214;2026-01-02;"sexta-feira";"13:30:00";"PR";376;659,8;"TIJUCAS DO SUL";"Condutor deixou de manter distância do veículo da frente";"Colisão com objeto";"Com Vítimas Feridas";"Pleno dia";"Decrescente";"Céu Claro";"Simples";"Curva;Aclive";"Não";2;0;1;0;1;0;1;1;-25,84699846;-49,01219241;"SPRF-PR";"DEL01/PR";"UOP04-DEL01-PR"