"id";"data_inversa";"dia_semana";"horario";"uf";"br";"km";"municipio";"causa_acidente";"tipo_acidente";"classificacao_acidente";"fase_dia";"sentido_via";"condicao_metereologica";"tipo_pista";"tracado_via";"uso_solo";"pessoas";"mortos";"feridos_leves";"feridos_graves";"ilesos";"ignorados";"feridos";"veiculos";"latitude";"longitude";"regional";"delegacia";"uop"
743509;2026-01-03;"sábado";"23:46:00";"SC";101;1,1;"GARUVA";"Ingestão de álcool pelo condutor";"Colisão com objeto";"Sem Vítimas";"Plena Noite";"Crescente";"Chuva";"Múltipla";"Reta;Declive";"Não";1;0;0;0;1;0;0;1;-25,99185064;-48,88182163;"SPRF-SC";"DEL03/SC";"UOP01-DEL03-SC"
743510;2026-01-04;"domingo";"01:15:00";"SC";101;205,3;"SAO JOSE";"Ausência de reação do condutor";"Saída de leito carroçável";"Com Vítimas Feridas";"Plena Noite";"Crescente";"Nublado";"Dupla";"Reta;Interseção de Vias";"Não";2;0;2;0;0;0;2;1;-27,58419;-48,615666;"SPRF-SC";"DEL01/SC";"UOP01-DEL01-SC"
743511;2026-01-03;"sábado";"21:00:00";"SP";116;177;"JACAREI";"Ingestão de álcool pelo condutor";"Colisão traseira";"Com Vítimas Feridas";"Plena Noite";"Crescente";"Céu Claro";"Dupla";"Reta";"Não";4;0;1;0;3;0;1;2;-23,31767507;-46,08328756;"SPRF-SP";"DEL01/SP";"UOP01-DEL01-SP"
743513;2026-01-04;"domingo";"01:00:00";"BA";116;238;"QUIJINGUE";"Transitar na contramão";"Colisão frontal";"Com Vítimas Feridas";"Plena Noite";"Decrescente";"Céu Claro";"Simples";"Reta";"Não";8;0;0;1;7;0;1;3;-10,680205;-38,93874;"SPRF-BA";"DEL07/BA";"UOP03-DEL07-BA"
743515;2026-01-04;"domingo";"02:20:00";"MG";40;464,3;"SETE LAGOAS";"Velocidade Incompatível";"Saída de leito carroçável";"Com Vítimas Feridas";"Plena Noite";"Crescente";"Chuva";"Dupla";"Aclive;Curva";"Não";3;0;2;0;1;0;2;1;-19,432937;-44,335861;"SPRF-MG";"DEL02/MG";"UOP01-DEL02-MG"
743516;2026-01-04;"domingo";"02:00:00";"MG";116;776,7;"LEOPOLDINA";"Velocidade Incompatível";"Saída de leito carroçável";"Com Vítimas Feridas";"Plena Noite";"Decrescente";"Chuva";"Simples";"Aclive;Curva";"Não";4;0;3;0;1;0;3;1;-21,594792;-42,688481;"SPRF-MG";"DEL07/MG";"UOP01-DEL07-MG"
743517;2026-01-04;"domingo";"02:42:00";"MS";163;369;"NOVA ALVORADA DO SUL";"Conversão proibida";"Colisão frontal";"Com Vítimas Feridas";"Plena Noite";"Crescente";"Ignorado";"Simples";"Reta";"Não";4;0;1;1;1;1;2;2;-21,426792;-54,38146;"SPRF-MS";"DEL02/MS";"UOP01-DEL02-MS"
743518;2026-01-04;"domingo";"03:00:00";"PR";369;138;"IBIPORA";"Ingestão de álcool pelo condutor";"Colisão com objeto";"Sem Vítimas";"Plena Noite";"Decrescente";"Céu Claro";"Dupla";"Reta";"Sim";1;0;0;0;0;1;0;1;-23,27379981;-51,05545012;"SPRF-PR";"DEL07/PR";"UOP01-DEL07-PR"
743519;2026-01-04;"domingo";"03:30:00";"PR";163;234;"TOLEDO";"Animais na Pista";"Atropelamento de Animal";"Com Vítimas Feridas";"Plena Noite";"Crescente";"Céu Claro";"Dupla";"Curva;Aclive";"Não";3;0;0;2;0;1;2;1;-24,77393535;-53,68368208;"SPRF-PR";"DEL04/PR";"UOP01-DEL04-PR"
743520;2026-01-04;"domingo";"03:10:00";"MT";364;201;"RONDONOPOLIS";"Ingestão de álcool pelo condutor";"Colisão traseira";"Com Vítimas Feridas";"Plena Noite";"Decrescente";"Céu Claro";"Dupla";"Reta";"Sim";6;0;1;1;4;0;2;2;-16,4910282;-54,64731218;"SPRF-MT";"DEL02/MT";"UOP01-DEL02-MT"
743521;2026-01-04;"domingo";"05:20:00";"GO";40;3;"VALPARAISO DE GOIAS";"Condutor Dormindo";"Saída de leito carroçável";"Com Vítimas Feridas";"Amanhecer";"Decrescente";"Nublado";"Dupla";"Reta";"Sim";1;0;1;0;0;0;1;1;-16,077302;-47,98555;"SPRF-DF";"DEL01-DF";"UOP01-DEL01-DF"
743522;2026-01-04;"domingo";"05:30:00";"SC";101;217;"PALHOCA";"Condutor deixou de manter distância do veículo da frente";"Colisão lateral mesmo sentido";"Com Vítimas Feridas";"Amanhecer";"Decrescente";"Céu Claro";"Dupla";"Reta";"Sim";3;0;1;0;0;2;1;2;-27,6736018;-48,67191088;"SPRF-SC";"DEL01/SC";"UOP02-DEL01-SC"
743523;2026-01-04;"domingo";"00:13:00";"MG";381;163,5;"GOVERNADOR VALADARES";"Animais na Pista";"Atropelamento de Animal";"Com Vítimas Feridas";"Plena Noite";"Crescente";"Nublado";"Simples";"Ponte";"Não";1;0;0;1;0;0;1;1;-18,94599336;-42,06656163;"SPRF-MG";"DEL06/MG";"UOP01-DEL06-MG"
743524;2026-01-04;"domingo";"04:30:00";"MG";381;489;"BETIM";"Chuva";"Colisão lateral mesmo sentido";"Sem Vítimas";"Amanhecer";"Decrescente";"Chuva";"Múltipla";"Reta;Aclive";"Sim";5;0;0;0;5;0;0;2;-19,95653918;-44,13592851;"SPRF-MG";"DEL01/MG";"UOP03-DEL01-MG"
743525;2026-01-04;"domingo";"06:35:00";"MG";381;526;"BRUMADINHO";"Velocidade Incompatível";"Saída de leito carroçável";"Com Vítimas Feridas";"Pleno dia";"Crescente";"Chuva";"Dupla";"Curva;Declive";"Não";4;0;4;0;0;0;4;1;-20,15662977;-44,32777103;"SPRF-MG";"DEL04/MG";"UOP03-DEL04-MG"
743526;2026-01-04;"domingo";"05:25:00";"PR";116;40;"CAMPINA GRANDE DO SUL";"Demais falhas mecânicas ou elétricas";"Colisão com objeto";"Com Vítimas Feridas";"Amanhecer";"Crescente";"Garoa/Chuvisco";"Dupla";"Reta";"Não";3;0;2;0;1;0;2;1;-25,16714368;-48,86508163;"SPRF-PR";"DEL01/PR";"UOP02-DEL01-PR"
743527;2026-01-04;"domingo";"06:00:00";"MG";365;562;"INDIANOPOLIS";"Animais na Pista";"Tombamento";"Com Vítimas Feridas";"Pleno dia";"Crescente";"Nublado";"Simples";"Reta";"Não";2;0;2;0;0;0;2;1;-18,92307;-47,783497;"SPRF-MG";"DEL15/MG";"UOP02-DEL15-MG"
743528;2026-01-04;"domingo";"05:40:00";"PE";110;255;"JATOBA";"Ausência de reação do condutor";"Colisão traseira";"Com Vítimas Feridas";"Pleno dia";"Decrescente";"Céu Claro";"Simples";"Reta";"Não";2;0;1;0;1;0;1;2;-9,262743;-38,229785;"SPRF-BA";"DEL07/BA";"UOP01-DEL07-BA"
743530;2026-01-04;"domingo";"01:40:00";"MG";262;363,6;"JUATUBA";"Velocidade Incompatível";"Saída de leito carroçável";"Com Vítimas Feridas";"Plena Noite";"Crescente";"Chuva";"Dupla";"Reta";"Não";1;0;1;0;0;0;1;1;-19,97205809;-44,29756165;"SPRF-MG";"DEL01/MG";"UOP03-DEL01-MG"
743531;2026-01-04;"domingo";"06:00:00";"GO";20;162;"ALVORADA DO NORTE";"Ausência de reação do condutor";"Saída de leito carroçável";"Com Vítimas Feridas";"Amanhecer";"Crescente";"Nublado";"Simples";"Reta";"Não";4;0;1;3;0;0;4;1;-14,51196582;-46,52119446;"SPRF-DF";"DEL02-DF";"UOP03-DEL02-DF"
743533;2026-01-04;"domingo";"07:10:00";"DF";70;3,2;"BRASILIA";"Reação tardia ou ineficiente do condutor";"Saída de leito carroçável";"Com Vítimas Feridas";"Pleno dia";"Crescente";"Chuva";"Dupla";"Reta";"Sim";6;0;1;0;5;0;1;2;-15,802;-48,083501;"SPRF-DF";"DEL03-DF";"UOP02-DEL03-DF"
743534;2026-01-04;"domingo";"00:35:00";"BA";367;23;"PORTO SEGURO";"Ausência de reação do condutor";"Colisão lateral mesmo sentido";"Com Vítimas Feridas";"Plena Noite";"Crescente";"Céu Claro";"Simples";"Reta";"Sim";2;0;0;1;0;1;1;2;-16,43657911;-39,07759666;"SPRF-BA";"DEL09/BA";"UOP03-DEL09-BA"
743535;2026-01-04;"domingo";"06:15:00";"MG";381;483;"BETIM";"Acumulo de água sobre o pavimento";"Colisão lateral mesmo sentido";"Com Vítimas Feridas";"Pleno dia";"Decrescente";"Chuva";"Dupla";"Curva;Aclive";"Não";3;0;2;0;1;0;2;2;-19,95861631;-44,08018875;"SPRF-MG";"DEL01/MG";"UOP03-DEL01-MG"
743536;2026-01-04;"domingo";"06:40:00";"MS";163;675;"RIO VERDE DE MATO GROSSO";"Ausência de reação do condutor";"Tombamento";"Com Vítimas Feridas";"Pleno dia";"Decrescente";"Céu Claro";"Simples";"Curva";"Não";1;0;1;0;0;0;1;1;-18,93282;-54,836171;"SPRF-MS";"DEL06/MS";"UOP02-DEL06-MS"
743537;2026-01-04;"domingo";"01:40:00";"MG";381;483;"BETIM";"Acumulo de água sobre o pavimento";"Colisão com objeto";"Com Vítimas Feridas";"Plena Noite";"Crescente";"Chuva";"Múltipla";"Reta";"Não";1;0;1;0;0;0;1;1;-19,9576984;-44,07958388;"SPRF-MG";"DEL01/MG";"UOP03-DEL01-MG"
743539;2026-01-04;"domingo";"02:24:00";"MG";381;487;"BETIM";"Pista Escorregadia";"Saída de leito carroçável";"Sem Vítimas";"Plena Noite";"Decrescente";"Chuva";"Dupla";"Declive";"Não";1;0;0;0;1;0;0;1;-19,96011866;-44,08573151;"SPRF-MG";"DEL01/MG";"UOP03-DEL01-MG"
743540;2026-01-04;"domingo";"06:00:00";"MG";50;197;"DELTA";"Reação tardia ou ineficiente do condutor";"Capotamento";"Com Vítimas Feridas";"Amanhecer";"Decrescente";"Céu Claro";"Dupla";"Reta;Aclive";"Não";4;0;1;0;3;0;1;1;-19,95832868;-47,80215204;"SPRF-MG";"DEL13/MG";"UOP01-DEL13-MG"
743542;2026-01-04;"domingo";"05:15:00";"PR";376;493;"PONTA GROSSA";"Reação tardia ou ineficiente do condutor";"Saída de leito carroçável";"Com Vítimas Feridas";"Amanhecer";"Decrescente";"Céu Claro";"Dupla";"Reta";"Sim";3;0;1;1;1;0;2;1;-25,15136863;-50,14164297;"SPRF-PR";"DEL03/PR";"UOP03-DEL03-PR"
743543;2026-01-04;"domingo";"08:05:00";"PE";101;66;"RECIFE";"Condutor deixou de manter distância do veículo da frente";"Colisão traseira";"Com Vítimas Feridas";"Pleno dia";"Crescente";"Sol";"Dupla";"Reta";"Sim";2;0;2;0;0;0;2;2;-8,040832;-34,942618;"SPRF-PE";"DEL01/PE";"UOP01-DEL01-PE"
743544;2026-01-04;"domingo";"07:35:00";"PR";277;454,7;"LARANJEIRAS DO SUL";"Condutor deixou de manter distância do veículo da frente";"Colisão traseira";"Com Vítimas Feridas";"Pleno dia";"Decrescente";"Céu Claro";"Simples";"Reta;Declive";"Sim";3;0;1;0;2;0;1;2;-25,37410438;-52,38801096;"SPRF-PR";"DEL04/PR";"UOP02-DEL04-PR"
743545;2026-01-04;"domingo";"08:30:00";"CE";116;73;"CHOROZINHO";"Acessar a via sem observar a presença dos outros veículos";"Colisão transversal";"Com Vítimas Feridas";"Pleno dia";"Decrescente";"Céu Claro";"Simples";"Reta";"Não";2;0;0;1;1;0;1;2;-4,3529355;-38,4631935;"SPRF-CE";"DEL01/CE";"UOP04-DEL01-CE"
743547;2026-01-04;"domingo";"08:30:00";"PR";476;131;"CURITIBA";"Condutor Dormindo";"Colisão lateral mesmo sentido";"Com Vítimas Feridas";"Pleno dia";"Crescente";"Nublado";"Múltipla";"Curva";"Sim";3;0;1;0;2;0;1;2;-25,45619276;-49,24878923;"SPRF-PR";"DEL01/PR";"UOP03-DEL01-PR"
743548;2026-01-04;"domingo";"05:00:00";"GO";364;72;"CACHOEIRA ALTA";"Condutor Dormindo";"Saída de leito carroçável";"Sem Vítimas";"Amanhecer";"Decrescente";"Céu Claro";"Simples";"Reta";"Não";1;0;0;0;0;1;0;1;-18,63886;-51,015193;"SPRF-GO";"DEL05/GO";"UOP02-DEL05-GO"
743549;2026-01-03;"sábado";"21:10:00";"RJ";116;138;"MAGE";"Chuva";"Tombamento";"Com Vítimas Feridas";"Plena Noite";"Crescente";"Chuva";"Dupla";"Reta";"Sim";1;0;1;0;0;0;1;1;-22,6623488;-43,0833664;"SPRF-RJ";"DEL04/RJ";"UOP02-DEL04-RJ"
743552;2026-01-04;"domingo";"08:40:00";"GO";452;3;"RIO VERDE";"Acessar a via sem observar a presença dos outros veículos";"Colisão lateral mesmo sentido";"Com Vítimas Feridas";"Pleno dia";"Decrescente";"Sol";"Múltipla";"Retorno Regulamentado;Curva";"Sim";6;0;1;1;4;0;2;2;-17,802672;-50,873768;"SPRF-GO";"DEL04/GO";"UOP01-DEL04-GO"
743553;2026-01-04;"domingo";"08:01:00";"SP";116;538;"BARRA DO TURVO";"Reação tardia ou ineficiente do condutor";"Colisão com objeto";"Com Vítimas Feridas";"Pleno dia";"Crescente";"Chuva";"Dupla";"Curva";"Não";4;0;1;0;3;0;1;1;-24,97200952;-48,35103321;"SPRF-SP";"DEL05/SP";"UOP02-DEL05-SP"
743555;2026-01-04;"domingo";"08:00:00";"MG";381;605;"OLIVEIRA";"Ausência de reação do condutor";"Saída de leito carroçável";"Com Vítimas Feridas";"Pleno dia";"Decrescente";"Céu Claro";"Dupla";"Curva";"Não";3;0;2;0;1;0;2;1;-20,636712;-44,736056;"SPRF-MG";"DEL04/MG";"UOP01-DEL04-MG"
743557;2026-01-04;"domingo";"05:40:00";"MG";381;219,7;"BELO ORIENTE";"Condutor Dormindo";"Saída de leito carroçável";"Com Vítimas Feridas";"Amanhecer";"Crescente";"Nublado";"Simples";"Curva";"Não";5;0;5;0;0;0;5;1;-19,30214434;-42,38242686;"SPRF-MG";"DEL06/MG";"UOP01-DEL06-MG"
743558;2026-01-04;"domingo";"09:00:00";"SC";101;80,6;"BARRA VELHA";"Ausência de reação do condutor";"Colisão com objeto";"Com Vítimas Feridas";"Pleno dia";"Decrescente";"Nublado";"Múltipla";"Reta";"Não";1;0;1;0;0;0;1;1;-26,599331;-48,724464;"SPRF-SC";"DEL03/SC";"UOP02-DEL03-SC"
743559;2026-01-04;"domingo";"09:40:00";"GO";60;119;"TEREZOPOLIS DE GOIAS";"Ausência de reação do condutor";"Saída de leito carroçável";"Com Vítimas Feridas";"Pleno dia";"Decrescente";"Céu Claro";"Dupla";"Reta;Declive";"Sim";2;0;0;2;0;0;2;1;-16,48535874;-49,09417111;"SPRF-GO";"DEL01/GO";"UOP01-DEL01-GO"
743561;2026-01-04;"domingo";"06:48:00";"MT";163;942;"ITAUBA";"Reação tardia ou ineficiente do condutor";"Saída de leito carroçável";"Com Vítimas Feridas";"Amanhecer";"Decrescente";"Nublado";"Simples";"Reta";"Não";1;0;0;1;0;0;1;1;-11,00403511;-55,24630666;"SPRF-MT";"DEL06/MT";"UOP02-DEL06-MT"
743562;2026-01-03;"sábado";"20:00:00";"MA";316;59;"GOVERNADOR NUNES FREIRE";"Deficiência do Sistema de Iluminação/Sinalização";"Colisão traseira";"Com Vítimas Feridas";"Plena Noite";"Crescente";"Céu Claro";"Simples";"Reta";"Não";3;0;0;2;0;1;2;2;-2,0755883;-45,9362917;"SPRF-MA";"DEL02-MA";"UOP02-DEL02-MA"
743563;2026-01-04;"domingo";"08:00:00";"ES";259;66,7;"COLATINA";"Velocidade Incompatível";"Saída de leito carroçável";"Com Vítimas Feridas";"Pleno dia";"Crescente";"Nublado";"Simples";"Reta";"Não";2;0;2;0;0;0;2;1;-19,52080241;-40,71243525;"SPRF-ES";"DEL02-ES";"UOP01-DEL02-ES"
743564;2026-01-04;"domingo";"05:50:00";"PI";135;420;"REDENCAO DO GURGUEIA";"Objeto estático sobre o leito carroçável";"Saída de leito carroçável";"Com Vítimas Feridas";"Amanhecer";"Decrescente";"Ignorado";"Simples";"Declive";"Não";3;0;1;0;2;0;1;1;-9,473912;-44,707248;"SPRF-PI";"DEL03-PI";"UOP02-DEL03-PI"
743568;2026-01-04;"domingo";"10:15:00";"ES";101;266,2;"SERRA";"Reação tardia ou ineficiente do condutor";"Colisão traseira";"Com Vítimas Feridas";"Pleno dia";"Crescente";"Nublado";"Múltipla";"Curva;Interseção de Vias";"Sim";2;0;1;0;1;0;1;2;-20,19397099;-40,268839;"SPRF-ES";"DEL02-ES";"UOP01-DEL02-ES"
743572;2026-01-04;"domingo";"08:30:00";"GO";70;59;"COCALZINHO DE GOIAS";"Demais falhas mecânicas ou elétricas";"Incêndio";"Sem Vítimas";"Pleno dia";"Crescente";"Nublado";"Simples";"Reta";"Não";1;0;0;0;1;0;0;1;-15,76101441;-48,69410836;"SPRF-DF";"DEL03-DF";"UOP02-DEL03-DF"
743573;2026-01-04;"domingo";"09:00:00";"PR";116;17;"CAMPINA GRANDE DO SUL";"Chuva";"Colisão com objeto";"Com Vítimas Feridas";"Pleno dia";"Decrescente";"Chuva";"Dupla";"Curva";"Não";3;0;2;0;1;0;2;1;-25,103215;-48,700806;"SPRF-PR";"DEL01/PR";"UOP02-DEL01-PR"
743574;2026-01-04;"domingo";"10:00:00";"CE";304;68;"ARACATI";"Demais falhas mecânicas ou elétricas";"Tombamento";"Com Vítimas Feridas";"Pleno dia";"Crescente";"Céu Claro";"Simples";"Reta";"Não";2;0;1;1;0;0;2;1;-4,6307048;-37,6408647;"SPRF-CE";"DEL03/CE";"UOP02-DEL03-CE"
743575;2026-01-04;"domingo";"11:35:00";"MG";381;521;"BRUMADINHO";"Chuva";"Saída de leito carroçável";"Com Vítimas Feridas";"Pleno dia";"Decrescente";"Chuva";"Dupla";"Aclive;Curva";"Não";2;0;1;0;1;0;1;1;-20,121868;-44,30134;"SPRF-MG";"DEL04/MG";"UOP03-DEL04-MG"
743576;2026-01-04;"domingo";"11:30:00";"MG";40;505,7;"RIBEIRAO DAS NEVES";"Chuva";"Colisão transversal";"Com Vítimas Feridas";"Pleno dia";"Crescente";"Chuva";"Dupla";"Declive;Reta";"Sim";3;0;2;0;1;0;2;2;-19,742778;-44,148611;"SPRF-MG";"DEL02/MG";"UOP01-DEL02-MG"
743578;2026-01-04;"domingo";"11:10:00";"PR";116;14,9;"CAMPINA GRANDE DO SUL";"Chuva";"Colisão com objeto";"Com Vítimas Feridas";"Pleno dia";"Crescente";"Garoa/Chuvisco";"Dupla";"Curva";"Não";3;0;2;0;1;0;2;1;-25,0982;-48,680396;"SPRF-PR";"DEL01/PR";"UOP02-DEL01-PR"
743580;2026-01-04;"domingo";"11:00:00";"AL";101;208,3;"SAO SEBASTIAO";"Demais falhas mecânicas ou elétricas";"Queda de ocupante de veículo";"Com Vítimas Feridas";"Pleno dia";"Crescente";"Céu Claro";"Dupla";"Reta";"Não";2;0;2;0;0;0;2;1;-9,993021;-36,59225;"SPRF-AL";"DEL02-AL";"UOP02-DEL02-AL"
743581;2026-01-04;"domingo";"11:50:00";"SP";381;57,8;"MAIRIPORA";"Transitar no Acostamento";"Colisão lateral mesmo sentido";"Com Vítimas Feridas";"Pleno dia";"Crescente";"Sol";"Dupla";"Reta;Aclive";"Sim";3;0;1;0;2;0;1;2;-23,25814166;-46,59043026;"SPRF-SP";"DEL03/SP";"UOP01-DEL03-SP"
743582;2026-01-04;"domingo";"08:00:00";"PR";277;302;"PRUDENTOPOLIS";"Transitar na contramão";"Colisão frontal";"Com Vítimas Fatais";"Pleno dia";"Crescente";"Sol";"Simples";"Curva";"Não";4;2;2;0;0;0;2;2;-25,30091;-51,11594;"SPRF-PR";"DEL08/PR";"UOP01-DEL08-PR"
743583;2026-01-04;"domingo";"10:45:00";"MG";381;356;"SAO GONCALO DO RIO ABAIXO";"Pista Escorregadia";"Saída de leito carroçável";"Com Vítimas Feridas";"Pleno dia";"Decrescente";"Garoa/Chuvisco";"Dupla";"Curva";"Não";2;0;2;0;0;0;2;1;-19,85532962;-43,22063112;"SPRF-MG";"DEL03/MG";"UOP01-DEL03-MG"
743584;2026-01-04;"domingo";"12:00:00";"MG";381;360;"SAO GONCALO DO RIO ABAIXO";"Pista Escorregadia";"Saída de leito carroçável";"Com Vítimas Feridas";"Pleno dia";"Decrescente";"Chuva";"Simples";"Curva";"Não";3;0;2;0;1;0;2;1;-19,856472;-43,243242;"SPRF-MG";"DEL03/MG";"UOP01-DEL03-MG"
743585;2026-01-04;"domingo";"11:05:00";"PR";277;631;"CEU AZUL";"Condutor deixou de manter distância do veículo da frente";"Colisão traseira";"Com Vítimas Feridas";"Pleno dia";"Crescente";"Céu Claro";"Simples";"Reta";"Não";5;0;2;0;3;0;2;2;-25,12290588;-53,80554199;"SPRF-PR";"DEL05/PR";"UOP02-DEL05-PR"
743586;2026-01-04;"domingo";"09:55:00";"MG";262;10;"MARTINS SOARES";"Ausência de reação do condutor";"Engavetamento";"Com Vítimas Feridas";"Pleno dia";"Crescente";"Céu Claro";"Simples";"Aclive;Reta";"Não";13;0;1;0;12;0;1;3;-20,24861226;-41,83678151;"SPRF-MG";"DEL06/MG";"UOP03-DEL06-MG"
743587;2026-01-04;"domingo";"07:00:00";"PR";373;414;"FOZ DO JORDAO";"Acessar a via sem observar a presença dos outros veículos";"Colisão transversal";"Com Vítimas Feridas";"Pleno dia";"Crescente";"Céu Claro";"Simples";"Reta";"Sim";4;0;3;0;1;0;3;2;-25,66924;-52,12288;"SPRF-PR";"DEL08/PR";"UOP01-DEL08-PR"
743588;2026-01-04;"domingo";"09:40:00";"SP";116;546;"BARRA DO TURVO";"Chuva";"Saída de leito carroçável";"Com Vítimas Feridas";"Pleno dia";"Crescente";"Chuva";"Múltipla";"Curva;Declive";"Não";5;0;1;0;4;0;1;1;-24,9474995;-48,42437491;"SPRF-SP";"DEL05/SP";"UOP02-DEL05-SP"
743589;2026-01-04;"domingo";"10:45:00";"SP";116;536;"BARRA DO TURVO";"Reação tardia ou ineficiente do condutor";"Capotamento";"Com Vítimas Feridas";"Pleno dia";"Crescente";"Chuva";"Dupla";"Curva";"Não";3;0;1;0;2;0;1;1;-24,97162049;-48,36948681;"SPRF-SP";"DEL05/SP";"UOP02-DEL05-SP"
743593;2026-01-04;"domingo";"12:35:00";"BA";116;403,8;"FEIRA DE SANTANA";"Acessar a via sem observar a presença dos outros veículos";"Atropelamento de Pedestre";"Com Vítimas Fatais";"Pleno dia";"Crescente";"Céu Claro";"Dupla";"Reta";"Não";4;1;2;0;1;0;2;2;-12,063517;-38,96994;"SPRF-BA";"DEL02/BA";"UOP01-DEL02-BA"
743594;2026-01-04;"domingo";"10:30:00";"MT";70;419;"CAMPO VERDE";"Acumulo de água sobre o pavimento";"Saída de leito carroçável";"Com Vítimas Feridas";"Pleno dia";"Crescente";"Chuva";"Simples";"Curva";"Não";2;0;1;0;1;0;1;1;-15,762773;-55,360897;"SPRF-MT";"DEL05/MT";"UOP02-DEL05-MT"
743595;2026-01-04;"domingo";"12:15:00";"SP";101;46;"UBATUBA";"Ausência de reação do condutor";"Colisão traseira";"Sem Vítimas";"Pleno dia";"Decrescente";"Chuva";"Simples";"Reta";"Sim";2;0;0;0;2;0;0;2;-23,42293292;-45,0734875;"SPRF-SP";"DEL06/SP";"UOP01-DEL06-SP"
743596;2026-01-04;"domingo";"11:40:00";"RO";364;693;"CANDEIAS DO JAMARI";"Ausência de reação do condutor";"Colisão traseira";"Com Vítimas Feridas";"Pleno dia";"Crescente";"Céu Claro";"Dupla";"Reta";"Sim";2;0;1;0;0;1;1;2;-8,79796039;-63,71124029;"SPRF-RO";"DEL01-RO";"UOP01-DEL01-RO"
743597;2026-01-04;"domingo";"11:20:00";"SP";101;50;"UBATUBA";"Condutor deixou de manter distância do veículo da frente";"Colisão traseira";"Com Vítimas Feridas";"Pleno dia";"Crescente";"Chuva";"Simples";"Reta";"Sim";2;0;1;0;1;0;1;2;-23,44941088;-45,07828758;"SPRF-SP";"DEL06/SP";"UOP01-DEL06-SP"
743598;2026-01-04;"domingo";"12:00:00";"MA";316;268;"SANTA INES";"Acostamento em desnível";"Saída de leito carroçável";"Com Vítimas Feridas";"Pleno dia";"Decrescente";"Céu Claro";"Simples";"Reta";"Não";4;0;1;0;3;0;1;1;-3,691881;-45,330696;"SPRF-MA";"DEL02-MA";"UOP01-DEL02-MA"
743599;2026-01-04;"domingo";"12:00:00";"DF";60;7,3;"BRASILIA";"Ingestão de álcool pelo condutor";"Colisão lateral mesmo sentido";"Com Vítimas Feridas";"Pleno dia";"Crescente";"Céu Claro";"Dupla";"Reta";"Não";6;0;1;0;5;0;1;2;-15,901885;-48,126318;"SPRF-DF";"DEL03-DF";"UOP01-DEL03-DF"
743600;2026-01-04;"domingo";"12:20:00";"BA";242;749,6;"CRISTOPOLIS";"Acessar a via sem observar a presença dos outros veículos";"Colisão transversal";"Com Vítimas Feridas";"Pleno dia";"Decrescente";"Céu Claro";"Simples";"Reta";"Não";3;0;1;0;2;0;1;2;-12,22538847;-44,43088889;"SPRF-BA";"DEL10/BA";"UOP01-DEL10-BA"
743601;2026-01-04;"domingo";"13:20:00";"RS";158;265;"JULIO DE CASTILHOS";"Acessar a via sem observar a presença dos outros veículos";"Colisão transversal";"Sem Vítimas";"Pleno dia";"Crescente";"Céu Claro";"Simples";"Reta";"Não";5;0;0;0;5;0;0;2;-29,25408222;-53,66475821;"SPRF-RS";"DEL09/RS";"UOP01-DEL09-RS"
743602;2026-01-04;"domingo";"12:30:00";"GO";70;312;"JUSSARA";"Acessar a via sem observar a presença dos outros veículos";"Colisão transversal";"Com Vítimas Feridas";"Pleno dia";"Crescente";"Nublado";"Dupla";"Reta;Interseção de Vias";"Sim";4;0;0;1;3;0;1;2;-15,8739;-50,85823327;"SPRF-GO";"DEL04/GO";"UOP02-DEL04-GO"
743603;2026-01-04;"domingo";"13:40:00";"MG";40;662;"CARANDAI";"Retorno proibido";"Colisão transversal";"Com Vítimas Feridas";"Pleno dia";"Decrescente";"Chuva";"Simples";"Curva";"Não";4;0;2;0;2;0;2;2;-20,91670004;-43,82510448;"SPRF-MG";"DEL05/MG";"UOP02-DEL05-MG"
743604;2026-01-04;"domingo";"13:30:00";"PE";101;70;"RECIFE";"Acesso irregular";"Colisão transversal";"Com Vítimas Fatais";"Pleno dia";"Decrescente";"Céu Claro";"Dupla";"Reta";"Sim";5;1;0;0;4;0;0;2;-8,0719701;-34,9389178;"SPRF-PE";"DEL01/PE";"UOP01-DEL01-PE"
743605;2026-01-04;"domingo";"12:45:00";"RJ";101;263;"RIO BONITO";"Ausência de reação do condutor";"Colisão traseira";"Com Vítimas Feridas";"Pleno dia";"Crescente";"Chuva";"Dupla";"Reta";"Sim";4;0;2;0;2;0;2;2;-22,71835898;-42,63146996;"SPRF-RJ";"DEL02/RJ";"UOP03-DEL02-RJ"
743606;2026-01-04;"domingo";"12:24:00";"MG";40;645,5;"CRISTIANO OTONI";"Condutor Dormindo";"Saída de leito carroçável";"Com Vítimas Feridas";"Pleno dia";"Decrescente";"Garoa/Chuvisco";"Simples";"Reta";"Não";1;0;1;0;0;0;1;1;-20,79074666;-43,81061766;"SPRF-MG";"DEL05/MG";"UOP02-DEL05-MG"
743607;2026-01-04;"domingo";"11:00:00";"GO";70;433;"ARAGARCAS";"Conversão proibida";"Colisão transversal";"Com Vítimas Feridas";"Pleno dia";"Crescente";"Nublado";"Simples";"Aclive";"Não";4;0;3;0;1;0;3;2;-15,91048927;-52,12944031;"SPRF-GO";"DEL04/GO";"UOP02-DEL04-GO"
743609;2026-01-04;"domingo";"13:58:00";"MG";262;380;"MATEUS LEME";"Ausência de reação do condutor";"Saída de leito carroçável";"Com Vítimas Feridas";"Pleno dia";"Crescente";"Chuva";"Dupla";"Curva";"Não";2;0;0;1;0;1;1;2;-19,922821;-44,46528;"SPRF-MG";"DEL01/MG";"UOP03-DEL01-MG"