"id";"data_inversa";"dia_semana";"horario";"uf";"br";"km";"municipio";"causa_acidente";"tipo_acidente";"classificacao_acidente";"fase_dia";"sentido_via";"condicao_metereologica";"tipo_pista";"tracado_via";"uso_solo";"pessoas";"mortos";"feridos_leves";"feridos_graves";"ilesos";"ignorados";"feridos";"veiculos";"latitude";"longitude";"regional";"delegacia";"uop"
743610;2026-01-04;"domingo";"13:50:00";"SP";116;142,9;"SAO JOSE DOS CAMPOS";"Reação tardia ou ineficiente do condutor";"Colisão lateral mesmo sentido";"Com Vítimas Feridas";"Pleno dia";"Crescente";"Nublado";"Dupla";"Reta";"Não";2;0;1;0;1;0;1;2;-23,17143764;-45,82400529;"SPRF-SP";"DEL02/SP";"UOP01-DEL02-SP"
743611;2026-01-04;"domingo";"10:20:00";"MG";50;206;"DELTA";"Velocidade Incompatível";"Saída de leito carroçável";"Com Vítimas Feridas";"Pleno dia";"Crescente";"Céu Claro";"Dupla";"Declive;Curva";"Não";1;0;0;1;0;0;1;1;-19,973677;-47,790351;"SPRF-MG";"DEL13/MG";"UOP01-DEL13-MG"
743614;2026-01-04;"domingo";"10:45:00";"PR";277;481,8;"NOVA LARANJEIRAS";"Ingestão de álcool pelo condutor";"Saída de leito carroçável";"Sem Vítimas";"Pleno dia";"Decrescente";"Céu Claro";"Simples";"Curva";"Não";1;0;0;0;1;0;0;1;-25,28056;-52,58906;"SPRF-PR";"DEL04/PR";"UOP02-DEL04-PR"
743615;2026-01-04;"domingo";"12:30:00";"ES";101;5;"ICONHA";"Demais falhas mecânicas ou elétricas";"Incêndio";"Sem Vítimas";"Pleno dia";"Crescente";"Nublado";"Dupla";"Reta";"Não";1;0;0;0;1;0;0;1;-20,803588;-40,813829;"SPRF-ES";"DEL03-ES";"UOP02-DEL03-ES"
743616;2026-01-04;"domingo";"14:55:00";"SP";116;74;"APARECIDA";"Manobra de mudança de faixa";"Colisão traseira";"Com Vítimas Feridas";"Pleno dia";"Crescente";"Nublado";"Dupla";"Reta";"Não";2;0;1;0;0;1;1;2;-22,87339748;-45,25362968;"SPRF-SP";"DEL08/SP";"UOP01-DEL08-SP"
743618;2026-01-04;"domingo";"06:50:00";"MG";365;787;"ITUIUTABA";"Avarias e/ou desgaste excessivo no pneu";"Saída de leito carroçável";"Com Vítimas Feridas";"Pleno dia";"Crescente";"Céu Claro";"Simples";"Ponte;Reta";"Não";1;0;1;0;0;0;1;1;-18,94685118;-49,77255106;"SPRF-MG";"DEL15/MG";"UOP03-DEL15-MG"
743619;2026-01-04;"domingo";"14:40:00";"MG";381;360;"SAO GONCALO DO RIO ABAIXO";"Pista Escorregadia";"Colisão com objeto";"Com Vítimas Feridas";"Pleno dia";"Decrescente";"Chuva";"Múltipla";"Curva";"Não";3;0;1;0;2;0;1;1;-19,85440124;-43,24595118;"SPRF-MG";"DEL03/MG";"UOP01-DEL03-MG"
743620;2026-01-04;"domingo";"14:40:00";"GO";20;127;"FLORES DE GOIAS";"Chuva";"Saída de leito carroçável";"Com Vítimas Feridas";"Pleno dia";"Decrescente";"Chuva";"Simples";"Reta";"Não";2;0;1;0;0;1;1;1;-14,848508;-46,761741;"SPRF-DF";"DEL02-DF";"UOP03-DEL02-DF"
743621;2026-01-04;"domingo";"15:00:00";"MG";381;646,8;"SANTO ANTONIO DO AMPARO";"Reação tardia ou ineficiente do condutor";"Colisão com objeto";"Com Vítimas Feridas";"Pleno dia";"Decrescente";"Nublado";"Dupla";"Curva";"Não";2;0;1;0;1;0;1;1;-20,948775;-44,884894;"SPRF-MG";"DEL04/MG";"UOP02-DEL04-MG"
743622;2026-01-04;"domingo";"14:30:00";"AL";101;165;"CAMPO ALEGRE";"Condutor Dormindo";"Saída de leito carroçável";"Com Vítimas Feridas";"Pleno dia";"Crescente";"Céu Claro";"Dupla";"Reta";"Não";4;0;3;1;0;0;4;1;-9,90025;-36,26695;"SPRF-AL";"DEL02-AL";"UOP02-DEL02-AL"
743623;2026-01-03;"sábado";"04:00:00";"MA";402;131;"PRIMEIRA CRUZ";"Reação tardia ou ineficiente do condutor";"Saída de leito carroçável";"Com Vítimas Feridas";"Pleno dia";"Decrescente";"Céu Claro";"Simples";"Reta";"Não";1;0;1;0;0;0;1;1;-2,78878;-43,30933;"SPRF-MA";"DEL01-MA";"UOP01-DEL01-MA"
743624;2026-01-04;"domingo";"13:50:00";"MG";381;592,7;"CARMOPOLIS DE MINAS";"Ausência de reação do condutor";"Saída de leito carroçável";"Com Vítimas Feridas";"Pleno dia";"Decrescente";"Nublado";"Dupla";"Curva";"Não";1;0;1;0;0;0;1;1;-20,56180446;-44,66469884;"SPRF-MG";"DEL04/MG";"UOP01-DEL04-MG"
743625;2026-01-04;"domingo";"13:45:00";"MA";226;0,9;"TIMON";"Conversão proibida";"Colisão transversal";"Com Vítimas Feridas";"Pleno dia";"Crescente";"Céu Claro";"Dupla";"Reta";"Sim";2;0;1;0;1;0;1;2;-5,132985;-42,823265;"SPRF-MA";"DEL03-MA";"UOP02-DEL03-MA"
743626;2026-01-04;"domingo";"14:00:00";"MS";163;629;"SAO GABRIEL DO OESTE";"Demais falhas mecânicas ou elétricas";"Incêndio";"Sem Vítimas";"Pleno dia";"Crescente";"Céu Claro";"Dupla";"Reta";"Não";2;0;0;0;2;0;0;1;-19,291765;-54,637185;"SPRF-MS";"DEL06/MS";"UOP02-DEL06-MS"
743627;2026-01-04;"domingo";"14:00:00";"BA";324;590;"CANDEIAS";"Ausência de reação do condutor";"Capotamento";"Com Vítimas Feridas";"Pleno dia";"Decrescente";"Céu Claro";"Dupla";"Reta";"Não";4;0;1;0;3;0;1;1;-12,681897;-38,466992;"SPRF-BA";"DEL01/BA";"UOP01-DEL01-BA"
743628;2026-01-04;"domingo";"14:55:00";"MG";116;584,2;"MANHUACU";"Acumulo de água sobre o pavimento";"Colisão frontal";"Com Vítimas Feridas";"Pleno dia";"Decrescente";"Chuva";"Simples";"Declive;Curva";"Não";9;0;2;1;6;0;3;3;-20,223526;-42,178886;"SPRF-MG";"DEL06/MG";"UOP03-DEL06-MG"
743630;2026-01-04;"domingo";"15:50:00";"SC";101;131;"BALNEARIO CAMBORIU";"Avarias e/ou desgaste excessivo no pneu";"Tombamento";"Com Vítimas Feridas";"Pleno dia";"Decrescente";"Nublado";"Dupla";"Reta";"Sim";2;0;2;0;0;0;2;1;-26,98887641;-48,66430211;"SPRF-SC";"DEL04/SC";"UOP03-DEL04-SC"
743631;2026-01-04;"domingo";"15:55:00";"PR";277;641,8;"CEU AZUL";"Reação tardia ou ineficiente do condutor";"Queda de ocupante de veículo";"Com Vítimas Feridas";"Pleno dia";"Crescente";"Céu Claro";"Simples";"Reta";"Não";2;0;1;1;0;0;2;1;-25,16979185;-53,8591741;"SPRF-PR";"DEL05/PR";"UOP02-DEL05-PR"
743632;2026-01-04;"domingo";"14:00:00";"RJ";116;308,1;"RESENDE";"Reação tardia ou ineficiente do condutor";"Colisão com objeto";"Com Vítimas Feridas";"Pleno dia";"Crescente";"Céu Claro";"Simples";"Reta";"Não";5;0;3;0;2;0;3;1;-22,45775616;-44,42039835;"SPRF-RJ";"DEL07/RJ";"UOP02-DEL07-RJ"
743633;2026-01-04;"domingo";"15:50:00";"GO";50;221;"CAMPO ALEGRE DE GOIAS";"Chuva";"Saída de leito carroçável";"Sem Vítimas";"Pleno dia";"Decrescente";"Chuva";"Dupla";"Curva";"Não";1;0;0;0;1;0;0;1;-17,731892;-47,727232;"SPRF-GO";"DEL06/GO";"UOP01-DEL06-GO"
743635;2026-01-04;"domingo";"09:15:00";"RJ";116;102;"GUAPIMIRIM";"Velocidade Incompatível";"Colisão frontal";"Com Vítimas Feridas";"Pleno dia";"Decrescente";"Nublado";"Simples";"Curva";"Não";3;0;0;1;2;0;1;3;-22,48583364;-43,00061703;"SPRF-RJ";"DEL04/RJ";"UOP01-DEL04-RJ"
743636;2026-01-04;"domingo";"14:45:00";"SC";116;221;"CORREIA PINTO";"Ingestão de álcool pelo condutor";"Colisão traseira";"Sem Vítimas";"Pleno dia";"Crescente";"Céu Claro";"Simples";"Rotatória";"Sim";2;0;0;0;2;0;0;2;-27,58044899;-50,36816088;"SPRF-SC";"DEL05/SC";"UOP03-DEL05-SC"
743640;2026-01-04;"domingo";"16:00:00";"MG";381;589;"CARMOPOLIS DE MINAS";"Ausência de reação do condutor";"Capotamento";"Sem Vítimas";"Pleno dia";"Decrescente";"Nublado";"Dupla";"Reta";"Sim";1;0;0;0;0;1;0;1;-20,54143115;-44,64379907;"SPRF-MG";"DEL04/MG";"UOP01-DEL04-MG"
743642;2026-01-04;"domingo";"11:00:00";"RJ";40;111;"DUQUE DE CAXIAS";"Ausência de reação do condutor";"Queda de ocupante de veículo";"Com Vítimas Feridas";"Pleno dia";"Decrescente";"Garoa/Chuvisco";"Dupla";"Reta";"Sim";1;0;1;0;0;0;1;1;-22,69472771;-43,28795348;"SPRF-RJ";"DEL01/RJ";"UOP02-DEL01-RJ"
743643;2026-01-04;"domingo";"08:30:00";"BA";349;1023;"CORRENTINA";"Ausência de reação do condutor";"Saída de leito carroçável";"Com Vítimas Feridas";"Pleno dia";"Crescente";"Céu Claro";"Simples";"Reta";"Não";3;0;3;0;0;0;3;1;-13,625032;-45,370846;"SPRF-BA";"DEL10/BA";"UOP02-DEL10-BA"
743644;2026-01-04;"domingo";"17:00:00";"RS";290;15,2;"SANTO ANTONIO DA PATRULHA";"Manobra de mudança de faixa";"Colisão lateral mesmo sentido";"Com Vítimas Feridas";"Pleno dia";"Crescente";"Céu Claro";"Dupla";"Reta";"Não";3;0;1;0;2;0;1;2;-29,87092036;-50,41714087;"SPRF-RS";"DEL03/RS";"UOP01-DEL03-RS"
743645;2026-01-04;"domingo";"16:00:00";"RO";364;197,8;"PIMENTA BUENO";"Reação tardia ou ineficiente do condutor";"Colisão com objeto";"Com Vítimas Feridas";"Pleno dia";"Decrescente";"Céu Claro";"Simples";"Interseção de Vias;Reta";"Sim";1;0;1;0;0;0;1;1;-11,672328;-61,190977;"SPRF-RO";"DEL02-RO";"UOP02-DEL02-RO"
743646;2026-01-04;"domingo";"16:18:00";"RS";470;240;"BARAO";"Ingestão de álcool pelo condutor";"Colisão frontal";"Com Vítimas Feridas";"Pleno dia";"Crescente";"Céu Claro";"Simples";"Curva";"Não";2;0;0;1;1;0;1;2;-29,354214;-51,514828;"SPRF-RS";"DEL06/RS";"UOP01-DEL06-RS"
743647;2026-01-04;"domingo";"16:43:00";"PR";376;637,7;"TIJUCAS DO SUL";"Reação tardia ou ineficiente do condutor";"Engavetamento";"Com Vítimas Feridas";"Pleno dia";"Decrescente";"Céu Claro";"Dupla";"Aclive";"Não";23;0;1;0;22;0;1;5;-25,76928631;-49,12300587;"SPRF-PR";"DEL01/PR";"UOP04-DEL01-PR"
743648;2026-01-04;"domingo";"16:30:00";"SC";470;79;"RODEIO";"Reação tardia ou ineficiente do condutor";"Colisão lateral mesmo sentido";"Com Vítimas Feridas";"Pleno dia";"Crescente";"Céu Claro";"Simples";"Reta";"Não";2;0;1;0;1;0;1;2;-26,9513521;-49,3033083;"SPRF-SC";"DEL04/SC";"UOP01-DEL04-SC"
743649;2026-01-04;"domingo";"16:10:00";"MS";163;653;"RIO VERDE DE MATO GROSSO";"Avarias e/ou desgaste excessivo no pneu";"Tombamento";"Com Vítimas Feridas";"Pleno dia";"Crescente";"Sol";"Dupla";"Reta";"Não";2;0;2;0;0;0;2;1;-19,125162;-54,755582;"SPRF-MS";"DEL06/MS";"UOP02-DEL06-MS"
743650;2026-01-04;"domingo";"12:30:00";"RJ";356;113;"CARDOSO MOREIRA";"Transitar no Acostamento";"Queda de ocupante de veículo";"Com Vítimas Feridas";"Pleno dia";"Crescente";"Chuva";"Simples";"Curva";"Não";2;0;1;0;1;0;1;1;-21,585814;-41,440291;"SPRF-RJ";"DEL08/RJ";"UOP03-DEL08-RJ"
743651;2026-01-04;"domingo";"16:40:00";"SC";101;54,8;"JOINVILLE";"Avarias e/ou desgaste excessivo no pneu";"Colisão com objeto";"Com Vítimas Feridas";"Pleno dia";"Decrescente";"Céu Claro";"Dupla";"Curva;Declive";"Não";4;0;2;0;2;0;2;1;-26,41564991;-48,83499496;"SPRF-SC";"DEL03/SC";"UOP01-DEL03-SC"
743652;2026-01-04;"domingo";"16:40:00";"RS";392;26;"RIO GRANDE";"Animais na Pista";"Queda de ocupante de veículo";"Com Vítimas Feridas";"Pleno dia";"Crescente";"Céu Claro";"Dupla";"Reta";"Sim";1;0;0;1;0;0;1;1;-32,0796656;-52,25509644;"SPRF-RS";"DEL07/RS";"UOP02-DEL07-RS"
743653;2026-01-04;"domingo";"17:00:00";"RN";101;44;"CEARA-MIRIM";"Desrespeitar a preferência no cruzamento";"Colisão transversal";"Com Vítimas Feridas";"Pleno dia";"Crescente";"Sol";"Simples";"Interseção de Vias;Reta";"Não";3;0;3;0;0;0;3;2;-5,48321745;-35,32475844;"SPRF-RN";"DEL02-RN";"UOP01-DEL02-RN"
743654;2026-01-04;"domingo";"16:00:00";"MG";381;420;"CAETE";"Condutor deixou de manter distância do veículo da frente";"Colisão traseira";"Com Vítimas Feridas";"Pleno dia";"Crescente";"Garoa/Chuvisco";"Dupla";"Curva";"Não";5;0;3;0;2;0;3;2;-19,7889278;-43,67213414;"SPRF-MG";"DEL01/MG";"UOP01-DEL01-MG"
743655;2026-01-04;"domingo";"16:35:00";"GO";50;173;"CAMPO ALEGRE DE GOIAS";"Ausência de reação do condutor";"Saída de leito carroçável";"Com Vítimas Feridas";"Pleno dia";"Crescente";"Garoa/Chuvisco";"Dupla";"Reta";"Não";1;0;0;1;0;0;1;1;-17,356452;-47,78991;"SPRF-GO";"DEL06/GO";"UOP01-DEL06-GO"
743656;2026-01-04;"domingo";"09:00:00";"BA";324;583;"CANDEIAS";"Ausência de reação do condutor";"Colisão traseira";"Com Vítimas Feridas";"Pleno dia";"Crescente";"Céu Claro";"Múltipla";"Curva";"Não";2;0;1;0;1;0;1;2;-12,626515;-38,480708;"SPRF-BA";"DEL01/BA";"UOP01-DEL01-BA"
743657;2026-01-04;"domingo";"16:00:00";"PB";230;100;"GURINHEM";"Reação tardia ou ineficiente do condutor";"Colisão traseira";"Sem Vítimas";"Pleno dia";"Crescente";"Céu Claro";"Dupla";"Reta";"Não";3;0;0;0;3;0;0;2;-7,199275;-35,492848;"SPRF-PB";"DEL01-PB";"UOP02-DEL01-PB"
743658;2026-01-04;"domingo";"17:08:00";"MG";116;94,9;"MEDINA";"Ausência de reação do condutor";"Saída de leito carroçável";"Com Vítimas Feridas";"Pleno dia";"Decrescente";"Garoa/Chuvisco";"Simples";"Curva";"Não";4;0;1;0;3;0;1;1;-16,39024;-41,47286;"SPRF-MG";"DEL11/MG";"UOP02-DEL11-MG"
743659;2026-01-04;"domingo";"15:10:00";"RJ";101;434;"MANGARATIBA";"Avarias e/ou desgaste excessivo no pneu";"Colisão frontal";"Com Vítimas Feridas";"Pleno dia";"Crescente";"Chuva";"Simples";"Declive;Curva";"Sim";7;0;0;5;2;0;5;2;-22,9374186;-44,04697895;"SPRF-RJ";"DEL03/RJ";"UOP02-DEL03-RJ"
743660;2026-01-04;"domingo";"17:40:00";"ES";101;6,9;"SERRA";"Acessar a via sem observar a presença dos outros veículos";"Colisão traseira";"Com Vítimas Feridas";"Anoitecer";"Crescente";"Céu Claro";"Dupla";"Rotatória;Reta";"Não";4;0;1;1;1;1;2;3;-20,1161645;-40,34342402;"SPRF-ES";"DEL02-ES";"UOP01-DEL02-ES"
743662;2026-01-04;"domingo";"16:30:00";"BA";324;531;"FEIRA DE SANTANA";"Chuva";"Queda de ocupante de veículo";"Com Vítimas Feridas";"Pleno dia";"Decrescente";"Chuva";"Dupla";"Reta";"Não";1;0;1;0;0;0;1;1;-12,33899566;-38,84593964;"SPRF-BA";"DEL11/BA";"UOP02-DEL11-BA"
743663;2026-01-04;"domingo";"16:35:00";"MT";70;379;"CAMPO VERDE";"Reação tardia ou ineficiente do condutor";"Colisão traseira";"Sem Vítimas";"Pleno dia";"Crescente";"Céu Claro";"Simples";"Reta";"Sim";2;0;0;0;2;0;0;2;-15,560657;-55,172687;"SPRF-MT";"DEL05/MT";"UOP02-DEL05-MT"
743664;2026-01-04;"domingo";"17:20:00";"PR";116;83;"PIRAQUARA";"Ingestão de álcool pelo condutor";"Saída de leito carroçável";"Com Vítimas Feridas";"Pleno dia";"Crescente";"Céu Claro";"Dupla";"Curva";"Não";2;0;2;0;0;0;2;1;-25,439375;-49,092015;"SPRF-PR";"DEL01/PR";"UOP02-DEL01-PR"
743665;2026-01-04;"domingo";"17:50:00";"MG";381;479,8;"CONTAGEM";"Ausência de reação do condutor";"Colisão traseira";"Com Vítimas Feridas";"Pleno dia";"Crescente";"Nublado";"Dupla";"Reta;Aclive";"Sim";3;0;2;1;0;0;3;2;-19,962285;-44,04979;"SPRF-MG";"DEL01/MG";"UOP03-DEL01-MG"
743666;2026-01-04;"domingo";"16:00:00";"PR";116;18,8;"COLOMBO";"Ingestão de álcool pelo condutor";"Colisão lateral mesmo sentido";"Sem Vítimas";"Pleno dia";"Crescente";"Céu Claro";"Dupla";"Reta";"Sim";2;0;0;0;2;0;0;2;-25,3872247;-49,17747617;"SPRF-PR";"DEL01/PR";"UOP02-DEL01-PR"
743668;2026-01-04;"domingo";"16:50:00";"GO";20;110,8;"FLORES DE GOIAS";"Ausência de reação do condutor";"Engavetamento";"Com Vítimas Feridas";"Pleno dia";"Decrescente";"Nublado";"Simples";"Reta";"Não";4;0;1;0;3;0;1;3;-14,899636;-46,906447;"SPRF-DF";"DEL02-DF";"UOP03-DEL02-DF"
743669;2026-01-04;"domingo";"12:00:00";"MT";163;873;"SINOP";"Avarias e/ou desgaste excessivo no pneu";"Saída de leito carroçável";"Com Vítimas Feridas";"Pleno dia";"Crescente";"Chuva";"Simples";"Curva;Declive";"Não";3;0;2;0;1;0;2;1;-11,54116858;-55,39349556;"SPRF-MT";"DEL06/MT";"UOP02-DEL06-MT"
743671;2026-01-04;"domingo";"17:00:00";"BA";235;171,3;"CANUDOS";"Acesso irregular";"Colisão lateral mesmo sentido";"Com Vítimas Feridas";"Pleno dia";"Crescente";"Céu Claro";"Dupla";"Retorno Regulamentado";"Não";7;0;1;0;6;0;1;2;-9,907528;-39,029168;"SPRF-BA";"DEL07/BA";"UOP03-DEL07-BA"
743672;2026-01-04;"domingo";"18:10:00";"DF";20;12,9;"BRASILIA";"Ausência de reação do condutor";"Colisão traseira";"Com Vítimas Feridas";"Pleno dia";"Decrescente";"Nublado";"Dupla";"Reta";"Sim";3;0;0;1;2;0;1;2;-15,63861;-47,748653;"SPRF-DF";"DEL02-DF";"UOP01-DEL02-DF"
743673;2026-01-04;"domingo";"16:30:00";"MG";40;619,7;"CONGONHAS";"Velocidade Incompatível";"Saída de leito carroçável";"Com Vítimas Feridas";"Pleno dia";"Decrescente";"Garoa/Chuvisco";"Simples";"Curva";"Não";3;0;0;1;2;0;1;1;-20,578525;-43,808194;"SPRF-MG";"DEL05/MG";"UOP02-DEL05-MG"
743674;2026-01-03;"sábado";"19:00:00";"MS";267;410;"MARACAJU";"Ausência de reação do condutor";"Saída de leito carroçável";"Com Vítimas Feridas";"Plena Noite";"Crescente";"Céu Claro";"Simples";"Reta";"Não";1;0;0;1;0;0;1;1;-21,630635;-55,5739499;"SPRF-MS";"DEL05/MS";"UOP01-DEL05-MS"
743675;2026-01-04;"domingo";"19:00:00";"RS";290;30,2;"SANTO ANTONIO DA PATRULHA";"Demais falhas mecânicas ou elétricas";"Queda de ocupante de veículo";"Com Vítimas Feridas";"Pleno dia";"Crescente";"Céu Claro";"Múltipla";"Reta";"Não";2;0;1;0;1;0;1;1;-29,88405604;-50,56438342;"SPRF-RS";"DEL03/RS";"UOP01-DEL03-RS"
743676;2026-01-04;"domingo";"18:45:00";"PE";101;9;"GOIANA";"Transtornos Mentais (exceto suicidio)";"Colisão transversal";"Com Vítimas Feridas";"Plena Noite";"Crescente";"Céu Claro";"Dupla";"Reta";"Não";2;0;1;0;1;0;1;2;-7,579988;-34,988285;"SPRF-PE";"DEL01/PE";"UOP02-DEL01-PE"
743677;2026-01-04;"domingo";"18:20:00";"TO";153;333;"GUARAI";"Acessar a via sem observar a presença dos outros veículos";"Colisão transversal";"Com Vítimas Feridas";"Anoitecer";"Crescente";"Nublado";"Dupla";"Interseção de Vias";"Sim";5;0;1;0;4;0;1;2;-8,829588;-48,512213;"SPRF-TO";"DEL02-TO";"UOP02-DEL02-TO"
743679;2026-01-04;"domingo";"17:20:00";"RS";116;429;"CRISTAL";"Ausência de reação do condutor";"Tombamento";"Com Vítimas Feridas";"Pleno dia";"Decrescente";"Céu Claro";"Simples";"Reta";"Não";2;0;2;0;0;0;2;1;-31,01676683;-52,05321662;"SPRF-RS";"DEL02/RS";"UOP02-DEL02-RS"
743680;2026-01-04;"domingo";"18:40:00";"SC";101;23,9;"JOINVILLE";"Avarias e/ou desgaste excessivo no pneu";"Tombamento";"Com Vítimas Feridas";"Anoitecer";"Crescente";"Nublado";"Dupla";"Curva";"Não";2;0;1;0;1;0;1;1;-26,17447972;-48,90756933;"SPRF-SC";"DEL03/SC";"UOP01-DEL03-SC"
743681;2026-01-04;"domingo";"17:00:00";"RN";226;201,2;"TENENTE LAURENTINO CRUZ";"Reação tardia ou ineficiente do condutor";"Saída de leito carroçável";"Com Vítimas Fatais";"Pleno dia";"Crescente";"Céu Claro";"Simples";"Reta";"Não";1;1;0;0;0;0;0;1;-6,21897482;-36,70948505;"SPRF-RN";"DEL03-RN";"UOP02-DEL03-RN"
743682;2026-01-04;"domingo";"18:45:00";"SC";101;21,3;"BIGUACU";"Velocidade Incompatível";"Colisão com objeto";"Com Vítimas Feridas";"Anoitecer";"Decrescente";"Nublado";"Dupla";"Curva";"Não";1;0;0;1;0;0;1;1;-27,500467;-48,714557;"SPRF-SC";"DEL01/SC";"UOP02-DEL01-SC"
743683;2026-01-04;"domingo";"17:45:00";"MG";381;925;"ITAPEVA";"Velocidade Incompatível";"Tombamento";"Com Vítimas Fatais";"Pleno dia";"Decrescente";"Nublado";"Dupla";"Declive;Curva";"Não";2;1;0;1;0;0;1;1;-22,770751;-46,20087;"SPRF-MG";"DEL16/MG";"UOP03-DEL16-MG"
743684;2026-01-04;"domingo";"18:03:00";"MT";364;354;"SANTO ANTONIO DO LEVERGER";"Acumulo de água sobre o pavimento";"Saída de leito carroçável";"Com Vítimas Feridas";"Plena Noite";"Crescente";"Chuva";"Dupla";"Reta";"Não";4;0;1;0;3;0;1;1;-15,81139313;-55,37411928;"SPRF-MT";"DEL05/MT";"UOP02-DEL05-MT"
743686;2026-01-04;"domingo";"16:40:00";"PR";277;279,1;"PRUDENTOPOLIS";"Acessar a via sem observar a presença dos outros veículos";"Colisão transversal";"Com Vítimas Feridas";"Pleno dia";"Decrescente";"Céu Claro";"Simples";"Curva";"Não";3;0;0;1;2;0;1;2;-25,35939137;-50,91716181;"SPRF-PR";"DEL08/PR";"UOP02-DEL08-PR"
743688;2026-01-04;"domingo";"16:30:00";"MG";365;460;"PATROCINIO";"Manobra de mudança de faixa";"Colisão frontal";"Com Vítimas Feridas";"Pleno dia";"Decrescente";"Céu Claro";"Simples";"Reta";"Não";4;0;3;1;0;0;4;2;-18,868699;-46,89986184;"SPRF-MG";"DEL10/MG";"UOP01-DEL10-MG"
743690;2026-01-04;"domingo";"18:15:00";"PE";232;180;"BELO JARDIM";"Transitar na contramão";"Colisão frontal";"Com Vítimas Fatais";"Plena Noite";"Crescente";"Céu Claro";"Simples";"Reta";"Sim";2;1;0;1;0;0;1;2;-8,34590632;-36,43582916;"SPRF-PE";"DEL03/PE";"UOP02-DEL03-PE"
743691;2026-01-04;"domingo";"08:15:00";"PR";116;14;"CAMPINA GRANDE DO SUL";"Chuva";"Saída de leito carroçável";"Com Vítimas Feridas";"Pleno dia";"Decrescente";"Garoa/Chuvisco";"Dupla";"Curva";"Não";2;0;1;0;1;0;1;1;-25,09962557;-48,67577299;"SPRF-PR";"DEL01/PR";"UOP02-DEL01-PR"
743692;2026-01-04;"domingo";"19:30:00";"SC";282;19;"PALHOCA";"Conversão proibida";"Colisão transversal";"Com Vítimas Feridas";"Plena Noite";"Decrescente";"Céu Claro";"Simples";"Curva";"Sim";2;0;1;0;1;0;1;2;-27,6761346;-48,6969652;"SPRF-SC";"DEL01/SC";"UOP02-DEL01-SC"
743693;2026-01-04;"domingo";"16:40:00";"SE";235;49;"ITABAIANA";"Ingestão de álcool pelo condutor";"Colisão traseira";"Com Vítimas Feridas";"Pleno dia";"Crescente";"Céu Claro";"Simples";"Reta";"Sim";3;0;0;1;2;0;1;3;-10,707054;-37,42652385;"SPRF-SE";"DEL01-SE";"UOP02-DEL01-SE"
743694;2026-01-04;"domingo";"18:50:00";"MT";364;54,3;"ALTO GARCAS";"Curva acentuada";"Saída de leito carroçável";"Com Vítimas Feridas";"Plena Noite";"Crescente";"Céu Claro";"Simples";"Curva";"Não";1;0;1;0;0;0;1;1;-16,9443328;-53,5330816;"SPRF-MT";"DEL02/MT";"UOP02-DEL02-MT"
743695;2026-01-04;"domingo";"19:35:00";"MT";70;238;"POXOREU";"Avarias e/ou desgaste excessivo no pneu";"Tombamento";"Com Vítimas Feridas";"Plena Noite";"Crescente";"Céu Claro";"Simples";"Reta";"Não";2;0;1;1;0;0;2;1;-15,6227127;-54,0263696;"SPRF-MT";"DEL05/MT";"UOP01-DEL05-MT"
743698;2026-01-04;"domingo";"20:50:00";"RS";392;109;"CANGUCU";"Ausência de reação do condutor";"Saída de leito carroçável";"Com Vítimas Feridas";"Plena Noite";"Crescente";"Céu Claro";"Dupla";"Reta";"Não";1;0;1;0;0;0;1;1;-31,470823;-52,629985;"SPRF-RS";"DEL07/RS";"UOP01-DEL07-RS"
743699;2026-01-04;"domingo";"19:30:00";"RO";364;177,7;"PIMENTA BUENO";"Condutor Dormindo";"Saída de leito carroçável";"Com Vítimas Feridas";"Plena Noite";"Crescente";"Nublado";"Simples";"Reta";"Não";4;0;2;0;2;0;2;1;-11,793367;-61,060793;"SPRF-RO";"DEL02-RO";"UOP02-DEL02-RO"
743700;2026-01-04;"domingo";"20:10:00";"PE";101;70,7;"RECIFE";"Condutor deixou de manter distância do veículo da frente";"Colisão traseira";"Com Vítimas Feridas";"Plena Noite";"Crescente";"Céu Claro";"Dupla";"Reta";"Sim";2;0;1;0;1;0;1;2;-8,072388;-34,942775;"SPRF-PE";"DEL01/PE";"UOP01-DEL01-PE"
743701;2026-01-04;"domingo";"20:30:00";"PR";153;45,1;"SANTO ANTONIO DA PLATINA";"Animais na Pista";"Atropelamento de Animal";"Com Vítimas Feridas";"Plena Noite";"Crescente";"Céu Claro";"Simples";"Reta";"Não";1;0;1;0;0;0;1;1;-23,32560261;-50,06708369;"SPRF-PR";"DEL07/PR";"UOP04-DEL07-PR"
743702;2026-01-04;"domingo";"19:00:00";"MG";116;189,7;"CARAI";"Transitar na contramão";"Colisão frontal";"Com Vítimas Fatais";"Plena Noite";"Crescente";"Chuva";"Simples";"Aclive;Curva";"Não";5;3;1;1;0;0;2;2;-17,16018;-41,495545;"SPRF-MG";"DEL11/MG";"UOP01-DEL11-MG"
743703;2026-01-04;"domingo";"18:46:00";"PI";343;345,9;"TERESINA";"Ausência de reação do condutor";"Colisão traseira";"Com Vítimas Feridas";"Plena Noite";"Decrescente";"Céu Claro";"Simples";"Reta";"Sim";7;0;1;0;5;1;1;3;-5,110915;-42,770777;"SPRF-PI";"DEL01-PI";"UOP01-DEL01-PI"
743704;2026-01-04;"domingo";"19:50:00";"SP";116;450;"REGISTRO";"Condutor deixou de manter distância do veículo da frente";"Colisão traseira";"Com Vítimas Feridas";"Plena Noite";"Decrescente";"Nublado";"Dupla";"Reta";"Sim";7;0;6;0;1;0;6;2;-24,53665179;-47,85893872;"SPRF-SP";"DEL05/SP";"UOP01-DEL05-SP"