"id";"data_inversa";"dia_semana";"horario";"uf";"br";"km";"municipio";"causa_acidente";"tipo_acidente";"classificacao_acidente";"fase_dia";"sentido_via";"condicao_metereologica";"tipo_pista";"tracado_via";"uso_solo";"pessoas";"mortos";"feridos_leves";"feridos_graves";"ilesos";"ignorados";"feridos";"veiculos";"latitude";"longitude";"regional";"delegacia";"uop"
743923;2026-01-05;"segunda-feira";"17:40:00";"MA";10;289;"IMPERATRIZ";"Transitar na contramão";"Colisão lateral sentido oposto";"Com Vítimas Feridas";"Anoitecer";"Crescente";"Sol";"Simples";"Reta;Declive";"Não";3;0;1;0;2;0;1;2;-5,198545;-47,519453;"SPRF-MA";"DEL04-MA";"UOP01-DEL04-MA"
743924;2026-01-05;"segunda-feira";"21:00:00";"ES";101;270,5;"SERRA";"Condutor deixou de manter distância do veículo da frente";"Colisão traseira";"Com Vítimas Feridas";"Plena Noite";"Decrescente";"Chuva";"Múltipla";"Reta;Interseção de Vias";"Sim";2;0;1;0;1;0;1;2;-20,230015;-40,2726609;"SPRF-ES";"DEL02-ES";"UOP01-DEL02-ES"
743926;2026-01-05;"segunda-feira";"22:00:00";"RN";304;37;"MOSSORO";"Velocidade Incompatível";"Saída de leito carroçável";"Com Vítimas Feridas";"Plena Noite";"Crescente";"Céu Claro";"Simples";"Retorno Regulamentado";"Sim";1;0;1;0;0;0;1;1;-5,178719;-37,366408;"SPRF-RN";"DEL04-RN";"UOP02-DEL04-RN"
743927;2026-01-05;"segunda-feira";"18:30:00";"RJ";101;185;"CASIMIRO DE ABREU";"Reação tardia ou ineficiente do condutor";"Tombamento";"Com Vítimas Feridas";"Anoitecer";"Decrescente";"Nublado";"Simples";"Curva";"Não";1;0;1;0;0;0;1;1;-22,4320108;-42,03350767;"SPRF-RJ";"DEL08/RJ";"UOP04-DEL08-RJ"
743928;2026-01-05;"segunda-feira";"20:39:00";"PA";230;9;"ALTAMIRA";"Reação tardia ou ineficiente do condutor";"Queda de ocupante de veículo";"Com Vítimas Feridas";"Plena Noite";"Decrescente";"Céu Claro";"Simples";"Reta";"Sim";2;0;1;0;1;0;1;2;-3,19272;-52,22766;"SPRF-PA";"DEL04/PA";"UOP01-DEL04-PA"
743929;2026-01-05;"segunda-feira";"21:30:00";"BA";324;1;"FEIRA DE SANTANA";"Ausência de reação do condutor";"Colisão lateral mesmo sentido";"Com Vítimas Feridas";"Plena Noite";"Decrescente";"Céu Claro";"Simples";"Reta";"Sim";3;0;1;1;1;0;2;3;-12,28211381;-38,94485791;"SPRF-BA";"DEL02/BA";"UOP01-DEL02-BA"
743931;2026-01-05;"segunda-feira";"21:25:00";"PE";101;42;"IGARASSU";"Acessar a via sem observar a presença dos outros veículos";"Colisão transversal";"Com Vítimas Feridas";"Plena Noite";"Decrescente";"Céu Claro";"Dupla";"Declive";"Sim";2;0;1;1;0;0;2;2;-7,846372;-34,90999;"SPRF-PE";"DEL01/PE";"UOP02-DEL01-PE"
743933;2026-01-05;"segunda-feira";"21:20:00";"SP";116;60,5;"GUARATINGUETA";"Velocidade Incompatível";"Capotamento";"Sem Vítimas";"Plena Noite";"Crescente";"Céu Claro";"Dupla";"Declive;Curva";"Não";1;0;0;0;0;1;0;1;-22,79587462;-45,1664656;"SPRF-SP";"DEL08/SP";"UOP01-DEL08-SP"
743934;2026-01-05;"segunda-feira";"21:20:00";"RS";470;224;"GARIBALDI";"Pedestre - Ingestão de álcool/ substâncias psicoativas";"Atropelamento de Pedestre";"Com Vítimas Feridas";"Plena Noite";"Crescente";"Céu Claro";"Simples";"Curva;Aclive";"Não";2;0;1;0;1;0;1;2;-29,23412794;-51,5161678;"SPRF-RS";"DEL06/RS";"UOP01-DEL06-RS"
743935;2026-01-05;"segunda-feira";"19:05:00";"PE";316;26;"ARARIPINA";"Pedestre andava na pista";"Atropelamento de Pedestre";"Com Vítimas Feridas";"Plena Noite";"Decrescente";"Céu Claro";"Simples";"Reta";"Não";2;0;0;2;0;0;2;2;-7,5904339;-40,495337;"SPRF-PE";"DEL05/PE";"UOP02-DEL05-PE"
743936;2026-01-05;"segunda-feira";"22:45:00";"SC";101;212,6;"PALHOCA";"Reação tardia ou ineficiente do condutor";"Colisão lateral mesmo sentido";"Com Vítimas Feridas";"Plena Noite";"Crescente";"Céu Claro";"Múltipla";"Reta";"Sim";2;0;2;0;0;0;2;2;-27,632;-48,661;"SPRF-SC";"DEL01/SC";"UOP02-DEL01-SC"
743937;2026-01-05;"segunda-feira";"23:40:00";"SP";153;32;"NOVA GRANADA";"Avarias e/ou desgaste excessivo no pneu";"Tombamento";"Com Vítimas Feridas";"Plena Noite";"Crescente";"Céu Claro";"Simples";"Reta";"Não";2;0;2;0;0;0;2;1;-20,56436;-49,320078;"SPRF-SP";"DEL09/SP";"UOP01-DEL09-SP"
743938;2026-01-05;"segunda-feira";"18:40:00";"BA";324;545;"AMELIA RODRIGUES";"Manobra de mudança de faixa";"Queda de ocupante de veículo";"Com Vítimas Feridas";"Plena Noite";"Decrescente";"Céu Claro";"Dupla";"Reta";"Não";1;0;0;1;0;0;1;1;-12,419127;-38,747835;"SPRF-BA";"DEL11/BA";"UOP02-DEL11-BA"
743939;2026-01-06;"terça-feira";"00:22:00";"MG";381;507,5;"SAO JOAQUIM DE BICAS";"Reação tardia ou ineficiente do condutor";"Atropelamento de Pedestre";"Com Vítimas Fatais";"Plena Noite";"Crescente";"Nublado";"Múltipla";"Aclive;Reta";"Sim";2;1;0;0;1;0;0;2;-20,0425;-44,2663;"SPRF-MG";"DEL01/MG";"UOP03-DEL01-MG"
743941;2026-01-06;"terça-feira";"01:00:00";"MG";381;484,2;"BETIM";"Mal súbito do condutor";"Colisão com objeto";"Com Vítimas Feridas";"Plena Noite";"Decrescente";"Céu Claro";"Dupla";"Curva;Aclive";"Sim";1;0;1;0;0;0;1;1;-19,95951;-44,08999;"SPRF-MG";"DEL01/MG";"UOP03-DEL01-MG"
743942;2026-01-06;"terça-feira";"00:40:00";"PR";153;461;"UNIAO DA VITORIA";"Velocidade Incompatível";"Saída de leito carroçável";"Sem Vítimas";"Plena Noite";"Decrescente";"Nublado";"Simples";"Curva";"Não";1;0;0;0;1;0;0;1;-26,25124401;-51,16260256;"SPRF-PR";"DEL02/PR";"UOP03-DEL02-PR"
743943;2026-01-06;"terça-feira";"00:30:00";"SC";101;130,1;"CAMBORIU";"Reação tardia ou ineficiente do condutor";"Colisão frontal";"Com Vítimas Feridas";"Plena Noite";"Crescente";"Nublado";"Simples";"Reta";"Não";2;0;0;2;0;0;2;2;-26,98469;-48,66843;"SPRF-SC";"DEL04/SC";"UOP03-DEL04-SC"
743944;2026-01-06;"terça-feira";"00:15:00";"PR";376;165,5;"MARINGA";"Acessar a via sem observar a presença dos outros veículos";"Colisão traseira";"Com Vítimas Feridas";"Plena Noite";"Decrescente";"Céu Claro";"Dupla";"Aclive;Reta";"Sim";2;0;1;0;1;0;1;2;-23,38393;-52,03027;"SPRF-PR";"DEL09/PR";"UOP01-DEL09-PR"
743945;2026-01-06;"terça-feira";"00:50:00";"RN";226;124,2;"LAJES PINTADAS";"Condutor Dormindo";"Saída de leito carroçável";"Com Vítimas Feridas";"Plena Noite";"Decrescente";"Céu Claro";"Simples";"Reta";"Não";3;0;1;0;2;0;1;1;-6,1807853;-36,1114587;"SPRF-RN";"DEL03-RN";"UOP02-DEL03-RN"
743946;2026-01-06;"terça-feira";"00:00:00";"MS";262;261,1;"RIBAS DO RIO PARDO";"Demais falhas mecânicas ou elétricas";"Incêndio";"Sem Vítimas";"Plena Noite";"Crescente";"Céu Claro";"Simples";"Reta;Aclive";"Não";1;0;0;0;1;0;0;1;-20,41853;-53,944229;"SPRF-MS";"DEL01/MS";"UOP05-DEL01-MS"
743948;2026-01-06;"terça-feira";"02:53:00";"GO";60;186;"GUAPO";"Manobra de mudança de faixa";"Colisão lateral mesmo sentido";"Com Vítimas Feridas";"Plena Noite";"Crescente";"Céu Claro";"Dupla";"Reta";"Não";2;0;1;0;1;0;1;2;-16,817648;-49,53145;"SPRF-GO";"DEL01/GO";"UOP02-DEL01-GO"
743949;2026-01-06;"terça-feira";"01:45:00";"DF";70;11;"BRASILIA";"Acessar a via sem observar a presença dos outros veículos";"Colisão traseira";"Com Vítimas Feridas";"Plena Noite";"Crescente";"Chuva";"Dupla";"Reta";"Não";3;0;2;0;1;0;2;2;-15,79089315;-48,15391051;"SPRF-DF";"DEL03-DF";"UOP02-DEL03-DF"
743950;2026-01-06;"terça-feira";"01:20:00";"MT";70;362,3;"CAMPO VERDE";"Animais na Pista";"Atropelamento de Animal";"Sem Vítimas";"Plena Noite";"Decrescente";"Céu Claro";"Simples";"Declive;Reta";"Não";1;0;0;0;1;0;0;1;-15,4749517;-54,9892667;"SPRF-MT";"DEL05/MT";"UOP02-DEL05-MT"
743951;2026-01-06;"terça-feira";"01:30:00";"ES";262;29,8;"DOMINGOS MARTINS";"Reação tardia ou ineficiente do condutor";"Saída de leito carroçável";"Com Vítimas Feridas";"Plena Noite";"Decrescente";"Chuva";"Simples";"Curva";"Não";1;0;1;0;0;0;1;1;-20,3736692;-40,562613;"SPRF-ES";"DEL01-ES";"UOP01-DEL01-ES"
743952;2026-01-06;"terça-feira";"02:45:00";"MG";381;426,9;"SABARA";"Velocidade Incompatível";"Saída de leito carroçável";"Com Vítimas Feridas";"Plena Noite";"Crescente";"Chuva";"Simples";"Curva;Declive";"Não";1;0;1;0;0;0;1;1;-19,78692944;-43,71809109;"SPRF-MG";"DEL01/MG";"UOP01-DEL01-MG"
743954;2026-01-06;"terça-feira";"04:30:00";"PA";316;97;"IGARAPE-ACU";"Ausência de reação do condutor";"Tombamento";"Com Vítimas Feridas";"Plena Noite";"Decrescente";"Céu Claro";"Simples";"Reta";"Não";1;0;0;1;0;0;1;1;-1,332933;-47,615458;"SPRF-PA";"DEL01/PA";"UOP02-DEL01-PA"
743955;2026-01-05;"segunda-feira";"14:10:00";"BA";418;114;"MUCURI";"Retorno proibido";"Colisão traseira";"Com Vítimas Feridas";"Pleno dia";"Crescente";"Céu Claro";"Simples";"Reta";"Não";2;0;1;0;1;0;1;2;-17,88724579;-40,11051179;"SPRF-BA";"DEL09/BA";"UOP02-DEL09-BA"
743956;2026-01-06;"terça-feira";"06:25:00";"PR";153;42,4;"SANTO ANTONIO DA PLATINA";"Acessar a via sem observar a presença dos outros veículos";"Colisão transversal";"Com Vítimas Feridas";"Amanhecer";"Crescente";"Céu Claro";"Simples";"Interseção de Vias";"Sim";2;0;1;0;1;0;1;2;-23,30653676;-50,07033912;"SPRF-PR";"DEL07/PR";"UOP04-DEL07-PR"
743957;2026-01-05;"segunda-feira";"21:30:00";"PR";153;123;"IBAITI";"Demais falhas mecânicas ou elétricas";"Incêndio";"Sem Vítimas";"Plena Noite";"Decrescente";"Nublado";"Simples";"Reta";"Não";5;0;0;0;5;0;0;1;-23,95594405;-50,23759724;"SPRF-PR";"DEL07/PR";"UOP04-DEL07-PR"
743958;2026-01-06;"terça-feira";"05:30:00";"MG";50;0,5;"ARAGUARI";"Chuva";"Capotamento";"Sem Vítimas";"Amanhecer";"Crescente";"Chuva";"Dupla";"Aclive;Curva";"Não";2;0;0;0;1;1;0;1;-18,42487394;-48,06560867;"SPRF-MG";"DEL15/MG";"UOP02-DEL15-MG"
743959;2026-01-06;"terça-feira";"07:30:00";"PR";376;161,4;"MARINGA";"Desrespeitar a preferência no cruzamento";"Colisão transversal";"Com Vítimas Feridas";"Pleno dia";"Crescente";"Céu Claro";"Dupla";"Reta;Interseção de Vias";"Sim";3;0;0;1;2;0;1;2;-23,36801745;-52,06660001;"SPRF-PR";"DEL09/PR";"UOP02-DEL09-PR"
743960;2026-01-05;"segunda-feira";"19:00:00";"AP";210;2;"MACAPA";"Condutor deixou de manter distância do veículo da frente";"Colisão traseira";"Sem Vítimas";"Plena Noite";"Decrescente";"Céu Claro";"Simples";"Reta";"Sim";2;0;0;0;2;0;0;2;0,08188245;-51,0783577;"SPRF-AP";"DEL01-AP";"UOP01-DEL01-AP"
743962;2026-01-06;"terça-feira";"07:20:00";"MG";381;877;"POUSO ALEGRE";"Reação tardia ou ineficiente do condutor";"Tombamento";"Com Vítimas Feridas";"Pleno dia";"Crescente";"Nublado";"Dupla";"Reta";"Não";1;0;1;0;0;0;1;1;-22,3973687;-45,95989444;"SPRF-MG";"DEL16/MG";"UOP01-DEL16-MG"
743963;2026-01-06;"terça-feira";"07:10:00";"RS";116;244;"SAO LEOPOLDO";"Condutor deixou de manter distância do veículo da frente";"Tombamento";"Com Vítimas Feridas";"Pleno dia";"Decrescente";"Céu Claro";"Múltipla";"Reta";"Sim";1;0;1;0;0;0;1;1;-29,7422556;-51,15050839;"SPRF-RS";"DEL01/RS";"UOP02-DEL01-RS"
743965;2026-01-06;"terça-feira";"07:00:00";"PR";116;111;"CURITIBA";"Trafegar com motocicleta (ou similar) entre as faixas";"Colisão lateral mesmo sentido";"Com Vítimas Feridas";"Pleno dia";"Decrescente";"Céu Claro";"Dupla";"Reta";"Sim";2;0;1;0;0;1;1;2;-25,55871728;-49,2675647;"SPRF-PR";"DEL01/PR";"UOP03-DEL01-PR"
743968;2026-01-06;"terça-feira";"06:50:00";"GO";20;141;"FLORES DE GOIAS";"Transitar na contramão";"Colisão frontal";"Com Vítimas Feridas";"Pleno dia";"Decrescente";"Céu Claro";"Simples";"Reta";"Sim";9;0;1;0;8;0;1;2;-14,79823079;-46,7023735;"SPRF-DF";"DEL02-DF";"UOP03-DEL02-DF"
743969;2026-01-06;"terça-feira";"07:05:00";"MG";251;471,5;"FRANCISCO SA";"Condutor deixou de manter distância do veículo da frente";"Colisão traseira";"Sem Vítimas";"Pleno dia";"Crescente";"Chuva";"Simples";"Curva;Declive";"Não";3;0;0;0;3;0;0;2;-16,476573;-43,420649;"SPRF-MG";"DEL12/MG";"UOP01-DEL12-MG"
743971;2026-01-06;"terça-feira";"08:08:00";"PE";101;70;"RECIFE";"Manobra de mudança de faixa";"Colisão lateral mesmo sentido";"Com Vítimas Feridas";"Pleno dia";"Crescente";"Céu Claro";"Dupla";"Interseção de Vias";"Sim";2;0;1;0;1;0;1;2;-8,069493;-34,940215;"SPRF-PE";"DEL01/PE";"UOP01-DEL01-PE"
743972;2026-01-06;"terça-feira";"07:45:00";"SP";116;206;"GUARULHOS";"Trafegar com motocicleta (ou similar) entre as faixas";"Colisão traseira";"Com Vítimas Feridas";"Pleno dia";"Crescente";"Céu Claro";"Dupla";"Reta";"Sim";2;0;1;0;1;0;1;2;-23,41761665;-46,37699096;"SPRF-SP";"DEL01/SP";"UOP01-DEL01-SP"
743973;2026-01-06;"terça-feira";"07:00:00";"RO";319;142;"PORTO VELHO";"Condutor deixou de manter distância do veículo da frente";"Colisão traseira";"Com Vítimas Feridas";"Pleno dia";"Crescente";"Nublado";"Múltipla";"Reta";"Sim";2;0;1;0;0;1;1;2;-8,74867309;-63,88833968;"SPRF-RO";"DEL01-RO";"UOP01-DEL01-RO"
743974;2026-01-06;"terça-feira";"07:30:00";"GO";20;54;"FORMOSA";"Chuva";"Colisão frontal";"Com Vítimas Feridas";"Pleno dia";"Decrescente";"Chuva";"Simples";"Curva";"Não";3;0;2;1;0;0;3;2;-15,300403;-47,146752;"SPRF-DF";"DEL02-DF";"UOP02-DEL02-DF"
743976;2026-01-06;"terça-feira";"08:50:00";"TO";153;149;"ARAGUAINA";"Avarias e/ou desgaste excessivo no pneu";"Tombamento";"Com Vítimas Feridas";"Pleno dia";"Crescente";"Céu Claro";"Simples";"Reta";"Não";2;0;2;0;0;0;2;1;-7,24406367;-48,25481462;"SPRF-TO";"DEL02-TO";"UOP01-DEL02-TO"
743977;2026-01-06;"terça-feira";"07:34:00";"SP";116;60;"GUARATINGUETA";"Ausência de reação do condutor";"Colisão traseira";"Com Vítimas Feridas";"Pleno dia";"Decrescente";"Céu Claro";"Dupla";"Reta";"Não";1;0;1;0;0;0;1;1;-22,80791213;-45,17613071;"SPRF-SP";"DEL08/SP";"UOP01-DEL08-SP"
743978;2026-01-06;"terça-feira";"08:00:00";"SC";470;31,9;"GASPAR";"Desrespeitar a preferência no cruzamento";"Colisão lateral mesmo sentido";"Com Vítimas Feridas";"Pleno dia";"Decrescente";"Nublado";"Simples";"Rotatória";"Não";2;0;1;0;1;0;1;2;-26,90446173;-48,93288938;"SPRF-SC";"DEL04/SC";"UOP01-DEL04-SC"
743980;2026-01-06;"terça-feira";"08:50:00";"RJ";116;192;"NOVA IGUACU";"Avarias e/ou desgaste excessivo no pneu";"Queda de ocupante de veículo";"Com Vítimas Feridas";"Pleno dia";"Decrescente";"Nublado";"Dupla";"Reta";"Sim";1;0;1;0;0;0;1;1;-22,7385188;-43,4928245;"SPRF-RJ";"DEL06/RJ";"UOP01-DEL06-RJ"
743982;2026-01-06;"terça-feira";"09:00:00";"MG";251;475,4;"FRANCISCO SA";"Ultrapassagem Indevida";"Saída de leito carroçável";"Com Vítimas Feridas";"Pleno dia";"Crescente";"Chuva";"Simples";"Reta;Declive";"Não";4;0;1;0;3;0;1;1;-16,46983919;-43,44561077;"SPRF-MG";"DEL12/MG";"UOP01-DEL12-MG"
743983;2026-01-06;"terça-feira";"08:55:00";"SC";101;30;"JOINVILLE";"Ultrapassagem Indevida";"Colisão traseira";"Com Vítimas Feridas";"Pleno dia";"Decrescente";"Nublado";"Dupla";"Aclive;Interseção de Vias;Reta";"Não";3;0;1;0;1;1;1;3;-26,227875;-48,91633;"SPRF-SC";"DEL03/SC";"UOP01-DEL03-SC"
743987;2026-01-06;"terça-feira";"10:30:00";"PR";376;98,8;"PARANAVAI";"Velocidade Incompatível";"Saída de leito carroçável";"Com Vítimas Feridas";"Pleno dia";"Crescente";"Céu Claro";"Simples";"Reta;Declive";"Não";3;0;2;1;0;0;3;1;-23,01835442;-52,50421699;"SPRF-PR";"DEL09/PR";"UOP02-DEL09-PR"
743989;2026-01-06;"terça-feira";"08:15:00";"MA";316;264;"SANTA INES";"Acessar a via sem observar a presença dos outros veículos";"Colisão transversal";"Com Vítimas Feridas";"Pleno dia";"Crescente";"Céu Claro";"Simples";"Interseção de Vias;Reta";"Sim";2;0;1;0;0;1;1;2;-3,67459494;-45,35908252;"SPRF-MA";"DEL02-MA";"UOP01-DEL02-MA"
743991;2026-01-06;"terça-feira";"09:50:00";"ES";101;23;"PINHEIROS";"Avarias e/ou desgaste excessivo no pneu";"Tombamento";"Com Vítimas Feridas";"Pleno dia";"Decrescente";"Céu Claro";"Simples";"Reta";"Não";2;0;2;0;0;0;2;1;-18,34439313;-39,95923877;"SPRF-ES";"DEL04-ES";"UOP02-DEL04-ES"
743993;2026-01-06;"terça-feira";"08:50:00";"RS";116;246;"SAO LEOPOLDO";"Frear bruscamente";"Engavetamento";"Com Vítimas Feridas";"Pleno dia";"Crescente";"Céu Claro";"Múltipla";"Reta;Ponte";"Sim";8;0;1;0;6;1;1;6;-29,75763682;-51,15195678;"SPRF-RS";"DEL01/RS";"UOP02-DEL01-RS"
743994;2026-01-06;"terça-feira";"11:10:00";"SP";116;445;"REGISTRO";"Ausência de reação do condutor";"Colisão lateral mesmo sentido";"Com Vítimas Feridas";"Pleno dia";"Decrescente";"Céu Claro";"Dupla";"Reta";"Sim";2;0;1;0;0;1;1;2;-24,47777583;-47,8216192;"SPRF-SP";"DEL05/SP";"UOP01-DEL05-SP"
743996;2026-01-05;"segunda-feira";"20:30:00";"BA";101;577;"CAMACAN";"Reação tardia ou ineficiente do condutor";"Saída de leito carroçável";"Com Vítimas Feridas";"Plena Noite";"Decrescente";"Céu Claro";"Simples";"Reta";"Não";5;0;1;0;4;0;1;1;-15,335814;-39,500971;"SPRF-BA";"DEL05/BA";"UOP02-DEL05-BA"
743997;2026-01-06;"terça-feira";"11:20:00";"MG";40;608,4;"CONGONHAS";"Ausência de reação do condutor";"Colisão traseira";"Com Vítimas Feridas";"Pleno dia";"Crescente";"Céu Claro";"Dupla";"Reta";"Não";3;0;1;0;2;0;1;2;-20,4907017;-43,8372371;"SPRF-MG";"DEL05/MG";"UOP02-DEL05-MG"
744001;2026-01-06;"terça-feira";"09:28:00";"MG";251;475,3;"FRANCISCO SA";"Condutor deixou de manter distância do veículo da frente";"Colisão traseira";"Sem Vítimas";"Pleno dia";"Crescente";"Chuva";"Simples";"Reta;Aclive";"Não";5;0;0;0;5;0;0;2;-16,470232;-43,448643;"SPRF-MG";"DEL12/MG";"UOP01-DEL12-MG"
744005;2026-01-06;"terça-feira";"11:15:00";"PE";101;70,3;"RECIFE";"Reação tardia ou ineficiente do condutor";"Colisão traseira";"Com Vítimas Feridas";"Pleno dia";"Decrescente";"Céu Claro";"Dupla";"Reta";"Sim";4;0;3;0;1;0;3;3;-8,07173;-34,94251;"SPRF-PE";"DEL01/PE";"UOP01-DEL01-PE"
744007;2026-01-06;"terça-feira";"11:40:00";"RS";285;124,3;"VACARIA";"Desrespeitar a preferência no cruzamento";"Colisão transversal";"Com Vítimas Feridas";"Pleno dia";"Decrescente";"Céu Claro";"Simples";"Rotatória";"Sim";2;0;1;0;1;0;1;2;-28,487051;-50,959785;"SPRF-RS";"DEL05/RS";"UOP03-DEL05-RS"
744008;2026-01-06;"terça-feira";"12:30:00";"BA";116;510;"SANTA TERESINHA";"Acessar a via sem observar a presença dos outros veículos";"Colisão transversal";"Com Vítimas Feridas";"Pleno dia";"Crescente";"Céu Claro";"Simples";"Reta";"Não";2;0;0;1;1;0;1;2;-12,6602;-39,6284;"SPRF-BA";"DEL02/BA";"UOP01-DEL02-BA"
744010;2026-01-02;"sexta-feira";"19:20:00";"PR";116;121;"CURITIBA";"Manobra de mudança de faixa";"Colisão lateral mesmo sentido";"Com Vítimas Feridas";"Plena Noite";"Crescente";"Nublado";"Dupla";"Reta";"Não";5;0;1;0;3;1;1;3;-25,59389;-49,316035;"SPRF-PR";"DEL01/PR";"UOP03-DEL01-PR"
744011;2026-01-06;"terça-feira";"11:25:00";"RJ";393;286;"VOLTA REDONDA";"Condutor desrespeitou a iluminação vermelha do semáforo";"Colisão transversal";"Com Vítimas Feridas";"Pleno dia";"Crescente";"Céu Claro";"Simples";"Interseção de Vias;Reta";"Sim";2;0;2;0;0;0;2;2;-22,50668937;-44,07769561;"SPRF-RJ";"DEL05/RJ";"UOP04-DEL05-RJ"
744012;2026-01-06;"terça-feira";"09:40:00";"CE";20;200,9;"BOA VIAGEM";"Condutor deixou de manter distância do veículo da frente";"Colisão traseira";"Com Vítimas Fatais";"Pleno dia";"Crescente";"Céu Claro";"Simples";"Reta;Aclive";"Não";6;1;0;0;5;0;0;2;-5,14352934;-39,74263128;"SPRF-CE";"DEL02/CE";"UOP02-DEL02-CE"
744015;2026-01-06;"terça-feira";"12:35:00";"MG";381;693;"LAVRAS";"Reação tardia ou ineficiente do condutor";"Saída de leito carroçável";"Com Vítimas Feridas";"Pleno dia";"Decrescente";"Céu Claro";"Dupla";"Curva;Declive";"Não";2;0;1;0;1;0;1;1;-21,230525;-45,134001;"SPRF-MG";"DEL04/MG";"UOP02-DEL04-MG"
744016;2026-01-06;"terça-feira";"13:40:00";"RJ";101;108;"CAMPOS DOS GOYTACAZES";"Chuva";"Colisão com objeto";"Com Vítimas Feridas";"Pleno dia";"Crescente";"Chuva";"Dupla";"Reta";"Não";2;0;1;0;1;0;1;1;-21,939824;-41,631794;"SPRF-RJ";"DEL08/RJ";"UOP02-DEL08-RJ"
744018;2026-01-01;"quinta-feira";"01:46:00";"PR";277;12,8;"PARANAGUA";"Ausência de reação do condutor";"Saída de leito carroçável";"Com Vítimas Feridas";"Plena Noite";"Decrescente";"Céu Claro";"Dupla";"Reta";"Não";1;0;1;0;0;0;1;1;-25,56260089;-48,63973467;"SPRF-PR";"DEL01/PR";"UOP05-DEL01-PR"
744020;2026-01-06;"terça-feira";"01:45:00";"MA";226;434,9;"GRAJAU";"Reação tardia ou ineficiente do condutor";"Saída de leito carroçável";"Com Vítimas Feridas";"Plena Noite";"Decrescente";"Nublado";"Simples";"Reta;Declive";"Não";7;0;4;2;1;0;6;1;-5,888192;-46,274363;"SPRF-MA";"DEL04-MA";"UOP02-DEL04-MA"
744021;2026-01-06;"terça-feira";"11:30:00";"RJ";356;92;"CARDOSO MOREIRA";"Velocidade Incompatível";"Saída de leito carroçável";"Com Vítimas Feridas";"Pleno dia";"Crescente";"Chuva";"Simples";"Reta";"Não";1;0;1;0;0;0;1;1;-21,5135969;-41,59590197;"SPRF-RJ";"DEL08/RJ";"UOP03-DEL08-RJ"
744022;2026-01-06;"terça-feira";"11:50:00";"RO";364;35;"VILHENA";"Ausência de reação do condutor";"Saída de leito carroçável";"Com Vítimas Feridas";"Pleno dia";"Decrescente";"Garoa/Chuvisco";"Simples";"Reta";"Não";5;0;5;0;0;0;5;1;-12,66616702;-60,31044961;"SPRF-RO";"DEL04-RO";"UOP01-DEL04-RO"
744025;2026-01-06;"terça-feira";"12:30:00";"GO";20;94;"VILA BOA";"Reação tardia ou ineficiente do condutor";"Colisão com objeto";"Com Vítimas Feridas";"Pleno dia";"Crescente";"Nublado";"Simples";"Reta";"Não";1;0;1;0;0;0;1;1;-14,986632;-47,022832;"SPRF-DF";"DEL02-DF";"UOP02-DEL02-DF"
744027;2026-01-06;"terça-feira";"13:50:00";"SP";116;142,9;"SAO JOSE DOS CAMPOS";"Manobra de mudança de faixa";"Colisão lateral mesmo sentido";"Com Vítimas Feridas";"Pleno dia";"Crescente";"Sol";"Dupla";"Reta";"Sim";2;0;1;0;1;0;1;2;-23,17650012;-45,83430648;"SPRF-SP";"DEL02/SP";"UOP01-DEL02-SP"
744029;2026-01-06;"terça-feira";"12:10:00";"MT";163;538;"DIAMANTINO";"Condutor Dormindo";"Saída de leito carroçável";"Sem Vítimas";"Pleno dia";"Crescente";"Nublado";"Dupla";"Curva;Declive";"Não";2;0;0;0;2;0;0;1;-14,303007;-56,140513;"SPRF-MT";"DEL01/MT";"UOP01-DEL01-MT"
744030;2026-01-06;"terça-feira";"14:51:00";"TO";153;494;"PARAISO DO TOCANTINS";"Acesso irregular";"Colisão transversal";"Com Vítimas Feridas";"Pleno dia";"Crescente";"Garoa/Chuvisco";"Simples";"Reta";"Sim";2;0;1;0;0;1;1;2;-10,15504;-48,88388;"SPRF-TO";"DEL01-TO";"UOP01-DEL01-TO"
744032;2026-01-06;"terça-feira";"13:20:00";"RO";364;422;"JARU";"Reação tardia ou ineficiente do condutor";"Colisão traseira";"Com Vítimas Feridas";"Pleno dia";"Crescente";"Garoa/Chuvisco";"Simples";"Reta";"Sim";2;0;1;0;1;0;1;2;-10,46302412;-62,45376203;"SPRF-RO";"DEL03-RO";"UOP02-DEL03-RO"
744034;2026-01-06;"terça-feira";"14:30:00";"GO";153;512;"APARECIDA DE GOIANIA";"Condutor deixou de manter distância do veículo da frente";"Colisão traseira";"Sem Vítimas";"Pleno dia";"Crescente";"Nublado";"Dupla";"Reta";"Sim";2;0;0;0;2;0;0;2;-16,799892;-49,238968;"SPRF-GO";"DEL01/GO";"UOP03-DEL01-GO"
744035;2026-01-06;"terça-feira";"14:05:00";"BA";242;415;"SEABRA";"Demais falhas mecânicas ou elétricas";"Colisão com objeto";"Com Vítimas Feridas";"Pleno dia";"Decrescente";"Nublado";"Simples";"Aclive;Reta";"Sim";2;0;1;0;1;0;1;2;-12,42793303;-41,77406357;"SPRF-BA";"DEL06/BA";"UOP01-DEL06-BA"