"id";"data_inversa";"dia_semana";"horario";"uf";"br";"km";"municipio";"causa_acidente";"tipo_acidente";"classificacao_acidente";"fase_dia";"sentido_via";"condicao_metereologica";"tipo_pista";"tracado_via";"uso_solo";"pessoas";"mortos";"feridos_leves";"feridos_graves";"ilesos";"ignorados";"feridos";"veiculos";"latitude";"longitude";"regional";"delegacia";"uop"
744166;2026-01-07;"quarta-feira";"10:00:00";"PB";230;2;"CABEDELO";"Ausência de reação do condutor";"Colisão traseira";"Com Vítimas Feridas";"Pleno dia";"Decrescente";"Céu Claro";"Simples";"Reta";"Sim";3;0;1;0;2;0;1;2;-6,97722716;-34,83116627;"SPRF-PB";"DEL01-PB";"UOP01-DEL01-PB"
744167;2026-01-07;"quarta-feira";"11:30:00";"PI";135;227;"COLONIA DO GURGUEIA";"Acessar a via sem observar a presença dos outros veículos";"Colisão transversal";"Com Vítimas Feridas";"Pleno dia";"Crescente";"Céu Claro";"Simples";"Reta";"Sim";2;0;0;1;1;0;1;2;-8,202403;-43,79403;"SPRF-PI";"DEL03-PI";"UOP02-DEL03-PI"
744169;2026-01-07;"quarta-feira";"11:36:00";"CE";116;41;"HORIZONTE";"Manobra de mudança de faixa";"Colisão transversal";"Com Vítimas Feridas";"Pleno dia";"Decrescente";"Nublado";"Múltipla";"Declive;Reta";"Sim";2;0;1;0;1;0;1;2;-4,1110695;-38,4913491;"SPRF-CE";"DEL01/CE";"UOP02-DEL01-CE"
744172;2026-01-07;"quarta-feira";"06:30:00";"BA";101;615;"MASCOTE";"Acessar a via sem observar a presença dos outros veículos";"Colisão transversal";"Com Vítimas Fatais";"Pleno dia";"Crescente";"Céu Claro";"Simples";"Curva";"Não";2;1;0;0;1;0;0;2;-15,55250874;-39,39787209;"SPRF-BA";"DEL05/BA";"UOP02-DEL05-BA"
744173;2026-01-04;"domingo";"07:40:00";"RJ";116;174;"SAO JOAO DE MERITI";"Ausência de reação do condutor";"Colisão com objeto";"Com Vítimas Feridas";"Pleno dia";"Crescente";"Nublado";"Dupla";"Reta";"Não";1;0;1;0;0;0;1;1;-22,79236426;-43,36717844;"SPRF-RJ";"DEL06/RJ";"UOP01-DEL06-RJ"
744175;2026-01-07;"quarta-feira";"10:50:00";"MA";135;80;"SANTA RITA";"Demais falhas mecânicas ou elétricas";"Colisão com objeto";"Com Vítimas Feridas";"Pleno dia";"Crescente";"Céu Claro";"Simples";"Reta";"Não";1;0;1;0;0;0;1;1;-3,22193;-44,36208;"SPRF-MA";"DEL01-MA";"UOP02-DEL01-MA"
744177;2026-01-07;"quarta-feira";"12:07:00";"MG";381;627,6;"OLIVEIRA";"Ausência de reação do condutor";"Saída de leito carroçável";"Com Vítimas Feridas";"Pleno dia";"Crescente";"Chuva";"Dupla";"Aclive;Reta";"Não";5;0;4;0;1;0;4;1;-20,817608;-44,797176;"SPRF-MG";"DEL04/MG";"UOP01-DEL04-MG"
744178;2026-01-07;"quarta-feira";"11:57:00";"MG";381;630;"OLIVEIRA";"Velocidade Incompatível";"Saída de leito carroçável";"Com Vítimas Feridas";"Pleno dia";"Crescente";"Chuva";"Dupla";"Declive";"Não";2;0;1;0;1;0;1;1;-20,814553;-44,79208499;"SPRF-MG";"DEL04/MG";"UOP01-DEL04-MG"
744179;2026-01-07;"quarta-feira";"12:03:00";"SP";116;204,5;"ARUJA";"Reação tardia ou ineficiente do condutor";"Colisão traseira";"Sem Vítimas";"Pleno dia";"Decrescente";"Chuva";"Dupla";"Reta";"Sim";3;0;0;0;1;2;0;3;-23,41311981;-46,36105511;"SPRF-SP";"DEL01/SP";"UOP01-DEL01-SP"
744181;2026-01-06;"terça-feira";"19:11:00";"AC";364;734;"CRUZEIRO DO SUL";"Transitar na contramão";"Colisão frontal";"Com Vítimas Feridas";"Plena Noite";"Decrescente";"Nublado";"Simples";"Reta";"Sim";3;0;0;1;1;1;1;3;-7,74149435;-72,48373657;"SPRF-AC";"DEL01-AC";"UOP03-DEL01-AC"
744182;2026-01-07;"quarta-feira";"10:30:00";"SC";280;139,4;"RIO NEGRINHO";"Reação tardia ou ineficiente do condutor";"Colisão transversal";"Com Vítimas Feridas";"Pleno dia";"Decrescente";"Céu Claro";"Simples";"Curva";"Não";2;0;1;0;1;0;1;2;-26,25377;-49,60667;"SPRF-SC";"DEL06/SC";"UOP03-DEL06-SC"
744183;2026-01-07;"quarta-feira";"11:00:00";"RS";293;141;"CANDIOTA";"Problema com o freio";"Eventos atípicos";"Sem Vítimas";"Pleno dia";"Crescente";"Céu Claro";"Simples";"Reta";"Não";2;0;0;0;2;0;0;1;-31,44326619;-53,68913144;"SPRF-RS";"DEL11/RS";"UOP03-DEL11-RS"
744184;2026-01-07;"quarta-feira";"10:00:00";"BA";110;341;"ALAGOINHAS";"Acessar a via sem observar a presença dos outros veículos";"Colisão transversal";"Com Vítimas Feridas";"Pleno dia";"Decrescente";"Sol";"Dupla";"Reta";"Sim";2;0;1;0;1;0;1;2;-12,16483712;-38,413014;"SPRF-BA";"DEL01/BA";"UOP04-DEL01-BA"
744185;2026-01-07;"quarta-feira";"12:15:00";"MG";381;855;"POUSO ALEGRE";"Mal súbito do condutor";"Saída de leito carroçável";"Com Vítimas Feridas";"Pleno dia";"Crescente";"Céu Claro";"Dupla";"Reta";"Não";3;0;1;0;2;0;1;1;-22,27855979;-45,89447057;"SPRF-MG";"DEL16/MG";"UOP01-DEL16-MG"
744186;2026-01-07;"quarta-feira";"11:40:00";"SC";101;328;"TUBARAO";"Reação tardia ou ineficiente do condutor";"Colisão traseira";"Sem Vítimas";"Pleno dia";"Decrescente";"Céu Claro";"Dupla";"Reta";"Não";3;0;0;0;3;0;0;3;-28,452843;-48,975445;"SPRF-SC";"DEL02/SC";"UOP01-DEL02-SC"
744187;2026-01-07;"quarta-feira";"10:00:00";"CE";222;316;"TIANGUA";"Conversão proibida";"Colisão transversal";"Com Vítimas Feridas";"Pleno dia";"Decrescente";"Nublado";"Simples";"Reta";"Não";5;0;2;2;1;0;4;2;-3,75804;-41,02348;"SPRF-CE";"DEL04/CE";"UOP02-DEL04-CE"
744188;2026-01-07;"quarta-feira";"12:30:00";"MG";365;384;"PATOS DE MINAS";"Chuva";"Capotamento";"Com Vítimas Fatais";"Pleno dia";"Decrescente";"Chuva";"Simples";"Reta";"Não";1;1;0;0;0;0;0;1;-18,597;-46,2799;"SPRF-MG";"DEL10/MG";"UOP01-DEL10-MG"
744190;2026-01-07;"quarta-feira";"09:00:00";"BA";116;410;"FEIRA DE SANTANA";"Velocidade Incompatível";"Colisão traseira";"Com Vítimas Feridas";"Pleno dia";"Decrescente";"Céu Claro";"Dupla";"Reta";"Não";3;0;1;0;2;0;1;2;-12,122024;-38,968323;"SPRF-BA";"DEL02/BA";"UOP01-DEL02-BA"
744191;2026-01-07;"quarta-feira";"12:30:00";"RJ";116;186;"NOVA IGUACU";"Ausência de reação do condutor";"Engavetamento";"Com Vítimas Feridas";"Pleno dia";"Crescente";"Nublado";"Dupla";"Reta";"Sim";6;0;1;0;5;0;1;4;-22,740763;-43,456439;"SPRF-RJ";"DEL06/RJ";"UOP01-DEL06-RJ"
744192;2026-01-07;"quarta-feira";"13:20:00";"MS";163;243;"DOURADOS";"Ingestão de álcool pelo condutor";"Saída de leito carroçável";"Sem Vítimas";"Pleno dia";"Crescente";"Céu Claro";"Dupla";"Reta";"Não";1;0;0;0;1;0;0;1;-22,36718626;-54,7983226;"SPRF-MS";"DEL04/MS";"UOP02-DEL04-MS"
744195;2026-01-07;"quarta-feira";"14:00:00";"GO";60;3,4;"SANTO ANTONIO DO DESCOBERTO";"Chuva";"Saída de leito carroçável";"Com Vítimas Feridas";"Pleno dia";"Crescente";"Chuva";"Dupla";"Declive";"Sim";1;0;1;0;0;0;1;1;-16,080703;-48,270548;"SPRF-DF";"DEL03-DF";"UOP01-DEL03-DF"
744196;2026-01-07;"quarta-feira";"14:05:00";"PE";101;75;"RECIFE";"Condutor deixou de manter distância do veículo da frente";"Colisão lateral mesmo sentido";"Com Vítimas Feridas";"Pleno dia";"Crescente";"Céu Claro";"Dupla";"Reta";"Sim";2;0;1;0;1;0;1;2;-8,113973;-34,945115;"SPRF-PE";"DEL01/PE";"UOP01-DEL01-PE"
744198;2026-01-07;"quarta-feira";"08:55:00";"BA";116;422;"FEIRA DE SANTANA";"Acessar a via sem observar a presença dos outros veículos";"Colisão frontal";"Com Vítimas Feridas";"Pleno dia";"Crescente";"Sol";"Dupla";"Viaduto;Rotatória";"Sim";2;0;1;0;1;0;1;2;-12,22861962;-38,96470475;"SPRF-BA";"DEL02/BA";"UOP01-DEL02-BA"
744201;2026-01-07;"quarta-feira";"14:30:00";"PE";101;64;"RECIFE";"Manobra de mudança de faixa";"Colisão lateral mesmo sentido";"Com Vítimas Feridas";"Pleno dia";"Crescente";"Sol";"Múltipla";"Reta;Interseção de Vias";"Sim";2;0;1;0;1;0;1;2;-8,018832;-34,942313;"SPRF-PE";"DEL01/PE";"UOP01-DEL01-PE"
744205;2026-01-07;"quarta-feira";"10:45:00";"RJ";116;189;"NOVA IGUACU";"Demais falhas mecânicas ou elétricas";"Queda de ocupante de veículo";"Com Vítimas Feridas";"Pleno dia";"Crescente";"Nublado";"Dupla";"Reta;Em Obras";"Sim";2;0;1;0;1;0;1;1;-22,737965;-43,491091;"SPRF-RJ";"DEL06/RJ";"UOP01-DEL06-RJ"
744207;2026-01-07;"quarta-feira";"13:45:00";"MS";163;261;"DOURADOS";"Transitar no Acostamento";"Tombamento";"Com Vítimas Feridas";"Pleno dia";"Crescente";"Céu Claro";"Simples";"Reta";"Não";1;0;1;0;0;0;1;1;-22,2429205;-54,77040466;"SPRF-MS";"DEL04/MS";"UOP01-DEL04-MS"
744208;2026-01-07;"quarta-feira";"08:30:00";"BA";116;422;"FEIRA DE SANTANA";"Reação tardia ou ineficiente do condutor";"Colisão lateral mesmo sentido";"Com Vítimas Feridas";"Pleno dia";"Decrescente";"Céu Claro";"Dupla";"Interseção de Vias;Curva";"Sim";2;0;1;0;1;0;1;2;-12,25416268;-38,92830849;"SPRF-BA";"DEL02/BA";"UOP01-DEL02-BA"
744210;2026-01-07;"quarta-feira";"14:35:00";"MS";163;31;"MUNDO NOVO";"Ausência de reação do condutor";"Colisão traseira";"Com Vítimas Feridas";"Pleno dia";"Crescente";"Céu Claro";"Simples";"Reta";"Não";5;0;1;1;3;0;2;2;-23,83754;-54,334284;"SPRF-MS";"DEL09/MS";"UOP02-DEL09-MS"
744211;2026-01-07;"quarta-feira";"14:20:00";"PB";230;7,2;"CABEDELO";"Acesso irregular";"Colisão lateral mesmo sentido";"Com Vítimas Feridas";"Pleno dia";"Decrescente";"Céu Claro";"Dupla";"Interseção de Vias;Reta";"Sim";3;0;1;0;2;0;1;2;-7,04602864;-34,84755635;"SPRF-PB";"DEL01-PB";"UOP01-DEL01-PB"
744213;2026-01-07;"quarta-feira";"10:42:00";"MT";364;492,2;"CUIABA";"Avarias e/ou desgaste excessivo no pneu";"Saída de leito carroçável";"Com Vítimas Feridas";"Pleno dia";"Crescente";"Céu Claro";"Dupla";"Reta";"Não";1;0;1;0;0;0;1;1;-15,687781;-55,910209;"SPRF-MT";"DEL01/MT";"UOP01-DEL01-MT"
744215;2026-01-07;"quarta-feira";"14:20:00";"RJ";40;31,8;"AREAL";"Velocidade Incompatível";"Colisão com objeto";"Com Vítimas Feridas";"Pleno dia";"Crescente";"Nublado";"Dupla";"Curva";"Não";2;0;2;0;0;0;2;1;-22,199297;-43,157471;"SPRF-RJ";"DEL05/RJ";"UOP02-DEL05-RJ"
744216;2026-01-07;"quarta-feira";"16:00:00";"PR";116;0,5;"QUATRO BARRAS";"Velocidade Incompatível";"Colisão com objeto";"Com Vítimas Feridas";"Pleno dia";"Crescente";"Sol";"Dupla";"Retorno Regulamentado";"Sim";3;0;3;0;0;0;3;1;-25,34672155;-49,04642344;"SPRF-PR";"DEL01/PR";"UOP02-DEL01-PR"
744217;2026-01-07;"quarta-feira";"16:22:00";"PE";101;50;"ABREU E LIMA";"Acessar a via sem observar a presença dos outros veículos";"Colisão transversal";"Sem Vítimas";"Pleno dia";"Decrescente";"Céu Claro";"Múltipla";"Reta;Retorno Regulamentado";"Sim";2;0;0;0;1;1;0;2;-7,914739;-34,898754;"SPRF-PE";"DEL01/PE";"UOP02-DEL01-PE"
744218;2026-01-07;"quarta-feira";"16:00:00";"GO";153;535;"HIDROLANDIA";"Avarias e/ou desgaste excessivo no pneu";"Saída de leito carroçável";"Com Vítimas Feridas";"Pleno dia";"Crescente";"Chuva";"Dupla";"Reta;Declive";"Não";1;0;1;0;0;0;1;1;-16,983027;-49,229672;"SPRF-GO";"DEL01/GO";"UOP03-DEL01-GO"
744220;2026-01-07;"quarta-feira";"14:30:00";"MG";381;651,2;"SANTO ANTONIO DO AMPARO";"Chuva";"Colisão com objeto";"Com Vítimas Feridas";"Pleno dia";"Crescente";"Chuva";"Dupla";"Curva";"Não";1;0;1;0;0;0;1;1;-20,95802316;-44,921422;"SPRF-MG";"DEL04/MG";"UOP02-DEL04-MG"
744221;2026-01-07;"quarta-feira";"14:20:00";"MG";381;652,5;"SANTO ANTONIO DO AMPARO";"Velocidade Incompatível";"Saída de leito carroçável";"Com Vítimas Feridas";"Pleno dia";"Crescente";"Chuva";"Dupla";"Declive;Curva";"Não";1;0;1;0;0;0;1;1;-20,96360567;-44,92997235;"SPRF-MG";"DEL04/MG";"UOP02-DEL04-MG"
744222;2026-01-07;"quarta-feira";"15:15:00";"PE";428;145,6;"PETROLINA";"Reação tardia ou ineficiente do condutor";"Saída de leito carroçável";"Com Vítimas Feridas";"Pleno dia";"Crescente";"Céu Claro";"Simples";"Reta";"Não";2;0;0;1;1;0;1;1;-9,042303;-40,294972;"SPRF-PE";"DEL06/PE";"UOP01-DEL06-PE"
744223;2026-01-07;"quarta-feira";"16:50:00";"ES";101;297,8;"CARIACICA";"Trafegar com motocicleta (ou similar) entre as faixas";"Colisão traseira";"Com Vítimas Feridas";"Pleno dia";"Crescente";"Céu Claro";"Dupla";"Reta";"Não";2;0;1;0;1;0;1;2;-20,34818896;-40,41185544;"SPRF-ES";"DEL01-ES";"UOP01-DEL01-ES"
744225;2026-01-07;"quarta-feira";"17:30:00";"SC";280;18;"BALNEARIO BARRA DO SUL";"Ausência de reação do condutor";"Colisão traseira";"Com Vítimas Feridas";"Pleno dia";"Decrescente";"Céu Claro";"Simples";"Curva";"Não";2;0;1;0;1;0;1;2;-26,36848348;-48,66898723;"SPRF-SC";"DEL03/SC";"UOP03-DEL03-SC"
744228;2026-01-07;"quarta-feira";"16:37:00";"RJ";40;78;"PETROPOLIS";"Avarias e/ou desgaste excessivo no pneu";"Saída de leito carroçável";"Com Vítimas Feridas";"Pleno dia";"Crescente";"Chuva";"Dupla";"Declive;Curva";"Não";4;0;2;0;2;0;2;1;-22,48572;-43,227084;"SPRF-RJ";"DEL01/RJ";"UOP01-DEL01-RJ"
744229;2026-01-07;"quarta-feira";"16:30:00";"AL";104;30,7;"UNIAO DOS PALMARES";"Transitar na contramão";"Colisão transversal";"Com Vítimas Feridas";"Pleno dia";"Crescente";"Céu Claro";"Simples";"Reta";"Não";3;0;0;2;1;0;2;2;-9,131209;-36,028478;"SPRF-AL";"DEL01-AL";"UOP02-DEL01-AL"
744231;2026-01-07;"quarta-feira";"18:10:00";"MG";365;573;"INDIANOPOLIS";"Demais falhas mecânicas ou elétricas";"Colisão com objeto";"Sem Vítimas";"Pleno dia";"Crescente";"Nublado";"Simples";"Reta";"Não";1;0;0;0;1;0;0;1;-18,908136;-47,88435;"SPRF-MG";"DEL15/MG";"UOP02-DEL15-MG"
744232;2026-01-07;"quarta-feira";"18:00:00";"TO";153;486;"PARAISO DO TOCANTINS";"Transitar na contramão";"Colisão frontal";"Com Vítimas Fatais";"Pleno dia";"Crescente";"Céu Claro";"Simples";"Aclive;Reta";"Não";3;1;0;0;2;0;0;2;-10,097425;-48,867943;"SPRF-TO";"DEL01-TO";"UOP01-DEL01-TO"
744234;2026-01-07;"quarta-feira";"17:30:00";"RS";448;17;"CANOAS";"Demais falhas mecânicas ou elétricas";"Incêndio";"Sem Vítimas";"Pleno dia";"Crescente";"Céu Claro";"Dupla";"Reta";"Não";1;0;0;0;1;0;0;1;-29,92775861;-51,21729306;"SPRF-RS";"DEL01/RS";"UOP01-DEL01-RS"
744235;2026-01-07;"quarta-feira";"14:20:00";"MA";135;21;"SAO LUIS";"Reação tardia ou ineficiente do condutor";"Colisão traseira";"Com Vítimas Feridas";"Pleno dia";"Decrescente";"Céu Claro";"Dupla";"Reta";"Sim";3;0;1;0;2;0;1;2;-2,56605;-44,32566;"SPRF-MA";"DEL01-MA";"UOP01-DEL01-MA"
744236;2026-01-07;"quarta-feira";"17:30:00";"SC";116;30;"ITAIOPOLIS";"Velocidade Incompatível";"Tombamento";"Com Vítimas Feridas";"Pleno dia";"Decrescente";"Céu Claro";"Simples";"Interseção de Vias";"Não";2;0;2;0;0;0;2;1;-26,3154727;-49,9678331;"SPRF-SC";"DEL06/SC";"UOP01-DEL06-SC"
744237;2026-01-07;"quarta-feira";"16:40:00";"MA";316;271,2;"BELA VISTA DO MARANHAO";"Acesso irregular";"Colisão lateral mesmo sentido";"Com Vítimas Feridas";"Pleno dia";"Decrescente";"Céu Claro";"Simples";"Interseção de Vias";"Sim";4;0;2;0;2;0;2;2;-3,70598667;-45,3045693;"SPRF-MA";"DEL02-MA";"UOP01-DEL02-MA"
744238;2026-01-07;"quarta-feira";"17:51:00";"PE";101;85;"JABOATAO DOS GUARARAPES";"Trafegar com motocicleta (ou similar) entre as faixas";"Colisão traseira";"Com Vítimas Feridas";"Anoitecer";"Decrescente";"Céu Claro";"Dupla";"Viaduto;Reta";"Não";3;0;2;0;0;1;2;2;-8,179523;-34,95791;"SPRF-PE";"DEL01/PE";"UOP01-DEL01-PE"
744239;2026-01-07;"quarta-feira";"18:00:00";"SC";116;54,2;"PAPANDUVA";"Velocidade Incompatível";"Saída de leito carroçável";"Com Vítimas Feridas";"Pleno dia";"Crescente";"Céu Claro";"Simples";"Declive;Reta";"Sim";2;0;2;0;0;0;2;1;-26,3940931;-50,1694046;"SPRF-SC";"DEL06/SC";"UOP02-DEL06-SC"
744241;2026-01-07;"quarta-feira";"18:35:00";"GO";40;4,3;"VALPARAISO DE GOIAS";"Pista Escorregadia";"Tombamento";"Com Vítimas Feridas";"Anoitecer";"Crescente";"Chuva";"Dupla";"Reta;Declive";"Sim";1;0;1;0;0;0;1;1;-16,08966;-47,98451;"SPRF-DF";"DEL01-DF";"UOP01-DEL01-DF"
744242;2026-01-07;"quarta-feira";"17:10:00";"RJ";493;109;"SEROPEDICA";"Ausência de reação do condutor";"Saída de leito carroçável";"Com Vítimas Feridas";"Pleno dia";"Crescente";"Nublado";"Múltipla";"Reta";"Não";1;0;1;0;0;0;1;1;-22,79469853;-43,78429413;"SPRF-RJ";"DEL01/RJ";"UOP03-DEL01-RJ"
744243;2026-01-07;"quarta-feira";"18:10:00";"SC";101;204,4;"SAO JOSE";"Transitar na calçada";"Atropelamento de Pedestre";"Com Vítimas Feridas";"Pleno dia";"Decrescente";"Céu Claro";"Múltipla";"Reta";"Sim";2;0;1;0;1;0;1;2;-27,578456;-48,613423;"SPRF-SC";"DEL01/SC";"UOP01-DEL01-SC"
744244;2026-01-07;"quarta-feira";"17:26:00";"SP";116;215,5;"GUARULHOS";"Reação tardia ou ineficiente do condutor";"Colisão lateral mesmo sentido";"Com Vítimas Feridas";"Pleno dia";"Decrescente";"Nublado";"Múltipla";"Reta;Declive";"Sim";2;0;1;0;1;0;1;2;-23,45042872;-46,46196937;"SPRF-SP";"DEL01/SP";"UOP01-DEL01-SP"
744245;2026-01-07;"quarta-feira";"18:00:00";"PR";116;103;"SAO JOSE DOS PINHAIS";"Desrespeitar a preferência no cruzamento";"Colisão transversal";"Com Vítimas Feridas";"Pleno dia";"Crescente";"Céu Claro";"Simples";"Interseção de Vias";"Não";2;0;1;0;1;0;1;2;-25,571062;-49,196785;"SPRF-PR";"DEL01/PR";"UOP08-DEL01-PR"
744246;2026-01-07;"quarta-feira";"18:00:00";"PE";423;22;"SAO CAITANO";"Ingestão de álcool pelo condutor";"Saída de leito carroçável";"Sem Vítimas";"Anoitecer";"Crescente";"Céu Claro";"Simples";"Curva";"Não";1;0;0;0;1;0;0;1;-8,352747;-36,171282;"SPRF-PE";"DEL03/PE";"UOP02-DEL03-PE"
744250;2026-01-06;"terça-feira";"17:30:00";"MS";163;334,4;"RIO BRILHANTE";"Conversão proibida";"Colisão transversal";"Com Vítimas Feridas";"Pleno dia";"Crescente";"Céu Claro";"Dupla";"Reta";"Não";3;0;1;0;2;0;1;2;-21,695339;-54,49634;"SPRF-MS";"DEL02/MS";"UOP02-DEL02-MS"
744251;2026-01-07;"quarta-feira";"18:40:00";"DF";20;7;"BRASILIA";"Velocidade Incompatível";"Engavetamento";"Com Vítimas Feridas";"Plena Noite";"Crescente";"Nublado";"Dupla";"Aclive;Reta";"Sim";11;0;1;0;10;0;1;5;-15,660353;-47,795887;"SPRF-DF";"DEL02-DF";"UOP01-DEL02-DF"
744252;2026-01-07;"quarta-feira";"19:10:00";"SC";101;125;"ITAJAI";"Ausência de reação do condutor";"Colisão lateral mesmo sentido";"Com Vítimas Feridas";"Anoitecer";"Crescente";"Nublado";"Dupla";"Reta";"Não";2;0;0;1;1;0;1;2;-26,94619119;-48,68705168;"SPRF-SC";"DEL04/SC";"UOP04-DEL04-SC"
744253;2026-01-07;"quarta-feira";"19:45:00";"SC";101;143;"ITAPEMA";"Ausência de reação do condutor";"Engavetamento";"Com Vítimas Feridas";"Plena Noite";"Crescente";"Céu Claro";"Dupla";"Reta";"Não";3;0;1;0;2;0;1;3;-27,06861726;-48,59564988;"SPRF-SC";"DEL04/SC";"UOP03-DEL04-SC"
744255;2026-01-07;"quarta-feira";"19:30:00";"PR";116;103;"SAO JOSE DOS PINHAIS";"Manobra de mudança de faixa";"Colisão traseira";"Com Vítimas Feridas";"Plena Noite";"Crescente";"Céu Claro";"Dupla";"Reta";"Sim";3;0;2;0;1;0;2;2;-25,57055418;-49,19180632;"SPRF-PR";"DEL01/PR";"UOP08-DEL01-PR"
744256;2026-01-07;"quarta-feira";"19:00:00";"MS";60;426;"SIDROLANDIA";"Acessar a via sem observar a presença dos outros veículos";"Colisão transversal";"Com Vítimas Feridas";"Plena Noite";"Crescente";"Céu Claro";"Dupla";"Reta;Interseção de Vias";"Sim";2;0;0;1;1;0;1;2;-20,93785643;-54,96298389;"SPRF-MS";"DEL01/MS";"UOP04-DEL01-MS"
744257;2026-01-07;"quarta-feira";"19:30:00";"GO";60;5,5;"SANTO ANTONIO DO DESCOBERTO";"Reação tardia ou ineficiente do condutor";"Saída de leito carroçável";"Com Vítimas Feridas";"Plena Noite";"Decrescente";"Nublado";"Múltipla";"Reta";"Não";3;0;2;0;1;0;2;1;-16,094613;-48,281376;"SPRF-DF";"DEL03-DF";"UOP01-DEL03-DF"
744258;2026-01-07;"quarta-feira";"12:59:00";"ES";101;146;"LINHARES";"Transitar no Acostamento";"Colisão lateral mesmo sentido";"Com Vítimas Feridas";"Pleno dia";"Decrescente";"Céu Claro";"Múltipla";"Reta;Aclive;Interseção de Vias";"Sim";2;0;0;1;1;0;1;2;-19,37001413;-40,0653224;"SPRF-ES";"DEL04-ES";"UOP01-DEL04-ES"
744259;2026-01-07;"quarta-feira";"19:05:00";"SP";101;49,6;"UBATUBA";"Transitar no Acostamento";"Colisão traseira";"Com Vítimas Feridas";"Plena Noite";"Crescente";"Céu Claro";"Simples";"Reta";"Sim";3;0;2;0;0;1;2;2;-23,44804431;-45,07973832;"SPRF-SP";"DEL06/SP";"UOP01-DEL06-SP"
744260;2026-01-07;"quarta-feira";"19:35:00";"MG";381;700,6;"LAVRAS";"Chuva";"Colisão com objeto";"Com Vítimas Feridas";"Plena Noite";"Decrescente";"Chuva";"Dupla";"Aclive;Curva";"Não";1;0;1;0;0;0;1;1;-21,286468;-45,141324;"SPRF-MG";"DEL04/MG";"UOP02-DEL04-MG"
744261;2026-01-07;"quarta-feira";"19:00:00";"PE";424;31;"VENTUROSA";"Animais na Pista";"Atropelamento de Animal";"Com Vítimas Feridas";"Plena Noite";"Crescente";"Céu Claro";"Simples";"Reta";"Não";2;0;0;1;1;0;1;2;-8,59262;-36,86272;"SPRF-PE";"DEL04/PE";"UOP02-DEL04-PE"
744262;2026-01-07;"quarta-feira";"17:07:00";"BA";324;516;"FEIRA DE SANTANA";"Ultrapassagem Indevida";"Colisão frontal";"Com Vítimas Feridas";"Pleno dia";"Crescente";"Céu Claro";"Simples";"Reta";"Sim";2;0;1;0;1;0;1;2;-12,254741;-38,932436;"SPRF-BA";"DEL02/BA";"UOP01-DEL02-BA"
744263;2026-01-07;"quarta-feira";"19:45:00";"TO";10;460;"PALMAS";"Ingestão de álcool pelo condutor";"Colisão traseira";"Com Vítimas Feridas";"Plena Noite";"Crescente";"Céu Claro";"Múltipla";"Aclive";"Sim";3;0;1;0;2;0;1;3;-10,260975;-48,309205;"SPRF-TO";"DEL01-TO";"UOP03-DEL01-TO"
744264;2026-01-07;"quarta-feira";"17:30:00";"RJ";40;123;"DUQUE DE CAXIAS";"Pista Escorregadia";"Tombamento";"Com Vítimas Feridas";"Anoitecer";"Decrescente";"Garoa/Chuvisco";"Múltipla";"Curva";"Sim";1;0;1;0;0;0;1;1;-22,79945;-43,28989;"SPRF-RJ";"DEL01/RJ";"UOP02-DEL01-RJ"
744268;2026-01-07;"quarta-feira";"20:38:00";"ES";101;266;"SERRA";"Reação tardia ou ineficiente do condutor";"Colisão lateral mesmo sentido";"Sem Vítimas";"Plena Noite";"Crescente";"Céu Claro";"Dupla";"Reta";"Não";2;0;0;0;0;2;0;2;-20,183637;-40,266498;"SPRF-ES";"DEL02-ES";"UOP01-DEL02-ES"
744269;2026-01-07;"quarta-feira";"20:22:00";"RN";101;95,5;"NATAL";"Manobra de mudança de faixa";"Colisão lateral mesmo sentido";"Com Vítimas Feridas";"Plena Noite";"Crescente";"Céu Claro";"Dupla";"Reta";"Sim";2;0;1;0;0;1;1;2;-5,84535;-35,208657;"SPRF-RN";"DEL01-RN";"UOP01-DEL01-RN"
744270;2026-01-07;"quarta-feira";"19:55:00";"AL";104;64;"MURICI";"Acessar a via sem observar a presença dos outros veículos";"Atropelamento de Pedestre";"Com Vítimas Feridas";"Plena Noite";"Crescente";"Céu Claro";"Simples";"Reta";"Não";2;0;0;1;1;0;1;2;-9,33306895;-35,89704864;"SPRF-AL";"DEL01-AL";"UOP02-DEL01-AL"
744271;2026-01-07;"quarta-feira";"17:10:00";"MG";116;481,8;"DOM CAVATI";"Avarias e/ou desgaste excessivo no pneu";"Saída de leito carroçável";"Com Vítimas Feridas";"Pleno dia";"Decrescente";"Sol";"Simples";"Reta";"Não";1;0;1;0;0;0;1;1;-19,411943;-42,118008;"SPRF-MG";"DEL06/MG";"UOP02-DEL06-MG"
744272;2026-01-07;"quarta-feira";"21:00:00";"MG";40;524,5;"CONTAGEM";"Entrada inopinada do pedestre";"Atropelamento de Pedestre";"Com Vítimas Fatais";"Plena Noite";"Crescente";"Nublado";"Dupla";"Reta";"Sim";2;1;0;0;0;1;0;2;-19,8816463;-44,0503883;"SPRF-MG";"DEL01/MG";"UOP02-DEL01-MG"
744273;2026-01-07;"quarta-feira";"19:55:00";"MS";158;83;"PARANAIBA";"Acostamento em desnível";"Saída de leito carroçável";"Com Vítimas Feridas";"Plena Noite";"Crescente";"Ignorado";"Simples";"Em Obras;Reta;Declive";"Não";2;0;2;0;0;0;2;1;-19,585621;-51,228249;"SPRF-MS";"DEL08/MS";"UOP01-DEL08-MS"
744274;2026-01-03;"sábado";"15:00:00";"MG";381;482;"BETIM";"Pista Escorregadia";"Colisão com objeto";"Com Vítimas Feridas";"Pleno dia";"Decrescente";"Céu Claro";"Dupla";"Aclive";"Não";5;0;2;0;3;0;2;2;-19,96011866;-44,08092499;"SPRF-MG";"DEL01/MG";"UOP03-DEL01-MG"