"id";"data_inversa";"dia_semana";"horario";"uf";"br";"km";"municipio";"causa_acidente";"tipo_acidente";"classificacao_acidente";"fase_dia";"sentido_via";"condicao_metereologica";"tipo_pista";"tracado_via";"uso_solo";"pessoas";"mortos";"feridos_leves";"feridos_graves";"ilesos";"ignorados";"feridos";"veiculos";"latitude";"longitude";"regional";"delegacia";"uop"
744276;2026-01-07;"quarta-feira";"20:10:00";"BA";116;710,6;"MANOEL VITORINO";"Transitar no Acostamento";"Colisão traseira";"Com Vítimas Fatais";"Plena Noite";"Decrescente";"Nublado";"Simples";"Reta";"Não";3;1;0;2;0;0;2;2;-14,156915;-40,249063;"SPRF-BA";"DEL03/BA";"UOP01-DEL03-BA"
744278;2026-01-07;"quarta-feira";"21:20:00";"MG";40;518,5;"RIBEIRAO DAS NEVES";"Entrada inopinada do pedestre";"Atropelamento de Pedestre";"Com Vítimas Feridas";"Plena Noite";"Crescente";"Céu Claro";"Dupla";"Reta";"Sim";2;0;0;2;0;0;2;2;-19,83587509;-44,08014894;"SPRF-MG";"DEL01/MG";"UOP02-DEL01-MG"
744279;2026-01-07;"quarta-feira";"19:42:00";"MA";135;0;"SAO LUIS";"Ingestão de álcool pelo condutor";"Colisão traseira";"Sem Vítimas";"Plena Noite";"Decrescente";"Céu Claro";"Dupla";"Reta";"Sim";2;0;0;0;2;0;0;2;-2,582557;-44,242367;"SPRF-MA";"DEL01-MA";"UOP01-DEL01-MA"
744280;2026-01-07;"quarta-feira";"22:20:00";"SC";101;137;"BALNEARIO CAMBORIU";"Reação tardia ou ineficiente do condutor";"Tombamento";"Com Vítimas Feridas";"Plena Noite";"Decrescente";"Céu Claro";"Dupla";"Reta";"Não";1;0;1;0;0;0;1;1;-27,02270794;-48,60685229;"SPRF-SC";"DEL04/SC";"UOP03-DEL04-SC"
744283;2026-01-07;"quarta-feira";"22:00:00";"SP";101;47;"UBATUBA";"Condutor deixou de manter distância do veículo da frente";"Colisão lateral mesmo sentido";"Com Vítimas Feridas";"Plena Noite";"Crescente";"Céu Claro";"Simples";"Rotatória";"Sim";2;0;1;0;1;0;1;2;-23,43368887;-45,08619547;"SPRF-SP";"DEL06/SP";"UOP01-DEL06-SP"
744284;2026-01-07;"quarta-feira";"21:30:00";"PE";232;415;"SERRA TALHADA";"Animais na Pista";"Atropelamento de Animal";"Sem Vítimas";"Plena Noite";"Decrescente";"Nublado";"Simples";"Reta";"Não";1;0;0;0;1;0;0;1;-7,996422;-38,345982;"SPRF-PE";"DEL04/PE";"UOP01-DEL04-PE"
744285;2026-01-07;"quarta-feira";"18:00:00";"PI";222;4,6;"SAO JOAO DA FRONTEIRA";"Acessar a via sem observar a presença dos outros veículos";"Colisão transversal";"Com Vítimas Feridas";"Plena Noite";"Decrescente";"Céu Claro";"Simples";"Reta";"Sim";2;0;0;1;0;1;1;2;-3,940062;-41,263273;"SPRF-PI";"DEL02-PI";"UOP01-DEL02-PI"
744286;2026-01-07;"quarta-feira";"16:30:00";"RS";116;85,9;"CAMPESTRE DA SERRA";"Ingestão de álcool pelo condutor";"Saída de leito carroçável";"Com Vítimas Feridas";"Pleno dia";"Crescente";"Céu Claro";"Simples";"Curva";"Não";1;0;1;0;0;0;1;1;-28,84065138;-51,12820387;"SPRF-RS";"DEL05/RS";"UOP03-DEL05-RS"
744288;2026-01-07;"quarta-feira";"22:50:00";"SC";470;148;"AGRONOMICA";"Desrespeitar a preferência no cruzamento";"Colisão transversal";"Com Vítimas Feridas";"Plena Noite";"Decrescente";"Céu Claro";"Simples";"Curva";"Sim";3;0;0;1;2;0;1;2;-27,246752;-49,6947943;"SPRF-SC";"DEL04/SC";"UOP02-DEL04-SC"
744289;2026-01-07;"quarta-feira";"20:21:00";"RO";364;346,6;"JI-PARANA";"Acessar a via sem observar a presença dos outros veículos";"Colisão transversal";"Com Vítimas Fatais";"Plena Noite";"Crescente";"Céu Claro";"Simples";"Aclive;Reta";"Sim";3;1;0;0;2;0;0;3;-10,86179556;-61,9744854;"SPRF-RO";"DEL02-RO";"UOP01-DEL02-RO"
744291;2026-01-07;"quarta-feira";"23:50:00";"SC";101;133;"BALNEARIO CAMBORIU";"Ausência de reação do condutor";"Engavetamento";"Sem Vítimas";"Plena Noite";"Decrescente";"Céu Claro";"Múltipla";"Interseção de Vias";"Sim";3;0;0;0;3;0;0;3;-26,99674669;-48,65389891;"SPRF-SC";"DEL04/SC";"UOP03-DEL04-SC"
744293;2026-01-07;"quarta-feira";"23:50:00";"SC";101;131;"BALNEARIO CAMBORIU";"Acumulo de areia ou detritos sobre o pavimento";"Tombamento";"Com Vítimas Feridas";"Plena Noite";"Decrescente";"Céu Claro";"Múltipla";"Reta";"Sim";1;0;1;0;0;0;1;1;-26,99216225;-48,66146056;"SPRF-SC";"DEL04/SC";"UOP03-DEL04-SC"
744294;2026-01-08;"quinta-feira";"00:10:00";"MG";381;346,8;"JOAO MONLEVADE";"Reação tardia ou ineficiente do condutor";"Saída de leito carroçável";"Com Vítimas Feridas";"Pleno dia";"Decrescente";"Céu Claro";"Simples";"Reta";"Não";4;0;1;0;3;0;1;1;-19,85379;-43,136432;"SPRF-MG";"DEL03/MG";"UOP01-DEL03-MG"
744295;2026-01-07;"quarta-feira";"23:30:00";"BA";116;818,5;"VITORIA DA CONQUISTA";"Conversão proibida";"Queda de ocupante de veículo";"Com Vítimas Feridas";"Plena Noite";"Decrescente";"Chuva";"Simples";"Declive;Reta";"Não";2;0;1;0;0;1;1;2;-14,82484315;-40,82050631;"SPRF-BA";"DEL08/BA";"UOP01-DEL08-BA"
744296;2026-01-08;"quinta-feira";"00:30:00";"AL";101;138;"SAO MIGUEL DOS CAMPOS";"Velocidade Incompatível";"Colisão com objeto";"Com Vítimas Feridas";"Plena Noite";"Decrescente";"Céu Claro";"Simples";"Desvio Temporário;Em Obras";"Sim";2;0;0;2;0;0;2;1;-9,8071386;-36,115709;"SPRF-AL";"DEL02-AL";"UOP01-DEL02-AL"
744297;2026-01-08;"quinta-feira";"00:50:00";"SC";101;199;"SAO JOSE";"Ingestão de álcool pelo condutor";"Tombamento";"Sem Vítimas";"Plena Noite";"Crescente";"Céu Claro";"Dupla";"Reta";"Sim";1;0;0;0;0;1;0;1;-27,53612755;-48,6279187;"SPRF-SC";"DEL01/SC";"UOP01-DEL01-SC"
744298;2026-01-07;"quarta-feira";"21:57:00";"PE";101;82;"JABOATAO DOS GUARARAPES";"Chuva";"Queda de ocupante de veículo";"Com Vítimas Fatais";"Plena Noite";"Decrescente";"Chuva";"Dupla";"Reta";"Sim";2;1;1;0;0;0;1;1;-8,173838;-34,94099;"SPRF-PE";"DEL01/PE";"UOP01-DEL01-PE"
744299;2026-01-07;"quarta-feira";"23:45:00";"SC";282;271,5;"SAO JOSE DO CERRITO";"Demais falhas mecânicas ou elétricas";"Incêndio";"Sem Vítimas";"Plena Noite";"Decrescente";"Nublado";"Simples";"Reta";"Não";1;0;0;0;1;0;0;1;-27,61693;-50,6804;"SPRF-SC";"DEL05/SC";"UOP02-DEL05-SC"
744303;2026-01-08;"quinta-feira";"00:00:00";"MT";163;745;"SORRISO";"Pista Escorregadia";"Saída de leito carroçável";"Sem Vítimas";"Plena Noite";"Decrescente";"Chuva";"Dupla";"Declive;Reta";"Não";1;0;0;0;1;0;0;1;-12,60927941;-55,75653389;"SPRF-MT";"DEL06/MT";"UOP01-DEL06-MT"
744304;2026-01-08;"quinta-feira";"00:50:00";"RJ";101;437;"MANGARATIBA";"Ingestão de álcool pelo condutor";"Saída de leito carroçável";"Sem Vítimas";"Plena Noite";"Decrescente";"Nublado";"Simples";"Curva";"Não";1;0;0;0;1;0;0;1;-22,948204;-44,066019;"SPRF-RJ";"DEL03/RJ";"UOP02-DEL03-RJ"
744305;2026-01-08;"quinta-feira";"02:15:00";"SC";282;472;"VARGEAO";"Transitar na contramão";"Colisão frontal";"Com Vítimas Feridas";"Plena Noite";"Crescente";"Céu Claro";"Simples";"Reta";"Não";7;0;1;0;6;0;1;2;-26,861308;-52,120101;"SPRF-SC";"DEL07/SC";"UOP01-DEL07-SC"
744306;2026-01-08;"quinta-feira";"05:20:00";"ES";101;277;"SERRA";"Ausência de reação do condutor";"Colisão lateral mesmo sentido";"Com Vítimas Feridas";"Amanhecer";"Decrescente";"Sol";"Dupla";"Reta";"Sim";2;0;0;1;1;0;1;2;-20,21382667;-40,32207118;"SPRF-ES";"DEL02-ES";"UOP01-DEL02-ES"
744307;2026-01-08;"quinta-feira";"04:30:00";"RJ";116;121,9;"MAGE";"Acessar a via sem observar a presença dos outros veículos";"Atropelamento de Pedestre";"Com Vítimas Fatais";"Amanhecer";"Decrescente";"Céu Claro";"Dupla";"Reta";"Não";3;1;0;0;2;0;0;2;-22,630168;-43,050592;"SPRF-RJ";"DEL04/RJ";"UOP02-DEL04-RJ"
744308;2026-01-08;"quinta-feira";"04:50:00";"RS";116;240;"NOVO HAMBURGO";"Ausência de sinalização";"Colisão com objeto";"Com Vítimas Feridas";"Plena Noite";"Crescente";"Nublado";"Dupla";"Declive;Interseção de Vias";"Sim";2;0;2;0;0;0;2;1;-29,70105408;-51,14631341;"SPRF-RS";"DEL01/RS";"UOP02-DEL01-RS"
744309;2026-01-08;"quinta-feira";"04:40:00";"MG";381;503;"BETIM";"Acessar a via sem observar a presença dos outros veículos";"Atropelamento de Pedestre";"Com Vítimas Fatais";"Plena Noite";"Decrescente";"Céu Claro";"Dupla";"Reta";"Sim";2;1;0;0;1;0;0;2;-20,02768014;-44,233037;"SPRF-MG";"DEL01/MG";"UOP03-DEL01-MG"
744312;2026-01-08;"quinta-feira";"03:00:00";"GO";153;696;"ITUMBIARA";"Manobra de mudança de faixa";"Saída de leito carroçável";"Com Vítimas Feridas";"Plena Noite";"Decrescente";"Garoa/Chuvisco";"Dupla";"Reta";"Não";4;0;2;0;2;0;2;1;-18,350228;-49,219212;"SPRF-GO";"DEL03/GO";"UOP02-DEL03-GO"
744313;2026-01-08;"quinta-feira";"04:00:00";"SC";101;158;"PORTO BELO";"Demais falhas mecânicas ou elétricas";"Incêndio";"Sem Vítimas";"Plena Noite";"Crescente";"Céu Claro";"Dupla";"Reta";"Sim";1;0;0;0;0;1;0;1;-27,19652015;-48,61376703;"SPRF-SC";"DEL04/SC";"UOP03-DEL04-SC"
744314;2026-01-07;"quarta-feira";"23:55:00";"SC";101;115;"ITAJAI";"Ausência de reação do condutor";"Tombamento";"Com Vítimas Feridas";"Plena Noite";"Decrescente";"Nublado";"Múltipla";"Reta";"Não";1;0;1;0;0;0;1;1;-26,87579529;-48,72758657;"SPRF-SC";"DEL04/SC";"UOP04-DEL04-SC"
744316;2026-01-08;"quinta-feira";"05:42:00";"MG";40;475,9;"SETE LAGOAS";"Transitar na contramão";"Colisão frontal";"Com Vítimas Feridas";"Amanhecer";"Decrescente";"Céu Claro";"Simples";"Aclive;Reta";"Sim";2;0;0;2;0;0;2;2;-19,51230799;-44,27097559;"SPRF-MG";"DEL02/MG";"UOP01-DEL02-MG"
744318;2026-01-08;"quinta-feira";"06:20:00";"RJ";116;323;"ITATIAIA";"Condutor Dormindo";"Colisão com objeto";"Com Vítimas Feridas";"Pleno dia";"Crescente";"Sol";"Simples";"Retorno Regulamentado";"Sim";1;0;0;1;0;0;1;1;-22,48770179;-44,55194084;"SPRF-RJ";"DEL07/RJ";"UOP02-DEL07-RJ"
744319;2026-01-08;"quinta-feira";"07:15:00";"SC";101;119,2;"ITAJAI";"Acessar a via sem observar a presença dos outros veículos";"Colisão traseira";"Com Vítimas Feridas";"Pleno dia";"Crescente";"Céu Claro";"Múltipla";"Interseção de Vias;Reta";"Sim";3;0;1;0;2;0;1;3;-26,90560907;-48,71501715;"SPRF-SC";"DEL04/SC";"UOP04-DEL04-SC"
744321;2026-01-08;"quinta-feira";"07:05:00";"RJ";495;31;"PETROPOLIS";"Conversão proibida";"Colisão transversal";"Com Vítimas Feridas";"Pleno dia";"Crescente";"Sol";"Simples";"Reta";"Sim";2;0;1;0;1;0;1;2;-22,396481;-43,123718;"SPRF-RJ";"DEL05/RJ";"UOP02-DEL05-RJ"
744324;2026-01-08;"quinta-feira";"07:25:00";"RJ";101;323;"NITEROI";"Ausência de reação do condutor";"Engavetamento";"Com Vítimas Feridas";"Pleno dia";"Crescente";"Céu Claro";"Múltipla";"Reta";"Sim";4;0;1;0;3;0;1;3;-22,87396094;-43,12786102;"SPRF-RJ";"DEL02/RJ";"UOP01-DEL02-RJ"
744325;2026-01-08;"quinta-feira";"05:00:00";"MG";365;318;"SAO GONCALO DO ABAETE";"Reação tardia ou ineficiente do condutor";"Colisão frontal";"Com Vítimas Feridas";"Amanhecer";"Decrescente";"Ignorado";"Simples";"Aclive;Reta";"Não";10;0;5;3;2;0;8;2;-18,24348312;-45,86387873;"SPRF-MG";"DEL10/MG";"UOP02-DEL010-MG"
744327;2026-01-07;"quarta-feira";"23:45:00";"PR";373;414;"FOZ DO JORDAO";"Avarias e/ou desgaste excessivo no pneu";"Saída de leito carroçável";"Com Vítimas Feridas";"Plena Noite";"Crescente";"Céu Claro";"Simples";"Reta";"Não";1;0;0;1;0;0;1;1;-25,66383288;-52,12073771;"SPRF-PR";"DEL08/PR";"UOP01-DEL08-PR"
744329;2026-01-08;"quinta-feira";"07:55:00";"PB";230;26,1;"JOAO PESSOA";"Ausência de reação do condutor";"Colisão traseira";"Com Vítimas Feridas";"Pleno dia";"Crescente";"Céu Claro";"Dupla";"Reta";"Não";2;0;1;0;1;0;1;2;-7,169277;-34,878634;"SPRF-PB";"DEL01-PB";"UOP01-DEL01-PB"
744330;2026-01-08;"quinta-feira";"08:00:00";"SP";101;40;"UBATUBA";"Acessar a via sem observar a presença dos outros veículos";"Colisão transversal";"Com Vítimas Feridas";"Pleno dia";"Decrescente";"Sol";"Simples";"Reta";"Não";2;0;1;0;1;0;1;2;-23,41765901;-45,03851342;"SPRF-SP";"DEL06/SP";"UOP01-DEL06-SP"
744332;2026-01-07;"quarta-feira";"06:30:00";"SC";101;137,7;"BALNEARIO CAMBORIU";"Ingestão de álcool pelo condutor";"Saída de leito carroçável";"Sem Vítimas";"Pleno dia";"Crescente";"Céu Claro";"Múltipla";"Reta";"Sim";1;0;0;0;1;0;0;1;-27,021937;-48,608908;"SPRF-SC";"DEL04/SC";"UOP03-DEL04-SC"
744333;2026-01-08;"quinta-feira";"07:30:00";"SC";101;149;"ITAPEMA";"Ausência de reação do condutor";"Atropelamento de Pedestre";"Com Vítimas Feridas";"Pleno dia";"Crescente";"Céu Claro";"Dupla";"Reta";"Sim";2;0;1;0;1;0;1;2;-27,10431346;-48,61671058;"SPRF-SC";"DEL04/SC";"UOP03-DEL04-SC"
744334;2026-01-08;"quinta-feira";"07:35:00";"MS";163;483;"CAMPO GRANDE";"Reação tardia ou ineficiente do condutor";"Colisão traseira";"Com Vítimas Feridas";"Pleno dia";"Crescente";"Céu Claro";"Simples";"Reta";"Sim";3;0;1;0;2;0;1;2;-20,457451;-54,54662;"SPRF-MS";"DEL01/MS";"UOP02-DEL01-MS"
744335;2026-01-08;"quinta-feira";"08:40:00";"RJ";101;322;"NITEROI";"Condutor deixou de manter distância do veículo da frente";"Tombamento";"Com Vítimas Feridas";"Pleno dia";"Decrescente";"Céu Claro";"Dupla";"Curva;Declive";"Não";1;0;0;1;0;0;1;1;-22,87925927;-43,11216474;"SPRF-RJ";"DEL02/RJ";"UOP01-DEL02-RJ"
744336;2026-01-08;"quinta-feira";"07:30:00";"PE";101;46,7;"ABREU E LIMA";"Reação tardia ou ineficiente do condutor";"Colisão traseira";"Com Vítimas Feridas";"Pleno dia";"Crescente";"Sol";"Múltipla";"Reta";"Sim";2;0;0;1;1;0;1;2;-7,887;-34,904;"SPRF-PE";"DEL01/PE";"UOP02-DEL01-PE"
744337;2026-01-08;"quinta-feira";"08:20:00";"PR";277;80,2;"CURITIBA";"Manobra de mudança de faixa";"Colisão lateral mesmo sentido";"Com Vítimas Feridas";"Pleno dia";"Crescente";"Sol";"Dupla";"Reta";"Sim";2;0;1;0;1;0;1;2;-25,46854772;-49,2136367;"SPRF-PR";"DEL01/PR";"UOP03-DEL01-PR"
744338;2026-01-08;"quinta-feira";"06:00:00";"MT";163;747;"SORRISO";"Acessar a via sem observar a presença dos outros veículos";"Colisão transversal";"Com Vítimas Feridas";"Pleno dia";"Decrescente";"Céu Claro";"Dupla";"Retorno Regulamentado";"Sim";3;0;1;0;2;0;1;2;-12,59343487;-55,74356586;"SPRF-MT";"DEL06/MT";"UOP01-DEL06-MT"
744341;2026-01-08;"quinta-feira";"08:40:00";"SE";101;112;"SAO CRISTOVAO";"Reação tardia ou ineficiente do condutor";"Queda de ocupante de veículo";"Com Vítimas Feridas";"Pleno dia";"Decrescente";"Céu Claro";"Dupla";"Reta";"Não";1;0;0;1;0;0;1;1;-10,9579388;-37,2346376;"SPRF-SE";"DEL02-SE";"UOP01-DEL02-SE"
744344;2026-01-08;"quinta-feira";"08:35:00";"MG";50;42;"ARAGUARI";"Velocidade Incompatível";"Colisão traseira";"Com Vítimas Feridas";"Pleno dia";"Decrescente";"Nublado";"Dupla";"Reta";"Não";8;0;5;0;3;0;5;2;-18,694269;-48,182042;"SPRF-MG";"DEL15/MG";"UOP02-DEL15-MG"
744345;2026-01-08;"quinta-feira";"05:15:00";"PB";230;199,9;"POCINHOS";"Ausência de reação do condutor";"Colisão com objeto";"Sem Vítimas";"Amanhecer";"Decrescente";"Nublado";"Simples";"Reta;Ponte";"Não";2;0;0;0;0;2;0;1;-7,10539614;-36,23271704;"SPRF-PB";"DEL02-PB";"UOP02-DEL02-PB"
744348;2026-01-08;"quinta-feira";"02:50:00";"RJ";116;210;"SEROPEDICA";"Demais falhas mecânicas ou elétricas";"Incêndio";"Sem Vítimas";"Plena Noite";"Decrescente";"Céu Claro";"Múltipla";"Reta";"Não";2;0;0;0;2;0;0;1;-22,71655241;-43,71590702;"SPRF-RJ";"DEL06/RJ";"UOP02-DEL06-RJ"
744349;2026-01-08;"quinta-feira";"08:55:00";"ES";101;289;"CARIACICA";"Reação tardia ou ineficiente do condutor";"Colisão lateral mesmo sentido";"Com Vítimas Fatais";"Pleno dia";"Crescente";"Céu Claro";"Dupla";"Declive;Reta";"Não";2;1;0;0;0;1;0;2;-20,283148;-40,393053;"SPRF-ES";"DEL01-ES";"UOP01-DEL01-ES"
744350;2026-01-08;"quinta-feira";"08:15:00";"SC";101;135;"BALNEARIO CAMBORIU";"Ausência de reação do condutor";"Colisão traseira";"Com Vítimas Feridas";"Pleno dia";"Decrescente";"Céu Claro";"Múltipla";"Reta";"Sim";3;0;2;0;1;0;2;2;-27,00522062;-48,62505762;"SPRF-SC";"DEL04/SC";"UOP03-DEL04-SC"
744351;2026-01-08;"quinta-feira";"08:00:00";"PB";101;79,8;"SANTA RITA";"Afundamento ou ondulação no pavimento";"Colisão com objeto";"Com Vítimas Feridas";"Pleno dia";"Crescente";"Céu Claro";"Dupla";"Curva";"Sim";2;0;1;0;1;0;1;2;-7,11696668;-34,94984999;"SPRF-PB";"DEL01-PB";"UOP03-DEL01-PB"
744352;2026-01-08;"quinta-feira";"08:06:00";"PR";277;590,3;"CASCAVEL";"Ultrapassagem Indevida";"Colisão traseira";"Com Vítimas Fatais";"Pleno dia";"Decrescente";"Céu Claro";"Simples";"Declive;Reta";"Sim";4;1;0;1;1;1;1;3;-24,973714;-53,437561;"SPRF-PR";"DEL04/PR";"UOP01-DEL04-PR"
744354;2026-01-07;"quarta-feira";"00:50:00";"DF";70;2;"BRASILIA";"Animais na Pista";"Atropelamento de Animal";"Sem Vítimas";"Plena Noite";"Crescente";"Chuva";"Múltipla";"Reta";"Sim";2;0;0;0;1;1;0;2;-15,797765;-48,072326;"SPRF-DF";"DEL03-DF";"UOP02-DEL03-DF"
744356;2026-01-08;"quinta-feira";"09:30:00";"PB";230;17,8;"JOAO PESSOA";"Ausência de reação do condutor";"Colisão traseira";"Com Vítimas Feridas";"Pleno dia";"Decrescente";"Céu Claro";"Dupla";"Reta";"Não";4;0;1;0;3;0;1;4;-7,120905;-34,845;"SPRF-PB";"DEL01-PB";"UOP01-DEL01-PB"
744358;2026-01-08;"quinta-feira";"09:28:00";"PB";101;83;"BAYEUX";"Ausência de reação do condutor";"Colisão lateral mesmo sentido";"Com Vítimas Feridas";"Pleno dia";"Crescente";"Céu Claro";"Dupla";"Reta";"Sim";3;0;2;0;0;1;2;2;-7,1350978;-34,9282426;"SPRF-PB";"DEL01-PB";"UOP01-DEL01-PB"
744360;2026-01-08;"quinta-feira";"10:00:00";"PB";101;82;"BAYEUX";"Ausência de reação do condutor";"Engavetamento";"Com Vítimas Feridas";"Pleno dia";"Crescente";"Céu Claro";"Dupla";"Viaduto";"Sim";6;0;1;0;5;0;1;3;-7,1328014;-34,9325904;"SPRF-PB";"DEL01-PB";"UOP01-DEL01-PB"
744361;2026-01-08;"quinta-feira";"10:15:00";"MG";381;577;"ITAGUARA";"Ingestão de álcool pelo condutor";"Colisão com objeto";"Sem Vítimas";"Pleno dia";"Decrescente";"Sol";"Dupla";"Curva";"Não";1;0;0;0;1;0;0;1;-20,46494821;-44,57699776;"SPRF-MG";"DEL04/MG";"UOP01-DEL04-MG"
744362;2026-01-08;"quinta-feira";"10:30:00";"SC";101;123;"ITAJAI";"Ausência de reação do condutor";"Tombamento";"Com Vítimas Feridas";"Pleno dia";"Decrescente";"Céu Claro";"Múltipla";"Reta";"Sim";2;0;1;0;1;0;1;2;-26,94178687;-48,69380951;"SPRF-SC";"DEL04/SC";"UOP04-DEL04-SC"
744365;2026-01-08;"quinta-feira";"08:40:00";"MA";135;99;"ITAPECURU MIRIM";"Condutor deixou de manter distância do veículo da frente";"Colisão traseira";"Com Vítimas Feridas";"Pleno dia";"Decrescente";"Céu Claro";"Simples";"Reta";"Não";3;0;1;0;1;1;1;2;-3,35518;-44,46642;"SPRF-MA";"DEL01-MA";"UOP02-DEL01-MA"
744366;2026-01-07;"quarta-feira";"19:30:00";"PA";230;798;"URUARA";"Pista Escorregadia";"Saída de leito carroçável";"Com Vítimas Fatais";"Plena Noite";"Decrescente";"Chuva";"Simples";"Reta";"Não";2;1;1;0;0;0;1;1;-3,61860795;-53,34223925;"SPRF-PA";"DEL04/PA";"UOP01-DEL04-PA"
744368;2026-01-08;"quinta-feira";"09:55:00";"PR";116;103,7;"SAO JOSE DOS PINHAIS";"Ausência de reação do condutor";"Engavetamento";"Com Vítimas Feridas";"Pleno dia";"Crescente";"Céu Claro";"Dupla";"Reta";"Sim";5;0;1;0;4;0;1;3;-25,571312;-49,196367;"SPRF-PR";"DEL01/PR";"UOP08-DEL01-PR"
744369;2026-01-08;"quinta-feira";"10:45:00";"SC";280;24,1;"ARAQUARI";"Acessar a via sem observar a presença dos outros veículos";"Colisão transversal";"Com Vítimas Feridas";"Pleno dia";"Crescente";"Céu Claro";"Simples";"Reta";"Não";3;0;1;0;2;0;1;2;-26,378433;-48,721151;"SPRF-SC";"DEL03/SC";"UOP03-DEL03-SC"
744370;2026-01-08;"quinta-feira";"09:00:00";"SC";101;281,5;"IMBITUBA";"Ausência de reação do condutor";"Capotamento";"Sem Vítimas";"Pleno dia";"Decrescente";"Nublado";"Múltipla";"Reta";"Não";3;0;0;0;2;1;0;1;-28,156282;-48,690466;"SPRF-SC";"DEL02/SC";"UOP03-DEL02-SC"
744372;2026-01-01;"quinta-feira";"23:30:00";"SP";381;8;"VARGEM";"Ausência de reação do condutor";"Tombamento";"Com Vítimas Fatais";"Plena Noite";"Decrescente";"Chuva";"Dupla";"Curva";"Não";7;1;5;0;1;0;5;1;-22,91411844;-46,42683344;"SPRF-SP";"DEL03/SP";"UOP02-DEL03-SP"
744376;2026-01-08;"quinta-feira";"11:10:00";"ES";101;207;"IBIRACU";"Retorno proibido";"Colisão transversal";"Com Vítimas Feridas";"Pleno dia";"Crescente";"Céu Claro";"Dupla";"Curva";"Não";3;0;1;0;2;0;1;2;-19,779883;-40,37149;"SPRF-ES";"DEL02-ES";"UOP01-DEL02-ES"
744377;2026-01-08;"quinta-feira";"11:00:00";"GO";40;72,4;"CRISTALINA";"Condutor Dormindo";"Capotamento";"Com Vítimas Feridas";"Pleno dia";"Decrescente";"Nublado";"Dupla";"Reta";"Não";3;0;1;2;0;0;3;1;-16,62135;-47,74984;"SPRF-DF";"DEL01-DF";"UOP02-DEL01-DF"
744378;2026-01-08;"quinta-feira";"09:45:00";"PA";230;116;"MARABA";"Reação tardia ou ineficiente do condutor";"Tombamento";"Com Vítimas Feridas";"Pleno dia";"Decrescente";"Chuva";"Dupla";"Retorno Regulamentado;Reta";"Sim";1;0;1;0;0;0;1;1;-5,35891209;-49,08419967;"SPRF-PA";"DEL03/PA";"UOP01-DEL03-PA"
744379;2026-01-08;"quinta-feira";"12:00:00";"ES";101;258;"SERRA";"Animais na Pista";"Atropelamento de Animal";"Com Vítimas Feridas";"Pleno dia";"Decrescente";"Sol";"Dupla";"Reta";"Sim";2;0;2;0;0;0;2;1;-20,13104745;-40,29565126;"SPRF-ES";"DEL02-ES";"UOP01-DEL02-ES"
744380;2026-01-08;"quinta-feira";"10:00:00";"BA";116;493,4;"RAFAEL JAMBEIRO";"Reação tardia ou ineficiente do condutor";"Saída de leito carroçável";"Com Vítimas Feridas";"Pleno dia";"Crescente";"Céu Claro";"Dupla";"Interseção de Vias";"Não";3;0;3;0;0;0;3;1;-12,57834405;-39,5103664;"SPRF-BA";"DEL02/BA";"UOP01-DEL02-BA"
744385;2026-01-08;"quinta-feira";"07:00:00";"BA";135;300;"SANTA MARIA DA VITORIA";"Reação tardia ou ineficiente do condutor";"Colisão traseira";"Com Vítimas Feridas";"Pleno dia";"Crescente";"Céu Claro";"Simples";"Reta";"Não";2;0;0;1;1;0;1;2;-13,033;-44,618;"SPRF-BA";"DEL10/BA";"UOP02-DEL10-BA"
744387;2026-01-08;"quinta-feira";"12:40:00";"PR";376;635;"SAO JOSE DOS PINHAIS";"Ausência de reação do condutor";"Colisão lateral mesmo sentido";"Com Vítimas Feridas";"Pleno dia";"Crescente";"Céu Claro";"Dupla";"Aclive;Reta";"Não";3;0;1;0;2;0;1;2;-25,74662;-49,130273;"SPRF-PR";"DEL01/PR";"UOP04-DEL01-PR"
744388;2026-01-08;"quinta-feira";"10:20:00";"SC";101;379,7;"ICARA";"Demais falhas mecânicas ou elétricas";"Tombamento";"Com Vítimas Feridas";"Pleno dia";"Crescente";"Céu Claro";"Múltipla";"Reta";"Não";1;0;1;0;0;0;1;1;-28,792235;-49,349597;"SPRF-SC";"DEL02/SC";"UOP02-DEL02-SC"
744392;2026-01-08;"quinta-feira";"12:20:00";"SP";116;111;"TAUBATE";"Reação tardia ou ineficiente do condutor";"Colisão traseira";"Com Vítimas Feridas";"Pleno dia";"Decrescente";"Céu Claro";"Dupla";"Reta";"Sim";2;0;0;1;1;0;1;2;-23,0370597;-45,55711031;"SPRF-SP";"DEL02/SP";"UOP02-DEL02-SP"
744395;2026-01-08;"quinta-feira";"12:45:00";"RS";448;9,5;"CANOAS";"Ausência de reação do condutor";"Queda de ocupante de veículo";"Com Vítimas Feridas";"Pleno dia";"Crescente";"Céu Claro";"Simples";"Viaduto;Curva";"Não";1;0;0;1;0;0;1;1;-29,87995031;-51,23666016;"SPRF-RS";"DEL01/RS";"UOP02-DEL01-RS"
744396;2026-01-08;"quinta-feira";"13:15:00";"SC";470;14;"ILHOTA";"Ingestão de álcool pelo condutor";"Capotamento";"Sem Vítimas";"Pleno dia";"Decrescente";"Nublado";"Dupla";"Curva";"Não";1;0;0;0;0;1;0;1;-26,84344048;-48,79432261;"SPRF-SC";"DEL04/SC";"UOP04-DEL04-SC"