"id";"data_inversa";"dia_semana";"horario";"uf";"br";"km";"municipio";"causa_acidente";"tipo_acidente";"classificacao_acidente";"fase_dia";"sentido_via";"condicao_metereologica";"tipo_pista";"tracado_via";"uso_solo";"pessoas";"mortos";"feridos_leves";"feridos_graves";"ilesos";"ignorados";"feridos";"veiculos";"latitude";"longitude";"regional";"delegacia";"uop"
744741;2026-01-10;"sábado";"08:45:00";"SC";470;66,6;"INDAIAL";"Acessar a via sem observar a presença dos outros veículos";"Saída de leito carroçável";"Com Vítimas Feridas";"Pleno dia";"Crescente";"Nublado";"Simples";"Rotatória";"Sim";2;0;1;0;1;0;1;2;-26,87033861;-49,2273101;"SPRF-SC";"DEL04/SC";"UOP01-DEL04-SC"
744742;2026-01-10;"sábado";"09:15:00";"RS";293;187;"BAGE";"Acesso irregular";"Colisão traseira";"Sem Vítimas";"Pleno dia";"Decrescente";"Nublado";"Simples";"Interseção de Vias";"Não";2;0;0;0;2;0;0;2;-31,26769362;-54,13410187;"SPRF-RS";"DEL11/RS";"UOP03-DEL11-RS"
744747;2026-01-10;"sábado";"09:40:00";"PE";232;11;"JABOATAO DOS GUARARAPES";"Reação tardia ou ineficiente do condutor";"Colisão traseira";"Com Vítimas Feridas";"Pleno dia";"Crescente";"Céu Claro";"Dupla";"Aclive;Reta";"Não";2;0;0;1;1;0;1;2;-8,08239745;-34,99610066;"SPRF-PE";"DEL01/PE";"UOP01-DEL01-PE"
744748;2026-01-10;"sábado";"10:00:00";"SC";282;398,2;"JOACABA";"Acessar a via sem observar a presença dos outros veículos";"Colisão traseira";"Com Vítimas Feridas";"Pleno dia";"Crescente";"Nublado";"Simples";"Aclive";"Não";2;0;1;0;1;0;1;2;-27,146418;-51,612752;"SPRF-SC";"DEL07/SC";"UOP05-DEL07-SC"
744749;2026-01-10;"sábado";"07:30:00";"MS";262;560;"MIRANDA";"Desrespeitar a preferência no cruzamento";"Colisão transversal";"Com Vítimas Feridas";"Pleno dia";"Crescente";"Céu Claro";"Simples";"Curva;Interseção de Vias";"Não";7;0;1;1;5;0;2;2;-20,230118;-56,392057;"SPRF-MS";"DEL03/MS";"UOP02-DEL03-MS"
744752;2026-01-10;"sábado";"10:25:00";"GO";153;515,6;"APARECIDA DE GOIANIA";"Pedestre cruzava a pista fora da faixa";"Atropelamento de Pedestre";"Com Vítimas Fatais";"Pleno dia";"Decrescente";"Céu Claro";"Dupla";"Reta";"Sim";5;1;0;0;3;1;0;2;-16,8376554;-49,2440747;"SPRF-GO";"DEL01/GO";"UOP03-DEL01-GO"
744753;2026-01-10;"sábado";"06:45:00";"RO";364;705;"PORTO VELHO";"Ausência de reação do condutor";"Colisão com objeto";"Com Vítimas Feridas";"Pleno dia";"Crescente";"Céu Claro";"Dupla";"Retorno Regulamentado";"Não";1;0;1;0;0;0;1;1;-8,800303;-63,81736;"SPRF-RO";"DEL01-RO";"UOP01-DEL01-RO"
744754;2026-01-10;"sábado";"10:30:00";"SC";470;85,8;"RODEIO";"Condutor Dormindo";"Saída de leito carroçável";"Com Vítimas Feridas";"Pleno dia";"Crescente";"Nublado";"Simples";"Reta";"Não";1;0;0;1;0;0;1;1;-26,94994023;-49,35731761;"SPRF-SC";"DEL04/SC";"UOP01-DEL04-SC"
744755;2026-01-10;"sábado";"08:30:00";"SC";282;70;"RANCHO QUEIMADO";"Velocidade Incompatível";"Saída de leito carroçável";"Com Vítimas Feridas";"Pleno dia";"Decrescente";"Garoa/Chuvisco";"Simples";"Curva;Declive";"Não";3;0;3;0;0;0;3;1;-27,694067;-49,089215;"SPRF-SC";"DEL01/SC";"UOP03-DEL01-SC"
744761;2026-01-10;"sábado";"11:10:00";"AL";104;59;"MURICI";"Retorno proibido";"Tombamento";"Com Vítimas Feridas";"Pleno dia";"Decrescente";"Céu Claro";"Dupla";"Reta";"Sim";1;0;1;0;0;0;1;1;-9,307164;-35,940413;"SPRF-AL";"DEL01-AL";"UOP02-DEL01-AL"
744762;2026-01-02;"sexta-feira";"10:35:00";"RJ";40;118;"DUQUE DE CAXIAS";"Avarias e/ou desgaste excessivo no pneu";"Queda de ocupante de veículo";"Com Vítimas Feridas";"Pleno dia";"Decrescente";"Nublado";"Dupla";"Reta";"Sim";2;0;2;0;0;0;2;1;-22,754802;-43,287166;"SPRF-RJ";"DEL01/RJ";"UOP02-DEL01-RJ"
744764;2026-01-10;"sábado";"09:40:00";"MS";163;726;"COXIM";"Reação tardia ou ineficiente do condutor";"Colisão traseira";"Sem Vítimas";"Pleno dia";"Decrescente";"Céu Claro";"Simples";"Reta";"Sim";4;0;0;0;4;0;0;2;-18,537487;-54,742657;"SPRF-MS";"DEL06/MS";"UOP01-DEL06-MS"
744765;2026-01-10;"sábado";"11:30:00";"PB";230;497,6;"CAJAZEIRAS";"Acessar a via sem observar a presença dos outros veículos";"Colisão transversal";"Com Vítimas Feridas";"Pleno dia";"Decrescente";"Céu Claro";"Simples";"Reta";"Sim";2;0;1;0;1;0;1;2;-6,898092;-38,521657;"SPRF-PB";"DEL03-PB";"UOP03-DEL03-PB"
744766;2026-01-10;"sábado";"11:05:00";"PR";376;4,3;"SAO JOSE DOS PINHAIS";"Velocidade Incompatível";"Colisão traseira";"Com Vítimas Feridas";"Pleno dia";"Crescente";"Céu Claro";"Dupla";"Curva";"Sim";2;0;1;0;1;0;1;2;-25,53535969;-49,19312803;"SPRF-PR";"DEL01/PR";"UOP04-DEL01-PR"
744769;2026-01-10;"sábado";"10:20:00";"RJ";393;254;"BARRA DO PIRAI";"Demais falhas mecânicas ou elétricas";"Incêndio";"Sem Vítimas";"Pleno dia";"Crescente";"Sol";"Simples";"Curva";"Não";1;0;0;0;1;0;0;1;-22,45158933;-43,82669449;"SPRF-RJ";"DEL05/RJ";"UOP04-DEL05-RJ"
744770;2026-01-10;"sábado";"11:00:00";"PI";316;3,8;"TERESINA";"Entrada inopinada do pedestre";"Atropelamento de Pedestre";"Com Vítimas Fatais";"Pleno dia";"Decrescente";"Céu Claro";"Múltipla";"Reta";"Sim";3;1;0;0;1;1;0;2;-5,138725;-42,786732;"SPRF-PI";"DEL01-PI";"UOP02-DEL01-PI"
744771;2026-01-10;"sábado";"11:40:00";"RJ";0;0;"NOVA IGUACU";"Transitar na contramão";"Colisão frontal";"Com Vítimas Feridas";"Pleno dia";"Não Informado";"Céu Claro";"Simples";"Curva";"Sim";5;0;1;0;4;0;1;2;-22,74007053;-43,49808848;"SPRF-RJ";"DEL06/RJ";"UOP01-DEL06-RJ"
744773;2026-01-10;"sábado";"11:00:00";"SC";282;628;"IRACEMINHA";"Acessar a via sem observar a presença dos outros veículos";"Colisão transversal";"Com Vítimas Feridas";"Pleno dia";"Crescente";"Céu Claro";"Simples";"Reta";"Não";6;0;2;0;4;0;2;2;-26,82027927;-53,37705374;"SPRF-SC";"DEL07/SC";"UOP02-DEL07-SC"
744774;2026-01-10;"sábado";"11:00:00";"DF";80;13,9;"BRASILIA";"Reação tardia ou ineficiente do condutor";"Saída de leito carroçável";"Sem Vítimas";"Pleno dia";"Crescente";"Céu Claro";"Simples";"Reta";"Não";1;0;0;0;1;0;0;1;-15,717579;-48,197242;"SPRF-DF";"DEL03-DF";"UOP02-DEL03-DF"
744775;2026-01-10;"sábado";"12:30:00";"SC";280;25;"ARAQUARI";"Trafegar com motocicleta (ou similar) entre as faixas";"Colisão transversal";"Com Vítimas Feridas";"Pleno dia";"Decrescente";"Nublado";"Simples";"Interseção de Vias;Reta";"Sim";2;0;0;1;1;0;1;2;-26,399317;-48,741892;"SPRF-SC";"DEL03/SC";"UOP03-DEL03-SC"
744776;2026-01-10;"sábado";"11:45:00";"SP";101;44;"UBATUBA";"Reação tardia ou ineficiente do condutor";"Engavetamento";"Sem Vítimas";"Pleno dia";"Decrescente";"Céu Claro";"Simples";"Reta";"Sim";3;0;0;0;3;0;0;3;-23,41038567;-45,06492019;"SPRF-SP";"DEL06/SP";"UOP01-DEL06-SP"
744779;2026-01-10;"sábado";"12:00:00";"MG";459;88,2;"CONGONHAL";"Acessar a via sem observar a presença dos outros veículos";"Colisão transversal";"Com Vítimas Feridas";"Pleno dia";"Crescente";"Céu Claro";"Dupla";"Reta;Interseção de Vias";"Sim";2;0;1;0;1;0;1;2;-22,1503071;-46,03560984;"SPRF-MG";"DEL09/MG";"UOP01-DEL09-MG"
744780;2026-01-10;"sábado";"12:35:00";"PR";277;25;"MORRETES";"Retorno proibido";"Colisão transversal";"Com Vítimas Fatais";"Pleno dia";"Crescente";"Céu Claro";"Dupla";"Interseção de Vias;Reta";"Não";9;1;5;0;2;1;5;3;-25,5336945;-48,75779855;"SPRF-PR";"DEL01/PR";"UOP05-DEL01-PR"
744781;2026-01-10;"sábado";"12:42:00";"PR";116;119,4;"CURITIBA";"Avarias e/ou desgaste excessivo no pneu";"Tombamento";"Com Vítimas Feridas";"Pleno dia";"Decrescente";"Nublado";"Dupla";"Aclive;Reta";"Não";1;0;1;0;0;0;1;1;-25,580471;-49,312929;"SPRF-PR";"DEL01/PR";"UOP03-DEL01-PR"
744783;2026-01-10;"sábado";"11:30:00";"MG";381;749,3;"TRES CORACOES";"Velocidade Incompatível";"Saída de leito carroçável";"Com Vítimas Feridas";"Pleno dia";"Crescente";"Céu Claro";"Dupla";"Reta";"Não";1;0;1;0;0;0;1;1;-21,6825856;-45,3410816;"SPRF-MG";"DEL16/MG";"UOP02-DEL16-MG"
744784;2026-01-10;"sábado";"12:40:00";"GO";60;37,2;"GOIANIA";"Ingestão de álcool pelo condutor";"Engavetamento";"Com Vítimas Feridas";"Pleno dia";"Decrescente";"Nublado";"Dupla";"Rotatória;Reta";"Sim";3;0;1;0;2;0;1;3;-16,73964463;-49,34577649;"SPRF-GO";"DEL01/GO";"UOP02-DEL01-GO"
744786;2026-01-10;"sábado";"14:00:00";"RN";304;298;"MACAIBA";"Acessar a via sem observar a presença dos outros veículos";"Colisão transversal";"Sem Vítimas";"Pleno dia";"Decrescente";"Céu Claro";"Simples";"Declive";"Sim";3;0;0;0;2;1;0;2;-5,8648641;-35,3512908;"SPRF-RN";"DEL01-RN";"UOP02-DEL01-RN"
744787;2026-01-10;"sábado";"11:45:00";"MS";60;425;"SIDROLANDIA";"Acessar a via sem observar a presença dos outros veículos";"Colisão transversal";"Com Vítimas Feridas";"Pleno dia";"Crescente";"Sol";"Dupla";"Interseção de Vias;Reta";"Sim";2;0;1;0;1;0;1;2;-20,92769243;-54,95641351;"SPRF-MS";"DEL01/MS";"UOP04-DEL01-MS"
744789;2026-01-10;"sábado";"14:05:00";"DF";60;19;"BRASILIA";"Ausência de reação do condutor";"Saída de leito carroçável";"Com Vítimas Feridas";"Pleno dia";"Crescente";"Sol";"Dupla";"Aclive;Reta";"Não";1;0;1;0;0;0;1;1;-15,974583;-48,189411;"SPRF-DF";"DEL03-DF";"UOP01-DEL03-DF"
744790;2026-01-10;"sábado";"13:00:00";"PA";10;271;"IPIXUNA DO PARA";"Manobra de mudança de faixa";"Colisão lateral sentido oposto";"Sem Vítimas";"Pleno dia";"Crescente";"Céu Claro";"Simples";"Reta";"Não";2;0;0;0;0;2;0;2;-2,74063;-47,461225;"SPRF-PA";"DEL02/PA";"UOP01-DEL02-PA"
744792;2026-01-10;"sábado";"11:25:00";"RJ";116;79;"TERESOPOLIS";"Acessar a via sem observar a presença dos outros veículos";"Colisão transversal";"Com Vítimas Feridas";"Pleno dia";"Crescente";"Céu Claro";"Simples";"Reta";"Não";2;0;0;1;1;0;1;2;-22,379861;-42,952968;"SPRF-RJ";"DEL04/RJ";"UOP01-DEL04-RJ"
744794;2026-01-10;"sábado";"15:10:00";"MG";40;614;"CONGONHAS";"Velocidade Incompatível";"Colisão frontal";"Com Vítimas Feridas";"Pleno dia";"Crescente";"Céu Claro";"Simples";"Aclive;Curva";"Sim";2;0;0;2;0;0;2;2;-20,53285;-43,82276;"SPRF-MG";"DEL05/MG";"UOP02-DEL05-MG"
744797;2026-01-10;"sábado";"15:00:00";"SC";101;368,8;"ICARA";"Reação tardia ou ineficiente do condutor";"Colisão com objeto";"Com Vítimas Feridas";"Pleno dia";"Decrescente";"Céu Claro";"Múltipla";"Aclive;Curva";"Não";6;0;1;0;5;0;1;2;-28,6971284;-49,1883739;"SPRF-SC";"DEL02/SC";"UOP01-DEL02-SC"
744798;2026-01-10;"sábado";"12:40:00";"MG";40;113,5;"LAGOA GRANDE";"Reação tardia ou ineficiente do condutor";"Saída de leito carroçável";"Com Vítimas Feridas";"Pleno dia";"Crescente";"Céu Claro";"Simples";"Reta";"Não";1;0;1;0;0;0;1;1;-17,648;-46,422;"SPRF-MG";"DEL14/MG";"UOP01-DEL14-MG"
744799;2026-01-10;"sábado";"00:00:00";"MG";116;494,7;"GOVERNADOR VALADARES";"Pedestre andava na pista";"Atropelamento de Pedestre";"Com Vítimas Feridas";"Plena Noite";"Decrescente";"Céu Claro";"Simples";"Reta";"Não";2;0;1;0;1;0;1;2;-18,71421963;-41,98768616;"SPRF-MG";"DEL06/MG";"UOP02-DEL06-MG"
744803;2026-01-10;"sábado";"15:00:00";"PR";376;157,9;"MANDAGUACU";"Acumulo de água sobre o pavimento";"Saída de leito carroçável";"Com Vítimas Feridas";"Pleno dia";"Crescente";"Chuva";"Dupla";"Curva";"Sim";1;0;1;0;0;0;1;1;-23,35197722;-52,09158596;"SPRF-PR";"DEL09/PR";"UOP02-DEL09-PR"
744804;2026-01-10;"sábado";"15:10:00";"SC";101;118,5;"ITAJAI";"Trafegar com motocicleta (ou similar) entre as faixas";"Colisão traseira";"Com Vítimas Feridas";"Pleno dia";"Crescente";"Céu Claro";"Dupla";"Reta";"Não";2;0;1;0;0;1;1;2;-26,90004;-48,71731;"SPRF-SC";"DEL04/SC";"UOP04-DEL04-SC"
744805;2026-01-10;"sábado";"12:40:00";"RJ";101;293,3;"ITABORAI";"Acessar a via sem observar a presença dos outros veículos";"Colisão traseira";"Com Vítimas Feridas";"Pleno dia";"Crescente";"Sol";"Dupla";"Reta";"Sim";4;0;2;0;2;0;2;2;-22,75341845;-42,89952797;"SPRF-RJ";"DEL02/RJ";"UOP02-DEL02-RJ"
744806;2026-01-10;"sábado";"09:40:00";"SC";282;105,7;"ALFREDO WAGNER";"Velocidade Incompatível";"Colisão lateral mesmo sentido";"Sem Vítimas";"Pleno dia";"Crescente";"Garoa/Chuvisco";"Simples";"Curva";"Sim";6;0;0;0;6;0;0;2;-27,695153;-49,348175;"SPRF-SC";"DEL01/SC";"UOP03-DEL01-SC"
744808;2026-01-10;"sábado";"14:20:00";"PE";232;419;"SERRA TALHADA";"Ausência de reação do condutor";"Tombamento";"Com Vítimas Feridas";"Pleno dia";"Decrescente";"Céu Claro";"Simples";"Reta";"Não";2;0;0;2;0;0;2;1;-7,998013;-38,381844;"SPRF-PE";"DEL04/PE";"UOP01-DEL04-PE"
744809;2026-01-10;"sábado";"15:00:00";"RS";470;19,2;"BARRACAO";"Velocidade Incompatível";"Saída de leito carroçável";"Com Vítimas Feridas";"Pleno dia";"Crescente";"Chuva";"Simples";"Declive";"Não";1;0;1;0;0;0;1;1;-27,74430176;-51,45779165;"SPRF-RS";"DEL08/RS";"UOP05-DEL08-RS"
744810;2026-01-10;"sábado";"16:15:00";"RJ";116;131;"MAGE";"Ausência de reação do condutor";"Colisão com objeto";"Com Vítimas Feridas";"Pleno dia";"Crescente";"Céu Claro";"Dupla";"Reta";"Não";2;0;2;0;0;0;2;1;-22,65694;-43,12015;"SPRF-RJ";"DEL04/RJ";"UOP02-DEL04-RJ"
744811;2026-01-10;"sábado";"09:00:00";"BA";110;366;"CATU";"Ultrapassagem Indevida";"Colisão lateral mesmo sentido";"Com Vítimas Fatais";"Pleno dia";"Crescente";"Céu Claro";"Simples";"Reta";"Não";4;1;1;0;2;0;1;3;-12,33862882;-38,38493013;"SPRF-BA";"DEL01/BA";"UOP04-DEL01-BA"
744812;2026-01-10;"sábado";"11:54:00";"MA";135;5,8;"SAO LUIS";"Reação tardia ou ineficiente do condutor";"Colisão transversal";"Com Vítimas Feridas";"Pleno dia";"Crescente";"Sol";"Dupla";"Reta;Retorno Regulamentado";"Sim";2;0;1;0;1;0;1;2;-2,626972;-44,262005;"SPRF-MA";"DEL01-MA";"UOP01-DEL01-MA"
744813;2026-01-10;"sábado";"15:15:00";"SC";280;27;"ARAQUARI";"Acesso irregular";"Colisão transversal";"Com Vítimas Feridas";"Pleno dia";"Decrescente";"Chuva";"Dupla";"Reta";"Não";2;0;0;1;1;0;1;2;-26,40140302;-48,74153138;"SPRF-SC";"DEL03/SC";"UOP03-DEL03-SC"
744815;2026-01-10;"sábado";"16:45:00";"MG";50;176;"UBERABA";"Reação tardia ou ineficiente do condutor";"Tombamento";"Com Vítimas Feridas";"Pleno dia";"Decrescente";"Céu Claro";"Dupla";"Reta";"Sim";1;0;1;0;0;0;1;1;-19,74234522;-47,98390714;"SPRF-MG";"DEL13/MG";"UOP01-DEL13-MG"
744816;2026-01-10;"sábado";"16:40:00";"SC";101;57,7;"ARAQUARI";"Velocidade Incompatível";"Colisão com objeto";"Com Vítimas Feridas";"Pleno dia";"Crescente";"Chuva";"Dupla";"Curva";"Não";2;0;1;1;0;0;2;1;-26,438677;-48,803016;"SPRF-SC";"DEL03/SC";"UOP01-DEL03-SC"
744817;2026-01-10;"sábado";"16:52:00";"SE";235;47;"ITABAIANA";"Ingestão de álcool pelo condutor";"Saída de leito carroçável";"Sem Vítimas";"Pleno dia";"Crescente";"Céu Claro";"Simples";"Declive;Reta";"Não";1;0;0;0;0;1;0;1;-10,734852;-37,408603;"SPRF-SE";"DEL01-SE";"UOP02-DEL01-SE"
744820;2026-01-10;"sábado";"17:10:00";"TO";153;138;"ARAGUAINA";"Ausência de reação do condutor";"Colisão transversal";"Com Vítimas Feridas";"Pleno dia";"Decrescente";"Céu Claro";"Dupla";"Rotatória;Reta";"Sim";2;0;0;1;1;0;1;2;-7,16180927;-48,20549637;"SPRF-TO";"DEL02-TO";"UOP01-DEL02-TO"
744822;2026-01-10;"sábado";"16:50:00";"PE";101;82,8;"JABOATAO DOS GUARARAPES";"Condutor deixou de manter distância do veículo da frente";"Colisão traseira";"Sem Vítimas";"Pleno dia";"Decrescente";"Céu Claro";"Dupla";"Declive;Reta";"Sim";2;0;0;0;1;1;0;2;-8,1747988;-34,9416882;"SPRF-PE";"DEL01/PE";"UOP01-DEL01-PE"
744823;2026-01-02;"sexta-feira";"16:35:00";"SC";280;275,8;"IRINEOPOLIS";"Acessar a via sem observar a presença dos outros veículos";"Colisão frontal";"Com Vítimas Feridas";"Pleno dia";"Decrescente";"Sol";"Simples";"Curva;Interseção de Vias";"Sim";7;0;4;2;1;0;6;2;-26,29090883;-50,78956811;"SPRF-SC";"DEL06/SC";"UOP04-DEL06-SC"
744826;2026-01-10;"sábado";"17:00:00";"PB";230;135,9;"MASSARANDUBA";"Velocidade Incompatível";"Capotamento";"Com Vítimas Fatais";"Pleno dia";"Decrescente";"Céu Claro";"Dupla";"Curva";"Não";4;1;2;1;0;0;3;1;-7,27828;-35,772032;"SPRF-PB";"DEL02-PB";"UOP01-DEL02-PB"
744827;2026-01-10;"sábado";"17:25:00";"TO";153;335;"GUARAI";"Conversão proibida";"Colisão transversal";"Com Vítimas Feridas";"Anoitecer";"Crescente";"Céu Claro";"Simples";"Reta;Interseção de Vias";"Sim";3;0;1;0;2;0;1;2;-8,84714;-48,510758;"SPRF-TO";"DEL02-TO";"UOP02-DEL02-TO"
744828;2026-01-10;"sábado";"12:00:00";"MG";251;420,6;"GRAO MOGOL";"Velocidade Incompatível";"Saída de leito carroçável";"Com Vítimas Feridas";"Pleno dia";"Crescente";"Céu Claro";"Simples";"Curva";"Não";4;0;3;1;0;0;4;1;-16,3052;-43,06353;"SPRF-MG";"DEL12/MG";"UOP01-DEL12-MG"
744829;2026-01-10;"sábado";"17:25:00";"PB";230;17,4;"JOAO PESSOA";"Ausência de reação do condutor";"Colisão traseira";"Com Vítimas Feridas";"Plena Noite";"Crescente";"Céu Claro";"Múltipla";"Retorno Regulamentado;Reta";"Sim";4;0;2;0;2;0;2;2;-7,11804275;-34,84405828;"SPRF-PB";"DEL01-PB";"UOP01-DEL01-PB"
744830;2026-01-10;"sábado";"17:40:00";"SC";101;87;"BARRA VELHA";"Ultrapassagem Indevida";"Colisão lateral mesmo sentido";"Com Vítimas Feridas";"Pleno dia";"Decrescente";"Nublado";"Múltipla";"Interseção de Vias";"Sim";3;0;2;0;1;0;2;2;-26,64056382;-48,69156718;"SPRF-SC";"DEL03/SC";"UOP02-DEL03-SC"
744833;2026-01-10;"sábado";"17:30:00";"MG";50;181;"UBERABA";"Objeto estático sobre o leito carroçável";"Colisão com objeto";"Com Vítimas Feridas";"Pleno dia";"Crescente";"Céu Claro";"Dupla";"Reta";"Sim";4;0;3;0;1;0;3;1;-19,7915803;-47,91281717;"SPRF-MG";"DEL13/MG";"UOP01-DEL13-MG"
744834;2026-01-10;"sábado";"15:33:00";"MT";163;753;"SORRISO";"Ausência de reação do condutor";"Tombamento";"Com Vítimas Feridas";"Pleno dia";"Crescente";"Céu Claro";"Dupla";"Reta";"Sim";1;0;0;1;0;0;1;1;-12,549801;-55,712566;"SPRF-MT";"DEL06/MT";"UOP01-DEL06-MT"
744835;2026-01-10;"sábado";"17:45:00";"PA";230;621;"ALTAMIRA";"Demais falhas mecânicas ou elétricas";"Tombamento";"Com Vítimas Feridas";"Pleno dia";"Crescente";"Céu Claro";"Simples";"Reta";"Não";2;0;2;0;0;0;2;1;-3,17252523;-52,14931011;"SPRF-PA";"DEL04/PA";"UOP01-DEL04-PA"
744839;2026-01-10;"sábado";"18:00:00";"GO";70;1;"AGUAS LINDAS DE GOIAS";"Ingestão de álcool pelo condutor";"Capotamento";"Com Vítimas Feridas";"Anoitecer";"Crescente";"Céu Claro";"Dupla";"Reta";"Não";1;0;1;0;0;0;1;1;-15,77592969;-48,23284462;"SPRF-DF";"DEL03-DF";"UOP02-DEL03-DF"
744840;2026-01-10;"sábado";"17:46:00";"RN";110;16;"AREIA BRANCA";"Reação tardia ou ineficiente do condutor";"Saída de leito carroçável";"Com Vítimas Feridas";"Anoitecer";"Decrescente";"Céu Claro";"Simples";"Reta";"Sim";3;0;2;0;1;0;2;1;-5,038432;-37,134936;"SPRF-RN";"DEL04-RN";"UOP01-DEL04-RN"
744842;2026-01-10;"sábado";"17:40:00";"RJ";40;62;"PETROPOLIS";"Demais falhas mecânicas ou elétricas";"Incêndio";"Sem Vítimas";"Pleno dia";"Decrescente";"Céu Claro";"Dupla";"Reta";"Sim";1;0;0;0;1;0;0;1;-22,41340894;-43,14966202;"SPRF-RJ";"DEL05/RJ";"UOP02-DEL05-RJ"
744843;2026-01-10;"sábado";"17:25:00";"SC";101;120;"ITAJAI";"Reação tardia ou ineficiente do condutor";"Tombamento";"Com Vítimas Feridas";"Pleno dia";"Crescente";"Nublado";"Múltipla";"Curva;Viaduto";"Não";1;0;1;0;0;0;1;1;-26,91985056;-48,71016026;"SPRF-SC";"DEL04/SC";"UOP04-DEL04-SC"
744845;2026-01-10;"sábado";"17:05:00";"MT";70;740;"CACERES";"Demais falhas mecânicas ou elétricas";"Incêndio";"Sem Vítimas";"Pleno dia";"Decrescente";"Céu Claro";"Simples";"Reta";"Não";1;0;0;0;1;0;0;1;-16,02;-57,733;"SPRF-MT";"DEL03/MT";"UOP01-DEL03-MT"
744846;2026-01-10;"sábado";"18:20:00";"BA";101;495;"ITABUNA";"Acessar a via sem observar a presença dos outros veículos";"Colisão transversal";"Com Vítimas Feridas";"Anoitecer";"Crescente";"Garoa/Chuvisco";"Simples";"Reta";"Não";4;0;3;0;1;0;3;2;-14,72758091;-39,34631545;"SPRF-BA";"DEL05/BA";"UOP01-DEL05-BA"
744848;2026-01-10;"sábado";"15:45:00";"SC";153;45,3;"VARGEM BONITA";"Reação tardia ou ineficiente do condutor";"Saída de leito carroçável";"Com Vítimas Feridas";"Pleno dia";"Crescente";"Chuva";"Simples";"Curva";"Não";2;0;2;0;0;0;2;1;-26,89038;-51,763558;"SPRF-SC";"DEL07/SC";"UOP07-DEL07-SC"
744849;2026-01-10;"sábado";"18:00:00";"PR";116;46;"CAMPINA GRANDE DO SUL";"Chuva";"Colisão com objeto";"Sem Vítimas";"Anoitecer";"Crescente";"Chuva";"Dupla";"Curva";"Não";1;0;0;0;1;0;0;1;-25,24355874;-48,90252963;"SPRF-PR";"DEL01/PR";"UOP02-DEL01-PR"
744850;2026-01-10;"sábado";"17:50:00";"PB";230;38;"SANTA RITA";"Manobra de mudança de faixa";"Colisão lateral mesmo sentido";"Sem Vítimas";"Anoitecer";"Decrescente";"Céu Claro";"Dupla";"Reta";"Sim";2;0;0;0;2;0;0;2;-7,13427536;-34,96230483;"SPRF-PB";"DEL01-PB";"UOP02-DEL01-PB"
744852;2026-01-10;"sábado";"18:18:00";"PR";116;23;"ANTONINA";"Chuva";"Saída de leito carroçável";"Com Vítimas Feridas";"Plena Noite";"Decrescente";"Chuva";"Dupla";"Declive;Curva";"Não";2;0;2;0;0;0;2;1;-25,113287;-48,758342;"SPRF-PR";"DEL01/PR";"UOP02-DEL01-PR"
744854;2026-01-10;"sábado";"19:00:00";"PA";230;9,7;"ALTAMIRA";"Ultrapassagem Indevida";"Colisão lateral mesmo sentido";"Com Vítimas Feridas";"Plena Noite";"Crescente";"Céu Claro";"Simples";"Declive";"Não";2;0;2;0;0;0;2;2;-3,19244;-52,22757;"SPRF-PA";"DEL03/PA";"UOP01-DEL03-PA"
744856;2026-01-10;"sábado";"19:08:00";"MG";40;507,7;"RIBEIRAO DAS NEVES";"Pedestre cruzava a pista fora da faixa";"Atropelamento de Pedestre";"Com Vítimas Fatais";"Plena Noite";"Decrescente";"Céu Claro";"Dupla";"Reta";"Sim";2;1;0;1;0;0;1;2;-19,758542;-44,137453;"SPRF-MG";"DEL02/MG";"UOP01-DEL02-MG"
744857;2026-01-10;"sábado";"18:48:00";"PE";232;236,9;"ARCOVERDE";"Manobra de mudança de faixa";"Colisão lateral mesmo sentido";"Sem Vítimas";"Plena Noite";"Crescente";"Céu Claro";"Simples";"Aclive;Reta";"Não";3;0;0;0;1;2;0;2;-8,416408;-36,936322;"SPRF-PE";"DEL04/PE";"UOP02-DEL04-PE"
744859;2026-01-10;"sábado";"18:10:00";"PR";277;69;"SAO JOSE DOS PINHAIS";"Ausência de reação do condutor";"Engavetamento";"Com Vítimas Feridas";"Pleno dia";"Crescente";"Chuva";"Dupla";"Reta";"Não";5;0;1;0;4;0;1;4;-25,51796726;-49,11643982;"SPRF-PR";"DEL01/PR";"UOP01-DEL01-PR"
744860;2026-01-10;"sábado";"19:31:00";"RJ";101;399;"ITAGUAI";"Entrada inopinada do pedestre";"Atropelamento de Pedestre";"Com Vítimas Feridas";"Anoitecer";"Decrescente";"Céu Claro";"Dupla";"Reta";"Sim";2;0;2;0;0;0;2;2;-22,859217;-43,759223;"SPRF-RJ";"DEL03/RJ";"UOP01-DEL03-RJ"
744862;2026-01-10;"sábado";"19:45:00";"RS";386;348,8;"LAJEADO";"Reação tardia ou ineficiente do condutor";"Colisão com objeto";"Sem Vítimas";"Plena Noite";"Decrescente";"Chuva";"Múltipla";"Reta";"Não";3;0;0;0;0;3;0;2;-29,46550662;-51,95507225;"SPRF-RS";"DEL04/RS";"UOP01-DEL04-RS"
744863;2026-01-10;"sábado";"15:25:00";"PA";316;32;"SANTA IZABEL DO PARA";"Velocidade Incompatível";"Saída de leito carroçável";"Com Vítimas Feridas";"Pleno dia";"Decrescente";"Chuva";"Dupla";"Curva";"Não";4;0;3;0;1;0;3;1;-1,298553;-48,190554;"SPRF-PA";"DEL01/PA";"UOP01-DEL01-PA"