"id";"data_inversa";"dia_semana";"horario";"uf";"br";"km";"municipio";"causa_acidente";"tipo_acidente";"classificacao_acidente";"fase_dia";"sentido_via";"condicao_metereologica";"tipo_pista";"tracado_via";"uso_solo";"pessoas";"mortos";"feridos_leves";"feridos_graves";"ilesos";"ignorados";"feridos";"veiculos";"latitude";"longitude";"regional";"delegacia";"uop"
744964;2026-01-11;"domingo";"07:30:00";"AL";104;23;"SAO JOSE DA LAJE";"Acessar a via sem observar a presença dos outros veículos";"Atropelamento de Pedestre";"Com Vítimas Feridas";"Pleno dia";"Decrescente";"Céu Claro";"Simples";"Reta";"Não";2;0;0;2;0;0;2;2;-9,05905659;-36,03533713;"SPRF-AL";"DEL01-AL";"UOP02-DEL01-AL"
744965;2026-01-11;"domingo";"08:40:00";"RS";116;231;"ESTANCIA VELHA";"Condutor Dormindo";"Colisão com objeto";"Com Vítimas Feridas";"Pleno dia";"Decrescente";"Chuva";"Dupla";"Curva";"Não";1;0;1;0;0;0;1;1;-29,62794201;-51,1390678;"SPRF-RS";"DEL01/RS";"UOP02-DEL01-RS"
744966;2026-01-11;"domingo";"10:10:00";"SC";282;71,3;"RANCHO QUEIMADO";"Pista Escorregadia";"Saída de leito carroçável";"Sem Vítimas";"Pleno dia";"Crescente";"Chuva";"Dupla";"Aclive;Curva";"Não";1;0;0;0;1;0;0;1;-27,68977935;-49,091506;"SPRF-SC";"DEL01/SC";"UOP03-DEL01-SC"
744967;2026-01-11;"domingo";"09:10:00";"RJ";101;65;"CAMPOS DOS GOYTACAZES";"Condutor deixou de manter distância do veículo da frente";"Colisão traseira";"Com Vítimas Feridas";"Pleno dia";"Crescente";"Céu Claro";"Simples";"Curva";"Sim";4;0;1;0;3;0;1;2;-21,757626;-41,34844;"SPRF-RJ";"DEL08/RJ";"UOP02-DEL08-RJ"
744969;2026-01-11;"domingo";"04:40:00";"RO";435;85,1;"COLORADO DO OESTE";"Ausência de reação do condutor";"Saída de leito carroçável";"Com Vítimas Feridas";"Plena Noite";"Crescente";"Nublado";"Dupla";"Aclive;Reta";"Sim";2;0;2;0;0;0;2;1;-13,11944365;-60,53562958;"SPRF-RO";"DEL04-RO";"UOP02-DEL04-RO"
744971;2026-01-11;"domingo";"10:00:00";"SP";153;25,3;"NOVA GRANADA";"Avarias e/ou desgaste excessivo no pneu";"Tombamento";"Com Vítimas Feridas";"Pleno dia";"Crescente";"Céu Claro";"Simples";"Reta";"Não";2;0;2;0;0;0;2;1;-20,50592415;-49,32212703;"SPRF-SP";"DEL09/SP";"UOP01-DEL09-SP"
744972;2026-01-11;"domingo";"05:00:00";"RO";435;83,8;"COLORADO DO OESTE";"Condutor Dormindo";"Colisão com objeto";"Com Vítimas Feridas";"Amanhecer";"Crescente";"Céu Claro";"Simples";"Reta";"Sim";2;0;2;0;0;0;2;1;-13,117553;-60,523968;"SPRF-RO";"DEL04-RO";"UOP02-DEL04-RO"
744973;2026-01-11;"domingo";"10:23:00";"PE";101;57,3;"RECIFE";"Condutor deixou de manter distância do veículo da frente";"Colisão traseira";"Com Vítimas Feridas";"Pleno dia";"Decrescente";"Céu Claro";"Dupla";"Aclive;Reta";"Sim";6;0;0;1;5;0;1;2;-7,9665258;-34,917917;"SPRF-PE";"DEL01/PE";"UOP02-DEL01-PE"
744974;2026-01-11;"domingo";"08:30:00";"SE";101;123;"ITAPORANGA DAJUDA";"Ingestão de álcool pelo condutor";"Colisão com objeto";"Sem Vítimas";"Pleno dia";"Decrescente";"Céu Claro";"Dupla";"Declive;Curva";"Não";1;0;0;0;1;0;0;1;-11,0427203;-37,36576796;"SPRF-SE";"DEL02-SE";"UOP01-DEL02-SE"
744975;2026-01-03;"sábado";"14:20:00";"MS";267;299;"RIO BRILHANTE";"Ingestão de álcool pelo condutor";"Colisão lateral sentido oposto";"Sem Vítimas";"Pleno dia";"Crescente";"Céu Claro";"Simples";"Reta";"Não";2;0;0;0;2;0;0;2;-21,75120912;-54,60033417;"SPRF-MS";"DEL02/MS";"UOP02-DEL02-MS"
744976;2026-01-11;"domingo";"08:25:00";"MT";364;348,9;"SANTO ANTONIO DO LEVERGER";"Reação tardia ou ineficiente do condutor";"Saída de leito carroçável";"Com Vítimas Feridas";"Pleno dia";"Decrescente";"Chuva";"Dupla";"Curva;Aclive";"Não";1;0;1;0;0;0;1;1;-15,803;-55,564;"SPRF-MT";"DEL05/MT";"UOP02-DEL05-MT"
744977;2026-01-11;"domingo";"10:15:00";"RJ";101;408,8;"ITAGUAI";"Avarias e/ou desgaste excessivo no pneu";"Queda de ocupante de veículo";"Com Vítimas Feridas";"Pleno dia";"Crescente";"Céu Claro";"Dupla";"Reta";"Sim";2;0;1;1;0;0;2;1;-22,885848;-43,834409;"SPRF-RJ";"DEL03/RJ";"UOP01-DEL03-RJ"
744979;2026-01-11;"domingo";"09:50:00";"MG";116;641,6;"FERVEDOURO";"Velocidade Incompatível";"Colisão lateral sentido oposto";"Com Vítimas Feridas";"Pleno dia";"Crescente";"Sol";"Simples";"Aclive;Curva";"Não";2;0;1;0;1;0;1;2;-20,657453;-42,264819;"SPRF-MG";"DEL07/MG";"UOP02-DEL07-MG"
744980;2026-01-11;"domingo";"11:00:00";"ES";262;98,5;"VENDA NOVA DO IMIGRANTE";"Condutor Dormindo";"Colisão frontal";"Com Vítimas Feridas";"Pleno dia";"Decrescente";"Sol";"Simples";"Aclive;Reta";"Não";5;0;2;0;3;0;2;2;-20,351517;-41,091779;"SPRF-ES";"DEL01-ES";"UOP02-DEL01-ES"
744981;2026-01-11;"domingo";"11:10:00";"PR";277;286,6;"PRUDENTOPOLIS";"Acessar a via sem observar a presença dos outros veículos";"Colisão transversal";"Com Vítimas Feridas";"Pleno dia";"Decrescente";"Garoa/Chuvisco";"Simples";"Reta;Interseção de Vias";"Não";5;0;4;0;1;0;4;2;-25,32044251;-50,96832275;"SPRF-PR";"DEL08/PR";"UOP02-DEL08-PR"
744983;2026-01-11;"domingo";"00:20:00";"MT";158;718,8;"BARRA DO GARCAS";"Ausência de reação do condutor";"Saída de leito carroçável";"Sem Vítimas";"Plena Noite";"Crescente";"Céu Claro";"Simples";"Reta";"Não";1;0;0;0;1;0;0;1;-15,22935;-52,181903;"SPRF-MT";"DEL07/MT";"UOP01-DEL07-MT"
744984;2026-01-11;"domingo";"06:46:00";"MT";364;253;"JUSCIMEIRA";"Reação tardia ou ineficiente do condutor";"Saída de leito carroçável";"Sem Vítimas";"Pleno dia";"Decrescente";"Céu Claro";"Dupla";"Aclive;Reta";"Não";1;0;0;0;0;1;0;1;-16,02679547;-54,89509419;"SPRF-MT";"DEL02/MT";"UOP01-DEL02-MT"
744987;2026-01-11;"domingo";"10:30:00";"SC";101;20;"BIGUACU";"Carga excessiva e/ou mal acondicionada";"Colisão com objeto";"Com Vítimas Feridas";"Pleno dia";"Decrescente";"Sol";"Simples";"Curva";"Não";1;0;1;0;0;0;1;1;-27,49485321;-48,7129283;"SPRF-SC";"DEL01/SC";"UOP01-DEL01-SC"
744990;2026-01-11;"domingo";"10:00:00";"MA";402;9;"ROSARIO";"Acesso irregular";"Colisão transversal";"Com Vítimas Feridas";"Pleno dia";"Decrescente";"Céu Claro";"Simples";"Interseção de Vias";"Sim";5;0;1;0;4;0;1;2;-2,94094;-44,24686;"SPRF-MA";"DEL01-MA";"UOP01-DEL01-MA"
744991;2026-01-11;"domingo";"13:45:00";"SC";101;146,5;"ITAPEMA";"Manobra de mudança de faixa";"Colisão lateral mesmo sentido";"Com Vítimas Feridas";"Pleno dia";"Decrescente";"Nublado";"Dupla";"Reta";"Sim";3;0;1;0;2;0;1;3;-27,08855;-48,61258;"SPRF-SC";"DEL04/SC";"UOP03-DEL04-SC"
744992;2026-01-10;"sábado";"08:15:00";"MS";262;328;"CAMPO GRANDE";"Acessar a via sem observar a presença dos outros veículos";"Colisão transversal";"Com Vítimas Feridas";"Pleno dia";"Decrescente";"Céu Claro";"Dupla";"Reta";"Sim";3;0;2;0;1;0;2;2;-20,46557632;-54,54812443;"SPRF-MS";"DEL01/MS";"UOP01-DEL01-MS"
744993;2026-01-11;"domingo";"14:30:00";"PB";230;21;"JOAO PESSOA";"Ausência de reação do condutor";"Saída de leito carroçável";"Com Vítimas Feridas";"Pleno dia";"Crescente";"Céu Claro";"Dupla";"Reta";"Não";5;0;1;0;4;0;1;1;-7,144861;-34,851192;"SPRF-PB";"DEL01-PB";"UOP01-DEL01-PB"
744994;2026-01-11;"domingo";"14:40:00";"RS";116;386;"ARAMBARE";"Ausência de reação do condutor";"Saída de leito carroçável";"Com Vítimas Feridas";"Pleno dia";"Decrescente";"Sol";"Dupla";"Reta";"Não";3;0;1;0;2;0;1;1;-30,80534522;-51,68452311;"SPRF-RS";"DEL02/RS";"UOP02-DEL02-RS"
744995;2026-01-11;"domingo";"14:31:00";"GO";153;420;"ANAPOLIS";"Reação tardia ou ineficiente do condutor";"Tombamento";"Com Vítimas Feridas";"Pleno dia";"Crescente";"Céu Claro";"Simples";"Viaduto";"Sim";1;0;1;0;0;0;1;1;-16,19047;-49,03566;"SPRF-GO";"DEL02/GO";"UOP01-DEL02-GO"
744996;2026-01-11;"domingo";"14:20:00";"PR";277;215;"PALMEIRA";"Reação tardia ou ineficiente do condutor";"Saída de leito carroçável";"Com Vítimas Feridas";"Pleno dia";"Crescente";"Céu Claro";"Simples";"Aclive;Reta";"Não";4;0;1;0;3;0;1;1;-25,462384;-50,345439;"SPRF-PR";"DEL08/PR";"UOP02-DEL08-PR"
744997;2026-01-11;"domingo";"14:50:00";"MG";381;417;"CAETE";"Acumulo de areia ou detritos sobre o pavimento";"Tombamento";"Com Vítimas Feridas";"Pleno dia";"Crescente";"Céu Claro";"Simples";"Curva";"Não";1;0;1;0;0;0;1;1;-19,77245998;-43,65001173;"SPRF-MG";"DEL01/MG";"UOP01-DEL01-MG"
744998;2026-01-11;"domingo";"14:50:00";"MG";40;787,8;"JUIZ DE FORA";"Reação tardia ou ineficiente do condutor";"Saída de leito carroçável";"Com Vítimas Feridas";"Pleno dia";"Crescente";"Céu Claro";"Dupla";"Curva";"Não";2;0;2;0;0;0;2;1;-21,7317562;-43,43994141;"SPRF-MG";"DEL05/MG";"UOP01-DEL05-MG"
744999;2026-01-11;"domingo";"14:30:00";"SC";101;198;"BIGUACU";"Ausência de reação do condutor";"Queda de ocupante de veículo";"Com Vítimas Feridas";"Pleno dia";"Decrescente";"Céu Claro";"Dupla";"Reta";"Sim";2;0;0;1;1;0;1;2;-27,49975348;-48,65530439;"SPRF-SC";"DEL01/SC";"UOP01-DEL01-SC"
745000;2026-01-05;"segunda-feira";"04:50:00";"RJ";101;101;"SAO GONCALO";"Condutor deixou de manter distância do veículo da frente";"Colisão traseira";"Com Vítimas Feridas";"Pleno dia";"Crescente";"Céu Claro";"Dupla";"Reta";"Não";2;0;1;0;1;0;1;2;-22,80999452;-43,06921574;"SPRF-RJ";"DEL08/RJ";"UOP02-DEL08-RJ"
745001;2026-01-11;"domingo";"14:00:00";"PA";10;225,8;"IPIXUNA DO PARA";"Condutor Dormindo";"Saída de leito carroçável";"Com Vítimas Feridas";"Pleno dia";"Decrescente";"Sol";"Simples";"Reta";"Não";4;0;2;0;2;0;2;1;-2,46014277;-47,50974179;"SPRF-PA";"DEL02/PA";"UOP01-DEL02-PA"
745002;2026-01-11;"domingo";"14:55:00";"GO";40;7,5;"VALPARAISO DE GOIAS";"Ausência de reação do condutor";"Colisão traseira";"Com Vítimas Feridas";"Pleno dia";"Decrescente";"Céu Claro";"Dupla";"Reta";"Sim";2;0;1;0;0;1;1;2;-16,114413;-47,968368;"SPRF-DF";"DEL01-DF";"UOP01-DEL01-DF"
745003;2026-01-11;"domingo";"15:00:00";"CE";116;14,3;"FORTALEZA";"Ausência de reação do condutor";"Colisão com objeto";"Com Vítimas Feridas";"Pleno dia";"Decrescente";"Céu Claro";"Dupla";"Reta";"Não";1;0;1;0;0;0;1;1;-3,87485195;-38,49934459;"SPRF-CE";"DEL01/CE";"UOP02-DEL01-CE"
745005;2026-01-11;"domingo";"13:30:00";"MG";262;69,3;"MATIPO";"Reação tardia ou ineficiente do condutor";"Colisão traseira";"Com Vítimas Feridas";"Pleno dia";"Decrescente";"Sol";"Simples";"Reta";"Não";6;0;3;0;3;0;3;2;-20,307724;-42,290447;"SPRF-MG";"DEL06/MG";"UOP03-DEL06-MG"
745007;2026-01-11;"domingo";"10:45:00";"RJ";493;6;"ITABORAI";"Ultrapassagem Indevida";"Queda de ocupante de veículo";"Com Vítimas Feridas";"Pleno dia";"Crescente";"Céu Claro";"Simples";"Reta";"Não";1;0;1;0;0;0;1;1;-22,74574956;-42,95143604;"SPRF-RJ";"DEL02/RJ";"UOP02-DEL02-RJ"
745012;2026-01-11;"domingo";"14:30:00";"BA";330;789;"JEQUIE";"Demais falhas mecânicas ou elétricas";"Eventos atípicos";"Com Vítimas Feridas";"Pleno dia";"Decrescente";"Nublado";"Simples";"Curva";"Não";4;0;4;0;0;0;4;1;-13,871557;-40,049667;"SPRF-BA";"DEL03/BA";"UOP01-DEL03-BA"
745014;2026-01-11;"domingo";"16:00:00";"SC";116;5,6;"MAFRA";"Ausência de reação do condutor";"Saída de leito carroçável";"Sem Vítimas";"Pleno dia";"Decrescente";"Chuva";"Simples";"Interseção de Vias;Retorno Regulamentado";"Não";1;0;0;0;0;1;0;1;-26,14552353;-49,82200127;"SPRF-SC";"DEL06/SC";"UOP01-DEL06-SC"
745015;2026-01-11;"domingo";"15:45:00";"PR";277;4,9;"PARANAGUA";"Trafegar com motocicleta (ou similar) entre as faixas";"Colisão lateral mesmo sentido";"Com Vítimas Feridas";"Pleno dia";"Crescente";"Nublado";"Simples";"Interseção de Vias;Curva";"Sim";6;0;1;0;5;0;1;2;-25,55646206;-48,56566278;"SPRF-PR";"DEL01/PR";"UOP05-DEL01-PR"
745016;2026-01-11;"domingo";"15:05:00";"SC";470;176;"POUSO REDONDO";"Retorno proibido";"Colisão transversal";"Sem Vítimas";"Pleno dia";"Crescente";"Céu Claro";"Simples";"Reta";"Sim";8;0;0;0;8;0;0;2;-27,2528833;-49,9515933;"SPRF-SC";"DEL04/SC";"UOP02-DEL04-SC"
745017;2026-01-11;"domingo";"01:00:00";"PI";407;569,4;"PAULISTANA";"Ausência de reação do condutor";"Colisão com objeto";"Com Vítimas Fatais";"Plena Noite";"Crescente";"Céu Claro";"Simples";"Reta";"Não";1;1;0;0;0;0;0;1;-8,107988;-41,159463;"SPRF-PI";"DEL04-PI";"UOP01-DEL04-PI"
745018;2026-01-11;"domingo";"15:50:00";"PR";376;229,4;"APUCARANA";"Demais falhas mecânicas ou elétricas";"Saída de leito carroçável";"Com Vítimas Feridas";"Pleno dia";"Crescente";"Céu Claro";"Dupla";"Reta";"Não";2;0;2;0;0;0;2;1;-23,565094;-51,542578;"SPRF-PR";"DEL07/PR";"UOP03-DEL07-PR"
745019;2026-01-11;"domingo";"16:15:00";"PB";101;115;"PEDRAS DE FOGO";"Manobra de mudança de faixa";"Colisão lateral mesmo sentido";"Com Vítimas Feridas";"Pleno dia";"Crescente";"Céu Claro";"Dupla";"Reta";"Não";2;0;1;0;1;0;1;2;-7,4014101;-34,9551623;"SPRF-PB";"DEL01-PB";"UOP01-DEL01-PB"
745020;2026-01-11;"domingo";"16:25:00";"RN";406;169;"SAO GONCALO DO AMARANTE";"Manobra de mudança de faixa";"Colisão lateral mesmo sentido";"Com Vítimas Feridas";"Pleno dia";"Crescente";"Céu Claro";"Dupla";"Declive;Reta";"Sim";3;0;2;0;1;0;2;2;-5,758;-35,301;"SPRF-RN";"DEL02-RN";"UOP01-DEL02-RN"
745021;2026-01-11;"domingo";"16:10:00";"SP";488;4;"APARECIDA";"Acessar a via sem observar a presença dos outros veículos";"Colisão transversal";"Com Vítimas Feridas";"Pleno dia";"Decrescente";"Céu Claro";"Dupla";"Reta";"Sim";2;0;0;1;1;0;1;2;-22,8604054;-45,2536995;"SPRF-SP";"DEL08/SP";"UOP01-DEL08-SP"
745022;2026-01-11;"domingo";"16:30:00";"MG";381;443;"SABARA";"Transitar no Acostamento";"Colisão frontal";"Com Vítimas Feridas";"Pleno dia";"Crescente";"Céu Claro";"Simples";"Reta";"Não";2;0;0;1;0;1;1;2;-19,828272;-43,840682;"SPRF-MG";"DEL01/MG";"UOP01-DEL01-MG"
745023;2026-01-11;"domingo";"16:40:00";"MG";381;487;"BETIM";"Reação tardia ou ineficiente do condutor";"Engavetamento";"Com Vítimas Feridas";"Pleno dia";"Decrescente";"Céu Claro";"Múltipla";"Aclive";"Não";8;0;1;0;7;0;1;3;-19,95617011;-44,11822764;"SPRF-MG";"DEL01/MG";"UOP03-DEL01-MG"
745024;2026-01-11;"domingo";"16:15:00";"MG";381;488;"BETIM";"Reação tardia ou ineficiente do condutor";"Engavetamento";"Com Vítimas Feridas";"Pleno dia";"Decrescente";"Céu Claro";"Dupla";"Reta";"Sim";5;0;2;0;3;0;2;3;-19,95675247;-44,1260798;"SPRF-MG";"DEL01/MG";"UOP03-DEL01-MG"
745025;2026-01-11;"domingo";"16:20:00";"PR";277;487,4;"NOVA LARANJEIRAS";"Avarias e/ou desgaste excessivo no pneu";"Saída de leito carroçável";"Com Vítimas Feridas";"Pleno dia";"Crescente";"Garoa/Chuvisco";"Simples";"Aclive;Curva";"Não";2;0;1;0;1;0;1;1;-25,2594566;-52,6261243;"SPRF-PR";"DEL04/PR";"UOP02-DEL04-PR"
745026;2026-01-11;"domingo";"17:00:00";"SC";101;218,3;"PALHOCA";"Animais na Pista";"Colisão traseira";"Com Vítimas Feridas";"Pleno dia";"Crescente";"Nublado";"Múltipla";"Reta";"Sim";3;0;1;0;2;0;1;2;-27,67903848;-48,66948573;"SPRF-SC";"DEL01/SC";"UOP02-DEL01-SC"
745027;2026-01-11;"domingo";"15:00:00";"RN";226;287,2;"AUGUSTO SEVERO";"Velocidade Incompatível";"Capotamento";"Com Vítimas Feridas";"Pleno dia";"Crescente";"Céu Claro";"Simples";"Aclive;Curva";"Não";4;0;0;1;3;0;1;1;-5,86373632;-37,28757191;"SPRF-RN";"DEL03-RN";"UOP01-DEL03-RN"
745028;2026-01-11;"domingo";"14:38:00";"MT";364;261;"JUSCIMEIRA";"Demais falhas mecânicas ou elétricas";"Incêndio";"Sem Vítimas";"Pleno dia";"Decrescente";"Nublado";"Dupla";"Declive;Reta";"Não";1;0;0;0;0;1;0;1;-16,026412;-54,895391;"SPRF-MT";"DEL02/MT";"UOP01-DEL02-MT"
745030;2026-01-11;"domingo";"17:20:00";"MA";222;663;"ACAILANDIA";"Ausência de reação do condutor";"Queda de ocupante de veículo";"Com Vítimas Feridas";"Pleno dia";"Decrescente";"Céu Claro";"Simples";"Aclive;Reta";"Sim";3;0;3;0;0;0;3;2;-4,909263;-47,41131;"SPRF-MA";"DEL04-MA";"UOP03-DEL04-MA"
745031;2026-01-11;"domingo";"17:20:00";"PE";232;194;"SANHARO";"Pedestre cruzava a pista fora da faixa";"Atropelamento de Pedestre";"Com Vítimas Feridas";"Pleno dia";"Crescente";"Céu Claro";"Dupla";"Reta";"Não";2;0;1;0;0;1;1;2;-8,362401;-36,555071;"SPRF-PE";"DEL03/PE";"UOP02-DEL03-PE"
745032;2026-01-11;"domingo";"17:30:00";"PE";104;69,7;"CARUARU";"Ingestão de álcool pelo condutor";"Colisão com objeto";"Com Vítimas Feridas";"Anoitecer";"Crescente";"Céu Claro";"Dupla";"Reta";"Não";2;0;1;1;0;0;2;1;-8,31797;-35,99152;"SPRF-PE";"DEL02/PE";"UOP01-DEL02-PE"
745033;2026-01-11;"domingo";"17:13:00";"DF";20;18;"BRASILIA";"Ingestão de álcool pelo condutor";"Colisão com objeto";"Sem Vítimas";"Pleno dia";"Crescente";"Céu Claro";"Dupla";"Declive;Reta";"Sim";1;0;0;0;1;0;0;1;-15,60848822;-47,6902771;"SPRF-DF";"DEL02-DF";"UOP01-DEL02-DF"
745034;2026-01-11;"domingo";"17:00:00";"MG";381;894,2;"CAMBUI";"Acessar a via sem observar a presença dos outros veículos";"Colisão transversal";"Com Vítimas Fatais";"Pleno dia";"Crescente";"Céu Claro";"Dupla";"Reta";"Não";6;1;5;0;0;0;5;2;-22,577789;-46,044032;"SPRF-MG";"DEL16/MG";"UOP01-DEL16-MG"
745035;2026-01-11;"domingo";"18:00:00";"RJ";116;286;"BARRA MANSA";"Velocidade Incompatível";"Colisão traseira";"Com Vítimas Feridas";"Pleno dia";"Decrescente";"Sol";"Dupla";"Reta";"Não";2;0;1;0;0;1;1;2;-22,49648823;-44,2381617;"SPRF-RJ";"DEL07/RJ";"UOP02-DEL07-RJ"
745037;2026-01-11;"domingo";"18:00:00";"SP";116;313,2;"SAO LOURENCO DA SERRA";"Ausência de reação do condutor";"Queda de ocupante de veículo";"Com Vítimas Feridas";"Pleno dia";"Crescente";"Céu Claro";"Dupla";"Reta";"Não";1;0;1;0;0;0;1;1;-23,88846356;-46,98007859;"SPRF-SP";"DEL04/SP";"UOP01-DEL04-SP"
745038;2026-01-02;"sexta-feira";"07:50:00";"PA";316;47,3;"SANTA IZABEL DO PARA";"Acessar a via sem observar a presença dos outros veículos";"Colisão transversal";"Com Vítimas Feridas";"Pleno dia";"Crescente";"Céu Claro";"Dupla";"Reta;Retorno Regulamentado";"Não";2;0;0;1;1;0;1;2;-1,288008;-48,059822;"SPRF-PA";"DEL01/PA";"UOP01-DEL01-PA"
745039;2026-01-11;"domingo";"17:30:00";"RJ";101;505;"ANGRA DOS REIS";"Reação tardia ou ineficiente do condutor";"Colisão com objeto";"Com Vítimas Feridas";"Pleno dia";"Crescente";"Céu Claro";"Simples";"Reta";"Sim";1;0;1;0;0;0;1;1;-22,932708;-44,392377;"SPRF-RJ";"DEL03/RJ";"UOP03-DEL03-RJ"
745042;2026-01-11;"domingo";"18:15:00";"SC";116;106,2;"MONTE CASTELO";"Ultrapassagem Indevida";"Colisão frontal";"Com Vítimas Feridas";"Pleno dia";"Decrescente";"Garoa/Chuvisco";"Simples";"Declive;Curva";"Não";6;0;4;0;2;0;4;2;-26,754577;-50,320885;"SPRF-SC";"DEL06/SC";"UOP02-DEL06-SC"
745043;2026-01-11;"domingo";"16:00:00";"GO";60;360;"RIO VERDE";"Avarias e/ou desgaste excessivo no pneu";"Saída de leito carroçável";"Com Vítimas Feridas";"Pleno dia";"Decrescente";"Céu Claro";"Dupla";"Declive;Reta";"Não";2;0;1;0;1;0;1;1;-17,642722;-50,788882;"SPRF-GO";"DEL04/GO";"UOP02-DEL04-GO"
745044;2026-01-11;"domingo";"18:00:00";"SC";280;25;"ARAQUARI";"Ingestão de álcool pelo condutor";"Engavetamento";"Com Vítimas Feridas";"Pleno dia";"Crescente";"Garoa/Chuvisco";"Simples";"Reta";"Sim";5;0;1;0;4;0;1;3;-26,38323375;-48,72635929;"SPRF-SC";"DEL03/SC";"UOP03-DEL03-SC"
745045;2026-01-11;"domingo";"18:30:00";"MG";381;781;"CAMPANHA";"Ausência de reação do condutor";"Saída de leito carroçável";"Com Vítimas Feridas";"Plena Noite";"Crescente";"Céu Claro";"Dupla";"Reta";"Não";1;0;1;0;0;0;1;1;-21,821821;-45,493876;"SPRF-MG";"DEL16/MG";"UOP02-DEL16-MG"
745046;2026-01-11;"domingo";"18:00:00";"MG";116;642,1;"FERVEDOURO";"Reação tardia ou ineficiente do condutor";"Colisão traseira";"Com Vítimas Feridas";"Anoitecer";"Crescente";"Céu Claro";"Simples";"Aclive;Curva";"Não";3;0;2;0;0;1;2;2;-20,660795;-42,267098;"SPRF-MG";"DEL07/MG";"UOP02-DEL07-MG"
745047;2026-01-11;"domingo";"17:00:00";"RS";153;397;"CACHOEIRA DO SUL";"Acessar a via sem observar a presença dos outros veículos";"Colisão transversal";"Com Vítimas Feridas";"Pleno dia";"Decrescente";"Céu Claro";"Simples";"Reta";"Não";5;0;5;0;0;0;5;2;-29,98953162;-52,92697906;"SPRF-RS";"DEL02/RS";"UOP03-DEL02-RS"
745048;2026-01-11;"domingo";"18:10:00";"PR";116;147;"MANDIRITUBA";"Reação tardia ou ineficiente do condutor";"Saída de leito carroçável";"Sem Vítimas";"Pleno dia";"Decrescente";"Nublado";"Simples";"Curva";"Não";1;0;0;0;1;0;0;1;-25,8225294;-49,3351944;"SPRF-PR";"DEL01/PR";"UOP03-DEL01-PR"
745049;2026-01-11;"domingo";"17:20:00";"SC";101;106,2;"PENHA";"Manobra de mudança de faixa";"Colisão lateral mesmo sentido";"Com Vítimas Feridas";"Pleno dia";"Crescente";"Garoa/Chuvisco";"Dupla";"Reta";"Não";3;0;0;1;2;0;1;2;-26,815358;-48,68335;"SPRF-SC";"DEL03/SC";"UOP02-DEL03-SC"
745050;2026-01-11;"domingo";"15:00:00";"MG";267;239,7;"SERITINGA";"Acessar a via sem observar a presença dos outros veículos";"Colisão transversal";"Com Vítimas Feridas";"Pleno dia";"Crescente";"Sol";"Simples";"Interseção de Vias;Reta";"Não";3;0;2;1;0;0;3;2;-21,9217186;-44,4015593;"SPRF-MG";"DEL17/MG";"UOP01-DEL17-MG"
745051;2026-01-11;"domingo";"18:00:00";"RS";472;574;"URUGUAIANA";"Acessar a via sem observar a presença dos outros veículos";"Colisão transversal";"Sem Vítimas";"Pleno dia";"Decrescente";"Céu Claro";"Simples";"Rotatória";"Sim";3;0;0;0;3;0;0;2;-29,7633671;-57,05188769;"SPRF-RS";"DEL13/RS";"UOP01-DEL13-RS"
745052;2026-01-11;"domingo";"15:30:00";"BA";235;350;"JUAZEIRO";"Acessar a via sem observar a presença dos outros veículos";"Colisão traseira";"Com Vítimas Feridas";"Pleno dia";"Crescente";"Céu Claro";"Dupla";"Rotatória";"Sim";5;0;2;0;3;0;2;2;-9,4338;-40,5013;"SPRF-PE";"DEL06/PE";"UOP01-DEL06-PE"
745053;2026-01-11;"domingo";"19:10:00";"MG";381;351;"JOAO MONLEVADE";"Acessar a via sem observar a presença dos outros veículos";"Colisão lateral mesmo sentido";"Com Vítimas Feridas";"Plena Noite";"Crescente";"Céu Claro";"Simples";"Aclive;Curva";"Sim";2;0;1;0;1;0;1;2;-19,83930432;-43,19105208;"SPRF-MG";"DEL03/MG";"UOP01-DEL03-MG"
745055;2026-01-11;"domingo";"18:20:00";"RJ";101;388;"RIO DE JANEIRO";"Manobra de mudança de faixa";"Colisão lateral mesmo sentido";"Sem Vítimas";"Anoitecer";"Decrescente";"Céu Claro";"Dupla";"Reta";"Sim";3;0;0;0;3;0;0;2;-22,89263;-43,670848;"SPRF-RJ";"DEL03/RJ";"UOP01-DEL03-RJ"
745056;2026-01-11;"domingo";"19:00:00";"DF";20;21,7;"BRASILIA";"Ingestão de álcool pelo condutor";"Colisão com objeto";"Sem Vítimas";"Plena Noite";"Decrescente";"Céu Claro";"Dupla";"Declive;Retorno Regulamentado;Reta";"Sim";2;0;0;0;2;0;0;1;-15,599053;-47,676637;"SPRF-DF";"DEL02-DF";"UOP01-DEL02-DF"
745057;2026-01-11;"domingo";"18:20:00";"DF";20;21,8;"BRASILIA";"Acessar a via sem observar a presença dos outros veículos";"Colisão lateral mesmo sentido";"Com Vítimas Feridas";"Plena Noite";"Decrescente";"Ignorado";"Dupla";"Reta;Interseção de Vias";"Sim";5;0;1;0;4;0;1;2;-15,598587;-47,676389;"SPRF-DF";"DEL02-DF";"UOP01-DEL02-DF"
745058;2026-01-11;"domingo";"19:00:00";"RS";386;49,1;"SEBERI";"Acessar a via sem observar a presença dos outros veículos";"Colisão transversal";"Sem Vítimas";"Anoitecer";"Decrescente";"Céu Claro";"Simples";"Reta";"Sim";2;0;0;0;2;0;0;2;-27,47928818;-53,39711063;"SPRF-RS";"DEL08/RS";"UOP02-DEL08-RS"