"id";"data_inversa";"dia_semana";"horario";"uf";"br";"km";"municipio";"causa_acidente";"tipo_acidente";"classificacao_acidente";"fase_dia";"sentido_via";"condicao_metereologica";"tipo_pista";"tracado_via";"uso_solo";"pessoas";"mortos";"feridos_leves";"feridos_graves";"ilesos";"ignorados";"feridos";"veiculos";"latitude";"longitude";"regional";"delegacia";"uop"
745059;2026-01-11;"domingo";"19:20:00";"SC";101;215,8;"PALHOCA";"Acessar a via sem observar a presença dos outros veículos";"Colisão lateral mesmo sentido";"Com Vítimas Feridas";"Plena Noite";"Crescente";"Garoa/Chuvisco";"Múltipla";"Reta";"Sim";3;0;0;1;2;0;1;2;-27,65884;-48,67796;"SPRF-SC";"DEL01/SC";"UOP02-DEL01-SC"
745060;2026-01-11;"domingo";"16:50:00";"PE";232;210;"PESQUEIRA";"Ausência de reação do condutor";"Saída de leito carroçável";"Com Vítimas Feridas";"Anoitecer";"Decrescente";"Céu Claro";"Simples";"Aclive;Curva";"Não";2;0;0;2;0;0;2;1;-8,365362;-36,698923;"SPRF-PE";"DEL03/PE";"UOP02-DEL03-PE"
745061;2026-01-11;"domingo";"17:45:00";"MG";116;283;"TEOFILO OTONI";"Retorno proibido";"Colisão transversal";"Com Vítimas Feridas";"Anoitecer";"Crescente";"Céu Claro";"Simples";"Declive;Reta";"Não";3;0;0;2;1;0;2;2;-17,909543;-41,52498;"SPRF-MG";"DEL11/MG";"UOP01-DEL11-MG"
745062;2026-01-11;"domingo";"19:50:00";"MG";40;770;"JUIZ DE FORA";"Avarias e/ou desgaste excessivo no pneu";"Saída de leito carroçável";"Com Vítimas Feridas";"Plena Noite";"Crescente";"Céu Claro";"Simples";"Reta";"Não";2;0;2;0;0;0;2;1;-21,6173197;-43,45487009;"SPRF-MG";"DEL05/MG";"UOP01-DEL05-MG"
745063;2026-01-11;"domingo";"19:10:00";"DF";251;33;"BRASILIA";"Ingestão de álcool pelo condutor";"Colisão transversal";"Com Vítimas Feridas";"Plena Noite";"Crescente";"Céu Claro";"Simples";"Reta";"Sim";2;0;1;0;1;0;1;2;-15,93981507;-47,76562421;"SPRF-DF";"DEL01-DF";"UOP01-DEL01-DF"
745065;2026-01-11;"domingo";"20:05:00";"BA";116;10;"VITORIA DA CONQUISTA";"Reação tardia ou ineficiente do condutor";"Colisão frontal";"Com Vítimas Feridas";"Plena Noite";"Decrescente";"Nublado";"Simples";"Reta";"Sim";2;0;0;2;0;0;2;2;-14,8890504;-40,87085724;"SPRF-BA";"DEL08/BA";"UOP01-DEL08-BA"
745066;2026-01-11;"domingo";"20:00:00";"SC";282;20;"PALHOCA";"Ausência de reação do condutor";"Tombamento";"Com Vítimas Feridas";"Plena Noite";"Decrescente";"Chuva";"Simples";"Declive;Reta";"Sim";1;0;1;0;0;0;1;1;-27,67987457;-48,70369999;"SPRF-SC";"DEL01/SC";"UOP02-DEL01-SC"
745070;2026-01-11;"domingo";"19:50:00";"GO";153;429;"ANAPOLIS";"Condutor deixou de manter distância do veículo da frente";"Colisão traseira";"Com Vítimas Feridas";"Plena Noite";"Crescente";"Céu Claro";"Dupla";"Declive";"Sim";7;0;6;0;1;0;6;2;-16,264074;-48,982577;"SPRF-GO";"DEL02/GO";"UOP01-DEL02-GO"
745071;2026-01-11;"domingo";"18:30:00";"SP";101;36;"UBATUBA";"Conversão proibida";"Colisão transversal";"Com Vítimas Feridas";"Pleno dia";"Crescente";"Céu Claro";"Simples";"Reta";"Não";2;0;1;0;0;1;1;2;-23,45570556;-44,98965348;"SPRF-SP";"DEL06/SP";"UOP01-DEL06-SP"
745072;2026-01-11;"domingo";"19:50:00";"GO";60;3;"SANTO ANTONIO DO DESCOBERTO";"Ingestão de álcool pelo condutor";"Saída de leito carroçável";"Sem Vítimas";"Plena Noite";"Crescente";"Céu Claro";"Dupla";"Curva";"Não";1;0;0;0;1;0;0;1;-16,071057;-48,265794;"SPRF-DF";"DEL03-DF";"UOP01-DEL03-DF"
745073;2026-01-11;"domingo";"20:00:00";"CE";116;17,1;"EUSEBIO";"Acessar a via sem observar a presença dos outros veículos";"Colisão traseira";"Com Vítimas Feridas";"Plena Noite";"Decrescente";"Nublado";"Dupla";"Reta;Retorno Regulamentado";"Sim";2;0;2;0;0;0;2;2;-3,89731072;-38,50320458;"SPRF-CE";"DEL01/CE";"UOP02-DEL01-CE"
745074;2026-01-11;"domingo";"20:30:00";"PE";423;97;"GARANHUNS";"Ausência de reação do condutor";"Saída de leito carroçável";"Com Vítimas Feridas";"Plena Noite";"Crescente";"Céu Claro";"Simples";"Aclive;Reta";"Sim";1;0;1;0;0;0;1;1;-8,8793005;-36,4960566;"SPRF-PE";"DEL03/PE";"UOP01-DEL03-PE"
745075;2026-01-11;"domingo";"19:50:00";"PR";153;52,1;"SANTO ANTONIO DA PLATINA";"Reação tardia ou ineficiente do condutor";"Colisão traseira";"Com Vítimas Feridas";"Plena Noite";"Decrescente";"Céu Claro";"Simples";"Reta";"Não";8;0;1;0;7;0;1;2;-23,38235111;-50,06080699;"SPRF-PR";"DEL07/PR";"UOP04-DEL07-PR"
745076;2026-01-11;"domingo";"20:30:00";"RJ";101;512;"ANGRA DOS REIS";"Animais na Pista";"Atropelamento de Animal";"Com Vítimas Fatais";"Plena Noite";"Crescente";"Céu Claro";"Simples";"Reta";"Sim";3;1;0;0;2;0;0;2;-22,97065706;-44,44406239;"SPRF-RJ";"DEL03/RJ";"UOP03-DEL03-RJ"
745077;2026-01-11;"domingo";"19:55:00";"SC";280;4,8;"SAO FRANCISCO DO SUL";"Condutor Dormindo";"Colisão lateral sentido oposto";"Com Vítimas Feridas";"Plena Noite";"Crescente";"Nublado";"Dupla";"Reta";"Sim";5;0;4;0;1;0;4;2;-26,2574965;-48,6223201;"SPRF-SC";"DEL03/SC";"UOP03-DEL03-SC"
745078;2026-01-11;"domingo";"20:35:00";"PE";428;187,8;"PETROLINA";"Reação tardia ou ineficiente do condutor";"Colisão com objeto";"Com Vítimas Feridas";"Plena Noite";"Crescente";"Céu Claro";"Dupla";"Rotatória";"Sim";1;0;1;0;0;0;1;1;-9,3752722;-40,48783628;"SPRF-PE";"DEL06/PE";"UOP01-DEL06-PE"
745079;2026-01-11;"domingo";"20:15:00";"PB";101;39,1;"MAMANGUAPE";"Reação tardia ou ineficiente do condutor";"Tombamento";"Com Vítimas Feridas";"Plena Noite";"Decrescente";"Céu Claro";"Simples";"Reta";"Sim";1;0;0;1;0;0;1;1;-6,831523;-35,137092;"SPRF-PB";"DEL01-PB";"UOP03-DEL01-PB"
745080;2026-01-11;"domingo";"19:15:00";"PR";373;213,8;"IMBITUVA";"Animais na Pista";"Queda de ocupante de veículo";"Com Vítimas Feridas";"Pleno dia";"Crescente";"Chuva";"Simples";"Reta";"Não";1;0;0;1;0;0;1;1;-25,154743;-50,52051113;"SPRF-PR";"DEL03/PR";"UOP01-DEL03-PR"
745082;2026-01-11;"domingo";"20:40:00";"RS";116;39,6;"VACARIA";"Velocidade Incompatível";"Capotamento";"Com Vítimas Feridas";"Plena Noite";"Decrescente";"Céu Claro";"Simples";"Reta";"Sim";2;0;2;0;0;0;2;1;-28,51670548;-50,93742371;"SPRF-RS";"DEL05/RS";"UOP03-DEL05-RS"
745083;2026-01-11;"domingo";"20:30:00";"BA";415;52,4;"ITABUNA";"Ingestão de álcool pelo condutor";"Colisão lateral sentido oposto";"Com Vítimas Feridas";"Plena Noite";"Crescente";"Céu Claro";"Simples";"Reta";"Sim";3;0;1;2;0;0;3;2;-14,84197174;-39,33187008;"SPRF-BA";"DEL05/BA";"UOP01-DEL05-BA"
745084;2026-01-11;"domingo";"20:50:00";"RS";392;67;"PELOTAS";"Reação tardia ou ineficiente do condutor";"Colisão traseira";"Sem Vítimas";"Plena Noite";"Crescente";"Céu Claro";"Dupla";"Interseção de Vias";"Sim";5;0;0;0;5;0;0;2;-31,756044;-52,400005;"SPRF-RS";"DEL07/RS";"UOP01-DEL07-RS"
745085;2026-01-11;"domingo";"21:07:00";"SP";116;198;"ARUJA";"Ausência de reação do condutor";"Colisão traseira";"Sem Vítimas";"Plena Noite";"Crescente";"Ignorado";"Dupla";"Reta";"Não";3;0;0;0;3;0;0;2;-23,40129724;-46,30897871;"SPRF-SP";"DEL01/SP";"UOP01-DEL01-SP"
745086;2026-01-11;"domingo";"19:15:00";"RJ";493;78;"JAPERI";"Reação tardia ou ineficiente do condutor";"Queda de ocupante de veículo";"Com Vítimas Feridas";"Plena Noite";"Decrescente";"Céu Claro";"Dupla";"Reta";"Não";2;0;2;0;0;0;2;1;-22,66470981;-43,56023312;"SPRF-RJ";"DEL01/RJ";"UOP03-DEL01-RJ"
745087;2026-01-11;"domingo";"20:10:00";"PR";369;117;"JATAIZINHO";"Ingestão de álcool pelo condutor";"Saída de leito carroçável";"Sem Vítimas";"Plena Noite";"Crescente";"Nublado";"Dupla";"Aclive";"Não";1;0;0;0;0;1;0;1;-23,28460731;-50,8715;"SPRF-PR";"DEL07/PR";"UOP05-DEL07-PR"
745089;2026-01-11;"domingo";"20:30:00";"MG";40;518;"RIBEIRAO DAS NEVES";"Reação tardia ou ineficiente do condutor";"Colisão traseira";"Com Vítimas Feridas";"Plena Noite";"Decrescente";"Céu Claro";"Dupla";"Declive;Reta";"Sim";2;0;1;0;1;0;1;2;-19,83187;-44,081723;"SPRF-MG";"DEL01/MG";"UOP02-DEL01-MG"
745090;2026-01-11;"domingo";"21:00:00";"BA";116;424;"FEIRA DE SANTANA";"Acessar a via sem observar a presença dos outros veículos";"Atropelamento de Pedestre";"Com Vítimas Feridas";"Plena Noite";"Crescente";"Céu Claro";"Dupla";"Reta";"Sim";2;0;0;2;0;0;2;2;-12,239273;-38,982046;"SPRF-BA";"DEL02/BA";"UOP01-DEL02-BA"
745091;2026-01-11;"domingo";"20:55:00";"PA";308;177;"TRACUATEUA";"Ausência de reação do condutor";"Colisão lateral mesmo sentido";"Com Vítimas Feridas";"Plena Noite";"Decrescente";"Céu Claro";"Simples";"Reta";"Sim";5;0;3;2;0;0;5;2;-1,149745;-46,960372;"SPRF-PA";"DEL01/PA";"UOP03-DEL01-PA"
745092;2026-01-11;"domingo";"20:20:00";"PE";232;180;"BELO JARDIM";"Transitar na contramão";"Colisão frontal";"Com Vítimas Feridas";"Plena Noite";"Crescente";"Céu Claro";"Simples";"Reta";"Sim";2;0;1;0;1;0;1;2;-8,345165;-36,430925;"SPRF-PE";"DEL03/PE";"UOP02-DEL03-PE"
745093;2026-01-11;"domingo";"19:20:00";"MG";50;7,7;"ARAGUARI";"Demais falhas mecânicas ou elétricas";"Tombamento";"Com Vítimas Feridas";"Plena Noite";"Decrescente";"Céu Claro";"Dupla";"Reta";"Não";1;0;1;0;0;0;1;1;-18,46307565;-48,04983941;"SPRF-MG";"DEL15/MG";"UOP02-DEL15-MG"
745095;2026-01-11;"domingo";"19:30:00";"RN";226;87,5;"TANGARA";"Reação tardia ou ineficiente do condutor";"Saída de leito carroçável";"Com Vítimas Feridas";"Plena Noite";"Decrescente";"Céu Claro";"Simples";"Curva";"Não";1;0;0;1;0;0;1;1;-6,216835;-35,822457;"SPRF-RN";"DEL03-RN";"UOP02-DEL03-RN"
745096;2026-01-11;"domingo";"21:35:00";"RS";386;435,3;"NOVA SANTA RITA";"Ingestão de álcool pelo condutor";"Colisão transversal";"Sem Vítimas";"Plena Noite";"Decrescente";"Nublado";"Dupla";"Interseção de Vias;Retorno Regulamentado";"Não";7;0;0;0;7;0;0;2;-29,84772068;-51,27094952;"SPRF-RS";"DEL04/RS";"UOP02-DEL04-RS"
745097;2026-01-11;"domingo";"19:55:00";"RN";304;280,2;"MACAIBA";"Acumulo de areia ou detritos sobre o pavimento";"Tombamento";"Com Vítimas Fatais";"Plena Noite";"Decrescente";"Céu Claro";"Dupla";"Curva;Viaduto";"Não";1;1;0;0;0;0;0;1;-5,88879098;-35,48916578;"SPRF-RN";"DEL01-RN";"UOP02-DEL01-RN"
745098;2026-01-11;"domingo";"21:30:00";"PB";230;41;"SANTA RITA";"Reação tardia ou ineficiente do condutor";"Colisão lateral mesmo sentido";"Com Vítimas Feridas";"Plena Noite";"Decrescente";"Céu Claro";"Dupla";"Declive;Curva";"Não";5;0;1;0;4;0;1;2;-7,141687;-34,977942;"SPRF-PB";"DEL01-PB";"UOP02-DEL01-PB"
745099;2026-01-11;"domingo";"21:50:00";"MG";50;49,9;"ARAGUARI";"Ausência de reação do condutor";"Saída de leito carroçável";"Sem Vítimas";"Plena Noite";"Crescente";"Céu Claro";"Dupla";"Reta";"Não";1;0;0;0;1;0;0;1;-18,735896;-48,226781;"SPRF-MG";"DEL15/MG";"UOP02-DEL15-MG"
745100;2026-01-11;"domingo";"22:00:00";"MG";40;515;"RIBEIRAO DAS NEVES";"Ausência de reação do condutor";"Colisão com objeto";"Com Vítimas Feridas";"Plena Noite";"Decrescente";"Céu Claro";"Dupla";"Reta";"Não";1;0;1;0;0;0;1;1;-19,807395;-44,09579;"SPRF-MG";"DEL01/MG";"UOP02-DEL01-MG"
745102;2026-01-11;"domingo";"12:15:00";"MG";116;412;"GOVERNADOR VALADARES";"Acessar a via sem observar a presença dos outros veículos";"Colisão traseira";"Sem Vítimas";"Pleno dia";"Decrescente";"Céu Claro";"Simples";"Interseção de Vias";"Sim";3;0;0;0;3;0;0;2;-18,87627482;-41,96395967;"SPRF-MG";"DEL06/MG";"UOP01-DEL06-MG"
745103;2026-01-11;"domingo";"22:15:00";"BA";242;825;"BARREIRAS";"Ingestão de álcool pelo condutor";"Queda de ocupante de veículo";"Com Vítimas Feridas";"Plena Noite";"Crescente";"Céu Claro";"Simples";"Declive";"Não";1;0;1;0;0;0;1;1;-12,12011;-45,04016;"SPRF-BA";"DEL10/BA";"UOP01-DEL10-BA"
745104;2026-01-11;"domingo";"18:40:00";"MT";364;440;"VARZEA GRANDE";"Acumulo de areia ou detritos sobre o pavimento";"Queda de ocupante de veículo";"Com Vítimas Feridas";"Plena Noite";"Decrescente";"Chuva";"Simples";"Curva";"Não";1;0;1;0;0;0;1;1;-15,60514954;-56,20330167;"SPRF-MT";"DEL01/MT";"UOP02-DEL01-MT"
745105;2026-01-11;"domingo";"21:30:00";"PB";405;28,9;"SAO JOAO DO RIO DO PEIXE";"Ausência de reação do condutor";"Saída de leito carroçável";"Com Vítimas Feridas";"Plena Noite";"Crescente";"Céu Claro";"Simples";"Curva";"Não";1;0;0;1;0;0;1;1;-6,691032;-38,446752;"SPRF-PB";"DEL03-PB";"UOP03-DEL03-PB"
745106;2026-01-11;"domingo";"20:00:00";"RJ";101;430;"MANGARATIBA";"Ingestão de álcool pelo condutor";"Atropelamento de Pedestre";"Com Vítimas Feridas";"Plena Noite";"Crescente";"Céu Claro";"Simples";"Túnel;Reta";"Não";2;0;0;1;1;0;1;2;-22,93347622;-44,0189445;"SPRF-RJ";"DEL03/RJ";"UOP02-DEL03-RJ"
745107;2026-01-11;"domingo";"20:00:00";"MG";116;376;"MATHIAS LOBATO";"Avarias e/ou desgaste excessivo no pneu";"Capotamento";"Com Vítimas Feridas";"Plena Noite";"Crescente";"Céu Claro";"Simples";"Curva";"Não";1;0;1;0;0;0;1;1;-18,59390032;-41,92567617;"SPRF-MG";"DEL06/MG";"UOP01-DEL06-MG"
745108;2026-01-11;"domingo";"20:00:00";"MG";116;550,5;"SANTA BARBARA DO LESTE";"Pedestre andava na pista";"Atropelamento de Pedestre";"Com Vítimas Feridas";"Plena Noite";"Crescente";"Céu Claro";"Simples";"Reta";"Sim";2;0;1;0;1;0;1;2;-19,97975274;-42,14121491;"SPRF-MG";"DEL06/MG";"UOP02-DEL06-MG"
745110;2026-01-11;"domingo";"19:00:00";"MA";316;409;"SANTA LUZIA";"Condutor deixou de manter distância do veículo da frente";"Colisão traseira";"Com Vítimas Feridas";"Plena Noite";"Crescente";"Céu Claro";"Simples";"Reta";"Sim";5;0;2;1;2;0;3;2;-3,97465;-45,669275;"SPRF-MA";"DEL03-MA";"UOP01-DEL03-MA"
745111;2026-01-11;"domingo";"19:20:00";"MG";116;373;"FREI INOCENCIO";"Acessar a via sem observar a presença dos outros veículos";"Colisão transversal";"Com Vítimas Feridas";"Plena Noite";"Crescente";"Céu Claro";"Simples";"Interseção de Vias";"Sim";6;0;0;1;5;0;1;2;-18,562572;-41,906749;"SPRF-MG";"DEL11/MG";"UOP01-DEL11-MG"
745113;2026-01-11;"domingo";"22:25:00";"PR";163;37;"SANTO ANTONIO DO SUDOESTE";"Acessar a via sem observar a presença dos outros veículos";"Colisão lateral mesmo sentido";"Com Vítimas Feridas";"Plena Noite";"Decrescente";"Céu Claro";"Simples";"Aclive;Reta";"Não";2;0;1;0;1;0;1;2;-26,051337;-53,726498;"SPRF-PR";"DEL02/PR";"UOP02-DEL02-PR"
745114;2026-01-11;"domingo";"06:30:00";"MG";116;412;"GOVERNADOR VALADARES";"Reação tardia ou ineficiente do condutor";"Queda de ocupante de veículo";"Com Vítimas Feridas";"Pleno dia";"Decrescente";"Céu Claro";"Simples";"Reta";"Não";1;0;1;0;0;0;1;1;-18,87090264;-41,96933396;"SPRF-MG";"DEL06/MG";"UOP01-DEL06-MG"
745115;2026-01-11;"domingo";"18:25:00";"MG";116;456,3;"ENGENHEIRO CALDAS";"Ausência de reação do condutor";"Colisão traseira";"Com Vítimas Feridas";"Pleno dia";"Decrescente";"Céu Claro";"Simples";"Declive";"Não";4;0;2;0;2;0;2;2;-19,205947;-42,050702;"SPRF-MG";"DEL06/MG";"UOP02-DEL06-MG"
745116;2026-01-11;"domingo";"22:30:00";"DF";20;7;"BRASILIA";"Ingestão de álcool pelo condutor";"Saída de leito carroçável";"Sem Vítimas";"Plena Noite";"Crescente";"Céu Claro";"Dupla";"Aclive;Reta";"Sim";1;0;0;0;1;0;0;1;-15,661663;-47,798782;"SPRF-DF";"DEL02-DF";"UOP01-DEL02-DF"
745118;2026-01-11;"domingo";"17:40:00";"MA";226;39;"TIMON";"Acesso irregular";"Colisão lateral mesmo sentido";"Com Vítimas Feridas";"Pleno dia";"Crescente";"Sol";"Simples";"Reta";"Não";1;0;0;1;0;0;1;1;-5,142947;-43,151787;"SPRF-MA";"DEL03-MA";"UOP02-DEL03-MA"
745119;2026-01-11;"domingo";"15:00:00";"MG";381;239;"SANTANA DO PARAISO";"Reação tardia ou ineficiente do condutor";"Colisão traseira";"Com Vítimas Feridas";"Pleno dia";"Decrescente";"Céu Claro";"Simples";"Reta";"Não";2;0;1;0;1;0;1;2;-19,42025927;-42,49427203;"SPRF-MG";"DEL06/MG";"UOP01-DEL06-MG"
745121;2026-01-11;"domingo";"23:30:00";"PR";376;236;"APUCARANA";"Ausência de reação do condutor";"Saída de leito carroçável";"Com Vítimas Feridas";"Plena Noite";"Crescente";"Nublado";"Dupla";"Reta";"Não";1;0;0;1;0;0;1;1;-23,584006;-51,485513;"SPRF-PR";"DEL07/PR";"UOP03-DEL07-PR"
745122;2026-01-11;"domingo";"23:00:00";"PE";101;73,9;"RECIFE";"Animais na Pista";"Atropelamento de Animal";"Sem Vítimas";"Plena Noite";"Crescente";"Céu Claro";"Dupla";"Reta";"Sim";2;0;0;0;2;0;0;2;-8,10084;-34,949747;"SPRF-PE";"DEL01/PE";"UOP01-DEL01-PE"
745124;2026-01-11;"domingo";"23:30:00";"RS";116;642,9;"JAGUARAO";"Ausência de reação do condutor";"Saída de leito carroçável";"Sem Vítimas";"Plena Noite";"Crescente";"Nublado";"Simples";"Curva";"Não";1;0;0;0;0;1;0;1;-32,45107284;-53,2710406;"SPRF-RS";"DEL07/RS";"UOP03-DEL07-RS"
745125;2026-01-11;"domingo";"23:00:00";"GO";80;109;"VILA PROPICIO";"Ausência de reação do condutor";"Saída de leito carroçável";"Sem Vítimas";"Plena Noite";"Crescente";"Céu Claro";"Simples";"Reta";"Não";1;0;0;0;1;0;0;1;-15,14581007;-48,81631136;"SPRF-GO";"DEL07/GO";"UOP02-DEL07-GO"
745127;2026-01-12;"segunda-feira";"00:30:00";"RS";470;222,9;"GARIBALDI";"Ingestão de álcool pelo condutor";"Colisão traseira";"Sem Vítimas";"Plena Noite";"Crescente";"Céu Claro";"Simples";"Reta";"Sim";2;0;0;0;2;0;0;2;-29,22279891;-51,51629655;"SPRF-RS";"DEL06/RS";"UOP01-DEL06-RS"
745129;2026-01-11;"domingo";"21:00:00";"RJ";116;170;"RIO DE JANEIRO";"Ingestão de álcool pelo condutor";"Colisão transversal";"Sem Vítimas";"Plena Noite";"Decrescente";"Céu Claro";"Dupla";"Reta";"Sim";4;0;0;0;4;0;0;2;-22,81728208;-43,32279174;"SPRF-RJ";"DEL06/RJ";"UOP01-DEL06-RJ"
745130;2026-01-11;"domingo";"23:00:00";"AC";364;740,2;"CRUZEIRO DO SUL";"Animais na Pista";"Atropelamento de Animal";"Com Vítimas Fatais";"Plena Noite";"Crescente";"Nublado";"Simples";"Reta";"Não";2;1;0;0;0;1;0;2;-7,735715;-72,531392;"SPRF-AC";"DEL01-AC";"UOP03-DEL01-AC"
745131;2026-01-12;"segunda-feira";"02:15:00";"PE";232;136;"CARUARU";"Ausência de reação do condutor";"Queda de ocupante de veículo";"Com Vítimas Feridas";"Plena Noite";"Crescente";"Céu Claro";"Dupla";"Declive";"Não";2;0;2;0;0;0;2;1;-8,31513;-36,04711;"SPRF-PE";"DEL02/PE";"UOP03-DEL02-PE"
745132;2026-01-11;"domingo";"22:30:00";"MT";163;66,7;"RONDONOPOLIS";"Acumulo de água sobre o pavimento";"Saída de leito carroçável";"Com Vítimas Feridas";"Plena Noite";"Crescente";"Garoa/Chuvisco";"Dupla";"Reta";"Não";1;0;1;0;0;0;1;1;-16,927008;-54,730022;"SPRF-MT";"DEL02/MT";"UOP03-DEL02-MT"
745133;2026-01-12;"segunda-feira";"01:30:00";"PR";373;175,5;"PONTA GROSSA";"Ingestão de álcool pelo condutor";"Saída de leito carroçável";"Sem Vítimas";"Plena Noite";"Crescente";"Céu Claro";"Simples";"Curva";"Sim";1;0;0;0;1;0;0;1;-25,063438;-50,214017;"SPRF-PR";"DEL03/PR";"UOP01-DEL03-PR"
745137;2026-01-12;"segunda-feira";"03:00:00";"PE";232;325;"CUSTODIA";"Animais na Pista";"Atropelamento de Animal";"Com Vítimas Feridas";"Plena Noite";"Decrescente";"Céu Claro";"Simples";"Aclive;Curva";"Não";3;0;0;1;2;0;1;1;-8,091697;-37,580205;"SPRF-PE";"DEL04/PE";"UOP02-DEL04-PE"
745139;2026-01-12;"segunda-feira";"04:30:00";"PR";277;24,8;"MORRETES";"Velocidade Incompatível";"Tombamento";"Com Vítimas Fatais";"Amanhecer";"Crescente";"Céu Claro";"Múltipla";"Reta";"Não";1;1;0;0;0;0;0;1;-25,53015477;-48,74770515;"SPRF-PR";"DEL01/PR";"UOP05-DEL01-PR"
745141;2026-01-12;"segunda-feira";"03:20:00";"AM";174;1008;"PRESIDENTE FIGUEIREDO";"Pista esburacada";"Saída de leito carroçável";"Com Vítimas Fatais";"Plena Noite";"Crescente";"Céu Claro";"Simples";"Reta";"Não";3;1;1;1;0;0;2;1;-1,90094;-60,06425;"SPRF-AM";"DEL01-AM";"UOP02-DEL01-AM"
745142;2026-01-12;"segunda-feira";"00:10:00";"RJ";393;276;"BARRA DO PIRAI";"Transitar na contramão";"Colisão lateral sentido oposto";"Sem Vítimas";"Plena Noite";"Crescente";"Céu Claro";"Simples";"Reta";"Não";7;0;0;0;7;0;0;2;-22,47768861;-44,02019498;"SPRF-RJ";"DEL05/RJ";"UOP04-DEL05-RJ"
745145;2026-01-12;"segunda-feira";"05:40:00";"RJ";101;237;"RIO BONITO";"Condutor Dormindo";"Saída de leito carroçável";"Com Vítimas Feridas";"Amanhecer";"Crescente";"Céu Claro";"Dupla";"Reta";"Sim";3;0;1;0;2;0;1;1;-22,693864;-42,557091;"SPRF-RJ";"DEL02/RJ";"UOP03-DEL02-RJ"
745146;2026-01-12;"segunda-feira";"06:15:00";"RN";304;25;"MOSSORO";"Acessar a via sem observar a presença dos outros veículos";"Colisão transversal";"Com Vítimas Feridas";"Pleno dia";"Decrescente";"Céu Claro";"Simples";"Reta";"Não";2;0;1;0;1;0;1;2;-5,07376471;-37,33191848;"SPRF-RN";"DEL04-RN";"UOP02-DEL04-RN"
745148;2026-01-12;"segunda-feira";"00:10:00";"SC";101;129;"CAMBORIU";"Ingestão de álcool pelo condutor";"Saída de leito carroçável";"Sem Vítimas";"Plena Noite";"Crescente";"Nublado";"Simples";"Reta";"Sim";1;0;0;0;1;0;0;1;-26,98359;-48,67139;"SPRF-SC";"DEL04/SC";"UOP03-DEL04-SC"
745149;2026-01-12;"segunda-feira";"06:30:00";"MG";50;191,5;"UBERABA";"Condutor Dormindo";"Colisão com objeto";"Com Vítimas Feridas";"Pleno dia";"Crescente";"Chuva";"Dupla";"Reta";"Não";1;0;1;0;0;0;1;1;-19,86506;-47,86377;"SPRF-MG";"DEL13/MG";"UOP01-DEL13-MG"
745150;2026-01-12;"segunda-feira";"06:30:00";"SP";116;282;"EMBU DAS ARTES";"Estacionar ou parar em local proibido";"Colisão traseira";"Com Vítimas Feridas";"Pleno dia";"Decrescente";"Céu Claro";"Dupla";"Reta";"Sim";4;0;3;0;1;0;3;1;-23,65392884;-46,84851836;"SPRF-SP";"DEL04/SP";"UOP01-DEL04-SP"
745152;2026-01-12;"segunda-feira";"06:55:00";"RS";158;326;"SANTA MARIA";"Desrespeitar a preferência no cruzamento";"Colisão transversal";"Com Vítimas Feridas";"Pleno dia";"Crescente";"Nublado";"Dupla";"Rotatória";"Sim";2;0;1;0;1;0;1;2;-29,714742;-53,810553;"SPRF-RS";"DEL09/RS";"UOP01-DEL09-RS"
745154;2026-01-12;"segunda-feira";"07:25:00";"SC";101;119;"ITAJAI";"Ausência de reação do condutor";"Tombamento";"Com Vítimas Feridas";"Pleno dia";"Decrescente";"Garoa/Chuvisco";"Múltipla";"Reta";"Sim";1;0;0;1;0;0;1;1;-26,89446362;-48,71990204;"SPRF-SC";"DEL04/SC";"UOP04-DEL04-SC"
745156;2026-01-12;"segunda-feira";"07:15:00";"TO";10;454,6;"PALMAS";"Ausência de reação do condutor";"Colisão traseira";"Sem Vítimas";"Pleno dia";"Crescente";"Céu Claro";"Dupla";"Reta";"Sim";2;0;0;0;2;0;0;2;-10,310022;-48,297206;"SPRF-TO";"DEL01-TO";"UOP03-DEL01-TO"
745157;2026-01-12;"segunda-feira";"07:45:00";"RS";290;82;"GRAVATAI";"Condutor deixou de manter distância do veículo da frente";"Colisão traseira";"Com Vítimas Feridas";"Pleno dia";"Crescente";"Céu Claro";"Múltipla";"Reta";"Não";2;0;1;0;1;0;1;2;-29,95493455;-51,07286453;"SPRF-RS";"DEL01/RS";"UOP01-DEL01-RS"
745158;2026-01-11;"domingo";"22:30:00";"MG";262;180;"SAO DOMINGOS DO PRATA";"Velocidade Incompatível";"Capotamento";"Com Vítimas Feridas";"Plena Noite";"Decrescente";"Céu Claro";"Simples";"Reta";"Não";3;0;1;0;2;0;1;1;-19,927292;-42,995058;"SPRF-MG";"DEL03/MG";"UOP01-DEL03-MG"
745159;2026-01-11;"domingo";"23:00:00";"RJ";40;113;"DUQUE DE CAXIAS";"Reação tardia ou ineficiente do condutor";"Colisão traseira";"Com Vítimas Feridas";"Plena Noite";"Crescente";"Céu Claro";"Múltipla";"Aclive;Reta";"Sim";2;0;1;0;0;1;1;2;-22,70880956;-43,29043313;"SPRF-RJ";"DEL01/RJ";"UOP02-DEL01-RJ"