"id";"data_inversa";"dia_semana";"horario";"uf";"br";"km";"municipio";"causa_acidente";"tipo_acidente";"classificacao_acidente";"fase_dia";"sentido_via";"condicao_metereologica";"tipo_pista";"tracado_via";"uso_solo";"pessoas";"mortos";"feridos_leves";"feridos_graves";"ilesos";"ignorados";"feridos";"veiculos";"latitude";"longitude";"regional";"delegacia";"uop"
746020;2026-01-16;"sexta-feira";"16:25:00";"MG";262;364;"JUATUBA";"Ausência de reação do condutor";"Colisão traseira";"Sem Vítimas";"Pleno dia";"Crescente";"Céu Claro";"Dupla";"Reta";"Sim";2;0;0;0;2;0;0;2;-19,97203603;-44,29811351;"SPRF-MG";"DEL01/MG";"UOP03-DEL01-MG"
746022;2026-01-16;"sexta-feira";"10:00:00";"RJ";116;188;"NOVA IGUACU";"Ausência de reação do condutor";"Queda de ocupante de veículo";"Com Vítimas Feridas";"Pleno dia";"Crescente";"Céu Claro";"Dupla";"Reta";"Não";1;0;1;0;0;0;1;1;-22,73945655;-43,52851868;"SPRF-RJ";"DEL06/RJ";"UOP01-DEL06-RJ"
746023;2026-01-16;"sexta-feira";"17:00:00";"DF";60;9,5;"BRASILIA";"Ausência de reação do condutor";"Saída de leito carroçável";"Com Vítimas Feridas";"Pleno dia";"Crescente";"Céu Claro";"Dupla";"Reta";"Não";1;0;0;1;0;0;1;1;-15,90816;-48,146088;"SPRF-DF";"DEL03-DF";"UOP01-DEL03-DF"
746024;2026-01-16;"sexta-feira";"17:40:00";"MG";40;476;"SETE LAGOAS";"Acessar a via sem observar a presença dos outros veículos";"Colisão traseira";"Com Vítimas Feridas";"Anoitecer";"Crescente";"Céu Claro";"Dupla";"Reta;Aclive";"Sim";2;0;1;0;1;0;1;2;-19,519928;-44,266298;"SPRF-MG";"DEL02/MG";"UOP01-DEL02-MG"
746025;2026-01-16;"sexta-feira";"18:00:00";"SC";280;2,7;"SAO FRANCISCO DO SUL";"Conversão proibida";"Colisão lateral mesmo sentido";"Com Vítimas Feridas";"Anoitecer";"Decrescente";"Garoa/Chuvisco";"Simples";"Interseção de Vias;Reta";"Não";2;0;0;1;1;0;1;2;-26,243222;-48,61652;"SPRF-SC";"DEL03/SC";"UOP03-DEL03-SC"
746026;2026-01-16;"sexta-feira";"17:55:00";"BA";116;673;"JEQUIE";"Entrada inopinada do pedestre";"Atropelamento de Pedestre";"Com Vítimas Feridas";"Pleno dia";"Crescente";"Céu Claro";"Simples";"Reta";"Não";3;0;0;1;2;0;1;2;-13,86809527;-40,11268484;"SPRF-BA";"DEL03/BA";"UOP01-DEL03-BA"
746027;2026-01-16;"sexta-feira";"18:20:00";"SP";116;202;"ARUJA";"Condutor deixou de manter distância do veículo da frente";"Colisão traseira";"Com Vítimas Feridas";"Anoitecer";"Decrescente";"Nublado";"Múltipla";"Reta";"Não";2;0;1;0;1;0;1;2;-23,410907;-46,349711;"SPRF-SP";"DEL01/SP";"UOP01-DEL01-SP"
746030;2026-01-16;"sexta-feira";"17:40:00";"SC";470;99;"APIUNA";"Trafegar com motocicleta (ou similar) entre as faixas";"Colisão transversal";"Com Vítimas Feridas";"Pleno dia";"Decrescente";"Céu Claro";"Simples";"Reta";"Sim";2;0;1;0;1;0;1;2;-27,04650163;-49,39289188;"SPRF-SC";"DEL04/SC";"UOP02-DEL04-SC"
746033;2026-01-16;"sexta-feira";"18:30:00";"RS";290;107;"ELDORADO DO SUL";"Acessar a via sem observar a presença dos outros veículos";"Colisão transversal";"Sem Vítimas";"Anoitecer";"Crescente";"Chuva";"Dupla";"Reta";"Sim";2;0;0;0;2;0;0;2;-30,002348;-51,308392;"SPRF-RS";"DEL02/RS";"UOP01-DEL02-RS"
746034;2026-01-16;"sexta-feira";"18:58:00";"SP";116;214;"GUARULHOS";"Reação tardia ou ineficiente do condutor";"Queda de ocupante de veículo";"Com Vítimas Feridas";"Plena Noite";"Decrescente";"Chuva";"Múltipla";"Reta";"Sim";1;0;1;0;0;0;1;1;-23,44649;-46,452927;"SPRF-SP";"DEL01/SP";"UOP01-DEL01-SP"
746036;2026-01-16;"sexta-feira";"17:30:00";"RJ";493;61;"NOVA IGUACU";"Avarias e/ou desgaste excessivo no pneu";"Queda de ocupante de veículo";"Com Vítimas Feridas";"Pleno dia";"Crescente";"Céu Claro";"Dupla";"Reta";"Não";2;0;2;0;0;0;2;1;-22,680104;-43,406462;"SPRF-RJ";"DEL01/RJ";"UOP03-DEL01-RJ"
746037;2026-01-16;"sexta-feira";"16:30:00";"PR";369;452,9;"CORBELIA";"Manobra de mudança de faixa";"Saída de leito carroçável";"Com Vítimas Feridas";"Pleno dia";"Crescente";"Céu Claro";"Simples";"Aclive;Curva";"Não";1;0;1;0;0;0;1;1;-24,581989;-53,165913;"SPRF-PR";"DEL04/PR";"UOP03-DEL04-PR"
746039;2026-01-16;"sexta-feira";"19:00:00";"SC";101;149;"ITAPEMA";"Ultrapassagem Indevida";"Colisão transversal";"Com Vítimas Feridas";"Anoitecer";"Decrescente";"Céu Claro";"Múltipla";"Reta";"Sim";2;0;1;0;1;0;1;2;-27,10966166;-48,61195771;"SPRF-SC";"DEL04/SC";"UOP03-DEL04-SC"
746041;2026-01-16;"sexta-feira";"16:05:00";"AM";174;1010;"PRESIDENTE FIGUEIREDO";"Pista esburacada";"Colisão traseira";"Com Vítimas Feridas";"Pleno dia";"Decrescente";"Sol";"Simples";"Declive";"Não";6;0;3;0;3;0;3;2;-1,891672;-60,068655;"SPRF-AM";"DEL01-AM";"UOP02-DEL01-AM"
746043;2026-01-16;"sexta-feira";"18:40:00";"SC";470;116;"IBIRAMA";"Animais na Pista";"Atropelamento de Animal";"Com Vítimas Feridas";"Anoitecer";"Crescente";"Céu Claro";"Simples";"Reta";"Não";1;0;0;1;0;0;1;1;-27,0781061;-49,49134606;"SPRF-SC";"DEL04/SC";"UOP02-DEL04-SC"
746044;2026-01-16;"sexta-feira";"18:40:00";"SC";470;45,5;"GASPAR";"Trafegar com motocicleta (ou similar) entre as faixas";"Colisão lateral mesmo sentido";"Com Vítimas Feridas";"Pleno dia";"Crescente";"Céu Claro";"Dupla";"Reta";"Sim";3;0;1;0;2;0;1;2;-26,86161261;-49,03542638;"SPRF-SC";"DEL04/SC";"UOP01-DEL04-SC"
746045;2026-01-16;"sexta-feira";"19:20:00";"RN";101;83,7;"NATAL";"Condutor deixou de manter distância do veículo da frente";"Colisão traseira";"Com Vítimas Feridas";"Plena Noite";"Crescente";"Céu Claro";"Múltipla";"Reta";"Sim";4;0;3;0;1;0;3;2;-5,77238765;-35,26260495;"SPRF-RN";"DEL02-RN";"UOP01-DEL02-RN"
746046;2026-01-16;"sexta-feira";"19:10:00";"PR";153;42,8;"SANTO ANTONIO DA PLATINA";"Desrespeitar a preferência no cruzamento";"Colisão transversal";"Com Vítimas Feridas";"Plena Noite";"Decrescente";"Céu Claro";"Simples";"Reta;Interseção de Vias";"Sim";2;0;1;0;0;1;1;2;-23,30686192;-50,07010309;"SPRF-PR";"DEL07/PR";"UOP04-DEL07-PR"
746048;2026-01-16;"sexta-feira";"14:00:00";"SC";282;293,6;"VARGEM";"Reação tardia ou ineficiente do condutor";"Saída de leito carroçável";"Com Vítimas Feridas";"Pleno dia";"Decrescente";"Sol";"Simples";"Declive;Curva";"Não";1;0;0;1;0;0;1;1;-27,53445599;-50,87227821;"SPRF-SC";"DEL07/SC";"UOP06-DEL07-SC"
746052;2026-01-16;"sexta-feira";"19:30:00";"SC";101;117;"ITAJAI";"Acessar a via sem observar a presença dos outros veículos";"Colisão lateral mesmo sentido";"Com Vítimas Feridas";"Plena Noite";"Decrescente";"Céu Claro";"Múltipla";"Reta";"Sim";2;0;2;0;0;0;2;2;-26,89165436;-48,72118648;"SPRF-SC";"DEL04/SC";"UOP04-DEL04-SC"
746053;2026-01-16;"sexta-feira";"08:25:00";"SC";282;342;"CAMPOS NOVOS";"Acessar a via sem observar a presença dos outros veículos";"Colisão transversal";"Com Vítimas Feridas";"Pleno dia";"Crescente";"Céu Claro";"Simples";"Rotatória";"Sim";3;0;1;0;2;0;1;2;-27,390017;-51,215322;"SPRF-SC";"DEL07/SC";"UOP06-DEL07-SC"
746055;2026-01-16;"sexta-feira";"20:00:00";"SC";101;192,2;"BIGUACU";"Acessar a via sem observar a presença dos outros veículos";"Colisão lateral sentido oposto";"Com Vítimas Feridas";"Plena Noite";"Crescente";"Nublado";"Múltipla";"Reta";"Sim";2;0;1;0;0;1;1;2;-27,48783893;-48,65285754;"SPRF-SC";"DEL01/SC";"UOP01-DEL01-SC"
746056;2026-01-16;"sexta-feira";"20:00:00";"RS";285;454,1;"IJUI";"Ingestão de álcool pelo condutor";"Colisão com objeto";"Com Vítimas Feridas";"Plena Noite";"Crescente";"Chuva";"Simples";"Ponte;Declive;Reta";"Sim";3;0;1;0;1;1;1;2;-28,379358;-53,875527;"SPRF-RS";"DEL10/RS";"UOP01-DEL10-RS"
746057;2026-01-16;"sexta-feira";"19:06:00";"BA";116;11;"VITORIA DA CONQUISTA";"Acessar a via sem observar a presença dos outros veículos";"Colisão transversal";"Com Vítimas Feridas";"Plena Noite";"Crescente";"Céu Claro";"Simples";"Reta";"Sim";2;0;2;0;0;0;2;1;-14,87310742;-40,87129712;"SPRF-BA";"DEL08/BA";"UOP01-DEL08-BA"
746058;2026-01-16;"sexta-feira";"20:10:00";"ES";101;298,2;"VIANA";"Reação tardia ou ineficiente do condutor";"Colisão traseira";"Com Vítimas Feridas";"Plena Noite";"Crescente";"Céu Claro";"Dupla";"Reta";"Sim";3;0;2;0;1;0;2;2;-20,354187;-40,416448;"SPRF-ES";"DEL01-ES";"UOP01-DEL01-ES"
746060;2026-01-16;"sexta-feira";"20:45:00";"SC";101;209,6;"SAO JOSE";"Manobra de mudança de faixa";"Colisão lateral mesmo sentido";"Com Vítimas Feridas";"Plena Noite";"Crescente";"Céu Claro";"Dupla";"Reta";"Sim";3;0;2;0;1;0;2;2;-27,61313;-48,64243;"SPRF-SC";"DEL01/SC";"UOP01-DEL01-SC"
746062;2026-01-16;"sexta-feira";"19:15:00";"SP";101;50;"UBATUBA";"Acessar a via sem observar a presença dos outros veículos";"Atropelamento de Pedestre";"Com Vítimas Feridas";"Plena Noite";"Crescente";"Chuva";"Simples";"Reta";"Sim";2;0;1;0;1;0;1;2;-23,45702083;-45,07047269;"SPRF-SP";"DEL06/SP";"UOP01-DEL06-SP"
746063;2026-01-16;"sexta-feira";"19:53:00";"PE";232;8;"RECIFE";"Manobra de mudança de faixa";"Tombamento";"Com Vítimas Feridas";"Plena Noite";"Crescente";"Céu Claro";"Múltipla";"Reta";"Sim";3;0;0;1;0;2;1;2;-8,07583284;-34,97015834;"SPRF-PE";"DEL01/PE";"UOP01-DEL01-PE"
746064;2026-01-16;"sexta-feira";"20:30:00";"PB";101;86;"JOAO PESSOA";"Ingestão de álcool pelo condutor";"Tombamento";"Com Vítimas Feridas";"Plena Noite";"Crescente";"Céu Claro";"Dupla";"Interseção de Vias;Curva";"Sim";1;0;1;0;0;0;1;1;-7,15815332;-34,90652704;"SPRF-PB";"DEL01-PB";"UOP01-DEL01-PB"
746066;2026-01-16;"sexta-feira";"16:50:00";"RJ";393;124;"SAPUCAIA";"Ultrapassagem Indevida";"Colisão frontal";"Com Vítimas Feridas";"Pleno dia";"Crescente";"Céu Claro";"Simples";"Reta";"Não";6;0;1;0;5;0;1;2;-21,95685104;-42,84932;"SPRF-RJ";"DEL05/RJ";"UOP01-DEL05-RJ"
746067;2026-01-16;"sexta-feira";"20:20:00";"PB";104;130;"QUEIMADAS";"Reação tardia ou ineficiente do condutor";"Saída de leito carroçável";"Sem Vítimas";"Plena Noite";"Decrescente";"Céu Claro";"Simples";"Reta";"Sim";2;0;0;0;0;2;0;2;-7,287153;-35,889632;"SPRF-PB";"DEL02-PB";"UOP01-DEL02-PB"
746069;2026-01-16;"sexta-feira";"20:30:00";"PI";343;345,3;"TERESINA";"Desrespeitar a preferência no cruzamento";"Colisão transversal";"Com Vítimas Feridas";"Plena Noite";"Decrescente";"Céu Claro";"Simples";"Interseção de Vias;Em Obras;Reta";"Sim";3;0;0;1;1;1;1;3;-5,106962;-42,76836;"SPRF-PI";"DEL01-PI";"UOP01-DEL01-PI"
746070;2026-01-16;"sexta-feira";"14:15:00";"SC";282;115;"ALFREDO WAGNER";"Ausência de reação do condutor";"Colisão frontal";"Com Vítimas Feridas";"Pleno dia";"Crescente";"Céu Claro";"Simples";"Reta";"Não";7;0;4;2;1;0;6;4;-27,751355;-49,39092;"SPRF-SC";"DEL01/SC";"UOP03-DEL01-SC"
746071;2026-01-16;"sexta-feira";"20:17:00";"MT";163;746;"SORRISO";"Acesso irregular";"Colisão transversal";"Com Vítimas Feridas";"Plena Noite";"Decrescente";"Céu Claro";"Dupla";"Rotatória";"Não";3;0;0;1;2;0;1;2;-12,59826639;-55,74757655;"SPRF-MT";"DEL06/MT";"UOP01-DEL06-MT"
746072;2026-01-16;"sexta-feira";"21:38:00";"PE";428;189,8;"PETROLINA";"Condutor desrespeitou a iluminação vermelha do semáforo";"Colisão transversal";"Com Vítimas Feridas";"Plena Noite";"Crescente";"Céu Claro";"Dupla";"Reta";"Não";4;0;2;0;2;0;2;2;-9,37780106;-40,50440236;"SPRF-PE";"DEL06/PE";"UOP01-DEL06-PE"
746073;2026-01-16;"sexta-feira";"18:16:00";"RO";425;127;"GUAJARA-MIRIM";"Acessar a via sem observar a presença dos outros veículos";"Colisão transversal";"Com Vítimas Feridas";"Anoitecer";"Crescente";"Céu Claro";"Dupla";"Interseção de Vias";"Sim";2;0;0;1;0;1;1;2;-10,77684006;-65,32955647;"SPRF-RO";"DEL01-RO";"UOP03-DEL01-RO"
746074;2026-01-16;"sexta-feira";"20:50:00";"MG";116;507,2;"UBAPORANGA";"Transitar na contramão";"Colisão frontal";"Com Vítimas Feridas";"Plena Noite";"Decrescente";"Céu Claro";"Simples";"Reta;Interseção de Vias";"Sim";3;0;1;1;1;0;2;2;-19,6241757;-42,1062748;"SPRF-MG";"DEL06/MG";"UOP02-DEL06-MG"
746075;2026-01-16;"sexta-feira";"11:55:00";"MG";146;428;"MUZAMBINHO";"Pedestre andava na pista";"Atropelamento de Pedestre";"Com Vítimas Feridas";"Pleno dia";"Crescente";"Céu Claro";"Simples";"Declive;Reta";"Não";2;0;0;1;1;0;1;2;-21,38876;-46,447642;"SPRF-MG";"DEL09/MG";"UOP01-DEL09-MG"
746076;2026-01-16;"sexta-feira";"21:10:00";"PR";376;4,1;"MANDAGUARI";"Reação tardia ou ineficiente do condutor";"Colisão lateral mesmo sentido";"Com Vítimas Feridas";"Plena Noite";"Decrescente";"Céu Claro";"Simples";"Reta";"Sim";3;0;1;0;1;1;1;3;-23,51762498;-51,68157427;"SPRF-PR";"DEL09/PR";"UOP01-DEL09-PR"
746077;2026-01-16;"sexta-feira";"18:00:00";"GO";60;169;"GOIANIA";"Acesso irregular";"Colisão transversal";"Com Vítimas Feridas";"Pleno dia";"Decrescente";"Céu Claro";"Dupla";"Retorno Regulamentado;Reta";"Sim";4;0;2;0;2;0;2;2;-16,730571;-49,389585;"SPRF-GO";"DEL01/GO";"UOP02-DEL01-GO"
746078;2026-01-16;"sexta-feira";"21:40:00";"PB";230;21;"JOAO PESSOA";"Reação tardia ou ineficiente do condutor";"Tombamento";"Com Vítimas Feridas";"Plena Noite";"Crescente";"Céu Claro";"Dupla";"Reta";"Sim";1;0;0;1;0;0;1;1;-7,1432016;-34,8515407;"SPRF-PB";"DEL01-PB";"UOP01-DEL01-PB"
746081;2026-01-16;"sexta-feira";"20:00:00";"RJ";101;572;"PARATY";"Conversão proibida";"Colisão transversal";"Com Vítimas Feridas";"Plena Noite";"Decrescente";"Ignorado";"Simples";"Reta";"Não";3;0;0;1;2;0;1;2;-23,19167125;-44,72740173;"SPRF-RJ";"DEL03/RJ";"UOP04-DEL03-RJ"
746083;2026-01-16;"sexta-feira";"21:00:00";"SC";470;55,7;"BLUMENAU";"Reação tardia ou ineficiente do condutor";"Colisão com objeto";"Com Vítimas Feridas";"Plena Noite";"Decrescente";"Nublado";"Dupla";"Em Obras;Curva";"Sim";1;0;1;0;0;0;1;1;-26,87655491;-49,12633181;"SPRF-SC";"DEL04/SC";"UOP01-DEL04-SC"
746084;2026-01-16;"sexta-feira";"20:00:00";"MS";262;323;"CAMPO GRANDE";"Demais falhas mecânicas ou elétricas";"Colisão traseira";"Com Vítimas Feridas";"Plena Noite";"Crescente";"Céu Claro";"Simples";"Reta";"Não";2;0;1;0;1;0;1;2;-20,46852;-54,51854;"SPRF-MS";"DEL01/MS";"UOP01-DEL01-MS"
746086;2026-01-16;"sexta-feira";"20:10:00";"SC";280;78;"CORUPA";"Conversão proibida";"Colisão lateral mesmo sentido";"Com Vítimas Feridas";"Plena Noite";"Decrescente";"Nublado";"Simples";"Curva;Interseção de Vias";"Não";3;0;1;0;2;0;1;2;-26,4452816;-49,2087182;"SPRF-SC";"DEL06/SC";"UOP03-DEL06-SC"
746087;2026-01-16;"sexta-feira";"21:45:00";"GO";70;49;"COCALZINHO DE GOIAS";"Acessar a via sem observar a presença dos outros veículos";"Colisão transversal";"Com Vítimas Feridas";"Plena Noite";"Crescente";"Céu Claro";"Simples";"Reta";"Não";5;0;4;0;1;0;4;2;-15,750317;-48,605686;"SPRF-DF";"DEL03-DF";"UOP02-DEL03-DF"
746088;2026-01-16;"sexta-feira";"23:10:00";"MG";40;390;"FELIXLANDIA";"Reação tardia ou ineficiente do condutor";"Saída de leito carroçável";"Com Vítimas Feridas";"Plena Noite";"Decrescente";"Céu Claro";"Simples";"Reta";"Não";1;0;1;0;0;0;1;1;-18,7216847;-44,9433888;"SPRF-MG";"DEL02/MG";"UOP01-DEL02-MG"
746090;2026-01-16;"sexta-feira";"20:20:00";"PB";104;108,2;"SAO SEBASTIAO DE LAGOA DE  ROCA";"Acessar a via sem observar a presença dos outros veículos";"Colisão frontal";"Com Vítimas Feridas";"Plena Noite";"Crescente";"Nublado";"Simples";"Reta";"Não";2;0;1;0;1;0;1;2;-7,106718;-35,867453;"SPRF-PB";"DEL02-PB";"UOP04-DEL02-PB"
746092;2026-01-16;"sexta-feira";"20:45:00";"RJ";101;535;"PARATY";"Animais na Pista";"Atropelamento de Animal";"Sem Vítimas";"Plena Noite";"Decrescente";"Nublado";"Simples";"Reta";"Não";1;0;0;0;1;0;0;1;-23,034536;-44,554222;"SPRF-RJ";"DEL03/RJ";"UOP04-DEL03-RJ"
746093;2026-01-16;"sexta-feira";"19:00:00";"RO";364;9;"VILHENA";"Acumulo de água sobre o pavimento";"Saída de leito carroçável";"Com Vítimas Fatais";"Plena Noite";"Decrescente";"Chuva";"Simples";"Aclive;Reta";"Sim";1;1;0;0;0;0;0;1;-12,767142;-60,096783;"SPRF-RO";"DEL04-RO";"UOP01-DEL04-RO"
746094;2026-01-16;"sexta-feira";"21:45:00";"PR";369;46;"BANDEIRANTES";"Animais na Pista";"Atropelamento de Animal";"Sem Vítimas";"Plena Noite";"Crescente";"Céu Claro";"Simples";"Reta";"Não";1;0;0;0;1;0;0;1;-23,09163287;-50,29663644;"SPRF-PR";"DEL07/PR";"UOP05-DEL07-PR"
746095;2026-01-16;"sexta-feira";"22:30:00";"SP";153;63,1;"SAO JOSE DO RIO PRETO";"Ingestão de álcool pelo condutor";"Saída de leito carroçável";"Com Vítimas Feridas";"Plena Noite";"Crescente";"Céu Claro";"Dupla";"Reta";"Sim";2;0;1;0;1;0;1;1;-20,8942584;-49,316082;"SPRF-SP";"DEL09/SP";"UOP01-DEL09-SP"
746097;2026-01-16;"sexta-feira";"22:10:00";"PR";277;193;"PALMEIRA";"Reação tardia ou ineficiente do condutor";"Tombamento";"Com Vítimas Fatais";"Plena Noite";"Decrescente";"Céu Claro";"Simples";"Reta;Aclive";"Não";4;2;0;0;2;0;0;2;-25,43162;-50,1506;"SPRF-PR";"DEL08/PR";"UOP02-DEL08-PR"
746098;2026-01-16;"sexta-feira";"23:52:00";"CE";116;440;"BARRO";"Velocidade Incompatível";"Colisão com objeto";"Sem Vítimas";"Plena Noite";"Decrescente";"Céu Claro";"Simples";"Curva;Interseção de Vias";"Não";1;0;0;0;0;1;0;1;-7,0446;-38,780517;"SPRF-CE";"DEL05/CE";"UOP03-DEL05-CE"
746100;2026-01-16;"sexta-feira";"19:30:00";"MG";381;930;"ITAPEVA";"Ausência de reação do condutor";"Colisão com objeto";"Sem Vítimas";"Plena Noite";"Decrescente";"Chuva";"Dupla";"Curva";"Não";1;0;0;0;0;1;0;1;-22,77093851;-46,23577952;"SPRF-MG";"DEL16/MG";"UOP03-DEL16-MG"
746101;2026-01-16;"sexta-feira";"23:50:00";"MG";40;614,8;"CONGONHAS";"Velocidade Incompatível";"Atropelamento de Pedestre";"Com Vítimas Fatais";"Plena Noite";"Decrescente";"Céu Claro";"Simples";"Reta";"Não";2;1;0;0;0;1;0;2;-20,540778;-43,820731;"SPRF-MG";"DEL05/MG";"UOP02-DEL05-MG"
746105;2026-01-17;"sábado";"01:50:00";"RJ";116;190;"NOVA IGUACU";"Pedestre andava na pista";"Atropelamento de Pedestre";"Com Vítimas Fatais";"Plena Noite";"Crescente";"Céu Claro";"Dupla";"Reta";"Sim";2;1;0;0;1;0;0;2;-22,74257047;-43,50338671;"SPRF-RJ";"DEL06/RJ";"UOP01-DEL06-RJ"
746106;2026-01-17;"sábado";"01:30:00";"RS";116;150;"CAXIAS DO SUL";"Condutor desrespeitou a iluminação vermelha do semáforo";"Colisão transversal";"Com Vítimas Feridas";"Plena Noite";"Crescente";"Nublado";"Simples";"Reta";"Não";3;0;1;0;2;0;1;2;-29,171408;-51,15997;"SPRF-RS";"DEL05/RS";"UOP01-DEL05-RS"
746107;2026-01-17;"sábado";"02:45:00";"SC";101;139;"BALNEARIO CAMBORIU";"Ingestão de álcool pelo condutor";"Colisão traseira";"Sem Vítimas";"Plena Noite";"Crescente";"Nublado";"Múltipla";"Reta";"Sim";2;0;0;0;2;0;0;2;-27,053038;-48,600296;"SPRF-SC";"DEL04/SC";"UOP03-DEL04-SC"
746110;2026-01-17;"sábado";"02:50:00";"SC";282;130,9;"BOM RETIRO";"Velocidade Incompatível";"Colisão traseira";"Com Vítimas Feridas";"Plena Noite";"Decrescente";"Nublado";"Simples";"Declive;Reta";"Não";4;0;0;2;0;2;2;3;-27,8039879;-49,4963485;"SPRF-SC";"DEL05/SC";"UOP01-DEL05-SC"
746111;2026-01-17;"sábado";"03:12:00";"PB";230;15,1;"JOAO PESSOA";"Velocidade Incompatível";"Colisão com objeto";"Com Vítimas Feridas";"Plena Noite";"Decrescente";"Céu Claro";"Dupla";"Declive;Reta";"Sim";2;0;1;0;1;0;1;1;-7,10047745;-34,84773159;"SPRF-PB";"DEL01-PB";"UOP01-DEL01-PB"
746113;2026-01-17;"sábado";"04:13:00";"RJ";116;174;"RIO DE JANEIRO";"Ausência de reação do condutor";"Colisão traseira";"Com Vítimas Feridas";"Pleno dia";"Crescente";"Céu Claro";"Dupla";"Reta";"Não";2;0;1;0;1;0;1;2;-22,80483985;-43,34532097;"SPRF-RJ";"DEL06/RJ";"UOP01-DEL06-RJ"
746116;2026-01-17;"sábado";"04:00:00";"MT";364;403;"CUIABA";"Ausência de reação do condutor";"Saída de leito carroçável";"Com Vítimas Fatais";"Amanhecer";"Crescente";"Céu Claro";"Dupla";"Reta";"Não";1;1;0;0;0;0;0;1;-15,64860805;-56,00319386;"SPRF-MT";"DEL01/MT";"UOP02-DEL01-MT"
746117;2026-01-17;"sábado";"04:50:00";"TO";10;427;"PORTO NACIONAL";"Transitar na contramão";"Colisão frontal";"Com Vítimas Fatais";"Amanhecer";"Crescente";"Céu Claro";"Simples";"Reta";"Não";4;1;1;1;0;1;2;2;-10,52348;-48,36986;"SPRF-TO";"DEL01-TO";"UOP03-DEL01-TO"
746118;2026-01-17;"sábado";"06:20:00";"SC";101;194;"BIGUACU";"Velocidade Incompatível";"Saída de leito carroçável";"Com Vítimas Feridas";"Pleno dia";"Decrescente";"Céu Claro";"Dupla";"Reta";"Não";1;0;1;0;0;0;1;1;-27,50024924;-48,65467072;"SPRF-SC";"DEL01/SC";"UOP01-DEL01-SC"
746119;2026-01-17;"sábado";"05:45:00";"PR";376;176,3;"MARINGA";"Condutor desrespeitou a iluminação vermelha do semáforo";"Colisão transversal";"Com Vítimas Feridas";"Amanhecer";"Crescente";"Céu Claro";"Dupla";"Reta;Interseção de Vias";"Sim";3;0;0;2;1;0;2;2;-23,4112484;-51,93655482;"SPRF-PR";"DEL09/PR";"UOP01-DEL09-PR"
746120;2026-01-17;"sábado";"06:10:00";"SC";101;44;"PALHOCA";"Velocidade Incompatível";"Colisão com objeto";"Com Vítimas Feridas";"Pleno dia";"Decrescente";"Nublado";"Dupla";"Reta";"Sim";1;0;1;0;0;0;1;1;-27,6749746;-48,70274353;"SPRF-SC";"DEL01/SC";"UOP02-DEL01-SC"
746121;2026-01-17;"sábado";"05:00:00";"PI";135;271;"ALVORADA DO GURGUEIA";"Transitar na contramão";"Colisão frontal";"Com Vítimas Fatais";"Amanhecer";"Decrescente";"Céu Claro";"Simples";"Reta;Aclive";"Não";3;1;2;0;0;0;2;2;-8,539077;-43,938587;"SPRF-PI";"DEL03-PI";"UOP02-DEL03-PI"
746122;2026-01-17;"sábado";"06:20:00";"DF";70;7,7;"BRASILIA";"Demais falhas mecânicas ou elétricas";"Tombamento";"Com Vítimas Feridas";"Pleno dia";"Crescente";"Céu Claro";"Dupla";"Reta";"Sim";1;0;0;1;0;0;1;1;-15,783833;-48,124553;"SPRF-DF";"DEL03-DF";"UOP02-DEL03-DF"
746123;2026-01-17;"sábado";"06:30:00";"SC";101;192,2;"BIGUACU";"Ausência de reação do condutor";"Colisão com objeto";"Com Vítimas Feridas";"Pleno dia";"Decrescente";"Céu Claro";"Dupla";"Viaduto;Reta";"Sim";2;0;2;0;0;0;2;1;-27,48722;-48,64933;"SPRF-SC";"DEL01/SC";"UOP01-DEL01-SC"
746124;2026-01-17;"sábado";"06:30:00";"PE";101;83,7;"JABOATAO DOS GUARARAPES";"Reação tardia ou ineficiente do condutor";"Queda de ocupante de veículo";"Com Vítimas Feridas";"Pleno dia";"Decrescente";"Chuva";"Dupla";"Viaduto";"Não";2;0;2;0;0;0;2;1;-8,17668;-34,94421;"SPRF-PE";"DEL01/PE";"UOP01-DEL01-PE"
746127;2026-01-16;"sexta-feira";"17:00:00";"BA";324;387;"GAVIAO";"Ultrapassagem Indevida";"Colisão frontal";"Com Vítimas Fatais";"Anoitecer";"Decrescente";"Céu Claro";"Simples";"Declive";"Não";4;1;2;1;0;0;3;2;-11,503489;-39,739506;"SPRF-BA";"DEL04/BA";"UOP02-DEL04-BA"
746128;2026-01-17;"sábado";"04:00:00";"MT";70;86,4;"GENERAL CARNEIRO";"Condutor Dormindo";"Saída de leito carroçável";"Sem Vítimas";"Plena Noite";"Crescente";"Nevoeiro/Neblina";"Simples";"Aclive;Curva";"Não";2;0;0;0;2;0;0;1;-15,68269288;-52,81798482;"SPRF-MT";"DEL07/MT";"UOP01-DEL07-MT"
746131;2026-01-17;"sábado";"07:45:00";"SC";101;122;"ITAJAI";"Afundamento ou ondulação no pavimento";"Tombamento";"Com Vítimas Feridas";"Pleno dia";"Decrescente";"Nublado";"Dupla";"Reta;Ponte";"Sim";1;0;1;0;0;0;1;1;-26,933128;-48,7019981;"SPRF-SC";"DEL04/SC";"UOP04-DEL04-SC"
746132;2026-01-17;"sábado";"06:00:00";"MS";163;254;"DOURADOS";"Ausência de reação do condutor";"Saída de leito carroçável";"Sem Vítimas";"Amanhecer";"Crescente";"Céu Claro";"Dupla";"Rotatória";"Não";1;0;0;0;0;1;0;1;-22,27295386;-54,81752872;"SPRF-MS";"DEL04/MS";"UOP01-DEL04-MS"