"id";"data_inversa";"dia_semana";"horario";"uf";"br";"km";"municipio";"causa_acidente";"tipo_acidente";"classificacao_acidente";"fase_dia";"sentido_via";"condicao_metereologica";"tipo_pista";"tracado_via";"uso_solo";"pessoas";"mortos";"feridos_leves";"feridos_graves";"ilesos";"ignorados";"feridos";"veiculos";"latitude";"longitude";"regional";"delegacia";"uop"
746247;2026-01-17;"sábado";"18:20:00";"PE";101;74;"JABOATAO DOS GUARARAPES";"Reação tardia ou ineficiente do condutor";"Tombamento";"Com Vítimas Feridas";"Plena Noite";"Decrescente";"Céu Claro";"Dupla";"Reta";"Sim";2;0;2;0;0;0;2;1;-8,17668;-34,94421;"SPRF-PE";"DEL01/PE";"UOP01-DEL01-PE"
746248;2026-01-17;"sábado";"17:10:00";"MG";116;812;"ALEM PARAIBA";"Velocidade Incompatível";"Colisão lateral sentido oposto";"Com Vítimas Feridas";"Pleno dia";"Decrescente";"Chuva";"Simples";"Curva";"Não";5;0;4;0;1;0;4;2;-21,80332139;-42,70644307;"SPRF-MG";"DEL07/MG";"UOP01-DEL07-MG"
746249;2026-01-17;"sábado";"15:30:00";"SC";280;102,8;"SAO BENTO DO SUL";"Ausência de reação do condutor";"Saída de leito carroçável";"Com Vítimas Feridas";"Pleno dia";"Crescente";"Céu Claro";"Simples";"Curva";"Não";4;0;3;1;0;0;4;1;-26,36111;-49,34954;"SPRF-SC";"DEL06/SC";"UOP03-DEL06-SC"
746252;2026-01-17;"sábado";"17:45:00";"PR";277;436,8;"VIRMOND";"Acumulo de água sobre o pavimento";"Saída de leito carroçável";"Com Vítimas Feridas";"Pleno dia";"Decrescente";"Chuva";"Simples";"Declive;Curva";"Não";3;0;2;0;1;0;2;1;-25,37907523;-52,20934283;"SPRF-PR";"DEL04/PR";"UOP02-DEL04-PR"
746253;2026-01-17;"sábado";"18:00:00";"DF";20;18;"BRASILIA";"Manobra de mudança de faixa";"Colisão lateral mesmo sentido";"Com Vítimas Feridas";"Pleno dia";"Crescente";"Céu Claro";"Dupla";"Reta";"Não";4;0;4;0;0;0;4;1;-15,61672;-47,70944;"SPRF-DF";"DEL02-DF";"UOP01-DEL02-DF"
746254;2026-01-17;"sábado";"17:10:00";"SC";101;41,1;"JOINVILLE";"Velocidade Incompatível";"Colisão com objeto";"Sem Vítimas";"Pleno dia";"Crescente";"Chuva";"Múltipla";"Curva;Declive";"Sim";1;0;0;0;0;1;0;1;-26,31667965;-48,87338575;"SPRF-SC";"DEL03/SC";"UOP01-DEL03-SC"
746256;2026-01-17;"sábado";"14:06:00";"MT";174;41;"VILA BELA DA SANTISSIMA TRINDADE";"Mal súbito do condutor";"Saída de leito carroçável";"Com Vítimas Feridas";"Pleno dia";"Decrescente";"Sol";"Simples";"Reta";"Não";2;0;0;1;0;1;1;2;-15,1368091;-59,6182678;"SPRF-MT";"DEL04/MT";"UOP01-DEL04-MT"
746258;2026-01-17;"sábado";"18:50:00";"PI";343;18,4;"PARNAIBA";"Ingestão de álcool pelo condutor";"Colisão transversal";"Com Vítimas Feridas";"Plena Noite";"Crescente";"Céu Claro";"Simples";"Reta";"Sim";3;0;3;0;0;0;3;2;-2,96706766;-41,76006228;"SPRF-PI";"DEL05-PI";"UOP01-DEL05-PI"
746259;2026-01-17;"sábado";"17:00:00";"PR";116;45,9;"CAMPINA GRANDE DO SUL";"Reação tardia ou ineficiente do condutor";"Colisão com objeto";"Com Vítimas Feridas";"Pleno dia";"Crescente";"Chuva";"Dupla";"Curva;Ponte";"Não";9;0;1;0;8;0;1;2;-25,20301377;-48,89603231;"SPRF-PR";"DEL01/PR";"UOP02-DEL01-PR"
746261;2026-01-17;"sábado";"17:00:00";"PE";101;45;"IGARASSU";"Reação tardia ou ineficiente do condutor";"Colisão traseira";"Com Vítimas Feridas";"Anoitecer";"Decrescente";"Nublado";"Múltipla";"Reta";"Sim";2;0;0;1;0;1;1;2;-7,8639628;-34,90733362;"SPRF-PE";"DEL01/PE";"UOP02-DEL01-PE"
746263;2026-01-17;"sábado";"17:10:00";"RJ";116;80;"TERESOPOLIS";"Ausência de reação do condutor";"Atropelamento de Pedestre";"Com Vítimas Feridas";"Pleno dia";"Crescente";"Chuva";"Simples";"Reta";"Sim";3;0;0;1;1;1;1;2;-22,39285119;-42,95308191;"SPRF-RJ";"DEL04/RJ";"UOP01-DEL04-RJ"
746264;2026-01-17;"sábado";"18:50:00";"RS";386;395,5;"TRIUNFO";"Demais falhas mecânicas ou elétricas";"Tombamento";"Com Vítimas Feridas";"Anoitecer";"Decrescente";"Nublado";"Simples";"Reta";"Não";2;0;1;0;1;0;1;1;-29,7241328;-51,6353014;"SPRF-RS";"DEL04/RS";"UOP02-DEL04-RS"
746265;2026-01-17;"sábado";"19:00:00";"PI";343;340,2;"TERESINA";"Animais na Pista";"Atropelamento de Animal";"Com Vítimas Feridas";"Plena Noite";"Crescente";"Nublado";"Dupla";"Reta";"Sim";1;0;0;1;0;0;1;1;-5,07534;-42,73833;"SPRF-PI";"DEL01-PI";"UOP01-DEL01-PI"
746266;2026-01-17;"sábado";"17:45:00";"SP";116;45,6;"CANAS";"Chuva";"Tombamento";"Com Vítimas Feridas";"Anoitecer";"Crescente";"Chuva";"Dupla";"Curva";"Sim";1;0;1;0;0;0;1;1;-22,71178;-45,051117;"SPRF-SP";"DEL08/SP";"UOP02-DEL08-SP"
746267;2026-01-17;"sábado";"18:35:00";"PR";277;78;"CURITIBA";"Ausência de reação do condutor";"Colisão traseira";"Com Vítimas Feridas";"Plena Noite";"Decrescente";"Chuva";"Dupla";"Reta";"Sim";5;0;1;0;4;0;1;2;-25,48309554;-49,19213243;"SPRF-PR";"DEL01/PR";"UOP08-DEL01-PR"
746268;2026-01-17;"sábado";"18:50:00";"PR";277;75;"SAO JOSE DOS PINHAIS";"Ausência de reação do condutor";"Colisão com objeto";"Com Vítimas Feridas";"Plena Noite";"Decrescente";"Chuva";"Dupla";"Reta";"Sim";1;0;1;0;0;0;1;1;-25,48903526;-49,17883694;"SPRF-PR";"DEL01/PR";"UOP08-DEL01-PR"
746269;2026-01-17;"sábado";"19:10:00";"PE";101;45,3;"IGARASSU";"Ausência de reação do condutor";"Colisão com objeto";"Sem Vítimas";"Plena Noite";"Crescente";"Céu Claro";"Múltipla";"Reta";"Sim";1;0;0;0;0;1;0;1;-7,867;-34,907;"SPRF-PE";"DEL01/PE";"UOP02-DEL01-PE"
746270;2026-01-17;"sábado";"17:30:00";"MT";158;655;"NOVA XAVANTINA";"Ausência de reação do condutor";"Colisão com objeto";"Com Vítimas Feridas";"Pleno dia";"Decrescente";"Sol";"Dupla";"Interseção de Vias;Reta";"Sim";1;0;1;0;0;0;1;1;-14,680055;-52,356292;"SPRF-MT";"DEL07/MT";"UOP01-DEL07-MT"
746271;2026-01-17;"sábado";"18:00:00";"SC";116;169,9;"PONTE ALTA DO NORTE";"Reação tardia ou ineficiente do condutor";"Eventos atípicos";"Sem Vítimas";"Anoitecer";"Decrescente";"Chuva";"Simples";"Curva;Aclive";"Não";1;0;0;0;0;1;0;1;-27,19124;-50,46379;"SPRF-SC";"DEL05/SC";"UOP03-DEL05-SC"
746272;2026-01-17;"sábado";"16:40:00";"MG";40;494;"MATOZINHOS";"Reação tardia ou ineficiente do condutor";"Saída de leito carroçável";"Sem Vítimas";"Pleno dia";"Decrescente";"Garoa/Chuvisco";"Dupla";"Curva";"Não";1;0;0;0;1;0;0;1;-19,6567574;-44,1978544;"SPRF-MG";"DEL02/MG";"UOP01-DEL02-MG"
746273;2026-01-17;"sábado";"19:00:00";"SC";101;21;"BIGUACU";"Demais falhas mecânicas ou elétricas";"Saída de leito carroçável";"Sem Vítimas";"Plena Noite";"Decrescente";"Garoa/Chuvisco";"Dupla";"Reta";"Não";2;0;0;0;1;1;0;1;-27,49870665;-48,71427711;"SPRF-SC";"DEL03/SC";"UOP01-DEL03-SC"
746274;2026-01-17;"sábado";"19:30:00";"MG";262;361;"JUATUBA";"Transitar na contramão";"Colisão frontal";"Com Vítimas Feridas";"Plena Noite";"Decrescente";"Nublado";"Dupla";"Reta";"Sim";2;0;1;0;1;0;1;2;-19,9741325;-44,3184736;"SPRF-MG";"DEL01/MG";"UOP03-DEL01-MG"
746275;2026-01-17;"sábado";"19:30:00";"SP";116;115;"TAUBATE";"Reação tardia ou ineficiente do condutor";"Colisão lateral mesmo sentido";"Com Vítimas Feridas";"Plena Noite";"Decrescente";"Garoa/Chuvisco";"Dupla";"Reta";"Sim";3;0;3;0;0;0;3;1;-23,05050177;-45,60323015;"SPRF-SP";"DEL02/SP";"UOP02-DEL02-SP"
746277;2026-01-17;"sábado";"19:30:00";"PB";101;97,5;"CONDE";"Ausência de reação do condutor";"Colisão traseira";"Com Vítimas Feridas";"Plena Noite";"Decrescente";"Céu Claro";"Dupla";"Reta";"Sim";3;0;2;0;1;0;2;2;-7,242545;-34,929017;"SPRF-PB";"DEL01-PB";"UOP01-DEL01-PB"
746278;2026-01-17;"sábado";"18:30:00";"PB";230;146,8;"CAMPINA GRANDE";"Ingestão de álcool pelo condutor";"Queda de ocupante de veículo";"Com Vítimas Feridas";"Plena Noite";"Decrescente";"Céu Claro";"Dupla";"Declive;Reta";"Sim";1;0;0;1;0;0;1;1;-7,24447072;-35,85345268;"SPRF-PB";"DEL02-PB";"UOP01-DEL02-PB"
746279;2026-01-17;"sábado";"19:20:00";"SE";235;5,5;"NOSSA SENHORA DO SOCORRO";"Ingestão de álcool pelo condutor";"Queda de ocupante de veículo";"Com Vítimas Feridas";"Plena Noite";"Crescente";"Céu Claro";"Dupla";"Reta";"Não";1;0;1;0;0;0;1;1;-10,90532677;-37,12287633;"SPRF-SE";"DEL01-SE";"UOP01-DEL01-SE"
746280;2026-01-17;"sábado";"17:50:00";"PR";277;505,9;"DIAMANTE DO SUL";"Ausência de reação do condutor";"Saída de leito carroçável";"Com Vítimas Fatais";"Plena Noite";"Crescente";"Céu Claro";"Simples";"Curva";"Não";1;1;0;0;0;0;0;1;-25,137022;-52,712991;"SPRF-PR";"DEL04/PR";"UOP04-DEL04-PR"
746281;2026-01-17;"sábado";"20:00:00";"SC";280;28;"ARAQUARI";"Pedestre cruzava a pista fora da faixa";"Atropelamento de Pedestre";"Com Vítimas Feridas";"Plena Noite";"Crescente";"Nublado";"Simples";"Reta";"Sim";3;0;0;1;1;1;1;2;-26,40854725;-48,75014512;"SPRF-SC";"DEL03/SC";"UOP03-DEL03-SC"
746282;2026-01-17;"sábado";"19:38:00";"SC";470;30,1;"GASPAR";"Demais falhas mecânicas ou elétricas";"Incêndio";"Sem Vítimas";"Plena Noite";"Crescente";"Céu Claro";"Simples";"Reta";"Não";1;0;0;0;1;0;0;1;-26,89346;-48,91533;"SPRF-SC";"DEL04/SC";"UOP01-DEL04-SC"
746287;2026-01-17;"sábado";"20:00:00";"PB";230;159,3;"CAMPINA GRANDE";"Desrespeitar a preferência no cruzamento";"Colisão transversal";"Com Vítimas Feridas";"Plena Noite";"Crescente";"Céu Claro";"Dupla";"Viaduto;Interseção de Vias;Desvio Temporário;Em Obras";"Sim";6;0;2;0;4;0;2;2;-7,25228275;-35,93269587;"SPRF-PB";"DEL02-PB";"UOP01-DEL02-PB"
746289;2026-01-17;"sábado";"19:30:00";"GO";20;75;"FORMOSA";"Reação tardia ou ineficiente do condutor";"Queda de ocupante de veículo";"Com Vítimas Feridas";"Plena Noite";"Decrescente";"Céu Claro";"Simples";"Reta;Ponte";"Não";1;0;0;1;0;0;1;1;-15,1223935;-47,12565064;"SPRF-DF";"DEL02-DF";"UOP02-DEL02-DF"
746290;2026-01-17;"sábado";"20:15:00";"GO";40;10;"LUZIANIA";"Acessar a via sem observar a presença dos outros veículos";"Colisão transversal";"Com Vítimas Feridas";"Plena Noite";"Crescente";"Céu Claro";"Dupla";"Retorno Regulamentado;Reta";"Não";2;0;0;2;0;0;2;2;-16,13141741;-47,957789;"SPRF-DF";"DEL01-DF";"UOP01-DEL01-DF"
746291;2026-01-17;"sábado";"18:20:00";"RJ";101;388;"RIO DE JANEIRO";"Manobra de mudança de faixa";"Colisão traseira";"Com Vítimas Feridas";"Plena Noite";"Decrescente";"Nublado";"Dupla";"Reta";"Sim";2;0;1;0;1;0;1;2;-22,886039;-43,650201;"SPRF-RJ";"DEL03/RJ";"UOP01-DEL03-RJ"
746292;2026-01-17;"sábado";"20:30:00";"PR";376;181;"MARINGA";"Condutor deixou de manter distância do veículo da frente";"Colisão traseira";"Sem Vítimas";"Plena Noite";"Decrescente";"Céu Claro";"Dupla";"Reta";"Sim";3;0;0;0;3;0;0;3;-23,432091;-51,886571;"SPRF-PR";"DEL09/PR";"UOP01-DEL09-PR"
746293;2026-01-17;"sábado";"18:35:00";"SC";282;503;"XANXERE";"Velocidade Incompatível";"Colisão com objeto";"Com Vítimas Feridas";"Anoitecer";"Decrescente";"Céu Claro";"Dupla";"Curva";"Não";1;0;1;0;0;0;1;1;-26,882353;-52,404127;"SPRF-SC";"DEL07/SC";"UOP01-DEL07-SC"
746296;2026-01-17;"sábado";"18:40:00";"RJ";101;390;"RIO DE JANEIRO";"Ausência de reação do condutor";"Colisão lateral mesmo sentido";"Com Vítimas Feridas";"Plena Noite";"Decrescente";"Nublado";"Dupla";"Reta";"Não";4;0;1;0;3;0;1;4;-22,88986896;-43,6616233;"SPRF-RJ";"DEL03/RJ";"UOP01-DEL03-RJ"
746297;2026-01-17;"sábado";"19:35:00";"DF";70;2,3;"BRASILIA";"Chuva";"Tombamento";"Com Vítimas Feridas";"Plena Noite";"Decrescente";"Chuva";"Dupla";"Reta";"Sim";1;0;1;0;0;0;1;1;-15,79946185;-48,07538976;"SPRF-DF";"DEL03-DF";"UOP02-DEL03-DF"
746298;2026-01-17;"sábado";"20:15:00";"SC";470;71;"INDAIAL";"Acessar a via sem observar a presença dos outros veículos";"Colisão transversal";"Sem Vítimas";"Plena Noite";"Crescente";"Céu Claro";"Simples";"Reta";"Sim";3;0;0;0;3;0;0;2;-26,91800336;-49,28142484;"SPRF-SC";"DEL04/SC";"UOP01-DEL04-SC"
746299;2026-01-17;"sábado";"21:10:00";"MG";381;834,6;"SAO SEBASTIAO DA BELA VISTA";"Velocidade Incompatível";"Colisão lateral mesmo sentido";"Com Vítimas Feridas";"Plena Noite";"Crescente";"Chuva";"Dupla";"Reta";"Não";7;0;1;1;5;0;2;3;-22,12754467;-45,80121714;"SPRF-MG";"DEL16/MG";"UOP01-DEL16-MG"
746300;2026-01-17;"sábado";"19:50:00";"PB";230;63,7;"SAO MIGUEL DE TAIPU";"Demais falhas mecânicas ou elétricas";"Queda de ocupante de veículo";"Com Vítimas Feridas";"Pleno dia";"Decrescente";"Céu Claro";"Dupla";"Reta";"Não";2;0;2;0;0;0;2;1;-7,193668;-35,177717;"SPRF-PB";"DEL01-PB";"UOP02-DEL01-PB"
746301;2026-01-17;"sábado";"21:10:00";"MG";381;926,4;"ITAPEVA";"Condutor Dormindo";"Saída de leito carroçável";"Com Vítimas Feridas";"Plena Noite";"Crescente";"Chuva";"Dupla";"Curva";"Não";2;0;1;0;1;0;1;1;-22,76763;-46,21409;"SPRF-MG";"DEL16/MG";"UOP03-DEL16-MG"
746303;2026-01-17;"sábado";"20:16:00";"PE";423;61,7;"LAJEDO";"Ingestão de álcool pelo condutor";"Colisão transversal";"Com Vítimas Feridas";"Plena Noite";"Crescente";"Céu Claro";"Simples";"Reta";"Não";2;0;1;0;1;0;1;2;-8,658418;-36,330298;"SPRF-PE";"DEL03/PE";"UOP01-DEL03-PE"
746304;2026-01-17;"sábado";"19:40:00";"MG";262;719,9;"ARAXA";"Chuva";"Tombamento";"Com Vítimas Feridas";"Plena Noite";"Crescente";"Chuva";"Simples";"Reta";"Não";1;0;1;0;0;0;1;1;-19,553003;-46,8785754;"SPRF-MG";"DEL08/MG";"UOP01-DEL08-MG"
746305;2026-01-17;"sábado";"21:17:00";"ES";101;146,1;"LINHARES";"Reação tardia ou ineficiente do condutor";"Tombamento";"Com Vítimas Feridas";"Plena Noite";"Crescente";"Céu Claro";"Dupla";"Declive;Reta";"Sim";1;0;0;1;0;0;1;1;-19,3712198;-40,06552784;"SPRF-ES";"DEL04-ES";"UOP01-DEL04-ES"
746306;2026-01-17;"sábado";"20:20:00";"PE";232;79;"GRAVATA";"Velocidade Incompatível";"Colisão lateral sentido oposto";"Com Vítimas Feridas";"Plena Noite";"Crescente";"Céu Claro";"Simples";"Reta";"Sim";3;0;0;1;1;1;1;3;-8,19615;-35,56848;"SPRF-PE";"DEL02/PE";"UOP02-DEL02PE"
746307;2026-01-17;"sábado";"21:39:00";"BA";324;623;"SALVADOR";"Ausência de reação do condutor";"Queda de ocupante de veículo";"Com Vítimas Feridas";"Plena Noite";"Crescente";"Nublado";"Dupla";"Reta";"Sim";1;0;1;0;0;0;1;1;-12,932888;-38,471673;"SPRF-BA";"DEL01/BA";"UOP01-DEL01-BA"
746308;2026-01-17;"sábado";"18:00:00";"SC";282;569,9;"NOVA ERECHIM";"Acessar a via sem observar a presença dos outros veículos";"Colisão transversal";"Com Vítimas Feridas";"Anoitecer";"Crescente";"Nublado";"Simples";"Interseção de Vias;Reta";"Sim";2;0;1;0;1;0;1;2;-26,8964049;-52,9183741;"SPRF-SC";"DEL07/SC";"UOP02-DEL07-SC"
746309;2026-01-17;"sábado";"21:35:00";"SC";470;68;"INDAIAL";"Manobra de mudança de faixa";"Colisão lateral mesmo sentido";"Com Vítimas Feridas";"Plena Noite";"Decrescente";"Céu Claro";"Dupla";"Aclive;Reta";"Sim";3;0;1;0;2;0;1;2;-26,87751;-49,23914;"SPRF-SC";"DEL04/SC";"UOP01-DEL04-SC"
746310;2026-01-17;"sábado";"19:00:00";"PR";373;243,8;"GUAMIRANGA";"Velocidade Incompatível";"Colisão com objeto";"Com Vítimas Feridas";"Plena Noite";"Crescente";"Nublado";"Simples";"Declive;Curva";"Não";2;0;1;0;0;1;1;1;-25,191944;-50,793056;"SPRF-PR";"DEL03/PR";"UOP01-DEL03-PR"
746311;2026-01-17;"sábado";"21:35:00";"PE";232;16,6;"JABOATAO DOS GUARARAPES";"Velocidade Incompatível";"Saída de leito carroçável";"Com Vítimas Feridas";"Plena Noite";"Crescente";"Céu Claro";"Dupla";"Curva";"Não";1;0;1;0;0;0;1;1;-8,096944;-35,0543941;"SPRF-PE";"DEL01/PE";"UOP01-DEL01-PE"
746313;2026-01-17;"sábado";"20:00:00";"MA";135;71,8;"SANTA RITA";"Transitar na contramão";"Colisão frontal";"Com Vítimas Fatais";"Plena Noite";"Decrescente";"Nublado";"Simples";"Reta";"Sim";7;1;2;0;4;0;2;3;-3,156365;-44,33313167;"SPRF-MA";"DEL01-MA";"UOP02-DEL01-MA"
746314;2026-01-17;"sábado";"19:30:00";"PR";376;664;"TIJUCAS DO SUL";"Ausência de reação do condutor";"Colisão com objeto";"Com Vítimas Feridas";"Plena Noite";"Crescente";"Chuva";"Dupla";"Curva";"Não";1;0;1;0;0;0;1;1;-25,85292519;-48,97762212;"SPRF-PR";"DEL01/PR";"UOP04-DEL01-PR"
746315;2026-01-17;"sábado";"21:10:00";"MT";364;398;"CUIABA";"Reação tardia ou ineficiente do condutor";"Queda de ocupante de veículo";"Com Vítimas Feridas";"Plena Noite";"Decrescente";"Nublado";"Dupla";"Reta";"Não";1;0;1;0;0;0;1;1;-15,666402;-55,960512;"SPRF-MT";"DEL01/MT";"UOP02-DEL01-MT"
746316;2026-01-17;"sábado";"15:50:00";"RO";174;15;"VILHENA";"Ultrapassagem Indevida";"Colisão lateral mesmo sentido";"Com Vítimas Feridas";"Pleno dia";"Crescente";"Nublado";"Dupla";"Reta";"Sim";3;0;2;0;1;0;2;2;-12,71561881;-60,12662888;"SPRF-RO";"DEL04-RO";"UOP01-DEL04-RO"
746317;2026-01-17;"sábado";"17:35:00";"SC";163;70,5;"SAO MIGUEL DO OESTE";"Condutor deixou de manter distância do veículo da frente";"Engavetamento";"Sem Vítimas";"Pleno dia";"Crescente";"Céu Claro";"Dupla";"Interseção de Vias;Retorno Regulamentado;Reta";"Sim";4;0;0;0;4;0;0;3;-26,7322501;-53,5101048;"SPRF-SC";"DEL07/SC";"UOP03-DEL07-SC"
746318;2026-01-17;"sábado";"20:00:00";"MG";262;676;"ARAXA";"Ausência de reação do condutor";"Colisão traseira";"Sem Vítimas";"Plena Noite";"Crescente";"Nublado";"Simples";"Declive;Reta";"Não";2;0;0;0;1;1;0;2;-19,54868;-46,94557;"SPRF-MG";"DEL08/MG";"UOP01-DEL08-MG"
746320;2026-01-17;"sábado";"22:00:00";"SP";116;53;"LORENA";"Desrespeitar a preferência no cruzamento";"Colisão transversal";"Com Vítimas Feridas";"Plena Noite";"Decrescente";"Chuva";"Simples";"Interseção de Vias;Rotatória";"Sim";2;0;0;1;1;0;1;2;-22,75197752;-45,10522692;"SPRF-SP";"DEL08/SP";"UOP02-DEL08-SP"
746321;2026-01-17;"sábado";"23:00:00";"PR";277;70;"SAO JOSE DOS PINHAIS";"Ausência de reação do condutor";"Saída de leito carroçável";"Com Vítimas Feridas";"Plena Noite";"Decrescente";"Nublado";"Simples";"Retorno Regulamentado;Curva;Aclive";"Não";1;0;1;0;0;0;1;1;-25,51267731;-49,12703991;"SPRF-PR";"DEL01/PR";"UOP01-DEL01-PR"
746322;2026-01-17;"sábado";"23:05:00";"RS";290;83;"CACHOEIRINHA";"Velocidade Incompatível";"Colisão com objeto";"Sem Vítimas";"Plena Noite";"Decrescente";"Céu Claro";"Simples";"Aclive";"Não";2;0;0;0;0;2;0;1;-29,96396396;-51,07956144;"SPRF-RS";"DEL01/RS";"UOP01-DEL01-RS"
746323;2026-01-17;"sábado";"22:20:00";"PI";343;348;"TERESINA";"Condutor deixou de manter distância do veículo da frente";"Colisão traseira";"Com Vítimas Feridas";"Plena Noite";"Crescente";"Nublado";"Dupla";"Reta";"Sim";5;0;1;0;4;0;1;2;-5,118632;-42,78676;"SPRF-PI";"DEL01-PI";"UOP01-DEL01-PI"
746324;2026-01-17;"sábado";"21:20:00";"GO";60;219,3;"PIRENOPOLIS";"Condutor Dormindo";"Saída de leito carroçável";"Com Vítimas Feridas";"Plena Noite";"Decrescente";"Nublado";"Dupla";"Interseção de Vias;Reta";"Não";2;0;0;1;1;0;1;1;-16;-49;"SPRF-GO";"DEL01/GO";"UOP02-DEL01-GO"
746325;2026-01-17;"sábado";"22:20:00";"GO";60;326,8;"ACREUNA";"Animais na Pista";"Saída de leito carroçável";"Com Vítimas Feridas";"Plena Noite";"Crescente";"Nublado";"Dupla";"Reta";"Não";1;0;1;0;0;0;1;1;-17,545457;-50,510985;"SPRF-GO";"DEL04/GO";"UOP02-DEL04-GO"
746326;2026-01-17;"sábado";"21:50:00";"MS";262;382,8;"TERENOS";"Reação tardia ou ineficiente do condutor";"Saída de leito carroçável";"Com Vítimas Feridas";"Plena Noite";"Decrescente";"Céu Claro";"Simples";"Reta";"Sim";2;0;1;0;0;1;1;2;-20,43612163;-54,86246109;"SPRF-MS";"DEL01/MS";"UOP03-DEL01-MS"
746327;2026-01-17;"sábado";"23:00:00";"SC";101;149;"ITAPEMA";"Acessar a via sem observar a presença dos outros veículos";"Colisão lateral mesmo sentido";"Com Vítimas Feridas";"Plena Noite";"Decrescente";"Nublado";"Simples";"Viaduto;Interseção de Vias";"Sim";2;0;1;0;1;0;1;2;-27,106045;-48,614659;"SPRF-SC";"DEL04/SC";"UOP03-DEL04-SC"
746328;2026-01-17;"sábado";"22:08:00";"MS";463;1;"DOURADOS";"Ingestão de álcool pelo condutor";"Colisão lateral sentido oposto";"Com Vítimas Feridas";"Plena Noite";"Crescente";"Céu Claro";"Simples";"Reta;Declive";"Sim";3;0;1;0;2;0;1;3;-22,25916178;-54,816081;"SPRF-MS";"DEL04/MS";"UOP01-DEL04-MS"
746329;2026-01-17;"sábado";"23:20:00";"RJ";116;188;"NOVA IGUACU";"Reação tardia ou ineficiente do condutor";"Colisão traseira";"Com Vítimas Feridas";"Plena Noite";"Decrescente";"Céu Claro";"Dupla";"Reta";"Sim";3;0;3;0;0;0;3;2;-22,73822586;-43,48490462;"SPRF-RJ";"DEL06/RJ";"UOP01-DEL06-RJ"
746330;2026-01-17;"sábado";"23:30:00";"MG";50;168;"UBERABA";"Reação tardia ou ineficiente do condutor";"Queda de ocupante de veículo";"Com Vítimas Feridas";"Plena Noite";"Crescente";"Nublado";"Dupla";"Curva";"Não";1;0;1;0;0;0;1;1;-19,720272;-47,979991;"SPRF-MG";"DEL13/MG";"UOP01-DEL13-MG"
746331;2026-01-17;"sábado";"20:45:00";"PR";163;230,2;"CASCAVEL";"Velocidade Incompatível";"Saída de leito carroçável";"Com Vítimas Feridas";"Plena Noite";"Crescente";"Céu Claro";"Dupla";"Curva;Declive";"Não";3;0;1;2;0;0;3;1;-24,80505;-53,67192;"SPRF-PR";"DEL04/PR";"UOP01-DEL04-PR"
746332;2026-01-17;"sábado";"20:40:00";"MT";163;759;"SORRISO";"Reação tardia ou ineficiente do condutor";"Saída de leito carroçável";"Com Vítimas Feridas";"Plena Noite";"Crescente";"Céu Claro";"Dupla";"Reta";"Não";5;0;3;1;1;0;4;1;-12,501718;-55,689262;"SPRF-MT";"DEL06/MT";"UOP01-DEL06-MT"
746333;2026-01-17;"sábado";"22:10:00";"SC";163;101,3;"SAO JOSE DO CEDRO";"Ausência de reação do condutor";"Tombamento";"Com Vítimas Feridas";"Plena Noite";"Crescente";"Nublado";"Simples";"Aclive;Reta";"Não";1;0;1;0;0;0;1;1;-26,47536205;-53,50704281;"SPRF-SC";"DEL07/SC";"UOP03-DEL07-SC"
746334;2026-01-17;"sábado";"23:20:00";"PR";376;9,9;"MARINGA";"Ausência de reação do condutor";"Colisão com objeto";"Com Vítimas Feridas";"Plena Noite";"Crescente";"Céu Claro";"Dupla";"Interseção de Vias";"Sim";1;0;1;0;0;0;1;1;-23,380669;-51,9127034;"SPRF-PR";"DEL09/PR";"UOP01-DEL09-PR"
746335;2026-01-17;"sábado";"23:40:00";"RS";386;52,8;"SEBERI";"Transitar na contramão";"Colisão frontal";"Com Vítimas Feridas";"Plena Noite";"Crescente";"Chuva";"Simples";"Reta";"Sim";6;0;3;0;3;0;3;2;-27,5076757;-53,3822289;"SPRF-RS";"DEL08/RS";"UOP02-DEL08-RS"
746336;2026-01-18;"domingo";"00:20:00";"ES";101;143,6;"LINHARES";"Reação tardia ou ineficiente do condutor";"Colisão traseira";"Com Vítimas Feridas";"Plena Noite";"Decrescente";"Céu Claro";"Dupla";"Reta;Declive";"Não";4;0;1;0;3;0;1;2;-19,36963626;-40,06556797;"SPRF-ES";"DEL04-ES";"UOP01-DEL04-ES"
746337;2026-01-18;"domingo";"00:20:00";"RN";406;166,8;"SAO GONCALO DO AMARANTE";"Ultrapassagem Indevida";"Colisão traseira";"Com Vítimas Feridas";"Plena Noite";"Crescente";"Céu Claro";"Simples";"Reta";"Não";4;0;2;0;2;0;2;2;-5,73981902;-35,34995604;"SPRF-RN";"DEL02-RN";"UOP01-DEL02-RN"
746338;2026-01-17;"sábado";"22:47:00";"RN";226;112,2;"SANTA CRUZ";"Conversão proibida";"Colisão transversal";"Com Vítimas Feridas";"Plena Noite";"Decrescente";"Céu Claro";"Simples";"Reta";"Sim";2;0;0;1;1;0;1;2;-6,21856;-36,019882;"SPRF-RN";"DEL03-RN";"UOP02-DEL03-RN"
746339;2026-01-17;"sábado";"23:12:00";"RJ";40;113,8;"DUQUE DE CAXIAS";"Reação tardia ou ineficiente do condutor";"Colisão com objeto";"Com Vítimas Feridas";"Plena Noite";"Crescente";"Nublado";"Simples";"Retorno Regulamentado;Curva;Ponte";"Sim";1;0;0;1;0;0;1;1;-22,716885;-43,290383;"SPRF-RJ";"DEL01/RJ";"UOP02-DEL01-RJ"