"id";"data_inversa";"dia_semana";"horario";"uf";"br";"km";"municipio";"causa_acidente";"tipo_acidente";"classificacao_acidente";"fase_dia";"sentido_via";"condicao_metereologica";"tipo_pista";"tracado_via";"uso_solo";"pessoas";"mortos";"feridos_leves";"feridos_graves";"ilesos";"ignorados";"feridos";"veiculos";"latitude";"longitude";"regional";"delegacia";"uop"
746892;2026-01-20;"terça-feira";"11:30:00";"ES";393;1,5;"CACHOEIRO DE ITAPEMIRIM";"Ausência de reação do condutor";"Colisão lateral mesmo sentido";"Com Vítimas Feridas";"Pleno dia";"Crescente";"Nublado";"Simples";"Declive;Reta";"Não";2;0;0;1;1;0;1;2;-20,83587206;-41,17009877;"SPRF-ES";"DEL03-ES";"UOP02-DEL03-ES"
746893;2026-01-20;"terça-feira";"11:40:00";"TO";153;718;"FIGUEIROPOLIS";"Demais falhas mecânicas ou elétricas";"Saída de leito carroçável";"Com Vítimas Feridas";"Pleno dia";"Crescente";"Nublado";"Simples";"Reta";"Não";2;0;2;0;0;0;2;1;-12,184466;-49,155494;"SPRF-TO";"DEL01-TO";"UOP02-DEL01-TO"
746894;2026-01-20;"terça-feira";"12:35:00";"MG";262;409,2;"IGARATINGA";"Velocidade Incompatível";"Saída de leito carroçável";"Com Vítimas Feridas";"Pleno dia";"Crescente";"Chuva";"Dupla";"Reta";"Não";3;0;3;0;0;0;3;1;-19,88767;-44,71574;"SPRF-MG";"DEL08/MG";"UOP03-DEL08-MG"
746895;2026-01-20;"terça-feira";"11:10:00";"RJ";101;297;"ITABORAI";"Manobra de mudança de faixa";"Engavetamento";"Com Vítimas Feridas";"Pleno dia";"Decrescente";"Garoa/Chuvisco";"Dupla";"Reta";"Sim";3;0;1;0;2;0;1;3;-22,74443162;-42,80883437;"SPRF-RJ";"DEL02/RJ";"UOP02-DEL02-RJ"
746896;2026-01-20;"terça-feira";"10:20:00";"RJ";116;148;"DUQUE DE CAXIAS";"Manobra de mudança de faixa";"Colisão lateral sentido oposto";"Com Vítimas Feridas";"Pleno dia";"Crescente";"Chuva";"Dupla";"Curva;Interseção de Vias";"Não";2;0;1;0;1;0;1;2;-22,671937;-43,281832;"SPRF-RJ";"DEL01/RJ";"UOP02-DEL01-RJ"
746897;2026-01-20;"terça-feira";"10:19:00";"RO";364;422,2;"JARU";"Reação tardia ou ineficiente do condutor";"Colisão lateral mesmo sentido";"Com Vítimas Feridas";"Pleno dia";"Decrescente";"Sol";"Simples";"Curva";"Sim";2;0;0;1;1;0;1;2;-10,46046612;-62,45527983;"SPRF-RO";"DEL03-RO";"UOP02-DEL03-RO"
746898;2026-01-20;"terça-feira";"09:30:00";"MA";135;6;"SAO LUIS";"Condutor deixou de manter distância do veículo da frente";"Colisão traseira";"Com Vítimas Feridas";"Pleno dia";"Crescente";"Sol";"Dupla";"Reta";"Sim";3;0;1;0;1;1;1;2;-2,64157712;-44,27248746;"SPRF-MA";"DEL01-MA";"UOP01-DEL01-MA"
746899;2026-01-20;"terça-feira";"11:20:00";"PR";116;108;"CURITIBA";"Trafegar com motocicleta (ou similar) entre as faixas";"Colisão lateral mesmo sentido";"Com Vítimas Feridas";"Pleno dia";"Crescente";"Céu Claro";"Dupla";"Reta";"Sim";2;0;1;0;1;0;1;2;-25,56669776;-49,2399931;"SPRF-PR";"DEL01/PR";"UOP03-DEL01-PR"
746900;2026-01-20;"terça-feira";"10:45:00";"RN";226;309;"JANDUIS";"Reação tardia ou ineficiente do condutor";"Colisão traseira";"Sem Vítimas";"Pleno dia";"Decrescente";"Céu Claro";"Simples";"Reta";"Sim";3;0;0;0;3;0;0;2;-6,018063;-37,407843;"SPRF-RN";"DEL04-RN";"UOP01-DEL04-RN"
746901;2026-01-20;"terça-feira";"13:00:00";"MG";381;330;"NOVA ERA";"Velocidade Incompatível";"Colisão com objeto";"Com Vítimas Feridas";"Pleno dia";"Crescente";"Chuva";"Simples";"Curva";"Não";1;0;1;0;0;0;1;1;-19,79884809;-43,05524826;"SPRF-MG";"DEL03/MG";"UOP01-DEL03-MG"
746902;2026-01-20;"terça-feira";"05:00:00";"MS";262;485;"ANASTACIO";"Ausência de reação do condutor";"Saída de leito carroçável";"Com Vítimas Feridas";"Amanhecer";"Crescente";"Nevoeiro/Neblina";"Simples";"Reta";"Não";1;0;1;0;0;0;1;1;-20,501807;-55,765309;"SPRF-MS";"DEL03/MS";"UOP01-DEL03-MS"
746903;2026-01-20;"terça-feira";"12:50:00";"PB";101;81,9;"BAYEUX";"Acessar a via sem observar a presença dos outros veículos";"Colisão lateral mesmo sentido";"Com Vítimas Feridas";"Pleno dia";"Crescente";"Céu Claro";"Dupla";"Interseção de Vias";"Sim";2;0;0;1;0;1;1;2;-7,13049377;-34,93460208;"SPRF-PB";"DEL01-PB";"UOP01-DEL01-PB"
746904;2026-01-20;"terça-feira";"12:00:00";"MG";40;89;"PARACATU";"Demais falhas mecânicas ou elétricas";"Saída de leito carroçável";"Com Vítimas Feridas";"Pleno dia";"Crescente";"Nublado";"Simples";"Reta";"Não";2;0;2;0;0;0;2;1;-17,498092;-46,58287025;"SPRF-MG";"DEL14/MG";"UOP01-DEL14-MG"
746905;2026-01-20;"terça-feira";"10:30:00";"RS";116;362;"TAPES";"Transitar na contramão";"Colisão frontal";"Com Vítimas Fatais";"Pleno dia";"Crescente";"Céu Claro";"Simples";"Reta";"Não";4;1;2;1;0;0;3;2;-30,63341636;-51,54994369;"SPRF-RS";"DEL02/RS";"UOP02-DEL02-RS"
746907;2026-01-16;"sexta-feira";"23:20:00";"PE";0;0;"CAMARAGIBE";"Frear bruscamente";"Colisão traseira";"Sem Vítimas";"Plena Noite";"Não Informado";"Ignorado";"Dupla";"Interseção de Vias";"Não";6;0;0;0;6;0;0;2;-8,020562;-34,989985;"SPRF-PE";"N/A";"N/A"
746908;2026-01-20;"terça-feira";"12:49:00";"BA";0;0;"LUIS EDUARDO MAGALHAES";"Acessar a via sem observar a presença dos outros veículos";"Colisão traseira";"Sem Vítimas";"Pleno dia";"Não Informado";"Chuva";"Simples";"Reta";"Sim";3;0;0;0;3;0;0;2;-12,08812886;-45,79828978;"SPRF-BA";"DEL10/BA";"UOP01-DEL10-BA"
746910;2026-01-20;"terça-feira";"11:15:00";"MG";364;40,5;"FRUTAL";"Mal súbito do condutor";"Saída de leito carroçável";"Com Vítimas Feridas";"Pleno dia";"Decrescente";"Céu Claro";"Simples";"Reta";"Não";1;0;1;0;0;0;1;1;-19,948963;-48,958791;"SPRF-MG";"DEL13/MG";"UOP02-DEL13-MG"
746911;2026-01-20;"terça-feira";"09:10:00";"MG";116;696,6;"MURIAE";"Chuva";"Colisão lateral sentido oposto";"Com Vítimas Feridas";"Pleno dia";"Decrescente";"Chuva";"Simples";"Declive;Curva";"Não";3;0;3;0;0;0;3;2;-21,07552035;-42,3717463;"SPRF-MG";"DEL07/MG";"UOP02-DEL07-MG"
746912;2026-01-20;"terça-feira";"12:44:00";"PE";104;68,9;"CARUARU";"Reação tardia ou ineficiente do condutor";"Saída de leito carroçável";"Com Vítimas Feridas";"Pleno dia";"Crescente";"Sol";"Dupla";"Curva";"Não";1;0;1;0;0;0;1;1;-8,32149101;-35,99116651;"SPRF-PE";"DEL02/PE";"UOP01-DEL02-PE"
746913;2026-01-20;"terça-feira";"13:40:00";"DF";20;32,8;"BRASILIA";"Pista Escorregadia";"Saída de leito carroçável";"Com Vítimas Feridas";"Pleno dia";"Decrescente";"Chuva";"Dupla";"Reta";"Não";3;0;1;0;2;0;1;1;-15,5888895;-47,582402;"SPRF-DF";"DEL02-DF";"UOP01-DEL02-DF"
746916;2026-01-20;"terça-feira";"10:15:00";"PR";369;393,7;"JURANDA";"Demais falhas mecânicas ou elétricas";"Incêndio";"Sem Vítimas";"Pleno dia";"Decrescente";"Sol";"Simples";"Aclive;Reta";"Não";1;0;0;0;1;0;0;1;-24,34114372;-52,71439791;"SPRF-PR";"DEL04/PR";"UOP03-DEL04-PR"
746919;2026-01-16;"sexta-feira";"18:00:00";"RJ";101;303;"SAO GONCALO";"Reação tardia ou ineficiente do condutor";"Colisão traseira";"Com Vítimas Feridas";"Pleno dia";"Decrescente";"Céu Claro";"Dupla";"Reta";"Sim";3;0;1;0;2;0;1;2;-22,78280201;-42,97645496;"SPRF-RJ";"DEL02/RJ";"UOP02-DEL02-RJ"
746920;2026-01-20;"terça-feira";"14:00:00";"RJ";101;430;"MANGARATIBA";"Reação tardia ou ineficiente do condutor";"Saída de leito carroçável";"Com Vítimas Feridas";"Pleno dia";"Crescente";"Chuva";"Simples";"Curva;Declive";"Sim";2;0;1;0;1;0;1;1;-22,93768538;-44,01294708;"SPRF-RJ";"DEL03/RJ";"UOP02-DEL03-RJ"
746921;2026-01-16;"sexta-feira";"10:00:00";"BA";367;131;"ITAGIMIRIM";"Ausência de reação do condutor";"Saída de leito carroçável";"Com Vítimas Feridas";"Pleno dia";"Crescente";"Céu Claro";"Simples";"Curva";"Não";3;0;0;1;2;0;1;1;-16,08531041;-39,65307713;"SPRF-BA";"DEL09/BA";"UOP03-DEL09-BA"
746922;2026-01-20;"terça-feira";"10:40:00";"SC";282;0,8;"FLORIANOPOLIS";"Manobra de mudança de faixa";"Colisão traseira";"Com Vítimas Feridas";"Pleno dia";"Decrescente";"Céu Claro";"Dupla";"Reta";"Sim";2;0;0;1;0;1;1;2;-27,599964;-48,5761;"SPRF-SC";"DEL01/SC";"UOP01-DEL01-SC"
746923;2026-01-20;"terça-feira";"13:02:00";"RS";290;31;"SANTO ANTONIO DA PATRULHA";"Ausência de reação do condutor";"Saída de leito carroçável";"Com Vítimas Feridas";"Pleno dia";"Decrescente";"Céu Claro";"Múltipla";"Reta";"Não";1;0;1;0;0;0;1;1;-29,88414337;-50,53658582;"SPRF-RS";"DEL03/RS";"UOP01-DEL03-RS"
746925;2026-01-08;"quinta-feira";"15:20:00";"SC";282;270;"SAO JOSE DO CERRITO";"Ausência de reação do condutor";"Colisão traseira";"Com Vítimas Feridas";"Pleno dia";"Decrescente";"Céu Claro";"Simples";"Reta";"Não";5;0;4;0;1;0;4;2;-27,616086;-50,6834;"SPRF-SC";"DEL05/SC";"UOP02-DEL05-SC"
746926;2026-01-20;"terça-feira";"15:40:00";"ES";101;265;"SERRA";"Ausência de reação do condutor";"Colisão transversal";"Com Vítimas Feridas";"Pleno dia";"Decrescente";"Chuva";"Dupla";"Reta";"Não";2;0;0;1;0;1;1;2;-20,18230251;-40,26539594;"SPRF-ES";"DEL02-ES";"UOP01-DEL02-ES"
746937;2026-01-20;"terça-feira";"16:20:00";"PR";476;157,9;"ARAUCARIA";"Desrespeitar a preferência no cruzamento";"Colisão transversal";"Com Vítimas Feridas";"Pleno dia";"Decrescente";"Céu Claro";"Simples";"Interseção de Vias;Reta";"Sim";3;0;2;0;1;0;2;2;-25,60624646;-49,42105293;"SPRF-PR";"DEL01/PR";"UOP06-DEL01-PR"
746940;2026-01-20;"terça-feira";"16:40:00";"RS";448;19;"CANOAS";"Manobra de mudança de faixa";"Colisão lateral mesmo sentido";"Com Vítimas Feridas";"Pleno dia";"Crescente";"Céu Claro";"Múltipla";"Reta";"Não";3;0;2;0;1;0;2;2;-29,94830469;-51,20317109;"SPRF-RS";"DEL01/RS";"UOP01-DEL01-RS"
746941;2026-01-20;"terça-feira";"17:05:00";"RS";470;216;"BENTO GONCALVES";"Reação tardia ou ineficiente do condutor";"Colisão traseira";"Sem Vítimas";"Pleno dia";"Decrescente";"Céu Claro";"Dupla";"Reta";"Sim";2;0;0;0;2;0;0;2;-29,16626;-51,5257416667;"SPRF-RS";"DEL06/RS";"UOP01-DEL06-RS"
746943;2026-01-20;"terça-feira";"17:01:00";"SC";280;28,4;"ARAQUARI";"Acessar a via sem observar a presença dos outros veículos";"Colisão transversal";"Com Vítimas Feridas";"Pleno dia";"Decrescente";"Céu Claro";"Simples";"Reta";"Sim";2;0;1;0;1;0;1;2;-26,407272;-48,748892;"SPRF-SC";"DEL03/SC";"UOP03-DEL03-SC"
746947;2026-01-20;"terça-feira";"18:00:00";"GO";60;93;"ANAPOLIS";"Demais falhas mecânicas ou elétricas";"Tombamento";"Com Vítimas Feridas";"Pleno dia";"Crescente";"Garoa/Chuvisco";"Dupla";"Aclive;Curva;Viaduto";"Sim";1;0;1;0;0;0;1;1;-16,353771;-48,927624;"SPRF-GO";"DEL02/GO";"UOP01-DEL02-GO"
746948;2026-01-20;"terça-feira";"17:30:00";"MG";381;591;"CARMOPOLIS DE MINAS";"Condutor usando celular";"Colisão com objeto";"Com Vítimas Feridas";"Pleno dia";"Decrescente";"Nublado";"Simples";"Interseção de Vias";"Sim";1;0;1;0;0;0;1;1;-20,5430947;-44,64528322;"SPRF-MG";"DEL04/MG";"UOP01-DEL04-MG"
746949;2026-01-20;"terça-feira";"16:40:00";"MA";135;16;"SAO LUIS";"Velocidade Incompatível";"Saída de leito carroçável";"Com Vítimas Feridas";"Pleno dia";"Decrescente";"Céu Claro";"Dupla";"Reta";"Sim";3;0;1;0;2;0;1;1;-2,69839592;-44,30699992;"SPRF-MA";"DEL01-MA";"UOP01-DEL01-MA"
746950;2026-01-20;"terça-feira";"18:10:00";"PE";428;189;"PETROLINA";"Animais na Pista";"Tombamento";"Com Vítimas Feridas";"Plena Noite";"Crescente";"Nublado";"Múltipla";"Reta";"Sim";1;0;1;0;0;0;1;1;-9,3769348;-40,4989772;"SPRF-PE";"DEL06/PE";"UOP01-DEL06-PE"
746951;2026-01-20;"terça-feira";"17:20:00";"SP";116;145,4;"SAO JOSE DOS CAMPOS";"Reação tardia ou ineficiente do condutor";"Colisão lateral mesmo sentido";"Com Vítimas Feridas";"Pleno dia";"Crescente";"Céu Claro";"Dupla";"Reta";"Sim";2;0;1;0;1;0;1;2;-23,18802316;-45,85734944;"SPRF-SP";"DEL02/SP";"UOP01-DEL02-SP"
746952;2026-01-20;"terça-feira";"17:44:00";"PE";101;75,3;"RECIFE";"Ausência de reação do condutor";"Tombamento";"Com Vítimas Feridas";"Anoitecer";"Crescente";"Céu Claro";"Dupla";"Reta";"Sim";1;0;1;0;0;0;1;1;-8,11268;-34,945698;"SPRF-PE";"DEL01/PE";"UOP01-DEL01-PE"
746953;2026-01-20;"terça-feira";"18:15:00";"SC";280;27,9;"ARAQUARI";"Ultrapassagem Indevida";"Colisão frontal";"Com Vítimas Feridas";"Anoitecer";"Crescente";"Nublado";"Simples";"Em Obras;Reta";"Não";2;0;0;2;0;0;2;2;-26,40422827;-48,74535084;"SPRF-SC";"DEL03/SC";"UOP03-DEL03-SC"
746954;2026-01-20;"terça-feira";"16:00:00";"RJ";101;515;"ANGRA DOS REIS";"Reação tardia ou ineficiente do condutor";"Tombamento";"Com Vítimas Feridas";"Pleno dia";"Decrescente";"Chuva";"Simples";"Curva";"Não";1;0;1;0;0;0;1;1;-22,981092;-44,43613;"SPRF-RJ";"DEL03/RJ";"UOP03-DEL03-RJ"
746955;2026-01-20;"terça-feira";"17:45:00";"PR";116;93,3;"SAO JOSE DOS PINHAIS";"Ausência de reação do condutor";"Tombamento";"Com Vítimas Feridas";"Pleno dia";"Decrescente";"Céu Claro";"Dupla";"Viaduto;Reta";"Sim";1;0;1;0;0;0;1;1;-25,51410308;-49,1299947;"SPRF-PR";"DEL01/PR";"UOP08-DEL01-PR"
746956;2026-01-20;"terça-feira";"18:30:00";"PB";230;21;"JOAO PESSOA";"Condutor deixou de manter distância do veículo da frente";"Tombamento";"Com Vítimas Feridas";"Plena Noite";"Crescente";"Céu Claro";"Dupla";"Reta";"Sim";2;0;2;0;0;0;2;1;-7,15299769;-34,85478497;"SPRF-PB";"DEL01-PB";"UOP01-DEL01-PB"
746957;2026-01-20;"terça-feira";"17:30:00";"MT";163;841;"SINOP";"Acessar a via sem observar a presença dos outros veículos";"Colisão transversal";"Com Vítimas Feridas";"Pleno dia";"Crescente";"Nublado";"Simples";"Reta";"Sim";5;0;0;1;4;0;1;2;-11,81148774;-55,48241615;"SPRF-MT";"DEL06/MT";"UOP02-DEL06-MT"
746958;2026-01-20;"terça-feira";"18:30:00";"SC";101;151;"ITAPEMA";"Trafegar com motocicleta (ou similar) entre as faixas";"Colisão lateral mesmo sentido";"Com Vítimas Feridas";"Pleno dia";"Decrescente";"Céu Claro";"Dupla";"Reta";"Sim";2;0;1;0;0;1;1;2;-27,1351136;-48,6099124;"SPRF-SC";"DEL04/SC";"UOP03-DEL04-SC"
746959;2026-01-20;"terça-feira";"18:25:00";"PA";316;61;"CASTANHAL";"Reação tardia ou ineficiente do condutor";"Colisão traseira";"Sem Vítimas";"Plena Noite";"Decrescente";"Céu Claro";"Dupla";"Reta";"Sim";2;0;0;0;2;0;0;2;-1,298162;-47,939658;"SPRF-PA";"DEL01/PA";"UOP01-DEL01-PA"
746960;2026-01-20;"terça-feira";"19:00:00";"PB";101;92;"JOAO PESSOA";"Iluminação deficiente";"Colisão com objeto";"Com Vítimas Feridas";"Plena Noite";"Crescente";"Céu Claro";"Dupla";"Declive;Reta;Retorno Regulamentado";"Sim";2;0;1;1;0;0;2;1;-7,20177981;-34,90752029;"SPRF-PB";"DEL01-PB";"UOP01-DEL01-PB"
746961;2026-01-20;"terça-feira";"18:00:00";"ES";101;192,3;"ARACRUZ";"Acostamento em desnível";"Tombamento";"Com Vítimas Feridas";"Plena Noite";"Crescente";"Chuva";"Simples";"Reta";"Não";1;0;1;0;0;0;1;1;-19,695247;-40,297911;"SPRF-ES";"DEL04-ES";"UOP01-DEL04-ES"
746962;2026-01-20;"terça-feira";"18:46:00";"PI";343;1,7;"TERESINA";"Manobra de mudança de faixa";"Colisão traseira";"Com Vítimas Feridas";"Anoitecer";"Crescente";"Céu Claro";"Dupla";"Reta;Retorno Regulamentado";"Sim";2;0;1;0;1;0;1;2;-5,081135;-42,764693;"SPRF-PI";"DEL01-PI";"UOP01-DEL01-PI"
746963;2026-01-20;"terça-feira";"19:20:00";"MG";381;483;"BETIM";"Demais falhas mecânicas ou elétricas";"Incêndio";"Sem Vítimas";"Plena Noite";"Decrescente";"Garoa/Chuvisco";"Múltipla";"Aclive";"Sim";1;0;0;0;1;0;0;1;-19,95871945;-44,07490477;"SPRF-MG";"DEL01/MG";"UOP03-DEL01-MG"
746965;2026-01-20;"terça-feira";"08:00:00";"MG";116;604;"SAO JOAO DO MANHUACU";"Ausência de reação do condutor";"Saída de leito carroçável";"Com Vítimas Feridas";"Pleno dia";"Crescente";"Chuva";"Simples";"Curva";"Não";1;0;1;0;0;0;1;1;-20,37174713;-42,14774752;"SPRF-MG";"DEL06/MG";"UOP03-DEL06-MG"
746966;2026-01-20;"terça-feira";"19:15:00";"SC";101;148;"ITAPEMA";"Ausência de reação do condutor";"Colisão lateral mesmo sentido";"Com Vítimas Feridas";"Plena Noite";"Decrescente";"Céu Claro";"Dupla";"Reta";"Sim";3;0;1;1;1;0;2;2;-27,103061;-48,617052;"SPRF-SC";"DEL04/SC";"UOP03-DEL04-SC"
746967;2026-01-12;"segunda-feira";"18:50:00";"BA";324;622;"SALVADOR";"Condutor deixou de manter distância do veículo da frente";"Colisão traseira";"Com Vítimas Feridas";"Anoitecer";"Decrescente";"Céu Claro";"Múltipla";"Reta";"Sim";2;0;1;0;0;1;1;2;-12,929572;-38,469415;"SPRF-BA";"DEL01/BA";"UOP01-DEL01-BA"
746968;2026-01-20;"terça-feira";"18:20:00";"RJ";0;0;"SEROPEDICA";"Reação tardia ou ineficiente do condutor";"Colisão traseira";"Com Vítimas Feridas";"Anoitecer";"Não Informado";"Nublado";"Dupla";"Reta";"Não";1;0;1;0;0;0;1;1;-22,7575317;-43,6906457;"SPRF-RJ";"DEL06/RJ";"UOP02-DEL06-RJ"
746969;2026-01-11;"domingo";"15:00:00";"SC";282;546,8;"CHAPECO";"Reação tardia ou ineficiente do condutor";"Capotamento";"Com Vítimas Feridas";"Pleno dia";"Crescente";"Nublado";"Simples";"Curva";"Não";7;0;1;0;6;0;1;1;-26,978832;-52,736538;"SPRF-SC";"DEL07/SC";"UOP01-DEL07-SC"
746970;2026-01-20;"terça-feira";"20:30:00";"PB";230;20,8;"JOAO PESSOA";"Reação tardia ou ineficiente do condutor";"Tombamento";"Com Vítimas Feridas";"Plena Noite";"Crescente";"Céu Claro";"Dupla";"Reta";"Sim";1;0;0;1;0;0;1;1;-7,14692812;-34,85076345;"SPRF-PB";"DEL01-PB";"UOP01-DEL01-PB"
746971;2026-01-20;"terça-feira";"12:15:00";"MG";267;243,5;"SERITINGA";"Ultrapassagem Indevida";"Colisão frontal";"Com Vítimas Feridas";"Pleno dia";"Crescente";"Nublado";"Simples";"Curva";"Não";6;0;5;1;0;0;6;2;-21,92008888;-44,4147411;"SPRF-MG";"DEL17/MG";"UOP01-DEL17-MG"
746972;2026-01-20;"terça-feira";"18:20:00";"SE";235;49;"ITABAIANA";"Animais na Pista";"Atropelamento de Animal";"Com Vítimas Feridas";"Plena Noite";"Crescente";"Nublado";"Simples";"Reta";"Sim";1;0;1;0;0;0;1;1;-10,71347453;-37,42487848;"SPRF-SE";"DEL01-SE";"UOP02-DEL01-SE"
746974;2026-01-20;"terça-feira";"13:30:00";"AL";423;20,1;"CANAPI";"Ingestão de álcool pelo condutor";"Colisão lateral sentido oposto";"Com Vítimas Feridas";"Pleno dia";"Decrescente";"Céu Claro";"Simples";"Reta";"Não";2;0;0;1;0;1;1;2;-9,17154694;-37,44552255;"SPRF-AL";"DEL03-AL";"UOP02-DEL03-AL"
746975;2026-01-20;"terça-feira";"20:00:00";"MG";262;437;"NOVA SERRANA";"Entrada inopinada do pedestre";"Atropelamento de Pedestre";"Com Vítimas Feridas";"Plena Noite";"Decrescente";"Chuva";"Múltipla";"Reta";"Sim";2;0;1;0;1;0;1;2;-19,87214;-44,96777;"SPRF-MG";"DEL08/MG";"UOP03-DEL08-MG"
746976;2026-01-20;"terça-feira";"21:30:00";"PR";277;25;"MORRETES";"Animais na Pista";"Tombamento";"Com Vítimas Feridas";"Plena Noite";"Crescente";"Nublado";"Dupla";"Declive;Reta";"Não";2;0;2;0;0;0;2;1;-25,5338675;-48,7594117;"SPRF-PR";"DEL01/PR";"UOP05-DEL01-PR"
746977;2026-01-20;"terça-feira";"20:25:00";"PB";230;16,8;"JOAO PESSOA";"Reação tardia ou ineficiente do condutor";"Engavetamento";"Com Vítimas Feridas";"Plena Noite";"Decrescente";"Céu Claro";"Dupla";"Reta";"Sim";3;0;0;1;2;0;1;3;-7,114403;-34,841907;"SPRF-PB";"DEL01-PB";"UOP01-DEL01-PB"
746979;2026-01-20;"terça-feira";"15:30:00";"BA";101;206,2;"GOVERNADOR MANGABEIRA";"Ultrapassagem Indevida";"Saída de leito carroçável";"Com Vítimas Feridas";"Pleno dia";"Crescente";"Céu Claro";"Simples";"Reta;Declive";"Não";2;0;1;1;0;0;2;1;-12,597728;-39,030141;"SPRF-BA";"DEL11/BA";"UOP01-DEL11-BA"
746980;2026-01-20;"terça-feira";"18:50:00";"MG";262;462,9;"BOM DESPACHO";"Reação tardia ou ineficiente do condutor";"Saída de leito carroçável";"Com Vítimas Feridas";"Anoitecer";"Decrescente";"Chuva";"Simples";"Aclive";"Não";1;0;1;0;0;0;1;1;-19,790848;-45,190467;"SPRF-MG";"DEL08/MG";"UOP03-DEL08-MG"
746981;2026-01-20;"terça-feira";"20:55:00";"MG";251;426;"GRAO MOGOL";"Ausência de reação do condutor";"Saída de leito carroçável";"Com Vítimas Feridas";"Plena Noite";"Crescente";"Nublado";"Simples";"Reta";"Não";3;0;3;0;0;0;3;1;-16,3967983;-43,20675285;"SPRF-MG";"DEL12/MG";"UOP01-DEL12-MG"
746983;2026-01-20;"terça-feira";"20:03:00";"AC";364;124;"RIO BRANCO";"Acessar a via sem observar a presença dos outros veículos";"Colisão transversal";"Com Vítimas Feridas";"Plena Noite";"Decrescente";"Céu Claro";"Dupla";"Rotatória";"Sim";2;0;1;0;1;0;1;2;-10,01200277;-67,79844403;"SPRF-AC";"DEL01-AC";"UOP01-DEL01-AC"
746984;2026-01-20;"terça-feira";"19:45:00";"MG";153;245;"FRONTEIRA";"Afundamento ou ondulação no pavimento";"Tombamento";"Com Vítimas Feridas";"Plena Noite";"Crescente";"Céu Claro";"Simples";"Interseção de Vias;Reta;Rotatória";"Não";1;0;1;0;0;0;1;1;-20,290669;-49,202104;"SPRF-MG";"DEL13/MG";"UOP02-DEL13-MG"
746985;2026-01-20;"terça-feira";"20:50:00";"RS";116;245,4;"SAO LEOPOLDO";"Demais falhas mecânicas ou elétricas";"Colisão com objeto";"Com Vítimas Feridas";"Plena Noite";"Crescente";"Céu Claro";"Múltipla";"Reta";"Sim";1;0;1;0;0;0;1;1;-29,75039695;-51,15172148;"SPRF-RS";"DEL01/RS";"UOP02-DEL01-RS"
746986;2026-01-20;"terça-feira";"21:47:00";"SP";116;293;"ITAPECERICA DA SERRA";"Objeto estático sobre o leito carroçável";"Colisão com objeto";"Sem Vítimas";"Plena Noite";"Decrescente";"Nublado";"Dupla";"Reta";"Sim";1;0;0;0;1;0;0;1;-23,74534;-46,900042;"SPRF-SP";"DEL04/SP";"UOP01-DEL04-SP"
746987;2026-01-20;"terça-feira";"22:00:00";"MG";116;414,5;"GOVERNADOR VALADARES";"Acessar a via sem observar a presença dos outros veículos";"Colisão transversal";"Com Vítimas Feridas";"Plena Noite";"Decrescente";"Chuva";"Simples";"Retorno Regulamentado";"Sim";3;0;1;0;1;1;1;3;-18,90173923;-41,94477081;"SPRF-MG";"DEL06/MG";"UOP01-DEL06-MG"
746994;2026-01-20;"terça-feira";"23:15:00";"RS";101;15;"DOM PEDRO DE ALCANTARA";"Ausência de reação do condutor";"Saída de leito carroçável";"Com Vítimas Feridas";"Plena Noite";"Crescente";"Chuva";"Dupla";"Curva";"Não";2;0;2;0;0;0;2;1;-29,402396;-49,858649;"SPRF-RS";"DEL03/RS";"UOP02-DEL03-RS"
746996;2026-01-21;"quarta-feira";"00:20:00";"PR";476;149,3;"ARAUCARIA";"Reação tardia ou ineficiente do condutor";"Saída de leito carroçável";"Com Vítimas Feridas";"Plena Noite";"Decrescente";"Nublado";"Dupla";"Reta";"Não";1;0;1;0;0;0;1;1;-25,5579343;-49,362656;"SPRF-PR";"DEL01/PR";"UOP06-DEL01-PR"
746997;2026-01-21;"quarta-feira";"00:40:00";"PR";116;126;"FAZENDA RIO GRANDE";"Ausência de reação do condutor";"Colisão traseira";"Com Vítimas Feridas";"Plena Noite";"Crescente";"Céu Claro";"Dupla";"Reta";"Sim";2;0;1;1;0;0;2;2;-25,65458033;-49,31222884;"SPRF-PR";"DEL01/PR";"UOP03-DEL01-PR"
747000;2026-01-21;"quarta-feira";"01:30:00";"PE";232;402;"SERRA TALHADA";"Animais na Pista";"Atropelamento de Animal";"Sem Vítimas";"Plena Noite";"Decrescente";"Ignorado";"Simples";"Reta";"Não";2;0;0;0;2;0;0;1;-8,006278;-38,24432;"SPRF-PE";"DEL04/PE";"UOP01-DEL04-PE"
747001;2026-01-21;"quarta-feira";"01:30:00";"MG";381;888,4;"CAMBUI";"Pedestre andava na pista";"Atropelamento de Pedestre";"Com Vítimas Feridas";"Plena Noite";"Decrescente";"Céu Claro";"Dupla";"Reta";"Não";3;0;1;0;2;0;1;2;-22,52896013;-46,02668434;"SPRF-MG";"DEL16/MG";"UOP01-DEL16-MG"
747002;2026-01-21;"quarta-feira";"02:11:00";"SC";101;136;"BALNEARIO CAMBORIU";"Velocidade Incompatível";"Colisão lateral mesmo sentido";"Com Vítimas Feridas";"Plena Noite";"Crescente";"Nublado";"Dupla";"Reta";"Sim";2;0;1;0;1;0;1;2;-27,01002258;-48,61522548;"SPRF-SC";"DEL04/SC";"UOP03-DEL04-SC"