"id";"data_inversa";"dia_semana";"horario";"uf";"br";"km";"municipio";"causa_acidente";"tipo_acidente";"classificacao_acidente";"fase_dia";"sentido_via";"condicao_metereologica";"tipo_pista";"tracado_via";"uso_solo";"pessoas";"mortos";"feridos_leves";"feridos_graves";"ilesos";"ignorados";"feridos";"veiculos";"latitude";"longitude";"regional";"delegacia";"uop"
748091;2026-01-26;"segunda-feira";"08:50:00";"CE";116;20;"EUSEBIO";"Reação tardia ou ineficiente do condutor";"Colisão traseira";"Sem Vítimas";"Pleno dia";"Decrescente";"Garoa/Chuvisco";"Dupla";"Reta";"Não";2;0;0;0;2;0;0;2;-3,92403582;-38,5076135;"SPRF-CE";"DEL01/CE";"UOP02-DEL01-CE"
748092;2026-01-26;"segunda-feira";"08:45:00";"BA";101;878,7;"TEIXEIRA DE FREITAS";"Desrespeitar a preferência no cruzamento";"Colisão transversal";"Com Vítimas Feridas";"Pleno dia";"Decrescente";"Céu Claro";"Simples";"Interseção de Vias";"Sim";2;0;1;0;1;0;1;2;-17,55693232;-39,7248888;"SPRF-BA";"DEL09/BA";"UOP02-DEL09-BA"
748093;2026-01-26;"segunda-feira";"08:53:00";"RS";101;86;"OSORIO";"Ausência de reação do condutor";"Colisão traseira";"Com Vítimas Feridas";"Pleno dia";"Decrescente";"Céu Claro";"Múltipla";"Reta";"Não";3;0;0;1;1;1;1;3;-29,86955171;-50,25196759;"SPRF-RS";"DEL03/RS";"UOP01-DEL03-RS"
748095;2026-01-26;"segunda-feira";"08:00:00";"RJ";40;124;"RIO DE JANEIRO";"Demais falhas mecânicas ou elétricas";"Incêndio";"Sem Vítimas";"Pleno dia";"Decrescente";"Céu Claro";"Dupla";"Reta";"Não";1;0;0;0;1;0;0;1;-22,81384598;-43,28853607;"SPRF-RJ";"DEL01/RJ";"UOP02-DEL01-RJ"
748097;2026-01-26;"segunda-feira";"08:50:00";"SP";116;187;"SANTA ISABEL";"Acessar a via sem observar a presença dos outros veículos";"Colisão traseira";"Com Vítimas Feridas";"Pleno dia";"Crescente";"Céu Claro";"Múltipla";"Reta";"Sim";2;0;0;1;1;0;1;2;-23,3685033;-46,2345965;"SPRF-SP";"DEL01/SP";"UOP01-DEL01-SP"
748098;2026-01-26;"segunda-feira";"09:15:00";"SC";282;18;"PALHOCA";"Ausência de reação do condutor";"Colisão traseira";"Com Vítimas Feridas";"Pleno dia";"Crescente";"Céu Claro";"Simples";"Reta";"Sim";2;0;1;0;1;0;1;2;-27,672927;-48,694433;"SPRF-SC";"DEL01/SC";"UOP02-DEL01-SC"
748099;2026-01-26;"segunda-feira";"07:10:00";"PR";277;533;"GUARANIACU";"Reação tardia ou ineficiente do condutor";"Saída de leito carroçável";"Com Vítimas Feridas";"Pleno dia";"Decrescente";"Sol";"Simples";"Reta";"Não";3;0;2;0;1;0;2;2;-25,094803;-52,960456;"SPRF-PR";"DEL04/PR";"UOP04-DEL04-PR"
748100;2026-01-26;"segunda-feira";"07:00:00";"GO";70;1;"AGUAS LINDAS DE GOIAS";"Manobra de mudança de faixa";"Colisão lateral mesmo sentido";"Com Vítimas Feridas";"Pleno dia";"Decrescente";"Céu Claro";"Dupla";"Reta";"Sim";3;0;1;0;2;0;1;2;-15,76223382;-48,23701501;"SPRF-DF";"DEL03-DF";"UOP02-DEL03-DF"
748101;2026-01-21;"quarta-feira";"15:50:00";"SC";282;625;"IRACEMINHA";"Condutor deixou de manter distância do veículo da frente";"Colisão traseira";"Com Vítimas Feridas";"Pleno dia";"Decrescente";"Céu Claro";"Simples";"Reta";"Não";2;0;0;1;1;0;1;2;-26,80021566;-53,35119573;"SPRF-SC";"DEL07/SC";"UOP02-DEL07-SC"
748102;2026-01-26;"segunda-feira";"07:50:00";"DF";70;14;"BRASILIA";"Acessar a via sem observar a presença dos outros veículos";"Colisão transversal";"Com Vítimas Feridas";"Pleno dia";"Decrescente";"Nublado";"Dupla";"Curva";"Não";2;0;1;0;1;0;1;2;-15,79925771;-48,18183515;"SPRF-DF";"DEL03-DF";"UOP02-DEL03-DF"
748103;2026-01-26;"segunda-feira";"09:00:00";"PE";428;5,6;"CABROBO";"Animais na Pista";"Colisão traseira";"Com Vítimas Feridas";"Pleno dia";"Crescente";"Céu Claro";"Simples";"Declive;Reta";"Não";2;0;0;1;1;0;1;2;-8,525133;-39,272283;"SPRF-PE";"DEL05/PE";"UOP03-DEL05-PE"
748104;2026-01-26;"segunda-feira";"07:40:00";"RJ";493;7;"ITABORAI";"Pedestre cruzava a pista fora da faixa";"Atropelamento de Pedestre";"Com Vítimas Feridas";"Amanhecer";"Crescente";"Céu Claro";"Simples";"Reta";"Não";2;0;1;0;1;0;1;2;-22,7249002;-42,9513083;"SPRF-RJ";"DEL02/RJ";"UOP02-DEL02-RJ"
748105;2026-01-26;"segunda-feira";"09:00:00";"PE";101;80,9;"JABOATAO DOS GUARARAPES";"Ausência de reação do condutor";"Colisão com objeto";"Sem Vítimas";"Pleno dia";"Decrescente";"Céu Claro";"Dupla";"Reta";"Sim";1;0;0;0;0;1;0;1;-8,159;-34,9405;"SPRF-PE";"DEL01/PE";"UOP01-DEL01-PE"
748106;2026-01-26;"segunda-feira";"09:30:00";"PB";101;33,6;"MAMANGUAPE";"Ausência de reação do condutor";"Queda de ocupante de veículo";"Com Vítimas Feridas";"Pleno dia";"Crescente";"Céu Claro";"Dupla";"Reta";"Não";2;0;0;1;0;1;1;2;-6,782157;-35,133907;"SPRF-PB";"DEL01-PB";"UOP03-DEL01-PB"
748112;2026-01-25;"domingo";"16:25:00";"RJ";101;492;"ANGRA DOS REIS";"Velocidade Incompatível";"Tombamento";"Com Vítimas Fatais";"Pleno dia";"Decrescente";"Chuva";"Simples";"Curva;Aclive";"Não";3;1;1;0;1;0;1;2;-22,94574762;-44,33017731;"SPRF-RJ";"DEL03/RJ";"UOP03-DEL03-RJ"
748113;2026-01-15;"quinta-feira";"03:29:00";"MT";163;753;"SORRISO";"Ausência de reação do condutor";"Saída de leito carroçável";"Sem Vítimas";"Plena Noite";"Decrescente";"Céu Claro";"Dupla";"Reta";"Sim";1;0;0;0;1;0;0;1;-12,5428193;-55,7085628;"SPRF-MT";"DEL06/MT";"UOP01-DEL06-MT"
748117;2026-01-26;"segunda-feira";"07:00:00";"MG";116;400;"GOVERNADOR VALADARES";"Condutor Dormindo";"Colisão com objeto";"Com Vítimas Feridas";"Amanhecer";"Decrescente";"Céu Claro";"Simples";"Reta";"Não";4;0;0;4;0;0;4;1;-18,770665;-41,985642;"SPRF-MG";"DEL06/MG";"UOP01-DEL06-MG"
748118;2026-01-21;"quarta-feira";"03:20:00";"PR";153;2,7;"IMBITUVA";"Ausência de reação do condutor";"Colisão frontal";"Com Vítimas Feridas";"Plena Noite";"Decrescente";"Céu Claro";"Simples";"Reta";"Não";3;0;2;1;0;0;3;2;-25,205079;-50,597919;"SPRF-PR";"DEL07/PR";"UOP04-DEL07-PR"
748120;2026-01-25;"domingo";"17:00:00";"MA";316;76,5;"MARANHAOZINHO";"Afundamento ou ondulação no pavimento";"Colisão frontal";"Com Vítimas Fatais";"Pleno dia";"Crescente";"Céu Claro";"Simples";"Reta";"Não";2;1;0;0;1;0;0;2;-2,22496596;-45,86171151;"SPRF-MA";"DEL02-MA";"UOP02-DEL02-MA"
748121;2026-01-24;"sábado";"19:25:00";"RJ";116;140;"DUQUE DE CAXIAS";"Reação tardia ou ineficiente do condutor";"Colisão traseira";"Com Vítimas Feridas";"Plena Noite";"Decrescente";"Chuva";"Dupla";"Reta";"Sim";3;0;1;0;2;0;1;2;-22,647042;-43,213935;"SPRF-RJ";"DEL01/RJ";"UOP02-DEL01-RJ"
748122;2026-01-25;"domingo";"21:55:00";"MG";381;150;"GOVERNADOR VALADARES";"Ingestão de álcool pelo condutor";"Saída de leito carroçável";"Com Vítimas Feridas";"Plena Noite";"Decrescente";"Céu Claro";"Simples";"Reta";"Não";4;0;3;0;1;0;3;1;-18,875118;-41,992918;"SPRF-MG";"DEL06/MG";"UOP01-DEL06-MG"
748123;2026-01-26;"segunda-feira";"10:35:00";"PE";101;88;"JABOATAO DOS GUARARAPES";"Ausência de reação do condutor";"Colisão transversal";"Com Vítimas Feridas";"Pleno dia";"Decrescente";"Céu Claro";"Dupla";"Reta";"Não";3;0;0;1;2;0;1;2;-8,20016;-34,9786;"SPRF-PE";"DEL01/PE";"UOP01-DEL01-PE"
748124;2026-01-26;"segunda-feira";"10:00:00";"SC";470;54,5;"BLUMENAU";"Transitar no Acostamento";"Colisão transversal";"Com Vítimas Feridas";"Pleno dia";"Crescente";"Nublado";"Simples";"Reta;Rotatória";"Sim";2;0;0;1;1;0;1;2;-26,87405189;-49,11523668;"SPRF-SC";"DEL04/SC";"UOP01-DEL04-SC"
748126;2026-01-26;"segunda-feira";"09:50:00";"RO";364;430;"JARU";"Acessar a via sem observar a presença dos outros veículos";"Colisão transversal";"Sem Vítimas";"Pleno dia";"Decrescente";"Céu Claro";"Simples";"Reta;Interseção de Vias";"Não";3;0;0;0;3;0;0;2;-10,40642162;-62,51643419;"SPRF-RO";"DEL03-RO";"UOP02-DEL03-RO"
748130;2026-01-26;"segunda-feira";"10:30:00";"MA";222;674;"ACAILANDIA";"Acessar a via sem observar a presença dos outros veículos";"Colisão transversal";"Sem Vítimas";"Pleno dia";"Decrescente";"Céu Claro";"Simples";"Aclive";"Não";5;0;0;0;5;0;0;3;-4,954702;-47,489674;"SPRF-MA";"DEL04-MA";"UOP03-DEL04-MA"
748131;2026-01-25;"domingo";"19:00:00";"BA";110;369;"CATU";"Conversão proibida";"Colisão frontal";"Com Vítimas Feridas";"Plena Noite";"Crescente";"Céu Claro";"Simples";"Aclive;Reta";"Sim";2;0;1;1;0;0;2;2;-12,38359328;-38,38259557;"SPRF-BA";"DEL01/BA";"UOP04-DEL01-BA"
748132;2026-01-26;"segunda-feira";"10:41:00";"SC";101;253,1;"PAULO LOPES";"Ausência de reação do condutor";"Saída de leito carroçável";"Com Vítimas Fatais";"Pleno dia";"Crescente";"Céu Claro";"Simples";"Reta;Aclive";"Sim";3;1;0;0;1;1;0;2;-27,968278;-48,679849;"SPRF-SC";"DEL02/SC";"UOP03-DEL02-SC"
748133;2026-01-25;"domingo";"23:30:00";"RJ";101;563;"PARATY";"Velocidade Incompatível";"Colisão frontal";"Com Vítimas Fatais";"Plena Noite";"Crescente";"Chuva";"Simples";"Reta;Declive";"Não";4;1;3;0;0;0;3;2;-23,12840588;-44,71371413;"SPRF-RJ";"DEL03/RJ";"UOP04-DEL03-RJ"
748135;2026-01-26;"segunda-feira";"10:00:00";"PE";232;180;"BELO JARDIM";"Reação tardia ou ineficiente do condutor";"Colisão traseira";"Com Vítimas Feridas";"Pleno dia";"Crescente";"Céu Claro";"Simples";"Reta";"Sim";2;0;0;1;1;0;1;2;-8,343398;-36,423353;"SPRF-PE";"DEL03/PE";"UOP02-DEL03-PE"
748136;2026-01-26;"segunda-feira";"16:20:00";"MG";381;495;"BETIM";"Reação tardia ou ineficiente do condutor";"Tombamento";"Com Vítimas Fatais";"Pleno dia";"Crescente";"Chuva";"Múltipla";"Reta;Aclive";"Sim";2;1;0;0;1;0;0;2;-19,9720414;-44,183677;"SPRF-MG";"DEL01/MG";"UOP03-DEL01-MG"
748137;2026-01-26;"segunda-feira";"12:05:00";"SC";101;197;"BIGUACU";"Condutor deixou de manter distância do veículo da frente";"Colisão traseira";"Com Vítimas Feridas";"Pleno dia";"Crescente";"Céu Claro";"Múltipla";"Reta";"Sim";2;0;1;0;1;0;1;2;-27,52917;-48,63367;"SPRF-SC";"DEL01/SC";"UOP01-DEL01-SC"
748139;2026-01-26;"segunda-feira";"15:30:00";"PR";369;38;"ANDIRA";"Velocidade Incompatível";"Saída de leito carroçável";"Com Vítimas Feridas";"Pleno dia";"Crescente";"Céu Claro";"Simples";"Reta;Aclive";"Sim";2;0;0;2;0;0;2;1;-23,052542;-50,240376;"SPRF-PR";"DEL07/PR";"UOP05-DEL07-PR"
748140;2026-01-26;"segunda-feira";"13:40:00";"PR";277;3;"PARANAGUA";"Ausência de reação do condutor";"Colisão transversal";"Com Vítimas Feridas";"Pleno dia";"Crescente";"Céu Claro";"Dupla";"Reta;Interseção de Vias";"Sim";2;0;1;0;1;0;1;2;-25,54315599;-48,54016654;"SPRF-PR";"DEL01/PR";"UOP05-DEL01-PR"
748141;2026-01-26;"segunda-feira";"12:20:00";"MG";381;361;"SAO GONCALO DO RIO ABAIXO";"Acumulo de areia ou detritos sobre o pavimento";"Queda de ocupante de veículo";"Com Vítimas Feridas";"Pleno dia";"Crescente";"Céu Claro";"Simples";"Curva;Declive";"Não";1;0;1;0;0;0;1;1;-19,85612563;-43,24158311;"SPRF-MG";"DEL03/MG";"UOP01-DEL03-MG"
748145;2026-01-26;"segunda-feira";"10:45:00";"MG";116;515;"UBAPORANGA";"Pista Escorregadia";"Saída de leito carroçável";"Com Vítimas Feridas";"Pleno dia";"Crescente";"Céu Claro";"Simples";"Curva";"Não";1;0;1;0;0;0;1;1;-19,691612;-42,116985;"SPRF-MG";"DEL06/MG";"UOP02-DEL06-MG"
748146;2026-01-25;"domingo";"14:00:00";"SC";280;305;"PORTO UNIAO";"Ingestão de álcool pelo condutor";"Colisão traseira";"Sem Vítimas";"Pleno dia";"Decrescente";"Céu Claro";"Simples";"Reta";"Sim";5;0;0;0;5;0;0;2;-26,26525114;-51,06095351;"SPRF-SC";"DEL06/SC";"UOP04-DEL06-SC"
748147;2026-01-26;"segunda-feira";"15:17:00";"PE";101;67,7;"RECIFE";"Ausência de reação do condutor";"Colisão traseira";"Com Vítimas Feridas";"Pleno dia";"Crescente";"Céu Claro";"Dupla";"Reta";"Sim";3;0;1;0;2;0;1;2;-8,048813;-34,945624;"SPRF-PE";"DEL01/PE";"UOP01-DEL01-PE"
748148;2026-01-26;"segunda-feira";"13:49:00";"MG";365;705;"MONTE ALEGRE DE MINAS";"Velocidade Incompatível";"Saída de leito carroçável";"Com Vítimas Feridas";"Pleno dia";"Crescente";"Chuva";"Dupla";"Reta;Declive";"Não";3;0;1;0;0;2;1;2;-18,87976146;-49,0480512;"SPRF-MG";"DEL15/MG";"UOP03-DEL15-MG"
748153;2026-01-26;"segunda-feira";"17:00:00";"CE";116;34,1;"AQUIRAZ";"Condutor deixou de manter distância do veículo da frente";"Colisão traseira";"Sem Vítimas";"Pleno dia";"Decrescente";"Céu Claro";"Dupla";"Reta";"Sim";2;0;0;0;2;0;0;2;-4,0456597;-38,5076687;"SPRF-CE";"DEL01/CE";"UOP02-DEL01-CE"
748155;2026-01-26;"segunda-feira";"12:20:00";"BA";101;940,2;"MUCURI";"Acessar a via sem observar a presença dos outros veículos";"Colisão transversal";"Sem Vítimas";"Pleno dia";"Crescente";"Céu Claro";"Simples";"Reta";"Não";6;0;0;0;6;0;0;2;-18,055867;-39,873253;"SPRF-BA";"DEL09/BA";"UOP02-DEL09-BA"
748157;2026-01-26;"segunda-feira";"15:00:00";"MG";381;498;"BETIM";"Reação tardia ou ineficiente do condutor";"Colisão lateral mesmo sentido";"Com Vítimas Feridas";"Pleno dia";"Crescente";"Nublado";"Múltipla";"Reta";"Não";2;0;1;0;1;0;1;2;-19,992253;-44,20757;"SPRF-MG";"DEL01/MG";"UOP03-DEL01-MG"
748158;2026-01-26;"segunda-feira";"11:00:00";"AP";156;767;"OIAPOQUE";"Condutor Dormindo";"Saída de leito carroçável";"Sem Vítimas";"Pleno dia";"Decrescente";"Nublado";"Simples";"Curva;Declive";"Não";2;0;0;0;0;2;0;2;3,579218;-51,782695;"SPRF-AP";"DEL01-AP";"UOP03-DEL01-AP"
748160;2026-01-26;"segunda-feira";"17:00:00";"SE";235;8;"NOSSA SENHORA DO SOCORRO";"Velocidade Incompatível";"Tombamento";"Com Vítimas Feridas";"Pleno dia";"Crescente";"Céu Claro";"Simples";"Viaduto;Curva;Declive";"Não";1;0;1;0;0;0;1;1;-10,88409304;-37,13421822;"SPRF-SE";"DEL01-SE";"UOP01-DEL01-SE"
748162;2026-01-26;"segunda-feira";"16:30:00";"GO";70;312;"JUSSARA";"Demais falhas mecânicas ou elétricas";"Incêndio";"Sem Vítimas";"Pleno dia";"Crescente";"Céu Claro";"Simples";"Reta";"Não";1;0;0;0;0;1;0;1;-15,870435;-50,810497;"SPRF-GO";"DEL04/GO";"UOP02-DEL04-GO"
748163;2026-01-26;"segunda-feira";"10:43:00";"PI";343;4,3;"TERESINA";"Reação tardia ou ineficiente do condutor";"Colisão traseira";"Com Vítimas Feridas";"Pleno dia";"Crescente";"Sol";"Dupla";"Reta";"Sim";4;0;1;0;2;1;1;4;-5,080145;-42,788375;"SPRF-PI";"DEL01-PI";"UOP01-DEL01-PI"
748164;2026-01-26;"segunda-feira";"17:00:00";"RJ";40;73,8;"PETROPOLIS";"Reação tardia ou ineficiente do condutor";"Colisão lateral mesmo sentido";"Com Vítimas Feridas";"Pleno dia";"Crescente";"Nublado";"Simples";"Curva;Interseção de Vias";"Sim";3;0;2;0;1;0;2;2;-22,47207797;-43,22307441;"SPRF-RJ";"DEL01/RJ";"UOP01-DEL01-RJ"
748165;2026-01-26;"segunda-feira";"11:25:00";"SC";101;81,6;"BARRA VELHA";"Condutor Dormindo";"Colisão traseira";"Com Vítimas Feridas";"Pleno dia";"Decrescente";"Céu Claro";"Simples";"Reta";"Não";2;0;2;0;0;0;2;2;-26,64500431;-48,68765867;"SPRF-SC";"DEL03/SC";"UOP02-DEL03-SC"
748170;2026-01-26;"segunda-feira";"13:20:00";"SC";280;11,8;"SAO FRANCISCO DO SUL";"Ultrapassagem Indevida";"Colisão lateral mesmo sentido";"Com Vítimas Feridas";"Pleno dia";"Crescente";"Céu Claro";"Simples";"Reta;Declive";"Não";3;0;1;0;2;0;1;2;-26,31116469;-48,64363644;"SPRF-SC";"DEL03/SC";"UOP03-DEL03-SC"
748172;2026-01-26;"segunda-feira";"16:05:00";"SC";101;107,2;"PENHA";"Mal súbito do condutor";"Colisão lateral mesmo sentido";"Sem Vítimas";"Pleno dia";"Decrescente";"Céu Claro";"Dupla";"Curva";"Sim";2;0;0;0;1;1;0;2;-26,818429;-48,683411;"SPRF-SC";"DEL03/SC";"UOP02-DEL03-SC"
748173;2026-01-26;"segunda-feira";"06:21:00";"RJ";101;308;"SAO GONCALO";"Ausência de reação do condutor";"Colisão lateral mesmo sentido";"Com Vítimas Feridas";"Pleno dia";"Crescente";"Céu Claro";"Dupla";"Reta";"Sim";3;0;2;0;1;0;2;2;-22,79380121;-43,02894042;"SPRF-RJ";"DEL02/RJ";"UOP02-DEL02-RJ"
748174;2026-01-26;"segunda-feira";"17:17:00";"SC";470;63;"INDAIAL";"Conversão proibida";"Colisão transversal";"Com Vítimas Feridas";"Pleno dia";"Crescente";"Nublado";"Simples";"Reta";"Sim";3;0;2;0;1;0;2;2;-26,87216656;-49,19267742;"SPRF-SC";"DEL04/SC";"UOP01-DEL04-SC"
748175;2026-01-26;"segunda-feira";"16:15:00";"SP";116;202;"ARUJA";"Ausência de reação do condutor";"Saída de leito carroçável";"Com Vítimas Feridas";"Pleno dia";"Decrescente";"Nublado";"Dupla";"Reta";"Não";1;0;1;0;0;0;1;1;-23,40941541;-46,34168236;"SPRF-SP";"DEL01/SP";"UOP01-DEL01-SP"
748177;2026-01-26;"segunda-feira";"17:00:00";"BA";135;150;"RIACHAO DAS NEVES";"Condutor deixou de manter distância do veículo da frente";"Colisão traseira";"Com Vítimas Feridas";"Anoitecer";"Crescente";"Céu Claro";"Simples";"Curva";"Não";6;0;1;0;5;0;1;4;-11,96248;-44,91366;"SPRF-BA";"DEL10/BA";"UOP01-DEL10-BA"
748178;2026-01-26;"segunda-feira";"15:10:00";"MG";116;702,1;"MURIAE";"Condutor deixou de manter distância do veículo da frente";"Engavetamento";"Com Vítimas Feridas";"Pleno dia";"Crescente";"Nublado";"Simples";"Reta";"Sim";4;0;1;0;3;0;1;4;-21,124;-42,381;"SPRF-MG";"DEL07/MG";"UOP02-DEL07-MG"
748179;2026-01-26;"segunda-feira";"11:31:00";"RO";364;424;"JARU";"Acessar a via sem observar a presença dos outros veículos";"Colisão transversal";"Com Vítimas Feridas";"Pleno dia";"Crescente";"Céu Claro";"Simples";"Reta";"Sim";2;0;0;1;1;0;1;2;-10,43982283;-62,46923653;"SPRF-RO";"DEL03-RO";"UOP02-DEL03-RO"
748181;2026-01-26;"segunda-feira";"15:45:00";"GO";153;412;"ANAPOLIS";"Demais Fenômenos da natureza";"Colisão com objeto";"Com Vítimas Feridas";"Pleno dia";"Crescente";"Chuva";"Simples";"Reta";"Não";29;0;5;0;24;0;5;1;-16,13041569;-49,04677439;"SPRF-GO";"DEL02/GO";"UOP02-DEL02-GO"
748184;2026-01-26;"segunda-feira";"18:15:00";"SC";101;197;"BIGUACU";"Reação tardia ou ineficiente do condutor";"Tombamento";"Com Vítimas Feridas";"Pleno dia";"Crescente";"Céu Claro";"Dupla";"Reta";"Sim";2;0;2;0;0;0;2;2;-27,51891;-48,63823;"SPRF-SC";"DEL01/SC";"UOP01-DEL01-SC"
748186;2026-01-26;"segunda-feira";"15:30:00";"MT";364;354;"SANTO ANTONIO DO LEVERGER";"Reação tardia ou ineficiente do condutor";"Saída de leito carroçável";"Com Vítimas Fatais";"Pleno dia";"Crescente";"Céu Claro";"Dupla";"Reta";"Não";3;2;0;1;0;0;1;1;-15,777383;-55,614496;"SPRF-MT";"DEL05/MT";"UOP02-DEL05-MT"
748189;2026-01-26;"segunda-feira";"18:29:00";"PE";116;26;"SALGUEIRO";"Entrada inopinada do pedestre";"Atropelamento de Pedestre";"Com Vítimas Feridas";"Plena Noite";"Decrescente";"Céu Claro";"Simples";"Reta";"Não";2;0;1;0;1;0;1;2;-8,070198;-39,134043;"SPRF-PE";"DEL05/PE";"UOP01-DEL05-PE"
748190;2026-01-26;"segunda-feira";"16:52:00";"PE";104;68;"CARUARU";"Transitar na contramão";"Colisão frontal";"Com Vítimas Feridas";"Pleno dia";"Crescente";"Nublado";"Dupla";"Interseção de Vias";"Sim";2;0;1;1;0;0;2;2;-8,30176582;-35,98878367;"SPRF-PE";"DEL02/PE";"UOP01-DEL02-PE"
748191;2026-01-26;"segunda-feira";"17:00:00";"SP";116;143,3;"SAO JOSE DOS CAMPOS";"Ausência de reação do condutor";"Colisão lateral mesmo sentido";"Com Vítimas Feridas";"Pleno dia";"Crescente";"Garoa/Chuvisco";"Dupla";"Reta";"Sim";2;0;1;0;1;0;1;2;-23,17698176;-45,83481512;"SPRF-SP";"DEL02/SP";"UOP01-DEL02-SP"
748192;2026-01-26;"segunda-feira";"15:10:00";"PR";153;16,4;"JACAREZINHO";"Velocidade Incompatível";"Queda de ocupante de veículo";"Com Vítimas Feridas";"Pleno dia";"Decrescente";"Céu Claro";"Simples";"Curva;Declive";"Não";1;0;1;0;0;0;1;1;-23,134353;-49,94509;"SPRF-PR";"DEL07/PR";"UOP04-DEL07-PR"
748193;2026-01-26;"segunda-feira";"01:00:00";"AL";104;46,8;"BRANQUINHA";"Pedestre andava na pista";"Atropelamento de Pedestre";"Com Vítimas Fatais";"Plena Noite";"Crescente";"Céu Claro";"Simples";"Curva";"Não";2;1;0;0;0;1;0;2;-9,245487;-36,007405;"SPRF-AL";"DEL01-AL";"UOP02-DEL01-AL"
748194;2026-01-26;"segunda-feira";"18:41:00";"DF";70;6,8;"BRASILIA";"Manobra de mudança de faixa";"Colisão lateral mesmo sentido";"Com Vítimas Feridas";"Anoitecer";"Crescente";"Céu Claro";"Dupla";"Reta;Declive";"Sim";5;0;1;1;1;2;2;5;-15,787033;-48,115955;"SPRF-DF";"DEL03-DF";"UOP02-DEL03-DF"
748196;2026-01-26;"segunda-feira";"15:20:00";"CE";222;315,8;"TIANGUA";"Condutor deixou de manter distância do veículo da frente";"Engavetamento";"Com Vítimas Feridas";"Pleno dia";"Decrescente";"Céu Claro";"Simples";"Reta";"Não";4;0;1;0;3;0;1;4;-3,746;-41,011;"SPRF-CE";"DEL04/CE";"UOP02-DEL04-CE"
748197;2026-01-26;"segunda-feira";"18:10:00";"PR";163;216;"CASCAVEL";"Ausência de reação do condutor";"Colisão com objeto";"Sem Vítimas";"Pleno dia";"Decrescente";"Céu Claro";"Dupla";"Reta";"Não";2;0;0;0;2;0;0;2;-24,87915;-53,5603;"SPRF-PR";"DEL04/PR";"UOP01-DEL04-PR"
748199;2026-01-26;"segunda-feira";"19:10:00";"RJ";40;114;"DUQUE DE CAXIAS";"Avarias e/ou desgaste excessivo no pneu";"Queda de ocupante de veículo";"Com Vítimas Feridas";"Plena Noite";"Decrescente";"Nublado";"Dupla";"Reta";"Não";2;0;2;0;0;0;2;1;-22,74239078;-43,28800914;"SPRF-RJ";"DEL01/RJ";"UOP02-DEL01-RJ"
748200;2026-01-26;"segunda-feira";"13:30:00";"RN";101;80,7;"SAO GONCALO DO AMARANTE";"Reação tardia ou ineficiente do condutor";"Colisão traseira";"Com Vítimas Feridas";"Pleno dia";"Crescente";"Sol";"Dupla";"Interseção de Vias;Rotatória";"Sim";3;0;2;0;1;0;2;2;-5,76228454;-35,28729614;"SPRF-RN";"DEL02-RN";"UOP01-DEL02-RN"
748201;2026-01-26;"segunda-feira";"14:30:00";"GO";153;514,5;"APARECIDA DE GOIANIA";"Desrespeitar a preferência no cruzamento";"Colisão transversal";"Com Vítimas Feridas";"Pleno dia";"Decrescente";"Céu Claro";"Dupla";"Interseção de Vias";"Sim";2;0;1;0;1;0;1;2;-16,826689;-49,242174;"SPRF-GO";"DEL01/GO";"UOP03-DEL01-GO"
748202;2026-01-26;"segunda-feira";"19:30:00";"RN";304;304,8;"PARNAMIRIM";"Condutor Dormindo";"Tombamento";"Com Vítimas Fatais";"Plena Noite";"Decrescente";"Céu Claro";"Dupla";"Reta";"Não";1;1;0;0;0;0;0;1;-5,887422;-35,27276;"SPRF-RN";"DEL01-RN";"UOP02-DEL01-RN"
748204;2026-01-26;"segunda-feira";"17:30:00";"RJ";116;147;"DUQUE DE CAXIAS";"Ausência de reação do condutor";"Colisão lateral mesmo sentido";"Com Vítimas Feridas";"Anoitecer";"Crescente";"Nublado";"Múltipla";"Reta";"Sim";2;0;1;0;1;0;1;2;-22,66825379;-43,27289542;"SPRF-RJ";"DEL01/RJ";"UOP02-DEL01-RJ"
748205;2026-01-26;"segunda-feira";"20:05:00";"PR";376;124,7;"ALTO PARANA";"Reação tardia ou ineficiente do condutor";"Saída de leito carroçável";"Com Vítimas Feridas";"Plena Noite";"Crescente";"Céu Claro";"Dupla";"Aclive;Reta";"Não";2;0;1;1;0;0;2;1;-23,14087747;-52,28588669;"SPRF-PR";"DEL09/PR";"UOP02-DEL09-PR"
748206;2026-01-26;"segunda-feira";"20:15:00";"RN";304;305;"PARNAMIRIM";"Reação tardia ou ineficiente do condutor";"Colisão traseira";"Com Vítimas Feridas";"Plena Noite";"Decrescente";"Céu Claro";"Dupla";"Reta";"Sim";2;0;0;1;1;0;1;2;-5,89001729;-35,26483722;"SPRF-RN";"DEL01-RN";"UOP02-DEL01-RN"
748210;2026-01-26;"segunda-feira";"20:00:00";"GO";60;187,8;"GUAPO";"Animais na Pista";"Atropelamento de Animal";"Com Vítimas Feridas";"Plena Noite";"Crescente";"Nublado";"Dupla";"Reta";"Sim";1;0;1;0;0;0;1;1;-16,827423;-49,536917;"SPRF-GO";"DEL01/GO";"UOP02-DEL01-GO"
748211;2026-01-26;"segunda-feira";"19:30:00";"TO";10;458;"PALMAS";"Chuva";"Engavetamento";"Com Vítimas Feridas";"Plena Noite";"Decrescente";"Chuva";"Dupla";"Reta";"Não";4;0;2;0;2;0;2;3;-10,27633679;-48,30223918;"SPRF-TO";"DEL01-TO";"UOP03-DEL01-TO"