"id";"data_inversa";"dia_semana";"horario";"uf";"br";"km";"municipio";"causa_acidente";"tipo_acidente";"classificacao_acidente";"fase_dia";"sentido_via";"condicao_metereologica";"tipo_pista";"tracado_via";"uso_solo";"pessoas";"mortos";"feridos_leves";"feridos_graves";"ilesos";"ignorados";"feridos";"veiculos";"latitude";"longitude";"regional";"delegacia";"uop"
748944;2026-01-30;"sexta-feira";"15:00:00";"PA";316;22;"BENEVIDES";"Reação tardia ou ineficiente do condutor";"Colisão traseira";"Com Vítimas Feridas";"Pleno dia";"Decrescente";"Nublado";"Dupla";"Reta;Retorno Regulamentado";"Sim";3;0;1;0;2;0;1;2;-1,35747844;-48,2597959;"SPRF-PA";"DEL01/PA";"UOP01-DEL01-PA"
748946;2026-01-30;"sexta-feira";"15:50:00";"PB";230;19;"JOAO PESSOA";"Demais falhas mecânicas ou elétricas";"Tombamento";"Com Vítimas Feridas";"Pleno dia";"Decrescente";"Céu Claro";"Dupla";"Reta";"Sim";2;0;2;0;0;0;2;1;-7,131203;-34,852365;"SPRF-PB";"DEL01-PB";"UOP01-DEL01-PB"
748947;2026-01-30;"sexta-feira";"15:00:00";"DF";20;6;"BRASILIA";"Acessar a via sem observar a presença dos outros veículos";"Colisão traseira";"Com Vítimas Feridas";"Pleno dia";"Crescente";"Nublado";"Dupla";"Reta";"Não";2;0;0;1;1;0;1;2;-15,663608;-47,802705;"SPRF-DF";"DEL02-DF";"UOP01-DEL02-DF"
748952;2026-01-30;"sexta-feira";"15:00:00";"MG";381;274;"JAGUARACU";"Mal súbito do condutor";"Colisão frontal";"Com Vítimas Feridas";"Pleno dia";"Decrescente";"Chuva";"Simples";"Reta";"Não";3;0;2;0;0;1;2;3;-19,5773034;-42,72084832;"SPRF-MG";"DEL03/MG";"UOP02-DEL03-MG"
748954;2026-01-30;"sexta-feira";"15:40:00";"PR";277;677,1;"MEDIANEIRA";"Manobra de mudança de faixa";"Colisão traseira";"Com Vítimas Feridas";"Pleno dia";"Decrescente";"Céu Claro";"Dupla";"Reta";"Sim";7;0;3;2;2;0;5;4;-25,301367;-54,127465;"SPRF-PR";"DEL05/PR";"UOP01-DEL05-PR"
748955;2026-01-30;"sexta-feira";"16:05:00";"PE";232;409;"SERRA TALHADA";"Acessar a via sem observar a presença dos outros veículos";"Atropelamento de Pedestre";"Com Vítimas Feridas";"Pleno dia";"Decrescente";"Céu Claro";"Simples";"Reta";"Sim";3;0;0;1;0;2;1;2;-7,981791;-38,292412;"SPRF-PE";"DEL04/PE";"UOP01-DEL04-PE"
748956;2026-01-30;"sexta-feira";"16:20:00";"ES";101;323;"GUARAPARI";"Demais falhas mecânicas ou elétricas";"Tombamento";"Com Vítimas Feridas";"Pleno dia";"Decrescente";"Céu Claro";"Dupla";"Reta";"Não";1;0;1;0;0;0;1;1;-20,5416113;-40,4825041;"SPRF-ES";"DEL03-ES";"UOP01-DEL03-ES"
748957;2026-01-30;"sexta-feira";"10:30:00";"MG";116;634,9;"DIVINO";"Ultrapassagem Indevida";"Colisão lateral mesmo sentido";"Com Vítimas Feridas";"Pleno dia";"Crescente";"Nublado";"Simples";"Aclive;Curva";"Não";3;0;1;0;2;0;1;2;-20,625896;-42,221587;"SPRF-MG";"DEL07/MG";"UOP02-DEL07-MG"
748958;2026-01-30;"sexta-feira";"16:40:00";"RJ";101;63,3;"CAMPOS DOS GOYTACAZES";"Reação tardia ou ineficiente do condutor";"Engavetamento";"Com Vítimas Feridas";"Pleno dia";"Decrescente";"Nublado";"Simples";"Ponte;Reta;Aclive";"Sim";5;0;1;0;2;2;1;5;-21,74358572;-41,33266926;"SPRF-RJ";"DEL08/RJ";"UOP02-DEL08-RJ"
748959;2026-01-30;"sexta-feira";"16:21:00";"PE";101;86;"JABOATAO DOS GUARARAPES";"Ausência de reação do condutor";"Tombamento";"Com Vítimas Feridas";"Pleno dia";"Crescente";"Céu Claro";"Dupla";"Reta";"Não";2;0;0;1;0;1;1;2;-8,18589;-34,97069;"SPRF-PE";"DEL01/PE";"UOP01-DEL01-PE"
748960;2026-01-30;"sexta-feira";"13:33:00";"RS";116;221;"DOIS IRMAOS";"Acessar a via sem observar a presença dos outros veículos";"Colisão lateral mesmo sentido";"Com Vítimas Feridas";"Pleno dia";"Decrescente";"Nublado";"Simples";"Aclive;Rotatória";"Sim";2;0;2;0;0;0;2;2;-29,57843467;-51,09550087;"SPRF-RS";"DEL01/RS";"UOP02-DEL01-RS"
748961;2026-01-30;"sexta-feira";"15:20:00";"RN";226;246;"JUCURUTU";"Ausência de reação do condutor";"Queda de ocupante de veículo";"Com Vítimas Feridas";"Pleno dia";"Crescente";"Céu Claro";"Simples";"Reta;Declive";"Sim";2;0;0;2;0;0;2;1;-6,030819;-37,017253;"SPRF-RN";"DEL03-RN";"UOP01-DEL03-RN"
748962;2026-01-30;"sexta-feira";"15:50:00";"SC";282;19,8;"PALHOCA";"Reação tardia ou ineficiente do condutor";"Tombamento";"Com Vítimas Feridas";"Pleno dia";"Decrescente";"Nublado";"Simples";"Reta";"Sim";2;0;0;1;1;0;1;2;-27,68335707;-48,7091732;"SPRF-SC";"DEL01/SC";"UOP02-DEL01-SC"
748965;2026-01-30;"sexta-feira";"16:50:00";"MG";381;707,1;"NEPOMUCENO";"Ausência de reação do condutor";"Colisão com objeto";"Com Vítimas Feridas";"Pleno dia";"Decrescente";"Nublado";"Dupla";"Curva;Declive";"Não";3;0;3;0;0;0;3;1;-21,333645;-45,171497;"SPRF-MG";"DEL04/MG";"UOP02-DEL04-MG"
748967;2026-01-22;"quinta-feira";"10:50:00";"MS";163;245;"DOURADOS";"Manobra de mudança de faixa";"Colisão lateral sentido oposto";"Com Vítimas Feridas";"Pleno dia";"Decrescente";"Céu Claro";"Simples";"Reta";"Não";4;0;1;0;3;0;1;2;-22,34576;-54,808788;"SPRF-MS";"DEL04/MS";"UOP02-DEL04-MS"
748968;2026-01-30;"sexta-feira";"15:30:00";"GO";60;344,7;"SANTO ANTONIO DA BARRA";"Acumulo de água sobre o pavimento";"Colisão com objeto";"Com Vítimas Feridas";"Pleno dia";"Decrescente";"Nublado";"Dupla";"Curva";"Não";1;0;1;0;0;0;1;1;-17,568383;-50,665053;"SPRF-GO";"DEL04/GO";"UOP02-DEL04-GO"
748970;2026-01-30;"sexta-feira";"17:14:00";"PR";376;652,1;"TIJUCAS DO SUL";"Reação tardia ou ineficiente do condutor";"Colisão com objeto";"Com Vítimas Feridas";"Pleno dia";"Decrescente";"Céu Claro";"Dupla";"Curva;Declive";"Não";1;0;1;0;0;0;1;1;-25,845;-49,061;"SPRF-PR";"DEL01/PR";"UOP04-DEL01-PR"
748974;2026-01-30;"sexta-feira";"16:40:00";"PR";376;221,5;"CAMBIRA";"Ausência de reação do condutor";"Saída de leito carroçável";"Com Vítimas Fatais";"Pleno dia";"Crescente";"Céu Claro";"Dupla";"Curva";"Não";1;1;0;0;0;0;0;1;-23,60166639;-51,59119606;"SPRF-PR";"DEL09/PR";"UOP01-DEL09-PR"
748977;2026-01-30;"sexta-feira";"17:50:00";"PE";407;126;"PETROLINA";"Ingestão de álcool pelo condutor";"Colisão traseira";"Com Vítimas Feridas";"Pleno dia";"Decrescente";"Céu Claro";"Múltipla";"Rotatória";"Sim";3;0;2;0;1;0;2;2;-9,38737;-40,5251;"SPRF-PE";"DEL06/PE";"UOP01-DEL06-PE"
748980;2026-01-30;"sexta-feira";"17:20:00";"MT";70;67;"GENERAL CARNEIRO";"Ausência de reação do condutor";"Colisão frontal";"Com Vítimas Feridas";"Pleno dia";"Crescente";"Céu Claro";"Simples";"Reta;Interseção de Vias";"Sim";2;0;0;1;1;0;1;2;-15,70778774;-52,76127648;"SPRF-MT";"DEL07/MT";"UOP01-DEL07-MT"
748981;2026-01-30;"sexta-feira";"17:40:00";"RS";116;37,3;"VACARIA";"Pedestre andava na pista";"Queda de ocupante de veículo";"Com Vítimas Feridas";"Pleno dia";"Decrescente";"Garoa/Chuvisco";"Múltipla";"Reta";"Sim";2;0;1;0;0;1;1;2;-28,50105;-50,919973;"SPRF-RS";"DEL05/RS";"UOP03-DEL05-RS"
748984;2026-01-30;"sexta-feira";"17:50:00";"RS";158;350,4;"SANTA MARIA";"Acessar a via sem observar a presença dos outros veículos";"Colisão transversal";"Com Vítimas Feridas";"Pleno dia";"Crescente";"Céu Claro";"Simples";"Reta;Interseção de Vias";"Não";5;0;1;3;0;1;4;3;-29,75950192;-54,03606163;"SPRF-RS";"DEL09/RS";"UOP01-DEL09-RS"
748986;2026-01-30;"sexta-feira";"18:30:00";"MG";381;877;"POUSO ALEGRE";"Ausência de reação do condutor";"Capotamento";"Com Vítimas Feridas";"Anoitecer";"Decrescente";"Chuva";"Dupla";"Reta";"Não";4;0;3;0;1;0;3;1;-22,38595225;-45,95066071;"SPRF-MG";"DEL16/MG";"UOP01-DEL16-MG"
748987;2026-01-30;"sexta-feira";"17:21:00";"MG";381;529;"RIO MANSO";"Velocidade Incompatível";"Saída de leito carroçável";"Com Vítimas Feridas";"Pleno dia";"Crescente";"Chuva";"Dupla";"Curva;Declive";"Não";2;0;2;0;0;0;2;1;-20,16241011;-44,34149981;"SPRF-MG";"DEL04/MG";"UOP03-DEL04-MG"
748988;2026-01-30;"sexta-feira";"16:00:00";"MG";381;885;"ESTIVA";"Ausência de reação do condutor";"Saída de leito carroçável";"Com Vítimas Feridas";"Pleno dia";"Crescente";"Chuva";"Dupla";"Curva";"Não";2;0;2;0;0;0;2;1;-22,49802795;-46,01107836;"SPRF-MG";"DEL16/MG";"UOP01-DEL16-MG"
748989;2026-01-30;"sexta-feira";"17:30:00";"PR";376;675,2;"GUARATUBA";"Animais na Pista";"Atropelamento de Animal";"Com Vítimas Feridas";"Pleno dia";"Crescente";"Nublado";"Simples";"Aclive;Reta";"Não";2;0;2;0;0;0;2;1;-25,93015588;-48,91249403;"SPRF-PR";"DEL01/PR";"UOP04-DEL01-PR"
748990;2026-01-30;"sexta-feira";"18:00:00";"RS";290;102,8;"ELDORADO DO SUL";"Condutor deixou de manter distância do veículo da frente";"Engavetamento";"Com Vítimas Feridas";"Pleno dia";"Crescente";"Céu Claro";"Dupla";"Reta;Aclive;Ponte";"Não";5;0;1;0;4;0;1;4;-29,99132553;-51,27041885;"SPRF-RS";"DEL01/RS";"UOP01-DEL01-RS"
748991;2026-01-30;"sexta-feira";"17:50:00";"PR";116;18;"CURITIBA";"Ausência de reação do condutor";"Colisão traseira";"Com Vítimas Feridas";"Anoitecer";"Crescente";"Nublado";"Dupla";"Reta";"Sim";3;0;2;0;1;0;2;2;-25,38888654;-49,19835297;"SPRF-PR";"DEL01/PR";"UOP02-DEL01-PR"
748994;2026-01-30;"sexta-feira";"19:05:00";"SP";116;506;"CAJATI";"Ausência de reação do condutor";"Saída de leito carroçável";"Com Vítimas Feridas";"Plena Noite";"Crescente";"Chuva";"Simples";"Curva;Declive";"Não";6;0;0;1;4;1;1;2;-24,78143563;-48,18388939;"SPRF-SP";"DEL05/SP";"UOP02-DEL05-SP"
748995;2026-01-30;"sexta-feira";"18:20:00";"GO";153;498;"GOIANIA";"Trafegar com motocicleta (ou similar) entre as faixas";"Colisão transversal";"Com Vítimas Feridas";"Anoitecer";"Crescente";"Garoa/Chuvisco";"Dupla";"Reta";"Não";4;0;1;1;2;0;2;2;-16,692897;-49,23225;"SPRF-GO";"DEL01/GO";"UOP01-DEL01-GO"
748996;2026-01-30;"sexta-feira";"18:45:00";"SC";101;38,8;"JOINVILLE";"Ausência de reação do condutor";"Tombamento";"Com Vítimas Feridas";"Anoitecer";"Decrescente";"Nublado";"Dupla";"Reta";"Sim";1;0;1;0;0;0;1;1;-26,29286914;-48,88450116;"SPRF-SC";"DEL03/SC";"UOP01-DEL03-SC"
748997;2026-01-30;"sexta-feira";"12:00:00";"MA";135;253;"CAPINZAL DO NORTE";"Demais falhas mecânicas ou elétricas";"Incêndio";"Sem Vítimas";"Pleno dia";"Crescente";"Céu Claro";"Simples";"Reta";"Sim";1;0;0;0;0;1;0;1;-4,603832;-44,3453;"SPRF-MA";"DEL03-MA";"UOP01-DEL03-MA"
748998;2026-01-30;"sexta-feira";"19:10:00";"RS";386;52,1;"SEBERI";"Reação tardia ou ineficiente do condutor";"Tombamento";"Com Vítimas Feridas";"Anoitecer";"Crescente";"Céu Claro";"Simples";"Reta";"Sim";1;0;0;1;0;0;1;1;-27,487422;-53,389853;"SPRF-RS";"DEL08/RS";"UOP02-DEL08-RS"
748999;2026-01-30;"sexta-feira";"16:36:00";"RO";364;737;"PORTO VELHO";"Demais falhas mecânicas ou elétricas";"Queda de ocupante de veículo";"Com Vítimas Feridas";"Pleno dia";"Crescente";"Céu Claro";"Simples";"Reta";"Não";1;0;1;0;0;0;1;1;-9,019147;-64,01041;"SPRF-RO";"DEL01-RO";"UOP02-DEL01-RO"
749000;2026-01-30;"sexta-feira";"19:30:00";"RS";290;101;"PORTO ALEGRE";"Manobra de mudança de faixa";"Colisão lateral mesmo sentido";"Com Vítimas Feridas";"Anoitecer";"Crescente";"Céu Claro";"Dupla";"Reta";"Não";2;0;1;0;0;1;1;2;-29,98719546;-51,25650853;"SPRF-RS";"DEL01/RS";"UOP01-DEL01-RS"
749001;2026-01-30;"sexta-feira";"16:20:00";"BA";242;348;"LENCOIS";"Acessar a via sem observar a presença dos outros veículos";"Atropelamento de Pedestre";"Com Vítimas Feridas";"Pleno dia";"Decrescente";"Céu Claro";"Simples";"Reta";"Não";3;0;1;0;2;0;1;2;-12,50228048;-41,28284454;"SPRF-BA";"DEL06/BA";"UOP02-DEL06-BA"
749002;2026-01-30;"sexta-feira";"19:15:00";"MS";163;615;"SAO GABRIEL DO OESTE";"Acessar a via sem observar a presença dos outros veículos";"Colisão transversal";"Com Vítimas Feridas";"Plena Noite";"Crescente";"Céu Claro";"Simples";"Reta;Interseção de Vias";"Não";2;0;1;0;1;0;1;2;-19,38923503;-54,57158625;"SPRF-MS";"DEL06/MS";"UOP02-DEL06-MS"
749003;2026-01-30;"sexta-feira";"17:45:00";"CE";116;305;"JAGUARIBE";"Transitar na contramão";"Colisão frontal";"Com Vítimas Feridas";"Anoitecer";"Decrescente";"Céu Claro";"Simples";"Curva";"Sim";2;0;0;1;1;0;1;2;-5,88025314;-38,61544132;"SPRF-CE";"DEL05/CE";"UOP02-DEL05-CE"
749004;2026-01-30;"sexta-feira";"18:00:00";"RO";435;85;"COLORADO DO OESTE";"Condutor deixou de manter distância do veículo da frente";"Colisão traseira";"Com Vítimas Feridas";"Plena Noite";"Crescente";"Nublado";"Simples";"Reta;Aclive";"Sim";2;0;1;0;1;0;1;2;-13,1280892;-60,54389477;"SPRF-RO";"DEL04-RO";"UOP02-DEL04-RO"
749005;2026-01-30;"sexta-feira";"17:35:00";"RJ";101;328;"NITEROI";"Demais falhas mecânicas ou elétricas";"Queda de ocupante de veículo";"Com Vítimas Feridas";"Anoitecer";"Crescente";"Chuva";"Múltipla";"Reta";"Sim";1;0;1;0;0;0;1;1;-22,86986163;-43,16885658;"SPRF-RJ";"DEL02/RJ";"UOP01-DEL02-RJ"
749006;2026-01-30;"sexta-feira";"20:30:00";"ES";101;147,2;"LINHARES";"Ausência de reação do condutor";"Colisão traseira";"Com Vítimas Feridas";"Plena Noite";"Decrescente";"Chuva";"Dupla";"Reta";"Sim";2;0;1;0;1;0;1;2;-19,4222549;-40,0779332;"SPRF-ES";"DEL04-ES";"UOP01-DEL04-ES"
749008;2026-01-30;"sexta-feira";"18:40:00";"RJ";116;77;"TERESOPOLIS";"Ingestão de álcool pelo condutor";"Queda de ocupante de veículo";"Com Vítimas Feridas";"Plena Noite";"Decrescente";"Chuva";"Simples";"Curva;Aclive";"Sim";1;0;1;0;0;0;1;1;-22,37163559;-42,95083221;"SPRF-RJ";"DEL04/RJ";"UOP01-DEL04-RJ"
749009;2026-01-30;"sexta-feira";"18:40:00";"CE";222;56,9;"SAO GONCALO DO AMARANTE";"Animais na Pista";"Atropelamento de Animal";"Com Vítimas Feridas";"Plena Noite";"Decrescente";"Céu Claro";"Simples";"Reta";"Não";5;0;2;0;3;0;2;1;-3,670033;-39,057003;"SPRF-CE";"DEL01/CE";"UOP03-DEL01-CE"
749010;2026-01-30;"sexta-feira";"20:10:00";"SC";101;404,8;"ARARANGUA";"Ausência de reação do condutor";"Saída de leito carroçável";"Com Vítimas Feridas";"Plena Noite";"Decrescente";"Nublado";"Dupla";"Reta";"Não";4;0;1;0;3;0;1;1;-28,90015665;-49,47481362;"SPRF-SC";"DEL02/SC";"UOP02-DEL02-SC"
749011;2026-01-30;"sexta-feira";"19:50:00";"RJ";116;78;"TERESOPOLIS";"Ausência de reação do condutor";"Colisão lateral sentido oposto";"Com Vítimas Feridas";"Plena Noite";"Crescente";"Chuva";"Simples";"Curva";"Não";2;0;1;0;1;0;1;2;-22,37896818;-42,95207977;"SPRF-RJ";"DEL04/RJ";"UOP01-DEL04-RJ"
749014;2026-01-30;"sexta-feira";"21:10:00";"MG";40;516;"RIBEIRAO DAS NEVES";"Ausência de reação do condutor";"Tombamento";"Com Vítimas Feridas";"Plena Noite";"Decrescente";"Chuva";"Dupla";"Reta";"Sim";1;0;1;0;0;0;1;1;-19,8226806;-44,0837035;"SPRF-MG";"DEL01/MG";"UOP02-DEL01-MG"
749015;2026-01-30;"sexta-feira";"16:00:00";"PB";230;1,4;"PATOS";"Condutor deixou de manter distância do veículo da frente";"Colisão lateral mesmo sentido";"Com Vítimas Feridas";"Pleno dia";"Crescente";"Sol";"Simples";"Reta;Interseção de Vias";"Sim";2;0;2;0;0;0;2;2;-7,01205156;-37,28815377;"SPRF-PB";"DEL03-PB";"UOP01-DEL03-PB"
749016;2026-01-30;"sexta-feira";"19:10:00";"RN";101;151;"GOIANINHA";"Reação tardia ou ineficiente do condutor";"Tombamento";"Com Vítimas Feridas";"Plena Noite";"Crescente";"Céu Claro";"Dupla";"Reta";"Não";3;0;2;0;0;1;2;1;-6,3216;-35,181072;"SPRF-RN";"DEL01-RN";"UOP01-DEL01-RN"
749017;2026-01-30;"sexta-feira";"21:00:00";"RJ";116;192;"RIO DE JANEIRO";"Deficiência do Sistema de Iluminação/Sinalização";"Colisão traseira";"Com Vítimas Feridas";"Plena Noite";"Crescente";"Garoa/Chuvisco";"Dupla";"Reta";"Não";2;0;1;0;1;0;1;2;-22,804813;-43,345192;"SPRF-RJ";"DEL06/RJ";"UOP01-DEL06-RJ"
749018;2026-01-30;"sexta-feira";"18:30:00";"RJ";101;528;"ANGRA DOS REIS";"Acumulo de água sobre o pavimento";"Colisão com objeto";"Com Vítimas Feridas";"Plena Noite";"Crescente";"Chuva";"Simples";"Reta;Aclive";"Sim";1;0;1;0;0;0;1;1;-23,02570632;-44,50362537;"SPRF-RJ";"DEL03/RJ";"UOP03-DEL03-RJ"
749019;2026-01-30;"sexta-feira";"19:00:00";"RJ";40;105;"DUQUE DE CAXIAS";"Pedestre andava na pista";"Atropelamento de Pedestre";"Com Vítimas Feridas";"Plena Noite";"Decrescente";"Céu Claro";"Dupla";"Reta";"Sim";2;0;1;0;1;0;1;2;-22,64416093;-43,28340445;"SPRF-RJ";"DEL01/RJ";"UOP02-DEL01-RJ"
749020;2026-01-30;"sexta-feira";"17:30:00";"AP";210;2;"MACAPA";"Entrada inopinada do pedestre";"Atropelamento de Pedestre";"Com Vítimas Feridas";"Pleno dia";"Decrescente";"Céu Claro";"Simples";"Curva";"Sim";2;0;1;0;1;0;1;2;0,084995;-51,0817216;"SPRF-AP";"DEL01-AP";"UOP01-DEL01-AP"
749022;2026-01-30;"sexta-feira";"19:35:00";"MA";135;13;"SAO LUIS";"Acessar a via sem observar a presença dos outros veículos";"Colisão transversal";"Com Vítimas Feridas";"Plena Noite";"Crescente";"Céu Claro";"Dupla";"Curva;Aclive";"Sim";2;0;1;0;1;0;1;2;-2,683937;-44,296708;"SPRF-MA";"DEL01-MA";"UOP01-DEL01-MA"
749024;2026-01-30;"sexta-feira";"19:15:00";"RO";364;195,6;"PIMENTA BUENO";"Acessar a via sem observar a presença dos outros veículos";"Colisão lateral sentido oposto";"Com Vítimas Feridas";"Plena Noite";"Crescente";"Nublado";"Simples";"Curva";"Sim";2;0;0;2;0;0;2;2;-11,688928;-61,182145;"SPRF-RO";"DEL02-RO";"UOP02-DEL02-RO"
749025;2026-01-30;"sexta-feira";"21:20:00";"PE";101;72,6;"RECIFE";"Iluminação deficiente";"Colisão lateral mesmo sentido";"Com Vítimas Feridas";"Plena Noite";"Decrescente";"Céu Claro";"Simples";"Reta;Interseção de Vias";"Sim";2;0;2;0;0;0;2;2;-8,09026;-34,94647;"SPRF-PE";"DEL01/PE";"UOP01-DEL01-PE"
749026;2026-01-30;"sexta-feira";"21:10:00";"SP";116;226;"GUARULHOS";"Ausência de reação do condutor";"Queda de ocupante de veículo";"Com Vítimas Feridas";"Plena Noite";"Decrescente";"Nublado";"Múltipla";"Reta";"Sim";1;0;1;0;0;0;1;1;-23,49438635;-46,55340521;"SPRF-SP";"DEL01/SP";"UOP01-DEL01-SP"
749027;2026-01-30;"sexta-feira";"19:10:00";"PE";407;10;"AFRANIO";"Acessar a via sem observar a presença dos outros veículos";"Colisão transversal";"Com Vítimas Feridas";"Plena Noite";"Crescente";"Céu Claro";"Simples";"Interseção de Vias";"Sim";2;0;1;0;1;0;1;2;-8,516558;-41,008457;"SPRF-PE";"DEL06/PE";"UOP02-DEL06-PE"
749030;2026-01-30;"sexta-feira";"19:55:00";"PE";116;21,1;"SALGUEIRO";"Animais na Pista";"Atropelamento de Animal";"Com Vítimas Feridas";"Plena Noite";"Decrescente";"Céu Claro";"Simples";"Declive";"Não";1;0;0;1;0;0;1;1;-8,028983;-39,143407;"SPRF-PE";"DEL05/PE";"UOP01-DEL05-PE"
749031;2026-01-30;"sexta-feira";"19:50:00";"MG";40;695,1;"ALFREDO VASCONCELOS";"Transitar na contramão";"Colisão lateral sentido oposto";"Com Vítimas Fatais";"Plena Noite";"Crescente";"Chuva";"Simples";"Reta";"Não";2;1;0;0;1;0;0;2;-21,1708216;-43,75634;"SPRF-MG";"DEL05/MG";"UOP02-DEL05-MG"
749033;2026-01-30;"sexta-feira";"21:40:00";"RJ";116;187;"NOVA IGUACU";"Demais falhas mecânicas ou elétricas";"Incêndio";"Sem Vítimas";"Plena Noite";"Decrescente";"Céu Claro";"Dupla";"Reta";"Não";1;0;0;0;1;0;0;1;-22,73920376;-43,47046344;"SPRF-RJ";"DEL06/RJ";"UOP01-DEL06-RJ"
749035;2026-01-30;"sexta-feira";"20:50:00";"RJ";116;178;"MESQUITA";"Ausência de reação do condutor";"Queda de ocupante de veículo";"Com Vítimas Feridas";"Plena Noite";"Decrescente";"Céu Claro";"Dupla";"Reta";"Sim";1;0;0;1;0;0;1;1;-22,773471;-43,40345263;"SPRF-RJ";"DEL06/RJ";"UOP01-DEL06-RJ"
749038;2026-01-30;"sexta-feira";"22:20:00";"SC";470;2;"NAVEGANTES";"Animais na Pista";"Atropelamento de Animal";"Com Vítimas Feridas";"Plena Noite";"Crescente";"Céu Claro";"Dupla";"Reta";"Não";2;0;0;1;1;0;1;1;-26,88961711;-48,66325378;"SPRF-SC";"DEL04/SC";"UOP04-DEL04-SC"
749040;2026-01-30;"sexta-feira";"20:33:00";"PI";316;306;"PICOS";"Transitar na contramão";"Colisão frontal";"Com Vítimas Feridas";"Plena Noite";"Crescente";"Céu Claro";"Simples";"Aclive";"Sim";3;0;1;1;1;0;2;2;-7,078937;-41,504167;"SPRF-PI";"DEL04-PI";"UOP01-DEL04-PI"
749041;2026-01-30;"sexta-feira";"23:00:00";"PR";369;100;"CORNELIO PROCOPIO";"Ausência de reação do condutor";"Colisão com objeto";"Com Vítimas Feridas";"Plena Noite";"Crescente";"Céu Claro";"Simples";"Retorno Regulamentado";"Não";1;0;1;0;0;0;1;1;-23,244158;-50,721378;"SPRF-PR";"DEL07/PR";"UOP05-DEL07-PR"
749042;2026-01-30;"sexta-feira";"23:00:00";"SC";101;24;"JOINVILLE";"Ingestão de álcool pelo condutor";"Colisão lateral mesmo sentido";"Com Vítimas Feridas";"Plena Noite";"Decrescente";"Nublado";"Dupla";"Interseção de Vias";"Não";4;0;2;0;2;0;2;3;-26,176243;-48,907945;"SPRF-SC";"DEL03/SC";"UOP01-DEL03-SC"
749045;2026-01-30;"sexta-feira";"22:00:00";"PR";153;375;"RIO AZUL";"Condutor Dormindo";"Saída de leito carroçável";"Sem Vítimas";"Plena Noite";"Decrescente";"Nublado";"Simples";"Reta";"Não";1;0;0;0;1;0;0;1;-25,769;-50,846;"SPRF-PR";"DEL08/PR";"UOP02-DEL08-PR"
749047;2026-01-30;"sexta-feira";"23:30:00";"PI";343;16,9;"PARNAIBA";"Transitar na contramão";"Colisão frontal";"Com Vítimas Feridas";"Plena Noite";"Decrescente";"Céu Claro";"Simples";"Reta";"Não";2;0;1;1;0;0;2;2;-2,954115;-41,757945;"SPRF-PI";"DEL05-PI";"UOP01-DEL05-PI"
749050;2026-01-31;"sábado";"00:15:00";"SC";116;4,6;"MAFRA";"Ausência de reação do condutor";"Tombamento";"Com Vítimas Feridas";"Plena Noite";"Decrescente";"Céu Claro";"Simples";"Reta";"Sim";1;0;1;0;0;0;1;1;-26,14000362;-49,81357511;"SPRF-SC";"DEL06/SC";"UOP01-DEL06-SC"
749052;2026-01-30;"sexta-feira";"22:00:00";"MG";40;628,7;"CONSELHEIRO LAFAIETE";"Ultrapassagem Indevida";"Colisão frontal";"Com Vítimas Feridas";"Plena Noite";"Decrescente";"Chuva";"Simples";"Declive;Curva";"Sim";3;0;1;1;1;0;2;2;-20,65431;-43,8086;"SPRF-MG";"DEL05/MG";"UOP02-DEL05-MG"
749054;2026-01-31;"sábado";"00:03:00";"PB";230;27,9;"JOAO PESSOA";"Avarias e/ou desgaste excessivo no pneu";"Tombamento";"Com Vítimas Feridas";"Plena Noite";"Crescente";"Céu Claro";"Dupla";"Reta";"Sim";2;0;2;0;0;0;2;1;-7,165067;-34,894313;"SPRF-PB";"DEL01-PB";"UOP01-DEL01-PB"
749057;2026-01-30;"sexta-feira";"21:30:00";"MT";174;87;"CACERES";"Animais na Pista";"Atropelamento de Animal";"Com Vítimas Feridas";"Plena Noite";"Crescente";"Céu Claro";"Simples";"Reta";"Não";5;0;1;0;4;0;1;3;-15,92513;-57,79648;"SPRF-MT";"DEL03/MT";"UOP01-DEL03-MT"
749058;2026-01-31;"sábado";"01:30:00";"MG";262;357;"JUATUBA";"Velocidade Incompatível";"Colisão traseira";"Sem Vítimas";"Plena Noite";"Decrescente";"Céu Claro";"Dupla";"Reta";"Sim";2;0;0;0;0;2;0;2;-19,97240429;-44,28058291;"SPRF-MG";"DEL01/MG";"UOP03-DEL01-MG"
749059;2026-01-30;"sexta-feira";"21:30:00";"SC";470;116;"IBIRAMA";"Suicídio (presumido)";"Saída de leito carroçável";"Com Vítimas Fatais";"Plena Noite";"Crescente";"Céu Claro";"Simples";"Reta";"Não";3;2;0;0;1;0;0;2;-27,08159033;-49,50045202;"SPRF-SC";"DEL04/SC";"UOP02-DEL04-SC"
749061;2026-01-31;"sábado";"01:30:00";"MA";230;403;"BALSAS";"Ingestão de álcool pelo condutor";"Colisão lateral mesmo sentido";"Com Vítimas Feridas";"Plena Noite";"Decrescente";"Céu Claro";"Simples";"Reta";"Sim";2;0;0;1;1;0;1;2;-7,519452;-46,03652;"SPRF-MA";"DEL05-MA";"UOP01-DEL05-MA"
749062;2026-01-31;"sábado";"00:40:00";"SC";101;197;"BIGUACU";"Ausência de reação do condutor";"Tombamento";"Com Vítimas Feridas";"Plena Noite";"Crescente";"Céu Claro";"Dupla";"Reta";"Sim";2;0;1;0;1;0;1;1;-27,52069;-48,63773;"SPRF-SC";"DEL01/SC";"UOP01-DEL01-SC"