"id";"data_inversa";"dia_semana";"horario";"uf";"br";"km";"municipio";"causa_acidente";"tipo_acidente";"classificacao_acidente";"fase_dia";"sentido_via";"condicao_metereologica";"tipo_pista";"tracado_via";"uso_solo";"pessoas";"mortos";"feridos_leves";"feridos_graves";"ilesos";"ignorados";"feridos";"veiculos";"latitude";"longitude";"regional";"delegacia";"uop"
749380;2026-02-01;"domingo";"16:25:00";"RJ";116;131;"MAGE";"Ausência de reação do condutor";"Colisão traseira";"Com Vítimas Feridas";"Pleno dia";"Decrescente";"Céu Claro";"Simples";"Reta";"Não";2;0;1;0;1;0;1;2;-22,66280673;-43,11626198;"SPRF-RJ";"DEL04/RJ";"UOP02-DEL04-RJ"
749381;2026-02-01;"domingo";"15:58:00";"RN";304;244;"RIACHUELO";"Transitar na contramão";"Colisão lateral sentido oposto";"Com Vítimas Feridas";"Pleno dia";"Crescente";"Céu Claro";"Simples";"Reta;Declive";"Não";17;0;1;0;16;0;1;2;-5,822291;-35,800667;"SPRF-RN";"DEL01-RN";"UOP02-DEL01-RN"
749382;2026-02-01;"domingo";"16:00:00";"PR";376;17;"MARINGA";"Avarias e/ou desgaste excessivo no pneu";"Queda de ocupante de veículo";"Com Vítimas Feridas";"Pleno dia";"Decrescente";"Nublado";"Dupla";"Curva";"Sim";2;0;0;2;0;0;2;1;-23,431168;-51,887247;"SPRF-PR";"DEL09/PR";"UOP01-DEL09-PR"
749383;2026-02-01;"domingo";"14:30:00";"MG";381;147,9;"GOVERNADOR VALADARES";"Velocidade Incompatível";"Saída de leito carroçável";"Com Vítimas Feridas";"Pleno dia";"Decrescente";"Céu Claro";"Simples";"Curva";"Não";2;0;1;1;0;0;2;1;-18,84781221;-41,98356628;"SPRF-MG";"DEL06/MG";"UOP01-DEL06-MG"
749384;2026-02-01;"domingo";"14:55:00";"SP";116;490,1;"CAJATI";"Chuva";"Saída de leito carroçável";"Com Vítimas Feridas";"Pleno dia";"Decrescente";"Chuva";"Dupla";"Reta";"Sim";4;0;1;0;3;0;1;1;-24,73499535;-48,1165522;"SPRF-SP";"DEL05/SP";"UOP01-DEL05-SP"
749385;2026-02-01;"domingo";"16:55:00";"SP";116;214;"GUARULHOS";"Reação tardia ou ineficiente do condutor";"Capotamento";"Sem Vítimas";"Pleno dia";"Decrescente";"Chuva";"Múltipla";"Reta";"Sim";1;0;0;0;0;1;0;1;-23,446577;-46,453135;"SPRF-SP";"DEL01/SP";"UOP01-DEL01-SP"
749386;2026-02-01;"domingo";"17:00:00";"BA";324;7;"FEIRA DE SANTANA";"Ingestão de álcool pelo condutor";"Colisão traseira";"Com Vítimas Feridas";"Pleno dia";"Crescente";"Sol";"Dupla";"Viaduto;Reta";"Sim";2;0;1;0;0;1;1;2;-12,2694758;-38,9863506;"SPRF-BA";"DEL02/BA";"UOP01-DEL02-BA"
749387;2026-02-01;"domingo";"16:50:00";"PR";376;621;"TIJUCAS DO SUL";"Condutor deixou de manter distância do veículo da frente";"Engavetamento";"Sem Vítimas";"Pleno dia";"Decrescente";"Sol";"Dupla";"Reta;Aclive";"Não";8;0;0;0;8;0;0;4;-25,853182;-48,977053;"SPRF-PR";"DEL01/PR";"UOP04-DEL01-PR"
749388;2026-02-01;"domingo";"16:00:00";"MG";50;136,5;"UBERABA";"Ingestão de álcool pelo condutor";"Tombamento";"Com Vítimas Feridas";"Pleno dia";"Crescente";"Nublado";"Dupla";"Reta";"Não";1;0;0;1;0;0;1;1;-19,462986;-48,058183;"SPRF-MG";"DEL13/MG";"UOP01-DEL13-MG"
749392;2026-02-01;"domingo";"17:00:00";"MG";381;924;"CAMANDUCAIA";"Chuva";"Colisão com objeto";"Com Vítimas Feridas";"Pleno dia";"Crescente";"Chuva";"Dupla";"Curva";"Não";2;0;2;0;0;0;2;1;-22,76089795;-46,16806626;"SPRF-MG";"DEL16/MG";"UOP03-DEL16-MG"
749393;2026-02-01;"domingo";"17:25:00";"RS";116;524,9;"PELOTAS";"Desrespeitar a preferência no cruzamento";"Colisão transversal";"Com Vítimas Feridas";"Pleno dia";"Decrescente";"Céu Claro";"Dupla";"Interseção de Vias;Viaduto";"Sim";4;0;2;0;2;0;2;2;-31,735563;-52,392547;"SPRF-RS";"DEL07/RS";"UOP01-DEL07-RS"
749394;2026-02-01;"domingo";"16:30:00";"SC";470;19;"ILHOTA";"Ingestão de álcool pelo condutor";"Saída de leito carroçável";"Sem Vítimas";"Pleno dia";"Decrescente";"Céu Claro";"Dupla";"Reta";"Não";1;0;0;0;1;0;0;1;-26,87036;-48,821675;"SPRF-SC";"DEL04/SC";"UOP04-DEL04-SC"
749396;2026-02-01;"domingo";"17:15:00";"SP";381;75;"SAO PAULO";"Chuva";"Saída de leito carroçável";"Sem Vítimas";"Pleno dia";"Decrescente";"Garoa/Chuvisco";"Dupla";"Curva;Aclive";"Não";4;0;0;0;2;2;0;4;-23,37950067;-46,56402675;"SPRF-SP";"DEL03/SP";"UOP01-DEL03-SP"
749397;2026-02-01;"domingo";"17:00:00";"PE";232;7,7;"RECIFE";"Manobra de mudança de faixa";"Colisão lateral mesmo sentido";"Sem Vítimas";"Anoitecer";"Crescente";"Céu Claro";"Dupla";"Reta";"Sim";2;0;0;0;2;0;0;2;-8,07495;-34,9675;"SPRF-PE";"DEL01/PE";"UOP01-DEL01-PE"
749399;2026-02-01;"domingo";"17:35:00";"PR";277;11;"PARANAGUA";"Condutor usando celular";"Saída de leito carroçável";"Com Vítimas Feridas";"Pleno dia";"Decrescente";"Nublado";"Dupla";"Reta";"Não";1;0;1;0;0;0;1;1;-25,563866;-48,633918;"SPRF-PR";"DEL01/PR";"UOP05-DEL01-PR"
749400;2026-02-01;"domingo";"15:40:00";"RJ";101;402;"ITAGUAI";"Reação tardia ou ineficiente do condutor";"Capotamento";"Com Vítimas Feridas";"Pleno dia";"Decrescente";"Nublado";"Dupla";"Reta";"Sim";4;0;1;0;3;0;1;1;-22,85517416;-43,78505453;"SPRF-RJ";"DEL03/RJ";"UOP01-DEL03-RJ"
749401;2026-02-01;"domingo";"17:20:00";"SC";101;59;"ARAQUARI";"Reação tardia ou ineficiente do condutor";"Saída de leito carroçável";"Com Vítimas Feridas";"Pleno dia";"Crescente";"Sol";"Múltipla";"Curva";"Não";1;0;1;0;0;0;1;1;-26,45073412;-48,7898916;"SPRF-SC";"DEL03/SC";"UOP02-DEL03-SC"
749403;2026-02-01;"domingo";"16:50:00";"MT";364;289;"JACIARA";"Acumulo de água sobre o pavimento";"Saída de leito carroçável";"Com Vítimas Feridas";"Pleno dia";"Decrescente";"Chuva";"Dupla";"Curva";"Não";2;0;2;0;0;0;2;1;-15,90657878;-55,08764863;"SPRF-MT";"DEL05/MT";"UOP02-DEL05-MT"
749406;2026-02-01;"domingo";"13:45:00";"SC";282;370,5;"ERVAL VELHO";"Condutor deixou de manter distância do veículo da frente";"Colisão traseira";"Com Vítimas Feridas";"Pleno dia";"Crescente";"Sol";"Simples";"Reta";"Não";9;0;2;0;7;0;2;3;-27,2688643;-51,4437087;"SPRF-SC";"DEL07/SC";"UOP05-DEL07-SC"
749408;2026-02-01;"domingo";"15:20:00";"SC";101;74;"ARAQUARI";"Ausência de reação do condutor";"Colisão com objeto";"Sem Vítimas";"Pleno dia";"Crescente";"Céu Claro";"Múltipla";"Reta";"Não";1;0;0;0;0;1;0;1;-26,54710541;-48,71294674;"SPRF-SC";"DEL03/SC";"UOP02-DEL03-SC"
749409;2026-02-01;"domingo";"14:50:00";"MG";116;573,8;"MANHUACU";"Condutor deixou de manter distância do veículo da frente";"Colisão traseira";"Com Vítimas Feridas";"Pleno dia";"Decrescente";"Céu Claro";"Simples";"Declive";"Não";5;0;2;2;1;0;4;4;-20,09358301;-42,18095112;"SPRF-MG";"DEL06/MG";"UOP03-DEL06-MG"
749412;2026-02-01;"domingo";"16:50:00";"PE";232;191,1;"SANHARO";"Transitar na contramão";"Colisão frontal";"Com Vítimas Fatais";"Anoitecer";"Crescente";"Céu Claro";"Simples";"Reta";"Não";5;1;2;2;0;0;4;2;-8,3584371;-36,5369337;"SPRF-PE";"DEL03/PE";"UOP02-DEL03-PE"
749414;2026-02-01;"domingo";"19:10:00";"PB";101;87,7;"JOAO PESSOA";"Pedestre cruzava a pista fora da faixa";"Atropelamento de Pedestre";"Com Vítimas Feridas";"Plena Noite";"Decrescente";"Céu Claro";"Dupla";"Reta";"Sim";2;0;0;1;0;1;1;2;-7,163267;-34,901553;"SPRF-PB";"DEL01-PB";"UOP01-DEL01-PB"
749415;2026-02-01;"domingo";"18:50:00";"SE";235;55;"ITABAIANA";"Ingestão de álcool pelo condutor";"Colisão lateral mesmo sentido";"Com Vítimas Feridas";"Plena Noite";"Crescente";"Céu Claro";"Simples";"Curva;Aclive";"Sim";3;0;1;0;1;1;1;2;-10,66287384;-37,44754013;"SPRF-SE";"DEL01-SE";"UOP02-DEL01-SE"
749418;2026-02-01;"domingo";"17:45:00";"MG";146;488,2;"POCOS DE CALDAS";"Acessar a via sem observar a presença dos outros veículos";"Colisão traseira";"Com Vítimas Feridas";"Pleno dia";"Crescente";"Garoa/Chuvisco";"Simples";"Reta;Interseção de Vias";"Sim";5;0;4;0;1;0;4;2;-21,8065733;-46,4906111;"SPRF-MG";"DEL09/MG";"UOP01-DEL09-MG"
749419;2026-02-01;"domingo";"18:40:00";"PR";277;305;"PRUDENTOPOLIS";"Manobra de mudança de faixa";"Colisão lateral sentido oposto";"Sem Vítimas";"Anoitecer";"Crescente";"Céu Claro";"Simples";"Reta";"Não";2;0;0;0;0;2;0;2;-25,29914;-51,14466;"SPRF-PR";"DEL08/PR";"UOP01-DEL08-PR"
749420;2026-02-01;"domingo";"11:15:00";"RJ";356;64;"ITAPERUNA";"Velocidade Incompatível";"Queda de ocupante de veículo";"Com Vítimas Feridas";"Pleno dia";"Crescente";"Chuva";"Dupla";"Curva";"Não";1;0;1;0;0;0;1;1;-21,28634986;-41,72038643;"SPRF-RJ";"DEL08/RJ";"UOP03-DEL08-RJ"
749422;2026-02-01;"domingo";"19:30:00";"ES";101;381;"GUARAPARI";"Acesso irregular";"Colisão frontal";"Com Vítimas Feridas";"Plena Noite";"Crescente";"Chuva";"Simples";"Reta";"Não";3;0;1;0;2;0;1;2;-20,65852481;-40,61454602;"SPRF-ES";"DEL03-ES";"UOP01-DEL03-ES"
749423;2026-02-01;"domingo";"19:30:00";"RJ";116;184;"NOVA IGUACU";"Ingestão de álcool pelo condutor";"Colisão traseira";"Sem Vítimas";"Plena Noite";"Decrescente";"Céu Claro";"Dupla";"Reta";"Sim";3;0;0;0;3;0;0;3;-22,73922355;-43,49509684;"SPRF-RJ";"DEL06/RJ";"UOP01-DEL06-RJ"
749424;2026-02-01;"domingo";"18:40:00";"MT";163;821;"SINOP";"Acessar a via sem observar a presença dos outros veículos";"Colisão transversal";"Com Vítimas Fatais";"Plena Noite";"Crescente";"Céu Claro";"Dupla";"Reta";"Sim";4;1;0;0;1;2;0;3;-11,99365654;-55,51704381;"SPRF-MT";"DEL06/MT";"UOP02-DEL06-MT"
749425;2026-02-01;"domingo";"12:10:00";"RJ";101;494;"ANGRA DOS REIS";"Acesso irregular";"Colisão transversal";"Com Vítimas Feridas";"Pleno dia";"Crescente";"Céu Claro";"Simples";"Reta";"Não";2;0;1;0;1;0;1;2;-22,938273;-44,319454;"SPRF-RJ";"DEL03/RJ";"UOP03-DEL03-RJ"
749427;2026-02-01;"domingo";"19:30:00";"SP";116;219;"GUARULHOS";"Demais falhas mecânicas ou elétricas";"Tombamento";"Com Vítimas Feridas";"Plena Noite";"Crescente";"Nublado";"Múltipla";"Reta";"Não";2;0;1;0;1;0;1;1;-23,461133;-46,489191;"SPRF-SP";"DEL01/SP";"UOP01-DEL01-SP"
749428;2026-02-01;"domingo";"20:05:00";"SC";282;373,9;"ERVAL VELHO";"Acessar a via sem observar a presença dos outros veículos";"Colisão transversal";"Com Vítimas Fatais";"Plena Noite";"Crescente";"Céu Claro";"Simples";"Rotatória;Curva";"Sim";4;1;0;1;2;0;1;2;-27,2429777;-51,447505;"SPRF-SC";"DEL07/SC";"UOP05-DEL07-SC"
749429;2026-02-01;"domingo";"17:15:00";"SC";101;376,4;"ICARA";"Ausência de reação do condutor";"Saída de leito carroçável";"Com Vítimas Feridas";"Pleno dia";"Crescente";"Céu Claro";"Múltipla";"Curva";"Não";4;0;2;0;2;0;2;1;-28,74288251;-49,2532412;"SPRF-SC";"DEL02/SC";"UOP01-DEL02-SC"
749431;2026-02-01;"domingo";"19:35:00";"PR";469;15;"FOZ DO IGUACU";"Ausência de reação do condutor";"Colisão traseira";"Sem Vítimas";"Anoitecer";"Decrescente";"Céu Claro";"Simples";"Reta;Em Obras;Viaduto";"Sim";3;0;0;0;3;0;0;2;-25,59927147;-54,50539899;"SPRF-PR";"DEL05/PR";"UOP04-DEL05-PR"
749432;2026-02-01;"domingo";"20:20:00";"BA";324;516;"FEIRA DE SANTANA";"Acessar a via sem observar a presença dos outros veículos";"Colisão transversal";"Com Vítimas Feridas";"Plena Noite";"Crescente";"Céu Claro";"Simples";"Reta;Declive;Interseção de Vias";"Sim";3;0;2;0;1;0;2;2;-12,2424223;-38,9372078;"SPRF-BA";"DEL02/BA";"UOP01-DEL02-BA"
749434;2026-02-01;"domingo";"19:10:00";"PR";373;175;"PONTA GROSSA";"Condutor usando celular";"Colisão traseira";"Sem Vítimas";"Anoitecer";"Crescente";"Céu Claro";"Dupla";"Curva;Aclive";"Sim";4;0;0;0;4;0;0;2;-25,06351;-50,214087;"SPRF-PR";"DEL03/PR";"UOP01-DEL03-PR"
749435;2026-02-01;"domingo";"15:50:00";"RO";364;86;"VILHENA";"Reação tardia ou ineficiente do condutor";"Saída de leito carroçável";"Com Vítimas Feridas";"Pleno dia";"Decrescente";"Céu Claro";"Simples";"Reta";"Não";1;0;1;0;0;0;1;1;-12,39013223;-60,6161627;"SPRF-RO";"DEL04-RO";"UOP01-DEL04-RO"
749436;2026-02-01;"domingo";"20:20:00";"RS";392;624,8;"SANTO ANGELO";"Transitar na contramão";"Colisão frontal";"Com Vítimas Feridas";"Plena Noite";"Crescente";"Céu Claro";"Simples";"Reta";"Não";2;0;1;0;1;0;1;2;-28,17927;-54,390605;"SPRF-RS";"DEL10/RS";"UOP01-DEL10-RS"
749437;2026-02-01;"domingo";"17:15:00";"SC";116;263,9;"CAPAO ALTO";"Acessar a via sem observar a presença dos outros veículos";"Colisão transversal";"Com Vítimas Feridas";"Pleno dia";"Crescente";"Céu Claro";"Simples";"Reta";"Não";4;0;1;0;3;0;1;2;-27,931148;-50,459182;"SPRF-SC";"DEL05/SC";"UOP02-DEL05-SC"
749438;2026-02-01;"domingo";"20:15:00";"PR";116;78;"PIRAQUARA";"Velocidade Incompatível";"Tombamento";"Com Vítimas Feridas";"Plena Noite";"Crescente";"Chuva";"Dupla";"Reta";"Não";1;0;1;0;0;0;1;1;-25,42758;-49,0791917;"SPRF-PR";"DEL01/PR";"UOP02-DEL01-PR"
749439;2026-02-01;"domingo";"21:00:00";"MG";40;521;"CONTAGEM";"Transitar na contramão";"Colisão lateral sentido oposto";"Sem Vítimas";"Plena Noite";"Decrescente";"Chuva";"Dupla";"Curva";"Não";5;0;0;0;5;0;0;2;-19,8535796;-44,07202482;"SPRF-MG";"DEL01/MG";"UOP02-DEL01-MG"
749441;2026-02-01;"domingo";"21:00:00";"RS";290;83;"CACHOEIRINHA";"Ausência de reação do condutor";"Colisão com objeto";"Com Vítimas Feridas";"Plena Noite";"Crescente";"Céu Claro";"Múltipla";"Retorno Regulamentado";"Não";1;0;1;0;0;0;1;1;-29,96102723;-51,09246109;"SPRF-RS";"DEL01/RS";"UOP01-DEL01-RS"
749442;2026-02-01;"domingo";"21:00:00";"SC";282;26,7;"SANTO AMARO DA IMPERATRIZ";"Desrespeitar a preferência no cruzamento";"Colisão transversal";"Com Vítimas Feridas";"Plena Noite";"Decrescente";"Céu Claro";"Simples";"Reta";"Sim";2;0;1;1;0;0;2;2;-27,67558003;-48,76788709;"SPRF-SC";"DEL01/SC";"UOP03-DEL01-SC"
749443;2026-02-01;"domingo";"21:15:00";"CE";116;39,9;"HORIZONTE";"Acessar a via sem observar a presença dos outros veículos";"Queda de ocupante de veículo";"Com Vítimas Feridas";"Plena Noite";"Crescente";"Céu Claro";"Dupla";"Reta";"Sim";1;0;1;0;0;0;1;1;-4,095696;-38,503418;"SPRF-CE";"DEL01/CE";"UOP02-DEL01-CE"
749444;2026-02-01;"domingo";"19:00:00";"PI";343;267;"CAMPO MAIOR";"Ausência de reação do condutor";"Colisão lateral sentido oposto";"Com Vítimas Feridas";"Plena Noite";"Decrescente";"Céu Claro";"Simples";"Reta";"Sim";4;0;4;0;0;0;4;2;-4,836767;-42,181902;"SPRF-PI";"DEL01-PI";"UOP03-DEL01-PI"
749445;2026-02-01;"domingo";"21:00:00";"RS";386;414,2;"MONTENEGRO";"Ausência de reação do condutor";"Saída de leito carroçável";"Sem Vítimas";"Plena Noite";"Crescente";"Céu Claro";"Simples";"Reta";"Não";1;0;0;0;1;0;0;1;-29,816417;-51,480692;"SPRF-RS";"DEL04/RS";"UOP02-DEL04-RS"
749446;2026-02-01;"domingo";"20:58:00";"PR";476;151,5;"ARAUCARIA";"Reação tardia ou ineficiente do condutor";"Saída de leito carroçável";"Com Vítimas Feridas";"Plena Noite";"Decrescente";"Nublado";"Dupla";"Reta";"Sim";5;0;1;0;4;0;1;3;-25,56638805;-49,3804872;"SPRF-PR";"DEL01/PR";"UOP06-DEL01-PR"
749447;2026-01-17;"sábado";"10:15:00";"MS";376;141;"IVINHEMA";"Acessar a via sem observar a presença dos outros veículos";"Colisão transversal";"Com Vítimas Feridas";"Pleno dia";"Decrescente";"Céu Claro";"Simples";"Reta";"Não";3;0;1;1;1;0;2;2;-22,389712;-53,61081;"SPRF-MS";"DEL04/MS";"UOP04-DEL04-MS"
749448;2026-02-01;"domingo";"21:30:00";"RS";392;37;"RIO GRANDE";"Ausência de reação do condutor";"Colisão com objeto";"Com Vítimas Feridas";"Plena Noite";"Crescente";"Céu Claro";"Dupla";"Reta";"Não";1;0;1;0;0;0;1;1;-31,98274236;-52,29518091;"SPRF-RS";"DEL07/RS";"UOP02-DEL07-RS"
749450;2026-02-01;"domingo";"21:00:00";"BA";324;543;"AMELIA RODRIGUES";"Ausência de reação do condutor";"Colisão com objeto";"Com Vítimas Fatais";"Plena Noite";"Crescente";"Céu Claro";"Múltipla";"Retorno Regulamentado";"Sim";2;1;0;1;0;0;1;1;-12,4040195;-38,7540296;"SPRF-BA";"DEL11/BA";"UOP02-DEL11-BA"
749451;2026-02-01;"domingo";"19:20:00";"MG";116;207;"CATUJI";"Condutor Dormindo";"Colisão com objeto";"Com Vítimas Feridas";"Pleno dia";"Decrescente";"Céu Claro";"Simples";"Reta";"Sim";1;0;1;0;0;0;1;1;-17,301177;-41,516496;"SPRF-MG";"DEL11/MG";"UOP01-DEL11-MG"
749453;2026-02-01;"domingo";"21:00:00";"RJ";101;442;"MANGARATIBA";"Ausência de reação do condutor";"Saída de leito carroçável";"Sem Vítimas";"Plena Noite";"Decrescente";"Garoa/Chuvisco";"Simples";"Curva";"Não";1;0;0;0;0;1;0;1;-22,93529186;-43,99873463;"SPRF-RJ";"DEL03/RJ";"UOP02-DEL03-RJ"
749454;2026-02-01;"domingo";"18:50:00";"RJ";101;535;"PARATY";"Reação tardia ou ineficiente do condutor";"Colisão traseira";"Com Vítimas Feridas";"Anoitecer";"Decrescente";"Nublado";"Simples";"Reta";"Não";11;0;1;0;10;0;1;3;-23,034125;-44,553116;"SPRF-RJ";"DEL03/RJ";"UOP04-DEL03-RJ"
749458;2026-02-01;"domingo";"20:30:00";"MG";40;779,5;"JUIZ DE FORA";"Reação tardia ou ineficiente do condutor";"Queda de ocupante de veículo";"Com Vítimas Feridas";"Plena Noite";"Crescente";"Nublado";"Dupla";"Declive;Ponte;Reta";"Não";1;0;1;0;0;0;1;1;-21,67193594;-43,44273627;"SPRF-MG";"DEL05/MG";"UOP01-DEL05-MG"
749459;2026-02-01;"domingo";"21:15:00";"PE";232;170;"TACAIMBO";"Ausência de reação do condutor";"Colisão lateral mesmo sentido";"Com Vítimas Feridas";"Plena Noite";"Crescente";"Céu Claro";"Simples";"Reta";"Não";2;0;0;1;0;1;1;2;-8,3399338;-36,32563591;"SPRF-PE";"DEL03/PE";"UOP02-DEL03-PE"
749463;2026-02-01;"domingo";"21:40:00";"BA";116;1;"VITORIA DA CONQUISTA";"Reação tardia ou ineficiente do condutor";"Colisão traseira";"Sem Vítimas";"Plena Noite";"Decrescente";"Chuva";"Simples";"Reta";"Não";3;0;0;0;3;0;0;2;-14,82578;-40,83218;"SPRF-BA";"DEL08/BA";"UOP01-DEL08-BA"
749465;2026-02-01;"domingo";"23:00:00";"PA";316;32,2;"SANTA IZABEL DO PARA";"Ausência de reação do condutor";"Saída de leito carroçável";"Com Vítimas Feridas";"Plena Noite";"Crescente";"Ignorado";"Dupla";"Reta";"Sim";1;0;0;1;0;0;1;1;-1,30580087;-48,20354462;"SPRF-PA";"DEL01/PA";"UOP01-DEL01-PA"
749466;2026-02-01;"domingo";"21:50:00";"RO";364;197,9;"PIMENTA BUENO";"Ingestão de álcool pelo condutor";"Saída de leito carroçável";"Com Vítimas Feridas";"Plena Noite";"Decrescente";"Céu Claro";"Simples";"Reta";"Sim";1;0;1;0;0;0;1;1;-11,671402;-61,191262;"SPRF-RO";"DEL02-RO";"UOP02-DEL02-RO"
749467;2026-02-01;"domingo";"21:20:00";"RS";468;73,2;"CAMPO NOVO";"Transitar na contramão";"Colisão lateral sentido oposto";"Com Vítimas Fatais";"Plena Noite";"Crescente";"Céu Claro";"Simples";"Reta";"Não";2;1;0;0;0;1;0;2;-27,68659394;-53,84694306;"SPRF-RS";"DEL08/RS";"UOP02-DEL08-RS"
749468;2026-02-01;"domingo";"16:40:00";"RJ";40;107;"DUQUE DE CAXIAS";"Reação tardia ou ineficiente do condutor";"Colisão lateral mesmo sentido";"Com Vítimas Feridas";"Pleno dia";"Decrescente";"Nublado";"Dupla";"Reta";"Sim";3;0;2;0;1;0;2;2;-22,661773;-43,284388;"SPRF-RJ";"DEL01/RJ";"UOP02-DEL01-RJ"
749469;2026-02-01;"domingo";"19:40:00";"MT";174;7;"PONTES E LACERDA";"Transitar na contramão";"Colisão frontal";"Com Vítimas Fatais";"Plena Noite";"Decrescente";"Nublado";"Simples";"Curva";"Não";3;1;1;1;0;0;2;3;-15,2144133;-59,3545;"SPRF-MT";"DEL04/MT";"UOP01-DEL04-MT"
749470;2026-02-01;"domingo";"20:40:00";"RJ";101;383;"RIO DE JANEIRO";"Condutor deixou de manter distância do veículo da frente";"Colisão traseira";"Com Vítimas Feridas";"Plena Noite";"Decrescente";"Chuva";"Múltipla";"Reta;Ponte";"Sim";3;0;3;0;0;0;3;2;-22,87611048;-43,61273853;"SPRF-RJ";"DEL03/RJ";"UOP01-DEL03-RJ"
749472;2026-02-01;"domingo";"19:00:00";"BA";116;29;"VITORIA DA CONQUISTA";"Ultrapassagem Indevida";"Colisão frontal";"Com Vítimas Feridas";"Plena Noite";"Crescente";"Chuva";"Múltipla";"Reta;Declive";"Sim";4;0;4;0;0;0;4;2;-14,86637754;-40,79984522;"SPRF-BA";"DEL08/BA";"UOP01-DEL08-BA"
749473;2026-02-02;"segunda-feira";"00:20:00";"RS";116;505,5;"PELOTAS";"Animais na Pista";"Atropelamento de Animal";"Com Vítimas Feridas";"Plena Noite";"Crescente";"Nublado";"Dupla";"Reta";"Não";5;0;4;1;0;0;5;1;-31,593563;-52,285627;"SPRF-RS";"DEL07/RS";"UOP01-DEL07-RS"
749474;2026-02-01;"domingo";"20:40:00";"SC";280;288,7;"PORTO UNIAO";"Ingestão de álcool pelo condutor";"Saída de leito carroçável";"Com Vítimas Feridas";"Plena Noite";"Decrescente";"Céu Claro";"Simples";"Reta;Declive";"Não";4;0;3;1;0;0;4;1;-26,296504;-50,913194;"SPRF-SC";"DEL06/SC";"UOP04-DEL06-SC"
749475;2026-02-01;"domingo";"21:50:00";"MT";364;514;"ROSARIO OESTE";"Ausência de reação do condutor";"Queda de ocupante de veículo";"Sem Vítimas";"Plena Noite";"Decrescente";"Chuva";"Simples";"Reta";"Não";1;0;0;0;1;0;0;1;-15,06794599;-56,5175097;"SPRF-MT";"DEL01/MT";"UOP01-DEL01-MT"
749476;2026-02-02;"segunda-feira";"00:10:00";"BA";101;283;"LAJE";"Ausência de reação do condutor";"Saída de leito carroçável";"Com Vítimas Feridas";"Plena Noite";"Decrescente";"Nublado";"Simples";"Curva";"Não";3;0;0;3;0;0;3;1;-13,137246;-39,294125;"SPRF-BA";"DEL11/BA";"UOP01-DEL11-BA"
749477;2026-02-02;"segunda-feira";"00:30:00";"RS";285;132,8;"VACARIA";"Velocidade Incompatível";"Saída de leito carroçável";"Com Vítimas Feridas";"Plena Noite";"Crescente";"Céu Claro";"Simples";"Reta";"Não";1;0;1;0;0;0;1;1;-28,43481324;-51,01026074;"SPRF-RS";"DEL05/RS";"UOP03-DEL05-RS"
749478;2026-02-02;"segunda-feira";"00:00:00";"RJ";116;125;"MAGE";"Animais na Pista";"Atropelamento de Animal";"Com Vítimas Feridas";"Plena Noite";"Decrescente";"Céu Claro";"Dupla";"Reta";"Não";1;0;0;1;0;0;1;1;-22,65160884;-43,0776953;"SPRF-RJ";"DEL04/RJ";"UOP02-DEL04-RJ"
749479;2026-02-01;"domingo";"23:20:00";"RJ";101;59;"CAMPOS DOS GOYTACAZES";"Ausência de reação do condutor";"Colisão traseira";"Sem Vítimas";"Plena Noite";"Crescente";"Chuva";"Simples";"Reta;Interseção de Vias";"Sim";3;0;0;0;3;0;0;2;-21,718231;-41,312068;"SPRF-RJ";"DEL08/RJ";"UOP01-DEL08-RJ"
749480;2026-02-02;"segunda-feira";"00:08:00";"MA";135;22;"SAO LUIS";"Ausência de reação do condutor";"Colisão lateral mesmo sentido";"Sem Vítimas";"Plena Noite";"Crescente";"Céu Claro";"Dupla";"Retorno Regulamentado;Reta;Interseção de Vias";"Sim";2;0;0;0;1;1;0;2;-2,56093;-44,315071;"SPRF-MA";"DEL01-MA";"UOP01-DEL01-MA"
749481;2026-02-02;"segunda-feira";"01:40:00";"SP";116;187,4;"SANTA ISABEL";"Pedestre andava na pista";"Atropelamento de Pedestre";"Com Vítimas Fatais";"Plena Noite";"Decrescente";"Nevoeiro/Neblina";"Dupla";"Declive;Reta";"Não";2;1;0;0;0;1;0;2;-23,357987;-46,21146;"SPRF-SP";"DEL01/SP";"UOP01-DEL01-SP"
749482;2026-02-02;"segunda-feira";"00:35:00";"RO";364;711;"PORTO VELHO";"Transitar na contramão";"Colisão com objeto";"Sem Vítimas";"Plena Noite";"Decrescente";"Céu Claro";"Dupla";"Reta";"Não";1;0;0;0;1;0;0;1;-8,78048591;-63,86674102;"SPRF-RO";"DEL01-RO";"UOP01-DEL01-RO"
749483;2026-02-02;"segunda-feira";"01:40:00";"PR";376;171;"MARINGA";"Ingestão de álcool pelo condutor";"Colisão com objeto";"Sem Vítimas";"Plena Noite";"Decrescente";"Nublado";"Dupla";"Interseção de Vias";"Sim";1;0;0;0;0;1;0;1;-23,40887731;-51,98880458;"SPRF-PR";"DEL09/PR";"UOP01-DEL09-PR"
749484;2026-02-01;"domingo";"19:50:00";"SE";101;158;"ESTANCIA";"Ingestão de álcool pelo condutor";"Colisão com objeto";"Sem Vítimas";"Plena Noite";"Crescente";"Céu Claro";"Simples";"Reta";"Não";1;0;0;0;1;0;0;1;-11,29255769;-37,47676849;"SPRF-SE";"DEL02-SE";"UOP01-DEL02-SE"