"id";"data_inversa";"dia_semana";"horario";"uf";"br";"km";"municipio";"causa_acidente";"tipo_acidente";"classificacao_acidente";"fase_dia";"sentido_via";"condicao_metereologica";"tipo_pista";"tracado_via";"uso_solo";"pessoas";"mortos";"feridos_leves";"feridos_graves";"ilesos";"ignorados";"feridos";"veiculos";"latitude";"longitude";"regional";"delegacia";"uop"
749578;2026-02-02;"segunda-feira";"11:45:00";"GO";60;321;"ACREUNA";"Reação tardia ou ineficiente do condutor";"Saída de leito carroçável";"Com Vítimas Feridas";"Pleno dia";"Crescente";"Chuva";"Dupla";"Reta";"Não";2;0;1;1;0;0;2;1;-17,50787;-50,472847;"SPRF-GO";"DEL04/GO";"UOP02-DEL04-GO"
749579;2026-02-02;"segunda-feira";"10:00:00";"PE";104;73;"CARUARU";"Reação tardia ou ineficiente do condutor";"Colisão traseira";"Com Vítimas Feridas";"Pleno dia";"Decrescente";"Sol";"Simples";"Reta";"Não";2;0;1;0;1;0;1;2;-8,36450244;-35,98598767;"SPRF-PE";"DEL02/PE";"UOP01-DEL02-PE"
749580;2026-02-02;"segunda-feira";"12:10:00";"SC";282;220,3;"LAGES";"Transitar na contramão";"Colisão transversal";"Com Vítimas Feridas";"Pleno dia";"Crescente";"Céu Claro";"Simples";"Reta";"Sim";2;0;1;0;1;0;1;2;-27,79384592;-50,33484785;"SPRF-SC";"DEL05/SC";"UOP01-DEL05-SC"
749583;2026-02-02;"segunda-feira";"13:20:00";"PR";376;167,5;"MARINGA";"Reação tardia ou ineficiente do condutor";"Saída de leito carroçável";"Com Vítimas Feridas";"Pleno dia";"Crescente";"Nublado";"Dupla";"Curva";"Não";1;0;1;0;0;0;1;1;-23,39150034;-52,01242089;"SPRF-PR";"DEL09/PR";"UOP01-DEL09-PR"
749584;2026-02-02;"segunda-feira";"13:30:00";"SC";101;202,7;"SAO JOSE";"Reação tardia ou ineficiente do condutor";"Colisão lateral mesmo sentido";"Com Vítimas Feridas";"Pleno dia";"Crescente";"Céu Claro";"Múltipla";"Reta";"Sim";6;0;0;1;5;0;1;3;-27,56255383;-48,61608379;"SPRF-SC";"DEL01/SC";"UOP01-DEL01-SC"
749585;2026-02-02;"segunda-feira";"12:00:00";"SP";381;88;"GUARULHOS";"Velocidade Incompatível";"Colisão com objeto";"Com Vítimas Feridas";"Pleno dia";"Decrescente";"Céu Claro";"Múltipla";"Reta";"Sim";1;0;1;0;0;0;1;1;-23,49188742;-46,55907456;"SPRF-SP";"DEL03/SP";"UOP01-DEL03-SP"
749586;2026-01-09;"sexta-feira";"15:00:00";"RJ";495;21,5;"PETROPOLIS";"Demais falhas mecânicas ou elétricas";"Incêndio";"Sem Vítimas";"Pleno dia";"Decrescente";"Céu Claro";"Simples";"Reta";"Sim";4;0;0;0;4;0;0;1;-22,427587;-43,060245;"SPRF-RJ";"DEL05/RJ";"UOP02-DEL05-RJ"
749587;2026-02-02;"segunda-feira";"13:20:00";"SC";101;209;"SAO JOSE";"Demais falhas mecânicas ou elétricas";"Tombamento";"Com Vítimas Feridas";"Pleno dia";"Decrescente";"Céu Claro";"Dupla";"Reta";"Não";2;0;2;0;0;0;2;1;-27,61375616;-48,64230959;"SPRF-SC";"DEL01/SC";"UOP01-DEL01-SC"
749590;2026-02-02;"segunda-feira";"11:45:00";"MA";222;674,5;"ACAILANDIA";"Acessar a via sem observar a presença dos outros veículos";"Colisão transversal";"Com Vítimas Feridas";"Pleno dia";"Decrescente";"Céu Claro";"Simples";"Reta;Declive";"Sim";3;0;0;1;2;0;1;2;-4,953988;-47,488293;"SPRF-MA";"DEL04-MA";"UOP03-DEL04-MA"
749592;2026-02-02;"segunda-feira";"13:00:00";"SE";101;181,2;"UMBAUBA";"Acessar a via sem observar a presença dos outros veículos";"Colisão transversal";"Com Vítimas Feridas";"Pleno dia";"Decrescente";"Céu Claro";"Simples";"Reta";"Não";2;0;0;2;0;0;2;2;-11,36978763;-37,64931886;"SPRF-SE";"DEL02-SE";"UOP03-DEL02-SE"
749594;2026-02-02;"segunda-feira";"14:10:00";"DF";80;11;"BRASILIA";"Ingestão de álcool pelo condutor";"Colisão traseira";"Com Vítimas Feridas";"Pleno dia";"Crescente";"Nublado";"Simples";"Reta";"Não";3;0;1;0;2;0;1;2;-15,730893;-48,180622;"SPRF-DF";"DEL03-DF";"UOP02-DEL03-DF"
749596;2026-02-02;"segunda-feira";"13:30:00";"PB";101;45,9;"MAMANGUAPE";"Reação tardia ou ineficiente do condutor";"Colisão com objeto";"Com Vítimas Feridas";"Pleno dia";"Decrescente";"Sol";"Dupla";"Reta";"Não";1;0;1;0;0;0;1;1;-6,89112011;-35,12586504;"SPRF-PB";"DEL01-PB";"UOP03-DEL01-PB"
749597;2026-02-02;"segunda-feira";"14:30:00";"SP";116;369;"MIRACATU";"Demais falhas mecânicas ou elétricas";"Incêndio";"Sem Vítimas";"Pleno dia";"Decrescente";"Garoa/Chuvisco";"Dupla";"Reta";"Não";4;0;0;0;4;0;0;1;-24,1570652;-47,3262801;"SPRF-SP";"DEL04/SP";"UOP02-DEL04-SP"
749598;2026-01-07;"quarta-feira";"21:45:00";"RJ";40;69,6;"PETROPOLIS";"Ausência de reação do condutor";"Colisão traseira";"Com Vítimas Feridas";"Plena Noite";"Decrescente";"Chuva";"Dupla";"Reta";"Não";5;0;2;2;1;0;4;2;-22,447744;-43,197338;"SPRF-RJ";"DEL05/RJ";"UOP02-DEL05-RJ"
749600;2026-02-02;"segunda-feira";"13:20:00";"RO";174;14;"VILHENA";"Acessar a via sem observar a presença dos outros veículos";"Colisão traseira";"Com Vítimas Feridas";"Pleno dia";"Crescente";"Nublado";"Dupla";"Retorno Regulamentado;Reta;Em Obras";"Sim";4;0;1;0;3;0;1;3;-12,7255;-60,12863;"SPRF-RO";"DEL04-RO";"UOP01-DEL04-RO"
749601;2026-02-02;"segunda-feira";"13:40:00";"MA";222;675;"ACAILANDIA";"Pedestre cruzava a pista fora da faixa";"Atropelamento de Pedestre";"Com Vítimas Feridas";"Pleno dia";"Crescente";"Céu Claro";"Dupla";"Reta";"Sim";2;0;1;0;1;0;1;2;-4,95494;-47,49938;"SPRF-MA";"DEL04-MA";"UOP03-DEL04-MA"
749603;2026-02-02;"segunda-feira";"14:58:00";"PR";116;46,9;"CAMPINA GRANDE DO SUL";"Avarias e/ou desgaste excessivo no pneu";"Capotamento";"Com Vítimas Feridas";"Pleno dia";"Decrescente";"Garoa/Chuvisco";"Dupla";"Curva";"Não";4;0;1;0;3;0;1;1;-25,2112909;-48,8972486;"SPRF-PR";"DEL01/PR";"UOP02-DEL01-PR"
749605;2026-02-02;"segunda-feira";"14:15:00";"GO";60;25,8;"ALEXANIA";"Reação tardia ou ineficiente do condutor";"Saída de leito carroçável";"Com Vítimas Feridas";"Pleno dia";"Crescente";"Céu Claro";"Dupla";"Curva";"Não";1;0;1;0;0;0;1;1;-16,107852;-48,449333;"SPRF-DF";"DEL03-DF";"UOP01-DEL03-DF"
749606;2026-02-02;"segunda-feira";"13:40:00";"MG";262;34,9;"MANHUACU";"Acessar a via sem observar a presença dos outros veículos";"Colisão transversal";"Com Vítimas Feridas";"Pleno dia";"Decrescente";"Céu Claro";"Simples";"Reta;Aclive";"Não";2;0;1;0;0;1;1;2;-20,258067;-42,031715;"SPRF-MG";"DEL06/MG";"UOP03-DEL06-MG"
749608;2026-02-02;"segunda-feira";"15:17:00";"MG";381;486,9;"BETIM";"Manobra de mudança de faixa";"Saída de leito carroçável";"Com Vítimas Feridas";"Pleno dia";"Decrescente";"Nublado";"Múltipla";"Reta";"Sim";2;0;1;0;0;1;1;2;-19,9556793;-44,1136958;"SPRF-MG";"DEL01/MG";"UOP03-DEL01-MG"
749609;2026-02-02;"segunda-feira";"15:00:00";"RJ";116;60;"TERESOPOLIS";"Reação tardia ou ineficiente do condutor";"Colisão traseira";"Com Vítimas Feridas";"Pleno dia";"Decrescente";"Céu Claro";"Simples";"Reta";"Sim";2;0;1;0;0;1;1;2;-22,227262;-42,907662;"SPRF-RJ";"DEL04/RJ";"UOP01-DEL04-RJ"
749610;2026-02-02;"segunda-feira";"15:00:00";"PR";376;649;"TIJUCAS DO SUL";"Reação tardia ou ineficiente do condutor";"Engavetamento";"Com Vítimas Feridas";"Pleno dia";"Crescente";"Nublado";"Dupla";"Curva";"Não";4;0;1;0;3;0;1;3;-25,846297;-49,091501;"SPRF-PR";"DEL01/PR";"UOP04-DEL01-PR"
749611;2026-02-02;"segunda-feira";"15:30:00";"PR";116;4;"CAMPINA GRANDE DO SUL";"Velocidade Incompatível";"Saída de leito carroçável";"Com Vítimas Feridas";"Pleno dia";"Crescente";"Nublado";"Dupla";"Curva";"Não";1;0;1;0;0;0;1;1;-25,07627478;-48,59411566;"SPRF-PR";"DEL01/PR";"UOP02-DEL01-PR"
749612;2026-02-02;"segunda-feira";"15:35:00";"SE";235;5,7;"NOSSA SENHORA DO SOCORRO";"Ausência de reação do condutor";"Colisão traseira";"Sem Vítimas";"Pleno dia";"Crescente";"Sol";"Dupla";"Reta";"Não";2;0;0;0;1;1;0;2;-10,90415737;-37,12713568;"SPRF-SE";"DEL01-SE";"UOP01-DEL01-SE"
749613;2026-02-02;"segunda-feira";"15:50:00";"SC";101;196,8;"BIGUACU";"Avarias e/ou desgaste excessivo no pneu";"Tombamento";"Com Vítimas Feridas";"Pleno dia";"Decrescente";"Nublado";"Múltipla";"Reta";"Sim";2;0;2;0;0;0;2;1;-27,51615;-48,63927;"SPRF-SC";"DEL01/SC";"UOP01-DEL01-SC"
749615;2026-02-02;"segunda-feira";"15:00:00";"MG";381;447,9;"BELO HORIZONTE";"Ausência de reação do condutor";"Colisão traseira";"Sem Vítimas";"Pleno dia";"Crescente";"Céu Claro";"Simples";"Reta";"Não";2;0;0;0;2;0;0;2;-19,83915541;-43,87840597;"SPRF-MG";"DEL01/MG";"UOP01-DEL01-MG"
749617;2026-02-02;"segunda-feira";"15:52:00";"RS";386;222;"MORMACO";"Demais falhas mecânicas ou elétricas";"Incêndio";"Sem Vítimas";"Pleno dia";"Decrescente";"Sol";"Simples";"Reta;Em Obras";"Não";18;0;0;0;18;0;0;1;-28,63939;-52,614955;"SPRF-RS";"DEL04/RS";"UOP03-DEL04-RS"
749618;2026-02-02;"segunda-feira";"15:42:00";"PR";277;71,6;"SAO JOSE DOS PINHAIS";"Reação tardia ou ineficiente do condutor";"Colisão traseira";"Com Vítimas Feridas";"Pleno dia";"Decrescente";"Chuva";"Dupla";"Reta";"Sim";2;0;1;0;1;0;1;2;-25,50785;-49,13656;"SPRF-PR";"DEL01/PR";"UOP08-DEL01-PR"
749619;2026-02-02;"segunda-feira";"14:40:00";"MG";381;651,2;"SANTO ANTONIO DO AMPARO";"Ausência de reação do condutor";"Capotamento";"Com Vítimas Feridas";"Pleno dia";"Crescente";"Nublado";"Dupla";"Aclive;Curva";"Não";1;0;1;0;0;0;1;1;-20,95637001;-44,91991997;"SPRF-MG";"DEL04/MG";"UOP02-DEL04-MG"
749622;2026-02-02;"segunda-feira";"16:05:00";"PR";376;4,5;"MANDAGUARI";"Acessar a via sem observar a presença dos outros veículos";"Colisão transversal";"Com Vítimas Feridas";"Pleno dia";"Crescente";"Sol";"Simples";"Interseção de Vias";"Sim";2;0;1;0;1;0;1;2;-23,52038;-51,68009;"SPRF-PR";"DEL09/PR";"UOP01-DEL09-PR"
749624;2026-02-02;"segunda-feira";"16:00:00";"SP";101;45;"UBATUBA";"Ultrapassagem Indevida";"Colisão lateral mesmo sentido";"Com Vítimas Feridas";"Pleno dia";"Crescente";"Chuva";"Simples";"Reta";"Sim";3;0;1;0;2;0;1;2;-23,42008037;-45,06984321;"SPRF-SP";"DEL06/SP";"UOP01-DEL06-SP"
749626;2026-02-02;"segunda-feira";"16:00:00";"SP";116;220;"GUARULHOS";"Avarias e/ou desgaste excessivo no pneu";"Queda de ocupante de veículo";"Com Vítimas Feridas";"Pleno dia";"Crescente";"Céu Claro";"Múltipla";"Reta";"Sim";2;0;2;0;0;0;2;1;-23,467581;-46,506239;"SPRF-SP";"DEL01/SP";"UOP01-DEL01-SP"
749628;2026-02-02;"segunda-feira";"07:45:00";"SC";480;130,2;"CHAPECO";"Ultrapassagem Indevida";"Colisão lateral mesmo sentido";"Com Vítimas Feridas";"Pleno dia";"Decrescente";"Sol";"Simples";"Interseção de Vias";"Sim";2;0;1;0;1;0;1;2;-27,02406943;-52,63504241;"SPRF-SC";"DEL07/SC";"UOP01-DEL07-SC"
749629;2026-02-02;"segunda-feira";"15:30:00";"PE";232;251;"ARCOVERDE";"Condutor deixou de manter distância do veículo da frente";"Colisão traseira";"Com Vítimas Feridas";"Pleno dia";"Decrescente";"Céu Claro";"Simples";"Reta;Aclive";"Sim";2;0;0;1;0;1;1;2;-8,4284585;-37,0590081;"SPRF-PE";"DEL04/PE";"UOP02-DEL04-PE"
749630;2026-02-02;"segunda-feira";"16:55:00";"RS";116;521;"PELOTAS";"Mal súbito do condutor";"Colisão com objeto";"Com Vítimas Feridas";"Pleno dia";"Decrescente";"Céu Claro";"Simples";"Reta";"Sim";3;0;3;0;0;0;3;1;-31,7084541;-52,36839294;"SPRF-RS";"DEL07/RS";"UOP01-DEL07-RS"
749631;2026-02-02;"segunda-feira";"15:30:00";"RJ";101;304;"SAO GONCALO";"Demais falhas mecânicas ou elétricas";"Queda de ocupante de veículo";"Com Vítimas Feridas";"Pleno dia";"Decrescente";"Nublado";"Dupla";"Reta";"Sim";2;0;2;0;0;0;2;1;-22,793068;-43,024872;"SPRF-RJ";"DEL02/RJ";"UOP02-DEL02-RJ"
749633;2026-02-02;"segunda-feira";"16:30:00";"RJ";101;313;"SAO GONCALO";"Trafegar com motocicleta (ou similar) entre as faixas";"Colisão lateral mesmo sentido";"Com Vítimas Feridas";"Anoitecer";"Decrescente";"Nublado";"Dupla";"Reta";"Sim";2;0;1;0;1;0;1;2;-22,81376709;-43,07399934;"SPRF-RJ";"DEL02/RJ";"UOP02-DEL02-RJ"
749634;2026-02-02;"segunda-feira";"14:30:00";"RJ";101;423,1;"MANGARATIBA";"Manobra de mudança de faixa";"Colisão lateral mesmo sentido";"Com Vítimas Feridas";"Pleno dia";"Crescente";"Céu Claro";"Dupla";"Curva";"Não";3;0;2;0;1;0;2;2;-22,9197315;-43,9534484;"SPRF-RJ";"DEL03/RJ";"UOP02-DEL03-RJ"
749636;2026-02-02;"segunda-feira";"06:55:00";"RJ";0;0;"RIO DE JANEIRO";"Demais Fenômenos da natureza";"Colisão com objeto";"Sem Vítimas";"Amanhecer";"Não Informado";"Céu Claro";"Simples";"Curva";"Não";1;0;0;0;1;0;0;1;-22,82001739;-43,32896984;"SPRF-RS";"DEL07/RS";"N/A"
749637;2026-02-02;"segunda-feira";"17:00:00";"PR";277;118;"CAMPO LARGO";"Reação tardia ou ineficiente do condutor";"Colisão traseira";"Sem Vítimas";"Pleno dia";"Crescente";"Céu Claro";"Dupla";"Reta";"Não";4;0;0;0;4;0;0;2;-25,44488285;-49,46883079;"SPRF-PR";"DEL01/PR";"UOP07-DEL01-PR"
749638;2026-02-02;"segunda-feira";"16:50:00";"SC";282;3,8;"FLORIANOPOLIS";"Condutor deixou de manter distância do veículo da frente";"Colisão traseira";"Com Vítimas Feridas";"Pleno dia";"Crescente";"Céu Claro";"Dupla";"Curva;Interseção de Vias";"Sim";2;0;0;1;0;1;1;2;-27,59503579;-48,60095361;"SPRF-SC";"DEL01/SC";"UOP01-DEL01-SC"
749639;2026-02-02;"segunda-feira";"17:15:00";"PR";277;1,1;"PARANAGUA";"Velocidade Incompatível";"Tombamento";"Com Vítimas Feridas";"Pleno dia";"Crescente";"Chuva";"Dupla";"Reta";"Sim";2;0;1;0;1;0;1;2;-25,553525;-48,55525;"SPRF-PR";"DEL01/PR";"UOP05-DEL01-PR"
749640;2026-02-02;"segunda-feira";"17:00:00";"MG";40;608,6;"CONGONHAS";"Reação tardia ou ineficiente do condutor";"Saída de leito carroçável";"Com Vítimas Feridas";"Pleno dia";"Crescente";"Céu Claro";"Simples";"Declive;Reta";"Não";1;0;1;0;0;0;1;1;-20,49371788;-43,83686543;"SPRF-MG";"DEL05/MG";"UOP02-DEL05-MG"
749641;2026-02-02;"segunda-feira";"16:35:00";"BA";415;31;"ILHEUS";"Transitar na contramão";"Colisão transversal";"Sem Vítimas";"Pleno dia";"Decrescente";"Céu Claro";"Simples";"Reta";"Não";6;0;0;0;6;0;0;2;-14,78247621;-39,24153328;"SPRF-BA";"DEL05/BA";"UOP01-DEL05-BA"
749643;2026-01-30;"sexta-feira";"13:50:00";"RJ";116;125;"MAGE";"Avarias e/ou desgaste excessivo no pneu";"Queda de ocupante de veículo";"Com Vítimas Feridas";"Pleno dia";"Decrescente";"Céu Claro";"Dupla";"Reta";"Sim";2;0;2;0;0;0;2;1;-22,64746239;-43,07181358;"SPRF-RJ";"DEL04/RJ";"UOP02-DEL04-RJ"
749646;2026-02-02;"segunda-feira";"16:45:00";"MG";40;808,8;"MATIAS BARBOSA";"Entrada inopinada do pedestre";"Atropelamento de Pedestre";"Com Vítimas Feridas";"Pleno dia";"Crescente";"Nublado";"Dupla";"Reta";"Não";2;0;0;1;1;0;1;2;-21,86706;-43,3628;"SPRF-MG";"DEL05/MG";"UOP01-DEL05-MG"
749647;2026-02-02;"segunda-feira";"15:00:00";"AL";316;63;"MARAVILHA";"Ingestão de álcool pelo condutor";"Queda de ocupante de veículo";"Com Vítimas Feridas";"Pleno dia";"Decrescente";"Sol";"Simples";"Reta;Aclive";"Não";1;0;0;1;0;0;1;1;-9,26204;-37,40711;"SPRF-AL";"DEL03-AL";"UOP02-DEL03-AL"
749649;2026-02-02;"segunda-feira";"17:30:00";"MG";40;792,2;"JUIZ DE FORA";"Acessar a via sem observar a presença dos outros veículos";"Colisão traseira";"Com Vítimas Feridas";"Pleno dia";"Crescente";"Nublado";"Dupla";"Reta;Retorno Regulamentado";"Não";2;0;2;0;0;0;2;2;-21,769653;-43,437044;"SPRF-MG";"DEL05/MG";"UOP01-DEL05-MG"
749650;2026-02-02;"segunda-feira";"17:22:00";"SP";116;214;"GUARULHOS";"Ausência de reação do condutor";"Colisão lateral mesmo sentido";"Com Vítimas Feridas";"Pleno dia";"Crescente";"Nublado";"Dupla";"Reta;Declive";"Sim";3;0;1;0;2;0;1;2;-23,44606746;-46,45265985;"SPRF-SP";"DEL01/SP";"UOP01-DEL01-SP"
749651;2026-02-02;"segunda-feira";"17:30:00";"RN";304;31;"MOSSORO";"Acessar a via sem observar a presença dos outros veículos";"Colisão transversal";"Com Vítimas Feridas";"Anoitecer";"Decrescente";"Céu Claro";"Simples";"Reta";"Sim";2;0;1;0;1;0;1;2;-5,13254597;-37,34439567;"SPRF-RN";"DEL04-RN";"UOP02-DEL04-RN"
749652;2026-02-02;"segunda-feira";"17:25:00";"PE";232;7,6;"RECIFE";"Manobra de mudança de faixa";"Colisão lateral mesmo sentido";"Com Vítimas Feridas";"Plena Noite";"Crescente";"Céu Claro";"Dupla";"Reta";"Sim";2;0;0;1;0;1;1;2;-8,07528;-34,96904;"SPRF-PE";"DEL01/PE";"UOP01-DEL01-PE"
749654;2026-02-02;"segunda-feira";"17:15:00";"SC";116;33,3;"ITAIOPOLIS";"Trafegar com motocicleta (ou similar) entre as faixas";"Colisão lateral mesmo sentido";"Com Vítimas Feridas";"Pleno dia";"Decrescente";"Nublado";"Simples";"Aclive;Reta";"Não";3;0;0;1;2;0;1;2;-26,32725863;-49,98930573;"SPRF-SC";"DEL06/SC";"UOP01-DEL06-SC"
749655;2026-02-02;"segunda-feira";"17:40:00";"SC";101;79;"ARAQUARI";"Condutor Dormindo";"Colisão traseira";"Com Vítimas Feridas";"Pleno dia";"Decrescente";"Céu Claro";"Dupla";"Curva;Retorno Regulamentado";"Não";3;0;1;0;1;1;1;3;-26,5957615;-48,7224692;"SPRF-SC";"DEL03/SC";"UOP02-DEL03-SC"
749658;2026-02-02;"segunda-feira";"17:00:00";"MT";163;117;"RONDONOPOLIS";"Condutor deixou de manter distância do veículo da frente";"Colisão traseira";"Com Vítimas Feridas";"Pleno dia";"Decrescente";"Nublado";"Dupla";"Reta";"Sim";3;0;1;0;2;0;1;2;-16,506245;-54,652342;"SPRF-MT";"DEL02/MT";"UOP01-DEL02-MT"
749659;2026-02-02;"segunda-feira";"18:15:00";"SC";116;5,5;"MAFRA";"Acessar a via sem observar a presença dos outros veículos";"Colisão transversal";"Com Vítimas Feridas";"Pleno dia";"Decrescente";"Céu Claro";"Simples";"Reta;Interseção de Vias";"Sim";2;0;1;0;1;0;1;2;-26,14563455;-49,82148528;"SPRF-SC";"DEL06/SC";"UOP01-DEL06-SC"
749661;2026-02-02;"segunda-feira";"17:40:00";"PA";316;51;"SANTA IZABEL DO PARA";"Reação tardia ou ineficiente do condutor";"Tombamento";"Com Vítimas Feridas";"Pleno dia";"Crescente";"Nublado";"Dupla";"Reta";"Não";2;0;2;0;0;0;2;1;-1,30696;-48,03351;"SPRF-PA";"DEL01/PA";"UOP01-DEL01-PA"
749663;2026-02-02;"segunda-feira";"18:00:00";"RJ";40;23;"TRES RIOS";"Ausência de reação do condutor";"Saída de leito carroçável";"Com Vítimas Feridas";"Pleno dia";"Decrescente";"Céu Claro";"Dupla";"Reta";"Não";1;0;1;0;0;0;1;1;-22,13125;-43,158062;"SPRF-RJ";"DEL05/RJ";"UOP02-DEL05-RJ"
749664;2026-02-02;"segunda-feira";"18:40:00";"SP";116;148;"SAO JOSE DOS CAMPOS";"Manobra de mudança de faixa";"Colisão lateral mesmo sentido";"Com Vítimas Feridas";"Plena Noite";"Decrescente";"Garoa/Chuvisco";"Múltipla";"Reta";"Sim";2;0;1;0;1;0;1;2;-23,198165;-45,876023;"SPRF-SP";"DEL02/SP";"UOP01-DEL02-SP"
749665;2026-02-02;"segunda-feira";"18:32:00";"ES";101;292,5;"CARIACICA";"Acesso irregular";"Colisão transversal";"Com Vítimas Feridas";"Plena Noite";"Decrescente";"Céu Claro";"Múltipla";"Reta;Interseção de Vias";"Sim";2;0;1;0;1;0;1;2;-20,31378008;-40,39539602;"SPRF-ES";"DEL01-ES";"UOP01-DEL01-ES"
749666;2026-02-02;"segunda-feira";"18:30:00";"SE";235;48;"ITABAIANA";"Reação tardia ou ineficiente do condutor";"Colisão transversal";"Com Vítimas Feridas";"Plena Noite";"Decrescente";"Céu Claro";"Simples";"Reta";"Não";1;0;1;0;0;0;1;1;-10,726729;-37,41539137;"SPRF-SE";"DEL01-SE";"UOP02-DEL01-SE"
749667;2026-02-02;"segunda-feira";"16:30:00";"PI";343;8;"PARNAIBA";"Ingestão de álcool pelo condutor";"Colisão lateral mesmo sentido";"Sem Vítimas";"Pleno dia";"Crescente";"Sol";"Simples";"Reta";"Não";2;0;0;0;2;0;0;2;-2,899934;-41,728725;"SPRF-PI";"DEL05-PI";"UOP01-DEL05-PI"
749668;2026-02-02;"segunda-feira";"17:00:00";"PI";222;25,2;"SAO JOAO DA FRONTEIRA";"Acessar a via sem observar a presença dos outros veículos";"Colisão transversal";"Com Vítimas Feridas";"Pleno dia";"Crescente";"Chuva";"Simples";"Reta";"Sim";3;0;2;1;0;0;3;2;-4,00115328;-41,44002199;"SPRF-PI";"DEL02-PI";"UOP01-DEL02-PI"
749669;2026-02-02;"segunda-feira";"16:38:00";"MG";262;12,4;"MARTINS SOARES";"Condutor deixou de manter distância do veículo da frente";"Colisão traseira";"Com Vítimas Feridas";"Pleno dia";"Crescente";"Céu Claro";"Simples";"Reta";"Não";5;0;4;0;1;0;4;2;-20,255119;-41,855452;"SPRF-MG";"DEL06/MG";"UOP03-DEL06-MG"
749670;2026-02-02;"segunda-feira";"19:10:00";"RJ";40;102;"DUQUE DE CAXIAS";"Retorno proibido";"Colisão lateral mesmo sentido";"Com Vítimas Feridas";"Plena Noite";"Decrescente";"Garoa/Chuvisco";"Dupla";"Reta";"Sim";2;0;1;0;0;1;1;2;-22,6108009;-43,2862279;"SPRF-RJ";"DEL01/RJ";"UOP02-DEL01-RJ"
749671;2026-02-02;"segunda-feira";"19:10:00";"MG";153;224,1;"FRUTAL";"Acessar a via sem observar a presença dos outros veículos";"Colisão transversal";"Com Vítimas Feridas";"Anoitecer";"Decrescente";"Nublado";"Simples";"Interseção de Vias;Curva";"Não";3;0;2;0;1;0;2;2;-20,131664;-49,109037;"SPRF-MG";"DEL13/MG";"UOP02-DEL13-MG"
749673;2026-02-02;"segunda-feira";"19:20:00";"PR";277;16;"PARANAGUA";"Demais falhas mecânicas ou elétricas";"Tombamento";"Com Vítimas Feridas";"Plena Noite";"Crescente";"Nublado";"Dupla";"Reta";"Não";2;0;2;0;0;0;2;1;-25,54349571;-48,68256267;"SPRF-PR";"DEL01/PR";"UOP05-DEL01-PR"
749674;2026-02-02;"segunda-feira";"16:10:00";"RO";364;238,2;"CACOAL";"Ausência de reação do condutor";"Colisão traseira";"Com Vítimas Feridas";"Pleno dia";"Decrescente";"Nublado";"Simples";"Reta";"Sim";2;0;1;0;1;0;1;2;-11,43746474;-61,45725701;"SPRF-RO";"DEL02-RO";"UOP02-DEL02-RO"
749675;2026-02-02;"segunda-feira";"14:40:00";"RJ";116;187;"NOVA IGUACU";"Ausência de reação do condutor";"Tombamento";"Com Vítimas Feridas";"Pleno dia";"Decrescente";"Céu Claro";"Múltipla";"Reta";"Sim";1;0;1;0;0;0;1;1;-22,73952489;-43,46884187;"SPRF-RJ";"DEL06/RJ";"UOP01-DEL06-RJ"
749676;2026-02-02;"segunda-feira";"19:18:00";"SP";116;230;"SAO PAULO";"Manobra de mudança de faixa";"Colisão lateral mesmo sentido";"Com Vítimas Feridas";"Plena Noite";"Decrescente";"Céu Claro";"Múltipla";"Reta";"Sim";3;0;0;1;2;0;1;3;-23,51708928;-46,57997131;"SPRF-SP";"DEL01/SP";"UOP01-DEL01-SP"
749678;2026-02-02;"segunda-feira";"19:25:00";"ES";447;14;"VILA VELHA";"Transitar na contramão";"Colisão frontal";"Com Vítimas Feridas";"Plena Noite";"Crescente";"Céu Claro";"Dupla";"Reta";"Sim";2;0;0;1;1;0;1;2;-20,35099357;-40,33383306;"SPRF-ES";"DEL01-ES";"UOP01-DEL01-ES"
749679;2026-02-02;"segunda-feira";"20:00:00";"SP";101;51;"UBATUBA";"Ausência de reação do condutor";"Colisão traseira";"Com Vítimas Feridas";"Plena Noite";"Decrescente";"Chuva";"Simples";"Reta;Interseção de Vias";"Não";2;0;1;0;1;0;1;2;-23,45172878;-45,07591665;"SPRF-SP";"DEL06/SP";"UOP01-DEL06-SP"
749682;2026-02-02;"segunda-feira";"20:50:00";"PB";230;19;"JOAO PESSOA";"Transitar no Acostamento";"Atropelamento de Pedestre";"Com Vítimas Feridas";"Plena Noite";"Decrescente";"Céu Claro";"Dupla";"Curva";"Sim";2;0;0;2;0;0;2;2;-7,12902109;-34,84951168;"SPRF-PB";"DEL01-PB";"UOP01-DEL01-PB"
749683;2026-02-02;"segunda-feira";"19:45:00";"RS";153;49,3;"ERECHIM";"Transitar na contramão";"Colisão transversal";"Com Vítimas Feridas";"Plena Noite";"Crescente";"Céu Claro";"Simples";"Reta";"Não";3;0;2;0;1;0;2;2;-27,65036569;-52,25644827;"SPRF-RS";"DEL08/RS";"UOP04-DEL08-RS"
749685;2026-02-02;"segunda-feira";"20:30:00";"SP";116;276,5;"EMBU DAS ARTES";"Entrada inopinada do pedestre";"Atropelamento de Pedestre";"Com Vítimas Feridas";"Plena Noite";"Crescente";"Céu Claro";"Dupla";"Reta";"Sim";2;0;1;0;1;0;1;2;-23,626449;-46,817533;"SPRF-SP";"DEL04/SP";"UOP01-DEL04-SP"