"id";"data_inversa";"dia_semana";"horario";"uf";"br";"km";"municipio";"causa_acidente";"tipo_acidente";"classificacao_acidente";"fase_dia";"sentido_via";"condicao_metereologica";"tipo_pista";"tracado_via";"uso_solo";"pessoas";"mortos";"feridos_leves";"feridos_graves";"ilesos";"ignorados";"feridos";"veiculos";"latitude";"longitude";"regional";"delegacia";"uop"
749686;2026-02-02;"segunda-feira";"19:00:00";"MS";60;592,1;"JARDIM";"Acessar a via sem observar a presença dos outros veículos";"Colisão transversal";"Com Vítimas Feridas";"Plena Noite";"Decrescente";"Nublado";"Simples";"Reta";"Sim";3;0;2;1;0;0;3;2;-21,48334157;-56,14498615;"SPRF-MS";"DEL05/MS";"UOP01-DEL05-MS"
749689;2026-02-02;"segunda-feira";"21:50:00";"RS";116;268;"CANOAS";"Ausência de reação do condutor";"Colisão com objeto";"Com Vítimas Feridas";"Plena Noite";"Decrescente";"Céu Claro";"Múltipla";"Reta";"Sim";1;0;1;0;0;0;1;1;-29,94709;-51,176729;"SPRF-RS";"DEL01/RS";"UOP01-DEL01-RS"
749690;2026-02-02;"segunda-feira";"21:40:00";"RJ";116;184;"NOVA IGUACU";"Pista Escorregadia";"Queda de ocupante de veículo";"Com Vítimas Feridas";"Plena Noite";"Crescente";"Céu Claro";"Dupla";"Reta";"Sim";2;0;1;0;1;0;1;1;-22,74810891;-43,44345896;"SPRF-RJ";"DEL06/RJ";"UOP01-DEL06-RJ"
749694;2026-02-02;"segunda-feira";"22:10:00";"SP";116;151;"SAO JOSE DOS CAMPOS";"Reação tardia ou ineficiente do condutor";"Colisão traseira";"Com Vítimas Feridas";"Plena Noite";"Decrescente";"Nublado";"Dupla";"Reta;Em Obras;Declive";"Sim";2;0;1;0;1;0;1;2;-23,22399454;-45,90362549;"SPRF-SP";"DEL02/SP";"UOP01-DEL02-SP"
749697;2026-02-02;"segunda-feira";"23:00:00";"GO";40;23;"LUZIANIA";"Mal súbito do condutor";"Eventos atípicos";"Com Vítimas Feridas";"Plena Noite";"Crescente";"Céu Claro";"Dupla";"Reta";"Sim";1;0;1;0;0;0;1;1;-16,241383;-47,909617;"SPRF-DF";"DEL01-DF";"UOP01-DEL01-DF"
749698;2026-02-02;"segunda-feira";"22:50:00";"PR";272;560;"GUAIRA";"Pedestre cruzava a pista fora da faixa";"Atropelamento de Pedestre";"Com Vítimas Fatais";"Plena Noite";"Crescente";"Céu Claro";"Simples";"Reta";"Não";3;1;0;0;2;0;0;3;-24,08222222;-54,16722222;"SPRF-PR";"DEL06/PR";"UOP01-DEL06-PR"
749703;2026-02-03;"terça-feira";"00:20:00";"PR";153;50,5;"SANTO ANTONIO DA PLATINA";"Ingestão de álcool pelo condutor";"Tombamento";"Com Vítimas Feridas";"Plena Noite";"Crescente";"Céu Claro";"Simples";"Reta;Declive";"Não";1;0;0;1;0;0;1;1;-23,36735312;-50,06559849;"SPRF-PR";"DEL07/PR";"UOP04-DEL07-PR"
749704;2026-02-03;"terça-feira";"00:40:00";"SC";101;328,8;"TUBARAO";"Ingestão de álcool pelo condutor";"Colisão com objeto";"Sem Vítimas";"Plena Noite";"Decrescente";"Céu Claro";"Múltipla";"Ponte;Reta";"Não";1;0;0;0;1;0;0;1;-28,45132298;-48,97266738;"SPRF-SC";"DEL02/SC";"UOP01-DEL02-SC"
749705;2026-02-02;"segunda-feira";"23:30:00";"MS";463;92;"PONTA PORA";"Animais na Pista";"Atropelamento de Animal";"Com Vítimas Feridas";"Plena Noite";"Crescente";"Chuva";"Simples";"Curva";"Não";1;0;0;1;0;0;1;1;-22,60217;-55,54849;"SPRF-MS";"DEL04/MS";"UOP03-DEL04-MS"
749708;2026-02-03;"terça-feira";"02:40:00";"MG";262;437;"NOVA SERRANA";"Ausência de reação do condutor";"Colisão com objeto";"Sem Vítimas";"Plena Noite";"Crescente";"Vento";"Dupla";"Reta;Aclive";"Sim";1;0;0;0;0;1;0;1;-19,89040018;-44,93202209;"SPRF-MG";"DEL08/MG";"UOP03-DEL08-MG"
749710;2026-02-03;"terça-feira";"03:00:00";"RS";392;73;"PELOTAS";"Reação tardia ou ineficiente do condutor";"Engavetamento";"Com Vítimas Feridas";"Plena Noite";"Decrescente";"Céu Claro";"Simples";"Reta";"Não";4;0;3;0;1;0;3;3;-31,7093087;-52,4016917;"SPRF-RS";"DEL07/RS";"UOP01-DEL07-RS"
749711;2026-02-02;"segunda-feira";"17:30:00";"MT";364;840;"CAMPO NOVO DO PARECIS";"Reação tardia ou ineficiente do condutor";"Tombamento";"Com Vítimas Fatais";"Pleno dia";"Decrescente";"Nublado";"Simples";"Reta";"Não";1;1;0;0;0;0;0;1;-13,93493147;-57,97659159;"SPRF-MT";"DEL01/MT";"UOP01-DEL01-MT"
749713;2026-02-03;"terça-feira";"03:20:00";"MG";354;739;"POUSO ALTO";"Animais na Pista";"Atropelamento de Animal";"Com Vítimas Feridas";"Plena Noite";"Decrescente";"Céu Claro";"Simples";"Curva;Declive";"Não";1;0;1;0;0;0;1;1;-22,205612;-44,957812;"SPRF-MG";"DEL17/MG";"UOP01-DEL17-MG"
749718;2026-02-02;"segunda-feira";"18:45:00";"PR";277;77;"SAO JOSE DOS PINHAIS";"Reação tardia ou ineficiente do condutor";"Colisão traseira";"Com Vítimas Feridas";"Anoitecer";"Crescente";"Nublado";"Dupla";"Reta";"Não";2;0;1;0;1;0;1;2;-25,49116786;-49,17359948;"SPRF-PR";"DEL01/PR";"UOP08-DEL01-PR"
749719;2026-02-03;"terça-feira";"06:30:00";"PE";104;63;"CARUARU";"Manobra de mudança de faixa";"Colisão lateral mesmo sentido";"Com Vítimas Feridas";"Pleno dia";"Crescente";"Céu Claro";"Dupla";"Reta";"Sim";2;0;0;1;1;0;1;2;-8,259148;-35,976097;"SPRF-PE";"DEL02/PE";"UOP01-DEL02-PE"
749720;2026-02-03;"terça-feira";"07:05:00";"SC";470;63;"BLUMENAU";"Acessar a via sem observar a presença dos outros veículos";"Tombamento";"Com Vítimas Feridas";"Pleno dia";"Crescente";"Chuva";"Simples";"Reta";"Sim";2;0;1;0;1;0;1;2;-26,8787316;-49,1746988;"SPRF-SC";"DEL04/SC";"UOP01-DEL04-SC"
749721;2026-02-02;"segunda-feira";"09:20:00";"RR";0;0;"BOA VISTA";"Demais falhas mecânicas ou elétricas";"Queda de ocupante de veículo";"Com Vítimas Feridas";"Pleno dia";"Não Informado";"Céu Claro";"Dupla";"Reta;Aclive";"Sim";1;0;1;0;0;0;1;1;2,78937497;-60,69897791;"SPRF-RR";"DEL01-RR";"N/A"
749723;2026-02-03;"terça-feira";"07:00:00";"GO";40;7;"VALPARAISO DE GOIAS";"Entrada inopinada do pedestre";"Atropelamento de Pedestre";"Com Vítimas Feridas";"Pleno dia";"Crescente";"Céu Claro";"Dupla";"Reta";"Sim";2;0;0;2;0;0;2;2;-16,10893678;-47,97184467;"SPRF-DF";"DEL01-DF";"UOP01-DEL01-DF"
749725;2026-02-03;"terça-feira";"07:45:00";"PB";230;20,1;"JOAO PESSOA";"Demais falhas mecânicas ou elétricas";"Incêndio";"Sem Vítimas";"Pleno dia";"Crescente";"Céu Claro";"Dupla";"Reta;Viaduto;Aclive";"Sim";1;0;0;0;1;0;0;1;-7,137095;-34,854092;"SPRF-PB";"DEL01-PB";"UOP01-DEL01-PB"
749726;2026-02-03;"terça-feira";"05:45:00";"RJ";116;104,8;"GUAPIMIRIM";"Velocidade Incompatível";"Colisão frontal";"Com Vítimas Fatais";"Plena Noite";"Crescente";"Céu Claro";"Simples";"Curva";"Não";7;1;0;3;3;0;3;4;-22,5359395;-42,9855591;"SPRF-RJ";"DEL04/RJ";"UOP01-DEL04-RJ"
749727;2026-02-03;"terça-feira";"06:30:00";"SC";101;180,1;"GOVERNADOR CELSO RAMOS";"Reação tardia ou ineficiente do condutor";"Saída de leito carroçável";"Com Vítimas Feridas";"Pleno dia";"Crescente";"Garoa/Chuvisco";"Múltipla";"Reta;Aclive";"Sim";1;0;0;1;0;0;1;1;-27,38191379;-48,63072395;"SPRF-SC";"DEL01/SC";"UOP01-DEL01-SC"
749728;2026-02-03;"terça-feira";"07:20:00";"ES";101;309,9;"VIANA";"Condutor Dormindo";"Saída de leito carroçável";"Com Vítimas Feridas";"Pleno dia";"Crescente";"Céu Claro";"Dupla";"Curva;Aclive";"Não";1;0;1;0;0;0;1;1;-20,42289683;-40,45981407;"SPRF-ES";"DEL01-ES";"UOP01-DEL01-ES"
749730;2026-02-03;"terça-feira";"08:20:00";"GO";40;6;"VALPARAISO DE GOIAS";"Área urbana sem a presença de local apropriado para a travessia de pedestres";"Atropelamento de Pedestre";"Com Vítimas Feridas";"Pleno dia";"Decrescente";"Céu Claro";"Dupla";"Aclive";"Sim";2;0;0;1;0;1;1;2;-16,1044757;-47,97476113;"SPRF-DF";"DEL01-DF";"UOP01-DEL01-DF"
749731;2026-02-03;"terça-feira";"07:30:00";"PR";467;108,2;"CASCAVEL";"Ausência de reação do condutor";"Tombamento";"Com Vítimas Feridas";"Pleno dia";"Crescente";"Nublado";"Dupla";"Curva";"Não";2;0;1;0;0;1;1;2;-24,92219;-53,46999;"SPRF-PR";"DEL04/PR";"UOP01-DEL04-PR"
749732;2026-02-03;"terça-feira";"00:30:00";"RJ";116;278;"BARRA MANSA";"Demais falhas mecânicas ou elétricas";"Incêndio";"Sem Vítimas";"Plena Noite";"Decrescente";"Garoa/Chuvisco";"Simples";"Reta";"Não";1;0;0;0;0;1;0;1;-22,5529538;-44,17759029;"SPRF-RJ";"DEL07/RJ";"UOP02-DEL07-RJ"
749733;2026-02-03;"terça-feira";"08:10:00";"RS";290;86;"PORTO ALEGRE";"Ausência de reação do condutor";"Capotamento";"Sem Vítimas";"Pleno dia";"Crescente";"Céu Claro";"Dupla";"Curva";"Não";1;0;0;0;0;1;0;1;-29,96686738;-51,11739669;"SPRF-RS";"DEL01/RS";"UOP01-DEL01-RS"
749734;2026-02-03;"terça-feira";"07:30:00";"SC";282;21,7;"SANTO AMARO DA IMPERATRIZ";"Ingestão de álcool pelo condutor";"Colisão traseira";"Com Vítimas Feridas";"Pleno dia";"Crescente";"Chuva";"Simples";"Reta";"Sim";2;0;1;0;1;0;1;2;-27,68824982;-48,72633934;"SPRF-SC";"DEL01/SC";"UOP02-DEL01-SC"
749735;2026-02-03;"terça-feira";"07:10:00";"RO";364;13;"VILHENA";"Reação tardia ou ineficiente do condutor";"Colisão traseira";"Sem Vítimas";"Pleno dia";"Decrescente";"Céu Claro";"Dupla";"Reta";"Sim";2;0;0;0;2;0;0;2;-12,74057;-60,13363;"SPRF-RO";"DEL04-RO";"UOP01-DEL04-RO"
749736;2026-02-03;"terça-feira";"08:15:00";"PR";277;83,4;"CURITIBA";"Manobra de mudança de faixa";"Colisão traseira";"Com Vítimas Feridas";"Pleno dia";"Crescente";"Nublado";"Dupla";"Reta";"Sim";2;0;0;1;1;0;1;2;-25,446771;-49,230969;"SPRF-PR";"DEL01/PR";"UOP03-DEL01-PR"
749737;2026-02-03;"terça-feira";"07:20:00";"CE";116;19;"EUSEBIO";"Acumulo de areia ou detritos sobre o pavimento";"Queda de ocupante de veículo";"Com Vítimas Feridas";"Pleno dia";"Crescente";"Céu Claro";"Múltipla";"Retorno Regulamentado";"Sim";2;0;2;0;0;0;2;1;-3,9185993;-38,5071546;"SPRF-CE";"DEL01/CE";"UOP02-DEL01-CE"
749738;2026-02-03;"terça-feira";"07:53:00";"PE";101;50;"ABREU E LIMA";"Manobra de mudança de faixa";"Colisão lateral mesmo sentido";"Com Vítimas Feridas";"Pleno dia";"Crescente";"Céu Claro";"Múltipla";"Reta;Retorno Regulamentado";"Sim";2;0;1;0;0;1;1;2;-7,91471646;-34,89884946;"SPRF-PE";"DEL01/PE";"UOP02-DEL01-PE"
749740;2026-02-03;"terça-feira";"07:55:00";"GO";60;387;"RIO VERDE";"Manobra de mudança de faixa";"Colisão lateral mesmo sentido";"Com Vítimas Feridas";"Pleno dia";"Crescente";"Chuva";"Dupla";"Reta";"Sim";2;0;0;1;1;0;1;2;-17,82057;-50,946487;"SPRF-GO";"DEL04/GO";"UOP02-DEL04-GO"
749741;2026-02-03;"terça-feira";"08:40:00";"SP";116;230;"SAO PAULO";"Ausência de reação do condutor";"Colisão traseira";"Com Vítimas Feridas";"Pleno dia";"Crescente";"Nublado";"Múltipla";"Reta";"Sim";4;0;1;0;3;0;1;3;-23,51661169;-46,5802273;"SPRF-SP";"DEL01/SP";"UOP01-DEL01-SP"
749742;2026-02-03;"terça-feira";"08:00:00";"RJ";116;192;"NOVA IGUACU";"Reação tardia ou ineficiente do condutor";"Tombamento";"Com Vítimas Feridas";"Pleno dia";"Crescente";"Céu Claro";"Dupla";"Reta";"Sim";1;0;1;0;0;0;1;1;-22,7426411;-43,5185651;"SPRF-RJ";"DEL06/RJ";"UOP01-DEL06-RJ"
749743;2026-02-03;"terça-feira";"04:40:00";"RN";427;14;"ACARI";"Animais na Pista";"Atropelamento de Animal";"Com Vítimas Feridas";"Plena Noite";"Decrescente";"Céu Claro";"Simples";"Declive;Reta";"Não";1;0;1;0;0;0;1;1;-6,347212;-36,58915;"SPRF-RN";"DEL03-RN";"UOP02-DEL03-RN"
749744;2026-02-03;"terça-feira";"08:30:00";"SP";381;48;"ATIBAIA";"Condutor deixou de manter distância do veículo da frente";"Colisão traseira";"Com Vítimas Feridas";"Pleno dia";"Crescente";"Garoa/Chuvisco";"Dupla";"Reta";"Não";4;0;2;0;2;0;2;2;-23,19131143;-46,58477783;"SPRF-SP";"DEL03/SP";"UOP01-DEL03-SP"
749745;2026-02-03;"terça-feira";"08:40:00";"MG";381;481;"CONTAGEM";"Manobra de mudança de faixa";"Colisão lateral mesmo sentido";"Com Vítimas Feridas";"Pleno dia";"Decrescente";"Chuva";"Múltipla";"Reta;Declive";"Sim";2;0;1;1;0;0;2;2;-19,958788;-44,061035;"SPRF-MG";"DEL01/MG";"UOP03-DEL01-MG"
749746;2026-02-03;"terça-feira";"08:30:00";"PR";116;120;"CURITIBA";"Trafegar com motocicleta (ou similar) entre as faixas";"Colisão lateral mesmo sentido";"Com Vítimas Feridas";"Pleno dia";"Decrescente";"Céu Claro";"Dupla";"Reta";"Não";3;0;0;1;2;0;1;3;-25,580405;-49,312965;"SPRF-PR";"DEL01/PR";"UOP03-DEL01-PR"
749747;2026-02-03;"terça-feira";"08:50:00";"RJ";101;321;"NITEROI";"Reação tardia ou ineficiente do condutor";"Engavetamento";"Com Vítimas Feridas";"Pleno dia";"Crescente";"Céu Claro";"Múltipla";"Reta";"Não";6;0;1;0;5;0;1;5;-22,8724;-43,1103;"SPRF-RJ";"DEL02/RJ";"UOP01-DEL02-RJ"
749748;2026-02-03;"terça-feira";"09:10:00";"SC";153;110;"CONCORDIA";"Ausência de reação do condutor";"Colisão traseira";"Com Vítimas Feridas";"Pleno dia";"Crescente";"Céu Claro";"Simples";"Curva";"Não";2;0;2;0;0;0;2;2;-27,3200707;-51,9830501;"SPRF-SC";"DEL07/SC";"UOP04-DEL07-SC"
749749;2026-02-03;"terça-feira";"08:32:00";"PE";232;24,6;"MORENO";"Reação tardia ou ineficiente do condutor";"Engavetamento";"Sem Vítimas";"Pleno dia";"Decrescente";"Céu Claro";"Dupla";"Curva;Aclive";"Não";3;0;0;0;3;0;0;3;-8,110308;-35,105755;"SPRF-PE";"DEL02/PE";"UOP02-DEL02PE"
749750;2026-02-03;"terça-feira";"09:43:00";"PR";277;59;"SAO JOSE DOS PINHAIS";"Acessar a via sem observar a presença dos outros veículos";"Colisão lateral mesmo sentido";"Com Vítimas Feridas";"Pleno dia";"Decrescente";"Céu Claro";"Dupla";"Reta;Declive";"Não";3;0;0;1;2;0;1;2;-25,55173416;-49,03790474;"SPRF-PR";"DEL01/PR";"UOP01-DEL01-PR"
749752;2026-02-03;"terça-feira";"09:20:00";"MG";40;458;"CAETANOPOLIS";"Ausência de reação do condutor";"Tombamento";"Com Vítimas Feridas";"Pleno dia";"Crescente";"Céu Claro";"Dupla";"Reta";"Não";2;0;2;0;0;0;2;1;-19,37391;-44,33667;"SPRF-MG";"DEL02/MG";"UOP01-DEL02-MG"
749754;2026-01-31;"sábado";"00:00:00";"PR";277;11;"PARANAGUA";"Reação tardia ou ineficiente do condutor";"Colisão com objeto";"Sem Vítimas";"Plena Noite";"Crescente";"Nublado";"Dupla";"Curva";"Sim";3;0;0;0;3;0;0;1;-25,564802;-48,629302;"SPRF-PR";"DEL01/PR";"UOP05-DEL01-PR"
749755;2026-01-31;"sábado";"06:00:00";"PR";277;20;"MORRETES";"Reação tardia ou ineficiente do condutor";"Saída de leito carroçável";"Com Vítimas Feridas";"Pleno dia";"Crescente";"Céu Claro";"Dupla";"Reta;Ponte";"Não";1;0;1;0;0;0;1;1;-25,53319;-48,713345;"SPRF-PR";"DEL01/PR";"UOP05-DEL01-PR"
749756;2026-02-03;"terça-feira";"08:20:00";"PI";402;36;"PARNAIBA";"Acessar a via sem observar a presença dos outros veículos";"Colisão transversal";"Com Vítimas Feridas";"Pleno dia";"Crescente";"Céu Claro";"Simples";"Reta";"Sim";2;0;0;1;1;0;1;2;-2,94762902;-41,73220933;"SPRF-PI";"DEL05-PI";"UOP01-DEL05-PI"
749757;2026-02-03;"terça-feira";"10:29:00";"PE";101;46;"IGARASSU";"Condutor deixou de manter distância do veículo da frente";"Colisão traseira";"Com Vítimas Feridas";"Pleno dia";"Decrescente";"Céu Claro";"Dupla";"Reta";"Sim";3;0;2;0;1;0;2;2;-7,877334;-34,905472;"SPRF-PE";"DEL01/PE";"UOP02-DEL01-PE"
749759;2026-02-03;"terça-feira";"08:20:00";"SC";101;31,3;"SAO JOSE";"Reação tardia ou ineficiente do condutor";"Tombamento";"Com Vítimas Feridas";"Pleno dia";"Crescente";"Céu Claro";"Simples";"Rotatória";"Não";1;0;1;0;0;0;1;1;-27,5863;-48,69574;"SPRF-SC";"DEL01/SC";"UOP02-DEL01-SC"
749761;2026-02-03;"terça-feira";"09:50:00";"RS";290;86;"PORTO ALEGRE";"Condutor Dormindo";"Colisão traseira";"Sem Vítimas";"Pleno dia";"Crescente";"Céu Claro";"Múltipla";"Reta";"Não";3;0;0;0;3;0;0;3;-29,96819635;-51,12370751;"SPRF-RS";"DEL01/RS";"UOP01-DEL01-RS"
749766;2026-01-03;"sábado";"12:00:00";"BA";242;488;"OLIVEIRA DOS BREJINHOS";"Pista esburacada";"Tombamento";"Com Vítimas Feridas";"Pleno dia";"Crescente";"Céu Claro";"Simples";"Curva;Declive";"Não";2;0;1;1;0;0;2;1;-12,411331;-42,363148;"SPRF-BA";"DEL06/BA";"UOP01-DEL06-BA"
749769;2026-02-03;"terça-feira";"10:30:00";"RO";319;139;"PORTO VELHO";"Condutor deixou de manter distância do veículo da frente";"Colisão traseira";"Com Vítimas Feridas";"Pleno dia";"Decrescente";"Céu Claro";"Dupla";"Reta";"Sim";2;0;1;0;1;0;1;2;-8,74234256;-63,90256721;"SPRF-RO";"DEL01-RO";"UOP01-DEL01-RO"
749771;2026-02-03;"terça-feira";"07:20:00";"SC";282;101,7;"ALFREDO WAGNER";"Velocidade Incompatível";"Saída de leito carroçável";"Com Vítimas Feridas";"Pleno dia";"Decrescente";"Garoa/Chuvisco";"Simples";"Reta";"Não";5;0;4;1;0;0;5;1;-27,694173;-49,312033;"SPRF-SC";"DEL01/SC";"UOP03-DEL01-SC"
749775;2026-02-03;"terça-feira";"11:45:00";"SP";116;210,5;"GUARULHOS";"Reação tardia ou ineficiente do condutor";"Colisão com objeto";"Com Vítimas Feridas";"Pleno dia";"Decrescente";"Garoa/Chuvisco";"Múltipla";"Interseção de Vias";"Sim";5;0;4;0;1;0;4;1;-23,43187286;-46,41779113;"SPRF-SP";"DEL01/SP";"UOP01-DEL01-SP"
749777;2026-02-01;"domingo";"17:30:00";"BA";415;51,5;"ITABUNA";"Ultrapassagem Indevida";"Colisão transversal";"Com Vítimas Feridas";"Plena Noite";"Decrescente";"Céu Claro";"Simples";"Reta";"Sim";2;0;1;0;0;1;1;2;-14,837267;-39,325467;"SPRF-BA";"DEL05/BA";"UOP01-DEL05-BA"
749778;2026-02-03;"terça-feira";"12:00:00";"GO";414;440;"ANAPOLIS";"Acesso irregular";"Colisão transversal";"Com Vítimas Feridas";"Pleno dia";"Crescente";"Céu Claro";"Simples";"Declive;Reta";"Não";3;0;2;0;1;0;2;2;-16,28299381;-48,94294882;"SPRF-GO";"DEL02/GO";"UOP01-DEL02-GO"
749781;2026-02-03;"terça-feira";"10:20:00";"SC";470;27,3;"ILHOTA";"Reação tardia ou ineficiente do condutor";"Saída de leito carroçável";"Com Vítimas Feridas";"Pleno dia";"Decrescente";"Nublado";"Dupla";"Reta";"Não";2;0;2;0;0;0;2;1;-26,89252;-48,88825;"SPRF-SC";"DEL04/SC";"UOP01-DEL04-SC"
749784;2026-02-03;"terça-feira";"12:00:00";"ES";101;335;"GUARAPARI";"Acumulo de areia ou detritos sobre o pavimento";"Colisão com objeto";"Com Vítimas Feridas";"Pleno dia";"Crescente";"Céu Claro";"Dupla";"Curva;Viaduto";"Não";1;0;1;0;0;0;1;1;-20,62766342;-40,52785635;"SPRF-ES";"DEL03-ES";"UOP01-DEL03-ES"
749786;2026-02-03;"terça-feira";"12:35:00";"PB";101;99;"CONDE";"Reação tardia ou ineficiente do condutor";"Saída de leito carroçável";"Com Vítimas Feridas";"Pleno dia";"Crescente";"Sol";"Dupla";"Reta";"Sim";1;0;0;1;0;0;1;1;-7,2578719;-34,935019;"SPRF-PB";"DEL01-PB";"UOP01-DEL01-PB"
749787;2026-02-03;"terça-feira";"12:25:00";"PA";316;23;"BENEVIDES";"Transitar na contramão";"Colisão transversal";"Com Vítimas Feridas";"Pleno dia";"Crescente";"Céu Claro";"Simples";"Reta;Interseção de Vias";"Sim";2;0;1;0;1;0;1;2;-1,3373;-48,2416;"SPRF-PA";"DEL01/PA";"UOP01-DEL01-PA"
749788;2026-02-03;"terça-feira";"11:14:00";"MT";364;208;"RONDONOPOLIS";"Ausência de reação do condutor";"Colisão traseira";"Sem Vítimas";"Pleno dia";"Crescente";"Sol";"Dupla";"Reta";"Sim";3;0;0;0;3;0;0;3;-16,4171178;-54,7067092;"SPRF-MT";"DEL02/MT";"UOP01-DEL02-MT"
749789;2026-02-03;"terça-feira";"12:45:00";"MG";40;790,8;"JUIZ DE FORA";"Demais falhas mecânicas ou elétricas";"Tombamento";"Com Vítimas Feridas";"Pleno dia";"Decrescente";"Nublado";"Dupla";"Reta";"Não";2;0;0;2;0;0;2;1;-21,77264667;-43,43490807;"SPRF-MG";"DEL05/MG";"UOP01-DEL05-MG"
749790;2026-01-30;"sexta-feira";"18:50:00";"BA";101;620;"MASCOTE";"Velocidade Incompatível";"Colisão lateral sentido oposto";"Com Vítimas Feridas";"Plena Noite";"Decrescente";"Céu Claro";"Simples";"Reta";"Não";3;0;1;0;2;0;1;2;-15,59321521;-39,41830158;"SPRF-BA";"DEL05/BA";"UOP02-DEL05-BA"
749791;2026-02-03;"terça-feira";"11:00:00";"MT";70;1,5;"BARRA DO GARCAS";"Pista Escorregadia";"Colisão lateral mesmo sentido";"Com Vítimas Feridas";"Pleno dia";"Decrescente";"Chuva";"Simples";"Declive";"Sim";2;0;1;0;1;0;1;2;-15,88988803;-52,264494;"SPRF-MT";"DEL07/MT";"UOP01-DEL07-MT"
749794;2026-01-11;"domingo";"16:50:00";"SC";282;446;"PONTE SERRADA";"Ultrapassagem Indevida";"Saída de leito carroçável";"Com Vítimas Feridas";"Pleno dia";"Crescente";"Céu Claro";"Simples";"Curva";"Não";2;0;0;1;0;1;1;2;-26,9123695;-51,90526128;"SPRF-SC";"DEL07/SC";"UOP04-DEL07-SC"
749795;2026-01-24;"sábado";"23:54:00";"PR";369;141;"IBIPORA";"Acessar a via sem observar a presença dos outros veículos";"Colisão transversal";"Com Vítimas Feridas";"Plena Noite";"Crescente";"Céu Claro";"Dupla";"Rotatória";"Sim";3;0;1;0;1;1;1;2;-23,28566813;-51,07427923;"SPRF-PR";"DEL07/PR";"UOP01-DEL07-PR"
749797;2026-01-23;"sexta-feira";"02:00:00";"GO";20;67,3;"FORMOSA";"Reação tardia ou ineficiente do condutor";"Saída de leito carroçável";"Com Vítimas Fatais";"Plena Noite";"Decrescente";"Chuva";"Simples";"Declive";"Não";3;1;0;0;2;0;0;1;-15,194598;-47,151688;"SPRF-DF";"DEL02-DF";"UOP02-DEL02-DF"
749798;2026-02-03;"terça-feira";"11:15:00";"MG";116;416,2;"GOVERNADOR VALADARES";"Desrespeitar a preferência no cruzamento";"Colisão transversal";"Com Vítimas Fatais";"Pleno dia";"Crescente";"Céu Claro";"Simples";"Reta";"Sim";3;1;0;2;0;0;2;2;-18,89946;-41,94604;"SPRF-MG";"DEL06/MG";"UOP01-DEL06-MG"
749799;2026-02-03;"terça-feira";"13:20:00";"MG";381;5;"BETIM";"Velocidade Incompatível";"Saída de leito carroçável";"Com Vítimas Feridas";"Pleno dia";"Crescente";"Céu Claro";"Dupla";"Curva";"Não";2;0;1;0;1;0;1;2;-19,988779;-44,195671;"SPRF-MG";"DEL01/MG";"UOP03-DEL01-MG"
749800;2026-02-03;"terça-feira";"11:35:00";"GO";60;94,3;"ANAPOLIS";"Afundamento ou ondulação no pavimento";"Tombamento";"Com Vítimas Feridas";"Pleno dia";"Decrescente";"Nublado";"Dupla";"Interseção de Vias";"Sim";1;0;0;1;0;0;1;1;-16,360763;-48,932524;"SPRF-GO";"DEL02/GO";"UOP01-DEL02-GO"
749802;2026-02-03;"terça-feira";"13:30:00";"PB";230;23,2;"JOAO PESSOA";"Velocidade Incompatível";"Engavetamento";"Com Vítimas Feridas";"Pleno dia";"Decrescente";"Sol";"Dupla";"Reta";"Sim";4;0;0;1;3;0;1;3;-7,160522;-34,85977;"SPRF-PB";"DEL01-PB";"UOP01-DEL01-PB"
749804;2026-02-03;"terça-feira";"11:50:00";"SC";282;580,9;"PINHALZINHO";"Acessar a via sem observar a presença dos outros veículos";"Colisão transversal";"Com Vítimas Feridas";"Pleno dia";"Crescente";"Chuva";"Simples";"Reta";"Sim";2;0;1;1;0;0;2;2;-26,83603632;-52,98997276;"SPRF-SC";"DEL07/SC";"UOP02-DEL07-SC"
749805;2026-02-03;"terça-feira";"12:00:00";"RO";364;740;"PORTO VELHO";"Demais falhas mecânicas ou elétricas";"Incêndio";"Sem Vítimas";"Pleno dia";"Crescente";"Céu Claro";"Simples";"Reta";"Não";4;0;0;0;4;0;0;1;-9,00319917;-64,00659911;"SPRF-RO";"DEL01-RO";"UOP02-DEL01-RO"
749806;2026-02-03;"terça-feira";"10:30:00";"SC";163;103;"SAO JOSE DO CEDRO";"Acessar a via sem observar a presença dos outros veículos";"Colisão traseira";"Com Vítimas Feridas";"Pleno dia";"Crescente";"Chuva";"Múltipla";"Reta;Interseção de Vias";"Sim";2;0;1;0;0;1;1;2;-26,46330519;-53,50641909;"SPRF-SC";"DEL07/SC";"UOP03-DEL07-SC"
749808;2026-02-03;"terça-feira";"14:10:00";"SP";116;220;"GUARULHOS";"Reação tardia ou ineficiente do condutor";"Queda de ocupante de veículo";"Com Vítimas Feridas";"Pleno dia";"Crescente";"Nevoeiro/Neblina";"Múltipla";"Reta";"Sim";1;0;1;0;0;0;1;1;-23,46497508;-46,50006143;"SPRF-SP";"DEL01/SP";"UOP01-DEL01-SP"
749809;2026-02-03;"terça-feira";"13:30:00";"MG";40;794;"JUIZ DE FORA";"Manobra de mudança de faixa";"Colisão lateral mesmo sentido";"Com Vítimas Feridas";"Pleno dia";"Decrescente";"Céu Claro";"Dupla";"Reta;Retorno Regulamentado";"Sim";3;0;0;1;1;1;1;3;-21,779286;-43,424281;"SPRF-MG";"DEL05/MG";"UOP01-DEL05-MG"
749810;2026-01-05;"segunda-feira";"10:00:00";"MG";365;226,5;"BURITIZEIRO";"Acumulo de água sobre o pavimento";"Saída de leito carroçável";"Com Vítimas Feridas";"Pleno dia";"Crescente";"Chuva";"Simples";"Reta";"Não";3;0;3;0;0;0;3;1;-17,64770268;-45,40649414;"SPRF-MG";"DEL10/MG";"UOP02-DEL010-MG"