"id";"data_inversa";"dia_semana";"horario";"uf";"br";"km";"municipio";"causa_acidente";"tipo_acidente";"classificacao_acidente";"fase_dia";"sentido_via";"condicao_metereologica";"tipo_pista";"tracado_via";"uso_solo";"pessoas";"mortos";"feridos_leves";"feridos_graves";"ilesos";"ignorados";"feridos";"veiculos";"latitude";"longitude";"regional";"delegacia";"uop"
750292;2026-02-05;"quinta-feira";"20:35:00";"SC";101;198,7;"SAO JOSE";"Ausência de reação do condutor";"Colisão lateral mesmo sentido";"Sem Vítimas";"Plena Noite";"Crescente";"Céu Claro";"Dupla";"Reta";"Sim";2;0;0;0;2;0;0;2;-27,532832;-48,631378;"SPRF-SC";"DEL01/SC";"UOP01-DEL01-SC"
750296;2026-02-05;"quinta-feira";"19:20:00";"PI";343;592,4;"FLORIANO";"Acessar a via sem observar a presença dos outros veículos";"Colisão frontal";"Com Vítimas Feridas";"Plena Noite";"Crescente";"Céu Claro";"Simples";"Reta";"Sim";3;0;0;2;1;0;2;2;-6,7796936;-43,03571856;"SPRF-PI";"DEL03-PI";"UOP01-DEL03-PI"
750297;2026-02-05;"quinta-feira";"21:02:00";"PE";407;129,8;"PETROLINA";"Retorno proibido";"Colisão transversal";"Com Vítimas Feridas";"Plena Noite";"Crescente";"Céu Claro";"Múltipla";"Ponte";"Sim";2;0;1;0;1;0;1;2;-9,40593467;-40,50449657;"SPRF-PE";"DEL06/PE";"UOP01-DEL06-PE"
750298;2026-02-05;"quinta-feira";"13:00:00";"SC";101;202;"SAO JOSE";"Condutor deixou de manter distância do veículo da frente";"Colisão traseira";"Com Vítimas Feridas";"Pleno dia";"Crescente";"Céu Claro";"Múltipla";"Reta";"Não";2;0;1;0;1;0;1;2;-27,55687967;-48,61878142;"SPRF-SC";"DEL01/SC";"UOP01-DEL01-SC"
750299;2026-02-05;"quinta-feira";"18:15:00";"RO";364;343;"JI-PARANA";"Acesso irregular";"Atropelamento de Pedestre";"Com Vítimas Feridas";"Pleno dia";"Crescente";"Chuva";"Dupla";"Reta";"Sim";4;0;2;0;2;0;2;3;-10,877718;-61,946938;"SPRF-RO";"DEL02-RO";"UOP01-DEL02-RO"
750300;2026-02-05;"quinta-feira";"21:00:00";"MG";40;750;"SANTOS DUMONT";"Acumulo de água sobre o pavimento";"Colisão frontal";"Com Vítimas Feridas";"Plena Noite";"Crescente";"Chuva";"Simples";"Curva;Aclive";"Não";2;0;2;0;0;0;2;2;-21,49155677;-43,53570398;"SPRF-MG";"DEL05/MG";"UOP01-DEL05-MG"
750301;2026-02-05;"quinta-feira";"20:15:00";"RJ";493;22;"MAGE";"Desrespeitar a preferência no cruzamento";"Colisão transversal";"Com Vítimas Feridas";"Plena Noite";"Decrescente";"Chuva";"Simples";"Em Obras;Desvio Temporário";"Sim";2;0;1;0;0;1;1;2;-22,657834;-43,05663;"SPRF-RJ";"DEL04/RJ";"UOP02-DEL04-RJ"
750306;2026-02-05;"quinta-feira";"20:14:00";"PE";101;186,3;"PALMARES";"Manobra de mudança de faixa";"Colisão lateral mesmo sentido";"Com Vítimas Feridas";"Plena Noite";"Decrescente";"Céu Claro";"Dupla";"Reta";"Sim";2;0;0;1;1;0;1;2;-8,68475;-35,581305;"SPRF-PE";"DEL01/PE";"UOP03-DEL01-PE"
750307;2026-02-05;"quinta-feira";"21:10:00";"SC";116;6,1;"MAFRA";"Reação tardia ou ineficiente do condutor";"Colisão com objeto";"Sem Vítimas";"Plena Noite";"Crescente";"Céu Claro";"Simples";"Reta";"Sim";1;0;0;0;0;1;0;1;-26,147972;-49,825272;"SPRF-SC";"DEL06/SC";"UOP01-DEL06-SC"
750310;2026-02-05;"quinta-feira";"18:40:00";"MA";226;1,6;"TIMON";"Transitar na contramão";"Colisão frontal";"Com Vítimas Feridas";"Plena Noite";"Decrescente";"Céu Claro";"Simples";"Reta";"Sim";2;0;0;1;1;0;1;2;-5,13439;-42,82858;"SPRF-MA";"DEL03-MA";"UOP02-DEL03-MA"
750311;2026-02-05;"quinta-feira";"18:00:00";"RS";386;37,5;"FREDERICO WESTPHALEN";"Transitar no Acostamento";"Colisão transversal";"Sem Vítimas";"Pleno dia";"Decrescente";"Céu Claro";"Simples";"Reta";"Sim";2;0;0;0;2;0;0;2;-27,38672903;-53,39964716;"SPRF-RS";"DEL08/RS";"UOP02-DEL08-RS"
750314;2026-02-05;"quinta-feira";"22:00:00";"RJ";493;1;"ITABORAI";"Pedestre andava na pista";"Atropelamento de Pedestre";"Com Vítimas Fatais";"Plena Noite";"Crescente";"Chuva";"Simples";"Reta";"Sim";2;1;0;0;0;1;0;2;-22,766771;-42,9228254;"SPRF-RJ";"DEL02/RJ";"UOP02-DEL02-RJ"
750315;2026-02-05;"quinta-feira";"20:40:00";"RS";158;565;"SANTANA DO LIVRAMENTO";"Acessar a via sem observar a presença dos outros veículos";"Colisão transversal";"Com Vítimas Feridas";"Plena Noite";"Decrescente";"Céu Claro";"Simples";"Reta;Interseção de Vias";"Sim";2;0;0;1;0;1;1;2;-30,8764173;-55,51075101;"SPRF-RS";"DEL11/RS";"UOP01-DEL11-RS"
750317;2026-02-05;"quinta-feira";"19:55:00";"RO";364;521,6;"ARIQUEMES";"Acostamento em desnível";"Tombamento";"Com Vítimas Feridas";"Plena Noite";"Crescente";"Céu Claro";"Simples";"Reta";"Não";1;0;1;0;0;0;1;1;-9,864597;-63,058093;"SPRF-RO";"DEL03-RO";"UOP01-DEL03-RO"
750318;2026-02-05;"quinta-feira";"22:00:00";"SP";116;211;"GUARULHOS";"Frear bruscamente";"Tombamento";"Com Vítimas Feridas";"Plena Noite";"Crescente";"Céu Claro";"Múltipla";"Reta;Declive";"Sim";3;0;1;1;0;1;2;2;-23,434603;-46,425483;"SPRF-SP";"DEL01/SP";"UOP01-DEL01-SP"
750319;2026-02-05;"quinta-feira";"20:00:00";"CE";230;49,5;"LAVRAS DA MANGABEIRA";"Condutor deixou de manter distância do veículo da frente";"Colisão traseira";"Com Vítimas Feridas";"Plena Noite";"Decrescente";"Nublado";"Simples";"Reta";"Não";4;0;0;4;0;0;4;2;-6,766694;-39,04466;"SPRF-CE";"DEL05/CE";"UOP01-DEL05-CE"
750320;2026-02-05;"quinta-feira";"22:40:00";"PE";232;508;"SALGUEIRO";"Ingestão de álcool pelo condutor";"Colisão com objeto";"Sem Vítimas";"Plena Noite";"Decrescente";"Céu Claro";"Simples";"Interseção de Vias";"Sim";1;0;0;0;1;0;0;1;-8,06282453;-39,12311499;"SPRF-PE";"DEL05/PE";"UOP01-DEL05-PE"
750321;2026-02-05;"quinta-feira";"21:30:00";"MG";381;884;"ESTIVA";"Reação tardia ou ineficiente do condutor";"Saída de leito carroçável";"Sem Vítimas";"Plena Noite";"Crescente";"Chuva";"Dupla";"Reta";"Não";1;0;0;0;0;1;0;1;-22,4958654;-46,01362824;"SPRF-MG";"DEL16/MG";"UOP01-DEL16-MG"
750322;2026-02-05;"quinta-feira";"23:30:00";"ES";101;282;"CARIACICA";"Ausência de reação do condutor";"Tombamento";"Com Vítimas Feridas";"Plena Noite";"Decrescente";"Nublado";"Dupla";"Reta";"Sim";1;0;1;0;0;0;1;1;-20,23254;-40,3679;"SPRF-ES";"DEL01-ES";"UOP01-DEL01-ES"
750323;2026-02-05;"quinta-feira";"22:44:00";"PR";277;177;"PALMEIRA";"Reação tardia ou ineficiente do condutor";"Colisão traseira";"Sem Vítimas";"Plena Noite";"Decrescente";"Céu Claro";"Simples";"Reta;Viaduto";"Sim";4;0;0;0;4;0;0;2;-25,43477;-50,00859;"SPRF-PR";"DEL08/PR";"UOP02-DEL08-PR"
750324;2026-02-05;"quinta-feira";"21:15:00";"MT";70;284;"PRIMAVERA DO LESTE";"Ultrapassagem Indevida";"Saída de leito carroçável";"Sem Vítimas";"Plena Noite";"Decrescente";"Céu Claro";"Simples";"Reta";"Sim";2;0;0;0;2;0;0;1;-15,5734764;-54,31846619;"SPRF-MT";"DEL05/MT";"UOP01-DEL05-MT"
750327;2026-02-05;"quinta-feira";"23:29:00";"BA";324;517;"FEIRA DE SANTANA";"Acessar a via sem observar a presença dos outros veículos";"Colisão traseira";"Com Vítimas Feridas";"Plena Noite";"Crescente";"Céu Claro";"Simples";"Reta";"Sim";3;0;2;0;1;0;2;2;-12,260667;-38,93229;"SPRF-BA";"DEL02/BA";"UOP01-DEL02-BA"
750329;2026-02-06;"sexta-feira";"00:05:00";"SC";282;556,1;"NOVA ITABERABA";"Condutor Dormindo";"Colisão com objeto";"Sem Vítimas";"Plena Noite";"Decrescente";"Céu Claro";"Dupla";"Reta";"Não";2;0;0;0;2;0;0;1;-26,933674;-52,813163;"SPRF-SC";"DEL07/SC";"UOP01-DEL07-SC"
750330;2026-02-06;"sexta-feira";"01:00:00";"PE";101;69,5;"RECIFE";"Manobra de mudança de faixa";"Colisão lateral mesmo sentido";"Com Vítimas Feridas";"Plena Noite";"Crescente";"Nublado";"Dupla";"Reta";"Sim";3;0;2;0;0;1;2;2;-8,06399346;-34,94442908;"SPRF-PE";"DEL01/PE";"UOP01-DEL01-PE"
750331;2026-02-06;"sexta-feira";"01:25:00";"MG";381;478;"CONTAGEM";"Pedestre andava na pista";"Atropelamento de Pedestre";"Com Vítimas Feridas";"Plena Noite";"Crescente";"Céu Claro";"Dupla";"Reta";"Não";2;0;0;1;0;1;1;2;-19,923;-44,053;"SPRF-MG";"DEL01/MG";"UOP03-DEL01-MG"
750332;2026-02-06;"sexta-feira";"01:10:00";"PR";376;133,8;"NOVA ESPERANCA";"Animais na Pista";"Atropelamento de Animal";"Com Vítimas Feridas";"Plena Noite";"Decrescente";"Céu Claro";"Dupla";"Declive;Reta";"Sim";3;0;3;0;0;0;3;1;-23,18557109;-52,21202938;"SPRF-PR";"DEL09/PR";"UOP02-DEL09-PR"
750334;2026-02-05;"quinta-feira";"20:00:00";"RJ";393;105;"SAPUCAIA";"Acumulo de água sobre o pavimento";"Colisão frontal";"Com Vítimas Fatais";"Plena Noite";"Crescente";"Chuva";"Simples";"Reta";"Sim";4;1;0;0;3;0;0;4;-21,88557156;-42,6943671;"SPRF-RJ";"DEL05/RJ";"UOP01-DEL05-RJ"
750335;2026-02-05;"quinta-feira";"19:30:00";"MT";364;271;"JACIARA";"Demais falhas mecânicas ou elétricas";"Incêndio";"Sem Vítimas";"Plena Noite";"Decrescente";"Nublado";"Dupla";"Reta";"Sim";1;0;0;0;1;0;0;1;-15,968763;-54,959657;"SPRF-MT";"DEL05/MT";"UOP02-DEL05-MT"
750338;2026-02-06;"sexta-feira";"03:20:00";"SE";235;2;"ARACAJU";"Condutor Dormindo";"Saída de leito carroçável";"Sem Vítimas";"Plena Noite";"Decrescente";"Céu Claro";"Dupla";"Reta;Aclive";"Não";1;0;0;0;1;0;0;1;-10,9071867;-37,09621668;"SPRF-SE";"DEL01-SE";"UOP01-DEL01-SE"
750339;2026-02-06;"sexta-feira";"02:30:00";"MT";364;507;"ROSARIO OESTE";"Ausência de reação do condutor";"Saída de leito carroçável";"Com Vítimas Feridas";"Plena Noite";"Decrescente";"Chuva";"Simples";"Reta";"Não";1;0;1;0;0;0;1;1;-15,13402;-56,52214;"SPRF-MT";"DEL01/MT";"UOP01-DEL01-MT"
750341;2026-02-06;"sexta-feira";"04:50:00";"ES";101;338,7;"GUARAPARI";"Condutor Dormindo";"Tombamento";"Com Vítimas Feridas";"Amanhecer";"Crescente";"Céu Claro";"Dupla";"Reta";"Não";1;0;1;0;0;0;1;1;-20,64379;-40,55576;"SPRF-ES";"DEL03-ES";"UOP01-DEL03-ES"
750342;2026-02-06;"sexta-feira";"05:45:00";"GO";60;223;"CEZARINA";"Avarias e/ou desgaste excessivo no pneu";"Queda de ocupante de veículo";"Com Vítimas Feridas";"Amanhecer";"Crescente";"Nevoeiro/Neblina";"Dupla";"Reta";"Não";1;0;1;0;0;0;1;1;-16,98479216;-49,75186497;"SPRF-GO";"DEL01/GO";"UOP02-DEL01-GO"
750351;2026-02-06;"sexta-feira";"06:20:00";"SC";282;343;"CAMPOS NOVOS";"Ausência de reação do condutor";"Colisão traseira";"Com Vítimas Feridas";"Pleno dia";"Decrescente";"Sol";"Simples";"Reta";"Não";3;0;1;1;1;0;2;2;-27,38933491;-51,2268877;"SPRF-SC";"DEL07/SC";"UOP06-DEL07-SC"
750352;2026-02-06;"sexta-feira";"07:20:00";"SP";381;43,8;"ATIBAIA";"Demais falhas mecânicas ou elétricas";"Queda de ocupante de veículo";"Com Vítimas Feridas";"Pleno dia";"Decrescente";"Céu Claro";"Dupla";"Reta";"Sim";2;0;1;0;1;0;1;1;-23,1190499;-46,57468185;"SPRF-SP";"DEL03/SP";"UOP01-DEL03-SP"
750353;2026-02-06;"sexta-feira";"07:00:00";"ES";101;151,7;"LINHARES";"Condutor deixou de manter distância do veículo da frente";"Colisão traseira";"Com Vítimas Feridas";"Pleno dia";"Crescente";"Céu Claro";"Simples";"Curva";"Não";2;0;2;0;0;0;2;2;-19,417184;-40,068412;"SPRF-ES";"DEL04-ES";"UOP01-DEL04-ES"
750354;2026-02-06;"sexta-feira";"07:15:00";"BA";324;612;"SIMOES FILHO";"Condutor deixou de manter distância do veículo da frente";"Colisão traseira";"Com Vítimas Feridas";"Pleno dia";"Crescente";"Céu Claro";"Múltipla";"Reta";"Não";2;0;0;1;1;0;1;2;-12,85748827;-38,42116926;"SPRF-BA";"DEL01/BA";"UOP01-DEL01-BA"
750357;2026-02-06;"sexta-feira";"07:52:00";"PR";369;154;"LONDRINA";"Reação tardia ou ineficiente do condutor";"Colisão traseira";"Sem Vítimas";"Pleno dia";"Crescente";"Céu Claro";"Dupla";"Curva";"Sim";2;0;0;0;2;0;0;2;-23,298467;-51,195573;"SPRF-PR";"DEL07/PR";"UOP01-DEL07-PR"
750358;2026-02-06;"sexta-feira";"07:50:00";"RS";116;260;"CANOAS";"Ausência de reação do condutor";"Tombamento";"Com Vítimas Feridas";"Pleno dia";"Crescente";"Céu Claro";"Dupla";"Reta";"Sim";2;0;2;0;0;0;2;1;-29,87469288;-51,17993488;"SPRF-RS";"DEL01/RS";"UOP01-DEL01-RS"
750359;2026-02-06;"sexta-feira";"07:10:00";"PE";116;22;"SALGUEIRO";"Acessar a via sem observar a presença dos outros veículos";"Colisão transversal";"Com Vítimas Feridas";"Pleno dia";"Decrescente";"Céu Claro";"Simples";"Reta";"Não";2;0;1;0;1;0;1;2;-8,037876;-39,140917;"SPRF-PE";"DEL05/PE";"UOP01-DEL05-PE"
750360;2026-02-06;"sexta-feira";"07:20:00";"BA";324;543;"AMELIA RODRIGUES";"Acumulo de areia ou detritos sobre o pavimento";"Queda de ocupante de veículo";"Com Vítimas Feridas";"Pleno dia";"Crescente";"Céu Claro";"Dupla";"Declive";"Não";1;0;1;0;0;0;1;1;-12,38568553;-38,79251861;"SPRF-BA";"DEL11/BA";"UOP02-DEL11-BA"
750361;2026-02-06;"sexta-feira";"08:15:00";"SC";101;191,4;"BIGUACU";"Reação tardia ou ineficiente do condutor";"Colisão lateral mesmo sentido";"Com Vítimas Feridas";"Pleno dia";"Decrescente";"Céu Claro";"Dupla";"Curva";"Não";2;0;1;0;1;0;1;2;-27,4802;-48,6456;"SPRF-SC";"DEL01/SC";"UOP01-DEL01-SC"
750362;2026-02-06;"sexta-feira";"07:50:00";"GO";40;9;"LUZIANIA";"Pedestre andava na pista";"Atropelamento de Pedestre";"Com Vítimas Feridas";"Pleno dia";"Decrescente";"Garoa/Chuvisco";"Dupla";"Reta";"Sim";2;0;1;0;1;0;1;2;-16,12483504;-47,96168668;"SPRF-DF";"DEL01-DF";"UOP01-DEL01-DF"
750365;2026-02-06;"sexta-feira";"08:10:00";"ES";101;268,1;"SERRA";"Manobra de mudança de faixa";"Colisão lateral mesmo sentido";"Com Vítimas Feridas";"Pleno dia";"Crescente";"Céu Claro";"Dupla";"Reta";"Sim";3;0;2;0;1;0;2;2;-20,209355;-40,269626;"SPRF-ES";"DEL02-ES";"UOP01-DEL02-ES"
750368;2026-02-06;"sexta-feira";"08:10:00";"PR";369;148;"LONDRINA";"Reação tardia ou ineficiente do condutor";"Colisão traseira";"Com Vítimas Feridas";"Pleno dia";"Crescente";"Céu Claro";"Dupla";"Reta";"Sim";2;0;1;0;1;0;1;2;-23,293085;-51,144352;"SPRF-PR";"DEL07/PR";"UOP01-DEL07-PR"
750369;2026-02-06;"sexta-feira";"08:15:00";"SP";101;46;"UBATUBA";"Trafegar com motocicleta (ou similar) entre as faixas";"Colisão lateral sentido oposto";"Com Vítimas Feridas";"Pleno dia";"Decrescente";"Céu Claro";"Simples";"Reta";"Não";2;0;1;0;1;0;1;2;-23,42243437;-45,07256381;"SPRF-SP";"DEL06/SP";"UOP01-DEL06-SP"
750370;2026-01-22;"quinta-feira";"15:30:00";"BA";116;228;"EUCLIDES DA CUNHA";"Demais falhas mecânicas ou elétricas";"Incêndio";"Com Vítimas Feridas";"Pleno dia";"Crescente";"Céu Claro";"Simples";"Reta";"Não";1;0;1;0;0;0;1;1;-10,60109544;-38,973808;"SPRF-BA";"DEL07/BA";"UOP03-DEL07-BA"
750371;2026-02-06;"sexta-feira";"08:20:00";"RS";472;132;"TRES DE MAIO";"Mal súbito do condutor";"Colisão transversal";"Com Vítimas Feridas";"Pleno dia";"Crescente";"Sol";"Simples";"Rotatória";"Sim";2;0;2;0;0;0;2;2;-27,75247218;-54,24353278;"SPRF-RS";"DEL10/RS";"UOP01-DEL10-RS"
750374;2026-02-06;"sexta-feira";"08:06:00";"BA";324;532;"CONCEICAO DO JACUIPE";"Ausência de reação do condutor";"Colisão traseira";"Com Vítimas Feridas";"Pleno dia";"Decrescente";"Céu Claro";"Dupla";"Aclive;Reta";"Não";3;0;1;0;2;0;1;2;-12,3490381;-38,835742;"SPRF-BA";"DEL11/BA";"UOP02-DEL11-BA"
750375;2026-02-06;"sexta-feira";"07:10:00";"MG";40;519,3;"RIBEIRAO DAS NEVES";"Manobra de mudança de faixa";"Colisão lateral mesmo sentido";"Com Vítimas Feridas";"Pleno dia";"Crescente";"Nublado";"Dupla";"Reta";"Sim";3;0;1;0;2;0;1;3;-19,8349973;-44,0792424;"SPRF-MG";"DEL01/MG";"UOP02-DEL01-MG"
750376;2026-02-06;"sexta-feira";"09:00:00";"SP";116;146;"SAO JOSE DOS CAMPOS";"Reação tardia ou ineficiente do condutor";"Colisão traseira";"Com Vítimas Feridas";"Pleno dia";"Crescente";"Nublado";"Dupla";"Declive";"Sim";2;0;1;0;1;0;1;2;-23,19275605;-45,8675766;"SPRF-SP";"DEL02/SP";"UOP01-DEL02-SP"
750379;2026-02-06;"sexta-feira";"07:20:00";"RJ";101;389;"RIO DE JANEIRO";"Condutor deixou de manter distância do veículo da frente";"Colisão traseira";"Com Vítimas Feridas";"Pleno dia";"Crescente";"Nublado";"Múltipla";"Reta";"Não";3;0;1;0;1;1;1;2;-22,89459955;-43,67717743;"SPRF-RJ";"DEL03/RJ";"UOP01-DEL03-RJ"
750382;2026-02-06;"sexta-feira";"08:20:00";"GO";153;566;"PROFESSOR JAMIL";"Reação tardia ou ineficiente do condutor";"Colisão lateral mesmo sentido";"Com Vítimas Feridas";"Pleno dia";"Crescente";"Nublado";"Dupla";"Reta";"Sim";7;0;2;0;5;0;2;2;-17,258145;-49,241748;"SPRF-GO";"DEL03/GO";"UOP01-DEL03-GO"
750386;2026-02-06;"sexta-feira";"09:50:00";"MG";251;470;"FRANCISCO SA";"Velocidade Incompatível";"Saída de leito carroçável";"Sem Vítimas";"Pleno dia";"Crescente";"Chuva";"Simples";"Reta;Declive";"Não";2;0;0;0;2;0;0;1;-16,4666134;-43,4332311;"SPRF-MG";"DEL12/MG";"UOP01-DEL12-MG"
750390;2026-02-06;"sexta-feira";"08:50:00";"RJ";116;148;"DUQUE DE CAXIAS";"Demais falhas mecânicas ou elétricas";"Tombamento";"Com Vítimas Feridas";"Pleno dia";"Decrescente";"Sol";"Dupla";"Reta";"Sim";2;0;2;0;0;0;2;1;-22,671098;-43,277367;"SPRF-RJ";"DEL01/RJ";"UOP02-DEL01-RJ"
750392;2026-02-06;"sexta-feira";"09:30:00";"SC";282;137,9;"BOM RETIRO";"Acessar a via sem observar a presença dos outros veículos";"Colisão transversal";"Com Vítimas Feridas";"Pleno dia";"Decrescente";"Céu Claro";"Simples";"Reta";"Não";6;0;3;0;3;0;3;2;-27,82559;-49,57519;"SPRF-SC";"DEL05/SC";"UOP01-DEL05-SC"
750393;2026-02-06;"sexta-feira";"09:41:00";"PB";101;27;"RIO TINTO";"Chuva";"Colisão com objeto";"Com Vítimas Feridas";"Pleno dia";"Crescente";"Chuva";"Dupla";"Reta";"Não";5;0;2;0;3;0;2;1;-6,72233;-35,11979;"SPRF-PB";"DEL01-PB";"UOP03-DEL01-PB"
750395;2026-02-06;"sexta-feira";"08:30:00";"RO";364;426,2;"JARU";"Acessar a via sem observar a presença dos outros veículos";"Colisão transversal";"Com Vítimas Feridas";"Pleno dia";"Decrescente";"Garoa/Chuvisco";"Simples";"Reta";"Sim";2;0;1;0;1;0;1;2;-10,43284361;-62,47954845;"SPRF-RO";"DEL03-RO";"UOP02-DEL03-RO"
750396;2026-02-06;"sexta-feira";"10:45:00";"SP";116;145;"SAO JOSE DOS CAMPOS";"Ausência de reação do condutor";"Colisão lateral mesmo sentido";"Com Vítimas Feridas";"Pleno dia";"Decrescente";"Céu Claro";"Dupla";"Aclive;Reta";"Sim";2;0;0;1;1;0;1;2;-23,18892726;-45,85810176;"SPRF-SP";"DEL02/SP";"UOP01-DEL02-SP"
750399;2026-02-06;"sexta-feira";"07:30:00";"MA";135;22;"SAO LUIS";"Acessar a via sem observar a presença dos outros veículos";"Colisão transversal";"Com Vítimas Feridas";"Amanhecer";"Decrescente";"Céu Claro";"Dupla";"Reta";"Sim";4;0;0;1;3;0;1;2;-2,563363;-44,317407;"SPRF-MA";"DEL01-MA";"UOP01-DEL01-MA"
750401;2026-02-06;"sexta-feira";"11:00:00";"DF";40;0;"BRASILIA";"Ausência de reação do condutor";"Queda de ocupante de veículo";"Com Vítimas Feridas";"Pleno dia";"Crescente";"Nublado";"Dupla";"Reta";"Não";1;0;1;0;0;0;1;1;-15,8171136;-47,9756288;"SPRF-DF";"DEL01-DF";"UOP01-DEL01-DF"
750402;2026-02-06;"sexta-feira";"11:00:00";"PE";101;78;"JABOATAO DOS GUARARAPES";"Ausência de reação do condutor";"Colisão traseira";"Com Vítimas Feridas";"Pleno dia";"Decrescente";"Céu Claro";"Dupla";"Reta";"Não";2;0;1;1;0;0;2;2;-8,14033;-34,94666;"SPRF-PE";"DEL01/PE";"UOP01-DEL01-PE"
750407;2026-02-06;"sexta-feira";"11:59:00";"ES";101;141;"LINHARES";"Ausência de reação do condutor";"Saída de leito carroçável";"Com Vítimas Feridas";"Pleno dia";"Crescente";"Céu Claro";"Dupla";"Reta";"Não";1;0;1;0;0;0;1;1;-19,31261156;-40,07891305;"SPRF-ES";"DEL04-ES";"UOP01-DEL04-ES"
750408;2026-02-06;"sexta-feira";"08:30:00";"PR";277;81;"CURITIBA";"Condutor deixou de manter distância do veículo da frente";"Colisão lateral mesmo sentido";"Com Vítimas Feridas";"Pleno dia";"Crescente";"Céu Claro";"Dupla";"Reta";"Sim";2;0;1;0;1;0;1;2;-25,45940887;-49,22088001;"SPRF-PR";"DEL01/PR";"UOP03-DEL01-PR"
750411;2026-02-06;"sexta-feira";"12:00:00";"RS";116;267;"CANOAS";"Manobra de mudança de faixa";"Colisão lateral mesmo sentido";"Com Vítimas Feridas";"Pleno dia";"Decrescente";"Céu Claro";"Dupla";"Reta";"Sim";4;0;4;0;0;0;4;4;-29,95269272;-51,17623365;"SPRF-RS";"DEL01/RS";"UOP01-DEL01-RS"
750414;2026-02-06;"sexta-feira";"12:22:00";"BA";101;264;"SANTO ANTONIO DE JESUS";"Acessar a via sem observar a presença dos outros veículos";"Colisão lateral mesmo sentido";"Com Vítimas Feridas";"Pleno dia";"Crescente";"Céu Claro";"Simples";"Reta";"Sim";2;0;1;0;1;0;1;2;-12,979798;-39,285733;"SPRF-BA";"DEL11/BA";"UOP01-DEL11-BA"
750416;2026-02-06;"sexta-feira";"09:10:00";"MG";381;642;"SANTO ANTONIO DO AMPARO";"Chuva";"Colisão com objeto";"Com Vítimas Feridas";"Pleno dia";"Crescente";"Chuva";"Dupla";"Reta";"Não";1;0;1;0;0;0;1;1;-20,89217354;-44,85580444;"SPRF-MG";"DEL04/MG";"UOP01-DEL04-MG"
750418;2026-02-06;"sexta-feira";"12:20:00";"RN";110;44,4;"MOSSORO";"Acessar a via sem observar a presença dos outros veículos";"Colisão transversal";"Com Vítimas Feridas";"Pleno dia";"Crescente";"Céu Claro";"Simples";"Interseção de Vias";"Sim";3;0;2;0;1;0;2;2;-5,19090867;-37,30880857;"SPRF-RN";"DEL04-RN";"UOP01-DEL04-RN"
750419;2026-01-24;"sábado";"09:15:00";"SC";282;568;"NOVA ERECHIM";"Ultrapassagem Indevida";"Saída de leito carroçável";"Com Vítimas Feridas";"Pleno dia";"Crescente";"Céu Claro";"Simples";"Reta";"Não";3;0;2;0;0;1;2;2;-26,90393117;-52,91135788;"SPRF-SC";"DEL07/SC";"UOP02-DEL07-SC"
750420;2026-02-06;"sexta-feira";"12:15:00";"RS";290;142,3;"ELDORADO DO SUL";"Acessar a via sem observar a presença dos outros veículos";"Colisão transversal";"Com Vítimas Feridas";"Pleno dia";"Crescente";"Céu Claro";"Simples";"Reta";"Não";5;0;3;0;2;0;3;2;-30,0916293;-51,6326189;"SPRF-RS";"DEL02/RS";"UOP01-DEL02-RS"
750424;2026-01-12;"segunda-feira";"08:30:00";"PR";277;7;"FOZ DO IGUACU";"Faixas de trânsito com largura insuficiente";"Atropelamento de Pedestre";"Com Vítimas Feridas";"Pleno dia";"Decrescente";"Sol";"Simples";"Em Obras;Interseção de Vias";"Não";2;0;2;0;0;0;2;2;-25,57426596;-54,5499301;"SPRF-PR";"DEL05/PR";"UOP04-DEL05-PR"
750429;2026-02-06;"sexta-feira";"14:15:00";"GO";60;92;"ANAPOLIS";"Velocidade Incompatível";"Saída de leito carroçável";"Sem Vítimas";"Pleno dia";"Decrescente";"Chuva";"Dupla";"Reta";"Sim";1;0;0;0;0;1;0;1;-16,348241;-48,908501;"SPRF-GO";"DEL02/GO";"UOP01-DEL02-GO"
750431;2026-02-06;"sexta-feira";"13:50:00";"SC";153;89,6;"CONCORDIA";"Condutor deixou de manter distância do veículo da frente";"Colisão traseira";"Com Vítimas Feridas";"Pleno dia";"Crescente";"Céu Claro";"Simples";"Rotatória";"Sim";2;0;1;0;1;0;1;2;-27,19162841;-51,93597617;"SPRF-SC";"DEL07/SC";"UOP04-DEL07-SC"
750432;2026-02-06;"sexta-feira";"13:30:00";"RJ";101;477;"ANGRA DOS REIS";"Reação tardia ou ineficiente do condutor";"Colisão frontal";"Com Vítimas Feridas";"Pleno dia";"Crescente";"Céu Claro";"Simples";"Curva";"Sim";2;0;1;0;1;0;1;2;-22,989899;-44,241966;"SPRF-RJ";"DEL03/RJ";"UOP03-DEL03-RJ"
750433;2026-02-06;"sexta-feira";"13:30:00";"SE";101;116;"ITAPORANGA DAJUDA";"Reação tardia ou ineficiente do condutor";"Tombamento";"Com Vítimas Feridas";"Pleno dia";"Crescente";"Céu Claro";"Dupla";"Reta";"Sim";1;0;1;0;0;0;1;1;-11,00263;-37,307815;"SPRF-SE";"DEL02-SE";"UOP01-DEL02-SE"