"id";"data_inversa";"dia_semana";"horario";"uf";"br";"km";"municipio";"causa_acidente";"tipo_acidente";"classificacao_acidente";"fase_dia";"sentido_via";"condicao_metereologica";"tipo_pista";"tracado_via";"uso_solo";"pessoas";"mortos";"feridos_leves";"feridos_graves";"ilesos";"ignorados";"feridos";"veiculos";"latitude";"longitude";"regional";"delegacia";"uop"
750552;2026-02-06;"sexta-feira";"20:45:00";"MG";262;752,5;"UBERABA";"Ingestão de álcool pelo condutor";"Capotamento";"Com Vítimas Feridas";"Plena Noite";"Decrescente";"Céu Claro";"Simples";"Reta";"Não";2;0;1;0;1;0;1;1;-19,61765779;-48,00329089;"SPRF-MG";"DEL13/MG";"UOP01-DEL13-MG"
750554;2026-02-06;"sexta-feira";"21:40:00";"PR";153;352,5;"REBOUCAS";"Transitar na contramão";"Colisão transversal";"Com Vítimas Feridas";"Plena Noite";"Crescente";"Céu Claro";"Simples";"Curva";"Não";2;0;1;0;0;1;1;2;-25,625975;-50,720721;"SPRF-PR";"DEL08/PR";"UOP02-DEL08-PR"
750557;2026-02-06;"sexta-feira";"22:30:00";"BA";116;584;"NOVA ITARANA";"Condutor deixou de manter distância do veículo da frente";"Colisão traseira";"Com Vítimas Feridas";"Plena Noite";"Crescente";"Céu Claro";"Simples";"Curva;Aclive";"Não";6;0;3;0;3;0;3;2;-13,1299967;-39,99275;"SPRF-BA";"DEL03/BA";"UOP02-DEL03-BA"
750558;2026-02-06;"sexta-feira";"22:30:00";"MG";262;438,9;"NOVA SERRANA";"Conversão proibida";"Colisão lateral mesmo sentido";"Com Vítimas Feridas";"Plena Noite";"Decrescente";"Vento";"Dupla";"Reta";"Sim";3;0;1;0;1;1;1;3;-19,87082926;-44,98398099;"SPRF-MG";"DEL08/MG";"UOP03-DEL08-MG"
750559;2026-02-06;"sexta-feira";"21:40:00";"MS";163;489,7;"CAMPO GRANDE";"Ingestão de álcool pelo condutor";"Colisão traseira";"Com Vítimas Feridas";"Plena Noite";"Crescente";"Céu Claro";"Simples";"Reta;Declive";"Não";3;0;2;0;0;1;2;2;-20,403261;-54,553921;"SPRF-MS";"DEL01/MS";"UOP02-DEL01-MS"
750562;2026-02-06;"sexta-feira";"22:00:00";"PI";316;47;"LAGOA DO PIAUI";"Demais Fenômenos da natureza";"Colisão com objeto";"Com Vítimas Feridas";"Plena Noite";"Crescente";"Vento";"Simples";"Reta";"Não";3;0;3;0;0;0;3;1;-5,47933557;-42,63825417;"SPRF-PI";"DEL01-PI";"UOP02-DEL01-PI"
750564;2026-02-06;"sexta-feira";"21:45:00";"MT";364;248;"JUSCIMEIRA";"Manobra de mudança de faixa";"Tombamento";"Com Vítimas Feridas";"Plena Noite";"Decrescente";"Nublado";"Dupla";"Reta;Em Obras";"Não";1;0;1;0;0;0;1;1;-16,126733;-54,843551;"SPRF-MT";"DEL02/MT";"UOP01-DEL02-MT"
750566;2026-02-06;"sexta-feira";"23:45:00";"PR";369;143;"LONDRINA";"Conversão proibida";"Colisão traseira";"Com Vítimas Feridas";"Plena Noite";"Decrescente";"Céu Claro";"Simples";"Reta";"Sim";2;0;1;0;0;1;1;2;-23,29291519;-51,09679498;"SPRF-PR";"DEL07/PR";"UOP01-DEL07-PR"
750569;2026-02-07;"sábado";"01:30:00";"GO";40;93,1;"CRISTALINA";"Ausência de reação do condutor";"Colisão com objeto";"Com Vítimas Feridas";"Plena Noite";"Crescente";"Nublado";"Dupla";"Curva";"Não";1;0;0;1;0;0;1;1;-16,73652;-47,619505;"SPRF-DF";"DEL01-DF";"UOP02-DEL01-DF"
750570;2026-02-07;"sábado";"00:30:00";"PR";277;662,9;"MATELANDIA";"Demais falhas mecânicas ou elétricas";"Incêndio";"Sem Vítimas";"Plena Noite";"Decrescente";"Céu Claro";"Dupla";"Reta";"Não";1;0;0;0;0;1;0;1;-25,25361816;-53,99566619;"SPRF-PR";"DEL05/PR";"UOP02-DEL05-PR"
750571;2026-02-07;"sábado";"01:28:00";"SC";101;214,8;"PALHOCA";"Velocidade Incompatível";"Colisão com objeto";"Sem Vítimas";"Plena Noite";"Decrescente";"Céu Claro";"Múltipla";"Reta";"Sim";1;0;0;0;0;1;0;1;-27,65195708;-48,6759123;"SPRF-SC";"DEL01/SC";"UOP02-DEL01-SC"
750573;2026-02-07;"sábado";"02:00:00";"MG";262;458,9;"BOM DESPACHO";"Condutor Dormindo";"Colisão com objeto";"Com Vítimas Fatais";"Plena Noite";"Decrescente";"Chuva";"Simples";"Reta;Ponte";"Não";2;1;0;0;1;0;0;2;-19,79223;-45,1553;"SPRF-MG";"DEL08/MG";"UOP03-DEL08-MG"
750574;2026-02-07;"sábado";"01:10:00";"RS";470;153,8;"NOVA PRATA";"Velocidade Incompatível";"Tombamento";"Com Vítimas Fatais";"Plena Noite";"Decrescente";"Céu Claro";"Simples";"Rotatória";"Sim";2;1;0;1;0;0;1;1;-28,76762362;-51,62228328;"SPRF-RS";"DEL06/RS";"UOP02-DEL06-RS"
750575;2026-02-07;"sábado";"02:03:00";"PI";343;307,2;"ALTOS";"Ausência de reação do condutor";"Colisão com objeto";"Sem Vítimas";"Plena Noite";"Decrescente";"Chuva";"Simples";"Reta";"Sim";1;0;0;0;0;1;0;1;-5,039537;-42,460808;"SPRF-PI";"DEL01-PI";"UOP01-DEL01-PI"
750577;2026-02-07;"sábado";"02:30:00";"PR";376;227;"APUCARANA";"Ingestão de álcool pelo condutor";"Capotamento";"Com Vítimas Feridas";"Plena Noite";"Decrescente";"Céu Claro";"Dupla";"Reta";"Não";1;0;1;0;0;0;1;1;-23,581066;-51,555868;"SPRF-PR";"DEL07/PR";"UOP03-DEL07-PR"
750578;2026-02-07;"sábado";"02:40:00";"BA";242;825;"BARREIRAS";"Velocidade Incompatível";"Saída de leito carroçável";"Com Vítimas Feridas";"Plena Noite";"Decrescente";"Céu Claro";"Dupla";"Curva";"Não";2;0;2;0;0;0;2;1;-12,11857294;-45,04485637;"SPRF-BA";"DEL10/BA";"UOP01-DEL10-BA"
750579;2026-02-07;"sábado";"04:00:00";"ES";101;296,9;"CARIACICA";"Velocidade Incompatível";"Colisão traseira";"Sem Vítimas";"Plena Noite";"Crescente";"Céu Claro";"Dupla";"Curva";"Sim";2;0;0;0;0;2;0;2;-20,34546188;-40,41050434;"SPRF-ES";"DEL01-ES";"UOP01-DEL01-ES"
750580;2026-02-07;"sábado";"03:50:00";"SC";158;104,6;"CUNHA PORA";"Reação tardia ou ineficiente do condutor";"Saída de leito carroçável";"Com Vítimas Feridas";"Plena Noite";"Decrescente";"Céu Claro";"Simples";"Reta";"Não";2;0;1;0;1;0;1;1;-26,8784834;-53,14926599;"SPRF-SC";"DEL07/SC";"UOP02-DEL07-SC"
750581;2026-02-07;"sábado";"02:40:00";"RS";116;644,5;"JAGUARAO";"Ausência de reação do condutor";"Saída de leito carroçável";"Sem Vítimas";"Plena Noite";"Crescente";"Céu Claro";"Simples";"Reta";"Não";1;0;0;0;1;0;0;1;-32,44576704;-53,2653122;"SPRF-RS";"DEL07/RS";"UOP03-DEL07-RS"
750582;2026-02-07;"sábado";"04:11:00";"SC";280;25,6;"ARAQUARI";"Área urbana sem a presença de local apropriado para a travessia de pedestres";"Atropelamento de Pedestre";"Com Vítimas Fatais";"Amanhecer";"Decrescente";"Céu Claro";"Simples";"Reta";"Sim";3;1;0;0;0;2;0;2;-26,38732;-48,73116;"SPRF-SC";"DEL03/SC";"UOP03-DEL03-SC"
750583;2026-02-07;"sábado";"03:30:00";"GO";60;64;"ABADIANIA";"Ingestão de álcool pelo condutor";"Saída de leito carroçável";"Com Vítimas Feridas";"Plena Noite";"Decrescente";"Nevoeiro/Neblina";"Dupla";"Reta";"Não";1;0;1;0;0;0;1;1;-16,201337;-48,737512;"SPRF-GO";"DEL02/GO";"UOP01-DEL02-GO"
750584;2026-02-07;"sábado";"03:30:00";"PR";376;161,4;"MARINGA";"Velocidade Incompatível";"Colisão traseira";"Com Vítimas Feridas";"Plena Noite";"Decrescente";"Céu Claro";"Dupla";"Reta";"Sim";1;0;1;0;0;0;1;1;-23,3685;-52,065542;"SPRF-PR";"DEL09/PR";"UOP02-DEL09-PR"
750585;2026-02-07;"sábado";"03:00:00";"MG";381;847;"POUSO ALEGRE";"Demais falhas mecânicas ou elétricas";"Incêndio";"Sem Vítimas";"Plena Noite";"Crescente";"Nublado";"Dupla";"Reta";"Não";1;0;0;0;1;0;0;1;-22,21549;-45,86957;"SPRF-MG";"DEL16/MG";"UOP01-DEL16-MG"
750587;2026-02-07;"sábado";"02:50:00";"PR";277;679;"MEDIANEIRA";"Animais na Pista";"Atropelamento de Animal";"Com Vítimas Feridas";"Plena Noite";"Crescente";"Céu Claro";"Dupla";"Reta";"Não";2;0;2;0;0;0;2;1;-25,30897349;-54,14273707;"SPRF-PR";"DEL05/PR";"UOP01-DEL05-PR"
750588;2026-02-07;"sábado";"05:19:00";"ES";101;149,9;"LINHARES";"Velocidade Incompatível";"Atropelamento de Pedestre";"Com Vítimas Feridas";"Amanhecer";"Crescente";"Céu Claro";"Dupla";"Curva";"Sim";2;0;1;1;0;0;2;2;-19,40423873;-40,06055371;"SPRF-ES";"DEL04-ES";"UOP01-DEL04-ES"
750589;2026-02-07;"sábado";"06:00:00";"RS";392;1;"CAPAO DO LEAO";"Reação tardia ou ineficiente do condutor";"Saída de leito carroçável";"Sem Vítimas";"Amanhecer";"Crescente";"Nublado";"Simples";"Curva;Aclive";"Não";1;0;0;0;1;0;0;1;-31,76146902;-52,40300417;"SPRF-RS";"DEL07/RS";"UOP01-DEL07-RS"
750590;2026-02-07;"sábado";"04:45:00";"MG";116;747,5;"LEOPOLDINA";"Condutor Dormindo";"Saída de leito carroçável";"Com Vítimas Feridas";"Amanhecer";"Decrescente";"Nublado";"Simples";"Reta";"Não";2;0;1;0;1;0;1;1;-21,44252355;-42,53700256;"SPRF-MG";"DEL07/MG";"UOP01-DEL07-MG"
750591;2026-02-07;"sábado";"05:50:00";"AL";423;37;"INHAPI";"Ausência de reação do condutor";"Colisão com objeto";"Com Vítimas Feridas";"Pleno dia";"Decrescente";"Céu Claro";"Simples";"Ponte;Reta";"Não";5;0;5;0;0;0;5;1;-9,225067;-37,611469;"SPRF-AL";"DEL03-AL";"UOP02-DEL03-AL"
750592;2026-02-07;"sábado";"03:50:00";"SC";101;133;"CAMBORIU";"Ausência de reação do condutor";"Colisão com objeto";"Sem Vítimas";"Plena Noite";"Decrescente";"Céu Claro";"Simples";"Reta";"Sim";1;0;0;0;0;1;0;1;-26,99961696;-48,64633307;"SPRF-SC";"DEL04/SC";"UOP03-DEL04-SC"
750593;2026-02-07;"sábado";"05:30:00";"SP";116;51;"LORENA";"Velocidade Incompatível";"Saída de leito carroçável";"Com Vítimas Feridas";"Amanhecer";"Decrescente";"Nublado";"Dupla";"Curva";"Não";5;0;5;0;0;0;5;1;-22,74137615;-45,09153843;"SPRF-SP";"DEL08/SP";"UOP02-DEL08-SP"
750595;2026-02-07;"sábado";"06:30:00";"PB";101;90,5;"JOAO PESSOA";"Demais falhas mecânicas ou elétricas";"Tombamento";"Com Vítimas Feridas";"Pleno dia";"Crescente";"Nublado";"Dupla";"Declive;Reta";"Sim";1;0;0;1;0;0;1;1;-7,18649187;-34,90251184;"SPRF-PB";"DEL01-PB";"UOP01-DEL01-PB"
750597;2026-02-07;"sábado";"02:30:00";"MA";316;401;"ALTO ALEGRE DO MARANHAO";"Acesso irregular";"Colisão lateral sentido oposto";"Com Vítimas Feridas";"Plena Noite";"Crescente";"Céu Claro";"Simples";"Reta";"Sim";2;0;0;1;1;0;1;2;-4,20934087;-44,45195317;"SPRF-MA";"DEL03-MA";"UOP01-DEL03-MA"
750598;2026-02-06;"sexta-feira";"23:40:00";"RJ";485;1;"ITATIAIA";"Acessar a via sem observar a presença dos outros veículos";"Colisão transversal";"Com Vítimas Feridas";"Plena Noite";"Crescente";"Nublado";"Simples";"Interseção de Vias";"Sim";3;0;2;1;0;0;3;2;-22,48773153;-44,56724016;"SPRF-RJ";"DEL07/RJ";"UOP02-DEL07-RJ"
750599;2026-02-07;"sábado";"05:30:00";"RJ";116;195;"QUEIMADOS";"Pedestre cruzava a pista fora da faixa";"Atropelamento de Pedestre";"Com Vítimas Feridas";"Amanhecer";"Crescente";"Chuva";"Dupla";"Reta;Em Obras";"Sim";2;0;0;1;0;1;1;2;-22,73581966;-43,54469625;"SPRF-RJ";"DEL06/RJ";"UOP01-DEL06-RJ"
750600;2026-02-07;"sábado";"05:30:00";"PR";476;198;"LAPA";"Reação tardia ou ineficiente do condutor";"Saída de leito carroçável";"Com Vítimas Feridas";"Amanhecer";"Decrescente";"Céu Claro";"Simples";"Reta";"Sim";1;0;1;0;0;0;1;1;-25,759968;-49,732863;"SPRF-PR";"DEL01/PR";"UOP06-DEL01-PR"
750601;2026-02-07;"sábado";"06:05:00";"PR";376;182;"MARINGA";"Ingestão de álcool pelo condutor";"Colisão traseira";"Com Vítimas Feridas";"Amanhecer";"Crescente";"Céu Claro";"Dupla";"Rotatória";"Sim";2;0;1;0;1;0;1;2;-23,432282;-51,887247;"SPRF-PR";"DEL09/PR";"UOP01-DEL09-PR"
750602;2026-02-07;"sábado";"02:00:00";"MS";262;326,6;"CAMPO GRANDE";"Ausência de reação do condutor";"Colisão com objeto";"Com Vítimas Feridas";"Plena Noite";"Crescente";"Céu Claro";"Dupla";"Reta";"Sim";1;0;1;0;0;0;1;1;-20,4682595;-54,5363107;"SPRF-MS";"DEL01/MS";"UOP01-DEL01-MS"
750603;2026-02-07;"sábado";"07:15:00";"BA";242;407;"SEABRA";"Acessar a via sem observar a presença dos outros veículos";"Colisão transversal";"Com Vítimas Feridas";"Pleno dia";"Crescente";"Céu Claro";"Simples";"Reta";"Não";2;0;1;1;0;0;2;2;-12,47410274;-41,74126625;"SPRF-BA";"DEL06/BA";"UOP01-DEL06-BA"
750605;2026-02-07;"sábado";"07:10:00";"PB";230;501;"CAJAZEIRAS";"Animais na Pista";"Atropelamento de Animal";"Com Vítimas Feridas";"Pleno dia";"Crescente";"Nublado";"Simples";"Reta;Aclive";"Sim";1;0;0;1;0;0;1;1;-6,89611;-38,534338;"SPRF-PB";"DEL03-PB";"UOP03-DEL03-PB"
750606;2026-02-07;"sábado";"06:50:00";"TO";10;458;"PALMAS";"Reação tardia ou ineficiente do condutor";"Colisão traseira";"Sem Vítimas";"Pleno dia";"Decrescente";"Céu Claro";"Dupla";"Curva";"Não";2;0;0;0;1;1;0;2;-10,27357;-48,30493;"SPRF-TO";"DEL01-TO";"UOP03-DEL01-TO"
750608;2026-02-07;"sábado";"07:00:00";"PE";101;125,9;"ESCADA";"Reação tardia ou ineficiente do condutor";"Colisão traseira";"Com Vítimas Feridas";"Pleno dia";"Decrescente";"Nublado";"Dupla";"Reta";"Sim";2;0;1;0;1;0;1;2;-8,36782;-35,22675;"SPRF-PE";"DEL01/PE";"UOP03-DEL01-PE"
750609;2026-02-07;"sábado";"05:00:00";"SC";282;587;"PINHALZINHO";"Ingestão de álcool pelo condutor";"Colisão com objeto";"Sem Vítimas";"Plena Noite";"Decrescente";"Céu Claro";"Simples";"Reta;Ponte";"Não";1;0;0;0;1;0;0;1;-26,82984992;-53,04576873;"SPRF-SC";"DEL07/SC";"UOP02-DEL07-SC"
750610;2026-02-07;"sábado";"07:20:00";"SP";116;1,5;"QUELUZ";"Manobra de mudança de faixa";"Colisão traseira";"Com Vítimas Feridas";"Pleno dia";"Crescente";"Céu Claro";"Dupla";"Reta";"Não";2;0;1;0;1;0;1;2;-22,51769931;-44,70657384;"SPRF-SP";"DEL08/SP";"UOP02-DEL08-SP"
750612;2026-02-07;"sábado";"07:20:00";"PR";373;174;"PONTA GROSSA";"Acessar a via sem observar a presença dos outros veículos";"Colisão transversal";"Com Vítimas Feridas";"Pleno dia";"Crescente";"Céu Claro";"Dupla";"Reta";"Sim";2;0;1;0;1;0;1;2;-25,07401237;-50,21089338;"SPRF-PR";"DEL03/PR";"UOP01-DEL03-PR"
750613;2026-02-07;"sábado";"07:30:00";"RN";304;24;"MOSSORO";"Acumulo de água sobre o pavimento";"Saída de leito carroçável";"Sem Vítimas";"Pleno dia";"Crescente";"Chuva";"Simples";"Reta";"Não";2;0;0;0;2;0;0;1;-5,078659;-37,332901;"SPRF-RN";"DEL04-RN";"UOP02-DEL04-RN"
750614;2026-02-06;"sexta-feira";"20:00:00";"BA";101;467;"URUCUCA";"Reação tardia ou ineficiente do condutor";"Colisão com objeto";"Com Vítimas Feridas";"Plena Noite";"Crescente";"Céu Claro";"Simples";"Curva";"Não";2;0;2;0;0;0;2;1;-14,507957;-39,332298;"SPRF-BA";"DEL05/BA";"UOP01-DEL05-BA"
750616;2026-02-07;"sábado";"08:15:00";"PB";230;432,9;"POMBAL";"Velocidade Incompatível";"Saída de leito carroçável";"Com Vítimas Fatais";"Pleno dia";"Crescente";"Nublado";"Simples";"Declive";"Não";7;1;0;6;0;0;6;1;-6,747653;-37,977348;"SPRF-PB";"DEL03-PB";"UOP02-DEL03-PB"
750617;2026-02-07;"sábado";"08:30:00";"PR";376;2;"APUCARANA";"Avarias e/ou desgaste excessivo no pneu";"Queda de ocupante de veículo";"Com Vítimas Feridas";"Pleno dia";"Crescente";"Céu Claro";"Simples";"Curva;Aclive";"Não";1;0;1;0;0;0;1;1;-23,565717;-51,433691;"SPRF-PR";"DEL07/PR";"UOP03-DEL07-PR"
750619;2026-02-07;"sábado";"06:04:00";"AC";364;137;"RIO BRANCO";"Frear bruscamente";"Tombamento";"Com Vítimas Feridas";"Pleno dia";"Decrescente";"Céu Claro";"Dupla";"Rotatória";"Sim";1;0;1;0;0;0;1;1;-9,96933985;-67,85285747;"SPRF-AC";"DEL01-AC";"UOP01-DEL01-AC"
750621;2026-02-02;"segunda-feira";"07:00:00";"GO";70;294;"ITAPIRAPUA";"Animais na Pista";"Atropelamento de Animal";"Sem Vítimas";"Pleno dia";"Decrescente";"Nublado";"Simples";"Reta";"Não";2;0;0;0;2;0;0;1;-15,84943287;-50,73346139;"SPRF-GO";"DEL04/GO";"UOP02-DEL04-GO"
750622;2026-02-07;"sábado";"00:01:00";"PR";476;349;"PAULA FREITAS";"Estacionar ou parar em local proibido";"Colisão traseira";"Com Vítimas Feridas";"Plena Noite";"Decrescente";"Nublado";"Simples";"Curva;Aclive";"Não";4;0;1;1;0;2;2;2;-26,18481125;-50,97079039;"SPRF-PR";"DEL02/PR";"UOP03-DEL02-PR"
750623;2026-02-07;"sábado";"06:25:00";"RJ";101;385;"ITAGUAI";"Transitar na contramão";"Colisão frontal";"Com Vítimas Feridas";"Pleno dia";"Crescente";"Céu Claro";"Múltipla";"Reta";"Sim";2;0;1;0;0;1;1;2;-22,85893243;-43,75936568;"SPRF-RJ";"DEL03/RJ";"UOP01-DEL03-RJ"
750624;2026-02-07;"sábado";"08:55:00";"DF";20;1,2;"BRASILIA";"Manobra de mudança de faixa";"Colisão traseira";"Com Vítimas Feridas";"Pleno dia";"Decrescente";"Céu Claro";"Dupla";"Reta";"Não";6;0;2;0;4;0;2;2;-15,684507;-47,847732;"SPRF-DF";"DEL02-DF";"UOP01-DEL02-DF"
750625;2026-02-07;"sábado";"07:15:00";"PR";373;463,5;"CHOPINZINHO";"Demais falhas mecânicas ou elétricas";"Incêndio";"Sem Vítimas";"Pleno dia";"Crescente";"Céu Claro";"Simples";"Reta";"Não";1;0;0;0;0;1;0;1;-25,82430758;-52,29938507;"SPRF-PR";"DEL02/PR";"UOP01-DEL02-PR"
750626;2026-02-07;"sábado";"08:30:00";"SP";116;195,5;"SANTA ISABEL";"Ausência de reação do condutor";"Atropelamento de Pedestre";"Com Vítimas Feridas";"Pleno dia";"Decrescente";"Nublado";"Dupla";"Reta";"Não";3;0;0;1;0;2;1;2;-23,38749698;-46,27255647;"SPRF-SP";"DEL01/SP";"UOP01-DEL01-SP"
750627;2026-01-22;"quinta-feira";"09:45:00";"RJ";101;473,6;"ANGRA DOS REIS";"Acessar a via sem observar a presença dos outros veículos";"Colisão transversal";"Com Vítimas Feridas";"Pleno dia";"Decrescente";"Céu Claro";"Simples";"Declive;Retorno Regulamentado";"Sim";3;0;0;1;2;0;1;2;-22,99285301;-44,24713433;"SPRF-RJ";"DEL03/RJ";"UOP03-DEL03-RJ"
750628;2026-02-07;"sábado";"09:30:00";"PR";116;121,9;"CURITIBA";"Condutor deixou de manter distância do veículo da frente";"Colisão lateral mesmo sentido";"Com Vítimas Feridas";"Pleno dia";"Crescente";"Céu Claro";"Dupla";"Reta";"Não";2;0;1;0;1;0;1;2;-25,602597;-49,317957;"SPRF-PR";"DEL01/PR";"UOP03-DEL01-PR"
750629;2026-02-07;"sábado";"07:17:00";"MS";60;424;"SIDROLANDIA";"Ultrapassagem Indevida";"Colisão lateral mesmo sentido";"Com Vítimas Feridas";"Pleno dia";"Decrescente";"Céu Claro";"Simples";"Reta";"Sim";2;0;1;0;1;0;1;2;-20,91342798;-54,94690609;"SPRF-MS";"DEL01/MS";"UOP04-DEL01-MS"
750630;2026-02-07;"sábado";"09:20:00";"MG";40;524,7;"BELO HORIZONTE";"Reação tardia ou ineficiente do condutor";"Eventos atípicos";"Sem Vítimas";"Pleno dia";"Crescente";"Céu Claro";"Dupla";"Reta";"Sim";2;0;0;0;2;0;0;2;-19,881164;-44,00745;"SPRF-MG";"DEL01/MG";"UOP02-DEL01-MG"
750631;2026-02-07;"sábado";"09:25:00";"RS";386;351,7;"ESTRELA";"Acumulo de água sobre o pavimento";"Colisão com objeto";"Sem Vítimas";"Pleno dia";"Decrescente";"Chuva";"Dupla";"Curva";"Não";1;0;0;0;1;0;0;1;-29,49001433;-51,95220993;"SPRF-RS";"DEL04/RS";"UOP01-DEL04-RS"
750632;2026-01-23;"sexta-feira";"11:00:00";"SC";101;24,5;"JOINVILLE";"Demais falhas mecânicas ou elétricas";"Incêndio";"Sem Vítimas";"Pleno dia";"Crescente";"Céu Claro";"Dupla";"Reta";"Sim";18;0;0;0;18;0;0;1;-26,17960731;-48,90937328;"SPRF-SC";"DEL03/SC";"UOP01-DEL03-SC"
750633;2026-01-30;"sexta-feira";"22:15:00";"RJ";101;459;"ANGRA DOS REIS";"Reação tardia ou ineficiente do condutor";"Colisão transversal";"Com Vítimas Feridas";"Plena Noite";"Decrescente";"Garoa/Chuvisco";"Dupla";"Reta";"Não";2;0;1;1;0;0;2;2;-22,98990379;-44,24197473;"SPRF-RJ";"DEL03/RJ";"UOP03-DEL03-RJ"
750634;2026-02-07;"sábado";"10:30:00";"RS";116;517;"PELOTAS";"Desrespeitar a preferência no cruzamento";"Colisão transversal";"Com Vítimas Feridas";"Pleno dia";"Crescente";"Céu Claro";"Simples";"Rotatória";"Não";2;0;1;0;1;0;1;2;-31,67512;-52,34047914;"SPRF-RS";"DEL07/RS";"UOP01-DEL07-RS"
750635;2026-02-07;"sábado";"09:10:00";"SC";116;62,7;"PAPANDUVA";"Ingestão de álcool pelo condutor";"Saída de leito carroçável";"Sem Vítimas";"Pleno dia";"Decrescente";"Céu Claro";"Simples";"Interseção de Vias";"Não";1;0;0;0;1;0;0;1;-26,403928;-50,226274;"SPRF-SC";"DEL06/SC";"UOP02-DEL06-SC"
750636;2026-02-07;"sábado";"09:50:00";"AL";101;242;"PORTO REAL DO COLEGIO";"Acesso irregular";"Colisão transversal";"Com Vítimas Fatais";"Pleno dia";"Decrescente";"Sol";"Dupla";"Curva";"Não";4;1;1;1;1;0;2;2;-10,1504484;-36,8079784;"SPRF-AL";"DEL02-AL";"UOP02-DEL02-AL"
750637;2026-02-07;"sábado";"10:30:00";"RS";386;304,7;"POUSO NOVO";"Ausência de reação do condutor";"Saída de leito carroçável";"Com Vítimas Feridas";"Pleno dia";"Crescente";"Garoa/Chuvisco";"Simples";"Curva;Declive";"Não";1;0;1;0;0;0;1;1;-29,18668427;-52,18926137;"SPRF-RS";"DEL04/RS";"UOP01-DEL04-RS"
750638;2026-02-07;"sábado";"08:25:00";"RS";285;142,6;"MUITOS CAPOES";"Reação tardia ou ineficiente do condutor";"Colisão frontal";"Com Vítimas Feridas";"Pleno dia";"Crescente";"Ignorado";"Simples";"Reta";"Não";3;0;1;2;0;0;3;2;-28,3761;-51,081607;"SPRF-RS";"DEL05/RS";"UOP03-DEL05-RS"
750639;2026-02-07;"sábado";"09:52:00";"SC";280;30,2;"ARAQUARI";"Trafegar com motocicleta (ou similar) entre as faixas";"Colisão lateral mesmo sentido";"Com Vítimas Feridas";"Pleno dia";"Crescente";"Céu Claro";"Simples";"Reta";"Sim";3;0;0;1;2;0;1;3;-26,4133;-48,75831;"SPRF-SC";"DEL03/SC";"UOP03-DEL03-SC"
750640;2026-02-07;"sábado";"10:10:00";"MG";381;197;"PERIQUITO";"Transitar na contramão";"Colisão frontal";"Com Vítimas Feridas";"Pleno dia";"Crescente";"Céu Claro";"Simples";"Reta";"Não";8;0;6;2;0;0;8;3;-19,166062;-42,245175;"SPRF-MG";"DEL06/MG";"UOP01-DEL06-MG"
750641;2026-02-07;"sábado";"10:00:00";"RO";364;236;"CACOAL";"Ausência de reação do condutor";"Colisão transversal";"Com Vítimas Feridas";"Pleno dia";"Decrescente";"Garoa/Chuvisco";"Simples";"Retorno Regulamentado;Aclive;Interseção de Vias";"Sim";2;0;1;0;1;0;1;2;-11,44563517;-61,43941319;"SPRF-RO";"DEL02-RO";"UOP02-DEL02-RO"
750642;2026-02-07;"sábado";"11:30:00";"RS";386;432;"NOVA SANTA RITA";"Condutor deixou de manter distância do veículo da frente";"Colisão traseira";"Com Vítimas Feridas";"Pleno dia";"Decrescente";"Nublado";"Simples";"Reta";"Não";6;0;1;0;5;0;1;2;-29,84002794;-51,29318587;"SPRF-RS";"DEL04/RS";"UOP02-DEL04-RS"
750644;2026-02-07;"sábado";"10:10:00";"SC";470;22,2;"ILHOTA";"Desrespeitar a preferência no cruzamento";"Colisão lateral mesmo sentido";"Com Vítimas Feridas";"Pleno dia";"Decrescente";"Céu Claro";"Dupla";"Interseção de Vias";"Não";2;0;1;0;1;0;1;2;-26,88025;-48,84013;"SPRF-SC";"DEL04/SC";"UOP04-DEL04-SC"
750645;2026-02-07;"sábado";"11:45:00";"PB";230;141,5;"CAMPINA GRANDE";"Avarias e/ou desgaste excessivo no pneu";"Saída de leito carroçável";"Com Vítimas Feridas";"Pleno dia";"Decrescente";"Chuva";"Dupla";"Reta";"Não";1;0;1;0;0;0;1;1;-7,25718181;-35,81524563;"SPRF-PB";"DEL02-PB";"UOP01-DEL02-PB"
750646;2026-02-07;"sábado";"11:50:00";"MG";381;493;"BETIM";"Velocidade Incompatível";"Queda de ocupante de veículo";"Com Vítimas Feridas";"Pleno dia";"Decrescente";"Nublado";"Dupla";"Reta";"Sim";2;0;2;0;0;0;2;1;-19,96395067;-44,16956663;"SPRF-MG";"DEL01/MG";"UOP03-DEL01-MG"
750647;2026-02-07;"sábado";"11:40:00";"SC";282;1;"FLORIANOPOLIS";"Condutor deixou de manter distância do veículo da frente";"Colisão traseira";"Com Vítimas Feridas";"Pleno dia";"Decrescente";"Céu Claro";"Múltipla";"Reta";"Não";2;0;1;0;1;0;1;2;-27,60344086;-48,58194916;"SPRF-SC";"DEL01/SC";"UOP01-DEL01-SC"
750650;2026-02-07;"sábado";"09:00:00";"BA";101;263;"SANTO ANTONIO DE JESUS";"Desrespeitar a preferência no cruzamento";"Colisão transversal";"Com Vítimas Feridas";"Pleno dia";"Crescente";"Céu Claro";"Simples";"Interseção de Vias;Rotatória";"Sim";2;0;1;0;1;0;1;2;-12,97852397;-39,28408217;"SPRF-BA";"DEL11/BA";"UOP01-DEL11-BA"
750652;2026-02-07;"sábado";"11:34:00";"PE";232;82,2;"GRAVATA";"Acessar a via sem observar a presença dos outros veículos";"Colisão transversal";"Com Vítimas Feridas";"Pleno dia";"Decrescente";"Céu Claro";"Simples";"Reta;Declive";"Não";4;0;4;0;0;0;4;2;-8,200797;-35,590275;"SPRF-PE";"DEL02/PE";"UOP02-DEL02PE"