"id";"data_inversa";"dia_semana";"horario";"uf";"br";"km";"municipio";"causa_acidente";"tipo_acidente";"classificacao_acidente";"fase_dia";"sentido_via";"condicao_metereologica";"tipo_pista";"tracado_via";"uso_solo";"pessoas";"mortos";"feridos_leves";"feridos_graves";"ilesos";"ignorados";"feridos";"veiculos";"latitude";"longitude";"regional";"delegacia";"uop"
750653;2026-02-07;"sábado";"11:15:00";"RS";290;276,6;"CACHOEIRA DO SUL";"Condutor Dormindo";"Saída de leito carroçável";"Com Vítimas Feridas";"Pleno dia";"Decrescente";"Chuva";"Simples";"Reta";"Não";4;0;3;1;0;0;4;1;-30,27438683;-52,94294357;"SPRF-RS";"DEL02/RS";"UOP03-DEL02-RS"
750654;2026-02-07;"sábado";"08:52:00";"SP";153;274;"OCAUCU";"Condutor Dormindo";"Saída de leito carroçável";"Com Vítimas Feridas";"Pleno dia";"Decrescente";"Céu Claro";"Simples";"Reta;Declive";"Não";1;0;1;0;0;0;1;1;-22,37063446;-49,86428261;"SPRF-SP";"DEL07/SP";"UOP02-DEL07-SP"
750655;2026-02-07;"sábado";"12:29:00";"RN";101;96;"NATAL";"Condutor deixou de manter distância do veículo da frente";"Colisão lateral mesmo sentido";"Com Vítimas Feridas";"Pleno dia";"Decrescente";"Nublado";"Dupla";"Viaduto";"Sim";3;0;2;0;0;1;2;2;-5,84885864;-35,2080185;"SPRF-RN";"DEL01-RN";"UOP01-DEL01-RN"
750656;2026-02-07;"sábado";"12:50:00";"MG";40;527;"CONTAGEM";"Ausência de reação do condutor";"Tombamento";"Com Vítimas Feridas";"Pleno dia";"Decrescente";"Céu Claro";"Múltipla";"Reta;Aclive";"Sim";2;0;2;0;0;0;2;1;-19,908559;-44,04479027;"SPRF-MG";"DEL01/MG";"UOP02-DEL01-MG"
750661;2026-02-07;"sábado";"13:00:00";"SC";280;236;"CANOINHAS";"Reação tardia ou ineficiente do condutor";"Saída de leito carroçável";"Com Vítimas Feridas";"Pleno dia";"Decrescente";"Céu Claro";"Simples";"Curva";"Não";4;0;1;0;0;3;1;1;-26,20482287;-50,43732827;"SPRF-SC";"DEL06/SC";"UOP04-DEL06-SC"
750662;2026-02-07;"sábado";"12:45:00";"PB";230;286;"SANTA LUZIA";"Acessar a via sem observar a presença dos outros veículos";"Colisão transversal";"Sem Vítimas";"Pleno dia";"Decrescente";"Nublado";"Simples";"Reta;Declive";"Não";2;0;0;0;2;0;0;2;-6,894485;-36,884003;"SPRF-PB";"DEL03-PB";"UOP01-DEL03-PB"
750663;2026-02-07;"sábado";"10:40:00";"MG";262;580,3;"CAMPOS ALTOS";"Chuva";"Capotamento";"Com Vítimas Feridas";"Pleno dia";"Decrescente";"Garoa/Chuvisco";"Simples";"Curva";"Não";1;0;1;0;0;0;1;1;-19,667183;-46,144911;"SPRF-MG";"DEL08/MG";"UOP02-DEL08-MG"
750664;2026-02-07;"sábado";"12:00:00";"SC";101;318,7;"PESCARIA BRAVA";"Acessar a via sem observar a presença dos outros veículos";"Colisão transversal";"Com Vítimas Feridas";"Pleno dia";"Crescente";"Céu Claro";"Dupla";"Reta;Aclive;Interseção de Vias";"Sim";2;0;1;0;0;1;1;2;-28,42702851;-48,88394443;"SPRF-SC";"DEL02/SC";"UOP01-DEL02-SC"
750666;2026-02-07;"sábado";"11:50:00";"RO";364;341,7;"JI-PARANA";"Acessar a via sem observar a presença dos outros veículos";"Colisão lateral mesmo sentido";"Com Vítimas Feridas";"Pleno dia";"Crescente";"Nublado";"Simples";"Reta";"Sim";2;0;1;0;1;0;1;2;-10,883975;-61,937029;"SPRF-RO";"DEL02-RO";"UOP01-DEL02-RO"
750668;2026-02-07;"sábado";"14:00:00";"MG";381;422;"CAETE";"Reação tardia ou ineficiente do condutor";"Capotamento";"Com Vítimas Feridas";"Pleno dia";"Decrescente";"Nublado";"Simples";"Curva";"Não";2;0;1;1;0;0;2;1;-19,79098876;-43,68140308;"SPRF-MG";"DEL01/MG";"UOP01-DEL01-MG"
750670;2026-02-07;"sábado";"13:50:00";"GO";60;97;"ANAPOLIS";"Acessar a via sem observar a presença dos outros veículos";"Colisão transversal";"Com Vítimas Feridas";"Pleno dia";"Crescente";"Sol";"Dupla";"Reta;Retorno Regulamentado";"Sim";4;0;2;0;1;1;2;3;-16,37553634;-48,94674158;"SPRF-GO";"DEL02/GO";"UOP01-DEL02-GO"
750671;2026-02-07;"sábado";"12:48:00";"AP";210;35;"MACAPA";"Velocidade Incompatível";"Capotamento";"Com Vítimas Feridas";"Pleno dia";"Crescente";"Chuva";"Simples";"Reta";"Não";5;0;1;0;4;0;1;1;0,323692;-51,085847;"SPRF-AP";"DEL01-AP";"UOP01-DEL01-AP"
750672;2026-02-07;"sábado";"13:10:00";"MG";262;622,7;"IBIA";"Acessar a via sem observar a presença dos outros veículos";"Colisão com objeto";"Com Vítimas Feridas";"Pleno dia";"Crescente";"Nublado";"Simples";"Curva;Rotatória;Declive";"Não";1;0;0;1;0;0;1;1;-19,59035898;-46,4943552;"SPRF-MG";"DEL08/MG";"UOP02-DEL08-MG"
750676;2026-02-07;"sábado";"14:48:00";"PE";101;49,4;"ABREU E LIMA";"Pedestre cruzava a pista fora da faixa";"Atropelamento de Pedestre";"Com Vítimas Feridas";"Pleno dia";"Decrescente";"Céu Claro";"Múltipla";"Reta";"Sim";2;0;1;0;1;0;1;2;-7,9064956;-34,9018972;"SPRF-PE";"DEL01/PE";"UOP02-DEL01-PE"
750677;2026-02-07;"sábado";"13:40:00";"PE";104;134,3;"QUIPAPA";"Acumulo de água sobre o pavimento";"Capotamento";"Com Vítimas Feridas";"Pleno dia";"Crescente";"Garoa/Chuvisco";"Simples";"Curva";"Não";1;0;1;0;0;0;1;1;-8,8173248;-36,012933;"SPRF-PE";"DEL02/PE";"UOP01-DEL02-PE"
750678;2026-02-07;"sábado";"08:00:00";"SC";280;28;"ARAQUARI";"Acessar a via sem observar a presença dos outros veículos";"Colisão lateral mesmo sentido";"Com Vítimas Feridas";"Pleno dia";"Decrescente";"Céu Claro";"Simples";"Reta";"Sim";3;0;2;0;1;0;2;2;-26,406895;-48,748032;"SPRF-SC";"DEL03/SC";"UOP03-DEL03-SC"
750680;2026-02-07;"sábado";"15:00:00";"MG";381;687,9;"LAVRAS";"Condutor Dormindo";"Saída de leito carroçável";"Com Vítimas Feridas";"Pleno dia";"Decrescente";"Nublado";"Dupla";"Reta";"Não";3;0;3;0;0;0;3;1;-21,18634248;-45,1176846;"SPRF-MG";"DEL04/MG";"UOP02-DEL04-MG"
750682;2026-02-07;"sábado";"14:10:00";"BA";101;745,8;"ITABELA";"Acessar a via sem observar a presença dos outros veículos";"Colisão transversal";"Sem Vítimas";"Pleno dia";"Decrescente";"Sol";"Simples";"Reta;Interseção de Vias";"Sim";2;0;0;0;1;1;0;2;-16,581405;-39,556628;"SPRF-BA";"DEL09/BA";"UOP01-DEL09-BA"
750683;2026-02-07;"sábado";"14:20:00";"BA";110;385;"CATU";"Manobra de mudança de faixa";"Colisão frontal";"Com Vítimas Feridas";"Pleno dia";"Decrescente";"Céu Claro";"Simples";"Reta;Ponte";"Não";3;0;3;0;0;0;3;2;-12,4155083;-38,4742367;"SPRF-BA";"DEL01/BA";"UOP01-DEL01-BA"
750685;2026-02-07;"sábado";"14:00:00";"SP";116;461;"PARIQUERA-ACU";"Velocidade Incompatível";"Saída de leito carroçável";"Com Vítimas Feridas";"Pleno dia";"Crescente";"Céu Claro";"Dupla";"Reta";"Não";1;0;0;1;0;0;1;1;-24,61811958;-47,89111789;"SPRF-SP";"DEL05/SP";"UOP01-DEL05-SP"
750686;2026-02-07;"sábado";"13:20:00";"SP";116;76,5;"ROSEIRA";"Frear bruscamente";"Capotamento";"Com Vítimas Feridas";"Pleno dia";"Crescente";"Céu Claro";"Dupla";"Reta";"Não";2;0;2;0;0;0;2;1;-22,88153243;-45,27723217;"SPRF-SP";"DEL08/SP";"UOP01-DEL08-SP"
750688;2026-02-07;"sábado";"15:10:00";"SC";282;595;"SAUDADES";"Avarias e/ou desgaste excessivo no pneu";"Saída de leito carroçável";"Com Vítimas Feridas";"Pleno dia";"Crescente";"Chuva";"Simples";"Curva";"Não";2;0;1;0;1;0;1;1;-26,8284298;-53,10930276;"SPRF-SC";"DEL07/SC";"UOP02-DEL07-SC"
750689;2026-02-07;"sábado";"15:00:00";"PR";116;134;"FAZENDA RIO GRANDE";"Condutor deixou de manter distância do veículo da frente";"Colisão traseira";"Com Vítimas Feridas";"Pleno dia";"Crescente";"Céu Claro";"Dupla";"Reta";"Não";2;0;1;0;1;0;1;2;-25,711981;-49,319225;"SPRF-PR";"DEL01/PR";"UOP03-DEL01-PR"
750692;2026-02-07;"sábado";"14:40:00";"ES";101;66;"SAO MATEUS";"Entrada inopinada do pedestre";"Atropelamento de Pedestre";"Com Vítimas Feridas";"Pleno dia";"Decrescente";"Sol";"Múltipla";"Reta";"Sim";2;0;1;0;1;0;1;2;-18,7172422;-39,8728594;"SPRF-ES";"DEL04-ES";"UOP02-DEL04-ES"
750695;2026-02-07;"sábado";"13:15:00";"SC";101;305,5;"LAGUNA";"Velocidade Incompatível";"Colisão com objeto";"Com Vítimas Feridas";"Pleno dia";"Crescente";"Chuva";"Múltipla";"Reta;Interseção de Vias";"Não";1;0;0;1;0;0;1;1;-28,398143;-48,784275;"SPRF-SC";"DEL02/SC";"UOP03-DEL02-SC"
750696;2026-02-07;"sábado";"14:50:00";"PE";232;116,5;"CARUARU";"Manobra de mudança de faixa";"Colisão lateral mesmo sentido";"Com Vítimas Feridas";"Pleno dia";"Decrescente";"Chuva";"Dupla";"Reta";"Não";4;0;0;2;2;0;2;2;-8,29582094;-35,87361968;"SPRF-PE";"DEL02/PE";"UOP03-DEL02-PE"
750697;2026-02-07;"sábado";"15:18:00";"GO";364;185;"JATAI";"Condutor Dormindo";"Colisão com objeto";"Sem Vítimas";"Pleno dia";"Crescente";"Céu Claro";"Múltipla";"Reta";"Não";1;0;0;0;1;0;0;1;-17,9365633;-51,65968716;"SPRF-GO";"DEL05/GO";"UOP01-DEL05-GO"
750698;2026-02-07;"sábado";"15:15:00";"SC";163;83,5;"GUARACIABA";"Ingestão de álcool pelo condutor";"Saída de leito carroçável";"Com Vítimas Feridas";"Pleno dia";"Crescente";"Céu Claro";"Simples";"Reta";"Não";3;0;1;0;0;2;1;2;-26,61854612;-53,51875725;"SPRF-SC";"DEL07/SC";"UOP03-DEL07-SC"
750702;2026-02-07;"sábado";"12:50:00";"MS";463;24;"DOURADOS";"Ausência de reação do condutor";"Saída de leito carroçável";"Com Vítimas Feridas";"Pleno dia";"Decrescente";"Chuva";"Simples";"Reta";"Não";2;0;2;0;0;0;2;1;-22,2829;-55,019032;"SPRF-MS";"DEL04/MS";"UOP03-DEL04-MS"
750703;2026-02-07;"sábado";"16:15:00";"SP";116;194;"SANTA ISABEL";"Ausência de reação do condutor";"Tombamento";"Com Vítimas Feridas";"Pleno dia";"Crescente";"Chuva";"Dupla";"Curva";"Não";2;0;1;0;1;0;1;1;-23,38373523;-46,26458494;"SPRF-SP";"DEL01/SP";"UOP01-DEL01-SP"
750704;2026-02-07;"sábado";"15:50:00";"MG";40;765,5;"JUIZ DE FORA";"Chuva";"Colisão com objeto";"Com Vítimas Feridas";"Pleno dia";"Crescente";"Chuva";"Simples";"Reta;Declive";"Não";1;0;1;0;0;0;1;1;-21,577778;-43,4775;"SPRF-MG";"DEL05/MG";"UOP01-DEL05-MG"
750705;2026-02-07;"sábado";"16:30:00";"SC";470;194,4;"PONTE ALTA";"Pista Escorregadia";"Saída de leito carroçável";"Com Vítimas Feridas";"Pleno dia";"Crescente";"Nublado";"Simples";"Declive;Curva";"Não";4;0;4;0;0;0;4;1;-27,30248;-50,08418;"SPRF-SC";"DEL04/SC";"UOP02-DEL04-SC"
750707;2026-02-07;"sábado";"16:30:00";"SC";470;194,4;"PONTE ALTA";"Pista Escorregadia";"Capotamento";"Com Vítimas Feridas";"Pleno dia";"Crescente";"Chuva";"Simples";"Reta;Declive";"Não";3;0;2;0;1;0;2;1;-27,30260738;-50,08389886;"SPRF-SC";"DEL04/SC";"UOP02-DEL04-SC"
750708;2026-02-07;"sábado";"15:35:00";"SP";381;70;"MAIRIPORA";"Velocidade Incompatível";"Tombamento";"Com Vítimas Feridas";"Pleno dia";"Decrescente";"Nublado";"Múltipla";"Curva";"Não";1;0;1;0;0;0;1;1;-23,3497;-46,56054;"SPRF-SP";"DEL03/SP";"UOP01-DEL03-SP"
750709;2026-02-07;"sábado";"16:40:00";"PR";153;36,7;"SANTO ANTONIO DA PLATINA";"Reação tardia ou ineficiente do condutor";"Colisão traseira";"Com Vítimas Feridas";"Pleno dia";"Decrescente";"Céu Claro";"Simples";"Curva";"Não";3;0;1;0;2;0;1;2;-23,24707425;-50,04202652;"SPRF-PR";"DEL07/PR";"UOP04-DEL07-PR"
750710;2026-01-24;"sábado";"05:40:00";"MG";50;72;"UBERLANDIA";"Frear bruscamente";"Tombamento";"Com Vítimas Feridas";"Amanhecer";"Decrescente";"Nublado";"Dupla";"Reta";"Não";1;0;0;1;0;0;1;1;-18,898848;-48,242333;"SPRF-MG";"DEL15/MG";"UOP01-DEL15-MG"
750711;2026-02-07;"sábado";"16:20:00";"PB";104;155;"QUEIMADAS";"Manobra de mudança de faixa";"Colisão traseira";"Com Vítimas Feridas";"Pleno dia";"Crescente";"Nublado";"Simples";"Reta;Declive";"Não";3;0;2;0;1;0;2;2;-7,481753;-35,939617;"SPRF-PB";"DEL02-PB";"UOP03-DEL02-PB"
750712;2026-02-07;"sábado";"16:45:00";"MG";50;83;"UBERLANDIA";"Avarias e/ou desgaste excessivo no pneu";"Colisão com objeto";"Sem Vítimas";"Pleno dia";"Crescente";"Chuva";"Dupla";"Reta;Declive";"Não";1;0;0;0;1;0;0;1;-18,98961381;-48,21168646;"SPRF-MG";"DEL15/MG";"UOP01-DEL15-MG"
750713;2026-02-07;"sábado";"14:35:00";"MG";381;837,8;"SAO SEBASTIAO DA BELA VISTA";"Ausência de reação do condutor";"Saída de leito carroçável";"Com Vítimas Feridas";"Pleno dia";"Crescente";"Chuva";"Dupla";"Curva;Declive";"Não";2;0;2;0;0;0;2;1;-22,10807462;-45,73973894;"SPRF-MG";"DEL16/MG";"UOP01-DEL16-MG"
750717;2026-02-07;"sábado";"16:50:00";"MG";40;554,9;"NOVA LIMA";"Manobra de mudança de faixa";"Atropelamento de Pedestre";"Com Vítimas Feridas";"Pleno dia";"Crescente";"Céu Claro";"Dupla";"Reta";"Sim";4;0;0;1;2;1;1;2;-20,09204745;-43,97621155;"SPRF-MG";"DEL01/MG";"UOP02-DEL01-MG"
750719;2026-02-07;"sábado";"17:10:00";"MG";50;154;"UBERABA";"Velocidade Incompatível";"Saída de leito carroçável";"Com Vítimas Feridas";"Pleno dia";"Decrescente";"Nublado";"Dupla";"Reta";"Não";1;0;1;0;0;0;1;1;-19,60226251;-48,02448956;"SPRF-MG";"DEL13/MG";"UOP01-DEL13-MG"
750720;2026-02-07;"sábado";"14:15:00";"SP";116;52,3;"LORENA";"Frear bruscamente";"Capotamento";"Com Vítimas Feridas";"Pleno dia";"Decrescente";"Chuva";"Dupla";"Reta";"Sim";2;0;2;0;0;0;2;1;-22,7460398;-45,09797215;"SPRF-SP";"DEL08/SP";"UOP02-DEL08-SP"
750721;2026-02-07;"sábado";"11:00:00";"MG";116;412;"GOVERNADOR VALADARES";"Ausência de reação do condutor";"Colisão traseira";"Com Vítimas Feridas";"Pleno dia";"Decrescente";"Céu Claro";"Simples";"Interseção de Vias";"Sim";2;0;1;0;1;0;1;2;-18,87707272;-41,96330555;"SPRF-MG";"DEL06/MG";"UOP01-DEL06-MG"
750724;2026-02-07;"sábado";"17:20:00";"ES";101;290;"CARIACICA";"Manobra de mudança de faixa";"Colisão lateral mesmo sentido";"Com Vítimas Feridas";"Pleno dia";"Crescente";"Nublado";"Dupla";"Curva";"Sim";2;0;1;0;1;0;1;2;-20,290832;-40,391804;"SPRF-ES";"DEL01-ES";"UOP01-DEL01-ES"
750725;2026-02-07;"sábado";"17:21:00";"SP";116;282;"EMBU DAS ARTES";"Trafegar com motocicleta (ou similar) entre as faixas";"Colisão traseira";"Com Vítimas Feridas";"Anoitecer";"Crescente";"Nublado";"Dupla";"Reta";"Sim";4;0;1;0;2;1;1;3;-23,65680828;-46,87695088;"SPRF-SP";"DEL04/SP";"UOP01-DEL04-SP"
750728;2026-02-07;"sábado";"17:10:00";"GO";70;8;"AGUAS LINDAS DE GOIAS";"Ausência de reação do condutor";"Colisão traseira";"Com Vítimas Feridas";"Anoitecer";"Crescente";"Céu Claro";"Múltipla";"Reta";"Sim";2;0;1;0;1;0;1;2;-15,735456;-48,281043;"SPRF-DF";"DEL03-DF";"UOP02-DEL03-DF"
750730;2026-02-07;"sábado";"18:40:00";"ES";101;144,8;"LINHARES";"Condutor desrespeitou a iluminação vermelha do semáforo";"Colisão lateral mesmo sentido";"Com Vítimas Feridas";"Plena Noite";"Crescente";"Céu Claro";"Dupla";"Reta";"Sim";2;0;1;0;1;0;1;2;-19,35959541;-40,06427892;"SPRF-ES";"DEL04-ES";"UOP01-DEL04-ES"
750733;2026-02-07;"sábado";"18:50:00";"PR";373;172,8;"PONTA GROSSA";"Chuva";"Tombamento";"Com Vítimas Feridas";"Anoitecer";"Decrescente";"Garoa/Chuvisco";"Dupla";"Reta";"Sim";2;0;0;1;1;0;1;1;-25,08041703;-50,19917607;"SPRF-PR";"DEL03/PR";"UOP01-DEL03-PR"
750734;2026-02-07;"sábado";"17:50:00";"MS";267;247,8;"NOVA ALVORADA DO SUL";"Ingestão de álcool pelo condutor";"Colisão com objeto";"Com Vítimas Feridas";"Anoitecer";"Crescente";"Céu Claro";"Simples";"Reta";"Sim";4;0;2;2;0;0;4;1;-21,475261;-54,371083;"SPRF-MS";"DEL02/MS";"UOP01-DEL02-MS"
750735;2026-02-07;"sábado";"18:00:00";"RJ";101;570;"PARATY";"Acumulo de água sobre o pavimento";"Colisão transversal";"Com Vítimas Feridas";"Plena Noite";"Decrescente";"Chuva";"Simples";"Curva";"Não";2;0;2;0;0;0;2;2;-23,18157364;-44,71722603;"SPRF-RJ";"DEL03/RJ";"UOP04-DEL03-RJ"
750736;2026-02-07;"sábado";"18:30:00";"MG";40;514;"RIBEIRAO DAS NEVES";"Reação tardia ou ineficiente do condutor";"Engavetamento";"Sem Vítimas";"Plena Noite";"Decrescente";"Céu Claro";"Dupla";"Reta";"Sim";3;0;0;0;3;0;0;3;-19,802947;-44,098742;"SPRF-MG";"DEL01/MG";"UOP02-DEL01-MG"
750738;2026-02-07;"sábado";"18:40:00";"DF";20;18;"BRASILIA";"Trafegar com motocicleta (ou similar) entre as faixas";"Colisão transversal";"Com Vítimas Feridas";"Plena Noite";"Crescente";"Nublado";"Dupla";"Reta";"Sim";3;0;1;0;2;0;1;3;-15,614908;-47,70538;"SPRF-DF";"DEL02-DF";"UOP01-DEL02-DF"
750739;2026-02-07;"sábado";"18:37:00";"MS";158;152,8;"APARECIDA DO TABOADO";"Ausência de reação do condutor";"Tombamento";"Com Vítimas Fatais";"Anoitecer";"Crescente";"Nublado";"Simples";"Aclive;Reta";"Não";1;1;0;0;0;0;0;1;-20,1165338;-51,1795381;"SPRF-MS";"DEL08/MS";"UOP01-DEL08-MS"
750740;2026-02-07;"sábado";"19:08:00";"PE";428;185;"PETROLINA";"Acessar a via sem observar a presença dos outros veículos";"Colisão lateral mesmo sentido";"Com Vítimas Feridas";"Plena Noite";"Crescente";"Céu Claro";"Dupla";"Reta";"Sim";3;0;2;1;0;0;3;2;-9,3463567;-40,4741935;"SPRF-PE";"DEL06/PE";"UOP01-DEL06-PE"
750741;2026-02-07;"sábado";"16:01:00";"RO";364;319;"PRESIDENTE MEDICI";"Reação tardia ou ineficiente do condutor";"Colisão transversal";"Com Vítimas Feridas";"Pleno dia";"Crescente";"Céu Claro";"Simples";"Reta";"Não";2;0;0;1;1;0;1;2;-11,074293;-61,920765;"SPRF-RO";"DEL02-RO";"UOP01-DEL02-RO"
750743;2026-02-07;"sábado";"19:30:00";"PR";277;590,9;"CASCAVEL";"Desrespeitar a preferência no cruzamento";"Colisão frontal";"Com Vítimas Feridas";"Plena Noite";"Decrescente";"Ignorado";"Simples";"Reta;Interseção de Vias";"Sim";2;0;1;0;1;0;1;2;-24,97649824;-53,44331503;"SPRF-PR";"DEL04/PR";"UOP01-DEL04-PR"
750745;2026-02-07;"sábado";"19:40:00";"PR";116;67;"QUATRO BARRAS";"Chuva";"Colisão com objeto";"Sem Vítimas";"Plena Noite";"Decrescente";"Chuva";"Dupla";"Curva";"Não";1;0;0;0;1;0;0;1;-25,318343;-49,019322;"SPRF-PR";"DEL01/PR";"UOP02-DEL01-PR"
750746;2026-02-07;"sábado";"17:45:00";"MS";163;124,6;"NAVIRAI";"Ingestão de álcool pelo condutor";"Saída de leito carroçável";"Sem Vítimas";"Pleno dia";"Crescente";"Céu Claro";"Dupla";"Reta";"Não";1;0;0;0;1;0;0;1;-23,075231;-54,228825;"SPRF-MS";"DEL09/MS";"UOP01-DEL09-MS"
750747;2026-02-07;"sábado";"19:20:00";"MG";40;614;"CONGONHAS";"Retorno proibido";"Colisão transversal";"Com Vítimas Fatais";"Plena Noite";"Crescente";"Nublado";"Simples";"Reta";"Sim";3;1;0;1;1;0;1;2;-20,533975;-43,8221083;"SPRF-MG";"DEL05/MG";"UOP02-DEL05-MG"
750748;2026-02-07;"sábado";"19:55:00";"PE";232;280;"SERTANIA";"Condutor deixou de manter distância do veículo da frente";"Colisão traseira";"Com Vítimas Feridas";"Plena Noite";"Crescente";"Garoa/Chuvisco";"Simples";"Reta;Declive";"Não";1;0;1;0;0;0;1;1;-8,35269563;-37,29060173;"SPRF-PE";"DEL04/PE";"UOP02-DEL04-PE"
750749;2026-02-07;"sábado";"20:23:00";"ES";101;125,6;"SOORETAMA";"Pedestre cruzava a pista fora da faixa";"Atropelamento de Pedestre";"Com Vítimas Feridas";"Plena Noite";"Crescente";"Céu Claro";"Simples";"Reta";"Não";3;0;0;1;2;0;1;2;-19,18320816;-40,09381485;"SPRF-ES";"DEL04-ES";"UOP01-DEL04-ES"
750751;2026-02-07;"sábado";"17:50:00";"MA";135;80;"SANTA RITA";"Transitar no Acostamento";"Colisão traseira";"Sem Vítimas";"Anoitecer";"Crescente";"Nublado";"Simples";"Reta";"Não";2;0;0;0;2;0;0;2;-3,1751619;-44,38500977;"SPRF-MA";"DEL01-MA";"UOP02-DEL01-MA"
750752;2026-02-07;"sábado";"20:00:00";"PR";369;138,3;"IBIPORA";"Desrespeitar a preferência no cruzamento";"Colisão frontal";"Com Vítimas Feridas";"Plena Noite";"Crescente";"Céu Claro";"Simples";"Reta;Interseção de Vias";"Sim";3;0;1;0;2;0;1;2;-23,27357852;-51,05344534;"SPRF-PR";"DEL07/PR";"UOP01-DEL07-PR"
750753;2026-02-07;"sábado";"17:00:00";"SC";101;203;"SAO JOSE";"Chuva";"Tombamento";"Com Vítimas Feridas";"Pleno dia";"Decrescente";"Chuva";"Múltipla";"Reta;Aclive";"Sim";1;0;0;1;0;0;1;1;-27,56829691;-48,61391606;"SPRF-SC";"DEL01/SC";"UOP01-DEL01-SC"
750754;2026-02-07;"sábado";"18:10:00";"SC";280;99,1;"SAO BENTO DO SUL";"Ausência de reação do condutor";"Saída de leito carroçável";"Com Vítimas Feridas";"Anoitecer";"Decrescente";"Garoa/Chuvisco";"Simples";"Declive;Curva";"Não";1;0;1;0;0;0;1;1;-26,37152;-49,33095;"SPRF-SC";"DEL06/SC";"UOP03-DEL06-SC"
750755;2026-02-07;"sábado";"20:30:00";"PR";376;181,4;"MARINGA";"Ingestão de álcool pelo condutor";"Colisão traseira";"Com Vítimas Feridas";"Plena Noite";"Crescente";"Céu Claro";"Dupla";"Reta";"Sim";2;0;1;0;1;0;1;2;-23,4138459;-51,9823217;"SPRF-PR";"DEL09/PR";"UOP01-DEL09-PR"
750756;2026-02-07;"sábado";"17:25:00";"MS";158;279;"TRES LAGOAS";"Conversão proibida";"Colisão lateral mesmo sentido";"Com Vítimas Feridas";"Anoitecer";"Decrescente";"Garoa/Chuvisco";"Dupla";"Reta";"Não";2;0;0;1;1;0;1;2;-20,822737;-51,727267;"SPRF-MS";"DEL07/MS";"UOP01-DEL07-MS"
750759;2026-02-07;"sábado";"18:45:00";"SC";282;84,9;"ALFREDO WAGNER";"Ausência de reação do condutor";"Colisão traseira";"Com Vítimas Feridas";"Plena Noite";"Decrescente";"Nublado";"Simples";"Curva";"Não";2;0;1;0;1;0;1;2;-27,667317;-49,192235;"SPRF-SC";"DEL01/SC";"UOP03-DEL01-SC"
750761;2026-02-07;"sábado";"15:40:00";"PE";407;86,5;"PETROLINA";"Ausência de reação do condutor";"Saída de leito carroçável";"Com Vítimas Feridas";"Pleno dia";"Decrescente";"Céu Claro";"Simples";"Reta";"Não";1;0;1;0;0;0;1;1;-9,066761;-40,668069;"SPRF-PE";"DEL06/PE";"UOP02-DEL06-PE"
750762;2026-02-07;"sábado";"16:00:00";"GO";452;171,8;"ITUMBIARA";"Demais falhas mecânicas ou elétricas";"Incêndio";"Sem Vítimas";"Pleno dia";"Crescente";"Céu Claro";"Simples";"Reta";"Não";4;0;0;0;4;0;0;1;-18,343583;-49,419887;"SPRF-GO";"DEL03/GO";"UOP02-DEL03-GO"
750764;2026-02-07;"sábado";"19:50:00";"MG";40;815,2;"MATIAS BARBOSA";"Reação tardia ou ineficiente do condutor";"Saída de leito carroçável";"Com Vítimas Feridas";"Plena Noite";"Decrescente";"Garoa/Chuvisco";"Dupla";"Curva";"Não";2;0;0;2;0;0;2;1;-21,8948981;-43,312108;"SPRF-MG";"DEL05/MG";"UOP01-DEL05-MG"
750765;2026-02-07;"sábado";"20:45:00";"PB";230;13;"CABEDELO";"Reação tardia ou ineficiente do condutor";"Colisão traseira";"Com Vítimas Feridas";"Plena Noite";"Crescente";"Nublado";"Dupla";"Reta;Em Obras";"Sim";3;0;1;0;1;1;1;2;-7,080885;-34,849244;"SPRF-PB";"DEL01-PB";"UOP01-DEL01-PB"
750766;2026-02-07;"sábado";"17:00:00";"MS";60;664,2;"BELA VISTA";"Reação tardia ou ineficiente do condutor";"Saída de leito carroçável";"Com Vítimas Feridas";"Pleno dia";"Decrescente";"Céu Claro";"Simples";"Curva";"Não";1;0;0;1;0;0;1;1;-22,03575665;-56,51931256;"SPRF-MS";"DEL05/MS";"UOP01-DEL05-MS"
750767;2026-02-07;"sábado";"20:40:00";"BA";116;423;"FEIRA DE SANTANA";"Reação tardia ou ineficiente do condutor";"Colisão traseira";"Com Vítimas Feridas";"Plena Noite";"Crescente";"Céu Claro";"Dupla";"Reta";"Sim";2;0;1;0;1;0;1;2;-12,23128;-38,96953;"SPRF-BA";"DEL02/BA";"UOP01-DEL02-BA"
750768;2026-02-07;"sábado";"21:00:00";"ES";101;310,1;"VIANA";"Ingestão de álcool pelo condutor";"Colisão lateral sentido oposto";"Com Vítimas Feridas";"Plena Noite";"Decrescente";"Céu Claro";"Dupla";"Reta";"Não";2;0;0;1;1;0;1;2;-20,42566366;-40,46006553;"SPRF-ES";"DEL01-ES";"UOP01-DEL01-ES"
750769;2026-02-07;"sábado";"20:00:00";"RJ";40;118,6;"DUQUE DE CAXIAS";"Ausência de reação do condutor";"Colisão com objeto";"Sem Vítimas";"Plena Noite";"Crescente";"Garoa/Chuvisco";"Múltipla";"Reta;Interseção de Vias";"Sim";3;0;0;0;3;0;0;2;-22,75526125;-43,28737412;"SPRF-RJ";"DEL01/RJ";"UOP02-DEL01-RJ"
750770;2026-02-07;"sábado";"20:00:00";"AL";101;158,1;"CAMPO ALEGRE";"Ingestão de álcool pelo condutor";"Colisão com objeto";"Com Vítimas Fatais";"Plena Noite";"Decrescente";"Céu Claro";"Dupla";"Reta;Interseção de Vias";"Sim";1;1;0;0;0;0;0;1;-9,90311;-36,216653;"SPRF-AL";"DEL02-AL";"UOP02-DEL02-AL"