"id";"data_inversa";"dia_semana";"horario";"uf";"br";"km";"municipio";"causa_acidente";"tipo_acidente";"classificacao_acidente";"fase_dia";"sentido_via";"condicao_metereologica";"tipo_pista";"tracado_via";"uso_solo";"pessoas";"mortos";"feridos_leves";"feridos_graves";"ilesos";"ignorados";"feridos";"veiculos";"latitude";"longitude";"regional";"delegacia";"uop"
750870;2026-02-08;"domingo";"06:15:00";"PE";232;32;"MORENO";"Chuva";"Saída de leito carroçável";"Com Vítimas Feridas";"Pleno dia";"Crescente";"Chuva";"Dupla";"Curva";"Não";3;0;2;0;1;0;2;1;-8,1058343;-35,16321151;"SPRF-PE";"DEL02/PE";"UOP02-DEL02PE"
750871;2026-02-08;"domingo";"06:30:00";"PE";232;24,1;"MORENO";"Acumulo de água sobre o pavimento";"Saída de leito carroçável";"Com Vítimas Feridas";"Pleno dia";"Crescente";"Chuva";"Dupla";"Aclive;Interseção de Vias;Retorno Regulamentado;Reta";"Não";3;0;2;0;0;1;2;2;-8,105553;-35,103785;"SPRF-PE";"DEL02/PE";"UOP02-DEL02PE"
750872;2026-02-08;"domingo";"06:30:00";"RJ";101;327;"NITEROI";"Ausência de reação do condutor";"Tombamento";"Com Vítimas Feridas";"Pleno dia";"Decrescente";"Garoa/Chuvisco";"Dupla";"Reta;Aclive";"Não";1;0;1;0;0;0;1;1;-22,87174665;-43,1577301;"SPRF-RJ";"DEL02/RJ";"UOP01-DEL02-RJ"
750873;2026-02-08;"domingo";"07:00:00";"GO";153;501;"GOIANIA";"Reação tardia ou ineficiente do condutor";"Capotamento";"Sem Vítimas";"Pleno dia";"Crescente";"Céu Claro";"Dupla";"Reta";"Sim";1;0;0;0;0;1;0;1;-16,712031;-49,232508;"SPRF-GO";"DEL01/GO";"UOP01-DEL01-GO"
750874;2026-02-07;"sábado";"23:40:00";"RJ";101;74;"CAMPOS DOS GOYTACAZES";"Acesso irregular";"Atropelamento de Pedestre";"Com Vítimas Feridas";"Plena Noite";"Decrescente";"Chuva";"Simples";"Curva";"Não";4;0;0;3;1;0;3;2;-21,83597091;-41,42146508;"SPRF-RJ";"DEL08/RJ";"UOP02-DEL08-RJ"
750875;2026-02-08;"domingo";"08:00:00";"PR";277;596;"CASCAVEL";"Acessar a via sem observar a presença dos outros veículos";"Colisão transversal";"Com Vítimas Feridas";"Pleno dia";"Decrescente";"Céu Claro";"Dupla";"Interseção de Vias";"Sim";2;0;1;0;1;0;1;2;-24,98152287;-53,50057483;"SPRF-PR";"DEL04/PR";"UOP01-DEL04-PR"
750878;2026-02-07;"sábado";"18:50:00";"SC";101;74;"ARAQUARI";"Pista Escorregadia";"Colisão traseira";"Com Vítimas Feridas";"Anoitecer";"Decrescente";"Chuva";"Dupla";"Reta";"Sim";1;0;1;0;0;0;1;1;-26,54748062;-48,7123248;"SPRF-SC";"DEL03/SC";"UOP02-DEL03-SC"
750879;2026-02-08;"domingo";"08:05:00";"PR";376;239;"APUCARANA";"Demais falhas na via";"Tombamento";"Com Vítimas Feridas";"Pleno dia";"Crescente";"Céu Claro";"Dupla";"Reta;Aclive";"Não";1;0;1;0;0;0;1;1;-23,583396;-51,461594;"SPRF-PR";"DEL07/PR";"UOP03-DEL07-PR"
750880;2026-02-08;"domingo";"08:30:00";"PB";230;142,7;"CAMPINA GRANDE";"Pista Escorregadia";"Saída de leito carroçável";"Com Vítimas Feridas";"Pleno dia";"Decrescente";"Chuva";"Dupla";"Declive";"Não";1;0;1;0;0;0;1;1;-7,255466;-35,824221;"SPRF-PB";"DEL02-PB";"UOP01-DEL02-PB"
750882;2026-02-05;"quinta-feira";"07:30:00";"RJ";116;118;"MAGE";"Ausência de reação do condutor";"Colisão traseira";"Com Vítimas Feridas";"Pleno dia";"Decrescente";"Céu Claro";"Simples";"Retorno Regulamentado";"Sim";2;0;1;0;1;0;1;2;-22,65935079;-43,0912521;"SPRF-RJ";"DEL04/RJ";"UOP02-DEL04-RJ"
750883;2026-02-08;"domingo";"08:30:00";"SP";116;559;"BARRA DO TURVO";"Reação tardia ou ineficiente do condutor";"Saída de leito carroçável";"Com Vítimas Feridas";"Pleno dia";"Decrescente";"Céu Claro";"Dupla";"Reta";"Não";4;0;4;0;0;0;4;1;-25,00935627;-48,50772858;"SPRF-SP";"DEL05/SP";"UOP02-DEL05-SP"
750884;2026-02-08;"domingo";"08:00:00";"SC";101;416,4;"ARARANGUA";"Frear bruscamente";"Colisão traseira";"Sem Vítimas";"Pleno dia";"Decrescente";"Nublado";"Dupla";"Reta";"Não";2;0;0;0;2;0;0;2;-28,97578349;-49,53216331;"SPRF-SC";"DEL02/SC";"UOP02-DEL02-SC"
750885;2026-02-08;"domingo";"09:00:00";"CE";222;309;"TIANGUA";"Acessar a via sem observar a presença dos outros veículos";"Colisão lateral mesmo sentido";"Sem Vítimas";"Pleno dia";"Crescente";"Nublado";"Dupla";"Reta";"Sim";2;0;0;0;2;0;0;2;-3,70503;-40,9772;"SPRF-CE";"DEL04/CE";"UOP02-DEL04-CE"
750886;2026-02-08;"domingo";"09:30:00";"MG";354;759,9;"ITAMONTE";"Condutor deixou de manter distância do veículo da frente";"Colisão traseira";"Com Vítimas Feridas";"Pleno dia";"Decrescente";"Nublado";"Simples";"Reta";"Não";2;0;1;0;1;0;1;2;-22,32486946;-44,84185696;"SPRF-MG";"DEL17/MG";"UOP01-DEL17-MG"
750887;2026-02-08;"domingo";"07:30:00";"RJ";101;491,5;"ANGRA DOS REIS";"Velocidade Incompatível";"Saída de leito carroçável";"Com Vítimas Feridas";"Pleno dia";"Decrescente";"Chuva";"Simples";"Curva";"Não";2;0;2;0;0;0;2;1;-22,98990379;-44,24197473;"SPRF-RJ";"DEL03/RJ";"UOP03-DEL03-RJ"
750889;2026-02-08;"domingo";"09:45:00";"AL";101;169;"TEOTONIO VILELA";"Acumulo de água sobre o pavimento";"Colisão com objeto";"Com Vítimas Feridas";"Pleno dia";"Crescente";"Chuva";"Dupla";"Declive;Reta";"Não";2;0;1;0;1;0;1;1;-9,901967;-36,30546;"SPRF-AL";"DEL02-AL";"UOP02-DEL02-AL"
750891;2026-02-08;"domingo";"09:50:00";"BA";101;899,1;"CARAVELAS";"Acostamento em desnível";"Saída de leito carroçável";"Com Vítimas Feridas";"Pleno dia";"Crescente";"Sol";"Simples";"Reta";"Não";5;0;3;0;2;0;3;1;-17,719189;-39,767505;"SPRF-BA";"DEL09/BA";"UOP02-DEL09-BA"
750892;2026-02-08;"domingo";"08:30:00";"PR";369;194;"ARAPONGAS";"Ausência de reação do condutor";"Queda de ocupante de veículo";"Com Vítimas Feridas";"Pleno dia";"Decrescente";"Nublado";"Dupla";"Reta";"Sim";1;0;1;0;0;0;1;1;-23,4798;-51,4237;"SPRF-PR";"DEL07/PR";"UOP03-DEL07-PR"
750893;2026-02-08;"domingo";"10:00:00";"MG";262;380;"MATEUS LEME";"Velocidade Incompatível";"Saída de leito carroçável";"Com Vítimas Feridas";"Pleno dia";"Crescente";"Céu Claro";"Dupla";"Aclive;Curva";"Não";1;0;1;0;0;0;1;1;-19,92286365;-44,46533275;"SPRF-MG";"DEL01/MG";"UOP03-DEL01-MG"
750894;2026-02-08;"domingo";"09:50:00";"SC";470;149,5;"AGRONOMICA";"Mal súbito do condutor";"Saída de leito carroçável";"Com Vítimas Fatais";"Plena Noite";"Decrescente";"Ignorado";"Simples";"Reta";"Não";1;1;0;0;0;0;0;1;-27,256199;-49,7090022;"SPRF-SC";"DEL04/SC";"UOP02-DEL04-SC"
750895;2026-02-08;"domingo";"10:30:00";"AP";210;2;"MACAPA";"Acessar a via sem observar a presença dos outros veículos";"Colisão transversal";"Com Vítimas Feridas";"Pleno dia";"Crescente";"Céu Claro";"Dupla";"Reta";"Sim";2;0;2;0;0;0;2;2;0,0841;-51,0796;"SPRF-AP";"DEL01-AP";"UOP01-DEL01-AP"
750896;2026-02-08;"domingo";"08:55:00";"RO";364;426;"JARU";"Ingestão de álcool pelo condutor";"Colisão traseira";"Sem Vítimas";"Pleno dia";"Decrescente";"Céu Claro";"Simples";"Reta;Rotatória;Declive";"Sim";4;0;0;0;4;0;0;2;-10,43225512;-62,48021825;"SPRF-RO";"DEL03-RO";"UOP02-DEL03-RO"
750897;2026-02-08;"domingo";"09:20:00";"DF";70;10;"BRASILIA";"Acesso irregular";"Colisão transversal";"Sem Vítimas";"Pleno dia";"Decrescente";"Nublado";"Dupla";"Reta";"Sim";3;0;0;0;1;2;0;3;-15,78733;-48,14026;"SPRF-DF";"DEL03-DF";"UOP02-DEL03-DF"
750898;2026-02-08;"domingo";"10:50:00";"SC";101;222,3;"PALHOCA";"Ausência de reação do condutor";"Colisão lateral mesmo sentido";"Com Vítimas Feridas";"Pleno dia";"Crescente";"Céu Claro";"Simples";"Reta";"Não";3;0;2;0;1;0;2;2;-27,72007344;-48,64657849;"SPRF-SC";"DEL01/SC";"UOP02-DEL01-SC"
750899;2026-02-08;"domingo";"11:00:00";"BA";324;515;"FEIRA DE SANTANA";"Acessar a via sem observar a presença dos outros veículos";"Colisão transversal";"Sem Vítimas";"Pleno dia";"Decrescente";"Céu Claro";"Simples";"Reta";"Sim";2;0;0;0;2;0;0;2;-12,244688;-38,935797;"SPRF-BA";"DEL02/BA";"UOP01-DEL02-BA"
750900;2026-01-31;"sábado";"10:00:00";"MS";163;320;"RIO BRILHANTE";"Manobra de mudança de faixa";"Colisão lateral mesmo sentido";"Com Vítimas Feridas";"Pleno dia";"Crescente";"Sol";"Simples";"Reta";"Não";8;0;3;1;1;3;4;3;-21,88979268;-54,52379599;"SPRF-MS";"DEL02/MS";"UOP02-DEL02-MS"
750904;2026-02-08;"domingo";"07:00:00";"MG";116;666,1;"SAO FRANCISCO DO GLORIA";"Reação tardia ou ineficiente do condutor";"Saída de leito carroçável";"Sem Vítimas";"Pleno dia";"Decrescente";"Chuva";"Simples";"Curva";"Não";3;0;0;0;3;0;0;1;-20,842203;-42,325858;"SPRF-MG";"DEL07/MG";"UOP02-DEL07-MG"
750905;2026-02-08;"domingo";"11:00:00";"SP";116;358;"MIRACATU";"Demais Fenômenos da natureza";"Colisão com objeto";"Com Vítimas Feridas";"Pleno dia";"Crescente";"Céu Claro";"Simples";"Reta";"Não";2;0;1;0;1;0;1;1;-24,10322566;-47,26104654;"SPRF-SP";"DEL04/SP";"UOP03-DEL04-SP"
750906;2026-02-08;"domingo";"11:20:00";"MG";262;395;"PARA DE MINAS";"Avarias e/ou desgaste excessivo no pneu";"Queda de ocupante de veículo";"Com Vítimas Feridas";"Pleno dia";"Crescente";"Céu Claro";"Dupla";"Reta";"Não";2;0;2;0;0;0;2;1;-19,89040018;-44,58560944;"SPRF-MG";"DEL01/MG";"UOP03-DEL01-MG"
750907;2026-02-08;"domingo";"11:30:00";"PB";230;27,5;"JOAO PESSOA";"Ingestão de álcool pelo condutor";"Colisão com objeto";"Com Vítimas Feridas";"Pleno dia";"Crescente";"Nublado";"Dupla";"Reta";"Sim";1;0;0;1;0;0;1;1;-7,16582246;-34,88900453;"SPRF-PB";"DEL01-PB";"UOP01-DEL01-PB"
750908;2026-02-08;"domingo";"11:30:00";"PR";153;484,2;"GENERAL CARNEIRO";"Conversão proibida";"Colisão transversal";"Com Vítimas Feridas";"Pleno dia";"Decrescente";"Sol";"Simples";"Reta";"Não";3;0;1;0;1;1;1;2;-26,38498;-51,26896;"SPRF-PR";"DEL02/PR";"UOP03-DEL02-PR"
750910;2026-02-08;"domingo";"10:48:00";"SC";470;152;"AGRONOMICA";"Ausência de reação do condutor";"Colisão traseira";"Com Vítimas Feridas";"Pleno dia";"Decrescente";"Céu Claro";"Simples";"Reta";"Não";5;0;0;1;4;0;1;2;-27,264365;-49,725405;"SPRF-SC";"DEL04/SC";"UOP02-DEL04-SC"
750911;2026-02-08;"domingo";"13:00:00";"RJ";101;256;"RIO BONITO";"Demais falhas mecânicas ou elétricas";"Tombamento";"Com Vítimas Feridas";"Pleno dia";"Crescente";"Nublado";"Dupla";"Reta";"Não";2;0;1;0;1;0;1;1;-22,69732812;-42,57324673;"SPRF-RJ";"DEL02/RJ";"UOP03-DEL02-RJ"
750912;2026-02-08;"domingo";"10:28:00";"GO";60;376;"RIO VERDE";"Conversão proibida";"Saída de leito carroçável";"Com Vítimas Fatais";"Pleno dia";"Decrescente";"Céu Claro";"Dupla";"Reta";"Não";5;1;3;1;0;0;4;1;-17,751045;-50,877058;"SPRF-GO";"DEL04/GO";"UOP02-DEL04-GO"
750913;2026-02-08;"domingo";"11:35:00";"AL";101;169;"CAMPO ALEGRE";"Acumulo de água sobre o pavimento";"Colisão com objeto";"Com Vítimas Feridas";"Pleno dia";"Crescente";"Chuva";"Dupla";"Reta";"Não";2;0;1;0;1;0;1;1;-9,9000089;-36,26852386;"SPRF-AL";"DEL02-AL";"UOP02-DEL02-AL"
750914;2026-02-08;"domingo";"10:20:00";"TO";153;287;"BRASILANDIA DO TOCANTINS";"Ultrapassagem Indevida";"Colisão lateral sentido oposto";"Sem Vítimas";"Pleno dia";"Crescente";"Nublado";"Simples";"Curva;Aclive";"Não";3;0;0;0;2;1;0;2;-8,416605;-48,480913;"SPRF-TO";"DEL02-TO";"UOP02-DEL02-TO"
750915;2026-02-08;"domingo";"13:20:00";"RJ";393;277;"BARRA DO PIRAI";"Ingestão de álcool pelo condutor";"Saída de leito carroçável";"Com Vítimas Feridas";"Pleno dia";"Decrescente";"Céu Claro";"Simples";"Curva";"Sim";1;0;1;0;0;0;1;1;-22,47939199;-44,0245539;"SPRF-RJ";"DEL05/RJ";"UOP04-DEL05-RJ"
750916;2026-02-08;"domingo";"10:10:00";"SP";116;156,3;"SAO JOSE DOS CAMPOS";"Avarias e/ou desgaste excessivo no pneu";"Tombamento";"Com Vítimas Feridas";"Pleno dia";"Crescente";"Nublado";"Múltipla";"Reta";"Não";1;0;0;1;0;0;1;1;-23,25128;-45,93708;"SPRF-SP";"DEL02/SP";"UOP01-DEL02-SP"
750917;2026-02-08;"domingo";"13:15:00";"BA";330;809;"JEQUIE";"Acessar a via sem observar a presença dos outros veículos";"Colisão transversal";"Com Vítimas Feridas";"Pleno dia";"Decrescente";"Céu Claro";"Simples";"Reta";"Não";3;0;2;0;1;0;2;2;-13,995411;-39,931739;"SPRF-BA";"DEL03/BA";"UOP01-DEL03-BA"
750918;2026-02-08;"domingo";"09:15:00";"RJ";101;523,3;"ANGRA DOS REIS";"Chuva";"Saída de leito carroçável";"Com Vítimas Feridas";"Pleno dia";"Crescente";"Chuva";"Simples";"Curva";"Não";1;0;1;0;0;0;1;1;-22,99971;-44,47337;"SPRF-RJ";"DEL03/RJ";"UOP03-DEL03-RJ"
750920;2026-02-08;"domingo";"14:00:00";"GO";153;490,7;"GOIANIA";"Reação tardia ou ineficiente do condutor";"Colisão frontal";"Com Vítimas Feridas";"Pleno dia";"Decrescente";"Nublado";"Dupla";"Reta";"Sim";1;0;1;0;0;0;1;1;-16,62113197;-49,20622623;"SPRF-GO";"DEL01/GO";"UOP01-DEL01-GO"
750921;2026-02-08;"domingo";"13:15:00";"PI";316;53,2;"MONSENHOR GIL";"Ausência de reação do condutor";"Colisão frontal";"Com Vítimas Feridas";"Pleno dia";"Crescente";"Nublado";"Simples";"Curva;Aclive";"Não";3;0;2;1;0;0;3;2;-5,522782;-42,639797;"SPRF-PI";"DEL01-PI";"UOP02-DEL01-PI"
750923;2026-02-08;"domingo";"09:00:00";"PE";116;18;"SALGUEIRO";"Condutor Dormindo";"Saída de leito carroçável";"Sem Vítimas";"Pleno dia";"Decrescente";"Céu Claro";"Simples";"Reta";"Não";1;0;0;0;0;1;0;1;-8,007506;-39,143217;"SPRF-PE";"DEL05/PE";"UOP01-DEL05-PE"
750924;2026-02-08;"domingo";"14:10:00";"MG";153;89,9;"PRATA";"Acumulo de água sobre o pavimento";"Saída de leito carroçável";"Com Vítimas Feridas";"Pleno dia";"Decrescente";"Chuva";"Simples";"Reta";"Não";2;0;1;0;1;0;1;1;-19,145225;-48,963623;"SPRF-MG";"DEL15/MG";"UOP03-DEL15-MG"
750926;2026-02-08;"domingo";"12:40:00";"GO";70;34;"COCALZINHO DE GOIAS";"Ausência de reação do condutor";"Colisão frontal";"Com Vítimas Fatais";"Pleno dia";"Crescente";"Chuva";"Simples";"Curva;Aclive";"Não";7;2;2;1;1;1;3;3;-15,785429;-48,482093;"SPRF-DF";"DEL03-DF";"UOP02-DEL03-DF"
750928;2026-02-08;"domingo";"13:15:00";"MT";364;253;"JUSCIMEIRA";"Acumulo de água sobre o pavimento";"Saída de leito carroçável";"Com Vítimas Feridas";"Pleno dia";"Crescente";"Chuva";"Dupla";"Reta";"Não";1;0;0;1;0;0;1;1;-16,091427;-54,868286;"SPRF-MT";"DEL02/MT";"UOP01-DEL02-MT"
750929;2026-02-08;"domingo";"13:00:00";"MA";135;33;"BACABEIRA";"Acumulo de água sobre o pavimento";"Saída de leito carroçável";"Com Vítimas Feridas";"Pleno dia";"Decrescente";"Céu Claro";"Dupla";"Reta";"Não";1;0;1;0;0;0;1;1;-2,82491;-44,37442;"SPRF-MA";"DEL01-MA";"UOP01-DEL01-MA"
750930;2026-02-08;"domingo";"13:20:00";"MT";163;746;"SORRISO";"Reação tardia ou ineficiente do condutor";"Saída de leito carroçável";"Sem Vítimas";"Pleno dia";"Crescente";"Nublado";"Dupla";"Reta";"Não";1;0;0;0;1;0;0;1;-12,59758015;-55,74662447;"SPRF-MT";"DEL06/MT";"UOP01-DEL06-MT"
750932;2026-02-08;"domingo";"15:02:00";"RN";226;46,3;"BOM JESUS";"Ausência de reação do condutor";"Saída de leito carroçável";"Com Vítimas Feridas";"Pleno dia";"Decrescente";"Nublado";"Simples";"Curva";"Não";2;0;1;1;0;0;2;1;-5,97750966;-35,57539439;"SPRF-RN";"DEL01-RN";"UOP02-DEL01-RN"
750933;2026-02-08;"domingo";"15:00:00";"RS";470;221;"GARIBALDI";"Ingestão de álcool pelo condutor";"Colisão com objeto";"Com Vítimas Feridas";"Pleno dia";"Decrescente";"Céu Claro";"Simples";"Reta";"Não";1;0;1;0;0;0;1;1;-29,213302;-51,517947;"SPRF-RS";"DEL06/RS";"UOP01-DEL06-RS"
750934;2026-02-08;"domingo";"15:12:00";"SP";116;85;"PINDAMONHANGABA";"Demais falhas mecânicas ou elétricas";"Tombamento";"Com Vítimas Feridas";"Pleno dia";"Crescente";"Céu Claro";"Dupla";"Reta";"Não";2;0;2;0;0;0;2;1;-22,92136181;-45,34327984;"SPRF-SP";"DEL08/SP";"UOP01-DEL08-SP"
750935;2026-02-08;"domingo";"15:20:00";"MG";40;460,6;"CAETANOPOLIS";"Chuva";"Saída de leito carroçável";"Sem Vítimas";"Pleno dia";"Crescente";"Chuva";"Dupla";"Declive;Curva";"Não";2;0;0;0;2;0;0;2;-19,39918;-44,33558;"SPRF-MG";"DEL02/MG";"UOP01-DEL02-MG"
750936;2026-02-08;"domingo";"16:00:00";"MG";50;133,8;"UBERABA";"Acumulo de água sobre o pavimento";"Saída de leito carroçável";"Com Vítimas Feridas";"Pleno dia";"Crescente";"Chuva";"Dupla";"Ponte;Reta";"Não";2;0;2;0;0;0;2;1;-19,42212;-48,070163;"SPRF-MG";"DEL13/MG";"UOP01-DEL13-MG"
750938;2026-02-08;"domingo";"15:23:00";"RN";101;84;"SAO GONCALO DO AMARANTE";"Reação tardia ou ineficiente do condutor";"Colisão lateral mesmo sentido";"Sem Vítimas";"Pleno dia";"Crescente";"Nublado";"Dupla";"Reta";"Sim";2;0;0;0;2;0;0;2;-5,77348925;-35,26003456;"SPRF-RN";"DEL02-RN";"UOP01-DEL02-RN"
750939;2026-02-08;"domingo";"14:20:00";"RO";364;715;"PORTO VELHO";"Desrespeitar a preferência no cruzamento";"Colisão transversal";"Com Vítimas Feridas";"Pleno dia";"Decrescente";"Céu Claro";"Dupla";"Curva;Rotatória;Viaduto;Interseção de Vias";"Sim";3;0;3;0;0;0;3;2;-8,78508282;-63,89705149;"SPRF-RO";"DEL01-RO";"UOP01-DEL01-RO"
750941;2026-02-08;"domingo";"16:15:00";"SP";116;213;"GUARULHOS";"Reação tardia ou ineficiente do condutor";"Tombamento";"Com Vítimas Feridas";"Pleno dia";"Crescente";"Chuva";"Múltipla";"Reta;Aclive";"Sim";2;0;2;0;0;0;2;1;-23,44265846;-46,44425964;"SPRF-SP";"DEL01/SP";"UOP01-DEL01-SP"
750943;2026-02-08;"domingo";"16:20:00";"TO";153;120;"WANDERLANDIA";"Transitar na contramão";"Colisão frontal";"Sem Vítimas";"Pleno dia";"Crescente";"Céu Claro";"Simples";"Reta";"Não";2;0;0;0;2;0;0;2;-7,045363;-48,109138;"SPRF-TO";"DEL02-TO";"UOP01-DEL02-TO"
750944;2026-02-08;"domingo";"16:20:00";"SC";470;123;"IBIRAMA";"Demais falhas mecânicas ou elétricas";"Saída de leito carroçável";"Com Vítimas Feridas";"Pleno dia";"Decrescente";"Céu Claro";"Simples";"Curva;Declive";"Não";1;0;1;0;0;0;1;1;-27,1066009;-49,5225823;"SPRF-SC";"DEL04/SC";"UOP02-DEL04-SC"
750945;2026-02-08;"domingo";"15:25:00";"MA";135;47;"BACABEIRA";"Ausência de reação do condutor";"Engavetamento";"Sem Vítimas";"Pleno dia";"Crescente";"Nublado";"Dupla";"Reta";"Sim";4;0;0;0;4;0;0;3;-2,94177;-44,32943;"SPRF-MA";"DEL01-MA";"UOP01-DEL01-MA"
750947;2026-02-08;"domingo";"16:00:00";"MG";381;492;"BETIM";"Pista esburacada";"Tombamento";"Com Vítimas Feridas";"Pleno dia";"Crescente";"Céu Claro";"Dupla";"Reta";"Não";1;0;1;0;0;0;1;1;-19,96245065;-44,16346997;"SPRF-MG";"DEL01/MG";"UOP03-DEL01-MG"
750948;2026-02-08;"domingo";"15:00:00";"PR";277;4;"CURITIBA";"Entrada inopinada do pedestre";"Atropelamento de Pedestre";"Com Vítimas Feridas";"Pleno dia";"Crescente";"Céu Claro";"Dupla";"Reta";"Sim";2;0;1;0;1;0;1;2;-25,43077538;-49,32981014;"SPRF-PR";"DEL01/PR";"UOP05-DEL01-PR"
750949;2026-02-08;"domingo";"16:10:00";"PR";376;175,3;"MARINGA";"Manobra de mudança de faixa";"Colisão lateral mesmo sentido";"Com Vítimas Feridas";"Pleno dia";"Crescente";"Céu Claro";"Dupla";"Reta";"Sim";1;0;1;0;0;0;1;1;-23,41337687;-51,94621459;"SPRF-PR";"DEL09/PR";"UOP01-DEL09-PR"
750952;2026-02-08;"domingo";"16:00:00";"MS";376;86;"DEODAPOLIS";"Demais falhas mecânicas ou elétricas";"Saída de leito carroçável";"Com Vítimas Feridas";"Pleno dia";"Decrescente";"Céu Claro";"Simples";"Reta";"Não";5;0;5;0;0;0;5;1;-22,30056384;-54,10746003;"SPRF-MS";"DEL04/MS";"UOP04-DEL04-MS"
750953;2026-02-08;"domingo";"15:45:00";"SC";101;357,4;"SANGAO";"Carga excessiva e/ou mal acondicionada";"Derramamento de carga";"Sem Vítimas";"Pleno dia";"Decrescente";"Nublado";"Dupla";"Reta";"Não";2;0;0;0;2;0;0;2;-28,646787;-49,102747;"SPRF-SC";"DEL02/SC";"UOP01-DEL02-SC"
750954;2026-02-08;"domingo";"16:30:00";"RS";285;295,2;"PASSO FUNDO";"Demais falhas mecânicas ou elétricas";"Tombamento";"Com Vítimas Feridas";"Pleno dia";"Crescente";"Céu Claro";"Simples";"Reta";"Sim";1;0;0;1;0;0;1;1;-28,23106738;-52,39426939;"SPRF-RS";"DEL08/RS";"UOP03-DEL08-RS"
750955;2026-02-08;"domingo";"17:00:00";"MG";40;439;"PARAOPEBA";"Manobra de mudança de faixa";"Saída de leito carroçável";"Com Vítimas Feridas";"Pleno dia";"Decrescente";"Nublado";"Dupla";"Reta;Aclive";"Não";3;0;3;0;0;0;3;1;-19,24899;-44,42452;"SPRF-MG";"DEL02/MG";"UOP01-DEL02-MG"
750956;2026-02-08;"domingo";"17:20:00";"PA";163;978,1;"SANTAREM";"Manobra de mudança de faixa";"Saída de leito carroçável";"Sem Vítimas";"Pleno dia";"Decrescente";"Céu Claro";"Simples";"Reta";"Não";1;0;0;0;0;1;0;1;-2,63806068;-54,76251125;"SPRF-PA";"DEL05/PA";"UOP01-DEL05-PA"
750959;2026-02-08;"domingo";"15:30:00";"MG";262;464,7;"BOM DESPACHO";"Velocidade Incompatível";"Colisão lateral mesmo sentido";"Com Vítimas Feridas";"Pleno dia";"Crescente";"Chuva";"Simples";"Curva";"Não";3;0;3;0;0;0;3;2;-19,78796;-45,17592;"SPRF-MG";"DEL08/MG";"UOP03-DEL08-MG"
750960;2026-02-08;"domingo";"16:15:00";"MG";262;400,1;"PARA DE MINAS";"Velocidade Incompatível";"Tombamento";"Com Vítimas Feridas";"Pleno dia";"Decrescente";"Chuva";"Dupla";"Curva";"Não";1;0;1;0;0;0;1;1;-19,88828152;-44,64201093;"SPRF-MG";"DEL01/MG";"UOP03-DEL01-MG"
750962;2026-02-08;"domingo";"15:00:00";"BA";324;556;"AMELIA RODRIGUES";"Velocidade Incompatível";"Saída de leito carroçável";"Com Vítimas Feridas";"Pleno dia";"Crescente";"Céu Claro";"Dupla";"Reta;Declive";"Não";5;0;4;0;1;0;4;1;-12,48314;-38,66636;"SPRF-BA";"DEL11/BA";"UOP02-DEL11-BA"
750963;2026-02-08;"domingo";"16:40:00";"RS";0;0;"OSORIO";"Velocidade Incompatível";"Queda de ocupante de veículo";"Com Vítimas Feridas";"Pleno dia";"Não Informado";"Céu Claro";"Dupla";"Reta";"Sim";2;0;0;1;1;0;1;2;-29,895705;-50,278245;"SPRF-RS";"DEL03/RS";"UOP01-DEL03-RS"
750964;2026-02-08;"domingo";"16:00:00";"BA";101;381;"NOVA IBIA";"Velocidade Incompatível";"Queda de ocupante de veículo";"Com Vítimas Fatais";"Pleno dia";"Crescente";"Céu Claro";"Simples";"Curva";"Não";1;1;0;0;0;0;0;1;-13,878443;-39,489503;"SPRF-BA";"DEL05/BA";"UOP03-DEL05-BA"
750965;2026-02-08;"domingo";"15:45:00";"BA";110;326;"ALAGOINHAS";"Manobra de mudança de faixa";"Queda de ocupante de veículo";"Com Vítimas Feridas";"Pleno dia";"Crescente";"Céu Claro";"Simples";"Reta";"Não";2;0;1;0;1;0;1;2;-12,10101754;-38,37241323;"SPRF-BA";"DEL01/BA";"UOP04-DEL01-BA"
750966;2026-02-08;"domingo";"15:10:00";"MG";381;190;"PERIQUITO";"Condutor deixou de manter distância do veículo da frente";"Colisão traseira";"Com Vítimas Feridas";"Pleno dia";"Decrescente";"Céu Claro";"Simples";"Reta";"Não";2;0;0;1;1;0;1;2;-19,13761966;-42,21728861;"SPRF-MG";"DEL06/MG";"UOP01-DEL06-MG"
750967;2026-02-08;"domingo";"17:20:00";"MG";40;738;"SANTOS DUMONT";"Velocidade Incompatível";"Saída de leito carroçável";"Com Vítimas Feridas";"Pleno dia";"Crescente";"Chuva";"Simples";"Curva";"Não";1;0;1;0;0;0;1;1;-21,36426155;-43,57713883;"SPRF-MG";"DEL05/MG";"UOP01-DEL05-MG"
750968;2026-02-08;"domingo";"18:00:00";"CE";20;404,4;"CAUCAIA";"Manobra de mudança de faixa";"Colisão com objeto";"Sem Vítimas";"Anoitecer";"Crescente";"Nublado";"Simples";"Reta";"Sim";1;0;0;0;0;1;0;1;-3,7749783;-38,6817724;"SPRF-CE";"DEL01/CE";"UOP01-DEL01-CE"
750970;2026-02-08;"domingo";"17:20:00";"GO";153;527,5;"HIDROLANDIA";"Acumulo de água sobre o pavimento";"Saída de leito carroçável";"Com Vítimas Feridas";"Pleno dia";"Crescente";"Chuva";"Dupla";"Curva;Declive";"Não";6;0;0;1;5;0;1;1;-16,941364;-49,253734;"SPRF-GO";"DEL01/GO";"UOP03-DEL01-GO"