"id";"data_inversa";"dia_semana";"horario";"uf";"br";"km";"municipio";"causa_acidente";"tipo_acidente";"classificacao_acidente";"fase_dia";"sentido_via";"condicao_metereologica";"tipo_pista";"tracado_via";"uso_solo";"pessoas";"mortos";"feridos_leves";"feridos_graves";"ilesos";"ignorados";"feridos";"veiculos";"latitude";"longitude";"regional";"delegacia";"uop"
751072;2026-02-08;"domingo";"20:55:00";"SP";116;80,5;"ROSEIRA";"Chuva";"Colisão com objeto";"Com Vítimas Feridas";"Plena Noite";"Decrescente";"Chuva";"Dupla";"Reta";"Não";1;0;1;0;0;0;1;1;-22,9015;-45,30526;"SPRF-SP";"DEL08/SP";"UOP01-DEL08-SP"
751073;2026-02-08;"domingo";"17:15:00";"SP";381;61;"MAIRIPORA";"Chuva";"Saída de leito carroçável";"Com Vítimas Feridas";"Pleno dia";"Decrescente";"Chuva";"Dupla";"Curva";"Não";3;0;1;0;2;0;1;1;-23,289028;-46,581277;"SPRF-SP";"DEL03/SP";"UOP01-DEL03-SP"
751075;2026-02-09;"segunda-feira";"01:10:00";"BA";101;541,1;"SAO JOSE DA VITORIA";"Velocidade Incompatível";"Colisão traseira";"Com Vítimas Fatais";"Plena Noite";"Crescente";"Céu Claro";"Simples";"Interseção de Vias";"Não";3;1;0;1;0;1;1;2;-15,08244161;-39,34030294;"SPRF-BA";"DEL05/BA";"UOP01-DEL05-BA"
751078;2026-02-09;"segunda-feira";"03:45:00";"PB";230;19;"JOAO PESSOA";"Ausência de reação do condutor";"Tombamento";"Com Vítimas Feridas";"Pleno dia";"Decrescente";"Céu Claro";"Dupla";"Reta";"Sim";1;0;0;1;0;0;1;1;-7,1296493;-34,8498682;"SPRF-PB";"DEL01-PB";"UOP01-DEL01-PB"
751079;2026-02-09;"segunda-feira";"04:40:00";"GO";452;184;"ITUMBIARA";"Reação tardia ou ineficiente do condutor";"Colisão traseira";"Com Vítimas Fatais";"Plena Noite";"Decrescente";"Garoa/Chuvisco";"Simples";"Reta";"Não";3;1;0;1;1;0;1;2;-18,396585;-49,321553;"SPRF-GO";"DEL03/GO";"UOP02-DEL03-GO"
751081;2026-02-09;"segunda-feira";"05:30:00";"ES";101;155,9;"LINHARES";"Demais falhas mecânicas ou elétricas";"Queda de ocupante de veículo";"Com Vítimas Feridas";"Amanhecer";"Crescente";"Céu Claro";"Simples";"Reta";"Não";1;0;1;0;0;0;1;1;-19,4453087;-40,09390293;"SPRF-ES";"DEL04-ES";"UOP01-DEL04-ES"
751082;2026-02-09;"segunda-feira";"05:20:00";"RJ";116;180;"BELFORD ROXO";"Ausência de reação do condutor";"Colisão lateral mesmo sentido";"Com Vítimas Feridas";"Amanhecer";"Decrescente";"Nublado";"Dupla";"Reta";"Sim";5;0;2;0;3;0;2;5;-22,76522;-43,414986;"SPRF-RJ";"DEL06/RJ";"UOP01-DEL06-RJ"
751083;2026-02-09;"segunda-feira";"04:50:00";"SC";101;205;"SAO JOSE";"Reação tardia ou ineficiente do condutor";"Colisão com objeto";"Sem Vítimas";"Plena Noite";"Decrescente";"Nublado";"Múltipla";"Reta";"Sim";1;0;0;0;0;1;0;1;-27,58456658;-48,61545531;"SPRF-SC";"DEL01/SC";"UOP01-DEL01-SC"
751084;2026-02-09;"segunda-feira";"05:20:00";"SE";235;8;"NOSSA SENHORA DO SOCORRO";"Ultrapassagem Indevida";"Colisão frontal";"Com Vítimas Feridas";"Pleno dia";"Crescente";"Céu Claro";"Simples";"Declive;Viaduto";"Não";4;0;4;0;0;0;4;2;-10,8843745;-37,1336593;"SPRF-SE";"DEL01-SE";"UOP01-DEL01-SE"
751085;2026-02-09;"segunda-feira";"05:00:00";"SP";116;343,3;"MIRACATU";"Demais falhas na via";"Tombamento";"Com Vítimas Feridas";"Plena Noite";"Decrescente";"Nublado";"Dupla";"Curva";"Não";1;0;1;0;0;0;1;1;-24,02605101;-47,17298736;"SPRF-SP";"DEL04/SP";"UOP03-DEL04-SP"
751086;2026-02-08;"domingo";"21:20:00";"SC";282;656,8;"SAO MIGUEL DO OESTE";"Velocidade Incompatível";"Colisão com objeto";"Com Vítimas Feridas";"Plena Noite";"Decrescente";"Céu Claro";"Simples";"Curva;Ponte";"Não";2;0;0;1;1;0;1;1;-26,68794583;-53,54906499;"SPRF-SC";"DEL07/SC";"UOP03-DEL07-SC"
751088;2026-02-09;"segunda-feira";"06:00:00";"BA";101;942;"MUCURI";"Acessar a via sem observar a presença dos outros veículos";"Colisão transversal";"Com Vítimas Feridas";"Amanhecer";"Decrescente";"Céu Claro";"Simples";"Reta";"Não";2;0;1;0;1;0;1;2;-18,064263;-39,878189;"SPRF-BA";"DEL09/BA";"UOP02-DEL09-BA"
751089;2026-02-08;"domingo";"23:30:00";"GO";452;79;"MAURILANDIA";"Reação tardia ou ineficiente do condutor";"Colisão com objeto";"Com Vítimas Feridas";"Plena Noite";"Crescente";"Nublado";"Simples";"Interseção de Vias";"Não";1;0;1;0;0;0;1;1;-18,052732;-50,218945;"SPRF-GO";"DEL04/GO";"UOP01-DEL04-GO"
751090;2026-02-09;"segunda-feira";"06:35:00";"RS";290;61;"GRAVATAI";"Demais falhas mecânicas ou elétricas";"Tombamento";"Com Vítimas Feridas";"Amanhecer";"Crescente";"Céu Claro";"Dupla";"Reta";"Não";2;0;2;0;0;0;2;1;-29,9315712;-50,8757021;"SPRF-RS";"DEL03/RS";"UOP01-DEL03-RS"
751094;2026-02-08;"domingo";"22:30:00";"SP";116;282;"EMBU DAS ARTES";"Ausência de reação do condutor";"Colisão lateral mesmo sentido";"Com Vítimas Feridas";"Plena Noite";"Decrescente";"Nublado";"Dupla";"Reta";"Sim";3;0;2;0;0;1;2;2;-23,66433628;-46,85383558;"SPRF-SP";"DEL04/SP";"UOP01-DEL04-SP"
751095;2026-02-09;"segunda-feira";"06:30:00";"MG";381;447,6;"BELO HORIZONTE";"Acessar a via sem observar a presença dos outros veículos";"Colisão transversal";"Com Vítimas Feridas";"Amanhecer";"Crescente";"Ignorado";"Simples";"Reta";"Sim";2;0;0;1;1;0;1;2;-19,840063;-43,876273;"SPRF-MG";"DEL01/MG";"UOP01-DEL01-MG"
751096;2026-02-09;"segunda-feira";"06:50:00";"SC";101;221;"PALHOCA";"Velocidade Incompatível";"Queda de ocupante de veículo";"Com Vítimas Feridas";"Pleno dia";"Decrescente";"Nublado";"Dupla";"Reta";"Não";2;0;1;0;1;0;1;1;-27,70338744;-48,65876645;"SPRF-SC";"DEL01/SC";"UOP02-DEL01-SC"
751097;2026-02-09;"segunda-feira";"06:00:00";"GO";40;106;"CRISTALINA";"Condutor Dormindo";"Saída de leito carroçável";"Sem Vítimas";"Amanhecer";"Decrescente";"Nublado";"Dupla";"Reta";"Não";2;0;0;0;1;1;0;1;-16,827872;-47,541822;"SPRF-DF";"DEL01-DF";"UOP02-DEL01-DF"
751098;2026-02-08;"domingo";"23:50:00";"RO";435;63;"VILHENA";"Reação tardia ou ineficiente do condutor";"Saída de leito carroçável";"Com Vítimas Feridas";"Plena Noite";"Decrescente";"Nublado";"Simples";"Curva";"Não";1;0;0;1;0;0;1;1;-13,088383;-60,369767;"SPRF-RO";"DEL04-RO";"UOP02-DEL04-RO"
751100;2026-02-09;"segunda-feira";"07:20:00";"SC";470;58,4;"BLUMENAU";"Acesso irregular";"Colisão lateral mesmo sentido";"Com Vítimas Feridas";"Pleno dia";"Crescente";"Céu Claro";"Simples";"Reta";"Não";2;0;1;0;1;0;1;2;-26,88431302;-49,14833514;"SPRF-SC";"DEL04/SC";"UOP01-DEL04-SC"
751102;2026-02-09;"segunda-feira";"06:40:00";"RN";110;45,1;"MOSSORO";"Ausência de reação do condutor";"Colisão traseira";"Com Vítimas Feridas";"Pleno dia";"Crescente";"Nublado";"Simples";"Reta";"Sim";3;0;1;0;1;1;1;3;-5,194048;-37,313243;"SPRF-RN";"DEL04-RN";"UOP01-DEL04-RN"
751103;2026-02-09;"segunda-feira";"06:30:00";"GO";153;593,8;"PIRACANJUBA";"Pista esburacada";"Tombamento";"Com Vítimas Feridas";"Amanhecer";"Crescente";"Nublado";"Dupla";"Reta";"Não";1;0;0;1;0;0;1;1;-17,485345;-49,209965;"SPRF-GO";"DEL03/GO";"UOP01-DEL03-GO"
751104;2026-02-09;"segunda-feira";"07:04:00";"RN";101;98;"NATAL";"Condutor deixou de manter distância do veículo da frente";"Colisão traseira";"Com Vítimas Feridas";"Pleno dia";"Decrescente";"Céu Claro";"Dupla";"Reta";"Sim";3;0;0;1;2;0;1;2;-5,86838224;-35,21786261;"SPRF-RN";"DEL01-RN";"UOP01-DEL01-RN"
751105;2026-02-09;"segunda-feira";"06:50:00";"RJ";101;434;"MANGARATIBA";"Reação tardia ou ineficiente do condutor";"Saída de leito carroçável";"Com Vítimas Feridas";"Pleno dia";"Crescente";"Chuva";"Simples";"Declive";"Sim";2;0;2;0;0;0;2;1;-22,93734944;-44,04646397;"SPRF-RJ";"DEL03/RJ";"UOP02-DEL03-RJ"
751106;2026-02-09;"segunda-feira";"07:30:00";"RS";386;134,9;"SARANDI";"Acessar a via sem observar a presença dos outros veículos";"Colisão traseira";"Com Vítimas Feridas";"Pleno dia";"Decrescente";"Céu Claro";"Simples";"Declive;Interseção de Vias";"Sim";2;0;1;0;1;0;1;2;-27,95306494;-52,91718213;"SPRF-RS";"DEL08/RS";"UOP01-DEL08-RS"
751107;2026-02-08;"domingo";"20:55:00";"MG";262;552,1;"CORREGO DANTA";"Acessar a via sem observar a presença dos outros veículos";"Colisão transversal";"Sem Vítimas";"Plena Noite";"Decrescente";"Chuva";"Simples";"Curva;Interseção de Vias";"Não";2;0;0;0;2;0;0;2;-19,74409;-45,961697;"SPRF-MG";"DEL08/MG";"UOP02-DEL08-MG"
751108;2026-02-09;"segunda-feira";"07:00:00";"MG";381;494;"BETIM";"Manobra de mudança de faixa";"Colisão lateral mesmo sentido";"Com Vítimas Feridas";"Pleno dia";"Crescente";"Chuva";"Múltipla";"Reta";"Não";2;0;1;0;0;1;1;2;-19,96573003;-44,17727916;"SPRF-MG";"DEL01/MG";"UOP03-DEL01-MG"
751109;2026-02-09;"segunda-feira";"06:50:00";"SP";153;207,1;"GUAIMBE";"Acessar a via sem observar a presença dos outros veículos";"Colisão transversal";"Com Vítimas Feridas";"Plena Noite";"Crescente";"Céu Claro";"Simples";"Reta";"Não";3;0;2;0;1;0;2;2;-21,8838107;-49,9086021;"SPRF-SP";"DEL07/SP";"UOP01-DEL07-SP"
751110;2026-02-09;"segunda-feira";"05:15:00";"PE";232;412;"SERRA TALHADA";"Acessar a via sem observar a presença dos outros veículos";"Colisão transversal";"Com Vítimas Feridas";"Pleno dia";"Decrescente";"Céu Claro";"Simples";"Reta";"Não";3;0;0;2;1;0;2;2;-7,987638;-38,327387;"SPRF-PE";"DEL04/PE";"UOP01-DEL04-PE"
751111;2026-02-09;"segunda-feira";"07:47:00";"MG";50;7;"UBERLANDIA";"Reação tardia ou ineficiente do condutor";"Saída de leito carroçável";"Com Vítimas Feridas";"Amanhecer";"Crescente";"Garoa/Chuvisco";"Dupla";"Reta";"Não";1;0;0;1;0;0;1;1;-18,865077;-48,211283;"SPRF-MG";"DEL15/MG";"UOP01-DEL15-MG"
751113;2026-02-09;"segunda-feira";"07:15:00";"PR";153;9,5;"JACAREZINHO";"Acessar a via sem observar a presença dos outros veículos";"Colisão transversal";"Com Vítimas Feridas";"Pleno dia";"Decrescente";"Céu Claro";"Simples";"Reta";"Não";2;0;1;0;1;0;1;2;-23,07159855;-49,93347287;"SPRF-PR";"DEL07/PR";"UOP04-DEL07-PR"
751114;2026-02-09;"segunda-feira";"07:15:00";"SC";280;55,8;"GUARAMIRIM";"Pedestre andava na pista";"Atropelamento de Pedestre";"Com Vítimas Feridas";"Pleno dia";"Crescente";"Céu Claro";"Dupla";"Interseção de Vias;Rotatória;Viaduto";"Sim";2;0;1;0;0;1;1;2;-26,47908191;-49,00108337;"SPRF-SC";"DEL03/SC";"UOP03-DEL03-SC"
751115;2026-02-09;"segunda-feira";"03:40:00";"MT";174;118,1;"MIRASSOL DOESTE";"Animais na Pista";"Atropelamento de Animal";"Sem Vítimas";"Plena Noite";"Decrescente";"Nublado";"Simples";"Reta";"Não";1;0;0;0;1;0;0;1;-15,82198414;-58,03218842;"SPRF-MT";"DEL03/MT";"UOP01-DEL03-MT"
751116;2026-02-09;"segunda-feira";"07:10:00";"PI";343;4,8;"TERESINA";"Condutor deixou de manter distância do veículo da frente";"Colisão traseira";"Com Vítimas Feridas";"Pleno dia";"Crescente";"Céu Claro";"Múltipla";"Ponte;Reta";"Sim";2;0;1;0;1;0;1;2;-5,081907;-42,794073;"SPRF-PI";"DEL01-PI";"UOP01-DEL01-PI"
751117;2026-02-09;"segunda-feira";"07:31:00";"MG";381;494;"BETIM";"Ausência de reação do condutor";"Saída de leito carroçável";"Com Vítimas Feridas";"Pleno dia";"Crescente";"Chuva";"Múltipla";"Reta;Interseção de Vias";"Sim";2;0;1;0;1;0;1;1;-19,9743173;-44,18603928;"SPRF-MG";"DEL01/MG";"UOP03-DEL01-MG"
751118;2026-02-09;"segunda-feira";"07:30:00";"SE";235;2,1;"ARACAJU";"Condutor deixou de manter distância do veículo da frente";"Colisão traseira";"Com Vítimas Feridas";"Pleno dia";"Crescente";"Céu Claro";"Dupla";"Reta";"Sim";2;0;0;1;1;0;1;2;-10,9073974;-37,09338427;"SPRF-SE";"DEL01-SE";"UOP01-DEL01-SE"
751120;2026-02-09;"segunda-feira";"08:20:00";"PI";343;341;"TERESINA";"Condutor deixou de manter distância do veículo da frente";"Colisão traseira";"Com Vítimas Feridas";"Pleno dia";"Decrescente";"Sol";"Múltipla";"Interseção de Vias";"Sim";3;0;1;0;2;0;1;2;-5,07851;-42,74955;"SPRF-PI";"DEL01-PI";"UOP01-DEL01-PI"
751121;2026-02-09;"segunda-feira";"06:40:00";"MT";364;403;"CUIABA";"Ausência de reação do condutor";"Colisão transversal";"Com Vítimas Feridas";"Pleno dia";"Crescente";"Nublado";"Dupla";"Reta";"Não";2;0;1;0;1;0;1;2;-15,6455442;-56,00981265;"SPRF-MT";"DEL01/MT";"UOP02-DEL01-MT"
751122;2026-02-09;"segunda-feira";"07:30:00";"RJ";40;87;"PETROPOLIS";"Condutor Dormindo";"Colisão com objeto";"Com Vítimas Feridas";"Pleno dia";"Decrescente";"Nublado";"Dupla";"Reta;Aclive";"Não";2;0;2;0;0;0;2;1;-22,560425;-43,22707;"SPRF-RJ";"DEL01/RJ";"UOP01-DEL01-RJ"
751123;2026-02-09;"segunda-feira";"08:05:00";"SC";153;97,2;"CONCORDIA";"Acessar a via sem observar a presença dos outros veículos";"Colisão transversal";"Com Vítimas Feridas";"Pleno dia";"Decrescente";"Céu Claro";"Simples";"Interseção de Vias;Curva";"Não";2;0;1;0;1;0;1;2;-27,22928929;-51,9527456;"SPRF-SC";"DEL07/SC";"UOP04-DEL07-SC"
751125;2026-02-09;"segunda-feira";"08:00:00";"PR";476;144;"CURITIBA";"Ausência de reação do condutor";"Colisão traseira";"Com Vítimas Feridas";"Pleno dia";"Decrescente";"Céu Claro";"Dupla";"Reta";"Sim";2;0;1;0;1;0;1;2;-25,54710727;-49,31979418;"SPRF-PR";"DEL01/PR";"UOP06-DEL01-PR"
751126;2026-02-09;"segunda-feira";"08:10:00";"MG";40;469;"SETE LAGOAS";"Chuva";"Saída de leito carroçável";"Com Vítimas Feridas";"Pleno dia";"Decrescente";"Chuva";"Dupla";"Reta";"Não";1;0;1;0;0;0;1;1;-19,45005692;-44,31695879;"SPRF-MG";"DEL02/MG";"UOP01-DEL02-MG"
751128;2026-01-31;"sábado";"13:10:00";"RJ";40;123;"DUQUE DE CAXIAS";"Reação tardia ou ineficiente do condutor";"Queda de ocupante de veículo";"Com Vítimas Feridas";"Pleno dia";"Decrescente";"Céu Claro";"Múltipla";"Reta";"Sim";1;0;1;0;0;0;1;1;-22,80375929;-43,28986001;"SPRF-RJ";"DEL01/RJ";"UOP02-DEL01-RJ"
751130;2026-02-09;"segunda-feira";"08:55:00";"SC";101;204;"FLORIANOPOLIS";"Manobra de mudança de faixa";"Colisão transversal";"Com Vítimas Feridas";"Pleno dia";"Crescente";"Céu Claro";"Dupla";"Reta";"Sim";3;0;1;0;2;0;1;2;-27,56625064;-48,5725683;"SPRF-SC";"DEL01/SC";"UOP01-DEL01-SC"
751131;2026-02-09;"segunda-feira";"07:10:00";"AC";307;186;"CRUZEIRO DO SUL";"Ultrapassagem Indevida";"Colisão traseira";"Com Vítimas Feridas";"Pleno dia";"Crescente";"Céu Claro";"Simples";"Curva";"Sim";2;0;1;0;1;0;1;2;-7,659737;-72,647704;"SPRF-AC";"DEL01-AC";"UOP03-DEL01-AC"
751133;2026-02-09;"segunda-feira";"08:20:00";"PE";424;94,6;"GARANHUNS";"Ausência de reação do condutor";"Engavetamento";"Com Vítimas Feridas";"Pleno dia";"Crescente";"Céu Claro";"Simples";"Reta;Declive";"Não";6;0;2;0;4;0;2;4;-8,88017;-36,493787;"SPRF-PE";"DEL03/PE";"UOP01-DEL03-PE"
751134;2026-02-09;"segunda-feira";"07:40:00";"PR";376;605,1;"CURITIBA";"Condutor deixou de manter distância do veículo da frente";"Colisão traseira";"Com Vítimas Feridas";"Pleno dia";"Decrescente";"Sol";"Dupla";"Reta";"Não";3;0;1;0;2;0;1;3;-25,53967288;-49,31188703;"SPRF-PR";"DEL01/PR";"UOP03-DEL01-PR"
751136;2026-02-09;"segunda-feira";"07:46:00";"MG";116;765;"LEOPOLDINA";"Acessar a via sem observar a presença dos outros veículos";"Colisão transversal";"Com Vítimas Feridas";"Pleno dia";"Crescente";"Céu Claro";"Simples";"Reta";"Não";3;0;1;0;2;0;1;2;-21,54268599;-42,65591216;"SPRF-MG";"DEL07/MG";"UOP01-DEL07-MG"
751137;2026-02-09;"segunda-feira";"10:00:00";"PB";230;20,6;"ALHANDRA";"Acostamento em desnível";"Queda de ocupante de veículo";"Com Vítimas Feridas";"Pleno dia";"Crescente";"Céu Claro";"Dupla";"Reta";"Sim";2;0;1;1;0;0;2;1;-7,3337565;-34,9476738;"SPRF-PB";"DEL01-PB";"UOP01-DEL01-PB"
751138;2026-01-31;"sábado";"16:00:00";"AP";156;598;"CALCOENE";"Ausência de reação do condutor";"Saída de leito carroçável";"Sem Vítimas";"Pleno dia";"Decrescente";"Chuva";"Simples";"Reta";"Não";1;0;0;0;1;0;0;1;2,48310238;-50,97413349;"SPRF-AP";"DEL01-AP";"UOP02-DEL01-AP"
751139;2026-02-09;"segunda-feira";"10:20:00";"ES";262;61,9;"MARECHAL FLORIANO";"Velocidade Incompatível";"Tombamento";"Com Vítimas Feridas";"Pleno dia";"Crescente";"Céu Claro";"Simples";"Curva";"Não";2;0;2;0;0;0;2;1;-20,42353858;-40,79893682;"SPRF-ES";"DEL01-ES";"UOP02-DEL01-ES"
751142;2026-02-09;"segunda-feira";"09:40:00";"RJ";101;61;"CAMPOS DOS GOYTACAZES";"Acessar a via sem observar a presença dos outros veículos";"Colisão transversal";"Com Vítimas Feridas";"Pleno dia";"Decrescente";"Céu Claro";"Simples";"Reta";"Sim";5;0;1;0;4;0;1;2;-21,73185636;-41,32375614;"SPRF-RJ";"DEL08/RJ";"UOP01-DEL08-RJ"
751145;2026-02-09;"segunda-feira";"10:00:00";"MA";230;397;"BALSAS";"Ingestão de álcool pelo condutor";"Colisão traseira";"Sem Vítimas";"Pleno dia";"Decrescente";"Céu Claro";"Simples";"Reta";"Não";2;0;0;0;2;0;0;2;-7,471203;-46,019777;"SPRF-MA";"DEL05-MA";"UOP01-DEL05-MA"
751146;2026-02-09;"segunda-feira";"06:05:00";"MT";364;397,8;"CUIABA";"Avarias e/ou desgaste excessivo no pneu";"Queda de ocupante de veículo";"Com Vítimas Feridas";"Pleno dia";"Decrescente";"Nublado";"Dupla";"Reta";"Sim";2;0;2;0;0;0;2;1;-15,66404688;-55,96617615;"SPRF-MT";"DEL01/MT";"UOP02-DEL01-MT"
751147;2026-02-09;"segunda-feira";"10:00:00";"RJ";101;333;"RIO DE JANEIRO";"Ausência de reação do condutor";"Tombamento";"Com Vítimas Feridas";"Pleno dia";"Decrescente";"Chuva";"Múltipla";"Reta";"Sim";2;0;1;0;1;0;1;1;-22,86858331;-43,19755554;"SPRF-RJ";"DEL02/RJ";"UOP01-DEL02-RJ"
751148;2026-02-09;"segunda-feira";"10:50:00";"RJ";101;326;"RIO DE JANEIRO";"Demais falhas mecânicas ou elétricas";"Tombamento";"Com Vítimas Feridas";"Pleno dia";"Crescente";"Chuva";"Múltipla";"Reta";"Sim";2;0;2;0;0;0;2;1;-22,87112804;-43,16503143;"SPRF-RJ";"DEL02/RJ";"UOP01-DEL02-RJ"
751149;2026-02-09;"segunda-feira";"10:00:00";"SC";101;202;"SAO JOSE";"Manobra de mudança de faixa";"Capotamento";"Com Vítimas Feridas";"Pleno dia";"Decrescente";"Céu Claro";"Dupla";"Interseção de Vias";"Sim";3;0;1;0;1;1;1;2;-27,556451;-48,619077;"SPRF-SC";"DEL01/SC";"UOP01-DEL01-SC"
751150;2026-02-09;"segunda-feira";"10:20:00";"RJ";101;326;"RIO DE JANEIRO";"Reação tardia ou ineficiente do condutor";"Tombamento";"Com Vítimas Feridas";"Pleno dia";"Crescente";"Chuva";"Simples";"Reta;Ponte";"Sim";1;0;1;0;0;0;1;1;-22,87094396;-43,15788078;"SPRF-RJ";"DEL02/RJ";"UOP01-DEL02-RJ"
751151;2026-01-29;"quinta-feira";"17:30:00";"PR";376;487,3;"PONTA GROSSA";"Ausência de reação do condutor";"Engavetamento";"Com Vítimas Feridas";"Anoitecer";"Decrescente";"Chuva";"Dupla";"Reta;Declive";"Sim";4;0;1;0;3;0;1;4;-25,12761;-50,17647;"SPRF-PR";"DEL03/PR";"UOP03-DEL03-PR"
751154;2026-02-09;"segunda-feira";"08:44:00";"RS";290;102;"PORTO ALEGRE";"Faixas de trânsito com largura insuficiente";"Colisão lateral sentido oposto";"Sem Vítimas";"Pleno dia";"Crescente";"Sol";"Simples";"Reta";"Sim";3;0;0;0;3;0;0;2;-29,98891977;-51,26334278;"SPRF-RS";"DEL01/RS";"UOP01-DEL01-RS"
751157;2026-02-09;"segunda-feira";"08:00:00";"BA";324;611;"SIMOES FILHO";"Manobra de mudança de faixa";"Colisão lateral mesmo sentido";"Com Vítimas Feridas";"Pleno dia";"Crescente";"Céu Claro";"Dupla";"Reta";"Sim";2;0;1;0;1;0;1;2;-12,856133;-38,420868;"SPRF-BA";"DEL01/BA";"UOP01-DEL01-BA"
751160;2026-02-09;"segunda-feira";"12:15:00";"SP";153;48;"SAO JOSE DO RIO PRETO";"Reação tardia ou ineficiente do condutor";"Saída de leito carroçável";"Com Vítimas Feridas";"Pleno dia";"Crescente";"Chuva";"Simples";"Reta;Declive";"Não";4;0;2;0;2;0;2;1;-20,691841;-49,339887;"SPRF-SP";"DEL09/SP";"UOP01-DEL09-SP"
751162;2026-02-09;"segunda-feira";"10:00:00";"MG";381;628,7;"OLIVEIRA";"Ausência de reação do condutor";"Saída de leito carroçável";"Sem Vítimas";"Pleno dia";"Decrescente";"Chuva";"Dupla";"Curva";"Não";1;0;0;0;1;0;0;1;-20,8240023;-44,8011121;"SPRF-MG";"DEL04/MG";"UOP01-DEL04-MG"
751163;2026-02-09;"segunda-feira";"11:05:00";"RS";293;442;"QUARAI";"Velocidade Incompatível";"Saída de leito carroçável";"Com Vítimas Feridas";"Pleno dia";"Decrescente";"Céu Claro";"Simples";"Reta";"Não";1;0;1;0;0;0;1;1;-30,39224;-56,43455;"SPRF-RS";"DEL11/RS";"UOP01-DEL11-RS"
751165;2026-02-09;"segunda-feira";"12:50:00";"RS";116;519,7;"PELOTAS";"Ultrapassagem Indevida";"Colisão lateral mesmo sentido";"Com Vítimas Feridas";"Pleno dia";"Decrescente";"Céu Claro";"Dupla";"Reta";"Sim";2;0;0;1;1;0;1;2;-31,69735454;-52,35766411;"SPRF-RS";"DEL07/RS";"UOP01-DEL07-RS"
751169;2026-02-09;"segunda-feira";"12:10:00";"PR";153;3;"IMBITUVA";"Ultrapassagem Indevida";"Colisão frontal";"Com Vítimas Feridas";"Pleno dia";"Crescente";"Sol";"Simples";"Reta;Aclive";"Sim";2;0;0;1;1;0;1;2;-25,216892;-50,592;"SPRF-PR";"DEL08/PR";"UOP02-DEL08-PR"
751170;2026-02-09;"segunda-feira";"11:50:00";"RJ";116;148;"DUQUE DE CAXIAS";"Reação tardia ou ineficiente do condutor";"Colisão traseira";"Com Vítimas Feridas";"Pleno dia";"Decrescente";"Chuva";"Dupla";"Reta";"Sim";2;0;1;0;1;0;1;2;-22,67124386;-43,27743173;"SPRF-RJ";"DEL01/RJ";"UOP02-DEL01-RJ"
751176;2026-02-09;"segunda-feira";"12:00:00";"DF";60;0,3;"BRASILIA";"Reação tardia ou ineficiente do condutor";"Colisão com objeto";"Com Vítimas Feridas";"Pleno dia";"Crescente";"Nublado";"Múltipla";"Reta";"Sim";1;0;1;0;0;0;1;1;-15,883046;-48,062887;"SPRF-DF";"DEL03-DF";"UOP01-DEL03-DF"
751177;2026-02-09;"segunda-feira";"07:20:00";"PE";424;95;"GARANHUNS";"Acessar a via sem observar a presença dos outros veículos";"Colisão transversal";"Com Vítimas Feridas";"Pleno dia";"Crescente";"Céu Claro";"Simples";"Declive";"Não";2;0;1;0;1;0;1;2;-8,924993;-36,489512;"SPRF-PE";"DEL03/PE";"UOP01-DEL03-PE"
751178;2026-02-09;"segunda-feira";"12:00:00";"RJ";40;96;"DUQUE DE CAXIAS";"Ausência de reação do condutor";"Saída de leito carroçável";"Com Vítimas Feridas";"Pleno dia";"Crescente";"Chuva";"Simples";"Curva";"Não";2;0;1;0;1;0;1;1;-22,57193241;-43,28019977;"SPRF-RJ";"DEL01/RJ";"UOP01-DEL01-RJ"
751183;2026-02-09;"segunda-feira";"13:00:00";"BA";324;527;"FEIRA DE SANTANA";"Acessar a via sem observar a presença dos outros veículos";"Colisão traseira";"Com Vítimas Feridas";"Pleno dia";"Crescente";"Céu Claro";"Dupla";"Retorno Regulamentado";"Não";2;0;1;0;1;0;1;2;-12,31937;-38,87321;"SPRF-BA";"DEL11/BA";"UOP02-DEL11-BA"
751184;2026-02-03;"terça-feira";"19:00:00";"RJ";116;193;"QUEIMADOS";"Animais na Pista";"Atropelamento de Animal";"Sem Vítimas";"Anoitecer";"Decrescente";"Céu Claro";"Dupla";"Reta";"Não";2;0;0;0;2;0;0;1;-22,7376;-43,5365;"SPRF-RJ";"DEL06/RJ";"UOP01-DEL06-RJ"
751185;2026-02-09;"segunda-feira";"13:40:00";"PA";155;340;"MARABA";"Ingestão de álcool pelo condutor";"Tombamento";"Com Vítimas Feridas";"Pleno dia";"Decrescente";"Céu Claro";"Simples";"Reta";"Não";1;0;1;0;0;0;1;1;-5,44392739;-49,07644272;"SPRF-PA";"DEL03/PA";"UOP01-DEL03-PA"
751189;2026-02-09;"segunda-feira";"14:10:00";"SP";116;484;"CAJATI";"Reação tardia ou ineficiente do condutor";"Saída de leito carroçável";"Com Vítimas Feridas";"Pleno dia";"Decrescente";"Céu Claro";"Dupla";"Reta";"Não";5;0;1;0;4;0;1;1;-24,722841;-48,051357;"SPRF-SP";"DEL05/SP";"UOP01-DEL05-SP"
751190;2026-02-09;"segunda-feira";"12:00:00";"MS";376;135,7;"IVINHEMA";"Pista esburacada";"Saída de leito carroçável";"Com Vítimas Feridas";"Pleno dia";"Crescente";"Sol";"Simples";"Reta";"Não";2;0;2;0;0;0;2;1;-22,383495;-53,66312;"SPRF-MS";"DEL04/MS";"UOP04-DEL04-MS"