"id";"data_inversa";"dia_semana";"horario";"uf";"br";"km";"municipio";"causa_acidente";"tipo_acidente";"classificacao_acidente";"fase_dia";"sentido_via";"condicao_metereologica";"tipo_pista";"tracado_via";"uso_solo";"pessoas";"mortos";"feridos_leves";"feridos_graves";"ilesos";"ignorados";"feridos";"veiculos";"latitude";"longitude";"regional";"delegacia";"uop"
751551;2026-02-11;"quarta-feira";"09:00:00";"RJ";101;309;"SAO GONCALO";"Pedestre andava na pista";"Atropelamento de Pedestre";"Com Vítimas Feridas";"Pleno dia";"Crescente";"Céu Claro";"Dupla";"Reta";"Não";2;0;1;0;1;0;1;2;-22,79604369;-43,04079652;"SPRF-RJ";"DEL02/RJ";"UOP02-DEL02-RJ"
751552;2026-02-11;"quarta-feira";"09:44:00";"AC";364;126;"RIO BRANCO";"Ausência de reação do condutor";"Queda de ocupante de veículo";"Com Vítimas Feridas";"Pleno dia";"Decrescente";"Céu Claro";"Simples";"Reta";"Sim";1;0;1;0;0;0;1;1;-10,02539156;-67,83586085;"SPRF-AC";"DEL01-AC";"UOP01-DEL01-AC"
751554;2026-02-11;"quarta-feira";"11:30:00";"GO";70;318;"JUSSARA";"Manobra de mudança de faixa";"Colisão lateral mesmo sentido";"Com Vítimas Feridas";"Pleno dia";"Crescente";"Céu Claro";"Dupla";"Retorno Regulamentado";"Sim";3;0;1;0;2;0;1;2;-15,87387829;-50,85835218;"SPRF-GO";"DEL04/GO";"UOP02-DEL04-GO"
751558;2026-02-07;"sábado";"19:00:00";"RR";174;436,1;"MUCAJAI";"Pedestre andava na pista";"Atropelamento de Pedestre";"Com Vítimas Feridas";"Plena Noite";"Decrescente";"Ignorado";"Simples";"Reta";"Não";8;0;0;1;7;0;1;2;2,330872;-60,908437;"SPRF-RR";"DEL01-RR";"UOP01-DEL01-RR"
751562;2026-02-11;"quarta-feira";"11:30:00";"GO";60;5;"SANTO ANTONIO DO DESCOBERTO";"Ausência de reação do condutor";"Colisão traseira";"Com Vítimas Feridas";"Pleno dia";"Decrescente";"Céu Claro";"Dupla";"Reta";"Não";1;0;1;0;0;0;1;1;-16,08193;-48,27108;"SPRF-DF";"DEL03-DF";"UOP01-DEL03-DF"
751564;2026-02-11;"quarta-feira";"10:35:00";"MS";60;426;"SIDROLANDIA";"Acessar a via sem observar a presença dos outros veículos";"Colisão transversal";"Com Vítimas Feridas";"Pleno dia";"Decrescente";"Céu Claro";"Dupla";"Reta;Interseção de Vias";"Sim";4;0;2;1;1;0;3;2;-20,94399036;-54,96661512;"SPRF-MS";"DEL01/MS";"UOP04-DEL01-MS"
751567;2026-02-11;"quarta-feira";"12:30:00";"MG";50;73;"UBERLANDIA";"Reação tardia ou ineficiente do condutor";"Colisão transversal";"Com Vítimas Feridas";"Pleno dia";"Decrescente";"Nublado";"Dupla";"Reta";"Sim";2;0;0;1;1;0;1;2;-18,90753;-48,226793;"SPRF-MG";"DEL15/MG";"UOP01-DEL15-MG"
751569;2026-02-11;"quarta-feira";"12:50:00";"SC";280;52,7;"GUARAMIRIM";"Acessar a via sem observar a presença dos outros veículos";"Colisão transversal";"Com Vítimas Feridas";"Pleno dia";"Decrescente";"Céu Claro";"Dupla";"Rotatória";"Não";2;0;1;0;1;0;1;2;-26,4714653;-48,97123273;"SPRF-SC";"DEL03/SC";"UOP03-DEL03-SC"
751571;2026-02-11;"quarta-feira";"11:19:00";"SC";101;315,8;"PESCARIA BRAVA";"Reação tardia ou ineficiente do condutor";"Colisão lateral mesmo sentido";"Com Vítimas Feridas";"Pleno dia";"Decrescente";"Céu Claro";"Múltipla";"Curva;Aclive";"Sim";3;0;1;0;2;0;1;2;-28,426039;-48,853237;"SPRF-SC";"DEL02/SC";"UOP01-DEL02-SC"
751572;2026-02-11;"quarta-feira";"11:45:00";"ES";101;147,9;"LINHARES";"Frear bruscamente";"Queda de ocupante de veículo";"Com Vítimas Feridas";"Pleno dia";"Crescente";"Céu Claro";"Dupla";"Reta";"Sim";1;0;1;0;0;0;1;1;-19,3884958;-40,0677679;"SPRF-ES";"DEL04-ES";"UOP01-DEL04-ES"
751573;2026-02-11;"quarta-feira";"12:50:00";"GO";153;495;"GOIANIA";"Demais falhas mecânicas ou elétricas";"Colisão traseira";"Com Vítimas Feridas";"Pleno dia";"Crescente";"Céu Claro";"Dupla";"Reta";"Sim";5;0;2;2;1;0;4;3;-16,66277778;-49,2225;"SPRF-GO";"DEL01/GO";"UOP01-DEL01-GO"
751575;2026-01-10;"sábado";"21:50:00";"AL";423;77,1;"AGUA BRANCA";"Animais na Pista";"Atropelamento de Animal";"Com Vítimas Feridas";"Plena Noite";"Decrescente";"Céu Claro";"Simples";"Ponte;Reta";"Não";3;0;1;1;1;0;2;2;-9,32011244;-37,95972705;"SPRF-AL";"DEL03-AL";"UOP02-DEL03-AL"
751578;2026-01-30;"sexta-feira";"18:40:00";"RJ";101;466;"ANGRA DOS REIS";"Pista Escorregadia";"Colisão frontal";"Com Vítimas Feridas";"Anoitecer";"Crescente";"Nublado";"Simples";"Declive";"Não";7;0;0;6;1;0;6;2;-23,01124791;-44,23127621;"SPRF-RJ";"DEL03/RJ";"UOP03-DEL03-RJ"
751579;2026-02-11;"quarta-feira";"11:30:00";"GO";40;51;"LUZIANIA";"Acumulo de água sobre o pavimento";"Saída de leito carroçável";"Com Vítimas Fatais";"Pleno dia";"Crescente";"Chuva";"Simples";"Curva";"Não";1;1;0;0;0;0;0;1;-16,449298;-47,808376;"SPRF-DF";"DEL01-DF";"UOP02-DEL01-DF"
751582;2026-01-10;"sábado";"16:40:00";"CE";20;279,2;"CANINDE";"Manobra de mudança de faixa";"Colisão lateral sentido oposto";"Com Vítimas Fatais";"Pleno dia";"Crescente";"Céu Claro";"Simples";"Aclive;Reta";"Não";7;3;3;1;0;0;4;3;-4,587122;-39,362162;"SPRF-CE";"DEL02/CE";"UOP01-DEL02-CE"
751583;2026-02-11;"quarta-feira";"11:00:00";"SC";101;3,8;"FLORIANOPOLIS";"Reação tardia ou ineficiente do condutor";"Saída de leito carroçável";"Sem Vítimas";"Pleno dia";"Crescente";"Sol";"Múltipla";"Reta";"Sim";1;0;0;0;0;1;0;1;-27,5932439;-48,60260367;"SPRF-SC";"DEL03/SC";"UOP01-DEL03-SC"
751584;2026-02-11;"quarta-feira";"07:00:00";"MG";356;266,3;"MURIAE";"Acessar a via sem observar a presença dos outros veículos";"Colisão transversal";"Com Vítimas Feridas";"Pleno dia";"Crescente";"Céu Claro";"Simples";"Interseção de Vias";"Não";2;0;1;0;1;0;1;2;-21,12842442;-42,36393789;"SPRF-MG";"DEL07/MG";"UOP02-DEL07-MG"
751585;2026-02-11;"quarta-feira";"11:15:00";"RJ";393;281;"VOLTA REDONDA";"Condutor deixou de manter distância do veículo da frente";"Colisão traseira";"Sem Vítimas";"Pleno dia";"Decrescente";"Nublado";"Simples";"Reta;Interseção de Vias";"Sim";2;0;0;0;2;0;0;2;-22,47378;-44,060878;"SPRF-RJ";"DEL05/RJ";"UOP04-DEL05-RJ"
751587;2026-02-11;"quarta-feira";"14:05:00";"SP";116;227;"GUARULHOS";"Reação tardia ou ineficiente do condutor";"Tombamento";"Com Vítimas Feridas";"Pleno dia";"Crescente";"Céu Claro";"Múltipla";"Reta";"Sim";1;0;1;0;0;0;1;1;-23,499113;-46,561477;"SPRF-SP";"DEL01/SP";"UOP01-DEL01-SP"
751588;2026-02-11;"quarta-feira";"07:00:00";"MG";262;437;"NOVA SERRANA";"Reação tardia ou ineficiente do condutor";"Colisão com objeto";"Sem Vítimas";"Pleno dia";"Crescente";"Nublado";"Dupla";"Viaduto";"Não";1;0;0;0;0;1;0;1;-19,87188719;-44,96969014;"SPRF-MG";"DEL08/MG";"UOP03-DEL08-MG"
751591;2026-02-11;"quarta-feira";"13:45:00";"PR";376;178;"MARINGA";"Manobra de mudança de faixa";"Colisão lateral mesmo sentido";"Com Vítimas Feridas";"Pleno dia";"Crescente";"Céu Claro";"Múltipla";"Reta";"Sim";2;0;1;0;1;0;1;2;-23,41542;-51,92421;"SPRF-PR";"DEL09/PR";"UOP01-DEL09-PR"
751593;2026-02-11;"quarta-feira";"15:00:00";"PR";163;223,6;"CASCAVEL";"Reação tardia ou ineficiente do condutor";"Saída de leito carroçável";"Com Vítimas Feridas";"Pleno dia";"Decrescente";"Céu Claro";"Dupla";"Curva";"Não";2;0;1;0;1;0;1;1;-24,84183;-53,62022;"SPRF-PR";"DEL04/PR";"UOP01-DEL04-PR"
751596;2026-02-11;"quarta-feira";"14:10:00";"MG";381;483,1;"BETIM";"Ausência de reação do condutor";"Tombamento";"Com Vítimas Feridas";"Pleno dia";"Decrescente";"Chuva";"Dupla";"Curva";"Sim";3;0;1;0;2;0;1;3;-19,95797777;-44,07977549;"SPRF-MG";"DEL01/MG";"UOP03-DEL01-MG"
751597;2026-02-11;"quarta-feira";"12:10:00";"BA";415;52;"ITABUNA";"Ausência de reação do condutor";"Colisão traseira";"Com Vítimas Feridas";"Pleno dia";"Crescente";"Sol";"Simples";"Reta";"Sim";3;0;0;1;2;0;1;3;-14,843261;-39,334678;"SPRF-BA";"DEL05/BA";"UOP01-DEL05-BA"
751598;2026-02-11;"quarta-feira";"15:25:00";"SC";158;104,3;"CUNHA PORA";"Acessar a via sem observar a presença dos outros veículos";"Colisão lateral mesmo sentido";"Com Vítimas Feridas";"Pleno dia";"Crescente";"Sol";"Simples";"Interseção de Vias";"Não";2;0;2;0;0;0;2;2;-26,81081081;-53,1758215;"SPRF-SC";"DEL07/SC";"UOP02-DEL07-SC"
751599;2026-02-11;"quarta-feira";"15:50:00";"SC";101;205;"SAO JOSE";"Manobra de mudança de faixa";"Colisão lateral mesmo sentido";"Sem Vítimas";"Pleno dia";"Decrescente";"Céu Claro";"Dupla";"Reta";"Sim";2;0;0;0;2;0;0;2;-27,58348772;-48,61508894;"SPRF-SC";"DEL01/SC";"UOP01-DEL01-SC"
751602;2026-02-11;"quarta-feira";"15:40:00";"RS";470;222;"GARIBALDI";"Desrespeitar a preferência no cruzamento";"Colisão transversal";"Com Vítimas Feridas";"Pleno dia";"Decrescente";"Céu Claro";"Simples";"Declive;Reta";"Não";2;0;1;0;1;0;1;2;-29,22730258;-51,51618926;"SPRF-RS";"DEL06/RS";"UOP01-DEL06-RS"
751603;2026-02-11;"quarta-feira";"16:12:00";"PE";104;84,7;"AGRESTINA";"Manobra de mudança de faixa";"Colisão lateral mesmo sentido";"Com Vítimas Feridas";"Pleno dia";"Crescente";"Sol";"Simples";"Reta;Declive";"Sim";4;0;0;1;2;1;1;3;-8,43933;-35,95489;"SPRF-PE";"DEL02/PE";"UOP01-DEL02-PE"
751604;2026-02-11;"quarta-feira";"15:25:00";"RJ";40;117;"DUQUE DE CAXIAS";"Manobra de mudança de faixa";"Colisão frontal";"Com Vítimas Feridas";"Pleno dia";"Decrescente";"Céu Claro";"Dupla";"Reta";"Sim";3;0;1;0;2;0;1;2;-22,73884363;-43,2883371;"SPRF-RJ";"DEL01/RJ";"UOP02-DEL01-RJ"
751606;2026-02-11;"quarta-feira";"15:30:00";"MG";262;426,8;"NOVA SERRANA";"Ausência de reação do condutor";"Saída de leito carroçável";"Com Vítimas Feridas";"Pleno dia";"Decrescente";"Chuva";"Dupla";"Curva";"Não";2;0;1;0;0;1;1;2;-19,89356808;-44,87700936;"SPRF-MG";"DEL08/MG";"UOP03-DEL08-MG"
751607;2026-02-11;"quarta-feira";"15:30:00";"MG";365;635;"UBERLANDIA";"Reação tardia ou ineficiente do condutor";"Saída de leito carroçável";"Com Vítimas Feridas";"Pleno dia";"Decrescente";"Nublado";"Dupla";"Reta";"Não";1;0;1;0;0;0;1;1;-18,89394768;-48,41174412;"SPRF-MG";"DEL15/MG";"UOP01-DEL15-MG"
751608;2026-02-11;"quarta-feira";"14:50:00";"PI";316;151;"ELESBAO VELOSO";"Pista Escorregadia";"Colisão frontal";"Com Vítimas Feridas";"Pleno dia";"Crescente";"Chuva";"Simples";"Curva;Aclive";"Não";3;0;1;2;0;0;3;2;-6,126817;-42,156988;"SPRF-PI";"DEL04-PI";"UOP02-DEL04-PI"
751609;2026-02-11;"quarta-feira";"16:30:00";"SC";101;147;"ITAPEMA";"Condutor deixou de manter distância do veículo da frente";"Engavetamento";"Com Vítimas Feridas";"Pleno dia";"Decrescente";"Céu Claro";"Múltipla";"Reta;Viaduto";"Sim";5;0;2;0;3;0;2;4;-27,08727558;-48,61029625;"SPRF-SC";"DEL04/SC";"UOP03-DEL04-SC"
751611;2026-02-11;"quarta-feira";"16:39:00";"RS";116;266,5;"CANOAS";"Manobra de mudança de faixa";"Tombamento";"Com Vítimas Feridas";"Pleno dia";"Decrescente";"Céu Claro";"Múltipla";"Reta";"Sim";3;0;1;0;1;1;1;2;-29,93310594;-51,17730975;"SPRF-RS";"DEL01/RS";"UOP01-DEL01-RS"
751612;2026-02-11;"quarta-feira";"16:30:00";"AP";156;779,1;"OIAPOQUE";"Velocidade Incompatível";"Saída de leito carroçável";"Com Vítimas Feridas";"Anoitecer";"Crescente";"Chuva";"Simples";"Reta;Declive";"Não";1;0;1;0;0;0;1;1;3,68135;-51,772353;"SPRF-AP";"DEL01-AP";"UOP03-DEL01-AP"
751613;2026-02-11;"quarta-feira";"17:15:00";"RS";392;13,6;"RIO GRANDE";"Manobra de mudança de faixa";"Colisão lateral mesmo sentido";"Com Vítimas Feridas";"Pleno dia";"Crescente";"Céu Claro";"Dupla";"Reta";"Não";2;0;1;0;1;0;1;2;-32,11426376;-52,11827628;"SPRF-RS";"DEL07/RS";"UOP02-DEL07-RS"
751614;2026-02-11;"quarta-feira";"17:00:00";"SC";101;215,3;"PALHOCA";"Objeto estático sobre o leito carroçável";"Colisão com objeto";"Com Vítimas Feridas";"Pleno dia";"Decrescente";"Céu Claro";"Dupla";"Reta";"Sim";4;0;2;1;1;0;3;3;-27,65364;-48,67702;"SPRF-SC";"DEL01/SC";"UOP02-DEL01-SC"
751616;2026-02-11;"quarta-feira";"12:45:00";"RO";364;342;"JI-PARANA";"Frear bruscamente";"Queda de ocupante de veículo";"Sem Vítimas";"Pleno dia";"Decrescente";"Céu Claro";"Simples";"Interseção de Vias";"Sim";1;0;0;0;1;0;0;1;-10,88045239;-61,94291202;"SPRF-RO";"DEL02-RO";"UOP01-DEL02-RO"
751618;2026-02-11;"quarta-feira";"17:45:00";"PR";376;181;"MARINGA";"Reação tardia ou ineficiente do condutor";"Colisão traseira";"Sem Vítimas";"Pleno dia";"Decrescente";"Sol";"Dupla";"Reta";"Sim";2;0;0;0;2;0;0;2;-23,43071249;-51,8896064;"SPRF-PR";"DEL09/PR";"UOP01-DEL09-PR"
751619;2026-02-11;"quarta-feira";"17:19:00";"SP";116;276;"EMBU DAS ARTES";"Reação tardia ou ineficiente do condutor";"Colisão traseira";"Com Vítimas Feridas";"Pleno dia";"Decrescente";"Nublado";"Dupla";"Reta";"Sim";2;0;1;0;1;0;1;2;-23,70164284;-46,82647705;"SPRF-SP";"DEL04/SP";"UOP01-DEL04-SP"
751620;2026-02-11;"quarta-feira";"14:00:00";"RJ";116;148;"DUQUE DE CAXIAS";"Ausência de reação do condutor";"Colisão com objeto";"Com Vítimas Feridas";"Pleno dia";"Decrescente";"Nublado";"Dupla";"Reta";"Sim";2;0;1;0;1;0;1;1;-22,67191705;-43,28046799;"SPRF-RJ";"DEL01/RJ";"UOP02-DEL01-RJ"
751621;2026-02-11;"quarta-feira";"17:50:00";"PR";277;551,9;"CATANDUVAS";"Reação tardia ou ineficiente do condutor";"Colisão traseira";"Sem Vítimas";"Anoitecer";"Crescente";"Céu Claro";"Simples";"Reta;Interseção de Vias";"Não";2;0;0;0;2;0;0;2;-25,09562;-53,1272186;"SPRF-PR";"DEL04/PR";"UOP04-DEL04-PR"
751622;2026-02-11;"quarta-feira";"17:40:00";"PE";101;79;"JABOATAO DOS GUARARAPES";"Ausência de reação do condutor";"Colisão lateral mesmo sentido";"Com Vítimas Feridas";"Anoitecer";"Decrescente";"Nublado";"Dupla";"Reta";"Sim";2;0;1;0;1;0;1;2;-8,14875;-34,94306;"SPRF-PE";"DEL01/PE";"UOP01-DEL01-PE"
751623;2026-02-11;"quarta-feira";"18:05:00";"RS";116;238;"NOVO HAMBURGO";"Ausência de reação do condutor";"Tombamento";"Com Vítimas Feridas";"Pleno dia";"Crescente";"Céu Claro";"Dupla";"Desvio Temporário";"Sim";3;0;1;0;2;0;1;3;-29,69187831;-51,14343731;"SPRF-RS";"DEL01/RS";"UOP02-DEL01-RS"
751629;2026-02-11;"quarta-feira";"16:15:00";"RS";287;445;"UNISTALDA";"Ingestão de álcool pelo condutor";"Colisão transversal";"Com Vítimas Feridas";"Pleno dia";"Crescente";"Sol";"Simples";"Reta";"Sim";5;0;1;0;4;0;1;2;-29,03692738;-55,25075762;"SPRF-RS";"DEL12/RS";"UOP02-DEL12-RS"
751631;2026-02-11;"quarta-feira";"17:20:00";"PR";277;686;"SAO MIGUEL DO IGUACU";"Ausência de reação do condutor";"Tombamento";"Com Vítimas Feridas";"Pleno dia";"Decrescente";"Céu Claro";"Dupla";"Curva;Aclive";"Não";1;0;1;0;0;0;1;1;-25,33564;-54,204568;"SPRF-PR";"DEL05/PR";"UOP01-DEL05-PR"
751632;2026-02-11;"quarta-feira";"15:45:00";"MA";316;160,2;"ARAGUANA";"Acessar a via sem observar a presença dos outros veículos";"Colisão transversal";"Com Vítimas Feridas";"Pleno dia";"Decrescente";"Céu Claro";"Simples";"Reta";"Sim";2;0;1;0;1;0;1;2;-2,946785;-45,666587;"SPRF-MA";"DEL02-MA";"UOP02-DEL02-MA"
751633;2026-02-11;"quarta-feira";"18:35:00";"GO";40;5,7;"VALPARAISO DE GOIAS";"Reação tardia ou ineficiente do condutor";"Colisão traseira";"Com Vítimas Feridas";"Amanhecer";"Crescente";"Nublado";"Dupla";"Declive;Reta";"Não";3;0;1;0;2;0;1;3;-16,09200071;-47,98304558;"SPRF-DF";"DEL01-DF";"UOP01-DEL01-DF"
751634;2026-02-11;"quarta-feira";"17:40:00";"SP";116;100,5;"PINDAMONHANGABA";"Reação tardia ou ineficiente do condutor";"Colisão traseira";"Com Vítimas Feridas";"Anoitecer";"Crescente";"Nublado";"Dupla";"Reta";"Não";3;0;1;0;2;0;1;2;-22,9880686;-45,47599152;"SPRF-SP";"DEL08/SP";"UOP01-DEL08-SP"
751636;2026-02-10;"terça-feira";"20:00:00";"MT";174;343;"CONQUISTA DOESTE";"Animais na Pista";"Atropelamento de Animal";"Com Vítimas Feridas";"Plena Noite";"Decrescente";"Céu Claro";"Simples";"Reta";"Não";1;0;1;0;0;0;1;1;-14,814817;-59,322543;"SPRF-MT";"DEL04/MT";"UOP01-DEL04-MT"
751637;2026-02-11;"quarta-feira";"14:40:00";"GO";153;508;"APARECIDA DE GOIANIA";"Reação tardia ou ineficiente do condutor";"Saída de leito carroçável";"Com Vítimas Feridas";"Pleno dia";"Decrescente";"Nublado";"Dupla";"Reta;Aclive";"Não";1;0;0;1;0;0;1;1;-16,775089;-49,237038;"SPRF-GO";"DEL01/GO";"UOP03-DEL01-GO"
751639;2026-02-11;"quarta-feira";"17:35:00";"RJ";101;462;"ANGRA DOS REIS";"Ausência de reação do condutor";"Saída de leito carroçável";"Com Vítimas Feridas";"Pleno dia";"Decrescente";"Céu Claro";"Simples";"Declive;Curva";"Não";2;0;1;0;1;0;1;1;-23,01970816;-44,21550751;"SPRF-RJ";"DEL03/RJ";"UOP03-DEL03-RJ"
751640;2026-02-11;"quarta-feira";"13:00:00";"ES";262;32;"DOMINGOS MARTINS";"Acumulo de óleo sobre o pavimento";"Queda de ocupante de veículo";"Com Vítimas Feridas";"Pleno dia";"Crescente";"Sol";"Simples";"Curva";"Não";1;0;1;0;0;0;1;1;-20,37973448;-40,57886941;"SPRF-ES";"DEL01-ES";"UOP01-DEL01-ES"
751641;2026-02-11;"quarta-feira";"18:00:00";"RO";364;383,9;"OURO PRETO DO OESTE";"Acessar a via sem observar a presença dos outros veículos";"Colisão transversal";"Com Vítimas Feridas";"Pleno dia";"Crescente";"Nublado";"Simples";"Reta";"Sim";2;0;1;0;1;0;1;2;-10,715842;-62,250133;"SPRF-RO";"DEL02-RO";"UOP01-DEL02-RO"
751644;2026-02-11;"quarta-feira";"17:30:00";"BA";116;9;"VITORIA DA CONQUISTA";"Ausência de reação do condutor";"Colisão transversal";"Com Vítimas Feridas";"Anoitecer";"Decrescente";"Céu Claro";"Simples";"Reta";"Não";3;0;2;0;1;0;2;2;-14,85101496;-40,88300228;"SPRF-BA";"DEL08/BA";"UOP01-DEL08-BA"
751646;2026-02-11;"quarta-feira";"19:30:00";"GO";20;182;"SIMOLANDIA";"Pedestre cruzava a pista fora da faixa";"Atropelamento de Pedestre";"Com Vítimas Feridas";"Plena Noite";"Crescente";"Nublado";"Dupla";"Reta";"Sim";3;0;0;1;0;2;1;2;-14,4642694;-46,48040771;"SPRF-DF";"DEL02-DF";"UOP03-DEL02-DF"
751647;2026-02-11;"quarta-feira";"19:10:00";"MG";116;671,9;"MURIAE";"Condutor deixou de manter distância do veículo da frente";"Colisão traseira";"Com Vítimas Feridas";"Plena Noite";"Crescente";"Nublado";"Simples";"Reta;Interseção de Vias";"Sim";2;0;1;0;1;0;1;2;-21,12184475;-42,37983584;"SPRF-MG";"DEL07/MG";"UOP02-DEL07-MG"
751648;2026-02-11;"quarta-feira";"19:20:00";"CE";222;76,4;"SAO LUIS DO CURU";"Acessar a via sem observar a presença dos outros veículos";"Atropelamento de Pedestre";"Com Vítimas Fatais";"Plena Noite";"Decrescente";"Nublado";"Simples";"Reta";"Sim";2;1;0;0;1;0;0;2;-3,671219;-39,232972;"SPRF-CE";"DEL01/CE";"UOP03-DEL01-CE"
751649;2026-02-11;"quarta-feira";"19:15:00";"PI";316;5;"TERESINA";"Pedestre cruzava a pista fora da faixa";"Atropelamento de Pedestre";"Com Vítimas Feridas";"Plena Noite";"Decrescente";"Céu Claro";"Múltipla";"Reta";"Sim";3;0;0;1;2;0;1;2;-5,142817;-42,779689;"SPRF-PI";"DEL01-PI";"UOP02-DEL01-PI"
751650;2026-02-11;"quarta-feira";"19:45:00";"SP";116;227;"GUARULHOS";"Ausência de reação do condutor";"Colisão traseira";"Com Vítimas Feridas";"Plena Noite";"Decrescente";"Céu Claro";"Múltipla";"Reta";"Não";3;0;1;0;2;0;1;2;-23,499435;-46,560507;"SPRF-SP";"DEL01/SP";"UOP01-DEL01-SP"
751651;2026-02-11;"quarta-feira";"13:55:00";"PI";343;8;"PARNAIBA";"Ausência de reação do condutor";"Colisão traseira";"Sem Vítimas";"Pleno dia";"Crescente";"Céu Claro";"Simples";"Reta";"Sim";2;0;0;0;2;0;0;2;-2,8999349;-41,7277801;"SPRF-PI";"DEL05-PI";"UOP01-DEL05-PI"
751652;2026-02-11;"quarta-feira";"19:45:00";"PR";277;318;"GUARAPUAVA";"Condutor deixou de manter distância do veículo da frente";"Colisão traseira";"Com Vítimas Feridas";"Plena Noite";"Crescente";"Céu Claro";"Simples";"Reta;Declive";"Não";2;0;1;0;1;0;1;2;-25,336966;-51,215893;"SPRF-PR";"DEL08/PR";"UOP01-DEL08-PR"
751653;2026-02-11;"quarta-feira";"19:00:00";"MT";163;1049;"MATUPA";"Reação tardia ou ineficiente do condutor";"Saída de leito carroçável";"Sem Vítimas";"Plena Noite";"Crescente";"Nublado";"Simples";"Reta";"Não";1;0;0;0;1;0;0;1;-10,0912085;-54,9176432;"SPRF-MT";"DEL06/MT";"UOP03-DEL06-MT"
751654;2026-02-11;"quarta-feira";"20:35:00";"RS";116;238;"NOVO HAMBURGO";"Ingestão de álcool pelo condutor";"Colisão traseira";"Com Vítimas Feridas";"Plena Noite";"Crescente";"Céu Claro";"Múltipla";"Reta";"Sim";3;0;1;0;2;0;1;2;-29,69267052;-51,14370553;"SPRF-RS";"DEL01/RS";"UOP02-DEL01-RS"
751655;2026-02-11;"quarta-feira";"18:25:00";"AP";210;104,9;"PORTO GRANDE";"Ultrapassagem Indevida";"Colisão lateral mesmo sentido";"Com Vítimas Feridas";"Anoitecer";"Crescente";"Céu Claro";"Simples";"Reta";"Sim";2;0;1;0;1;0;1;2;0,700717;-51,402884;"SPRF-AP";"DEL01-AP";"UOP01-DEL01-AP"
751656;2026-02-11;"quarta-feira";"19:45:00";"TO";153;352,5;"FORTALEZA DO TABOCAO";"Manobra de mudança de faixa";"Colisão frontal";"Com Vítimas Feridas";"Pleno dia";"Decrescente";"Nublado";"Simples";"Reta;Declive";"Não";5;0;2;0;3;0;2;3;-8,997983;-48,500817;"SPRF-TO";"DEL02-TO";"UOP02-DEL02-TO"
751658;2026-02-11;"quarta-feira";"20:00:00";"PR";277;655;"MATELANDIA";"Pedestre cruzava a pista fora da faixa";"Atropelamento de Pedestre";"Com Vítimas Feridas";"Plena Noite";"Decrescente";"Céu Claro";"Simples";"Declive;Reta";"Não";2;0;0;1;1;0;1;2;-25,2152601;-53,9514826;"SPRF-PR";"DEL05/PR";"UOP02-DEL05-PR"
751659;2026-02-11;"quarta-feira";"18:45:00";"ES";101;392,3;"RIO NOVO DO SUL";"Ausência de reação do condutor";"Queda de ocupante de veículo";"Com Vítimas Feridas";"Plena Noite";"Crescente";"Céu Claro";"Simples";"Reta";"Não";1;0;1;0;0;0;1;1;-20,86563364;-40,91438262;"SPRF-ES";"DEL03-ES";"UOP02-DEL03-ES"
751660;2026-02-11;"quarta-feira";"21:00:00";"SP";381;88;"GUARULHOS";"Ausência de reação do condutor";"Capotamento";"Sem Vítimas";"Plena Noite";"Decrescente";"Nublado";"Múltipla";"Reta";"Sim";1;0;0;0;1;0;0;1;-23,484294;-46,5594832;"SPRF-SP";"DEL03/SP";"UOP01-DEL03-SP"
751662;2026-02-11;"quarta-feira";"13:35:00";"SC";282;503,4;"XANXERE";"Ausência de reação do condutor";"Saída de leito carroçável";"Com Vítimas Feridas";"Pleno dia";"Decrescente";"Céu Claro";"Dupla";"Reta;Aclive";"Sim";1;0;1;0;0;0;1;1;-26,88292307;-52,40324942;"SPRF-SC";"DEL07/SC";"UOP01-DEL07-SC"
751663;2026-02-11;"quarta-feira";"20:00:00";"CE";116;307,6;"JAGUARIBE";"Ausência de reação do condutor";"Colisão lateral mesmo sentido";"Com Vítimas Feridas";"Plena Noite";"Crescente";"Céu Claro";"Simples";"Reta";"Sim";2;0;0;1;1;0;1;2;-5,903738;-38,62353;"SPRF-CE";"DEL05/CE";"UOP02-DEL05-CE"
751664;2026-02-11;"quarta-feira";"15:20:00";"PI";230;197;"OEIRAS";"Manobra de mudança de faixa";"Colisão lateral mesmo sentido";"Com Vítimas Feridas";"Pleno dia";"Crescente";"Céu Claro";"Dupla";"Reta";"Sim";2;0;2;0;0;0;2;2;-7,01017519;-42,12868452;"SPRF-PI";"DEL04-PI";"UOP01-DEL04-PI"
751666;2026-02-11;"quarta-feira";"21:20:00";"MG";40;629,3;"CONSELHEIRO LAFAIETE";"Transitar na contramão";"Colisão frontal";"Com Vítimas Feridas";"Plena Noite";"Crescente";"Céu Claro";"Simples";"Reta;Aclive";"Não";2;0;0;1;0;1;1;2;-20,6559765;-43,8046868;"SPRF-MG";"DEL05/MG";"UOP02-DEL05-MG"
751667;2026-02-11;"quarta-feira";"21:30:00";"GO";60;94,9;"ANAPOLIS";"Demais falhas mecânicas ou elétricas";"Saída de leito carroçável";"Com Vítimas Feridas";"Plena Noite";"Decrescente";"Nublado";"Dupla";"Reta";"Não";3;0;1;0;2;0;1;1;-16,36499069;-48,93523855;"SPRF-GO";"DEL02/GO";"UOP01-DEL02-GO"