"id";"data_inversa";"dia_semana";"horario";"uf";"br";"km";"municipio";"causa_acidente";"tipo_acidente";"classificacao_acidente";"fase_dia";"sentido_via";"condicao_metereologica";"tipo_pista";"tracado_via";"uso_solo";"pessoas";"mortos";"feridos_leves";"feridos_graves";"ilesos";"ignorados";"feridos";"veiculos";"latitude";"longitude";"regional";"delegacia";"uop"
752120;2026-02-13;"sexta-feira";"17:45:00";"GO";60;366,5;"RIO VERDE";"Reação tardia ou ineficiente do condutor";"Saída de leito carroçável";"Com Vítimas Feridas";"Pleno dia";"Decrescente";"Céu Claro";"Dupla";"Reta";"Não";1;0;0;1;0;0;1;1;-17,677362;-50,829193;"SPRF-GO";"DEL04/GO";"UOP02-DEL04-GO"
752121;2026-02-13;"sexta-feira";"19:40:00";"GO";251;27;"CRISTALINA";"Conversão proibida";"Colisão transversal";"Com Vítimas Feridas";"Plena Noite";"Crescente";"Céu Claro";"Simples";"Reta";"Sim";2;0;1;0;1;0;1;2;-16,102783;-47,498829;"SPRF-DF";"DEL01-DF";"UOP01-DEL01-DF"
752122;2026-02-13;"sexta-feira";"19:00:00";"BA";116;356,7;"SERRINHA";"Acessar a via sem observar a presença dos outros veículos";"Colisão transversal";"Com Vítimas Feridas";"Plena Noite";"Crescente";"Céu Claro";"Simples";"Reta;Interseção de Vias";"Sim";2;0;0;1;1;0;1;2;-11,6504689;-38,9920635;"SPRF-BA";"DEL02/BA";"UOP01-DEL02-BA"
752123;2026-02-13;"sexta-feira";"17:30:00";"RJ";116;135;"MAGE";"Ingestão de álcool pelo condutor";"Colisão traseira";"Com Vítimas Feridas";"Pleno dia";"Crescente";"Sol";"Dupla";"Reta";"Não";2;0;1;0;1;0;1;2;-22,65278932;-43,16026211;"SPRF-RJ";"DEL04/RJ";"UOP02-DEL04-RJ"
752124;2026-02-13;"sexta-feira";"17:45:00";"RS";285;174,9;"MUITOS CAPOES";"Acessar a via sem observar a presença dos outros veículos";"Colisão traseira";"Com Vítimas Feridas";"Pleno dia";"Decrescente";"Nublado";"Simples";"Curva;Declive";"Não";5;0;1;0;4;0;1;2;-28,312341;-51,360805;"SPRF-RS";"DEL08/RS";"UOP05-DEL08-RS"
752129;2026-02-13;"sexta-feira";"20:00:00";"ES";101;288;"CARIACICA";"Manobra de mudança de faixa";"Colisão lateral mesmo sentido";"Com Vítimas Feridas";"Plena Noite";"Crescente";"Céu Claro";"Dupla";"Reta";"Sim";3;0;2;0;1;0;2;2;-20,272259;-40,391338;"SPRF-ES";"DEL01-ES";"UOP01-DEL01-ES"
752131;2026-02-13;"sexta-feira";"19:40:00";"GO";70;10;"AGUAS LINDAS DE GOIAS";"Ausência de reação do condutor";"Colisão traseira";"Com Vítimas Feridas";"Plena Noite";"Decrescente";"Nublado";"Dupla";"Reta;Aclive";"Sim";2;0;0;1;1;0;1;2;-15,73927953;-48,30248443;"SPRF-DF";"DEL03-DF";"UOP02-DEL03-DF"
752132;2026-02-13;"sexta-feira";"18:30:00";"MG";381;810;"CAREACU";"Demais falhas mecânicas ou elétricas";"Incêndio";"Sem Vítimas";"Anoitecer";"Crescente";"Céu Claro";"Dupla";"Curva;Aclive";"Não";4;0;0;0;4;0;0;1;-21,994121;-45,6735911;"SPRF-MG";"DEL16/MG";"UOP02-DEL16-MG"
752133;2026-02-13;"sexta-feira";"20:48:00";"RS";116;250,6;"SAPUCAIA DO SUL";"Avarias e/ou desgaste excessivo no pneu";"Tombamento";"Com Vítimas Feridas";"Plena Noite";"Decrescente";"Céu Claro";"Múltipla";"Reta";"Não";2;0;2;0;0;0;2;1;-29,79550562;-51,16465189;"SPRF-RS";"DEL01/RS";"UOP02-DEL01-RS"
752134;2026-02-13;"sexta-feira";"13:00:00";"BA";415;56,6;"ITABUNA";"Reação tardia ou ineficiente do condutor";"Saída de leito carroçável";"Com Vítimas Feridas";"Pleno dia";"Decrescente";"Céu Claro";"Simples";"Curva";"Não";2;0;2;0;0;0;2;1;-14,849539;-39,366631;"SPRF-BA";"DEL05/BA";"UOP01-DEL05-BA"
752135;2026-02-13;"sexta-feira";"20:30:00";"GO";40;97;"CRISTALINA";"Ultrapassagem Indevida";"Colisão frontal";"Com Vítimas Fatais";"Plena Noite";"Crescente";"Céu Claro";"Múltipla";"Reta;Declive";"Sim";3;1;0;1;1;0;1;3;-16,76475857;-47,59567022;"SPRF-DF";"DEL01-DF";"UOP02-DEL01-DF"
752136;2026-02-13;"sexta-feira";"18:52:00";"PR";277;334;"GUARAPUAVA";"Acessar a via sem observar a presença dos outros veículos";"Colisão transversal";"Com Vítimas Feridas";"Anoitecer";"Decrescente";"Chuva";"Simples";"Reta";"Não";4;0;1;0;3;0;1;2;-25,36590843;-51,34375691;"SPRF-PR";"DEL08/PR";"UOP01-DEL08-PR"
752137;2026-02-13;"sexta-feira";"19:30:00";"PR";376;232;"APUCARANA";"Reação tardia ou ineficiente do condutor";"Saída de leito carroçável";"Com Vítimas Feridas";"Anoitecer";"Decrescente";"Chuva";"Dupla";"Reta;Aclive";"Não";1;0;1;0;0;0;1;1;-23,56796009;-51,51525736;"SPRF-PR";"DEL07/PR";"UOP03-DEL07-PR"
752138;2026-02-13;"sexta-feira";"19:35:00";"SP";153;154;"PROMISSAO";"Animais na Pista";"Atropelamento de Animal";"Sem Vítimas";"Plena Noite";"Decrescente";"Céu Claro";"Simples";"Reta";"Não";3;0;0;0;3;0;0;1;-21,45608423;-49,78333354;"SPRF-SP";"DEL07/SP";"UOP01-DEL07-SP"
752139;2026-02-13;"sexta-feira";"14:00:00";"AP";156;73;"LARANJAL DO JARI";"Velocidade Incompatível";"Colisão frontal";"Com Vítimas Feridas";"Pleno dia";"Decrescente";"Chuva";"Simples";"Curva;Aclive";"Não";2;0;0;1;1;0;1;2;-0,70497939;-52,37784505;"SPRF-AP";"DEL01-AP";"UOP01-DEL01-AP"
752140;2026-02-13;"sexta-feira";"20:30:00";"MG";40;532;"BELO HORIZONTE";"Condutor deixou de manter distância do veículo da frente";"Engavetamento";"Com Vítimas Feridas";"Plena Noite";"Decrescente";"Céu Claro";"Dupla";"Reta;Declive";"Sim";4;0;2;0;2;0;2;3;-19,92484048;-44,01309671;"SPRF-MG";"DEL01/MG";"UOP02-DEL01-MG"
752142;2026-02-13;"sexta-feira";"20:05:00";"MG";381;862,8;"POUSO ALEGRE";"Reação tardia ou ineficiente do condutor";"Colisão com objeto";"Com Vítimas Feridas";"Plena Noite";"Decrescente";"Céu Claro";"Dupla";"Reta;Declive";"Não";1;0;0;1;0;0;1;1;-22,337425;-45,923808;"SPRF-MG";"DEL16/MG";"UOP01-DEL16-MG"
752143;2026-02-13;"sexta-feira";"20:30:00";"SC";101;217,2;"PALHOCA";"Acessar a via sem observar a presença dos outros veículos";"Colisão transversal";"Com Vítimas Feridas";"Plena Noite";"Crescente";"Chuva";"Dupla";"Interseção de Vias;Reta";"Sim";2;0;1;0;1;0;1;2;-27,669765;-48,673313;"SPRF-SC";"DEL01/SC";"UOP02-DEL01-SC"
752145;2026-02-13;"sexta-feira";"20:45:00";"RS";472;443,9;"ITAQUI";"Animais na Pista";"Saída de leito carroçável";"Com Vítimas Feridas";"Plena Noite";"Decrescente";"Céu Claro";"Simples";"Reta";"Não";4;0;2;0;2;0;2;1;-28,97255424;-56,14854813;"SPRF-RS";"DEL12/RS";"UOP01-DEL12-RS"
752149;2026-02-13;"sexta-feira";"21:11:00";"PB";230;24,7;"JOAO PESSOA";"Ausência de reação do condutor";"Atropelamento de Pedestre";"Com Vítimas Fatais";"Plena Noite";"Crescente";"Céu Claro";"Dupla";"Reta";"Sim";3;1;0;0;1;1;0;3;-7,170712;-34,867425;"SPRF-PB";"DEL01-PB";"UOP01-DEL01-PB"
752150;2026-02-13;"sexta-feira";"16:00:00";"SC";101;34,8;"JOINVILLE";"Ausência de reação do condutor";"Colisão traseira";"Sem Vítimas";"Pleno dia";"Crescente";"Nublado";"Dupla";"Aclive;Reta";"Não";2;0;0;0;1;1;0;2;-26,2746463;-48,893792;"SPRF-SC";"DEL03/SC";"UOP01-DEL03-SC"
752151;2026-02-13;"sexta-feira";"19:57:00";"PI";316;50;"LAGOA DO PIAUI";"Reação tardia ou ineficiente do condutor";"Saída de leito carroçável";"Com Vítimas Feridas";"Plena Noite";"Decrescente";"Céu Claro";"Simples";"Reta";"Não";1;0;1;0;0;0;1;1;-5,497964;-42,64013082;"SPRF-PI";"DEL01-PI";"UOP02-DEL01-PI"
752153;2026-02-13;"sexta-feira";"21:30:00";"ES";101;127;"SOORETAMA";"Acessar a via sem observar a presença dos outros veículos";"Colisão transversal";"Com Vítimas Feridas";"Plena Noite";"Crescente";"Céu Claro";"Simples";"Reta";"Sim";2;0;1;0;1;0;1;2;-19,203302;-40,095437;"SPRF-ES";"DEL04-ES";"UOP01-DEL04-ES"
752155;2026-02-13;"sexta-feira";"21:50:00";"TO";153;499;"PARAISO DO TOCANTINS";"Animais na Pista";"Atropelamento de Animal";"Com Vítimas Feridas";"Plena Noite";"Crescente";"Céu Claro";"Simples";"Reta";"Sim";1;0;1;0;0;0;1;1;-10,19513455;-48,87755156;"SPRF-TO";"DEL01-TO";"UOP01-DEL01-TO"
752157;2026-02-13;"sexta-feira";"21:30:00";"RJ";465;19;"NOVA IGUACU";"Reação tardia ou ineficiente do condutor";"Colisão lateral sentido oposto";"Com Vítimas Feridas";"Plena Noite";"Crescente";"Céu Claro";"Simples";"Reta";"Sim";2;0;1;0;1;0;1;1;-22,84056899;-43,60958529;"SPRF-RJ";"DEL06/RJ";"UOP02-DEL06-RJ"
752162;2026-02-13;"sexta-feira";"21:30:00";"PR";376;430,5;"TIBAGI";"Velocidade Incompatível";"Capotamento";"Com Vítimas Feridas";"Plena Noite";"Decrescente";"Chuva";"Dupla";"Curva";"Não";3;0;3;0;0;0;3;1;-24,78609023;-50,50804244;"SPRF-PR";"DEL03/PR";"UOP02-DEL03-PR"
752163;2026-02-13;"sexta-feira";"22:20:00";"SP";116;207;"GUARULHOS";"Ingestão de álcool pelo condutor";"Colisão traseira";"Sem Vítimas";"Plena Noite";"Decrescente";"Céu Claro";"Múltipla";"Reta";"Sim";2;0;0;0;2;0;0;2;-23,42009314;-46,38633728;"SPRF-SP";"DEL01/SP";"UOP01-DEL01-SP"
752164;2026-02-13;"sexta-feira";"22:00:00";"DF";20;4,2;"BRASILIA";"Demais falhas mecânicas ou elétricas";"Incêndio";"Sem Vítimas";"Plena Noite";"Crescente";"Céu Claro";"Dupla";"Reta";"Sim";1;0;0;0;1;0;0;1;-15,674617;-47,821922;"SPRF-DF";"DEL02-DF";"UOP01-DEL02-DF"
752165;2026-02-13;"sexta-feira";"21:20:00";"RJ";101;269;"RIO BONITO";"Reação tardia ou ineficiente do condutor";"Saída de leito carroçável";"Com Vítimas Feridas";"Plena Noite";"Decrescente";"Céu Claro";"Dupla";"Reta";"Sim";4;0;1;0;3;0;1;1;-22,71669466;-42,68252305;"SPRF-RJ";"DEL02/RJ";"UOP03-DEL02-RJ"
752166;2026-02-13;"sexta-feira";"19:00:00";"PB";230;258,3;"ASSUNCAO";"Acessar a via sem observar a presença dos outros veículos";"Colisão transversal";"Com Vítimas Feridas";"Plena Noite";"Crescente";"Chuva";"Simples";"Reta";"Não";2;0;0;1;0;1;1;2;-7,01520132;-36,67601109;"SPRF-PB";"DEL03-PB";"UOP01-DEL03-PB"
752167;2026-02-13;"sexta-feira";"17:40:00";"SP";153;261;"MARILIA";"Condutor deixou de manter distância do veículo da frente";"Colisão traseira";"Com Vítimas Feridas";"Pleno dia";"Crescente";"Nublado";"Simples";"Reta";"Não";2;0;1;0;0;1;1;2;-22,288175;-49,915867;"SPRF-SP";"DEL07/SP";"UOP02-DEL07-SP"
752168;2026-02-13;"sexta-feira";"14:30:00";"SC";282;30;"AGUAS MORNAS";"Transitar na contramão";"Colisão frontal";"Com Vítimas Feridas";"Pleno dia";"Crescente";"Garoa/Chuvisco";"Simples";"Declive";"Não";2;0;1;0;1;0;1;2;-27,70351525;-48,82563374;"SPRF-SC";"DEL01/SC";"UOP03-DEL01-SC"
752169;2026-02-13;"sexta-feira";"17:00:00";"PR";163;265;"TOLEDO";"Velocidade Incompatível";"Saída de leito carroçável";"Sem Vítimas";"Pleno dia";"Crescente";"Chuva";"Dupla";"Declive;Reta";"Não";1;0;0;0;0;1;0;1;-24,62205998;-53,91488727;"SPRF-PR";"DEL06/PR";"UOP02-DEL06-PR"
752170;2026-02-13;"sexta-feira";"21:40:00";"MG";262;396,8;"PARA DE MINAS";"Ausência de reação do condutor";"Colisão traseira";"Com Vítimas Feridas";"Plena Noite";"Decrescente";"Céu Claro";"Dupla";"Reta";"Sim";2;0;0;1;0;1;1;2;-19,88257;-44,61329;"SPRF-MG";"DEL01/MG";"UOP03-DEL01-MG"
752171;2026-02-13;"sexta-feira";"22:40:00";"PR";369;144,6;"LONDRINA";"Transitar na contramão";"Colisão traseira";"Com Vítimas Feridas";"Plena Noite";"Decrescente";"Nublado";"Dupla";"Reta";"Sim";3;0;0;2;0;1;2;2;-23,2935001;-51,10776393;"SPRF-PR";"DEL07/PR";"UOP01-DEL07-PR"
752172;2026-02-13;"sexta-feira";"22:50:00";"SP";116;418;"JUQUIA";"Pedestre andava na pista";"Atropelamento de Pedestre";"Com Vítimas Fatais";"Plena Noite";"Crescente";"Céu Claro";"Dupla";"Reta";"Não";4;1;0;0;2;1;0;2;-24,35045907;-47,65457153;"SPRF-SP";"DEL05/SP";"UOP01-DEL05-SP"
752173;2026-02-13;"sexta-feira";"15:00:00";"RJ";465;20;"NOVA IGUACU";"Ausência de reação do condutor";"Queda de ocupante de veículo";"Com Vítimas Feridas";"Pleno dia";"Decrescente";"Céu Claro";"Simples";"Reta";"Sim";1;0;1;0;0;0;1;1;-22,84812425;-43,60452862;"SPRF-RJ";"DEL06/RJ";"UOP02-DEL06-RJ"
752176;2026-02-13;"sexta-feira";"22:30:00";"MG";381;341;"JOAO MONLEVADE";"Condutor Dormindo";"Saída de leito carroçável";"Com Vítimas Feridas";"Plena Noite";"Crescente";"Céu Claro";"Simples";"Curva";"Não";1;0;1;0;0;0;1;1;-19,85016306;-43,15086853;"SPRF-MG";"DEL03/MG";"UOP01-DEL03-MG"
752177;2026-02-13;"sexta-feira";"19:45:00";"RS";158;112,6;"PALMEIRA DAS MISSOES";"Ultrapassagem Indevida";"Colisão frontal";"Com Vítimas Fatais";"Plena Noite";"Decrescente";"Céu Claro";"Simples";"Curva";"Não";3;1;0;1;0;1;1;2;-28,001947;-53,338902;"SPRF-RS";"DEL08/RS";"UOP01-DEL08-RS"
752178;2026-02-13;"sexta-feira";"18:30:00";"PR";376;369,8;"ORTIGUEIRA";"Velocidade Incompatível";"Saída de leito carroçável";"Com Vítimas Feridas";"Anoitecer";"Crescente";"Garoa/Chuvisco";"Simples";"Curva";"Não";2;0;2;0;0;0;2;1;-24,362825;-50,810044;"SPRF-PR";"DEL07/PR";"UOP02-DEL07-PR"
752181;2026-02-13;"sexta-feira";"20:15:00";"PB";230;464;"SOUSA";"Acessar a via sem observar a presença dos outros veículos";"Colisão transversal";"Com Vítimas Feridas";"Plena Noite";"Crescente";"Nublado";"Simples";"Reta";"Sim";2;0;0;1;1;0;1;2;-6,780931;-38,253268;"SPRF-PB";"DEL03-PB";"UOP03-DEL03-PB"
752182;2026-02-13;"sexta-feira";"23:55:00";"TO";10;461;"PALMAS";"Ausência de reação do condutor";"Atropelamento de Animal";"Com Vítimas Feridas";"Plena Noite";"Crescente";"Céu Claro";"Múltipla";"Reta";"Sim";1;0;1;0;0;0;1;1;-10,304903;-48,297197;"SPRF-TO";"DEL01-TO";"UOP03-DEL01-TO"
752183;2026-02-13;"sexta-feira";"23:30:00";"SP";381;73;"SAO PAULO";"Reação tardia ou ineficiente do condutor";"Tombamento";"Com Vítimas Feridas";"Plena Noite";"Decrescente";"Céu Claro";"Dupla";"Reta;Aclive";"Não";1;0;1;0;0;0;1;1;-23,36885;-46,5541483;"SPRF-SP";"DEL03/SP";"UOP01-DEL03-SP"
752184;2026-02-13;"sexta-feira";"23:30:00";"SC";101;186;"BIGUACU";"Ingestão de álcool pelo condutor";"Colisão com objeto";"Sem Vítimas";"Plena Noite";"Crescente";"Garoa/Chuvisco";"Dupla";"Curva";"Não";1;0;0;0;1;0;0;1;-27,43420778;-48,62558333;"SPRF-SC";"DEL01/SC";"UOP01-DEL01-SC"
752185;2026-02-13;"sexta-feira";"23:30:00";"PR";163;283,6;"MARECHAL CANDIDO RONDON";"Ausência de reação do condutor";"Colisão com objeto";"Sem Vítimas";"Plena Noite";"Decrescente";"Céu Claro";"Dupla";"Reta;Aclive";"Não";1;0;0;0;1;0;0;1;-24,54455116;-54,04492227;"SPRF-PR";"DEL06/PR";"UOP02-DEL06-PR"
752186;2026-02-13;"sexta-feira";"21:00:00";"PR";376;416,5;"TIBAGI";"Manobra de mudança de faixa";"Colisão lateral mesmo sentido";"Com Vítimas Feridas";"Plena Noite";"Crescente";"Chuva";"Dupla";"Curva";"Não";2;0;1;0;1;0;1;2;-24,69383333;-50,58161111;"SPRF-PR";"DEL03/PR";"UOP02-DEL03-PR"
752188;2026-02-13;"sexta-feira";"23:50:00";"BA";324;516;"FEIRA DE SANTANA";"Conversão proibida";"Colisão transversal";"Com Vítimas Feridas";"Plena Noite";"Decrescente";"Céu Claro";"Simples";"Reta";"Sim";2;0;1;0;1;0;1;2;-12,25546474;-38,93235788;"SPRF-BA";"DEL02/BA";"UOP01-DEL02-BA"
752190;2026-02-13;"sexta-feira";"19:40:00";"MT";70;100;"GENERAL CARNEIRO";"Iluminação deficiente";"Colisão lateral mesmo sentido";"Com Vítimas Feridas";"Plena Noite";"Decrescente";"Nublado";"Simples";"Reta";"Não";2;0;1;0;1;0;1;2;-15,57178835;-53,00557137;"SPRF-MT";"DEL07/MT";"UOP01-DEL07-MT"
752193;2026-02-13;"sexta-feira";"22:40:00";"PR";277;44;"CAMPINA GRANDE DO SUL";"Chuva";"Saída de leito carroçável";"Sem Vítimas";"Plena Noite";"Crescente";"Chuva";"Dupla";"Reta";"Não";3;0;0;0;3;0;0;1;-25,19329618;-48,88849346;"SPRF-PR";"DEL01/PR";"UOP05-DEL01-PR"
752194;2026-02-14;"sábado";"01:00:00";"PR";376;453;"TIBAGI";"Avarias e/ou desgaste excessivo no pneu";"Capotamento";"Com Vítimas Feridas";"Plena Noite";"Crescente";"Ignorado";"Dupla";"Curva";"Não";5;0;1;0;4;0;1;1;-24,942644;-50,402119;"SPRF-PR";"DEL03/PR";"UOP02-DEL03-PR"
752195;2026-02-14;"sábado";"01:00:00";"SC";101;35,7;"JOINVILLE";"Objeto estático sobre o leito carroçável";"Colisão com objeto";"Com Vítimas Feridas";"Plena Noite";"Crescente";"Chuva";"Dupla";"Reta";"Não";1;0;1;0;0;0;1;1;-26,2720829;-48,89473764;"SPRF-SC";"DEL03/SC";"UOP01-DEL03-SC"
752196;2026-01-10;"sábado";"15:50:00";"SC";282;44;"AGUAS MORNAS";"Reação tardia ou ineficiente do condutor";"Colisão transversal";"Com Vítimas Feridas";"Pleno dia";"Crescente";"Nublado";"Simples";"Curva";"Não";5;0;3;0;2;0;3;2;-27,721617;-48,908061;"SPRF-SC";"DEL01/SC";"UOP03-DEL01-SC"
752197;2026-02-14;"sábado";"00:00:00";"PE";232;57;"POMBOS";"Acessar a via sem observar a presença dos outros veículos";"Colisão transversal";"Com Vítimas Feridas";"Plena Noite";"Crescente";"Garoa/Chuvisco";"Dupla";"Retorno Regulamentado";"Não";2;0;1;0;1;0;1;2;-8,14168;-35,38296;"SPRF-PE";"DEL02/PE";"UOP02-DEL02PE"
752198;2026-02-13;"sexta-feira";"23:30:00";"SP";116;70,4;"APARECIDA";"Pista esburacada";"Tombamento";"Com Vítimas Feridas";"Plena Noite";"Crescente";"Céu Claro";"Dupla";"Curva";"Não";1;0;0;1;0;0;1;1;-22,84679;-45,22719;"SPRF-SP";"DEL08/SP";"UOP01-DEL08-SP"
752202;2026-02-13;"sexta-feira";"04:40:00";"BA";324;621;"SALVADOR";"Transitar no Acostamento";"Atropelamento de Pedestre";"Com Vítimas Feridas";"Pleno dia";"Decrescente";"Chuva";"Dupla";"Reta";"Sim";2;0;1;0;1;0;1;2;-12,940249;-38,471161;"SPRF-BA";"DEL01/BA";"UOP01-DEL01-BA"
752203;2026-02-13;"sexta-feira";"21:35:00";"MA";135;7,6;"SAO LUIS";"Acessar a via sem observar a presença dos outros veículos";"Colisão transversal";"Com Vítimas Feridas";"Plena Noite";"Decrescente";"Céu Claro";"Dupla";"Aclive;Reta;Interseção de Vias";"Sim";3;0;0;1;0;2;1;3;-2,64071;-44,27143;"SPRF-MA";"DEL01-MA";"UOP01-DEL01-MA"
752204;2026-02-14;"sábado";"02:15:00";"RS";392;68,3;"PELOTAS";"Ausência de reação do condutor";"Saída de leito carroçável";"Sem Vítimas";"Plena Noite";"Crescente";"Céu Claro";"Simples";"Curva";"Sim";1;0;0;0;1;0;0;1;-31,745513;-52,403685;"SPRF-RS";"DEL07/RS";"UOP01-DEL07-RS"
752206;2026-01-20;"terça-feira";"22:00:00";"BA";110;341;"ALAGOINHAS";"Acessar a via sem observar a presença dos outros veículos";"Colisão transversal";"Com Vítimas Feridas";"Plena Noite";"Decrescente";"Céu Claro";"Simples";"Reta";"Não";2;0;1;0;1;0;1;2;-12,164728;-38,412769;"SPRF-BA";"DEL01/BA";"UOP04-DEL01-BA"
752207;2026-02-14;"sábado";"00:40:00";"PE";407;119,4;"PETROLINA";"Ingestão de álcool pelo condutor";"Colisão traseira";"Com Vítimas Fatais";"Plena Noite";"Crescente";"Céu Claro";"Simples";"Reta";"Não";2;1;0;0;1;0;0;2;-9,338001;-40,559712;"SPRF-PE";"DEL06/PE";"UOP01-DEL06-PE"
752208;2026-02-14;"sábado";"01:30:00";"MG";50;155;"UBERABA";"Condutor Dormindo";"Saída de leito carroçável";"Sem Vítimas";"Plena Noite";"Decrescente";"Céu Claro";"Dupla";"Reta";"Não";1;0;0;0;1;0;0;1;-19,703138;-47,9854852;"SPRF-MG";"DEL13/MG";"UOP01-DEL13-MG"
752211;2026-02-14;"sábado";"03:00:00";"PR";376;665,4;"GUARATUBA";"Reação tardia ou ineficiente do condutor";"Colisão com objeto";"Sem Vítimas";"Plena Noite";"Crescente";"Garoa/Chuvisco";"Simples";"Curva;Declive";"Não";3;0;0;0;3;0;0;1;-25,861825;-48,945633;"SPRF-PR";"DEL01/PR";"UOP04-DEL01-PR"
752212;2026-02-14;"sábado";"03:40:00";"RS";290;1,4;"OSORIO";"Reação tardia ou ineficiente do condutor";"Tombamento";"Com Vítimas Feridas";"Plena Noite";"Decrescente";"Nublado";"Dupla";"Reta";"Não";2;0;2;0;0;0;2;1;-29,89771841;-50,29540412;"SPRF-RS";"DEL03/RS";"UOP01-DEL03-RS"
752213;2026-02-14;"sábado";"01:15:00";"RJ";101;299;"ITABORAI";"Transitar na contramão";"Saída de leito carroçável";"Com Vítimas Feridas";"Plena Noite";"Decrescente";"Céu Claro";"Dupla";"Reta";"Sim";3;0;2;0;1;0;2;1;-22,77499267;-42,94092941;"SPRF-RJ";"DEL02/RJ";"UOP02-DEL02-RJ"
752214;2026-02-14;"sábado";"03:20:00";"MG";40;449;"CAETANOPOLIS";"Animais na Pista";"Atropelamento de Animal";"Com Vítimas Feridas";"Plena Noite";"Decrescente";"Céu Claro";"Dupla";"Reta;Aclive;Viaduto";"Sim";3;0;1;0;2;0;1;2;-19,303333;-44,376111;"SPRF-MG";"DEL02/MG";"UOP01-DEL02-MG"
752215;2026-02-14;"sábado";"02:45:00";"PR";373;249;"GUAMIRANGA";"Ingestão de álcool pelo condutor";"Colisão traseira";"Com Vítimas Feridas";"Plena Noite";"Crescente";"Garoa/Chuvisco";"Simples";"Reta";"Não";3;0;0;1;2;0;1;2;-25,189796;-50,847176;"SPRF-PR";"DEL03/PR";"UOP01-DEL03-PR"
752217;2026-02-14;"sábado";"03:45:00";"ES";101;270;"SERRA";"Ausência de reação do condutor";"Queda de ocupante de veículo";"Com Vítimas Feridas";"Plena Noite";"Crescente";"Céu Claro";"Múltipla";"Reta";"Sim";2;0;1;0;0;1;1;1;-20,20975613;-40,26938582;"SPRF-ES";"DEL02-ES";"UOP01-DEL02-ES"
752218;2026-02-14;"sábado";"02:40:00";"RO";319;134;"PORTO VELHO";"Ausência de reação do condutor";"Colisão com objeto";"Com Vítimas Feridas";"Plena Noite";"Crescente";"Nublado";"Simples";"Curva";"Não";1;0;1;0;0;0;1;1;-8,743643;-63,948842;"SPRF-RO";"DEL01-RO";"UOP01-DEL01-RO"
752219;2026-02-14;"sábado";"02:20:00";"CE";20;88,5;"TAUA";"Ausência de reação do condutor";"Colisão com objeto";"Com Vítimas Feridas";"Plena Noite";"Crescente";"Céu Claro";"Simples";"Ponte";"Não";1;0;0;1;0;0;1;1;-5,97009735;-40,25079179;"SPRF-CE";"DEL02/CE";"UOP02-DEL02-CE"
752220;2026-02-14;"sábado";"04:00:00";"SP";116;107,6;"TAUBATE";"Ausência de reação do condutor";"Colisão traseira";"Com Vítimas Feridas";"Amanhecer";"Decrescente";"Céu Claro";"Dupla";"Reta";"Não";2;0;1;0;1;0;1;2;-23,01786556;-45,52979375;"SPRF-SP";"DEL02/SP";"UOP02-DEL02-SP"
752223;2026-02-14;"sábado";"04:50:00";"ES";101;269;"SERRA";"Velocidade Incompatível";"Colisão com objeto";"Com Vítimas Feridas";"Plena Noite";"Crescente";"Céu Claro";"Múltipla";"Reta";"Sim";2;0;1;0;0;1;1;1;-20,20414227;-40,26953661;"SPRF-ES";"DEL02-ES";"UOP01-DEL02-ES"
752224;2026-02-14;"sábado";"04:50:00";"MG";381;332,2;"BELA VISTA DE MINAS";"Ingestão de álcool pelo condutor";"Colisão frontal";"Com Vítimas Fatais";"Plena Noite";"Crescente";"Céu Claro";"Simples";"Reta";"Não";2;1;0;0;1;0;0;2;-19,81027;-43,06303;"SPRF-MG";"DEL03/MG";"UOP01-DEL03-MG"
752225;2026-02-14;"sábado";"05:10:00";"RS";290;149;"ARROIO DOS RATOS";"Ausência de reação do condutor";"Saída de leito carroçável";"Sem Vítimas";"Pleno dia";"Decrescente";"Céu Claro";"Simples";"Reta";"Não";1;0;0;0;1;0;0;1;-30,105959;-51,707476;"SPRF-RS";"DEL02/RS";"UOP01-DEL02-RS"
752229;2026-02-14;"sábado";"05:09:00";"PB";101;41,8;"MAMANGUAPE";"Velocidade Incompatível";"Colisão com objeto";"Com Vítimas Feridas";"Amanhecer";"Decrescente";"Céu Claro";"Dupla";"Reta";"Não";1;0;0;1;0;0;1;1;-6,85718165;-35,13435312;"SPRF-PB";"DEL01-PB";"UOP03-DEL01-PB"
752230;2026-02-14;"sábado";"05:00:00";"ES";101;294,8;"CARIACICA";"Acessar a via sem observar a presença dos outros veículos";"Atropelamento de Pedestre";"Com Vítimas Feridas";"Amanhecer";"Crescente";"Céu Claro";"Dupla";"Reta";"Sim";2;0;0;1;1;0;1;2;-20,33000614;-40,39901519;"SPRF-ES";"DEL01-ES";"UOP01-DEL01-ES"
752231;2026-02-14;"sábado";"06:20:00";"RN";101;83,4;"SAO GONCALO DO AMARANTE";"Avarias e/ou desgaste excessivo no pneu";"Colisão lateral mesmo sentido";"Com Vítimas Feridas";"Amanhecer";"Crescente";"Céu Claro";"Múltipla";"Reta";"Sim";3;0;1;0;2;0;1;3;-5,772392;-35,262737;"SPRF-RN";"DEL02-RN";"UOP01-DEL02-RN"
752232;2026-02-14;"sábado";"03:20:00";"MG";116;277;"TEOFILO OTONI";"Ausência de reação do condutor";"Tombamento";"Com Vítimas Feridas";"Plena Noite";"Crescente";"Céu Claro";"Dupla";"Reta";"Sim";1;0;1;0;0;0;1;1;-17,87203583;-41,51981348;"SPRF-MG";"DEL11/MG";"UOP01-DEL11-MG"