"id";"data_inversa";"dia_semana";"horario";"uf";"br";"km";"municipio";"causa_acidente";"tipo_acidente";"classificacao_acidente";"fase_dia";"sentido_via";"condicao_metereologica";"tipo_pista";"tracado_via";"uso_solo";"pessoas";"mortos";"feridos_leves";"feridos_graves";"ilesos";"ignorados";"feridos";"veiculos";"latitude";"longitude";"regional";"delegacia";"uop"
752528;2026-02-11;"quarta-feira";"10:00:00";"RJ";101;412;"ITAGUAI";"Reação tardia ou ineficiente do condutor";"Colisão traseira";"Com Vítimas Feridas";"Pleno dia";"Decrescente";"Nublado";"Dupla";"Reta";"Não";2;0;1;0;1;0;1;2;-22,898465;-43,860062;"SPRF-RJ";"DEL03/RJ";"UOP01-DEL03-RJ"
752529;2026-02-15;"domingo";"08:30:00";"RJ";101;397;"ITAGUAI";"Problema na suspensão";"Tombamento";"Com Vítimas Feridas";"Pleno dia";"Crescente";"Céu Claro";"Múltipla";"Reta";"Não";1;0;1;0;0;0;1;1;-22,8588952;-43,75941629;"SPRF-RJ";"DEL03/RJ";"UOP01-DEL03-RJ"
752530;2026-02-15;"domingo";"09:04:00";"PE";232;50,7;"VITORIA DE SANTO ANTAO";"Problema na suspensão";"Saída de leito carroçável";"Sem Vítimas";"Pleno dia";"Crescente";"Sol";"Dupla";"Reta";"Não";1;0;0;0;1;0;0;1;-8,13974298;-35,32764316;"SPRF-PE";"DEL02/PE";"UOP02-DEL02PE"
752531;2026-02-15;"domingo";"09:50:00";"MG";116;524,5;"CARATINGA";"Acessar a via sem observar a presença dos outros veículos";"Colisão transversal";"Com Vítimas Feridas";"Pleno dia";"Crescente";"Céu Claro";"Simples";"Curva";"Sim";4;0;2;0;2;0;2;2;-19,7681944;-42,1309498;"SPRF-MG";"DEL06/MG";"UOP02-DEL06-MG"
752532;2026-02-15;"domingo";"09:45:00";"RJ";101;64;"CAMPOS DOS GOYTACAZES";"Condutor desrespeitou a iluminação vermelha do semáforo";"Colisão transversal";"Com Vítimas Feridas";"Pleno dia";"Decrescente";"Céu Claro";"Simples";"Reta;Interseção de Vias";"Sim";5;0;2;0;3;0;2;2;-21,7454459;-41,3340118;"SPRF-RJ";"DEL08/RJ";"UOP02-DEL08-RJ"
752534;2026-02-15;"domingo";"10:40:00";"MG";381;517,8;"IGARAPE";"Ausência de reação do condutor";"Saída de leito carroçável";"Com Vítimas Feridas";"Pleno dia";"Crescente";"Sol";"Dupla";"Curva";"Não";2;0;1;1;0;0;2;1;-20,108459;-44,32673;"SPRF-MG";"DEL01/MG";"UOP03-DEL01-MG"
752535;2026-02-15;"domingo";"10:00:00";"SC";101;232,8;"PALHOCA";"Reação tardia ou ineficiente do condutor";"Colisão traseira";"Com Vítimas Feridas";"Pleno dia";"Crescente";"Chuva";"Dupla";"Declive;Reta";"Não";5;0;3;0;2;0;3;2;-27,800678;-48,63744;"SPRF-SC";"DEL01/SC";"UOP02-DEL01-SC"
752536;2026-02-15;"domingo";"09:10:00";"PB";104;86,9;"REMIGIO";"Ingestão de álcool pelo condutor";"Colisão frontal";"Com Vítimas Feridas";"Pleno dia";"Decrescente";"Céu Claro";"Simples";"Reta;Aclive";"Não";7;0;3;4;0;0;7;2;-6,961203;-35,803702;"SPRF-PB";"DEL02-PB";"UOP04-DEL02-PB"
752537;2026-02-15;"domingo";"09:44:00";"PE";232;25,3;"MORENO";"Chuva";"Capotamento";"Com Vítimas Feridas";"Pleno dia";"Decrescente";"Chuva";"Dupla";"Curva;Declive";"Não";2;0;2;0;0;0;2;1;-8,113155;-35,110958;"SPRF-PE";"DEL02/PE";"UOP02-DEL02PE"
752538;2026-02-15;"domingo";"10:25:00";"SC";282;48,5;"AGUAS MORNAS";"Velocidade Incompatível";"Colisão com objeto";"Com Vítimas Feridas";"Pleno dia";"Crescente";"Chuva";"Simples";"Curva;Aclive";"Não";4;0;4;0;0;0;4;1;-27,716072;-48,942812;"SPRF-SC";"DEL01/SC";"UOP03-DEL01-SC"
752539;2026-02-15;"domingo";"10:30:00";"SC";280;290,7;"PORTO UNIAO";"Ausência de reação do condutor";"Saída de leito carroçável";"Com Vítimas Feridas";"Pleno dia";"Crescente";"Céu Claro";"Simples";"Reta";"Não";2;0;2;0;0;0;2;1;-26,295775;-50,932898;"SPRF-SC";"DEL06/SC";"UOP04-DEL06-SC"
752541;2026-02-15;"domingo";"08:00:00";"MT";174;437;"COMODORO";"Avarias e/ou desgaste excessivo no pneu";"Saída de leito carroçável";"Com Vítimas Feridas";"Pleno dia";"Decrescente";"Céu Claro";"Simples";"Reta";"Não";5;0;5;0;0;0;5;1;-13,93721713;-59,76031423;"SPRF-MT";"DEL04/MT";"UOP02-DEL04-MT"
752544;2026-02-15;"domingo";"11:15:00";"PR";376;547,9;"PALMEIRA";"Manobra de mudança de faixa";"Colisão lateral mesmo sentido";"Com Vítimas Feridas";"Pleno dia";"Decrescente";"Céu Claro";"Dupla";"Reta;Retorno Regulamentado;Aclive";"Não";3;0;1;0;2;0;1;2;-25,43325366;-49,75197885;"SPRF-PR";"DEL01/PR";"UOP07-DEL01-PR"
752545;2026-02-15;"domingo";"11:00:00";"MG";381;285;"ANTONIO DIAS";"Conversão proibida";"Colisão transversal";"Com Vítimas Feridas";"Pleno dia";"Crescente";"Céu Claro";"Dupla";"Reta";"Não";3;0;0;2;1;0;2;2;-19,62632351;-42,80614614;"SPRF-MG";"DEL03/MG";"UOP02-DEL03-MG"
752546;2026-02-15;"domingo";"10:15:00";"RO";319;138;"PORTO VELHO";"Condutor desrespeitou a iluminação vermelha do semáforo";"Colisão transversal";"Com Vítimas Feridas";"Pleno dia";"Crescente";"Céu Claro";"Dupla";"Interseção de Vias;Reta";"Sim";3;0;2;0;1;0;2;2;-8,74346006;-63,91286658;"SPRF-RO";"DEL01-RO";"UOP01-DEL01-RO"
752548;2026-02-15;"domingo";"10:30:00";"CE";20;386;"CAUCAIA";"Reação tardia ou ineficiente do condutor";"Capotamento";"Com Vítimas Feridas";"Pleno dia";"Crescente";"Chuva";"Simples";"Reta";"Não";2;0;1;0;1;0;1;1;-3,87627;-38,81308;"SPRF-CE";"DEL01/CE";"UOP01-DEL01-CE"
752549;2026-02-15;"domingo";"12:00:00";"SC";153;97,5;"CONCORDIA";"Acessar a via sem observar a presença dos outros veículos";"Colisão transversal";"Com Vítimas Feridas";"Pleno dia";"Decrescente";"Nublado";"Simples";"Reta";"Não";2;0;1;0;1;0;1;2;-27,2273321;-51,9566321;"SPRF-SC";"DEL07/SC";"UOP04-DEL07-SC"
752550;2026-02-15;"domingo";"11:40:00";"SE";235;52;"ITABAIANA";"Transtornos Mentais (exceto suicidio)";"Queda de ocupante de veículo";"Com Vítimas Feridas";"Pleno dia";"Decrescente";"Céu Claro";"Dupla";"Interseção de Vias;Reta";"Sim";2;0;1;0;0;1;1;1;-10,66988047;-37,4454066;"SPRF-SE";"DEL01-SE";"UOP02-DEL01-SE"
752551;2026-02-15;"domingo";"12:00:00";"RJ";101;400;"ITAGUAI";"Demais falhas mecânicas ou elétricas";"Tombamento";"Com Vítimas Feridas";"Pleno dia";"Crescente";"Céu Claro";"Dupla";"Reta";"Sim";2;0;2;0;0;0;2;1;-22,850392;-43,766817;"SPRF-RJ";"DEL03/RJ";"UOP01-DEL03-RJ"
752552;2026-02-15;"domingo";"11:30:00";"RJ";493;19;"GUAPIMIRIM";"Retorno proibido";"Colisão transversal";"Com Vítimas Feridas";"Pleno dia";"Decrescente";"Céu Claro";"Simples";"Reta";"Sim";2;0;1;0;1;0;1;2;-22,66858056;-43,01828432;"SPRF-RJ";"DEL04/RJ";"UOP02-DEL04-RJ"
752553;2026-01-18;"domingo";"21:00:00";"MG";50;82;"UBERLANDIA";"Acumulo de água sobre o pavimento";"Saída de leito carroçável";"Com Vítimas Feridas";"Plena Noite";"Crescente";"Chuva";"Dupla";"Declive;Reta";"Sim";5;0;4;0;1;0;4;2;-18,98792736;-48,21166277;"SPRF-MG";"DEL15/MG";"UOP01-DEL15-MG"
752554;2026-02-15;"domingo";"12:20:00";"SC";282;5,3;"SAO JOSE";"Reação tardia ou ineficiente do condutor";"Tombamento";"Com Vítimas Feridas";"Pleno dia";"Decrescente";"Garoa/Chuvisco";"Múltipla";"Curva";"Sim";2;0;2;0;0;0;2;1;-27,58535154;-48,61620784;"SPRF-SC";"DEL01/SC";"UOP01-DEL01-SC"
752555;2026-02-15;"domingo";"10:00:00";"SC";282;0,8;"FLORIANOPOLIS";"Reação tardia ou ineficiente do condutor";"Saída de leito carroçável";"Com Vítimas Feridas";"Pleno dia";"Decrescente";"Céu Claro";"Múltipla";"Reta";"Sim";2;0;1;1;0;0;2;1;-27,59877;-48,57458;"SPRF-SC";"DEL01/SC";"UOP01-DEL01-SC"
752556;2026-01-02;"sexta-feira";"08:30:00";"AL";423;62;"AGUA BRANCA";"Ausência de reação do condutor";"Colisão traseira";"Com Vítimas Fatais";"Pleno dia";"Crescente";"Céu Claro";"Simples";"Reta";"Não";5;1;0;2;2;0;2;2;-9,293367;-37,832505;"SPRF-AL";"DEL03-AL";"UOP02-DEL03-AL"
752557;2026-02-15;"domingo";"12:40:00";"SP";116;223;"GUARULHOS";"Reação tardia ou ineficiente do condutor";"Tombamento";"Com Vítimas Feridas";"Pleno dia";"Decrescente";"Céu Claro";"Múltipla";"Reta";"Sim";1;0;0;1;0;0;1;1;-23,480757;-46,532743;"SPRF-SP";"DEL01/SP";"UOP01-DEL01-SP"
752558;2026-02-15;"domingo";"12:29:00";"MA";135;3;"SAO LUIS";"Ausência de reação do condutor";"Colisão traseira";"Com Vítimas Feridas";"Pleno dia";"Decrescente";"Céu Claro";"Dupla";"Reta;Declive";"Sim";2;0;0;1;1;0;1;2;-2,607532;-44,247848;"SPRF-MA";"DEL01-MA";"UOP01-DEL01-MA"
752559;2026-02-15;"domingo";"12:50:00";"PI";316;6,1;"TERESINA";"Ausência de reação do condutor";"Saída de leito carroçável";"Com Vítimas Feridas";"Pleno dia";"Crescente";"Nublado";"Múltipla";"Reta";"Sim";1;0;0;1;0;0;1;1;-5,153535;-42,772637;"SPRF-PI";"DEL01-PI";"UOP02-DEL01-PI"
752560;2026-02-15;"domingo";"13:25:00";"SC";282;537,9;"CHAPECO";"Reação tardia ou ineficiente do condutor";"Saída de leito carroçável";"Com Vítimas Feridas";"Pleno dia";"Crescente";"Chuva";"Simples";"Curva;Aclive";"Não";3;0;3;0;0;0;3;1;-27,00023648;-52,67097831;"SPRF-SC";"DEL07/SC";"UOP01-DEL07-SC"
752562;2026-02-15;"domingo";"13:20:00";"ES";101;324,2;"GUARAPARI";"Condutor Dormindo";"Saída de leito carroçável";"Com Vítimas Feridas";"Pleno dia";"Decrescente";"Céu Claro";"Dupla";"Reta";"Não";3;0;1;0;2;0;1;1;-20,65848963;-40,61464168;"SPRF-ES";"DEL03-ES";"UOP01-DEL03-ES"
752563;2026-02-15;"domingo";"13:00:00";"SC";282;86,9;"ALFREDO WAGNER";"Velocidade Incompatível";"Colisão frontal";"Com Vítimas Feridas";"Pleno dia";"Crescente";"Chuva";"Simples";"Curva";"Sim";6;0;4;0;2;0;4;2;-27,664208;-49,205722;"SPRF-SC";"DEL01/SC";"UOP03-DEL01-SC"
752565;2026-02-15;"domingo";"11:40:00";"SC";280;23;"ARAQUARI";"Reação tardia ou ineficiente do condutor";"Colisão transversal";"Com Vítimas Feridas";"Pleno dia";"Decrescente";"Nublado";"Simples";"Reta";"Sim";2;0;1;0;1;0;1;2;-26,376;-48,717;"SPRF-SC";"DEL03/SC";"UOP03-DEL03-SC"
752566;2026-02-15;"domingo";"13:30:00";"RS";470;242;"BARAO";"Reação tardia ou ineficiente do condutor";"Saída de leito carroçável";"Com Vítimas Feridas";"Pleno dia";"Decrescente";"Nublado";"Simples";"Curva";"Não";1;0;1;0;0;0;1;1;-29,36247448;-51,51746448;"SPRF-RS";"DEL06/RS";"UOP01-DEL06-RS"
752567;2026-02-15;"domingo";"13:50:00";"SC";153;75;"IRANI";"Reação tardia ou ineficiente do condutor";"Colisão com objeto";"Com Vítimas Feridas";"Pleno dia";"Crescente";"Chuva";"Simples";"Curva";"Não";2;0;1;1;0;0;2;1;-27,0766776;-51,9017318;"SPRF-SC";"DEL07/SC";"UOP04-DEL07-SC"
752568;2026-02-13;"sexta-feira";"22:00:00";"GO";158;165;"CAIAPONIA";"Desrespeitar a preferência no cruzamento";"Colisão frontal";"Com Vítimas Feridas";"Plena Noite";"Decrescente";"Nevoeiro/Neblina";"Simples";"Aclive;Reta;Interseção de Vias";"Não";5;0;3;0;2;0;3;2;-17,013672;-51,84831;"SPRF-GO";"DEL05/GO";"UOP01-DEL05-GO"
752570;2026-02-15;"domingo";"11:44:00";"RO";364;691;"CANDEIAS DO JAMARI";"Ausência de reação do condutor";"Tombamento";"Com Vítimas Feridas";"Pleno dia";"Decrescente";"Céu Claro";"Dupla";"Reta";"Não";1;0;1;0;0;0;1;1;-8,79667549;-63,68862525;"SPRF-RO";"DEL01-RO";"UOP01-DEL01-RO"
752571;2026-02-15;"domingo";"13:00:00";"PB";104;130;"CAMPINA GRANDE";"Condutor deixou de manter distância do veículo da frente";"Colisão traseira";"Com Vítimas Feridas";"Pleno dia";"Decrescente";"Céu Claro";"Simples";"Viaduto";"Sim";2;0;1;0;1;0;1;2;-7,280722;-35,888968;"SPRF-PB";"DEL02-PB";"UOP01-DEL02-PB"
752572;2026-02-15;"domingo";"13:30:00";"SC";470;72;"BLUMENAU";"Manobra de mudança de faixa";"Colisão lateral mesmo sentido";"Com Vítimas Feridas";"Pleno dia";"Crescente";"Sol";"Dupla";"Reta";"Não";4;0;2;0;2;0;2;2;-26,86249581;-49,09178335;"SPRF-SC";"DEL04/SC";"UOP01-DEL04-SC"
752574;2026-02-15;"domingo";"14:39:00";"RN";101;95;"NATAL";"Manobra de mudança de faixa";"Colisão lateral mesmo sentido";"Com Vítimas Feridas";"Pleno dia";"Decrescente";"Céu Claro";"Dupla";"Reta;Interseção de Vias";"Sim";2;0;1;0;1;0;1;2;-5,83906;-35,210712;"SPRF-RN";"DEL01-RN";"UOP01-DEL01-RN"
752575;2026-02-15;"domingo";"14:40:00";"SC";101;291,7;"IMBITUBA";"Ausência de reação do condutor";"Colisão com objeto";"Com Vítimas Feridas";"Pleno dia";"Crescente";"Céu Claro";"Dupla";"Reta";"Não";1;0;0;1;0;0;1;1;-28,29965752;-48,71759963;"SPRF-SC";"DEL02/SC";"UOP03-DEL02-SC"
752576;2026-02-15;"domingo";"14:35:00";"PE";232;15,3;"JABOATAO DOS GUARARAPES";"Acumulo de água sobre o pavimento";"Saída de leito carroçável";"Com Vítimas Feridas";"Pleno dia";"Decrescente";"Chuva";"Dupla";"Curva";"Não";1;0;1;0;0;0;1;1;-8,09372;-35,03159;"SPRF-PE";"DEL01/PE";"UOP01-DEL01-PE"
752577;2026-02-15;"domingo";"10:00:00";"MS";60;124,2;"PARAISO DAS AGUAS";"Reação tardia ou ineficiente do condutor";"Saída de leito carroçável";"Com Vítimas Feridas";"Pleno dia";"Decrescente";"Céu Claro";"Simples";"Reta;Declive";"Não";2;0;0;2;0;0;2;1;-19,334033;-53,435004;"SPRF-MS";"DEL06/MS";"UOP02-DEL06-MS"
752579;2026-02-15;"domingo";"14:00:00";"ES";101;261;"SERRA";"Acesso irregular";"Atropelamento de Pedestre";"Com Vítimas Feridas";"Pleno dia";"Crescente";"Céu Claro";"Dupla";"Reta";"Não";2;0;2;0;0;0;2;2;-20,15262211;-40,27860403;"SPRF-ES";"DEL02-ES";"UOP01-DEL02-ES"
752580;2026-02-15;"domingo";"13:45:00";"RO";364;11;"VILHENA";"Reação tardia ou ineficiente do condutor";"Queda de ocupante de veículo";"Com Vítimas Feridas";"Pleno dia";"Decrescente";"Céu Claro";"Dupla";"Rotatória";"Sim";1;0;1;0;0;0;1;1;-12,74561393;-60,11538327;"SPRF-RO";"DEL04-RO";"UOP01-DEL04-RO"
752581;2026-02-14;"sábado";"23:40:00";"PI";135;487;"MONTE ALEGRE DO PIAUI";"Animais na Pista";"Atropelamento de Animal";"Sem Vítimas";"Plena Noite";"Decrescente";"Nublado";"Simples";"Reta";"Não";3;0;0;0;3;0;0;1;-9,71631;-45,144313;"SPRF-PI";"DEL03-PI";"UOP02-DEL03-PI"
752582;2026-02-15;"domingo";"15:10:00";"ES";101;276;"SERRA";"Ausência de reação do condutor";"Saída de leito carroçável";"Sem Vítimas";"Pleno dia";"Decrescente";"Céu Claro";"Dupla";"Reta";"Não";2;0;0;0;0;2;0;2;-20,209456;-40,315597;"SPRF-ES";"DEL02-ES";"UOP01-DEL02-ES"
752583;2026-02-15;"domingo";"15:00:00";"SP";101;52;"UBATUBA";"Acessar a via sem observar a presença dos outros veículos";"Atropelamento de Pedestre";"Com Vítimas Feridas";"Pleno dia";"Crescente";"Céu Claro";"Simples";"Reta";"Sim";3;0;0;1;1;1;1;3;-23,46160381;-45,06571348;"SPRF-SP";"DEL06/SP";"UOP01-DEL06-SP"
752584;2026-02-15;"domingo";"11:35:00";"RO";364;416;"JARU";"Objeto estático sobre o leito carroçável";"Queda de ocupante de veículo";"Com Vítimas Feridas";"Pleno dia";"Crescente";"Garoa/Chuvisco";"Simples";"Aclive";"Não";2;0;1;0;0;1;1;2;-10,492183;-62,42741;"SPRF-RO";"DEL03-RO";"UOP02-DEL03-RO"
752585;2026-02-15;"domingo";"15:05:00";"PE";428;188;"PETROLINA";"Manobra de mudança de faixa";"Colisão lateral mesmo sentido";"Com Vítimas Feridas";"Pleno dia";"Crescente";"Céu Claro";"Dupla";"Rotatória";"Sim";3;0;1;0;2;0;1;2;-9,37452383;-40,488693;"SPRF-PE";"DEL06/PE";"UOP01-DEL06-PE"
752586;2026-02-15;"domingo";"12:00:00";"SP";116;47,6;"CANAS";"Reação tardia ou ineficiente do condutor";"Colisão traseira";"Com Vítimas Feridas";"Pleno dia";"Decrescente";"Céu Claro";"Dupla";"Reta";"Não";6;0;4;0;1;1;4;3;-22,72339347;-45,0642716;"SPRF-SP";"DEL08/SP";"UOP02-DEL08-SP"
752587;2026-02-15;"domingo";"15:30:00";"SC";280;4;"SAO FRANCISCO DO SUL";"Ultrapassagem Indevida";"Colisão transversal";"Com Vítimas Feridas";"Pleno dia";"Crescente";"Nublado";"Simples";"Reta";"Não";2;0;1;1;0;0;2;2;-26,255047;-48,620562;"SPRF-SC";"DEL03/SC";"UOP03-DEL03-SC"
752588;2026-02-15;"domingo";"15:19:00";"PE";101;50;"ABREU E LIMA";"Reação tardia ou ineficiente do condutor";"Colisão traseira";"Com Vítimas Feridas";"Pleno dia";"Crescente";"Céu Claro";"Múltipla";"Reta";"Sim";2;0;1;0;1;0;1;2;-7,914763;-34,899148;"SPRF-PE";"DEL01/PE";"UOP02-DEL01-PE"
752589;2026-02-15;"domingo";"15:40:00";"RJ";116;309;"RESENDE";"Mal súbito do condutor";"Colisão com objeto";"Com Vítimas Feridas";"Pleno dia";"Crescente";"Nublado";"Dupla";"Reta";"Sim";1;0;0;1;0;0;1;1;-22,45908667;-44,43453833;"SPRF-RJ";"DEL07/RJ";"UOP02-DEL07-RJ"
752590;2026-02-15;"domingo";"15:15:00";"GO";70;425;"MONTES CLAROS DE GOIAS";"Ultrapassagem Indevida";"Colisão lateral mesmo sentido";"Com Vítimas Feridas";"Pleno dia";"Decrescente";"Céu Claro";"Simples";"Reta";"Não";3;0;1;0;2;0;1;2;-15,892117;-51,798733;"SPRF-GO";"DEL04/GO";"UOP02-DEL04-GO"
752592;2026-02-15;"domingo";"15:00:00";"SC";101;137,2;"BALNEARIO CAMBORIU";"Manobra de mudança de faixa";"Colisão lateral mesmo sentido";"Com Vítimas Feridas";"Pleno dia";"Crescente";"Céu Claro";"Múltipla";"Reta";"Sim";4;0;2;1;1;0;3;3;-27,014304;-48,612919;"SPRF-SC";"DEL04/SC";"UOP03-DEL04-SC"
752593;2026-02-15;"domingo";"12:03:00";"SP";116;47,6;"CANAS";"Reação tardia ou ineficiente do condutor";"Colisão lateral mesmo sentido";"Com Vítimas Feridas";"Pleno dia";"Decrescente";"Céu Claro";"Dupla";"Reta";"Não";4;0;2;0;2;0;2;3;-22,72086005;-45,0628983;"SPRF-SP";"DEL08/SP";"UOP02-DEL08-SP"
752594;2026-02-15;"domingo";"14:00:00";"BA";407;139;"SENHOR DO BONFIM";"Demais falhas mecânicas ou elétricas";"Incêndio";"Sem Vítimas";"Pleno dia";"Crescente";"Céu Claro";"Simples";"Reta";"Não";1;0;0;0;1;0;0;1;-10,56563;-40,135908;"SPRF-BA";"DEL04/BA";"UOP01-DEL04-BA"
752595;2026-02-15;"domingo";"11:30:00";"MT";174;366;"CONQUISTA DOESTE";"Ausência de reação do condutor";"Saída de leito carroçável";"Com Vítimas Feridas";"Pleno dia";"Crescente";"Ignorado";"Simples";"Curva";"Não";2;0;2;0;0;0;2;1;-14,632197;-59,476802;"SPRF-MT";"DEL04/MT";"UOP01-DEL04-MT"
752596;2026-02-15;"domingo";"15:32:00";"RJ";101;305;"SAO GONCALO";"Reação tardia ou ineficiente do condutor";"Colisão traseira";"Com Vítimas Feridas";"Pleno dia";"Crescente";"Sol";"Dupla";"Reta";"Sim";5;0;1;0;4;0;1;3;-22,793068;-43,024872;"SPRF-RJ";"DEL02/RJ";"UOP02-DEL02-RJ"
752597;2026-02-15;"domingo";"14:00:00";"RS";471;172;"RIO PARDO";"Ingestão de álcool pelo condutor";"Saída de leito carroçável";"Com Vítimas Feridas";"Pleno dia";"Decrescente";"Céu Claro";"Simples";"Curva;Declive";"Sim";1;0;1;0;0;0;1;1;-29,956821;-52,370829;"SPRF-RS";"DEL02/RS";"UOP03-DEL02-RS"
752598;2026-02-15;"domingo";"15:50:00";"MG";381;858,9;"POUSO ALEGRE";"Avarias e/ou desgaste excessivo no pneu";"Tombamento";"Com Vítimas Feridas";"Pleno dia";"Crescente";"Sol";"Dupla";"Reta";"Não";2;0;2;0;0;0;2;1;-22,312373;-45,903578;"SPRF-MG";"DEL16/MG";"UOP01-DEL16-MG"
752599;2026-02-15;"domingo";"16:32:00";"PA";155;293;"MARABA";"Condutor deixou de manter distância do veículo da frente";"Colisão traseira";"Com Vítimas Feridas";"Pleno dia";"Decrescente";"Sol";"Simples";"Reta;Declive";"Não";4;0;1;0;3;0;1;2;-5,78432;-49,175378;"SPRF-PA";"DEL03/PA";"UOP01-DEL03-PA"
752601;2026-02-15;"domingo";"13:10:00";"RJ";356;43;"ITAPERUNA";"Falta de elemento de contenção que evite a saída do leito carroçável";"Saída de leito carroçável";"Com Vítimas Feridas";"Pleno dia";"Crescente";"Sol";"Simples";"Curva;Aclive";"Não";1;0;1;0;0;0;1;1;-21,21929;-41,821556;"SPRF-RJ";"DEL08/RJ";"UOP03-DEL08-RJ"
752602;2026-02-15;"domingo";"14:20:00";"MS";376;39,5;"VICENTINA";"Acessar a via sem observar a presença dos outros veículos";"Colisão transversal";"Com Vítimas Feridas";"Pleno dia";"Crescente";"Céu Claro";"Simples";"Reta;Declive";"Não";3;0;0;1;2;0;1;2;-22,41989;-54,40798;"SPRF-MS";"DEL04/MS";"UOP01-DEL04-MS"
752603;2026-02-15;"domingo";"16:38:00";"PR";116;135,7;"MANDIRITUBA";"Velocidade Incompatível";"Saída de leito carroçável";"Com Vítimas Feridas";"Pleno dia";"Decrescente";"Nublado";"Dupla";"Reta;Declive";"Não";2;0;2;0;0;0;2;1;-25,725407;-49,317886;"SPRF-PR";"DEL01/PR";"UOP03-DEL01-PR"
752604;2026-02-15;"domingo";"17:25:00";"CE";222;310;"TIANGUA";"Ingestão de álcool pelo condutor";"Engavetamento";"Com Vítimas Feridas";"Pleno dia";"Crescente";"Nublado";"Dupla";"Reta";"Sim";8;0;1;0;7;0;1;4;-3,7143365;-40,98823071;"SPRF-CE";"DEL04/CE";"UOP02-DEL04-CE"
752605;2026-02-15;"domingo";"16:50:00";"BA";367;29,5;"PORTO SEGURO";"Acessar a via sem observar a presença dos outros veículos";"Colisão transversal";"Com Vítimas Feridas";"Pleno dia";"Decrescente";"Céu Claro";"Simples";"Interseção de Vias";"Não";3;0;0;1;2;0;1;2;-16,414788;-39,12028;"SPRF-BA";"DEL09/BA";"UOP03-DEL09-BA"
752606;2026-02-15;"domingo";"16:50:00";"SC";101;138;"BALNEARIO CAMBORIU";"Acessar a via sem observar a presença dos outros veículos";"Colisão transversal";"Com Vítimas Feridas";"Pleno dia";"Crescente";"Céu Claro";"Simples";"Reta;Interseção de Vias";"Sim";2;0;1;0;1;0;1;2;-27,0256192;-48,6070643;"SPRF-SC";"DEL04/SC";"UOP03-DEL04-SC"
752607;2026-02-15;"domingo";"15:50:00";"RS";392;325;"SAO SEPE";"Transitar na contramão";"Colisão frontal";"Com Vítimas Feridas";"Pleno dia";"Decrescente";"Nublado";"Simples";"Ponte;Reta";"Não";6;0;5;1;0;0;6;2;-29,94113883;-53,70790958;"SPRF-RS";"DEL09/RS";"UOP01-DEL09-RS"
752609;2026-02-15;"domingo";"17:00:00";"DF";80;18,8;"BRASILIA";"Ausência de reação do condutor";"Colisão traseira";"Sem Vítimas";"Pleno dia";"Decrescente";"Céu Claro";"Dupla";"Reta;Em Obras";"Sim";3;0;0;0;3;0;0;2;-15,676787;-48,205119;"SPRF-DF";"DEL03-DF";"UOP02-DEL03-DF"
752610;2026-02-15;"domingo";"17:40:00";"SP";381;84;"SAO PAULO";"Pista esburacada";"Queda de ocupante de veículo";"Com Vítimas Feridas";"Anoitecer";"Decrescente";"Céu Claro";"Múltipla";"Reta;Declive";"Sim";2;0;2;0;0;0;2;1;-23,4506996;-46,5704025;"SPRF-SP";"DEL03/SP";"UOP01-DEL03-SP"
752612;2026-02-15;"domingo";"17:08:00";"MS";163;839;"SONORA";"Ingestão de álcool pelo condutor";"Colisão traseira";"Sem Vítimas";"Pleno dia";"Decrescente";"Céu Claro";"Simples";"Reta";"Sim";5;0;0;0;5;0;0;2;-17,59;-54,745;"SPRF-MS";"DEL06/MS";"UOP01-DEL06-MS"
752613;2026-02-15;"domingo";"18:00:00";"RJ";40;84;"DUQUE DE CAXIAS";"Reação tardia ou ineficiente do condutor";"Queda de ocupante de veículo";"Com Vítimas Feridas";"Anoitecer";"Crescente";"Céu Claro";"Dupla";"Curva;Túnel";"Não";1;0;1;0;0;0;1;1;-22,52061364;-43,23056884;"SPRF-RJ";"DEL01/RJ";"UOP01-DEL01-RJ"
752614;2026-02-15;"domingo";"17:00:00";"RS";290;39;"SANTO ANTONIO DA PATRULHA";"Ingestão de álcool pelo condutor";"Capotamento";"Com Vítimas Feridas";"Pleno dia";"Decrescente";"Chuva";"Dupla";"Reta";"Não";4;0;2;0;2;0;2;1;-29,8864519;-50,6423552;"SPRF-RS";"DEL03/RS";"UOP01-DEL03-RS"
752615;2026-02-15;"domingo";"18:40:00";"AP";210;29;"MACAPA";"Ingestão de álcool pelo condutor";"Colisão frontal";"Com Vítimas Feridas";"Anoitecer";"Crescente";"Nublado";"Simples";"Reta";"Não";8;0;7;0;0;1;7;4;0,27091608;-51,08233792;"SPRF-AP";"DEL01-AP";"UOP01-DEL01-AP"
752616;2026-02-06;"sexta-feira";"16:22:00";"RR";174;367;"CARACARAI";"Ultrapassagem Indevida";"Colisão lateral mesmo sentido";"Com Vítimas Feridas";"Pleno dia";"Decrescente";"Céu Claro";"Simples";"Reta";"Sim";8;0;1;2;5;0;3;2;1,83021049;-61,12801552;"SPRF-RR";"DEL01-RR";"UOP02-DEL01-RR"