"id";"data_inversa";"dia_semana";"horario";"uf";"br";"km";"municipio";"causa_acidente";"tipo_acidente";"classificacao_acidente";"fase_dia";"sentido_via";"condicao_metereologica";"tipo_pista";"tracado_via";"uso_solo";"pessoas";"mortos";"feridos_leves";"feridos_graves";"ilesos";"ignorados";"feridos";"veiculos";"latitude";"longitude";"regional";"delegacia";"uop"
752618;2026-02-15;"domingo";"18:30:00";"PI";316;8,3;"TERESINA";"Acessar a via sem observar a presença dos outros veículos";"Colisão lateral mesmo sentido";"Com Vítimas Feridas";"Plena Noite";"Crescente";"Céu Claro";"Múltipla";"Interseção de Vias;Reta";"Sim";2;0;0;1;1;0;1;2;-5,16848565;-42,76830051;"SPRF-PI";"DEL01-PI";"UOP02-DEL01-PI"
752620;2026-02-15;"domingo";"17:17:00";"PR";277;701;"SAO MIGUEL DO IGUACU";"Reação tardia ou ineficiente do condutor";"Tombamento";"Com Vítimas Feridas";"Pleno dia";"Decrescente";"Céu Claro";"Dupla";"Reta";"Não";1;0;1;0;0;0;1;1;-25,40470368;-54,32557797;"SPRF-PR";"DEL05/PR";"UOP01-DEL05-PR"
752621;2026-02-15;"domingo";"19:15:00";"SP";116;214;"GUARULHOS";"Velocidade Incompatível";"Colisão lateral mesmo sentido";"Com Vítimas Feridas";"Plena Noite";"Decrescente";"Céu Claro";"Múltipla";"Reta";"Sim";15;0;0;1;14;0;1;5;-23,44368598;-46,446546;"SPRF-SP";"DEL01/SP";"UOP01-DEL01-SP"
752622;2026-02-15;"domingo";"04:00:00";"MA";230;382,8;"BALSAS";"Pista esburacada";"Saída de leito carroçável";"Com Vítimas Feridas";"Amanhecer";"Crescente";"Céu Claro";"Simples";"Declive;Curva";"Não";2;0;1;0;1;0;1;1;-7,352223;-45,96424;"SPRF-MA";"DEL05-MA";"UOP01-DEL05-MA"
752623;2026-02-15;"domingo";"19:43:00";"PE";101;49;"ABREU E LIMA";"Pedestre cruzava a pista fora da faixa";"Atropelamento de Pedestre";"Com Vítimas Feridas";"Plena Noite";"Crescente";"Céu Claro";"Múltipla";"Reta";"Sim";3;0;1;0;1;1;1;2;-7,90515237;-34,90217892;"SPRF-PE";"DEL01/PE";"UOP02-DEL01-PE"
752624;2026-02-15;"domingo";"19:25:00";"AL";104;84;"RIO LARGO";"Ausência de sinalização";"Saída de leito carroçável";"Com Vítimas Feridas";"Plena Noite";"Decrescente";"Nublado";"Dupla";"Retorno Regulamentado";"Não";3;0;2;0;1;0;2;1;-9,44625626;-35,83332237;"SPRF-AL";"DEL01-AL";"UOP01-DEL01-AL"
752625;2026-02-15;"domingo";"18:00:00";"RJ";116;291,4;"BARRA MANSA";"Reação tardia ou ineficiente do condutor";"Tombamento";"Com Vítimas Feridas";"Plena Noite";"Crescente";"Céu Claro";"Dupla";"Reta;Declive";"Não";1;0;1;0;0;0;1;1;-22,476523;-44,26441;"SPRF-RJ";"DEL07/RJ";"UOP02-DEL07-RJ"
752626;2026-02-15;"domingo";"14:40:00";"BA";349;946;"CORRENTINA";"Reação tardia ou ineficiente do condutor";"Colisão frontal";"Com Vítimas Feridas";"Pleno dia";"Crescente";"Céu Claro";"Simples";"Reta;Aclive";"Não";7;0;3;0;4;0;3;2;-13,38453488;-44,67835665;"SPRF-BA";"DEL10/BA";"UOP02-DEL10-BA"
752627;2026-02-15;"domingo";"19:28:00";"PE";101;55;"PAULISTA";"Transitar no Acostamento";"Tombamento";"Com Vítimas Feridas";"Plena Noite";"Crescente";"Céu Claro";"Simples";"Aclive;Viaduto";"Não";2;0;0;2;0;0;2;1;-7,946755;-34,905707;"SPRF-PE";"DEL01/PE";"UOP02-DEL01-PE"
752628;2026-02-15;"domingo";"20:00:00";"ES";262;43;"MARECHAL FLORIANO";"Ausência de reação do condutor";"Tombamento";"Com Vítimas Feridas";"Plena Noite";"Crescente";"Céu Claro";"Simples";"Curva";"Não";1;0;0;1;0;0;1;1;-20,3843564;-40,66428995;"SPRF-ES";"DEL01-ES";"UOP01-DEL01-ES"
752629;2026-02-15;"domingo";"17:50:00";"GO";60;281;"INDIARA";"Ingestão de álcool pelo condutor";"Colisão com objeto";"Com Vítimas Feridas";"Pleno dia";"Decrescente";"Céu Claro";"Dupla";"Reta";"Não";1;0;1;0;0;0;1;1;-17,19105317;-50,07680476;"SPRF-GO";"DEL04/GO";"UOP02-DEL04-GO"
752630;2026-02-15;"domingo";"20:00:00";"PI";343;338,5;"TERESINA";"Manobra de mudança de faixa";"Colisão traseira";"Com Vítimas Feridas";"Plena Noite";"Crescente";"Céu Claro";"Dupla";"Interseção de Vias";"Sim";2;0;0;1;1;0;1;2;-5,06749865;-42,73173004;"SPRF-PI";"DEL01-PI";"UOP01-DEL01-PI"
752632;2026-02-15;"domingo";"15:00:00";"MS";376;72,5;"GLORIA DE DOURADOS";"Reação tardia ou ineficiente do condutor";"Saída de leito carroçável";"Com Vítimas Feridas";"Pleno dia";"Crescente";"Céu Claro";"Simples";"Aclive;Reta";"Não";5;0;1;0;4;0;1;1;-22,34563029;-54,19898987;"SPRF-MS";"DEL04/MS";"UOP04-DEL04-MS"
752633;2026-01-18;"domingo";"13:30:00";"AL";316;211,5;"MARIBONDO";"Reação tardia ou ineficiente do condutor";"Colisão lateral sentido oposto";"Sem Vítimas";"Pleno dia";"Crescente";"Céu Claro";"Simples";"Reta";"Não";2;0;0;0;2;0;0;2;-9,55779427;-36,26911864;"SPRF-AL";"DEL01-AL";"UOP01-DEL01-AL"
752634;2026-02-15;"domingo";"18:40:00";"PE";423;72;"JUPI";"Transitar na contramão";"Colisão frontal";"Com Vítimas Feridas";"Plena Noite";"Crescente";"Vento";"Simples";"Aclive;Reta";"Sim";4;0;0;4;0;0;4;2;-8,70864397;-36,4176178;"SPRF-PE";"DEL03/PE";"UOP01-DEL03-PE"
752635;2026-02-15;"domingo";"19:50:00";"MG";365;808,2;"GURINHATA";"Animais na Pista";"Atropelamento de Animal";"Sem Vítimas";"Plena Noite";"Crescente";"Céu Claro";"Simples";"Reta;Declive";"Não";1;0;0;0;1;0;0;1;-18,8926367;-49,9856676;"SPRF-MG";"DEL15/MG";"UOP03-DEL15-MG"
752637;2026-02-15;"domingo";"17:50:00";"RO";364;201,8;"PIMENTA BUENO";"Ingestão de álcool pelo condutor";"Colisão traseira";"Sem Vítimas";"Pleno dia";"Crescente";"Nublado";"Simples";"Reta;Aclive";"Não";4;0;0;0;4;0;0;2;-11,637838;-61,199373;"SPRF-RO";"DEL02-RO";"UOP02-DEL02-RO"
752638;2026-02-15;"domingo";"19:45:00";"SP";101;42;"UBATUBA";"Transitar na contramão";"Tombamento";"Com Vítimas Feridas";"Plena Noite";"Decrescente";"Céu Claro";"Simples";"Reta";"Sim";1;0;0;1;0;0;1;1;-23,41302367;-45,05683549;"SPRF-SP";"DEL06/SP";"UOP01-DEL06-SP"
752639;2026-02-15;"domingo";"19:09:00";"MS";163;248,5;"DOURADOS";"Reação tardia ou ineficiente do condutor";"Tombamento";"Sem Vítimas";"Plena Noite";"Crescente";"Nublado";"Simples";"Rotatória;Reta";"Não";1;0;0;0;0;1;0;1;-22,32029303;-54,81935363;"SPRF-MS";"DEL04/MS";"UOP02-DEL04-MS"
752640;2026-02-15;"domingo";"20:00:00";"MG";262;94,5;"ABRE CAMPO";"Pedestre cruzava a pista fora da faixa";"Atropelamento de Pedestre";"Com Vítimas Fatais";"Plena Noite";"Decrescente";"Garoa/Chuvisco";"Simples";"Reta;Declive";"Sim";2;1;0;1;0;0;1;2;-20,30290843;-42,46832795;"SPRF-MG";"DEL03/MG";"UOP03-DEL03-MG"
752641;2026-02-15;"domingo";"20:20:00";"RJ";493;53;"DUQUE DE CAXIAS";"Acessar a via sem observar a presença dos outros veículos";"Colisão transversal";"Com Vítimas Feridas";"Plena Noite";"Decrescente";"Nublado";"Dupla";"Reta";"Não";5;0;3;0;2;0;3;2;-22,67088004;-43,29466711;"SPRF-RJ";"DEL01/RJ";"UOP03-DEL01-RJ"
752642;2026-02-15;"domingo";"19:40:00";"BA";330;797;"JEQUIE";"Ingestão de álcool pelo condutor";"Colisão traseira";"Com Vítimas Feridas";"Plena Noite";"Decrescente";"Céu Claro";"Simples";"Reta";"Não";4;0;2;1;1;0;3;2;-13,90771631;-40,0165608;"SPRF-BA";"DEL03/BA";"UOP01-DEL03-BA"
752643;2026-02-15;"domingo";"20:35:00";"MS";163;477;"CAMPO GRANDE";"Ingestão de álcool pelo condutor";"Tombamento";"Com Vítimas Feridas";"Plena Noite";"Decrescente";"Céu Claro";"Simples";"Curva;Declive";"Não";1;0;1;0;0;0;1;1;-20,506128;-54,555618;"SPRF-MS";"DEL01/MS";"UOP01-DEL01-MS"
752644;2026-02-15;"domingo";"19:10:00";"SC";101;214,2;"PALHOCA";"Acessar a via sem observar a presença dos outros veículos";"Tombamento";"Com Vítimas Feridas";"Plena Noite";"Crescente";"Nublado";"Múltipla";"Reta";"Sim";2;0;1;0;0;1;1;2;-27,646492;-48,672223;"SPRF-SC";"DEL01/SC";"UOP02-DEL01-SC"
752645;2026-02-15;"domingo";"19:45:00";"ES";393;10;"CACHOEIRO DE ITAPEMIRIM";"Condutor Dormindo";"Tombamento";"Com Vítimas Feridas";"Plena Noite";"Crescente";"Céu Claro";"Simples";"Reta";"Não";2;0;2;0;0;0;2;1;-20,8377094;-41,22958358;"SPRF-ES";"DEL03-ES";"UOP02-DEL03-ES"
752646;2026-02-15;"domingo";"21:10:00";"SC";282;2,8;"FLORIANOPOLIS";"Reação tardia ou ineficiente do condutor";"Engavetamento";"Com Vítimas Feridas";"Plena Noite";"Decrescente";"Garoa/Chuvisco";"Múltipla";"Curva";"Não";3;0;1;0;2;0;1;3;-27,601205;-48,598747;"SPRF-SC";"DEL01/SC";"UOP01-DEL01-SC"
752648;2026-02-15;"domingo";"20:45:00";"SP";116;1;"GUARULHOS";"Animais na Pista";"Colisão traseira";"Com Vítimas Feridas";"Plena Noite";"Crescente";"Céu Claro";"Dupla";"Reta";"Sim";2;0;1;0;1;0;1;2;-23,45344534;-46,49052348;"SPRF-SP";"DEL01/SP";"UOP01-DEL01-SP"
752650;2026-02-15;"domingo";"21:00:00";"MG";262;443;"NOVA SERRANA";"Ausência de reação do condutor";"Saída de leito carroçável";"Com Vítimas Fatais";"Plena Noite";"Decrescente";"Céu Claro";"Simples";"Aclive";"Não";1;1;0;0;0;0;0;1;-19,85463862;-45,02000928;"SPRF-MG";"DEL08/MG";"UOP03-DEL08-MG"
752652;2026-02-15;"domingo";"21:45:00";"SC";282;4;"FLORIANOPOLIS";"Reação tardia ou ineficiente do condutor";"Colisão com objeto";"Com Vítimas Feridas";"Plena Noite";"Crescente";"Céu Claro";"Múltipla";"Reta";"Sim";1;0;1;0;0;0;1;1;-27,59252;-48,60424;"SPRF-SC";"DEL01/SC";"UOP01-DEL01-SC"
752653;2026-02-15;"domingo";"20:15:00";"MT";174;288;"PONTES E LACERDA";"Acessar a via sem observar a presença dos outros veículos";"Colisão transversal";"Com Vítimas Feridas";"Plena Noite";"Crescente";"Chuva";"Simples";"Reta";"Não";2;0;2;0;0;0;2;2;-15,24782093;-59,31201356;"SPRF-MT";"DEL04/MT";"UOP01-DEL04-MT"
752654;2026-02-15;"domingo";"18:20:00";"RO";364;346;"JI-PARANA";"Ausência de reação do condutor";"Colisão traseira";"Com Vítimas Feridas";"Anoitecer";"Decrescente";"Céu Claro";"Simples";"Reta";"Sim";5;0;1;0;4;0;1;2;-10,860532;-61,976718;"SPRF-RO";"DEL02-RO";"UOP01-DEL02-RO"
752655;2026-02-15;"domingo";"21:40:00";"RS";285;310,6;"PASSO FUNDO";"Avarias e/ou desgaste excessivo no pneu";"Saída de leito carroçável";"Sem Vítimas";"Plena Noite";"Crescente";"Chuva";"Simples";"Reta";"Não";1;0;0;0;0;1;0;1;-28,2387977;-52,5345852;"SPRF-RS";"DEL08/RS";"UOP03-DEL08-RS"
752656;2026-02-15;"domingo";"22:00:00";"MG";381;2;"BETIM";"Ingestão de álcool pelo condutor";"Saída de leito carroçável";"Com Vítimas Feridas";"Plena Noite";"Decrescente";"Céu Claro";"Dupla";"Reta";"Não";1;0;0;1;0;0;1;1;-19,977231;-44,160374;"SPRF-MG";"DEL01/MG";"UOP03-DEL01-MG"
752658;2026-02-15;"domingo";"21:50:00";"MG";381;147,7;"GOVERNADOR VALADARES";"Transitar na contramão";"Colisão frontal";"Com Vítimas Fatais";"Plena Noite";"Crescente";"Céu Claro";"Simples";"Reta";"Sim";3;2;1;0;0;0;1;2;-18,8527859;-41,9831481;"SPRF-MG";"DEL06/MG";"UOP01-DEL06-MG"
752659;2026-02-15;"domingo";"20:00:00";"MS";60;608;"JARDIM";"Reação tardia ou ineficiente do condutor";"Saída de leito carroçável";"Sem Vítimas";"Plena Noite";"Decrescente";"Céu Claro";"Simples";"Reta";"Não";3;0;0;0;3;0;0;1;-21,60031636;-56,19381953;"SPRF-MS";"DEL05/MS";"UOP01-DEL05-MS"
752660;2026-02-15;"domingo";"22:50:00";"PB";101;39,4;"MAMANGUAPE";"Conversão proibida";"Colisão transversal";"Com Vítimas Feridas";"Plena Noite";"Crescente";"Céu Claro";"Simples";"Reta";"Sim";3;0;1;2;0;0;3;2;-6,83353;-35,13738;"SPRF-PB";"DEL01-PB";"UOP03-DEL01-PB"
752662;2026-02-15;"domingo";"23:20:00";"SC";470;55,3;"BLUMENAU";"Ingestão de álcool pelo condutor";"Capotamento";"Sem Vítimas";"Plena Noite";"Decrescente";"Nublado";"Simples";"Reta";"Sim";2;0;0;0;2;0;0;2;-26,87650526;-49,12106864;"SPRF-SC";"DEL04/SC";"UOP01-DEL04-SC"
752663;2026-02-15;"domingo";"23:05:00";"RN";110;22,9;"MOSSORO";"Animais na Pista";"Atropelamento de Animal";"Com Vítimas Fatais";"Plena Noite";"Crescente";"Céu Claro";"Simples";"Reta";"Não";2;1;0;0;0;1;0;2;-5,07523;-37,17448;"SPRF-RN";"DEL04-RN";"UOP01-DEL04-RN"
752664;2026-02-15;"domingo";"23:05:00";"RS";290;31;"SANTO ANTONIO DA PATRULHA";"Animais na Pista";"Atropelamento de Animal";"Com Vítimas Feridas";"Plena Noite";"Crescente";"Céu Claro";"Dupla";"Reta";"Não";4;0;2;0;2;0;2;1;-29,8843967;-50,5702867;"SPRF-RS";"DEL03/RS";"UOP01-DEL03-RS"
752665;2026-02-15;"domingo";"21:30:00";"RO";364;326;"PRESIDENTE MEDICI";"Ingestão de álcool pelo condutor";"Saída de leito carroçável";"Com Vítimas Feridas";"Plena Noite";"Crescente";"Céu Claro";"Simples";"Reta";"Não";1;0;1;0;0;0;1;1;-11,01288;-61,924515;"SPRF-RO";"DEL02-RO";"UOP01-DEL02-RO"
752668;2026-02-15;"domingo";"21:20:00";"CE";222;86;"UMIRIM";"Ingestão de álcool pelo condutor";"Colisão transversal";"Sem Vítimas";"Plena Noite";"Crescente";"Céu Claro";"Dupla";"Interseção de Vias;Reta;Declive";"Não";3;0;0;0;3;0;0;2;-3,67234248;-39,32333773;"SPRF-CE";"DEL01/CE";"UOP03-DEL01-CE"
752670;2026-02-15;"domingo";"23:00:00";"MS";463;1,5;"DOURADOS";"Transitar na contramão";"Colisão lateral sentido oposto";"Com Vítimas Feridas";"Plena Noite";"Decrescente";"Céu Claro";"Simples";"Reta;Ponte";"Sim";3;0;1;0;2;0;1;2;-22,25917;-54,81902;"SPRF-MS";"DEL04/MS";"UOP01-DEL04-MS"
752671;2026-02-16;"segunda-feira";"01:20:00";"MG";40;439,5;"PARAOPEBA";"Avarias e/ou desgaste excessivo no pneu";"Saída de leito carroçável";"Com Vítimas Feridas";"Plena Noite";"Decrescente";"Céu Claro";"Dupla";"Reta";"Não";1;0;0;1;0;0;1;1;-19,24526;-44,42614;"SPRF-MG";"DEL02/MG";"UOP01-DEL02-MG"
752672;2026-02-16;"segunda-feira";"00:40:00";"SC";101;231,1;"PALHOCA";"Pedestre andava na pista";"Atropelamento de Pedestre";"Com Vítimas Fatais";"Plena Noite";"Decrescente";"Nublado";"Dupla";"Curva;Aclive";"Sim";2;1;0;0;1;0;0;2;-27,785798;-48,63527;"SPRF-SC";"DEL01/SC";"UOP02-DEL01-SC"
752673;2026-02-16;"segunda-feira";"01:36:00";"PE";101;74,2;"RECIFE";"Avarias e/ou desgaste excessivo no pneu";"Colisão com objeto";"Sem Vítimas";"Plena Noite";"Crescente";"Garoa/Chuvisco";"Dupla";"Curva";"Não";1;0;0;0;1;0;0;1;-8,10337;-34,94853;"SPRF-PE";"DEL01/PE";"UOP01-DEL01-PE"
752674;2026-02-15;"domingo";"22:50:00";"RJ";356;154;"CAMPOS DOS GOYTACAZES";"Transitar na contramão";"Colisão frontal";"Com Vítimas Fatais";"Plena Noite";"Crescente";"Céu Claro";"Simples";"Curva";"Não";3;1;0;1;0;1;1;2;-21,754195;-41,23061;"SPRF-RJ";"DEL08/RJ";"UOP02-DEL08-RJ"
752676;2026-02-16;"segunda-feira";"01:30:00";"CE";116;51;"PACAJUS";"Velocidade Incompatível";"Saída de leito carroçável";"Sem Vítimas";"Pleno dia";"Crescente";"Nublado";"Dupla";"Reta;Interseção de Vias";"Não";1;0;0;0;0;1;0;1;-4,177616;-38,4920101;"SPRF-CE";"DEL01/CE";"UOP04-DEL01-CE"
752677;2026-02-15;"domingo";"22:30:00";"MT";163;1038;"MATUPA";"Frear bruscamente";"Tombamento";"Com Vítimas Feridas";"Plena Noite";"Crescente";"Nublado";"Simples";"Rotatória;Curva";"Não";3;0;2;0;0;1;2;2;-10,1851673;-54,9453652;"SPRF-MT";"DEL06/MT";"UOP03-DEL06-MT"
752678;2026-02-16;"segunda-feira";"02:10:00";"SC";101;112;"ITAJAI";"Ingestão de álcool pelo condutor";"Tombamento";"Com Vítimas Feridas";"Plena Noite";"Crescente";"Céu Claro";"Simples";"Reta";"Não";1;0;1;0;0;0;1;1;-26,84572;-48,72126;"SPRF-SC";"DEL04/SC";"UOP04-DEL04-SC"
752679;2026-02-16;"segunda-feira";"01:35:00";"SP";153;265,6;"MARILIA";"Demais falhas mecânicas ou elétricas";"Saída de leito carroçável";"Com Vítimas Fatais";"Plena Noite";"Crescente";"Céu Claro";"Simples";"Declive;Reta";"Não";47;6;14;27;0;0;41;1;-22,31395;-49,89807;"SPRF-SP";"DEL07/SP";"UOP02-DEL07-SP"
752680;2026-02-16;"segunda-feira";"02:30:00";"MS";163;616,2;"SAO GABRIEL DO OESTE";"Ausência de reação do condutor";"Atropelamento de Animal";"Com Vítimas Feridas";"Plena Noite";"Crescente";"Céu Claro";"Simples";"Reta;Ponte";"Sim";1;0;0;1;0;0;1;1;-19,38545416;-54,57394552;"SPRF-MS";"DEL06/MS";"UOP02-DEL06-MS"
752682;2026-02-16;"segunda-feira";"02:50:00";"SC";101;138,2;"BALNEARIO CAMBORIU";"Ingestão de álcool pelo condutor";"Colisão lateral mesmo sentido";"Com Vítimas Feridas";"Plena Noite";"Crescente";"Nublado";"Múltipla";"Reta";"Sim";2;0;1;0;1;0;1;2;-27,026381;-48,606477;"SPRF-SC";"DEL04/SC";"UOP03-DEL04-SC"
752684;2026-02-16;"segunda-feira";"03:25:00";"MS";60;426;"SIDROLANDIA";"Acessar a via sem observar a presença dos outros veículos";"Colisão transversal";"Com Vítimas Feridas";"Plena Noite";"Crescente";"Céu Claro";"Dupla";"Reta";"Sim";2;0;0;1;0;1;1;2;-20,9395264;-54,9641904;"SPRF-MS";"DEL01/MS";"UOP04-DEL01-MS"
752685;2026-02-16;"segunda-feira";"03:26:00";"RJ";116;259,9;"PINHEIRAL";"Ausência de reação do condutor";"Colisão com objeto";"Com Vítimas Fatais";"Plena Noite";"Crescente";"Céu Claro";"Dupla";"Reta";"Não";2;1;0;1;0;0;1;1;-22,58242351;-44,03966188;"SPRF-RJ";"DEL07/RJ";"UOP02-DEL07-RJ"
752686;2026-02-16;"segunda-feira";"02:15:00";"GO";50;102,2;"CRISTALINA";"Reação tardia ou ineficiente do condutor";"Colisão traseira";"Com Vítimas Feridas";"Plena Noite";"Crescente";"Nublado";"Dupla";"Reta";"Não";4;0;3;1;0;0;4;2;-16,79622;-47,646342;"SPRF-DF";"DEL01-DF";"UOP02-DEL01-DF"
752687;2026-02-16;"segunda-feira";"02:20:00";"MA";135;23;"SAO LUIS";"Acessar a via sem observar a presença dos outros veículos";"Colisão transversal";"Com Vítimas Feridas";"Plena Noite";"Decrescente";"Céu Claro";"Dupla";"Reta";"Não";3;0;2;0;1;0;2;2;-2,6880698;-44,2925056;"SPRF-MA";"DEL01-MA";"UOP01-DEL01-MA"
752688;2026-02-16;"segunda-feira";"02:30:00";"MG";116;502,3;"INHAPIM";"Ausência de reação do condutor";"Saída de leito carroçável";"Com Vítimas Feridas";"Plena Noite";"Decrescente";"Céu Claro";"Simples";"Curva";"Não";1;0;0;1;0;0;1;1;-19,60140795;-42,11297525;"SPRF-MG";"DEL06/MG";"UOP02-DEL06-MG"
752689;2026-02-16;"segunda-feira";"03:45:00";"SC";282;0,6;"FLORIANOPOLIS";"Ausência de reação do condutor";"Atropelamento de Pedestre";"Com Vítimas Fatais";"Plena Noite";"Crescente";"Garoa/Chuvisco";"Múltipla";"Reta;Aclive";"Não";3;1;0;0;0;2;0;2;-27,60094172;-48,57776332;"SPRF-SC";"DEL01/SC";"UOP01-DEL01-SC"
752690;2026-02-16;"segunda-feira";"04:45:00";"GO";40;1;"VALPARAISO DE GOIAS";"Acesso irregular";"Colisão transversal";"Com Vítimas Feridas";"Amanhecer";"Crescente";"Chuva";"Dupla";"Reta";"Sim";4;0;1;1;2;0;2;2;-16,06081518;-47,98321724;"SPRF-DF";"DEL01-DF";"UOP01-DEL01-DF"
752691;2026-02-16;"segunda-feira";"04:00:00";"SC";116;66,5;"PAPANDUVA";"Condutor Dormindo";"Colisão com objeto";"Com Vítimas Feridas";"Plena Noite";"Decrescente";"Nublado";"Simples";"Reta";"Não";1;0;1;0;0;0;1;1;-26,43800661;-50,22869332;"SPRF-SC";"DEL06/SC";"UOP02-DEL06-SC"
752692;2026-02-16;"segunda-feira";"05:23:00";"PE";101;48,9;"ABREU E LIMA";"Transitar na contramão";"Colisão frontal";"Com Vítimas Feridas";"Pleno dia";"Decrescente";"Céu Claro";"Múltipla";"Reta";"Sim";2;0;0;1;1;0;1;2;-7,900732;-34,901725;"SPRF-PE";"DEL01/PE";"UOP02-DEL01-PE"
752694;2026-02-15;"domingo";"23:40:00";"GO";153;212;"URUACU";"Ingestão de álcool pelo condutor";"Colisão com objeto";"Sem Vítimas";"Plena Noite";"Decrescente";"Nublado";"Simples";"Rotatória;Interseção de Vias";"Não";1;0;0;0;1;0;0;1;-14,636124;-49,177026;"SPRF-GO";"DEL07/GO";"UOP02-DEL07-GO"
752695;2026-02-16;"segunda-feira";"04:05:00";"PB";230;457,4;"SOUSA";"Animais na Pista";"Atropelamento de Animal";"Com Vítimas Feridas";"Plena Noite";"Decrescente";"Chuva";"Simples";"Reta";"Não";1;0;1;0;0;0;1;1;-6,775967;-38,210157;"SPRF-PB";"DEL03-PB";"UOP03-DEL03-PB"
752696;2026-02-16;"segunda-feira";"05:20:00";"AL";101;91;"RIO LARGO";"Condutor deixou de manter distância do veículo da frente";"Colisão lateral mesmo sentido";"Com Vítimas Feridas";"Pleno dia";"Crescente";"Céu Claro";"Dupla";"Reta";"Sim";2;0;1;0;1;0;1;2;-9,49190074;-35,81739887;"SPRF-AL";"DEL01-AL";"UOP01-DEL01-AL"
752697;2026-02-15;"domingo";"21:00:00";"BA";135;331;"CORRENTINA";"Demais falhas mecânicas ou elétricas";"Colisão traseira";"Com Vítimas Feridas";"Plena Noite";"Crescente";"Céu Claro";"Simples";"Reta";"Não";4;0;1;2;1;0;3;2;-13,220001;-44,652004;"SPRF-BA";"DEL10/BA";"UOP02-DEL10-BA"
752699;2026-02-16;"segunda-feira";"04:00:00";"MT";364;543;"ROSARIO OESTE";"Ingestão de álcool pelo condutor";"Saída de leito carroçável";"Sem Vítimas";"Plena Noite";"Crescente";"Garoa/Chuvisco";"Dupla";"Retorno Regulamentado";"Não";1;0;0;0;1;0;0;1;-14,85761911;-56,45315409;"SPRF-MT";"DEL01/MT";"UOP01-DEL01-MT"
752703;2026-02-15;"domingo";"23:00:00";"MG";381;484;"BETIM";"Pista esburacada";"Tombamento";"Com Vítimas Feridas";"Plena Noite";"Decrescente";"Céu Claro";"Simples";"Reta";"Sim";1;0;1;0;0;0;1;1;-19,958638;-44,091597;"SPRF-MG";"DEL01/MG";"UOP03-DEL01-MG"
752704;2026-02-16;"segunda-feira";"05:00:00";"PR";277;49;"MORRETES";"Reação tardia ou ineficiente do condutor";"Queda de ocupante de veículo";"Com Vítimas Feridas";"Amanhecer";"Decrescente";"Céu Claro";"Dupla";"Reta";"Não";2;0;2;0;0;0;2;1;-25,5896;-48,9362;"SPRF-PR";"DEL01/PR";"UOP05-DEL01-PR"
752705;2026-02-16;"segunda-feira";"06:50:00";"GO";153;321;"RIANAPOLIS";"Reação tardia ou ineficiente do condutor";"Saída de leito carroçável";"Sem Vítimas";"Pleno dia";"Crescente";"Céu Claro";"Simples";"Reta";"Não";1;0;0;0;0;1;0;1;-15,47789946;-49,49482262;"SPRF-GO";"DEL02/GO";"UOP02-DEL02-GO"
752707;2026-02-16;"segunda-feira";"07:00:00";"MG";40;467,8;"SETE LAGOAS";"Velocidade Incompatível";"Colisão lateral mesmo sentido";"Sem Vítimas";"Pleno dia";"Decrescente";"Céu Claro";"Dupla";"Reta";"Não";2;0;0;0;1;1;0;2;-19,45244;-44,3139;"SPRF-MG";"DEL02/MG";"UOP01-DEL02-MG"
752709;2026-02-16;"segunda-feira";"06:10:00";"RJ";40;120;"DUQUE DE CAXIAS";"Avarias e/ou desgaste excessivo no pneu";"Queda de ocupante de veículo";"Com Vítimas Feridas";"Pleno dia";"Crescente";"Céu Claro";"Múltipla";"Reta";"Sim";2;0;1;0;1;0;1;1;-22,77400969;-43,28626802;"SPRF-RJ";"DEL01/RJ";"UOP02-DEL01-RJ"
752710;2026-02-16;"segunda-feira";"06:19:00";"AL";101;58;"MESSIAS";"Ausência de reação do condutor";"Colisão com objeto";"Com Vítimas Feridas";"Pleno dia";"Crescente";"Céu Claro";"Dupla";"Curva";"Não";3;0;3;0;0;0;3;1;-9,29213;-35,817767;"SPRF-AL";"DEL01-AL";"UOP02-DEL01-AL"
752713;2026-02-16;"segunda-feira";"07:20:00";"SC";280;226,4;"TRES BARRAS";"Reação tardia ou ineficiente do condutor";"Saída de leito carroçável";"Com Vítimas Feridas";"Pleno dia";"Crescente";"Nublado";"Simples";"Reta";"Não";1;0;1;0;0;0;1;1;-26,181818;-50,328028;"SPRF-SC";"DEL06/SC";"UOP04-DEL06-SC"
752714;2026-02-16;"segunda-feira";"08:10:00";"SP";116;113;"TAUBATE";"Condutor Dormindo";"Tombamento";"Com Vítimas Feridas";"Pleno dia";"Crescente";"Céu Claro";"Dupla";"Reta";"Sim";1;0;1;0;0;0;1;1;-23,04606767;-45,58871764;"SPRF-SP";"DEL02/SP";"UOP02-DEL02-SP"
752715;2026-02-15;"domingo";"18:00:00";"BA";367;28,8;"PORTO SEGURO";"Ingestão de álcool pelo condutor";"Colisão lateral mesmo sentido";"Sem Vítimas";"Anoitecer";"Decrescente";"Céu Claro";"Simples";"Curva";"Não";2;0;0;0;2;0;0;2;-16,417927;-39,115802;"SPRF-BA";"DEL09/BA";"UOP03-DEL09-BA"
752716;2026-02-16;"segunda-feira";"08:00:00";"MA";135;7;"SAO LUIS";"Entrada inopinada do pedestre";"Atropelamento de Pedestre";"Com Vítimas Feridas";"Pleno dia";"Crescente";"Céu Claro";"Dupla";"Reta;Aclive";"Sim";2;0;0;1;1;0;1;2;-2,63682;-44,26902;"SPRF-MA";"DEL01-MA";"UOP01-DEL01-MA"