"id";"data_inversa";"dia_semana";"horario";"uf";"br";"km";"municipio";"causa_acidente";"tipo_acidente";"classificacao_acidente";"fase_dia";"sentido_via";"condicao_metereologica";"tipo_pista";"tracado_via";"uso_solo";"pessoas";"mortos";"feridos_leves";"feridos_graves";"ilesos";"ignorados";"feridos";"veiculos";"latitude";"longitude";"regional";"delegacia";"uop"
753727;2026-02-21;"sábado";"11:40:00";"MG";381;511,3;"IGARAPE";"Acessar a via sem observar a presença dos outros veículos";"Colisão transversal";"Com Vítimas Feridas";"Pleno dia";"Crescente";"Céu Claro";"Dupla";"Interseção de Vias";"Sim";3;0;3;0;0;0;3;2;-20,0619282;-44,29316671;"SPRF-MG";"DEL01/MG";"UOP03-DEL01-MG"
753728;2026-02-21;"sábado";"10:00:00";"PI";316;309;"PICOS";"Transitar no Acostamento";"Colisão frontal";"Com Vítimas Feridas";"Pleno dia";"Crescente";"Céu Claro";"Simples";"Reta";"Sim";2;0;1;0;1;0;1;2;-7,077573;-41,481947;"SPRF-PI";"DEL04-PI";"UOP01-DEL04-PI"
753729;2026-02-21;"sábado";"11:00:00";"PR";116;26;"CAMPINA GRANDE DO SUL";"Chuva";"Saída de leito carroçável";"Com Vítimas Feridas";"Pleno dia";"Decrescente";"Garoa/Chuvisco";"Simples";"Curva";"Não";2;0;2;0;0;0;2;1;-25,10834;-48,787265;"SPRF-PR";"DEL01/PR";"UOP02-DEL01-PR"
753730;2026-02-21;"sábado";"10:50:00";"PR";116;39;"CAMPINA GRANDE DO SUL";"Reação tardia ou ineficiente do condutor";"Capotamento";"Com Vítimas Feridas";"Pleno dia";"Decrescente";"Nublado";"Dupla";"Curva";"Não";2;0;2;0;0;0;2;1;-25,2766476;-48,92476916;"SPRF-PR";"DEL01/PR";"UOP02-DEL01-PR"
753731;2026-02-21;"sábado";"12:10:00";"SC";101;141;"ITAPEMA";"Condutor deixou de manter distância do veículo da frente";"Colisão traseira";"Com Vítimas Feridas";"Pleno dia";"Decrescente";"Céu Claro";"Dupla";"Curva";"Sim";2;0;1;0;1;0;1;2;-27,05779249;-48,59748451;"SPRF-SC";"DEL04/SC";"UOP03-DEL04-SC"
753732;2026-02-21;"sábado";"10:35:00";"RO";319;141;"PORTO VELHO";"Condutor desrespeitou a iluminação vermelha do semáforo";"Colisão transversal";"Com Vítimas Feridas";"Pleno dia";"Decrescente";"Sol";"Múltipla";"Interseção de Vias";"Sim";3;0;1;0;1;1;1;3;-8,74472146;-63,88886368;"SPRF-RO";"DEL01-RO";"UOP01-DEL01-RO"
753734;2026-02-21;"sábado";"12:29:00";"SP";116;197;"ARUJA";"Velocidade Incompatível";"Queda de ocupante de veículo";"Com Vítimas Feridas";"Pleno dia";"Crescente";"Céu Claro";"Dupla";"Reta";"Sim";3;0;1;0;2;0;1;3;-23,399441;-46,301123;"SPRF-SP";"DEL01/SP";"UOP01-DEL01-SP"
753735;2026-02-21;"sábado";"12:40:00";"MG";381;2;"BETIM";"Ausência de reação do condutor";"Queda de ocupante de veículo";"Com Vítimas Feridas";"Pleno dia";"Crescente";"Chuva";"Dupla";"Curva";"Não";1;0;1;0;0;0;1;1;-19,97978295;-44,16089129;"SPRF-MG";"DEL01/MG";"UOP03-DEL01-MG"
753736;2026-02-21;"sábado";"11:45:00";"SP";116;147;"SAO JOSE DOS CAMPOS";"Afundamento ou ondulação no pavimento";"Colisão com objeto";"Com Vítimas Feridas";"Pleno dia";"Decrescente";"Céu Claro";"Dupla";"Reta";"Sim";1;0;1;0;0;0;1;1;-23,19618119;-45,87335847;"SPRF-SP";"DEL02/SP";"UOP01-DEL02-SP"
753738;2026-02-21;"sábado";"11:48:00";"PE";101;70,4;"RECIFE";"Condutor deixou de manter distância do veículo da frente";"Colisão traseira";"Com Vítimas Feridas";"Pleno dia";"Crescente";"Céu Claro";"Dupla";"Reta";"Sim";4;0;2;0;1;1;2;3;-8,06809;-34,9426;"SPRF-PE";"DEL01/PE";"UOP01-DEL01-PE"
753740;2026-02-21;"sábado";"12:53:00";"GO";60;93;"ANAPOLIS";"Reação tardia ou ineficiente do condutor";"Tombamento";"Com Vítimas Feridas";"Pleno dia";"Crescente";"Garoa/Chuvisco";"Dupla";"Aclive;Reta;Interseção de Vias";"Sim";1;0;0;1;0;0;1;1;-16,35311084;-48,9222965;"SPRF-GO";"DEL02/GO";"UOP01-DEL02-GO"
753741;2026-02-21;"sábado";"11:45:00";"MG";40;632,1;"CONSELHEIRO LAFAIETE";"Acessar a via sem observar a presença dos outros veículos";"Colisão lateral mesmo sentido";"Com Vítimas Feridas";"Pleno dia";"Crescente";"Céu Claro";"Simples";"Interseção de Vias;Em Obras";"Sim";2;0;1;0;1;0;1;2;-20,68872965;-43,79061777;"SPRF-MG";"DEL05/MG";"UOP02-DEL05-MG"
753745;2026-02-21;"sábado";"13:25:00";"SP";381;57;"MAIRIPORA";"Manobra de mudança de faixa";"Colisão lateral mesmo sentido";"Com Vítimas Feridas";"Pleno dia";"Crescente";"Sol";"Dupla";"Reta";"Sim";3;0;2;0;1;0;2;2;-23,27200158;-46,58479929;"SPRF-SP";"DEL03/SP";"UOP01-DEL03-SP"
753748;2026-02-21;"sábado";"11:20:00";"PA";316;71;"CASTANHAL";"Reação tardia ou ineficiente do condutor";"Saída de leito carroçável";"Com Vítimas Feridas";"Pleno dia";"Crescente";"Nublado";"Simples";"Reta";"Não";1;0;0;1;0;0;1;1;-1,289251;-47,84322;"SPRF-PA";"DEL01/PA";"UOP01-DEL01-PA"
753749;2026-02-21;"sábado";"12:00:00";"BA";415;55;"ITABUNA";"Curva acentuada";"Saída de leito carroçável";"Com Vítimas Feridas";"Pleno dia";"Crescente";"Céu Claro";"Simples";"Curva";"Não";3;0;3;0;0;0;3;1;-14,849123;-39,385115;"SPRF-BA";"DEL05/BA";"UOP01-DEL05-BA"
753750;2026-02-21;"sábado";"13:30:00";"GO";251;26,9;"CRISTALINA";"Acessar a via sem observar a presença dos outros veículos";"Colisão transversal";"Com Vítimas Fatais";"Pleno dia";"Decrescente";"Nublado";"Simples";"Reta";"Sim";2;1;0;0;1;0;0;2;-16,09854346;-47,50363648;"SPRF-DF";"DEL01-DF";"UOP01-DEL01-DF"
753752;2026-02-21;"sábado";"13:40:00";"PR";163;302;"MERCEDES";"Acumulo de areia ou detritos sobre o pavimento";"Colisão com objeto";"Com Vítimas Feridas";"Pleno dia";"Crescente";"Céu Claro";"Simples";"Reta";"Não";3;0;1;0;2;0;1;1;-24,44613383;-54,16211486;"SPRF-PR";"DEL06/PR";"UOP02-DEL06-PR"
753755;2026-02-21;"sábado";"13:00:00";"MT";163;994;"TERRA NOVA DO NORTE";"Acessar a via sem observar a presença dos outros veículos";"Colisão transversal";"Com Vítimas Fatais";"Pleno dia";"Crescente";"Céu Claro";"Simples";"Interseção de Vias;Reta";"Não";3;1;0;0;2;0;0;2;-10,5434742;-55,08493532;"SPRF-MT";"DEL06/MT";"UOP03-DEL06-MT"
753756;2026-02-21;"sábado";"13:40:00";"PR";376;444;"TIBAGI";"Velocidade Incompatível";"Saída de leito carroçável";"Com Vítimas Feridas";"Pleno dia";"Crescente";"Nublado";"Dupla";"Curva";"Não";1;0;1;0;0;0;1;1;-24,87625289;-50,44313047;"SPRF-PR";"DEL03/PR";"UOP02-DEL03-PR"
753757;2026-02-21;"sábado";"07:53:00";"BA";367;34;"PORTO SEGURO";"Acessar a via sem observar a presença dos outros veículos";"Saída de leito carroçável";"Sem Vítimas";"Pleno dia";"Decrescente";"Sol";"Simples";"Reta;Interseção de Vias";"Sim";2;0;0;0;2;0;0;2;-16,4145182;-39,1619865;"SPRF-BA";"DEL09/BA";"UOP03-DEL09-BA"
753758;2026-02-21;"sábado";"13:45:00";"SP";116;218;"GUARULHOS";"Trafegar com motocicleta (ou similar) entre as faixas";"Tombamento";"Com Vítimas Feridas";"Pleno dia";"Decrescente";"Nublado";"Múltipla";"Aclive;Reta";"Não";2;0;1;0;0;1;1;2;-23,459622;-46,483842;"SPRF-SP";"DEL01/SP";"UOP01-DEL01-SP"
753759;2026-02-21;"sábado";"14:35:00";"TO";153;785;"TALISMA";"Ausência de reação do condutor";"Colisão transversal";"Com Vítimas Feridas";"Pleno dia";"Crescente";"Nublado";"Simples";"Reta";"Não";2;0;1;0;1;0;1;2;-12,70662032;-49,07425225;"SPRF-TO";"DEL01-TO";"UOP02-DEL01-TO"
753762;2026-02-21;"sábado";"15:00:00";"SP";116;159;"JACAREI";"Reação tardia ou ineficiente do condutor";"Colisão traseira";"Com Vítimas Feridas";"Pleno dia";"Crescente";"Céu Claro";"Dupla";"Reta";"Sim";3;0;1;0;2;0;1;2;-23,26697224;-45,9618187;"SPRF-SP";"DEL02/SP";"UOP01-DEL02-SP"
753763;2026-02-21;"sábado";"13:40:00";"PR";116;24,5;"CAMPINA GRANDE DO SUL";"Velocidade Incompatível";"Tombamento";"Com Vítimas Feridas";"Pleno dia";"Decrescente";"Chuva";"Dupla";"Curva";"Não";1;0;1;0;0;0;1;1;-25,11169167;-48,77931726;"SPRF-PR";"DEL01/PR";"UOP02-DEL01-PR"
753764;2026-02-21;"sábado";"14:00:00";"SC";282;617;"IRACEMINHA";"Acessar a via sem observar a presença dos outros veículos";"Colisão transversal";"Com Vítimas Feridas";"Pleno dia";"Decrescente";"Céu Claro";"Simples";"Rotatória";"Não";4;0;2;0;2;0;2;2;-26,78258341;-53,28433782;"SPRF-SC";"DEL07/SC";"UOP02-DEL07-SC"
753767;2026-02-21;"sábado";"15:25:00";"PR";476;174,8;"CONTENDA";"Acessar a via sem observar a presença dos outros veículos";"Saída de leito carroçável";"Com Vítimas Feridas";"Pleno dia";"Decrescente";"Garoa/Chuvisco";"Simples";"Reta";"Não";2;0;1;0;1;0;1;2;-25,69318;-49,549958;"SPRF-PR";"DEL01/PR";"UOP06-DEL01-PR"
753768;2026-02-21;"sábado";"15:30:00";"GO";40;94,9;"CRISTALINA";"Desrespeitar a preferência no cruzamento";"Colisão transversal";"Sem Vítimas";"Pleno dia";"Crescente";"Céu Claro";"Simples";"Reta;Interseção de Vias";"Sim";2;0;0;0;2;0;0;2;-16,750755;-47,607563;"SPRF-DF";"DEL01-DF";"UOP02-DEL01-DF"
753769;2026-02-21;"sábado";"16:00:00";"SC";282;536,4;"CHAPECO";"Velocidade Incompatível";"Colisão com objeto";"Com Vítimas Feridas";"Pleno dia";"Crescente";"Céu Claro";"Simples";"Curva;Viaduto";"Não";1;0;1;0;0;0;1;1;-26,99920174;-52,6461181;"SPRF-SC";"DEL07/SC";"UOP01-DEL07-SC"
753770;2026-02-21;"sábado";"15:55:00";"PE";428;6,9;"CABROBO";"Manobra de mudança de faixa";"Colisão frontal";"Com Vítimas Feridas";"Pleno dia";"Crescente";"Sol";"Simples";"Reta";"Não";2;0;0;1;1;0;1;2;-8,5112825;-39,3065158;"SPRF-PE";"DEL05/PE";"UOP03-DEL05-PE"
753771;2026-02-21;"sábado";"15:45:00";"SC";101;208,2;"SAO JOSE";"Manobra de mudança de faixa";"Colisão lateral mesmo sentido";"Com Vítimas Feridas";"Pleno dia";"Decrescente";"Nublado";"Múltipla";"Reta";"Sim";2;0;1;0;1;0;1;2;-27,60923844;-48,63696545;"SPRF-SC";"DEL01/SC";"UOP01-DEL01-SC"
753772;2026-02-21;"sábado";"15:45:00";"RS";392;350;"SANTA MARIA";"Transitar na contramão";"Colisão frontal";"Com Vítimas Feridas";"Pleno dia";"Crescente";"Céu Claro";"Simples";"Desvio Temporário;Reta;Declive;Em Obras";"Sim";3;0;2;0;1;0;2;2;-29,72935699;-53,80226819;"SPRF-RS";"DEL09/RS";"UOP01-DEL09-RS"
753773;2026-02-21;"sábado";"16:00:00";"PR";277;357;"GUARAPUAVA";"Ausência de reação do condutor";"Saída de leito carroçável";"Sem Vítimas";"Pleno dia";"Decrescente";"Céu Claro";"Simples";"Reta";"Não";1;0;0;0;1;0;0;1;-25,40029;-51,53977;"SPRF-PR";"DEL08/PR";"UOP01-DEL08-PR"
753775;2026-02-21;"sábado";"14:30:00";"BA";324;514;"FEIRA DE SANTANA";"Acessar a via sem observar a presença dos outros veículos";"Colisão transversal";"Com Vítimas Feridas";"Pleno dia";"Decrescente";"Nublado";"Simples";"Reta";"Sim";2;0;1;0;1;0;1;2;-12,2335;-38,9466;"SPRF-BA";"DEL02/BA";"UOP01-DEL02-BA"
753776;2026-02-21;"sábado";"16:35:00";"SP";101;51;"UBATUBA";"Transitar na contramão";"Colisão frontal";"Com Vítimas Feridas";"Pleno dia";"Decrescente";"Nublado";"Simples";"Reta";"Sim";2;0;2;0;0;0;2;2;-23,45736269;-45,06998347;"SPRF-SP";"DEL06/SP";"UOP01-DEL06-SP"
753777;2026-02-21;"sábado";"16:39:00";"RS";116;247;"SAO LEOPOLDO";"Manobra de mudança de faixa";"Colisão lateral mesmo sentido";"Com Vítimas Feridas";"Pleno dia";"Crescente";"Céu Claro";"Múltipla";"Reta;Interseção de Vias";"Sim";4;0;0;2;2;0;2;2;-29,76720617;-51,15385901;"SPRF-RS";"DEL01/RS";"UOP02-DEL01-RS"
753781;2026-02-21;"sábado";"11:50:00";"RJ";101;49;"CAMPOS DOS GOYTACAZES";"Acessar a via sem observar a presença dos outros veículos";"Colisão transversal";"Com Vítimas Feridas";"Pleno dia";"Decrescente";"Céu Claro";"Simples";"Reta";"Sim";2;0;0;1;1;0;1;2;-21,62755514;-41,31382791;"SPRF-RJ";"DEL08/RJ";"UOP01-DEL08-RJ"
753783;2026-02-10;"terça-feira";"04:30:00";"MS";267;669;"PORTO MURTINHO";"Animais na Pista";"Atropelamento de Animal";"Com Vítimas Feridas";"Amanhecer";"Decrescente";"Céu Claro";"Simples";"Reta";"Não";1;0;0;1;0;0;1;1;-21,710196;-57,7294727;"SPRF-MS";"DEL05/MS";"UOP01-DEL05-MS"
753784;2026-02-21;"sábado";"16:45:00";"SC";101;26,6;"SAO JOSE";"Demais falhas mecânicas ou elétricas";"Incêndio";"Sem Vítimas";"Pleno dia";"Decrescente";"Nublado";"Dupla";"Reta";"Não";1;0;0;0;1;0;0;1;-27,549984;-48,7006623;"SPRF-SC";"DEL01/SC";"UOP02-DEL01-SC"
753785;2026-02-21;"sábado";"16:45:00";"DF";70;15,7;"BRASILIA";"Demais falhas mecânicas ou elétricas";"Queda de ocupante de veículo";"Com Vítimas Feridas";"Pleno dia";"Crescente";"Céu Claro";"Dupla";"Reta";"Sim";2;0;1;0;1;0;1;1;-15,79844986;-48,18658018;"SPRF-DF";"DEL03-DF";"UOP02-DEL03-DF"
753786;2026-02-21;"sábado";"16:50:00";"MG";40;635;"CONSELHEIRO LAFAIETE";"Ausência de reação do condutor";"Saída de leito carroçável";"Com Vítimas Feridas";"Pleno dia";"Decrescente";"Chuva";"Simples";"Curva";"Não";3;0;1;0;2;0;1;1;-20,70588758;-43,7925032;"SPRF-MG";"DEL05/MG";"UOP02-DEL05-MG"
753787;2026-02-21;"sábado";"17:00:00";"ES";101;15;"SERRA";"Reação tardia ou ineficiente do condutor";"Eventos atípicos";"Com Vítimas Feridas";"Pleno dia";"Crescente";"Céu Claro";"Dupla";"Aclive;Reta";"Não";2;0;1;0;1;0;1;1;-20,189891;-40,33604;"SPRF-ES";"DEL02-ES";"UOP01-DEL02-ES"
753788;2026-02-21;"sábado";"14:25:00";"RJ";101;323;"NITEROI";"Demais falhas mecânicas ou elétricas";"Tombamento";"Com Vítimas Feridas";"Pleno dia";"Crescente";"Céu Claro";"Dupla";"Reta";"Sim";1;0;1;0;0;0;1;1;-22,8741191;-43,123312;"SPRF-RJ";"DEL02/RJ";"UOP01-DEL02-RJ"
753791;2026-02-05;"quinta-feira";"07:00:00";"RJ";101;314;"SAO GONCALO";"Manobra de mudança de faixa";"Colisão lateral mesmo sentido";"Com Vítimas Feridas";"Pleno dia";"Crescente";"Céu Claro";"Dupla";"Reta";"Sim";2;0;1;0;1;0;1;2;-22,793068;-43,024872;"SPRF-RJ";"DEL02/RJ";"UOP02-DEL02-RJ"
753792;2026-02-21;"sábado";"14:48:00";"RO";364;463;"ARIQUEMES";"Reação tardia ou ineficiente do condutor";"Tombamento";"Com Vítimas Feridas";"Pleno dia";"Decrescente";"Céu Claro";"Simples";"Reta";"Não";2;0;1;1;0;0;2;1;-10,231405;-62,75184;"SPRF-RO";"DEL03-RO";"UOP01-DEL03-RO"
753793;2026-02-21;"sábado";"16:30:00";"MA";226;298;"BARRA DO CORDA";"Manobra de mudança de faixa";"Colisão frontal";"Com Vítimas Feridas";"Pleno dia";"Crescente";"Céu Claro";"Simples";"Reta";"Sim";3;0;0;2;1;0;2;2;-5,50013155;-45,23692524;"SPRF-MA";"DEL06-MA";"UOP01-DEL06-MA"
753794;2026-02-21;"sábado";"09:50:00";"MT";174;103;"CACERES";"Ultrapassagem Indevida";"Saída de leito carroçável";"Sem Vítimas";"Pleno dia";"Decrescente";"Céu Claro";"Simples";"Reta";"Não";4;0;0;0;4;0;0;1;-15,83998983;-57,87090898;"SPRF-MT";"DEL03/MT";"UOP01-DEL03-MT"
753795;2026-02-21;"sábado";"17:30:00";"SC";470;97,3;"APIUNA";"Ausência de reação do condutor";"Colisão com objeto";"Sem Vítimas";"Pleno dia";"Crescente";"Nublado";"Simples";"Reta";"Sim";1;0;0;0;0;1;0;1;-27,0299332;-49,38269734;"SPRF-SC";"DEL04/SC";"UOP01-DEL04-SC"
753796;2026-02-21;"sábado";"18:00:00";"PR";116;111;"CURITIBA";"Ausência de reação do condutor";"Saída de leito carroçável";"Sem Vítimas";"Pleno dia";"Decrescente";"Céu Claro";"Dupla";"Reta";"Sim";1;0;0;0;0;1;0;1;-25,5586012;-49,26772375;"SPRF-PR";"DEL01/PR";"UOP03-DEL01-PR"
753799;2026-02-21;"sábado";"01:00:00";"SC";470;22;"ILHOTA";"Ingestão de álcool pelo condutor";"Saída de leito carroçável";"Sem Vítimas";"Plena Noite";"Decrescente";"Chuva";"Dupla";"Curva";"Não";1;0;0;0;0;1;0;1;-26,88377041;-48,83962512;"SPRF-SC";"DEL04/SC";"UOP04-DEL04-SC"
753800;2026-02-21;"sábado";"00:46:00";"PE";232;349;"CUSTODIA";"Ausência de reação do condutor";"Colisão com objeto";"Com Vítimas Feridas";"Plena Noite";"Decrescente";"Garoa/Chuvisco";"Simples";"Reta;Ponte";"Não";2;0;2;0;0;0;2;1;-8,087945;-37,78035;"SPRF-PE";"DEL04/PE";"UOP02-DEL04-PE"
753803;2026-02-21;"sábado";"18:02:00";"MG";262;374;"JUATUBA";"Ingestão de álcool pelo condutor";"Tombamento";"Com Vítimas Feridas";"Anoitecer";"Crescente";"Chuva";"Dupla";"Aclive;Reta";"Não";1;0;1;0;0;0;1;1;-19,93300957;-44,39506531;"SPRF-MG";"DEL01/MG";"UOP03-DEL01-MG"
753807;2026-02-21;"sábado";"18:30:00";"ES";262;16;"VIANA";"Conversão proibida";"Colisão transversal";"Com Vítimas Feridas";"Anoitecer";"Crescente";"Nublado";"Simples";"Reta";"Sim";2;0;0;1;1;0;1;2;-20,383611;-40,4659492;"SPRF-ES";"DEL01-ES";"UOP01-DEL01-ES"
753809;2026-02-21;"sábado";"18:50:00";"PE";101;72,6;"RECIFE";"Transitar na contramão";"Colisão frontal";"Com Vítimas Feridas";"Plena Noite";"Crescente";"Céu Claro";"Dupla";"Reta;Ponte";"Sim";3;0;0;1;2;0;1;2;-8,08976343;-34,94668214;"SPRF-PE";"DEL01/PE";"UOP01-DEL01-PE"
753811;2026-02-21;"sábado";"15:30:00";"SC";101;458,4;"SAO JOAO DO SUL";"Avarias e/ou desgaste excessivo no pneu";"Saída de leito carroçável";"Com Vítimas Feridas";"Pleno dia";"Decrescente";"Céu Claro";"Dupla";"Curva";"Não";4;0;3;0;1;0;3;1;-29,2493144;-49,75300882;"SPRF-SC";"DEL02/SC";"UOP02-DEL02-SC"
753813;2026-02-21;"sábado";"18:40:00";"SC";101;238;"PALHOCA";"Avarias e/ou desgaste excessivo no pneu";"Tombamento";"Com Vítimas Feridas";"Plena Noite";"Crescente";"Nublado";"Dupla";"Reta";"Sim";1;0;1;0;0;0;1;1;-27,840715;-48,633903;"SPRF-SC";"DEL01/SC";"UOP02-DEL01-SC"
753814;2026-02-21;"sábado";"17:55:00";"PR";376;172,8;"MARINGA";"Manobra de mudança de faixa";"Colisão transversal";"Com Vítimas Feridas";"Anoitecer";"Crescente";"Céu Claro";"Dupla";"Rotatória";"Sim";3;0;1;0;2;0;1;2;-23,41883744;-51,97206823;"SPRF-PR";"DEL09/PR";"UOP01-DEL09-PR"
753815;2026-02-21;"sábado";"19:30:00";"BA";324;517;"FEIRA DE SANTANA";"Conversão proibida";"Colisão frontal";"Com Vítimas Feridas";"Plena Noite";"Decrescente";"Garoa/Chuvisco";"Simples";"Declive;Reta";"Sim";3;0;2;0;1;0;2;2;-12,24738;-38,93405;"SPRF-BA";"DEL02/BA";"UOP01-DEL02-BA"
753819;2026-02-21;"sábado";"18:30:00";"PE";101;55,7;"RECIFE";"Manobra de mudança de faixa";"Colisão lateral mesmo sentido";"Com Vítimas Feridas";"Pleno dia";"Crescente";"Céu Claro";"Dupla";"Reta";"Não";2;0;1;0;1;0;1;2;-7,9629612;-34,9153175;"SPRF-PE";"DEL01/PE";"UOP02-DEL01-PE"
753820;2026-02-21;"sábado";"19:30:00";"SC";101;86;"BARRA VELHA";"Velocidade Incompatível";"Colisão traseira";"Sem Vítimas";"Plena Noite";"Decrescente";"Nublado";"Múltipla";"Reta";"Não";2;0;0;0;2;0;0;2;-26,6366589;-48,69693629;"SPRF-SC";"DEL03/SC";"UOP02-DEL03-SC"
753821;2026-02-21;"sábado";"19:20:00";"BA";410;0,5;"RIBEIRA DO POMBAL";"Demais falhas mecânicas ou elétricas";"Colisão traseira";"Com Vítimas Feridas";"Plena Noite";"Crescente";"Chuva";"Simples";"Declive";"Não";4;0;0;2;0;2;2;2;-10,818081;-38,534401;"SPRF-BA";"DEL07/BA";"UOP02-DEL07-BA"
753823;2026-02-21;"sábado";"07:56:00";"PR";376;494;"PONTA GROSSA";"Reação tardia ou ineficiente do condutor";"Tombamento";"Com Vítimas Feridas";"Pleno dia";"Crescente";"Céu Claro";"Simples";"Reta";"Sim";1;0;1;0;0;0;1;1;-25,14816808;-50,14889424;"SPRF-PR";"DEL03/PR";"UOP03-DEL03-PR"
753824;2026-02-21;"sábado";"17:55:00";"MS";163;250,9;"DOURADOS";"Reação tardia ou ineficiente do condutor";"Colisão traseira";"Com Vítimas Feridas";"Anoitecer";"Decrescente";"Nublado";"Simples";"Reta";"Não";2;0;1;0;1;0;1;2;-22,2976534;-54,82112288;"SPRF-MS";"DEL04/MS";"UOP02-DEL04-MS"
753826;2026-02-21;"sábado";"16:30:00";"RJ";493;3;"ITABORAI";"Acesso irregular";"Colisão lateral mesmo sentido";"Com Vítimas Feridas";"Pleno dia";"Crescente";"Nublado";"Dupla";"Reta";"Sim";2;0;1;0;1;0;1;2;-22,75404637;-42,93971869;"SPRF-RJ";"DEL02/RJ";"UOP02-DEL02-RJ"
753829;2026-02-21;"sábado";"20:50:00";"SC";280;52,7;"GUARAMIRIM";"Acessar a via sem observar a presença dos outros veículos";"Colisão transversal";"Com Vítimas Feridas";"Plena Noite";"Crescente";"Chuva";"Dupla";"Rotatória;Viaduto";"Sim";2;0;0;1;1;0;1;2;-26,4712453;-48,97166491;"SPRF-SC";"DEL03/SC";"UOP03-DEL03-SC"
753830;2026-02-21;"sábado";"19:00:00";"MG";116;740;"LEOPOLDINA";"Acessar a via sem observar a presença dos outros veículos";"Colisão lateral mesmo sentido";"Com Vítimas Feridas";"Plena Noite";"Decrescente";"Céu Claro";"Simples";"Reta";"Não";2;0;1;0;1;0;1;2;-21,44252355;-42,53700256;"SPRF-MG";"DEL07/MG";"UOP01-DEL07-MG"
753832;2026-02-21;"sábado";"20:20:00";"PR";277;5;"PARANAGUA";"Chuva";"Colisão com objeto";"Com Vítimas Feridas";"Plena Noite";"Crescente";"Chuva";"Dupla";"Reta";"Sim";1;0;1;0;0;0;1;1;-25,5268834;-48,5274177;"SPRF-PR";"DEL01/PR";"UOP05-DEL01-PR"
753834;2026-02-21;"sábado";"20:04:00";"MT";364;333;"SANTO ANTONIO DO LEVERGER";"Demais falhas mecânicas ou elétricas";"Saída de leito carroçável";"Com Vítimas Feridas";"Plena Noite";"Crescente";"Céu Claro";"Dupla";"Declive;Reta";"Não";2;0;1;0;1;0;1;1;-15,8278;-55,4576;"SPRF-MT";"DEL05/MT";"UOP02-DEL05-MT"
753835;2026-02-21;"sábado";"19:30:00";"RJ";40;71;"PETROPOLIS";"Objeto estático sobre o leito carroçável";"Colisão com objeto";"Com Vítimas Feridas";"Plena Noite";"Decrescente";"Chuva";"Dupla";"Reta";"Sim";1;0;1;0;0;0;1;1;-22,455286;-43,21099;"SPRF-RJ";"DEL01/RJ";"UOP01-DEL01-RJ"
753836;2026-02-21;"sábado";"20:40:00";"PB";230;8,9;"CABEDELO";"Velocidade Incompatível";"Tombamento";"Com Vítimas Feridas";"Plena Noite";"Crescente";"Céu Claro";"Dupla";"Reta";"Não";1;0;0;1;0;0;1;1;-7,04435604;-34,84693766;"SPRF-PB";"DEL01-PB";"UOP01-DEL01-PB"
753837;2026-02-21;"sábado";"19:50:00";"MS";158;97;"PARANAIBA";"Acesso irregular";"Saída de leito carroçável";"Com Vítimas Feridas";"Plena Noite";"Crescente";"Céu Claro";"Dupla";"Reta";"Sim";1;0;1;0;0;0;1;1;-19,69465;-51,182624;"SPRF-MS";"DEL08/MS";"UOP01-DEL08-MS"
753838;2026-02-21;"sábado";"20:40:00";"PR";376;619,7;"SAO JOSE DOS PINHAIS";"Trafegar com motocicleta (ou similar) entre as faixas";"Colisão frontal";"Com Vítimas Feridas";"Plena Noite";"Crescente";"Garoa/Chuvisco";"Dupla";"Reta";"Sim";2;0;0;1;1;0;1;2;-25,615585;-49,170337;"SPRF-PR";"DEL01/PR";"UOP04-DEL01-PR"
753839;2026-02-21;"sábado";"09:00:00";"PR";469;13;"FOZ DO IGUACU";"Ultrapassagem Indevida";"Colisão transversal";"Com Vítimas Feridas";"Pleno dia";"Crescente";"Céu Claro";"Simples";"Interseção de Vias";"Não";2;0;1;0;1;0;1;2;-25,57695633;-54,54441547;"SPRF-PR";"DEL05/PR";"UOP04-DEL05-PR"
753840;2026-02-21;"sábado";"19:30:00";"MG";40;757;"SANTOS DUMONT";"Velocidade Incompatível";"Saída de leito carroçável";"Sem Vítimas";"Plena Noite";"Crescente";"Nublado";"Simples";"Curva";"Não";1;0;0;0;1;0;0;1;-21,50906995;-43,52826834;"SPRF-MG";"DEL05/MG";"UOP01-DEL05-MG"
753841;2026-02-21;"sábado";"18:50:00";"RO";425;41;"NOVA MAMORE";"Acessar a via sem observar a presença dos outros veículos";"Colisão transversal";"Com Vítimas Feridas";"Anoitecer";"Crescente";"Céu Claro";"Simples";"Reta;Interseção de Vias";"Não";3;0;2;0;1;0;2;2;-10,072357;-65,303385;"SPRF-RO";"DEL01-RO";"UOP03-DEL01-RO"
753842;2026-02-21;"sábado";"21:20:00";"PR";376;603;"CURITIBA";"Reação tardia ou ineficiente do condutor";"Colisão traseira";"Sem Vítimas";"Plena Noite";"Crescente";"Garoa/Chuvisco";"Dupla";"Aclive;Reta";"Sim";2;0;0;0;2;0;0;2;-25,533;-49,322653;"SPRF-PR";"DEL01/PR";"UOP03-DEL01-PR"
753843;2026-02-21;"sábado";"19:50:00";"RJ";493;18,7;"GUAPIMIRIM";"Ingestão de álcool pelo condutor";"Colisão frontal";"Com Vítimas Feridas";"Plena Noite";"Decrescente";"Chuva";"Simples";"Reta";"Não";2;0;0;1;1;0;1;2;-22,66704626;-43,02679539;"SPRF-RJ";"DEL04/RJ";"UOP02-DEL04-RJ"