"id";"data_inversa";"dia_semana";"horario";"uf";"br";"km";"municipio";"causa_acidente";"tipo_acidente";"classificacao_acidente";"fase_dia";"sentido_via";"condicao_metereologica";"tipo_pista";"tracado_via";"uso_solo";"pessoas";"mortos";"feridos_leves";"feridos_graves";"ilesos";"ignorados";"feridos";"veiculos";"latitude";"longitude";"regional";"delegacia";"uop"
753844;2026-02-21;"sábado";"18:50:00";"RJ";465;9;"SEROPEDICA";"Ausência de reação do condutor";"Atropelamento de Pedestre";"Com Vítimas Feridas";"Plena Noite";"Crescente";"Chuva";"Simples";"Reta";"Não";3;0;1;0;2;0;1;2;-22,77211534;-43,67008738;"SPRF-RJ";"DEL06/RJ";"UOP02-DEL06-RJ"
753846;2026-02-21;"sábado";"20:15:00";"PR";163;278;"QUATRO PONTES";"Velocidade Incompatível";"Colisão com objeto";"Com Vítimas Feridas";"Plena Noite";"Crescente";"Céu Claro";"Dupla";"Reta;Declive";"Não";2;0;2;0;0;0;2;1;-24,57012784;-54,0013632;"SPRF-PR";"DEL06/PR";"UOP02-DEL06-PR"
753847;2026-02-21;"sábado";"21:40:00";"SC";470;139,9;"RIO DO SUL";"Transitar na contramão";"Colisão frontal";"Com Vítimas Feridas";"Plena Noite";"Crescente";"Céu Claro";"Simples";"Reta";"Sim";3;0;1;0;1;1;1;2;-27,20712591;-49,6484491;"SPRF-SC";"DEL04/SC";"UOP02-DEL04-SC"
753848;2026-02-21;"sábado";"21:30:00";"PR";369;122;"JATAIZINHO";"Velocidade Incompatível";"Colisão com objeto";"Com Vítimas Feridas";"Pleno dia";"Crescente";"Chuva";"Dupla";"Reta";"Não";2;0;1;1;0;0;2;2;-23,28562873;-50,9138466;"SPRF-PR";"DEL07/PR";"UOP05-DEL07-PR"
753849;2026-02-21;"sábado";"18:50:00";"RJ";116;136;"MAGE";"Reação tardia ou ineficiente do condutor";"Colisão traseira";"Com Vítimas Feridas";"Plena Noite";"Decrescente";"Chuva";"Dupla";"Reta";"Não";2;0;0;1;0;1;1;2;-22,64989;-43,1725;"SPRF-RJ";"DEL04/RJ";"UOP02-DEL04-RJ"
753850;2026-02-21;"sábado";"21:50:00";"BA";367;30;"PORTO SEGURO";"Animais na Pista";"Atropelamento de Animal";"Com Vítimas Feridas";"Plena Noite";"Decrescente";"Nublado";"Simples";"Reta";"Não";2;0;1;1;0;0;2;1;-16,41739121;-39,11105671;"SPRF-BA";"DEL09/BA";"UOP03-DEL09-BA"
753851;2026-02-21;"sábado";"19:30:00";"MG";40;137,8;"JOAO PINHEIRO";"Ausência de reação do condutor";"Atropelamento de Pedestre";"Com Vítimas Feridas";"Plena Noite";"Crescente";"Céu Claro";"Simples";"Reta;Aclive";"Não";2;0;0;1;0;1;1;2;-17,727;-46,215;"SPRF-MG";"DEL14/MG";"UOP01-DEL14-MG"
753852;2026-02-21;"sábado";"21:15:00";"MG";381;365,9;"SAO GONCALO DO RIO ABAIXO";"Transitar na contramão";"Colisão frontal";"Com Vítimas Fatais";"Plena Noite";"Decrescente";"Nublado";"Simples";"Declive;Reta";"Não";5;1;1;2;1;0;3;2;-19,85843561;-43,23600769;"SPRF-MG";"DEL03/MG";"UOP01-DEL03-MG"
753854;2026-02-21;"sábado";"22:25:00";"SP";116;499;"CAJATI";"Entrada inopinada do pedestre";"Atropelamento de Pedestre";"Com Vítimas Feridas";"Plena Noite";"Crescente";"Nublado";"Múltipla";"Curva";"Não";2;0;0;1;0;1;1;2;-24,78480231;-48,18196592;"SPRF-SP";"DEL05/SP";"UOP02-DEL05-SP"
753855;2026-02-21;"sábado";"22:50:00";"RS";386;245;"SOLEDADE";"Velocidade Incompatível";"Saída de leito carroçável";"Sem Vítimas";"Plena Noite";"Crescente";"Céu Claro";"Simples";"Em Obras;Retorno Regulamentado;Reta";"Não";1;0;0;0;0;1;0;1;-28,803822;-52,507053;"SPRF-RS";"DEL04/RS";"UOP03-DEL04-RS"
753856;2026-02-21;"sábado";"18:30:00";"MT";163;1024;"PEIXOTO DE AZEVEDO";"Condutor deixou de manter distância do veículo da frente";"Colisão traseira";"Com Vítimas Feridas";"Anoitecer";"Crescente";"Nublado";"Simples";"Reta";"Não";3;0;1;0;1;1;1;2;-10,26318;-55,00441;"SPRF-MT";"DEL06/MT";"UOP03-DEL06-MT"
753858;2026-02-21;"sábado";"18:00:00";"GO";40;25;"LUZIANIA";"Entrada inopinada do pedestre";"Atropelamento de Pedestre";"Com Vítimas Fatais";"Anoitecer";"Decrescente";"Céu Claro";"Dupla";"Reta";"Sim";2;1;0;0;1;0;0;2;-16,25365;-47,8995;"SPRF-DF";"DEL01-DF";"UOP01-DEL01-DF"
753859;2026-02-21;"sábado";"22:00:00";"SC";101;48,7;"JOINVILLE";"Chuva";"Saída de leito carroçável";"Com Vítimas Feridas";"Plena Noite";"Decrescente";"Garoa/Chuvisco";"Dupla";"Reta";"Não";2;0;1;0;1;0;1;1;-26,37409301;-48,85572759;"SPRF-SC";"DEL03/SC";"UOP01-DEL03-SC"
753860;2026-02-21;"sábado";"23:00:00";"SC";101;120;"ITAJAI";"Chuva";"Tombamento";"Com Vítimas Feridas";"Plena Noite";"Decrescente";"Chuva";"Simples";"Declive;Viaduto;Curva";"Sim";1;0;1;0;0;0;1;1;-26,9194996;-48,71086836;"SPRF-SC";"DEL04/SC";"UOP04-DEL04-SC"
753861;2026-02-21;"sábado";"22:20:00";"BA";242;874;"BARREIRAS";"Condutor deixou de manter distância do veículo da frente";"Colisão lateral sentido oposto";"Com Vítimas Feridas";"Anoitecer";"Crescente";"Céu Claro";"Simples";"Reta";"Não";2;0;1;0;1;0;1;2;-12,08021;-45,48326;"SPRF-BA";"DEL10/BA";"UOP01-DEL10-BA"
753862;2026-02-21;"sábado";"21:20:00";"SC";116;134,8;"SANTA CECILIA";"Ingestão de álcool pelo condutor";"Colisão transversal";"Com Vítimas Feridas";"Plena Noite";"Crescente";"Chuva";"Simples";"Declive;Reta";"Não";5;0;1;1;3;0;2;3;-26,92616846;-50,43839017;"SPRF-SC";"DEL06/SC";"UOP02-DEL06-SC"
753864;2026-02-21;"sábado";"22:40:00";"SC";470;35;"GASPAR";"Velocidade Incompatível";"Saída de leito carroçável";"Com Vítimas Feridas";"Plena Noite";"Crescente";"Nublado";"Simples";"Em Obras;Reta";"Sim";2;0;1;0;0;1;1;2;-26,9283355;-48,9613848;"SPRF-SC";"DEL04/SC";"UOP01-DEL04-SC"
753865;2026-02-21;"sábado";"23:33:00";"RJ";101;327;"RIO DE JANEIRO";"Deixar de acionar o farol da motocicleta (ou similar)";"Colisão traseira";"Com Vítimas Feridas";"Plena Noite";"Decrescente";"Céu Claro";"Simples";"Reta;Ponte";"Sim";5;0;2;0;3;0;2;3;-22,87060891;-43,16209741;"SPRF-RJ";"DEL02/RJ";"UOP01-DEL02-RJ"
753867;2026-02-21;"sábado";"22:00:00";"MG";116;91;"MEDINA";"Ausência de reação do condutor";"Queda de ocupante de veículo";"Com Vítimas Feridas";"Plena Noite";"Decrescente";"Chuva";"Simples";"Reta";"Não";2;0;0;2;0;0;2;2;-16,36388;-41,47137;"SPRF-MG";"DEL11/MG";"UOP02-DEL11-MG"
753868;2026-02-22;"domingo";"00:05:00";"SP";116;213;"GUARULHOS";"Ingestão de álcool pelo condutor";"Colisão com objeto";"Com Vítimas Feridas";"Plena Noite";"Crescente";"Chuva";"Múltipla";"Reta";"Sim";4;0;4;0;0;0;4;1;-23,442475;-46,444717;"SPRF-SP";"DEL01/SP";"UOP01-DEL01-SP"
753869;2026-02-21;"sábado";"22:22:00";"SC";101;434,1;"SOMBRIO";"Acessar a via sem observar a presença dos outros veículos";"Colisão transversal";"Com Vítimas Fatais";"Plena Noite";"Crescente";"Céu Claro";"Múltipla";"Reta";"Sim";3;1;1;0;0;1;1;2;-29,09953636;-49,63485718;"SPRF-SC";"DEL02/SC";"UOP02-DEL02-SC"
753870;2026-02-22;"domingo";"00:10:00";"ES";101;314;"VILA VELHA";"Demais falhas mecânicas ou elétricas";"Incêndio";"Sem Vítimas";"Plena Noite";"Crescente";"Céu Claro";"Simples";"Reta";"Não";1;0;0;0;1;0;0;1;-20,464522;-40,465338;"SPRF-ES";"DEL01-ES";"UOP01-DEL01-ES"
753871;2026-02-22;"domingo";"00:15:00";"PR";116;119;"CURITIBA";"Reação tardia ou ineficiente do condutor";"Tombamento";"Com Vítimas Feridas";"Plena Noite";"Crescente";"Nublado";"Dupla";"Reta";"Sim";1;0;0;1;0;0;1;1;-25,57558169;-49,31211138;"SPRF-PR";"DEL01/PR";"UOP03-DEL01-PR"
753872;2026-02-22;"domingo";"00:16:00";"PE";407;126;"PETROLINA";"Ingestão de álcool pelo condutor";"Colisão lateral mesmo sentido";"Com Vítimas Feridas";"Plena Noite";"Crescente";"Nublado";"Múltipla";"Rotatória";"Sim";4;0;2;0;0;2;2;3;-9,38802696;-40,52563238;"SPRF-PE";"DEL06/PE";"UOP01-DEL06-PE"
753873;2026-02-22;"domingo";"00:50:00";"MA";10;257;"IMPERATRIZ";"Ausência de reação do condutor";"Colisão traseira";"Com Vítimas Feridas";"Plena Noite";"Crescente";"Céu Claro";"Simples";"Reta;Interseção de Vias";"Sim";3;0;0;1;2;0;1;2;-5,48337272;-47,47211439;"SPRF-MA";"DEL04-MA";"UOP01-DEL04-MA"
753876;2026-02-22;"domingo";"01:00:00";"SC";101;129;"CAMBORIU";"Ingestão de álcool pelo condutor";"Capotamento";"Sem Vítimas";"Plena Noite";"Crescente";"Garoa/Chuvisco";"Dupla";"Reta";"Não";1;0;0;0;1;0;0;1;-26,99045097;-48,663263;"SPRF-SC";"DEL04/SC";"UOP03-DEL04-SC"
753877;2026-02-22;"domingo";"01:15:00";"SC";101;339,9;"TUBARAO";"Condutor deixou de manter distância do veículo da frente";"Colisão lateral mesmo sentido";"Com Vítimas Feridas";"Plena Noite";"Crescente";"Céu Claro";"Dupla";"Reta";"Não";6;0;2;0;3;1;2;2;-28,51340031;-49,05197795;"SPRF-SC";"DEL02/SC";"UOP01-DEL02-SC"
753878;2026-02-21;"sábado";"23:30:00";"RJ";40;67,2;"PETROPOLIS";"Chuva";"Saída de leito carroçável";"Com Vítimas Feridas";"Plena Noite";"Decrescente";"Chuva";"Dupla";"Curva";"Não";4;0;2;0;2;0;2;1;-22,438585;-43,17949;"SPRF-RJ";"DEL05/RJ";"UOP02-DEL05-RJ"
753879;2026-02-22;"domingo";"00:30:00";"AL";316;252,7;"PILAR";"Ausência de reação do condutor";"Colisão traseira";"Com Vítimas Feridas";"Plena Noite";"Decrescente";"Céu Claro";"Simples";"Reta";"Sim";2;0;1;0;1;0;1;2;-9,577038;-35,962757;"SPRF-AL";"DEL02-AL";"UOP01-DEL02-AL"
753880;2026-02-22;"domingo";"00:10:00";"MA";330;5,9;"BALSAS";"Ausência de reação do condutor";"Saída de leito carroçável";"Com Vítimas Feridas";"Plena Noite";"Crescente";"Céu Claro";"Simples";"Reta";"Não";1;0;0;1;0;0;1;1;-7,560078;-46,019147;"SPRF-MA";"DEL05-MA";"UOP01-DEL05-MA"
753881;2026-02-22;"domingo";"01:00:00";"TO";153;424;"MIRACEMA DO TOCANTINS";"Transitar na contramão";"Colisão frontal";"Com Vítimas Feridas";"Plena Noite";"Crescente";"Nublado";"Simples";"Reta";"Não";4;0;0;3;1;0;3;2;-9,60916;-48,62825;"SPRF-TO";"DEL01-TO";"UOP01-DEL01-TO"
753882;2026-02-22;"domingo";"00:30:00";"PR";153;344;"REBOUCAS";"Velocidade Incompatível";"Capotamento";"Com Vítimas Feridas";"Plena Noite";"Crescente";"Céu Claro";"Simples";"Curva";"Não";1;0;1;0;0;0;1;1;-25,59;-50,684;"SPRF-PR";"DEL08/PR";"UOP02-DEL08-PR"
753883;2026-02-22;"domingo";"00:06:00";"MT";364;729;"SORRISO";"Reação tardia ou ineficiente do condutor";"Capotamento";"Com Vítimas Feridas";"Plena Noite";"Crescente";"Nublado";"Simples";"Curva";"Não";1;0;1;0;0;0;1;1;-12,72615333;-55,82963833;"SPRF-MT";"DEL01/MT";"UOP01-DEL01-MT"
753887;2026-02-22;"domingo";"01:50:00";"GO";60;30;"ALEXANIA";"Ingestão de álcool pelo condutor";"Colisão traseira";"Sem Vítimas";"Plena Noite";"Decrescente";"Céu Claro";"Dupla";"Reta";"Sim";2;0;0;0;2;0;0;2;-16,0887;-48,5018;"SPRF-DF";"DEL03-DF";"UOP01-DEL03-DF"
753888;2026-02-22;"domingo";"02:18:00";"RS";116;222;"DOIS IRMAOS";"Reação tardia ou ineficiente do condutor";"Saída de leito carroçável";"Com Vítimas Feridas";"Plena Noite";"Decrescente";"Céu Claro";"Dupla";"Declive;Curva";"Sim";1;0;0;1;0;0;1;1;-29,57914088;-51,09589824;"SPRF-RS";"DEL01/RS";"UOP02-DEL01-RS"
753889;2026-02-22;"domingo";"03:41:00";"GO";60;187;"GUAPO";"Reação tardia ou ineficiente do condutor";"Atropelamento de Animal";"Com Vítimas Feridas";"Plena Noite";"Crescente";"Céu Claro";"Dupla";"Reta";"Não";1;0;0;1;0;0;1;1;-16,820696;-49,533146;"SPRF-GO";"DEL01/GO";"UOP02-DEL01-GO"
753892;2026-02-22;"domingo";"03:51:00";"SP";116;58;"GUARATINGUETA";"Ingestão de álcool pelo condutor";"Colisão com objeto";"Sem Vítimas";"Plena Noite";"Crescente";"Céu Claro";"Simples";"Reta";"Sim";1;0;0;0;1;0;0;1;-22,7811214;-45,1489132;"SPRF-SP";"DEL08/SP";"UOP01-DEL08-SP"
753893;2026-02-22;"domingo";"04:10:00";"SC";101;41,9;"JOINVILLE";"Ausência de reação do condutor";"Saída de leito carroçável";"Sem Vítimas";"Plena Noite";"Crescente";"Garoa/Chuvisco";"Dupla";"Reta;Interseção de Vias";"Sim";1;0;0;0;1;0;0;1;-26,322972;-48,868432;"SPRF-SC";"DEL03/SC";"UOP01-DEL03-SC"
753894;2026-02-22;"domingo";"02:20:00";"MT";70;250;"PRIMAVERA DO LESTE";"Demais falhas mecânicas ou elétricas";"Incêndio";"Sem Vítimas";"Plena Noite";"Decrescente";"Nublado";"Simples";"Reta";"Não";2;0;0;0;2;0;0;1;-15,625792;-54,099997;"SPRF-MT";"DEL05/MT";"UOP01-DEL05-MT"
753895;2026-02-22;"domingo";"00:50:00";"ES";262;106,9;"VENDA NOVA DO IMIGRANTE";"Velocidade Incompatível";"Colisão traseira";"Sem Vítimas";"Plena Noite";"Decrescente";"Céu Claro";"Simples";"Reta";"Sim";2;0;0;0;2;0;0;2;-20,329323;-41,152418;"SPRF-ES";"DEL01-ES";"UOP02-DEL01-ES"
753896;2026-02-22;"domingo";"05:20:00";"RS";392;116;"CANGUCU";"Ausência de reação do condutor";"Colisão transversal";"Com Vítimas Feridas";"Plena Noite";"Decrescente";"Céu Claro";"Múltipla";"Reta";"Não";2;0;0;1;1;0;1;2;-31,416608;-52,668995;"SPRF-RS";"DEL07/RS";"UOP01-DEL07-RS"
753898;2026-02-21;"sábado";"22:47:00";"RO";364;351,5;"JI-PARANA";"Transitar na contramão";"Colisão frontal";"Com Vítimas Fatais";"Plena Noite";"Decrescente";"Chuva";"Simples";"Curva";"Não";30;1;28;0;1;0;28;3;-10,836748;-62,010328;"SPRF-RO";"DEL02-RO";"UOP01-DEL02-RO"
753901;2026-02-22;"domingo";"05:00:00";"RS";448;18;"CANOAS";"Acesso irregular";"Colisão frontal";"Com Vítimas Feridas";"Plena Noite";"Crescente";"Céu Claro";"Dupla";"Reta";"Sim";2;0;0;1;1;0;1;2;-29,94900098;-51,20389614;"SPRF-RS";"DEL01/RS";"UOP01-DEL01-RS"
753902;2026-02-22;"domingo";"00:01:00";"MS";376;127,3;"IVINHEMA";"Ausência de reação do condutor";"Colisão lateral mesmo sentido";"Com Vítimas Feridas";"Plena Noite";"Crescente";"Céu Claro";"Simples";"Reta";"Não";3;0;2;0;0;1;2;3;-22,345407;-53,735291;"SPRF-MS";"DEL04/MS";"UOP04-DEL04-MS"
753903;2026-02-22;"domingo";"05:30:00";"SC";101;316;"PESCARIA BRAVA";"Animais na Pista";"Atropelamento de Animal";"Com Vítimas Feridas";"Amanhecer";"Decrescente";"Céu Claro";"Dupla";"Curva;Aclive";"Não";2;0;1;0;1;0;1;1;-28,42541744;-48,85739056;"SPRF-SC";"DEL02/SC";"UOP01-DEL02-SC"
753904;2026-02-22;"domingo";"05:40:00";"RS";290;412,3;"SANTA MARGARIDA DO SUL";"Ingestão de álcool pelo condutor";"Colisão frontal";"Com Vítimas Feridas";"Pleno dia";"Decrescente";"Céu Claro";"Simples";"Curva";"Não";4;0;1;3;0;0;4;2;-30,35924891;-54,17564392;"SPRF-RS";"DEL11/RS";"UOP02-DEL11-RS"
753906;2026-02-22;"domingo";"05:30:00";"SC";282;207,4;"LAGES";"Desrespeitar a preferência no cruzamento";"Colisão transversal";"Com Vítimas Feridas";"Pleno dia";"Crescente";"Céu Claro";"Simples";"Rotatória";"Não";7;0;1;0;6;0;1;2;-27,7734656;-50,2020825;"SPRF-SC";"DEL05/SC";"UOP01-DEL05-SC"
753907;2026-02-22;"domingo";"05:10:00";"MG";381;939;"EXTREMA";"Reação tardia ou ineficiente do condutor";"Saída de leito carroçável";"Com Vítimas Feridas";"Amanhecer";"Decrescente";"Nublado";"Dupla";"Reta";"Não";1;0;1;0;0;0;1;1;-22,82249037;-46,30208562;"SPRF-MG";"DEL16/MG";"UOP03-DEL16-MG"
753908;2026-02-22;"domingo";"04:30:00";"PA";10;0,6;"DOM ELISEU";"Transitar na contramão";"Colisão lateral sentido oposto";"Sem Vítimas";"Plena Noite";"Crescente";"Céu Claro";"Simples";"Curva";"Não";3;0;0;0;2;1;0;2;-4,442006;-47,534741;"SPRF-PA";"DEL02/PA";"UOP02-DEL02-PA"
753913;2026-02-21;"sábado";"22:30:00";"MA";226;2,6;"TIMON";"Ausência de reação do condutor";"Colisão lateral mesmo sentido";"Com Vítimas Feridas";"Plena Noite";"Decrescente";"Céu Claro";"Dupla";"Reta";"Sim";4;0;0;1;1;2;1;2;-5,13828221;-42,84422016;"SPRF-MA";"DEL03-MA";"UOP02-DEL03-MA"
753914;2026-02-22;"domingo";"06:00:00";"RS";290;24;"SANTO ANTONIO DA PATRULHA";"Manobra de mudança de faixa";"Colisão traseira";"Sem Vítimas";"Pleno dia";"Crescente";"Céu Claro";"Múltipla";"Reta";"Não";2;0;0;0;2;0;0;2;-29,881504;-50,49756;"SPRF-RS";"DEL03/RS";"UOP01-DEL03-RS"
753915;2026-02-22;"domingo";"07:26:00";"MG";381;477;"CONTAGEM";"Velocidade Incompatível";"Colisão traseira";"Com Vítimas Feridas";"Pleno dia";"Decrescente";"Céu Claro";"Dupla";"Aclive;Reta";"Sim";2;0;1;0;1;0;1;2;-19,95972994;-44,0337166;"SPRF-MG";"DEL01/MG";"UOP03-DEL01-MG"
753916;2026-02-22;"domingo";"06:50:00";"GO";80;134,5;"BARRO ALTO";"Ingestão de álcool pelo condutor";"Saída de leito carroçável";"Sem Vítimas";"Pleno dia";"Crescente";"Nublado";"Simples";"Reta";"Sim";1;0;0;0;1;0;0;1;-14,958882;-48,931801;"SPRF-GO";"DEL07/GO";"UOP02-DEL07-GO"
753919;2026-02-22;"domingo";"07:25:00";"PB";230;276;"SANTA LUZIA";"Ingestão de álcool pelo condutor";"Colisão com objeto";"Com Vítimas Feridas";"Pleno dia";"Crescente";"Céu Claro";"Simples";"Reta";"Não";1;0;1;0;0;0;1;1;-6,9570122;-36,839883;"SPRF-PB";"DEL03-PB";"UOP01-DEL03-PB"
753920;2026-02-06;"sexta-feira";"15:40:00";"SC";101;215,2;"PALHOCA";"Demais falhas mecânicas ou elétricas";"Incêndio";"Sem Vítimas";"Pleno dia";"Decrescente";"Céu Claro";"Múltipla";"Reta";"Sim";1;0;0;0;1;0;0;1;-27,6536616;-48,6772813;"SPRF-SC";"DEL01/SC";"UOP02-DEL01-SC"
753921;2026-02-22;"domingo";"08:00:00";"DF";70;15,2;"BRASILIA";"Condutor Dormindo";"Saída de leito carroçável";"Com Vítimas Feridas";"Pleno dia";"Crescente";"Nublado";"Dupla";"Reta";"Não";1;0;1;0;0;0;1;1;-15,798269;-48,18755;"SPRF-DF";"DEL03-DF";"UOP02-DEL03-DF"
753923;2026-02-22;"domingo";"09:35:00";"RS";392;96,5;"PELOTAS";"Reação tardia ou ineficiente do condutor";"Saída de leito carroçável";"Com Vítimas Feridas";"Pleno dia";"Crescente";"Céu Claro";"Múltipla";"Curva";"Não";1;0;0;1;0;0;1;1;-31,556338;-52,550665;"SPRF-RS";"DEL07/RS";"UOP01-DEL07-RS"
753925;2026-02-22;"domingo";"09:20:00";"PE";232;409,6;"SERRA TALHADA";"Ausência de reação do condutor";"Colisão transversal";"Com Vítimas Feridas";"Pleno dia";"Decrescente";"Céu Claro";"Simples";"Retorno Regulamentado;Reta";"Sim";2;0;1;0;1;0;1;2;-7,982287;-38,295928;"SPRF-PE";"DEL04/PE";"UOP01-DEL04-PE"
753926;2026-02-22;"domingo";"09:35:00";"SP";116;316;"JUQUITIBA";"Reação tardia ou ineficiente do condutor";"Colisão traseira";"Com Vítimas Feridas";"Pleno dia";"Decrescente";"Garoa/Chuvisco";"Dupla";"Curva";"Não";3;0;1;0;2;0;1;2;-23,92914946;-46,99610805;"SPRF-SP";"DEL04/SP";"UOP03-DEL04-SP"
753928;2026-02-22;"domingo";"09:40:00";"PE";101;89;"JABOATAO DOS GUARARAPES";"Condutor deixou de manter distância do veículo da frente";"Queda de ocupante de veículo";"Com Vítimas Feridas";"Pleno dia";"Decrescente";"Céu Claro";"Dupla";"Reta";"Não";2;0;0;2;0;0;2;1;-8,20689;-34,9835;"SPRF-PE";"DEL01/PE";"UOP01-DEL01-PE"
753930;2026-02-22;"domingo";"08:30:00";"SP";381;86;"SAO PAULO";"Ausência de reação do condutor";"Colisão com objeto";"Com Vítimas Feridas";"Pleno dia";"Decrescente";"Nublado";"Múltipla";"Reta";"Sim";3;0;0;1;2;0;1;2;-23,47004;-46,56724;"SPRF-SP";"DEL03/SP";"UOP01-DEL03-SP"
753931;2026-02-22;"domingo";"04:30:00";"RJ";101;0;"PARATY";"Demais falhas mecânicas ou elétricas";"Incêndio";"Sem Vítimas";"Plena Noite";"Decrescente";"Chuva";"Simples";"Reta";"Não";2;0;0;0;2;0;0;1;-23,34931156;-44,75634193;"SPRF-RJ";"DEL08/RJ";"UOP01-DEL08-RJ"
753932;2026-02-22;"domingo";"07:38:00";"MT";163;803;"SINOP";"Acesso irregular";"Colisão traseira";"Com Vítimas Feridas";"Pleno dia";"Decrescente";"Céu Claro";"Simples";"Reta";"Não";2;0;1;0;1;0;1;2;-12,145466;-55,514064;"SPRF-MT";"DEL06/MT";"UOP02-DEL06-MT"
753933;2026-02-22;"domingo";"10:40:00";"SC";101;132;"CAMBORIU";"Reação tardia ou ineficiente do condutor";"Colisão traseira";"Com Vítimas Feridas";"Pleno dia";"Crescente";"Céu Claro";"Múltipla";"Reta";"Sim";3;0;2;0;1;0;2;2;-26,99642076;-48,65644164;"SPRF-SC";"DEL04/SC";"UOP03-DEL04-SC"
753938;2026-02-22;"domingo";"10:45:00";"ES";101;258,8;"SERRA";"Manobra de mudança de faixa";"Colisão traseira";"Com Vítimas Feridas";"Pleno dia";"Decrescente";"Céu Claro";"Dupla";"Reta;Aclive";"Sim";3;0;1;1;1;0;2;2;-20,15839;-40,27642;"SPRF-ES";"DEL02-ES";"UOP01-DEL02-ES"
753939;2026-02-22;"domingo";"09:05:00";"MT";364;202;"RONDONOPOLIS";"Reação tardia ou ineficiente do condutor";"Colisão traseira";"Sem Vítimas";"Pleno dia";"Decrescente";"Céu Claro";"Dupla";"Reta";"Não";2;0;0;0;2;0;0;2;-16,4866;-54,6482;"SPRF-MT";"DEL02/MT";"UOP01-DEL02-MT"
753940;2026-02-19;"quinta-feira";"08:00:00";"RJ";493;71;"NOVA IGUACU";"Condutor Dormindo";"Saída de leito carroçável";"Com Vítimas Feridas";"Pleno dia";"Decrescente";"Nublado";"Dupla";"Reta";"Não";1;0;1;0;0;0;1;1;-22,68442811;-43,52402906;"SPRF-RJ";"DEL01/RJ";"UOP03-DEL01-RJ"
753943;2026-02-22;"domingo";"11:15:00";"SC";101;137;"ITAPEMA";"Reação tardia ou ineficiente do condutor";"Colisão lateral mesmo sentido";"Com Vítimas Feridas";"Pleno dia";"Crescente";"Céu Claro";"Dupla";"Reta";"Não";2;0;1;0;0;1;1;2;-27,0657427;-48,5957197;"SPRF-SC";"DEL04/SC";"UOP03-DEL04-SC"
753944;2026-02-22;"domingo";"11:05:00";"PR";476;183;"LAPA";"Reação tardia ou ineficiente do condutor";"Colisão traseira";"Com Vítimas Feridas";"Pleno dia";"Crescente";"Nublado";"Simples";"Reta";"Não";3;0;1;0;2;0;1;2;-25,71429224;-49,62059705;"SPRF-PR";"DEL01/PR";"UOP06-DEL01-PR"
753945;2026-02-22;"domingo";"12:15:00";"MA";135;14;"SAO LUIS";"Pista esburacada";"Tombamento";"Com Vítimas Feridas";"Pleno dia";"Decrescente";"Nublado";"Dupla";"Reta";"Sim";2;0;2;0;0;0;2;1;-2,688122;-44,299833;"SPRF-MA";"DEL01-MA";"UOP01-DEL01-MA"
753946;2026-02-22;"domingo";"11:50:00";"SP";116;110,7;"TAUBATE";"Acessar a via sem observar a presença dos outros veículos";"Colisão lateral mesmo sentido";"Com Vítimas Feridas";"Pleno dia";"Decrescente";"Sol";"Dupla";"Reta";"Sim";2;0;1;0;1;0;1;2;-23,036364;-45,556028;"SPRF-SP";"DEL02/SP";"UOP02-DEL02-SP"
753947;2026-02-22;"domingo";"11:28:00";"PR";376;139,9;"NOVA ESPERANCA";"Manobra de mudança de faixa";"Colisão traseira";"Com Vítimas Feridas";"Pleno dia";"Decrescente";"Céu Claro";"Dupla";"Reta;Aclive";"Não";2;0;0;1;1;0;1;2;-23,2297913;-52,175912;"SPRF-PR";"DEL09/PR";"UOP02-DEL09-PR"
753948;2026-02-22;"domingo";"12:05:00";"RS";290;104;"ELDORADO DO SUL";"Demais falhas mecânicas ou elétricas";"Colisão traseira";"Com Vítimas Feridas";"Pleno dia";"Decrescente";"Céu Claro";"Dupla";"Ponte;Reta";"Não";2;0;1;0;1;0;1;2;-29,993962;-51,2770395;"SPRF-RS";"DEL02/RS";"UOP01-DEL02-RS"
753949;2026-02-22;"domingo";"12:20:00";"RS";116;507,1;"PELOTAS";"Condutor Dormindo";"Saída de leito carroçável";"Com Vítimas Fatais";"Pleno dia";"Crescente";"Céu Claro";"Dupla";"Reta;Retorno Regulamentado";"Não";5;1;4;0;0;0;4;1;-31,604851;-52,296624;"SPRF-RS";"DEL07/RS";"UOP01-DEL07-RS"
753950;2026-02-22;"domingo";"11:30:00";"SC";470;280,9;"BRUNOPOLIS";"Curva acentuada";"Saída de leito carroçável";"Com Vítimas Feridas";"Pleno dia";"Decrescente";"Nublado";"Simples";"Curva";"Não";4;0;2;0;2;0;2;1;-27,3352247;-50,8799446;"SPRF-SC";"DEL07/SC";"UOP06-DEL07-SC"
753951;2026-02-22;"domingo";"12:00:00";"GO";153;603,5;"MORRINHOS";"Pista esburacada";"Tombamento";"Com Vítimas Feridas";"Pleno dia";"Decrescente";"Nublado";"Dupla";"Reta";"Não";2;0;2;0;0;0;2;1;-17,57003;-49,198775;"SPRF-GO";"DEL03/GO";"UOP01-DEL03-GO"
753953;2026-02-22;"domingo";"13:05:00";"MG";262;374;"JUATUBA";"Condutor Dormindo";"Saída de leito carroçável";"Com Vítimas Feridas";"Pleno dia";"Crescente";"Sol";"Dupla";"Curva";"Não";3;0;2;0;0;1;2;2;-19,933;-44,427;"SPRF-MG";"DEL01/MG";"UOP03-DEL01-MG"