"id";"data_inversa";"dia_semana";"horario";"uf";"br";"km";"municipio";"causa_acidente";"tipo_acidente";"classificacao_acidente";"fase_dia";"sentido_via";"condicao_metereologica";"tipo_pista";"tracado_via";"uso_solo";"pessoas";"mortos";"feridos_leves";"feridos_graves";"ilesos";"ignorados";"feridos";"veiculos";"latitude";"longitude";"regional";"delegacia";"uop"
754411;2026-02-17;"terça-feira";"16:30:00";"GO";364;293;"MINEIROS";"Ausência de reação do condutor";"Queda de ocupante de veículo";"Com Vítimas Feridas";"Pleno dia";"Decrescente";"Céu Claro";"Simples";"Reta";"Não";1;0;0;1;0;0;1;1;-17,586537;-52,495655;"SPRF-GO";"DEL05/GO";"UOP01-DEL05-GO"
754412;2026-02-24;"terça-feira";"13:50:00";"PE";101;86;"JABOATAO DOS GUARARAPES";"Manobra de mudança de faixa";"Colisão lateral mesmo sentido";"Com Vítimas Feridas";"Pleno dia";"Decrescente";"Sol";"Dupla";"Reta";"Não";3;0;1;1;0;1;2;2;-8,187272;-34,972237;"SPRF-PE";"DEL01/PE";"UOP01-DEL01-PE"
754417;2026-02-24;"terça-feira";"14:10:00";"BA";101;816;"ITAMARAJU";"Reação tardia ou ineficiente do condutor";"Tombamento";"Com Vítimas Feridas";"Pleno dia";"Crescente";"Chuva";"Simples";"Curva;Declive";"Não";1;0;0;1;0;0;1;1;-17,08852292;-39,57026334;"SPRF-BA";"DEL09/BA";"UOP01-DEL09-BA"
754421;2026-02-24;"terça-feira";"09:45:00";"RJ";101;388;"RIO DE JANEIRO";"Avarias e/ou desgaste excessivo no pneu";"Queda de ocupante de veículo";"Com Vítimas Feridas";"Pleno dia";"Crescente";"Céu Claro";"Múltipla";"Reta";"Não";2;0;1;0;1;0;1;1;-22,88590167;-43,65117073;"SPRF-RJ";"DEL03/RJ";"UOP01-DEL03-RJ"
754422;2026-02-12;"quinta-feira";"19:20:00";"MS";376;108;"IVINHEMA";"Ingestão de álcool pelo condutor";"Saída de leito carroçável";"Com Vítimas Feridas";"Plena Noite";"Crescente";"Céu Claro";"Simples";"Reta";"Não";1;0;1;0;0;0;1;1;-22,29980994;-53,87069285;"SPRF-MS";"DEL04/MS";"UOP04-DEL04-MS"
754423;2026-02-24;"terça-feira";"12:30:00";"RJ";40;77;"PETROPOLIS";"Curva acentuada";"Colisão com objeto";"Com Vítimas Feridas";"Pleno dia";"Crescente";"Chuva";"Dupla";"Curva;Declive";"Não";2;0;2;0;0;0;2;1;-22,485123;-43,230377;"SPRF-RJ";"DEL01/RJ";"UOP01-DEL01-RJ"
754424;2026-02-24;"terça-feira";"14:00:00";"MS";163;537,6;"BANDEIRANTES";"Condutor usando celular";"Engavetamento";"Com Vítimas Feridas";"Pleno dia";"Decrescente";"Nublado";"Simples";"Desvio Temporário;Em Obras;Reta";"Não";7;0;3;0;4;0;3;4;-20,0101607;-54,3992647;"SPRF-MS";"DEL01/MS";"UOP02-DEL01-MS"
754425;2026-02-24;"terça-feira";"12:40:00";"PI";343;284,3;"CAMPO MAIOR";"Velocidade Incompatível";"Colisão com objeto";"Com Vítimas Fatais";"Pleno dia";"Crescente";"Céu Claro";"Simples";"Reta";"Não";4;1;0;2;1;0;2;3;-4,9304076;-42,29057551;"SPRF-PI";"DEL01-PI";"UOP03-DEL01-PI"
754429;2026-02-24;"terça-feira";"14:20:00";"MG";356;266,7;"MURIAE";"Conversão proibida";"Colisão transversal";"Com Vítimas Feridas";"Pleno dia";"Decrescente";"Céu Claro";"Simples";"Curva";"Sim";2;0;1;0;1;0;1;2;-21,129536;-42,360036;"SPRF-MG";"DEL07/MG";"UOP02-DEL07-MG"
754430;2026-02-24;"terça-feira";"16:00:00";"PR";277;73;"SAO JOSE DOS PINHAIS";"Reação tardia ou ineficiente do condutor";"Colisão lateral mesmo sentido";"Com Vítimas Feridas";"Pleno dia";"Decrescente";"Céu Claro";"Dupla";"Reta;Em Obras";"Não";2;0;1;0;1;0;1;2;-25,49837758;-49,15774282;"SPRF-PR";"DEL01/PR";"UOP08-DEL01-PR"
754431;2026-02-24;"terça-feira";"15:55:00";"BA";324;525;"FEIRA DE SANTANA";"Condutor deixou de manter distância do veículo da frente";"Colisão lateral mesmo sentido";"Com Vítimas Feridas";"Pleno dia";"Decrescente";"Nublado";"Dupla";"Reta";"Não";2;0;1;0;1;0;1;2;-12,310493;-38,8848;"SPRF-BA";"DEL11/BA";"UOP02-DEL11-BA"
754432;2026-02-24;"terça-feira";"16:10:00";"MG";381;435;"SANTA LUZIA";"Acumulo de água sobre o pavimento";"Saída de leito carroçável";"Com Vítimas Feridas";"Pleno dia";"Decrescente";"Chuva";"Simples";"Curva;Aclive";"Não";3;0;1;0;2;0;1;1;-19,8089175;-43,7821655;"SPRF-MG";"DEL01/MG";"UOP01-DEL01-MG"
754433;2026-01-14;"quarta-feira";"17:45:00";"BA";116;801;"VITORIA DA CONQUISTA";"Reação tardia ou ineficiente do condutor";"Queda de ocupante de veículo";"Com Vítimas Feridas";"Anoitecer";"Decrescente";"Céu Claro";"Simples";"Reta";"Não";2;0;1;1;0;0;2;1;-14,75396733;-40,68460464;"SPRF-BA";"DEL08/BA";"UOP02-DEL08-BA"
754434;2026-02-24;"terça-feira";"16:10:00";"DF";20;17;"BRASILIA";"Ausência de reação do condutor";"Queda de ocupante de veículo";"Com Vítimas Feridas";"Pleno dia";"Decrescente";"Chuva";"Dupla";"Retorno Regulamentado";"Não";1;0;0;1;0;0;1;1;-15,61618323;-47,70814983;"SPRF-DF";"DEL02-DF";"UOP01-DEL02-DF"
754436;2026-02-20;"sexta-feira";"20:30:00";"SC";282;136;"BOM RETIRO";"Reação tardia ou ineficiente do condutor";"Colisão transversal";"Com Vítimas Feridas";"Plena Noite";"Decrescente";"Céu Claro";"Simples";"Reta";"Não";3;0;2;0;1;0;2;2;-27,82017;-49,56184;"SPRF-SC";"DEL05/SC";"UOP01-DEL05-SC"
754439;2026-02-24;"terça-feira";"16:58:00";"RN";405;2,3;"MOSSORO";"Reação tardia ou ineficiente do condutor";"Colisão traseira";"Com Vítimas Feridas";"Pleno dia";"Decrescente";"Céu Claro";"Dupla";"Reta";"Sim";3;0;1;1;1;0;2;2;-5,19311442;-37,37335324;"SPRF-RN";"DEL04-RN";"UOP02-DEL04-RN"
754440;2026-02-24;"terça-feira";"15:50:00";"SP";381;73;"SAO PAULO";"Ingestão de álcool pelo condutor";"Colisão com objeto";"Sem Vítimas";"Pleno dia";"Crescente";"Chuva";"Dupla";"Curva";"Sim";1;0;0;0;1;0;0;1;-23,37237818;-46,55627619;"SPRF-SP";"DEL03/SP";"UOP01-DEL03-SP"
754443;2026-02-24;"terça-feira";"17:50:00";"DF";20;15;"BRASILIA";"Reação tardia ou ineficiente do condutor";"Colisão traseira";"Com Vítimas Feridas";"Pleno dia";"Crescente";"Céu Claro";"Dupla";"Reta";"Não";4;0;2;0;1;1;2;3;-15,6274849;-47,72959828;"SPRF-DF";"DEL02-DF";"UOP01-DEL02-DF"
754444;2026-02-24;"terça-feira";"16:50:00";"MA";10;262,2;"IMPERATRIZ";"Acumulo de areia ou detritos sobre o pavimento";"Queda de ocupante de veículo";"Com Vítimas Feridas";"Pleno dia";"Crescente";"Chuva";"Simples";"Reta";"Sim";1;0;1;0;0;0;1;1;-5,45028325;-47,4724817;"SPRF-MA";"DEL04-MA";"UOP01-DEL04-MA"
754445;2026-02-24;"terça-feira";"14:25:00";"RO";364;159,3;"PIMENTA BUENO";"Ultrapassagem Indevida";"Colisão com objeto";"Com Vítimas Feridas";"Pleno dia";"Decrescente";"Sol";"Simples";"Declive;Reta";"Não";1;0;1;0;0;0;1;1;-11,924585;-60,962593;"SPRF-RO";"DEL02-RO";"UOP02-DEL02-RO"
754449;2026-02-24;"terça-feira";"20:30:00";"RJ";101;294;"SAO GONCALO";"Ausência de reação do condutor";"Queda de ocupante de veículo";"Com Vítimas Feridas";"Plena Noite";"Crescente";"Céu Claro";"Simples";"Reta";"Não";2;0;2;0;0;0;2;1;-22,79440566;-43,03056898;"SPRF-RJ";"DEL02/RJ";"UOP02-DEL02-RJ"
754450;2026-01-07;"quarta-feira";"16:05:00";"PA";163;300;"NOVO PROGRESSO";"Ausência de reação do condutor";"Colisão lateral mesmo sentido";"Com Vítimas Feridas";"Pleno dia";"Decrescente";"Céu Claro";"Simples";"Reta";"Não";1;0;1;0;0;0;1;1;-7,1278476;-55,3889677;"SPRF-PA";"DEL05/PA";"UOP03-DEL05-PA"
754451;2026-02-24;"terça-feira";"18:10:00";"BA";101;887;"TEIXEIRA DE FREITAS";"Ausência de reação do condutor";"Queda de ocupante de veículo";"Com Vítimas Feridas";"Plena Noite";"Crescente";"Nublado";"Simples";"Reta";"Não";2;0;2;0;0;0;2;1;-17,619218;-39,76428;"SPRF-BA";"DEL09/BA";"UOP02-DEL09-BA"
754452;2026-02-24;"terça-feira";"18:45:00";"SP";116;230;"SAO PAULO";"Reação tardia ou ineficiente do condutor";"Colisão lateral mesmo sentido";"Com Vítimas Feridas";"Plena Noite";"Crescente";"Céu Claro";"Múltipla";"Reta";"Sim";3;0;2;0;1;0;2;2;-23,52115465;-46,58537865;"SPRF-SP";"DEL01/SP";"UOP01-DEL01-SP"
754454;2026-02-24;"terça-feira";"15:35:00";"SC";101;338,9;"TUBARAO";"Ausência de reação do condutor";"Colisão com objeto";"Com Vítimas Feridas";"Pleno dia";"Decrescente";"Chuva";"Múltipla";"Reta";"Não";1;0;1;0;0;0;1;1;-28,49751852;-49,04476818;"SPRF-SC";"DEL02/SC";"UOP01-DEL02-SC"
754455;2026-02-20;"sexta-feira";"23:02:00";"PA";163;995;"SANTAREM";"Animais na Pista";"Queda de ocupante de veículo";"Com Vítimas Feridas";"Plena Noite";"Decrescente";"Céu Claro";"Simples";"Reta";"Não";2;0;1;1;0;0;2;1;-2,51336396;-54,72408772;"SPRF-PA";"DEL05/PA";"UOP01-DEL05-PA"
754459;2026-02-24;"terça-feira";"18:00:00";"RJ";40;75;"PETROPOLIS";"Reação tardia ou ineficiente do condutor";"Capotamento";"Com Vítimas Feridas";"Anoitecer";"Crescente";"Nublado";"Dupla";"Curva;Declive";"Não";1;0;1;0;0;0;1;1;-22,469792;-43,228055;"SPRF-RJ";"DEL01/RJ";"UOP01-DEL01-RJ"
754460;2026-02-24;"terça-feira";"17:55:00";"MT";364;334;"SANTO ANTONIO DO LEVERGER";"Pedestre andava na pista";"Atropelamento de Pedestre";"Com Vítimas Feridas";"Anoitecer";"Crescente";"Nublado";"Dupla";"Declive;Reta";"Não";2;0;0;1;0;1;1;2;-15,83044731;-55,46334716;"SPRF-MT";"DEL05/MT";"UOP02-DEL05-MT"
754461;2026-02-24;"terça-feira";"19:30:00";"PR";476;157,6;"ARAUCARIA";"Reação tardia ou ineficiente do condutor";"Colisão traseira";"Sem Vítimas";"Anoitecer";"Crescente";"Nublado";"Simples";"Reta";"Não";2;0;0;0;2;0;0;2;-25,610012;-49,422661;"SPRF-PR";"DEL01/PR";"UOP06-DEL01-PR"
754463;2026-02-24;"terça-feira";"17:58:00";"MS";262;572,6;"MIRANDA";"Ausência de reação do condutor";"Colisão traseira";"Com Vítimas Feridas";"Anoitecer";"Decrescente";"Nublado";"Simples";"Reta";"Não";2;0;1;0;1;0;1;2;-20,19079661;-56,50075704;"SPRF-MS";"DEL03/MS";"UOP02-DEL03-MS"
754464;2026-02-24;"terça-feira";"18:40:00";"BA";367;40;"PORTO SEGURO";"Entrada inopinada do pedestre";"Atropelamento de Pedestre";"Com Vítimas Feridas";"Pleno dia";"Crescente";"Chuva";"Simples";"Reta";"Não";3;0;0;1;2;0;1;2;-16,386657;-39,209745;"SPRF-BA";"DEL09/BA";"UOP03-DEL09-BA"
754467;2026-02-24;"terça-feira";"19:22:00";"BA";324;514;"FEIRA DE SANTANA";"Ausência de reação do condutor";"Colisão traseira";"Com Vítimas Feridas";"Plena Noite";"Crescente";"Nublado";"Simples";"Reta";"Sim";2;0;1;0;1;0;1;2;-12,233762;-38,946722;"SPRF-BA";"DEL02/BA";"UOP01-DEL02-BA"
754468;2026-02-24;"terça-feira";"18:00:00";"SC";101;235;"PALHOCA";"Acumulo de água sobre o pavimento";"Colisão com objeto";"Com Vítimas Feridas";"Plena Noite";"Decrescente";"Chuva";"Dupla";"Aclive;Reta";"Não";1;0;1;0;0;0;1;1;-27,81105942;-48,6354205;"SPRF-SC";"DEL01/SC";"UOP02-DEL01-SC"
754470;2026-02-24;"terça-feira";"18:35:00";"BA";116;718,9;"MANOEL VITORINO";"Avarias e/ou desgaste excessivo no pneu";"Saída de leito carroçável";"Com Vítimas Feridas";"Plena Noite";"Decrescente";"Chuva";"Simples";"Curva";"Não";1;0;1;0;0;0;1;1;-14,22537092;-40,27836297;"SPRF-BA";"DEL08/BA";"UOP02-DEL08-BA"
754471;2026-02-24;"terça-feira";"20:15:00";"SC";101;120;"ITAJAI";"Ausência de reação do condutor";"Colisão traseira";"Com Vítimas Feridas";"Plena Noite";"Decrescente";"Nublado";"Dupla";"Reta";"Não";2;0;1;0;1;0;1;2;-26,91553998;-48,71049352;"SPRF-SC";"DEL04/SC";"UOP04-DEL04-SC"
754472;2026-02-24;"terça-feira";"21:00:00";"GO";40;11;"LUZIANIA";"Animais na Pista";"Atropelamento de Animal";"Com Vítimas Feridas";"Plena Noite";"Crescente";"Céu Claro";"Dupla";"Reta";"Sim";2;0;2;0;0;0;2;1;-16,141813;-47,948433;"SPRF-DF";"DEL01-DF";"UOP01-DEL01-DF"
754473;2026-02-21;"sábado";"05:00:00";"SC";282;644,9;"SAO MIGUEL DO OESTE";"Acessar a via sem observar a presença dos outros veículos";"Colisão traseira";"Com Vítimas Feridas";"Amanhecer";"Decrescente";"Nublado";"Simples";"Reta";"Não";4;0;0;1;3;0;1;2;-26,76561687;-53,48912299;"SPRF-SC";"DEL07/SC";"UOP03-DEL07-SC"
754474;2026-02-24;"terça-feira";"19:45:00";"RJ";493;0,2;"ITABORAI";"Acesso irregular";"Colisão transversal";"Com Vítimas Feridas";"Plena Noite";"Crescente";"Céu Claro";"Simples";"Reta";"Não";3;0;2;0;1;0;2;2;-22,76756169;-42,92230725;"SPRF-RJ";"DEL02/RJ";"UOP02-DEL02-RJ"
754476;2026-02-24;"terça-feira";"20:20:00";"BA";324;621;"SALVADOR";"Pedestre cruzava a pista fora da faixa";"Atropelamento de Pedestre";"Com Vítimas Feridas";"Plena Noite";"Decrescente";"Céu Claro";"Múltipla";"Reta";"Sim";2;0;0;2;0;0;2;2;-12,9162781;-38,4612679;"SPRF-BA";"DEL01/BA";"UOP01-DEL01-BA"
754478;2026-02-24;"terça-feira";"19:32:00";"SC";101;335,5;"TUBARAO";"Reação tardia ou ineficiente do condutor";"Colisão lateral mesmo sentido";"Com Vítimas Feridas";"Plena Noite";"Decrescente";"Chuva";"Múltipla";"Declive;Curva";"Sim";2;0;0;1;0;1;1;2;-28,4787962;-49,03319327;"SPRF-SC";"DEL02/SC";"UOP01-DEL02-SC"
754479;2026-02-24;"terça-feira";"21:10:00";"PE";423;95;"GARANHUNS";"Ingestão de álcool pelo condutor";"Colisão frontal";"Com Vítimas Feridas";"Plena Noite";"Crescente";"Céu Claro";"Simples";"Reta";"Sim";3;0;1;0;2;0;1;3;-8,878667;-36,481035;"SPRF-PE";"DEL03/PE";"UOP01-DEL03-PE"
754480;2026-02-24;"terça-feira";"19:48:00";"MA";316;617;"TIMON";"Acessar a via sem observar a presença dos outros veículos";"Colisão transversal";"Com Vítimas Feridas";"Plena Noite";"Crescente";"Nublado";"Simples";"Reta";"Sim";2;0;1;0;1;0;1;2;-5,10506;-42,828753;"SPRF-MA";"DEL03-MA";"UOP02-DEL03-MA"
754481;2026-02-24;"terça-feira";"16:50:00";"PR";277;597,7;"CASCAVEL";"Avarias e/ou desgaste excessivo no pneu";"Tombamento";"Com Vítimas Feridas";"Pleno dia";"Decrescente";"Nublado";"Simples";"Reta";"Sim";1;0;0;1;0;0;1;1;-24,98450205;-53,50441575;"SPRF-PR";"DEL04/PR";"UOP01-DEL04-PR"
754482;2026-02-24;"terça-feira";"19:00:00";"MG";116;506,3;"UBAPORANGA";"Velocidade Incompatível";"Colisão traseira";"Com Vítimas Feridas";"Pleno dia";"Crescente";"Nublado";"Simples";"Reta";"Sim";3;0;1;0;2;0;1;2;-19,61754326;-42,11023808;"SPRF-MG";"DEL06/MG";"UOP02-DEL06-MG"
754486;2026-02-24;"terça-feira";"21:20:00";"PR";369;189;"ARAPONGAS";"Acessar a via sem observar a presença dos outros veículos";"Colisão transversal";"Com Vítimas Feridas";"Plena Noite";"Crescente";"Chuva";"Simples";"Interseção de Vias";"Sim";2;0;0;1;1;0;1;2;-23,434612;-51,42201;"SPRF-PR";"DEL07/PR";"UOP03-DEL07-PR"
754487;2026-02-24;"terça-feira";"21:35:00";"SC";116;124,6;"SANTA CECILIA";"Pista Escorregadia";"Colisão com objeto";"Com Vítimas Feridas";"Plena Noite";"Crescente";"Garoa/Chuvisco";"Simples";"Curva;Aclive";"Não";5;0;1;0;4;0;1;1;-26,853412;-50,405469;"SPRF-SC";"DEL06/SC";"UOP02-DEL06-SC"
754488;2026-02-24;"terça-feira";"22:15:00";"MG";153;11;"ARAPORA";"Pista esburacada";"Queda de ocupante de veículo";"Com Vítimas Feridas";"Plena Noite";"Crescente";"Céu Claro";"Dupla";"Reta";"Não";2;0;2;0;0;0;2;1;-18,47422098;-49,18929398;"SPRF-MG";"DEL15/MG";"UOP03-DEL15-MG"
754489;2026-02-24;"terça-feira";"22:15:00";"PR";376;245,5;"APUCARANA";"Demais falhas na via";"Saída de leito carroçável";"Com Vítimas Feridas";"Plena Noite";"Crescente";"Nublado";"Dupla";"Reta";"Sim";1;0;1;0;0;0;1;1;-23,594121;-51,411207;"SPRF-PR";"DEL07/PR";"UOP03-DEL07-PR"
754490;2026-02-24;"terça-feira";"16:00:00";"MS";163;466;"CAMPO GRANDE";"Condutor deixou de manter distância do veículo da frente";"Colisão traseira";"Sem Vítimas";"Pleno dia";"Crescente";"Nublado";"Simples";"Reta;Viaduto";"Não";5;0;0;0;5;0;0;2;-20,585619;-54,582586;"SPRF-MS";"DEL01/MS";"UOP01-DEL01-MS"
754491;2026-02-24;"terça-feira";"21:45:00";"SC";101;45;"JOINVILLE";"Mal súbito do condutor";"Colisão com objeto";"Com Vítimas Feridas";"Plena Noite";"Decrescente";"Nublado";"Simples";"Reta;Aclive";"Não";1;0;1;0;0;0;1;1;-26,35174271;-48,85796992;"SPRF-SC";"DEL03/SC";"UOP01-DEL03-SC"
754492;2026-02-24;"terça-feira";"22:00:00";"SE";101;88,5;"NOSSA SENHORA DO SOCORRO";"Reação tardia ou ineficiente do condutor";"Saída de leito carroçável";"Sem Vítimas";"Plena Noite";"Crescente";"Nublado";"Dupla";"Curva;Em Obras;Interseção de Vias";"Não";1;0;0;0;0;1;0;1;-10,87923022;-37,13372318;"SPRF-SE";"DEL01-SE";"UOP01-DEL01-SE"
754495;2026-02-24;"terça-feira";"22:50:00";"RJ";101;400;"ITAGUAI";"Ausência de reação do condutor";"Colisão traseira";"Com Vítimas Fatais";"Plena Noite";"Crescente";"Nublado";"Dupla";"Reta";"Não";2;1;0;0;0;1;0;2;-22,85255;-43,764379;"SPRF-RJ";"DEL03/RJ";"UOP01-DEL03-RJ"
754497;2026-02-24;"terça-feira";"20:12:00";"PA";230;1118;"ITAITUBA";"Acumulo de água sobre o pavimento";"Saída de leito carroçável";"Com Vítimas Feridas";"Plena Noite";"Crescente";"Chuva";"Simples";"Aclive;Curva";"Não";2;0;1;0;0;1;1;1;-4,38653;-55,956879;"SPRF-PA";"DEL05/PA";"UOP02-DEL05-PA"
754498;2026-02-25;"quarta-feira";"00:02:00";"MG";116;282,6;"TEOFILO OTONI";"Ausência de reação do condutor";"Colisão com objeto";"Com Vítimas Feridas";"Plena Noite";"Crescente";"Garoa/Chuvisco";"Simples";"Curva;Declive";"Não";1;0;1;0;0;0;1;1;-17,907392;-41,523;"SPRF-MG";"DEL11/MG";"UOP01-DEL11-MG"
754499;2026-02-24;"terça-feira";"22:30:00";"SC";101;324,9;"CAPIVARI DE BAIXO";"Ausência de reação do condutor";"Colisão com objeto";"Com Vítimas Feridas";"Plena Noite";"Crescente";"Chuva";"Dupla";"Reta";"Não";1;0;1;0;0;0;1;1;-28,42592651;-48,94491641;"SPRF-SC";"DEL02/SC";"UOP01-DEL02-SC"
754501;2026-02-24;"terça-feira";"23:20:00";"RO";364;307;"PRESIDENTE MEDICI";"Afundamento ou ondulação no pavimento";"Saída de leito carroçável";"Sem Vítimas";"Plena Noite";"Decrescente";"Céu Claro";"Simples";"Reta";"Não";3;0;0;0;3;0;0;1;-11,17834667;-61,90174389;"SPRF-RO";"DEL02-RO";"UOP01-DEL02-RO"
754502;2026-02-25;"quarta-feira";"02:15:00";"PR";116;78;"PIRAQUARA";"Condutor Dormindo";"Saída de leito carroçável";"Com Vítimas Feridas";"Plena Noite";"Decrescente";"Nublado";"Dupla";"Reta";"Não";1;0;1;0;0;0;1;1;-25,44740174;-49,09099102;"SPRF-PR";"DEL01/PR";"UOP02-DEL01-PR"
754503;2026-02-25;"quarta-feira";"00:00:00";"CE";222;239;"SOBRAL";"Pedestre andava na pista";"Atropelamento de Pedestre";"Com Vítimas Fatais";"Plena Noite";"Crescente";"Nublado";"Simples";"Reta";"Não";3;1;0;0;0;2;0;3;-3,70819642;-40,40251672;"SPRF-CE";"DEL04/CE";"UOP01-DEL04-CE"
754504;2026-01-15;"quinta-feira";"13:19:00";"SC";101;42,3;"JOINVILLE";"Manobra de mudança de faixa";"Colisão lateral mesmo sentido";"Com Vítimas Feridas";"Pleno dia";"Crescente";"Céu Claro";"Dupla";"Reta";"Sim";3;0;2;0;1;0;2;2;-26,32822698;-48,86397807;"SPRF-SC";"DEL03/SC";"UOP01-DEL03-SC"
754505;2026-02-25;"quarta-feira";"03:40:00";"GO";60;4,9;"SANTO ANTONIO DO DESCOBERTO";"Ausência de reação do condutor";"Queda de ocupante de veículo";"Com Vítimas Feridas";"Plena Noite";"Crescente";"Nublado";"Dupla";"Declive;Reta";"Não";1;0;0;1;0;0;1;1;-16,090752;-48,277528;"SPRF-DF";"DEL03-DF";"UOP01-DEL03-DF"
754508;2026-02-25;"quarta-feira";"02:40:00";"AL";104;45,7;"BRANQUINHA";"Animais na Pista";"Atropelamento de Animal";"Com Vítimas Feridas";"Plena Noite";"Crescente";"Céu Claro";"Simples";"Curva";"Não";4;0;2;0;2;0;2;2;-9,240635;-36,015824;"SPRF-AL";"DEL01-AL";"UOP02-DEL01-AL"
754510;2026-02-13;"sexta-feira";"19:02:00";"RJ";101;314;"SAO GONCALO";"Ausência de reação do condutor";"Colisão traseira";"Com Vítimas Feridas";"Plena Noite";"Crescente";"Céu Claro";"Dupla";"Ponte;Reta";"Sim";2;0;1;0;1;0;1;2;-22,81830883;-43,07990239;"SPRF-RJ";"DEL02/RJ";"UOP02-DEL02-RJ"
754511;2026-02-25;"quarta-feira";"05:30:00";"MG";40;810;"MATIAS BARBOSA";"Ausência de reação do condutor";"Colisão traseira";"Com Vítimas Feridas";"Amanhecer";"Crescente";"Nublado";"Dupla";"Reta";"Não";2;0;1;0;1;0;1;2;-21,8748807;-43,33969116;"SPRF-MG";"DEL05/MG";"UOP01-DEL05-MG"
754514;2026-02-25;"quarta-feira";"06:20:00";"PB";230;27,9;"JOAO PESSOA";"Acumulo de areia ou detritos sobre o pavimento";"Saída de leito carroçável";"Com Vítimas Feridas";"Pleno dia";"Decrescente";"Sol";"Simples";"Curva";"Sim";2;0;2;0;0;0;2;1;-7,1629886;-34,893019;"SPRF-PB";"DEL01-PB";"UOP01-DEL01-PB"
754516;2026-02-25;"quarta-feira";"04:00:00";"SP";101;41,5;"UBATUBA";"Reação tardia ou ineficiente do condutor";"Atropelamento de Animal";"Sem Vítimas";"Plena Noite";"Decrescente";"Nublado";"Simples";"Reta";"Não";1;0;0;0;1;0;0;1;-23,41449399;-45,03458388;"SPRF-SP";"DEL06/SP";"UOP01-DEL06-SP"
754517;2026-02-25;"quarta-feira";"06:55:00";"PB";230;58,2;"CRUZ DO ESPIRITO SANTO";"Avarias e/ou desgaste excessivo no pneu";"Tombamento";"Com Vítimas Feridas";"Pleno dia";"Crescente";"Céu Claro";"Dupla";"Reta";"Não";2;0;1;0;1;0;1;1;-7,204606;-35,153519;"SPRF-PB";"DEL01-PB";"UOP02-DEL01-PB"
754519;2026-02-25;"quarta-feira";"07:08:00";"SC";470;92;"APIUNA";"Acessar a via sem observar a presença dos outros veículos";"Colisão transversal";"Com Vítimas Feridas";"Pleno dia";"Crescente";"Sol";"Simples";"Reta";"Não";2;0;1;0;1;0;1;2;-26,9904438;-49,37482087;"SPRF-SC";"DEL04/SC";"UOP01-DEL04-SC"
754520;2026-02-25;"quarta-feira";"06:20:00";"PR";277;140,7;"BALSA NOVA";"Demais falhas mecânicas ou elétricas";"Incêndio";"Sem Vítimas";"Amanhecer";"Crescente";"Nublado";"Dupla";"Reta";"Não";1;0;0;0;1;0;0;1;-25,4713523;-49,67032168;"SPRF-PR";"DEL01/PR";"UOP07-DEL01-PR"
754521;2026-02-25;"quarta-feira";"06:40:00";"MG";50;64;"UBERLANDIA";"Ausência de reação do condutor";"Atropelamento de Pedestre";"Com Vítimas Fatais";"Pleno dia";"Decrescente";"Chuva";"Dupla";"Declive";"Não";2;1;0;0;1;0;0;2;-18,85210965;-48,25347394;"SPRF-MG";"DEL15/MG";"UOP02-DEL15-MG"
754523;2026-02-25;"quarta-feira";"07:00:00";"SC";101;198,2;"BIGUACU";"Condutor deixou de manter distância do veículo da frente";"Colisão traseira";"Com Vítimas Feridas";"Pleno dia";"Crescente";"Céu Claro";"Múltipla";"Reta";"Não";2;0;0;1;1;0;1;2;-27,52907;-48,63355;"SPRF-SC";"DEL01/SC";"UOP01-DEL01-SC"
754524;2026-02-25;"quarta-feira";"05:19:00";"MT";70;498;"SANTO ANTONIO DO LEVERGER";"Pista esburacada";"Tombamento";"Com Vítimas Feridas";"Amanhecer";"Crescente";"Ignorado";"Simples";"Curva;Em Obras;Desvio Temporário";"Não";1;0;1;0;0;0;1;1;-15,70112764;-55,87375275;"SPRF-MT";"DEL01/MT";"UOP02-DEL01-MT"
754525;2026-02-25;"quarta-feira";"05:30:00";"MT";70;498;"SANTO ANTONIO DO LEVERGER";"Demais falhas na via";"Queda de ocupante de veículo";"Sem Vítimas";"Pleno dia";"Crescente";"Céu Claro";"Simples";"Reta";"Não";1;0;0;0;1;0;0;1;-15,69533572;-56,02667928;"SPRF-MT";"DEL01/MT";"UOP02-DEL01-MT"
754527;2026-02-25;"quarta-feira";"06:55:00";"BA";116;9;"VITORIA DA CONQUISTA";"Ausência de reação do condutor";"Queda de ocupante de veículo";"Com Vítimas Feridas";"Pleno dia";"Crescente";"Nublado";"Simples";"Reta";"Sim";4;0;2;0;2;0;2;3;-14,85312;-40,881318;"SPRF-BA";"DEL08/BA";"UOP01-DEL08-BA"
754528;2026-02-25;"quarta-feira";"07:35:00";"PR";153;37,9;"SANTO ANTONIO DA PLATINA";"Manobra de mudança de faixa";"Saída de leito carroçável";"Com Vítimas Feridas";"Pleno dia";"Decrescente";"Céu Claro";"Simples";"Reta";"Não";1;0;1;0;0;0;1;1;-23,26873528;-50,06339693;"SPRF-PR";"DEL07/PR";"UOP04-DEL07-PR"