"id";"data_inversa";"dia_semana";"horario";"uf";"br";"km";"municipio";"causa_acidente";"tipo_acidente";"classificacao_acidente";"fase_dia";"sentido_via";"condicao_metereologica";"tipo_pista";"tracado_via";"uso_solo";"pessoas";"mortos";"feridos_leves";"feridos_graves";"ilesos";"ignorados";"feridos";"veiculos";"latitude";"longitude";"regional";"delegacia";"uop"
754529;2026-02-25;"quarta-feira";"07:55:00";"RS";285;293,1;"PASSO FUNDO";"Condutor deixou de manter distância do veículo da frente";"Colisão traseira";"Sem Vítimas";"Pleno dia";"Crescente";"Céu Claro";"Simples";"Curva;Interseção de Vias;Rotatória";"Não";2;0;0;0;2;0;0;2;-28,23728702;-52,37415282;"SPRF-RS";"DEL08/RS";"UOP03-DEL08-RS"
754530;2026-02-25;"quarta-feira";"07:10:00";"PR";116;108;"SAO JOSE DOS PINHAIS";"Demais falhas mecânicas ou elétricas";"Queda de ocupante de veículo";"Com Vítimas Feridas";"Pleno dia";"Crescente";"Nublado";"Dupla";"Reta;Ponte";"Não";1;0;1;0;0;0;1;1;-25,56682;-49,239102;"SPRF-PR";"DEL01/PR";"UOP03-DEL01-PR"
754531;2026-02-25;"quarta-feira";"08:00:00";"SC";101;334;"TUBARAO";"Condutor deixou de manter distância do veículo da frente";"Colisão traseira";"Com Vítimas Feridas";"Pleno dia";"Crescente";"Céu Claro";"Dupla";"Reta";"Sim";3;0;1;0;2;0;1;2;-28,46895184;-49,01403174;"SPRF-SC";"DEL02/SC";"UOP01-DEL02-SC"
754532;2026-02-25;"quarta-feira";"07:55:00";"RS";386;32;"FREDERICO WESTPHALEN";"Acessar a via sem observar a presença dos outros veículos";"Colisão transversal";"Com Vítimas Feridas";"Pleno dia";"Crescente";"Nevoeiro/Neblina";"Simples";"Interseção de Vias;Reta";"Sim";2;0;1;0;1;0;1;2;-27,34994681;-53,38639855;"SPRF-RS";"DEL08/RS";"UOP02-DEL08-RS"
754533;2026-02-25;"quarta-feira";"07:33:00";"RS";116;36,9;"VACARIA";"Afundamento ou ondulação no pavimento";"Tombamento";"Com Vítimas Feridas";"Pleno dia";"Crescente";"Nublado";"Simples";"Interseção de Vias";"Sim";2;0;0;1;0;1;1;2;-28,49833455;-50,91751669;"SPRF-RS";"DEL05/RS";"UOP03-DEL05-RS"
754534;2026-01-22;"quinta-feira";"13:20:00";"BA";324;3;"FEIRA DE SANTANA";"Estacionar ou parar em local proibido";"Colisão lateral mesmo sentido";"Com Vítimas Feridas";"Pleno dia";"Decrescente";"Céu Claro";"Simples";"Reta";"Sim";2;0;1;0;0;1;1;2;-12,28567;-38,95318;"SPRF-BA";"DEL02/BA";"UOP01-DEL02-BA"
754535;2026-02-25;"quarta-feira";"06:45:00";"RJ";393;176;"TRES RIOS";"Acessar a via sem observar a presença dos outros veículos";"Colisão transversal";"Com Vítimas Feridas";"Plena Noite";"Crescente";"Céu Claro";"Simples";"Reta";"Não";2;0;1;0;1;0;1;2;-22,12599153;-43,23357074;"SPRF-RJ";"DEL05/RJ";"UOP03-DEL05-RJ"
754536;2026-02-25;"quarta-feira";"07:10:00";"MT";158;795;"BARRA DO GARCAS";"Ultrapassagem Indevida";"Queda de ocupante de veículo";"Com Vítimas Feridas";"Pleno dia";"Decrescente";"Céu Claro";"Simples";"Reta";"Sim";3;0;2;0;0;1;2;2;-15,8642601;-52,3173666;"SPRF-MT";"DEL07/MT";"UOP01-DEL07-MT"
754537;2026-02-25;"quarta-feira";"08:00:00";"GO";60;71;"ABADIANIA";"Chuva";"Saída de leito carroçável";"Com Vítimas Feridas";"Pleno dia";"Crescente";"Céu Claro";"Dupla";"Curva";"Não";1;0;1;0;0;0;1;1;-16,2509318;-48,760825;"SPRF-GO";"DEL02/GO";"UOP01-DEL02-GO"
754538;2026-01-23;"sexta-feira";"01:25:00";"PB";101;39,6;"MAMANGUAPE";"Entrada inopinada do pedestre";"Atropelamento de Pedestre";"Com Vítimas Fatais";"Plena Noite";"Crescente";"Céu Claro";"Simples";"Reta";"Sim";2;1;0;0;0;1;0;2;-6,8346;-35,13722;"SPRF-PB";"DEL01-PB";"UOP03-DEL01-PB"
754540;2026-02-25;"quarta-feira";"08:00:00";"RJ";393;264,9;"BARRA DO PIRAI";"Condutor deixou de manter distância do veículo da frente";"Colisão traseira";"Com Vítimas Feridas";"Pleno dia";"Crescente";"Céu Claro";"Dupla";"Aclive";"Não";1;0;1;0;0;0;1;1;-22,48579597;-43,91873664;"SPRF-RJ";"DEL05/RJ";"UOP04-DEL05-RJ"
754542;2026-02-25;"quarta-feira";"08:45:00";"PB";230;23;"JOAO PESSOA";"Ausência de reação do condutor";"Colisão traseira";"Com Vítimas Feridas";"Pleno dia";"Crescente";"Céu Claro";"Dupla";"Reta";"Sim";3;0;2;0;1;0;2;2;-7,15793797;-34,85818058;"SPRF-PB";"DEL01-PB";"UOP01-DEL01-PB"
754544;2026-02-25;"quarta-feira";"07:45:00";"PR";476;116;"COLOMBO";"Reação tardia ou ineficiente do condutor";"Colisão traseira";"Com Vítimas Feridas";"Amanhecer";"Decrescente";"Nublado";"Dupla";"Reta";"Sim";2;0;1;0;1;0;1;2;-25,34890313;-49,17025566;"SPRF-PR";"DEL01/PR";"UOP01-DEL01-PR"
754546;2026-02-25;"quarta-feira";"07:50:00";"RS";285;122,5;"VACARIA";"Acessar a via sem observar a presença dos outros veículos";"Colisão transversal";"Com Vítimas Feridas";"Pleno dia";"Decrescente";"Céu Claro";"Simples";"Interseção de Vias";"Não";2;0;1;0;1;0;1;2;-28,502749;-50,948923;"SPRF-RS";"DEL05/RS";"UOP03-DEL05-RS"
754547;2026-01-10;"sábado";"21:00:00";"GO";364;316;"PORTELANDIA";"Reação tardia ou ineficiente do condutor";"Capotamento";"Com Vítimas Feridas";"Plena Noite";"Crescente";"Nublado";"Simples";"Ponte;Reta;Declive";"Não";1;0;1;0;0;0;1;1;-17,43538;-52,608938;"SPRF-GO";"DEL05/GO";"UOP01-DEL05-GO"
754548;2026-02-25;"quarta-feira";"09:15:00";"MG";116;415;"GOVERNADOR VALADARES";"Acessar a via sem observar a presença dos outros veículos";"Colisão lateral mesmo sentido";"Com Vítimas Feridas";"Pleno dia";"Crescente";"Nublado";"Simples";"Reta;Interseção de Vias;Retorno Regulamentado";"Sim";3;0;1;0;2;0;1;2;-18,889325;-41,946433;"SPRF-MG";"DEL06/MG";"UOP01-DEL06-MG"
754550;2026-02-25;"quarta-feira";"08:40:00";"SP";381;24,8;"BRAGANCA PAULISTA";"Velocidade Incompatível";"Saída de leito carroçável";"Com Vítimas Feridas";"Pleno dia";"Crescente";"Céu Claro";"Dupla";"Curva";"Não";1;0;1;0;0;0;1;1;-23,0164473;-46,5261009;"SPRF-SP";"DEL03/SP";"UOP02-DEL03-SP"
754552;2026-02-25;"quarta-feira";"09:10:00";"RJ";101;503;"ANGRA DOS REIS";"Acessar a via sem observar a presença dos outros veículos";"Colisão transversal";"Com Vítimas Feridas";"Pleno dia";"Decrescente";"Nublado";"Simples";"Reta";"Sim";2;0;1;0;0;1;1;2;-22,93662009;-44,3997581;"SPRF-RJ";"DEL03/RJ";"UOP03-DEL03-RJ"
754554;2026-02-25;"quarta-feira";"08:18:00";"TO";153;502;"PARAISO DO TOCANTINS";"Demais falhas mecânicas ou elétricas";"Queda de ocupante de veículo";"Com Vítimas Feridas";"Pleno dia";"Crescente";"Garoa/Chuvisco";"Simples";"Declive";"Não";1;0;1;0;0;0;1;1;-10,22230576;-48,87550162;"SPRF-TO";"DEL01-TO";"UOP01-DEL01-TO"
754555;2026-02-25;"quarta-feira";"07:00:00";"GO";60;385;"RIO VERDE";"Reação tardia ou ineficiente do condutor";"Tombamento";"Com Vítimas Feridas";"Pleno dia";"Crescente";"Nublado";"Múltipla";"Reta;Ponte;Declive";"Sim";6;0;1;0;3;2;1;5;-17,812552;-50,929458;"SPRF-GO";"DEL04/GO";"UOP02-DEL04-GO"
754556;2026-02-25;"quarta-feira";"08:27:00";"MS";163;479,5;"CAMPO GRANDE";"Conversão proibida";"Colisão lateral mesmo sentido";"Com Vítimas Feridas";"Pleno dia";"Crescente";"Céu Claro";"Simples";"Reta";"Sim";2;0;1;0;1;0;1;2;-20,482398;-54,559293;"SPRF-MS";"DEL01/MS";"UOP01-DEL01-MS"
754558;2026-01-24;"sábado";"07:30:00";"AL";316;87;"SANTANA DO IPANEMA";"Acessar a via sem observar a presença dos outros veículos";"Colisão transversal";"Com Vítimas Feridas";"Pleno dia";"Decrescente";"Céu Claro";"Simples";"Curva;Declive";"Sim";2;0;1;0;0;1;1;2;-9,36749707;-37,24879694;"SPRF-AL";"DEL03-AL";"UOP02-DEL03-AL"
754559;2026-02-25;"quarta-feira";"09:50:00";"BA";420;244;"LAJE";"Condutor deixou de manter distância do veículo da frente";"Colisão traseira";"Sem Vítimas";"Pleno dia";"Crescente";"Céu Claro";"Simples";"Reta";"Não";4;0;0;0;4;0;0;2;-13,184867;-39,42527;"SPRF-BA";"DEL11/BA";"UOP01-DEL11-BA"
754560;2026-01-18;"domingo";"17:38:00";"PA";316;52;"CASTANHAL";"Reação tardia ou ineficiente do condutor";"Colisão traseira";"Com Vítimas Feridas";"Pleno dia";"Decrescente";"Chuva";"Dupla";"Reta";"Não";3;0;0;1;0;2;1;3;-1,306895;-48,029134;"SPRF-PA";"DEL01/PA";"UOP01-DEL01-PA"
754561;2026-02-25;"quarta-feira";"10:50:00";"SC";101;203,4;"SAO JOSE";"Acessar a via sem observar a presença dos outros veículos";"Colisão transversal";"Com Vítimas Feridas";"Pleno dia";"Decrescente";"Céu Claro";"Múltipla";"Reta";"Sim";2;0;0;1;1;0;1;2;-27,56934282;-48,61345991;"SPRF-SC";"DEL01/SC";"UOP01-DEL01-SC"
754562;2026-02-25;"quarta-feira";"11:00:00";"DF";70;7,2;"BRASILIA";"Acessar a via sem observar a presença dos outros veículos";"Colisão traseira";"Com Vítimas Feridas";"Pleno dia";"Decrescente";"Chuva";"Dupla";"Reta";"Sim";3;0;1;0;2;0;1;2;-15,785637;-48,120068;"SPRF-DF";"DEL03-DF";"UOP02-DEL03-DF"
754564;2026-02-25;"quarta-feira";"11:20:00";"PE";428;9;"CABROBO";"Pedestre andava na pista";"Atropelamento de Pedestre";"Com Vítimas Feridas";"Pleno dia";"Crescente";"Nublado";"Simples";"Reta";"Sim";2;0;2;0;0;0;2;2;-8,51161254;-39,30027366;"SPRF-PE";"DEL05/PE";"UOP03-DEL05-PE"
754568;2026-01-24;"sábado";"16:00:00";"RJ";101;548,2;"PARATY";"Reação tardia ou ineficiente do condutor";"Saída de leito carroçável";"Com Vítimas Feridas";"Pleno dia";"Crescente";"Chuva";"Simples";"Reta";"Não";2;0;1;1;0;0;2;1;-23,045075;-44,648397;"SPRF-RJ";"DEL03/RJ";"UOP04-DEL03-RJ"
754570;2026-02-06;"sexta-feira";"07:50:00";"RJ";393;200;"RIO DAS FLORES";"Acessar a via sem observar a presença dos outros veículos";"Colisão transversal";"Com Vítimas Feridas";"Pleno dia";"Decrescente";"Céu Claro";"Simples";"Curva";"Não";7;0;6;1;0;0;7;2;-22,22876576;-43,42320442;"SPRF-RJ";"DEL05/RJ";"UOP03-DEL05-RJ"
754573;2026-02-25;"quarta-feira";"11:40:00";"CE";116;27;"AQUIRAZ";"Acesso irregular";"Engavetamento";"Com Vítimas Feridas";"Pleno dia";"Decrescente";"Sol";"Dupla";"Reta";"Não";8;0;1;0;3;4;1;8;-3,9840385;-38,51473745;"SPRF-CE";"DEL01/CE";"UOP02-DEL01-CE"
754574;2026-02-25;"quarta-feira";"12:15:00";"ES";101;414;"ITAPEMIRIM";"Sinalização mal posicionada";"Colisão transversal";"Com Vítimas Feridas";"Pleno dia";"Crescente";"Céu Claro";"Simples";"Interseção de Vias";"Não";2;0;1;0;1;0;1;2;-20,92540761;-41,07811689;"SPRF-ES";"DEL03-ES";"UOP02-DEL03-ES"
754575;2026-02-25;"quarta-feira";"12:30:00";"SC";101;16;"BIGUACU";"Demais falhas mecânicas ou elétricas";"Incêndio";"Sem Vítimas";"Pleno dia";"Decrescente";"Chuva";"Dupla";"Reta";"Não";1;0;0;0;1;0;0;1;-27,45264657;-48,71410847;"SPRF-SC";"DEL01/SC";"UOP01-DEL01-SC"
754578;2026-02-25;"quarta-feira";"11:45:00";"RS";116;133,7;"CAXIAS DO SUL";"Ausência de reação do condutor";"Colisão com objeto";"Com Vítimas Feridas";"Pleno dia";"Decrescente";"Céu Claro";"Simples";"Reta";"Não";1;0;1;0;0;0;1;1;-29,058937;-51,098737;"SPRF-RS";"DEL05/RS";"UOP01-DEL05-RS"
754579;2026-02-25;"quarta-feira";"12:19:00";"RS";392;40,7;"RIO GRANDE";"Reação tardia ou ineficiente do condutor";"Tombamento";"Com Vítimas Feridas";"Pleno dia";"Decrescente";"Sol";"Dupla";"Reta";"Não";1;0;1;0;0;0;1;1;-31,955786;-52,30646;"SPRF-RS";"DEL07/RS";"UOP02-DEL07-RS"
754582;2026-02-25;"quarta-feira";"07:20:00";"RS";116;198;"PICADA CAFE";"Acessar a via sem observar a presença dos outros veículos";"Colisão transversal";"Com Vítimas Feridas";"Pleno dia";"Decrescente";"Céu Claro";"Simples";"Reta";"Não";2;0;1;0;1;0;1;2;-29,47916;-51,140192;"SPRF-RS";"DEL05/RS";"UOP02-DEL05-RS"
754583;2026-02-25;"quarta-feira";"13:30:00";"RS";158;330;"SANTA MARIA";"Acessar a via sem observar a presença dos outros veículos";"Colisão transversal";"Com Vítimas Feridas";"Pleno dia";"Crescente";"Céu Claro";"Simples";"Rotatória";"Sim";3;0;0;2;1;0;2;2;-29,70034;-53,840684;"SPRF-RS";"DEL09/RS";"UOP01-DEL09-RS"
754585;2026-01-29;"quinta-feira";"02:10:00";"PR";369;437;"UBIRATA";"Manobra de mudança de faixa";"Colisão lateral sentido oposto";"Com Vítimas Feridas";"Plena Noite";"Crescente";"Céu Claro";"Simples";"Aclive;Reta";"Não";2;0;1;0;1;0;1;2;-24,55073402;-53,03111315;"SPRF-PR";"DEL04/PR";"UOP03-DEL04-PR"
754588;2026-02-25;"quarta-feira";"13:00:00";"SP";116;72,4;"APARECIDA";"Afundamento ou ondulação no pavimento";"Queda de ocupante de veículo";"Com Vítimas Feridas";"Pleno dia";"Crescente";"Céu Claro";"Múltipla";"Reta";"Não";1;0;0;1;0;0;1;1;-22,86371867;-45,23731232;"SPRF-SP";"DEL08/SP";"UOP01-DEL08-SP"
754590;2026-01-01;"quinta-feira";"22:50:00";"PB";230;366;"MALTA";"Animais na Pista";"Atropelamento de Animal";"Com Vítimas Feridas";"Plena Noite";"Crescente";"Céu Claro";"Simples";"Reta";"Não";2;0;2;0;0;0;2;1;-6,9053707;-37,5216389;"SPRF-PB";"DEL03-PB";"UOP02-DEL03-PB"
754592;2026-02-22;"domingo";"15:12:00";"AM";319;0;"MANAUS";"Reação tardia ou ineficiente do condutor";"Colisão traseira";"Com Vítimas Feridas";"Pleno dia";"Decrescente";"Céu Claro";"Dupla";"Reta";"Sim";4;0;1;0;3;0;1;2;-3,13219697;-59,94352967;"SPRF-AM";"DEL01-AM";"UOP03-DEL01-AM"
754595;2026-02-25;"quarta-feira";"13:45:00";"RS";158;0,3;"SANTANA DO LIVRAMENTO";"Desrespeitar a preferência no cruzamento";"Colisão transversal";"Com Vítimas Feridas";"Pleno dia";"Crescente";"Céu Claro";"Simples";"Interseção de Vias";"Sim";2;0;1;0;1;0;1;2;-30,87614367;-55,51367706;"SPRF-RS";"DEL08/RS";"UOP02-DEL08-RS"
754599;2026-02-25;"quarta-feira";"14:00:00";"PI";343;306,5;"ALTOS";"Acessar a via sem observar a presença dos outros veículos";"Colisão transversal";"Com Vítimas Feridas";"Pleno dia";"Crescente";"Céu Claro";"Dupla";"Reta;Ponte";"Sim";2;0;1;0;1;0;1;2;-5,038745;-42,450625;"SPRF-PI";"DEL01-PI";"UOP01-DEL01-PI"
754600;2026-02-25;"quarta-feira";"14:45:00";"TO";153;134;"ARAGUAINA";"Reação tardia ou ineficiente do condutor";"Colisão traseira";"Sem Vítimas";"Pleno dia";"Crescente";"Nublado";"Simples";"Reta";"Sim";6;0;0;0;6;0;0;2;-7,12729645;-48,19710284;"SPRF-TO";"DEL02-TO";"UOP01-DEL02-TO"
754601;2026-02-25;"quarta-feira";"14:00:00";"RJ";101;331;"RIO DE JANEIRO";"Ausência de reação do condutor";"Colisão traseira";"Com Vítimas Feridas";"Pleno dia";"Crescente";"Céu Claro";"Dupla";"Ponte;Reta";"Sim";2;0;0;1;1;0;1;2;-22,86863091;-43,18181701;"SPRF-RJ";"DEL02/RJ";"UOP01-DEL02-RJ"
754607;2026-02-25;"quarta-feira";"15:00:00";"SC";101;128,2;"ITAJAI";"Acessar a via sem observar a presença dos outros veículos";"Colisão lateral mesmo sentido";"Com Vítimas Feridas";"Pleno dia";"Crescente";"Chuva";"Dupla";"Reta";"Não";2;0;1;0;1;0;1;2;-26,97067903;-48,68368149;"SPRF-SC";"DEL04/SC";"UOP04-DEL04-SC"
754608;2026-02-25;"quarta-feira";"15:15:00";"PR";116;152;"MANDIRITUBA";"Acessar a via sem observar a presença dos outros veículos";"Colisão transversal";"Com Vítimas Feridas";"Pleno dia";"Crescente";"Nublado";"Simples";"Reta;Interseção de Vias";"Não";6;0;1;0;5;0;1;2;-25,86204944;-49,3617746;"SPRF-PR";"DEL01/PR";"UOP03-DEL01-PR"
754610;2026-02-25;"quarta-feira";"14:10:00";"PE";232;396;"SERRA TALHADA";"Avarias e/ou desgaste excessivo no pneu";"Tombamento";"Com Vítimas Feridas";"Pleno dia";"Decrescente";"Céu Claro";"Simples";"Reta";"Não";2;0;2;0;0;0;2;1;-8,01782;-38,19941;"SPRF-PE";"DEL04/PE";"UOP01-DEL04-PE"
754611;2026-02-25;"quarta-feira";"15:00:00";"PA";10;345;"SANTA MARIA DO PARA";"Avarias e/ou desgaste excessivo no pneu";"Tombamento";"Com Vítimas Feridas";"Pleno dia";"Crescente";"Chuva";"Simples";"Reta";"Não";2;0;0;1;0;1;1;2;-1,421655;-47,55094;"SPRF-PA";"DEL01/PA";"UOP02-DEL01-PA"
754613;2026-02-15;"domingo";"14:39:00";"MS";163;284;"DOURADINA";"Ingestão de álcool pelo condutor";"Saída de leito carroçável";"Sem Vítimas";"Pleno dia";"Decrescente";"Nublado";"Dupla";"Curva";"Não";1;0;0;0;1;0;0;1;-22,10940326;-54,58517969;"SPRF-MS";"DEL04/MS";"UOP01-DEL04-MS"
754614;2026-02-25;"quarta-feira";"16:40:00";"RN";101;108;"PARNAMIRIM";"Manobra de mudança de faixa";"Colisão com objeto";"Com Vítimas Feridas";"Pleno dia";"Decrescente";"Céu Claro";"Múltipla";"Viaduto";"Sim";2;0;1;0;1;0;1;2;-5,92504799;-35,26461124;"SPRF-RN";"DEL01-RN";"UOP01-DEL01-RN"
754615;2026-02-25;"quarta-feira";"15:00:00";"MT";70;14;"BARRA DO GARCAS";"Acessar a via sem observar a presença dos outros veículos";"Colisão transversal";"Com Vítimas Feridas";"Pleno dia";"Crescente";"Céu Claro";"Simples";"Reta";"Não";2;0;1;0;1;0;1;2;-15,87856446;-52,37044126;"SPRF-MT";"DEL07/MT";"UOP01-DEL07-MT"
754616;2026-02-17;"terça-feira";"18:20:00";"SC";282;40;"AGUAS MORNAS";"Acessar a via sem observar a presença dos outros veículos";"Colisão transversal";"Com Vítimas Feridas";"Anoitecer";"Decrescente";"Nublado";"Simples";"Curva";"Não";3;0;0;2;1;0;2;2;-27,7152662;-48,8765763;"SPRF-SC";"DEL01/SC";"UOP03-DEL01-SC"
754617;2026-02-07;"sábado";"19:20:00";"AL";101;70;"MESSIAS";"Ingestão de álcool pelo condutor";"Queda de ocupante de veículo";"Com Vítimas Feridas";"Plena Noite";"Crescente";"Nublado";"Dupla";"Curva";"Não";2;0;1;1;0;0;2;1;-9,365023;-35,836095;"SPRF-AL";"DEL01-AL";"UOP02-DEL01-AL"
754618;2026-02-25;"quarta-feira";"15:20:00";"RJ";116;191;"RIO DE JANEIRO";"Condutor Dormindo";"Colisão com objeto";"Com Vítimas Feridas";"Pleno dia";"Crescente";"Céu Claro";"Múltipla";"Reta";"Sim";1;0;1;0;0;0;1;1;-22,80483818;-43,34527097;"SPRF-RJ";"DEL06/RJ";"UOP01-DEL06-RJ"
754621;2026-02-25;"quarta-feira";"16:00:00";"SC";101;204,5;"SAO JOSE";"Ausência de reação do condutor";"Queda de ocupante de veículo";"Com Vítimas Feridas";"Pleno dia";"Crescente";"Céu Claro";"Dupla";"Reta";"Sim";1;0;1;0;0;0;1;1;-27,579029;-48,614135;"SPRF-SC";"DEL01/SC";"UOP01-DEL01-SC"
754622;2026-02-25;"quarta-feira";"16:15:00";"RJ";116;136;"MAGE";"Velocidade Incompatível";"Tombamento";"Com Vítimas Feridas";"Pleno dia";"Decrescente";"Nublado";"Dupla";"Reta";"Não";1;0;1;0;0;0;1;1;-22,64915;-43,177085;"SPRF-RJ";"DEL04/RJ";"UOP02-DEL04-RJ"
754625;2026-02-25;"quarta-feira";"16:50:00";"SC";282;531,6;"CORDILHEIRA ALTA";"Acessar a via sem observar a presença dos outros veículos";"Colisão transversal";"Com Vítimas Feridas";"Pleno dia";"Decrescente";"Céu Claro";"Simples";"Interseção de Vias;Reta";"Sim";2;0;1;0;1;0;1;2;-26,99407162;-52,61128855;"SPRF-SC";"DEL07/SC";"UOP01-DEL07-SC"
754626;2026-02-25;"quarta-feira";"11:20:00";"RJ";40;123;"DUQUE DE CAXIAS";"Reação tardia ou ineficiente do condutor";"Colisão com objeto";"Com Vítimas Feridas";"Pleno dia";"Crescente";"Céu Claro";"Múltipla";"Reta;Interseção de Vias";"Sim";3;0;2;0;0;1;2;2;-22,80494512;-43,28999519;"SPRF-RJ";"DEL01/RJ";"UOP02-DEL01-RJ"
754627;2026-02-25;"quarta-feira";"17:47:00";"DF";40;0;"BRASILIA";"Trafegar com motocicleta (ou similar) entre as faixas";"Colisão traseira";"Com Vítimas Feridas";"Pleno dia";"Crescente";"Céu Claro";"Dupla";"Reta";"Sim";3;0;1;0;2;0;1;2;-15,98653078;-47,98754163;"SPRF-DF";"DEL01-DF";"UOP01-DEL01-DF"
754629;2026-02-25;"quarta-feira";"17:20:00";"PB";101;103;"ALHANDRA";"Velocidade Incompatível";"Atropelamento de Pedestre";"Com Vítimas Feridas";"Anoitecer";"Decrescente";"Céu Claro";"Dupla";"Reta";"Não";2;0;0;1;0;1;1;2;-7,29165423;-34,93814778;"SPRF-PB";"DEL01-PB";"UOP01-DEL01-PB"
754630;2026-02-25;"quarta-feira";"17:09:00";"RJ";101;324;"NITEROI";"Condutor deixou de manter distância do veículo da frente";"Colisão lateral mesmo sentido";"Com Vítimas Feridas";"Anoitecer";"Decrescente";"Céu Claro";"Dupla";"Reta";"Sim";4;0;1;0;3;0;1;4;-22,87376324;-43,12893391;"SPRF-RJ";"DEL02/RJ";"UOP01-DEL02-RJ"
754631;2026-02-25;"quarta-feira";"16:50:00";"RJ";101;322;"NITEROI";"Acesso irregular";"Colisão lateral mesmo sentido";"Sem Vítimas";"Anoitecer";"Crescente";"Céu Claro";"Dupla";"Reta";"Sim";3;0;0;0;3;0;0;3;-22,87892714;-43,11059952;"SPRF-RJ";"DEL02/RJ";"UOP01-DEL02-RJ"
754632;2026-02-25;"quarta-feira";"15:20:00";"GO";60;394,8;"RIO VERDE";"Reação tardia ou ineficiente do condutor";"Colisão com objeto";"Com Vítimas Feridas";"Pleno dia";"Decrescente";"Chuva";"Dupla";"Declive;Curva";"Não";2;0;2;0;0;0;2;1;-17,82421;-51,0104193;"SPRF-GO";"DEL04/GO";"UOP02-DEL04-GO"
754633;2026-02-25;"quarta-feira";"16:30:00";"PI";343;14;"PARNAIBA";"Reação tardia ou ineficiente do condutor";"Queda de ocupante de veículo";"Com Vítimas Feridas";"Pleno dia";"Decrescente";"Céu Claro";"Dupla";"Rotatória";"Sim";1;0;0;1;0;0;1;1;-2,9289211;-41,75364554;"SPRF-PI";"DEL05-PI";"UOP01-DEL05-PI"
754634;2026-02-25;"quarta-feira";"17:25:00";"SP";101;46;"UBATUBA";"Acessar a via sem observar a presença dos outros veículos";"Colisão transversal";"Com Vítimas Feridas";"Pleno dia";"Decrescente";"Chuva";"Simples";"Reta";"Sim";3;0;2;0;1;0;2;2;-23,4207769;-45,0707731;"SPRF-SP";"DEL06/SP";"UOP01-DEL06-SP"
754635;2026-02-25;"quarta-feira";"17:30:00";"PR";369;158,7;"CAMBE";"Condutor deixou de manter distância do veículo da frente";"Colisão traseira";"Com Vítimas Feridas";"Pleno dia";"Crescente";"Nublado";"Dupla";"Reta;Aclive";"Sim";3;0;2;0;1;0;2;2;-23,2842201;-51,2418542;"SPRF-PR";"DEL07/PR";"UOP01-DEL07-PR"
754636;2026-02-25;"quarta-feira";"18:15:00";"GO";153;496;"GOIANIA";"Manobra de mudança de faixa";"Colisão lateral mesmo sentido";"Com Vítimas Feridas";"Pleno dia";"Crescente";"Céu Claro";"Múltipla";"Declive";"Sim";2;0;1;0;1;0;1;2;-16,663284;-49,222916;"SPRF-GO";"DEL01/GO";"UOP01-DEL01-GO"
754638;2026-02-25;"quarta-feira";"17:10:00";"DF";20;4;"BRASILIA";"Manobra de mudança de faixa";"Colisão lateral mesmo sentido";"Com Vítimas Feridas";"Pleno dia";"Decrescente";"Nublado";"Dupla";"Declive";"Sim";2;0;1;0;1;0;1;2;-15,66701736;-47,81062245;"SPRF-DF";"DEL02-DF";"UOP01-DEL02-DF"
754639;2026-02-25;"quarta-feira";"17:40:00";"PI";316;1;"TERESINA";"Ausência de reação do condutor";"Colisão com objeto";"Com Vítimas Feridas";"Anoitecer";"Decrescente";"Nublado";"Múltipla";"Declive;Reta";"Sim";1;0;1;0;0;0;1;1;-5,1284335;-42,8065924;"SPRF-PI";"DEL01-PI";"UOP02-DEL01-PI"
754640;2026-02-25;"quarta-feira";"18:20:00";"TO";10;433;"PALMAS";"Ausência de reação do condutor";"Atropelamento de Pedestre";"Com Vítimas Feridas";"Pleno dia";"Decrescente";"Céu Claro";"Múltipla";"Reta";"Não";2;0;1;1;0;0;2;2;-10,29700619;-48,29758823;"SPRF-TO";"DEL01-TO";"UOP03-DEL01-TO"
754643;2026-02-25;"quarta-feira";"13:40:00";"RJ";116;200;"QUEIMADOS";"Acesso irregular";"Colisão transversal";"Com Vítimas Feridas";"Pleno dia";"Decrescente";"Céu Claro";"Dupla";"Reta";"Não";2;0;1;0;1;0;1;2;-22,73150081;-43,58545305;"SPRF-RJ";"DEL06/RJ";"UOP02-DEL06-RJ"
754645;2026-02-25;"quarta-feira";"17:00:00";"MG";356;266,6;"MURIAE";"Retorno proibido";"Colisão transversal";"Com Vítimas Feridas";"Pleno dia";"Crescente";"Céu Claro";"Simples";"Curva";"Não";4;0;4;0;0;0;4;2;-21,12955073;-42,36010551;"SPRF-MG";"DEL07/MG";"UOP02-DEL07-MG"
754646;2026-02-25;"quarta-feira";"17:15:00";"GO";40;20;"LUZIANIA";"Acessar a via sem observar a presença dos outros veículos";"Colisão lateral mesmo sentido";"Com Vítimas Feridas";"Anoitecer";"Decrescente";"Nublado";"Dupla";"Reta";"Não";3;0;1;0;2;0;1;2;-16,219673;-47,915331;"SPRF-DF";"DEL01-DF";"UOP01-DEL01-DF"
754647;2026-02-25;"quarta-feira";"17:00:00";"RS";285;79;"BOM JESUS";"Acessar a via sem observar a presença dos outros veículos";"Colisão transversal";"Com Vítimas Feridas";"Pleno dia";"Decrescente";"Céu Claro";"Simples";"Rotatória;Curva;Interseção de Vias";"Não";9;0;1;0;8;0;1;3;-28,64510091;-50,59365034;"SPRF-RS";"DEL05/RS";"UOP03-DEL05-RS"