"id";"data_inversa";"dia_semana";"horario";"uf";"br";"km";"municipio";"causa_acidente";"tipo_acidente";"classificacao_acidente";"fase_dia";"sentido_via";"condicao_metereologica";"tipo_pista";"tracado_via";"uso_solo";"pessoas";"mortos";"feridos_leves";"feridos_graves";"ilesos";"ignorados";"feridos";"veiculos";"latitude";"longitude";"regional";"delegacia";"uop"
754771;2026-02-26;"quinta-feira";"08:51:00";"MT";163;835;"SINOP";"Avarias e/ou desgaste excessivo no pneu";"Saída de leito carroçável";"Com Vítimas Feridas";"Pleno dia";"Decrescente";"Chuva";"Simples";"Reta;Aclive;Viaduto";"Sim";1;0;1;0;0;0;1;1;-11,85748223;-55,49406552;"SPRF-MT";"DEL06/MT";"UOP02-DEL06-MT"
754773;2026-02-22;"domingo";"21:30:00";"PR";476;144;"CURITIBA";"Reação tardia ou ineficiente do condutor";"Colisão traseira";"Com Vítimas Feridas";"Plena Noite";"Crescente";"Nublado";"Dupla";"Reta";"Não";3;0;1;0;0;2;1;3;-25,54373862;-49,31466579;"SPRF-PR";"DEL01/PR";"UOP06-DEL01-PR"
754774;2026-02-26;"quinta-feira";"10:57:00";"ES";101;148;"LINHARES";"Acessar a via sem observar a presença dos outros veículos";"Colisão transversal";"Com Vítimas Feridas";"Pleno dia";"Crescente";"Céu Claro";"Dupla";"Retorno Regulamentado;Rotatória";"Sim";2;0;1;0;0;1;1;2;-19,38009609;-40,06691907;"SPRF-ES";"DEL04-ES";"UOP01-DEL04-ES"
754776;2026-02-22;"domingo";"18:00:00";"RJ";116;145;"DUQUE DE CAXIAS";"Transitar no Acostamento";"Colisão lateral mesmo sentido";"Com Vítimas Feridas";"Pleno dia";"Decrescente";"Chuva";"Dupla";"Reta";"Sim";2;0;2;0;0;0;2;1;-22,664432;-43,258662;"SPRF-RJ";"DEL01/RJ";"UOP02-DEL01-RJ"
754780;2026-02-26;"quinta-feira";"10:49:00";"GO";364;260;"JATAI";"Transitar na contramão";"Colisão frontal";"Com Vítimas Feridas";"Pleno dia";"Decrescente";"Céu Claro";"Simples";"Curva";"Não";3;0;3;0;0;0;3;2;-17,664405;-52,231742;"SPRF-GO";"DEL05/GO";"UOP01-DEL05-GO"
754781;2026-02-26;"quinta-feira";"07:30:00";"ES";101;85;"SAO MATEUS";"Ausência de reação do condutor";"Colisão lateral mesmo sentido";"Com Vítimas Feridas";"Pleno dia";"Crescente";"Céu Claro";"Simples";"Reta;Interseção de Vias";"Sim";2;0;1;0;1;0;1;2;-18,85911686;-39,9349279;"SPRF-ES";"DEL04-ES";"UOP02-DEL04-ES"
754783;2026-02-26;"quinta-feira";"11:15:00";"PA";316;62;"CASTANHAL";"Reação tardia ou ineficiente do condutor";"Colisão traseira";"Com Vítimas Feridas";"Pleno dia";"Crescente";"Nublado";"Dupla";"Reta";"Sim";3;0;1;0;1;1;1;2;-1,29786;-47,937643;"SPRF-PA";"DEL01/PA";"UOP01-DEL01-PA"
754784;2026-02-26;"quinta-feira";"12:10:00";"SC";470;51,9;"BLUMENAU";"Conversão proibida";"Colisão transversal";"Com Vítimas Feridas";"Pleno dia";"Crescente";"Nublado";"Simples";"Reta;Em Obras";"Sim";2;0;1;0;1;0;1;2;-26,862266;-49,093506;"SPRF-SC";"DEL04/SC";"UOP01-DEL04-SC"
754785;2026-02-26;"quinta-feira";"12:30:00";"PI";343;9,7;"PARNAIBA";"Ausência de reação do condutor";"Colisão traseira";"Com Vítimas Feridas";"Pleno dia";"Crescente";"Sol";"Simples";"Reta";"Sim";2;0;0;1;1;0;1;2;-2,901798;-41,739788;"SPRF-PI";"DEL05-PI";"UOP01-DEL05-PI"
754786;2026-02-22;"domingo";"15:20:00";"BA";242;275;"BOA VISTA DO TUPIM";"Pista esburacada";"Saída de leito carroçável";"Com Vítimas Feridas";"Pleno dia";"Decrescente";"Céu Claro";"Simples";"Reta;Declive";"Não";3;0;3;0;0;0;3;1;-12,44838;-40,66385;"SPRF-BA";"DEL06/BA";"UOP02-DEL06-BA"
754787;2026-02-26;"quinta-feira";"12:15:00";"SE";235;6;"NOSSA SENHORA DO SOCORRO";"Condutor usando celular";"Colisão traseira";"Com Vítimas Feridas";"Pleno dia";"Crescente";"Nublado";"Dupla";"Reta";"Não";2;0;1;0;1;0;1;2;-10,90524529;-37,12330887;"SPRF-SE";"DEL01-SE";"UOP01-DEL01-SE"
754789;2026-02-26;"quinta-feira";"12:59:00";"RS";290;86;"PORTO ALEGRE";"Acumulo de óleo sobre o pavimento";"Tombamento";"Com Vítimas Feridas";"Pleno dia";"Crescente";"Céu Claro";"Dupla";"Curva;Interseção de Vias;Aclive";"Sim";1;0;1;0;0;0;1;1;-29,96814389;-51,11374514;"SPRF-RS";"DEL01/RS";"UOP01-DEL01-RS"
754791;2026-02-26;"quinta-feira";"09:50:00";"SC";101;7;"BIGUACU";"Reação tardia ou ineficiente do condutor";"Colisão com objeto";"Com Vítimas Feridas";"Pleno dia";"Decrescente";"Céu Claro";"Dupla";"Reta";"Não";2;0;0;2;0;0;2;1;-27,38537;-48,68952;"SPRF-SC";"DEL01/SC";"UOP01-DEL01-SC"
754793;2026-02-25;"quarta-feira";"15:00:00";"SP";116;87;"PINDAMONHANGABA";"Velocidade Incompatível";"Colisão traseira";"Sem Vítimas";"Pleno dia";"Crescente";"Céu Claro";"Múltipla";"Reta";"Não";2;0;0;0;0;2;0;2;-22,9297737;-45,36090469;"SPRF-SP";"DEL08/SP";"UOP01-DEL08-SP"
754794;2026-02-13;"sexta-feira";"10:00:00";"SC";282;223;"LAGES";"Acessar a via sem observar a presença dos outros veículos";"Colisão transversal";"Com Vítimas Feridas";"Pleno dia";"Decrescente";"Céu Claro";"Simples";"Reta";"Sim";2;0;1;0;1;0;1;2;-27,7996071;-50,3642438;"SPRF-SC";"DEL05/SC";"UOP01-DEL05-SC"
754796;2026-02-26;"quinta-feira";"13:20:00";"MG";116;276;"TEOFILO OTONI";"Desrespeitar a preferência no cruzamento";"Colisão transversal";"Com Vítimas Feridas";"Pleno dia";"Decrescente";"Céu Claro";"Dupla";"Curva;Declive;Rotatória";"Não";2;0;1;0;1;0;1;2;-17,852018;-41,514095;"SPRF-MG";"DEL11/MG";"UOP01-DEL11-MG"
754797;2026-02-22;"domingo";"21:20:00";"PE";104;60,6;"CARUARU";"Conversão proibida";"Colisão transversal";"Sem Vítimas";"Plena Noite";"Crescente";"Céu Claro";"Simples";"Curva;Rotatória";"Sim";3;0;0;0;3;0;0;2;-8,24041;-35,97575;"SPRF-PE";"DEL02/PE";"UOP01-DEL02-PE"
754798;2026-02-26;"quinta-feira";"13:35:00";"SC";101;206,8;"SAO JOSE";"Acesso irregular";"Colisão transversal";"Com Vítimas Feridas";"Pleno dia";"Decrescente";"Céu Claro";"Múltipla";"Reta";"Sim";2;0;1;0;1;0;1;2;-27,59936;-48,62204;"SPRF-SC";"DEL01/SC";"UOP01-DEL01-SC"
754799;2026-02-26;"quinta-feira";"13:10:00";"PE";101;44;"IGARASSU";"Ausência de reação do condutor";"Colisão traseira";"Sem Vítimas";"Pleno dia";"Crescente";"Nublado";"Múltipla";"Reta";"Sim";2;0;0;0;1;1;0;2;-7,85926;-34,908373;"SPRF-PE";"DEL01/PE";"UOP02-DEL01-PE"
754800;2026-02-26;"quinta-feira";"08:40:00";"MG";40;527,8;"CONTAGEM";"Objeto estático sobre o leito carroçável";"Engavetamento";"Com Vítimas Feridas";"Pleno dia";"Decrescente";"Chuva";"Dupla";"Declive;Reta";"Sim";4;0;2;0;2;0;2;3;-19,91150456;-44,04195786;"SPRF-MG";"DEL01/MG";"UOP02-DEL01-MG"
754801;2026-02-26;"quinta-feira";"10:00:00";"MG";381;728;"CARMO DA CACHOEIRA";"Chuva";"Colisão com objeto";"Com Vítimas Feridas";"Pleno dia";"Crescente";"Chuva";"Dupla";"Reta";"Não";1;0;1;0;0;0;1;1;-21,40193384;-45,20874023;"SPRF-MG";"DEL04/MG";"UOP02-DEL04-MG"
754802;2026-02-26;"quinta-feira";"14:00:00";"PR";369;505,8;"CASCAVEL";"Desrespeitar a preferência no cruzamento";"Colisão transversal";"Com Vítimas Feridas";"Pleno dia";"Decrescente";"Céu Claro";"Simples";"Aclive;Reta";"Sim";3;0;0;1;2;0;1;2;-24,94619958;-53,39817464;"SPRF-PR";"DEL04/PR";"UOP01-DEL04-PR"
754804;2026-02-26;"quinta-feira";"14:05:00";"MA";135;4,5;"SAO LUIS";"Frear bruscamente";"Queda de ocupante de veículo";"Com Vítimas Feridas";"Pleno dia";"Crescente";"Nublado";"Dupla";"Reta";"Sim";2;0;0;1;1;0;1;1;-2,618113;-44,2556;"SPRF-MA";"DEL01-MA";"UOP01-DEL01-MA"
754805;2026-02-26;"quinta-feira";"13:20:00";"RO";364;444;"JARU";"Demais falhas mecânicas ou elétricas";"Tombamento";"Com Vítimas Feridas";"Pleno dia";"Decrescente";"Sol";"Simples";"Reta";"Não";1;0;1;0;0;0;1;1;-10,32931;-62,614105;"SPRF-RO";"DEL03-RO";"UOP02-DEL03-RO"
754806;2026-02-26;"quinta-feira";"10:36:00";"MT";174;4;"PONTES E LACERDA";"Ultrapassagem Indevida";"Colisão traseira";"Com Vítimas Feridas";"Pleno dia";"Decrescente";"Céu Claro";"Simples";"Reta";"Sim";2;0;1;1;0;0;2;2;-15,23350853;-59,34486151;"SPRF-MT";"DEL04/MT";"UOP01-DEL04-MT"
754807;2026-02-23;"segunda-feira";"00:30:00";"BA";116;342;"TEOFILANDIA";"Reação tardia ou ineficiente do condutor";"Capotamento";"Com Vítimas Feridas";"Plena Noite";"Crescente";"Nublado";"Simples";"Aclive";"Não";1;0;0;1;0;0;1;1;-11,523333;-38,993511;"SPRF-BA";"DEL02/BA";"UOP01-DEL02-BA"
754808;2026-02-26;"quinta-feira";"14:30:00";"RS";290;79;"GRAVATAI";"Avarias e/ou desgaste excessivo no pneu";"Queda de ocupante de veículo";"Com Vítimas Feridas";"Pleno dia";"Decrescente";"Céu Claro";"Dupla";"Reta";"Não";1;0;1;0;0;0;1;1;-29,95301142;-51,05107801;"SPRF-RS";"DEL01/RS";"UOP01-DEL01-RS"
754813;2026-02-26;"quinta-feira";"15:00:00";"SP";153;222,5;"MARILIA";"Ultrapassagem Indevida";"Colisão lateral sentido oposto";"Com Vítimas Feridas";"Pleno dia";"Decrescente";"Nublado";"Simples";"Declive";"Não";2;0;1;0;1;0;1;2;-22,018135;-49,908366;"SPRF-SP";"DEL07/SP";"UOP02-DEL07-SP"
754816;2026-02-26;"quinta-feira";"15:00:00";"PE";232;128;"CARUARU";"Condutor deixou de manter distância do veículo da frente";"Colisão traseira";"Com Vítimas Feridas";"Pleno dia";"Decrescente";"Céu Claro";"Dupla";"Reta";"Sim";2;0;0;1;1;0;1;2;-8,30204;-35,98196;"SPRF-PE";"DEL02/PE";"UOP03-DEL02-PE"
754820;2026-02-22;"domingo";"17:40:00";"AM";174;918;"MANAUS";"Velocidade Incompatível";"Saída de leito carroçável";"Com Vítimas Feridas";"Plena Noite";"Crescente";"Nublado";"Simples";"Reta";"Sim";2;0;1;0;0;1;1;2;-2,68024;-60,04693;"SPRF-AM";"DEL01-AM";"UOP01-DEL01-AM"
754824;2026-02-26;"quinta-feira";"15:35:00";"GO";153;371,5;"SAO FRANCISCO DE GOIAS";"Desrespeitar a preferência no cruzamento";"Colisão transversal";"Com Vítimas Feridas";"Pleno dia";"Decrescente";"Céu Claro";"Simples";"Retorno Regulamentado";"Não";3;0;1;0;2;0;1;2;-15,85805068;-49,26283389;"SPRF-GO";"DEL02/GO";"UOP02-DEL02-GO"
754826;2026-02-26;"quinta-feira";"15:00:00";"RO";364;13;"VILHENA";"Acessar a via sem observar a presença dos outros veículos";"Colisão transversal";"Com Vítimas Feridas";"Pleno dia";"Decrescente";"Céu Claro";"Simples";"Retorno Regulamentado";"Sim";4;0;1;0;3;0;1;2;-12,74087604;-60,13288949;"SPRF-RO";"DEL04-RO";"UOP01-DEL04-RO"
754827;2026-02-26;"quinta-feira";"15:50:00";"ES";101;43,5;"CONCEICAO DA BARRA";"Velocidade Incompatível";"Colisão com objeto";"Com Vítimas Fatais";"Pleno dia";"Crescente";"Chuva";"Simples";"Aclive";"Não";2;1;1;0;0;0;1;1;-18,529832;-39,909423;"SPRF-ES";"DEL04-ES";"UOP02-DEL04-ES"
754829;2026-02-23;"segunda-feira";"08:30:00";"RJ";493;22;"MAGE";"Ausência de reação do condutor";"Colisão lateral mesmo sentido";"Com Vítimas Feridas";"Pleno dia";"Decrescente";"Céu Claro";"Simples";"Reta";"Sim";2;0;1;0;0;1;1;2;-22,65956604;-43,05225341;"SPRF-RJ";"DEL04/RJ";"UOP02-DEL04-RJ"
754830;2026-02-26;"quinta-feira";"16:00:00";"MG";459;75,1;"SENADOR JOSE BENTO";"Velocidade Incompatível";"Saída de leito carroçável";"Com Vítimas Feridas";"Pleno dia";"Crescente";"Chuva";"Simples";"Curva;Declive";"Não";1;0;1;0;0;0;1;1;-22,135506;-46,147616;"SPRF-MG";"DEL09/MG";"UOP01-DEL09-MG"
754833;2026-02-26;"quinta-feira";"15:45:00";"SP";116;109;"TAUBATE";"Reação tardia ou ineficiente do condutor";"Engavetamento";"Com Vítimas Feridas";"Pleno dia";"Crescente";"Chuva";"Dupla";"Reta";"Não";1;0;1;0;0;0;1;1;-23,02918735;-45,54553986;"SPRF-SP";"DEL02/SP";"UOP02-DEL02-SP"
754834;2026-02-26;"quinta-feira";"16:20:00";"MG";381;528;"BRUMADINHO";"Ausência de reação do condutor";"Queda de ocupante de veículo";"Com Vítimas Feridas";"Pleno dia";"Decrescente";"Nublado";"Dupla";"Curva";"Não";1;0;0;1;0;0;1;1;-20,16812215;-44,33326721;"SPRF-MG";"DEL04/MG";"UOP03-DEL04-MG"
754835;2026-02-26;"quinta-feira";"15:30:00";"RJ";101;318;"SAO GONCALO";"Carga excessiva e/ou mal acondicionada";"Colisão com objeto";"Com Vítimas Feridas";"Pleno dia";"Crescente";"Céu Claro";"Dupla";"Reta";"Sim";3;0;1;0;2;0;1;2;-22,8493447;-43,09934182;"SPRF-RJ";"DEL02/RJ";"UOP02-DEL02-RJ"
754837;2026-02-26;"quinta-feira";"17:17:00";"PI";343;343,6;"TERESINA";"Acumulo de óleo sobre o pavimento";"Tombamento";"Com Vítimas Feridas";"Pleno dia";"Crescente";"Céu Claro";"Simples";"Reta";"Sim";1;0;0;1;0;0;1;1;-5,09196273;-42,76162058;"SPRF-PI";"DEL01-PI";"UOP01-DEL01-PI"
754838;2026-02-26;"quinta-feira";"16:30:00";"SP";116;423;"JUQUIA";"Acumulo de água sobre o pavimento";"Saída de leito carroçável";"Com Vítimas Feridas";"Pleno dia";"Decrescente";"Chuva";"Dupla";"Reta";"Não";3;0;1;0;2;0;1;1;-24,35647996;-47,68143654;"SPRF-SP";"DEL05/SP";"UOP01-DEL05-SP"
754839;2026-02-26;"quinta-feira";"17:00:00";"SC";101;237,1;"PALHOCA";"Reação tardia ou ineficiente do condutor";"Saída de leito carroçável";"Com Vítimas Feridas";"Pleno dia";"Crescente";"Nublado";"Dupla";"Reta";"Não";1;0;1;0;0;0;1;1;-27,83827917;-48,63271952;"SPRF-SC";"DEL01/SC";"UOP02-DEL01-SC"
754841;2026-02-26;"quinta-feira";"14:25:00";"RJ";101;321;"NITEROI";"Reação tardia ou ineficiente do condutor";"Colisão traseira";"Sem Vítimas";"Pleno dia";"Crescente";"Nublado";"Dupla";"Reta";"Não";3;0;0;0;3;0;0;2;-22,875433;-43,11008;"SPRF-RJ";"DEL02/RJ";"UOP01-DEL02-RJ"
754842;2026-02-26;"quinta-feira";"16:00:00";"PE";408;70;"PAUDALHO";"Ausência de reação do condutor";"Tombamento";"Com Vítimas Feridas";"Pleno dia";"Crescente";"Céu Claro";"Dupla";"Reta";"Não";1;0;0;1;0;0;1;1;-7,9234;-35,15578;"SPRF-PE";"DEL01/PE";"UOP01-DEL01-PE"
754844;2026-02-26;"quinta-feira";"17:13:00";"RN";101;72,5;"EXTREMOZ";"Acessar a via sem observar a presença dos outros veículos";"Colisão transversal";"Com Vítimas Feridas";"Anoitecer";"Crescente";"Céu Claro";"Simples";"Reta;Declive";"Não";2;0;0;1;1;0;1;2;-5,70379874;-35,26548982;"SPRF-RN";"DEL02-RN";"UOP01-DEL02-RN"
754845;2026-02-26;"quinta-feira";"16:00:00";"PR";277;111,2;"CAMPO LARGO";"Manobra de mudança de faixa";"Colisão lateral mesmo sentido";"Sem Vítimas";"Pleno dia";"Crescente";"Nublado";"Dupla";"Declive;Curva";"Sim";3;0;0;0;2;1;0;2;-25,43277647;-49,40176098;"SPRF-PR";"DEL01/PR";"UOP07-DEL01-PR"
754846;2026-02-26;"quinta-feira";"17:00:00";"RO";364;225,9;"CACOAL";"Acessar a via sem observar a presença dos outros veículos";"Colisão transversal";"Com Vítimas Feridas";"Pleno dia";"Crescente";"Garoa/Chuvisco";"Simples";"Interseção de Vias;Reta";"Sim";3;0;1;0;2;0;1;2;-11,503922;-61,367195;"SPRF-RO";"DEL02-RO";"UOP02-DEL02-RO"
754847;2026-02-26;"quinta-feira";"18:10:00";"ES";101;298,4;"VIANA";"Frear bruscamente";"Queda de ocupante de veículo";"Com Vítimas Feridas";"Anoitecer";"Crescente";"Chuva";"Simples";"Reta";"Não";2;0;1;0;1;0;1;2;-20,35515544;-40,4172677;"SPRF-ES";"DEL01-ES";"UOP01-DEL01-ES"
754848;2026-02-26;"quinta-feira";"17:55:00";"MG";40;268;"SAO GONCALO DO ABAETE";"Transitar na contramão";"Colisão frontal";"Com Vítimas Fatais";"Anoitecer";"Decrescente";"Nublado";"Simples";"Curva;Aclive";"Não";4;2;1;1;0;0;2;3;-18,167;-45,286;"SPRF-MG";"DEL14/MG";"UOP02-DEL14-MG"
754849;2026-02-26;"quinta-feira";"17:35:00";"PR";153;42;"SANTO ANTONIO DA PLATINA";"Desrespeitar a preferência no cruzamento";"Colisão transversal";"Sem Vítimas";"Pleno dia";"Crescente";"Céu Claro";"Simples";"Interseção de Vias";"Sim";2;0;0;0;2;0;0;2;-23,2972762;-50,0686208;"SPRF-PR";"DEL07/PR";"UOP04-DEL07-PR"
754850;2026-02-26;"quinta-feira";"17:30:00";"PE";101;72;"RECIFE";"Ausência de reação do condutor";"Colisão traseira";"Com Vítimas Feridas";"Anoitecer";"Decrescente";"Céu Claro";"Dupla";"Curva;Retorno Regulamentado;Declive";"Sim";1;0;1;0;0;0;1;1;-8,099094;-34,950011;"SPRF-PE";"DEL01/PE";"UOP01-DEL01-PE"
754851;2026-02-26;"quinta-feira";"17:40:00";"BA";101;807;"ITAMARAJU";"Acessar a via sem observar a presença dos outros veículos";"Colisão transversal";"Com Vítimas Feridas";"Anoitecer";"Decrescente";"Céu Claro";"Simples";"Reta";"Sim";2;0;1;0;1;0;1;2;-17,0198;-39,541438;"SPRF-BA";"DEL09/BA";"UOP01-DEL09-BA"
754852;2026-02-26;"quinta-feira";"17:45:00";"PR";116;126;"FAZENDA RIO GRANDE";"Ausência de reação do condutor";"Colisão traseira";"Com Vítimas Feridas";"Anoitecer";"Decrescente";"Céu Claro";"Dupla";"Reta";"Sim";3;0;2;0;1;0;2;2;-25,638494;-49,312731;"SPRF-PR";"DEL01/PR";"UOP03-DEL01-PR"
754853;2026-02-26;"quinta-feira";"16:35:00";"MG";381;184;"PERIQUITO";"Chuva";"Saída de leito carroçável";"Com Vítimas Feridas";"Pleno dia";"Crescente";"Chuva";"Simples";"Curva";"Não";1;0;1;0;0;0;1;1;-19,06707178;-42,17050171;"SPRF-MG";"DEL06/MG";"UOP01-DEL06-MG"
754855;2026-02-26;"quinta-feira";"17:10:00";"RS";116;303;"GUAIBA";"Falta de acostamento";"Tombamento";"Com Vítimas Feridas";"Pleno dia";"Crescente";"Céu Claro";"Simples";"Reta";"Sim";1;0;1;0;0;0;1;1;-30,14485494;-51,3632497;"SPRF-RS";"DEL02/RS";"UOP01-DEL02-RS"
754856;2026-02-18;"quarta-feira";"18:05:00";"SC";282;516;"XAXIM";"Acessar a via sem observar a presença dos outros veículos";"Queda de ocupante de veículo";"Com Vítimas Feridas";"Anoitecer";"Decrescente";"Céu Claro";"Simples";"Curva";"Não";3;0;2;0;0;1;2;2;-26,916404;-52,492522;"SPRF-SC";"DEL07/SC";"UOP01-DEL07-SC"
754858;2026-02-26;"quinta-feira";"18:00:00";"SC";280;275,7;"IRINEOPOLIS";"Ausência de reação do condutor";"Saída de leito carroçável";"Com Vítimas Feridas";"Pleno dia";"Decrescente";"Céu Claro";"Simples";"Aclive;Reta";"Não";1;0;1;0;0;0;1;1;-26,29017;-50,788488;"SPRF-SC";"DEL06/SC";"UOP04-DEL06-SC"
754859;2026-02-26;"quinta-feira";"16:30:00";"RJ";101;164;"MACAE";"Demais Fenômenos da natureza";"Saída de leito carroçável";"Com Vítimas Feridas";"Anoitecer";"Decrescente";"Chuva";"Simples";"Curva";"Não";5;0;1;0;4;0;1;1;-22,32427398;-41,90688193;"SPRF-RJ";"DEL08/RJ";"UOP04-DEL08-RJ"
754860;2026-02-26;"quinta-feira";"18:45:00";"SC";470;45;"GASPAR";"Transitar na contramão";"Colisão frontal";"Com Vítimas Feridas";"Plena Noite";"Decrescente";"Céu Claro";"Dupla";"Viaduto;Curva;Interseção de Vias;Aclive";"Não";2;0;0;1;1;0;1;2;-26,86581169;-49,03309319;"SPRF-SC";"DEL04/SC";"UOP01-DEL04-SC"
754861;2026-02-26;"quinta-feira";"18:10:00";"PR";376;179;"MARINGA";"Manobra de mudança de faixa";"Colisão transversal";"Com Vítimas Feridas";"Anoitecer";"Crescente";"Céu Claro";"Dupla";"Reta";"Sim";2;0;0;1;1;0;1;2;-23,42975;-51,89142;"SPRF-PR";"DEL09/PR";"UOP01-DEL09-PR"
754862;2026-02-26;"quinta-feira";"18:40:00";"PR";376;3,5;"APUCARANA";"Trafegar com motocicleta (ou similar) entre as faixas";"Atropelamento de Pedestre";"Com Vítimas Feridas";"Anoitecer";"Decrescente";"Céu Claro";"Simples";"Interseção de Vias";"Não";2;0;1;1;0;0;2;2;-23,55863072;-51,44018933;"SPRF-PR";"DEL07/PR";"UOP03-DEL07-PR"
754865;2026-02-26;"quinta-feira";"17:45:00";"SP";116;112;"TAUBATE";"Manobra de mudança de faixa";"Colisão lateral mesmo sentido";"Com Vítimas Feridas";"Anoitecer";"Crescente";"Garoa/Chuvisco";"Dupla";"Reta";"Sim";2;0;1;0;1;0;1;2;-23,04160803;-45,57103157;"SPRF-SP";"DEL02/SP";"UOP02-DEL02-SP"
754866;2026-02-26;"quinta-feira";"19:00:00";"GO";364;322;"PORTELANDIA";"Ultrapassagem Indevida";"Colisão frontal";"Com Vítimas Fatais";"Plena Noite";"Decrescente";"Céu Claro";"Simples";"Reta;Aclive";"Não";4;1;3;0;0;0;3;2;-17,401883;-52,649552;"SPRF-GO";"DEL05/GO";"UOP01-DEL05-GO"
754867;2026-02-26;"quinta-feira";"18:29:00";"PE";101;54,5;"PAULISTA";"Trafegar com motocicleta (ou similar) entre as faixas";"Colisão lateral mesmo sentido";"Com Vítimas Feridas";"Plena Noite";"Decrescente";"Céu Claro";"Simples";"Reta";"Sim";2;0;1;0;1;0;1;2;-7,945621;-34,904353;"SPRF-PE";"DEL01/PE";"UOP02-DEL01-PE"
754868;2026-02-26;"quinta-feira";"08:10:00";"MG";381;244;"SANTANA DO PARAISO";"Conversão proibida";"Colisão transversal";"Com Vítimas Feridas";"Pleno dia";"Decrescente";"Nublado";"Simples";"Curva";"Sim";2;0;1;0;1;0;1;2;-19,45325752;-42,52061024;"SPRF-MG";"DEL06/MG";"UOP01-DEL06-MG"
754869;2026-02-26;"quinta-feira";"17:55:00";"BA";367;23;"PORTO SEGURO";"Acesso irregular";"Colisão transversal";"Com Vítimas Feridas";"Pleno dia";"Crescente";"Céu Claro";"Simples";"Reta";"Sim";2;0;1;0;1;0;1;2;-16,43581142;-39,07472607;"SPRF-BA";"DEL09/BA";"UOP03-DEL09-BA"
754874;2026-02-26;"quinta-feira";"18:30:00";"PA";316;142,9;"PEIXE-BOI";"Transitar na contramão";"Saída de leito carroçável";"Sem Vítimas";"Anoitecer";"Decrescente";"Nublado";"Simples";"Aclive;Reta";"Não";2;0;0;0;1;1;0;2;-1,247662;-47,244537;"SPRF-PA";"DEL01/PA";"UOP03-DEL01-PA"
754875;2026-02-26;"quinta-feira";"18:45:00";"GO";60;92;"ANAPOLIS";"Condutor deixou de manter distância do veículo da frente";"Colisão traseira";"Com Vítimas Feridas";"Anoitecer";"Crescente";"Garoa/Chuvisco";"Dupla";"Reta";"Sim";2;0;1;0;0;1;1;2;-16,35302433;-48,91732013;"SPRF-GO";"DEL02/GO";"UOP01-DEL02-GO"
754876;2026-02-26;"quinta-feira";"17:25:00";"BA";101;381;"NOVA IBIA";"Ausência de reação do condutor";"Tombamento";"Com Vítimas Feridas";"Anoitecer";"Crescente";"Céu Claro";"Simples";"Curva";"Não";1;0;0;1;0;0;1;1;-13,878213;-39,48963;"SPRF-BA";"DEL05/BA";"UOP03-DEL05-BA"
754879;2026-02-26;"quinta-feira";"18:00:00";"MA";135;4;"SAO LUIS";"Acessar a via sem observar a presença dos outros veículos";"Colisão transversal";"Com Vítimas Feridas";"Anoitecer";"Crescente";"Céu Claro";"Dupla";"Reta";"Sim";4;0;1;0;3;0;1;4;-2,61425;-44,2523;"SPRF-MA";"DEL01-MA";"UOP01-DEL01-MA"
754881;2026-02-26;"quinta-feira";"18:30:00";"PE";232;10;"JABOATAO DOS GUARARAPES";"Ausência de reação do condutor";"Saída de leito carroçável";"Com Vítimas Feridas";"Pleno dia";"Crescente";"Céu Claro";"Dupla";"Reta";"Não";1;0;0;1;0;0;1;1;-8,07927;-34,9914;"SPRF-PE";"DEL01/PE";"UOP01-DEL01-PE"
754882;2026-02-26;"quinta-feira";"19:15:00";"ES";259;39;"COLATINA";"Reação tardia ou ineficiente do condutor";"Colisão com objeto";"Com Vítimas Feridas";"Plena Noite";"Crescente";"Céu Claro";"Simples";"Curva";"Não";2;0;0;1;0;1;1;2;-19,55750464;-40,53121917;"SPRF-ES";"DEL02-ES";"UOP01-DEL02-ES"
754886;2026-02-26;"quinta-feira";"19:45:00";"PI";343;0,8;"TERESINA";"Acessar a via sem observar a presença dos outros veículos";"Colisão transversal";"Com Vítimas Feridas";"Plena Noite";"Decrescente";"Céu Claro";"Dupla";"Reta";"Sim";2;0;0;1;1;0;1;2;-5,080185;-42,757457;"SPRF-PI";"DEL01-PI";"UOP01-DEL01-PI"
754887;2026-02-26;"quinta-feira";"19:00:00";"DF";80;17;"BRASILIA";"Reação tardia ou ineficiente do condutor";"Capotamento";"Com Vítimas Feridas";"Plena Noite";"Crescente";"Chuva";"Simples";"Declive;Curva";"Sim";1;0;1;0;0;0;1;1;-15,692038;-48,205065;"SPRF-DF";"DEL03-DF";"UOP02-DEL03-DF"
754888;2026-02-26;"quinta-feira";"20:29:00";"RN";101;77,3;"NATAL";"Condutor deixou de manter distância do veículo da frente";"Colisão traseira";"Com Vítimas Feridas";"Plena Noite";"Crescente";"Céu Claro";"Dupla";"Reta";"Sim";2;0;1;0;1;0;1;2;-5,73344556;-35,29102296;"SPRF-RN";"DEL02-RN";"UOP01-DEL02-RN"
754889;2026-02-26;"quinta-feira";"20:00:00";"PE";101;58,2;"RECIFE";"Manobra de mudança de faixa";"Colisão lateral mesmo sentido";"Com Vítimas Feridas";"Plena Noite";"Decrescente";"Nublado";"Dupla";"Reta";"Sim";3;0;2;0;1;0;2;2;-7,97441836;-34,92193222;"SPRF-PE";"DEL01/PE";"UOP02-DEL01-PE"