"id";"data_inversa";"dia_semana";"horario";"uf";"br";"km";"municipio";"causa_acidente";"tipo_acidente";"classificacao_acidente";"fase_dia";"sentido_via";"condicao_metereologica";"tipo_pista";"tracado_via";"uso_solo";"pessoas";"mortos";"feridos_leves";"feridos_graves";"ilesos";"ignorados";"feridos";"veiculos";"latitude";"longitude";"regional";"delegacia";"uop"
755020;2026-02-27;"sexta-feira";"14:00:00";"CE";116;17,4;"EUSEBIO";"Condutor deixou de manter distância do veículo da frente";"Colisão traseira";"Com Vítimas Feridas";"Pleno dia";"Decrescente";"Nublado";"Dupla";"Reta";"Sim";2;0;0;1;0;1;1;2;-3,900252;-38,503888;"SPRF-CE";"DEL01/CE";"UOP02-DEL01-CE"
755022;2026-02-27;"sexta-feira";"14:25:00";"RS";116;265;"CANOAS";"Manobra de mudança de faixa";"Colisão lateral mesmo sentido";"Com Vítimas Feridas";"Pleno dia";"Crescente";"Céu Claro";"Dupla";"Viaduto;Em Obras;Reta";"Sim";3;0;1;0;2;0;1;3;-29,925198;-51,177903;"SPRF-RS";"DEL01/RS";"UOP01-DEL01-RS"
755023;2026-02-27;"sexta-feira";"14:00:00";"PR";376;236;"APUCARANA";"Avarias e/ou desgaste excessivo no pneu";"Saída de leito carroçável";"Com Vítimas Feridas";"Pleno dia";"Crescente";"Chuva";"Dupla";"Reta";"Não";1;0;1;0;0;0;1;1;-23,583733;-51,485792;"SPRF-PR";"DEL07/PR";"UOP03-DEL07-PR"
755024;2026-02-27;"sexta-feira";"14:20:00";"RS";116;246;"SAO LEOPOLDO";"Trafegar com motocicleta (ou similar) entre as faixas";"Colisão lateral mesmo sentido";"Com Vítimas Feridas";"Pleno dia";"Crescente";"Céu Claro";"Múltipla";"Reta";"Sim";3;0;1;0;2;0;1;3;-29,75497459;-51,15177361;"SPRF-RS";"DEL01/RS";"UOP02-DEL01-RS"
755025;2026-02-27;"sexta-feira";"13:45:00";"SC";280;55;"GUARAMIRIM";"Acessar a via sem observar a presença dos outros veículos";"Tombamento";"Com Vítimas Feridas";"Pleno dia";"Crescente";"Nublado";"Simples";"Reta";"Sim";2;0;1;0;1;0;1;2;-26,47743012;-48,99762869;"SPRF-SC";"DEL03/SC";"UOP03-DEL03-SC"
755026;2026-02-27;"sexta-feira";"12:10:00";"RJ";40;121;"DUQUE DE CAXIAS";"Ausência de reação do condutor";"Queda de ocupante de veículo";"Com Vítimas Feridas";"Pleno dia";"Crescente";"Nublado";"Múltipla";"Reta";"Sim";1;0;1;0;0;0;1;1;-22,78113705;-43,285772;"SPRF-RJ";"DEL01/RJ";"UOP02-DEL01-RJ"
755028;2026-02-27;"sexta-feira";"14:40:00";"RS";158;325;"SANTA MARIA";"Condutor deixou de manter distância do veículo da frente";"Colisão traseira";"Com Vítimas Feridas";"Pleno dia";"Crescente";"Céu Claro";"Dupla";"Reta;Viaduto";"Sim";2;0;1;0;1;0;1;2;-29,70800599;-53,80069256;"SPRF-RS";"DEL09/RS";"UOP01-DEL09-RS"
755029;2026-02-27;"sexta-feira";"14:15:00";"SC";101;217,9;"PALHOCA";"Ausência de reação do condutor";"Colisão lateral mesmo sentido";"Com Vítimas Feridas";"Pleno dia";"Crescente";"Céu Claro";"Múltipla";"Reta";"Sim";2;0;2;0;0;0;2;2;-27,675347;-48,671153;"SPRF-SC";"DEL01/SC";"UOP02-DEL01-SC"
755030;2026-02-27;"sexta-feira";"10:00:00";"PR";376;178;"MARINGA";"Acessar a via sem observar a presença dos outros veículos";"Colisão lateral mesmo sentido";"Com Vítimas Feridas";"Pleno dia";"Decrescente";"Céu Claro";"Múltipla";"Reta";"Sim";2;0;1;0;1;0;1;2;-23,4159582;-51,92254543;"SPRF-PR";"DEL09/PR";"UOP01-DEL09-PR"
755031;2026-02-27;"sexta-feira";"14:40:00";"PR";277;6,8;"PARANAGUA";"Conversão proibida";"Colisão lateral mesmo sentido";"Com Vítimas Feridas";"Pleno dia";"Crescente";"Nublado";"Simples";"Reta;Interseção de Vias;Rotatória";"Sim";2;0;1;0;1;0;1;2;-25,51492902;-48,5223937;"SPRF-PR";"DEL01/PR";"UOP05-DEL01-PR"
755034;2026-02-27;"sexta-feira";"14:50:00";"MG";262;389;"PARA DE MINAS";"Acumulo de água sobre o pavimento";"Saída de leito carroçável";"Com Vítimas Feridas";"Pleno dia";"Crescente";"Chuva";"Dupla";"Aclive;Reta";"Não";3;0;2;0;1;0;2;1;-19,901425;-44,548889;"SPRF-MG";"DEL01/MG";"UOP03-DEL01-MG"
755036;2026-02-27;"sexta-feira";"15:20:00";"RN";304;36;"MOSSORO";"Acumulo de areia ou detritos sobre o pavimento";"Queda de ocupante de veículo";"Com Vítimas Feridas";"Pleno dia";"Crescente";"Nublado";"Simples";"Reta";"Sim";1;0;1;0;0;0;1;1;-5,177063;-37,365072;"SPRF-RN";"DEL04-RN";"UOP02-DEL04-RN"
755037;2026-02-27;"sexta-feira";"15:30:00";"ES";101;127,8;"SOORETAMA";"Acumulo de água sobre o pavimento";"Tombamento";"Com Vítimas Feridas";"Pleno dia";"Crescente";"Chuva";"Simples";"Reta";"Sim";1;0;1;0;0;0;1;1;-19,20923004;-40,09494178;"SPRF-ES";"DEL04-ES";"UOP01-DEL04-ES"
755038;2026-02-27;"sexta-feira";"14:20:00";"TO";153;146;"ARAGUAINA";"Condutor deixou de manter distância do veículo da frente";"Colisão traseira";"Com Vítimas Feridas";"Pleno dia";"Crescente";"Nublado";"Dupla";"Rotatória;Reta";"Sim";2;0;1;0;1;0;1;2;-7,22011955;-48,24766785;"SPRF-TO";"DEL02-TO";"UOP01-DEL02-TO"
755041;2026-02-27;"sexta-feira";"15:30:00";"RJ";116;130;"MAGE";"Ausência de reação do condutor";"Colisão lateral sentido oposto";"Com Vítimas Feridas";"Pleno dia";"Crescente";"Céu Claro";"Dupla";"Viaduto";"Sim";3;0;2;0;1;0;2;2;-22,65721414;-43,12675662;"SPRF-RJ";"DEL04/RJ";"UOP02-DEL04-RJ"
755042;2026-02-27;"sexta-feira";"15:20:00";"BA";101;904;"IBIRAPUA";"Condutor deixou de manter distância do veículo da frente";"Colisão traseira";"Com Vítimas Feridas";"Pleno dia";"Crescente";"Céu Claro";"Simples";"Declive;Curva";"Não";2;0;1;0;1;0;1;2;-17,76456213;-39,77824175;"SPRF-BA";"DEL09/BA";"UOP02-DEL09-BA"
755043;2026-02-27;"sexta-feira";"15:30:00";"RJ";493;19;"MAGE";"Retorno proibido";"Colisão transversal";"Com Vítimas Feridas";"Pleno dia";"Crescente";"Céu Claro";"Simples";"Reta";"Sim";2;0;1;1;0;0;2;2;-22,65982029;-43,0494945;"SPRF-RJ";"DEL04/RJ";"UOP02-DEL04-RJ"
755044;2026-02-27;"sexta-feira";"15:20:00";"PI";343;4;"TERESINA";"Avarias e/ou desgaste excessivo no pneu";"Colisão com objeto";"Com Vítimas Feridas";"Pleno dia";"Crescente";"Céu Claro";"Múltipla";"Reta;Ponte";"Não";1;0;1;0;0;0;1;1;-5,081743;-42,793585;"SPRF-PI";"DEL01-PI";"UOP01-DEL01-PI"
755046;2026-02-27;"sexta-feira";"13:30:00";"SP";101;50,5;"UBATUBA";"Acessar a via sem observar a presença dos outros veículos";"Colisão transversal";"Com Vítimas Feridas";"Pleno dia";"Crescente";"Chuva";"Simples";"Interseção de Vias";"Sim";2;0;1;0;1;0;1;2;-23,45323399;-45,07438872;"SPRF-SP";"DEL06/SP";"UOP01-DEL06-SP"
755047;2026-02-27;"sexta-feira";"15:35:00";"MG";40;522,2;"CONTAGEM";"Reação tardia ou ineficiente do condutor";"Colisão traseira";"Sem Vítimas";"Pleno dia";"Crescente";"Céu Claro";"Dupla";"Reta";"Sim";2;0;0;0;1;1;0;2;-19,86820325;-44,06118393;"SPRF-MG";"DEL01/MG";"UOP02-DEL01-MG"
755048;2026-02-27;"sexta-feira";"15:00:00";"MG";365;626;"UBERLANDIA";"Manobra de mudança de faixa";"Queda de ocupante de veículo";"Com Vítimas Feridas";"Pleno dia";"Crescente";"Céu Claro";"Dupla";"Reta";"Sim";2;0;1;0;0;1;1;2;-18,90404793;-48,34203092;"SPRF-MG";"DEL15/MG";"UOP01-DEL15-MG"
755049;2026-02-27;"sexta-feira";"15:35:00";"RJ";101;323;"NITEROI";"Manobra de mudança de faixa";"Colisão lateral mesmo sentido";"Com Vítimas Feridas";"Pleno dia";"Decrescente";"Chuva";"Múltipla";"Reta";"Sim";5;0;1;0;4;0;1;2;-22,87966893;-43,11395798;"SPRF-RJ";"DEL02/RJ";"UOP01-DEL02-RJ"
755050;2026-01-23;"sexta-feira";"14:30:00";"PB";104;163;"BARRA DE SANTANA";"Conversão proibida";"Colisão transversal";"Com Vítimas Fatais";"Pleno dia";"Crescente";"Céu Claro";"Simples";"Reta";"Não";6;1;0;2;3;0;2;2;-7,526752;-35,99631;"SPRF-PB";"DEL02-PB";"UOP03-DEL02-PB"
755051;2026-02-27;"sexta-feira";"15:35:00";"MS";376;4,3;"DOURADOS";"Acessar a via sem observar a presença dos outros veículos";"Colisão transversal";"Com Vítimas Feridas";"Pleno dia";"Decrescente";"Céu Claro";"Simples";"Interseção de Vias;Reta";"Não";4;0;1;0;3;0;1;2;-22,224895;-54,666085;"SPRF-MS";"DEL04/MS";"UOP01-DEL04-MS"
755055;2026-02-27;"sexta-feira";"16:40:00";"RJ";101;330;"RIO DE JANEIRO";"Condutor deixou de manter distância do veículo da frente";"Colisão traseira";"Com Vítimas Feridas";"Pleno dia";"Decrescente";"Nublado";"Múltipla";"Reta";"Não";2;0;1;0;0;1;1;2;-22,86849408;-43,18611662;"SPRF-RJ";"DEL02/RJ";"UOP01-DEL02-RJ"
755056;2026-02-27;"sexta-feira";"13:20:00";"BA";116;825;"VITORIA DA CONQUISTA";"Pista Escorregadia";"Queda de ocupante de veículo";"Com Vítimas Feridas";"Pleno dia";"Crescente";"Céu Claro";"Dupla";"Reta";"Sim";2;0;2;0;0;0;2;1;-14,8798014;-40,8557725;"SPRF-BA";"DEL08/BA";"UOP01-DEL08-BA"
755058;2026-02-27;"sexta-feira";"14:00:00";"PB";361;109;"ITAPORANGA";"Reação tardia ou ineficiente do condutor";"Colisão traseira";"Com Vítimas Fatais";"Pleno dia";"Decrescente";"Céu Claro";"Simples";"Declive;Reta";"Não";3;1;0;1;0;1;1;2;-7,299135;-38,125263;"SPRF-PB";"DEL03-PB";"UOP01-DEL03-PB"
755059;2026-02-27;"sexta-feira";"16:15:00";"SC";101;415;"ARARANGUA";"Desrespeitar a preferência no cruzamento";"Colisão transversal";"Com Vítimas Feridas";"Pleno dia";"Crescente";"Céu Claro";"Múltipla";"Reta";"Sim";2;0;1;0;1;0;1;2;-28,97382561;-49,53054992;"SPRF-SC";"DEL02/SC";"UOP02-DEL02-SC"
755060;2026-02-27;"sexta-feira";"14:45:00";"RJ";101;381;"RIO DE JANEIRO";"Reação tardia ou ineficiente do condutor";"Colisão traseira";"Com Vítimas Feridas";"Pleno dia";"Crescente";"Chuva";"Dupla";"Reta";"Não";2;0;1;0;1;0;1;2;-22,87231814;-43,60544577;"SPRF-RJ";"DEL03/RJ";"UOP01-DEL03-RJ"
755061;2026-02-27;"sexta-feira";"15:30:00";"PR";373;252;"GUAMIRANGA";"Acessar a via sem observar a presença dos outros veículos";"Colisão traseira";"Com Vítimas Feridas";"Pleno dia";"Crescente";"Céu Claro";"Simples";"Reta";"Não";2;0;2;0;0;0;2;2;-25,18869;-50,87344;"SPRF-PR";"DEL03/PR";"UOP01-DEL03-PR"
755062;2026-02-27;"sexta-feira";"17:25:00";"SE";235;1,5;"ARACAJU";"Ausência de reação do condutor";"Colisão traseira";"Com Vítimas Feridas";"Anoitecer";"Crescente";"Céu Claro";"Dupla";"Reta;Viaduto;Declive";"Sim";3;0;2;0;1;0;2;2;-10,90749122;-37,09428247;"SPRF-SE";"DEL01-SE";"UOP01-DEL01-SE"
755064;2026-02-27;"sexta-feira";"17:30:00";"PR";476;157,8;"ARAUCARIA";"Acessar a via sem observar a presença dos outros veículos";"Colisão transversal";"Sem Vítimas";"Pleno dia";"Crescente";"Céu Claro";"Simples";"Interseção de Vias";"Sim";2;0;0;0;2;0;0;2;-25,60637043;-49,42121722;"SPRF-PR";"DEL01/PR";"UOP06-DEL01-PR"
755065;2026-02-27;"sexta-feira";"16:15:00";"PB";361;109,3;"ITAPORANGA";"Ingestão de álcool pelo condutor";"Colisão lateral mesmo sentido";"Sem Vítimas";"Pleno dia";"Decrescente";"Céu Claro";"Simples";"Reta";"Não";2;0;0;0;2;0;0;2;-7,300635;-38,129208;"SPRF-PB";"DEL03-PB";"UOP01-DEL03-PB"
755066;2026-02-27;"sexta-feira";"16:26:00";"SC";101;205,3;"SAO JOSE";"Manobra de mudança de faixa";"Colisão lateral mesmo sentido";"Com Vítimas Feridas";"Pleno dia";"Crescente";"Nublado";"Dupla";"Desvio Temporário;Curva";"Sim";3;0;1;0;1;1;1;3;-27,5857961;-48,61630082;"SPRF-SC";"DEL01/SC";"UOP01-DEL01-SC"
755067;2026-02-27;"sexta-feira";"15:50:00";"SC";101;96,4;"BALNEARIO PICARRAS";"Restrição de visibilidade em curvas verticais";"Colisão transversal";"Com Vítimas Feridas";"Pleno dia";"Decrescente";"Nublado";"Múltipla";"Aclive";"Não";2;0;2;0;0;0;2;2;-26,72851136;-48,70194046;"SPRF-SC";"DEL03/SC";"UOP02-DEL03-SC"
755068;2026-02-27;"sexta-feira";"16:00:00";"MS";163;454;"CAMPO GRANDE";"Ausência de reação do condutor";"Engavetamento";"Com Vítimas Feridas";"Pleno dia";"Crescente";"Céu Claro";"Simples";"Reta;Aclive;Em Obras";"Não";9;0;1;0;8;0;1;5;-20,6889;-54,55254;"SPRF-MS";"DEL01/MS";"UOP01-DEL01-MS"
755069;2026-02-27;"sexta-feira";"17:30:00";"SC";101;213,1;"PALHOCA";"Condutor deixou de manter distância do veículo da frente";"Colisão traseira";"Com Vítimas Feridas";"Pleno dia";"Crescente";"Céu Claro";"Múltipla";"Reta";"Sim";2;0;0;1;1;0;1;2;-27,63653194;-48,66459338;"SPRF-SC";"DEL01/SC";"UOP02-DEL01-SC"
755070;2026-02-27;"sexta-feira";"16:50:00";"ES";101;343,2;"GUARAPARI";"Acumulo de água sobre o pavimento";"Colisão com objeto";"Com Vítimas Feridas";"Anoitecer";"Decrescente";"Chuva";"Dupla";"Curva";"Não";3;0;2;0;1;0;2;1;-20,66309855;-40,59274284;"SPRF-ES";"DEL03-ES";"UOP01-DEL03-ES"
755072;2026-02-27;"sexta-feira";"17:07:00";"RO";364;698;"PORTO VELHO";"Ausência de reação do condutor";"Tombamento";"Com Vítimas Feridas";"Pleno dia";"Crescente";"Chuva";"Dupla";"Reta";"Não";1;0;1;0;0;0;1;1;-8,80050981;-63,79338948;"SPRF-RO";"DEL01-RO";"UOP01-DEL01-RO"
755074;2026-02-27;"sexta-feira";"17:45:00";"MG";116;527,5;"CARATINGA";"Condutor deixou de manter distância do veículo da frente";"Engavetamento";"Com Vítimas Feridas";"Anoitecer";"Crescente";"Chuva";"Simples";"Reta";"Sim";4;0;1;0;3;0;1;3;-19,794788;-42,137492;"SPRF-MG";"DEL06/MG";"UOP02-DEL06-MG"
755075;2026-02-27;"sexta-feira";"17:10:00";"BA";116;16;"VITORIA DA CONQUISTA";"Acessar a via sem observar a presença dos outros veículos";"Colisão transversal";"Com Vítimas Feridas";"Pleno dia";"Crescente";"Chuva";"Simples";"Reta";"Sim";3;0;0;2;1;0;2;2;-14,90240947;-40,84864352;"SPRF-BA";"DEL08/BA";"UOP01-DEL08-BA"
755076;2026-02-27;"sexta-feira";"18:00:00";"PR";369;138;"IBIPORA";"Acessar a via sem observar a presença dos outros veículos";"Colisão transversal";"Com Vítimas Feridas";"Anoitecer";"Crescente";"Céu Claro";"Simples";"Reta";"Sim";2;0;1;0;1;0;1;2;-23,27367133;-51,05382902;"SPRF-PR";"DEL07/PR";"UOP01-DEL07-PR"
755078;2026-02-27;"sexta-feira";"18:30:00";"SP";116;229;"SAO PAULO";"Pista Escorregadia";"Tombamento";"Com Vítimas Feridas";"Plena Noite";"Decrescente";"Garoa/Chuvisco";"Múltipla";"Reta";"Sim";3;0;1;0;1;1;1;2;-23,51714525;-46,58007288;"SPRF-SP";"DEL01/SP";"UOP01-DEL01-SP"
755079;2026-02-27;"sexta-feira";"18:30:00";"RN";101;71,3;"EXTREMOZ";"Desrespeitar a preferência no cruzamento";"Colisão transversal";"Com Vítimas Feridas";"Plena Noite";"Decrescente";"Céu Claro";"Simples";"Interseção de Vias";"Não";3;0;3;0;0;0;3;2;-5,690642;-35,263063;"SPRF-RN";"DEL02-RN";"UOP01-DEL02-RN"
755080;2026-02-27;"sexta-feira";"18:45:00";"MG";381;501;"BETIM";"Trafegar com motocicleta (ou similar) entre as faixas";"Colisão lateral mesmo sentido";"Com Vítimas Feridas";"Plena Noite";"Decrescente";"Céu Claro";"Dupla";"Reta";"Sim";2;0;1;0;1;0;1;2;-20,00706646;-44,21549463;"SPRF-MG";"DEL01/MG";"UOP03-DEL01-MG"
755081;2026-02-27;"sexta-feira";"13:00:00";"PI";343;491,1;"AMARANTE";"Acumulo de água sobre o pavimento";"Saída de leito carroçável";"Com Vítimas Feridas";"Pleno dia";"Crescente";"Chuva";"Simples";"Reta";"Não";7;0;5;1;1;0;6;1;-6,249327;-42,727568;"SPRF-PI";"DEL01-PI";"UOP02-DEL01-PI"
755082;2026-02-27;"sexta-feira";"16:30:00";"RS";472;473,5;"ITAQUI";"Velocidade Incompatível";"Queda de ocupante de veículo";"Com Vítimas Feridas";"Pleno dia";"Decrescente";"Céu Claro";"Simples";"Curva";"Não";1;0;0;1;0;0;1;1;-29,1617;-56,361591;"SPRF-RS";"DEL12/RS";"UOP01-DEL12-RS"
755083;2026-02-27;"sexta-feira";"17:30:00";"RO";364;13;"VILHENA";"Ingestão de álcool pelo condutor";"Colisão transversal";"Com Vítimas Feridas";"Pleno dia";"Crescente";"Céu Claro";"Dupla";"Rotatória";"Sim";2;0;1;1;0;0;2;2;-12,740802;-60,132089;"SPRF-RO";"DEL04-RO";"UOP01-DEL04-RO"
755084;2026-02-27;"sexta-feira";"19:00:00";"SC";101;185,1;"BIGUACU";"Reação tardia ou ineficiente do condutor";"Colisão traseira";"Com Vítimas Feridas";"Plena Noite";"Decrescente";"Céu Claro";"Múltipla";"Interseção de Vias;Reta";"Sim";2;0;1;0;1;0;1;2;-27,42667;-48,62406;"SPRF-SC";"DEL01/SC";"UOP01-DEL01-SC"
755086;2026-02-27;"sexta-feira";"16:45:00";"SC";280;28;"ARAQUARI";"Trafegar com motocicleta (ou similar) entre as faixas";"Colisão transversal";"Com Vítimas Feridas";"Pleno dia";"Crescente";"Céu Claro";"Simples";"Reta;Interseção de Vias";"Sim";2;0;1;0;1;0;1;2;-26,40730765;-48,74871818;"SPRF-SC";"DEL03/SC";"UOP03-DEL03-SC"
755087;2026-02-27;"sexta-feira";"19:00:00";"AP";210;3;"MACAPA";"Retorno proibido";"Colisão transversal";"Com Vítimas Feridas";"Plena Noite";"Crescente";"Nublado";"Simples";"Reta";"Sim";2;0;1;0;1;0;1;2;0,0875732;-51,0933099;"SPRF-AP";"DEL01-AP";"UOP01-DEL01-AP"
755089;2026-02-27;"sexta-feira";"19:05:00";"RJ";116;119;"MAGE";"Chuva";"Queda de ocupante de veículo";"Com Vítimas Feridas";"Plena Noite";"Crescente";"Chuva";"Dupla";"Reta";"Sim";1;0;1;0;0;0;1;1;-22,60854827;-43,02971933;"SPRF-RJ";"DEL04/RJ";"UOP02-DEL04-RJ"
755090;2026-02-27;"sexta-feira";"19:03:00";"MG";381;521;"BRUMADINHO";"Velocidade Incompatível";"Tombamento";"Com Vítimas Feridas";"Plena Noite";"Crescente";"Nublado";"Dupla";"Curva";"Não";2;0;1;0;0;1;1;2;-20,1227923;-44,30055365;"SPRF-MG";"DEL04/MG";"UOP03-DEL04-MG"
755091;2026-02-27;"sexta-feira";"19:40:00";"ES";101;214;"IBIRACU";"Acessar a via sem observar a presença dos outros veículos";"Colisão transversal";"Com Vítimas Feridas";"Plena Noite";"Crescente";"Chuva";"Simples";"Interseção de Vias";"Não";2;0;1;0;1;0;1;2;-19,83003744;-40,37308216;"SPRF-ES";"DEL02-ES";"UOP01-DEL02-ES"
755092;2026-02-27;"sexta-feira";"18:20:00";"AL";424;100;"MARECHAL DEODORO";"Ultrapassagem Indevida";"Colisão frontal";"Com Vítimas Feridas";"Plena Noite";"Crescente";"Céu Claro";"Simples";"Curva";"Não";2;0;1;0;1;0;1;2;-9,65773881;-35,85394333;"SPRF-AL";"DEL02-AL";"UOP01-DEL02-AL"
755093;2026-02-27;"sexta-feira";"17:07:00";"MS";463;106;"PONTA PORA";"Manobra de mudança de faixa";"Colisão lateral mesmo sentido";"Com Vítimas Feridas";"Anoitecer";"Crescente";"Céu Claro";"Dupla";"Reta";"Sim";3;0;1;0;2;0;1;2;-22,58271129;-55,68531668;"SPRF-MS";"DEL04/MS";"UOP03-DEL04-MS"
755095;2026-02-27;"sexta-feira";"19:30:00";"RJ";116;176;"SAO JOAO DE MERITI";"Ausência de reação do condutor";"Queda de ocupante de veículo";"Com Vítimas Feridas";"Plena Noite";"Crescente";"Chuva";"Dupla";"Reta";"Não";1;0;1;0;0;0;1;1;-22,78841766;-43,3746618;"SPRF-RJ";"DEL06/RJ";"UOP01-DEL06-RJ"
755097;2026-02-27;"sexta-feira";"18:50:00";"MG";381;490,5;"BETIM";"Manobra de mudança de faixa";"Colisão lateral mesmo sentido";"Sem Vítimas";"Plena Noite";"Decrescente";"Céu Claro";"Múltipla";"Reta";"Sim";2;0;0;0;2;0;0;2;-19,96006824;-44,15311933;"SPRF-MG";"DEL01/MG";"UOP03-DEL01-MG"
755098;2026-02-27;"sexta-feira";"19:00:00";"PI";316;240;"INHUMA";"Ausência de reação do condutor";"Colisão traseira";"Com Vítimas Feridas";"Plena Noite";"Decrescente";"Nublado";"Simples";"Reta";"Não";2;0;1;0;1;0;1;2;-6,66075;-41,717778;"SPRF-PI";"DEL04-PI";"UOP02-DEL04-PI"
755099;2026-02-27;"sexta-feira";"18:20:00";"PR";376;164;"MARINGA";"Pedestre cruzava a pista fora da faixa";"Atropelamento de Pedestre";"Com Vítimas Feridas";"Anoitecer";"Decrescente";"Céu Claro";"Dupla";"Reta";"Sim";2;0;0;1;1;0;1;2;-23,36906;-52,064346;"SPRF-PR";"DEL09/PR";"UOP02-DEL09-PR"
755100;2026-02-27;"sexta-feira";"20:20:00";"RJ";116;171;"RIO DE JANEIRO";"Entrada inopinada do pedestre";"Atropelamento de Pedestre";"Com Vítimas Fatais";"Plena Noite";"Crescente";"Garoa/Chuvisco";"Dupla";"Reta";"Sim";2;1;0;0;0;1;0;2;-22,80654191;-43,34194271;"SPRF-RJ";"DEL06/RJ";"UOP01-DEL06-RJ"
755102;2026-02-27;"sexta-feira";"19:45:00";"SP";116;227;"GUARULHOS";"Ausência de reação do condutor";"Colisão lateral mesmo sentido";"Com Vítimas Feridas";"Plena Noite";"Decrescente";"Nublado";"Múltipla";"Reta";"Sim";3;0;0;1;2;0;1;3;-23,49465201;-46,55378072;"SPRF-SP";"DEL01/SP";"UOP01-DEL01-SP"
755103;2026-02-22;"domingo";"22:30:00";"RO";364;971;"PORTO VELHO";"Ausência de reação do condutor";"Colisão frontal";"Com Vítimas Feridas";"Plena Noite";"Crescente";"Céu Claro";"Simples";"Interseção de Vias";"Sim";2;0;0;2;0;0;2;2;-9,65810426;-65,73197186;"SPRF-RO";"DEL01-RO";"UOP03-DEL01-RO"
755104;2026-02-27;"sexta-feira";"19:50:00";"PB";101;27,8;"RIO TINTO";"Animais na Pista";"Tombamento";"Com Vítimas Feridas";"Plena Noite";"Decrescente";"Céu Claro";"Dupla";"Reta";"Não";3;0;2;1;0;0;3;1;-6,732387;-35,125298;"SPRF-PB";"DEL01-PB";"UOP03-DEL01-PB"
755108;2026-02-27;"sexta-feira";"20:40:00";"RS";285;228,9;"CASEIROS";"Demais falhas mecânicas ou elétricas";"Incêndio";"Sem Vítimas";"Plena Noite";"Decrescente";"Céu Claro";"Simples";"Reta";"Não";1;0;0;0;1;0;0;1;-28,24767949;-51,7834568;"SPRF-RS";"DEL08/RS";"UOP05-DEL08-RS"
755109;2026-02-27;"sexta-feira";"15:45:00";"SP";459;7,6;"PIQUETE";"Reação tardia ou ineficiente do condutor";"Colisão lateral sentido oposto";"Com Vítimas Feridas";"Pleno dia";"Decrescente";"Nublado";"Simples";"Curva";"Não";2;0;1;0;1;0;1;2;-22,57245117;-45,20913525;"SPRF-SP";"DEL08/SP";"UOP02-DEL08-SP"
755111;2026-02-27;"sexta-feira";"18:10:00";"ES";101;312,7;"VILA VELHA";"Acumulo de água sobre o pavimento";"Tombamento";"Com Vítimas Feridas";"Plena Noite";"Decrescente";"Chuva";"Dupla";"Reta";"Não";1;0;1;0;0;0;1;1;-20,449856;-40,461157;"SPRF-ES";"DEL01-ES";"UOP01-DEL01-ES"
755113;2026-02-27;"sexta-feira";"20:25:00";"PB";230;346;"PATOS";"Pista Escorregadia";"Saída de leito carroçável";"Com Vítimas Feridas";"Plena Noite";"Crescente";"Chuva";"Simples";"Reta";"Não";3;0;2;1;0;0;3;1;-6,95492;-37,376345;"SPRF-PB";"DEL03-PB";"UOP01-DEL03-PB"
755114;2026-02-27;"sexta-feira";"20:45:00";"MS";163;488;"CAMPO GRANDE";"Ausência de reação do condutor";"Tombamento";"Com Vítimas Feridas";"Plena Noite";"Decrescente";"Céu Claro";"Simples";"Reta";"Sim";1;0;1;0;0;0;1;1;-20,41295093;-54,5494136;"SPRF-MS";"DEL01/MS";"UOP02-DEL01-MS"
755115;2026-02-27;"sexta-feira";"20:20:00";"PR";272;417,8;"JANIOPOLIS";"Condutor deixou de manter distância do veículo da frente";"Colisão traseira";"Com Vítimas Feridas";"Plena Noite";"Decrescente";"Céu Claro";"Simples";"Declive;Reta";"Não";6;0;1;0;5;0;1;2;-24,13871034;-52,85802333;"SPRF-PR";"DEL09/PR";"UOP03-DEL09-PR"
755116;2026-02-27;"sexta-feira";"21:00:00";"GO";60;379;"RIO VERDE";"Ingestão de álcool pelo condutor";"Colisão com objeto";"Sem Vítimas";"Plena Noite";"Crescente";"Céu Claro";"Dupla";"Curva";"Sim";1;0;0;0;1;0;0;1;-17,775098;-50,888727;"SPRF-GO";"DEL04/GO";"UOP02-DEL04-GO"
755117;2026-02-27;"sexta-feira";"21:00:00";"RS";471;670,3;"CHUI";"Animais na Pista";"Atropelamento de Animal";"Com Vítimas Feridas";"Plena Noite";"Decrescente";"Céu Claro";"Simples";"Reta";"Não";2;0;1;0;1;0;1;2;-33,613635;-53,404131;"SPRF-RS";"DEL07/RS";"UOP04-DEL07-RS"
755121;2026-02-27;"sexta-feira";"19:30:00";"RS";468;102,5;"TRES PASSOS";"Condutor deixou de manter distância do veículo da frente";"Colisão traseira";"Sem Vítimas";"Plena Noite";"Crescente";"Céu Claro";"Simples";"Reta";"Sim";2;0;0;0;2;0;0;2;-27,46361163;-53,93654019;"SPRF-RS";"DEL08/RS";"UOP02-DEL08-RS"
755124;2026-02-27;"sexta-feira";"20:00:00";"MG";40;17;"PARACATU";"Reação tardia ou ineficiente do condutor";"Saída de leito carroçável";"Sem Vítimas";"Pleno dia";"Crescente";"Garoa/Chuvisco";"Simples";"Aclive;Reta";"Não";1;0;0;0;1;0;0;1;-17,097177;-47,02668;"SPRF-MG";"DEL14/MG";"UOP01-DEL14-MG"