"id";"data_inversa";"dia_semana";"horario";"uf";"br";"km";"municipio";"causa_acidente";"tipo_acidente";"classificacao_acidente";"fase_dia";"sentido_via";"condicao_metereologica";"tipo_pista";"tracado_via";"uso_solo";"pessoas";"mortos";"feridos_leves";"feridos_graves";"ilesos";"ignorados";"feridos";"veiculos";"latitude";"longitude";"regional";"delegacia";"uop"
755343;2026-02-28;"sábado";"23:00:00";"DF";20;22;"BRASILIA";"Ingestão de álcool pelo condutor";"Colisão traseira";"Com Vítimas Feridas";"Plena Noite";"Crescente";"Chuva";"Dupla";"Reta";"Não";3;0;2;0;1;0;2;2;-15,59696898;-47,67332822;"SPRF-DF";"DEL02-DF";"UOP01-DEL02-DF"
755345;2026-02-28;"sábado";"23:20:00";"RJ";493;97;"SEROPEDICA";"Ausência de reação do condutor";"Saída de leito carroçável";"Com Vítimas Feridas";"Plena Noite";"Crescente";"Garoa/Chuvisco";"Dupla";"Reta";"Não";1;0;0;1;0;0;1;1;-22,73819;-43,72146606;"SPRF-RJ";"DEL01/RJ";"UOP03-DEL01-RJ"
755346;2026-02-28;"sábado";"23:45:00";"GO";153;499;"GOIANIA";"Reação tardia ou ineficiente do condutor";"Colisão lateral mesmo sentido";"Com Vítimas Feridas";"Plena Noite";"Decrescente";"Céu Claro";"Dupla";"Viaduto;Reta";"Sim";3;0;1;0;0;2;1;3;-16,694664;-49,231706;"SPRF-GO";"DEL01/GO";"UOP01-DEL01-GO"
755347;2026-02-28;"sábado";"11:50:00";"GO";153;501;"GOIANIA";"Ausência de reação do condutor";"Saída de leito carroçável";"Com Vítimas Feridas";"Plena Noite";"Crescente";"Nublado";"Dupla";"Curva";"Sim";1;0;1;0;0;0;1;1;-16,710672;-49,231616;"SPRF-GO";"DEL01/GO";"UOP01-DEL01-GO"
755348;2026-02-28;"sábado";"22:40:00";"RJ";101;200;"CASIMIRO DE ABREU";"Animais na Pista";"Atropelamento de Animal";"Com Vítimas Feridas";"Plena Noite";"Decrescente";"Nublado";"Dupla";"Reta";"Não";2;0;1;0;0;1;1;2;-22,48415323;-42,14271164;"SPRF-RJ";"DEL08/RJ";"UOP04-DEL08-RJ"
755349;2026-02-28;"sábado";"23:30:00";"SP";381;87;"GUARULHOS";"Ingestão de álcool pelo condutor";"Colisão lateral mesmo sentido";"Sem Vítimas";"Plena Noite";"Crescente";"Nublado";"Múltipla";"Reta";"Sim";2;0;0;0;2;0;0;2;-23,48269031;-46,55998483;"SPRF-SP";"DEL03/SP";"UOP01-DEL03-SP"
755350;2026-03-01;"domingo";"00:10:00";"CE";116;472;"MILAGRES";"Transitar na contramão";"Colisão frontal";"Sem Vítimas";"Plena Noite";"Crescente";"Nublado";"Simples";"Curva";"Não";2;0;0;0;2;0;0;2;-7,286958;-38,868333;"SPRF-CE";"DEL05/CE";"UOP03-DEL05-CE"
755351;2026-03-01;"domingo";"00:00:00";"PR";116;121;"CURITIBA";"Reação tardia ou ineficiente do condutor";"Saída de leito carroçável";"Sem Vítimas";"Pleno dia";"Decrescente";"Nublado";"Simples";"Reta";"Não";1;0;0;0;1;0;0;1;-25,595205;-49,315995;"SPRF-PR";"DEL01/PR";"UOP03-DEL01-PR"
755352;2026-03-01;"domingo";"00:00:00";"RS";470;222,9;"GARIBALDI";"Ausência de reação do condutor";"Saída de leito carroçável";"Com Vítimas Feridas";"Plena Noite";"Decrescente";"Nublado";"Dupla";"Curva;Retorno Regulamentado";"Não";1;0;1;0;0;0;1;1;-29,22126331;-51,51628582;"SPRF-RS";"DEL06/RS";"UOP01-DEL06-RS"
755353;2026-02-28;"sábado";"19:18:00";"MT";163;1058;"GUARANTA DO NORTE";"Chuva";"Colisão frontal";"Com Vítimas Feridas";"Plena Noite";"Decrescente";"Chuva";"Simples";"Aclive";"Não";7;0;5;2;0;0;7;2;-10,012926;-54,908343;"SPRF-MT";"DEL06/MT";"UOP03-DEL06-MT"
755355;2026-02-28;"sábado";"19:30:00";"PR";277;340;"GUARAPUAVA";"Manobra de mudança de faixa";"Colisão lateral mesmo sentido";"Sem Vítimas";"Plena Noite";"Decrescente";"Céu Claro";"Dupla";"Aclive;Reta";"Não";4;0;0;0;4;0;0;2;-25,34564;-51,40455;"SPRF-PR";"DEL08/PR";"UOP01-DEL08-PR"
755356;2026-03-01;"domingo";"00:52:00";"SC";282;6;"SAO JOSE";"Ingestão de álcool pelo condutor";"Colisão com objeto";"Sem Vítimas";"Plena Noite";"Decrescente";"Nublado";"Dupla";"Declive;Curva";"Sim";1;0;0;0;1;0;0;1;-27,58607855;-48,61550543;"SPRF-SC";"DEL01/SC";"UOP01-DEL01-SC"
755357;2026-02-28;"sábado";"19:35:00";"PR";373;401;"CANDOI";"Ausência de reação do condutor";"Saída de leito carroçável";"Com Vítimas Feridas";"Plena Noite";"Decrescente";"Céu Claro";"Simples";"Reta";"Não";1;0;1;0;0;0;1;1;-25,580497;-52,056788;"SPRF-PR";"DEL08/PR";"UOP01-DEL08-PR"
755358;2026-03-01;"domingo";"01:10:00";"SP";381;86;"SAO PAULO";"Ausência de reação do condutor";"Colisão traseira";"Sem Vítimas";"Plena Noite";"Decrescente";"Céu Claro";"Múltipla";"Curva";"Não";2;0;0;0;1;1;0;2;-23,47194613;-46,56632423;"SPRF-SP";"DEL03/SP";"UOP01-DEL03-SP"
755360;2026-02-28;"sábado";"23:30:00";"MS";463;90;"PONTA PORA";"Ausência de reação do condutor";"Tombamento";"Com Vítimas Feridas";"Plena Noite";"Crescente";"Céu Claro";"Simples";"Reta";"Não";1;0;0;1;0;0;1;1;-22,5967;-55,5361;"SPRF-MS";"DEL04/MS";"UOP03-DEL04-MS"
755361;2026-03-01;"domingo";"01:00:00";"PR";277;77;"SAO JOSE DOS PINHAIS";"Ingestão de álcool pelo condutor";"Colisão traseira";"Com Vítimas Feridas";"Plena Noite";"Crescente";"Céu Claro";"Dupla";"Reta";"Não";8;0;0;2;6;0;2;3;-25,50119415;-49,1515719;"SPRF-PR";"DEL01/PR";"UOP08-DEL01-PR"
755362;2026-02-28;"sábado";"21:00:00";"RS";287;364;"JAGUARI";"Ingestão de álcool pelo condutor";"Colisão transversal";"Sem Vítimas";"Plena Noite";"Decrescente";"Céu Claro";"Simples";"Aclive;Curva";"Não";5;0;0;0;5;0;0;2;-29,4269574;-54,71904337;"SPRF-RS";"DEL12/RS";"UOP02-DEL12-RS"
755364;2026-03-01;"domingo";"01:05:00";"SC";163;81;"GUARACIABA";"Ingestão de álcool pelo condutor";"Saída de leito carroçável";"Sem Vítimas";"Plena Noite";"Crescente";"Céu Claro";"Dupla";"Declive;Reta";"Não";1;0;0;0;1;0;0;1;-26,63016273;-53,51726739;"SPRF-SC";"DEL07/SC";"UOP03-DEL07-SC"
755367;2026-03-01;"domingo";"00:50:00";"RN";226;245,6;"JUCURUTU";"Ausência de reação do condutor";"Colisão transversal";"Com Vítimas Feridas";"Plena Noite";"Decrescente";"Chuva";"Simples";"Reta;Interseção de Vias";"Sim";2;0;1;0;1;0;1;2;-6,03329522;-37,01378703;"SPRF-RN";"DEL03-RN";"UOP01-DEL03-RN"
755369;2026-03-01;"domingo";"04:10:00";"RS";116;237;"NOVO HAMBURGO";"Ingestão de álcool pelo condutor";"Colisão frontal";"Com Vítimas Feridas";"Plena Noite";"Decrescente";"Céu Claro";"Dupla";"Reta;Em Obras;Declive";"Sim";4;0;3;0;1;0;3;2;-29,68078683;-51,1420626;"SPRF-RS";"DEL01/RS";"UOP02-DEL01-RS"
755370;2026-03-01;"domingo";"02:35:00";"MT";364;209;"RONDONOPOLIS";"Ingestão de álcool pelo condutor";"Saída de leito carroçável";"Com Vítimas Feridas";"Plena Noite";"Crescente";"Céu Claro";"Dupla";"Reta";"Sim";2;0;0;2;0;0;2;1;-16,42884059;-54,69371796;"SPRF-MT";"DEL02/MT";"UOP01-DEL02-MT"
755371;2026-03-01;"domingo";"04:45:00";"PA";10;338;"SANTA MARIA DO PARA";"Transitar na contramão";"Colisão frontal";"Com Vítimas Fatais";"Amanhecer";"Crescente";"Chuva";"Simples";"Reta;Aclive";"Não";2;1;1;0;0;0;1;2;-1,3402112;-47,5824128;"SPRF-PA";"DEL01/PA";"UOP02-DEL01-PA"
755372;2026-03-01;"domingo";"01:05:00";"MT";163;1050;"MATUPA";"Ingestão de álcool pelo condutor";"Saída de leito carroçável";"Sem Vítimas";"Plena Noite";"Crescente";"Ignorado";"Simples";"Reta";"Não";1;0;0;0;1;0;0;1;-10,081968;-54,911811;"SPRF-MT";"DEL06/MT";"UOP03-DEL06-MT"
755373;2026-03-01;"domingo";"04:30:00";"PE";101;74;"RECIFE";"Ausência de reação do condutor";"Saída de leito carroçável";"Com Vítimas Feridas";"Amanhecer";"Crescente";"Céu Claro";"Dupla";"Curva";"Sim";1;0;0;1;0;0;1;1;-8,10332;-34,948492;"SPRF-PE";"DEL01/PE";"UOP01-DEL01-PE"
755375;2026-03-01;"domingo";"04:20:00";"AL";101;196;"SAO SEBASTIAO";"Ingestão de álcool pelo condutor";"Queda de ocupante de veículo";"Com Vítimas Feridas";"Amanhecer";"Crescente";"Céu Claro";"Dupla";"Reta";"Não";1;0;0;1;0;0;1;1;-9,933063;-36,511703;"SPRF-AL";"DEL02-AL";"UOP02-DEL02-AL"
755376;2026-03-01;"domingo";"04:58:00";"DF";20;11;"BRASILIA";"Entrada inopinada do pedestre";"Atropelamento de Pedestre";"Com Vítimas Feridas";"Amanhecer";"Decrescente";"Céu Claro";"Múltipla";"Declive;Reta";"Sim";2;0;0;1;1;0;1;2;-15,6463965;-47,7660676;"SPRF-DF";"DEL02-DF";"UOP01-DEL02-DF"
755377;2026-03-01;"domingo";"04:41:00";"PI";230;197;"OEIRAS";"Acumulo de água sobre o pavimento";"Tombamento";"Com Vítimas Feridas";"Amanhecer";"Crescente";"Chuva";"Dupla";"Reta";"Sim";1;0;0;1;0;0;1;1;-7,01020809;-42,1287678;"SPRF-PI";"DEL04-PI";"UOP01-DEL04-PI"
755379;2026-03-01;"domingo";"05:10:00";"SP";116;443;"REGISTRO";"Ausência de reação do condutor";"Colisão com objeto";"Com Vítimas Feridas";"Amanhecer";"Crescente";"Céu Claro";"Dupla";"Reta";"Não";2;0;2;0;0;0;2;1;-24,474025;-47,826093;"SPRF-SP";"DEL05/SP";"UOP01-DEL05-SP"
755380;2026-02-25;"quarta-feira";"13:00:00";"RJ";101;293;"ITABORAI";"Reação tardia ou ineficiente do condutor";"Colisão traseira";"Com Vítimas Feridas";"Pleno dia";"Crescente";"Céu Claro";"Dupla";"Curva";"Sim";2;0;1;0;1;0;1;2;-22,75607184;-42,89217995;"SPRF-RJ";"DEL02/RJ";"UOP02-DEL02-RJ"
755381;2026-03-01;"domingo";"01:45:00";"SP";153;212,5;"GUAIMBE";"Condutor Dormindo";"Colisão frontal";"Com Vítimas Feridas";"Plena Noite";"Decrescente";"Nublado";"Simples";"Reta;Aclive";"Não";6;0;4;0;2;0;4;2;-21,92250396;-49,91663933;"SPRF-SP";"DEL07/SP";"UOP02-DEL07-SP"
755382;2026-03-01;"domingo";"06:00:00";"GO";153;323;"RIANAPOLIS";"Ausência de reação do condutor";"Saída de leito carroçável";"Com Vítimas Feridas";"Amanhecer";"Crescente";"Nublado";"Simples";"Interseção de Vias";"Não";3;0;2;0;1;0;2;2;-15,474645;-49,495869;"SPRF-GO";"DEL02/GO";"UOP02-DEL02-GO"
755383;2026-03-01;"domingo";"04:00:00";"SC";101;123;"ITAJAI";"Ausência de reação do condutor";"Tombamento";"Com Vítimas Feridas";"Plena Noite";"Decrescente";"Nublado";"Múltipla";"Reta";"Não";2;0;0;2;0;0;2;1;-26,93153814;-48,70361701;"SPRF-SC";"DEL04/SC";"UOP04-DEL04-SC"
755384;2026-03-01;"domingo";"03:32:00";"SC";282;194;"LAGES";"Ingestão de álcool pelo condutor";"Saída de leito carroçável";"Sem Vítimas";"Plena Noite";"Decrescente";"Céu Claro";"Simples";"Reta;Aclive";"Não";1;0;0;0;1;0;0;1;-27,744223;-50,07799;"SPRF-SC";"DEL05/SC";"UOP01-DEL05-SC"
755386;2026-03-01;"domingo";"05:48:00";"PI";343;348;"TERESINA";"Ausência de reação do condutor";"Colisão traseira";"Sem Vítimas";"Pleno dia";"Crescente";"Céu Claro";"Simples";"Reta";"Não";2;0;0;0;2;0;0;2;-5,11894668;-42,78698087;"SPRF-PI";"DEL01-PI";"UOP01-DEL01-PI"
755387;2026-02-28;"sábado";"22:15:00";"MG";262;433;"NOVA SERRANA";"Reação tardia ou ineficiente do condutor";"Colisão traseira";"Com Vítimas Feridas";"Plena Noite";"Decrescente";"Céu Claro";"Dupla";"Reta";"Não";2;0;1;0;1;0;1;2;-19,89083736;-44,88942147;"SPRF-MG";"DEL08/MG";"UOP03-DEL08-MG"
755389;2026-03-01;"domingo";"05:00:00";"PR";373;243,5;"GUAMIRANGA";"Ingestão de álcool pelo condutor";"Saída de leito carroçável";"Com Vítimas Feridas";"Plena Noite";"Crescente";"Céu Claro";"Simples";"Declive;Curva";"Não";2;0;1;0;1;0;1;1;-25,193785;-50,789872;"SPRF-PR";"DEL03/PR";"UOP01-DEL03-PR"
755390;2026-02-28;"sábado";"18:50:00";"MG";262;408,8;"IGARATINGA";"Velocidade Incompatível";"Capotamento";"Com Vítimas Feridas";"Anoitecer";"Crescente";"Nublado";"Dupla";"Reta";"Não";1;0;1;0;0;0;1;1;-19,90052;-44,69474;"SPRF-MG";"DEL08/MG";"UOP03-DEL08-MG"
755391;2026-03-01;"domingo";"06:30:00";"RJ";101;54;"CAMPOS DOS GOYTACAZES";"Ingestão de álcool pelo condutor";"Colisão lateral sentido oposto";"Com Vítimas Feridas";"Pleno dia";"Crescente";"Céu Claro";"Simples";"Reta";"Sim";2;0;0;1;1;0;1;2;-21,68870061;-41,31038666;"SPRF-RJ";"DEL08/RJ";"UOP01-DEL08-RJ"
755392;2026-03-01;"domingo";"07:00:00";"GO";364;114;"APARECIDA DO RIO DOCE";"Ausência de reação do condutor";"Colisão com objeto";"Sem Vítimas";"Pleno dia";"Crescente";"Céu Claro";"Simples";"Interseção de Vias";"Sim";1;0;0;0;1;0;0;1;-18,296198;-51,149418;"SPRF-GO";"DEL05/GO";"UOP02-DEL05-GO"
755394;2026-03-01;"domingo";"06:40:00";"MG";40;330,5;"FELIXLANDIA";"Condutor Dormindo";"Tombamento";"Com Vítimas Feridas";"Pleno dia";"Crescente";"Céu Claro";"Simples";"Declive;Reta";"Não";1;0;1;0;0;0;1;1;-18,5754;-45,0169;"SPRF-MG";"DEL14/MG";"UOP02-DEL14-MG"
755395;2026-03-01;"domingo";"06:48:00";"PE";232;106;"BEZERROS";"Transitar na contramão";"Colisão frontal";"Com Vítimas Feridas";"Pleno dia";"Decrescente";"Céu Claro";"Dupla";"Reta";"Não";3;0;2;0;1;0;2;2;-8,26883;-35,79767;"SPRF-PE";"DEL02/PE";"UOP03-DEL02-PE"
755396;2026-03-01;"domingo";"06:50:00";"SC";280;130;"RIO NEGRINHO";"Acessar a via sem observar a presença dos outros veículos";"Colisão transversal";"Com Vítimas Feridas";"Amanhecer";"Crescente";"Céu Claro";"Simples";"Reta";"Não";4;0;0;3;1;0;3;2;-26,254435;-49,536205;"SPRF-SC";"DEL06/SC";"UOP03-DEL06-SC"
755397;2026-03-01;"domingo";"04:50:00";"MT";364;250;"JUSCIMEIRA";"Manobra de mudança de faixa";"Queda de ocupante de veículo";"Com Vítimas Feridas";"Plena Noite";"Decrescente";"Céu Claro";"Dupla";"Reta";"Não";2;0;0;1;0;1;1;1;-16,12820071;-54,84500888;"SPRF-MT";"DEL02/MT";"UOP01-DEL02-MT"
755398;2026-03-01;"domingo";"07:50:00";"SP";116;1;"GUARULHOS";"Ausência de reação do condutor";"Colisão lateral mesmo sentido";"Com Vítimas Feridas";"Pleno dia";"Crescente";"Céu Claro";"Dupla";"Reta";"Não";3;0;1;0;1;1;1;2;-23,45042524;-46,4921619;"SPRF-SP";"DEL01/SP";"UOP01-DEL01-SP"
755399;2026-03-01;"domingo";"06:20:00";"MS";262;240;"RIBAS DO RIO PARDO";"Acessar a via sem observar a presença dos outros veículos";"Colisão transversal";"Com Vítimas Feridas";"Amanhecer";"Decrescente";"Céu Claro";"Simples";"Reta";"Sim";3;0;2;0;1;0;2;2;-20,4609521;-53,7081442;"SPRF-MS";"DEL01/MS";"UOP05-DEL01-MS"
755400;2026-03-01;"domingo";"07:20:00";"PE";101;65;"RECIFE";"Reação tardia ou ineficiente do condutor";"Colisão transversal";"Com Vítimas Feridas";"Pleno dia";"Decrescente";"Chuva";"Múltipla";"Reta";"Sim";2;0;1;0;0;1;1;2;-8,030013;-34,942927;"SPRF-PE";"DEL01/PE";"UOP01-DEL01-PE"
755402;2026-02-27;"sexta-feira";"09:30:00";"RN";406;169;"SAO GONCALO DO AMARANTE";"Reação tardia ou ineficiente do condutor";"Tombamento";"Com Vítimas Feridas";"Pleno dia";"Crescente";"Ignorado";"Dupla";"Reta";"Não";2;0;1;0;0;1;1;2;-5,755123;-35,308357;"SPRF-RN";"DEL02-RN";"UOP01-DEL02-RN"
755403;2026-01-28;"quarta-feira";"22:30:00";"MG";381;511;"IGARAPE";"Ausência de reação do condutor";"Tombamento";"Com Vítimas Feridas";"Plena Noite";"Decrescente";"Céu Claro";"Dupla";"Reta";"Não";2;0;0;1;1;0;1;1;-20,07095528;-44,2994298;"SPRF-MG";"DEL01/MG";"UOP03-DEL01-MG"
755404;2026-03-01;"domingo";"06:20:00";"PR";153;323;"IMBITUVA";"Transitar na contramão";"Colisão frontal";"Com Vítimas Feridas";"Amanhecer";"Decrescente";"Céu Claro";"Simples";"Reta";"Não";31;0;2;0;29;0;2;2;-25,33064086;-50,63460097;"SPRF-PR";"DEL08/PR";"UOP02-DEL08-PR"
755405;2026-03-01;"domingo";"08:10:00";"MG";50;41;"ARAGUARI";"Ausência de reação do condutor";"Tombamento";"Com Vítimas Feridas";"Pleno dia";"Crescente";"Céu Claro";"Dupla";"Declive;Reta";"Não";1;0;1;0;0;0;1;1;-18,682895;-48,17896;"SPRF-MG";"DEL15/MG";"UOP02-DEL15-MG"
755406;2026-02-28;"sábado";"17:25:00";"MT";163;801;"VERA";"Ausência de reação do condutor";"Saída de leito carroçável";"Sem Vítimas";"Pleno dia";"Crescente";"Chuva";"Simples";"Curva";"Não";1;0;0;0;1;0;0;1;-12,1622406;-55,5144918;"SPRF-MT";"DEL06/MT";"UOP02-DEL06-MT"
755407;2026-02-13;"sexta-feira";"10:20:00";"SC";101;157;"PORTO BELO";"Ausência de reação do condutor";"Colisão lateral sentido oposto";"Com Vítimas Feridas";"Pleno dia";"Decrescente";"Céu Claro";"Dupla";"Reta";"Sim";2;0;1;0;0;1;1;2;-27,182845;-48,612046;"SPRF-SC";"DEL04/SC";"UOP03-DEL04-SC"
755408;2026-03-01;"domingo";"07:40:00";"PB";230;15,1;"JOAO PESSOA";"Reação tardia ou ineficiente do condutor";"Colisão com objeto";"Sem Vítimas";"Pleno dia";"Decrescente";"Chuva";"Dupla";"Declive;Curva";"Sim";2;0;0;0;1;1;0;1;-7,10163904;-34,84748393;"SPRF-PB";"DEL01-PB";"UOP01-DEL01-PB"
755409;2026-03-01;"domingo";"08:16:00";"SP";116;498;"CAJATI";"Ausência de reação do condutor";"Queda de ocupante de veículo";"Com Vítimas Feridas";"Pleno dia";"Crescente";"Céu Claro";"Múltipla";"Reta";"Não";1;0;1;0;0;0;1;1;-24,78082066;-48,17494941;"SPRF-SP";"DEL05/SP";"UOP02-DEL05-SP"
755410;2026-03-01;"domingo";"08:45:00";"MG";262;376,5;"MATEUS LEME";"Velocidade Incompatível";"Colisão lateral mesmo sentido";"Com Vítimas Feridas";"Pleno dia";"Crescente";"Céu Claro";"Dupla";"Reta;Aclive";"Não";3;0;1;0;2;0;1;2;-19,93716936;-44,44392836;"SPRF-MG";"DEL01/MG";"UOP03-DEL01-MG"
755412;2026-01-16;"sexta-feira";"18:30:00";"RN";101;104;"PARNAMIRIM";"Manobra de mudança de faixa";"Colisão lateral mesmo sentido";"Com Vítimas Feridas";"Plena Noite";"Decrescente";"Céu Claro";"Dupla";"Reta";"Sim";3;0;2;1;0;0;3;2;-5,8960849;-35,25796859;"SPRF-RN";"DEL01-RN";"UOP01-DEL01-RN"
755415;2026-03-01;"domingo";"08:30:00";"RS";470;318,1;"TRIUNFO";"Ingestão de álcool pelo condutor";"Saída de leito carroçável";"Sem Vítimas";"Pleno dia";"Crescente";"Céu Claro";"Simples";"Reta";"Não";1;0;0;0;1;0;0;1;-29,755909;-51,665545;"SPRF-RS";"DEL04/RS";"UOP02-DEL04-RS"
755416;2026-03-01;"domingo";"09:50:00";"SC";280;28,1;"ARAQUARI";"Acessar a via sem observar a presença dos outros veículos";"Colisão transversal";"Com Vítimas Feridas";"Pleno dia";"Decrescente";"Céu Claro";"Simples";"Reta";"Sim";3;0;2;0;1;0;2;2;-26,378342;-48,720342;"SPRF-SC";"DEL03/SC";"UOP03-DEL03-SC"
755417;2026-01-01;"quinta-feira";"04:20:00";"PR";277;9;"FOZ DO IGUACU";"Transitar na contramão";"Colisão frontal";"Com Vítimas Feridas";"Plena Noite";"Crescente";"Nublado";"Dupla";"Viaduto";"Sim";2;0;0;1;0;1;1;2;-25,5762463;-54,5498654;"SPRF-PR";"DEL05/PR";"UOP04-DEL05-PR"
755418;2026-03-01;"domingo";"10:08:00";"TO";10;452;"PALMAS";"Reação tardia ou ineficiente do condutor";"Colisão com objeto";"Sem Vítimas";"Pleno dia";"Crescente";"Garoa/Chuvisco";"Dupla";"Reta";"Não";1;0;0;0;1;0;0;1;-10,3279843;-48,29798484;"SPRF-TO";"DEL01-TO";"UOP03-DEL01-TO"
755419;2026-03-01;"domingo";"07:30:00";"PE";104;79;"CARUARU";"Ausência de reação do condutor";"Saída de leito carroçável";"Com Vítimas Feridas";"Pleno dia";"Crescente";"Céu Claro";"Simples";"Curva";"Não";1;0;0;1;0;0;1;1;-8,385709;-35,981682;"SPRF-PE";"DEL02/PE";"UOP01-DEL02-PE"
755420;2026-03-01;"domingo";"10:20:00";"RS";290;223,3;"PANTANO GRANDE";"Reação tardia ou ineficiente do condutor";"Saída de leito carroçável";"Com Vítimas Feridas";"Pleno dia";"Crescente";"Sol";"Dupla";"Reta";"Não";2;0;1;0;1;0;1;1;-30,20274073;-52,44992003;"SPRF-RS";"DEL02/RS";"UOP03-DEL02-RS"
755421;2026-03-01;"domingo";"09:10:00";"PE";232;71;"GRAVATA";"Ausência de reação do condutor";"Queda de ocupante de veículo";"Com Vítimas Feridas";"Pleno dia";"Crescente";"Nublado";"Dupla";"Declive;Reta";"Não";1;0;1;0;0;0;1;1;-8,185595;-35,49815;"SPRF-PE";"DEL02/PE";"UOP02-DEL02PE"
755423;2026-03-01;"domingo";"11:25:00";"SC";282;16,4;"PALHOCA";"Acessar a via sem observar a presença dos outros veículos";"Colisão transversal";"Com Vítimas Feridas";"Pleno dia";"Decrescente";"Nublado";"Simples";"Interseção de Vias;Reta";"Sim";2;0;0;1;1;0;1;2;-27,661626;-48,684596;"SPRF-SC";"DEL01/SC";"UOP02-DEL01-SC"
755424;2026-03-01;"domingo";"11:15:00";"SP";381;70;"MAIRIPORA";"Reação tardia ou ineficiente do condutor";"Queda de ocupante de veículo";"Com Vítimas Feridas";"Pleno dia";"Decrescente";"Céu Claro";"Dupla";"Declive;Curva";"Não";1;0;1;0;0;0;1;1;-23,35034304;-46,5619576;"SPRF-SP";"DEL03/SP";"UOP01-DEL03-SP"
755425;2026-03-01;"domingo";"07:30:00";"SP";116;220;"GUARULHOS";"Trafegar com motocicleta (ou similar) entre as faixas";"Colisão lateral mesmo sentido";"Com Vítimas Feridas";"Pleno dia";"Crescente";"Nublado";"Múltipla";"Reta";"Sim";3;0;1;0;2;0;1;3;-23,49450156;-46,55362529;"SPRF-SP";"DEL01/SP";"UOP01-DEL01-SP"
755427;2026-03-01;"domingo";"12:00:00";"MG";153;233,1;"FRONTEIRA";"Afundamento ou ondulação no pavimento";"Tombamento";"Com Vítimas Feridas";"Pleno dia";"Decrescente";"Céu Claro";"Simples";"Reta;Aclive";"Não";1;0;0;1;0;0;1;1;-20,20867;-49,13596;"SPRF-MG";"DEL13/MG";"UOP02-DEL13-MG"
755429;2026-02-26;"quinta-feira";"06:10:00";"SP";381;69;"MAIRIPORA";"Ausência de reação do condutor";"Colisão com objeto";"Com Vítimas Feridas";"Amanhecer";"Decrescente";"Chuva";"Simples";"Declive;Curva";"Não";1;0;1;0;0;0;1;1;-23,349088;-46,560932;"SPRF-SP";"DEL03/SP";"UOP01-DEL03-SP"
755430;2026-03-01;"domingo";"12:15:00";"PB";230;9;"CABEDELO";"Ausência de reação do condutor";"Colisão traseira";"Com Vítimas Feridas";"Pleno dia";"Decrescente";"Nublado";"Dupla";"Reta";"Sim";2;0;1;0;1;0;1;2;-7,046512;-34,847527;"SPRF-PB";"DEL01-PB";"UOP01-DEL01-PB"
755431;2026-03-01;"domingo";"12:20:00";"PR";277;213;"PALMEIRA";"Ausência de reação do condutor";"Saída de leito carroçável";"Com Vítimas Feridas";"Pleno dia";"Crescente";"Sol";"Simples";"Curva";"Não";2;0;2;0;0;0;2;1;-25,45925;-50,33149;"SPRF-PR";"DEL08/PR";"UOP02-DEL08-PR"
755432;2026-03-01;"domingo";"12:47:00";"PI";343;7,8;"PARNAIBA";"Ingestão de álcool pelo condutor";"Colisão traseira";"Com Vítimas Feridas";"Pleno dia";"Crescente";"Nublado";"Simples";"Reta";"Sim";2;0;0;1;1;0;1;2;-2,89926771;-41,72280455;"SPRF-PI";"DEL05-PI";"UOP01-DEL05-PI"
755433;2026-03-01;"domingo";"11:10:00";"SC";101;432,9;"SOMBRIO";"Manobra de mudança de faixa";"Colisão com objeto";"Com Vítimas Feridas";"Pleno dia";"Crescente";"Céu Claro";"Múltipla";"Reta";"Sim";5;0;4;1;0;0;5;1;-29,07938486;-49,62900862;"SPRF-SC";"DEL02/SC";"UOP02-DEL02-SC"
755435;2026-03-01;"domingo";"11:15:00";"PA";316;151,9;"CAPANEMA";"Acesso irregular";"Colisão transversal";"Com Vítimas Feridas";"Pleno dia";"Decrescente";"Nublado";"Simples";"Reta";"Não";7;0;1;0;6;0;1;2;-1,222853;-47,168595;"SPRF-PA";"DEL01/PA";"UOP03-DEL01-PA"
755436;2026-03-01;"domingo";"11:00:00";"RJ";101;409;"ITAGUAI";"Manobra de mudança de faixa";"Colisão lateral mesmo sentido";"Com Vítimas Feridas";"Pleno dia";"Crescente";"Céu Claro";"Dupla";"Reta";"Não";2;0;1;0;1;0;1;2;-22,85894021;-43,75935193;"SPRF-RJ";"DEL03/RJ";"UOP01-DEL03-RJ"
755438;2026-02-13;"sexta-feira";"13:30:00";"PR";476;118;"COLOMBO";"Reação tardia ou ineficiente do condutor";"Tombamento";"Com Vítimas Feridas";"Pleno dia";"Decrescente";"Chuva";"Dupla";"Curva";"Sim";1;0;1;0;0;0;1;1;-25,34805959;-49,17390347;"SPRF-PR";"DEL01/PR";"UOP01-DEL01-PR"
755439;2026-03-01;"domingo";"13:30:00";"BA";407;5,5;"JUAZEIRO";"Transitar na contramão";"Colisão lateral sentido oposto";"Com Vítimas Fatais";"Pleno dia";"Decrescente";"Céu Claro";"Simples";"Reta";"Sim";1;1;0;0;0;0;0;1;-9,44732302;-40,49065797;"SPRF-PE";"DEL06/PE";"UOP01-DEL06-PE"
755443;2026-03-01;"domingo";"14:00:00";"ES";259;63,5;"COLATINA";"Demais falhas mecânicas ou elétricas";"Tombamento";"Com Vítimas Feridas";"Pleno dia";"Decrescente";"Sol";"Simples";"Reta";"Não";2;0;1;1;0;0;2;1;-19,52113669;-40,71166277;"SPRF-ES";"DEL02-ES";"UOP01-DEL02-ES"