"id";"data_inversa";"dia_semana";"horario";"uf";"br";"km";"municipio";"causa_acidente";"tipo_acidente";"classificacao_acidente";"fase_dia";"sentido_via";"condicao_metereologica";"tipo_pista";"tracado_via";"uso_solo";"pessoas";"mortos";"feridos_leves";"feridos_graves";"ilesos";"ignorados";"feridos";"veiculos";"latitude";"longitude";"regional";"delegacia";"uop"
755445;2026-02-27;"sexta-feira";"00:30:00";"SC";282;151;"BOM RETIRO";"Ausência de reação do condutor";"Saída de leito carroçável";"Com Vítimas Feridas";"Pleno dia";"Decrescente";"Céu Claro";"Simples";"Reta";"Não";1;0;0;1;0;0;1;1;-27,7608876;-49,6719027;"SPRF-SC";"DEL05/SC";"UOP01-DEL05-SC"
755446;2026-03-01;"domingo";"12:40:00";"BA";101;943;"MUCURI";"Conversão proibida";"Colisão transversal";"Com Vítimas Feridas";"Pleno dia";"Decrescente";"Nublado";"Simples";"Reta";"Não";2;0;0;1;1;0;1;2;-18,07079;-39,88227;"SPRF-BA";"DEL09/BA";"UOP02-DEL09-BA"
755448;2026-03-01;"domingo";"13:40:00";"MG";262;37,6;"MANHUACU";"Conversão proibida";"Colisão traseira";"Com Vítimas Feridas";"Pleno dia";"Crescente";"Céu Claro";"Simples";"Reta";"Sim";3;0;1;0;2;0;1;2;-20,25933195;-42,03160287;"SPRF-MG";"DEL06/MG";"UOP03-DEL06-MG"
755449;2026-03-01;"domingo";"14:26:00";"PE";101;44;"IGARASSU";"Acessar a via sem observar a presença dos outros veículos";"Colisão transversal";"Com Vítimas Feridas";"Pleno dia";"Crescente";"Céu Claro";"Simples";"Reta";"Não";3;0;1;0;2;0;1;2;-7,8584602;-34,9081406;"SPRF-PE";"DEL01/PE";"UOP02-DEL01-PE"
755451;2026-03-01;"domingo";"10:44:00";"MS";163;370;"NOVA ALVORADA DO SUL";"Reação tardia ou ineficiente do condutor";"Tombamento";"Com Vítimas Feridas";"Pleno dia";"Crescente";"Céu Claro";"Dupla";"Reta";"Sim";2;0;0;2;0;0;2;1;-21,42099163;-54,39017773;"SPRF-MS";"DEL02/MS";"UOP01-DEL02-MS"
755453;2026-03-01;"domingo";"14:45:00";"PR";116;152;"MANDIRITUBA";"Acessar a via sem observar a presença dos outros veículos";"Colisão transversal";"Sem Vítimas";"Pleno dia";"Crescente";"Céu Claro";"Simples";"Reta";"Sim";2;0;0;0;2;0;0;2;-25,86165004;-49,36152983;"SPRF-PR";"DEL01/PR";"UOP03-DEL01-PR"
755454;2026-03-01;"domingo";"15:17:00";"MG";40;566;"NOVA LIMA";"Ingestão de álcool pelo condutor";"Saída de leito carroçável";"Sem Vítimas";"Pleno dia";"Crescente";"Céu Claro";"Dupla";"Curva";"Não";1;0;0;0;1;0;0;1;-20,16762363;-43,96472096;"SPRF-MG";"DEL01/MG";"UOP02-DEL01-MG"
755455;2026-03-01;"domingo";"15:15:00";"PR";116;166;"QUITANDINHA";"Ingestão de álcool pelo condutor";"Colisão transversal";"Com Vítimas Feridas";"Pleno dia";"Crescente";"Sol";"Simples";"Reta";"Não";3;0;0;1;2;0;1;2;-25,876219;-49,488927;"SPRF-PR";"DEL01/PR";"UOP03-DEL01-PR"
755456;2026-02-25;"quarta-feira";"12:10:00";"BA";101;101;"GANDU";"Acesso irregular";"Colisão transversal";"Com Vítimas Feridas";"Pleno dia";"Crescente";"Sol";"Simples";"Reta";"Sim";2;0;1;0;1;0;1;2;-13,74772241;-39,4846487;"SPRF-BA";"DEL01/BA";"UOP04-DEL01-BA"
755457;2026-03-01;"domingo";"15:00:00";"SC";101;111;"NAVEGANTES";"Ingestão de álcool pelo condutor";"Saída de leito carroçável";"Sem Vítimas";"Pleno dia";"Crescente";"Céu Claro";"Simples";"Curva;Retorno Regulamentado";"Sim";1;0;0;0;1;0;0;1;-26,839814;-48,716102;"SPRF-SC";"DEL04/SC";"UOP04-DEL04-SC"
755458;2026-03-01;"domingo";"15:45:00";"SC";101;153;"PORTO BELO";"Trafegar com motocicleta (ou similar) entre as faixas";"Colisão lateral mesmo sentido";"Com Vítimas Feridas";"Pleno dia";"Decrescente";"Céu Claro";"Dupla";"Reta";"Sim";3;0;1;0;2;0;1;3;-27,14156407;-48,61015527;"SPRF-SC";"DEL04/SC";"UOP03-DEL04-SC"
755459;2026-03-01;"domingo";"16:05:00";"AL";104;87,1;"RIO LARGO";"Chuva";"Tombamento";"Com Vítimas Feridas";"Pleno dia";"Decrescente";"Chuva";"Dupla";"Reta";"Sim";1;0;1;0;0;0;1;1;-9,473807;-35,822162;"SPRF-AL";"DEL01-AL";"UOP01-DEL01-AL"
755460;2026-03-01;"domingo";"14:00:00";"RS";470;132;"ANDRE DA ROCHA";"Reação tardia ou ineficiente do condutor";"Saída de leito carroçável";"Sem Vítimas";"Pleno dia";"Crescente";"Céu Claro";"Simples";"Reta";"Não";1;0;0;0;0;1;0;1;-28,632115;-51,5712133;"SPRF-RS";"DEL06/RS";"UOP02-DEL06-RS"
755461;2026-03-01;"domingo";"14:00:00";"RJ";101;283;"ITABORAI";"Falta de elemento de contenção que evite a saída do leito carroçável";"Saída de leito carroçável";"Com Vítimas Feridas";"Pleno dia";"Crescente";"Céu Claro";"Simples";"Curva";"Sim";3;0;1;0;2;0;1;2;-22,73550955;-42,8031606;"SPRF-RJ";"DEL02/RJ";"UOP02-DEL02-RJ"
755463;2026-03-01;"domingo";"15:30:00";"PE";232;8,3;"RECIFE";"Condutor deixou de manter distância do veículo da frente";"Colisão traseira";"Com Vítimas Feridas";"Pleno dia";"Decrescente";"Céu Claro";"Múltipla";"Reta";"Não";3;0;1;0;1;1;1;2;-8,07664;-34,97222;"SPRF-PE";"DEL01/PE";"UOP01-DEL01-PE"
755464;2026-03-01;"domingo";"15:50:00";"SC";470;32,5;"GASPAR";"Reação tardia ou ineficiente do condutor";"Colisão traseira";"Com Vítimas Feridas";"Pleno dia";"Crescente";"Nublado";"Dupla";"Reta";"Não";3;0;1;0;2;0;1;2;-26,90397901;-48,9365387;"SPRF-SC";"DEL04/SC";"UOP01-DEL04-SC"
755465;2026-03-01;"domingo";"10:50:00";"RJ";116;250;"PIRAI";"Manobra de mudança de faixa";"Colisão traseira";"Com Vítimas Feridas";"Pleno dia";"Decrescente";"Céu Claro";"Múltipla";"Reta";"Não";3;0;2;0;0;1;2;3;-22,587469;-43,957789;"SPRF-RJ";"DEL07/RJ";"UOP01-DEL07-RJ"
755468;2026-03-01;"domingo";"15:50:00";"CE";116;94,2;"MORADA NOVA";"Acessar a via sem observar a presença dos outros veículos";"Colisão transversal";"Com Vítimas Feridas";"Pleno dia";"Crescente";"Chuva";"Simples";"Curva";"Sim";2;0;1;0;1;0;1;2;-4,50533208;-38,3590405;"SPRF-CE";"DEL03/CE";"UOP01-DEL03-CE"
755470;2026-03-01;"domingo";"16:00:00";"MG";50;188;"UBERABA";"Demais falhas mecânicas ou elétricas";"Queda de ocupante de veículo";"Com Vítimas Feridas";"Pleno dia";"Decrescente";"Céu Claro";"Dupla";"Declive;Reta";"Não";2;0;0;1;1;0;1;1;-19,84112;-47,879693;"SPRF-MG";"DEL13/MG";"UOP01-DEL13-MG"
755471;2026-03-01;"domingo";"15:40:00";"RJ";116;203;"QUEIMADOS";"Manobra de mudança de faixa";"Colisão lateral mesmo sentido";"Com Vítimas Feridas";"Pleno dia";"Crescente";"Céu Claro";"Dupla";"Reta";"Não";6;0;1;1;2;2;2;4;-22,72584048;-43,65726471;"SPRF-RJ";"DEL06/RJ";"UOP02-DEL06-RJ"
755472;2026-03-01;"domingo";"15:40:00";"SC";282;336;"CAMPOS NOVOS";"Reação tardia ou ineficiente do condutor";"Saída de leito carroçável";"Com Vítimas Feridas";"Pleno dia";"Crescente";"Céu Claro";"Simples";"Reta";"Não";6;0;3;0;3;0;3;1;-27,39082097;-51,15989685;"SPRF-SC";"DEL07/SC";"UOP06-DEL07-SC"
755473;2026-03-01;"domingo";"14:00:00";"MG";116;645,7;"FERVEDOURO";"Avarias e/ou desgaste excessivo no pneu";"Tombamento";"Com Vítimas Feridas";"Pleno dia";"Crescente";"Céu Claro";"Simples";"Reta";"Não";2;0;1;1;0;0;2;1;-20,69054539;-42,27343932;"SPRF-MG";"DEL07/MG";"UOP02-DEL07-MG"
755474;2026-03-01;"domingo";"17:15:00";"SC";101;192;"BIGUACU";"Avarias e/ou desgaste excessivo no pneu";"Saída de leito carroçável";"Com Vítimas Feridas";"Pleno dia";"Crescente";"Nublado";"Dupla";"Reta";"Sim";1;0;1;0;0;0;1;1;-27,48300601;-48,64689155;"SPRF-SC";"DEL01/SC";"UOP01-DEL01-SC"
755475;2026-01-20;"terça-feira";"22:30:00";"MG";381;877,1;"ESTIVA";"Demais falhas mecânicas ou elétricas";"Tombamento";"Com Vítimas Feridas";"Plena Noite";"Decrescente";"Nublado";"Dupla";"Curva;Declive";"Não";2;0;1;0;1;0;1;2;-22,43802513;-45,98386556;"SPRF-MG";"DEL16/MG";"UOP01-DEL16-MG"
755476;2026-03-01;"domingo";"15:52:00";"AC";364;124;"RIO BRANCO";"Condutor deixou de manter distância do veículo da frente";"Colisão traseira";"Com Vítimas Feridas";"Pleno dia";"Crescente";"Céu Claro";"Dupla";"Reta";"Sim";2;0;1;0;1;0;1;2;-10,01160239;-67,79473811;"SPRF-AC";"DEL01-AC";"UOP01-DEL01-AC"
755478;2026-03-01;"domingo";"16:00:00";"BA";407;205;"CAPIM GROSSO";"Acessar a via sem observar a presença dos outros veículos";"Colisão frontal";"Com Vítimas Feridas";"Anoitecer";"Decrescente";"Céu Claro";"Simples";"Reta";"Sim";2;0;0;1;1;0;1;2;-11,1861972;-40,0426711;"SPRF-BA";"DEL04/BA";"UOP02-DEL04-BA"
755479;2026-03-01;"domingo";"16:50:00";"RO";364;712;"PORTO VELHO";"Acessar a via sem observar a presença dos outros veículos";"Colisão transversal";"Com Vítimas Feridas";"Pleno dia";"Crescente";"Céu Claro";"Simples";"Rotatória;Reta";"Não";2;0;0;1;1;0;1;2;-8,77638383;-63,87377393;"SPRF-RO";"DEL01-RO";"UOP01-DEL01-RO"
755481;2026-03-01;"domingo";"18:00:00";"PR";116;15;"COLOMBO";"Reação tardia ou ineficiente do condutor";"Colisão traseira";"Com Vítimas Feridas";"Anoitecer";"Decrescente";"Céu Claro";"Dupla";"Reta";"Sim";2;0;1;0;1;0;1;2;-25,3858774;-49,17196155;"SPRF-PR";"DEL01/PR";"UOP02-DEL01-PR"
755482;2026-03-01;"domingo";"18:35:00";"MG";267;158,8;"LIMA DUARTE";"Velocidade Incompatível";"Saída de leito carroçável";"Com Vítimas Feridas";"Anoitecer";"Decrescente";"Céu Claro";"Simples";"Curva";"Não";1;0;1;0;0;0;1;1;-21,835694;-43,761765;"SPRF-MG";"DEL05/MG";"UOP01-DEL05-MG"
755483;2026-03-01;"domingo";"18:30:00";"ES";101;326;"GUARAPARI";"Objeto estático sobre o leito carroçável";"Colisão com objeto";"Com Vítimas Feridas";"Plena Noite";"Crescente";"Céu Claro";"Dupla";"Reta";"Não";1;0;1;0;0;0;1;1;-20,567482;-40,482993;"SPRF-ES";"DEL03-ES";"UOP01-DEL03-ES"
755485;2026-03-01;"domingo";"18:00:00";"PB";230;48,6;"SANTA RITA";"Acesso irregular";"Colisão transversal";"Com Vítimas Feridas";"Plena Noite";"Crescente";"Nublado";"Dupla";"Viaduto";"Não";2;0;1;0;1;0;1;2;-7,175935;-35,042046;"SPRF-PB";"DEL01-PB";"UOP02-DEL01-PB"
755487;2026-03-01;"domingo";"18:35:00";"PE";232;4,5;"RECIFE";"Entrada inopinada do pedestre";"Atropelamento de Pedestre";"Com Vítimas Feridas";"Plena Noite";"Decrescente";"Nublado";"Dupla";"Reta";"Sim";4;0;0;1;1;2;1;2;-8,0659;-34,94014;"SPRF-PE";"DEL01/PE";"UOP01-DEL01-PE"
755491;2026-03-01;"domingo";"18:45:00";"BA";242;410;"SEABRA";"Transitar na contramão";"Colisão frontal";"Com Vítimas Feridas";"Plena Noite";"Crescente";"Chuva";"Simples";"Reta";"Não";2;0;0;1;0;1;1;2;-12,458848;-41,749025;"SPRF-BA";"DEL06/BA";"UOP01-DEL06-BA"
755493;2026-03-01;"domingo";"19:15:00";"RS";287;393;"SANTIAGO";"Ausência de reação do condutor";"Colisão transversal";"Com Vítimas Feridas";"Anoitecer";"Decrescente";"Céu Claro";"Simples";"Curva;Declive;Interseção de Vias";"Sim";5;0;1;0;4;0;1;2;-29,21672188;-54,84344637;"SPRF-RS";"DEL12/RS";"UOP02-DEL12-RS"
755495;2026-03-01;"domingo";"16:55:00";"RJ";40;77;"PETROPOLIS";"Ausência de reação do condutor";"Queda de ocupante de veículo";"Com Vítimas Feridas";"Pleno dia";"Crescente";"Chuva";"Simples";"Reta";"Não";1;0;1;0;0;0;1;1;-22,4816411;-43,233656;"SPRF-RJ";"DEL01/RJ";"UOP01-DEL01-RJ"
755496;2026-03-01;"domingo";"19:40:00";"SC";280;45,9;"GUARAMIRIM";"Transitar na contramão";"Colisão frontal";"Com Vítimas Fatais";"Plena Noite";"Decrescente";"Nublado";"Simples";"Em Obras;Reta";"Não";8;1;0;1;6;0;1;3;-26,452865;-48,90744;"SPRF-SC";"DEL03/SC";"UOP03-DEL03-SC"
755497;2026-03-01;"domingo";"19:10:00";"SC";280;7,4;"SAO FRANCISCO DO SUL";"Transitar no Acostamento";"Colisão frontal";"Com Vítimas Feridas";"Plena Noite";"Crescente";"Nublado";"Simples";"Reta";"Sim";4;0;0;4;0;0;4;3;-26,274133;-48,643328;"SPRF-SC";"DEL03/SC";"UOP03-DEL03-SC"
755499;2026-03-01;"domingo";"19:10:00";"SP";116;484;"CAJATI";"Reação tardia ou ineficiente do condutor";"Queda de ocupante de veículo";"Com Vítimas Feridas";"Plena Noite";"Decrescente";"Nublado";"Dupla";"Reta";"Não";1;0;1;0;0;0;1;1;-24,72215814;-48,0678463;"SPRF-SP";"DEL05/SP";"UOP01-DEL05-SP"
755501;2026-03-01;"domingo";"19:40:00";"SP";116;135;"SAO JOSE DOS CAMPOS";"Reação tardia ou ineficiente do condutor";"Colisão traseira";"Com Vítimas Feridas";"Plena Noite";"Decrescente";"Céu Claro";"Dupla";"Reta";"Não";2;0;0;1;1;0;1;2;-23,1464122;-45,77381535;"SPRF-SP";"DEL02/SP";"UOP01-DEL02-SP"
755502;2026-03-01;"domingo";"07:00:00";"MT";163;975;"TERRA NOVA DO NORTE";"Reação tardia ou ineficiente do condutor";"Saída de leito carroçável";"Com Vítimas Feridas";"Pleno dia";"Crescente";"Céu Claro";"Simples";"Reta";"Não";2;0;2;0;0;0;2;1;-10,68634;-55,133846;"SPRF-MT";"DEL06/MT";"UOP03-DEL06-MT"
755503;2026-03-01;"domingo";"11:10:00";"BA";101;261;"SANTO ANTONIO DE JESUS";"Acessar a via sem observar a presença dos outros veículos";"Colisão transversal";"Com Vítimas Feridas";"Pleno dia";"Crescente";"Nublado";"Simples";"Interseção de Vias";"Sim";2;0;1;0;1;0;1;2;-12,96447625;-39,27191645;"SPRF-BA";"DEL11/BA";"UOP01-DEL11-BA"
755504;2026-03-01;"domingo";"20:00:00";"MG";381;510;"IGARAPE";"Ausência de reação do condutor";"Saída de leito carroçável";"Com Vítimas Feridas";"Plena Noite";"Crescente";"Céu Claro";"Dupla";"Reta";"Não";4;0;4;0;0;0;4;1;-20,05727217;-44,28795612;"SPRF-MG";"DEL01/MG";"UOP03-DEL01-MG"
755505;2026-03-01;"domingo";"20:00:00";"SC";101;369;"SANGAO";"Condutor deixou de manter distância do veículo da frente";"Colisão traseira";"Com Vítimas Feridas";"Plena Noite";"Crescente";"Céu Claro";"Dupla";"Reta";"Não";5;0;0;1;4;0;1;2;-28,66248554;-49,11467493;"SPRF-SC";"DEL02/SC";"UOP01-DEL02-SC"
755507;2026-03-01;"domingo";"19:30:00";"MG";365;588;"INDIANOPOLIS";"Demais falhas mecânicas ou elétricas";"Saída de leito carroçável";"Com Vítimas Feridas";"Plena Noite";"Decrescente";"Céu Claro";"Simples";"Reta";"Não";2;0;2;0;0;0;2;1;-18,8716514;-48,0256163;"SPRF-MG";"DEL15/MG";"UOP02-DEL15-MG"
755508;2026-03-01;"domingo";"18:55:00";"BA";235;114;"JEREMOABO";"Reação tardia ou ineficiente do condutor";"Colisão lateral sentido oposto";"Com Vítimas Feridas";"Plena Noite";"Decrescente";"Nublado";"Simples";"Reta";"Não";8;0;4;1;3;0;5;2;-10,019469;-38,581071;"SPRF-BA";"DEL07/BA";"UOP03-DEL07-BA"
755510;2026-03-01;"domingo";"19:45:00";"PB";230;27;"JOAO PESSOA";"Ausência de reação do condutor";"Colisão lateral mesmo sentido";"Com Vítimas Feridas";"Plena Noite";"Decrescente";"Céu Claro";"Múltipla";"Reta";"Sim";1;0;1;0;0;0;1;1;-7,1654279;-34,8897768;"SPRF-PB";"DEL01-PB";"UOP01-DEL01-PB"
755511;2026-03-01;"domingo";"19:52:00";"PA";316;37,6;"SANTA IZABEL DO PARA";"Acesso irregular";"Colisão transversal";"Com Vítimas Feridas";"Plena Noite";"Decrescente";"Céu Claro";"Dupla";"Reta";"Sim";3;0;1;1;1;0;2;2;-1,283895;-48,143367;"SPRF-PA";"DEL01/PA";"UOP01-DEL01-PA"
755513;2026-03-01;"domingo";"19:05:00";"MG";116;585;"MANHUACU";"Condutor deixou de manter distância do veículo da frente";"Colisão lateral mesmo sentido";"Com Vítimas Feridas";"Plena Noite";"Decrescente";"Céu Claro";"Simples";"Reta";"Sim";4;0;1;0;3;0;1;2;-20,23485171;-42,16652871;"SPRF-MG";"DEL06/MG";"UOP03-DEL06-MG"
755515;2026-03-01;"domingo";"19:00:00";"PI";316;23,6;"TERESINA";"Ausência de reação do condutor";"Tombamento";"Com Vítimas Feridas";"Plena Noite";"Decrescente";"Céu Claro";"Simples";"Reta";"Sim";2;0;0;2;0;0;2;1;-5,295173;-42,712537;"SPRF-PI";"DEL01-PI";"UOP02-DEL01-PI"
755517;2026-03-01;"domingo";"19:00:00";"SC";101;119,1;"ITAJAI";"Reação tardia ou ineficiente do condutor";"Colisão lateral mesmo sentido";"Com Vítimas Feridas";"Plena Noite";"Crescente";"Nublado";"Dupla";"Reta";"Sim";3;0;1;0;2;0;1;3;-26,906095;-48,714766;"SPRF-SC";"DEL04/SC";"UOP04-DEL04-SC"
755518;2026-03-01;"domingo";"18:34:00";"SC";282;223;"LAGES";"Acessar a via sem observar a presença dos outros veículos";"Colisão transversal";"Com Vítimas Feridas";"Anoitecer";"Crescente";"Céu Claro";"Simples";"Reta";"Sim";3;0;1;0;2;0;1;2;-27,79939375;-50,3644824;"SPRF-SC";"DEL05/SC";"UOP01-DEL05-SC"
755520;2026-03-01;"domingo";"18:45:00";"CE";116;506,2;"BREJO SANTO";"Reação tardia ou ineficiente do condutor";"Queda de ocupante de veículo";"Com Vítimas Fatais";"Plena Noite";"Crescente";"Nublado";"Simples";"Reta";"Não";3;1;0;1;0;1;1;2;-7,52427;-38,996057;"SPRF-CE";"DEL05/CE";"UOP03-DEL05-CE"
755521;2026-03-01;"domingo";"20:15:00";"RS";386;383,9;"TABAI";"Reação tardia ou ineficiente do condutor";"Tombamento";"Com Vítimas Feridas";"Plena Noite";"Crescente";"Céu Claro";"Dupla";"Reta";"Não";1;0;0;1;0;0;1;1;-29,67881;-51,72868;"SPRF-RS";"DEL04/RS";"UOP01-DEL04-RS"
755522;2026-03-01;"domingo";"21:10:00";"RJ";116;304,4;"RESENDE";"Animais na Pista";"Atropelamento de Animal";"Com Vítimas Feridas";"Plena Noite";"Crescente";"Nublado";"Dupla";"Reta";"Não";1;0;1;0;0;0;1;1;-22,45395643;-44,37566506;"SPRF-RJ";"DEL07/RJ";"UOP02-DEL07-RJ"
755523;2026-03-01;"domingo";"19:10:00";"SC";282;538,3;"CHAPECO";"Afundamento ou ondulação no pavimento";"Tombamento";"Com Vítimas Feridas";"Plena Noite";"Decrescente";"Céu Claro";"Simples";"Reta";"Não";1;0;1;0;0;0;1;1;-26,997464;-52,67468;"SPRF-SC";"DEL07/SC";"UOP01-DEL07-SC"
755524;2026-03-01;"domingo";"19:00:00";"SC";470;323,8;"CAMPOS NOVOS";"Velocidade Incompatível";"Saída de leito carroçável";"Com Vítimas Feridas";"Anoitecer";"Decrescente";"Céu Claro";"Simples";"Reta;Interseção de Vias";"Não";5;0;2;3;0;0;5;1;-27,38722941;-51,11400079;"SPRF-SC";"DEL07/SC";"UOP06-DEL07-SC"
755525;2026-03-01;"domingo";"16:50:00";"SP";116;56;"LORENA";"Ausência de reação do condutor";"Colisão traseira";"Com Vítimas Feridas";"Pleno dia";"Crescente";"Céu Claro";"Dupla";"Reta";"Não";1;0;1;0;0;0;1;1;-22,7713504;-45,13513262;"SPRF-SP";"DEL08/SP";"UOP02-DEL08-SP"
755526;2026-03-01;"domingo";"19:40:00";"RO";364;425;"JARU";"Conversão proibida";"Saída de leito carroçável";"Sem Vítimas";"Pleno dia";"Crescente";"Nublado";"Dupla";"Curva";"Sim";1;0;0;0;0;1;0;1;-10,43749842;-62,47172403;"SPRF-RO";"DEL03-RO";"UOP02-DEL03-RO"
755527;2026-03-01;"domingo";"17:15:00";"AM";174;991;"PRESIDENTE FIGUEIREDO";"Retorno proibido";"Colisão transversal";"Com Vítimas Feridas";"Pleno dia";"Decrescente";"Céu Claro";"Dupla";"Reta";"Sim";4;0;0;1;2;1;1;3;-2,05224486;-60,02462983;"SPRF-AM";"DEL01-AM";"UOP02-DEL01-AM"
755528;2026-03-01;"domingo";"18:15:00";"RJ";101;575;"PARATY";"Transitar na contramão";"Colisão frontal";"Com Vítimas Feridas";"Anoitecer";"Crescente";"Nublado";"Simples";"Rotatória";"Não";2;0;2;0;0;0;2;2;-23,22363198;-44,73246499;"SPRF-RJ";"DEL03/RJ";"UOP04-DEL03-RJ"
755529;2026-03-01;"domingo";"20:40:00";"MA";10;251,7;"IMPERATRIZ";"Ausência de reação do condutor";"Colisão traseira";"Sem Vítimas";"Plena Noite";"Crescente";"Céu Claro";"Simples";"Reta";"Sim";2;0;0;0;1;1;0;2;-5,53786;-47,46809;"SPRF-MA";"DEL04-MA";"UOP01-DEL04-MA"
755531;2026-03-01;"domingo";"19:50:00";"MS";60;383,9;"CAMPO GRANDE";"Acessar a via sem observar a presença dos outros veículos";"Eventos atípicos";"Com Vítimas Feridas";"Plena Noite";"Crescente";"Céu Claro";"Simples";"Reta";"Não";2;0;1;0;0;1;1;2;-20,660406;-54,755301;"SPRF-MS";"DEL01/MS";"UOP04-DEL01-MS"
755533;2026-03-01;"domingo";"21:21:00";"PE";101;49;"ABREU E LIMA";"Transitar na contramão";"Colisão frontal";"Com Vítimas Feridas";"Plena Noite";"Crescente";"Nublado";"Múltipla";"Reta";"Sim";2;0;1;0;0;1;1;2;-7,9055106;-34,9020722;"SPRF-PE";"DEL01/PE";"UOP02-DEL01-PE"
755534;2026-03-01;"domingo";"21:00:00";"MG";262;854;"VERISSIMO";"Ingestão de álcool pelo condutor";"Saída de leito carroçável";"Sem Vítimas";"Plena Noite";"Crescente";"Céu Claro";"Dupla";"Reta";"Não";1;0;0;0;0;1;0;1;-19,7833796;-48,4351682;"SPRF-MG";"DEL13/MG";"UOP01-DEL13-MG"
755535;2026-03-01;"domingo";"21:30:00";"PI";343;234;"COCAL DE TELHA";"Acessar a via sem observar a presença dos outros veículos";"Atropelamento de Pedestre";"Com Vítimas Fatais";"Plena Noite";"Decrescente";"Céu Claro";"Simples";"Reta";"Não";2;1;0;0;1;0;0;2;-4,616826;-41,99895;"SPRF-PI";"DEL01-PI";"UOP03-DEL01-PI"
755536;2026-03-01;"domingo";"21:45:00";"SC";101;200,8;"SAO JOSE";"Reação tardia ou ineficiente do condutor";"Colisão traseira";"Com Vítimas Feridas";"Plena Noite";"Decrescente";"Céu Claro";"Dupla";"Reta";"Sim";5;0;4;0;1;0;4;3;-27,546189;-48,619791;"SPRF-SC";"DEL01/SC";"UOP01-DEL01-SC"
755538;2026-03-01;"domingo";"19:20:00";"RJ";465;1;"SEROPEDICA";"Conversão proibida";"Colisão transversal";"Com Vítimas Feridas";"Plena Noite";"Crescente";"Céu Claro";"Simples";"Reta;Interseção de Vias";"Não";2;0;1;0;1;0;1;2;-22,71887359;-43,72661591;"SPRF-RJ";"DEL06/RJ";"UOP02-DEL06-RJ"
755539;2026-03-01;"domingo";"21:30:00";"BA";116;3;"VITORIA DA CONQUISTA";"Ausência de reação do condutor";"Queda de ocupante de veículo";"Com Vítimas Feridas";"Plena Noite";"Decrescente";"Chuva";"Simples";"Rotatória;Retorno Regulamentado;Reta";"Não";2;0;1;1;0;0;2;1;-14,82496753;-40,86200813;"SPRF-BA";"DEL08/BA";"UOP01-DEL08-BA"
755540;2026-03-01;"domingo";"21:00:00";"DF";60;28,5;"BRASILIA";"Animais na Pista";"Atropelamento de Animal";"Com Vítimas Feridas";"Plena Noite";"Crescente";"Céu Claro";"Dupla";"Declive;Reta";"Não";1;0;0;1;0;0;1;1;-16,026746;-48,253302;"SPRF-DF";"DEL03-DF";"UOP01-DEL03-DF"
755541;2026-03-01;"domingo";"20:00:00";"MT";163;816;"SINOP";"Ausência de reação do condutor";"Saída de leito carroçável";"Com Vítimas Feridas";"Plena Noite";"Crescente";"Céu Claro";"Simples";"Retorno Regulamentado";"Não";1;0;1;0;0;0;1;1;-12,02192394;-55,51712304;"SPRF-MT";"DEL06/MT";"UOP02-DEL06-MT"
755542;2026-03-01;"domingo";"21:21:00";"RS";470;287;"MONTENEGRO";"Transitar na contramão";"Colisão frontal";"Com Vítimas Feridas";"Plena Noite";"Crescente";"Céu Claro";"Simples";"Reta";"Sim";3;0;0;1;2;0;1;2;-29,66894467;-51,45346363;"SPRF-RS";"DEL06/RS";"UOP01-DEL06-RS"
755544;2026-03-01;"domingo";"22:20:00";"MG";50;102,6;"UBERABA";"Ingestão de álcool pelo condutor";"Saída de leito carroçável";"Com Vítimas Feridas";"Plena Noite";"Crescente";"Céu Claro";"Dupla";"Declive;Reta";"Não";1;0;1;0;0;0;1;1;-19,1605933;-48,1633067;"SPRF-MG";"DEL13/MG";"UOP01-DEL13-MG"
755545;2026-03-01;"domingo";"19:10:00";"SC";282;175;"BOCAINA DO SUL";"Pedestre - Ingestão de álcool/ substâncias psicoativas";"Atropelamento de Pedestre";"Com Vítimas Feridas";"Plena Noite";"Crescente";"Céu Claro";"Simples";"Reta";"Não";2;0;1;0;0;1;1;2;-27,7408549;-49,8949605;"SPRF-SC";"DEL05/SC";"UOP01-DEL05-SC"
755546;2026-03-01;"domingo";"21:00:00";"RS";158;339;"SANTA MARIA";"Ingestão de álcool pelo condutor";"Saída de leito carroçável";"Sem Vítimas";"Plena Noite";"Decrescente";"Céu Claro";"Simples";"Reta";"Não";1;0;0;0;0;1;0;1;-29,735434;-53,917103;"SPRF-RS";"DEL09/RS";"UOP01-DEL09-RS"
755548;2026-03-01;"domingo";"21:00:00";"RJ";101;422;"MANGARATIBA";"Ausência de reação do condutor";"Colisão frontal";"Com Vítimas Feridas";"Plena Noite";"Crescente";"Chuva";"Simples";"Reta";"Não";3;0;1;0;2;0;1;2;-22,935296;-43,9987775;"SPRF-RJ";"DEL03/RJ";"UOP02-DEL03-RJ"
755550;2026-03-01;"domingo";"22:27:00";"PI";135;338;"SANTA LUZ";"Ausência de reação do condutor";"Saída de leito carroçável";"Com Vítimas Feridas";"Plena Noite";"Decrescente";"Garoa/Chuvisco";"Simples";"Reta";"Não";1;0;0;1;0;0;1;1;-8,988435;-44,287942;"SPRF-PI";"DEL03-PI";"UOP02-DEL03-PI"