"id";"data_inversa";"dia_semana";"horario";"uf";"br";"km";"municipio";"causa_acidente";"tipo_acidente";"classificacao_acidente";"fase_dia";"sentido_via";"condicao_metereologica";"tipo_pista";"tracado_via";"uso_solo";"pessoas";"mortos";"feridos_leves";"feridos_graves";"ilesos";"ignorados";"feridos";"veiculos";"latitude";"longitude";"regional";"delegacia";"uop"
755551;2026-03-01;"domingo";"22:22:00";"SC";163;71,2;"SAO MIGUEL DO OESTE";"Ingestão de álcool pelo condutor";"Colisão lateral mesmo sentido";"Com Vítimas Feridas";"Plena Noite";"Decrescente";"Céu Claro";"Dupla";"Reta;Retorno Regulamentado;Interseção de Vias";"Sim";4;0;2;0;2;0;2;3;-26,7266105;-53,5128768;"SPRF-SC";"DEL07/SC";"UOP03-DEL07-SC"
755552;2026-03-01;"domingo";"22:10:00";"SC";282;510;"XANXERE";"Ingestão de álcool pelo condutor";"Capotamento";"Com Vítimas Feridas";"Plena Noite";"Crescente";"Céu Claro";"Simples";"Curva";"Não";2;0;0;1;1;0;1;2;-26,8948124;-52,4624146;"SPRF-SC";"DEL07/SC";"UOP01-DEL07-SC"
755553;2026-03-02;"segunda-feira";"00:00:00";"SC";101;3,7;"ARARANGUA";"Ingestão de álcool pelo condutor";"Colisão com objeto";"Com Vítimas Feridas";"Plena Noite";"Crescente";"Céu Claro";"Simples";"Reta";"Sim";2;0;1;0;1;0;1;2;-28,948968;-49,506175;"SPRF-SC";"DEL02/SC";"UOP02-DEL02-SC"
755554;2026-03-01;"domingo";"23:55:00";"RS";386;338,4;"LAJEADO";"Reação tardia ou ineficiente do condutor";"Tombamento";"Com Vítimas Feridas";"Plena Noite";"Crescente";"Céu Claro";"Dupla";"Reta";"Não";1;0;1;0;0;0;1;1;-29,405385;-52,034895;"SPRF-RS";"DEL04/RS";"UOP01-DEL04-RS"
755555;2026-03-01;"domingo";"15:55:00";"AC";364;633,4;"TARAUACA";"Retorno proibido";"Colisão transversal";"Com Vítimas Feridas";"Anoitecer";"Crescente";"Garoa/Chuvisco";"Simples";"Aclive;Reta";"Não";2;0;0;1;1;0;1;2;-8,16;-70,76;"SPRF-AC";"DEL01-AC";"UOP03-DEL01-AC"
755556;2026-03-01;"domingo";"21:35:00";"RN";110;46,1;"MOSSORO";"Reação tardia ou ineficiente do condutor";"Atropelamento de Pedestre";"Com Vítimas Fatais";"Plena Noite";"Decrescente";"Nublado";"Simples";"Reta";"Sim";2;1;0;0;1;0;0;2;-5,199313;-37,320392;"SPRF-RN";"DEL04-RN";"UOP01-DEL04-RN"
755557;2026-03-01;"domingo";"23:00:00";"RS";290;175,5;"BUTIA";"Ausência de reação do condutor";"Saída de leito carroçável";"Com Vítimas Feridas";"Plena Noite";"Crescente";"Céu Claro";"Simples";"Em Obras;Reta";"Sim";2;0;2;0;0;0;2;1;-30,1317375;-51,97614368;"SPRF-RS";"DEL02/RS";"UOP03-DEL02-RS"
755559;2026-03-02;"segunda-feira";"00:10:00";"RJ";116;314;"RESENDE";"Estacionar ou parar em local proibido";"Colisão traseira";"Sem Vítimas";"Pleno dia";"Decrescente";"Céu Claro";"Simples";"Reta";"Não";2;0;0;0;2;0;0;2;-22,46219197;-44,47868586;"SPRF-RJ";"DEL07/RJ";"UOP02-DEL07-RJ"
755561;2026-03-02;"segunda-feira";"00:30:00";"MG";381;496;"BETIM";"Demais falhas mecânicas ou elétricas";"Incêndio";"Sem Vítimas";"Plena Noite";"Crescente";"Céu Claro";"Múltipla";"Reta";"Não";1;0;0;0;1;0;0;1;-19,97524884;-44,19400907;"SPRF-MG";"DEL01/MG";"UOP03-DEL01-MG"
755562;2026-03-01;"domingo";"23:00:00";"GO";40;12,3;"LUZIANIA";"Acessar a via sem observar a presença dos outros veículos";"Colisão transversal";"Sem Vítimas";"Plena Noite";"Decrescente";"Céu Claro";"Dupla";"Reta";"Sim";2;0;0;0;2;0;0;2;-16,153747;-47,936885;"SPRF-DF";"DEL01-DF";"UOP01-DEL01-DF"
755563;2026-03-02;"segunda-feira";"00:26:00";"RJ";101;330;"NITEROI";"Ausência de reação do condutor";"Colisão traseira";"Com Vítimas Feridas";"Plena Noite";"Crescente";"Nublado";"Dupla";"Reta;Ponte";"Sim";2;0;0;1;1;0;1;2;-22,86952725;-43,17771653;"SPRF-RJ";"DEL02/RJ";"UOP01-DEL02-RJ"
755565;2026-03-01;"domingo";"20:30:00";"SC";163;69;"SAO MIGUEL DO OESTE";"Acessar a via sem observar a presença dos outros veículos";"Colisão transversal";"Com Vítimas Feridas";"Plena Noite";"Crescente";"Céu Claro";"Dupla";"Interseção de Vias";"Sim";2;0;1;0;0;1;1;2;-26,745704;-53,50091726;"SPRF-SC";"DEL07/SC";"UOP03-DEL07-SC"
755568;2026-03-01;"domingo";"18:00:00";"BA";116;318;"ARACI";"Reação tardia ou ineficiente do condutor";"Queda de ocupante de veículo";"Com Vítimas Fatais";"Anoitecer";"Decrescente";"Céu Claro";"Simples";"Reta";"Não";1;1;0;0;0;0;0;1;-11,3196962;-38,9477773;"SPRF-BA";"DEL02/BA";"UOP01-DEL02-BA"
755569;2026-03-02;"segunda-feira";"02:20:00";"PR";277;37;"MORRETES";"Ausência de reação do condutor";"Queda de ocupante de veículo";"Com Vítimas Feridas";"Plena Noite";"Crescente";"Nublado";"Dupla";"Curva";"Não";1;0;1;0;0;0;1;1;-25,57187995;-48,84656361;"SPRF-PR";"DEL01/PR";"UOP05-DEL01-PR"
755571;2026-03-02;"segunda-feira";"02:10:00";"SC";101;209;"SAO JOSE";"Ingestão de álcool pelo condutor";"Colisão com objeto";"Com Vítimas Feridas";"Plena Noite";"Crescente";"Nublado";"Múltipla";"Reta";"Sim";1;0;0;1;0;0;1;1;-27,61432701;-48,6405462;"SPRF-SC";"DEL01/SC";"UOP01-DEL01-SC"
755574;2026-03-02;"segunda-feira";"04:30:00";"SP";116;286;"ITAPECERICA DA SERRA";"Ausência de reação do condutor";"Colisão traseira";"Com Vítimas Feridas";"Plena Noite";"Crescente";"Nublado";"Dupla";"Curva";"Sim";3;0;1;0;1;1;1;2;-23,69821427;-46,86642051;"SPRF-SP";"DEL04/SP";"UOP01-DEL04-SP"
755575;2026-03-02;"segunda-feira";"05:15:00";"GO";153;494;"GOIANIA";"Ausência de reação do condutor";"Colisão traseira";"Com Vítimas Feridas";"Plena Noite";"Decrescente";"Céu Claro";"Dupla";"Reta";"Sim";2;0;1;1;0;0;2;2;-16,64344362;-49,20916412;"SPRF-GO";"DEL01/GO";"UOP01-DEL01-GO"
755576;2026-03-02;"segunda-feira";"05:15:00";"RN";101;72,8;"NATAL";"Acessar a via sem observar a presença dos outros veículos";"Colisão transversal";"Com Vítimas Fatais";"Amanhecer";"Crescente";"Nublado";"Simples";"Reta;Declive;Interseção de Vias";"Não";3;1;0;1;1;0;1;2;-5,704469;-35,265716;"SPRF-RN";"DEL02-RN";"UOP01-DEL02-RN"
755577;2026-03-01;"domingo";"20:30:00";"RN";226;347;"RAFAEL GODEIRO";"Ingestão de álcool pelo condutor";"Saída de leito carroçável";"Com Vítimas Feridas";"Plena Noite";"Crescente";"Nublado";"Simples";"Reta";"Não";1;0;0;1;0;0;1;1;-6,127748;-37,703633;"SPRF-RN";"DEL04-RN";"UOP01-DEL04-RN"
755578;2026-03-02;"segunda-feira";"02:40:00";"AP";210;106;"PORTO GRANDE";"Velocidade Incompatível";"Colisão traseira";"Com Vítimas Feridas";"Plena Noite";"Crescente";"Nublado";"Simples";"Reta";"Não";2;0;0;1;1;0;1;2;0,70411912;-51,41550112;"SPRF-AP";"DEL01-AP";"UOP01-DEL01-AP"
755579;2026-03-02;"segunda-feira";"05:00:00";"GO";452;40,8;"SANTA HELENA DE GOIAS";"Ausência de reação do condutor";"Colisão com objeto";"Sem Vítimas";"Amanhecer";"Crescente";"Céu Claro";"Múltipla";"Reta";"Não";5;0;0;0;1;4;0;2;-17,93018;-50,552813;"SPRF-GO";"DEL04/GO";"UOP01-DEL04-GO"
755580;2026-03-02;"segunda-feira";"06:45:00";"PR";277;80;"CURITIBA";"Trafegar com motocicleta (ou similar) entre as faixas";"Colisão traseira";"Com Vítimas Feridas";"Amanhecer";"Crescente";"Nublado";"Dupla";"Reta";"Sim";2;0;1;0;1;0;1;2;-25,47140603;-49,21131492;"SPRF-PR";"DEL01/PR";"UOP03-DEL01-PR"
755582;2026-03-02;"segunda-feira";"07:00:00";"MG";40;510,1;"RIBEIRAO DAS NEVES";"Trafegar com motocicleta (ou similar) entre as faixas";"Colisão traseira";"Com Vítimas Feridas";"Pleno dia";"Crescente";"Céu Claro";"Dupla";"Reta";"Sim";2;0;1;0;1;0;1;2;-19,77481703;-44,12338662;"SPRF-MG";"DEL01/MG";"UOP02-DEL01-MG"
755583;2026-03-02;"segunda-feira";"06:40:00";"BA";324;596;"CANDEIAS";"Chuva";"Tombamento";"Com Vítimas Feridas";"Pleno dia";"Crescente";"Chuva";"Dupla";"Reta";"Não";2;0;2;0;0;0;2;1;-12,727823;-38,449005;"SPRF-BA";"DEL01/BA";"UOP01-DEL01-BA"
755588;2026-03-02;"segunda-feira";"04:40:00";"SP";459;31,7;"LORENA";"Ausência de reação do condutor";"Tombamento";"Com Vítimas Feridas";"Amanhecer";"Crescente";"Céu Claro";"Simples";"Reta";"Não";1;0;1;0;0;0;1;1;-22,73851369;-45,0937195;"SPRF-SP";"DEL08/SP";"UOP02-DEL08-SP"
755589;2026-03-02;"segunda-feira";"06:10:00";"SC";101;309;"LAGUNA";"Ausência de reação do condutor";"Tombamento";"Com Vítimas Feridas";"Amanhecer";"Decrescente";"Céu Claro";"Dupla";"Reta";"Não";1;0;1;0;0;0;1;1;-28,42001406;-48,79454229;"SPRF-SC";"DEL02/SC";"UOP01-DEL02-SC"
755590;2026-02-22;"domingo";"08:15:00";"SC";282;646,1;"SAO MIGUEL DO OESTE";"Transitar na contramão";"Colisão lateral sentido oposto";"Sem Vítimas";"Pleno dia";"Decrescente";"Nublado";"Simples";"Reta";"Não";8;0;0;0;8;0;0;2;-26,76252916;-53,49867046;"SPRF-SC";"DEL07/SC";"UOP03-DEL07-SC"
755592;2026-03-02;"segunda-feira";"06:30:00";"SP";153;59,9;"SAO JOSE DO RIO PRETO";"Demais falhas mecânicas ou elétricas";"Incêndio";"Sem Vítimas";"Pleno dia";"Crescente";"Céu Claro";"Dupla";"Reta";"Sim";1;0;0;0;1;0;0;1;-20,795446;-49,354838;"SPRF-SP";"DEL09/SP";"UOP01-DEL09-SP"
755594;2026-03-02;"segunda-feira";"06:40:00";"PA";155;341;"MARABA";"Ausência de reação do condutor";"Colisão lateral sentido oposto";"Com Vítimas Feridas";"Pleno dia";"Crescente";"Garoa/Chuvisco";"Simples";"Reta";"Não";3;0;1;0;2;0;1;3;-5,388373;-49,078479;"SPRF-PA";"DEL03/PA";"UOP01-DEL03-PA"
755595;2026-03-02;"segunda-feira";"07:10:00";"SP";116;188,8;"SANTA ISABEL";"Condutor deixou de manter distância do veículo da frente";"Colisão traseira";"Com Vítimas Feridas";"Pleno dia";"Crescente";"Nublado";"Dupla";"Aclive;Reta";"Não";5;0;1;0;2;2;1;4;-23,364543;-46,225809;"SPRF-SP";"DEL01/SP";"UOP01-DEL01-SP"
755596;2026-03-01;"domingo";"18:18:00";"MT";163;551,9;"DIAMANTINO";"Ausência de reação do condutor";"Saída de leito carroçável";"Com Vítimas Feridas";"Plena Noite";"Decrescente";"Céu Claro";"Dupla";"Curva";"Não";2;0;1;0;1;0;1;1;-14,219835;-56,093995;"SPRF-MT";"DEL01/MT";"UOP01-DEL01-MT"
755597;2026-03-02;"segunda-feira";"07:30:00";"SP";153;256;"MARILIA";"Afundamento ou ondulação no pavimento";"Queda de ocupante de veículo";"Com Vítimas Feridas";"Pleno dia";"Decrescente";"Céu Claro";"Dupla";"Reta";"Sim";1;0;1;0;0;0;1;1;-22,233213;-49,918724;"SPRF-SP";"DEL07/SP";"UOP02-DEL07-SP"
755599;2026-03-02;"segunda-feira";"08:00:00";"PR";277;599,7;"CASCAVEL";"Ausência de reação do condutor";"Saída de leito carroçável";"Com Vítimas Feridas";"Pleno dia";"Decrescente";"Céu Claro";"Dupla";"Reta";"Sim";2;0;1;0;0;1;1;2;-24,99681128;-53,5158433;"SPRF-PR";"DEL04/PR";"UOP01-DEL04-PR"
755600;2026-03-02;"segunda-feira";"08:25:00";"PB";230;20;"JOAO PESSOA";"Ausência de reação do condutor";"Colisão traseira";"Com Vítimas Feridas";"Pleno dia";"Decrescente";"Céu Claro";"Dupla";"Reta";"Sim";3;0;1;0;2;0;1;2;-7,14906476;-34,85119767;"SPRF-PB";"DEL01-PB";"UOP01-DEL01-PB"
755601;2026-03-02;"segunda-feira";"07:45:00";"SC";282;222,9;"LAGES";"Acessar a via sem observar a presença dos outros veículos";"Colisão transversal";"Com Vítimas Feridas";"Pleno dia";"Decrescente";"Nublado";"Simples";"Curva;Declive;Interseção de Vias";"Sim";5;0;3;0;2;0;3;2;-27,79997267;-50,36129594;"SPRF-SC";"DEL05/SC";"UOP01-DEL05-SC"
755602;2026-03-02;"segunda-feira";"06:40:00";"PI";222;58,8;"BRASILEIRA";"Demais falhas mecânicas ou elétricas";"Tombamento";"Com Vítimas Feridas";"Pleno dia";"Crescente";"Céu Claro";"Simples";"Reta";"Não";2;0;1;1;0;0;2;1;-4,17865;-41,665063;"SPRF-PI";"DEL02-PI";"UOP01-DEL02-PI"
755603;2026-03-02;"segunda-feira";"07:25:00";"MS";163;479;"CAMPO GRANDE";"Ausência de reação do condutor";"Colisão traseira";"Com Vítimas Feridas";"Pleno dia";"Decrescente";"Céu Claro";"Dupla";"Reta";"Sim";2;0;1;0;1;0;1;2;-20,481433;-54,559374;"SPRF-MS";"DEL01/MS";"UOP01-DEL01-MS"
755604;2026-03-02;"segunda-feira";"08:10:00";"ES";101;241;"SERRA";"Ausência de reação do condutor";"Colisão lateral mesmo sentido";"Com Vítimas Feridas";"Pleno dia";"Decrescente";"Sol";"Simples";"Curva;Retorno Regulamentado";"Não";2;0;1;0;1;0;1;2;-20,02831;-40,39783;"SPRF-ES";"DEL02-ES";"UOP01-DEL02-ES"
755605;2026-03-02;"segunda-feira";"07:10:00";"PR";116;15;"COLOMBO";"Ausência de reação do condutor";"Queda de ocupante de veículo";"Com Vítimas Feridas";"Pleno dia";"Crescente";"Nublado";"Dupla";"Reta";"Sim";2;0;1;0;1;0;1;1;-25,38134893;-49,16269653;"SPRF-PR";"DEL01/PR";"UOP02-DEL01-PR"
755606;2026-03-02;"segunda-feira";"06:10:00";"MG";381;480;"CONTAGEM";"Trafegar com motocicleta (ou similar) entre as faixas";"Colisão lateral mesmo sentido";"Com Vítimas Feridas";"Pleno dia";"Decrescente";"Sol";"Múltipla";"Reta";"Sim";2;0;1;0;1;0;1;2;-19,96229687;-44,05011177;"SPRF-MG";"DEL01/MG";"UOP03-DEL01-MG"
755607;2026-03-02;"segunda-feira";"07:50:00";"MG";381;484;"BETIM";"Condutor deixou de manter distância do veículo da frente";"Engavetamento";"Com Vítimas Feridas";"Pleno dia";"Crescente";"Céu Claro";"Dupla";"Reta;Declive";"Sim";3;0;0;1;2;0;1;3;-19,95941;-44,08808;"SPRF-MG";"DEL01/MG";"UOP03-DEL01-MG"
755609;2026-03-02;"segunda-feira";"08:30:00";"RJ";116;184;"NOVA IGUACU";"Trafegar com motocicleta (ou similar) entre as faixas";"Queda de ocupante de veículo";"Com Vítimas Feridas";"Pleno dia";"Decrescente";"Céu Claro";"Múltipla";"Reta";"Sim";1;0;1;0;0;0;1;1;-22,7490988;-43,44607294;"SPRF-RJ";"DEL06/RJ";"UOP01-DEL06-RJ"
755610;2026-03-01;"domingo";"19:00:00";"GO";20;49;"FORMOSA";"Ausência de reação do condutor";"Saída de leito carroçável";"Com Vítimas Feridas";"Plena Noite";"Decrescente";"Nublado";"Simples";"Reta";"Não";1;0;1;0;0;0;1;1;-15,334627;-47,12595;"SPRF-DF";"DEL02-DF";"UOP02-DEL02-DF"
755611;2026-03-02;"segunda-feira";"07:30:00";"PE";232;16,5;"JABOATAO DOS GUARARAPES";"Acessar a via sem observar a presença dos outros veículos";"Colisão transversal";"Com Vítimas Feridas";"Pleno dia";"Crescente";"Céu Claro";"Dupla";"Reta";"Não";3;0;3;0;0;0;3;2;-8,095067;-35,041942;"SPRF-PE";"DEL01/PE";"UOP01-DEL01-PE"
755612;2026-03-02;"segunda-feira";"07:19:00";"PR";369;202;"APUCARANA";"Acesso irregular";"Colisão transversal";"Com Vítimas Feridas";"Pleno dia";"Decrescente";"Céu Claro";"Simples";"Reta";"Sim";2;0;2;0;0;0;2;2;-23,542095;-51,455729;"SPRF-PR";"DEL07/PR";"UOP03-DEL07-PR"
755613;2026-03-02;"segunda-feira";"04:00:00";"PE";101;0,2;"GOIANA";"Velocidade Incompatível";"Saída de leito carroçável";"Com Vítimas Fatais";"Amanhecer";"Decrescente";"Nublado";"Dupla";"Reta";"Não";1;1;0;0;0;0;0;1;-7,5035;-34,98571;"SPRF-PE";"DEL01/PE";"UOP02-DEL01-PE"
755615;2026-03-02;"segunda-feira";"08:30:00";"SC";280;3;"SAO FRANCISCO DO SUL";"Acessar a via sem observar a presença dos outros veículos";"Colisão transversal";"Com Vítimas Feridas";"Pleno dia";"Crescente";"Céu Claro";"Simples";"Rotatória";"Sim";2;0;1;0;1;0;1;2;-26,251433;-48,617413;"SPRF-SC";"DEL03/SC";"UOP03-DEL03-SC"
755616;2026-02-12;"quinta-feira";"17:10:00";"SC";470;54,4;"BLUMENAU";"Acessar a via sem observar a presença dos outros veículos";"Colisão transversal";"Com Vítimas Feridas";"Pleno dia";"Crescente";"Céu Claro";"Simples";"Reta;Rotatória";"Sim";2;0;1;0;1;0;1;2;-26,87317;-49,11419;"SPRF-SC";"DEL04/SC";"UOP01-DEL04-SC"
755617;2026-02-22;"domingo";"19:00:00";"RN";101;99;"NATAL";"Reação tardia ou ineficiente do condutor";"Colisão traseira";"Sem Vítimas";"Plena Noite";"Decrescente";"Céu Claro";"Dupla";"Aclive;Reta";"Sim";2;0;0;0;1;1;0;2;-5,87133096;-35,21916389;"SPRF-RN";"DEL01-RN";"UOP01-DEL01-RN"
755621;2026-03-02;"segunda-feira";"08:30:00";"PR";376;462,1;"PONTA GROSSA";"Condutor Dormindo";"Saída de leito carroçável";"Com Vítimas Feridas";"Pleno dia";"Decrescente";"Céu Claro";"Dupla";"Reta";"Não";2;0;2;0;0;0;2;1;-25,0094;-50,3504;"SPRF-PR";"DEL03/PR";"UOP01-DEL03-PR"
755622;2026-03-02;"segunda-feira";"09:30:00";"RS";470;218;"BENTO GONCALVES";"Acessar a via sem observar a presença dos outros veículos";"Colisão transversal";"Sem Vítimas";"Pleno dia";"Crescente";"Céu Claro";"Simples";"Curva;Declive;Interseção de Vias;Rotatória";"Sim";2;0;0;0;2;0;0;2;-29,1831039;-51,5213857;"SPRF-RS";"DEL06/RS";"UOP01-DEL06-RS"
755623;2026-03-02;"segunda-feira";"09:20:00";"GO";153;505;"APARECIDA DE GOIANIA";"Reação tardia ou ineficiente do condutor";"Tombamento";"Com Vítimas Feridas";"Pleno dia";"Decrescente";"Sol";"Dupla";"Reta";"Sim";2;0;2;0;0;0;2;1;-16,74991;-49,24106;"SPRF-GO";"DEL01/GO";"UOP01-DEL01-GO"
755624;2026-03-02;"segunda-feira";"09:00:00";"BA";101;717,8;"EUNAPOLIS";"Acessar a via sem observar a presença dos outros veículos";"Colisão transversal";"Com Vítimas Feridas";"Pleno dia";"Crescente";"Nublado";"Múltipla";"Reta";"Sim";2;0;1;0;1;0;1;2;-16,37143006;-39,58217382;"SPRF-BA";"DEL09/BA";"UOP01-DEL09-BA"
755625;2026-03-02;"segunda-feira";"09:30:00";"SP";116;217;"GUARULHOS";"Manobra de mudança de faixa";"Colisão traseira";"Com Vítimas Feridas";"Pleno dia";"Decrescente";"Nublado";"Múltipla";"Reta;Aclive";"Sim";2;0;1;0;0;1;1;2;-23,45512272;-46,47367764;"SPRF-SP";"DEL01/SP";"UOP01-DEL01-SP"
755626;2026-03-02;"segunda-feira";"07:00:00";"RJ";101;476;"ANGRA DOS REIS";"Transitar na contramão";"Colisão frontal";"Com Vítimas Feridas";"Pleno dia";"Crescente";"Céu Claro";"Simples";"Curva";"Não";5;0;2;0;3;0;2;3;-23,00372314;-44,26175489;"SPRF-RJ";"DEL03/RJ";"UOP03-DEL03-RJ"
755628;2026-03-02;"segunda-feira";"08:50:00";"RS";116;521;"PELOTAS";"Desrespeitar a preferência no cruzamento";"Colisão transversal";"Com Vítimas Feridas";"Pleno dia";"Crescente";"Céu Claro";"Dupla";"Interseção de Vias";"Não";2;0;1;0;1;0;1;2;-31,706708;-52,367422;"SPRF-RS";"DEL07/RS";"UOP01-DEL07-RS"
755631;2026-03-02;"segunda-feira";"07:10:00";"SE";101;165;"SANTA LUZIA DO ITANHY";"Velocidade Incompatível";"Colisão frontal";"Com Vítimas Feridas";"Pleno dia";"Crescente";"Chuva";"Simples";"Reta";"Não";6;0;3;3;0;0;6;3;-11,31225;-37,546445;"SPRF-SE";"DEL02-SE";"UOP01-DEL02-SE"
755632;2026-03-02;"segunda-feira";"10:00:00";"SP";116;157,7;"JACAREI";"Entrada inopinada do pedestre";"Atropelamento de Pedestre";"Com Vítimas Feridas";"Pleno dia";"Crescente";"Céu Claro";"Dupla";"Reta";"Sim";2;0;1;0;1;0;1;2;-23,258516;-45,948605;"SPRF-SP";"DEL02/SP";"UOP01-DEL02-SP"
755633;2026-03-02;"segunda-feira";"09:15:00";"SC";282;389,9;"JOACABA";"Transitar na contramão";"Colisão transversal";"Com Vítimas Feridas";"Pleno dia";"Decrescente";"Céu Claro";"Simples";"Rotatória";"Não";2;0;0;1;1;0;1;2;-27,17876;-51,541544;"SPRF-SC";"DEL07/SC";"UOP05-DEL07-SC"
755636;2026-03-02;"segunda-feira";"10:40:00";"SP";488;0,5;"APARECIDA";"Velocidade Incompatível";"Colisão transversal";"Com Vítimas Feridas";"Pleno dia";"Crescente";"Céu Claro";"Dupla";"Declive;Reta";"Sim";2;0;0;1;1;0;1;2;-22,85335534;-45,23227779;"SPRF-SP";"DEL08/SP";"UOP01-DEL08-SP"
755637;2026-03-02;"segunda-feira";"06:40:00";"RJ";101;312;"SAO GONCALO";"Reação tardia ou ineficiente do condutor";"Colisão traseira";"Sem Vítimas";"Pleno dia";"Crescente";"Céu Claro";"Dupla";"Reta";"Sim";2;0;0;0;2;0;0;2;-22,80656721;-43,06382987;"SPRF-RJ";"DEL02/RJ";"UOP02-DEL02-RJ"
755640;2026-03-02;"segunda-feira";"11:30:00";"RN";101;77,9;"SAO GONCALO DO AMARANTE";"Demais falhas mecânicas ou elétricas";"Tombamento";"Com Vítimas Feridas";"Pleno dia";"Crescente";"Sol";"Dupla";"Reta";"Sim";2;0;2;0;0;0;2;1;-5,73832251;-35,29061191;"SPRF-RN";"DEL02-RN";"UOP01-DEL02-RN"
755641;2026-02-10;"terça-feira";"21:45:00";"RJ";0;0;"RIO DE JANEIRO";"Acessar a via sem observar a presença dos outros veículos";"Colisão transversal";"Sem Vítimas";"Plena Noite";"Não Informado";"Céu Claro";"Simples";"Reta;Interseção de Vias";"Sim";4;0;0;0;3;1;0;2;-22,8048651;-43,3108296;"SPRF-RJ";"N/A";"N/A"
755647;2026-03-02;"segunda-feira";"12:15:00";"RN";406;113,7;"POCO BRANCO";"Demais falhas mecânicas ou elétricas";"Incêndio";"Sem Vítimas";"Pleno dia";"Decrescente";"Céu Claro";"Simples";"Reta";"Não";1;0;0;0;1;0;0;1;-5,566457;-35,72272;"SPRF-RN";"DEL02-RN";"UOP01-DEL02-RN"
755648;2026-03-02;"segunda-feira";"12:00:00";"RN";101;100;"PARNAMIRIM";"Manobra de mudança de faixa";"Colisão lateral mesmo sentido";"Com Vítimas Feridas";"Pleno dia";"Decrescente";"Céu Claro";"Dupla";"Reta";"Sim";3;0;2;0;0;1;2;2;-5,8811583;-35,2254333;"SPRF-RN";"DEL01-RN";"UOP01-DEL01-RN"
755649;2026-03-02;"segunda-feira";"11:30:00";"MG";40;441,5;"PARAOPEBA";"Reação tardia ou ineficiente do condutor";"Saída de leito carroçável";"Com Vítimas Feridas";"Pleno dia";"Crescente";"Nublado";"Dupla";"Reta";"Não";2;0;2;0;0;0;2;1;-19,2684782;-44,4206642;"SPRF-MG";"DEL02/MG";"UOP01-DEL02-MG"
755650;2026-03-02;"segunda-feira";"12:30:00";"RS";116;265;"CANOAS";"Ausência de reação do condutor";"Colisão traseira";"Com Vítimas Feridas";"Pleno dia";"Crescente";"Céu Claro";"Dupla";"Rotatória";"Sim";2;0;1;0;1;0;1;2;-29,92600016;-51,17801462;"SPRF-RS";"DEL01/RS";"UOP01-DEL01-RS"
755651;2026-03-02;"segunda-feira";"12:15:00";"RS";158;564,7;"SANTANA DO LIVRAMENTO";"Acessar a via sem observar a presença dos outros veículos";"Atropelamento de Pedestre";"Com Vítimas Fatais";"Pleno dia";"Crescente";"Céu Claro";"Simples";"Reta;Aclive;Ponte";"Sim";4;1;0;0;2;1;0;2;-30,86852546;-55,50789714;"SPRF-RS";"DEL11/RS";"UOP01-DEL11-RS"
755653;2026-03-02;"segunda-feira";"12:00:00";"PE";232;4,5;"RECIFE";"Ausência de reação do condutor";"Saída de leito carroçável";"Com Vítimas Feridas";"Pleno dia";"Crescente";"Céu Claro";"Simples";"Curva";"Não";2;0;0;2;0;0;2;1;-8,06625;-34,9399;"SPRF-PE";"DEL01/PE";"UOP01-DEL01-PE"
755654;2026-03-02;"segunda-feira";"12:35:00";"PR";277;77;"CURITIBA";"Acessar a via sem observar a presença dos outros veículos";"Colisão lateral mesmo sentido";"Sem Vítimas";"Pleno dia";"Decrescente";"Céu Claro";"Dupla";"Reta";"Sim";3;0;0;0;2;1;0;3;-25,483646;-49,190801;"SPRF-PR";"DEL01/PR";"UOP08-DEL01-PR"
755655;2026-03-02;"segunda-feira";"12:20:00";"RJ";465;6;"SEROPEDICA";"Transitar na contramão";"Colisão transversal";"Com Vítimas Feridas";"Pleno dia";"Crescente";"Nublado";"Simples";"Reta";"Sim";3;0;1;0;2;0;1;2;-22,74866919;-43,6985223;"SPRF-RJ";"DEL06/RJ";"UOP02-DEL06-RJ"
755657;2026-03-02;"segunda-feira";"13:05:00";"SC";470;54;"BLUMENAU";"Acessar a via sem observar a presença dos outros veículos";"Colisão traseira";"Com Vítimas Feridas";"Pleno dia";"Crescente";"Céu Claro";"Simples";"Reta;Interseção de Vias";"Sim";2;0;0;1;1;0;1;2;-26,87331499;-49,11446068;"SPRF-SC";"DEL04/SC";"UOP01-DEL04-SC"
755658;2026-03-02;"segunda-feira";"12:20:00";"GO";153;506;"APARECIDA DE GOIANIA";"Ausência de reação do condutor";"Colisão traseira";"Com Vítimas Feridas";"Pleno dia";"Decrescente";"Céu Claro";"Dupla";"Declive";"Sim";3;0;1;0;2;0;1;3;-16,7624;-49,240048;"SPRF-GO";"DEL01/GO";"UOP01-DEL01-GO"
755660;2026-03-02;"segunda-feira";"12:00:00";"MG";262;357,2;"JUATUBA";"Ausência de reação do condutor";"Tombamento";"Com Vítimas Feridas";"Pleno dia";"Decrescente";"Céu Claro";"Simples";"Reta";"Sim";1;0;1;0;0;0;1;1;-19,971152;-44,2867966;"SPRF-MG";"DEL01/MG";"UOP03-DEL01-MG"