"id";"data_inversa";"dia_semana";"horario";"uf";"br";"km";"municipio";"causa_acidente";"tipo_acidente";"classificacao_acidente";"fase_dia";"sentido_via";"condicao_metereologica";"tipo_pista";"tracado_via";"uso_solo";"pessoas";"mortos";"feridos_leves";"feridos_graves";"ilesos";"ignorados";"feridos";"veiculos";"latitude";"longitude";"regional";"delegacia";"uop"
755662;2026-03-02;"segunda-feira";"13:00:00";"PR";369;138;"IBIPORA";"Desrespeitar a preferência no cruzamento";"Colisão transversal";"Com Vítimas Feridas";"Pleno dia";"Crescente";"Céu Claro";"Dupla";"Rotatória";"Sim";2;0;2;0;0;0;2;2;-23,27364212;-51,05615823;"SPRF-PR";"DEL07/PR";"UOP01-DEL07-PR"
755663;2026-03-02;"segunda-feira";"13:20:00";"RJ";101;482;"ANGRA DOS REIS";"Acessar a via sem observar a presença dos outros veículos";"Colisão transversal";"Com Vítimas Feridas";"Pleno dia";"Decrescente";"Nublado";"Dupla";"Curva;Interseção de Vias";"Sim";4;0;1;0;3;0;1;2;-23,00588762;-44,29678766;"SPRF-RJ";"DEL03/RJ";"UOP03-DEL03-RJ"
755664;2026-03-02;"segunda-feira";"08:15:00";"SC";101;314,1;"LAGUNA";"Demais falhas mecânicas ou elétricas";"Incêndio";"Sem Vítimas";"Pleno dia";"Decrescente";"Céu Claro";"Dupla";"Ponte;Curva";"Não";6;0;0;0;6;0;0;1;-28,43483541;-48,84377416;"SPRF-SC";"DEL02/SC";"UOP01-DEL02-SC"
755666;2026-03-02;"segunda-feira";"07:54:00";"RS";116;184,8;"NOVA PETROPOLIS";"Manobra de mudança de faixa";"Colisão lateral mesmo sentido";"Com Vítimas Feridas";"Pleno dia";"Decrescente";"Céu Claro";"Dupla";"Rotatória";"Sim";2;0;0;1;1;0;1;2;-29,38685358;-51,12483351;"SPRF-RS";"DEL05/RS";"UOP02-DEL05-RS"
755670;2026-03-02;"segunda-feira";"13:30:00";"MG";40;576;"ITABIRITO";"Ausência de reação do condutor";"Colisão com objeto";"Com Vítimas Feridas";"Pleno dia";"Decrescente";"Céu Claro";"Múltipla";"Reta";"Sim";1;0;0;1;0;0;1;1;-20,27276;-43,950845;"SPRF-MG";"DEL01/MG";"UOP02-DEL01-MG"
755674;2026-03-02;"segunda-feira";"14:10:00";"DF";60;20;"BRASILIA";"Avarias e/ou desgaste excessivo no pneu";"Saída de leito carroçável";"Com Vítimas Feridas";"Pleno dia";"Decrescente";"Céu Claro";"Dupla";"Curva";"Não";1;0;1;0;0;0;1;1;-15,976602;-48,199007;"SPRF-DF";"DEL03-DF";"UOP01-DEL03-DF"
755675;2026-03-02;"segunda-feira";"14:45:00";"BA";116;327;"TEOFILANDIA";"Velocidade Incompatível";"Colisão frontal";"Com Vítimas Feridas";"Pleno dia";"Decrescente";"Nublado";"Simples";"Reta";"Não";3;0;2;1;0;0;3;2;-11,46673;-38,99001;"SPRF-BA";"DEL02/BA";"UOP01-DEL02-BA"
755678;2026-03-02;"segunda-feira";"14:38:00";"SC";282;23,7;"SANTO AMARO DA IMPERATRIZ";"Acessar a via sem observar a presença dos outros veículos";"Colisão frontal";"Com Vítimas Feridas";"Pleno dia";"Decrescente";"Céu Claro";"Simples";"Reta;Retorno Regulamentado;Interseção de Vias";"Sim";2;0;1;0;1;0;1;2;-27,68445915;-48,74363422;"SPRF-SC";"DEL01/SC";"UOP03-DEL01-SC"
755679;2026-03-02;"segunda-feira";"11:00:00";"BA";242;606;"IBOTIRAMA";"Chuva";"Colisão traseira";"Com Vítimas Feridas";"Pleno dia";"Decrescente";"Chuva";"Simples";"Reta";"Sim";1;0;1;0;0;0;1;1;-12,17393097;-43,20558071;"SPRF-BA";"DEL06/BA";"UOP03-DEL06-BA"
755680;2026-03-02;"segunda-feira";"14:45:00";"RS";290;36,4;"SANTO ANTONIO DA PATRULHA";"Manobra de mudança de faixa";"Tombamento";"Com Vítimas Feridas";"Pleno dia";"Crescente";"Sol";"Dupla";"Reta";"Não";2;0;2;0;0;0;2;1;-29,88509;-50,621753;"SPRF-RS";"DEL03/RS";"UOP01-DEL03-RS"
755682;2026-03-02;"segunda-feira";"15:30:00";"PB";230;136,4;"MASSARANDUBA";"Ausência de reação do condutor";"Saída de leito carroçável";"Com Vítimas Fatais";"Pleno dia";"Crescente";"Céu Claro";"Dupla";"Reta";"Não";3;1;2;0;0;0;2;1;-7,27600018;-35,77795196;"SPRF-PB";"DEL02-PB";"UOP01-DEL02-PB"
755684;2026-03-02;"segunda-feira";"12:00:00";"RJ";116;131;"MAGE";"Acessar a via sem observar a presença dos outros veículos";"Colisão traseira";"Com Vítimas Feridas";"Pleno dia";"Crescente";"Céu Claro";"Dupla";"Reta;Viaduto";"Sim";2;0;1;0;0;1;1;2;-22,656727;-43,129205;"SPRF-RJ";"DEL04/RJ";"UOP02-DEL04-RJ"
755685;2026-03-02;"segunda-feira";"15:00:00";"DF";20;9,5;"BRASILIA";"Condutor deixou de manter distância do veículo da frente";"Tombamento";"Com Vítimas Feridas";"Pleno dia";"Decrescente";"Chuva";"Múltipla";"Reta";"Sim";1;0;1;0;0;0;1;1;-15,65244318;-47,77844357;"SPRF-DF";"DEL02-DF";"UOP01-DEL02-DF"
755690;2026-03-02;"segunda-feira";"14:40:00";"RJ";393;250;"BARRA DO PIRAI";"Pista esburacada";"Tombamento";"Com Vítimas Feridas";"Pleno dia";"Crescente";"Céu Claro";"Simples";"Reta";"Não";1;0;1;0;0;0;1;1;-22,4446583;-43,7925683;"SPRF-RJ";"DEL05/RJ";"UOP04-DEL05-RJ"
755691;2026-02-14;"sábado";"19:40:00";"CE";20;358;"CARIDADE";"Ausência de reação do condutor";"Colisão com objeto";"Com Vítimas Feridas";"Plena Noite";"Crescente";"Nublado";"Simples";"Reta;Aclive";"Não";1;0;0;1;0;0;1;1;-4,035287;-38,995135;"SPRF-CE";"DEL02/CE";"UOP01-DEL02-CE"
755692;2026-03-02;"segunda-feira";"16:00:00";"AL";316;271,8;"MACEIO";"Acessar a via sem observar a presença dos outros veículos";"Colisão transversal";"Com Vítimas Feridas";"Pleno dia";"Decrescente";"Nublado";"Simples";"Reta";"Não";2;0;1;0;1;0;1;2;-9,56778;-35,80879;"SPRF-AL";"DEL02-AL";"UOP01-DEL02-AL"
755693;2026-02-28;"sábado";"19:30:00";"SC";282;69,7;"RANCHO QUEIMADO";"Curva acentuada";"Saída de leito carroçável";"Com Vítimas Feridas";"Plena Noite";"Decrescente";"Nublado";"Simples";"Curva";"Não";4;0;3;0;1;0;3;1;-27,694;-49,0906;"SPRF-SC";"DEL01/SC";"UOP03-DEL01-SC"
755694;2026-03-02;"segunda-feira";"15:25:00";"MG";116;761,3;"LEOPOLDINA";"Reação tardia ou ineficiente do condutor";"Colisão transversal";"Com Vítimas Feridas";"Pleno dia";"Decrescente";"Céu Claro";"Simples";"Curva;Interseção de Vias";"Sim";3;0;1;2;0;0;3;2;-21,527706;-42,621471;"SPRF-MG";"DEL07/MG";"UOP01-DEL07-MG"
755695;2026-03-02;"segunda-feira";"16:45:00";"PB";101;45;"MAMANGUAPE";"Pedestre - Ingestão de álcool/ substâncias psicoativas";"Atropelamento de Pedestre";"Com Vítimas Feridas";"Pleno dia";"Decrescente";"Céu Claro";"Dupla";"Reta";"Não";2;0;0;1;0;1;1;2;-6,8824362;-35,1307576;"SPRF-PB";"DEL01-PB";"UOP03-DEL01-PB"
755696;2026-03-02;"segunda-feira";"16:50:00";"SC";470;140;"RIO DO SUL";"Acessar a via sem observar a presença dos outros veículos";"Colisão transversal";"Com Vítimas Feridas";"Pleno dia";"Decrescente";"Sol";"Simples";"Reta;Interseção de Vias";"Sim";3;0;2;0;1;0;2;2;-27,204646;-49,638484;"SPRF-SC";"DEL04/SC";"UOP02-DEL04-SC"
755697;2026-03-02;"segunda-feira";"16:00:00";"SP";116;4;"GUARULHOS";"Manobra de mudança de faixa";"Colisão traseira";"Com Vítimas Feridas";"Pleno dia";"Decrescente";"Céu Claro";"Múltipla";"Declive;Reta";"Sim";3;0;1;0;1;1;1;3;-23,424447;-46,4879;"SPRF-SP";"DEL01/SP";"UOP01-DEL01-SP"
755699;2026-03-02;"segunda-feira";"17:00:00";"RS";448;22;"PORTO ALEGRE";"Acumulo de óleo sobre o pavimento";"Tombamento";"Com Vítimas Feridas";"Pleno dia";"Crescente";"Céu Claro";"Simples";"Aclive;Curva";"Não";1;0;1;0;0;0;1;1;-29,97506183;-51,19841186;"SPRF-RS";"DEL01/RS";"UOP01-DEL01-RS"
755700;2026-03-02;"segunda-feira";"15:55:00";"RJ";40;121;"DUQUE DE CAXIAS";"Condutor usando celular";"Colisão traseira";"Com Vítimas Feridas";"Pleno dia";"Decrescente";"Céu Claro";"Dupla";"Reta";"Sim";3;0;0;1;2;0;1;3;-22,7761431;-43,2859364;"SPRF-RJ";"DEL01/RJ";"UOP02-DEL01-RJ"
755701;2026-03-02;"segunda-feira";"17:20:00";"RS";285;415,3;"PANAMBI";"Ultrapassagem Indevida";"Colisão frontal";"Com Vítimas Fatais";"Pleno dia";"Crescente";"Céu Claro";"Simples";"Reta";"Não";2;1;1;0;0;0;1;2;-28,35465633;-53,47061858;"SPRF-RS";"DEL10/RS";"UOP01-DEL10-RS"
755702;2026-03-02;"segunda-feira";"16:50:00";"MS";262;184;"RIBAS DO RIO PARDO";"Manobra de mudança de faixa";"Saída de leito carroçável";"Com Vítimas Feridas";"Pleno dia";"Decrescente";"Céu Claro";"Simples";"Reta";"Não";1;0;1;0;0;0;1;1;-20,428099;-53,247355;"SPRF-MS";"DEL07/MS";"UOP02-DEL07-MS"
755704;2026-03-02;"segunda-feira";"06:40:00";"GO";153;532;"HIDROLANDIA";"Demais falhas mecânicas ou elétricas";"Incêndio";"Sem Vítimas";"Pleno dia";"Decrescente";"Céu Claro";"Dupla";"Reta";"Não";1;0;0;0;1;0;0;1;-16,996095;-49,226417;"SPRF-GO";"DEL01/GO";"UOP03-DEL01-GO"
755705;2026-03-02;"segunda-feira";"18:30:00";"ES";101;287;"CARIACICA";"Acessar a via sem observar a presença dos outros veículos";"Colisão transversal";"Com Vítimas Feridas";"Plena Noite";"Crescente";"Céu Claro";"Dupla";"Reta";"Sim";2;0;0;2;0;0;2;2;-20,26484553;-40,38467182;"SPRF-ES";"DEL01-ES";"UOP01-DEL01-ES"
755706;2026-03-02;"segunda-feira";"18:15:00";"SP";153;62,4;"SAO JOSE DO RIO PRETO";"Ausência de reação do condutor";"Colisão traseira";"Sem Vítimas";"Anoitecer";"Crescente";"Céu Claro";"Dupla";"Aclive;Reta";"Sim";2;0;0;0;2;0;0;2;-20,816942;-49,357313;"SPRF-SP";"DEL09/SP";"UOP01-DEL09-SP"
755708;2026-02-22;"domingo";"18:15:00";"AL";316;265;"SATUBA";"Ingestão de álcool pelo condutor";"Colisão transversal";"Com Vítimas Feridas";"Anoitecer";"Decrescente";"Céu Claro";"Simples";"Aclive;Curva";"Não";3;0;1;1;1;0;2;2;-9,58711;-35,86015;"SPRF-AL";"DEL02-AL";"UOP01-DEL02-AL"
755713;2026-03-02;"segunda-feira";"18:40:00";"DF";70;5,4;"BRASILIA";"Manobra de mudança de faixa";"Colisão lateral mesmo sentido";"Com Vítimas Feridas";"Anoitecer";"Crescente";"Céu Claro";"Dupla";"Reta";"Não";2;0;1;0;1;0;1;2;-15,792;-48,103102;"SPRF-DF";"DEL03-DF";"UOP02-DEL03-DF"
755715;2026-03-02;"segunda-feira";"17:50:00";"BA";101;264;"SANTO ANTONIO DE JESUS";"Desrespeitar a preferência no cruzamento";"Colisão transversal";"Com Vítimas Feridas";"Plena Noite";"Decrescente";"Chuva";"Simples";"Interseção de Vias";"Sim";3;0;3;0;0;0;3;2;-12,9863677;-39,29163694;"SPRF-BA";"DEL11/BA";"UOP01-DEL11-BA"
755717;2026-03-02;"segunda-feira";"18:06:00";"RO";319;144;"PORTO VELHO";"Ausência de reação do condutor";"Colisão traseira";"Com Vítimas Feridas";"Anoitecer";"Decrescente";"Céu Claro";"Múltipla";"Reta";"Sim";2;0;1;0;1;0;1;2;-8,76823005;-63,88408935;"SPRF-RO";"DEL01-RO";"UOP01-DEL01-RO"
755718;2026-03-02;"segunda-feira";"20:00:00";"SP";116;217;"GUARULHOS";"Ausência de reação do condutor";"Colisão lateral mesmo sentido";"Com Vítimas Feridas";"Plena Noite";"Crescente";"Céu Claro";"Múltipla";"Reta";"Não";2;0;1;0;1;0;1;2;-23,45411289;-46,47354126;"SPRF-SP";"DEL01/SP";"UOP01-DEL01-SP"
755719;2026-03-02;"segunda-feira";"19:50:00";"ES";101;229,4;"FUNDAO";"Reação tardia ou ineficiente do condutor";"Tombamento";"Com Vítimas Feridas";"Plena Noite";"Crescente";"Céu Claro";"Simples";"Reta";"Sim";1;0;1;0;0;0;1;1;-19,93153833;-40,40562333;"SPRF-ES";"DEL02-ES";"UOP01-DEL02-ES"
755720;2026-02-27;"sexta-feira";"21:40:00";"RJ";116;170,5;"RIO DE JANEIRO";"Ausência de reação do condutor";"Colisão traseira";"Com Vítimas Feridas";"Plena Noite";"Crescente";"Garoa/Chuvisco";"Dupla";"Reta";"Sim";3;0;1;0;2;0;1;2;-22,81032975;-43,33516208;"SPRF-RJ";"DEL06/RJ";"UOP01-DEL06-RJ"
755721;2026-03-02;"segunda-feira";"19:25:00";"ES";393;0,5;"CACHOEIRO DE ITAPEMIRIM";"Acessar a via sem observar a presença dos outros veículos";"Colisão transversal";"Com Vítimas Feridas";"Plena Noite";"Decrescente";"Céu Claro";"Simples";"Interseção de Vias;Reta";"Sim";3;0;2;0;1;0;2;2;-20,83872004;-41,16339952;"SPRF-ES";"DEL03-ES";"UOP02-DEL03-ES"
755724;2026-03-02;"segunda-feira";"17:50:00";"RJ";40;122;"DUQUE DE CAXIAS";"Trafegar com motocicleta (ou similar) entre as faixas";"Colisão lateral mesmo sentido";"Com Vítimas Feridas";"Pleno dia";"Decrescente";"Céu Claro";"Múltipla";"Reta";"Sim";2;0;1;0;1;0;1;2;-22,63076068;-43,285137;"SPRF-RJ";"DEL01/RJ";"UOP02-DEL01-RJ"
755727;2026-03-02;"segunda-feira";"19:50:00";"PA";230;615,7;"VITORIA DO XINGU";"Animais na Pista";"Atropelamento de Animal";"Com Vítimas Feridas";"Plena Noite";"Decrescente";"Céu Claro";"Simples";"Reta";"Não";1;0;1;0;0;0;1;1;-3,16982;-52,10044;"SPRF-PA";"DEL04/PA";"UOP01-DEL04-PA"
755731;2026-03-02;"segunda-feira";"18:40:00";"RS";470;282,5;"MONTENEGRO";"Velocidade Incompatível";"Colisão lateral mesmo sentido";"Com Vítimas Feridas";"Anoitecer";"Decrescente";"Céu Claro";"Simples";"Interseção de Vias;Reta";"Sim";2;0;1;0;1;0;1;2;-29,620016;-51,474507;"SPRF-RS";"DEL06/RS";"UOP01-DEL06-RS"
755732;2026-03-02;"segunda-feira";"20:50:00";"RJ";101;428;"MANGARATIBA";"Ingestão de álcool pelo condutor";"Tombamento";"Sem Vítimas";"Plena Noite";"Decrescente";"Chuva";"Dupla";"Retorno Regulamentado";"Não";1;0;0;0;1;0;0;1;-22,9356379;-43,9988101;"SPRF-RJ";"DEL03/RJ";"UOP02-DEL03-RJ"
755736;2026-03-02;"segunda-feira";"21:30:00";"PE";232;11;"JABOATAO DOS GUARARAPES";"Demais falhas mecânicas ou elétricas";"Colisão traseira";"Com Vítimas Feridas";"Plena Noite";"Crescente";"Chuva";"Dupla";"Reta";"Não";2;0;0;1;1;0;1;2;-8,08604182;-35,00311591;"SPRF-PE";"DEL01/PE";"UOP01-DEL01-PE"
755739;2026-03-02;"segunda-feira";"20:40:00";"PI";316;311;"PICOS";"Entrada inopinada do pedestre";"Atropelamento de Pedestre";"Com Vítimas Feridas";"Plena Noite";"Decrescente";"Garoa/Chuvisco";"Dupla";"Reta";"Sim";2;0;0;1;1;0;1;2;-7,07993033;-41,45989943;"SPRF-PI";"DEL04-PI";"UOP01-DEL04-PI"
755740;2026-03-02;"segunda-feira";"21:35:00";"PR";277;173;"PALMEIRA";"Pedestre andava na pista";"Atropelamento de Pedestre";"Com Vítimas Fatais";"Plena Noite";"Decrescente";"Céu Claro";"Simples";"Reta;Em Obras;Aclive";"Não";5;1;0;0;4;0;0;2;-25,442391;-49,967571;"SPRF-PR";"DEL01/PR";"UOP07-DEL01-PR"
755741;2026-03-02;"segunda-feira";"23:20:00";"RJ";101;308;"SAO GONCALO";"Animais na Pista";"Atropelamento de Animal";"Com Vítimas Feridas";"Plena Noite";"Crescente";"Céu Claro";"Dupla";"Reta";"Sim";1;0;1;0;0;0;1;1;-22,793068;-43,024872;"SPRF-RJ";"DEL02/RJ";"UOP02-DEL02-RJ"
755742;2026-03-02;"segunda-feira";"20:30:00";"RS";285;96;"VACARIA";"Desrespeitar a preferência no cruzamento";"Colisão transversal";"Com Vítimas Feridas";"Plena Noite";"Decrescente";"Céu Claro";"Simples";"Interseção de Vias";"Sim";5;0;4;0;1;0;4;2;-28,5973987;-50,7435256;"SPRF-RS";"DEL05/RS";"UOP03-DEL05-RS"
755743;2026-01-29;"quinta-feira";"17:37:00";"RJ";101;387;"RIO DE JANEIRO";"Reação tardia ou ineficiente do condutor";"Colisão com objeto";"Com Vítimas Feridas";"Pleno dia";"Decrescente";"Nublado";"Dupla";"Reta";"Não";1;0;0;1;0;0;1;1;-22,89199024;-43,66859436;"SPRF-RJ";"DEL03/RJ";"UOP01-DEL03-RJ"
755744;2026-03-02;"segunda-feira";"23:20:00";"PR";116;115;"CURITIBA";"Demais falhas mecânicas ou elétricas";"Tombamento";"Com Vítimas Feridas";"Plena Noite";"Decrescente";"Nublado";"Dupla";"Reta";"Não";2;0;2;0;0;0;2;1;-25,587203;-49,314498;"SPRF-PR";"DEL01/PR";"UOP03-DEL01-PR"
755747;2026-03-02;"segunda-feira";"23:10:00";"RO";364;423,5;"JARU";"Ausência de reação do condutor";"Colisão com objeto";"Com Vítimas Feridas";"Plena Noite";"Crescente";"Céu Claro";"Dupla";"Reta;Em Obras";"Sim";1;0;0;1;0;0;1;1;-10,447471;-62,463923;"SPRF-RO";"DEL03-RO";"UOP02-DEL03-RO"
755751;2026-02-14;"sábado";"09:30:00";"MA";135;7;"SAO LUIS";"Acessar a via sem observar a presença dos outros veículos";"Colisão transversal";"Com Vítimas Feridas";"Pleno dia";"Decrescente";"Céu Claro";"Dupla";"Reta;Aclive;Retorno Regulamentado";"Sim";3;0;0;1;2;0;1;2;-2,640561;-44,271805;"SPRF-MA";"DEL01-MA";"UOP01-DEL01-MA"
755752;2026-03-03;"terça-feira";"02:45:00";"SE";101;39,4;"JAPARATUBA";"Chuva";"Colisão com objeto";"Com Vítimas Feridas";"Plena Noite";"Crescente";"Chuva";"Dupla";"Reta;Declive";"Não";1;0;1;0;0;0;1;1;-10,52013;-36,95179;"SPRF-SE";"DEL02-SE";"UOP02-DEL02-SE"
755754;2026-03-03;"terça-feira";"03:30:00";"PR";277;69,5;"SAO JOSE DOS PINHAIS";"Avarias e/ou desgaste excessivo no pneu";"Tombamento";"Com Vítimas Feridas";"Plena Noite";"Crescente";"Nublado";"Dupla";"Reta";"Sim";2;0;2;0;0;0;2;1;-25,517817;-49,114045;"SPRF-PR";"DEL01/PR";"UOP01-DEL01-PR"
755755;2026-03-03;"terça-feira";"05:29:00";"PE";101;76,8;"RECIFE";"Pedestre cruzava a pista fora da faixa";"Atropelamento de Pedestre";"Com Vítimas Feridas";"Pleno dia";"Decrescente";"Céu Claro";"Dupla";"Reta";"Não";2;0;2;0;0;0;2;2;-8,13067;-34,94964;"SPRF-PE";"DEL01/PE";"UOP01-DEL01-PE"
755756;2026-03-03;"terça-feira";"05:00:00";"RJ";116;148;"DUQUE DE CAXIAS";"Manobra de mudança de faixa";"Colisão lateral mesmo sentido";"Com Vítimas Feridas";"Pleno dia";"Crescente";"Céu Claro";"Múltipla";"Reta";"Sim";2;0;1;0;0;1;1;2;-22,67192695;-43,28135848;"SPRF-RJ";"DEL01/RJ";"UOP02-DEL01-RJ"
755757;2026-03-03;"terça-feira";"05:00:00";"MG";40;616,9;"CONGONHAS";"Animais na Pista";"Atropelamento de Animal";"Com Vítimas Feridas";"Plena Noite";"Crescente";"Nevoeiro/Neblina";"Simples";"Aclive;Reta";"Não";3;0;2;0;1;0;2;1;-20,54790348;-43,81767724;"SPRF-MG";"DEL05/MG";"UOP02-DEL05-MG"
755759;2026-03-03;"terça-feira";"06:40:00";"SP";116;221;"GUARULHOS";"Trafegar com motocicleta (ou similar) entre as faixas";"Colisão lateral mesmo sentido";"Com Vítimas Feridas";"Pleno dia";"Crescente";"Nublado";"Múltipla";"Reta";"Sim";2;0;1;0;0;1;1;2;-23,46832118;-46,5093863;"SPRF-SP";"DEL01/SP";"UOP01-DEL01-SP"
755761;2026-03-03;"terça-feira";"05:00:00";"PR";277;29;"MORRETES";"Ausência de reação do condutor";"Tombamento";"Com Vítimas Feridas";"Plena Noite";"Decrescente";"Céu Claro";"Dupla";"Em Obras;Reta";"Não";1;0;1;0;0;0;1;1;-25,5464268;-48,78773896;"SPRF-PR";"DEL01/PR";"UOP05-DEL01-PR"
755765;2026-03-03;"terça-feira";"07:00:00";"RN";101;72;"EXTREMOZ";"Condutor deixou de manter distância do veículo da frente";"Engavetamento";"Com Vítimas Feridas";"Pleno dia";"Decrescente";"Sol";"Simples";"Declive";"Não";4;0;1;0;3;0;1;3;-5,700369;-35,264144;"SPRF-RN";"DEL02-RN";"UOP01-DEL02-RN"
755768;2026-03-03;"terça-feira";"07:27:00";"SC";470;54,6;"BLUMENAU";"Trafegar com motocicleta (ou similar) entre as faixas";"Colisão traseira";"Com Vítimas Feridas";"Pleno dia";"Decrescente";"Céu Claro";"Dupla";"Interseção de Vias";"Não";2;0;1;0;1;0;1;2;-26,875008;-49,116657;"SPRF-SC";"DEL04/SC";"UOP01-DEL04-SC"
755769;2026-03-03;"terça-feira";"05:45:00";"PE";232;408,5;"SERRA TALHADA";"Acessar a via sem observar a presença dos outros veículos";"Atropelamento de Pedestre";"Com Vítimas Feridas";"Amanhecer";"Crescente";"Nublado";"Simples";"Aclive;Reta";"Sim";3;0;1;0;1;1;1;2;-7,98271;-38,28524;"SPRF-PE";"DEL04/PE";"UOP01-DEL04-PE"
755770;2026-03-03;"terça-feira";"07:40:00";"SP";116;227;"SAO PAULO";"Manobra de mudança de faixa";"Colisão traseira";"Com Vítimas Feridas";"Pleno dia";"Crescente";"Nublado";"Múltipla";"Reta;Aclive";"Sim";2;0;1;0;1;0;1;2;-23,50155069;-46,56465816;"SPRF-SP";"DEL01/SP";"UOP01-DEL01-SP"
755771;2026-03-03;"terça-feira";"07:20:00";"SC";101;138,3;"BALNEARIO CAMBORIU";"Condutor deixou de manter distância do veículo da frente";"Colisão traseira";"Com Vítimas Feridas";"Pleno dia";"Decrescente";"Sol";"Dupla";"Aclive;Reta";"Não";2;0;1;0;1;0;1;2;-27,02101101;-48,6090502;"SPRF-SC";"DEL04/SC";"UOP03-DEL04-SC"
755773;2026-03-03;"terça-feira";"06:00:00";"MS";60;448,7;"SIDROLANDIA";"Demais falhas mecânicas ou elétricas";"Incêndio";"Sem Vítimas";"Amanhecer";"Crescente";"Céu Claro";"Simples";"Reta";"Não";1;0;0;0;0;1;0;1;-21,004593;-55,126023;"SPRF-MS";"DEL01/MS";"UOP04-DEL01-MS"
755776;2026-03-03;"terça-feira";"07:25:00";"ES";101;290,7;"CARIACICA";"Reação tardia ou ineficiente do condutor";"Colisão traseira";"Com Vítimas Feridas";"Pleno dia";"Crescente";"Sol";"Dupla";"Reta";"Sim";2;0;1;0;1;0;1;2;-20,2959477;-40,3936851;"SPRF-ES";"DEL01-ES";"UOP01-DEL01-ES"
755780;2026-03-03;"terça-feira";"07:45:00";"SC";101;125,1;"ITAJAI";"Demais falhas mecânicas ou elétricas";"Tombamento";"Com Vítimas Feridas";"Pleno dia";"Crescente";"Céu Claro";"Dupla";"Reta";"Não";2;0;2;0;0;0;2;1;-26,9488;-48,68204;"SPRF-SC";"DEL04/SC";"UOP04-DEL04-SC"
755783;2026-03-03;"terça-feira";"06:15:00";"RN";304;302,3;"MACAIBA";"Manobra de mudança de faixa";"Colisão lateral mesmo sentido";"Sem Vítimas";"Pleno dia";"Decrescente";"Chuva";"Dupla";"Reta";"Sim";3;0;0;0;3;0;0;2;-5,880087;-35,29552;"SPRF-RN";"DEL01-RN";"UOP02-DEL01-RN"
755784;2026-03-03;"terça-feira";"07:40:00";"MG";381;483;"BETIM";"Condutor deixou de manter distância do veículo da frente";"Colisão traseira";"Com Vítimas Feridas";"Pleno dia";"Crescente";"Céu Claro";"Dupla";"Reta";"Sim";2;0;1;0;1;0;1;2;-19,95862617;-44,08071041;"SPRF-MG";"DEL01/MG";"UOP03-DEL01-MG"
755785;2026-03-03;"terça-feira";"08:00:00";"SP";153;44,9;"SAO JOSE DO RIO PRETO";"Manobra de mudança de faixa";"Tombamento";"Com Vítimas Feridas";"Pleno dia";"Crescente";"Céu Claro";"Simples";"Reta";"Não";2;0;2;0;0;0;2;1;-20,663351;-49,340835;"SPRF-SP";"DEL09/SP";"UOP01-DEL09-SP"
755786;2026-03-03;"terça-feira";"08:05:00";"SC";116;246;"LAGES";"Desrespeitar a preferência no cruzamento";"Colisão transversal";"Com Vítimas Feridas";"Pleno dia";"Decrescente";"Céu Claro";"Simples";"Interseção de Vias;Reta";"Sim";2;0;1;0;1;0;1;2;-27,80414463;-50,3647368;"SPRF-SC";"DEL05/SC";"UOP02-DEL05-SC"
755787;2026-03-03;"terça-feira";"07:42:00";"PE";101;46;"IGARASSU";"Condutor deixou de manter distância do veículo da frente";"Colisão traseira";"Com Vítimas Feridas";"Pleno dia";"Decrescente";"Céu Claro";"Múltipla";"Reta";"Sim";2;0;1;0;1;0;1;2;-7,87063748;-34,90632746;"SPRF-PE";"DEL01/PE";"UOP02-DEL01-PE"
755788;2026-03-03;"terça-feira";"08:56:00";"BA";324;618;"SALVADOR";"Ausência de reação do condutor";"Queda de ocupante de veículo";"Com Vítimas Feridas";"Pleno dia";"Crescente";"Céu Claro";"Dupla";"Interseção de Vias";"Não";2;0;2;0;0;0;2;1;-12,8995892;-38,4515857;"SPRF-BA";"DEL01/BA";"UOP01-DEL01-BA"
755789;2026-03-03;"terça-feira";"08:55:00";"AL";104;90,5;"RIO LARGO";"Avarias e/ou desgaste excessivo no pneu";"Eventos atípicos";"Com Vítimas Feridas";"Pleno dia";"Crescente";"Céu Claro";"Dupla";"Reta";"Sim";2;0;2;0;0;0;2;1;-9,503461;-35,810114;"SPRF-AL";"DEL01-AL";"UOP01-DEL01-AL"
755793;2026-03-03;"terça-feira";"08:35:00";"SC";101;126;"ITAJAI";"Condutor deixou de manter distância do veículo da frente";"Colisão traseira";"Com Vítimas Feridas";"Pleno dia";"Decrescente";"Sol";"Dupla";"Aclive;Reta";"Não";3;0;2;0;1;0;2;2;-26,95893;-48,68013;"SPRF-SC";"DEL04/SC";"UOP04-DEL04-SC"
755794;2026-03-03;"terça-feira";"06:32:00";"RJ";101;386;"RIO DE JANEIRO";"Manobra de mudança de faixa";"Colisão lateral mesmo sentido";"Com Vítimas Feridas";"Amanhecer";"Decrescente";"Nublado";"Dupla";"Reta";"Sim";3;0;2;0;1;0;2;2;-22,8849;-43,64654;"SPRF-RJ";"DEL03/RJ";"UOP01-DEL03-RJ"
755797;2026-03-03;"terça-feira";"07:55:00";"RO";364;712;"PORTO VELHO";"Condutor deixou de manter distância do veículo da frente";"Engavetamento";"Com Vítimas Feridas";"Pleno dia";"Crescente";"Céu Claro";"Dupla";"Reta;Viaduto";"Sim";4;0;1;0;2;1;1;4;-8,77839808;-63,87087464;"SPRF-RO";"DEL01-RO";"UOP01-DEL01-RO"