"id";"data_inversa";"dia_semana";"horario";"uf";"br";"km";"municipio";"causa_acidente";"tipo_acidente";"classificacao_acidente";"fase_dia";"sentido_via";"condicao_metereologica";"tipo_pista";"tracado_via";"uso_solo";"pessoas";"mortos";"feridos_leves";"feridos_graves";"ilesos";"ignorados";"feridos";"veiculos";"latitude";"longitude";"regional";"delegacia";"uop"
756275;2026-03-05;"quinta-feira";"16:30:00";"SC";101;443;"SANTA ROSA DO SUL";"Demais falhas na via";"Tombamento";"Com Vítimas Feridas";"Pleno dia";"Decrescente";"Nublado";"Simples";"Interseção de Vias";"Sim";2;0;2;0;0;0;2;1;-29,13261079;-49,69922869;"SPRF-SC";"DEL02/SC";"UOP02-DEL02-SC"
756276;2026-03-05;"quinta-feira";"16:20:00";"RJ";40;109;"DUQUE DE CAXIAS";"Reação tardia ou ineficiente do condutor";"Colisão lateral mesmo sentido";"Com Vítimas Feridas";"Pleno dia";"Decrescente";"Nublado";"Múltipla";"Reta";"Sim";2;0;1;0;1;0;1;2;-22,680219;-43,285679;"SPRF-RJ";"DEL01/RJ";"UOP02-DEL01-RJ"
756280;2026-03-05;"quinta-feira";"15:25:00";"PE";423;94,9;"GARANHUNS";"Acessar a via sem observar a presença dos outros veículos";"Colisão lateral sentido oposto";"Com Vítimas Feridas";"Pleno dia";"Crescente";"Céu Claro";"Simples";"Reta";"Sim";2;0;0;1;1;0;1;2;-8,878868;-36,477988;"SPRF-PE";"DEL03/PE";"UOP01-DEL03-PE"
756282;2026-03-05;"quinta-feira";"17:40:00";"SP";116;134;"SAO JOSE DOS CAMPOS";"Manobra de mudança de faixa";"Colisão lateral mesmo sentido";"Com Vítimas Feridas";"Anoitecer";"Crescente";"Céu Claro";"Dupla";"Reta";"Não";1;0;1;0;0;0;1;1;-23,14323703;-45,76705679;"SPRF-SP";"DEL02/SP";"UOP02-DEL02-SP"
756283;2026-03-05;"quinta-feira";"18:30:00";"PR";116;127;"FAZENDA RIO GRANDE";"Pedestre cruzava a pista fora da faixa";"Atropelamento de Pedestre";"Com Vítimas Feridas";"Anoitecer";"Crescente";"Céu Claro";"Múltipla";"Reta;Interseção de Vias";"Sim";3;0;1;0;2;0;1;2;-25,65439854;-49,31232389;"SPRF-PR";"DEL01/PR";"UOP03-DEL01-PR"
756285;2026-03-05;"quinta-feira";"14:30:00";"BA";324;561;"AMELIA RODRIGUES";"Ausência de reação do condutor";"Colisão traseira";"Com Vítimas Feridas";"Pleno dia";"Decrescente";"Céu Claro";"Dupla";"Reta";"Não";3;0;1;0;1;1;1;3;-12,49910148;-38,64442527;"SPRF-BA";"DEL01/BA";"UOP01-DEL01-BA"
756286;2026-03-05;"quinta-feira";"17:30:00";"RO";364;344,8;"JI-PARANA";"Chuva";"Atropelamento de Pedestre";"Com Vítimas Feridas";"Anoitecer";"Crescente";"Chuva";"Múltipla";"Reta;Rotatória";"Sim";2;0;1;0;1;0;1;2;-10,86884153;-61,96055744;"SPRF-RO";"DEL02-RO";"UOP01-DEL02-RO"
756287;2026-03-05;"quinta-feira";"18:40:00";"PR";376;595,9;"CURITIBA";"Condutor deixou de manter distância do veículo da frente";"Colisão traseira";"Com Vítimas Feridas";"Anoitecer";"Decrescente";"Céu Claro";"Dupla";"Reta";"Sim";2;0;1;0;1;0;1;2;-25,46955869;-49,35458568;"SPRF-PR";"DEL01/PR";"UOP03-DEL01-PR"
756288;2026-03-05;"quinta-feira";"18:23:00";"AP";210;2;"MACAPA";"Conversão proibida";"Colisão traseira";"Com Vítimas Feridas";"Anoitecer";"Crescente";"Céu Claro";"Dupla";"Retorno Regulamentado;Reta";"Sim";4;0;2;0;1;1;2;3;0,08388874;-51,07936621;"SPRF-AP";"DEL01-AP";"UOP01-DEL01-AP"
756289;2026-03-05;"quinta-feira";"17:30:00";"PB";230;460;"SOUSA";"Condutor deixou de manter distância do veículo da frente";"Colisão lateral mesmo sentido";"Com Vítimas Feridas";"Anoitecer";"Decrescente";"Céu Claro";"Simples";"Reta;Interseção de Vias";"Sim";2;0;1;0;1;0;1;2;-6,778533;-38,231433;"SPRF-PB";"DEL03-PB";"UOP03-DEL03-PB"
756291;2026-03-05;"quinta-feira";"19:00:00";"PR";376;258;"CALIFORNIA";"Condutor Dormindo";"Colisão traseira";"Sem Vítimas";"Plena Noite";"Crescente";"Céu Claro";"Simples";"Interseção de Vias;Reta";"Sim";3;0;0;0;3;0;0;2;-23,66864029;-51,35816574;"SPRF-PR";"DEL07/PR";"UOP03-DEL07-PR"
756295;2026-01-16;"sexta-feira";"02:20:00";"PA";163;310,7;"NOVO PROGRESSO";"Ausência de reação do condutor";"Colisão com objeto";"Sem Vítimas";"Plena Noite";"Decrescente";"Ignorado";"Simples";"Reta";"Sim";1;0;0;0;0;1;0;1;-7,0405441;-55,41478157;"SPRF-PA";"DEL05/PA";"UOP03-DEL05-PA"
756296;2026-03-05;"quinta-feira";"19:30:00";"PR";369;137,4;"IBIPORA";"Acessar a via sem observar a presença dos outros veículos";"Colisão transversal";"Com Vítimas Feridas";"Plena Noite";"Crescente";"Céu Claro";"Simples";"Reta";"Sim";2;0;1;0;1;0;1;2;-23,27040614;-51,04713269;"SPRF-PR";"DEL07/PR";"UOP01-DEL07-PR"
756297;2026-03-05;"quinta-feira";"18:20:00";"SC";280;27;"ARAQUARI";"Retorno proibido";"Colisão lateral mesmo sentido";"Com Vítimas Feridas";"Anoitecer";"Crescente";"Nublado";"Simples";"Reta";"Não";2;0;1;0;1;0;1;2;-26,39932202;-48,74181954;"SPRF-SC";"DEL03/SC";"UOP03-DEL03-SC"
756298;2026-01-16;"sexta-feira";"13:00:00";"PB";230;19;"JOAO PESSOA";"Reação tardia ou ineficiente do condutor";"Colisão traseira";"Com Vítimas Feridas";"Pleno dia";"Decrescente";"Céu Claro";"Dupla";"Reta";"Sim";5;0;1;0;3;1;1;4;-7,13025601;-34,85107809;"SPRF-PB";"DEL01-PB";"UOP01-DEL01-PB"
756299;2026-03-05;"quinta-feira";"18:50:00";"MT";70;528;"VARZEA GRANDE";"Conversão proibida";"Colisão transversal";"Com Vítimas Feridas";"Plena Noite";"Decrescente";"Céu Claro";"Simples";"Reta";"Sim";2;0;1;0;1;0;1;2;-15,65226577;-56,20147026;"SPRF-MT";"DEL01/MT";"UOP02-DEL01-MT"
756301;2026-03-05;"quinta-feira";"19:00:00";"PR";376;400;"TIBAGI";"Reação tardia ou ineficiente do condutor";"Saída de leito carroçável";"Com Vítimas Feridas";"Anoitecer";"Crescente";"Nublado";"Dupla";"Reta;Declive";"Não";1;0;1;0;0;0;1;1;-24,59102778;-50,67563889;"SPRF-PR";"DEL03/PR";"UOP02-DEL03-PR"
756302;2026-03-05;"quinta-feira";"20:10:00";"CE";116;48;"PACAJUS";"Retorno proibido";"Queda de ocupante de veículo";"Com Vítimas Feridas";"Plena Noite";"Decrescente";"Céu Claro";"Múltipla";"Retorno Regulamentado";"Sim";1;0;1;0;0;0;1;1;-4,164583;-38,488366;"SPRF-CE";"DEL01/CE";"UOP02-DEL01-CE"
756303;2026-03-05;"quinta-feira";"18:00:00";"MG";116;373,4;"FREI INOCENCIO";"Ingestão de álcool pelo condutor";"Colisão traseira";"Com Vítimas Feridas";"Anoitecer";"Crescente";"Nublado";"Múltipla";"Reta";"Sim";6;0;0;1;5;0;1;5;-18,56784;-41,907527;"SPRF-MG";"DEL11/MG";"UOP01-DEL11-MG"
756305;2026-03-05;"quinta-feira";"19:45:00";"MG";40;360;"FELIXLANDIA";"Animais na Pista";"Atropelamento de Animal";"Com Vítimas Feridas";"Plena Noite";"Decrescente";"Céu Claro";"Simples";"Reta";"Não";1;0;0;1;0;0;1;1;-18,75096002;-44,85202789;"SPRF-MG";"DEL02/MG";"UOP01-DEL02-MG"
756306;2026-03-05;"quinta-feira";"19:59:00";"SP";381;50;"ATIBAIA";"Reação tardia ou ineficiente do condutor";"Colisão transversal";"Com Vítimas Feridas";"Plena Noite";"Crescente";"Nublado";"Múltipla";"Reta";"Não";3;0;0;1;2;0;1;3;-23,21593417;-46,59285665;"SPRF-SP";"DEL03/SP";"UOP01-DEL03-SP"
756307;2026-03-05;"quinta-feira";"20:15:00";"SC";101;210,8;"SAO JOSE";"Acessar a via sem observar a presença dos outros veículos";"Colisão lateral mesmo sentido";"Com Vítimas Feridas";"Plena Noite";"Crescente";"Nublado";"Múltipla";"Reta";"Sim";2;0;1;0;1;0;1;2;-27,62176054;-48,65097849;"SPRF-SC";"DEL01/SC";"UOP01-DEL01-SC"
756309;2026-03-05;"quinta-feira";"20:30:00";"MG";40;526;"CONTAGEM";"Transitar no Acostamento";"Atropelamento de Pedestre";"Com Vítimas Feridas";"Plena Noite";"Decrescente";"Céu Claro";"Dupla";"Reta";"Não";4;0;1;0;3;0;1;3;-19,895568;-44,049663;"SPRF-MG";"DEL01/MG";"UOP02-DEL01-MG"
756310;2026-03-05;"quinta-feira";"20:50:00";"RN";101;85,6;"NATAL";"Condutor deixou de manter distância do veículo da frente";"Colisão traseira";"Com Vítimas Feridas";"Plena Noite";"Crescente";"Céu Claro";"Dupla";"Ponte;Reta";"Sim";3;0;3;0;0;0;3;2;-5,781485;-35,247773;"SPRF-RN";"DEL02-RN";"UOP01-DEL02-RN"
756312;2026-03-05;"quinta-feira";"20:15:00";"SP";116;392;"MIRACATU";"Ausência de reação do condutor";"Queda de ocupante de veículo";"Com Vítimas Feridas";"Plena Noite";"Decrescente";"Nublado";"Dupla";"Reta";"Não";2;0;2;0;0;0;2;1;-24,27806505;-47,41829708;"SPRF-SP";"DEL04/SP";"UOP02-DEL04-SP"
756313;2026-03-02;"segunda-feira";"07:10:00";"SC";280;127,6;"RIO NEGRINHO";"Ultrapassagem Indevida";"Colisão transversal";"Com Vítimas Feridas";"Pleno dia";"Decrescente";"Céu Claro";"Simples";"Aclive;Reta";"Sim";2;0;1;0;1;0;1;2;-26,241755;-49,510525;"SPRF-SC";"DEL06/SC";"UOP03-DEL06-SC"
756315;2026-03-05;"quinta-feira";"19:43:00";"PI";316;44,8;"LAGOA DO PIAUI";"Ausência de reação do condutor";"Saída de leito carroçável";"Com Vítimas Feridas";"Plena Noite";"Decrescente";"Céu Claro";"Simples";"Reta";"Não";1;0;1;0;0;0;1;1;-5,45196;-42,63423;"SPRF-PI";"DEL01-PI";"UOP02-DEL01-PI"
756316;2026-03-05;"quinta-feira";"21:00:00";"RS";386;355;"ESTRELA";"Ingestão de álcool pelo condutor";"Colisão traseira";"Com Vítimas Feridas";"Anoitecer";"Decrescente";"Céu Claro";"Dupla";"Reta";"Não";3;0;1;0;0;2;1;3;-29,519605;-51,9365033;"SPRF-RS";"DEL04/RS";"UOP01-DEL04-RS"
756321;2026-03-05;"quinta-feira";"20:15:00";"RS";386;270,7;"FONTOURA XAVIER";"Acessar a via sem observar a presença dos outros veículos";"Colisão transversal";"Sem Vítimas";"Plena Noite";"Crescente";"Céu Claro";"Simples";"Reta;Retorno Regulamentado;Em Obras";"Sim";4;0;0;0;4;0;0;2;-28,978748;-52,367593;"SPRF-RS";"DEL04/RS";"UOP03-DEL04-RS"
756322;2026-03-05;"quinta-feira";"22:00:00";"PR";376;605,7;"CURITIBA";"Ausência de reação do condutor";"Queda de ocupante de veículo";"Com Vítimas Feridas";"Plena Noite";"Decrescente";"Céu Claro";"Dupla";"Reta";"Sim";1;0;0;1;0;0;1;1;-25,542857;-49,308145;"SPRF-PR";"DEL01/PR";"UOP03-DEL01-PR"
756323;2026-03-05;"quinta-feira";"22:00:00";"MG";40;465;"SETE LAGOAS";"Pedestre cruzava a pista fora da faixa";"Atropelamento de Pedestre";"Com Vítimas Fatais";"Plena Noite";"Decrescente";"Nublado";"Dupla";"Reta";"Sim";2;1;0;0;1;0;0;2;-19,445278;-44,3225;"SPRF-MG";"DEL02/MG";"UOP01-DEL02-MG"
756324;2026-03-05;"quinta-feira";"22:54:00";"MG";40;522,3;"CONTAGEM";"Reação tardia ou ineficiente do condutor";"Saída de leito carroçável";"Com Vítimas Feridas";"Plena Noite";"Crescente";"Céu Claro";"Dupla";"Curva";"Não";1;0;1;0;0;0;1;1;-19,85876794;-44,07210445;"SPRF-MG";"DEL01/MG";"UOP02-DEL01-MG"
756328;2026-03-05;"quinta-feira";"22:20:00";"PB";104;134;"QUEIMADAS";"Ingestão de álcool pelo condutor";"Colisão traseira";"Com Vítimas Feridas";"Plena Noite";"Decrescente";"Céu Claro";"Simples";"Reta";"Sim";6;0;1;0;5;0;1;2;-7,315579;-35,894762;"SPRF-PB";"DEL02-PB";"UOP03-DEL02-PB"
756329;2026-03-05;"quinta-feira";"23:15:00";"PE";423;96;"GARANHUNS";"Transitar na contramão";"Colisão lateral sentido oposto";"Com Vítimas Feridas";"Plena Noite";"Decrescente";"Céu Claro";"Simples";"Reta";"Sim";2;0;2;0;0;0;2;2;-8,878147;-36,498243;"SPRF-PE";"DEL03/PE";"UOP01-DEL03-PE"
756332;2026-03-05;"quinta-feira";"23:30:00";"PR";116;122;"CURITIBA";"Manobra de mudança de faixa";"Colisão lateral mesmo sentido";"Com Vítimas Feridas";"Plena Noite";"Decrescente";"Nublado";"Dupla";"Reta";"Sim";2;0;1;0;1;0;1;2;-25,61018855;-49,31904165;"SPRF-PR";"DEL01/PR";"UOP03-DEL01-PR"
756333;2026-03-06;"sexta-feira";"00:15:00";"RJ";40;99;"DUQUE DE CAXIAS";"Condutor Dormindo";"Saída de leito carroçável";"Com Vítimas Feridas";"Plena Noite";"Crescente";"Céu Claro";"Dupla";"Reta";"Não";1;0;1;0;0;0;1;1;-22,58284324;-43,27571484;"SPRF-RJ";"DEL01/RJ";"UOP01-DEL01-RJ"
756334;2026-03-05;"quinta-feira";"23:35:00";"SC";101;207,6;"SAO JOSE";"Ausência de reação do condutor";"Colisão com objeto";"Com Vítimas Feridas";"Plena Noite";"Crescente";"Nublado";"Dupla";"Curva";"Não";1;0;0;1;0;0;1;1;-27,602851;-48,631557;"SPRF-SC";"DEL01/SC";"UOP01-DEL01-SC"
756336;2026-03-06;"sexta-feira";"01:30:00";"RS";290;31;"SANTO ANTONIO DA PATRULHA";"Ingestão de álcool pelo condutor";"Saída de leito carroçável";"Com Vítimas Feridas";"Plena Noite";"Crescente";"Céu Claro";"Dupla";"Reta";"Não";2;0;1;0;1;0;1;1;-29,884048;-50,566358;"SPRF-RS";"DEL03/RS";"UOP01-DEL03-RS"
756337;2026-03-06;"sexta-feira";"01:20:00";"DF";20;1,7;"BRASILIA";"Reação tardia ou ineficiente do condutor";"Colisão com objeto";"Com Vítimas Feridas";"Plena Noite";"Decrescente";"Chuva";"Dupla";"Reta";"Não";1;0;1;0;0;0;1;1;-15,683092;-47,843332;"SPRF-DF";"DEL02-DF";"UOP01-DEL02-DF"
756339;2026-03-06;"sexta-feira";"01:20:00";"MG";262;484,8;"MOEMA";"Condutor Dormindo";"Saída de leito carroçável";"Com Vítimas Feridas";"Plena Noite";"Crescente";"Céu Claro";"Simples";"Interseção de Vias;Reta";"Não";3;0;2;1;0;0;3;1;-19,785247;-45,395822;"SPRF-MG";"DEL08/MG";"UOP03-DEL08-MG"
756340;2026-03-06;"sexta-feira";"01:53:00";"RN";101;151;"GOIANINHA";"Ausência de reação do condutor";"Saída de leito carroçável";"Com Vítimas Feridas";"Plena Noite";"Decrescente";"Céu Claro";"Dupla";"Reta";"Não";4;0;1;0;3;0;1;1;-6,304613;-35,19057;"SPRF-RN";"DEL01-RN";"UOP01-DEL01-RN"
756341;2026-03-06;"sexta-feira";"02:25:00";"SC";282;527,1;"XAXIM";"Ingestão de álcool pelo condutor";"Capotamento";"Com Vítimas Feridas";"Plena Noite";"Crescente";"Céu Claro";"Simples";"Declive;Reta";"Não";1;0;1;0;0;0;1;1;-26,97214087;-52,5826243;"SPRF-SC";"DEL07/SC";"UOP01-DEL07-SC"
756342;2026-03-05;"quinta-feira";"23:30:00";"RJ";101;322;"NITEROI";"Ausência de reação do condutor";"Tombamento";"Com Vítimas Feridas";"Plena Noite";"Crescente";"Céu Claro";"Simples";"Reta";"Sim";1;0;1;0;0;0;1;1;-22,87955186;-43,1129756;"SPRF-RJ";"DEL02/RJ";"UOP01-DEL02-RJ"
756343;2026-03-06;"sexta-feira";"02:20:00";"SC";101;369;"ICARA";"Condutor Dormindo";"Saída de leito carroçável";"Com Vítimas Feridas";"Plena Noite";"Decrescente";"Céu Claro";"Dupla";"Reta";"Não";45;0;4;1;40;0;5;1;-28,701796;-49,196803;"SPRF-SC";"DEL02/SC";"UOP01-DEL02-SC"
756344;2026-03-06;"sexta-feira";"02:00:00";"MS";267;29,6;"BATAGUASSU";"Acumulo de areia ou detritos sobre o pavimento";"Tombamento";"Com Vítimas Feridas";"Plena Noite";"Decrescente";"Céu Claro";"Dupla";"Retorno Regulamentado";"Sim";1;0;1;0;0;0;1;1;-21,71992025;-52,42273299;"SPRF-MS";"DEL02/MS";"UOP04-DEL02-MS"
756346;2026-03-06;"sexta-feira";"04:25:00";"PR";116;205,9;"RIO NEGRO";"Ingestão de álcool pelo condutor";"Colisão com objeto";"Sem Vítimas";"Plena Noite";"Crescente";"Nevoeiro/Neblina";"Simples";"Interseção de Vias";"Sim";3;0;0;0;3;0;0;1;-26,07475176;-49,75514738;"SPRF-SC";"DEL06/SC";"UOP01-DEL06-SC"
756347;2026-03-06;"sexta-feira";"05:02:00";"PE";101;75,5;"RECIFE";"Acumulo de óleo sobre o pavimento";"Queda de ocupante de veículo";"Com Vítimas Feridas";"Pleno dia";"Crescente";"Céu Claro";"Dupla";"Reta";"Sim";2;0;2;0;0;0;2;1;-8,11401;-34,9452;"SPRF-PE";"DEL01/PE";"UOP01-DEL01-PE"
756348;2026-02-01;"domingo";"13:30:00";"ES";101;143;"LINHARES";"Acessar a via sem observar a presença dos outros veículos";"Colisão traseira";"Com Vítimas Feridas";"Pleno dia";"Decrescente";"Céu Claro";"Dupla";"Reta";"Sim";4;0;4;0;0;0;4;2;-19,342676;-40,063684;"SPRF-ES";"DEL04-ES";"UOP01-DEL04-ES"
756349;2026-03-06;"sexta-feira";"03:50:00";"RS";471;172,1;"RIO PARDO";"Velocidade Incompatível";"Colisão traseira";"Com Vítimas Feridas";"Plena Noite";"Crescente";"Céu Claro";"Simples";"Reta";"Não";2;0;1;0;0;1;1;2;-30,05585097;-52,3672282;"SPRF-RS";"DEL02/RS";"UOP03-DEL02-RS"
756350;2026-02-01;"domingo";"16:00:00";"BA";116;427;"FEIRA DE SANTANA";"Manobra de mudança de faixa";"Colisão traseira";"Com Vítimas Feridas";"Pleno dia";"Crescente";"Sol";"Dupla";"Reta;Declive";"Sim";3;0;1;0;2;0;1;2;-12,26615568;-38,98936808;"SPRF-BA";"DEL02/BA";"UOP01-DEL02-BA"
756351;2026-03-06;"sexta-feira";"04:00:00";"MT";364;398;"CUIABA";"Demais falhas mecânicas ou elétricas";"Saída de leito carroçável";"Com Vítimas Feridas";"Plena Noite";"Crescente";"Céu Claro";"Dupla";"Reta";"Sim";7;0;4;0;3;0;4;1;-15,6637943;-55,96598625;"SPRF-MT";"DEL01/MT";"UOP02-DEL01-MT"
756352;2026-03-06;"sexta-feira";"06:30:00";"SC";101;214;"SAO JOSE";"Mal súbito do condutor";"Colisão com objeto";"Com Vítimas Feridas";"Pleno dia";"Decrescente";"Céu Claro";"Múltipla";"Reta";"Sim";1;0;1;0;0;0;1;1;-27,5995624;-48,6211118;"SPRF-SC";"DEL01/SC";"UOP02-DEL01-SC"
756353;2026-03-05;"quinta-feira";"20:10:00";"CE";20;337,1;"CANINDE";"Animais na Pista";"Capotamento";"Com Vítimas Feridas";"Plena Noite";"Decrescente";"Céu Claro";"Simples";"Reta";"Não";2;0;0;2;0;0;2;1;-4,33318718;-39,2870905;"SPRF-CE";"DEL02/CE";"UOP01-DEL02-CE"
756354;2026-03-06;"sexta-feira";"06:10:00";"SC";101;96,6;"BARRA VELHA";"Reação tardia ou ineficiente do condutor";"Tombamento";"Com Vítimas Feridas";"Pleno dia";"Decrescente";"Céu Claro";"Dupla";"Declive;Reta";"Sim";1;0;1;0;0;0;1;1;-26,71776895;-48,70202629;"SPRF-SC";"DEL03/SC";"UOP02-DEL03-SC"
756355;2026-03-05;"quinta-feira";"17:00:00";"RJ";116;137;"MAGE";"Pedestre cruzava a pista fora da faixa";"Atropelamento de Pedestre";"Com Vítimas Feridas";"Pleno dia";"Crescente";"Céu Claro";"Simples";"Interseção de Vias";"Sim";3;0;1;0;1;1;1;2;-22,64755769;-43,18947539;"SPRF-RJ";"DEL04/RJ";"UOP02-DEL04-RJ"
756356;2026-01-17;"sábado";"18:15:00";"GO";452;189;"ITUMBIARA";"Velocidade Incompatível";"Queda de ocupante de veículo";"Com Vítimas Feridas";"Anoitecer";"Crescente";"Nublado";"Simples";"Reta";"Não";2;0;1;0;1;0;1;1;-18,39022859;-49,3369031;"SPRF-GO";"DEL03/GO";"UOP02-DEL03-GO"
756357;2026-03-06;"sexta-feira";"06:50:00";"PI";343;16;"PARNAIBA";"Acessar a via sem observar a presença dos outros veículos";"Colisão lateral mesmo sentido";"Com Vítimas Feridas";"Pleno dia";"Crescente";"Céu Claro";"Simples";"Reta";"Sim";2;0;1;0;1;0;1;2;-2,94721344;-41,75678205;"SPRF-PI";"DEL05-PI";"UOP01-DEL05-PI"
756361;2026-03-06;"sexta-feira";"07:30:00";"BA";101;165;"CONCEICAO DO JACUIPE";"Ausência de reação do condutor";"Colisão traseira";"Com Vítimas Feridas";"Pleno dia";"Decrescente";"Céu Claro";"Simples";"Reta";"Sim";2;0;1;0;1;0;1;2;-12,3601065;-38,8356103;"SPRF-BA";"DEL11/BA";"UOP02-DEL11-BA"
756362;2026-03-06;"sexta-feira";"07:00:00";"GO";40;11;"LUZIANIA";"Condutor Dormindo";"Colisão com objeto";"Com Vítimas Feridas";"Pleno dia";"Crescente";"Céu Claro";"Dupla";"Declive;Reta";"Sim";1;0;0;1;0;0;1;1;-16,14081464;-47,94951582;"SPRF-DF";"DEL01-DF";"UOP01-DEL01-DF"
756363;2026-03-06;"sexta-feira";"06:50:00";"PR";153;334;"IRATI";"Reação tardia ou ineficiente do condutor";"Saída de leito carroçável";"Com Vítimas Feridas";"Amanhecer";"Decrescente";"Céu Claro";"Simples";"Declive;Reta";"Sim";1;0;1;0;0;0;1;1;-25,469428;-50,633251;"SPRF-PR";"DEL08/PR";"UOP02-DEL08-PR"
756364;2026-03-06;"sexta-feira";"06:50:00";"SC";470;169;"POUSO REDONDO";"Acessar a via sem observar a presença dos outros veículos";"Colisão transversal";"Com Vítimas Feridas";"Pleno dia";"Decrescente";"Céu Claro";"Simples";"Reta";"Não";2;0;1;0;1;0;1;2;-27,27283311;-49,85781019;"SPRF-SC";"DEL04/SC";"UOP02-DEL04-SC"
756365;2026-03-06;"sexta-feira";"06:15:00";"RJ";116;180;"NOVA IGUACU";"Condutor deixou de manter distância do veículo da frente";"Colisão lateral mesmo sentido";"Com Vítimas Feridas";"Pleno dia";"Decrescente";"Céu Claro";"Múltipla";"Reta";"Sim";2;0;1;0;1;0;1;2;-22,74113867;-43,4769237;"SPRF-RJ";"DEL06/RJ";"UOP01-DEL06-RJ"
756368;2026-03-06;"sexta-feira";"07:10:00";"SC";101;41,6;"JOINVILLE";"Ultrapassagem Indevida";"Colisão lateral mesmo sentido";"Com Vítimas Feridas";"Pleno dia";"Decrescente";"Céu Claro";"Dupla";"Reta;Aclive;Viaduto";"Sim";2;0;1;0;1;0;1;2;-26,31988969;-48,87064068;"SPRF-SC";"DEL03/SC";"UOP01-DEL03-SC"
756369;2026-03-06;"sexta-feira";"06:45:00";"RS";116;397;"CAMAQUA";"Reação tardia ou ineficiente do condutor";"Colisão traseira";"Com Vítimas Feridas";"Amanhecer";"Decrescente";"Céu Claro";"Dupla";"Reta;Em Obras;Interseção de Vias";"Sim";3;0;0;1;0;2;1;3;-30,85930183;-51,7884225;"SPRF-RS";"DEL02/RS";"UOP02-DEL02-RS"
756370;2026-03-06;"sexta-feira";"07:35:00";"ES";101;146;"LINHARES";"Reação tardia ou ineficiente do condutor";"Colisão traseira";"Com Vítimas Feridas";"Pleno dia";"Crescente";"Céu Claro";"Múltipla";"Reta";"Sim";2;0;1;0;1;0;1;2;-19,375312;-40,06644;"SPRF-ES";"DEL04-ES";"UOP01-DEL04-ES"
756371;2026-03-06;"sexta-feira";"07:00:00";"RS";290;348;"SAO SEPE";"Reação tardia ou ineficiente do condutor";"Saída de leito carroçável";"Sem Vítimas";"Pleno dia";"Crescente";"Céu Claro";"Simples";"Reta";"Não";5;0;0;0;5;0;0;1;-30,37203199;-53,66211589;"SPRF-RS";"DEL09/RS";"UOP02-DEL09-RS"
756372;2026-03-05;"quinta-feira";"19:19:00";"SP";116;294;"ITAPECERICA DA SERRA";"Pista esburacada";"Eventos atípicos";"Sem Vítimas";"Plena Noite";"Decrescente";"Nublado";"Dupla";"Reta";"Sim";2;0;0;0;2;0;0;1;-23,75163;-46,901197;"SPRF-SP";"DEL04/SP";"UOP01-DEL04-SP"
756375;2026-03-06;"sexta-feira";"07:40:00";"SP";488;1;"APARECIDA";"Desrespeitar a preferência no cruzamento";"Colisão transversal";"Com Vítimas Feridas";"Pleno dia";"Decrescente";"Chuva";"Dupla";"Retorno Regulamentado;Reta";"Sim";2;0;1;0;1;0;1;2;-22,850088;-45,231915;"SPRF-SP";"DEL08/SP";"UOP01-DEL08-SP"
756377;2026-03-06;"sexta-feira";"06:30:00";"MG";50;180;"UBERABA";"Ausência de reação do condutor";"Colisão traseira";"Com Vítimas Feridas";"Pleno dia";"Decrescente";"Céu Claro";"Dupla";"Interseção de Vias;Rotatória";"Sim";3;0;1;0;2;0;1;2;-19,777921;-47,921939;"SPRF-MG";"DEL13/MG";"UOP01-DEL13-MG"
756379;2026-03-06;"sexta-feira";"07:05:00";"RJ";116;184;"NOVA IGUACU";"Demais falhas mecânicas ou elétricas";"Incêndio";"Sem Vítimas";"Pleno dia";"Decrescente";"Céu Claro";"Múltipla";"Reta";"Sim";1;0;0;0;1;0;0;1;-22,74088475;-43,49974046;"SPRF-RJ";"DEL06/RJ";"UOP01-DEL06-RJ"
756380;2026-03-06;"sexta-feira";"07:34:00";"MS";262;367,1;"CAMPO GRANDE";"Acesso irregular";"Colisão lateral mesmo sentido";"Com Vítimas Feridas";"Pleno dia";"Crescente";"Céu Claro";"Dupla";"Reta;Interseção de Vias";"Sim";2;0;1;0;1;0;1;2;-20,47803936;-54,75325227;"SPRF-MS";"DEL01/MS";"UOP03-DEL01-MS"
756385;2026-03-06;"sexta-feira";"07:30:00";"RJ";393;298;"BARRA MANSA";"Condutor deixou de manter distância do veículo da frente";"Colisão traseira";"Com Vítimas Feridas";"Amanhecer";"Decrescente";"Céu Claro";"Simples";"Reta";"Sim";2;0;1;0;1;0;1;2;-22,55831201;-44,16878223;"SPRF-RJ";"DEL07/RJ";"UOP02-DEL07-RJ"
756386;2026-03-06;"sexta-feira";"08:15:00";"MG";40;529,4;"CONTAGEM";"Manobra de mudança de faixa";"Colisão lateral mesmo sentido";"Com Vítimas Feridas";"Pleno dia";"Decrescente";"Céu Claro";"Dupla";"Curva";"Sim";2;0;1;0;1;0;1;2;-19,92093711;-44,03728992;"SPRF-MG";"DEL01/MG";"UOP02-DEL01-MG"
756388;2026-03-06;"sexta-feira";"08:55:00";"SP";101;46;"UBATUBA";"Acessar a via sem observar a presença dos outros veículos";"Colisão transversal";"Com Vítimas Feridas";"Pleno dia";"Decrescente";"Céu Claro";"Simples";"Reta";"Sim";2;0;1;0;1;0;1;2;-23,42271949;-45,0732559;"SPRF-SP";"DEL06/SP";"UOP01-DEL06-SP"