"id";"data_inversa";"dia_semana";"horario";"uf";"br";"km";"municipio";"causa_acidente";"tipo_acidente";"classificacao_acidente";"fase_dia";"sentido_via";"condicao_metereologica";"tipo_pista";"tracado_via";"uso_solo";"pessoas";"mortos";"feridos_leves";"feridos_graves";"ilesos";"ignorados";"feridos";"veiculos";"latitude";"longitude";"regional";"delegacia";"uop"
756616;2026-03-07;"sábado";"05:15:00";"PB";101;85,1;"BAYEUX";"Ingestão de álcool pelo condutor";"Saída de leito carroçável";"Com Vítimas Feridas";"Amanhecer";"Decrescente";"Nublado";"Dupla";"Reta";"Sim";1;0;0;1;0;0;1;1;-7,1475565;-34,9157582;"SPRF-PB";"DEL01-PB";"UOP01-DEL01-PB"
756617;2026-03-07;"sábado";"05:00:00";"SP";116;150;"SAO JOSE DOS CAMPOS";"Ingestão de álcool pelo condutor";"Colisão traseira";"Com Vítimas Feridas";"Plena Noite";"Decrescente";"Chuva";"Múltipla";"Reta";"Sim";4;0;3;0;1;0;3;3;-23,21561187;-45,89576595;"SPRF-SP";"DEL02/SP";"UOP01-DEL02-SP"
756618;2026-03-06;"sexta-feira";"22:30:00";"CE";20;390;"CAUCAIA";"Acessar a via sem observar a presença dos outros veículos";"Colisão transversal";"Sem Vítimas";"Plena Noite";"Crescente";"Céu Claro";"Simples";"Reta";"Não";3;0;0;0;1;2;0;3;-3,84952517;-38,77727509;"SPRF-CE";"DEL01/CE";"UOP01-DEL01-CE"
756619;2026-03-07;"sábado";"02:15:00";"SC";282;394;"JOACABA";"Ingestão de álcool pelo condutor";"Saída de leito carroçável";"Sem Vítimas";"Plena Noite";"Decrescente";"Garoa/Chuvisco";"Simples";"Declive;Reta";"Não";1;0;0;0;1;0;0;1;-27,1590571;-51,5778763;"SPRF-SC";"DEL07/SC";"UOP05-DEL07-SC"
756620;2026-03-07;"sábado";"05:00:00";"SC";282;572,7;"NOVA ERECHIM";"Ingestão de álcool pelo condutor";"Saída de leito carroçável";"Sem Vítimas";"Plena Noite";"Crescente";"Nublado";"Simples";"Reta";"Não";1;0;0;0;0;1;0;1;-26,8820909;-52,9430351;"SPRF-SC";"DEL07/SC";"UOP02-DEL07-SC"
756622;2026-03-07;"sábado";"06:00:00";"RJ";116;211;"SEROPEDICA";"Reação tardia ou ineficiente do condutor";"Queda de ocupante de veículo";"Com Vítimas Feridas";"Pleno dia";"Decrescente";"Nublado";"Dupla";"Reta";"Não";2;0;0;1;1;0;1;1;-22,71881481;-43,69941538;"SPRF-RJ";"DEL06/RJ";"UOP02-DEL06-RJ"
756623;2026-03-07;"sábado";"03:40:00";"SP";116;199;"ARUJA";"Demais falhas mecânicas ou elétricas";"Colisão transversal";"Com Vítimas Feridas";"Plena Noite";"Decrescente";"Chuva";"Múltipla";"Reta";"Sim";2;0;1;0;0;1;1;2;-23,40219339;-46,31393337;"SPRF-SP";"DEL01/SP";"UOP01-DEL01-SP"
756624;2026-03-07;"sábado";"05:45:00";"SP";116;50,4;"LORENA";"Avarias e/ou desgaste excessivo no pneu";"Colisão com objeto";"Com Vítimas Feridas";"Amanhecer";"Crescente";"Nublado";"Dupla";"Reta;Declive";"Não";2;0;1;0;1;0;1;1;-22,7373723;-45,0874578;"SPRF-SP";"DEL08/SP";"UOP02-DEL08-SP"
756625;2026-03-07;"sábado";"05:45:00";"SC";282;18,2;"PALHOCA";"Afundamento ou ondulação no pavimento";"Colisão com objeto";"Com Vítimas Feridas";"Pleno dia";"Decrescente";"Céu Claro";"Simples";"Reta";"Sim";1;0;1;0;0;0;1;1;-27,67475;-48,69637;"SPRF-SC";"DEL01/SC";"UOP02-DEL01-SC"
756626;2026-03-06;"sexta-feira";"19:14:00";"MS";163;483,2;"CAMPO GRANDE";"Ausência de reação do condutor";"Saída de leito carroçável";"Com Vítimas Feridas";"Plena Noite";"Crescente";"Céu Claro";"Simples";"Reta";"Sim";1;0;1;0;0;0;1;1;-20,455569;-54,544501;"SPRF-MS";"DEL01/MS";"UOP02-DEL01-MS"
756627;2026-03-07;"sábado";"03:10:00";"MG";262;438;"NOVA SERRANA";"Transitar na contramão";"Colisão frontal";"Com Vítimas Feridas";"Plena Noite";"Decrescente";"Garoa/Chuvisco";"Dupla";"Reta";"Sim";5;0;2;1;2;0;3;3;-19,869523;-44,984234;"SPRF-MG";"DEL08/MG";"UOP03-DEL08-MG"
756628;2026-03-07;"sábado";"06:00:00";"SC";101;127;"ITAJAI";"Ingestão de álcool pelo condutor";"Saída de leito carroçável";"Sem Vítimas";"Plena Noite";"Crescente";"Chuva";"Dupla";"Curva";"Não";1;0;0;0;0;1;0;1;-26,96903437;-48,68346155;"SPRF-SC";"DEL04/SC";"UOP04-DEL04-SC"
756629;2026-03-07;"sábado";"06:31:00";"PI";343;340,6;"TERESINA";"Ingestão de álcool pelo condutor";"Colisão traseira";"Com Vítimas Fatais";"Pleno dia";"Crescente";"Céu Claro";"Dupla";"Reta";"Sim";2;1;0;0;0;1;0;2;-5,076865;-42,741443;"SPRF-PI";"DEL01-PI";"UOP01-DEL01-PI"
756630;2026-03-07;"sábado";"06:00:00";"SP";116;278;"EMBU DAS ARTES";"Pedestre andava na pista";"Atropelamento de Pedestre";"Com Vítimas Fatais";"Amanhecer";"Decrescente";"Nublado";"Dupla";"Reta";"Não";2;1;0;0;1;0;0;2;-23,63587251;-46,82742691;"SPRF-SP";"DEL04/SP";"UOP01-DEL04-SP"
756631;2026-03-07;"sábado";"02:40:00";"SC";282;442,3;"PONTE SERRADA";"Ausência de reação do condutor";"Saída de leito carroçável";"Com Vítimas Feridas";"Plena Noite";"Crescente";"Chuva";"Simples";"Reta";"Não";3;0;0;1;2;0;1;1;-26,92876055;-51,87525666;"SPRF-SC";"DEL07/SC";"UOP04-DEL07-SC"
756632;2026-03-07;"sábado";"06:40:00";"SC";470;126,2;"LONTRAS";"Ausência de reação do condutor";"Saída de leito carroçável";"Com Vítimas Feridas";"Pleno dia";"Decrescente";"Céu Claro";"Simples";"Curva";"Sim";2;0;2;0;0;0;2;1;-27,16906674;-49,5620927;"SPRF-SC";"DEL04/SC";"UOP02-DEL04-SC"
756636;2026-03-07;"sábado";"07:10:00";"PR";277;489;"NOVA LARANJEIRAS";"Reação tardia ou ineficiente do condutor";"Saída de leito carroçável";"Com Vítimas Feridas";"Amanhecer";"Crescente";"Céu Claro";"Simples";"Declive;Curva";"Não";3;0;1;0;2;0;1;1;-25,22495029;-52,65090164;"SPRF-PR";"DEL04/PR";"UOP02-DEL04-PR"
756638;2026-03-07;"sábado";"07:15:00";"RS";116;253;"SAPUCAIA DO SUL";"Reação tardia ou ineficiente do condutor";"Colisão traseira";"Com Vítimas Feridas";"Amanhecer";"Decrescente";"Céu Claro";"Dupla";"Curva;Interseção de Vias;Viaduto";"Sim";2;0;1;0;1;0;1;2;-29,82463995;-51,17173998;"SPRF-RS";"DEL01/RS";"UOP02-DEL01-RS"
756642;2026-03-07;"sábado";"08:05:00";"RN";101;80,6;"SAO GONCALO DO AMARANTE";"Reação tardia ou ineficiente do condutor";"Colisão lateral mesmo sentido";"Com Vítimas Feridas";"Pleno dia";"Crescente";"Céu Claro";"Dupla";"Rotatória;Reta";"Sim";2;0;1;0;1;0;1;2;-5,763312;-35,287212;"SPRF-RN";"DEL02-RN";"UOP01-DEL02-RN"
756644;2026-03-07;"sábado";"07:40:00";"SP";116;212,8;"GUARULHOS";"Reação tardia ou ineficiente do condutor";"Colisão com objeto";"Sem Vítimas";"Pleno dia";"Decrescente";"Garoa/Chuvisco";"Múltipla";"Reta";"Sim";1;0;0;0;1;0;0;1;-23,440192;-46,437642;"SPRF-SP";"DEL01/SP";"UOP01-DEL01-SP"
756645;2026-03-07;"sábado";"08:00:00";"SC";101;336;"TUBARAO";"Velocidade Incompatível";"Saída de leito carroçável";"Com Vítimas Feridas";"Pleno dia";"Crescente";"Céu Claro";"Múltipla";"Curva;Interseção de Vias;Retorno Regulamentado;Aclive";"Não";3;0;2;1;0;0;3;1;-28,484338;-49,036409;"SPRF-SC";"DEL02/SC";"UOP01-DEL02-SC"
756646;2026-03-07;"sábado";"08:15:00";"PR";467;110;"CASCAVEL";"Ingestão de álcool pelo condutor";"Colisão lateral mesmo sentido";"Sem Vítimas";"Pleno dia";"Decrescente";"Céu Claro";"Dupla";"Reta";"Sim";2;0;0;0;2;0;0;2;-24,9278605;-53,4542962;"SPRF-PR";"DEL04/PR";"UOP01-DEL04-PR"
756647;2026-03-07;"sábado";"07:30:00";"SC";282;144,9;"BOM RETIRO";"Velocidade Incompatível";"Saída de leito carroçável";"Com Vítimas Feridas";"Pleno dia";"Decrescente";"Garoa/Chuvisco";"Simples";"Curva";"Não";1;0;1;0;0;0;1;1;-27,80284352;-49,63219643;"SPRF-SC";"DEL05/SC";"UOP01-DEL05-SC"
756648;2026-03-07;"sábado";"08:12:00";"PB";230;15,4;"JOAO PESSOA";"Acumulo de óleo sobre o pavimento";"Tombamento";"Com Vítimas Feridas";"Pleno dia";"Decrescente";"Nublado";"Dupla";"Declive;Reta";"Sim";1;0;0;1;0;0;1;1;-7,1032595;-34,8474333;"SPRF-PB";"DEL01-PB";"UOP01-DEL01-PB"
756650;2026-03-07;"sábado";"08:10:00";"RJ";116;289;"BARRA MANSA";"Reação tardia ou ineficiente do condutor";"Colisão com objeto";"Com Vítimas Feridas";"Pleno dia";"Crescente";"Céu Claro";"Dupla";"Curva";"Sim";1;0;1;0;0;0;1;1;-22,51227944;-44,21627998;"SPRF-RJ";"DEL07/RJ";"UOP02-DEL07-RJ"
756651;2026-03-07;"sábado";"08:10:00";"PB";230;15,4;"JOAO PESSOA";"Acumulo de óleo sobre o pavimento";"Tombamento";"Com Vítimas Feridas";"Pleno dia";"Decrescente";"Nublado";"Dupla";"Reta";"Sim";2;0;1;1;0;0;2;1;-7,10004094;-34,8476243;"SPRF-PB";"DEL01-PB";"UOP01-DEL01-PB"
756652;2026-03-07;"sábado";"07:15:00";"MG";50;32,7;"ARAGUARI";"Acumulo de água sobre o pavimento";"Saída de leito carroçável";"Sem Vítimas";"Pleno dia";"Crescente";"Chuva";"Dupla";"Reta;Declive";"Não";1;0;0;0;1;0;0;1;-18,63932471;-48,12335461;"SPRF-MG";"DEL15/MG";"UOP02-DEL15-MG"
756653;2026-03-07;"sábado";"08:30:00";"RS";392;4;"RIO GRANDE";"Acessar a via sem observar a presença dos outros veículos";"Colisão frontal";"Com Vítimas Feridas";"Pleno dia";"Decrescente";"Chuva";"Simples";"Reta";"Sim";2;0;2;0;0;0;2;2;-32,071962;-52,097542;"SPRF-RS";"DEL07/RS";"UOP02-DEL07-RS"
756655;2026-03-07;"sábado";"06:30:00";"RJ";40;125;"DUQUE DE CAXIAS";"Reação tardia ou ineficiente do condutor";"Colisão traseira";"Com Vítimas Feridas";"Pleno dia";"Decrescente";"Céu Claro";"Dupla";"Retorno Regulamentado";"Sim";2;0;1;0;1;0;1;2;-22,816742;-43,289188;"SPRF-RJ";"DEL01/RJ";"UOP02-DEL01-RJ"
756656;2026-03-07;"sábado";"08:50:00";"SC";101;139,6;"BALNEARIO CAMBORIU";"Avarias e/ou desgaste excessivo no pneu";"Colisão com objeto";"Sem Vítimas";"Pleno dia";"Crescente";"Céu Claro";"Simples";"Curva;Viaduto";"Não";1;0;0;0;1;0;0;1;-27,03156;-48,6054;"SPRF-SC";"DEL04/SC";"UOP03-DEL04-SC"
756659;2026-03-07;"sábado";"08:00:00";"RS";470;244;"BARAO";"Reação tardia ou ineficiente do condutor";"Queda de ocupante de veículo";"Com Vítimas Feridas";"Pleno dia";"Decrescente";"Nublado";"Simples";"Curva";"Não";1;0;0;1;0;0;1;1;-29,37249778;-51,50765833;"SPRF-RS";"DEL06/RS";"UOP01-DEL06-RS"
756660;2026-03-07;"sábado";"09:00:00";"SC";280;57,2;"GUARAMIRIM";"Velocidade Incompatível";"Colisão com objeto";"Com Vítimas Feridas";"Pleno dia";"Decrescente";"Céu Claro";"Simples";"Em Obras;Reta";"Sim";2;0;1;0;1;0;1;2;-26,4794992;-49,00925724;"SPRF-SC";"DEL03/SC";"UOP03-DEL03-SC"
756661;2026-03-07;"sábado";"09:37:00";"RJ";101;486;"ANGRA DOS REIS";"Retorno proibido";"Colisão transversal";"Com Vítimas Feridas";"Pleno dia";"Crescente";"Nublado";"Simples";"Reta";"Sim";3;0;2;0;1;0;2;2;-22,98011794;-44,29564923;"SPRF-RJ";"DEL03/RJ";"UOP03-DEL03-RJ"
756662;2026-03-07;"sábado";"10:00:00";"SP";116;518;"CAJATI";"Reação tardia ou ineficiente do condutor";"Saída de leito carroçável";"Com Vítimas Feridas";"Pleno dia";"Decrescente";"Céu Claro";"Dupla";"Declive;Curva";"Não";1;0;1;0;0;0;1;1;-24,88061048;-48,22246727;"SPRF-SP";"DEL05/SP";"UOP02-DEL05-SP"
756663;2026-03-07;"sábado";"09:25:00";"SC";470;92;"APIUNA";"Ultrapassagem Indevida";"Colisão transversal";"Com Vítimas Feridas";"Pleno dia";"Decrescente";"Nublado";"Simples";"Reta;Retorno Regulamentado";"Sim";6;0;1;0;5;0;1;2;-26,98848154;-49,37406985;"SPRF-SC";"DEL04/SC";"UOP01-DEL04-SC"
756664;2026-03-07;"sábado";"10:10:00";"MG";381;416,1;"CAETE";"Condutor deixou de manter distância do veículo da frente";"Colisão lateral mesmo sentido";"Com Vítimas Feridas";"Pleno dia";"Decrescente";"Sol";"Dupla";"Aclive;Reta";"Não";2;0;0;1;1;0;1;2;-19,766128;-43,643639;"SPRF-MG";"DEL01/MG";"UOP01-DEL01-MG"
756666;2026-03-07;"sábado";"10:00:00";"SC";282;533,2;"CORDILHEIRA ALTA";"Ausência de reação do condutor";"Saída de leito carroçável";"Com Vítimas Feridas";"Pleno dia";"Crescente";"Chuva";"Simples";"Aclive;Curva";"Não";3;0;2;0;1;0;2;1;-26,99503548;-52,62768745;"SPRF-SC";"DEL07/SC";"UOP01-DEL07-SC"
756667;2026-03-07;"sábado";"09:45:00";"MS";158;130,9;"APARECIDA DO TABOADO";"Ausência de reação do condutor";"Colisão com objeto";"Com Vítimas Feridas";"Pleno dia";"Crescente";"Chuva";"Simples";"Curva";"Não";1;0;1;0;0;0;1;1;-19,948245;-51,105466;"SPRF-MS";"DEL08/MS";"UOP01-DEL08-MS"
756669;2026-03-07;"sábado";"10:30:00";"PR";369;156;"LONDRINA";"Condutor deixou de manter distância do veículo da frente";"Colisão traseira";"Com Vítimas Feridas";"Pleno dia";"Decrescente";"Céu Claro";"Dupla";"Reta";"Sim";3;0;1;0;2;0;1;3;-23,28866528;-51,22402872;"SPRF-PR";"DEL07/PR";"UOP01-DEL07-PR"
756670;2026-03-07;"sábado";"10:30:00";"MG";262;388;"FLORESTAL";"Ausência de reação do condutor";"Queda de ocupante de veículo";"Com Vítimas Feridas";"Pleno dia";"Crescente";"Nublado";"Dupla";"Reta";"Não";2;0;2;0;0;0;2;1;-19,903094;-44,53203;"SPRF-MG";"DEL01/MG";"UOP03-DEL01-MG"
756671;2026-03-07;"sábado";"10:25:00";"SC";101;327,2;"CAPIVARI DE BAIXO";"Desrespeitar a preferência no cruzamento";"Colisão transversal";"Com Vítimas Feridas";"Pleno dia";"Crescente";"Nublado";"Múltipla";"Reta";"Sim";2;0;1;0;1;0;1;2;-28,43923268;-48,96256685;"SPRF-SC";"DEL02/SC";"UOP01-DEL02-SC"
756672;2026-03-07;"sábado";"11:15:00";"MG";40;552;"NOVA LIMA";"Condutor deixou de manter distância do veículo da frente";"Colisão traseira";"Com Vítimas Feridas";"Pleno dia";"Decrescente";"Sol";"Dupla";"Reta";"Não";2;0;1;0;1;0;1;2;-20,05850849;-43,97579312;"SPRF-MG";"DEL01/MG";"UOP02-DEL01-MG"
756673;2026-03-07;"sábado";"08:15:00";"RS";290;80;"GRAVATAI";"Velocidade Incompatível";"Saída de leito carroçável";"Com Vítimas Feridas";"Pleno dia";"Crescente";"Nublado";"Múltipla";"Curva";"Sim";1;0;0;1;0;0;1;1;-29,95309508;-51,05609911;"SPRF-RS";"DEL01/RS";"UOP01-DEL01-RS"
756674;2026-03-07;"sábado";"07:30:00";"MG";262;38,6;"MANHUACU";"Reação tardia ou ineficiente do condutor";"Colisão traseira";"Com Vítimas Feridas";"Pleno dia";"Crescente";"Céu Claro";"Simples";"Reta";"Sim";4;0;1;0;3;0;1;3;-20,27335074;-42,04918206;"SPRF-MG";"DEL06/MG";"UOP03-DEL06-MG"
756675;2026-03-07;"sábado";"10:25:00";"SC";101;118,2;"ITAJAI";"Manobra de mudança de faixa";"Colisão lateral mesmo sentido";"Com Vítimas Feridas";"Pleno dia";"Crescente";"Céu Claro";"Dupla";"Reta";"Não";3;0;2;0;0;1;2;2;-26,896058;-48,719015;"SPRF-SC";"DEL04/SC";"UOP04-DEL04-SC"
756677;2026-03-07;"sábado";"11:10:00";"BA";324;583;"CANDEIAS";"Manobra de mudança de faixa";"Saída de leito carroçável";"Com Vítimas Feridas";"Pleno dia";"Decrescente";"Céu Claro";"Dupla";"Reta";"Não";5;0;2;1;2;0;3;1;-12,6230483;-38,481695;"SPRF-BA";"DEL01/BA";"UOP01-DEL01-BA"
756678;2026-03-07;"sábado";"11:40:00";"SC";282;18,8;"PALHOCA";"Acesso irregular";"Colisão lateral mesmo sentido";"Com Vítimas Feridas";"Pleno dia";"Decrescente";"Céu Claro";"Simples";"Reta";"Sim";2;0;1;0;1;0;1;2;-27,678295;-48,701696;"SPRF-SC";"DEL01/SC";"UOP02-DEL01-SC"
756679;2026-03-07;"sábado";"09:45:00";"MG";262;416;"IGARATINGA";"Manobra de mudança de faixa";"Colisão lateral mesmo sentido";"Com Vítimas Feridas";"Pleno dia";"Crescente";"Nublado";"Dupla";"Reta";"Não";2;0;0;1;1;0;1;2;-19,88554441;-44,77887137;"SPRF-MG";"DEL08/MG";"UOP03-DEL08-MG"
756681;2026-03-07;"sábado";"07:00:00";"RS";470;241;"BARAO";"Reação tardia ou ineficiente do condutor";"Saída de leito carroçável";"Sem Vítimas";"Pleno dia";"Decrescente";"Nublado";"Simples";"Declive;Reta";"Não";1;0;0;0;0;1;0;1;-29,35657323;-51,51943557;"SPRF-RS";"DEL06/RS";"UOP01-DEL06-RS"
756682;2026-03-07;"sábado";"10:30:00";"MG";381;337;"BELA VISTA DE MINAS";"Velocidade Incompatível";"Queda de ocupante de veículo";"Com Vítimas Feridas";"Pleno dia";"Decrescente";"Céu Claro";"Simples";"Declive;Curva";"Sim";1;0;1;0;0;0;1;1;-19,8320287;-43,09611869;"SPRF-MG";"DEL03/MG";"UOP01-DEL03-MG"
756683;2026-03-07;"sábado";"11:50:00";"RJ";116;183;"NOVA IGUACU";"Manobra de mudança de faixa";"Colisão lateral mesmo sentido";"Com Vítimas Feridas";"Pleno dia";"Decrescente";"Céu Claro";"Dupla";"Reta";"Não";2;0;1;0;0;1;1;2;-22,75078482;-43,44043192;"SPRF-RJ";"DEL06/RJ";"UOP01-DEL06-RJ"
756689;2026-03-07;"sábado";"12:00:00";"SC";101;213,2;"PALHOCA";"Manobra de mudança de faixa";"Colisão com objeto";"Com Vítimas Feridas";"Pleno dia";"Crescente";"Céu Claro";"Múltipla";"Declive;Viaduto;Reta";"Sim";2;0;1;0;0;1;1;2;-27,6370452;-48,66533367;"SPRF-SC";"DEL01/SC";"UOP02-DEL01-SC"
756690;2026-03-07;"sábado";"10:50:00";"PR";369;372,1;"MAMBORE";"Transitar na contramão";"Colisão lateral sentido oposto";"Com Vítimas Fatais";"Pleno dia";"Decrescente";"Céu Claro";"Simples";"Reta";"Não";2;1;0;0;1;0;0;2;-24,27765215;-52,52303537;"SPRF-PR";"DEL04/PR";"UOP03-DEL04-PR"
756691;2026-03-07;"sábado";"11:30:00";"MG";116;525;"CARATINGA";"Reação tardia ou ineficiente do condutor";"Saída de leito carroçável";"Com Vítimas Feridas";"Pleno dia";"Decrescente";"Céu Claro";"Simples";"Reta";"Sim";1;0;1;0;0;0;1;1;-19,773165;-42,132248;"SPRF-MG";"DEL06/MG";"UOP02-DEL06-MG"
756692;2026-03-07;"sábado";"10:40:00";"SC";101;67,9;"ARAQUARI";"Avarias e/ou desgaste excessivo no pneu";"Saída de leito carroçável";"Com Vítimas Feridas";"Pleno dia";"Crescente";"Nublado";"Dupla";"Curva";"Não";2;0;2;0;0;0;2;1;-26,49556008;-48,7327981;"SPRF-SC";"DEL03/SC";"UOP02-DEL03-SC"
756694;2026-03-07;"sábado";"12:11:00";"PI";343;348;"TERESINA";"Acesso irregular";"Colisão transversal";"Com Vítimas Feridas";"Pleno dia";"Crescente";"Céu Claro";"Dupla";"Reta";"Sim";2;0;0;1;1;0;1;2;-5,121485;-42,792538;"SPRF-PI";"DEL01-PI";"UOP01-DEL01-PI"
756695;2026-03-07;"sábado";"09:30:00";"PA";163;980;"SANTAREM";"Reação tardia ou ineficiente do condutor";"Colisão frontal";"Com Vítimas Feridas";"Pleno dia";"Decrescente";"Chuva";"Simples";"Reta";"Não";2;0;0;1;1;0;1;2;-2,61718288;-54,73017454;"SPRF-PA";"DEL05/PA";"UOP01-DEL05-PA"
756697;2026-03-07;"sábado";"11:20:00";"PR";277;725;"FOZ DO IGUACU";"Condutor deixou de manter distância do veículo da frente";"Colisão traseira";"Sem Vítimas";"Pleno dia";"Crescente";"Céu Claro";"Dupla";"Reta";"Sim";3;0;0;0;3;0;0;2;-25,506117;-54,543889;"SPRF-PR";"DEL05/PR";"UOP03-DEL05-PR"
756698;2026-03-07;"sábado";"12:15:00";"PI";343;592;"FLORIANO";"Retorno proibido";"Colisão lateral mesmo sentido";"Com Vítimas Feridas";"Pleno dia";"Decrescente";"Céu Claro";"Simples";"Reta";"Sim";2;0;0;1;1;0;1;2;-6,7790718;-43,0350608;"SPRF-PI";"DEL03-PI";"UOP01-DEL03-PI"
756699;2026-03-07;"sábado";"12:50:00";"BA";367;80;"EUNAPOLIS";"Acessar a via sem observar a presença dos outros veículos";"Colisão transversal";"Com Vítimas Fatais";"Pleno dia";"Crescente";"Sol";"Simples";"Reta;Interseção de Vias";"Não";2;1;0;0;1;0;0;2;-16,369542;-39,544103;"SPRF-BA";"DEL09/BA";"UOP03-DEL09-BA"
756702;2026-03-07;"sábado";"13:30:00";"SP";381;71;"MAIRIPORA";"Reação tardia ou ineficiente do condutor";"Saída de leito carroçável";"Com Vítimas Feridas";"Pleno dia";"Crescente";"Garoa/Chuvisco";"Múltipla";"Curva;Aclive";"Não";2;0;2;0;0;0;2;1;-23,354321;-46,550388;"SPRF-SP";"DEL03/SP";"UOP01-DEL03-SP"
756703;2026-03-07;"sábado";"09:40:00";"SC";116;143,1;"SANTA CECILIA";"Acessar a via sem observar a presença dos outros veículos";"Colisão transversal";"Com Vítimas Feridas";"Pleno dia";"Crescente";"Sol";"Simples";"Interseção de Vias;Curva";"Não";3;0;2;0;1;0;2;2;-26,98592454;-50,39369702;"SPRF-SC";"DEL06/SC";"UOP02-DEL06-SC"
756704;2026-03-07;"sábado";"13:30:00";"PR";376;2,5;"APUCARANA";"Retorno proibido";"Colisão transversal";"Com Vítimas Feridas";"Pleno dia";"Decrescente";"Nublado";"Simples";"Reta";"Sim";2;0;1;0;0;1;1;2;-23,56259878;-51,43433136;"SPRF-PR";"DEL07/PR";"UOP03-DEL07-PR"
756705;2026-03-07;"sábado";"14:30:00";"RS";392;68,1;"PELOTAS";"Demais falhas na via";"Colisão com objeto";"Com Vítimas Feridas";"Pleno dia";"Crescente";"Céu Claro";"Simples";"Curva";"Sim";1;0;1;0;0;0;1;1;-31,74591357;-52,4042457;"SPRF-RS";"DEL07/RS";"UOP01-DEL07-RS"
756706;2026-02-07;"sábado";"04:30:00";"PB";230;137,8;"MASSARANDUBA";"Condutor Dormindo";"Saída de leito carroçável";"Com Vítimas Feridas";"Plena Noite";"Decrescente";"Garoa/Chuvisco";"Dupla";"Reta;Declive";"Não";2;0;1;0;1;0;1;1;-7,271553;-35,786132;"SPRF-PB";"DEL02-PB";"UOP01-DEL02-PB"
756708;2026-03-07;"sábado";"12:30:00";"MG";262;787;"UBERABA";"Ausência de reação do condutor";"Colisão traseira";"Sem Vítimas";"Pleno dia";"Crescente";"Chuva";"Dupla";"Reta";"Não";3;0;0;0;3;0;0;2;-19,77683476;-47,92148201;"SPRF-MG";"DEL13/MG";"UOP01-DEL13-MG"
756709;2026-03-07;"sábado";"14:05:00";"SC";280;51,1;"GUARAMIRIM";"Ausência de reação do condutor";"Colisão lateral mesmo sentido";"Com Vítimas Feridas";"Pleno dia";"Decrescente";"Céu Claro";"Simples";"Reta";"Não";2;0;1;0;0;1;1;2;-26,463853;-48,951533;"SPRF-SC";"DEL03/SC";"UOP03-DEL03-SC"
756710;2026-03-07;"sábado";"10:45:00";"SC";280;27;"ARAQUARI";"Trafegar com motocicleta (ou similar) entre as faixas";"Colisão transversal";"Com Vítimas Feridas";"Pleno dia";"Crescente";"Céu Claro";"Simples";"Reta";"Não";2;0;1;0;1;0;1;2;-26,39928523;-48,74186262;"SPRF-SC";"DEL03/SC";"UOP03-DEL03-SC"
756711;2026-03-07;"sábado";"13:25:00";"PR";277;703;"SAO MIGUEL DO IGUACU";"Avarias e/ou desgaste excessivo no pneu";"Saída de leito carroçável";"Com Vítimas Feridas";"Pleno dia";"Crescente";"Céu Claro";"Dupla";"Reta";"Não";3;0;0;2;1;0;2;1;-25,4077;-54,3312;"SPRF-PR";"DEL05/PR";"UOP01-DEL05-PR"
756713;2026-03-07;"sábado";"12:30:00";"MS";60;341;"CAMPO GRANDE";"Ausência de reação do condutor";"Capotamento";"Com Vítimas Feridas";"Pleno dia";"Crescente";"Céu Claro";"Simples";"Aclive;Reta";"Não";5;0;2;3;0;0;5;1;-20,39466166;-54,68574643;"SPRF-MS";"DEL01/MS";"UOP02-DEL01-MS"
756714;2026-03-07;"sábado";"07:30:00";"SC";101;132,6;"BALNEARIO CAMBORIU";"Reação tardia ou ineficiente do condutor";"Tombamento";"Com Vítimas Feridas";"Pleno dia";"Crescente";"Garoa/Chuvisco";"Múltipla";"Reta";"Sim";1;0;1;0;0;0;1;1;-26,998143;-48,649865;"SPRF-SC";"DEL04/SC";"UOP03-DEL04-SC"
756715;2026-03-07;"sábado";"14:15:00";"MG";381;732,5;"CARMO DA CACHOEIRA";"Ausência de reação do condutor";"Tombamento";"Com Vítimas Feridas";"Pleno dia";"Decrescente";"Chuva";"Dupla";"Curva";"Não";1;0;1;0;0;0;1;1;-21,54709242;-45,24108081;"SPRF-MG";"DEL16/MG";"UOP02-DEL16-MG"
756716;2026-03-07;"sábado";"14:40:00";"RS";116;263;"CANOAS";"Ingestão de álcool pelo condutor";"Colisão traseira";"Com Vítimas Feridas";"Pleno dia";"Decrescente";"Céu Claro";"Dupla";"Reta";"Sim";4;0;1;0;3;0;1;2;-29,9055985;-51,17660539;"SPRF-RS";"DEL01/RS";"UOP01-DEL01-RS"
756717;2026-03-07;"sábado";"13:00:00";"RJ";40;74;"PETROPOLIS";"Reação tardia ou ineficiente do condutor";"Queda de ocupante de veículo";"Com Vítimas Feridas";"Pleno dia";"Decrescente";"Céu Claro";"Simples";"Curva";"Não";1;0;1;0;0;0;1;1;-22,5284262;-43,2228183;"SPRF-RJ";"DEL01/RJ";"UOP01-DEL01-RJ"
756718;2026-02-21;"sábado";"06:08:00";"PE";408;96;"SAO LOURENCO DA MATA";"Ausência de reação do condutor";"Saída de leito carroçável";"Sem Vítimas";"Pleno dia";"Crescente";"Céu Claro";"Dupla";"Reta";"Não";4;0;0;0;4;0;0;1;-8,021;-35,041;"SPRF-PE";"DEL01/PE";"UOP01-DEL01-PE"
756720;2026-03-07;"sábado";"13:50:00";"SC";470;53,5;"BLUMENAU";"Ingestão de álcool pelo condutor";"Capotamento";"Com Vítimas Feridas";"Pleno dia";"Crescente";"Céu Claro";"Simples";"Curva";"Não";1;0;1;0;0;0;1;1;-26,869074;-49,1056548;"SPRF-SC";"DEL04/SC";"UOP01-DEL04-SC"