"id";"data_inversa";"dia_semana";"horario";"uf";"br";"km";"municipio";"causa_acidente";"tipo_acidente";"classificacao_acidente";"fase_dia";"sentido_via";"condicao_metereologica";"tipo_pista";"tracado_via";"uso_solo";"pessoas";"mortos";"feridos_leves";"feridos_graves";"ilesos";"ignorados";"feridos";"veiculos";"latitude";"longitude";"regional";"delegacia";"uop"
756933;2026-03-08;"domingo";"14:55:00";"MG";40;458;"CAETANOPOLIS";"Manobra de mudança de faixa";"Tombamento";"Com Vítimas Feridas";"Pleno dia";"Crescente";"Céu Claro";"Simples";"Reta;Aclive";"Não";1;0;1;0;0;0;1;1;-19,37902;-44,33822;"SPRF-MG";"DEL02/MG";"UOP01-DEL02-MG"
756935;2026-03-08;"domingo";"04:50:00";"PI";135;561;"CORRENTE";"Velocidade Incompatível";"Saída de leito carroçável";"Com Vítimas Feridas";"Amanhecer";"Decrescente";"Céu Claro";"Simples";"Reta";"Não";2;0;2;0;0;0;2;1;-10,179028;-45,18115;"SPRF-PI";"DEL03-PI";"UOP02-DEL03-PI"
756936;2026-03-08;"domingo";"14:45:00";"SP";116;157,4;"SAO JOSE DOS CAMPOS";"Manobra de mudança de faixa";"Colisão lateral mesmo sentido";"Com Vítimas Feridas";"Pleno dia";"Decrescente";"Chuva";"Dupla";"Reta";"Sim";2;0;1;0;0;1;1;2;-23,2574267;-45,94665337;"SPRF-SP";"DEL02/SP";"UOP01-DEL02-SP"
756937;2026-03-08;"domingo";"14:40:00";"SC";280;24;"ARAQUARI";"Acessar a via sem observar a presença dos outros veículos";"Colisão transversal";"Com Vítimas Feridas";"Pleno dia";"Crescente";"Céu Claro";"Simples";"Reta";"Sim";2;0;1;0;1;0;1;2;-26,37537667;-48,71724129;"SPRF-SC";"DEL03/SC";"UOP03-DEL03-SC"
756938;2026-03-08;"domingo";"15:20:00";"PB";230;107,6;"INGA";"Condutor deixou de manter distância do veículo da frente";"Colisão traseira";"Com Vítimas Feridas";"Pleno dia";"Crescente";"Céu Claro";"Dupla";"Reta";"Não";3;0;2;0;1;0;2;2;-7,202432;-35,551562;"SPRF-PB";"DEL01-PB";"UOP02-DEL01-PB"
756939;2026-03-08;"domingo";"14:08:00";"PE";232;203;"PESQUEIRA";"Reação tardia ou ineficiente do condutor";"Colisão lateral mesmo sentido";"Sem Vítimas";"Pleno dia";"Crescente";"Céu Claro";"Simples";"Reta";"Não";2;0;0;0;2;0;0;2;-8,371927;-36,63585;"SPRF-PE";"DEL03/PE";"UOP02-DEL03-PE"
756940;2026-03-08;"domingo";"15:40:00";"RN";304;297,2;"MACAIBA";"Avarias e/ou desgaste excessivo no pneu";"Tombamento";"Com Vítimas Feridas";"Pleno dia";"Crescente";"Sol";"Dupla";"Reta";"Não";2;0;1;1;0;0;2;1;-5,865627;-35,340188;"SPRF-RN";"DEL01-RN";"UOP02-DEL01-RN"
756941;2026-03-08;"domingo";"15:00:00";"SC";470;70,3;"INDAIAL";"Velocidade Incompatível";"Colisão lateral mesmo sentido";"Com Vítimas Feridas";"Pleno dia";"Decrescente";"Céu Claro";"Simples";"Reta;Em Obras;Declive;Viaduto";"Não";2;0;1;0;1;0;1;2;-26,89095674;-49,25630093;"SPRF-SC";"DEL04/SC";"UOP01-DEL04-SC"
756942;2026-03-08;"domingo";"13:10:00";"MS";163;261,7;"DOURADOS";"Avarias e/ou desgaste excessivo no pneu";"Colisão com objeto";"Sem Vítimas";"Pleno dia";"Decrescente";"Céu Claro";"Dupla";"Reta";"Não";1;0;0;0;0;1;0;1;-22,236;-54,758747;"SPRF-MS";"DEL04/MS";"UOP01-DEL04-MS"
756943;2026-03-08;"domingo";"14:30:00";"ES";262;106;"VENDA NOVA DO IMIGRANTE";"Ausência de reação do condutor";"Colisão traseira";"Com Vítimas Feridas";"Pleno dia";"Decrescente";"Céu Claro";"Simples";"Reta";"Sim";5;0;1;0;4;0;1;2;-20,328;-41,149;"SPRF-ES";"DEL01-ES";"UOP02-DEL01-ES"
756948;2026-03-08;"domingo";"04:50:00";"RS";116;241;"NOVO HAMBURGO";"Ingestão de álcool pelo condutor";"Saída de leito carroçável";"Sem Vítimas";"Plena Noite";"Crescente";"Nublado";"Dupla";"Curva;Em Obras;Viaduto";"Sim";1;0;0;0;1;0;0;1;-29,71226875;-51,14832966;"SPRF-RS";"DEL01/RS";"UOP02-DEL01-RS"
756949;2026-03-08;"domingo";"15:00:00";"BA";415;22;"ILHEUS";"Reação tardia ou ineficiente do condutor";"Tombamento";"Com Vítimas Feridas";"Pleno dia";"Decrescente";"Céu Claro";"Dupla";"Curva";"Não";3;0;3;0;0;0;3;2;-14,79959434;-39,15868342;"SPRF-BA";"DEL05/BA";"UOP01-DEL05-BA"
756950;2026-03-08;"domingo";"16:18:00";"SC";280;38;"ARAQUARI";"Ausência de reação do condutor";"Colisão com objeto";"Com Vítimas Feridas";"Pleno dia";"Crescente";"Chuva";"Simples";"Em Obras;Curva";"Não";1;0;1;0;0;0;1;1;-26,44747894;-48,82031187;"SPRF-SC";"DEL03/SC";"UOP03-DEL03-SC"
756951;2026-03-08;"domingo";"16:30:00";"MG";381;487;"BETIM";"Reação tardia ou ineficiente do condutor";"Colisão com objeto";"Com Vítimas Feridas";"Pleno dia";"Decrescente";"Céu Claro";"Dupla";"Reta;Aclive";"Não";5;0;3;0;2;0;3;1;-19,95583917;-44,11794142;"SPRF-MG";"DEL01/MG";"UOP03-DEL01-MG"
756952;2026-03-08;"domingo";"15:50:00";"SP";101;47;"UBATUBA";"Condutor deixou de manter distância do veículo da frente";"Engavetamento";"Com Vítimas Feridas";"Pleno dia";"Crescente";"Nublado";"Simples";"Reta";"Sim";5;0;2;0;3;0;2;3;-23,43005216;-45,08258765;"SPRF-SP";"DEL06/SP";"UOP01-DEL06-SP"
756953;2026-03-08;"domingo";"17:00:00";"TO";153;690;"CARIRI DO TOCANTINS";"Transitar na contramão";"Colisão frontal";"Com Vítimas Fatais";"Pleno dia";"Crescente";"Nublado";"Simples";"Reta";"Não";2;1;0;1;0;0;1;2;-11,87469654;-49,15839896;"SPRF-TO";"DEL01-TO";"UOP02-DEL01-TO"
756954;2026-03-08;"domingo";"09:30:00";"SC";282;548;"CHAPECO";"Reação tardia ou ineficiente do condutor";"Colisão traseira";"Com Vítimas Feridas";"Pleno dia";"Crescente";"Nublado";"Simples";"Reta";"Não";1;0;0;1;0;0;1;1;-26,96755918;-52,75492533;"SPRF-SC";"DEL07/SC";"UOP01-DEL07-SC"
756955;2026-03-08;"domingo";"16:10:00";"PR";272;564;"GUAIRA";"Acessar a via sem observar a presença dos outros veículos";"Colisão transversal";"Com Vítimas Feridas";"Pleno dia";"Crescente";"Céu Claro";"Simples";"Rotatória";"Não";3;0;0;1;2;0;1;2;-24,09297966;-54,19685332;"SPRF-PR";"DEL06/PR";"UOP01-DEL06-PR"
756956;2026-03-08;"domingo";"16:10:00";"PR";163;326,7;"GUAIRA";"Acessar a via sem observar a presença dos outros veículos";"Colisão lateral mesmo sentido";"Com Vítimas Feridas";"Pleno dia";"Crescente";"Céu Claro";"Simples";"Aclive;Reta";"Não";2;0;0;1;1;0;1;2;-24,25066648;-54,1992352;"SPRF-PR";"DEL06/PR";"UOP01-DEL06-PR"
756957;2026-03-08;"domingo";"16:40:00";"PR";277;26,4;"MORRETES";"Reação tardia ou ineficiente do condutor";"Colisão com objeto";"Com Vítimas Feridas";"Pleno dia";"Decrescente";"Chuva";"Dupla";"Reta";"Não";4;0;1;0;3;0;1;1;-25,536584;-48,765403;"SPRF-PR";"DEL01/PR";"UOP05-DEL01-PR"
756958;2026-03-08;"domingo";"17:15:00";"ES";101;237,7;"SERRA";"Entrada inopinada do pedestre";"Atropelamento de Pedestre";"Com Vítimas Feridas";"Pleno dia";"Crescente";"Céu Claro";"Simples";"Reta";"Não";2;0;1;0;1;0;1;2;-20,0179819;-40,40351289;"SPRF-ES";"DEL02-ES";"UOP01-DEL02-ES"
756959;2026-03-08;"domingo";"17:20:00";"RS";116;229;"DOIS IRMAOS";"Acessar a via sem observar a presença dos outros veículos";"Colisão transversal";"Sem Vítimas";"Pleno dia";"Decrescente";"Garoa/Chuvisco";"Simples";"Reta;Declive;Interseção de Vias";"Sim";2;0;0;0;2;0;0;2;-29,61888431;-51,12177579;"SPRF-RS";"DEL01/RS";"UOP02-DEL01-RS"
756960;2026-03-08;"domingo";"17:30:00";"MG";381;490;"BETIM";"Afundamento ou ondulação no pavimento";"Tombamento";"Com Vítimas Feridas";"Pleno dia";"Decrescente";"Céu Claro";"Dupla";"Reta";"Não";1;0;1;0;0;0;1;1;-19,95624723;-44,14368224;"SPRF-MG";"DEL01/MG";"UOP03-DEL01-MG"
756963;2026-03-08;"domingo";"15:30:00";"RJ";40;119;"DUQUE DE CAXIAS";"Ausência de reação do condutor";"Colisão traseira";"Com Vítimas Feridas";"Pleno dia";"Crescente";"Céu Claro";"Múltipla";"Reta";"Sim";3;0;1;0;2;0;1;2;-22,76868397;-43,28674865;"SPRF-RJ";"DEL01/RJ";"UOP02-DEL01-RJ"
756965;2026-03-08;"domingo";"16:45:00";"MG";40;494,5;"ESMERALDAS";"Acumulo de areia ou detritos sobre o pavimento";"Tombamento";"Com Vítimas Feridas";"Pleno dia";"Decrescente";"Nublado";"Dupla";"Retorno Regulamentado";"Não";2;0;2;0;0;0;2;1;-19,65775;-44,19829;"SPRF-MG";"DEL02/MG";"UOP01-DEL02-MG"
756966;2026-03-08;"domingo";"17:25:00";"RN";101;142;"ARES";"Manobra de mudança de faixa";"Colisão lateral mesmo sentido";"Com Vítimas Feridas";"Anoitecer";"Decrescente";"Céu Claro";"Dupla";"Reta";"Não";4;0;2;0;2;0;2;2;-6,2240892;-35,2159167;"SPRF-RN";"DEL01-RN";"UOP01-DEL01-RN"
756968;2026-03-08;"domingo";"17:50:00";"RN";101;106;"PARNAMIRIM";"Ultrapassagem Indevida";"Colisão lateral mesmo sentido";"Com Vítimas Feridas";"Plena Noite";"Crescente";"Céu Claro";"Dupla";"Reta";"Sim";3;0;2;0;1;0;2;2;-5,91;-35,261;"SPRF-RN";"DEL01-RN";"UOP01-DEL01-RN"
756969;2026-03-08;"domingo";"17:55:00";"PE";424;96,5;"GARANHUNS";"Ausência de reação do condutor";"Colisão traseira";"Com Vítimas Feridas";"Plena Noite";"Decrescente";"Céu Claro";"Simples";"Reta;Declive";"Não";2;0;0;1;0;1;1;2;-8,93275;-36,5007583;"SPRF-PE";"DEL03/PE";"UOP01-DEL03-PE"
756970;2026-03-08;"domingo";"17:30:00";"MG";381;681,7;"PERDOES";"Chuva";"Colisão com objeto";"Com Vítimas Feridas";"Pleno dia";"Decrescente";"Chuva";"Dupla";"Curva";"Não";3;0;2;0;1;0;2;1;-21,140119;-45,104254;"SPRF-MG";"DEL04/MG";"UOP02-DEL04-MG"
756971;2026-03-08;"domingo";"17:00:00";"GO";60;236,6;"INDIARA";"Reação tardia ou ineficiente do condutor";"Saída de leito carroçável";"Com Vítimas Feridas";"Pleno dia";"Crescente";"Nublado";"Dupla";"Reta;Aclive;Retorno Regulamentado";"Não";2;0;2;0;0;0;2;1;-17,089813;-49,854382;"SPRF-GO";"DEL01/GO";"UOP02-DEL01-GO"
756972;2026-03-08;"domingo";"16:30:00";"CE";222;41,1;"CAUCAIA";"Acessar a via sem observar a presença dos outros veículos";"Colisão transversal";"Sem Vítimas";"Pleno dia";"Crescente";"Céu Claro";"Simples";"Interseção de Vias";"Sim";2;0;0;0;1;1;0;2;-3,68373492;-38,91840957;"SPRF-CE";"DEL01/CE";"UOP03-DEL01-CE"
756973;2026-03-08;"domingo";"18:30:00";"GO";40;36,8;"LUZIANIA";"Condutor Dormindo";"Saída de leito carroçável";"Com Vítimas Feridas";"Anoitecer";"Crescente";"Céu Claro";"Dupla";"Reta";"Não";1;0;0;1;0;0;1;1;-16,3304;-47,83829;"SPRF-DF";"DEL01-DF";"UOP01-DEL01-DF"
756974;2026-03-08;"domingo";"17:40:00";"MG";50;138;"UBERABA";"Objeto estático sobre o leito carroçável";"Colisão com objeto";"Com Vítimas Feridas";"Pleno dia";"Crescente";"Céu Claro";"Dupla";"Reta";"Não";1;0;1;0;0;0;1;1;-19,46512099;-48,05719738;"SPRF-MG";"DEL13/MG";"UOP01-DEL13-MG"
756975;2026-03-08;"domingo";"18:45:00";"PR";116;46;"CAMPINA GRANDE DO SUL";"Reação tardia ou ineficiente do condutor";"Colisão com objeto";"Sem Vítimas";"Plena Noite";"Crescente";"Chuva";"Dupla";"Curva";"Não";1;0;0;0;1;0;0;1;-25,211642;-48,897692;"SPRF-PR";"DEL01/PR";"UOP02-DEL01-PR"
756976;2026-03-08;"domingo";"18:30:00";"CE";116;15;"FORTALEZA";"Ingestão de álcool pelo condutor";"Colisão transversal";"Com Vítimas Feridas";"Plena Noite";"Decrescente";"Céu Claro";"Dupla";"Reta";"Sim";3;0;1;0;2;0;1;3;-3,87789454;-38,50032812;"SPRF-CE";"DEL01/CE";"UOP02-DEL01-CE"
756978;2026-03-08;"domingo";"18:15:00";"PE";232;254;"ARCOVERDE";"Acessar a via sem observar a presença dos outros veículos";"Colisão transversal";"Com Vítimas Feridas";"Plena Noite";"Crescente";"Céu Claro";"Simples";"Reta";"Sim";6;0;3;0;3;0;3;2;-8,415445;-37,081515;"SPRF-PE";"DEL04/PE";"UOP02-DEL04-PE"
756979;2026-03-08;"domingo";"17:05:00";"RS";116;171;"CAXIAS DO SUL";"Reação tardia ou ineficiente do condutor";"Tombamento";"Com Vítimas Feridas";"Pleno dia";"Decrescente";"Céu Claro";"Simples";"Reta";"Não";1;0;1;0;0;0;1;1;-29,310295;-51,167585;"SPRF-RS";"DEL05/RS";"UOP02-DEL05-RS"
756980;2026-03-08;"domingo";"18:50:00";"ES";101;399;"ITAPEMIRIM";"Ausência de reação do condutor";"Colisão traseira";"Com Vítimas Feridas";"Plena Noite";"Decrescente";"Chuva";"Dupla";"Reta";"Não";2;0;0;1;1;0;1;2;-20,88960751;-40,99093437;"SPRF-ES";"DEL03-ES";"UOP02-DEL03-ES"
756982;2026-03-08;"domingo";"18:17:00";"RN";304;35;"MOSSORO";"Reação tardia ou ineficiente do condutor";"Saída de leito carroçável";"Sem Vítimas";"Plena Noite";"Crescente";"Céu Claro";"Dupla";"Curva;Retorno Regulamentado;Rotatória";"Sim";1;0;0;0;0;1;0;1;-5,16585;-37,35089;"SPRF-RN";"DEL04-RN";"UOP02-DEL04-RN"
756983;2026-03-08;"domingo";"17:20:00";"PR";369;145,2;"LONDRINA";"Mal súbito do condutor";"Colisão traseira";"Com Vítimas Feridas";"Pleno dia";"Decrescente";"Céu Claro";"Dupla";"Reta";"Sim";11;0;3;0;8;0;3;3;-23,293402;-51,115749;"SPRF-PR";"DEL07/PR";"UOP01-DEL07-PR"
756984;2026-03-08;"domingo";"18:50:00";"GO";153;332;"JARAGUA";"Condutor usando celular";"Colisão com objeto";"Com Vítimas Feridas";"Plena Noite";"Crescente";"Céu Claro";"Simples";"Ponte;Reta";"Não";3;0;1;0;2;0;1;1;-15,55072696;-49,43160005;"SPRF-GO";"DEL02/GO";"UOP02-DEL02-GO"
756985;2026-03-08;"domingo";"19:15:00";"SC";101;149,7;"ITAPEMA";"Manobra de mudança de faixa";"Colisão lateral mesmo sentido";"Com Vítimas Feridas";"Plena Noite";"Decrescente";"Nublado";"Dupla";"Reta";"Sim";2;0;1;0;1;0;1;2;-27,11377;-48,61018;"SPRF-SC";"DEL04/SC";"UOP03-DEL04-SC"
756986;2026-03-08;"domingo";"18:30:00";"PR";476;213;"LAPA";"Transitar na contramão";"Colisão lateral sentido oposto";"Com Vítimas Feridas";"Anoitecer";"Crescente";"Chuva";"Simples";"Curva;Aclive";"Não";3;0;2;0;1;0;2;2;-25,7802158;-49,87618893;"SPRF-PR";"DEL01/PR";"UOP06-DEL01-PR"
756987;2026-03-08;"domingo";"18:35:00";"SC";470;72,2;"INDAIAL";"Acessar a via sem observar a presença dos outros veículos";"Colisão transversal";"Com Vítimas Feridas";"Plena Noite";"Crescente";"Céu Claro";"Dupla";"Reta";"Sim";2;0;0;1;1;0;1;2;-26,90275771;-49,2697595;"SPRF-SC";"DEL04/SC";"UOP01-DEL04-SC"
756993;2026-03-08;"domingo";"19:40:00";"MG";40;373,2;"FELIXLANDIA";"Condutor Dormindo";"Saída de leito carroçável";"Com Vítimas Feridas";"Plena Noite";"Crescente";"Céu Claro";"Simples";"Reta";"Não";1;0;1;0;0;0;1;1;-18,84024;-44,76796;"SPRF-MG";"DEL02/MG";"UOP01-DEL02-MG"
756994;2026-03-08;"domingo";"18:40:00";"MG";116;549,8;"SANTA BARBARA DO LESTE";"Ingestão de álcool pelo condutor";"Colisão traseira";"Com Vítimas Feridas";"Plena Noite";"Crescente";"Nublado";"Simples";"Reta";"Não";3;0;1;1;1;0;2;2;-19,973128;-42,137728;"SPRF-MG";"DEL06/MG";"UOP02-DEL06-MG"
756995;2026-03-08;"domingo";"19:30:00";"RJ";465;16;"NOVA IGUACU";"Trafegar com motocicleta (ou similar) entre as faixas";"Colisão transversal";"Com Vítimas Feridas";"Plena Noite";"Crescente";"Nublado";"Simples";"Reta";"Sim";3;0;0;1;1;1;1;2;-22,81666848;-43,62391647;"SPRF-RJ";"DEL06/RJ";"UOP02-DEL06-RJ"
756996;2026-03-08;"domingo";"19:30:00";"MG";381;379;"SAO GONCALO DO RIO ABAIXO";"Ausência de reação do condutor";"Colisão frontal";"Com Vítimas Feridas";"Pleno dia";"Crescente";"Céu Claro";"Simples";"Curva";"Não";6;0;0;6;0;0;6;2;-19,82346194;-43,38656545;"SPRF-MG";"DEL01/MG";"UOP01-DEL01-MG"
756997;2026-03-08;"domingo";"19:30:00";"BA";330;810,3;"JEQUIE";"Reação tardia ou ineficiente do condutor";"Colisão transversal";"Com Vítimas Feridas";"Plena Noite";"Decrescente";"Nublado";"Simples";"Interseção de Vias";"Não";4;0;3;0;1;0;3;2;-14,0035;-39,926028;"SPRF-BA";"DEL03/BA";"UOP01-DEL03-BA"
756998;2026-03-08;"domingo";"20:15:00";"ES";101;318;"VILA VELHA";"Ingestão de álcool pelo condutor";"Colisão com objeto";"Sem Vítimas";"Plena Noite";"Decrescente";"Céu Claro";"Dupla";"Reta";"Não";1;0;0;0;0;1;0;1;-20,49233111;-40,47723624;"SPRF-ES";"DEL01-ES";"UOP01-DEL01-ES"
757000;2026-03-08;"domingo";"20:00:00";"SP";153;164;"PROMISSAO";"Condutor deixou de manter distância do veículo da frente";"Colisão traseira";"Com Vítimas Feridas";"Plena Noite";"Crescente";"Chuva";"Simples";"Declive;Reta";"Não";5;0;2;0;2;1;2;4;-21,53709;-49,78202;"SPRF-SP";"DEL07/SP";"UOP01-DEL07-SP"
757003;2026-03-08;"domingo";"19:00:00";"PB";230;157;"CAMPINA GRANDE";"Transitar na contramão";"Colisão transversal";"Com Vítimas Feridas";"Plena Noite";"Crescente";"Nublado";"Simples";"Reta;Em Obras";"Sim";3;0;3;0;0;0;3;2;-7,265385;-35,918431;"SPRF-PB";"DEL02-PB";"UOP01-DEL02-PB"
757004;2026-03-08;"domingo";"17:00:00";"PR";376;370;"ORTIGUEIRA";"Ausência de reação do condutor";"Queda de ocupante de veículo";"Com Vítimas Feridas";"Pleno dia";"Decrescente";"Nublado";"Simples";"Curva";"Não";2;0;2;0;0;0;2;1;-24,36394;-50,80653;"SPRF-PR";"DEL07/PR";"UOP02-DEL07-PR"
757005;2026-03-08;"domingo";"19:40:00";"GO";60;281;"JANDAIA";"Reação tardia ou ineficiente do condutor";"Saída de leito carroçável";"Com Vítimas Feridas";"Plena Noite";"Crescente";"Nublado";"Dupla";"Reta";"Não";2;0;1;0;1;0;1;1;-17,208269;-50,13173103;"SPRF-GO";"DEL04/GO";"UOP02-DEL04-GO"
757006;2026-03-08;"domingo";"19:00:00";"MG";459;32,2;"CALDAS";"Animais na Pista";"Atropelamento de Animal";"Com Vítimas Feridas";"Plena Noite";"Decrescente";"Céu Claro";"Simples";"Declive;Reta";"Não";4;0;1;0;3;0;1;2;-21,92402677;-46,37108088;"SPRF-MG";"DEL09/MG";"UOP01-DEL09-MG"
757007;2026-03-08;"domingo";"18:00:00";"SP";101;48;"UBATUBA";"Ausência de reação do condutor";"Atropelamento de Pedestre";"Com Vítimas Feridas";"Plena Noite";"Decrescente";"Chuva";"Simples";"Reta";"Sim";2;0;1;0;0;1;1;2;-23,43746338;-45,08779333;"SPRF-SP";"DEL06/SP";"UOP01-DEL06-SP"
757009;2026-03-08;"domingo";"18:40:00";"GO";153;579;"PIRACANJUBA";"Acumulo de água sobre o pavimento";"Saída de leito carroçável";"Com Vítimas Feridas";"Plena Noite";"Decrescente";"Chuva";"Dupla";"Aclive;Curva";"Não";2;0;1;0;1;0;1;1;-17,373185;-49,240487;"SPRF-GO";"DEL03/GO";"UOP01-DEL03-GO"
757010;2026-03-08;"domingo";"19:40:00";"PR";376;651;"TIJUCAS DO SUL";"Reação tardia ou ineficiente do condutor";"Engavetamento";"Sem Vítimas";"Plena Noite";"Decrescente";"Chuva";"Dupla";"Reta;Aclive";"Não";3;0;0;0;3;0;0;3;-25,84559931;-49,08210453;"SPRF-PR";"DEL01/PR";"UOP04-DEL01-PR"
757011;2026-03-08;"domingo";"19:00:00";"PA";230;643;"ALTAMIRA";"Reação tardia ou ineficiente do condutor";"Colisão traseira";"Com Vítimas Feridas";"Plena Noite";"Crescente";"Céu Claro";"Simples";"Reta;Aclive";"Sim";2;0;1;0;1;0;1;2;-3,21769;-52,24709;"SPRF-PA";"DEL04/PA";"UOP01-DEL04-PA"
757012;2026-03-08;"domingo";"18:50:00";"MG";116;269,3;"MURIAE";"Objeto estático sobre o leito carroçável";"Colisão com objeto";"Com Vítimas Feridas";"Plena Noite";"Decrescente";"Chuva";"Simples";"Reta";"Não";2;0;2;0;0;0;2;1;-21,126167;-42,336736;"SPRF-MG";"DEL11/MG";"UOP01-DEL11-MG"
757013;2026-03-08;"domingo";"18:40:00";"SP";101;51;"UBATUBA";"Reação tardia ou ineficiente do condutor";"Queda de ocupante de veículo";"Com Vítimas Feridas";"Anoitecer";"Crescente";"Chuva";"Simples";"Reta";"Sim";1;0;1;0;0;0;1;1;-23,46227962;-45,06480157;"SPRF-SP";"DEL06/SP";"UOP01-DEL06-SP"
757014;2026-03-08;"domingo";"20:00:00";"SC";101;149;"ITAPEMA";"Trafegar com motocicleta (ou similar) entre as faixas";"Colisão lateral mesmo sentido";"Com Vítimas Feridas";"Plena Noite";"Decrescente";"Céu Claro";"Dupla";"Reta";"Sim";2;0;1;0;1;0;1;2;-27,11017304;-48,61209869;"SPRF-SC";"DEL04/SC";"UOP03-DEL04-SC"
757015;2026-03-08;"domingo";"20:00:00";"PR";153;50,6;"SANTO ANTONIO DA PLATINA";"Reação tardia ou ineficiente do condutor";"Colisão com objeto";"Com Vítimas Feridas";"Plena Noite";"Crescente";"Céu Claro";"Simples";"Ponte;Reta";"Não";1;0;1;0;0;0;1;1;-23,36810924;-50,06546389;"SPRF-PR";"DEL07/PR";"UOP04-DEL07-PR"
757016;2026-03-08;"domingo";"21:00:00";"DF";60;5,5;"BRASILIA";"Reação tardia ou ineficiente do condutor";"Queda de ocupante de veículo";"Com Vítimas Feridas";"Plena Noite";"Crescente";"Nublado";"Múltipla";"Reta";"Sim";1;0;1;0;0;0;1;1;-15,896979;-48,109468;"SPRF-DF";"DEL03-DF";"UOP01-DEL03-DF"
757017;2026-03-08;"domingo";"21:20:00";"SP";381;52;"MAIRIPORA";"Pedestre - Ingestão de álcool/ substâncias psicoativas";"Atropelamento de Pedestre";"Com Vítimas Feridas";"Plena Noite";"Crescente";"Garoa/Chuvisco";"Dupla";"Reta";"Sim";2;0;0;1;1;0;1;2;-23,23569461;-46,60135102;"SPRF-SP";"DEL03/SP";"UOP01-DEL03-SP"
757018;2026-03-08;"domingo";"21:25:00";"RS";392;350,8;"SANTA MARIA";"Acessar a via sem observar a presença dos outros veículos";"Colisão transversal";"Com Vítimas Feridas";"Plena Noite";"Decrescente";"Nublado";"Simples";"Reta;Em Obras;Aclive;Interseção de Vias";"Sim";3;0;1;0;2;0;1;2;-29,734838;-53,798762;"SPRF-RS";"DEL09/RS";"UOP01-DEL09-RS"
757021;2026-03-08;"domingo";"19:00:00";"RJ";40;82;"DUQUE DE CAXIAS";"Curva acentuada";"Saída de leito carroçável";"Com Vítimas Feridas";"Plena Noite";"Crescente";"Céu Claro";"Dupla";"Curva";"Sim";5;0;1;0;4;0;1;1;-22,519452;-43,229027;"SPRF-RJ";"DEL01/RJ";"UOP01-DEL01-RJ"
757023;2026-03-08;"domingo";"21:30:00";"RS";116;266;"CANOAS";"Condutor deixou de manter distância do veículo da frente";"Colisão traseira";"Com Vítimas Feridas";"Plena Noite";"Decrescente";"Céu Claro";"Múltipla";"Reta;Em Obras;Viaduto";"Sim";3;0;2;0;1;0;2;2;-29,9282017;-51,17731268;"SPRF-RS";"DEL01/RS";"UOP01-DEL01-RS"
757025;2026-03-08;"domingo";"21:25:00";"PR";277;500,6;"GUARANIACU";"Animais na Pista";"Atropelamento de Animal";"Com Vítimas Feridas";"Plena Noite";"Crescente";"Céu Claro";"Simples";"Reta";"Não";5;0;1;0;4;0;1;1;-25,12692509;-52,74427296;"SPRF-PR";"DEL04/PR";"UOP04-DEL04-PR"
757027;2026-03-08;"domingo";"21:43:00";"SP";116;198;"ARUJA";"Pedestre cruzava a pista fora da faixa";"Atropelamento de Pedestre";"Com Vítimas Feridas";"Plena Noite";"Crescente";"Garoa/Chuvisco";"Dupla";"Reta";"Não";5;0;1;0;3;1;1;2;-23,40134166;-46,30932419;"SPRF-SP";"DEL01/SP";"UOP01-DEL01-SP"
757028;2026-03-08;"domingo";"21:15:00";"MG";116;407,1;"GOVERNADOR VALADARES";"Pedestre andava na pista";"Atropelamento de Pedestre";"Com Vítimas Feridas";"Plena Noite";"Decrescente";"Nublado";"Dupla";"Reta";"Sim";2;0;1;0;1;0;1;2;-18,83959223;-41,98654387;"SPRF-MG";"DEL06/MG";"UOP01-DEL06-MG"
757030;2026-03-08;"domingo";"22:10:00";"MG";40;666,3;"CARANDAI";"Acessar a via sem observar a presença dos outros veículos";"Colisão transversal";"Com Vítimas Feridas";"Plena Noite";"Crescente";"Céu Claro";"Simples";"Reta;Rotatória;Interseção de Vias";"Não";3;0;1;2;0;0;3;2;-20,943694;-43,809852;"SPRF-MG";"DEL05/MG";"UOP02-DEL05-MG"
757031;2026-03-08;"domingo";"20:45:00";"RO";319;139;"PORTO VELHO";"Manobra de mudança de faixa";"Colisão lateral mesmo sentido";"Com Vítimas Feridas";"Plena Noite";"Crescente";"Céu Claro";"Dupla";"Reta";"Sim";3;0;1;1;1;0;2;2;-8,74103548;-63,8950452;"SPRF-RO";"DEL01-RO";"UOP01-DEL01-RO"
757032;2026-03-08;"domingo";"15:45:00";"RS";386;402;"TRIUNFO";"Ausência de reação do condutor";"Capotamento";"Sem Vítimas";"Pleno dia";"Crescente";"Garoa/Chuvisco";"Simples";"Curva";"Não";1;0;0;0;0;1;0;1;-29,75916172;-51,59312725;"SPRF-RS";"DEL04/RS";"UOP02-DEL04-RS"
757033;2026-03-08;"domingo";"21:45:00";"RJ";40;114;"DUQUE DE CAXIAS";"Afundamento ou ondulação no pavimento";"Saída de leito carroçável";"Com Vítimas Feridas";"Plena Noite";"Crescente";"Nublado";"Múltipla";"Curva";"Não";3;0;1;0;2;0;1;1;-22,71820705;-43,2902244;"SPRF-RJ";"DEL01/RJ";"UOP02-DEL01-RJ"
757034;2026-03-08;"domingo";"22:04:00";"RS";470;160,2;"NOVA PRATA";"Acessar a via sem observar a presença dos outros veículos";"Colisão transversal";"Com Vítimas Feridas";"Plena Noite";"Decrescente";"Nublado";"Simples";"Reta";"Não";6;0;4;0;2;0;4;2;-28,81277507;-51,59960671;"SPRF-RS";"DEL06/RS";"UOP02-DEL06-RS"