"id";"data_inversa";"dia_semana";"horario";"uf";"br";"km";"municipio";"causa_acidente";"tipo_acidente";"classificacao_acidente";"fase_dia";"sentido_via";"condicao_metereologica";"tipo_pista";"tracado_via";"uso_solo";"pessoas";"mortos";"feridos_leves";"feridos_graves";"ilesos";"ignorados";"feridos";"veiculos";"latitude";"longitude";"regional";"delegacia";"uop"
758117;2026-03-13;"sexta-feira";"18:30:00";"SC";101;46;"JOINVILLE";"Ausência de reação do condutor";"Tombamento";"Com Vítimas Feridas";"Anoitecer";"Decrescente";"Céu Claro";"Simples";"Reta";"Sim";2;0;2;0;0;0;2;1;-26,362;-48,858;"SPRF-SC";"DEL03/SC";"UOP01-DEL03-SC"
758118;2026-03-13;"sexta-feira";"18:00:00";"PI";343;10;"PARNAIBA";"Pista esburacada";"Queda de ocupante de veículo";"Com Vítimas Feridas";"Anoitecer";"Decrescente";"Chuva";"Simples";"Reta";"Sim";1;0;1;0;0;0;1;1;-2,90299941;-41,74099446;"SPRF-PI";"DEL05-PI";"UOP01-DEL05-PI"
758119;2026-03-06;"sexta-feira";"07:00:00";"PB";104;132,5;"QUEIMADAS";"Conversão proibida";"Colisão traseira";"Com Vítimas Feridas";"Pleno dia";"Decrescente";"Céu Claro";"Simples";"Reta";"Sim";2;0;0;1;1;0;1;2;-7,297273;-35,89152;"SPRF-PB";"DEL02-PB";"UOP03-DEL02-PB"
758120;2026-03-13;"sexta-feira";"18:00:00";"AL";104;35,7;"UNIAO DOS PALMARES";"Acessar a via sem observar a presença dos outros veículos";"Colisão transversal";"Com Vítimas Feridas";"Anoitecer";"Crescente";"Céu Claro";"Simples";"Interseção de Vias";"Sim";2;0;1;0;1;0;1;2;-9,16653743;-36,0211858;"SPRF-AL";"DEL01-AL";"UOP02-DEL01-AL"
758121;2026-03-13;"sexta-feira";"18:15:00";"MG";381;504;"BETIM";"Entrada inopinada do pedestre";"Atropelamento de Pedestre";"Com Vítimas Feridas";"Plena Noite";"Decrescente";"Nublado";"Dupla";"Reta;Aclive";"Não";2;0;0;1;1;0;1;2;-20,03219761;-44,23869503;"SPRF-MG";"DEL01/MG";"UOP03-DEL01-MG"
758123;2026-03-13;"sexta-feira";"18:44:00";"PB";230;41;"SANTA RITA";"Acessar a via sem observar a presença dos outros veículos";"Colisão transversal";"Com Vítimas Feridas";"Plena Noite";"Crescente";"Céu Claro";"Dupla";"Retorno Regulamentado";"Não";3;0;0;2;1;0;2;3;-7,142763;-34,989422;"SPRF-PB";"DEL01-PB";"UOP02-DEL01-PB"
758125;2026-03-13;"sexta-feira";"18:20:00";"PI";343;342;"TERESINA";"Ausência de reação do condutor";"Colisão traseira";"Sem Vítimas";"Anoitecer";"Decrescente";"Nublado";"Dupla";"Reta";"Sim";7;0;0;0;7;0;0;2;-5,083422;-42,751885;"SPRF-PI";"DEL01-PI";"UOP01-DEL01-PI"
758129;2026-03-13;"sexta-feira";"18:35:00";"PE";101;52;"PAULISTA";"Pedestre cruzava a pista fora da faixa";"Atropelamento de Pedestre";"Com Vítimas Feridas";"Plena Noite";"Decrescente";"Céu Claro";"Dupla";"Declive;Reta";"Sim";2;0;1;1;0;0;2;2;-7,928315;-34,89819;"SPRF-PE";"DEL01/PE";"UOP02-DEL01-PE"
758130;2026-03-13;"sexta-feira";"19:20:00";"SC";101;132;"BALNEARIO CAMBORIU";"Manobra de mudança de faixa";"Colisão lateral mesmo sentido";"Com Vítimas Feridas";"Plena Noite";"Crescente";"Céu Claro";"Dupla";"Reta";"Sim";2;0;1;0;1;0;1;2;-26,99705;-48,653946;"SPRF-SC";"DEL04/SC";"UOP03-DEL04-SC"
758131;2026-03-13;"sexta-feira";"19:00:00";"MG";381;482;"BETIM";"Ausência de reação do condutor";"Tombamento";"Com Vítimas Feridas";"Plena Noite";"Crescente";"Chuva";"Múltipla";"Reta";"Sim";2;0;1;0;1;0;1;1;-19,95809626;-44,0766534;"SPRF-MG";"DEL01/MG";"UOP03-DEL01-MG"
758133;2026-03-13;"sexta-feira";"18:10:00";"MG";365;601;"UBERLANDIA";"Ultrapassagem Indevida";"Colisão lateral sentido oposto";"Com Vítimas Feridas";"Pleno dia";"Crescente";"Céu Claro";"Simples";"Declive;Reta";"Não";3;0;0;1;1;1;1;3;-18,890159;-48,121693;"SPRF-MG";"DEL15/MG";"UOP01-DEL15-MG"
758134;2026-03-13;"sexta-feira";"19:15:00";"RJ";116;185;"NOVA IGUACU";"Acessar a via sem observar a presença dos outros veículos";"Colisão traseira";"Com Vítimas Feridas";"Plena Noite";"Crescente";"Chuva";"Múltipla";"Reta";"Não";2;0;1;0;1;0;1;2;-22,73983704;-43,46044991;"SPRF-RJ";"DEL06/RJ";"UOP01-DEL06-RJ"
758135;2026-03-13;"sexta-feira";"19:00:00";"PR";277;4;"PARANAGUA";"Acessar a via sem observar a presença dos outros veículos";"Colisão transversal";"Com Vítimas Feridas";"Plena Noite";"Crescente";"Céu Claro";"Simples";"Reta";"Sim";2;0;1;0;1;0;1;2;-25,53588;-48,530775;"SPRF-PR";"DEL01/PR";"UOP05-DEL01-PR"
758137;2026-03-13;"sexta-feira";"19:00:00";"PI";402;13;"PARNAIBA";"Ingestão de álcool pelo condutor";"Queda de ocupante de veículo";"Com Vítimas Feridas";"Plena Noite";"Crescente";"Céu Claro";"Simples";"Reta";"Não";1;0;0;1;0;0;1;1;-3,10025335;-41,78785801;"SPRF-PI";"DEL05-PI";"UOP01-DEL05-PI"
758138;2026-03-13;"sexta-feira";"19:25:00";"ES";262;159,1;"IBATIBA";"Deficiência do Sistema de Iluminação/Sinalização";"Colisão transversal";"Com Vítimas Feridas";"Plena Noite";"Crescente";"Nublado";"Simples";"Reta";"Sim";2;0;0;1;1;0;1;2;-20,23463695;-41,50689483;"SPRF-ES";"DEL01-ES";"UOP02-DEL01-ES"
758139;2026-03-13;"sexta-feira";"19:35:00";"RS";116;254,4;"SAPUCAIA DO SUL";"Reação tardia ou ineficiente do condutor";"Colisão com objeto";"Com Vítimas Feridas";"Plena Noite";"Crescente";"Céu Claro";"Múltipla";"Reta";"Sim";1;0;1;0;0;0;1;1;-29,827883;-51,173019;"SPRF-RS";"DEL01/RS";"UOP02-DEL01-RS"
758140;2026-03-13;"sexta-feira";"19:49:00";"CE";116;19,2;"EUSEBIO";"Pedestre cruzava a pista fora da faixa";"Atropelamento de Pedestre";"Com Vítimas Feridas";"Plena Noite";"Decrescente";"Céu Claro";"Dupla";"Reta";"Sim";2;0;0;2;0;0;2;2;-3,914878;-38,506786;"SPRF-CE";"DEL01/CE";"UOP02-DEL01-CE"
758142;2026-03-13;"sexta-feira";"20:00:00";"PR";277;37,4;"MORRETES";"Reação tardia ou ineficiente do condutor";"Saída de leito carroçável";"Com Vítimas Feridas";"Plena Noite";"Decrescente";"Nublado";"Dupla";"Declive;Curva";"Não";1;0;1;0;0;0;1;1;-25,574589;-48,847757;"SPRF-PR";"DEL01/PR";"UOP05-DEL01-PR"
758147;2026-03-13;"sexta-feira";"19:00:00";"BA";367;28;"PORTO SEGURO";"Ultrapassagem Indevida";"Colisão transversal";"Com Vítimas Feridas";"Plena Noite";"Crescente";"Céu Claro";"Simples";"Interseção de Vias";"Sim";3;0;2;1;0;0;3;2;-16,417294;-39,109873;"SPRF-BA";"DEL09/BA";"UOP03-DEL09-BA"
758148;2026-03-13;"sexta-feira";"19:40:00";"MG";40;49,7;"PARACATU";"Ausência de reação do condutor";"Colisão com objeto";"Com Vítimas Feridas";"Plena Noite";"Decrescente";"Chuva";"Simples";"Reta";"Não";2;0;1;0;1;0;1;1;-17,238864;-46,805019;"SPRF-MG";"DEL14/MG";"UOP01-DEL14-MG"
758149;2026-03-13;"sexta-feira";"19:20:00";"RS";116;140,3;"CAXIAS DO SUL";"Acesso irregular";"Colisão frontal";"Com Vítimas Feridas";"Plena Noite";"Decrescente";"Céu Claro";"Simples";"Reta";"Não";3;0;1;0;1;1;1;3;-29,10774;-51,11071;"SPRF-RS";"DEL05/RS";"UOP01-DEL05-RS"
758150;2026-03-13;"sexta-feira";"19:53:00";"PE";232;8,5;"RECIFE";"Reação tardia ou ineficiente do condutor";"Colisão traseira";"Sem Vítimas";"Plena Noite";"Crescente";"Céu Claro";"Múltipla";"Reta";"Sim";2;0;0;0;2;0;0;2;-8,0769478;-34,9753858;"SPRF-PE";"DEL01/PE";"UOP01-DEL01-PE"
758151;2026-03-13;"sexta-feira";"20:15:00";"SC";101;196,2;"BIGUACU";"Transitar na contramão";"Colisão frontal";"Com Vítimas Feridas";"Plena Noite";"Crescente";"Garoa/Chuvisco";"Múltipla";"Reta";"Não";2;0;0;1;1;0;1;2;-27,48689884;-48,64874254;"SPRF-SC";"DEL01/SC";"UOP01-DEL01-SC"
758152;2026-03-13;"sexta-feira";"19:20:00";"SC";282;506,9;"XANXERE";"Acessar a via sem observar a presença dos outros veículos";"Colisão transversal";"Com Vítimas Feridas";"Plena Noite";"Crescente";"Céu Claro";"Simples";"Reta";"Sim";2;0;0;2;0;0;2;2;-26,88603308;-52,437174;"SPRF-SC";"DEL07/SC";"UOP01-DEL07-SC"
758153;2026-03-13;"sexta-feira";"20:45:00";"SC";101;211,3;"PALHOCA";"Condutor deixou de manter distância do veículo da frente";"Colisão traseira";"Com Vítimas Feridas";"Plena Noite";"Decrescente";"Céu Claro";"Dupla";"Reta";"Sim";2;0;0;1;1;0;1;2;-27,62520925;-48,65395993;"SPRF-SC";"DEL01/SC";"UOP02-DEL01-SC"
758154;2026-03-13;"sexta-feira";"20:30:00";"PR";277;722;"FOZ DO IGUACU";"Manobra de mudança de faixa";"Colisão transversal";"Com Vítimas Feridas";"Plena Noite";"Decrescente";"Céu Claro";"Dupla";"Interseção de Vias";"Sim";1;0;1;0;0;0;1;1;-25,491801;-54,512845;"SPRF-PR";"DEL05/PR";"UOP03-DEL05-PR"
758155;2026-03-13;"sexta-feira";"20:30:00";"PR";277;3;"PARANAGUA";"Ausência de reação do condutor";"Colisão com objeto";"Com Vítimas Feridas";"Plena Noite";"Decrescente";"Céu Claro";"Simples";"Reta";"Sim";1;0;1;0;0;0;1;1;-25,535875;-48,530762;"SPRF-PR";"DEL01/PR";"UOP05-DEL01-PR"
758157;2026-03-13;"sexta-feira";"19:00:00";"MG";40;377;"FELIXLANDIA";"Velocidade Incompatível";"Colisão traseira";"Com Vítimas Feridas";"Plena Noite";"Crescente";"Céu Claro";"Simples";"Reta";"Não";2;0;1;0;1;0;1;2;-18,7977071;-44,80434895;"SPRF-MG";"DEL02/MG";"UOP01-DEL02-MG"
758158;2026-03-13;"sexta-feira";"19:35:00";"SP";116;107,5;"TAUBATE";"Condutor deixou de manter distância do veículo da frente";"Engavetamento";"Com Vítimas Feridas";"Plena Noite";"Crescente";"Nublado";"Dupla";"Declive;Reta";"Sim";4;0;1;0;3;0;1;3;-23,02094901;-45,5344528;"SPRF-SP";"DEL02/SP";"UOP02-DEL02-SP"
758159;2026-03-13;"sexta-feira";"20:10:00";"MG";262;390;"PARA DE MINAS";"Ausência de reação do condutor";"Saída de leito carroçável";"Sem Vítimas";"Plena Noite";"Decrescente";"Garoa/Chuvisco";"Dupla";"Reta";"Não";1;0;0;0;1;0;0;1;-19,90364018;-44,54206753;"SPRF-MG";"DEL01/MG";"UOP03-DEL01-MG"
758160;2026-03-13;"sexta-feira";"19:20:00";"RS";116;302;"GUAIBA";"Ausência de reação do condutor";"Atropelamento de Pedestre";"Com Vítimas Feridas";"Plena Noite";"Crescente";"Céu Claro";"Dupla";"Reta;Retorno Regulamentado";"Sim";2;0;0;1;0;1;1;2;-30,14244078;-51,36133645;"SPRF-RS";"DEL02/RS";"UOP01-DEL02-RS"
758161;2026-03-13;"sexta-feira";"19:10:00";"GO";452;187;"ITUMBIARA";"Ausência de reação do condutor";"Saída de leito carroçável";"Sem Vítimas";"Plena Noite";"Crescente";"Chuva";"Simples";"Declive;Curva";"Não";2;0;0;0;2;0;0;1;-18,397667;-49,298214;"SPRF-GO";"DEL03/GO";"UOP02-DEL03-GO"
758162;2026-03-13;"sexta-feira";"19:20:00";"RO";364;436;"JARU";"Condutor deixou de manter distância do veículo da frente";"Colisão traseira";"Com Vítimas Feridas";"Plena Noite";"Crescente";"Nublado";"Simples";"Reta;Aclive";"Não";2;0;1;0;1;0;1;2;-10,37353676;-62,55657546;"SPRF-RO";"DEL03-RO";"UOP02-DEL03-RO"
758163;2026-03-13;"sexta-feira";"18:16:00";"RJ";101;487;"ANGRA DOS REIS";"Pedestre cruzava a pista fora da faixa";"Atropelamento de Pedestre";"Sem Vítimas";"Plena Noite";"Decrescente";"Chuva";"Simples";"Reta";"Sim";1;0;0;0;1;0;0;1;-22,95791913;-44,29859161;"SPRF-RJ";"DEL03/RJ";"UOP03-DEL03-RJ"
758164;2026-03-13;"sexta-feira";"19:30:00";"MG";262;434,7;"NOVA SERRANA";"Condutor deixou de manter distância do veículo da frente";"Colisão traseira";"Com Vítimas Feridas";"Plena Noite";"Decrescente";"Nublado";"Dupla";"Reta";"Sim";2;0;1;0;1;0;1;2;-19,87694;-44,94495;"SPRF-MG";"DEL08/MG";"UOP03-DEL08-MG"
758165;2026-03-13;"sexta-feira";"21:15:00";"PR";376;231;"APUCARANA";"Reação tardia ou ineficiente do condutor";"Tombamento";"Com Vítimas Feridas";"Plena Noite";"Crescente";"Céu Claro";"Dupla";"Reta";"Não";1;0;1;0;0;0;1;1;-23,566957;-51,520472;"SPRF-PR";"DEL07/PR";"UOP03-DEL07-PR"
758166;2026-03-13;"sexta-feira";"20:10:00";"RJ";101;484,7;"ANGRA DOS REIS";"Condutor deixou de manter distância do veículo da frente";"Colisão traseira";"Com Vítimas Feridas";"Plena Noite";"Crescente";"Chuva";"Dupla";"Rotatória;Retorno Regulamentado";"Sim";2;0;1;0;1;0;1;2;-22,98438309;-44,29652977;"SPRF-RJ";"DEL03/RJ";"UOP03-DEL03-RJ"
758167;2026-03-13;"sexta-feira";"19:15:00";"GO";80;139;"SANTA RITA DO NOVO DESTINO";"Demais falhas mecânicas ou elétricas";"Saída de leito carroçável";"Sem Vítimas";"Plena Noite";"Crescente";"Céu Claro";"Simples";"Reta";"Não";1;0;0;0;1;0;0;1;-14,88208258;-48,98872375;"SPRF-GO";"DEL07/GO";"UOP02-DEL07-GO"
758169;2026-03-13;"sexta-feira";"17:22:00";"RO";364;340,8;"JI-PARANA";"Condutor deixou de manter distância do veículo da frente";"Colisão lateral mesmo sentido";"Com Vítimas Feridas";"Pleno dia";"Crescente";"Céu Claro";"Dupla";"Interseção de Vias";"Não";1;0;1;0;0;0;1;1;-10,892559;-61,930616;"SPRF-RO";"DEL02-RO";"UOP01-DEL02-RO"
758170;2026-03-13;"sexta-feira";"21:30:00";"SC";101;225;"PALHOCA";"Transtornos Mentais (exceto suicidio)";"Colisão com objeto";"Com Vítimas Feridas";"Plena Noite";"Crescente";"Céu Claro";"Dupla";"Reta";"Sim";2;0;1;0;0;1;1;2;-27,74180155;-48,63833874;"SPRF-SC";"DEL01/SC";"UOP02-DEL01-SC"
758172;2026-03-13;"sexta-feira";"17:50:00";"MT";174;1;"PONTES E LACERDA";"Ingestão de álcool pelo condutor";"Colisão transversal";"Com Vítimas Feridas";"Anoitecer";"Decrescente";"Céu Claro";"Simples";"Reta";"Sim";2;0;1;0;1;0;1;2;-15,24682168;-59,31983024;"SPRF-MT";"DEL03/MT";"UOP01-DEL03-MT"
758174;2026-03-13;"sexta-feira";"09:30:00";"PR";476;269;"SAO MATEUS DO SUL";"Ultrapassagem Indevida";"Colisão traseira";"Com Vítimas Feridas";"Pleno dia";"Crescente";"Sol";"Simples";"Curva";"Não";3;0;1;0;2;0;1;3;-25,89905992;-50,32549202;"SPRF-PR";"DEL02/PR";"UOP03-DEL02-PR"
758177;2026-03-13;"sexta-feira";"20:30:00";"BA";407;47,8;"JUAZEIRO";"Condutor Dormindo";"Colisão frontal";"Sem Vítimas";"Plena Noite";"Decrescente";"Céu Claro";"Simples";"Reta";"Não";2;0;0;0;2;0;0;2;-9,7980458;-40,32463074;"SPRF-BA";"DEL04/BA";"UOP01-DEL04-BA"
758178;2026-03-13;"sexta-feira";"21:50:00";"PI";343;348;"TERESINA";"Ausência de reação do condutor";"Colisão traseira";"Com Vítimas Feridas";"Plena Noite";"Crescente";"Nublado";"Simples";"Reta";"Sim";2;0;1;0;1;0;1;2;-5,1177369;-42,7847985;"SPRF-PI";"DEL01-PI";"UOP01-DEL01-PI"
758179;2026-03-13;"sexta-feira";"21:00:00";"PR";277;435,6;"VIRMOND";"Acessar a via sem observar a presença dos outros veículos";"Colisão transversal";"Com Vítimas Feridas";"Plena Noite";"Crescente";"Nublado";"Simples";"Curva";"Sim";4;0;2;1;1;0;3;2;-25,37846478;-52,21055802;"SPRF-PR";"DEL04/PR";"UOP02-DEL04-PR"
758181;2026-03-13;"sexta-feira";"20:30:00";"MG";381;568,4;"ITAGUARA";"Ausência de reação do condutor";"Saída de leito carroçável";"Com Vítimas Feridas";"Plena Noite";"Crescente";"Chuva";"Dupla";"Curva";"Não";1;0;1;0;0;0;1;1;-20,4080954;-44,5252128;"SPRF-MG";"DEL04/MG";"UOP03-DEL04-MG"
758183;2026-03-13;"sexta-feira";"21:05:00";"MT";163;750;"SORRISO";"Reação tardia ou ineficiente do condutor";"Queda de ocupante de veículo";"Com Vítimas Feridas";"Plena Noite";"Crescente";"Nublado";"Dupla";"Reta";"Sim";2;0;1;0;1;0;1;1;-12,570661;-55,72589;"SPRF-MT";"DEL06/MT";"UOP01-DEL06-MT"
758184;2026-03-13;"sexta-feira";"22:50:00";"SC";116;55,6;"PAPANDUVA";"Acessar a via sem observar a presença dos outros veículos";"Colisão transversal";"Com Vítimas Feridas";"Plena Noite";"Decrescente";"Nublado";"Simples";"Reta";"Não";2;0;1;1;0;0;2;2;-26,391148;-50,180503;"SPRF-SC";"DEL06/SC";"UOP02-DEL06-SC"
758187;2026-03-13;"sexta-feira";"22:50:00";"SP";381;20,4;"BRAGANCA PAULISTA";"Frear bruscamente";"Capotamento";"Com Vítimas Feridas";"Plena Noite";"Decrescente";"Céu Claro";"Dupla";"Curva";"Sim";1;0;1;0;0;0;1;1;-22,98357868;-46,50008708;"SPRF-SP";"DEL03/SP";"UOP02-DEL03-SP"
758189;2026-03-14;"sábado";"00:41:00";"PR";373;271;"PRUDENTOPOLIS";"Reação tardia ou ineficiente do condutor";"Saída de leito carroçável";"Com Vítimas Feridas";"Plena Noite";"Crescente";"Céu Claro";"Simples";"Reta";"Não";3;0;3;0;0;0;3;1;-25,2302729;-51,0338818;"SPRF-PR";"DEL08/PR";"UOP01-DEL08-PR"
758191;2026-03-13;"sexta-feira";"09:30:00";"BA";324;586;"CANDEIAS";"Manobra de mudança de faixa";"Queda de ocupante de veículo";"Com Vítimas Feridas";"Pleno dia";"Decrescente";"Céu Claro";"Dupla";"Reta";"Não";1;0;1;0;0;0;1;1;-12,67613517;-38,4685877;"SPRF-BA";"DEL01/BA";"UOP01-DEL01-BA"
758192;2026-03-14;"sábado";"01:20:00";"SP";101;32,5;"UBATUBA";"Ausência de reação do condutor";"Saída de leito carroçável";"Com Vítimas Feridas";"Plena Noite";"Decrescente";"Céu Claro";"Simples";"Aclive;Curva";"Não";1;0;1;0;0;0;1;1;-23,38979586;-44,98735841;"SPRF-SP";"DEL06/SP";"UOP01-DEL06-SP"
758194;2026-03-13;"sexta-feira";"23:40:00";"RS";285;313,6;"PASSO FUNDO";"Ausência de reação do condutor";"Saída de leito carroçável";"Com Vítimas Fatais";"Plena Noite";"Decrescente";"Céu Claro";"Simples";"Reta";"Não";1;1;0;0;0;0;0;1;-28,2477;-52,574961;"SPRF-RS";"DEL08/RS";"UOP03-DEL08-RS"
758195;2026-03-14;"sábado";"01:30:00";"RS";285;330,2;"CARAZINHO";"Ausência de reação do condutor";"Saída de leito carroçável";"Com Vítimas Feridas";"Plena Noite";"Crescente";"Céu Claro";"Simples";"Aclive;Reta";"Não";2;0;2;0;0;0;2;1;-28,288184;-52,713482;"SPRF-RS";"DEL08/RS";"UOP03-DEL08-RS"
758196;2026-03-14;"sábado";"02:20:00";"BA";116;23,1;"VITORIA DA CONQUISTA";"Transitar no Acostamento";"Colisão traseira";"Com Vítimas Feridas";"Plena Noite";"Crescente";"Ignorado";"Simples";"Reta";"Não";4;0;1;0;3;0;1;2;-14,87445983;-40,79964399;"SPRF-BA";"DEL08/BA";"UOP01-DEL08-BA"
758197;2026-03-14;"sábado";"02:50:00";"MG";116;527,9;"CARATINGA";"Ingestão de álcool pelo condutor";"Colisão com objeto";"Com Vítimas Feridas";"Plena Noite";"Crescente";"Chuva";"Dupla";"Reta";"Sim";1;0;1;0;0;0;1;1;-19,7960885;-42,1377005;"SPRF-MG";"DEL06/MG";"UOP02-DEL06-MG"
758198;2026-03-14;"sábado";"02:15:00";"SC";101;213,8;"PALHOCA";"Condutor deixou de manter distância do veículo da frente";"Colisão lateral mesmo sentido";"Com Vítimas Feridas";"Plena Noite";"Decrescente";"Céu Claro";"Múltipla";"Reta";"Sim";3;0;2;0;0;1;2;2;-27,6428648;-48,6708144;"SPRF-SC";"DEL01/SC";"UOP02-DEL01-SC"
758199;2026-03-14;"sábado";"01:50:00";"RR";401;11;"CANTA";"Ausência de reação do condutor";"Colisão com objeto";"Com Vítimas Feridas";"Plena Noite";"Decrescente";"Vento";"Dupla";"Reta";"Sim";2;0;1;0;0;1;1;1;2,814149;-60,605782;"SPRF-RR";"DEL01-RR";"UOP01-DEL01-RR"
758201;2026-03-14;"sábado";"03:50:00";"PR";277;6;"PARANAGUA";"Ausência de reação do condutor";"Colisão frontal";"Com Vítimas Feridas";"Amanhecer";"Crescente";"Nevoeiro/Neblina";"Dupla";"Reta";"Não";3;0;2;0;1;0;2;3;-25,55986;-48,579173;"SPRF-PR";"DEL01/PR";"UOP05-DEL01-PR"
758203;2026-03-14;"sábado";"03:45:00";"SP";153;66;"SAO JOSE DO RIO PRETO";"Velocidade Incompatível";"Colisão lateral mesmo sentido";"Com Vítimas Feridas";"Plena Noite";"Decrescente";"Nevoeiro/Neblina";"Dupla";"Declive;Curva";"Sim";6;0;2;2;2;0;4;2;-20,84956199;-49,3769309;"SPRF-SP";"DEL09/SP";"UOP01-DEL09-SP"
758204;2026-03-14;"sábado";"05:00:00";"SC";116;66,6;"MONTE CASTELO";"Transitar na contramão";"Colisão frontal";"Com Vítimas Feridas";"Amanhecer";"Decrescente";"Céu Claro";"Simples";"Reta";"Não";7;0;3;4;0;0;7;2;-26,44844314;-50,22846222;"SPRF-SC";"DEL06/SC";"UOP02-DEL06-SC"
758205;2026-03-14;"sábado";"04:43:00";"PR";376;526;"PALMEIRA";"Reação tardia ou ineficiente do condutor";"Saída de leito carroçável";"Com Vítimas Feridas";"Plena Noite";"Crescente";"Nublado";"Dupla";"Declive;Curva";"Não";4;0;2;1;1;0;3;1;-25,30154;-49,89089;"SPRF-PR";"DEL03/PR";"UOP03-DEL03-PR"
758206;2026-03-14;"sábado";"04:26:00";"PB";230;21,5;"JOAO PESSOA";"Ingestão de álcool pelo condutor";"Colisão traseira";"Sem Vítimas";"Amanhecer";"Decrescente";"Céu Claro";"Dupla";"Curva";"Sim";2;0;0;0;2;0;0;2;-7,1482681;-34,8507124;"SPRF-PB";"DEL01-PB";"UOP01-DEL01-PB"
758208;2026-03-14;"sábado";"05:20:00";"ES";101;143,2;"LINHARES";"Reação tardia ou ineficiente do condutor";"Tombamento";"Com Vítimas Feridas";"Amanhecer";"Decrescente";"Céu Claro";"Dupla";"Reta";"Não";1;0;1;0;0;0;1;1;-19,345034;-40,063507;"SPRF-ES";"DEL04-ES";"UOP01-DEL04-ES"
758209;2026-03-13;"sexta-feira";"20:15:00";"AL";104;88;"RIO LARGO";"Entrada inopinada do pedestre";"Atropelamento de Pedestre";"Com Vítimas Feridas";"Plena Noite";"Crescente";"Céu Claro";"Dupla";"Reta";"Sim";2;0;0;1;1;0;1;2;-9,496026;-35,813142;"SPRF-AL";"DEL01-AL";"UOP01-DEL01-AL"
758211;2026-03-14;"sábado";"06:00:00";"SP";381;70;"ATIBAIA";"Ausência de reação do condutor";"Colisão traseira";"Com Vítimas Feridas";"Amanhecer";"Decrescente";"Céu Claro";"Múltipla";"Reta";"Não";2;0;1;0;0;1;1;2;-23,1907589;-46,5849326;"SPRF-SP";"DEL03/SP";"UOP01-DEL03-SP"
758212;2026-03-14;"sábado";"06:00:00";"PR";369;130;"IBIPORA";"Ingestão de álcool pelo condutor";"Colisão com objeto";"Com Vítimas Feridas";"Pleno dia";"Decrescente";"Céu Claro";"Dupla";"Curva";"Sim";1;0;0;1;0;0;1;1;-23,26182416;-50,99046707;"SPRF-PR";"DEL07/PR";"UOP01-DEL07-PR"
758213;2026-03-14;"sábado";"05:00:00";"PR";369;204;"APUCARANA";"Reação tardia ou ineficiente do condutor";"Colisão traseira";"Sem Vítimas";"Amanhecer";"Decrescente";"Céu Claro";"Simples";"Reta";"Sim";2;0;0;0;2;0;0;2;-23,54458281;-51,45373821;"SPRF-PR";"DEL07/PR";"UOP03-DEL07-PR"
758215;2026-03-14;"sábado";"06:06:00";"MG";381;517;"IGARAPE";"Ausência de reação do condutor";"Colisão com objeto";"Sem Vítimas";"Amanhecer";"Decrescente";"Céu Claro";"Dupla";"Curva";"Não";1;0;0;0;0;1;0;1;-20,10336933;-44,31886268;"SPRF-MG";"DEL01/MG";"UOP03-DEL01-MG"
758216;2026-03-14;"sábado";"06:15:00";"MG";381;489;"BETIM";"Ingestão de álcool pelo condutor";"Colisão com objeto";"Sem Vítimas";"Pleno dia";"Crescente";"Nublado";"Dupla";"Declive;Reta";"Sim";1;0;0;0;0;1;0;1;-19,9561921;-44,13449657;"SPRF-MG";"DEL01/MG";"UOP03-DEL01-MG"
758219;2026-03-13;"sexta-feira";"19:00:00";"RJ";493;102;"SEROPEDICA";"Iluminação deficiente";"Colisão traseira";"Com Vítimas Feridas";"Plena Noite";"Decrescente";"Garoa/Chuvisco";"Dupla";"Reta";"Não";2;0;1;0;1;0;1;2;-22,762561;-43,735695;"SPRF-RJ";"DEL01/RJ";"UOP03-DEL01-RJ"
758220;2026-03-13;"sexta-feira";"19:00:00";"SC";282;212,2;"LAGES";"Ingestão de álcool pelo condutor";"Colisão traseira";"Sem Vítimas";"Plena Noite";"Crescente";"Céu Claro";"Simples";"Reta";"Sim";3;0;0;0;3;0;0;2;-27,78364255;-50,25622694;"SPRF-SC";"DEL05/SC";"UOP01-DEL05-SC"
758222;2026-03-14;"sábado";"05:25:00";"PR";277;676;"MEDIANEIRA";"Manobra de mudança de faixa";"Colisão lateral mesmo sentido";"Sem Vítimas";"Amanhecer";"Decrescente";"Céu Claro";"Dupla";"Declive;Reta";"Sim";2;0;0;0;2;0;0;2;-25,291093;-54,107194;"SPRF-PR";"DEL05/PR";"UOP01-DEL05-PR"
758223;2026-03-14;"sábado";"04:20:00";"PR";369;420,8;"UBIRATA";"Velocidade Incompatível";"Colisão traseira";"Com Vítimas Fatais";"Plena Noite";"Crescente";"Céu Claro";"Simples";"Reta";"Não";3;1;1;0;1;0;1;3;-24,499318;-52,908361;"SPRF-PR";"DEL04/PR";"UOP03-DEL04-PR"
758224;2026-03-14;"sábado";"06:40:00";"CE";222;34;"CAUCAIA";"Pista Escorregadia";"Saída de leito carroçável";"Sem Vítimas";"Pleno dia";"Crescente";"Chuva";"Dupla";"Reta";"Não";1;0;0;0;1;0;0;1;-3,70510562;-38,84932391;"SPRF-CE";"DEL01/CE";"UOP01-DEL01-CE"