"id";"data_inversa";"dia_semana";"horario";"uf";"br";"km";"municipio";"causa_acidente";"tipo_acidente";"classificacao_acidente";"fase_dia";"sentido_via";"condicao_metereologica";"tipo_pista";"tracado_via";"uso_solo";"pessoas";"mortos";"feridos_leves";"feridos_graves";"ilesos";"ignorados";"feridos";"veiculos";"latitude";"longitude";"regional";"delegacia";"uop"
758225;2026-03-14;"sábado";"07:20:00";"SC";101;216,4;"PALHOCA";"Acumulo de óleo sobre o pavimento";"Tombamento";"Com Vítimas Feridas";"Pleno dia";"Crescente";"Sol";"Dupla";"Retorno Regulamentado;Viaduto";"Sim";1;0;1;0;0;0;1;1;-27,663158;-48,676065;"SPRF-SC";"DEL01/SC";"UOP02-DEL01-SC"
758226;2026-02-07;"sábado";"08:30:00";"MG";116;396;"GOVERNADOR VALADARES";"Ausência de reação do condutor";"Colisão traseira";"Com Vítimas Feridas";"Pleno dia";"Crescente";"Céu Claro";"Simples";"Reta";"Não";2;0;2;0;0;0;2;2;-18,738677;-41,98403;"SPRF-MG";"DEL06/MG";"UOP01-DEL06-MG"
758228;2026-02-18;"quarta-feira";"20:30:00";"SC";101;243,4;"PALHOCA";"Ausência de reação do condutor";"Colisão lateral mesmo sentido";"Com Vítimas Feridas";"Plena Noite";"Crescente";"Nublado";"Dupla";"Reta";"Sim";2;0;1;0;1;0;1;2;-27,887623;-48,647944;"SPRF-SC";"DEL01/SC";"UOP02-DEL01-SC"
758229;2026-03-14;"sábado";"03:50:00";"MT";163;875;"SINOP";"Ingestão de álcool pelo condutor";"Saída de leito carroçável";"Sem Vítimas";"Plena Noite";"Decrescente";"Nublado";"Simples";"Reta";"Não";1;0;0;0;1;0;0;1;-11,52523207;-55,38439751;"SPRF-MT";"DEL06/MT";"UOP02-DEL06-MT"
758230;2026-03-14;"sábado";"03:30:00";"BA";101;125;"SAO SEBASTIAO DO PASSE";"Ausência de reação do condutor";"Saída de leito carroçável";"Com Vítimas Feridas";"Plena Noite";"Crescente";"Nublado";"Simples";"Reta;Declive";"Não";5;0;3;0;2;0;3;1;-12,58301;-38,533431;"SPRF-BA";"DEL01/BA";"UOP04-DEL01-BA"
758232;2026-03-14;"sábado";"07:20:00";"MG";381;613;"OLIVEIRA";"Ausência de reação do condutor";"Saída de leito carroçável";"Com Vítimas Feridas";"Pleno dia";"Crescente";"Garoa/Chuvisco";"Dupla";"Declive;Curva";"Não";2;0;1;0;1;0;1;1;-20,69714009;-44,7486645;"SPRF-MG";"DEL04/MG";"UOP01-DEL04-MG"
758233;2026-03-13;"sexta-feira";"19:20:00";"RJ";116;120;"MAGE";"Animais na Pista";"Atropelamento de Animal";"Com Vítimas Feridas";"Plena Noite";"Crescente";"Chuva";"Dupla";"Curva";"Não";1;0;1;0;0;0;1;1;-22,61870342;-43,04236762;"SPRF-RJ";"DEL04/RJ";"UOP02-DEL04-RJ"
758234;2026-03-02;"segunda-feira";"14:30:00";"SC";101;425;"ARARANGUA";"Desrespeitar a preferência no cruzamento";"Colisão frontal";"Com Vítimas Feridas";"Pleno dia";"Crescente";"Céu Claro";"Simples";"Reta";"Não";2;0;0;1;1;0;1;2;-29,0292392;-49,6034532;"SPRF-SC";"DEL02/SC";"UOP02-DEL02-SC"
758235;2026-03-14;"sábado";"07:54:00";"PB";101;45;"MAMANGUAPE";"Manobra de mudança de faixa";"Colisão lateral mesmo sentido";"Com Vítimas Feridas";"Pleno dia";"Decrescente";"Céu Claro";"Dupla";"Reta";"Não";3;0;1;1;1;0;2;2;-6,8813817;-35,1311567;"SPRF-PB";"DEL01-PB";"UOP03-DEL01-PB"
758236;2026-03-14;"sábado";"05:32:00";"MA";135;179,1;"SAO MATEUS DO MARANHAO";"Entrada inopinada do pedestre";"Atropelamento de Pedestre";"Com Vítimas Feridas";"Plena Noite";"Crescente";"Ignorado";"Simples";"Reta";"Não";2;0;0;1;0;1;1;2;-4,0131944;-44,468333;"SPRF-MA";"DEL03-MA";"UOP01-DEL03-MA"
758237;2026-03-14;"sábado";"06:40:00";"ES";259;91;"BAIXO GUANDU";"Condutor Dormindo";"Colisão frontal";"Com Vítimas Feridas";"Pleno dia";"Crescente";"Céu Claro";"Simples";"Reta";"Não";3;0;1;2;0;0;3;2;-19,508385;-40,923229;"SPRF-ES";"DEL02-ES";"UOP01-DEL02-ES"
758239;2026-03-14;"sábado";"05:50:00";"GO";40;11;"LUZIANIA";"Reação tardia ou ineficiente do condutor";"Colisão com objeto";"Sem Vítimas";"Plena Noite";"Crescente";"Nublado";"Dupla";"Reta";"Sim";1;0;0;0;1;0;0;1;-16,139788;-47,950381;"SPRF-DF";"DEL01-DF";"UOP01-DEL01-DF"
758240;2026-03-14;"sábado";"07:00:00";"SC";101;134;"BALNEARIO CAMBORIU";"Condutor deixou de manter distância do veículo da frente";"Colisão lateral mesmo sentido";"Sem Vítimas";"Pleno dia";"Crescente";"Céu Claro";"Dupla";"Curva";"Sim";2;0;0;0;2;0;0;2;-27,00257439;-48,63629691;"SPRF-SC";"DEL04/SC";"UOP03-DEL04-SC"
758241;2026-03-14;"sábado";"08:05:00";"PE";232;408,6;"SERRA TALHADA";"Acessar a via sem observar a presença dos outros veículos";"Colisão transversal";"Com Vítimas Feridas";"Pleno dia";"Decrescente";"Céu Claro";"Simples";"Reta";"Não";3;0;2;0;1;0;2;2;-7,982727;-38,286698;"SPRF-PE";"DEL04/PE";"UOP01-DEL04-PE"
758242;2026-02-13;"sexta-feira";"14:00:00";"AP";210;0;"MACAPA";"Reação tardia ou ineficiente do condutor";"Queda de ocupante de veículo";"Com Vítimas Feridas";"Pleno dia";"Crescente";"Céu Claro";"Dupla";"Reta";"Sim";2;0;2;0;0;0;2;1;0,0777;-51,068;"SPRF-AP";"DEL01-AP";"UOP01-DEL01-AP"
758243;2026-03-14;"sábado";"08:37:00";"PE";428;188;"PETROLINA";"Ausência de reação do condutor";"Colisão traseira";"Com Vítimas Feridas";"Pleno dia";"Crescente";"Sol";"Dupla";"Reta";"Sim";2;0;1;0;0;1;1;2;-9,36609443;-40,48380945;"SPRF-PE";"DEL06/PE";"UOP01-DEL06-PE"
758245;2026-03-14;"sábado";"06:20:00";"PB";230;303,2;"SAO MAMEDE";"Pedestre cruzava a pista fora da faixa";"Atropelamento de Pedestre";"Com Vítimas Fatais";"Pleno dia";"Crescente";"Céu Claro";"Simples";"Reta";"Não";2;1;1;0;0;0;1;2;-6,915303;-37,0278837;"SPRF-PB";"DEL03-PB";"UOP01-DEL03-PB"
758246;2026-03-14;"sábado";"08:20:00";"MG";381;925;"ITAPEVA";"Reação tardia ou ineficiente do condutor";"Tombamento";"Com Vítimas Feridas";"Pleno dia";"Decrescente";"Céu Claro";"Múltipla";"Declive;Curva";"Não";1;0;1;0;0;0;1;1;-22,7685152;-46,20989941;"SPRF-MG";"DEL16/MG";"UOP03-DEL16-MG"
758247;2026-03-14;"sábado";"07:20:00";"MG";381;925;"ITAPEVA";"Reação tardia ou ineficiente do condutor";"Queda de ocupante de veículo";"Com Vítimas Feridas";"Pleno dia";"Decrescente";"Nublado";"Dupla";"Declive;Curva";"Não";1;0;1;0;0;0;1;1;-22,7700086;-46,20523453;"SPRF-MG";"DEL16/MG";"UOP03-DEL16-MG"
758249;2026-03-14;"sábado";"08:37:00";"PE";101;0,2;"GOIANA";"Reação tardia ou ineficiente do condutor";"Saída de leito carroçável";"Sem Vítimas";"Pleno dia";"Crescente";"Céu Claro";"Dupla";"Curva";"Não";1;0;0;0;0;1;0;1;-7,505;-34,986;"SPRF-PE";"DEL01/PE";"UOP02-DEL01-PE"
758250;2026-03-14;"sábado";"09:15:00";"PI";343;592,3;"FLORIANO";"Ausência de reação do condutor";"Tombamento";"Com Vítimas Feridas";"Pleno dia";"Crescente";"Nublado";"Simples";"Interseção de Vias";"Sim";2;0;1;0;1;0;1;1;-6,77769125;-43,03339273;"SPRF-PI";"DEL03-PI";"UOP01-DEL03-PI"
758251;2026-03-14;"sábado";"09:40:00";"MG";40;732,3;"OLIVEIRA FORTES";"Velocidade Incompatível";"Colisão com objeto";"Com Vítimas Feridas";"Pleno dia";"Decrescente";"Nublado";"Dupla";"Declive;Curva";"Não";3;0;0;1;2;0;1;1;-21,3456;-43,5824;"SPRF-MG";"DEL05/MG";"UOP01-DEL05-MG"
758253;2026-01-29;"quinta-feira";"17:25:00";"RJ";101;406;"ITAGUAI";"Acumulo de água sobre o pavimento";"Tombamento";"Com Vítimas Feridas";"Pleno dia";"Decrescente";"Chuva";"Simples";"Curva";"Não";1;0;1;0;0;0;1;1;-22,90179465;-43,86737823;"SPRF-RJ";"DEL03/RJ";"UOP01-DEL03-RJ"
758256;2026-03-14;"sábado";"09:30:00";"PR";376;178;"MARINGA";"Condutor deixou de manter distância do veículo da frente";"Colisão traseira";"Sem Vítimas";"Pleno dia";"Decrescente";"Céu Claro";"Dupla";"Reta";"Sim";2;0;0;0;2;0;0;2;-23,42148927;-51,90666072;"SPRF-PR";"DEL09/PR";"UOP01-DEL09-PR"
758257;2026-03-14;"sábado";"10:30:00";"GO";40;7;"VALPARAISO DE GOIAS";"Reação tardia ou ineficiente do condutor";"Queda de ocupante de veículo";"Com Vítimas Feridas";"Pleno dia";"Decrescente";"Chuva";"Dupla";"Reta";"Sim";1;0;1;0;0;0;1;1;-16,112594;-47,9697217;"SPRF-DF";"DEL01-DF";"UOP01-DEL01-DF"
758259;2026-03-14;"sábado";"10:20:00";"RJ";116;174;"SAO JOAO DE MERITI";"Reação tardia ou ineficiente do condutor";"Colisão traseira";"Com Vítimas Feridas";"Pleno dia";"Decrescente";"Céu Claro";"Múltipla";"Reta";"Sim";3;0;1;0;2;0;1;2;-22,8007131;-43,3532068;"SPRF-RJ";"DEL06/RJ";"UOP01-DEL06-RJ"
758260;2026-03-14;"sábado";"08:20:00";"RJ";101;406;"ITAGUAI";"Condutor deixou de manter distância do veículo da frente";"Colisão traseira";"Com Vítimas Feridas";"Pleno dia";"Decrescente";"Céu Claro";"Dupla";"Reta";"Sim";2;0;1;0;1;0;1;2;-22,87332829;-43,74137878;"SPRF-RJ";"DEL03/RJ";"UOP01-DEL03-RJ"
758263;2026-03-14;"sábado";"07:55:00";"RO";364;343;"JI-PARANA";"Condutor desrespeitou a iluminação vermelha do semáforo";"Colisão transversal";"Com Vítimas Feridas";"Pleno dia";"Decrescente";"Céu Claro";"Simples";"Reta";"Sim";3;0;0;1;2;0;1;2;-10,874317;-61,951757;"SPRF-RO";"DEL02-RO";"UOP01-DEL02-RO"
758264;2026-03-14;"sábado";"10:30:00";"SC";101;402;"MARACAJA";"Acessar a via sem observar a presença dos outros veículos";"Colisão transversal";"Com Vítimas Feridas";"Pleno dia";"Crescente";"Céu Claro";"Dupla";"Reta;Interseção de Vias";"Sim";5;0;1;0;4;0;1;2;-28,86593;-49,4484;"SPRF-SC";"DEL02/SC";"UOP02-DEL02-SC"
758265;2026-03-14;"sábado";"11:00:00";"RS";116;243;"SAO LEOPOLDO";"Ausência de reação do condutor";"Colisão com objeto";"Com Vítimas Feridas";"Pleno dia";"Crescente";"Céu Claro";"Dupla";"Reta;Viaduto";"Sim";3;0;1;0;2;0;1;2;-29,73058223;-51,149319;"SPRF-RS";"DEL01/RS";"UOP02-DEL01-RS"
758266;2026-03-14;"sábado";"10:55:00";"BA";101;933;"MUCURI";"Acessar a via sem observar a presença dos outros veículos";"Colisão transversal";"Com Vítimas Feridas";"Pleno dia";"Crescente";"Céu Claro";"Simples";"Reta";"Não";2;0;0;1;1;0;1;2;-17,988348;-39,859847;"SPRF-BA";"DEL09/BA";"UOP02-DEL09-BA"
758267;2026-03-14;"sábado";"10:00:00";"DF";70;10;"BRASILIA";"Reação tardia ou ineficiente do condutor";"Saída de leito carroçável";"Sem Vítimas";"Pleno dia";"Crescente";"Céu Claro";"Dupla";"Reta";"Sim";1;0;0;0;1;0;0;1;-15,78775699;-48,1430147;"SPRF-DF";"DEL03-DF";"UOP02-DEL03-DF"
758268;2026-03-14;"sábado";"09:09:00";"AC";364;124;"RIO BRANCO";"Acessar a via sem observar a presença dos outros veículos";"Colisão transversal";"Sem Vítimas";"Pleno dia";"Crescente";"Céu Claro";"Dupla";"Rotatória";"Sim";3;0;0;0;3;0;0;2;-10,01181738;-67,79848192;"SPRF-AC";"DEL01-AC";"UOP01-DEL01-AC"
758269;2026-03-14;"sábado";"10:00:00";"MA";222;674;"ACAILANDIA";"Ausência de reação do condutor";"Colisão transversal";"Com Vítimas Feridas";"Pleno dia";"Crescente";"Nublado";"Simples";"Curva";"Sim";2;0;1;0;1;0;1;2;-4,95657;-47,49573;"SPRF-MA";"DEL04-MA";"UOP03-DEL04-MA"
758270;2026-03-14;"sábado";"11:25:00";"MG";40;774;"JUIZ DE FORA";"Ausência de reação do condutor";"Queda de ocupante de veículo";"Com Vítimas Feridas";"Pleno dia";"Decrescente";"Nublado";"Simples";"Reta";"Não";1;0;1;0;0;0;1;1;-21,62943447;-43,44500249;"SPRF-MG";"DEL05/MG";"UOP01-DEL05-MG"
758271;2026-03-14;"sábado";"11:22:00";"ES";262;93,9;"DOMINGOS MARTINS";"Ausência de reação do condutor";"Colisão transversal";"Com Vítimas Feridas";"Pleno dia";"Crescente";"Céu Claro";"Simples";"Interseção de Vias";"Não";5;0;2;0;3;0;2;2;-20,373637;-41,05895;"SPRF-ES";"DEL01-ES";"UOP02-DEL01-ES"
758275;2026-03-14;"sábado";"12:00:00";"ES";101;16,4;"PEDRO CANARIO";"Condutor desrespeitou a iluminação vermelha do semáforo";"Colisão transversal";"Com Vítimas Feridas";"Pleno dia";"Crescente";"Sol";"Simples";"Rotatória";"Sim";3;0;1;0;2;0;1;3;-18,30057766;-39,95744471;"SPRF-ES";"DEL04-ES";"UOP02-DEL04-ES"
758276;2026-03-14;"sábado";"09:40:00";"RJ";101;123;"CAMPOS DOS GOYTACAZES";"Condutor deixou de manter distância do veículo da frente";"Colisão traseira";"Com Vítimas Feridas";"Pleno dia";"Crescente";"Nublado";"Dupla";"Reta";"Não";2;0;1;0;1;0;1;2;-22,049118;-41,68571;"SPRF-RJ";"DEL08/RJ";"UOP02-DEL08-RJ"
758277;2026-03-14;"sábado";"10:00:00";"RS";116;325;"BARRA DO RIBEIRO";"Acesso irregular";"Colisão traseira";"Com Vítimas Feridas";"Pleno dia";"Decrescente";"Céu Claro";"Dupla";"Reta";"Não";2;0;0;1;1;0;1;2;-30,3382;-51,426381;"SPRF-RS";"DEL02/RS";"UOP01-DEL02-RS"
758279;2026-03-14;"sábado";"12:05:00";"SC";101;141;"BALNEARIO CAMBORIU";"Ausência de reação do condutor";"Colisão com objeto";"Com Vítimas Feridas";"Pleno dia";"Decrescente";"Céu Claro";"Dupla";"Reta";"Sim";1;0;0;1;0;0;1;1;-27,05711217;-48,59783873;"SPRF-SC";"DEL04/SC";"UOP03-DEL04-SC"
758280;2026-03-14;"sábado";"11:58:00";"ES";101;141,7;"LINHARES";"Condutor desrespeitou a iluminação vermelha do semáforo";"Colisão transversal";"Com Vítimas Feridas";"Pleno dia";"Crescente";"Sol";"Dupla";"Reta;Retorno Regulamentado";"Sim";3;0;2;0;1;0;2;2;-19,3330169;-40,06826369;"SPRF-ES";"DEL04-ES";"UOP01-DEL04-ES"
758281;2026-03-14;"sábado";"11:10:00";"MT";163;725;"SORRISO";"Manobra de mudança de faixa";"Colisão lateral mesmo sentido";"Com Vítimas Feridas";"Pleno dia";"Decrescente";"Nublado";"Simples";"Reta";"Não";3;0;1;0;2;0;1;2;-12,77375711;-55,83646775;"SPRF-MT";"DEL06/MT";"UOP01-DEL06-MT"
758282;2026-03-14;"sábado";"12:30:00";"PE";232;60,6;"POMBOS";"Velocidade Incompatível";"Saída de leito carroçável";"Com Vítimas Feridas";"Pleno dia";"Crescente";"Céu Claro";"Dupla";"Declive;Curva";"Não";1;0;0;1;0;0;1;1;-8,150915;-35,41226;"SPRF-PE";"DEL02/PE";"UOP02-DEL02PE"
758283;2026-03-14;"sábado";"13:00:00";"BA";324;517,9;"FEIRA DE SANTANA";"Ultrapassagem Indevida";"Colisão transversal";"Com Vítimas Feridas";"Pleno dia";"Crescente";"Sol";"Simples";"Reta";"Sim";2;0;1;0;1;0;1;2;-12,25941;-38,93223;"SPRF-BA";"DEL02/BA";"UOP01-DEL02-BA"
758285;2026-03-14;"sábado";"12:45:00";"SP";116;148;"SAO JOSE DOS CAMPOS";"Ausência de reação do condutor";"Colisão traseira";"Com Vítimas Feridas";"Pleno dia";"Crescente";"Céu Claro";"Dupla";"Reta";"Sim";1;0;0;1;0;0;1;1;-23,19799836;-45,87593629;"SPRF-SP";"DEL02/SP";"UOP01-DEL02-SP"
758286;2026-03-14;"sábado";"09:15:00";"MG";116;276,9;"TEOFILO OTONI";"Condutor deixou de manter distância do veículo da frente";"Colisão traseira";"Com Vítimas Feridas";"Pleno dia";"Decrescente";"Céu Claro";"Simples";"Reta";"Sim";3;0;1;0;2;0;1;2;-17,859144;-41,515128;"SPRF-MG";"DEL11/MG";"UOP01-DEL11-MG"
758287;2026-03-14;"sábado";"13:11:00";"PE";232;59,7;"POMBOS";"Ausência de reação do condutor";"Colisão traseira";"Sem Vítimas";"Pleno dia";"Crescente";"Céu Claro";"Dupla";"Reta";"Sim";2;0;0;0;1;1;0;2;-8,14764226;-35,4072375;"SPRF-PE";"DEL02/PE";"UOP02-DEL02PE"
758289;2026-03-14;"sábado";"09:30:00";"MA";402;118;"HUMBERTO DE CAMPOS";"Ausência de reação do condutor";"Engavetamento";"Sem Vítimas";"Pleno dia";"Decrescente";"Sol";"Simples";"Reta";"Não";2;0;0;0;2;0;0;2;-2,72503252;-43,46463114;"SPRF-MA";"DEL01-MA";"UOP01-DEL01-MA"
758290;2026-03-14;"sábado";"06:40:00";"MT";163;606,9;"NOVA MUTUM";"Acesso irregular";"Colisão transversal";"Com Vítimas Fatais";"Pleno dia";"Crescente";"Nublado";"Dupla";"Reta";"Sim";2;1;0;0;1;0;0;2;-13,74563811;-56,05165601;"SPRF-MT";"DEL01/MT";"UOP01-DEL01-MT"
758291;2026-03-14;"sábado";"13:00:00";"RS";116;342;"BARRA DO RIBEIRO";"Condutor usando celular";"Capotamento";"Com Vítimas Feridas";"Pleno dia";"Crescente";"Céu Claro";"Dupla";"Curva";"Não";4;0;3;0;1;0;3;1;-30,46238869;-51,49371588;"SPRF-RS";"DEL02/RS";"UOP02-DEL02-RS"
758292;2026-03-14;"sábado";"11:20:00";"MG";116;277,9;"TEOFILO OTONI";"Reação tardia ou ineficiente do condutor";"Colisão traseira";"Com Vítimas Feridas";"Pleno dia";"Crescente";"Nublado";"Simples";"Reta";"Sim";2;0;1;0;1;0;1;2;-17,868321;-41,51716;"SPRF-MG";"DEL11/MG";"UOP01-DEL11-MG"
758293;2026-03-14;"sábado";"13:10:00";"MA";10;253;"IMPERATRIZ";"Desrespeitar a preferência no cruzamento";"Colisão transversal";"Com Vítimas Feridas";"Pleno dia";"Decrescente";"Céu Claro";"Simples";"Interseção de Vias";"Sim";2;0;1;0;1;0;1;2;-5,52432;-47,47157;"SPRF-MA";"DEL04-MA";"UOP01-DEL04-MA"
758294;2026-03-14;"sábado";"14:13:00";"GO";40;9;"LUZIANIA";"Acessar a via sem observar a presença dos outros veículos";"Colisão lateral mesmo sentido";"Sem Vítimas";"Pleno dia";"Crescente";"Céu Claro";"Dupla";"Interseção de Vias;Retorno Regulamentado;Reta";"Sim";2;0;0;0;2;0;0;2;-16,131617;-47,95773;"SPRF-DF";"DEL01-DF";"UOP01-DEL01-DF"
758295;2026-03-14;"sábado";"10:10:00";"MT";364;77,8;"ALTO GARCAS";"Reação tardia ou ineficiente do condutor";"Saída de leito carroçável";"Com Vítimas Feridas";"Pleno dia";"Crescente";"Chuva";"Simples";"Declive;Curva";"Não";3;0;3;0;0;0;3;1;-16,874427;-53,684489;"SPRF-MT";"DEL02/MT";"UOP02-DEL02-MT"
758296;2026-03-14;"sábado";"14:33:00";"PE";101;70;"RECIFE";"Entrada inopinada do pedestre";"Atropelamento de Pedestre";"Com Vítimas Feridas";"Pleno dia";"Crescente";"Céu Claro";"Dupla";"Reta";"Não";3;0;0;1;2;0;1;3;-8,0702498;-34,93973032;"SPRF-PE";"DEL01/PE";"UOP01-DEL01-PE"
758297;2026-03-14;"sábado";"13:55:00";"RS";116;150,6;"CAXIAS DO SUL";"Manobra de mudança de faixa";"Colisão lateral mesmo sentido";"Com Vítimas Feridas";"Pleno dia";"Decrescente";"Céu Claro";"Múltipla";"Aclive;Reta";"Sim";2;0;1;0;0;1;1;2;-29,174062;-51,160995;"SPRF-RS";"DEL05/RS";"UOP01-DEL05-RS"
758300;2026-03-14;"sábado";"13:30:00";"GO";452;24;"RIO VERDE";"Ultrapassagem Indevida";"Colisão transversal";"Com Vítimas Fatais";"Pleno dia";"Decrescente";"Nublado";"Simples";"Reta";"Não";4;1;0;2;1;0;2;2;-17,8862859;-50,6810072;"SPRF-GO";"DEL04/GO";"UOP01-DEL04-GO"
758301;2026-03-14;"sábado";"13:05:00";"RO";364;521;"ARIQUEMES";"Reação tardia ou ineficiente do condutor";"Colisão traseira";"Com Vítimas Feridas";"Pleno dia";"Decrescente";"Céu Claro";"Simples";"Reta";"Não";3;0;1;0;2;0;1;2;-9,859772;-63,058458;"SPRF-RO";"DEL03-RO";"UOP01-DEL03-RO"
758303;2026-03-14;"sábado";"15:00:00";"SP";116;84;"PINDAMONHANGABA";"Ausência de reação do condutor";"Tombamento";"Com Vítimas Feridas";"Pleno dia";"Crescente";"Sol";"Dupla";"Em Obras;Reta";"Não";1;0;1;0;0;0;1;1;-22,91840827;-45,33752333;"SPRF-SP";"DEL08/SP";"UOP01-DEL08-SP"
758304;2026-03-14;"sábado";"14:30:00";"PI";343;306;"ALTOS";"Ausência de reação do condutor";"Colisão lateral mesmo sentido";"Com Vítimas Feridas";"Pleno dia";"Decrescente";"Céu Claro";"Simples";"Curva";"Sim";2;0;1;0;1;0;1;2;-5,038613;-42,450663;"SPRF-PI";"DEL01-PI";"UOP01-DEL01-PI"
758306;2026-03-14;"sábado";"13:30:00";"PR";153;105;"IBAITI";"Ultrapassagem Indevida";"Colisão frontal";"Com Vítimas Feridas";"Pleno dia";"Crescente";"Céu Claro";"Simples";"Reta";"Sim";5;0;3;2;0;0;5;2;-23,818994;-50,181725;"SPRF-PR";"DEL07/PR";"UOP04-DEL07-PR"
758307;2026-03-14;"sábado";"14:40:00";"GO";20;73;"FORMOSA";"Condutor Dormindo";"Saída de leito carroçável";"Com Vítimas Feridas";"Pleno dia";"Crescente";"Céu Claro";"Simples";"Interseção de Vias";"Não";1;0;1;0;0;0;1;1;-15,149199;-47,135487;"SPRF-DF";"DEL02-DF";"UOP02-DEL02-DF"
758309;2026-03-14;"sábado";"15:15:00";"SC";101;124,6;"ITAJAI";"Ausência de reação do condutor";"Engavetamento";"Com Vítimas Feridas";"Pleno dia";"Crescente";"Céu Claro";"Dupla";"Reta";"Não";4;0;1;0;3;0;1;4;-26,94693181;-48,68531764;"SPRF-SC";"DEL04/SC";"UOP04-DEL04-SC"
758310;2026-03-14;"sábado";"08:50:00";"SC";470;58;"BLUMENAU";"Conversão proibida";"Colisão transversal";"Sem Vítimas";"Pleno dia";"Decrescente";"Céu Claro";"Simples";"Reta";"Sim";2;0;0;0;2;0;0;2;-26,88419056;-49,150526;"SPRF-SC";"DEL04/SC";"UOP01-DEL04-SC"
758311;2026-03-14;"sábado";"16:27:00";"ES";101;297,6;"VIANA";"Manobra de mudança de faixa";"Colisão lateral mesmo sentido";"Com Vítimas Feridas";"Pleno dia";"Crescente";"Chuva";"Dupla";"Reta";"Sim";2;0;1;0;1;0;1;2;-20,350672;-40,413215;"SPRF-ES";"DEL01-ES";"UOP01-DEL01-ES"
758312;2026-03-14;"sábado";"16:02:00";"PR";277;730;"FOZ DO IGUACU";"Área urbana sem a presença de local apropriado para a travessia de pedestres";"Atropelamento de Pedestre";"Com Vítimas Feridas";"Pleno dia";"Crescente";"Céu Claro";"Dupla";"Reta";"Sim";2;0;1;0;1;0;1;2;-25,5091561;-54,59369302;"SPRF-PR";"DEL05/PR";"UOP03-DEL05-PR"
758313;2026-03-14;"sábado";"16:30:00";"PE";408;71,5;"PAUDALHO";"Condutor deixou de manter distância do veículo da frente";"Colisão lateral mesmo sentido";"Com Vítimas Feridas";"Pleno dia";"Crescente";"Céu Claro";"Dupla";"Reta";"Sim";3;0;1;1;0;1;2;2;-7,92428032;-35,15407054;"SPRF-PE";"DEL01/PE";"UOP01-DEL01-PE"
758314;2026-03-14;"sábado";"15:00:00";"RN";226;198,3;"SAO VICENTE";"Ingestão de álcool pelo condutor";"Colisão frontal";"Com Vítimas Feridas";"Pleno dia";"Decrescente";"Céu Claro";"Simples";"Reta";"Sim";4;0;1;0;3;0;1;2;-6,22104796;-36,68056206;"SPRF-RN";"DEL03-RN";"UOP02-DEL03-RN"
758317;2026-03-14;"sábado";"16:00:00";"SC";280;53,9;"GUARAMIRIM";"Acessar a via sem observar a presença dos outros veículos";"Atropelamento de Pedestre";"Com Vítimas Fatais";"Pleno dia";"Decrescente";"Céu Claro";"Dupla";"Curva";"Sim";4;2;0;1;1;0;1;2;-26,4751655;-48,9816526;"SPRF-SC";"DEL03/SC";"UOP03-DEL03-SC"
758318;2026-03-14;"sábado";"16:10:00";"SE";235;8;"NOSSA SENHORA DO SOCORRO";"Ingestão de álcool pelo condutor";"Colisão com objeto";"Com Vítimas Feridas";"Pleno dia";"Decrescente";"Céu Claro";"Simples";"Curva";"Não";1;0;1;0;0;0;1;1;-10,88506711;-37,13479254;"SPRF-SE";"DEL01-SE";"UOP01-DEL01-SE"
758319;2026-03-14;"sábado";"16:20:00";"PR";116;105,9;"SAO JOSE DOS PINHAIS";"Demais falhas mecânicas ou elétricas";"Incêndio";"Sem Vítimas";"Pleno dia";"Decrescente";"Céu Claro";"Dupla";"Reta";"Não";1;0;0;0;0;1;0;1;-25,570279;-49,217967;"SPRF-PR";"DEL01/PR";"UOP03-DEL01-PR"
758320;2026-03-14;"sábado";"16:30:00";"RS";472;179,7;"SANTA ROSA";"Acessar a via sem observar a presença dos outros veículos";"Colisão transversal";"Com Vítimas Feridas";"Pleno dia";"Decrescente";"Céu Claro";"Simples";"Aclive";"Não";2;0;2;0;0;0;2;2;-27,84423696;-54,55879211;"SPRF-RS";"DEL10/RS";"UOP01-DEL10-RS"
758322;2026-03-14;"sábado";"16:00:00";"PR";153;351;"REBOUCAS";"Condutor Dormindo";"Saída de leito carroçável";"Com Vítimas Feridas";"Pleno dia";"Decrescente";"Céu Claro";"Simples";"Reta";"Não";1;0;1;0;0;0;1;1;-25,62544144;-50,71434682;"SPRF-PR";"DEL08/PR";"UOP02-DEL08-PR"
758323;2026-03-14;"sábado";"15:30:00";"SP";116;333;"JUQUITIBA";"Ingestão de álcool pelo condutor";"Saída de leito carroçável";"Com Vítimas Feridas";"Pleno dia";"Crescente";"Céu Claro";"Dupla";"Reta";"Não";5;0;2;0;3;0;2;1;-23,9625008;-47,1225121;"SPRF-SP";"DEL04/SP";"UOP03-DEL04-SP"
758324;2026-03-14;"sábado";"17:13:00";"ES";101;98,4;"JAGUARE";"Avarias e/ou desgaste excessivo no pneu";"Queda de ocupante de veículo";"Com Vítimas Feridas";"Pleno dia";"Decrescente";"Nublado";"Simples";"Reta";"Não";2;0;2;0;0;0;2;1;-18,966916;-39,989009;"SPRF-ES";"DEL04-ES";"UOP02-DEL04-ES"
758325;2026-03-14;"sábado";"16:00:00";"MS";163;276;"DOURADOS";"Ausência de reação do condutor";"Capotamento";"Com Vítimas Feridas";"Pleno dia";"Crescente";"Céu Claro";"Dupla";"Reta";"Não";1;0;0;1;0;0;1;1;-22,16395039;-54,65043515;"SPRF-MS";"DEL04/MS";"UOP01-DEL04-MS"