"id";"data_inversa";"dia_semana";"horario";"uf";"br";"km";"municipio";"causa_acidente";"tipo_acidente";"classificacao_acidente";"fase_dia";"sentido_via";"condicao_metereologica";"tipo_pista";"tracado_via";"uso_solo";"pessoas";"mortos";"feridos_leves";"feridos_graves";"ilesos";"ignorados";"feridos";"veiculos";"latitude";"longitude";"regional";"delegacia";"uop"
758440;2026-03-15;"domingo";"04:20:00";"GO";153;292;"RIALMA";"Ingestão de álcool pelo condutor";"Saída de leito carroçável";"Sem Vítimas";"Plena Noite";"Decrescente";"Garoa/Chuvisco";"Simples";"Reta";"Não";1;0;0;0;1;0;0;1;-15,20099731;-49,54486638;"SPRF-GO";"DEL02/GO";"UOP02-DEL02-GO"
758441;2026-03-14;"sábado";"23:10:00";"SC";101;155;"PORTO BELO";"Velocidade Incompatível";"Saída de leito carroçável";"Sem Vítimas";"Plena Noite";"Decrescente";"Céu Claro";"Simples";"Reta";"Sim";1;0;0;0;0;1;0;1;-27,16743975;-48,61121893;"SPRF-SC";"DEL04/SC";"UOP03-DEL04-SC"
758442;2026-03-15;"domingo";"05:10:00";"SC";101;151;"ITAPEMA";"Condutor Dormindo";"Colisão com objeto";"Sem Vítimas";"Amanhecer";"Crescente";"Céu Claro";"Simples";"Reta;Interseção de Vias";"Sim";1;0;0;0;1;0;0;1;-27,13116215;-48,60991001;"SPRF-SC";"DEL04/SC";"UOP03-DEL04-SC"
758445;2026-03-15;"domingo";"05:45:00";"MG";365;675,7;"MONTE ALEGRE DE MINAS";"Velocidade Incompatível";"Saída de leito carroçável";"Com Vítimas Fatais";"Amanhecer";"Decrescente";"Céu Claro";"Dupla";"Reta;Declive";"Não";3;1;0;2;0;0;2;1;-18,854042;-48,779015;"SPRF-MG";"DEL15/MG";"UOP01-DEL15-MG"
758447;2026-03-15;"domingo";"05:54:00";"PR";376;310;"MAUA DA SERRA";"Reação tardia ou ineficiente do condutor";"Colisão com objeto";"Com Vítimas Feridas";"Amanhecer";"Decrescente";"Céu Claro";"Dupla";"Aclive;Curva";"Não";1;0;1;0;0;0;1;1;-23,91973308;-51,17740424;"SPRF-PR";"DEL07/PR";"UOP02-DEL07-PR"
758450;2026-03-15;"domingo";"06:30:00";"RJ";101;265;"RIO BONITO";"Reação tardia ou ineficiente do condutor";"Queda de ocupante de veículo";"Com Vítimas Fatais";"Pleno dia";"Decrescente";"Céu Claro";"Simples";"Viaduto";"Sim";2;1;1;0;0;0;1;1;-22,709067;-42,651038;"SPRF-RJ";"DEL02/RJ";"UOP03-DEL02-RJ"
758451;2026-03-15;"domingo";"05:50:00";"RJ";40;107;"DUQUE DE CAXIAS";"Ingestão de álcool pelo condutor";"Queda de ocupante de veículo";"Com Vítimas Feridas";"Pleno dia";"Decrescente";"Céu Claro";"Dupla";"Reta";"Sim";2;0;2;0;0;0;2;1;-22,6556794;-43,2836397;"SPRF-RJ";"DEL01/RJ";"UOP02-DEL01-RJ"
758452;2026-03-15;"domingo";"04:30:00";"MG";116;761,3;"LEOPOLDINA";"Ingestão de álcool pelo condutor";"Saída de leito carroçável";"Com Vítimas Feridas";"Plena Noite";"Decrescente";"Nublado";"Simples";"Reta";"Sim";2;0;0;2;0;0;2;1;-21,521771;-42,617559;"SPRF-MG";"DEL07/MG";"UOP01-DEL07-MG"
758453;2026-03-14;"sábado";"22:30:00";"MG";40;0;"PARACATU";"Reação tardia ou ineficiente do condutor";"Colisão com objeto";"Com Vítimas Feridas";"Plena Noite";"Decrescente";"Nublado";"Simples";"Curva";"Não";2;0;2;0;0;0;2;1;-17,03455896;-47,16102661;"SPRF-MG";"DEL14/MG";"UOP01-DEL14-MG"
758454;2026-03-15;"domingo";"06:50:00";"MG";381;892;"CAMBUI";"Velocidade Incompatível";"Saída de leito carroçável";"Com Vítimas Feridas";"Amanhecer";"Decrescente";"Céu Claro";"Dupla";"Reta;Declive";"Não";2;0;1;1;0;0;2;1;-22,5588428;-46,04020491;"SPRF-MG";"DEL16/MG";"UOP01-DEL16-MG"
758455;2026-03-15;"domingo";"06:05:00";"MS";376;99;"IVINHEMA";"Acessar a via sem observar a presença dos outros veículos";"Colisão traseira";"Com Vítimas Feridas";"Pleno dia";"Decrescente";"Céu Claro";"Simples";"Reta";"Não";6;0;3;0;3;0;3;2;-22,30116737;-53,98681641;"SPRF-MS";"DEL04/MS";"UOP04-DEL04-MS"
758456;2026-03-15;"domingo";"05:30:00";"RJ";40;113;"DUQUE DE CAXIAS";"Reação tardia ou ineficiente do condutor";"Saída de leito carroçável";"Sem Vítimas";"Pleno dia";"Decrescente";"Céu Claro";"Simples";"Curva";"Sim";1;0;0;0;0;1;0;1;-22,7110039;-43,2887926;"SPRF-RJ";"DEL01/RJ";"UOP02-DEL01-RJ"
758457;2026-03-15;"domingo";"06:20:00";"AL";101;166;"CAMPO ALEGRE";"Desrespeitar a preferência no cruzamento";"Colisão transversal";"Com Vítimas Feridas";"Pleno dia";"Crescente";"Céu Claro";"Dupla";"Reta";"Não";2;0;0;1;0;1;1;2;-9,8998883;-36,274445;"SPRF-AL";"DEL02-AL";"UOP02-DEL02-AL"
758460;2026-03-15;"domingo";"07:00:00";"SP";381;76;"SAO PAULO";"Demais Fenômenos da natureza";"Colisão traseira";"Com Vítimas Feridas";"Pleno dia";"Decrescente";"Sol";"Dupla";"Reta;Aclive";"Não";2;0;1;0;1;0;1;2;-23,38638961;-46,56697333;"SPRF-SP";"DEL03/SP";"UOP01-DEL03-SP"
758461;2026-03-15;"domingo";"07:20:00";"RS";116;152,1;"CAXIAS DO SUL";"Condutor Dormindo";"Colisão com objeto";"Sem Vítimas";"Amanhecer";"Decrescente";"Céu Claro";"Dupla";"Curva";"Sim";1;0;0;0;1;0;0;1;-29,183995;-51,170348;"SPRF-RS";"DEL05/RS";"UOP01-DEL05-RS"
758463;2026-03-15;"domingo";"07:20:00";"PB";101;103;"ALHANDRA";"Animais na Pista";"Atropelamento de Animal";"Com Vítimas Feridas";"Pleno dia";"Decrescente";"Céu Claro";"Dupla";"Reta";"Não";1;0;1;0;0;0;1;1;-7,29137;-34,937975;"SPRF-PB";"DEL01-PB";"UOP01-DEL01-PB"
758465;2026-03-15;"domingo";"05:00:00";"BA";242;856;"BARREIRAS";"Transitar na contramão";"Colisão lateral sentido oposto";"Com Vítimas Feridas";"Amanhecer";"Decrescente";"Céu Claro";"Simples";"Reta";"Não";3;0;2;0;1;0;2;2;-12,106936;-45,306374;"SPRF-BA";"DEL10/BA";"UOP01-DEL10-BA"
758466;2026-03-15;"domingo";"06:30:00";"RS";468;117,4;"PALMEIRA DAS MISSOES";"Ingestão de álcool pelo condutor";"Saída de leito carroçável";"Com Vítimas Feridas";"Amanhecer";"Crescente";"Céu Claro";"Simples";"Reta";"Não";1;0;1;0;0;0;1;1;-27,79972333;-53,42631443;"SPRF-RS";"DEL08/RS";"UOP02-DEL08-RS"
758467;2026-03-14;"sábado";"22:30:00";"RO";435;35;"VILHENA";"Demais falhas na via";"Queda de ocupante de veículo";"Com Vítimas Feridas";"Plena Noite";"Crescente";"Nublado";"Simples";"Declive";"Não";1;0;0;1;0;0;1;1;-12,85332;-60,37786;"SPRF-RO";"DEL04-RO";"UOP02-DEL04-RO"
758468;2026-01-22;"quinta-feira";"18:30:00";"AL";316;226;"ATALAIA";"Velocidade Incompatível";"Colisão lateral sentido oposto";"Com Vítimas Fatais";"Plena Noite";"Crescente";"Céu Claro";"Simples";"Reta";"Não";7;1;0;2;0;4;2;3;-9,492595;-36,142168;"SPRF-AL";"DEL01-AL";"UOP01-DEL01-AL"
758469;2026-03-15;"domingo";"06:30:00";"PR";369;148,1;"LONDRINA";"Condutor desrespeitou a iluminação vermelha do semáforo";"Colisão transversal";"Com Vítimas Feridas";"Amanhecer";"Decrescente";"Céu Claro";"Dupla";"Interseção de Vias;Aclive;Reta";"Sim";3;0;1;0;2;0;1;2;-23,29303895;-51,14309549;"SPRF-PR";"DEL07/PR";"UOP01-DEL07-PR"
758470;2026-03-15;"domingo";"07:45:00";"MG";381;701;"LAVRAS";"Condutor Dormindo";"Saída de leito carroçável";"Com Vítimas Feridas";"Pleno dia";"Crescente";"Céu Claro";"Dupla";"Aclive;Curva";"Não";2;0;2;0;0;0;2;1;-21,29156;-45,148376;"SPRF-MG";"DEL04/MG";"UOP02-DEL04-MG"
758471;2026-03-15;"domingo";"07:47:00";"RN";101;55,4;"CEARA-MIRIM";"Avarias e/ou desgaste excessivo no pneu";"Tombamento";"Com Vítimas Feridas";"Pleno dia";"Decrescente";"Céu Claro";"Simples";"Reta";"Não";2;0;1;1;0;0;2;1;-5,570325;-35,292045;"SPRF-RN";"DEL02-RN";"UOP01-DEL02-RN"
758472;2026-03-15;"domingo";"08:04:00";"GO";60;135,1;"GOIANIA";"Mal súbito do condutor";"Saída de leito carroçável";"Com Vítimas Feridas";"Pleno dia";"Crescente";"Céu Claro";"Dupla";"Declive;Reta";"Não";2;0;2;0;0;0;2;1;-16,59605555;-49,1960907;"SPRF-GO";"DEL01/GO";"UOP01-DEL01-GO"
758474;2026-03-15;"domingo";"06:00:00";"PR";373;251,9;"GUAMIRANGA";"Condutor Dormindo";"Saída de leito carroçável";"Com Vítimas Feridas";"Pleno dia";"Crescente";"Sol";"Simples";"Declive;Reta";"Não";4;0;1;1;2;0;2;1;-25,188333;-50,8719444;"SPRF-PR";"DEL03/PR";"UOP01-DEL03-PR"
758475;2026-03-14;"sábado";"21:30:00";"RJ";465;13;"SEROPEDICA";"Acumulo de areia ou detritos sobre o pavimento";"Colisão frontal";"Sem Vítimas";"Plena Noite";"Crescente";"Céu Claro";"Simples";"Reta";"Sim";2;0;0;0;2;0;0;2;-22,7162094;-43,716695;"SPRF-RJ";"DEL06/RJ";"UOP02-DEL06-RJ"
758477;2026-03-15;"domingo";"08:45:00";"MG";381;486;"BETIM";"Demais falhas na via";"Queda de ocupante de veículo";"Com Vítimas Feridas";"Pleno dia";"Decrescente";"Céu Claro";"Dupla";"Reta";"Não";1;0;1;0;0;0;1;1;-19,9560647;-44,10874486;"SPRF-MG";"DEL01/MG";"UOP03-DEL01-MG"
758480;2026-03-15;"domingo";"07:40:00";"RO";364;710;"PORTO VELHO";"Acessar a via sem observar a presença dos outros veículos";"Colisão transversal";"Com Vítimas Feridas";"Pleno dia";"Crescente";"Nublado";"Dupla";"Curva;Interseção de Vias";"Sim";2;0;1;0;1;0;1;2;-8,784397;-63,8596;"SPRF-RO";"DEL01-RO";"UOP01-DEL01-RO"
758483;2026-03-15;"domingo";"09:10:00";"RJ";116;93;"TERESOPOLIS";"Ultrapassagem Indevida";"Colisão lateral mesmo sentido";"Com Vítimas Feridas";"Pleno dia";"Decrescente";"Céu Claro";"Simples";"Reta";"Sim";3;0;2;0;1;0;2;2;-22,46054733;-42,98781602;"SPRF-RJ";"DEL04/RJ";"UOP01-DEL04-RJ"
758484;2026-03-15;"domingo";"08:55:00";"MG";381;829,1;"SAO SEBASTIAO DA BELA VISTA";"Afundamento ou ondulação no pavimento";"Tombamento";"Com Vítimas Feridas";"Pleno dia";"Decrescente";"Sol";"Dupla";"Reta";"Não";1;0;1;0;0;0;1;1;-22,11822;-45,755834;"SPRF-MG";"DEL16/MG";"UOP01-DEL16-MG"
758485;2026-03-15;"domingo";"07:00:00";"SC";101;102,6;"BALNEARIO PICARRAS";"Velocidade Incompatível";"Colisão traseira";"Com Vítimas Feridas";"Amanhecer";"Crescente";"Céu Claro";"Simples";"Reta;Interseção de Vias";"Sim";4;0;1;0;2;1;1;2;-26,780926;-48,684197;"SPRF-SC";"DEL03/SC";"UOP02-DEL03-SC"
758487;2026-03-15;"domingo";"05:00:00";"RS";158;271;"JULIO DE CASTILHOS";"Ausência de reação do condutor";"Saída de leito carroçável";"Sem Vítimas";"Amanhecer";"Crescente";"Céu Claro";"Simples";"Curva";"Não";1;0;0;0;0;1;0;1;-29,28795048;-53,66799228;"SPRF-RS";"DEL09/RS";"UOP01-DEL09-RS"
758488;2026-03-15;"domingo";"06:50:00";"AC";364;128;"RIO BRANCO";"Condutor deixou de manter distância do veículo da frente";"Colisão traseira";"Com Vítimas Feridas";"Pleno dia";"Crescente";"Céu Claro";"Simples";"Curva";"Sim";2;0;2;0;0;0;2;2;-10,028792;-67,825773;"SPRF-AC";"DEL01-AC";"UOP01-DEL01-AC"
758489;2026-01-22;"quinta-feira";"16:00:00";"PR";376;605;"CURITIBA";"Trafegar com motocicleta (ou similar) entre as faixas";"Colisão traseira";"Com Vítimas Feridas";"Pleno dia";"Decrescente";"Céu Claro";"Dupla";"Reta";"Não";2;0;1;0;1;0;1;2;-25,53755677;-49,31365427;"SPRF-PR";"DEL01/PR";"UOP03-DEL01-PR"
758490;2026-03-15;"domingo";"09:00:00";"RS";101;2;"MAQUINE";"Acessar a via sem observar a presença dos outros veículos";"Colisão transversal";"Com Vítimas Feridas";"Pleno dia";"Decrescente";"Céu Claro";"Simples";"Reta";"Não";2;0;1;0;1;0;1;2;-29,696332;-50,189588;"SPRF-RS";"DEL03/RS";"UOP01-DEL03-RS"
758492;2026-03-15;"domingo";"09:30:00";"RJ";101;257;"RIO BONITO";"Avarias e/ou desgaste excessivo no pneu";"Tombamento";"Com Vítimas Feridas";"Pleno dia";"Crescente";"Céu Claro";"Dupla";"Reta";"Não";2;0;2;0;0;0;2;1;-22,71545302;-42,67951563;"SPRF-RJ";"DEL02/RJ";"UOP03-DEL02-RJ"
758494;2026-03-15;"domingo";"04:00:00";"AL";101;195;"SAO SEBASTIAO";"Ingestão de álcool pelo condutor";"Queda de ocupante de veículo";"Com Vítimas Fatais";"Amanhecer";"Crescente";"Céu Claro";"Dupla";"Reta";"Não";1;1;0;0;0;0;0;1;-9,9345442;-36,4988809;"SPRF-AL";"DEL02-AL";"UOP02-DEL02-AL"
758495;2026-03-15;"domingo";"08:00:00";"SC";280;274,1;"IRINEOPOLIS";"Reação tardia ou ineficiente do condutor";"Queda de ocupante de veículo";"Com Vítimas Feridas";"Pleno dia";"Decrescente";"Céu Claro";"Simples";"Reta;Aclive";"Não";1;0;0;1;0;0;1;1;-26,283618;-50,774502;"SPRF-SC";"DEL06/SC";"UOP04-DEL06-SC"
758496;2026-03-15;"domingo";"08:35:00";"MS";158;259;"TRES LAGOAS";"Reação tardia ou ineficiente do condutor";"Colisão traseira";"Com Vítimas Feridas";"Pleno dia";"Decrescente";"Céu Claro";"Simples";"Reta";"Não";6;0;2;0;4;0;2;2;-20,7130026;-51,75180523;"SPRF-MS";"DEL07/MS";"UOP01-DEL07-MS"
758499;2026-03-15;"domingo";"08:05:00";"RJ";101;331;"RIO DE JANEIRO";"Demais falhas mecânicas ou elétricas";"Tombamento";"Com Vítimas Feridas";"Pleno dia";"Decrescente";"Céu Claro";"Múltipla";"Reta";"Sim";2;0;1;0;1;0;1;1;-22,87375796;-43,20632267;"SPRF-RJ";"DEL02/RJ";"UOP01-DEL02-RJ"
758500;2026-03-15;"domingo";"09:05:00";"PR";376;310;"MAUA DA SERRA";"Reação tardia ou ineficiente do condutor";"Colisão com objeto";"Com Vítimas Feridas";"Pleno dia";"Crescente";"Céu Claro";"Dupla";"Declive;Curva";"Não";1;0;1;0;0;0;1;1;-23,975764;-51,101171;"SPRF-PR";"DEL07/PR";"UOP02-DEL07-PR"
758501;2026-03-15;"domingo";"10:00:00";"RJ";354;18,5;"RESENDE";"Reação tardia ou ineficiente do condutor";"Tombamento";"Com Vítimas Feridas";"Pleno dia";"Crescente";"Sol";"Simples";"Declive;Curva";"Não";1;0;0;1;0;0;1;1;-22,471869;-44,711081;"SPRF-RJ";"DEL07/RJ";"UOP02-DEL07-RJ"
758502;2026-03-15;"domingo";"03:30:00";"MT";364;200;"RONDONOPOLIS";"Ingestão de álcool pelo condutor";"Saída de leito carroçável";"Sem Vítimas";"Plena Noite";"Crescente";"Céu Claro";"Dupla";"Curva";"Sim";1;0;0;0;1;0;0;1;-16,49612661;-54,63848281;"SPRF-MT";"DEL02/MT";"UOP01-DEL02-MT"
758503;2026-03-15;"domingo";"04:00:00";"PB";230;394;"SAO BENTINHO";"Condutor Dormindo";"Saída de leito carroçável";"Sem Vítimas";"Amanhecer";"Decrescente";"Céu Claro";"Simples";"Reta";"Não";1;0;0;0;1;0;0;1;-6,842438;-37,748837;"SPRF-PB";"DEL03-PB";"UOP02-DEL03-PB"
758504;2026-03-15;"domingo";"09:40:00";"PR";376;635;"SAO JOSE DOS PINHAIS";"Ausência de reação do condutor";"Colisão traseira";"Sem Vítimas";"Pleno dia";"Crescente";"Céu Claro";"Dupla";"Reta";"Não";3;0;0;0;3;0;0;2;-25,73015411;-49,13321435;"SPRF-PR";"DEL01/PR";"UOP04-DEL01-PR"
758505;2026-03-15;"domingo";"10:33:00";"PB";230;1,4;"CABEDELO";"Transitar no Acostamento";"Colisão lateral mesmo sentido";"Com Vítimas Feridas";"Pleno dia";"Crescente";"Céu Claro";"Simples";"Interseção de Vias";"Sim";3;0;1;0;2;0;1;2;-6,98051891;-34,83026415;"SPRF-PB";"DEL01-PB";"UOP01-DEL01-PB"
758506;2026-03-15;"domingo";"10:40:00";"SP";153;59,2;"SAO JOSE DO RIO PRETO";"Reação tardia ou ineficiente do condutor";"Colisão traseira";"Com Vítimas Feridas";"Pleno dia";"Crescente";"Sol";"Dupla";"Aclive;Reta";"Sim";3;0;2;0;1;0;2;2;-20,78860018;-49,35420725;"SPRF-SP";"DEL09/SP";"UOP01-DEL09-SP"
758507;2026-03-15;"domingo";"10:45:00";"RS";290;96;"PORTO ALEGRE";"Ausência de reação do condutor";"Saída de leito carroçável";"Com Vítimas Feridas";"Pleno dia";"Crescente";"Céu Claro";"Múltipla";"Reta";"Sim";1;0;1;0;0;0;1;1;-29,99583926;-51,20592811;"SPRF-RS";"DEL01/RS";"UOP01-DEL01-RS"
758509;2026-03-15;"domingo";"06:00:00";"PA";230;655;"ALTAMIRA";"Ingestão de álcool pelo condutor";"Saída de leito carroçável";"Sem Vítimas";"Amanhecer";"Decrescente";"Céu Claro";"Simples";"Curva";"Não";1;0;0;0;1;0;0;1;-3,239332;-52,305622;"SPRF-PA";"DEL04/PA";"UOP01-DEL04-PA"
758511;2026-02-16;"segunda-feira";"14:00:00";"RJ";40;121;"DUQUE DE CAXIAS";"Objeto estático sobre o leito carroçável";"Colisão com objeto";"Sem Vítimas";"Pleno dia";"Crescente";"Céu Claro";"Múltipla";"Reta";"Sim";3;0;0;0;3;0;0;1;-22,78282893;-43,28586459;"SPRF-RJ";"DEL01/RJ";"UOP02-DEL01-RJ"
758512;2026-03-15;"domingo";"13:00:00";"ES";101;297;"CARIACICA";"Ausência de reação do condutor";"Tombamento";"Com Vítimas Feridas";"Pleno dia";"Crescente";"Céu Claro";"Dupla";"Reta";"Sim";1;0;1;0;0;0;1;1;-20,346849;-40,411053;"SPRF-ES";"DEL01-ES";"UOP01-DEL01-ES"
758513;2026-03-15;"domingo";"08:30:00";"MT";163;571;"NOVA MUTUM";"Reação tardia ou ineficiente do condutor";"Capotamento";"Com Vítimas Feridas";"Pleno dia";"Decrescente";"Nublado";"Dupla";"Reta";"Não";1;0;1;0;0;0;1;1;-14,0559934;-56,09790802;"SPRF-MT";"DEL01/MT";"UOP01-DEL01-MT"
758515;2026-03-15;"domingo";"13:20:00";"DF";20;21,7;"BRASILIA";"Avarias e/ou desgaste excessivo no pneu";"Eventos atípicos";"Com Vítimas Feridas";"Pleno dia";"Decrescente";"Céu Claro";"Dupla";"Reta";"Sim";1;0;1;0;0;0;1;1;-15,599078;-47,677362;"SPRF-DF";"DEL02-DF";"UOP01-DEL02-DF"
758516;2026-03-15;"domingo";"12:54:00";"DF";70;7;"BRASILIA";"Ingestão de álcool pelo condutor";"Saída de leito carroçável";"Com Vítimas Feridas";"Pleno dia";"Crescente";"Sol";"Dupla";"Reta";"Sim";1;0;1;0;0;0;1;1;-15,78912775;-48,11095634;"SPRF-DF";"DEL03-DF";"UOP02-DEL03-DF"
758518;2026-03-15;"domingo";"12:50:00";"MG";262;366;"JUATUBA";"Reação tardia ou ineficiente do condutor";"Colisão traseira";"Sem Vítimas";"Pleno dia";"Crescente";"Céu Claro";"Dupla";"Reta";"Não";5;0;0;0;5;0;0;2;-19,974055;-44,327793;"SPRF-MG";"DEL01/MG";"UOP03-DEL01-MG"
758520;2026-03-15;"domingo";"11:40:00";"RS";290;578;"ALEGRETE";"Acessar a via sem observar a presença dos outros veículos";"Colisão transversal";"Com Vítimas Feridas";"Pleno dia";"Crescente";"Céu Claro";"Simples";"Reta";"Sim";5;0;4;0;1;0;4;2;-29,81090488;-55,76245721;"SPRF-RS";"DEL13/RS";"UOP02-DEL13-RS"
758522;2026-03-15;"domingo";"13:40:00";"SC";101;157;"PORTO BELO";"Manobra de mudança de faixa";"Colisão lateral mesmo sentido";"Com Vítimas Feridas";"Pleno dia";"Crescente";"Céu Claro";"Múltipla";"Reta;Interseção de Vias";"Não";3;0;2;0;1;0;2;2;-27,18883801;-48,61278534;"SPRF-SC";"DEL04/SC";"UOP03-DEL04-SC"
758523;2026-03-15;"domingo";"13:35:00";"RS";287;277,6;"SAO PEDRO DO SUL";"Ausência de reação do condutor";"Saída de leito carroçável";"Com Vítimas Feridas";"Pleno dia";"Crescente";"Céu Claro";"Simples";"Reta";"Não";1;0;0;1;0;0;1;1;-29,653452;-54,151752;"SPRF-RS";"DEL09/RS";"UOP01-DEL09-RS"
758525;2026-03-15;"domingo";"14:10:00";"ES";101;167;"LINHARES";"Condutor deixou de manter distância do veículo da frente";"Colisão traseira";"Com Vítimas Feridas";"Pleno dia";"Decrescente";"Céu Claro";"Simples";"Reta";"Não";4;0;2;0;2;0;2;2;-19,533262;-40,156477;"SPRF-ES";"DEL04-ES";"UOP01-DEL04-ES"
758527;2026-03-15;"domingo";"14:20:00";"RJ";101;111;"CAMPOS DOS GOYTACAZES";"Demais falhas mecânicas ou elétricas";"Saída de leito carroçável";"Com Vítimas Feridas";"Pleno dia";"Crescente";"Céu Claro";"Simples";"Reta";"Não";1;0;1;0;0;0;1;1;-21,964541;-41,650232;"SPRF-RJ";"DEL08/RJ";"UOP02-DEL08-RJ"
758529;2026-03-15;"domingo";"14:40:00";"RS";472;573;"URUGUAIANA";"Acessar a via sem observar a presença dos outros veículos";"Colisão transversal";"Sem Vítimas";"Pleno dia";"Crescente";"Nublado";"Simples";"Rotatória";"Não";2;0;0;0;2;0;0;2;-29,76610826;-57,0296613;"SPRF-RS";"DEL13/RS";"UOP01-DEL13-RS"
758530;2026-03-15;"domingo";"09:50:00";"PI";316;3,5;"TERESINA";"Ausência de reação do condutor";"Colisão com objeto";"Com Vítimas Feridas";"Pleno dia";"Crescente";"Céu Claro";"Múltipla";"Reta";"Sim";1;0;1;0;0;0;1;1;-5,133132;-42,791027;"SPRF-PI";"DEL01-PI";"UOP02-DEL01-PI"
758531;2026-03-03;"terça-feira";"10:15:00";"BA";101;302;"VALENCA";"Ausência de reação do condutor";"Colisão lateral mesmo sentido";"Com Vítimas Feridas";"Pleno dia";"Crescente";"Céu Claro";"Simples";"Reta";"Não";1;0;1;0;0;0;1;1;-13,28405225;-39,3216446;"SPRF-BA";"DEL11/BA";"UOP01-DEL11-BA"
758532;2026-03-15;"domingo";"14:05:00";"PR";376;537,3;"PALMEIRA";"Acessar a via sem observar a presença dos outros veículos";"Colisão transversal";"Com Vítimas Fatais";"Pleno dia";"Crescente";"Céu Claro";"Dupla";"Reta;Retorno Regulamentado";"Não";7;1;0;1;5;0;1;2;-25,38306098;-49,8066473;"SPRF-PR";"DEL01/PR";"UOP07-DEL01-PR"
758533;2026-03-15;"domingo";"15:00:00";"MG";40;547,1;"NOVA LIMA";"Avarias e/ou desgaste excessivo no pneu";"Tombamento";"Com Vítimas Feridas";"Pleno dia";"Decrescente";"Céu Claro";"Dupla";"Declive;Curva";"Sim";2;0;2;0;0;0;2;1;-20,024643;-43,969385;"SPRF-MG";"DEL01/MG";"UOP02-DEL01-MG"
758535;2026-03-15;"domingo";"14:00:00";"MG";262;400;"PARA DE MINAS";"Ausência de reação do condutor";"Saída de leito carroçável";"Com Vítimas Feridas";"Pleno dia";"Crescente";"Céu Claro";"Dupla";"Retorno Regulamentado;Aclive;Reta";"Não";1;0;1;0;0;0;1;1;-19,88761537;-44,64115637;"SPRF-MG";"DEL01/MG";"UOP03-DEL01-MG"
758536;2026-03-15;"domingo";"14:40:00";"SP";116;172;"JACAREI";"Manobra de mudança de faixa";"Colisão lateral mesmo sentido";"Com Vítimas Feridas";"Pleno dia";"Crescente";"Céu Claro";"Dupla";"Reta";"Não";3;0;0;1;1;1;1;3;-23,31539202;-46,07442301;"SPRF-SP";"DEL02/SP";"UOP01-DEL02-SP"
758537;2026-03-15;"domingo";"14:10:00";"PE";428;46;"OROCO";"Ingestão de álcool pelo condutor";"Colisão frontal";"Com Vítimas Fatais";"Pleno dia";"Crescente";"Céu Claro";"Simples";"Aclive;Reta";"Não";3;1;0;0;2;0;0;2;-8,6043;-39,5979;"SPRF-PE";"DEL05/PE";"UOP03-DEL05-PE"
758538;2026-03-15;"domingo";"14:30:00";"BA";324;516;"FEIRA DE SANTANA";"Manobra de mudança de faixa";"Colisão lateral mesmo sentido";"Com Vítimas Feridas";"Pleno dia";"Crescente";"Sol";"Simples";"Reta;Interseção de Vias";"Sim";3;0;2;0;1;0;2;2;-12,24091817;-38,93830329;"SPRF-BA";"DEL02/BA";"UOP01-DEL02-BA"
758539;2026-02-11;"quarta-feira";"16:20:00";"BA";242;609;"MUQUEM DE SAO FRANCISCO";"Transitar na contramão";"Colisão lateral sentido oposto";"Com Vítimas Feridas";"Pleno dia";"Crescente";"Sol";"Simples";"Curva";"Não";1;0;1;0;0;0;1;1;-12,18205;-43,23238;"SPRF-BA";"DEL10/BA";"UOP01-DEL10-BA"
758540;2026-03-15;"domingo";"15:30:00";"RS";386;416,6;"MONTENEGRO";"Conversão proibida";"Colisão transversal";"Com Vítimas Fatais";"Pleno dia";"Crescente";"Céu Claro";"Simples";"Reta";"Sim";4;1;3;0;0;0;3;2;-29,81812005;-51,45604491;"SPRF-RS";"DEL04/RS";"UOP02-DEL04-RS"
758541;2026-03-15;"domingo";"14:00:00";"RJ";393;252,5;"BARRA DO PIRAI";"Acessar a via sem observar a presença dos outros veículos";"Colisão transversal";"Com Vítimas Feridas";"Pleno dia";"Decrescente";"Céu Claro";"Simples";"Rotatória";"Sim";3;0;2;0;1;0;2;2;-22,4546289;-43,8119079;"SPRF-RJ";"DEL05/RJ";"UOP04-DEL05-RJ"
758542;2026-03-15;"domingo";"12:00:00";"GO";153;593,7;"PIRACANJUBA";"Pista esburacada";"Saída de leito carroçável";"Com Vítimas Feridas";"Pleno dia";"Crescente";"Nublado";"Dupla";"Declive;Reta";"Não";2;0;2;0;0;0;2;1;-17,487987;-49,21116;"SPRF-GO";"DEL03/GO";"UOP01-DEL03-GO"
758543;2026-03-13;"sexta-feira";"11:18:00";"SC";280;27,9;"ARAQUARI";"Acessar a via sem observar a presença dos outros veículos";"Colisão transversal";"Com Vítimas Feridas";"Pleno dia";"Crescente";"Céu Claro";"Simples";"Reta";"Sim";2;0;1;0;1;0;1;2;-26,404187;-48,745485;"SPRF-SC";"DEL03/SC";"UOP03-DEL03-SC"
758544;2026-03-15;"domingo";"16:05:00";"PB";101;85,8;"BAYEUX";"Ingestão de álcool pelo condutor";"Colisão com objeto";"Sem Vítimas";"Pleno dia";"Crescente";"Sol";"Dupla";"Curva";"Sim";1;0;0;0;1;0;0;1;-7,150042;-34,911052;"SPRF-PB";"DEL01-PB";"UOP01-DEL01-PB"
758545;2026-03-15;"domingo";"15:00:00";"PR";153;327;"IRATI";"Ausência de reação do condutor";"Saída de leito carroçável";"Com Vítimas Feridas";"Pleno dia";"Decrescente";"Céu Claro";"Simples";"Reta";"Não";3;0;2;0;1;0;2;1;-25,435108;-50,61165;"SPRF-PR";"DEL08/PR";"UOP02-DEL08-PR"