"id";"data_inversa";"dia_semana";"horario";"uf";"br";"km";"municipio";"causa_acidente";"tipo_acidente";"classificacao_acidente";"fase_dia";"sentido_via";"condicao_metereologica";"tipo_pista";"tracado_via";"uso_solo";"pessoas";"mortos";"feridos_leves";"feridos_graves";"ilesos";"ignorados";"feridos";"veiculos";"latitude";"longitude";"regional";"delegacia";"uop"
758872;2026-03-17;"terça-feira";"04:48:00";"MT";174;294;"PONTES E LACERDA";"Animais na Pista";"Atropelamento de Animal";"Com Vítimas Feridas";"Amanhecer";"Crescente";"Céu Claro";"Simples";"Aclive";"Não";1;0;1;0;0;0;1;1;-15,20184;-59,32185167;"SPRF-MT";"DEL04/MT";"UOP01-DEL04-MT"
758874;2026-03-17;"terça-feira";"05:30:00";"MG";153;164,1;"COMENDADOR GOMES";"Ausência de reação do condutor";"Saída de leito carroçável";"Com Vítimas Feridas";"Amanhecer";"Decrescente";"Nublado";"Simples";"Reta";"Não";2;0;1;0;1;0;1;1;-19,633944;-49,044939;"SPRF-MG";"DEL13/MG";"UOP02-DEL13-MG"
758875;2026-03-17;"terça-feira";"01:10:00";"GO";452;40;"SANTA HELENA DE GOIAS";"Ausência de reação do condutor";"Saída de leito carroçável";"Com Vítimas Feridas";"Plena Noite";"Decrescente";"Garoa/Chuvisco";"Simples";"Reta";"Não";1;0;0;1;0;0;1;1;-17,930438;-50,5526;"SPRF-GO";"DEL04/GO";"UOP01-DEL04-GO"
758878;2026-03-17;"terça-feira";"06:50:00";"PR";277;724;"FOZ DO IGUACU";"Ultrapassagem Indevida";"Colisão traseira";"Com Vítimas Feridas";"Amanhecer";"Decrescente";"Nublado";"Dupla";"Reta";"Sim";5;0;2;0;3;0;2;2;-25,501023;-54,533692;"SPRF-PR";"DEL05/PR";"UOP03-DEL05-PR"
758879;2026-03-17;"terça-feira";"05:15:00";"MG";262;432,9;"NOVA SERRANA";"Demais falhas mecânicas ou elétricas";"Incêndio";"Sem Vítimas";"Amanhecer";"Crescente";"Céu Claro";"Dupla";"Reta";"Não";1;0;0;0;1;0;0;1;-19,87167788;-44,97044304;"SPRF-MG";"DEL08/MG";"UOP03-DEL08-MG"
758881;2026-03-17;"terça-feira";"07:30:00";"RS";116;262;"CANOAS";"Ausência de reação do condutor";"Colisão lateral mesmo sentido";"Com Vítimas Feridas";"Pleno dia";"Decrescente";"Céu Claro";"Múltipla";"Reta";"Não";2;0;1;0;0;1;1;2;-29,89473115;-51,17612455;"SPRF-RS";"DEL01/RS";"UOP01-DEL01-RS"
758883;2026-03-17;"terça-feira";"07:30:00";"SC";101;200,9;"SAO JOSE";"Manobra de mudança de faixa";"Colisão lateral mesmo sentido";"Com Vítimas Feridas";"Pleno dia";"Crescente";"Céu Claro";"Múltipla";"Reta";"Sim";3;0;2;0;1;0;2;2;-27,54585747;-48,61994684;"SPRF-SC";"DEL01/SC";"UOP01-DEL01-SC"
758884;2026-03-17;"terça-feira";"07:00:00";"RJ";40;121;"DUQUE DE CAXIAS";"Condutor deixou de manter distância do veículo da frente";"Colisão traseira";"Com Vítimas Feridas";"Pleno dia";"Crescente";"Céu Claro";"Dupla";"Reta";"Sim";3;0;1;0;2;0;1;2;-22,78425701;-43,28561652;"SPRF-RJ";"DEL01/RJ";"UOP02-DEL01-RJ"
758885;2026-03-17;"terça-feira";"07:30:00";"MG";381;611;"OLIVEIRA";"Ausência de reação do condutor";"Saída de leito carroçável";"Com Vítimas Feridas";"Pleno dia";"Decrescente";"Céu Claro";"Dupla";"Curva";"Não";2;0;1;0;1;0;1;1;-20,690109;-44,743316;"SPRF-MG";"DEL04/MG";"UOP01-DEL04-MG"
758887;2026-03-17;"terça-feira";"07:35:00";"RN";101;83;"SAO GONCALO DO AMARANTE";"Ausência de reação do condutor";"Colisão traseira";"Com Vítimas Feridas";"Pleno dia";"Crescente";"Céu Claro";"Simples";"Reta";"Sim";2;0;1;0;1;0;1;2;-5,771488;-35,265858;"SPRF-RN";"DEL02-RN";"UOP01-DEL02-RN"
758890;2026-03-17;"terça-feira";"07:30:00";"RN";304;99,4;"ACU";"Ultrapassagem Indevida";"Colisão frontal";"Com Vítimas Feridas";"Pleno dia";"Decrescente";"Nublado";"Simples";"Reta";"Não";2;0;1;0;1;0;1;2;-5,575173;-37,030028;"SPRF-RN";"DEL04-RN";"UOP01-DEL04-RN"
758891;2026-03-16;"segunda-feira";"21:00:00";"AM";174;1058;"PRESIDENTE FIGUEIREDO";"Pista esburacada";"Colisão com objeto";"Com Vítimas Fatais";"Plena Noite";"Decrescente";"Céu Claro";"Simples";"Reta";"Não";1;1;0;0;0;0;0;1;-1,519513;-60,245852;"SPRF-AM";"DEL01-AM";"UOP02-DEL01-AM"
758893;2026-03-17;"terça-feira";"07:50:00";"RS";386;437,4;"NOVA SANTA RITA";"Acessar a via sem observar a presença dos outros veículos";"Colisão transversal";"Com Vítimas Feridas";"Pleno dia";"Crescente";"Céu Claro";"Dupla";"Reta";"Sim";2;0;1;0;1;0;1;2;-29,86102;-51,25633;"SPRF-RS";"DEL04/RS";"UOP02-DEL04-RS"
758894;2026-03-14;"sábado";"00:30:00";"RS";116;238,6;"NOVO HAMBURGO";"Reação tardia ou ineficiente do condutor";"Colisão com objeto";"Sem Vítimas";"Plena Noite";"Decrescente";"Céu Claro";"Dupla";"Desvio Temporário;Em Obras";"Sim";1;0;0;0;1;0;0;1;-29,69405243;-51,14394232;"SPRF-RS";"DEL01/RS";"UOP02-DEL01-RS"
758897;2026-01-29;"quinta-feira";"04:20:00";"MG";262;692;"ARAXA";"Reação tardia ou ineficiente do condutor";"Eventos atípicos";"Com Vítimas Feridas";"Plena Noite";"Crescente";"Chuva";"Simples";"Reta";"Não";2;0;1;0;1;0;1;1;-19,592601;-47,08776411;"SPRF-MG";"DEL08/MG";"UOP01-DEL08-MG"
758900;2026-03-17;"terça-feira";"08:55:00";"RS";116;251,1;"SAO LEOPOLDO";"Reação tardia ou ineficiente do condutor";"Tombamento";"Com Vítimas Feridas";"Pleno dia";"Crescente";"Céu Claro";"Múltipla";"Reta";"Sim";2;0;2;0;0;0;2;1;-29,7985517;-51,1653767;"SPRF-RS";"DEL01/RS";"UOP02-DEL01-RS"
758902;2026-02-17;"terça-feira";"18:40:00";"PR";376;365,5;"ORTIGUEIRA";"Velocidade Incompatível";"Saída de leito carroçável";"Com Vítimas Feridas";"Anoitecer";"Decrescente";"Chuva";"Simples";"Curva";"Não";4;0;1;0;3;0;1;1;-24,336114;-50,83509;"SPRF-PR";"DEL07/PR";"UOP02-DEL07-PR"
758903;2026-03-17;"terça-feira";"08:30:00";"PR";369;144;"LONDRINA";"Reação tardia ou ineficiente do condutor";"Saída de leito carroçável";"Sem Vítimas";"Pleno dia";"Decrescente";"Céu Claro";"Dupla";"Reta;Declive;Retorno Regulamentado";"Sim";1;0;0;0;1;0;0;1;-23,29354198;-51,10759227;"SPRF-PR";"DEL07/PR";"UOP01-DEL07-PR"
758905;2026-03-16;"segunda-feira";"15:00:00";"GO";60;297;"ACREUNA";"Chuva";"Saída de leito carroçável";"Com Vítimas Feridas";"Pleno dia";"Crescente";"Chuva";"Dupla";"Retorno Regulamentado";"Não";5;0;4;0;1;0;4;1;-17,359683;-50,332537;"SPRF-GO";"DEL04/GO";"UOP02-DEL04-GO"
758907;2026-03-17;"terça-feira";"08:09:00";"PI";230;309,8;"FLORIANO";"Acesso irregular";"Colisão transversal";"Com Vítimas Feridas";"Pleno dia";"Crescente";"Sol";"Simples";"Reta";"Sim";2;0;0;1;1;0;1;2;-6,76676;-43,00911;"SPRF-PI";"DEL03-PI";"UOP01-DEL03-PI"
758908;2026-03-13;"sexta-feira";"17:30:00";"AP";210;103;"PORTO GRANDE";"Transitar no Acostamento";"Colisão traseira";"Com Vítimas Feridas";"Anoitecer";"Crescente";"Garoa/Chuvisco";"Simples";"Reta";"Não";2;0;1;0;1;0;1;2;0,69212184;-51,37550354;"SPRF-AP";"DEL01-AP";"UOP01-DEL01-AP"
758909;2026-03-06;"sexta-feira";"16:20:00";"MS";60;427;"SIDROLANDIA";"Reação tardia ou ineficiente do condutor";"Eventos atípicos";"Com Vítimas Feridas";"Pleno dia";"Decrescente";"Céu Claro";"Dupla";"Reta";"Sim";2;0;0;1;1;0;1;2;-20,9441227;-54,9668292;"SPRF-MS";"DEL01/MS";"UOP04-DEL01-MS"
758914;2026-03-17;"terça-feira";"11:17:00";"GO";153;296;"RIALMA";"Reação tardia ou ineficiente do condutor";"Tombamento";"Com Vítimas Feridas";"Pleno dia";"Decrescente";"Chuva";"Simples";"Reta";"Não";1;0;1;0;0;0;1;1;-15,27842152;-49,55340296;"SPRF-GO";"DEL02/GO";"UOP02-DEL02-GO"
758916;2026-03-17;"terça-feira";"07:45:00";"PI";316;277;"DOM EXPEDITO LOPES";"Manobra de mudança de faixa";"Tombamento";"Com Vítimas Feridas";"Pleno dia";"Decrescente";"Céu Claro";"Simples";"Reta";"Não";2;0;2;0;0;0;2;1;-6,955217;-41,714792;"SPRF-PI";"DEL04-PI";"UOP01-DEL04-PI"
758917;2026-03-17;"terça-feira";"11:15:00";"MG";381;360;"JOAO MONLEVADE";"Ausência de reação do condutor";"Colisão traseira";"Sem Vítimas";"Pleno dia";"Crescente";"Céu Claro";"Simples";"Reta";"Sim";4;0;0;0;4;0;0;2;-19,85016624;-43,15091288;"SPRF-MG";"DEL03/MG";"UOP01-DEL03-MG"
758919;2026-03-17;"terça-feira";"11:24:00";"MG";40;199;"JOAO PINHEIRO";"Acumulo de água sobre o pavimento";"Saída de leito carroçável";"Com Vítimas Feridas";"Pleno dia";"Crescente";"Chuva";"Simples";"Curva";"Não";2;0;1;0;1;0;1;1;-18,01;-45,814;"SPRF-MG";"DEL14/MG";"UOP02-DEL14-MG"
758920;2026-03-17;"terça-feira";"11:40:00";"RS";470;215;"BENTO GONCALVES";"Acessar a via sem observar a presença dos outros veículos";"Colisão transversal";"Com Vítimas Feridas";"Pleno dia";"Decrescente";"Céu Claro";"Simples";"Reta";"Não";4;0;2;0;2;0;2;2;-29,16127682;-51,52656253;"SPRF-RS";"DEL06/RS";"UOP01-DEL06-RS"
758921;2026-03-17;"terça-feira";"10:50:00";"MS";163;483;"CAMPO GRANDE";"Condutor deixou de manter distância do veículo da frente";"Colisão traseira";"Sem Vítimas";"Pleno dia";"Crescente";"Céu Claro";"Simples";"Reta";"Sim";2;0;0;0;2;0;0;2;-20,4577972;-54,5467461;"SPRF-MS";"DEL01/MS";"UOP02-DEL01-MS"
758923;2026-03-17;"terça-feira";"11:30:00";"SP";116;154;"SAO JOSE DOS CAMPOS";"Ausência de reação do condutor";"Colisão lateral mesmo sentido";"Sem Vítimas";"Pleno dia";"Decrescente";"Céu Claro";"Dupla";"Reta";"Sim";1;0;0;0;1;0;0;1;-23,23548304;-45,91827913;"SPRF-SP";"DEL02/SP";"UOP01-DEL02-SP"
758924;2026-03-17;"terça-feira";"11:34:00";"RS";116;449;"SAO LOURENCO DO SUL";"Ausência de reação do condutor";"Saída de leito carroçável";"Com Vítimas Feridas";"Pleno dia";"Decrescente";"Nublado";"Dupla";"Declive;Reta";"Não";1;0;1;0;0;0;1;1;-31,195198;-52,021934;"SPRF-RS";"DEL02/RS";"UOP02-DEL02-RS"
758925;2026-03-17;"terça-feira";"06:00:00";"MG";365;846;"SANTA VITORIA";"Deficiência do Sistema de Iluminação/Sinalização";"Colisão traseira";"Sem Vítimas";"Amanhecer";"Crescente";"Garoa/Chuvisco";"Simples";"Reta";"Não";2;0;0;0;2;0;0;2;-19,0077632;-50,3228672;"SPRF-MG";"DEL15/MG";"UOP03-DEL15-MG"
758927;2026-03-17;"terça-feira";"10:00:00";"SC";101;74;"ARAQUARI";"Condutor deixou de manter distância do veículo da frente";"Colisão traseira";"Sem Vítimas";"Pleno dia";"Crescente";"Sol";"Múltipla";"Reta";"Não";2;0;0;0;2;0;0;2;-26,547197;-48,713192;"SPRF-SC";"DEL03/SC";"UOP02-DEL03-SC"
758928;2026-01-26;"segunda-feira";"09:40:00";"BA";101;518;"ITABUNA";"Pista Escorregadia";"Saída de leito carroçável";"Com Vítimas Feridas";"Pleno dia";"Crescente";"Garoa/Chuvisco";"Simples";"Curva";"Não";3;0;0;1;2;0;1;1;-14,90453;-39,289012;"SPRF-BA";"DEL05/BA";"UOP01-DEL05-BA"
758930;2026-03-17;"terça-feira";"12:10:00";"TO";153;9;"XAMBIOA";"Condutor Dormindo";"Saída de leito carroçável";"Sem Vítimas";"Pleno dia";"Decrescente";"Nublado";"Simples";"Reta";"Não";1;0;0;0;1;0;0;1;-6,42516588;-48,52777004;"SPRF-TO";"DEL02-TO";"UOP01-DEL02-TO"
758932;2026-03-17;"terça-feira";"12:00:00";"SE";235;52;"ITABAIANA";"Acesso irregular";"Colisão transversal";"Com Vítimas Feridas";"Pleno dia";"Decrescente";"Céu Claro";"Simples";"Reta";"Sim";2;0;2;0;0;0;2;2;-10,69843229;-37,43435606;"SPRF-SE";"DEL01-SE";"UOP02-DEL01-SE"
758935;2026-03-13;"sexta-feira";"16:30:00";"BA";116;556;"NOVA ITARANA";"Velocidade Incompatível";"Saída de leito carroçável";"Com Vítimas Feridas";"Pleno dia";"Crescente";"Céu Claro";"Simples";"Curva";"Não";1;0;1;0;0;0;1;1;-13,02471;-40,06251;"SPRF-BA";"DEL03/BA";"UOP02-DEL03-BA"
758936;2026-03-17;"terça-feira";"11:50:00";"SC";470;100,3;"APIUNA";"Ausência de reação do condutor";"Atropelamento de Pedestre";"Com Vítimas Feridas";"Pleno dia";"Decrescente";"Céu Claro";"Simples";"Reta";"Não";2;0;1;0;1;0;1;2;-27,05052124;-49,3906459;"SPRF-SC";"DEL04/SC";"UOP02-DEL04-SC"
758937;2026-03-17;"terça-feira";"13:15:00";"RS";290;97;"PORTO ALEGRE";"Velocidade Incompatível";"Colisão com objeto";"Com Vítimas Feridas";"Pleno dia";"Decrescente";"Nublado";"Simples";"Declive;Curva";"Sim";1;0;1;0;0;0;1;1;-29,9991583;-51,206188;"SPRF-RS";"DEL01/RS";"UOP01-DEL01-RS"
758938;2026-02-01;"domingo";"15:30:00";"MG";381;527;"BRUMADINHO";"Velocidade Incompatível";"Capotamento";"Com Vítimas Feridas";"Pleno dia";"Crescente";"Nublado";"Dupla";"Curva";"Não";2;0;1;0;1;0;1;1;-20,167165;-44,334298;"SPRF-MG";"DEL04/MG";"UOP03-DEL04-MG"
758940;2026-03-17;"terça-feira";"13:00:00";"PR";277;77;"SAO JOSE DOS PINHAIS";"Reação tardia ou ineficiente do condutor";"Engavetamento";"Com Vítimas Feridas";"Pleno dia";"Decrescente";"Sol";"Dupla";"Reta;Em Obras";"Não";8;0;5;0;3;0;5;4;-25,487053;-49,183275;"SPRF-PR";"DEL01/PR";"UOP08-DEL01-PR"
758941;2026-02-19;"quinta-feira";"12:45:00";"RJ";40;106;"DUQUE DE CAXIAS";"Demais falhas mecânicas ou elétricas";"Incêndio";"Sem Vítimas";"Pleno dia";"Decrescente";"Sol";"Múltipla";"Reta";"Sim";1;0;0;0;1;0;0;1;-22,65245902;-43,28345248;"SPRF-RJ";"DEL01/RJ";"UOP02-DEL01-RJ"
758942;2026-03-17;"terça-feira";"11:35:00";"BA";367;26;"PORTO SEGURO";"Acessar a via sem observar a presença dos outros veículos";"Colisão transversal";"Com Vítimas Feridas";"Pleno dia";"Crescente";"Céu Claro";"Simples";"Rotatória;Reta";"Sim";2;0;2;0;0;0;2;2;-16,427329;-39,097857;"SPRF-BA";"DEL09/BA";"UOP03-DEL09-BA"
758946;2026-03-17;"terça-feira";"11:00:00";"MG";262;698,8;"ARAXA";"Ausência de reação do condutor";"Saída de leito carroçável";"Sem Vítimas";"Pleno dia";"Crescente";"Sol";"Simples";"Reta";"Não";2;0;0;0;2;0;0;1;-19,59559669;-47,13923395;"SPRF-MG";"DEL08/MG";"UOP01-DEL08-MG"
758948;2026-03-05;"quinta-feira";"10:33:00";"PR";153;17;"JACAREZINHO";"Acessar a via sem observar a presença dos outros veículos";"Colisão traseira";"Com Vítimas Feridas";"Pleno dia";"Crescente";"Céu Claro";"Simples";"Reta;Aclive;Interseção de Vias";"Sim";2;0;2;0;0;0;2;2;-23,14247816;-49,94856684;"SPRF-PR";"DEL07/PR";"UOP04-DEL07-PR"
758949;2026-03-17;"terça-feira";"14:00:00";"SC";101;207,5;"SAO JOSE";"Condutor deixou de manter distância do veículo da frente";"Colisão traseira";"Com Vítimas Feridas";"Pleno dia";"Decrescente";"Céu Claro";"Múltipla";"Reta";"Sim";2;0;0;1;1;0;1;2;-27,60214;-48,62825;"SPRF-SC";"DEL01/SC";"UOP01-DEL01-SC"
758952;2026-03-17;"terça-feira";"13:40:00";"PE";101;70,8;"RECIFE";"Objeto estático sobre o leito carroçável";"Colisão lateral mesmo sentido";"Com Vítimas Feridas";"Pleno dia";"Decrescente";"Céu Claro";"Dupla";"Reta;Interseção de Vias";"Sim";3;0;1;1;1;0;2;2;-8,07518;-34,94052;"SPRF-PE";"DEL01/PE";"UOP01-DEL01-PE"
758953;2026-03-17;"terça-feira";"14:27:00";"SC";101;207,7;"SAO JOSE";"Manobra de mudança de faixa";"Colisão lateral mesmo sentido";"Com Vítimas Feridas";"Pleno dia";"Crescente";"Céu Claro";"Múltipla";"Reta";"Sim";2;0;0;1;1;0;1;2;-27,59925312;-48,62195849;"SPRF-SC";"DEL01/SC";"UOP01-DEL01-SC"
758954;2026-03-17;"terça-feira";"14:00:00";"SP";101;17;"UBATUBA";"Ausência de reação do condutor";"Colisão traseira";"Com Vítimas Feridas";"Pleno dia";"Crescente";"Céu Claro";"Simples";"Reta;Aclive";"Não";2;0;0;1;1;0;1;2;-23,3174518;-44,896825;"SPRF-SP";"DEL06/SP";"UOP01-DEL06-SP"
758955;2026-03-17;"terça-feira";"14:10:00";"SC";282;35,6;"AGUAS MORNAS";"Reação tardia ou ineficiente do condutor";"Tombamento";"Com Vítimas Feridas";"Pleno dia";"Decrescente";"Nublado";"Simples";"Declive;Curva";"Não";1;0;1;0;0;0;1;1;-27,7033;-48,8311;"SPRF-SC";"DEL01/SC";"UOP03-DEL01-SC"
758956;2026-03-17;"terça-feira";"14:50:00";"SP";116;86;"PINDAMONHANGABA";"Condutor deixou de manter distância do veículo da frente";"Colisão traseira";"Com Vítimas Feridas";"Pleno dia";"Crescente";"Céu Claro";"Múltipla";"Reta";"Sim";2;0;1;0;1;0;1;2;-22,92018315;-45,3410697;"SPRF-SP";"DEL08/SP";"UOP01-DEL08-SP"
758957;2026-03-17;"terça-feira";"11:30:00";"MS";60;595;"JARDIM";"Desrespeitar a preferência no cruzamento";"Colisão transversal";"Com Vítimas Feridas";"Pleno dia";"Crescente";"Céu Claro";"Simples";"Curva";"Sim";2;0;1;0;1;0;1;2;-21,54315004;-56,16828918;"SPRF-MS";"DEL05/MS";"UOP01-DEL05-MS"
758958;2026-03-09;"segunda-feira";"19:00:00";"BA";324;619;"SALVADOR";"Transitar na contramão";"Colisão com objeto";"Com Vítimas Fatais";"Plena Noite";"Decrescente";"Céu Claro";"Simples";"Reta";"Sim";1;1;0;0;0;0;0;1;-12,91310273;-38,45948696;"SPRF-BA";"DEL01/BA";"UOP01-DEL01-BA"
758959;2026-03-17;"terça-feira";"14:20:00";"RS";116;254;"SAPUCAIA DO SUL";"Manobra de mudança de faixa";"Colisão lateral mesmo sentido";"Com Vítimas Feridas";"Pleno dia";"Decrescente";"Nublado";"Múltipla";"Interseção de Vias;Reta";"Sim";2;0;1;0;1;0;1;2;-29,8247051;-51,17184727;"SPRF-RS";"DEL01/RS";"UOP02-DEL01-RS"
758961;2026-03-17;"terça-feira";"15:15:00";"MG";381;481;"CONTAGEM";"Acessar a via sem observar a presença dos outros veículos";"Colisão lateral mesmo sentido";"Com Vítimas Feridas";"Pleno dia";"Decrescente";"Céu Claro";"Simples";"Reta";"Não";4;0;0;2;2;0;2;2;-19,95883189;-44,06493473;"SPRF-MG";"DEL01/MG";"UOP03-DEL01-MG"
758964;2026-03-17;"terça-feira";"15:20:00";"SC";101;195;"BIGUACU";"Acessar a via sem observar a presença dos outros veículos";"Colisão transversal";"Sem Vítimas";"Pleno dia";"Decrescente";"Céu Claro";"Dupla";"Reta";"Sim";2;0;0;0;2;0;0;2;-27,506946;-48,647133;"SPRF-SC";"DEL01/SC";"UOP01-DEL01-SC"
758975;2026-03-17;"terça-feira";"15:40:00";"PE";101;49;"ABREU E LIMA";"Conversão proibida";"Colisão lateral mesmo sentido";"Com Vítimas Feridas";"Pleno dia";"Decrescente";"Céu Claro";"Dupla";"Reta";"Sim";2;0;1;0;1;0;1;2;-7,9059;-34,90141;"SPRF-PE";"DEL01/PE";"UOP02-DEL01-PE"
758976;2026-03-17;"terça-feira";"16:17:00";"SP";116;218,4;"GUARULHOS";"Velocidade Incompatível";"Colisão traseira";"Com Vítimas Feridas";"Anoitecer";"Decrescente";"Céu Claro";"Múltipla";"Reta";"Sim";2;0;1;0;1;0;1;2;-23,459418;-46,483708;"SPRF-SP";"DEL01/SP";"UOP01-DEL01-SP"
758977;2026-03-17;"terça-feira";"16:40:00";"PR";376;180,4;"MARINGA";"Afundamento ou ondulação no pavimento";"Queda de ocupante de veículo";"Com Vítimas Feridas";"Pleno dia";"Crescente";"Sol";"Dupla";"Reta";"Sim";1;0;1;0;0;0;1;1;-23,42439531;-51,9002831;"SPRF-PR";"DEL09/PR";"UOP01-DEL09-PR"
758978;2026-03-17;"terça-feira";"16:52:00";"RO";319;143;"PORTO VELHO";"Ausência de reação do condutor";"Colisão transversal";"Sem Vítimas";"Pleno dia";"Crescente";"Céu Claro";"Múltipla";"Interseção de Vias;Reta";"Sim";2;0;0;0;2;0;0;2;-8,75560112;-63,88679302;"SPRF-RO";"DEL01-RO";"UOP01-DEL01-RO"
758979;2026-03-17;"terça-feira";"17:00:00";"PR";116;125;"FAZENDA RIO GRANDE";"Trafegar com motocicleta (ou similar) entre as faixas";"Colisão lateral mesmo sentido";"Com Vítimas Feridas";"Pleno dia";"Crescente";"Céu Claro";"Dupla";"Reta";"Sim";2;0;1;0;1;0;1;2;-25,62469184;-49,31555495;"SPRF-PR";"DEL01/PR";"UOP03-DEL01-PR"
758983;2026-03-17;"terça-feira";"17:30:00";"ES";101;159,9;"LINHARES";"Acessar a via sem observar a presença dos outros veículos";"Colisão transversal";"Com Vítimas Feridas";"Anoitecer";"Crescente";"Céu Claro";"Simples";"Reta";"Sim";3;0;0;2;1;0;2;2;-19,476697;-40,114167;"SPRF-ES";"DEL04-ES";"UOP01-DEL04-ES"
758984;2026-03-17;"terça-feira";"16:30:00";"MG";40;506;"RIBEIRAO DAS NEVES";"Ausência de reação do condutor";"Colisão traseira";"Com Vítimas Feridas";"Pleno dia";"Crescente";"Nublado";"Dupla";"Reta";"Sim";3;0;0;1;1;1;1;3;-19,745833;-44,147778;"SPRF-MG";"DEL02/MG";"UOP01-DEL02-MG"
758985;2026-03-17;"terça-feira";"16:45:00";"PB";230;122;"RIACHAO DO BACAMARTE";"Ausência de reação do condutor";"Colisão traseira";"Com Vítimas Feridas";"Anoitecer";"Crescente";"Céu Claro";"Dupla";"Reta;Em Obras";"Não";6;0;2;0;3;1;2;4;-7,24575;-35,652308;"SPRF-PB";"DEL02-PB";"UOP01-DEL02-PB"
758986;2026-03-17;"terça-feira";"15:00:00";"SC";282;542,1;"CHAPECO";"Ingestão de álcool pelo condutor";"Colisão com objeto";"Sem Vítimas";"Pleno dia";"Decrescente";"Chuva";"Simples";"Curva";"Não";1;0;0;0;1;0;0;1;-27,000858;-52,70659;"SPRF-SC";"DEL07/SC";"UOP01-DEL07-SC"
758987;2026-03-17;"terça-feira";"17:50:00";"RN";304;33;"MOSSORO";"Reação tardia ou ineficiente do condutor";"Colisão traseira";"Com Vítimas Feridas";"Plena Noite";"Crescente";"Céu Claro";"Dupla";"Reta";"Sim";2;0;2;0;0;0;2;2;-5,14416;-37,34662;"SPRF-RN";"DEL04-RN";"UOP02-DEL04-RN"
758991;2026-03-17;"terça-feira";"16:10:00";"MG";116;541;"SANTA RITA DE MINAS";"Acessar a via sem observar a presença dos outros veículos";"Colisão transversal";"Com Vítimas Feridas";"Pleno dia";"Decrescente";"Nublado";"Simples";"Reta";"Não";3;0;3;0;0;0;3;2;-19,901446;-42,133867;"SPRF-MG";"DEL06/MG";"UOP02-DEL06-MG"
758992;2026-03-17;"terça-feira";"18:00:00";"SP";116;435;"REGISTRO";"Ausência de reação do condutor";"Colisão lateral mesmo sentido";"Com Vítimas Feridas";"Pleno dia";"Decrescente";"Nublado";"Dupla";"Reta";"Não";2;0;1;0;1;0;1;2;-24,4181476;-47,76243783;"SPRF-SP";"DEL05/SP";"UOP01-DEL05-SP"
758993;2026-03-17;"terça-feira";"18:32:00";"SP";116;223;"GUARULHOS";"Ausência de reação do condutor";"Colisão traseira";"Com Vítimas Feridas";"Plena Noite";"Crescente";"Céu Claro";"Múltipla";"Reta";"Sim";2;0;0;1;1;0;1;2;-23,4766447;-46,527023;"SPRF-SP";"DEL01/SP";"UOP01-DEL01-SP"
758994;2026-03-17;"terça-feira";"17:27:00";"PR";376;198,6;"MARIALVA";"Acessar a via sem observar a presença dos outros veículos";"Colisão transversal";"Com Vítimas Feridas";"Pleno dia";"Crescente";"Nublado";"Dupla";"Reta;Declive;Retorno Regulamentado";"Não";3;0;0;1;2;0;1;3;-23,50066575;-51,76231254;"SPRF-PR";"DEL09/PR";"UOP01-DEL09-PR"
758995;2026-03-17;"terça-feira";"16:48:00";"SP";101;45;"UBATUBA";"Conversão proibida";"Colisão transversal";"Com Vítimas Feridas";"Pleno dia";"Crescente";"Céu Claro";"Simples";"Interseção de Vias;Reta";"Sim";3;0;2;0;1;0;2;2;-23,41962504;-45,06923888;"SPRF-SP";"DEL06/SP";"UOP01-DEL06-SP"
758996;2026-03-17;"terça-feira";"17:00:00";"RJ";493;0,1;"ITABORAI";"Acesso irregular";"Colisão transversal";"Com Vítimas Feridas";"Pleno dia";"Crescente";"Céu Claro";"Dupla";"Reta";"Sim";2;0;1;0;1;0;1;2;-22,76976404;-42,92249964;"SPRF-RJ";"DEL02/RJ";"UOP02-DEL02-RJ"
758997;2026-03-17;"terça-feira";"15:20:00";"RJ";40;121;"DUQUE DE CAXIAS";"Reação tardia ou ineficiente do condutor";"Colisão lateral mesmo sentido";"Com Vítimas Feridas";"Pleno dia";"Crescente";"Céu Claro";"Múltipla";"Reta";"Sim";3;0;2;0;1;0;2;2;-22,79074557;-43,28615103;"SPRF-RJ";"DEL01/RJ";"UOP02-DEL01-RJ"
758998;2026-03-17;"terça-feira";"18:30:00";"RS";470;213;"BENTO GONCALVES";"Reação tardia ou ineficiente do condutor";"Tombamento";"Com Vítimas Feridas";"Anoitecer";"Crescente";"Chuva";"Simples";"Aclive;Curva";"Não";2;0;2;0;0;0;2;1;-29,15773529;-51,53160509;"SPRF-RS";"DEL06/RS";"UOP01-DEL06-RS"
758999;2026-03-17;"terça-feira";"17:05:00";"RJ";40;104;"DUQUE DE CAXIAS";"Acesso irregular";"Colisão transversal";"Com Vítimas Feridas";"Anoitecer";"Decrescente";"Céu Claro";"Múltipla";"Reta";"Sim";4;0;1;0;3;0;1;2;-22,6281773;-43,28584163;"SPRF-RJ";"DEL01/RJ";"UOP02-DEL01-RJ"
759000;2026-03-17;"terça-feira";"14:15:00";"AC";364;124;"RIO BRANCO";"Manobra de mudança de faixa";"Colisão lateral mesmo sentido";"Com Vítimas Feridas";"Pleno dia";"Decrescente";"Sol";"Dupla";"Reta";"Sim";1;0;0;1;0;0;1;1;-10,01152733;-67,79687762;"SPRF-AC";"DEL01-AC";"UOP01-DEL01-AC"