"id";"data_inversa";"dia_semana";"horario";"uf";"br";"km";"municipio";"causa_acidente";"tipo_acidente";"classificacao_acidente";"fase_dia";"sentido_via";"condicao_metereologica";"tipo_pista";"tracado_via";"uso_solo";"pessoas";"mortos";"feridos_leves";"feridos_graves";"ilesos";"ignorados";"feridos";"veiculos";"latitude";"longitude";"regional";"delegacia";"uop"
759499;2026-03-20;"sexta-feira";"06:40:00";"SC";116;220,1;"CORREIA PINTO";"Acessar a via sem observar a presença dos outros veículos";"Colisão transversal";"Com Vítimas Feridas";"Pleno dia";"Decrescente";"Céu Claro";"Simples";"Rotatória";"Sim";2;0;2;0;0;0;2;2;-27,5904848;-50,362166;"SPRF-SC";"DEL05/SC";"UOP03-DEL05-SC"
759501;2026-03-20;"sexta-feira";"06:45:00";"GO";70;2;"AGUAS LINDAS DE GOIAS";"Reação tardia ou ineficiente do condutor";"Colisão traseira";"Com Vítimas Feridas";"Pleno dia";"Crescente";"Céu Claro";"Dupla";"Reta";"Sim";2;0;1;0;1;0;1;2;-15,76182958;-48,23758149;"SPRF-DF";"DEL03-DF";"UOP02-DEL03-DF"
759502;2026-03-20;"sexta-feira";"07:20:00";"PB";101;88;"JOAO PESSOA";"Ausência de reação do condutor";"Colisão traseira";"Com Vítimas Feridas";"Pleno dia";"Decrescente";"Céu Claro";"Dupla";"Reta";"Sim";3;0;2;0;1;0;2;2;-7,168;-34,897;"SPRF-PB";"DEL01-PB";"UOP01-DEL01-PB"
759503;2026-03-20;"sexta-feira";"06:30:00";"PR";116;123;"CURITIBA";"Condutor deixou de manter distância do veículo da frente";"Tombamento";"Com Vítimas Feridas";"Pleno dia";"Decrescente";"Céu Claro";"Dupla";"Reta";"Não";1;0;1;0;0;0;1;1;-25,616143;-49,317476;"SPRF-PR";"DEL01/PR";"UOP03-DEL01-PR"
759504;2026-03-20;"sexta-feira";"07:05:00";"AL";104;34;"UNIAO DOS PALMARES";"Acessar a via sem observar a presença dos outros veículos";"Colisão transversal";"Com Vítimas Feridas";"Pleno dia";"Crescente";"Céu Claro";"Simples";"Reta";"Sim";3;0;2;1;0;0;3;2;-9,15618427;-36,01326942;"SPRF-AL";"DEL01-AL";"UOP02-DEL01-AL"
759506;2026-03-20;"sexta-feira";"07:15:00";"PB";101;88;"JOAO PESSOA";"Manobra de mudança de faixa";"Colisão lateral mesmo sentido";"Com Vítimas Feridas";"Pleno dia";"Decrescente";"Sol";"Dupla";"Reta";"Sim";2;0;1;0;1;0;1;2;-7,166978;-34,896562;"SPRF-PB";"DEL01-PB";"UOP01-DEL01-PB"
759507;2026-03-20;"sexta-feira";"06:09:00";"MS";262;142;"AGUA CLARA";"Ausência de reação do condutor";"Engavetamento";"Com Vítimas Feridas";"Amanhecer";"Crescente";"Sol";"Simples";"Reta";"Não";5;0;1;0;4;0;1;3;-20,445933;-52,859058;"SPRF-MS";"DEL07/MS";"UOP02-DEL07-MS"
759508;2026-03-20;"sexta-feira";"07:30:00";"RS";116;264;"CANOAS";"Reação tardia ou ineficiente do condutor";"Colisão traseira";"Com Vítimas Feridas";"Pleno dia";"Decrescente";"Nublado";"Múltipla";"Reta";"Sim";2;0;1;0;1;0;1;2;-29,9103523;-51,176905;"SPRF-RS";"DEL01/RS";"UOP01-DEL01-RS"
759509;2026-03-20;"sexta-feira";"07:10:00";"DF";40;2,7;"BRASILIA";"Reação tardia ou ineficiente do condutor";"Colisão traseira";"Com Vítimas Feridas";"Pleno dia";"Crescente";"Céu Claro";"Dupla";"Reta";"Não";3;0;1;0;1;1;1;3;-15,9972208;-47,9853466;"SPRF-DF";"DEL01-DF";"UOP01-DEL01-DF"
759510;2026-03-20;"sexta-feira";"06:40:00";"PE";408;73,3;"PAUDALHO";"Manobra de mudança de faixa";"Colisão lateral mesmo sentido";"Com Vítimas Feridas";"Pleno dia";"Crescente";"Sol";"Dupla";"Reta";"Sim";2;0;1;0;0;1;1;2;-7,93333;-35,13063;"SPRF-PE";"DEL01/PE";"UOP01-DEL01-PE"
759512;2026-03-20;"sexta-feira";"06:30:00";"ES";101;296;"CARIACICA";"Demais falhas mecânicas ou elétricas";"Queda de ocupante de veículo";"Com Vítimas Feridas";"Pleno dia";"Crescente";"Céu Claro";"Dupla";"Aclive;Reta";"Sim";2;0;1;0;1;0;1;1;-20,339395;-40,403892;"SPRF-ES";"DEL01-ES";"UOP01-DEL01-ES"
759514;2026-03-20;"sexta-feira";"07:45:00";"RJ";101;45;"CAMPOS DOS GOYTACAZES";"Condutor deixou de manter distância do veículo da frente";"Colisão traseira";"Com Vítimas Feridas";"Pleno dia";"Crescente";"Chuva";"Simples";"Declive;Reta";"Não";5;0;2;0;3;0;2;2;-21,58978;-41,31689;"SPRF-RJ";"DEL08/RJ";"UOP01-DEL08-RJ"
759516;2026-03-20;"sexta-feira";"07:20:00";"ES";101;286;"CARIACICA";"Ausência de reação do condutor";"Colisão traseira";"Com Vítimas Feridas";"Pleno dia";"Decrescente";"Nublado";"Dupla";"Reta";"Não";2;0;1;0;1;0;1;2;-20,2632229;-40,38188134;"SPRF-ES";"DEL01-ES";"UOP01-DEL01-ES"
759517;2026-03-20;"sexta-feira";"07:30:00";"BA";110;173;"RIBEIRA DO POMBAL";"Retorno proibido";"Colisão transversal";"Com Vítimas Feridas";"Pleno dia";"Decrescente";"Céu Claro";"Simples";"Reta";"Sim";2;0;0;1;1;0;1;2;-10,84210521;-38,53092136;"SPRF-BA";"DEL07/BA";"UOP02-DEL07-BA"
759518;2026-03-20;"sexta-feira";"08:04:00";"RN";101;129;"SAO JOSE DE MIPIBU";"Acessar a via sem observar a presença dos outros veículos";"Colisão lateral mesmo sentido";"Com Vítimas Fatais";"Pleno dia";"Crescente";"Céu Claro";"Dupla";"Reta";"Sim";3;1;0;0;1;1;0;3;-6,11994;-35,2333367;"SPRF-RN";"DEL01-RN";"UOP01-DEL01-RN"
759520;2026-03-20;"sexta-feira";"06:20:00";"RJ";101;322;"NITEROI";"Reação tardia ou ineficiente do condutor";"Colisão com objeto";"Sem Vítimas";"Pleno dia";"Decrescente";"Nublado";"Dupla";"Aclive;Reta";"Não";1;0;0;0;1;0;0;1;-22,8818944;-43,106304;"SPRF-RJ";"DEL02/RJ";"UOP01-DEL02-RJ"
759521;2026-03-19;"quinta-feira";"18:40:00";"RO";364;341;"JI-PARANA";"Ausência de reação do condutor";"Colisão traseira";"Com Vítimas Feridas";"Anoitecer";"Crescente";"Céu Claro";"Simples";"Ponte;Reta";"Sim";2;0;1;0;1;0;1;2;-10,88893948;-61,93157673;"SPRF-RO";"DEL02-RO";"UOP01-DEL02-RO"
759522;2026-03-20;"sexta-feira";"07:40:00";"PR";376;616;"SAO JOSE DOS PINHAIS";"Reação tardia ou ineficiente do condutor";"Colisão traseira";"Com Vítimas Feridas";"Pleno dia";"Crescente";"Céu Claro";"Simples";"Reta";"Sim";2;0;1;0;1;0;1;2;-25,583338;-49,17711709;"SPRF-PR";"DEL01/PR";"UOP04-DEL01-PR"
759523;2026-03-20;"sexta-feira";"06:50:00";"SC";101;134,8;"BALNEARIO CAMBORIU";"Trafegar com motocicleta (ou similar) entre as faixas";"Tombamento";"Com Vítimas Feridas";"Pleno dia";"Crescente";"Céu Claro";"Dupla";"Reta";"Sim";1;0;0;1;0;0;1;1;-27,00438466;-48,62995148;"SPRF-SC";"DEL04/SC";"UOP03-DEL04-SC"
759524;2026-03-20;"sexta-feira";"08:10:00";"MG";381;705,7;"LAVRAS";"Reação tardia ou ineficiente do condutor";"Colisão com objeto";"Com Vítimas Feridas";"Pleno dia";"Crescente";"Chuva";"Dupla";"Curva";"Não";4;0;1;0;3;0;1;1;-21,32535802;-45,16702652;"SPRF-MG";"DEL04/MG";"UOP02-DEL04-MG"
759525;2026-03-20;"sexta-feira";"07:48:00";"PE";101;42;"IGARASSU";"Acessar a via sem observar a presença dos outros veículos";"Colisão lateral mesmo sentido";"Com Vítimas Feridas";"Pleno dia";"Decrescente";"Sol";"Múltipla";"Reta;Retorno Regulamentado";"Sim";2;0;1;0;1;0;1;2;-7,84460179;-34,91046309;"SPRF-PE";"DEL01/PE";"UOP02-DEL01-PE"
759526;2026-03-20;"sexta-feira";"07:50:00";"RJ";493;6;"ITABORAI";"Pista esburacada";"Tombamento";"Com Vítimas Feridas";"Pleno dia";"Decrescente";"Nublado";"Simples";"Em Obras;Reta";"Sim";2;0;1;0;1;0;1;1;-22,7387572;-42,95397878;"SPRF-RJ";"DEL02/RJ";"UOP02-DEL02-RJ"
759527;2026-02-01;"domingo";"17:20:00";"RN";406;104,2;"JOAO CAMARA";"Acessar a via sem observar a presença dos outros veículos";"Colisão transversal";"Com Vítimas Feridas";"Pleno dia";"Crescente";"Céu Claro";"Simples";"Interseção de Vias;Reta";"Sim";2;0;0;1;1;0;1;2;-5,541193;-35,803763;"SPRF-RN";"DEL02-RN";"UOP01-DEL02-RN"
759528;2026-03-20;"sexta-feira";"08:39:00";"PE";101;70;"RECIFE";"Trafegar com motocicleta (ou similar) entre as faixas";"Colisão lateral mesmo sentido";"Com Vítimas Feridas";"Pleno dia";"Decrescente";"Céu Claro";"Dupla";"Reta";"Sim";2;0;1;0;1;0;1;2;-8,066605;-34,942035;"SPRF-PE";"DEL01/PE";"UOP01-DEL01-PE"
759529;2026-03-07;"sábado";"07:30:00";"PR";376;186;"MARIALVA";"Acessar a via sem observar a presença dos outros veículos";"Colisão lateral mesmo sentido";"Com Vítimas Feridas";"Pleno dia";"Crescente";"Céu Claro";"Dupla";"Aclive";"Sim";2;0;2;0;0;0;2;2;-23,45622;-51,845469;"SPRF-PR";"DEL09/PR";"UOP01-DEL09-PR"
759530;2026-03-20;"sexta-feira";"08:50:00";"SP";153;65;"SAO JOSE DO RIO PRETO";"Mal súbito do condutor";"Queda de ocupante de veículo";"Com Vítimas Feridas";"Pleno dia";"Decrescente";"Céu Claro";"Dupla";"Reta";"Não";1;0;1;0;0;0;1;1;-20,84033534;-49,3687563;"SPRF-SP";"DEL09/SP";"UOP01-DEL09-SP"
759531;2026-03-20;"sexta-feira";"09:00:00";"SC";101;415,1;"ARARANGUA";"Condutor deixou de manter distância do veículo da frente";"Colisão traseira";"Com Vítimas Feridas";"Pleno dia";"Crescente";"Céu Claro";"Simples";"Reta";"Sim";2;0;0;1;1;0;1;2;-28,973872;-49,530632;"SPRF-SC";"DEL02/SC";"UOP02-DEL02-SC"
759532;2026-03-20;"sexta-feira";"09:28:00";"PE";101;69;"RECIFE";"Manobra de mudança de faixa";"Colisão lateral mesmo sentido";"Com Vítimas Feridas";"Pleno dia";"Decrescente";"Céu Claro";"Dupla";"Reta";"Sim";2;0;0;1;0;1;1;2;-8,060053;-34,945608;"SPRF-PE";"DEL01/PE";"UOP01-DEL01-PE"
759535;2026-03-20;"sexta-feira";"09:10:00";"GO";40;13;"LUZIANIA";"Acessar a via sem observar a presença dos outros veículos";"Colisão lateral mesmo sentido";"Com Vítimas Feridas";"Pleno dia";"Decrescente";"Céu Claro";"Dupla";"Reta";"Sim";3;0;2;0;1;0;2;2;-16,150282;-47,940722;"SPRF-DF";"DEL01-DF";"UOP01-DEL01-DF"
759537;2026-03-20;"sexta-feira";"09:30:00";"PE";423;93,4;"GARANHUNS";"Acessar a via sem observar a presença dos outros veículos";"Colisão transversal";"Sem Vítimas";"Pleno dia";"Decrescente";"Céu Claro";"Simples";"Reta";"Sim";3;0;0;0;3;0;0;2;-8,871798;-36,46639;"SPRF-PE";"DEL03/PE";"UOP01-DEL03-PE"
759538;2026-03-19;"quinta-feira";"16:10:00";"RJ";40;59;"PETROPOLIS";"Velocidade Incompatível";"Colisão traseira";"Com Vítimas Feridas";"Pleno dia";"Decrescente";"Chuva";"Dupla";"Curva";"Não";5;0;4;0;1;0;4;2;-22,2840136;-43,11309814;"SPRF-RJ";"DEL05/RJ";"UOP02-DEL05-RJ"
759540;2026-03-20;"sexta-feira";"09:50:00";"ES";101;126,9;"SOORETAMA";"Manobra de mudança de faixa";"Colisão lateral mesmo sentido";"Com Vítimas Feridas";"Pleno dia";"Crescente";"Céu Claro";"Múltipla";"Declive;Reta";"Sim";4;0;0;1;3;0;1;2;-19,20283126;-40,09576781;"SPRF-ES";"DEL04-ES";"UOP01-DEL04-ES"
759541;2026-03-20;"sexta-feira";"06:30:00";"RJ";101;310;"SAO GONCALO";"Pedestre andava na pista";"Atropelamento de Pedestre";"Com Vítimas Feridas";"Pleno dia";"Crescente";"Céu Claro";"Dupla";"Reta";"Não";2;0;0;1;1;0;1;2;-22,79829108;-43,04810212;"SPRF-RJ";"DEL02/RJ";"UOP02-DEL02-RJ"
759542;2026-03-20;"sexta-feira";"10:05:00";"RS";386;341,5;"LAJEADO";"Ausência de reação do condutor";"Tombamento";"Com Vítimas Feridas";"Pleno dia";"Decrescente";"Nublado";"Múltipla";"Reta";"Sim";1;0;0;1;0;0;1;1;-29,429867;-52,015582;"SPRF-RS";"DEL04/RS";"UOP01-DEL04-RS"
759545;2026-03-08;"domingo";"09:53:00";"PR";163;124;"REALEZA";"Ausência de sinalização";"Saída de leito carroçável";"Com Vítimas Feridas";"Pleno dia";"Crescente";"Céu Claro";"Simples";"Curva";"Não";1;0;0;1;0;0;1;1;-25,60502558;-53,56430881;"SPRF-PR";"DEL02/PR";"UOP02-DEL02-PR"
759546;2026-03-20;"sexta-feira";"08:00:00";"RS";290;35,5;"SANTO ANTONIO DA PATRULHA";"Reação tardia ou ineficiente do condutor";"Queda de ocupante de veículo";"Com Vítimas Feridas";"Pleno dia";"Crescente";"Céu Claro";"Dupla";"Reta";"Não";2;0;2;0;0;0;2;1;-29,884883;-50,612285;"SPRF-RS";"DEL03/RS";"UOP01-DEL03-RS"
759549;2026-03-20;"sexta-feira";"09:30:00";"SC";470;274;"BRUNOPOLIS";"Ausência de reação do condutor";"Colisão transversal";"Com Vítimas Feridas";"Pleno dia";"Decrescente";"Céu Claro";"Simples";"Reta";"Não";2;0;1;0;1;0;1;2;-27,328177;-50,809063;"SPRF-SC";"DEL07/SC";"UOP06-DEL07-SC"
759550;2026-03-15;"domingo";"16:30:00";"PE";232;56,5;"POMBOS";"Velocidade Incompatível";"Saída de leito carroçável";"Com Vítimas Feridas";"Pleno dia";"Crescente";"Sol";"Dupla";"Reta";"Não";2;0;2;0;0;0;2;1;-8,14002393;-35,37893621;"SPRF-PE";"DEL02/PE";"UOP02-DEL02PE"
759552;2026-02-16;"segunda-feira";"02:40:00";"PB";104;132;"QUEIMADAS";"Animais na Pista";"Atropelamento de Animal";"Com Vítimas Feridas";"Plena Noite";"Decrescente";"Nublado";"Simples";"Reta";"Não";2;0;1;0;1;0;1;1;-7,306585;-35,89329;"SPRF-PB";"DEL02-PB";"UOP03-DEL02-PB"
759553;2026-03-20;"sexta-feira";"10:10:00";"PR";116;39;"CAMPINA GRANDE DO SUL";"Acumulo de óleo sobre o pavimento";"Tombamento";"Com Vítimas Feridas";"Pleno dia";"Decrescente";"Céu Claro";"Dupla";"Curva";"Não";1;0;1;0;0;0;1;1;-25,16904249;-48,86657445;"SPRF-PR";"DEL01/PR";"UOP02-DEL01-PR"
759554;2026-03-20;"sexta-feira";"09:53:00";"AP";210;103,7;"PORTO GRANDE";"Manobra de mudança de faixa";"Colisão traseira";"Com Vítimas Feridas";"Pleno dia";"Crescente";"Céu Claro";"Simples";"Reta";"Não";2;0;0;1;1;0;1;2;0,69548072;-51,38637956;"SPRF-AP";"DEL01-AP";"UOP01-DEL01-AP"
759556;2026-03-20;"sexta-feira";"10:20:00";"RN";110;43,5;"MOSSORO";"Acessar a via sem observar a presença dos outros veículos";"Colisão transversal";"Com Vítimas Feridas";"Pleno dia";"Crescente";"Céu Claro";"Simples";"Reta";"Sim";2;0;0;1;1;0;1;2;-5,1116;-37,2038;"SPRF-RN";"DEL04-RN";"UOP01-DEL04-RN"
759557;2026-03-20;"sexta-feira";"08:40:00";"MS";376;25;"FATIMA DO SUL";"Ausência de reação do condutor";"Colisão traseira";"Sem Vítimas";"Pleno dia";"Decrescente";"Céu Claro";"Simples";"Reta";"Não";2;0;0;0;2;0;0;2;-22,369558;-54,531152;"SPRF-MS";"DEL04/MS";"UOP01-DEL04-MS"
759559;2026-03-20;"sexta-feira";"09:00:00";"MG";381;728,2;"CARMO DA CACHOEIRA";"Chuva";"Colisão com objeto";"Com Vítimas Feridas";"Pleno dia";"Crescente";"Chuva";"Dupla";"Curva";"Não";2;0;2;0;0;0;2;1;-21,48915182;-45,20730257;"SPRF-MG";"DEL04/MG";"UOP02-DEL04-MG"
759560;2026-03-20;"sexta-feira";"11:10:00";"PR";277;79;"CURITIBA";"Ausência de reação do condutor";"Colisão traseira";"Com Vítimas Feridas";"Pleno dia";"Crescente";"Céu Claro";"Dupla";"Reta;Em Obras";"Sim";3;0;1;1;1;0;2;2;-25,47736912;-49,20439331;"SPRF-PR";"DEL01/PR";"UOP08-DEL01-PR"
759561;2026-03-20;"sexta-feira";"11:00:00";"PE";424;82;"GARANHUNS";"Ausência de reação do condutor";"Colisão transversal";"Com Vítimas Feridas";"Pleno dia";"Crescente";"Céu Claro";"Simples";"Aclive";"Não";3;0;2;1;0;0;3;2;-8,84189;-36,529932;"SPRF-PE";"DEL03/PE";"UOP01-DEL03-PE"
759562;2026-03-20;"sexta-feira";"07:15:00";"PE";101;74,6;"RECIFE";"Condutor deixou de manter distância do veículo da frente";"Colisão traseira";"Sem Vítimas";"Pleno dia";"Crescente";"Céu Claro";"Dupla";"Reta";"Sim";5;0;0;0;5;0;0;2;-8,107132;-34,948333;"SPRF-PE";"DEL01/PE";"UOP01-DEL01-PE"
759564;2026-03-20;"sexta-feira";"11:00:00";"PR";376;231,6;"APUCARANA";"Condutor deixou de manter distância do veículo da frente";"Colisão traseira";"Com Vítimas Feridas";"Pleno dia";"Crescente";"Céu Claro";"Dupla";"Reta;Interseção de Vias";"Sim";2;0;0;1;1;0;1;2;-23,567054;-51,523257;"SPRF-PR";"DEL07/PR";"UOP03-DEL07-PR"
759565;2026-03-09;"segunda-feira";"06:57:00";"CE";116;32,6;"AQUIRAZ";"Manobra de mudança de faixa";"Colisão lateral mesmo sentido";"Com Vítimas Feridas";"Amanhecer";"Decrescente";"Céu Claro";"Dupla";"Reta";"Sim";5;0;5;0;0;0;5;2;-4,033629;-38,510115;"SPRF-CE";"DEL01/CE";"UOP02-DEL01-CE"
759566;2026-02-20;"sexta-feira";"21:07:00";"PI";343;343;"TERESINA";"Condutor deixou de manter distância do veículo da frente";"Colisão traseira";"Com Vítimas Feridas";"Plena Noite";"Crescente";"Nublado";"Dupla";"Declive;Reta";"Não";2;0;1;0;1;0;1;2;-5,09408;-42,76254;"SPRF-PI";"DEL01-PI";"UOP01-DEL01-PI"
759567;2026-03-20;"sexta-feira";"09:00:00";"PR";272;525,9;"FRANCISCO ALVES";"Acessar a via sem observar a presença dos outros veículos";"Colisão transversal";"Com Vítimas Feridas";"Pleno dia";"Decrescente";"Céu Claro";"Simples";"Interseção de Vias";"Sim";2;0;1;0;1;0;1;2;-24,06403994;-53,84015322;"SPRF-PR";"DEL06/PR";"UOP01-DEL06-PR"
759569;2026-03-20;"sexta-feira";"12:20:00";"RS";290;91;"PORTO ALEGRE";"Manobra de mudança de faixa";"Colisão traseira";"Com Vítimas Feridas";"Pleno dia";"Decrescente";"Céu Claro";"Dupla";"Retorno Regulamentado;Reta";"Não";3;0;1;0;2;0;1;2;-29,96941062;-51,16954979;"SPRF-RS";"DEL01/RS";"UOP01-DEL01-RS"
759570;2026-03-20;"sexta-feira";"11:05:00";"MT";163;829;"SINOP";"Reação tardia ou ineficiente do condutor";"Queda de ocupante de veículo";"Sem Vítimas";"Pleno dia";"Crescente";"Céu Claro";"Simples";"Retorno Regulamentado";"Sim";2;0;0;0;2;0;0;2;-11,91336643;-55,50880909;"SPRF-MT";"DEL06/MT";"UOP02-DEL06-MT"
759571;2026-03-20;"sexta-feira";"12:00:00";"RS";153;49,8;"ERECHIM";"Acessar a via sem observar a presença dos outros veículos";"Colisão transversal";"Com Vítimas Feridas";"Pleno dia";"Crescente";"Céu Claro";"Simples";"Interseção de Vias;Reta";"Sim";3;0;0;2;1;0;2;2;-27,65544047;-52,26878643;"SPRF-RS";"DEL08/RS";"UOP04-DEL08-RS"
759574;2026-03-20;"sexta-feira";"12:25:00";"RN";304;31;"MOSSORO";"Mal súbito do condutor";"Tombamento";"Com Vítimas Feridas";"Pleno dia";"Decrescente";"Sol";"Simples";"Reta";"Sim";1;0;1;0;0;0;1;1;-5,132767;-37,34439;"SPRF-RN";"DEL04-RN";"UOP02-DEL04-RN"
759575;2026-03-20;"sexta-feira";"12:10:00";"DF";20;14,8;"BRASILIA";"Ausência de reação do condutor";"Engavetamento";"Com Vítimas Feridas";"Pleno dia";"Crescente";"Céu Claro";"Dupla";"Em Obras;Reta";"Não";6;0;1;0;5;0;1;4;-15,630648;-47,733468;"SPRF-DF";"DEL02-DF";"UOP01-DEL02-DF"
759576;2026-02-16;"segunda-feira";"12:40:00";"PA";163;282;"NOVO PROGRESSO";"Reação tardia ou ineficiente do condutor";"Colisão lateral mesmo sentido";"Com Vítimas Feridas";"Pleno dia";"Crescente";"Céu Claro";"Simples";"Reta";"Não";4;0;2;0;2;0;2;2;-7,26589425;-55,31979949;"SPRF-PA";"DEL05/PA";"UOP03-DEL05-PA"
759577;2026-03-20;"sexta-feira";"12:30:00";"SP";153;61,7;"SAO JOSE DO RIO PRETO";"Trafegar com motocicleta (ou similar) entre as faixas";"Tombamento";"Com Vítimas Feridas";"Pleno dia";"Crescente";"Céu Claro";"Dupla";"Declive;Reta";"Não";2;0;1;0;0;1;1;2;-20,807224;-49,356294;"SPRF-SP";"DEL09/SP";"UOP01-DEL09-SP"
759578;2026-03-20;"sexta-feira";"12:10:00";"GO";153;59;"PORANGATU";"Reação tardia ou ineficiente do condutor";"Saída de leito carroçável";"Com Vítimas Feridas";"Pleno dia";"Decrescente";"Chuva";"Simples";"Reta";"Não";1;0;1;0;0;0;1;1;-13,39446241;-49,12948608;"SPRF-GO";"DEL07/GO";"UOP01-DEL07-GO"
759580;2026-03-20;"sexta-feira";"07:10:00";"MT";70;524;"VARZEA GRANDE";"Ausência de reação do condutor";"Engavetamento";"Sem Vítimas";"Pleno dia";"Decrescente";"Céu Claro";"Dupla";"Reta;Rotatória";"Sim";7;0;0;0;7;0;0;3;-15,65016;-56,19633;"SPRF-MT";"DEL01/MT";"UOP02-DEL01-MT"
759583;2026-03-20;"sexta-feira";"10:40:00";"CE";20;362;"MARANGUAPE";"Acessar a via sem observar a presença dos outros veículos";"Colisão transversal";"Com Vítimas Fatais";"Pleno dia";"Crescente";"Céu Claro";"Simples";"Curva";"Não";2;1;0;0;1;0;0;2;-4,008252;-38,971686;"SPRF-CE";"DEL02/CE";"UOP01-DEL02-CE"
759584;2026-03-20;"sexta-feira";"13:00:00";"SP";116;160;"JACAREI";"Ultrapassagem Indevida";"Colisão lateral mesmo sentido";"Com Vítimas Feridas";"Pleno dia";"Crescente";"Céu Claro";"Dupla";"Reta";"Não";2;0;1;0;0;1;1;2;-23,27417788;-45,97275607;"SPRF-SP";"DEL02/SP";"UOP01-DEL02-SP"
759585;2026-03-20;"sexta-feira";"13:30:00";"RS";116;521;"PELOTAS";"Desrespeitar a preferência no cruzamento";"Colisão transversal";"Com Vítimas Feridas";"Pleno dia";"Decrescente";"Céu Claro";"Dupla";"Viaduto";"Sim";2;0;1;0;1;0;1;2;-31,70664;-52,367807;"SPRF-RS";"DEL07/RS";"UOP01-DEL07-RS"
759586;2026-03-20;"sexta-feira";"12:55:00";"RN";101;112;"SAO JOSE DE MIPIBU";"Acessar a via sem observar a presença dos outros veículos";"Colisão traseira";"Com Vítimas Feridas";"Pleno dia";"Crescente";"Sol";"Dupla";"Retorno Regulamentado;Reta";"Não";3;0;1;1;1;0;2;2;-5,967677;-35,264537;"SPRF-RN";"DEL01-RN";"UOP01-DEL01-RN"
759587;2026-03-20;"sexta-feira";"11:00:00";"MG";381;1;"BETIM";"Condutor deixou de manter distância do veículo da frente";"Colisão traseira";"Com Vítimas Feridas";"Pleno dia";"Decrescente";"Nublado";"Dupla";"Reta";"Não";2;0;1;0;1;0;1;2;-19,96528177;-44,15817261;"SPRF-MG";"DEL01/MG";"UOP03-DEL01-MG"
759588;2026-03-20;"sexta-feira";"11:20:00";"MG";116;107;"ITAOBIM";"Reação tardia ou ineficiente do condutor";"Colisão com objeto";"Com Vítimas Feridas";"Pleno dia";"Crescente";"Céu Claro";"Simples";"Reta";"Não";3;0;1;2;0;0;3;1;-16,49898027;-41,50999546;"SPRF-MG";"DEL11/MG";"UOP02-DEL11-MG"
759590;2026-03-04;"quarta-feira";"11:30:00";"RJ";116;173;"SAO JOAO DE MERITI";"Manobra de mudança de faixa";"Colisão lateral mesmo sentido";"Sem Vítimas";"Pleno dia";"Decrescente";"Céu Claro";"Múltipla";"Reta";"Sim";4;0;0;0;4;0;0;2;-22,80121556;-43,35155424;"SPRF-RJ";"DEL06/RJ";"UOP01-DEL06-RJ"
759591;2026-03-07;"sábado";"08:00:00";"MG";40;526;"CONTAGEM";"Avarias e/ou desgaste excessivo no pneu";"Queda de ocupante de veículo";"Com Vítimas Feridas";"Pleno dia";"Decrescente";"Nublado";"Dupla";"Reta";"Sim";2;0;2;0;0;0;2;1;-19,89622037;-44,04975839;"SPRF-MG";"DEL01/MG";"UOP02-DEL01-MG"
759592;2026-03-20;"sexta-feira";"13:50:00";"RJ";493;22;"MAGE";"Velocidade Incompatível";"Colisão transversal";"Com Vítimas Feridas";"Pleno dia";"Decrescente";"Chuva";"Simples";"Reta";"Não";2;0;1;0;1;0;1;2;-22,6575616;-43,05750132;"SPRF-RJ";"DEL04/RJ";"UOP02-DEL04-RJ"
759593;2026-03-20;"sexta-feira";"13:43:00";"BA";324;513;"FEIRA DE SANTANA";"Retorno proibido";"Colisão transversal";"Com Vítimas Feridas";"Pleno dia";"Decrescente";"Céu Claro";"Múltipla";"Interseção de Vias;Reta";"Sim";2;0;2;0;0;0;2;2;-12,23189;-38,954915;"SPRF-BA";"DEL02/BA";"UOP01-DEL02-BA"
759594;2026-03-20;"sexta-feira";"11:55:00";"SC";163;2,8;"DIONISIO CERQUEIRA";"Acessar a via sem observar a presença dos outros veículos";"Colisão transversal";"Com Vítimas Feridas";"Pleno dia";"Decrescente";"Céu Claro";"Simples";"Reta";"Sim";2;0;1;1;0;0;2;2;-26,26579503;-53,63882244;"SPRF-SC";"DEL07/SC";"UOP03-DEL07-SC"
759595;2026-03-20;"sexta-feira";"13:51:00";"MG";381;628;"OLIVEIRA";"Ausência de reação do condutor";"Capotamento";"Com Vítimas Feridas";"Pleno dia";"Crescente";"Chuva";"Dupla";"Curva";"Não";1;0;1;0;0;0;1;1;-20,81962134;-44,8004365;"SPRF-MG";"DEL04/MG";"UOP01-DEL04-MG"
759596;2026-03-16;"segunda-feira";"18:30:00";"RJ";101;316;"SAO GONCALO";"Manobra de mudança de faixa";"Colisão traseira";"Com Vítimas Feridas";"Plena Noite";"Decrescente";"Céu Claro";"Dupla";"Reta";"Sim";2;0;1;0;0;1;1;2;-22,82805866;-43,09189723;"SPRF-RJ";"DEL02/RJ";"UOP02-DEL02-RJ"
759597;2026-03-20;"sexta-feira";"12:10:00";"SC";280;119;"SAO BENTO DO SUL";"Acessar a via sem observar a presença dos outros veículos";"Colisão traseira";"Com Vítimas Feridas";"Pleno dia";"Decrescente";"Céu Claro";"Simples";"Declive;Reta";"Não";2;0;1;0;1;0;1;2;-26,255841;-49,449961;"SPRF-SC";"DEL06/SC";"UOP03-DEL06-SC"