"id";"data_inversa";"dia_semana";"horario";"uf";"br";"km";"municipio";"causa_acidente";"tipo_acidente";"classificacao_acidente";"fase_dia";"sentido_via";"condicao_metereologica";"tipo_pista";"tracado_via";"uso_solo";"pessoas";"mortos";"feridos_leves";"feridos_graves";"ilesos";"ignorados";"feridos";"veiculos";"latitude";"longitude";"regional";"delegacia";"uop"
759599;2026-03-20;"sexta-feira";"14:40:00";"GO";70;2,4;"AGUAS LINDAS DE GOIAS";"Estacionar ou parar em local proibido";"Colisão traseira";"Com Vítimas Feridas";"Pleno dia";"Crescente";"Céu Claro";"Dupla";"Reta";"Não";2;0;1;0;0;1;1;2;-15,763892;-48,23201;"SPRF-DF";"DEL03-DF";"UOP02-DEL03-DF"
759600;2026-02-24;"terça-feira";"11:30:00";"RJ";40;43;"AREAL";"Curva acentuada";"Colisão com objeto";"Com Vítimas Feridas";"Pleno dia";"Decrescente";"Nublado";"Dupla";"Curva;Declive";"Não";2;0;1;0;1;0;1;1;-22,26899147;-43,11028417;"SPRF-RJ";"DEL05/RJ";"UOP02-DEL05-RJ"
759602;2026-03-20;"sexta-feira";"13:20:00";"SC";101;435;"SOMBRIO";"Reação tardia ou ineficiente do condutor";"Colisão traseira";"Com Vítimas Feridas";"Pleno dia";"Decrescente";"Céu Claro";"Simples";"Reta";"Sim";2;0;0;1;1;0;1;2;-29,106;-49,635;"SPRF-SC";"DEL02/SC";"UOP02-DEL02-SC"
759603;2026-02-01;"domingo";"21:40:00";"PA";163;296;"NOVO PROGRESSO";"Demais falhas na via";"Saída de leito carroçável";"Sem Vítimas";"Plena Noite";"Crescente";"Ignorado";"Simples";"Reta";"Não";1;0;0;0;0;1;0;1;-7,1616;-55,3678;"SPRF-PA";"DEL05/PA";"UOP03-DEL05-PA"
759606;2026-03-20;"sexta-feira";"14:50:00";"BA";324;580;"SAO SEBASTIAO DO PASSE";"Avarias e/ou desgaste excessivo no pneu";"Queda de ocupante de veículo";"Com Vítimas Feridas";"Pleno dia";"Decrescente";"Sol";"Dupla";"Reta";"Sim";2;0;2;0;0;0;2;1;-12,5805843;-38,5350737;"SPRF-BA";"DEL01/BA";"UOP01-DEL01-BA"
759607;2026-03-20;"sexta-feira";"14:40:00";"PR";163;190;"CASCAVEL";"Ingestão de álcool pelo condutor";"Saída de leito carroçável";"Sem Vítimas";"Pleno dia";"Crescente";"Céu Claro";"Simples";"Viaduto";"Não";1;0;0;0;1;0;0;1;-25,02556234;-53,5486836;"SPRF-PR";"DEL05/PR";"UOP05-DEL05-PR"
759610;2026-03-20;"sexta-feira";"15:25:00";"BA";407;4;"JUAZEIRO";"Conversão proibida";"Colisão transversal";"Com Vítimas Feridas";"Pleno dia";"Crescente";"Céu Claro";"Simples";"Reta";"Não";3;0;2;0;1;0;2;2;-9,44691;-40,49092;"SPRF-PE";"DEL06/PE";"UOP01-DEL06-PE"
759611;2026-03-20;"sexta-feira";"15:35:00";"GO";153;534,2;"HIDROLANDIA";"Ausência de reação do condutor";"Saída de leito carroçável";"Com Vítimas Feridas";"Pleno dia";"Crescente";"Chuva";"Dupla";"Declive;Reta";"Não";3;0;1;0;2;0;1;1;-16,995402;-49,227023;"SPRF-GO";"DEL01/GO";"UOP03-DEL01-GO"
759612;2026-03-20;"sexta-feira";"14:20:00";"MG";40;703,9;"BARBACENA";"Acessar a via sem observar a presença dos outros veículos";"Colisão lateral mesmo sentido";"Com Vítimas Feridas";"Pleno dia";"Crescente";"Chuva";"Dupla";"Reta";"Não";3;0;0;1;2;0;1;2;-21,202694;-43,749524;"SPRF-MG";"DEL05/MG";"UOP02-DEL05-MG"
759614;2026-03-20;"sexta-feira";"16:00:00";"TO";153;349,9;"FORTALEZA DO TABOCAO";"Avarias e/ou desgaste excessivo no pneu";"Saída de leito carroçável";"Com Vítimas Fatais";"Pleno dia";"Crescente";"Chuva";"Simples";"Declive;Reta";"Não";3;1;0;0;2;0;0;1;-8,977635;-48,497578;"SPRF-TO";"DEL02-TO";"UOP02-DEL02-TO"
759615;2026-03-20;"sexta-feira";"15:50:00";"MG";381;353;"JOAO MONLEVADE";"Conversão proibida";"Colisão transversal";"Com Vítimas Feridas";"Pleno dia";"Crescente";"Nublado";"Simples";"Reta";"Sim";2;0;1;0;1;0;1;2;-19,84209875;-43,20108444;"SPRF-MG";"DEL03/MG";"UOP01-DEL03-MG"
759616;2026-02-12;"quinta-feira";"12:10:00";"SC";116;72,3;"MONTE CASTELO";"Acesso irregular";"Colisão transversal";"Com Vítimas Feridas";"Pleno dia";"Crescente";"Céu Claro";"Simples";"Reta";"Não";3;0;1;0;2;0;1;2;-26,489944;-50,232859;"SPRF-SC";"DEL06/SC";"UOP02-DEL06-SC"
759618;2026-03-20;"sexta-feira";"15:50:00";"RS";285;522,3;"VITORIA DAS MISSOES";"Ausência de reação do condutor";"Colisão com objeto";"Com Vítimas Feridas";"Pleno dia";"Decrescente";"Sol";"Simples";"Interseção de Vias";"Não";1;0;0;1;0;0;1;1;-28,39844544;-54,49934212;"SPRF-RS";"DEL10/RS";"UOP01-DEL10-RS"
759620;2026-03-20;"sexta-feira";"13:00:00";"GO";60;287;"ACREUNA";"Acumulo de água sobre o pavimento";"Capotamento";"Com Vítimas Feridas";"Pleno dia";"Crescente";"Nublado";"Dupla";"Reta";"Não";3;0;2;0;1;0;2;1;-17,28774442;-50,26075099;"SPRF-GO";"DEL04/GO";"UOP02-DEL04-GO"
759622;2026-03-20;"sexta-feira";"16:20:00";"BA";324;605;"SIMOES FILHO";"Demais falhas mecânicas ou elétricas";"Queda de ocupante de veículo";"Com Vítimas Feridas";"Pleno dia";"Decrescente";"Céu Claro";"Dupla";"Reta";"Não";1;0;1;0;0;0;1;1;-12,7990641;-38,40431225;"SPRF-BA";"DEL01/BA";"UOP01-DEL01-BA"
759623;2026-03-20;"sexta-feira";"08:30:00";"PE";408;53;"NAZARE DA MATA";"Condutor deixou de manter distância do veículo da frente";"Colisão traseira";"Com Vítimas Feridas";"Pleno dia";"Decrescente";"Céu Claro";"Simples";"Reta";"Sim";2;0;1;0;1;0;1;2;-7,752879;-35,231211;"SPRF-PE";"DEL01/PE";"UOP01-DEL01-PE"
759625;2026-03-20;"sexta-feira";"16:45:00";"MG";40;497,9;"ESMERALDAS";"Condutor Dormindo";"Saída de leito carroçável";"Com Vítimas Feridas";"Pleno dia";"Crescente";"Nublado";"Dupla";"Declive;Reta";"Sim";1;0;1;0;0;0;1;1;-19,68382;-44,18305;"SPRF-MG";"DEL02/MG";"UOP01-DEL02-MG"
759627;2026-03-20;"sexta-feira";"16:50:00";"DF";20;19;"BRASILIA";"Reação tardia ou ineficiente do condutor";"Colisão traseira";"Com Vítimas Feridas";"Pleno dia";"Decrescente";"Chuva";"Dupla";"Declive";"Não";3;0;1;0;2;0;1;3;-15,58191988;-47,50678182;"SPRF-DF";"DEL02-DF";"UOP01-DEL02-DF"
759628;2026-03-20;"sexta-feira";"17:30:00";"TO";10;420,3;"PORTO NACIONAL";"Reação tardia ou ineficiente do condutor";"Colisão traseira";"Sem Vítimas";"Pleno dia";"Crescente";"Céu Claro";"Simples";"Reta";"Não";6;0;0;0;6;0;0;2;-10,58496;-48,36976;"SPRF-TO";"DEL01-TO";"UOP03-DEL01-TO"
759629;2026-03-20;"sexta-feira";"17:00:00";"MG";50;20,7;"ARAGUARI";"Condutor deixou de manter distância do veículo da frente";"Colisão traseira";"Com Vítimas Feridas";"Pleno dia";"Decrescente";"Nublado";"Dupla";"Reta;Declive";"Não";4;0;2;0;1;1;2;2;-18,59176361;-48,0548577;"SPRF-MG";"DEL15/MG";"UOP02-DEL15-MG"
759630;2026-03-20;"sexta-feira";"17:00:00";"ES";447;14;"VILA VELHA";"Desrespeitar a preferência no cruzamento";"Colisão lateral mesmo sentido";"Com Vítimas Feridas";"Anoitecer";"Crescente";"Céu Claro";"Dupla";"Rotatória";"Sim";2;0;1;0;0;1;1;2;-20,34058406;-40,32774173;"SPRF-ES";"DEL01-ES";"UOP01-DEL01-ES"
759631;2026-03-20;"sexta-feira";"16:00:00";"MG";381;568,5;"ITAGUARA";"Pista Escorregadia";"Saída de leito carroçável";"Com Vítimas Feridas";"Pleno dia";"Crescente";"Chuva";"Dupla";"Aclive;Curva";"Não";2;0;1;0;1;0;1;1;-20,408331;-44,52536;"SPRF-MG";"DEL04/MG";"UOP03-DEL04-MG"
759632;2026-03-20;"sexta-feira";"17:15:00";"SP";101;49,4;"UBATUBA";"Condutor deixou de manter distância do veículo da frente";"Colisão traseira";"Com Vítimas Feridas";"Pleno dia";"Decrescente";"Nublado";"Simples";"Interseção de Vias";"Sim";2;0;1;0;1;0;1;2;-23,44639678;-45,08111;"SPRF-SP";"DEL06/SP";"UOP01-DEL06-SP"
759638;2026-03-20;"sexta-feira";"17:50:00";"SC";101;203,1;"SAO JOSE";"Desrespeitar a preferência no cruzamento";"Colisão transversal";"Com Vítimas Feridas";"Anoitecer";"Crescente";"Nublado";"Múltipla";"Interseção de Vias";"Sim";3;0;1;0;2;0;1;2;-27,56592;-48,614701;"SPRF-SC";"DEL01/SC";"UOP01-DEL01-SC"
759641;2026-03-20;"sexta-feira";"17:20:00";"PR";467;104;"CASCAVEL";"Acessar a via sem observar a presença dos outros veículos";"Colisão transversal";"Com Vítimas Feridas";"Pleno dia";"Crescente";"Céu Claro";"Dupla";"Retorno Regulamentado";"Não";2;0;1;0;1;0;1;2;-24,91172344;-53,50773096;"SPRF-PR";"DEL04/PR";"UOP01-DEL04-PR"
759642;2026-03-20;"sexta-feira";"14:00:00";"MG";459;70,4;"SENADOR JOSE BENTO";"Acumulo de óleo sobre o pavimento";"Tombamento";"Com Vítimas Feridas";"Pleno dia";"Crescente";"Céu Claro";"Simples";"Curva;Declive";"Não";1;0;1;0;0;0;1;1;-22,13361033;-46,17353833;"SPRF-MG";"DEL09/MG";"UOP01-DEL09-MG"
759643;2026-03-20;"sexta-feira";"18:05:00";"SC";282;44;"AGUAS MORNAS";"Velocidade Incompatível";"Capotamento";"Com Vítimas Feridas";"Anoitecer";"Crescente";"Nublado";"Simples";"Curva";"Não";2;0;2;0;0;0;2;1;-27,70478675;-48,81727092;"SPRF-SC";"DEL01/SC";"UOP03-DEL01-SC"
759644;2026-03-20;"sexta-feira";"17:20:00";"RJ";116;79,4;"TERESOPOLIS";"Ausência de reação do condutor";"Queda de ocupante de veículo";"Com Vítimas Feridas";"Anoitecer";"Crescente";"Chuva";"Simples";"Reta";"Não";1;0;1;0;0;0;1;1;-22,38016601;-42,9533944;"SPRF-RJ";"DEL04/RJ";"UOP01-DEL04-RJ"
759645;2026-03-20;"sexta-feira";"11:55:00";"RO";435;123;"CEREJEIRAS";"Acessar a via sem observar a presença dos outros veículos";"Colisão traseira";"Com Vítimas Feridas";"Pleno dia";"Crescente";"Céu Claro";"Dupla";"Reta";"Sim";3;0;1;1;1;0;2;2;-13,18905499;-60,81132084;"SPRF-RO";"DEL04-RO";"UOP02-DEL04-RO"
759646;2026-03-20;"sexta-feira";"17:00:00";"GO";80;45;"PADRE BERNARDO";"Pedestre cruzava a pista fora da faixa";"Atropelamento de Pedestre";"Com Vítimas Feridas";"Pleno dia";"Crescente";"Nublado";"Simples";"Reta";"Sim";2;0;0;1;1;0;1;2;-15,17271366;-48,28535199;"SPRF-DF";"DEL03-DF";"UOP02-DEL03-DF"
759647;2026-03-20;"sexta-feira";"15:40:00";"RJ";40;47;"PETROPOLIS";"Ausência de reação do condutor";"Saída de leito carroçável";"Com Vítimas Feridas";"Pleno dia";"Decrescente";"Chuva";"Dupla";"Curva";"Não";1;0;1;0;0;0;1;1;-22,30467939;-43,13021533;"SPRF-RJ";"DEL05/RJ";"UOP02-DEL05-RJ"
759649;2026-03-20;"sexta-feira";"18:20:00";"SP";116;292,8;"ITAPECERICA DA SERRA";"Avarias e/ou desgaste excessivo no pneu";"Colisão com objeto";"Sem Vítimas";"Anoitecer";"Crescente";"Céu Claro";"Dupla";"Reta";"Não";1;0;0;0;1;0;0;1;-23,73272074;-46,89515054;"SPRF-SP";"DEL04/SP";"UOP01-DEL04-SP"
759651;2026-03-20;"sexta-feira";"18:10:00";"SC";282;16,4;"PALHOCA";"Condutor deixou de manter distância do veículo da frente";"Queda de ocupante de veículo";"Com Vítimas Feridas";"Anoitecer";"Crescente";"Garoa/Chuvisco";"Simples";"Reta";"Sim";2;0;1;0;0;1;1;2;-27,66169;-48,68446;"SPRF-SC";"DEL01/SC";"UOP02-DEL01-SC"
759652;2026-03-20;"sexta-feira";"18:30:00";"SC";101;214;"PALHOCA";"Pista Escorregadia";"Tombamento";"Com Vítimas Feridas";"Plena Noite";"Crescente";"Chuva";"Múltipla";"Reta";"Não";1;0;1;0;0;0;1;1;-27,62601917;-48,65508763;"SPRF-SC";"DEL01/SC";"UOP02-DEL01-SC"
759656;2026-03-20;"sexta-feira";"19:00:00";"PI";343;16,4;"PARNAIBA";"Deficiência do Sistema de Iluminação/Sinalização";"Colisão transversal";"Com Vítimas Feridas";"Plena Noite";"Decrescente";"Nublado";"Simples";"Reta;Interseção de Vias";"Sim";5;0;0;1;4;0;1;2;-2,949144;-41,757071;"SPRF-PI";"DEL05-PI";"UOP01-DEL05-PI"
759659;2026-03-20;"sexta-feira";"14:30:00";"MG";40;509;"RIBEIRAO DAS NEVES";"Avarias e/ou desgaste excessivo no pneu";"Queda de ocupante de veículo";"Com Vítimas Feridas";"Pleno dia";"Decrescente";"Céu Claro";"Dupla";"Reta";"Sim";1;0;1;0;0;0;1;1;-19,7661298711;-44,1294230471;"SPRF-MG";"DEL01/MG";"UOP02-DEL01-MG"
759660;2026-03-20;"sexta-feira";"18:10:00";"SC";470;137;"RIO DO SUL";"Acessar a via sem observar a presença dos outros veículos";"Colisão transversal";"Com Vítimas Feridas";"Anoitecer";"Decrescente";"Céu Claro";"Simples";"Retorno Regulamentado";"Sim";2;0;0;1;1;0;1;2;-27,20469272;-49,63881461;"SPRF-SC";"DEL04/SC";"UOP02-DEL04-SC"
759662;2026-03-20;"sexta-feira";"11:00:00";"ES";101;68,3;"SAO MATEUS";"Frear bruscamente";"Tombamento";"Com Vítimas Feridas";"Pleno dia";"Decrescente";"Chuva";"Simples";"Declive;Reta";"Não";1;0;1;0;0;0;1;1;-18,730352;-39,860145;"SPRF-ES";"DEL04-ES";"UOP02-DEL04-ES"
759663;2026-03-20;"sexta-feira";"19:10:00";"MA";10;254;"IMPERATRIZ";"Ausência de reação do condutor";"Colisão transversal";"Com Vítimas Feridas";"Plena Noite";"Crescente";"Chuva";"Simples";"Reta;Interseção de Vias";"Sim";2;0;1;0;1;0;1;2;-5,51527918;-47,47160196;"SPRF-MA";"DEL04-MA";"UOP01-DEL04-MA"
759666;2026-03-20;"sexta-feira";"18:40:00";"RN";304;216,7;"CAICARA DO RIO DO VENTO";"Animais na Pista";"Atropelamento de Animal";"Sem Vítimas";"Plena Noite";"Decrescente";"Céu Claro";"Simples";"Reta";"Não";1;0;0;0;1;0;0;1;-5,75687748;-36,01908445;"SPRF-RN";"DEL01-RN";"UOP03-DEL01-RN"
759667;2026-03-20;"sexta-feira";"19:00:00";"ES";101;296;"CARIACICA";"Acessar a via sem observar a presença dos outros veículos";"Colisão transversal";"Com Vítimas Feridas";"Plena Noite";"Crescente";"Céu Claro";"Dupla";"Interseção de Vias;Viaduto";"Sim";3;0;0;1;2;0;1;2;-20,34323;-40,406667;"SPRF-ES";"DEL01-ES";"UOP01-DEL01-ES"
759668;2026-03-20;"sexta-feira";"19:45:00";"SC";282;30;"SANTO AMARO DA IMPERATRIZ";"Ingestão de álcool pelo condutor";"Colisão lateral sentido oposto";"Sem Vítimas";"Pleno dia";"Crescente";"Chuva";"Simples";"Curva";"Não";2;0;0;0;2;0;0;2;-27,69266;-48,79401;"SPRF-SC";"DEL01/SC";"UOP03-DEL01-SC"
759673;2026-03-20;"sexta-feira";"19:45:00";"PR";163;280;"MARECHAL CANDIDO RONDON";"Ausência de reação do condutor";"Tombamento";"Com Vítimas Feridas";"Plena Noite";"Decrescente";"Céu Claro";"Múltipla";"Rotatória";"Sim";1;0;1;0;0;0;1;1;-24,5686;-54,03404;"SPRF-PR";"DEL06/PR";"UOP02-DEL06-PR"
759674;2026-03-20;"sexta-feira";"20:40:00";"PR";369;184,6;"ARAPONGAS";"Acessar a via sem observar a presença dos outros veículos";"Atropelamento de Pedestre";"Com Vítimas Feridas";"Plena Noite";"Decrescente";"Céu Claro";"Simples";"Reta";"Sim";2;0;0;1;1;0;1;2;-23,391029;-51,422302;"SPRF-PR";"DEL07/PR";"UOP03-DEL07-PR"
759675;2026-03-20;"sexta-feira";"20:15:00";"PR";277;457,7;"LARANJEIRAS DO SUL";"Desrespeitar a preferência no cruzamento";"Colisão transversal";"Com Vítimas Feridas";"Plena Noite";"Crescente";"Céu Claro";"Simples";"Declive;Interseção de Vias";"Sim";2;0;2;0;0;0;2;2;-25,38595;-52,41353;"SPRF-PR";"DEL04/PR";"UOP02-DEL04-PR"
759677;2026-03-20;"sexta-feira";"20:39:00";"BA";110;170;"RIBEIRA DO POMBAL";"Acesso irregular";"Queda de ocupante de veículo";"Com Vítimas Feridas";"Plena Noite";"Decrescente";"Céu Claro";"Simples";"Interseção de Vias;Rotatória";"Não";1;0;0;1;0;0;1;1;-10,814929;-38,530018;"SPRF-BA";"DEL07/BA";"UOP02-DEL07-BA"
759678;2026-03-20;"sexta-feira";"17:00:00";"PE";232;223;"PESQUEIRA";"Transitar na contramão";"Colisão frontal";"Com Vítimas Fatais";"Anoitecer";"Crescente";"Céu Claro";"Simples";"Curva";"Não";3;1;1;1;0;0;2;2;-8,405555;-36,817382;"SPRF-PE";"DEL03/PE";"UOP02-DEL03-PE"
759679;2026-03-20;"sexta-feira";"20:20:00";"PR";369;183,7;"ARAPONGAS";"Ausência de reação do condutor";"Tombamento";"Com Vítimas Feridas";"Plena Noite";"Crescente";"Céu Claro";"Simples";"Reta";"Sim";1;0;1;0;0;0;1;1;-23,38280504;-51,41846933;"SPRF-PR";"DEL07/PR";"UOP03-DEL07-PR"
759682;2026-03-20;"sexta-feira";"17:40:00";"BA";324;4;"FEIRA DE SANTANA";"Ausência de reação do condutor";"Queda de ocupante de veículo";"Com Vítimas Feridas";"Pleno dia";"Crescente";"Céu Claro";"Dupla";"Reta";"Sim";2;0;2;0;0;0;2;1;-12,285498;-38,968032;"SPRF-BA";"DEL02/BA";"UOP01-DEL02-BA"
759683;2026-03-20;"sexta-feira";"18:25:00";"MG";116;513,6;"UBAPORANGA";"Pedestre andava na pista";"Atropelamento de Pedestre";"Com Vítimas Fatais";"Anoitecer";"Crescente";"Nublado";"Simples";"Aclive";"Não";3;1;1;0;0;1;1;2;-19,678769;-42,116972;"SPRF-MG";"DEL06/MG";"UOP02-DEL06-MG"
759684;2026-03-20;"sexta-feira";"21:40:00";"GO";40;1,5;"VALPARAISO DE GOIAS";"Acessar a via sem observar a presença dos outros veículos";"Colisão transversal";"Com Vítimas Feridas";"Plena Noite";"Decrescente";"Nublado";"Dupla";"Retorno Regulamentado";"Sim";2;0;1;0;1;0;1;2;-16,06575;-47,98369;"SPRF-DF";"DEL01-DF";"UOP01-DEL01-DF"
759688;2026-03-20;"sexta-feira";"21:10:00";"GO";153;436,8;"ANAPOLIS";"Desvio temporário";"Capotamento";"Com Vítimas Feridas";"Plena Noite";"Crescente";"Céu Claro";"Dupla";"Desvio Temporário;Em Obras";"Sim";5;0;1;0;3;1;1;2;-16,300542;-48,926381;"SPRF-GO";"DEL02/GO";"UOP01-DEL02-GO"
759691;2026-03-20;"sexta-feira";"21:30:00";"SP";381;47;"ATIBAIA";"Pedestre andava na pista";"Atropelamento de Pedestre";"Com Vítimas Fatais";"Plena Noite";"Decrescente";"Nublado";"Dupla";"Reta";"Sim";2;1;0;0;1;0;0;2;-23,19015975;-46,58428144;"SPRF-SP";"DEL03/SP";"UOP01-DEL03-SP"
759692;2026-03-20;"sexta-feira";"21:10:00";"SP";381;87;"SAO PAULO";"Pedestre cruzava a pista fora da faixa";"Atropelamento de Pedestre";"Com Vítimas Feridas";"Plena Noite";"Decrescente";"Céu Claro";"Múltipla";"Reta";"Sim";2;0;0;1;0;1;1;2;-23,46905064;-46,56899929;"SPRF-SP";"DEL03/SP";"UOP01-DEL03-SP"
759695;2026-03-20;"sexta-feira";"18:20:00";"MG";116;525,6;"CARATINGA";"Transitar no Acostamento";"Colisão lateral mesmo sentido";"Sem Vítimas";"Anoitecer";"Decrescente";"Nublado";"Simples";"Reta";"Sim";2;0;0;0;1;1;0;2;-19,77789132;-42,13382274;"SPRF-MG";"DEL06/MG";"UOP02-DEL06-MG"
759698;2026-03-20;"sexta-feira";"22:40:00";"SP";116;278,5;"EMBU DAS ARTES";"Reação tardia ou ineficiente do condutor";"Saída de leito carroçável";"Sem Vítimas";"Plena Noite";"Decrescente";"Céu Claro";"Dupla";"Curva";"Sim";1;0;0;0;1;0;0;1;-23,63656074;-46,83262157;"SPRF-SP";"DEL04/SP";"UOP01-DEL04-SP"
759699;2026-03-20;"sexta-feira";"22:30:00";"SC";101;207;"SAO JOSE";"Ausência de reação do condutor";"Colisão traseira";"Com Vítimas Feridas";"Plena Noite";"Crescente";"Céu Claro";"Dupla";"Reta";"Não";2;0;0;2;0;0;2;2;-27,60174439;-48,62500382;"SPRF-SC";"DEL01/SC";"UOP01-DEL01-SC"
759701;2026-03-20;"sexta-feira";"19:45:00";"RJ";393;255,5;"BARRA DO PIRAI";"Afundamento ou ondulação no pavimento";"Queda de ocupante de veículo";"Com Vítimas Feridas";"Plena Noite";"Crescente";"Nublado";"Simples";"Declive;Reta";"Não";1;0;1;0;0;0;1;1;-22,45728432;-43,84251647;"SPRF-RJ";"DEL05/RJ";"UOP04-DEL05-RJ"
759702;2026-03-20;"sexta-feira";"21:39:00";"PE";101;86;"JABOATAO DOS GUARARAPES";"Ausência de sinalização";"Saída de leito carroçável";"Com Vítimas Feridas";"Plena Noite";"Crescente";"Céu Claro";"Dupla";"Reta;Retorno Regulamentado";"Não";2;0;2;0;0;0;2;1;-8,186853;-34,972317;"SPRF-PE";"DEL01/PE";"UOP01-DEL01-PE"
759704;2026-03-20;"sexta-feira";"22:40:00";"MG";262;357;"JUATUBA";"Ausência de reação do condutor";"Atropelamento de Pedestre";"Sem Vítimas";"Plena Noite";"Crescente";"Nublado";"Dupla";"Aclive;Reta";"Não";3;0;0;0;1;2;0;2;-19,97141274;-44,29000854;"SPRF-MG";"DEL01/MG";"UOP03-DEL01-MG"
759705;2026-03-20;"sexta-feira";"22:45:00";"BA";324;513;"FEIRA DE SANTANA";"Trafegar com motocicleta (ou similar) entre as faixas";"Colisão transversal";"Com Vítimas Feridas";"Plena Noite";"Decrescente";"Céu Claro";"Simples";"Reta";"Sim";3;0;2;0;1;0;2;2;-12,232422;-38,950762;"SPRF-BA";"DEL02/BA";"UOP01-DEL02-BA"
759706;2026-03-20;"sexta-feira";"22:57:00";"PE";101;82;"JABOATAO DOS GUARARAPES";"Condutor deixou de manter distância do veículo da frente";"Colisão traseira";"Com Vítimas Feridas";"Plena Noite";"Crescente";"Céu Claro";"Múltipla";"Interseção de Vias;Reta";"Sim";2;0;1;0;1;0;1;2;-8,1709057;-34,93891275;"SPRF-PE";"DEL01/PE";"UOP01-DEL01-PE"
759707;2026-03-20;"sexta-feira";"22:27:00";"PE";424;95;"GARANHUNS";"Velocidade Incompatível";"Saída de leito carroçável";"Com Vítimas Fatais";"Plena Noite";"Crescente";"Céu Claro";"Simples";"Curva";"Não";1;1;0;0;0;0;0;1;-8,9262825;-36,48988724;"SPRF-PE";"DEL03/PE";"UOP01-DEL03-PE"
759709;2026-03-20;"sexta-feira";"23:15:00";"MG";381;880,1;"ESTIVA";"Pedestre andava na pista";"Atropelamento de Pedestre";"Com Vítimas Fatais";"Plena Noite";"Crescente";"Céu Claro";"Dupla";"Aclive;Curva";"Não";2;1;1;0;0;0;1;2;-22,458594;-46,00989;"SPRF-MG";"DEL16/MG";"UOP01-DEL16-MG"
759710;2026-03-20;"sexta-feira";"23:30:00";"MA";135;2;"SAO LUIS";"Chuva";"Queda de ocupante de veículo";"Com Vítimas Feridas";"Plena Noite";"Crescente";"Chuva";"Dupla";"Reta";"Sim";1;0;0;1;0;0;1;1;-2,58654;-44,2436;"SPRF-MA";"DEL01-MA";"UOP01-DEL01-MA"
759711;2026-03-20;"sexta-feira";"22:40:00";"BA";101;524,8;"BUERAREMA";"Acessar a via sem observar a presença dos outros veículos";"Colisão transversal";"Com Vítimas Feridas";"Plena Noite";"Decrescente";"Céu Claro";"Simples";"Reta";"Sim";2;0;0;2;0;0;2;2;-14,957947;-39,306988;"SPRF-BA";"DEL05/BA";"UOP01-DEL05-BA"
759713;2026-03-20;"sexta-feira";"22:30:00";"RJ";40;36;"AREAL";"Ingestão de álcool pelo condutor";"Colisão com objeto";"Sem Vítimas";"Plena Noite";"Crescente";"Céu Claro";"Dupla";"Curva";"Não";1;0;0;0;1;0;0;1;-22,2207589;-43,12736884;"SPRF-RJ";"DEL05/RJ";"UOP02-DEL05-RJ"
759714;2026-03-20;"sexta-feira";"20:50:00";"AC";317;147;"CAPIXABA";"Deficiência do Sistema de Iluminação/Sinalização";"Colisão traseira";"Com Vítimas Fatais";"Plena Noite";"Crescente";"Ignorado";"Simples";"Reta";"Não";2;1;0;0;1;0;0;2;-10,589947;-67,703777;"SPRF-AC";"DEL01-AC";"UOP02-DEL01-AC"
759715;2026-03-20;"sexta-feira";"16:04:00";"GO";80;110;"VILA PROPICIO";"Acessar a via sem observar a presença dos outros veículos";"Colisão transversal";"Com Vítimas Fatais";"Pleno dia";"Decrescente";"Chuva";"Simples";"Interseção de Vias";"Não";4;1;1;1;1;0;2;2;-15,13835803;-48,82538706;"SPRF-GO";"DEL07/GO";"UOP02-DEL07-GO"
759716;2026-03-20;"sexta-feira";"23:00:00";"PR";277;115;"CAMPO LARGO";"Pedestre cruzava a pista fora da faixa";"Atropelamento de Pedestre";"Com Vítimas Fatais";"Plena Noite";"Crescente";"Céu Claro";"Dupla";"Reta";"Não";2;1;1;0;0;0;1;2;-25,433725;-49,437502;"SPRF-PR";"DEL01/PR";"UOP07-DEL01-PR"
759717;2026-03-21;"sábado";"00:15:00";"SC";116;3;"MAFRA";"Reação tardia ou ineficiente do condutor";"Colisão traseira";"Com Vítimas Feridas";"Plena Noite";"Crescente";"Céu Claro";"Simples";"Reta";"Sim";2;0;1;0;1;0;1;2;-26,133;-49,802;"SPRF-SC";"DEL06/SC";"UOP01-DEL06-SC"
759718;2026-03-21;"sábado";"00:10:00";"MG";262;433,2;"NOVA SERRANA";"Demais falhas mecânicas ou elétricas";"Tombamento";"Com Vítimas Feridas";"Plena Noite";"Decrescente";"Nublado";"Dupla";"Reta";"Não";1;0;1;0;0;0;1;1;-19,87940225;-44,93676799;"SPRF-MG";"DEL08/MG";"UOP03-DEL08-MG"
759719;2026-03-20;"sexta-feira";"21:00:00";"MA";10;314;"ACAILANDIA";"Pista esburacada";"Queda de ocupante de veículo";"Com Vítimas Feridas";"Plena Noite";"Crescente";"Chuva";"Simples";"Curva;Aclive";"Não";2;0;1;1;0;0;2;1;-4,99681;-47,53052;"SPRF-MA";"DEL04-MA";"UOP03-DEL04-MA"
759720;2026-03-20;"sexta-feira";"22:00:00";"MA";10;323;"ACAILANDIA";"Chuva";"Colisão traseira";"Com Vítimas Fatais";"Plena Noite";"Decrescente";"Chuva";"Simples";"Reta";"Não";3;1;0;1;0;1;1;2;-4,92168;-47,50488;"SPRF-MA";"DEL04-MA";"UOP03-DEL04-MA"