"id";"data_inversa";"dia_semana";"horario";"uf";"br";"km";"municipio";"causa_acidente";"tipo_acidente";"classificacao_acidente";"fase_dia";"sentido_via";"condicao_metereologica";"tipo_pista";"tracado_via";"uso_solo";"pessoas";"mortos";"feridos_leves";"feridos_graves";"ilesos";"ignorados";"feridos";"veiculos";"latitude";"longitude";"regional";"delegacia";"uop"
760356;2026-03-23;"segunda-feira";"23:20:00";"SC";101;68,4;"ARAQUARI";"Reação tardia ou ineficiente do condutor";"Colisão traseira";"Sem Vítimas";"Plena Noite";"Decrescente";"Nublado";"Dupla";"Reta";"Não";2;0;0;0;2;0;0;2;-26,47801529;-48,73962021;"SPRF-SC";"DEL03/SC";"UOP02-DEL03-SC"
760361;2026-03-24;"terça-feira";"02:25:00";"MS";262;417;"TERENOS";"Animais na Pista";"Atropelamento de Animal";"Com Vítimas Feridas";"Plena Noite";"Decrescente";"Céu Claro";"Simples";"Reta";"Não";1;0;1;0;0;0;1;1;-20,42888288;-55,06420612;"SPRF-MS";"DEL01/MS";"UOP03-DEL01-MS"
760363;2026-03-23;"segunda-feira";"20:50:00";"MG";40;275;"TRES MARIAS";"Animais na Pista";"Atropelamento de Animal";"Com Vítimas Feridas";"Plena Noite";"Crescente";"Nublado";"Simples";"Curva;Interseção de Vias;Aclive";"Sim";1;0;1;0;0;0;1;1;-18,221;-45,221;"SPRF-MG";"DEL14/MG";"UOP02-DEL14-MG"
760365;2026-03-24;"terça-feira";"04:40:00";"MT";158;677,5;"BARRA DO GARCAS";"Condutor Dormindo";"Saída de leito carroçável";"Com Vítimas Fatais";"Plena Noite";"Decrescente";"Céu Claro";"Simples";"Curva";"Não";10;2;4;0;4;0;4;1;-14,87668029;-52,28497624;"SPRF-MT";"DEL07/MT";"UOP01-DEL07-MT"
760366;2026-03-24;"terça-feira";"06:00:00";"SC";282;3,4;"SAO JOSE";"Condutor deixou de manter distância do veículo da frente";"Colisão traseira";"Com Vítimas Feridas";"Pleno dia";"Crescente";"Céu Claro";"Múltipla";"Reta";"Sim";4;0;1;0;2;1;1;4;-27,58893;-48,6117;"SPRF-SC";"DEL01/SC";"UOP01-DEL01-SC"
760367;2026-03-24;"terça-feira";"05:50:00";"MG";50;170;"UBERABA";"Reação tardia ou ineficiente do condutor";"Colisão traseira";"Com Vítimas Feridas";"Amanhecer";"Decrescente";"Nublado";"Dupla";"Reta;Declive;Viaduto";"Sim";2;0;1;0;1;0;1;2;-19,734491;-47,982557;"SPRF-MG";"DEL13/MG";"UOP01-DEL13-MG"
760369;2026-03-24;"terça-feira";"06:40:00";"SC";101;207,7;"SAO JOSE";"Trafegar com motocicleta (ou similar) entre as faixas";"Colisão traseira";"Com Vítimas Feridas";"Pleno dia";"Decrescente";"Céu Claro";"Múltipla";"Reta";"Sim";2;0;1;0;1;0;1;2;-27,60229043;-48,62943498;"SPRF-SC";"DEL01/SC";"UOP01-DEL01-SC"
760371;2026-03-24;"terça-feira";"06:00:00";"RJ";40;98;"DUQUE DE CAXIAS";"Acesso irregular";"Colisão traseira";"Com Vítimas Feridas";"Pleno dia";"Crescente";"Céu Claro";"Dupla";"Reta";"Sim";3;0;2;0;1;0;2;2;-22,58031161;-43,27456847;"SPRF-RJ";"DEL01/RJ";"UOP01-DEL01-RJ"
760373;2026-03-24;"terça-feira";"07:00:00";"SC";101;206,6;"SAO JOSE";"Condutor deixou de manter distância do veículo da frente";"Colisão traseira";"Com Vítimas Feridas";"Pleno dia";"Decrescente";"Céu Claro";"Múltipla";"Reta";"Sim";1;0;1;0;0;0;1;1;-27,59870235;-48,62111786;"SPRF-SC";"DEL01/SC";"UOP01-DEL01-SC"
760374;2026-03-23;"segunda-feira";"21:10:00";"PR";476;146,9;"ARAUCARIA";"Iluminação deficiente";"Atropelamento de Pedestre";"Com Vítimas Feridas";"Plena Noite";"Decrescente";"Céu Claro";"Dupla";"Reta";"Sim";2;0;0;1;0;1;1;2;-25,55605954;-49,34321237;"SPRF-PR";"DEL01/PR";"UOP06-DEL01-PR"
760375;2026-03-24;"terça-feira";"06:00:00";"ES";101;17,4;"SERRA";"Ausência de reação do condutor";"Tombamento";"Com Vítimas Feridas";"Pleno dia";"Decrescente";"Chuva";"Dupla";"Curva";"Não";1;0;1;0;0;0;1;1;-20,19471151;-40,33398271;"SPRF-ES";"DEL02-ES";"UOP01-DEL02-ES"
760376;2026-03-24;"terça-feira";"06:40:00";"MG";381;487;"BETIM";"Trafegar com motocicleta (ou similar) entre as faixas";"Colisão traseira";"Com Vítimas Feridas";"Amanhecer";"Decrescente";"Céu Claro";"Dupla";"Declive;Reta";"Sim";2;0;1;0;1;0;1;2;-19,9576994;-44,12198854;"SPRF-MG";"DEL01/MG";"UOP03-DEL01-MG"
760378;2026-03-24;"terça-feira";"07:30:00";"DF";70;10;"BRASILIA";"Manobra de mudança de faixa";"Colisão lateral mesmo sentido";"Sem Vítimas";"Pleno dia";"Decrescente";"Céu Claro";"Dupla";"Reta";"Sim";7;0;0;0;7;0;0;3;-15,78867;-48,145282;"SPRF-DF";"DEL03-DF";"UOP02-DEL03-DF"
760382;2026-03-24;"terça-feira";"07:30:00";"MA";135;4;"SAO LUIS";"Acessar a via sem observar a presença dos outros veículos";"Colisão transversal";"Com Vítimas Feridas";"Pleno dia";"Crescente";"Céu Claro";"Dupla";"Reta";"Sim";2;0;1;0;1;0;1;2;-2,616567;-44,254487;"SPRF-MA";"DEL01-MA";"UOP01-DEL01-MA"
760383;2026-03-24;"terça-feira";"07:30:00";"RJ";116;176;"SAO JOAO DE MERITI";"Ausência de reação do condutor";"Colisão traseira";"Com Vítimas Feridas";"Pleno dia";"Crescente";"Céu Claro";"Dupla";"Reta";"Sim";3;0;1;1;0;1;2;2;-22,78547449;-43,37902157;"SPRF-RJ";"DEL06/RJ";"UOP01-DEL06-RJ"
760385;2026-03-24;"terça-feira";"07:30:00";"RJ";116;187;"NOVA IGUACU";"Avarias e/ou desgaste excessivo no pneu";"Queda de ocupante de veículo";"Com Vítimas Feridas";"Pleno dia";"Crescente";"Céu Claro";"Dupla";"Reta";"Sim";1;0;1;0;0;0;1;1;-22,75036958;-43,44072646;"SPRF-RJ";"DEL06/RJ";"UOP01-DEL06-RJ"
760386;2026-03-24;"terça-feira";"07:35:00";"PE";408;74,9;"PAUDALHO";"Animais na Pista";"Atropelamento de Animal";"Com Vítimas Feridas";"Pleno dia";"Crescente";"Sol";"Dupla";"Reta";"Sim";2;0;0;2;0;0;2;1;-7,94393;-35,1201;"SPRF-PE";"DEL01/PE";"UOP01-DEL01-PE"
760387;2026-03-24;"terça-feira";"07:45:00";"GO";40;8,2;"VALPARAISO DE GOIAS";"Pedestre cruzava a pista fora da faixa";"Atropelamento de Pedestre";"Com Vítimas Feridas";"Pleno dia";"Crescente";"Céu Claro";"Dupla";"Reta";"Sim";2;0;0;1;1;0;1;2;-16,11883;-47,966;"SPRF-DF";"DEL01-DF";"UOP01-DEL01-DF"
760389;2026-03-24;"terça-feira";"07:45:00";"ES";101;292,5;"CARIACICA";"Acumulo de areia ou detritos sobre o pavimento";"Tombamento";"Com Vítimas Feridas";"Pleno dia";"Decrescente";"Sol";"Dupla";"Aclive;Reta";"Sim";2;0;2;0;0;0;2;1;-20,311372;-40,395106;"SPRF-ES";"DEL01-ES";"UOP01-DEL01-ES"
760391;2026-03-24;"terça-feira";"08:10:00";"PB";230;20;"JOAO PESSOA";"Condutor deixou de manter distância do veículo da frente";"Queda de ocupante de veículo";"Com Vítimas Feridas";"Pleno dia";"Decrescente";"Nublado";"Dupla";"Curva";"Sim";1;0;0;1;0;0;1;1;-7,134528;-34,85448;"SPRF-PB";"DEL01-PB";"UOP01-DEL01-PB"
760392;2026-03-24;"terça-feira";"06:00:00";"RO";364;378;"OURO PRETO DO OESTE";"Objeto estático sobre o leito carroçável";"Colisão com objeto";"Com Vítimas Feridas";"Amanhecer";"Crescente";"Nublado";"Simples";"Reta";"Não";2;0;1;0;0;1;1;2;-10,74226;-62,20958;"SPRF-RO";"DEL02-RO";"UOP01-DEL02-RO"
760393;2026-03-04;"quarta-feira";"16:15:00";"BA";324;618;"SALVADOR";"Condutor deixou de manter distância do veículo da frente";"Engavetamento";"Com Vítimas Feridas";"Pleno dia";"Decrescente";"Céu Claro";"Múltipla";"Reta";"Sim";6;0;2;0;4;0;2;3;-12,909678;-38,458063;"SPRF-BA";"DEL01/BA";"UOP01-DEL01-BA"
760394;2026-03-24;"terça-feira";"08:25:00";"PB";230;26,3;"JOAO PESSOA";"Manobra de mudança de faixa";"Colisão lateral mesmo sentido";"Com Vítimas Feridas";"Pleno dia";"Crescente";"Céu Claro";"Múltipla";"Reta";"Sim";2;0;1;0;1;0;1;2;-7,169063;-34,881812;"SPRF-PB";"DEL01-PB";"UOP01-DEL01-PB"
760397;2026-03-24;"terça-feira";"07:00:00";"RO";364;708;"PORTO VELHO";"Manobra de mudança de faixa";"Colisão lateral mesmo sentido";"Com Vítimas Feridas";"Pleno dia";"Crescente";"Céu Claro";"Dupla";"Reta";"Sim";4;0;1;0;3;0;1;2;-8,79498;-63,84183;"SPRF-RO";"DEL01-RO";"UOP01-DEL01-RO"
760399;2026-03-24;"terça-feira";"07:30:00";"MT";163;1032;"PEIXOTO DE AZEVEDO";"Acessar a via sem observar a presença dos outros veículos";"Colisão transversal";"Com Vítimas Feridas";"Pleno dia";"Crescente";"Céu Claro";"Simples";"Reta";"Sim";3;0;2;0;1;0;2;2;-10,229566;-54,976756;"SPRF-MT";"DEL06/MT";"UOP03-DEL06-MT"
760400;2026-03-24;"terça-feira";"08:47:00";"PB";230;18;"JOAO PESSOA";"Ausência de reação do condutor";"Colisão traseira";"Com Vítimas Feridas";"Pleno dia";"Crescente";"Céu Claro";"Dupla";"Reta";"Sim";3;0;1;0;2;0;1;3;-7,12172441;-34,84522438;"SPRF-PB";"DEL01-PB";"UOP01-DEL01-PB"
760401;2026-03-24;"terça-feira";"09:20:00";"BA";324;616;"SALVADOR";"Pista Escorregadia";"Queda de ocupante de veículo";"Com Vítimas Feridas";"Pleno dia";"Crescente";"Chuva";"Múltipla";"Curva";"Sim";1;0;1;0;0;0;1;1;-12,8905775;-38,4453751;"SPRF-BA";"DEL01/BA";"UOP01-DEL01-BA"
760402;2026-03-24;"terça-feira";"09:08:00";"SP";116;219;"GUARULHOS";"Manobra de mudança de faixa";"Colisão traseira";"Com Vítimas Feridas";"Pleno dia";"Crescente";"Sol";"Múltipla";"Reta";"Sim";3;0;2;0;0;1;2;2;-23,46261646;-46,49353981;"SPRF-SP";"DEL01/SP";"UOP01-DEL01-SP"
760403;2026-03-13;"sexta-feira";"07:45:00";"PR";376;605;"CURITIBA";"Ausência de reação do condutor";"Tombamento";"Com Vítimas Feridas";"Amanhecer";"Crescente";"Céu Claro";"Dupla";"Reta";"Não";1;0;1;0;0;0;1;1;-25,54215787;-49,30980412;"SPRF-PR";"DEL01/PR";"UOP03-DEL01-PR"
760404;2026-03-24;"terça-feira";"06:45:00";"MT";163;821;"SINOP";"Acessar a via sem observar a presença dos outros veículos";"Colisão transversal";"Com Vítimas Feridas";"Pleno dia";"Decrescente";"Céu Claro";"Dupla";"Reta";"Sim";3;0;1;0;2;0;1;3;-11,98771176;-55,51711321;"SPRF-MT";"DEL06/MT";"UOP02-DEL06-MT"
760406;2026-03-23;"segunda-feira";"23:10:00";"MT";163;827,8;"SINOP";"Ausência de reação do condutor";"Saída de leito carroçável";"Com Vítimas Feridas";"Plena Noite";"Decrescente";"Céu Claro";"Simples";"Reta";"Sim";1;0;1;0;0;0;1;1;-11,9261473;-55,5123266;"SPRF-MT";"DEL06/MT";"UOP02-DEL06-MT"
760407;2026-03-24;"terça-feira";"09:20:00";"SC";101;203,3;"SAO JOSE";"Ausência de reação do condutor";"Colisão traseira";"Com Vítimas Feridas";"Pleno dia";"Crescente";"Céu Claro";"Múltipla";"Reta";"Sim";2;0;1;0;1;0;1;2;-27,568283;-48,613983;"SPRF-SC";"DEL01/SC";"UOP01-DEL01-SC"
760408;2026-03-21;"sábado";"01:30:00";"SC";101;211;"PALHOCA";"Chuva";"Capotamento";"Sem Vítimas";"Plena Noite";"Crescente";"Nublado";"Múltipla";"Reta";"Não";1;0;0;0;0;1;0;1;-27,62356284;-48,65271203;"SPRF-SC";"DEL01/SC";"UOP02-DEL01-SC"
760409;2026-02-27;"sexta-feira";"17:10:00";"SC";282;231,3;"LAGES";"Desrespeitar a preferência no cruzamento";"Colisão transversal";"Com Vítimas Feridas";"Pleno dia";"Crescente";"Céu Claro";"Simples";"Curva";"Não";4;0;3;0;1;0;3;2;-27,78697581;-50,43895906;"SPRF-SC";"DEL05/SC";"UOP02-DEL05-SC"
760413;2026-03-24;"terça-feira";"10:30:00";"PR";277;12,9;"PARANAGUA";"Avarias e/ou desgaste excessivo no pneu";"Saída de leito carroçável";"Com Vítimas Feridas";"Pleno dia";"Decrescente";"Céu Claro";"Múltipla";"Reta";"Não";1;0;1;0;0;0;1;1;-25,55233868;-48,66462557;"SPRF-PR";"DEL01/PR";"UOP05-DEL01-PR"
760416;2026-03-24;"terça-feira";"10:40:00";"PR";277;678;"MEDIANEIRA";"Sinalização mal posicionada";"Atropelamento de Pedestre";"Com Vítimas Feridas";"Pleno dia";"Crescente";"Céu Claro";"Dupla";"Reta";"Não";2;0;0;1;1;0;1;2;-25,30033907;-54,13031191;"SPRF-PR";"DEL05/PR";"UOP01-DEL05-PR"
760418;2026-03-24;"terça-feira";"09:55:00";"PR";369;479,6;"CORBELIA";"Avarias e/ou desgaste excessivo no pneu";"Queda de ocupante de veículo";"Com Vítimas Feridas";"Pleno dia";"Decrescente";"Sol";"Simples";"Reta";"Não";1;0;1;0;0;0;1;1;-24,75512;-53,285958;"SPRF-PR";"DEL04/PR";"UOP03-DEL04-PR"
760419;2026-03-24;"terça-feira";"10:35:00";"GO";153;507,8;"APARECIDA DE GOIANIA";"Condutor deixou de manter distância do veículo da frente";"Colisão traseira";"Sem Vítimas";"Pleno dia";"Decrescente";"Nublado";"Dupla";"Aclive";"Não";2;0;0;0;2;0;0;2;-16,770183;-49,238989;"SPRF-GO";"DEL01/GO";"UOP03-DEL01-GO"
760420;2026-03-24;"terça-feira";"08:10:00";"RJ";40;25;"TRES RIOS";"Avarias e/ou desgaste excessivo no pneu";"Tombamento";"Com Vítimas Feridas";"Pleno dia";"Decrescente";"Sol";"Dupla";"Curva";"Não";2;0;2;0;0;0;2;1;-22,15422467;-43,15761779;"SPRF-RJ";"DEL05/RJ";"UOP02-DEL05-RJ"
760421;2026-03-24;"terça-feira";"08:15:00";"PI";135;311,9;"CRISTINO CASTRO";"Ausência de reação do condutor";"Colisão traseira";"Com Vítimas Feridas";"Pleno dia";"Decrescente";"Nublado";"Simples";"Reta";"Não";2;0;0;1;1;0;1;2;-8,781113;-44,195007;"SPRF-PI";"DEL03-PI";"UOP02-DEL03-PI"
760423;2026-03-24;"terça-feira";"11:10:00";"PA";230;116;"MARABA";"Acessar a via sem observar a presença dos outros veículos";"Colisão transversal";"Com Vítimas Feridas";"Pleno dia";"Decrescente";"Céu Claro";"Dupla";"Reta;Retorno Regulamentado";"Sim";2;0;1;0;1;0;1;2;-5,359432;-49,083558;"SPRF-PA";"DEL03/PA";"UOP01-DEL03-PA"
760424;2026-03-24;"terça-feira";"10:30:00";"MG";381;238,5;"SANTANA DO PARAISO";"Ultrapassagem Indevida";"Saída de leito carroçável";"Com Vítimas Feridas";"Pleno dia";"Decrescente";"Nublado";"Simples";"Reta";"Não";1;0;0;1;0;0;1;1;-19,419631;-42,494024;"SPRF-MG";"DEL06/MG";"UOP01-DEL06-MG"
760425;2026-02-13;"sexta-feira";"19:14:00";"ES";262;39,4;"DOMINGOS MARTINS";"Reação tardia ou ineficiente do condutor";"Tombamento";"Com Vítimas Feridas";"Plena Noite";"Decrescente";"Céu Claro";"Simples";"Reta";"Não";1;0;0;1;0;0;1;1;-20,38053538;-40,63353539;"SPRF-ES";"DEL01-ES";"UOP01-DEL01-ES"
760426;2026-03-24;"terça-feira";"08:30:00";"AL";101;83;"RIO LARGO";"Demais falhas mecânicas ou elétricas";"Incêndio";"Sem Vítimas";"Pleno dia";"Crescente";"Céu Claro";"Dupla";"Reta;Aclive";"Não";1;0;0;0;0;1;0;1;-9,45070488;-35,86581767;"SPRF-AL";"DEL01-AL";"UOP01-DEL01-AL"
760427;2026-03-24;"terça-feira";"10:50:00";"PR";476;178,8;"CONTENDA";"Velocidade Incompatível";"Colisão transversal";"Com Vítimas Fatais";"Pleno dia";"Decrescente";"Céu Claro";"Simples";"Curva;Aclive";"Não";3;1;0;1;1;0;1;2;-25,70404109;-49,58751082;"SPRF-PR";"DEL01/PR";"UOP06-DEL01-PR"
760428;2026-03-24;"terça-feira";"12:05:00";"PE";101;69,9;"RECIFE";"Condutor deixou de manter distância do veículo da frente";"Colisão traseira";"Com Vítimas Feridas";"Pleno dia";"Decrescente";"Céu Claro";"Dupla";"Reta";"Sim";6;0;2;0;4;0;2;2;-8,067402;-34,941812;"SPRF-PE";"DEL01/PE";"UOP01-DEL01-PE"
760431;2026-03-24;"terça-feira";"12:25:00";"PR";277;675;"MEDIANEIRA";"Demais falhas mecânicas ou elétricas";"Tombamento";"Com Vítimas Feridas";"Pleno dia";"Crescente";"Céu Claro";"Dupla";"Reta";"Sim";2;0;2;0;0;0;2;1;-25,29501744;-54,1165857;"SPRF-PR";"DEL05/PR";"UOP01-DEL05-PR"
760432;2026-03-24;"terça-feira";"12:50:00";"MG";381;617;"OLIVEIRA";"Ausência de reação do condutor";"Colisão com objeto";"Com Vítimas Feridas";"Pleno dia";"Decrescente";"Céu Claro";"Simples";"Curva";"Não";2;0;1;0;1;0;1;1;-20,72949529;-44,77228045;"SPRF-MG";"DEL04/MG";"UOP01-DEL04-MG"
760440;2026-03-24;"terça-feira";"10:41:00";"MA";402;144;"SANTO AMARO DO MARANHAO";"Acessar a via sem observar a presença dos outros veículos";"Colisão transversal";"Com Vítimas Feridas";"Pleno dia";"Decrescente";"Céu Claro";"Simples";"Reta";"Não";2;0;1;0;1;0;1;2;-2,82304658;-43,20412135;"SPRF-MA";"DEL01-MA";"UOP01-DEL01-MA"
760441;2026-03-24;"terça-feira";"13:45:00";"GO";153;433;"ANAPOLIS";"Condutor usando celular";"Saída de leito carroçável";"Com Vítimas Feridas";"Pleno dia";"Decrescente";"Céu Claro";"Dupla";"Reta";"Sim";1;0;1;0;0;0;1;1;-16,2844745;-48,95009518;"SPRF-GO";"DEL02/GO";"UOP01-DEL02-GO"
760442;2026-03-24;"terça-feira";"11:10:00";"RO";364;341;"JI-PARANA";"Reação tardia ou ineficiente do condutor";"Colisão transversal";"Com Vítimas Feridas";"Pleno dia";"Decrescente";"Céu Claro";"Dupla";"Reta";"Sim";2;0;1;0;1;0;1;2;-10,88906882;-61,9319344;"SPRF-RO";"DEL02-RO";"UOP01-DEL02-RO"
760445;2026-03-24;"terça-feira";"14:20:00";"MG";381;487;"BETIM";"Demais falhas mecânicas ou elétricas";"Queda de ocupante de veículo";"Com Vítimas Feridas";"Pleno dia";"Crescente";"Céu Claro";"Dupla";"Reta";"Sim";2;0;1;0;1;0;1;1;-19,95624622;-44,11594391;"SPRF-MG";"DEL01/MG";"UOP03-DEL01-MG"
760446;2026-02-07;"sábado";"10:40:00";"RJ";101;53;"CAMPOS DOS GOYTACAZES";"Acessar a via sem observar a presença dos outros veículos";"Colisão transversal";"Com Vítimas Feridas";"Pleno dia";"Crescente";"Céu Claro";"Simples";"Interseção de Vias;Reta";"Não";2;0;0;1;1;0;1;2;-21,661202;-41,311455;"SPRF-RJ";"DEL08/RJ";"UOP01-DEL08-RJ"
760447;2026-03-24;"terça-feira";"13:00:00";"SP";381;43;"ATIBAIA";"Demais falhas mecânicas ou elétricas";"Incêndio";"Sem Vítimas";"Pleno dia";"Decrescente";"Céu Claro";"Dupla";"Reta";"Sim";1;0;0;0;1;0;0;1;-23,16550424;-46,57410331;"SPRF-SP";"DEL03/SP";"UOP01-DEL03-SP"
760448;2026-03-24;"terça-feira";"12:45:00";"RO";364;11;"VILHENA";"Reação tardia ou ineficiente do condutor";"Colisão transversal";"Com Vítimas Feridas";"Pleno dia";"Decrescente";"Sol";"Simples";"Interseção de Vias";"Sim";3;0;2;0;1;0;2;2;-12,74620822;-60,11548162;"SPRF-RO";"DEL04-RO";"UOP01-DEL04-RO"
760449;2026-03-24;"terça-feira";"09:45:00";"RJ";493;62;"NOVA IGUACU";"Transitar no Acostamento";"Colisão lateral mesmo sentido";"Com Vítimas Feridas";"Pleno dia";"Decrescente";"Céu Claro";"Dupla";"Reta";"Não";2;0;1;0;0;1;1;2;-22,67553846;-43,39221351;"SPRF-RJ";"DEL01/RJ";"UOP03-DEL01-RJ"
760451;2026-03-24;"terça-feira";"14:30:00";"PE";232;77;"GRAVATA";"Transitar na contramão";"Colisão frontal";"Com Vítimas Feridas";"Pleno dia";"Crescente";"Sol";"Simples";"Reta";"Sim";2;0;0;1;1;0;1;2;-8,19285863;-35,5451688;"SPRF-PE";"DEL02/PE";"UOP02-DEL02PE"
760453;2026-03-24;"terça-feira";"14:40:00";"PR";277;4,9;"FOZ DO IGUACU";"Reação tardia ou ineficiente do condutor";"Saída de leito carroçável";"Com Vítimas Feridas";"Pleno dia";"Decrescente";"Céu Claro";"Simples";"Interseção de Vias;Reta";"Não";5;0;2;0;2;1;2;2;-25,533572;-54,528692;"SPRF-PR";"DEL05/PR";"UOP04-DEL05-PR"
760455;2026-03-24;"terça-feira";"12:50:00";"PI";230;310;"FLORIANO";"Reação tardia ou ineficiente do condutor";"Colisão traseira";"Sem Vítimas";"Pleno dia";"Decrescente";"Céu Claro";"Simples";"Aclive;Reta";"Sim";2;0;0;0;2;0;0;2;-6,76484;-43,009848;"SPRF-PI";"DEL03-PI";"UOP01-DEL03-PI"
760456;2026-03-24;"terça-feira";"14:20:00";"MG";262;22;"REDUTO";"Acesso irregular";"Colisão transversal";"Com Vítimas Feridas";"Pleno dia";"Crescente";"Céu Claro";"Simples";"Curva";"Não";2;0;1;0;1;0;1;2;-20,245712;-41,924939;"SPRF-MG";"DEL06/MG";"UOP03-DEL06-MG"
760457;2026-03-24;"terça-feira";"15:00:00";"MG";40;567;"NOVA LIMA";"Mal súbito do condutor";"Saída de leito carroçável";"Com Vítimas Fatais";"Pleno dia";"Decrescente";"Céu Claro";"Simples";"Reta";"Não";1;1;0;0;0;0;0;1;-20,1924987;-43,9730261;"SPRF-MG";"DEL01/MG";"UOP02-DEL01-MG"
760458;2026-03-24;"terça-feira";"14:20:00";"MT";364;220;"RONDONOPOLIS";"Reação tardia ou ineficiente do condutor";"Saída de leito carroçável";"Com Vítimas Feridas";"Pleno dia";"Decrescente";"Céu Claro";"Dupla";"Reta";"Não";1;0;1;0;0;0;1;1;-16,37017035;-54,72360447;"SPRF-MT";"DEL02/MT";"UOP01-DEL02-MT"
760460;2026-03-24;"terça-feira";"14:00:00";"MG";365;62,8;"JEQUITAI";"Velocidade Incompatível";"Tombamento";"Sem Vítimas";"Pleno dia";"Crescente";"Chuva";"Simples";"Curva;Declive";"Não";1;0;0;0;1;0;0;1;-17,017618;-44,29673;"SPRF-MG";"DEL12/MG";"UOP01-DEL12-MG"
760462;2026-03-08;"domingo";"20:30:00";"PB";104;138,5;"QUEIMADAS";"Acessar a via sem observar a presença dos outros veículos";"Colisão transversal";"Com Vítimas Feridas";"Plena Noite";"Decrescente";"Céu Claro";"Simples";"Reta";"Sim";2;0;0;1;1;0;1;2;-7,366211;-35,901077;"SPRF-PB";"DEL02-PB";"UOP03-DEL02-PB"
760463;2026-03-24;"terça-feira";"14:15:00";"MG";50;3;"ARAGUARI";"Chuva";"Saída de leito carroçável";"Com Vítimas Feridas";"Pleno dia";"Decrescente";"Chuva";"Dupla";"Reta";"Não";1;0;0;1;0;0;1;1;-18,435389;-48,058711;"SPRF-MG";"DEL15/MG";"UOP02-DEL15-MG"
760464;2026-03-24;"terça-feira";"15:57:00";"PE";232;133,2;"CARUARU";"Ausência de reação do condutor";"Colisão traseira";"Com Vítimas Feridas";"Pleno dia";"Crescente";"Céu Claro";"Dupla";"Reta";"Sim";2;0;1;0;1;0;1;2;-8,30842;-36,0241;"SPRF-PE";"DEL02/PE";"UOP03-DEL02-PE"
760465;2026-03-24;"terça-feira";"15:50:00";"GO";60;101,9;"GOIANAPOLIS";"Reação tardia ou ineficiente do condutor";"Saída de leito carroçável";"Sem Vítimas";"Pleno dia";"Decrescente";"Chuva";"Dupla";"Reta";"Sim";1;0;0;0;1;0;0;1;-16,40547297;-48,98165412;"SPRF-GO";"DEL02/GO";"UOP01-DEL02-GO"
760466;2026-03-24;"terça-feira";"15:30:00";"PR";153;49;"SANTO ANTONIO DA PLATINA";"Acessar a via sem observar a presença dos outros veículos";"Colisão transversal";"Com Vítimas Feridas";"Pleno dia";"Crescente";"Céu Claro";"Simples";"Reta";"Não";4;0;2;0;2;0;2;2;-23,35713453;-50,06330788;"SPRF-PR";"DEL07/PR";"UOP04-DEL07-PR"
760469;2026-03-24;"terça-feira";"12:44:00";"MT";364;261;"JUSCIMEIRA";"Manobra de mudança de faixa";"Saída de leito carroçável";"Com Vítimas Feridas";"Pleno dia";"Decrescente";"Céu Claro";"Dupla";"Curva";"Não";1;0;1;0;0;0;1;1;-16,031619;-54,887268;"SPRF-MT";"DEL02/MT";"UOP01-DEL02-MT"
760471;2026-03-24;"terça-feira";"11:55:00";"RJ";40;125;"RIO DE JANEIRO";"Reação tardia ou ineficiente do condutor";"Tombamento";"Com Vítimas Feridas";"Pleno dia";"Crescente";"Céu Claro";"Dupla";"Reta";"Sim";1;0;1;0;0;0;1;1;-22,81562608;-43,2886219;"SPRF-RJ";"DEL01/RJ";"UOP02-DEL01-RJ"
760473;2026-03-12;"quinta-feira";"15:10:00";"BA";324;515;"FEIRA DE SANTANA";"Condutor deixou de manter distância do veículo da frente";"Colisão transversal";"Com Vítimas Feridas";"Pleno dia";"Crescente";"Céu Claro";"Simples";"Reta";"Sim";2;0;1;0;1;0;1;2;-12,239302;-38,939593;"SPRF-BA";"DEL02/BA";"UOP01-DEL02-BA"
760474;2026-03-24;"terça-feira";"16:30:00";"SC";470;83,3;"RODEIO";"Acessar a via sem observar a presença dos outros veículos";"Colisão lateral mesmo sentido";"Com Vítimas Feridas";"Pleno dia";"Crescente";"Céu Claro";"Simples";"Reta";"Não";3;0;0;2;1;0;2;2;-26,96284274;-49,3362844;"SPRF-SC";"DEL04/SC";"UOP01-DEL04-SC"
760475;2026-03-24;"terça-feira";"09:50:00";"SC";470;57;"BLUMENAU";"Demais falhas mecânicas ou elétricas";"Incêndio";"Com Vítimas Feridas";"Pleno dia";"Decrescente";"Nublado";"Dupla";"Reta";"Sim";2;0;1;0;1;0;1;1;-26,8809;-49,1366;"SPRF-SC";"DEL04/SC";"UOP01-DEL04-SC"
760476;2026-03-24;"terça-feira";"14:10:00";"PR";277;299,5;"PRUDENTOPOLIS";"Ausência de reação do condutor";"Colisão com objeto";"Sem Vítimas";"Pleno dia";"Decrescente";"Céu Claro";"Simples";"Curva";"Não";1;0;0;0;1;0;0;1;-25,310658;-51,09438;"SPRF-PR";"DEL08/PR";"UOP01-DEL08-PR"
760477;2026-03-24;"terça-feira";"17:00:00";"SC";101;136,8;"BALNEARIO CAMBORIU";"Manobra de mudança de faixa";"Colisão lateral mesmo sentido";"Com Vítimas Feridas";"Pleno dia";"Decrescente";"Nublado";"Dupla";"Reta";"Sim";3;0;2;0;1;0;2;2;-27,01431611;-48,61252785;"SPRF-SC";"DEL04/SC";"UOP03-DEL04-SC"