"id";"data_inversa";"dia_semana";"horario";"uf";"br";"km";"municipio";"causa_acidente";"tipo_acidente";"classificacao_acidente";"fase_dia";"sentido_via";"condicao_metereologica";"tipo_pista";"tracado_via";"uso_solo";"pessoas";"mortos";"feridos_leves";"feridos_graves";"ilesos";"ignorados";"feridos";"veiculos";"latitude";"longitude";"regional";"delegacia";"uop"
760478;2026-03-24;"terça-feira";"16:00:00";"PR";277;220,7;"TEIXEIRA SOARES";"Ausência de reação do condutor";"Colisão com objeto";"Sem Vítimas";"Pleno dia";"Crescente";"Céu Claro";"Simples";"Reta";"Não";1;0;0;0;1;0;0;1;-25,469;-50,397;"SPRF-PR";"DEL08/PR";"UOP02-DEL08-PR"
760480;2026-03-24;"terça-feira";"17:50:00";"PB";101;103;"ALHANDRA";"Demais falhas na via";"Queda de ocupante de veículo";"Com Vítimas Feridas";"Plena Noite";"Decrescente";"Céu Claro";"Dupla";"Reta";"Não";1;0;1;0;0;0;1;1;-7,29356917;-34,93761733;"SPRF-PB";"DEL01-PB";"UOP01-DEL01-PB"
760482;2026-03-24;"terça-feira";"18:00:00";"PB";230;144,4;"CAMPINA GRANDE";"Animais na Pista";"Atropelamento de Animal";"Com Vítimas Feridas";"Plena Noite";"Decrescente";"Nublado";"Dupla";"Declive;Reta";"Sim";1;0;1;0;0;0;1;1;-7,251548;-35,839403;"SPRF-PB";"DEL02-PB";"UOP01-DEL02-PB"
760483;2026-03-24;"terça-feira";"17:00:00";"SP";116;445;"REGISTRO";"Reação tardia ou ineficiente do condutor";"Atropelamento de Pedestre";"Com Vítimas Feridas";"Pleno dia";"Crescente";"Céu Claro";"Dupla";"Reta";"Sim";2;0;1;0;1;0;1;2;-24,4971627;-47,8419651;"SPRF-SP";"DEL05/SP";"UOP01-DEL05-SP"
760485;2026-03-24;"terça-feira";"16:50:00";"RS";116;246;"SAO LEOPOLDO";"Velocidade Incompatível";"Colisão traseira";"Com Vítimas Feridas";"Pleno dia";"Decrescente";"Nublado";"Dupla";"Retorno Regulamentado;Reta";"Sim";4;0;1;0;3;0;1;2;-29,7501022;-51,15119174;"SPRF-RS";"DEL01/RS";"UOP02-DEL01-RS"
760486;2026-03-24;"terça-feira";"18:00:00";"MG";116;420,3;"ALPERCATA";"Demais falhas mecânicas ou elétricas";"Tombamento";"Com Vítimas Feridas";"Anoitecer";"Decrescente";"Nublado";"Simples";"Reta";"Não";1;0;0;1;0;0;1;1;-18,933627;-41,945165;"SPRF-MG";"DEL06/MG";"UOP01-DEL06-MG"
760488;2026-03-24;"terça-feira";"18:30:00";"ES";259;62,6;"COLATINA";"Ausência de reação do condutor";"Colisão traseira";"Com Vítimas Feridas";"Plena Noite";"Decrescente";"Céu Claro";"Simples";"Reta";"Sim";3;0;2;0;0;1;2;2;-19,52681;-40,700297;"SPRF-ES";"DEL02-ES";"UOP01-DEL02-ES"
760489;2026-03-24;"terça-feira";"17:05:00";"RO";364;238,1;"CACOAL";"Ultrapassagem Indevida";"Colisão lateral mesmo sentido";"Com Vítimas Feridas";"Pleno dia";"Crescente";"Céu Claro";"Simples";"Reta";"Sim";3;0;2;0;1;0;2;2;-11,437359;-61,45643;"SPRF-RO";"DEL02-RO";"UOP02-DEL02-RO"
760490;2026-03-24;"terça-feira";"18:42:00";"SP";116;218;"GUARULHOS";"Velocidade Incompatível";"Colisão lateral mesmo sentido";"Com Vítimas Feridas";"Plena Noite";"Crescente";"Céu Claro";"Múltipla";"Reta";"Sim";4;0;2;0;2;0;2;3;-23,46094903;-46,48849416;"SPRF-SP";"DEL01/SP";"UOP01-DEL01-SP"
760491;2026-03-24;"terça-feira";"15:30:00";"SP";381;19;"BRAGANCA PAULISTA";"Ausência de reação do condutor";"Colisão com objeto";"Sem Vítimas";"Pleno dia";"Crescente";"Céu Claro";"Dupla";"Reta";"Não";1;0;0;0;1;0;0;1;-22,98254331;-46,49782562;"SPRF-SP";"DEL03/SP";"UOP02-DEL03-SP"
760492;2026-03-24;"terça-feira";"18:48:00";"TO";235;162,7;"PEDRO AFONSO";"Acessar a via sem observar a presença dos outros veículos";"Colisão transversal";"Com Vítimas Fatais";"Plena Noite";"Crescente";"Céu Claro";"Simples";"Reta;Interseção de Vias";"Sim";2;1;0;0;1;0;0;2;-8,99488269;-48,1737721;"SPRF-TO";"DEL02-TO";"UOP02-DEL02-TO"
760494;2026-03-24;"terça-feira";"18:20:00";"ES";101;284;"CARIACICA";"Manobra de mudança de faixa";"Colisão lateral mesmo sentido";"Com Vítimas Feridas";"Plena Noite";"Crescente";"Céu Claro";"Dupla";"Declive;Reta";"Sim";2;0;1;0;0;1;1;2;-20,24323;-40,369846;"SPRF-ES";"DEL01-ES";"UOP01-DEL01-ES"
760497;2026-03-24;"terça-feira";"18:45:00";"PR";116;123;"CURITIBA";"Reação tardia ou ineficiente do condutor";"Colisão traseira";"Sem Vítimas";"Plena Noite";"Crescente";"Nublado";"Dupla";"Aclive;Reta";"Não";2;0;0;0;2;0;0;2;-25,6014994;-49,3177295;"SPRF-PR";"DEL01/PR";"UOP03-DEL01-PR"
760498;2026-03-24;"terça-feira";"17:00:00";"PR";163;217,6;"CASCAVEL";"Velocidade Incompatível";"Saída de leito carroçável";"Com Vítimas Feridas";"Anoitecer";"Decrescente";"Céu Claro";"Dupla";"Reta";"Não";1;0;1;0;0;0;1;1;-24,8671759;-53,5745486;"SPRF-PR";"DEL04/PR";"UOP01-DEL04-PR"
760499;2026-03-24;"terça-feira";"19:19:00";"PE";101;61,4;"RECIFE";"Entrada inopinada do pedestre";"Atropelamento de Pedestre";"Com Vítimas Feridas";"Plena Noite";"Decrescente";"Céu Claro";"Dupla";"Reta";"Sim";2;0;1;0;1;0;1;2;-7,994277;-34,937988;"SPRF-PE";"DEL01/PE";"UOP02-DEL01-PE"
760501;2026-03-12;"quinta-feira";"20:00:00";"RS";116;396;"CAMAQUA";"Ausência de reação do condutor";"Colisão traseira";"Com Vítimas Feridas";"Plena Noite";"Crescente";"Nublado";"Dupla";"Reta";"Não";2;0;1;0;1;0;1;2;-30,84301944;-51,75236313;"SPRF-RS";"DEL02/RS";"UOP02-DEL02-RS"
760504;2026-03-24;"terça-feira";"14:00:00";"MG";381;244,2;"SANTANA DO PARAISO";"Acessar a via sem observar a presença dos outros veículos";"Colisão transversal";"Com Vítimas Feridas";"Pleno dia";"Crescente";"Céu Claro";"Simples";"Retorno Regulamentado;Reta";"Sim";2;0;1;0;1;0;1;2;-19,45515116;-42,52281904;"SPRF-MG";"DEL06/MG";"UOP01-DEL06-MG"
760505;2026-03-24;"terça-feira";"19:00:00";"RO";425;82;"NOVA MAMORE";"Ausência de reação do condutor";"Colisão frontal";"Com Vítimas Feridas";"Plena Noite";"Crescente";"Céu Claro";"Simples";"Reta";"Sim";4;0;3;0;1;0;3;2;-10,41667835;-65,33296824;"SPRF-RO";"DEL01-RO";"UOP03-DEL01-RO"
760506;2026-03-13;"sexta-feira";"21:30:00";"MS";463;0,2;"DOURADOS";"Acesso irregular";"Colisão frontal";"Com Vítimas Feridas";"Plena Noite";"Decrescente";"Céu Claro";"Simples";"Reta";"Sim";2;0;0;1;1;0;1;2;-22,25910363;-54,80613148;"SPRF-MS";"DEL04/MS";"UOP01-DEL04-MS"
760508;2026-03-24;"terça-feira";"18:00:00";"MS";267;29,8;"BATAGUASSU";"Acessar a via sem observar a presença dos outros veículos";"Colisão transversal";"Com Vítimas Feridas";"Anoitecer";"Crescente";"Céu Claro";"Dupla";"Reta;Retorno Regulamentado";"Sim";2;0;1;0;1;0;1;2;-21,719593;-52,423166;"SPRF-MS";"DEL02/MS";"UOP04-DEL02-MS"
760509;2026-03-24;"terça-feira";"19:30:00";"PR";376;618;"SAO JOSE DOS PINHAIS";"Trafegar com motocicleta (ou similar) entre as faixas";"Colisão transversal";"Com Vítimas Feridas";"Plena Noite";"Crescente";"Céu Claro";"Múltipla";"Aclive";"Sim";2;0;1;0;1;0;1;2;-25,60230334;-49,17341916;"SPRF-PR";"DEL01/PR";"UOP04-DEL01-PR"
760512;2026-03-24;"terça-feira";"18:50:00";"GO";80;45;"PADRE BERNARDO";"Acessar a via sem observar a presença dos outros veículos";"Colisão transversal";"Com Vítimas Feridas";"Plena Noite";"Decrescente";"Nublado";"Simples";"Interseção de Vias;Reta";"Sim";3;0;0;1;2;0;1;3;-15,170762;-48,284923;"SPRF-DF";"DEL03-DF";"UOP02-DEL03-DF"
760513;2026-03-24;"terça-feira";"18:40:00";"PR";272;531;"FRANCISCO ALVES";"Reação tardia ou ineficiente do condutor";"Atropelamento de Pedestre";"Com Vítimas Feridas";"Plena Noite";"Decrescente";"Céu Claro";"Simples";"Reta";"Não";3;0;1;0;1;1;1;2;-24,066221;-53,888931;"SPRF-PR";"DEL06/PR";"UOP01-DEL06-PR"
760515;2026-03-24;"terça-feira";"06:30:00";"PR";376;174,5;"MARINGA";"Desrespeitar a preferência no cruzamento";"Colisão lateral mesmo sentido";"Com Vítimas Feridas";"Pleno dia";"Decrescente";"Céu Claro";"Dupla";"Interseção de Vias";"Sim";2;0;1;0;1;0;1;2;-23,41591882;-51,95458174;"SPRF-PR";"DEL09/PR";"UOP01-DEL09-PR"
760516;2026-03-24;"terça-feira";"18:00:00";"BA";235;269;"CURACA";"Animais na Pista";"Saída de leito carroçável";"Com Vítimas Fatais";"Anoitecer";"Decrescente";"Céu Claro";"Simples";"Reta";"Não";1;1;0;0;0;0;0;1;-9,61302118;-39,83122719;"SPRF-BA";"DEL07/BA";"UOP03-DEL07-BA"
760517;2026-03-24;"terça-feira";"20:15:00";"PR";376;200,9;"MARIALVA";"Ingestão de álcool pelo condutor";"Saída de leito carroçável";"Sem Vítimas";"Plena Noite";"Crescente";"Nublado";"Dupla";"Curva";"Não";1;0;0;0;0;1;0;1;-23,50578527;-51,73974752;"SPRF-PR";"DEL09/PR";"UOP01-DEL09-PR"
760518;2026-03-24;"terça-feira";"20:15:00";"SC";101;131;"CAMBORIU";"Reação tardia ou ineficiente do condutor";"Colisão traseira";"Com Vítimas Feridas";"Plena Noite";"Crescente";"Céu Claro";"Simples";"Reta";"Sim";2;0;0;1;1;0;1;2;-26,99520755;-48,65879059;"SPRF-SC";"DEL04/SC";"UOP03-DEL04-SC"
760521;2026-03-24;"terça-feira";"20:20:00";"PB";104;92,6;"ESPERANCA";"Velocidade Incompatível";"Colisão com objeto";"Com Vítimas Feridas";"Plena Noite";"Decrescente";"Céu Claro";"Simples";"Reta";"Não";1;0;1;0;0;0;1;1;-6,991433;-35,833228;"SPRF-PB";"DEL02-PB";"UOP04-DEL02-PB"
760522;2026-03-24;"terça-feira";"20:45:00";"PR";277;348;"GUARAPUAVA";"Ausência de reação do condutor";"Saída de leito carroçável";"Sem Vítimas";"Plena Noite";"Decrescente";"Chuva";"Dupla";"Reta";"Sim";1;0;0;0;1;0;0;1;-25,364;-51,47511;"SPRF-PR";"DEL08/PR";"UOP01-DEL08-PR"
760525;2026-03-24;"terça-feira";"18:40:00";"SP";459;22,7;"LORENA";"Conversão proibida";"Colisão transversal";"Com Vítimas Feridas";"Plena Noite";"Decrescente";"Céu Claro";"Simples";"Declive";"Não";2;0;0;1;1;0;1;2;-22,66976;-45,14003;"SPRF-SP";"DEL08/SP";"UOP02-DEL08-SP"
760527;2026-03-24;"terça-feira";"21:15:00";"GO";414;373;"COCALZINHO DE GOIAS";"Ausência de reação do condutor";"Saída de leito carroçável";"Com Vítimas Feridas";"Plena Noite";"Crescente";"Céu Claro";"Dupla";"Reta";"Sim";1;0;1;0;0;0;1;1;-15,7712707;-48,76211834;"SPRF-GO";"DEL02/GO";"UOP01-DEL02-GO"
760528;2026-03-24;"terça-feira";"18:00:00";"RJ";116;96;"GUAPIMIRIM";"Ultrapassagem Indevida";"Colisão lateral sentido oposto";"Com Vítimas Feridas";"Anoitecer";"Crescente";"Céu Claro";"Simples";"Declive;Reta";"Não";6;0;4;0;2;0;4;3;-22,47742098;-42,99756207;"SPRF-RJ";"DEL04/RJ";"UOP01-DEL04-RJ"
760531;2026-03-24;"terça-feira";"19:40:00";"DF";60;9,9;"BRASILIA";"Pedestre andava na pista";"Atropelamento de Pedestre";"Com Vítimas Feridas";"Plena Noite";"Crescente";"Nublado";"Dupla";"Reta";"Não";3;0;1;0;2;0;1;2;-15,909228;-48,149838;"SPRF-DF";"DEL03-DF";"UOP01-DEL03-DF"
760532;2026-03-24;"terça-feira";"14:40:00";"MG";381;728;"CARMO DA CACHOEIRA";"Ausência de reação do condutor";"Colisão com objeto";"Com Vítimas Feridas";"Pleno dia";"Crescente";"Chuva";"Dupla";"Curva";"Não";4;0;1;0;3;0;1;1;-21,489354;-45,207498;"SPRF-MG";"DEL04/MG";"UOP02-DEL04-MG"
760533;2026-03-24;"terça-feira";"21:50:00";"RJ";116;311;"RESENDE";"Condutor Dormindo";"Colisão com objeto";"Com Vítimas Feridas";"Plena Noite";"Decrescente";"Céu Claro";"Simples";"Reta";"Não";1;0;1;0;0;0;1;1;-22,46089885;-44,44192585;"SPRF-RJ";"DEL07/RJ";"UOP02-DEL07-RJ"
760535;2026-03-24;"terça-feira";"20:30:00";"SC";280;6,9;"SAO FRANCISCO DO SUL";"Acessar a via sem observar a presença dos outros veículos";"Colisão traseira";"Com Vítimas Feridas";"Plena Noite";"Decrescente";"Céu Claro";"Simples";"Rotatória;Reta";"Sim";2;0;1;0;1;0;1;2;-26,27027422;-48,64038913;"SPRF-SC";"DEL03/SC";"UOP03-DEL03-SC"
760536;2026-03-24;"terça-feira";"22:47:00";"SP";116;222;"GUARULHOS";"Reação tardia ou ineficiente do condutor";"Colisão traseira";"Com Vítimas Feridas";"Plena Noite";"Crescente";"Céu Claro";"Múltipla";"Reta";"Sim";3;0;1;0;2;0;1;2;-23,4749549;-46,52343798;"SPRF-SP";"DEL01/SP";"UOP01-DEL01-SP"
760537;2026-03-24;"terça-feira";"22:27:00";"AP";210;0;"MACAPA";"Condutor deixou de manter distância do veículo da frente";"Colisão lateral mesmo sentido";"Com Vítimas Feridas";"Plena Noite";"Crescente";"Céu Claro";"Múltipla";"Reta";"Sim";3;0;2;0;1;0;2;2;0,0784;-51,07;"SPRF-AP";"DEL01-AP";"UOP01-DEL01-AP"
760538;2026-03-24;"terça-feira";"22:55:00";"SC";101;150,1;"ITAPEMA";"Manobra de mudança de faixa";"Colisão lateral mesmo sentido";"Com Vítimas Feridas";"Plena Noite";"Crescente";"Nublado";"Simples";"Reta";"Sim";2;0;1;0;1;0;1;2;-27,11747;-48,60941;"SPRF-SC";"DEL04/SC";"UOP03-DEL04-SC"
760539;2026-03-24;"terça-feira";"22:30:00";"RO";364;425,1;"JARU";"Pista esburacada";"Tombamento";"Com Vítimas Feridas";"Plena Noite";"Decrescente";"Chuva";"Simples";"Reta";"Sim";1;0;1;0;0;0;1;1;-10,43635962;-62,47379168;"SPRF-RO";"DEL03-RO";"UOP02-DEL03-RO"
760541;2026-03-25;"quarta-feira";"01:30:00";"MS";163;610;"SAO GABRIEL DO OESTE";"Avarias e/ou desgaste excessivo no pneu";"Tombamento";"Com Vítimas Feridas";"Plena Noite";"Crescente";"Nublado";"Simples";"Reta";"Não";1;0;1;0;0;0;1;1;-19,427338;-54,543452;"SPRF-MS";"DEL06/MS";"UOP02-DEL06-MS"
760543;2026-03-24;"terça-feira";"22:30:00";"RJ";101;321;"NITEROI";"Ausência de reação do condutor";"Tombamento";"Com Vítimas Feridas";"Plena Noite";"Decrescente";"Céu Claro";"Dupla";"Curva";"Sim";1;0;1;0;0;0;1;1;-22,86778252;-43,11032031;"SPRF-RJ";"DEL02/RJ";"UOP01-DEL02-RJ"
760546;2026-03-25;"quarta-feira";"06:01:00";"PB";230;21,5;"JOAO PESSOA";"Reação tardia ou ineficiente do condutor";"Colisão lateral mesmo sentido";"Com Vítimas Feridas";"Pleno dia";"Crescente";"Sol";"Dupla";"Reta";"Sim";2;0;1;0;1;0;1;2;-7,14944403;-34,85181618;"SPRF-PB";"DEL01-PB";"UOP01-DEL01-PB"
760548;2026-03-25;"quarta-feira";"06:20:00";"ES";101;174,5;"ARACRUZ";"Acessar a via sem observar a presença dos outros veículos";"Colisão transversal";"Com Vítimas Feridas";"Pleno dia";"Decrescente";"Nublado";"Simples";"Reta";"Sim";2;0;1;0;0;1;1;2;-19,58524032;-40,18993783;"SPRF-ES";"DEL04-ES";"UOP01-DEL04-ES"
760550;2026-03-25;"quarta-feira";"06:33:00";"SP";116;276;"EMBU DAS ARTES";"Reação tardia ou ineficiente do condutor";"Colisão traseira";"Com Vítimas Feridas";"Pleno dia";"Decrescente";"Céu Claro";"Dupla";"Reta";"Não";1;0;1;0;0;0;1;1;-23,62335302;-46,81473107;"SPRF-SP";"DEL04/SP";"UOP01-DEL04-SP"
760554;2026-03-25;"quarta-feira";"06:30:00";"RJ";101;321;"NITEROI";"Condutor deixou de manter distância do veículo da frente";"Colisão traseira";"Com Vítimas Feridas";"Pleno dia";"Crescente";"Céu Claro";"Dupla";"Reta";"Sim";2;0;1;0;1;0;1;2;-22,87230022;-43,11043739;"SPRF-RJ";"DEL02/RJ";"UOP01-DEL02-RJ"
760555;2026-03-25;"quarta-feira";"06:30:00";"PE";232;7;"RECIFE";"Condutor deixou de manter distância do veículo da frente";"Engavetamento";"Sem Vítimas";"Pleno dia";"Decrescente";"Céu Claro";"Dupla";"Reta";"Sim";10;0;0;0;6;4;0;4;-8,07305;-34,96081;"SPRF-PE";"DEL01/PE";"UOP01-DEL01-PE"
760558;2026-03-24;"terça-feira";"19:03:00";"RJ";465;20;"SEROPEDICA";"Condutor deixou de manter distância do veículo da frente";"Colisão lateral mesmo sentido";"Com Vítimas Feridas";"Plena Noite";"Decrescente";"Céu Claro";"Simples";"Reta";"Não";2;0;1;0;1;0;1;2;-22,7421331;-43,70562494;"SPRF-RJ";"DEL06/RJ";"UOP02-DEL06-RJ"
760559;2026-03-25;"quarta-feira";"06:00:00";"PE";232;5,6;"RECIFE";"Reação tardia ou ineficiente do condutor";"Colisão traseira";"Sem Vítimas";"Pleno dia";"Decrescente";"Céu Claro";"Múltipla";"Reta";"Sim";2;0;0;0;1;1;0;2;-8,0694777;-34,9481263;"SPRF-PE";"DEL01/PE";"UOP01-DEL01-PE"
760560;2026-03-25;"quarta-feira";"07:40:00";"DF";40;1;"BRASILIA";"Condutor deixou de manter distância do veículo da frente";"Colisão traseira";"Com Vítimas Feridas";"Pleno dia";"Decrescente";"Céu Claro";"Dupla";"Reta";"Sim";2;0;1;0;1;0;1;2;-15,99456428;-47,98571991;"SPRF-DF";"DEL01-DF";"UOP01-DEL01-DF"
760562;2026-03-25;"quarta-feira";"07:30:00";"PR";376;187,8;"MARIALVA";"Reação tardia ou ineficiente do condutor";"Colisão traseira";"Com Vítimas Feridas";"Pleno dia";"Decrescente";"Céu Claro";"Dupla";"Reta;Retorno Regulamentado";"Não";2;0;1;0;1;0;1;2;-23,45944445;-51,84014646;"SPRF-PR";"DEL09/PR";"UOP01-DEL09-PR"
760563;2026-03-25;"quarta-feira";"07:50:00";"SC";280;25,4;"ARAQUARI";"Trafegar com motocicleta (ou similar) entre as faixas";"Colisão transversal";"Com Vítimas Feridas";"Pleno dia";"Crescente";"Céu Claro";"Simples";"Reta";"Não";2;0;0;1;1;0;1;2;-26,386037;-48,729685;"SPRF-SC";"DEL03/SC";"UOP03-DEL03-SC"
760564;2026-03-25;"quarta-feira";"06:50:00";"SC";101;149,7;"ITAPEMA";"Reação tardia ou ineficiente do condutor";"Colisão lateral mesmo sentido";"Com Vítimas Feridas";"Pleno dia";"Crescente";"Céu Claro";"Dupla";"Interseção de Vias;Reta";"Não";2;0;1;0;1;0;1;2;-27,11408;-48,61027;"SPRF-SC";"DEL04/SC";"UOP03-DEL04-SC"
760567;2026-03-25;"quarta-feira";"07:40:00";"RJ";101;240;"SILVA JARDIM";"Condutor deixou de manter distância do veículo da frente";"Colisão traseira";"Com Vítimas Feridas";"Pleno dia";"Decrescente";"Céu Claro";"Dupla";"Reta";"Não";2;0;2;0;0;0;2;2;-22,65108631;-42,48756409;"SPRF-RJ";"DEL02/RJ";"UOP03-DEL02-RJ"
760569;2026-03-25;"quarta-feira";"05:55:00";"RO";364;685;"CANDEIAS DO JAMARI";"Ausência de reação do condutor";"Colisão traseira";"Com Vítimas Feridas";"Pleno dia";"Decrescente";"Nublado";"Simples";"Reta";"Não";2;0;1;0;1;0;1;2;-8,79071928;-63,63357103;"SPRF-RO";"DEL01-RO";"UOP01-DEL01-RO"
760570;2026-03-25;"quarta-feira";"08:00:00";"BA";324;620;"SALVADOR";"Trafegar com motocicleta (ou similar) entre as faixas";"Tombamento";"Com Vítimas Feridas";"Pleno dia";"Crescente";"Nublado";"Dupla";"Reta";"Não";2;0;1;0;1;0;1;1;-12,91699841;-38,4628461;"SPRF-BA";"DEL01/BA";"UOP01-DEL01-BA"
760571;2026-03-25;"quarta-feira";"08:20:00";"RJ";101;333;"RIO DE JANEIRO";"Ausência de reação do condutor";"Tombamento";"Com Vítimas Feridas";"Pleno dia";"Crescente";"Céu Claro";"Dupla";"Reta;Ponte";"Não";1;0;1;0;0;0;1;1;-22,88155252;-43,21399212;"SPRF-RJ";"DEL02/RJ";"UOP01-DEL02-RJ"
760572;2026-03-25;"quarta-feira";"07:25:00";"MS";163;484;"CAMPO GRANDE";"Acessar a via sem observar a presença dos outros veículos";"Colisão transversal";"Com Vítimas Feridas";"Pleno dia";"Decrescente";"Céu Claro";"Simples";"Reta";"Sim";2;0;1;0;1;0;1;2;-20,44769916;-54,54091495;"SPRF-MS";"DEL01/MS";"UOP02-DEL01-MS"
760573;2026-03-21;"sábado";"22:30:00";"BA";324;603;"SIMOES FILHO";"Demais falhas mecânicas ou elétricas";"Incêndio";"Sem Vítimas";"Plena Noite";"Crescente";"Nublado";"Dupla";"Reta";"Não";1;0;0;0;0;1;0;1;-12,78557714;-38,41062281;"SPRF-BA";"DEL01/BA";"UOP01-DEL01-BA"
760574;2026-03-09;"segunda-feira";"23:50:00";"MG";40;368;"FELIXLANDIA";"Condutor deixou de manter distância do veículo da frente";"Colisão traseira";"Com Vítimas Feridas";"Plena Noite";"Decrescente";"Nublado";"Simples";"Reta";"Não";1;0;1;0;0;0;1;1;-18,8020082;-44,7987346;"SPRF-MG";"DEL02/MG";"UOP01-DEL02-MG"
760575;2026-03-25;"quarta-feira";"07:50:00";"MA";135;4,2;"SAO LUIS";"Acessar a via sem observar a presença dos outros veículos";"Colisão transversal";"Com Vítimas Feridas";"Pleno dia";"Crescente";"Sol";"Dupla";"Reta";"Sim";2;0;1;0;1;0;1;2;-2,616597;-44,254399;"SPRF-MA";"DEL01-MA";"UOP01-DEL01-MA"
760578;2026-03-25;"quarta-feira";"05:30:00";"MG";364;1,9;"PLANURA";"Acessar a via sem observar a presença dos outros veículos";"Colisão transversal";"Com Vítimas Feridas";"Amanhecer";"Crescente";"Nublado";"Simples";"Interseção de Vias";"Sim";2;0;0;1;0;1;1;2;-20,14832587;-48,68814318;"SPRF-MG";"DEL13/MG";"UOP02-DEL13-MG"
760579;2026-03-25;"quarta-feira";"09:10:00";"SC";101;131;"CAMBORIU";"Acessar a via sem observar a presença dos outros veículos";"Colisão frontal";"Com Vítimas Feridas";"Pleno dia";"Crescente";"Céu Claro";"Simples";"Reta";"Sim";2;0;1;0;1;0;1;2;-26,99317562;-48,66120307;"SPRF-SC";"DEL04/SC";"UOP03-DEL04-SC"
760580;2026-03-25;"quarta-feira";"09:30:00";"MG";40;352,5;"FELIXLANDIA";"Avarias e/ou desgaste excessivo no pneu";"Capotamento";"Com Vítimas Feridas";"Pleno dia";"Decrescente";"Céu Claro";"Simples";"Reta";"Não";5;0;3;2;0;0;5;1;-18,728631;-44,914322;"SPRF-MG";"DEL02/MG";"UOP01-DEL02-MG"
760581;2026-03-25;"quarta-feira";"08:05:00";"SC";470;139;"RIO DO SUL";"Acessar a via sem observar a presença dos outros veículos";"Colisão lateral mesmo sentido";"Sem Vítimas";"Pleno dia";"Decrescente";"Céu Claro";"Dupla";"Reta;Rotatória";"Não";2;0;0;0;2;0;0;2;-27,20220223;-49,63355748;"SPRF-SC";"DEL04/SC";"UOP02-DEL04-SC"
760582;2026-03-25;"quarta-feira";"08:30:00";"DF";60;21;"BRASILIA";"Acostamento em desnível";"Queda de ocupante de veículo";"Com Vítimas Feridas";"Pleno dia";"Decrescente";"Céu Claro";"Dupla";"Curva";"Não";1;0;1;0;0;0;1;1;-15,977167;-48,200772;"SPRF-DF";"DEL03-DF";"UOP01-DEL03-DF"
760584;2026-02-09;"segunda-feira";"06:45:00";"SC";280;50;"GUARAMIRIM";"Avarias e/ou desgaste excessivo no pneu";"Saída de leito carroçável";"Com Vítimas Feridas";"Pleno dia";"Decrescente";"Céu Claro";"Simples";"Curva";"Não";2;0;2;0;0;0;2;1;-26,46263318;-48,94834805;"SPRF-SC";"DEL03/SC";"UOP03-DEL03-SC"
760585;2026-03-25;"quarta-feira";"09:35:00";"SC";101;210,6;"SAO JOSE";"Condutor deixou de manter distância do veículo da frente";"Colisão traseira";"Com Vítimas Feridas";"Pleno dia";"Crescente";"Céu Claro";"Múltipla";"Reta";"Sim";4;0;1;2;1;0;3;2;-27,61615228;-48,64294946;"SPRF-SC";"DEL01/SC";"UOP01-DEL01-SC"
760586;2026-03-25;"quarta-feira";"09:40:00";"GO";40;12,7;"LUZIANIA";"Condutor deixou de manter distância do veículo da frente";"Colisão traseira";"Com Vítimas Feridas";"Pleno dia";"Decrescente";"Céu Claro";"Dupla";"Reta";"Sim";3;0;2;0;1;0;2;2;-16,15002;-47,94035;"SPRF-DF";"DEL01-DF";"UOP01-DEL01-DF"
760587;2026-03-25;"quarta-feira";"10:30:00";"PR";369;144;"LONDRINA";"Frear bruscamente";"Colisão com objeto";"Sem Vítimas";"Pleno dia";"Decrescente";"Céu Claro";"Dupla";"Declive;Reta";"Não";1;0;0;0;1;0;0;1;-23,29327345;-51,10401956;"SPRF-PR";"DEL07/PR";"UOP01-DEL07-PR"
760588;2026-03-25;"quarta-feira";"10:20:00";"SP";381;57;"MAIRIPORA";"Reação tardia ou ineficiente do condutor";"Colisão lateral mesmo sentido";"Com Vítimas Feridas";"Pleno dia";"Decrescente";"Céu Claro";"Dupla";"Reta";"Não";3;0;1;0;2;0;1;2;-23,26875894;-46,58376932;"SPRF-SP";"DEL03/SP";"UOP01-DEL03-SP"
760589;2026-03-25;"quarta-feira";"07:50:00";"MG";116;555,1;"MANHUACU";"Velocidade Incompatível";"Saída de leito carroçável";"Com Vítimas Feridas";"Pleno dia";"Crescente";"Nublado";"Simples";"Declive;Curva";"Não";1;0;1;0;0;0;1;1;-20,00844391;-42,15101481;"SPRF-MG";"DEL06/MG";"UOP02-DEL06-MG"
760590;2026-03-25;"quarta-feira";"08:50:00";"RO";364;430;"JARU";"Acessar a via sem observar a presença dos outros veículos";"Colisão transversal";"Com Vítimas Feridas";"Pleno dia";"Decrescente";"Nublado";"Simples";"Reta;Interseção de Vias";"Não";3;0;1;1;1;0;2;2;-10,40669598;-62,5163269;"SPRF-RO";"DEL03-RO";"UOP02-DEL03-RO"
760594;2026-03-25;"quarta-feira";"11:15:00";"PB";230;9;"CABEDELO";"Manobra de mudança de faixa";"Colisão transversal";"Com Vítimas Feridas";"Pleno dia";"Crescente";"Céu Claro";"Simples";"Reta";"Sim";3;0;1;1;0;1;2;3;-7,04597562;-34,8478201;"SPRF-PB";"DEL01-PB";"UOP01-DEL01-PB"