"id";"data_inversa";"dia_semana";"horario";"uf";"br";"km";"municipio";"causa_acidente";"tipo_acidente";"classificacao_acidente";"fase_dia";"sentido_via";"condicao_metereologica";"tipo_pista";"tracado_via";"uso_solo";"pessoas";"mortos";"feridos_leves";"feridos_graves";"ilesos";"ignorados";"feridos";"veiculos";"latitude";"longitude";"regional";"delegacia";"uop"
761603;2026-03-29;"domingo";"19:30:00";"MG";381;671;"PERDOES";"Ausência de reação do condutor";"Colisão traseira";"Sem Vítimas";"Plena Noite";"Decrescente";"Céu Claro";"Dupla";"Reta";"Não";2;0;0;0;2;0;0;2;-21,05887087;-45,04909515;"SPRF-MG";"DEL04/MG";"UOP02-DEL04-MG"
761605;2026-03-29;"domingo";"16:26:00";"AL";101;25;"JOAQUIM GOMES";"Ausência de reação do condutor";"Colisão frontal";"Sem Vítimas";"Pleno dia";"Crescente";"Garoa/Chuvisco";"Simples";"Reta";"Sim";2;0;0;0;0;2;0;2;-9,05689;-35,71785;"SPRF-AL";"DEL01-AL";"UOP02-DEL01-AL"
761606;2026-03-29;"domingo";"21:15:00";"SC";470;33,8;"GASPAR";"Reação tardia ou ineficiente do condutor";"Colisão lateral mesmo sentido";"Com Vítimas Feridas";"Plena Noite";"Crescente";"Céu Claro";"Dupla";"Reta";"Não";3;0;2;0;1;0;2;2;-26,90977;-48,94825;"SPRF-SC";"DEL04/SC";"UOP01-DEL04-SC"
761607;2026-03-29;"domingo";"14:00:00";"RS";285;0,2;"SAO JOSE DOS AUSENTES";"Reação tardia ou ineficiente do condutor";"Queda de ocupante de veículo";"Com Vítimas Feridas";"Pleno dia";"Crescente";"Céu Claro";"Simples";"Reta";"Não";2;0;0;2;0;0;2;1;-28,799351;-49,953732;"SPRF-RS";"DEL05/RS";"UOP03-DEL05-RS"
761608;2026-03-29;"domingo";"20:26:00";"RJ";116;145;"DUQUE DE CAXIAS";"Ausência de reação do condutor";"Colisão com objeto";"Sem Vítimas";"Plena Noite";"Crescente";"Céu Claro";"Dupla";"Reta";"Sim";1;0;0;0;0;1;0;1;-22,66490782;-43,26002955;"SPRF-RJ";"DEL01/RJ";"UOP02-DEL01-RJ"
761609;2026-03-29;"domingo";"14:48:00";"SC";101;338;"TUBARAO";"Ausência de reação do condutor";"Tombamento";"Com Vítimas Feridas";"Pleno dia";"Crescente";"Céu Claro";"Dupla";"Declive";"Não";1;0;1;0;0;0;1;1;-28,49741484;-49,04486609;"SPRF-SC";"DEL02/SC";"UOP01-DEL02-SC"
761610;2026-03-29;"domingo";"19:01:00";"SC";101;372;"ICARA";"Demais falhas mecânicas ou elétricas";"Incêndio";"Sem Vítimas";"Plena Noite";"Decrescente";"Céu Claro";"Dupla";"Reta";"Não";2;0;0;0;2;0;0;1;-28,7443463;-49,25492048;"SPRF-SC";"DEL02/SC";"UOP01-DEL02-SC"
761611;2026-03-29;"domingo";"21:20:00";"PR";369;347,7;"CAMPO MOURAO";"Ingestão de álcool pelo condutor";"Saída de leito carroçável";"Com Vítimas Feridas";"Plena Noite";"Crescente";"Céu Claro";"Simples";"Curva;Aclive";"Não";5;0;3;0;0;2;3;1;-24,102613;-52,432106;"SPRF-PR";"DEL09/PR";"UOP03-DEL09-PR"
761613;2026-03-29;"domingo";"21:00:00";"RJ";116;2;"SAPUCAIA";"Ingestão de álcool pelo condutor";"Colisão lateral sentido oposto";"Sem Vítimas";"Plena Noite";"Decrescente";"Céu Claro";"Simples";"Reta";"Sim";4;0;0;0;2;2;0;3;-21,88270005;-42,68030424;"SPRF-RJ";"DEL05/RJ";"UOP01-DEL05-RJ"
761614;2026-03-29;"domingo";"20:33:00";"PA";10;206;"IPIXUNA DO PARA";"Acessar a via sem observar a presença dos outros veículos";"Colisão lateral mesmo sentido";"Com Vítimas Feridas";"Plena Noite";"Decrescente";"Céu Claro";"Simples";"Reta";"Não";4;0;0;1;1;2;1;3;-2,62302;-47,482433;"SPRF-PA";"DEL02/PA";"UOP01-DEL02-PA"
761615;2026-03-29;"domingo";"22:16:00";"RN";304;295;"MACAIBA";"Acesso irregular";"Colisão transversal";"Com Vítimas Feridas";"Plena Noite";"Crescente";"Céu Claro";"Simples";"Reta";"Não";2;0;1;0;1;0;1;2;-5,8660077;-35,3527531;"SPRF-RN";"DEL01-RN";"UOP02-DEL01-RN"
761616;2026-03-29;"domingo";"21:30:00";"PB";230;22;"JOAO PESSOA";"Condutor Dormindo";"Saída de leito carroçável";"Sem Vítimas";"Plena Noite";"Decrescente";"Céu Claro";"Dupla";"Reta";"Sim";1;0;0;0;1;0;0;1;-7,154298;-34,855588;"SPRF-PB";"DEL01-PB";"UOP01-DEL01-PB"
761617;2026-03-29;"domingo";"20:00:00";"RO";364;395;"OURO PRETO DO OESTE";"Transitar na contramão";"Colisão lateral sentido oposto";"Com Vítimas Feridas";"Plena Noite";"Decrescente";"Céu Claro";"Simples";"Aclive;Reta";"Não";4;0;3;1;0;0;4;2;-10,63757468;-62,31521934;"SPRF-RO";"DEL03-RO";"UOP02-DEL03-RO"
761618;2026-03-29;"domingo";"19:45:00";"SC";470;167,8;"POUSO REDONDO";"Reação tardia ou ineficiente do condutor";"Saída de leito carroçável";"Com Vítimas Feridas";"Plena Noite";"Crescente";"Céu Claro";"Simples";"Curva";"Não";1;0;1;0;0;0;1;1;-27,27284335;-49,85839717;"SPRF-SC";"DEL04/SC";"UOP02-DEL04-SC"
761619;2026-03-29;"domingo";"19:15:00";"BA";116;29,7;"VITORIA DA CONQUISTA";"Ingestão de álcool pelo condutor";"Tombamento";"Com Vítimas Feridas";"Plena Noite";"Decrescente";"Nublado";"Simples";"Retorno Regulamentado";"Sim";1;0;1;0;0;0;1;1;-14,82742415;-40,82860261;"SPRF-BA";"DEL08/BA";"UOP01-DEL08-BA"
761621;2026-03-29;"domingo";"21:10:00";"PR";277;132;"CAMPO LARGO";"Ingestão de álcool pelo condutor";"Colisão com objeto";"Sem Vítimas";"Plena Noite";"Decrescente";"Céu Claro";"Dupla";"Reta;Declive";"Não";1;0;0;0;1;0;0;1;-25,456299;-49,573512;"SPRF-PR";"DEL01/PR";"UOP07-DEL01-PR"
761622;2026-03-29;"domingo";"22:00:00";"PR";277;78;"CURITIBA";"Ingestão de álcool pelo condutor";"Colisão com objeto";"Sem Vítimas";"Plena Noite";"Crescente";"Nublado";"Dupla";"Em Obras;Reta";"Sim";2;0;0;0;2;0;0;2;-25,482378;-49,193097;"SPRF-PR";"DEL01/PR";"UOP08-DEL01-PR"
761624;2026-03-29;"domingo";"21:50:00";"MG";365;626;"UBERLANDIA";"Transitar na contramão";"Colisão frontal";"Com Vítimas Feridas";"Plena Noite";"Decrescente";"Céu Claro";"Dupla";"Viaduto;Curva;Interseção de Vias";"Sim";3;0;0;2;1;0;2;2;-18,9066801;-48,3335546;"SPRF-MG";"DEL15/MG";"UOP01-DEL15-MG"
761625;2026-03-29;"domingo";"23:10:00";"ES";101;165,7;"LINHARES";"Pedestre andava na pista";"Atropelamento de Pedestre";"Com Vítimas Feridas";"Plena Noite";"Crescente";"Céu Claro";"Simples";"Reta";"Não";3;0;0;1;2;0;1;2;-19,518358;-40,143223;"SPRF-ES";"DEL04-ES";"UOP01-DEL04-ES"
761627;2026-03-29;"domingo";"23:40:00";"RN";101;94,4;"NATAL";"Ausência de reação do condutor";"Colisão traseira";"Com Vítimas Feridas";"Plena Noite";"Decrescente";"Céu Claro";"Múltipla";"Reta;Viaduto";"Sim";2;0;2;0;0;0;2;2;-5,835839;-35,211774;"SPRF-RN";"DEL01-RN";"UOP01-DEL01-RN"
761628;2026-03-29;"domingo";"23:00:00";"MG";153;245,1;"FRONTEIRA";"Reação tardia ou ineficiente do condutor";"Colisão traseira";"Com Vítimas Feridas";"Plena Noite";"Crescente";"Céu Claro";"Simples";"Declive;Reta";"Sim";5;0;2;2;1;0;4;2;-20,29081359;-49,20209734;"SPRF-MG";"DEL13/MG";"UOP02-DEL13-MG"
761629;2026-03-29;"domingo";"19:40:00";"SC";101;318;"PESCARIA BRAVA";"Ausência de reação do condutor";"Tombamento";"Com Vítimas Feridas";"Plena Noite";"Crescente";"Céu Claro";"Simples";"Reta";"Não";1;0;1;0;0;0;1;1;-28,42934011;-48,87732474;"SPRF-SC";"DEL02/SC";"UOP01-DEL02-SC"
761630;2026-03-29;"domingo";"22:30:00";"ES";262;161;"IBATIBA";"Ingestão de álcool pelo condutor";"Colisão transversal";"Sem Vítimas";"Plena Noite";"Decrescente";"Nublado";"Simples";"Reta";"Não";2;0;0;0;2;0;0;2;-20,236264;-41,522813;"SPRF-ES";"DEL01-ES";"UOP02-DEL01-ES"
761631;2026-03-29;"domingo";"21:10:00";"SC";280;14,1;"SAO FRANCISCO DO SUL";"Ultrapassagem Indevida";"Colisão frontal";"Com Vítimas Feridas";"Plena Noite";"Decrescente";"Céu Claro";"Dupla";"Reta";"Sim";2;0;1;0;1;0;1;2;-26,33122;-48,65177;"SPRF-SC";"DEL03/SC";"UOP03-DEL03-SC"
761632;2026-03-29;"domingo";"22:40:00";"MG";50;29;"ARAGUARI";"Ingestão de álcool pelo condutor";"Saída de leito carroçável";"Sem Vítimas";"Plena Noite";"Decrescente";"Céu Claro";"Dupla";"Declive;Curva";"Não";1;0;0;0;0;1;0;1;-18,62006;-48,111053;"SPRF-MG";"DEL15/MG";"UOP02-DEL15-MG"
761634;2026-03-29;"domingo";"22:05:00";"MT";364;200;"RONDONOPOLIS";"Transitar na contramão";"Colisão transversal";"Com Vítimas Feridas";"Plena Noite";"Decrescente";"Nublado";"Dupla";"Reta";"Sim";4;0;0;1;3;0;1;2;-16,49820874;-54,63563204;"SPRF-MT";"DEL02/MT";"UOP01-DEL02-MT"
761635;2026-03-29;"domingo";"23:20:00";"CE";116;42;"HORIZONTE";"Ingestão de álcool pelo condutor";"Colisão frontal";"Com Vítimas Feridas";"Plena Noite";"Decrescente";"Céu Claro";"Simples";"Reta";"Sim";3;0;2;1;0;0;3;2;-4,11257832;-38,49020362;"SPRF-CE";"DEL01/CE";"UOP02-DEL01-CE"
761636;2026-03-30;"segunda-feira";"00:10:00";"PR";277;604,8;"CASCAVEL";"Velocidade Incompatível";"Saída de leito carroçável";"Com Vítimas Feridas";"Plena Noite";"Crescente";"Céu Claro";"Dupla";"Curva;Declive";"Não";2;0;1;1;0;0;2;1;-25,02;-53,544;"SPRF-PR";"DEL05/PR";"UOP02-DEL05-PR"
761637;2026-03-30;"segunda-feira";"00:38:00";"RN";101;85;"NATAL";"Ausência de reação do condutor";"Colisão com objeto";"Com Vítimas Feridas";"Plena Noite";"Decrescente";"Céu Claro";"Dupla";"Reta;Ponte";"Sim";1;0;1;0;0;0;1;1;-5,779857;-35,248325;"SPRF-RN";"DEL02-RN";"UOP01-DEL02-RN"
761638;2026-03-30;"segunda-feira";"01:15:00";"SC";470;139;"RIO DO SUL";"Ingestão de álcool pelo condutor";"Tombamento";"Com Vítimas Feridas";"Plena Noite";"Decrescente";"Nublado";"Dupla";"Reta";"Sim";1;0;1;0;0;0;1;1;-27,20187347;-49,63315666;"SPRF-SC";"DEL04/SC";"UOP02-DEL04-SC"
761639;2026-03-30;"segunda-feira";"00:37:00";"CE";116;218;"TABULEIRO DO NORTE";"Animais na Pista";"Atropelamento de Animal";"Com Vítimas Feridas";"Plena Noite";"Crescente";"Céu Claro";"Simples";"Reta";"Não";1;0;1;0;0;0;1;1;-5,22348188;-38,20159659;"SPRF-CE";"DEL03/CE";"UOP01-DEL03-CE"
761640;2026-03-30;"segunda-feira";"01:40:00";"SC";282;385,7;"JOACABA";"Condutor Dormindo";"Saída de leito carroçável";"Sem Vítimas";"Plena Noite";"Crescente";"Céu Claro";"Simples";"Declive;Reta";"Não";2;0;0;0;2;0;0;1;-27,192207;-51,516976;"SPRF-SC";"DEL07/SC";"UOP05-DEL07-SC"
761641;2026-03-29;"domingo";"22:00:00";"MA";135;0,4;"SAO LUIS";"Condutor deixou de manter distância do veículo da frente";"Colisão traseira";"Sem Vítimas";"Plena Noite";"Crescente";"Céu Claro";"Dupla";"Curva";"Sim";3;0;0;0;2;1;0;2;-2,584128;-44,242918;"SPRF-MA";"DEL01-MA";"UOP01-DEL01-MA"
761642;2026-03-30;"segunda-feira";"01:50:00";"RS";290;97;"PORTO ALEGRE";"Ausência de reação do condutor";"Saída de leito carroçável";"Sem Vítimas";"Plena Noite";"Decrescente";"Céu Claro";"Dupla";"Ponte;Reta";"Sim";1;0;0;0;0;1;0;1;-29,99704613;-51,20985031;"SPRF-RS";"DEL01/RS";"UOP01-DEL01-RS"
761645;2026-03-30;"segunda-feira";"02:45:00";"SC";101;348;"JAGUARUNA";"Ausência de reação do condutor";"Saída de leito carroçável";"Sem Vítimas";"Plena Noite";"Crescente";"Céu Claro";"Simples";"Aclive";"Não";1;0;0;0;1;0;0;1;-28,58094258;-49,05156355;"SPRF-SC";"DEL02/SC";"UOP01-DEL02-SC"
761646;2026-03-29;"domingo";"21:05:00";"MA";316;605,1;"TIMON";"Demais falhas mecânicas ou elétricas";"Colisão traseira";"Com Vítimas Feridas";"Plena Noite";"Crescente";"Nublado";"Simples";"Declive;Reta";"Não";4;0;1;0;3;0;1;2;-5,047355;-42,916185;"SPRF-MA";"DEL03-MA";"UOP02-DEL03-MA"
761647;2026-03-30;"segunda-feira";"03:30:00";"RN";406;169,2;"SAO GONCALO DO AMARANTE";"Animais na Pista";"Atropelamento de Animal";"Sem Vítimas";"Plena Noite";"Decrescente";"Céu Claro";"Dupla";"Reta";"Não";2;0;0;0;2;0;0;1;-5,756442;-35,305388;"SPRF-RN";"DEL02-RN";"UOP01-DEL02-RN"
761648;2026-03-30;"segunda-feira";"02:30:00";"MT";163;818;"SINOP";"Desvio temporário";"Queda de ocupante de veículo";"Com Vítimas Feridas";"Plena Noite";"Crescente";"Nublado";"Simples";"Desvio Temporário";"Não";1;0;0;1;0;0;1;1;-12,00977106;-55,51734924;"SPRF-MT";"DEL06/MT";"UOP02-DEL06-MT"
761650;2026-03-30;"segunda-feira";"03:50:00";"AL";316;151;"PALMEIRA DOS INDIOS";"Animais na Pista";"Atropelamento de Animal";"Com Vítimas Feridas";"Plena Noite";"Decrescente";"Garoa/Chuvisco";"Simples";"Declive;Reta";"Não";2;0;2;0;0;0;2;1;-9,423459;-36,662384;"SPRF-AL";"DEL03-AL";"UOP01-DEL03-AL"
761653;2026-03-29;"domingo";"19:03:00";"PA";316;217;"VISEU";"Ultrapassagem Indevida";"Colisão lateral sentido oposto";"Sem Vítimas";"Plena Noite";"Crescente";"Nublado";"Simples";"Aclive";"Não";9;0;0;0;6;3;0;3;-1,649353;-46,779568;"SPRF-PA";"DEL01/PA";"UOP03-DEL01-PA"
761654;2026-03-30;"segunda-feira";"06:00:00";"PE";101;72,2;"RECIFE";"Reação tardia ou ineficiente do condutor";"Colisão traseira";"Com Vítimas Feridas";"Amanhecer";"Decrescente";"Nublado";"Dupla";"Reta";"Sim";3;0;1;1;1;0;2;2;-8,08656;-34,94621;"SPRF-PE";"DEL01/PE";"UOP01-DEL01-PE"
761655;2026-03-30;"segunda-feira";"05:20:00";"SC";470;63;"INDAIAL";"Acessar a via sem observar a presença dos outros veículos";"Colisão transversal";"Com Vítimas Feridas";"Plena Noite";"Decrescente";"Nublado";"Simples";"Em Obras;Reta";"Sim";2;0;1;0;1;0;1;2;-26,87213351;-49,19365525;"SPRF-SC";"DEL04/SC";"UOP01-DEL04-SC"
761657;2026-03-30;"segunda-feira";"05:30:00";"SP";116;139;"SAO JOSE DOS CAMPOS";"Ausência de reação do condutor";"Queda de ocupante de veículo";"Com Vítimas Fatais";"Amanhecer";"Decrescente";"Nublado";"Dupla";"Reta";"Não";3;2;0;0;1;0;0;2;-23,1648885;-45,8038087;"SPRF-SP";"DEL02/SP";"UOP01-DEL02-SP"
761660;2026-03-30;"segunda-feira";"06:30:00";"SP";381;89;"GUARULHOS";"Ausência de reação do condutor";"Colisão traseira";"Com Vítimas Feridas";"Pleno dia";"Crescente";"Sol";"Dupla";"Reta";"Sim";2;0;1;0;1;0;1;2;-23,49432101;-46,55953757;"SPRF-SP";"DEL03/SP";"UOP01-DEL03-SP"
761661;2026-03-30;"segunda-feira";"06:10:00";"MG";365;687;"MONTE ALEGRE DE MINAS";"Animais na Pista";"Atropelamento de Animal";"Com Vítimas Feridas";"Pleno dia";"Crescente";"Céu Claro";"Dupla";"Curva";"Sim";1;0;1;0;0;0;1;1;-18,87672705;-48,87645721;"SPRF-MG";"DEL15/MG";"UOP01-DEL15-MG"
761664;2026-03-30;"segunda-feira";"06:30:00";"ES";101;233;"FUNDAO";"Frear bruscamente";"Saída de leito carroçável";"Com Vítimas Feridas";"Pleno dia";"Crescente";"Céu Claro";"Dupla";"Aclive;Reta";"Não";2;0;1;0;1;0;1;1;-19,9623821;-40,4066229;"SPRF-ES";"DEL02-ES";"UOP01-DEL02-ES"
761665;2026-03-30;"segunda-feira";"05:50:00";"DF";40;7;"BRASILIA";"Reação tardia ou ineficiente do condutor";"Queda de ocupante de veículo";"Com Vítimas Feridas";"Amanhecer";"Decrescente";"Céu Claro";"Dupla";"Reta";"Não";1;0;1;0;0;0;1;1;-16,039322;-47,979595;"SPRF-DF";"DEL01-DF";"UOP01-DEL01-DF"
761666;2026-03-30;"segunda-feira";"00:15:00";"SP";381;85;"SAO PAULO";"Reação tardia ou ineficiente do condutor";"Colisão traseira";"Sem Vítimas";"Plena Noite";"Decrescente";"Céu Claro";"Dupla";"Reta";"Sim";1;0;0;0;0;1;0;1;-23,46101224;-46,57072306;"SPRF-SP";"DEL03/SP";"UOP01-DEL03-SP"
761668;2026-03-29;"domingo";"16:30:00";"MG";116;438;"ENGENHEIRO CALDAS";"Acumulo de água sobre o pavimento";"Saída de leito carroçável";"Com Vítimas Feridas";"Pleno dia";"Decrescente";"Chuva";"Simples";"Curva";"Não";1;0;1;0;0;0;1;1;-19,03843932;-41,98855442;"SPRF-MG";"DEL06/MG";"UOP01-DEL06-MG"
761669;2026-03-30;"segunda-feira";"07:00:00";"GO";153;440;"ANAPOLIS";"Condutor deixou de manter distância do veículo da frente";"Colisão lateral mesmo sentido";"Com Vítimas Feridas";"Pleno dia";"Crescente";"Céu Claro";"Dupla";"Reta";"Sim";2;0;1;0;1;0;1;2;-16,329844;-48,922439;"SPRF-GO";"DEL02/GO";"UOP01-DEL02-GO"
761670;2026-03-30;"segunda-feira";"07:15:00";"PE";101;76;"RECIFE";"Acostamento em desnível";"Queda de ocupante de veículo";"Com Vítimas Feridas";"Pleno dia";"Decrescente";"Nublado";"Dupla";"Reta";"Sim";2;0;2;0;0;0;2;1;-8,11985;-34,94275;"SPRF-PE";"DEL01/PE";"UOP01-DEL01-PE"
761673;2026-03-30;"segunda-feira";"07:35:00";"SC";280;170;"MAFRA";"Condutor deixou de manter distância do veículo da frente";"Colisão traseira";"Sem Vítimas";"Pleno dia";"Crescente";"Nublado";"Simples";"Reta";"Sim";2;0;0;0;2;0;0;2;-26,14413591;-49,81190292;"SPRF-SC";"DEL06/SC";"UOP01-DEL06-SC"
761674;2026-03-29;"domingo";"23:42:00";"MT";163;552;"ROSARIO OESTE";"Reação tardia ou ineficiente do condutor";"Saída de leito carroçável";"Sem Vítimas";"Plena Noite";"Decrescente";"Nublado";"Dupla";"Reta";"Não";1;0;0;0;0;1;0;1;-14,782395;-56,379127;"SPRF-MT";"DEL01/MT";"UOP01-DEL01-MT"
761676;2026-03-30;"segunda-feira";"07:00:00";"BA";116;24,5;"VITORIA DA CONQUISTA";"Acessar a via sem observar a presença dos outros veículos";"Colisão lateral mesmo sentido";"Com Vítimas Feridas";"Pleno dia";"Decrescente";"Nublado";"Dupla";"Retorno Regulamentado";"Sim";3;0;2;0;1;0;2;2;-14,86081088;-40,79920207;"SPRF-BA";"DEL08/BA";"UOP01-DEL08-BA"
761677;2026-03-30;"segunda-feira";"04:45:00";"RJ";493;84;"JAPERI";"Ausência de reação do condutor";"Saída de leito carroçável";"Com Vítimas Fatais";"Plena Noite";"Crescente";"Céu Claro";"Dupla";"Viaduto;Curva";"Sim";1;1;0;0;0;0;0;1;-22,65543936;-43,61054114;"SPRF-RJ";"DEL01/RJ";"UOP03-DEL01-RJ"
761679;2026-03-30;"segunda-feira";"06:26:00";"BA";324;582;"CANDEIAS";"Chuva";"Queda de ocupante de veículo";"Com Vítimas Feridas";"Pleno dia";"Crescente";"Chuva";"Dupla";"Reta";"Não";1;0;1;0;0;0;1;1;-12,613342;-38,487923;"SPRF-BA";"DEL01/BA";"UOP01-DEL01-BA"
761682;2026-03-30;"segunda-feira";"07:40:00";"PB";230;25,4;"JOAO PESSOA";"Condutor deixou de manter distância do veículo da frente";"Colisão traseira";"Com Vítimas Feridas";"Pleno dia";"Decrescente";"Céu Claro";"Dupla";"Reta;Viaduto";"Sim";4;0;1;1;2;0;2;2;-7,17031291;-34,87184988;"SPRF-PB";"DEL01-PB";"UOP01-DEL01-PB"
761683;2026-03-08;"domingo";"11:50:00";"GO";153;496;"GOIANIA";"Reação tardia ou ineficiente do condutor";"Engavetamento";"Com Vítimas Feridas";"Pleno dia";"Crescente";"Céu Claro";"Dupla";"Reta";"Sim";3;0;1;0;2;0;1;3;-16,673015;-49,229021;"SPRF-GO";"DEL01/GO";"UOP01-DEL01-GO"
761684;2026-03-30;"segunda-feira";"06:00:00";"PB";230;38,7;"SANTA RITA";"Ausência de reação do condutor";"Colisão com objeto";"Com Vítimas Feridas";"Pleno dia";"Decrescente";"Sol";"Dupla";"Aclive;Reta";"Não";1;0;0;1;0;0;1;1;-7,13807373;-34,9702212;"SPRF-PB";"DEL01-PB";"UOP02-DEL01-PB"
761685;2026-03-30;"segunda-feira";"07:40:00";"RS";290;103;"PORTO ALEGRE";"Ingestão de álcool pelo condutor";"Colisão com objeto";"Sem Vítimas";"Pleno dia";"Decrescente";"Nublado";"Dupla";"Reta";"Não";2;0;0;0;2;0;0;1;-29,988904;-51,262628;"SPRF-RS";"DEL01/RS";"UOP01-DEL01-RS"
761686;2026-03-30;"segunda-feira";"07:30:00";"PR";116;208;"RIO NEGRO";"Ingestão de álcool pelo condutor";"Saída de leito carroçável";"Sem Vítimas";"Pleno dia";"Decrescente";"Céu Claro";"Simples";"Reta;Interseção de Vias";"Não";2;0;0;0;2;0;0;1;-26,08068;-49,77032;"SPRF-SC";"DEL06/SC";"UOP01-DEL06-SC"
761688;2026-03-30;"segunda-feira";"08:20:00";"SP";381;56;"MAIRIPORA";"Reação tardia ou ineficiente do condutor";"Colisão traseira";"Sem Vítimas";"Pleno dia";"Crescente";"Céu Claro";"Dupla";"Reta";"Sim";3;0;0;0;3;0;0;2;-23,25920796;-46,58974528;"SPRF-SP";"DEL03/SP";"UOP01-DEL03-SP"
761689;2026-03-29;"domingo";"17:20:00";"MA";135;347;"PRESIDENTE DUTRA";"Transitar na contramão";"Colisão frontal";"Com Vítimas Fatais";"Pleno dia";"Crescente";"Chuva";"Simples";"Reta";"Não";2;1;1;0;0;0;1;2;-5,356627;-44,47141;"SPRF-MA";"DEL06-MA";"UOP01-DEL06-MA"
761690;2026-03-30;"segunda-feira";"07:50:00";"PR";277;722;"FOZ DO IGUACU";"Ausência de reação do condutor";"Engavetamento";"Com Vítimas Feridas";"Pleno dia";"Crescente";"Sol";"Dupla";"Reta;Em Obras";"Sim";6;0;1;0;5;0;1;3;-25,493368;-54,51717;"SPRF-PR";"DEL05/PR";"UOP03-DEL05-PR"
761691;2026-03-30;"segunda-feira";"07:15:00";"MG";40;796,2;"JUIZ DE FORA";"Velocidade Incompatível";"Saída de leito carroçável";"Sem Vítimas";"Pleno dia";"Decrescente";"Céu Claro";"Dupla";"Curva";"Não";1;0;0;0;1;0;0;1;-21,81018957;-43,39805603;"SPRF-MG";"DEL05/MG";"UOP01-DEL05-MG"
761692;2026-03-30;"segunda-feira";"08:10:00";"SP";116;170,7;"JACAREI";"Reação tardia ou ineficiente do condutor";"Colisão com objeto";"Com Vítimas Feridas";"Pleno dia";"Decrescente";"Sol";"Dupla";"Reta";"Não";5;0;5;0;0;0;5;1;-23,30880748;-46,05783876;"SPRF-SP";"DEL02/SP";"UOP01-DEL02-SP"
761693;2026-03-30;"segunda-feira";"07:50:00";"PR";476;147;"ARAUCARIA";"Reação tardia ou ineficiente do condutor";"Engavetamento";"Com Vítimas Feridas";"Pleno dia";"Crescente";"Céu Claro";"Dupla";"Reta";"Sim";5;0;1;0;4;0;1;5;-25,55581885;-49,34280753;"SPRF-PR";"DEL01/PR";"UOP06-DEL01-PR"
761694;2026-03-30;"segunda-feira";"08:30:00";"SC";282;5;"SAO JOSE";"Trafegar com motocicleta (ou similar) entre as faixas";"Colisão lateral mesmo sentido";"Com Vítimas Feridas";"Pleno dia";"Decrescente";"Nublado";"Múltipla";"Reta";"Sim";3;0;1;0;2;0;1;2;-27,58787576;-48,6140391;"SPRF-SC";"DEL01/SC";"UOP01-DEL01-SC"
761695;2026-03-30;"segunda-feira";"07:15:00";"GO";60;388;"RIO VERDE";"Condutor deixou de manter distância do veículo da frente";"Colisão traseira";"Com Vítimas Feridas";"Pleno dia";"Crescente";"Céu Claro";"Dupla";"Reta";"Não";3;0;2;0;1;0;2;2;-17,82447825;-50,95821317;"SPRF-GO";"DEL04/GO";"UOP02-DEL04-GO"
761697;2026-03-22;"domingo";"14:40:00";"PR";116;8,5;"CAMPINA GRANDE DO SUL";"Manobra de mudança de faixa";"Colisão lateral mesmo sentido";"Com Vítimas Feridas";"Pleno dia";"Crescente";"Céu Claro";"Dupla";"Reta";"Sim";2;0;1;0;1;0;1;2;-25,369325;-49,114645;"SPRF-PR";"DEL01/PR";"UOP02-DEL01-PR"
761698;2026-03-30;"segunda-feira";"08:00:00";"GO";153;507;"PIRENOPOLIS";"Ausência de reação do condutor";"Colisão traseira";"Com Vítimas Feridas";"Pleno dia";"Decrescente";"Céu Claro";"Dupla";"Reta;Viaduto";"Não";5;0;1;0;4;0;1;3;-16;-49;"SPRF-GO";"DEL01/GO";"UOP03-DEL01-GO"
761699;2026-03-30;"segunda-feira";"07:30:00";"RO";319;141;"PORTO VELHO";"Ausência de reação do condutor";"Colisão traseira";"Sem Vítimas";"Pleno dia";"Crescente";"Nublado";"Múltipla";"Rotatória";"Sim";2;0;0;0;2;0;0;2;-8,74000259;-63,89038718;"SPRF-RO";"DEL01-RO";"UOP01-DEL01-RO"
761700;2026-03-30;"segunda-feira";"07:30:00";"RO";364;15;"VILHENA";"Condutor deixou de manter distância do veículo da frente";"Colisão lateral mesmo sentido";"Com Vítimas Feridas";"Pleno dia";"Decrescente";"Céu Claro";"Simples";"Reta";"Sim";4;0;2;0;2;0;2;4;-12,73606438;-60,1515362;"SPRF-RO";"DEL04-RO";"UOP01-DEL04-RO"
761703;2026-02-22;"domingo";"18:00:00";"RJ";393;268,4;"BARRA DO PIRAI";"Desrespeitar a preferência no cruzamento";"Colisão transversal";"Com Vítimas Feridas";"Plena Noite";"Crescente";"Céu Claro";"Simples";"Declive;Reta";"Sim";2;0;1;0;1;0;1;2;-22,47675737;-43,94413082;"SPRF-RJ";"DEL05/RJ";"UOP04-DEL05-RJ"
761704;2026-03-30;"segunda-feira";"08:40:00";"MG";356;266;"MURIAE";"Acessar a via sem observar a presença dos outros veículos";"Colisão transversal";"Com Vítimas Feridas";"Pleno dia";"Decrescente";"Céu Claro";"Simples";"Interseção de Vias;Reta";"Sim";2;0;1;0;1;0;1;2;-21,128528;-42,362935;"SPRF-MG";"DEL07/MG";"UOP02-DEL07-MG"
761705;2026-03-30;"segunda-feira";"09:55:00";"BA";116;817,1;"VITORIA DA CONQUISTA";"Condutor deixou de manter distância do veículo da frente";"Engavetamento";"Com Vítimas Feridas";"Pleno dia";"Crescente";"Nublado";"Simples";"Reta";"Sim";5;0;3;0;2;0;3;4;-14,820388;-40,812698;"SPRF-BA";"DEL08/BA";"UOP01-DEL08-BA"