"id";"data_inversa";"dia_semana";"horario";"uf";"br";"km";"municipio";"causa_acidente";"tipo_acidente";"classificacao_acidente";"fase_dia";"sentido_via";"condicao_metereologica";"tipo_pista";"tracado_via";"uso_solo";"pessoas";"mortos";"feridos_leves";"feridos_graves";"ilesos";"ignorados";"feridos";"veiculos";"latitude";"longitude";"regional";"delegacia";"uop"
762438;2026-04-02;"quinta-feira";"12:20:00";"BA";101;716;"EUNAPOLIS";"Desrespeitar a preferência no cruzamento";"Colisão transversal";"Com Vítimas Feridas";"Pleno dia";"Crescente";"Céu Claro";"Simples";"Interseção de Vias;Reta";"Sim";3;0;1;0;2;0;1;2;-16,36304041;-39,58044648;"SPRF-BA";"DEL09/BA";"UOP01-DEL09-BA"
762442;2026-04-02;"quinta-feira";"14:10:00";"SC";101;1;"ARARANGUA";"Reação tardia ou ineficiente do condutor";"Capotamento";"Com Vítimas Feridas";"Pleno dia";"Decrescente";"Chuva";"Simples";"Rotatória";"Sim";2;0;1;0;1;0;1;1;-28,92803382;-49,49280135;"SPRF-SC";"DEL03/SC";"UOP01-DEL03-SC"
762443;2026-04-02;"quinta-feira";"16:00:00";"RS";290;93;"PORTO ALEGRE";"Demais falhas mecânicas ou elétricas";"Colisão traseira";"Com Vítimas Feridas";"Pleno dia";"Crescente";"Céu Claro";"Dupla";"Reta";"Sim";2;0;1;0;1;0;1;2;-29,9762654;-51,19974048;"SPRF-RS";"DEL01/RS";"UOP01-DEL01-RS"
762444;2026-04-02;"quinta-feira";"17:00:00";"PR";277;131,8;"BALSA NOVA";"Acessar a via sem observar a presença dos outros veículos";"Colisão transversal";"Com Vítimas Feridas";"Pleno dia";"Decrescente";"Céu Claro";"Simples";"Aclive;Interseção de Vias";"Não";3;0;0;1;2;0;1;2;-25,46387;-49,58983;"SPRF-PR";"DEL01/PR";"UOP07-DEL01-PR"
762445;2026-04-02;"quinta-feira";"16:10:00";"PE";407;22,1;"AFRANIO";"Acessar a via sem observar a presença dos outros veículos";"Colisão transversal";"Com Vítimas Feridas";"Pleno dia";"Decrescente";"Nublado";"Simples";"Aclive;Reta";"Não";3;0;0;1;2;0;1;2;-8,614391;-40,997238;"SPRF-PE";"DEL06/PE";"UOP02-DEL06-PE"
762446;2026-03-22;"domingo";"10:50:00";"ES";101;445;"MIMOSO DO SUL";"Acesso irregular";"Colisão lateral sentido oposto";"Com Vítimas Feridas";"Pleno dia";"Crescente";"Sol";"Simples";"Reta";"Não";5;0;2;0;3;0;2;2;-21,09111691;-41,24781132;"SPRF-ES";"DEL03-ES";"UOP02-DEL03-ES"
762447;2026-04-02;"quinta-feira";"17:50:00";"SP";116;517;"CAJATI";"Animais na Pista";"Atropelamento de Animal";"Com Vítimas Feridas";"Pleno dia";"Decrescente";"Céu Claro";"Dupla";"Declive;Curva";"Não";2;0;1;0;1;0;1;1;-24,88162667;-48,22310798;"SPRF-SP";"DEL05/SP";"UOP02-DEL05-SP"
762449;2026-02-17;"terça-feira";"11:00:00";"PR";277;689;"SAO MIGUEL DO IGUACU";"Reação tardia ou ineficiente do condutor";"Queda de ocupante de veículo";"Com Vítimas Feridas";"Pleno dia";"Decrescente";"Ignorado";"Dupla";"Reta";"Não";1;0;1;0;0;0;1;1;-25,34451;-54,22868;"SPRF-PR";"DEL05/PR";"UOP01-DEL05-PR"
762451;2026-04-02;"quinta-feira";"16:35:00";"RJ";40;111;"DUQUE DE CAXIAS";"Manobra de mudança de faixa";"Colisão lateral mesmo sentido";"Com Vítimas Feridas";"Anoitecer";"Decrescente";"Nublado";"Múltipla";"Reta";"Sim";2;0;1;0;1;0;1;2;-22,69167659;-43,28717056;"SPRF-RJ";"DEL01/RJ";"UOP02-DEL01-RJ"
762453;2026-04-02;"quinta-feira";"17:15:00";"RN";406;169,6;"SAO GONCALO DO AMARANTE";"Demais falhas na via";"Queda de ocupante de veículo";"Com Vítimas Feridas";"Pleno dia";"Crescente";"Céu Claro";"Dupla";"Retorno Regulamentado";"Sim";1;0;1;0;0;0;1;1;-5,757475;-35,302213;"SPRF-RN";"DEL02-RN";"UOP01-DEL02-RN"
762456;2026-04-02;"quinta-feira";"17:00:00";"SC";101;96,8;"BALNEARIO PICARRAS";"Manobra de mudança de faixa";"Colisão lateral mesmo sentido";"Com Vítimas Feridas";"Pleno dia";"Decrescente";"Nublado";"Dupla";"Reta";"Sim";2;0;1;0;1;0;1;2;-26,72711232;-48,70215503;"SPRF-SC";"DEL03/SC";"UOP02-DEL03-SC"
762457;2026-04-02;"quinta-feira";"18:00:00";"RJ";116;172;"SAO JOAO DE MERITI";"Reação tardia ou ineficiente do condutor";"Colisão lateral mesmo sentido";"Com Vítimas Feridas";"Anoitecer";"Crescente";"Chuva";"Múltipla";"Reta";"Sim";4;0;1;1;2;0;2;3;-22,80179461;-43,35040776;"SPRF-RJ";"DEL06/RJ";"UOP01-DEL06-RJ"
762460;2026-04-02;"quinta-feira";"18:20:00";"RS";290;88;"PORTO ALEGRE";"Reação tardia ou ineficiente do condutor";"Colisão traseira";"Sem Vítimas";"Plena Noite";"Decrescente";"Céu Claro";"Múltipla";"Reta";"Não";3;0;0;0;3;0;0;2;-29,968055;-51,148563;"SPRF-RS";"DEL01/RS";"UOP01-DEL01-RS"
762461;2026-04-02;"quinta-feira";"17:30:00";"RS";116;141;"CAXIAS DO SUL";"Ultrapassagem Indevida";"Colisão lateral mesmo sentido";"Com Vítimas Feridas";"Pleno dia";"Decrescente";"Céu Claro";"Simples";"Curva";"Não";3;0;0;1;1;1;1;3;-29,114504;-51,109873;"SPRF-RS";"DEL05/RS";"UOP01-DEL05-RS"
762463;2026-04-02;"quinta-feira";"17:40:00";"PE";101;88,4;"JABOATAO DOS GUARARAPES";"Reação tardia ou ineficiente do condutor";"Colisão traseira";"Com Vítimas Feridas";"Anoitecer";"Crescente";"Céu Claro";"Dupla";"Reta";"Não";5;0;1;0;4;0;1;2;-8,20085;-34,97937;"SPRF-PE";"DEL01/PE";"UOP01-DEL01-PE"
762464;2026-04-02;"quinta-feira";"17:10:00";"BA";324;512;"FEIRA DE SANTANA";"Reação tardia ou ineficiente do condutor";"Colisão traseira";"Sem Vítimas";"Anoitecer";"Decrescente";"Céu Claro";"Simples";"Reta";"Sim";2;0;0;0;2;0;0;2;-12,23154812;-38,95644343;"SPRF-BA";"DEL02/BA";"UOP01-DEL02-BA"
762466;2026-04-02;"quinta-feira";"18:40:00";"MG";50;46;"ARAGUARI";"Ausência de reação do condutor";"Tombamento";"Com Vítimas Feridas";"Plena Noite";"Decrescente";"Nublado";"Dupla";"Declive;Reta";"Não";1;0;1;0;0;0;1;1;-18,7257899;-48,2063674;"SPRF-MG";"DEL15/MG";"UOP02-DEL15-MG"
762467;2026-04-02;"quinta-feira";"18:40:00";"DF";40;5,3;"BRASILIA";"Trafegar com motocicleta (ou similar) entre as faixas";"Queda de ocupante de veículo";"Com Vítimas Feridas";"Plena Noite";"Crescente";"Garoa/Chuvisco";"Dupla";"Reta";"Não";2;0;1;0;1;0;1;2;-16,02247863;-47,98024535;"SPRF-DF";"DEL01-DF";"UOP01-DEL01-DF"
762469;2026-04-02;"quinta-feira";"19:00:00";"SP";116;110;"TAUBATE";"Ausência de reação do condutor";"Colisão lateral mesmo sentido";"Com Vítimas Feridas";"Plena Noite";"Decrescente";"Nublado";"Dupla";"Reta";"Não";2;0;1;0;1;0;1;2;-23,0370608;-45,5586767;"SPRF-SP";"DEL02/SP";"UOP02-DEL02-SP"
762470;2026-04-02;"quinta-feira";"19:00:00";"RS";158;330;"SANTA MARIA";"Acessar a via sem observar a presença dos outros veículos";"Colisão traseira";"Com Vítimas Feridas";"Anoitecer";"Decrescente";"Céu Claro";"Dupla";"Rotatória";"Sim";2;0;1;0;1;0;1;2;-29,700774;-53,840949;"SPRF-RS";"DEL09/RS";"UOP01-DEL09-RS"
762471;2026-04-02;"quinta-feira";"19:30:00";"SC";282;504;"XANXERE";"Ingestão de álcool pelo condutor";"Colisão lateral sentido oposto";"Sem Vítimas";"Plena Noite";"Crescente";"Céu Claro";"Dupla";"Curva";"Não";2;0;0;0;2;0;0;2;-26,88408;-52,408509;"SPRF-SC";"DEL07/SC";"UOP01-DEL07-SC"
762472;2026-04-02;"quinta-feira";"18:50:00";"PR";376;5;"APUCARANA";"Ingestão de álcool pelo condutor";"Colisão transversal";"Sem Vítimas";"Plena Noite";"Decrescente";"Céu Claro";"Dupla";"Reta;Interseção de Vias";"Sim";3;0;0;0;3;0;0;2;-23,548497;-51,450712;"SPRF-PR";"DEL07/PR";"UOP03-DEL07-PR"
762473;2026-04-02;"quinta-feira";"19:35:00";"ES";262;17;"VIANA";"Acessar a via sem observar a presença dos outros veículos";"Colisão transversal";"Com Vítimas Feridas";"Plena Noite";"Crescente";"Céu Claro";"Simples";"Reta";"Sim";2;0;1;0;1;0;1;2;-20,38450793;-40,46816037;"SPRF-ES";"DEL01-ES";"UOP01-DEL01-ES"
762474;2026-04-02;"quinta-feira";"18:50:00";"PR";153;337;"IRATI";"Trafegar com motocicleta (ou similar) entre as faixas";"Colisão lateral mesmo sentido";"Com Vítimas Feridas";"Anoitecer";"Decrescente";"Céu Claro";"Simples";"Reta";"Sim";5;0;1;0;4;0;1;2;-25,51001;-50,65246;"SPRF-PR";"DEL08/PR";"UOP02-DEL08-PR"
762476;2026-04-02;"quinta-feira";"19:05:00";"DF";40;4;"BRASILIA";"Transitar no Acostamento";"Colisão lateral mesmo sentido";"Com Vítimas Feridas";"Pleno dia";"Crescente";"Garoa/Chuvisco";"Dupla";"Reta";"Sim";2;0;1;0;1;0;1;2;-16,01441;-47,98187;"SPRF-DF";"DEL01-DF";"UOP01-DEL01-DF"
762477;2026-04-02;"quinta-feira";"19:45:00";"SC";101;142;"BALNEARIO CAMBORIU";"Chuva";"Tombamento";"Com Vítimas Feridas";"Plena Noite";"Crescente";"Nublado";"Dupla";"Reta";"Sim";1;0;0;1;0;0;1;1;-27,050505;-48,600363;"SPRF-SC";"DEL04/SC";"UOP03-DEL04-SC"
762478;2026-04-02;"quinta-feira";"18:50:00";"AL";101;154;"CAMPO ALEGRE";"Demais falhas mecânicas ou elétricas";"Incêndio";"Sem Vítimas";"Plena Noite";"Crescente";"Céu Claro";"Dupla";"Reta";"Não";3;0;0;0;3;0;0;1;-9,889703;-36,180408;"SPRF-AL";"DEL02-AL";"UOP02-DEL02-AL"
762479;2026-03-27;"sexta-feira";"14:40:00";"MS";163;152;"JUTI";"Reação tardia ou ineficiente do condutor";"Colisão traseira";"Com Vítimas Feridas";"Pleno dia";"Decrescente";"Céu Claro";"Simples";"Reta;Declive";"Não";8;0;8;0;0;0;8;2;-22,939;-54,467;"SPRF-MS";"DEL09/MS";"UOP01-DEL09-MS"
762482;2026-04-02;"quinta-feira";"19:45:00";"SC";282;393;"JOACABA";"Ausência de reação do condutor";"Saída de leito carroçável";"Sem Vítimas";"Plena Noite";"Crescente";"Céu Claro";"Simples";"Curva";"Sim";1;0;0;0;1;0;0;1;-27,1634535;-51,5673142;"SPRF-SC";"DEL07/SC";"UOP05-DEL07-SC"
762483;2026-04-02;"quinta-feira";"18:50:00";"RS";392;352;"SANTA MARIA";"Trafegar com motocicleta (ou similar) entre as faixas";"Colisão traseira";"Com Vítimas Feridas";"Plena Noite";"Crescente";"Céu Claro";"Dupla";"Em Obras;Reta";"Sim";2;0;1;0;1;0;1;2;-29,71677;-53,809099;"SPRF-RS";"DEL09/RS";"UOP01-DEL09-RS"
762484;2026-04-02;"quinta-feira";"18:40:00";"SC";101;362,4;"SANGAO";"Reação tardia ou ineficiente do condutor";"Colisão traseira";"Com Vítimas Feridas";"Plena Noite";"Decrescente";"Céu Claro";"Dupla";"Curva;Declive";"Não";5;0;1;0;4;0;1;2;-28,67638885;-49,12921635;"SPRF-SC";"DEL02/SC";"UOP01-DEL02-SC"
762485;2026-04-02;"quinta-feira";"19:25:00";"RO";364;238,6;"CACOAL";"Ingestão de álcool pelo condutor";"Colisão com objeto";"Sem Vítimas";"Plena Noite";"Decrescente";"Nublado";"Simples";"Declive;Reta";"Não";2;0;0;0;2;0;0;2;-11,43711295;-61,45739079;"SPRF-RO";"DEL02-RO";"UOP02-DEL02-RO"
762486;2026-04-02;"quinta-feira";"18:00:00";"RJ";493;22;"MAGE";"Desrespeitar a preferência no cruzamento";"Colisão transversal";"Com Vítimas Feridas";"Anoitecer";"Decrescente";"Nublado";"Dupla";"Em Obras";"Não";2;0;1;0;1;0;1;2;-22,658437;-43,056706;"SPRF-RJ";"DEL04/RJ";"UOP02-DEL04-RJ"
762488;2026-04-02;"quinta-feira";"18:00:00";"RS";472;573,6;"URUGUAIANA";"Acessar a via sem observar a presença dos outros veículos";"Colisão transversal";"Com Vítimas Feridas";"Anoitecer";"Crescente";"Céu Claro";"Simples";"Rotatória";"Não";2;0;1;0;1;0;1;2;-29,763521;-57,05218112;"SPRF-RS";"DEL13/RS";"UOP01-DEL13-RS"
762489;2026-04-02;"quinta-feira";"17:15:00";"RJ";116;269;"BARRA MANSA";"Chuva";"Queda de ocupante de veículo";"Com Vítimas Feridas";"Anoitecer";"Decrescente";"Chuva";"Dupla";"Curva";"Sim";1;0;0;1;0;0;1;1;-22,57132597;-44,11554198;"SPRF-RJ";"DEL07/RJ";"UOP02-DEL07-RJ"
762491;2026-04-02;"quinta-feira";"19:50:00";"BA";367;23;"PORTO SEGURO";"Reação tardia ou ineficiente do condutor";"Colisão traseira";"Sem Vítimas";"Plena Noite";"Decrescente";"Nublado";"Simples";"Reta";"Não";2;0;0;0;2;0;0;2;-16,4367488;-39,0783374;"SPRF-BA";"DEL09/BA";"UOP03-DEL09-BA"
762492;2026-04-02;"quinta-feira";"20:15:00";"MG";262;360,5;"JUATUBA";"Condutor deixou de manter distância do veículo da frente";"Colisão traseira";"Com Vítimas Feridas";"Plena Noite";"Crescente";"Céu Claro";"Dupla";"Aclive;Reta";"Sim";2;0;0;1;0;1;1;2;-19,97397396;-44,31852579;"SPRF-MG";"DEL01/MG";"UOP03-DEL01-MG"
762493;2026-04-02;"quinta-feira";"20:15:00";"SC";470;66,6;"INDAIAL";"Pedestre cruzava a pista fora da faixa";"Atropelamento de Pedestre";"Com Vítimas Feridas";"Plena Noite";"Crescente";"Nublado";"Simples";"Reta";"Sim";3;0;2;0;1;0;2;2;-26,87044529;-49,22725487;"SPRF-SC";"DEL04/SC";"UOP01-DEL04-SC"
762494;2026-04-02;"quinta-feira";"20:15:00";"SC";470;66,6;"INDAIAL";"Acesso irregular";"Colisão lateral sentido oposto";"Com Vítimas Feridas";"Plena Noite";"Crescente";"Céu Claro";"Simples";"Retorno Regulamentado";"Sim";6;0;2;0;4;0;2;2;-26,8701867;-49,2273974;"SPRF-SC";"DEL04/SC";"UOP01-DEL04-SC"
762497;2026-04-02;"quinta-feira";"20:50:00";"SP";116;281;"EMBU DAS ARTES";"Velocidade Incompatível";"Colisão lateral mesmo sentido";"Com Vítimas Feridas";"Plena Noite";"Crescente";"Chuva";"Dupla";"Reta";"Sim";3;0;1;0;2;0;1;3;-23,65299;-46,848485;"SPRF-SP";"DEL04/SP";"UOP01-DEL04-SP"
762500;2026-04-02;"quinta-feira";"21:20:00";"ES";101;294,6;"CARIACICA";"Ausência de reação do condutor";"Queda de ocupante de veículo";"Com Vítimas Feridas";"Plena Noite";"Crescente";"Céu Claro";"Dupla";"Reta";"Sim";1;0;1;0;0;0;1;1;-20,329406;-40,398811;"SPRF-ES";"DEL01-ES";"UOP01-DEL01-ES"
762501;2026-04-02;"quinta-feira";"18:36:00";"RO";421;0,6;"ARIQUEMES";"Pista esburacada";"Colisão traseira";"Com Vítimas Feridas";"Anoitecer";"Crescente";"Céu Claro";"Simples";"Reta";"Não";4;0;1;0;3;0;1;2;-9,918762;-63,060257;"SPRF-RO";"DEL03-RO";"UOP01-DEL03-RO"
762502;2026-03-27;"sexta-feira";"18:45:00";"BA";324;4;"FEIRA DE SANTANA";"Reação tardia ou ineficiente do condutor";"Queda de ocupante de veículo";"Com Vítimas Feridas";"Plena Noite";"Crescente";"Céu Claro";"Dupla";"Reta";"Sim";1;0;1;0;0;0;1;1;-12,28347203;-38,97374449;"SPRF-BA";"DEL02/BA";"UOP01-DEL02-BA"
762503;2026-04-02;"quinta-feira";"21:00:00";"CE";304;47,4;"ARACATI";"Manobra de mudança de faixa";"Colisão lateral mesmo sentido";"Com Vítimas Feridas";"Plena Noite";"Crescente";"Céu Claro";"Dupla";"Reta";"Sim";2;0;1;0;0;1;1;2;-4,57741369;-37,78497074;"SPRF-CE";"DEL03/CE";"UOP02-DEL03-CE"
762504;2026-04-02;"quinta-feira";"17:45:00";"SC";280;27,5;"ARAQUARI";"Reação tardia ou ineficiente do condutor";"Colisão lateral sentido oposto";"Com Vítimas Feridas";"Pleno dia";"Crescente";"Céu Claro";"Simples";"Reta";"Sim";6;0;0;1;5;0;1;2;-26,401521;-48,743487;"SPRF-SC";"DEL03/SC";"UOP03-DEL03-SC"
762505;2026-04-02;"quinta-feira";"19:30:00";"SC";280;237;"CANOINHAS";"Velocidade Incompatível";"Saída de leito carroçável";"Com Vítimas Feridas";"Plena Noite";"Decrescente";"Chuva";"Simples";"Declive;Curva";"Não";1;0;1;0;0;0;1;1;-26,19821628;-50,43204255;"SPRF-SC";"DEL06/SC";"UOP04-DEL06-SC"
762507;2026-04-02;"quinta-feira";"21:50:00";"SC";101;137;"BALNEARIO CAMBORIU";"Transitar no Acostamento";"Colisão lateral mesmo sentido";"Sem Vítimas";"Plena Noite";"Crescente";"Céu Claro";"Dupla";"Viaduto";"Sim";2;0;0;0;2;0;0;2;-27,01880317;-48,61038057;"SPRF-SC";"DEL04/SC";"UOP03-DEL04-SC"
762508;2026-04-02;"quinta-feira";"22:10:00";"BA";324;514;"FEIRA DE SANTANA";"Conversão proibida";"Colisão transversal";"Com Vítimas Feridas";"Plena Noite";"Crescente";"Céu Claro";"Simples";"Interseção de Vias";"Sim";3;0;1;0;2;0;1;2;-12,2392615;-38,93987489;"SPRF-BA";"DEL02/BA";"UOP01-DEL02-BA"
762509;2026-04-02;"quinta-feira";"22:00:00";"MG";381;483;"BETIM";"Condutor deixou de manter distância do veículo da frente";"Colisão traseira";"Sem Vítimas";"Plena Noite";"Decrescente";"Céu Claro";"Dupla";"Declive;Reta";"Sim";2;0;0;0;2;0;0;2;-19,95958876;-44,08576218;"SPRF-MG";"DEL01/MG";"UOP03-DEL01-MG"
762510;2026-04-02;"quinta-feira";"21:20:00";"MS";267;498,2;"JARDIM";"Animais na Pista";"Atropelamento de Animal";"Com Vítimas Feridas";"Plena Noite";"Decrescente";"Céu Claro";"Simples";"Reta";"Não";1;0;1;0;0;0;1;1;-21,49623461;-56,26752019;"SPRF-MS";"DEL05/MS";"UOP01-DEL05-MS"
762511;2026-04-02;"quinta-feira";"22:02:00";"SE";101;92;"NOSSA SENHORA DO SOCORRO";"Reação tardia ou ineficiente do condutor";"Colisão traseira";"Com Vítimas Feridas";"Plena Noite";"Crescente";"Nublado";"Dupla";"Reta";"Sim";3;0;1;0;2;0;1;3;-10,9016663;-37,13589191;"SPRF-SE";"DEL01-SE";"UOP01-DEL01-SE"
762512;2026-04-02;"quinta-feira";"21:45:00";"PE";101;66,3;"RECIFE";"Reação tardia ou ineficiente do condutor";"Saída de leito carroçável";"Com Vítimas Feridas";"Plena Noite";"Decrescente";"Nublado";"Dupla";"Interseção de Vias;Reta";"Sim";1;0;1;0;0;0;1;1;-8,03543;-34,94124;"SPRF-PE";"DEL01/PE";"UOP01-DEL01-PE"
762513;2026-04-02;"quinta-feira";"22:00:00";"PR";277;3;"PARANAGUA";"Transitar no Acostamento";"Colisão com objeto";"Com Vítimas Fatais";"Plena Noite";"Crescente";"Nublado";"Simples";"Curva";"Sim";2;1;0;0;0;1;0;2;-25,53861;-48,55798;"SPRF-PR";"DEL01/PR";"UOP05-DEL01-PR"
762515;2026-04-02;"quinta-feira";"17:20:00";"MT";70;521;"VARZEA GRANDE";"Transitar na contramão";"Atropelamento de Pedestre";"Com Vítimas Feridas";"Anoitecer";"Crescente";"Nublado";"Simples";"Reta";"Sim";2;0;1;0;1;0;1;2;-15,669;-56,181;"SPRF-MT";"DEL01/MT";"UOP02-DEL01-MT"
762516;2026-03-28;"sábado";"00:15:00";"BA";116;416;"FEIRA DE SANTANA";"Iluminação deficiente";"Colisão traseira";"Com Vítimas Feridas";"Plena Noite";"Crescente";"Céu Claro";"Dupla";"Reta";"Sim";2;0;1;0;0;1;1;2;-12,17385005;-38,96520858;"SPRF-BA";"DEL02/BA";"UOP01-DEL02-BA"
762517;2026-02-26;"quinta-feira";"17:30:00";"GO";153;444;"ANAPOLIS";"Reação tardia ou ineficiente do condutor";"Tombamento";"Com Vítimas Feridas";"Pleno dia";"Crescente";"Céu Claro";"Dupla";"Rotatória";"Sim";3;0;1;1;0;1;2;3;-16,353;-48,9296;"SPRF-GO";"DEL02/GO";"UOP01-DEL02-GO"
762518;2026-04-02;"quinta-feira";"21:55:00";"RN";101;72,9;"NATAL";"Manobra de mudança de faixa";"Colisão frontal";"Com Vítimas Feridas";"Pleno dia";"Decrescente";"Céu Claro";"Simples";"Reta";"Não";4;0;0;1;3;0;1;3;-5,7077658;-35,26733486;"SPRF-RN";"DEL02-RN";"UOP01-DEL02-RN"
762520;2026-04-02;"quinta-feira";"22:45:00";"PR";376;183;"SARANDI";"Acesso irregular";"Colisão traseira";"Com Vítimas Feridas";"Plena Noite";"Decrescente";"Céu Claro";"Dupla";"Reta";"Sim";3;0;0;1;0;2;1;3;-23,4380777;-51,8766445;"SPRF-PR";"DEL09/PR";"UOP01-DEL09-PR"
762521;2026-04-02;"quinta-feira";"21:20:00";"MG";381;869;"POUSO ALEGRE";"Demais falhas mecânicas ou elétricas";"Incêndio";"Sem Vítimas";"Plena Noite";"Crescente";"Chuva";"Dupla";"Reta";"Não";1;0;0;0;1;0;0;1;-22,38248109;-45,94722104;"SPRF-MG";"DEL16/MG";"UOP01-DEL16-MG"
762522;2026-04-02;"quinta-feira";"22:10:00";"SC";116;5,8;"MAFRA";"Transitar na contramão";"Colisão frontal";"Com Vítimas Feridas";"Plena Noite";"Crescente";"Céu Claro";"Simples";"Reta";"Sim";3;0;0;1;2;0;1;2;-26,14460783;-49,82076494;"SPRF-SC";"DEL06/SC";"UOP01-DEL06-SC"
762523;2026-04-02;"quinta-feira";"21:30:00";"SC";282;637;"DESCANSO";"Ingestão de álcool pelo condutor";"Saída de leito carroçável";"Sem Vítimas";"Plena Noite";"Decrescente";"Céu Claro";"Simples";"Reta";"Não";3;0;0;0;0;3;0;2;-26,80899532;-53,43968689;"SPRF-SC";"DEL07/SC";"UOP03-DEL07-SC"
762524;2026-04-02;"quinta-feira";"22:30:00";"MG";381;776,2;"CAMPANHA";"Velocidade Incompatível";"Saída de leito carroçável";"Com Vítimas Feridas";"Plena Noite";"Decrescente";"Nublado";"Dupla";"Reta";"Não";4;0;2;0;2;0;2;1;-21,7964399;-45,4542813;"SPRF-MG";"DEL16/MG";"UOP02-DEL16-MG"
762525;2026-04-02;"quinta-feira";"18:15:00";"CE";116;495,3;"BREJO SANTO";"Ingestão de álcool pelo condutor";"Colisão traseira";"Com Vítimas Feridas";"Plena Noite";"Crescente";"Nublado";"Simples";"Ponte;Reta";"Não";6;0;2;0;2;2;2;2;-7,429337;-38,970858;"SPRF-CE";"DEL05/CE";"UOP03-DEL05-CE"
762527;2026-04-02;"quinta-feira";"22:55:00";"GO";40;25,2;"LUZIANIA";"Ausência de reação do condutor";"Colisão traseira";"Com Vítimas Feridas";"Plena Noite";"Crescente";"Céu Claro";"Dupla";"Reta";"Sim";8;0;1;0;7;0;1;2;-16,25247;-47,90074;"SPRF-DF";"DEL01-DF";"UOP01-DEL01-DF"
762528;2026-04-02;"quinta-feira";"22:30:00";"PR";369;180;"ROLANDIA";"Reação tardia ou ineficiente do condutor";"Saída de leito carroçável";"Sem Vítimas";"Plena Noite";"Decrescente";"Céu Claro";"Dupla";"Curva";"Não";2;0;0;0;0;2;0;2;-23,35768118;-51,3953948;"SPRF-PR";"DEL07/PR";"UOP03-DEL07-PR"
762529;2026-04-02;"quinta-feira";"10:37:00";"PR";373;173;"PONTA GROSSA";"Pedestre cruzava a pista fora da faixa";"Atropelamento de Pedestre";"Com Vítimas Feridas";"Plena Noite";"Crescente";"Céu Claro";"Múltipla";"Reta";"Não";2;0;1;0;1;0;1;2;-25,079049;-50,204125;"SPRF-PR";"DEL03/PR";"UOP01-DEL03-PR"
762530;2026-04-02;"quinta-feira";"21:50:00";"RO";364;340,9;"JI-PARANA";"Pedestre cruzava a pista fora da faixa";"Atropelamento de Pedestre";"Com Vítimas Feridas";"Plena Noite";"Decrescente";"Céu Claro";"Dupla";"Reta";"Sim";3;0;1;1;0;1;2;2;-10,930918;-61,930918;"SPRF-RO";"DEL02-RO";"UOP01-DEL02-RO"
762531;2026-04-02;"quinta-feira";"22:05:00";"CE";304;98;"ARACATI";"Animais na Pista";"Saída de leito carroçável";"Com Vítimas Fatais";"Plena Noite";"Crescente";"Céu Claro";"Simples";"Reta";"Sim";2;1;1;0;0;0;1;2;-4,85500751;-37,46321797;"SPRF-CE";"DEL03/CE";"UOP02-DEL03-CE"
762532;2026-04-02;"quinta-feira";"23:40:00";"MG";381;490;"BETIM";"Ausência de reação do condutor";"Tombamento";"Sem Vítimas";"Plena Noite";"Decrescente";"Céu Claro";"Múltipla";"Curva";"Sim";1;0;0;0;1;0;0;1;-19,95609905;-44,14450105;"SPRF-MG";"DEL01/MG";"UOP03-DEL01-MG"
762533;2026-04-02;"quinta-feira";"22:50:00";"GO";364;200;"JATAI";"Deficiência do Sistema de Iluminação/Sinalização";"Atropelamento de Pedestre";"Com Vítimas Feridas";"Plena Noite";"Crescente";"Céu Claro";"Dupla";"Aclive;Reta";"Sim";6;0;0;1;4;1;1;2;-17,91542502;-51,75669054;"SPRF-GO";"DEL05/GO";"UOP01-DEL05-GO"
762534;2026-04-02;"quinta-feira";"23:30:00";"SP";116;276;"EMBU DAS ARTES";"Velocidade Incompatível";"Engavetamento";"Com Vítimas Feridas";"Plena Noite";"Decrescente";"Céu Claro";"Dupla";"Reta";"Sim";6;0;2;0;4;0;2;4;-23,6234116;-46,81471825;"SPRF-SP";"DEL04/SP";"UOP01-DEL04-SP"
762535;2026-04-02;"quinta-feira";"23:30:00";"PR";376;160;"MARINGA";"Transtornos Mentais (exceto suicidio)";"Saída de leito carroçável";"Com Vítimas Feridas";"Plena Noite";"Decrescente";"Céu Claro";"Dupla";"Declive;Curva";"Não";1;0;1;0;0;0;1;1;-23,36565372;-52,07243649;"SPRF-PR";"DEL09/PR";"UOP02-DEL09-PR"
762537;2026-04-02;"quinta-feira";"22:20:00";"RJ";40;117;"DUQUE DE CAXIAS";"Reação tardia ou ineficiente do condutor";"Colisão traseira";"Com Vítimas Feridas";"Plena Noite";"Crescente";"Nublado";"Múltipla";"Reta";"Sim";2;0;0;1;1;0;1;2;-22,753713;-43,287393;"SPRF-RJ";"DEL01/RJ";"UOP02-DEL01-RJ"
762538;2026-04-03;"sexta-feira";"00:40:00";"RJ";101;247;"SILVA JARDIM";"Ausência de reação do condutor";"Colisão com objeto";"Sem Vítimas";"Plena Noite";"Decrescente";"Céu Claro";"Dupla";"Curva";"Não";1;0;0;0;1;0;0;1;-22,658996;-42,494259;"SPRF-RJ";"DEL02/RJ";"UOP03-DEL02-RJ"
762540;2026-04-03;"sexta-feira";"00:15:00";"CE";222;322;"TIANGUA";"Deficiência do Sistema de Iluminação/Sinalização";"Colisão frontal";"Com Vítimas Feridas";"Plena Noite";"Decrescente";"Nublado";"Simples";"Reta";"Não";3;0;0;1;1;1;1;3;-3,790388;-41,060426;"SPRF-CE";"DEL04/CE";"UOP02-DEL04-CE"