"id";"data_inversa";"dia_semana";"horario";"uf";"br";"km";"municipio";"causa_acidente";"tipo_acidente";"classificacao_acidente";"fase_dia";"sentido_via";"condicao_metereologica";"tipo_pista";"tracado_via";"uso_solo";"pessoas";"mortos";"feridos_leves";"feridos_graves";"ilesos";"ignorados";"feridos";"veiculos";"latitude";"longitude";"regional";"delegacia";"uop"
763047;2026-04-05;"domingo";"16:21:00";"PE";232;58;"POMBOS";"Chuva";"Queda de ocupante de veículo";"Com Vítimas Feridas";"Pleno dia";"Decrescente";"Chuva";"Dupla";"Reta";"Sim";2;0;1;0;1;0;1;2;-8,14424034;-35,38891403;"SPRF-PE";"DEL02/PE";"UOP02-DEL02PE"
763050;2026-04-05;"domingo";"16:50:00";"SC";282;222,8;"LAGES";"Desrespeitar a preferência no cruzamento";"Colisão transversal";"Com Vítimas Feridas";"Pleno dia";"Decrescente";"Céu Claro";"Simples";"Curva;Rotatória";"Não";4;0;1;0;3;0;1;2;-27,79986309;-50,36097256;"SPRF-SC";"DEL05/SC";"UOP01-DEL05-SC"
763051;2026-04-05;"domingo";"13:30:00";"RJ";116;189;"NOVA IGUACU";"Ausência de reação do condutor";"Queda de ocupante de veículo";"Com Vítimas Feridas";"Pleno dia";"Decrescente";"Céu Claro";"Dupla";"Reta";"Sim";1;0;1;0;0;0;1;1;-22,73803168;-43,49256635;"SPRF-RJ";"DEL06/RJ";"UOP01-DEL06-RJ"
763052;2026-04-05;"domingo";"14:30:00";"RJ";116;197;"QUEIMADOS";"Acesso irregular";"Colisão transversal";"Com Vítimas Feridas";"Pleno dia";"Crescente";"Céu Claro";"Dupla";"Reta";"Não";2;0;0;1;1;0;1;2;-22,73020357;-43,61380991;"SPRF-RJ";"DEL06/RJ";"UOP02-DEL06-RJ"
763055;2026-04-05;"domingo";"10:30:00";"BA";235;361,5;"CASA NOVA";"Ingestão de álcool pelo condutor";"Saída de leito carroçável";"Com Vítimas Feridas";"Pleno dia";"Crescente";"Sol";"Simples";"Reta";"Não";6;0;6;0;0;0;6;2;-9,29799;-40,81649;"SPRF-BA";"DEL04/BA";"UOP01-DEL04-BA"
763056;2026-04-05;"domingo";"17:10:00";"PE";428;176;"PETROLINA";"Condutor deixou de manter distância do veículo da frente";"Colisão traseira";"Com Vítimas Feridas";"Pleno dia";"Decrescente";"Céu Claro";"Simples";"Reta";"Não";3;0;1;1;0;1;2;2;-9,28179;-40,44033;"SPRF-PE";"DEL06/PE";"UOP01-DEL06-PE"
763057;2026-04-05;"domingo";"16:20:00";"MT";364;584;"NOBRES";"Reação tardia ou ineficiente do condutor";"Colisão com objeto";"Com Vítimas Feridas";"Pleno dia";"Crescente";"Sol";"Dupla";"Curva;Aclive";"Não";2;0;1;0;1;0;1;1;-14,563561;-56,219386;"SPRF-MT";"DEL01/MT";"UOP01-DEL01-MT"
763058;2026-04-05;"domingo";"17:45:00";"PR";376;668,8;"GUARATUBA";"Avarias e/ou desgaste excessivo no pneu";"Saída de leito carroçável";"Com Vítimas Feridas";"Anoitecer";"Crescente";"Chuva";"Dupla";"Curva";"Não";6;0;3;1;1;1;4;3;-25,87352106;-48,93612027;"SPRF-PR";"DEL01/PR";"UOP04-DEL01-PR"
763059;2026-04-05;"domingo";"13:45:00";"MG";365;413;"PATROCINIO";"Ultrapassagem Indevida";"Colisão lateral mesmo sentido";"Com Vítimas Feridas";"Pleno dia";"Decrescente";"Nublado";"Simples";"Reta";"Não";6;0;6;0;0;0;6;2;-18,9473;-47,2844;"SPRF-MG";"DEL10/MG";"UOP01-DEL10-MG"
763060;2026-04-05;"domingo";"16:00:00";"SC";101;64;"ARAQUARI";"Condutor deixou de manter distância do veículo da frente";"Colisão traseira";"Com Vítimas Feridas";"Pleno dia";"Decrescente";"Céu Claro";"Dupla";"Reta";"Não";3;0;1;0;2;0;1;2;-26,46252198;-48,75333452;"SPRF-SC";"DEL03/SC";"UOP02-DEL03-SC"
763061;2026-04-05;"domingo";"17:20:00";"SP";116;385;"MIRACATU";"Acessar a via sem observar a presença dos outros veículos";"Colisão transversal";"Com Vítimas Feridas";"Pleno dia";"Decrescente";"Céu Claro";"Dupla";"Reta";"Não";3;0;1;2;0;0;3;2;-24,25644776;-47,37151483;"SPRF-SP";"DEL04/SP";"UOP02-DEL04-SP"
763062;2026-04-05;"domingo";"12:05:00";"MG";116;608,2;"SAO JOAO DO MANHUACU";"Acessar a via sem observar a presença dos outros veículos";"Colisão transversal";"Com Vítimas Feridas";"Pleno dia";"Decrescente";"Céu Claro";"Simples";"Reta";"Não";2;0;0;1;1;0;1;2;-20,40930088;-42,1523116;"SPRF-MG";"DEL06/MG";"UOP03-DEL06-MG"
763063;2026-04-05;"domingo";"17:40:00";"SC";280;29,5;"ARAQUARI";"Retorno proibido";"Colisão transversal";"Com Vítimas Feridas";"Pleno dia";"Decrescente";"Céu Claro";"Simples";"Reta";"Sim";3;0;1;0;2;0;1;2;-26,411384;-48,753828;"SPRF-SC";"DEL03/SC";"UOP03-DEL03-SC"
763064;2026-04-05;"domingo";"17:40:00";"BA";116;842;"VITORIA DA CONQUISTA";"Objeto estático sobre o leito carroçável";"Tombamento";"Com Vítimas Feridas";"Anoitecer";"Decrescente";"Nublado";"Simples";"Aclive";"Não";1;0;0;1;0;0;1;1;-15,00427706;-40,93923211;"SPRF-BA";"DEL08/BA";"UOP01-DEL08-BA"
763065;2026-04-05;"domingo";"16:30:00";"RJ";40;38;"AREAL";"Condutor Dormindo";"Saída de leito carroçável";"Com Vítimas Feridas";"Pleno dia";"Decrescente";"Chuva";"Dupla";"Curva";"Não";1;0;1;0;0;0;1;1;-22,23036328;-43,11940826;"SPRF-RJ";"DEL05/RJ";"UOP02-DEL05-RJ"
763066;2026-04-05;"domingo";"16:40:00";"SC";101;11,1;"GARUVA";"Trafegar com motocicleta (ou similar) entre as faixas";"Tombamento";"Com Vítimas Feridas";"Pleno dia";"Crescente";"Garoa/Chuvisco";"Dupla";"Reta";"Não";2;0;0;1;1;0;1;2;-26,07298293;-48,8610905;"SPRF-SC";"DEL03/SC";"UOP01-DEL03-SC"
763068;2026-04-05;"domingo";"09:00:00";"BA";367;81;"EUNAPOLIS";"Reação tardia ou ineficiente do condutor";"Queda de ocupante de veículo";"Com Vítimas Feridas";"Pleno dia";"Decrescente";"Garoa/Chuvisco";"Simples";"Declive;Curva";"Não";1;0;1;0;0;0;1;1;-16,37185318;-39,5526579;"SPRF-BA";"DEL09/BA";"UOP03-DEL09-BA"
763069;2026-04-05;"domingo";"15:30:00";"SC";116;259;"CAPAO ALTO";"Reação tardia ou ineficiente do condutor";"Colisão traseira";"Com Vítimas Feridas";"Pleno dia";"Decrescente";"Sol";"Simples";"Reta";"Não";6;0;1;0;5;0;1;2;-27,89839;-50,43054;"SPRF-SC";"DEL05/SC";"UOP02-DEL05-SC"
763070;2026-04-05;"domingo";"16:45:00";"PR";376;604,9;"CURITIBA";"Condutor deixou de manter distância do veículo da frente";"Engavetamento";"Com Vítimas Feridas";"Pleno dia";"Decrescente";"Nublado";"Dupla";"Reta;Interseção de Vias";"Não";5;0;1;0;4;0;1;3;-25,53762499;-49,31368796;"SPRF-PR";"DEL01/PR";"UOP03-DEL01-PR"
763071;2026-04-05;"domingo";"17:10:00";"PR";277;520;"GUARANIACU";"Condutor deixou de manter distância do veículo da frente";"Colisão traseira";"Com Vítimas Feridas";"Pleno dia";"Crescente";"Céu Claro";"Simples";"Declive;Reta";"Não";2;0;1;0;1;0;1;2;-25,11033017;-52,85126416;"SPRF-PR";"DEL04/PR";"UOP04-DEL04-PR"
763072;2026-04-05;"domingo";"15:50:00";"SC";101;428;"SOMBRIO";"Reação tardia ou ineficiente do condutor";"Colisão com objeto";"Com Vítimas Feridas";"Pleno dia";"Crescente";"Chuva";"Dupla";"Curva;Aclive;Viaduto";"Não";4;0;1;0;3;0;1;1;-29,05;-49,619;"SPRF-SC";"DEL02/SC";"UOP02-DEL02-SC"
763073;2026-04-05;"domingo";"17:20:00";"PR";277;520,9;"GUARANIACU";"Condutor deixou de manter distância do veículo da frente";"Engavetamento";"Com Vítimas Feridas";"Anoitecer";"Crescente";"Céu Claro";"Simples";"Reta";"Não";4;0;1;0;2;1;1;4;-25,11054899;-52,85002722;"SPRF-PR";"DEL04/PR";"UOP04-DEL04-PR"
763074;2026-04-05;"domingo";"18:20:00";"PR";277;63;"SAO JOSE DOS PINHAIS";"Ausência de reação do condutor";"Colisão traseira";"Com Vítimas Feridas";"Plena Noite";"Crescente";"Nublado";"Dupla";"Reta";"Sim";2;0;1;0;1;0;1;2;-25,54;-49,063;"SPRF-PR";"DEL01/PR";"UOP01-DEL01-PR"
763075;2026-04-05;"domingo";"17:30:00";"MG";365;678;"MONTE ALEGRE DE MINAS";"Acumulo de água sobre o pavimento";"Saída de leito carroçável";"Com Vítimas Feridas";"Pleno dia";"Decrescente";"Chuva";"Dupla";"Reta";"Não";3;0;3;0;0;0;3;2;-18,85171113;-48,82461548;"SPRF-MG";"DEL15/MG";"UOP01-DEL15-MG"
763076;2026-04-05;"domingo";"18:20:00";"SP";101;47,2;"UBATUBA";"Acessar a via sem observar a presença dos outros veículos";"Colisão lateral mesmo sentido";"Com Vítimas Feridas";"Plena Noite";"Decrescente";"Céu Claro";"Simples";"Reta";"Não";4;0;3;0;1;0;3;2;-23,43189147;-45,08428785;"SPRF-SP";"DEL06/SP";"UOP01-DEL06-SP"
763077;2026-04-05;"domingo";"17:20:00";"SC";280;51,1;"GUARAMIRIM";"Mal súbito do condutor";"Colisão com objeto";"Com Vítimas Fatais";"Pleno dia";"Crescente";"Nublado";"Múltipla";"Interseção de Vias;Reta";"Sim";2;1;1;0;0;0;1;1;-26,46679856;-48,96004558;"SPRF-SC";"DEL03/SC";"UOP03-DEL03-SC"
763078;2026-04-05;"domingo";"18:30:00";"SC";282;65,8;"RANCHO QUEIMADO";"Reação tardia ou ineficiente do condutor";"Saída de leito carroçável";"Com Vítimas Feridas";"Plena Noite";"Decrescente";"Garoa/Chuvisco";"Simples";"Declive;Reta";"Não";1;0;0;1;0;0;1;1;-27,6975;-49,0634;"SPRF-SC";"DEL01/SC";"UOP03-DEL01-SC"
763081;2026-04-05;"domingo";"17:10:00";"PR";277;326;"GUARAPUAVA";"Ausência de reação do condutor";"Colisão transversal";"Com Vítimas Feridas";"Pleno dia";"Decrescente";"Céu Claro";"Simples";"Interseção de Vias;Curva";"Sim";5;0;1;0;4;0;1;2;-25,37376313;-51,28342545;"SPRF-PR";"DEL08/PR";"UOP01-DEL08-PR"
763082;2026-04-05;"domingo";"18:27:00";"GO";40;5;"VALPARAISO DE GOIAS";"Manobra de mudança de faixa";"Colisão lateral mesmo sentido";"Com Vítimas Feridas";"Plena Noite";"Decrescente";"Céu Claro";"Dupla";"Reta";"Sim";2;0;1;0;1;0;1;2;-16,101422;-47,976768;"SPRF-DF";"DEL01-DF";"UOP01-DEL01-DF"
763084;2026-04-05;"domingo";"17:18:00";"PE";232;56,6;"POMBOS";"Transitar no Acostamento";"Queda de ocupante de veículo";"Com Vítimas Feridas";"Plena Noite";"Decrescente";"Chuva";"Dupla";"Reta";"Não";1;0;1;0;0;0;1;1;-8,13966863;-35,37750542;"SPRF-PE";"DEL02/PE";"UOP02-DEL02PE"
763085;2026-04-05;"domingo";"17:30:00";"RJ";101;308;"SAO GONCALO";"Trafegar com motocicleta (ou similar) entre as faixas";"Colisão traseira";"Com Vítimas Feridas";"Pleno dia";"Crescente";"Céu Claro";"Dupla";"Reta";"Não";2;0;1;0;1;0;1;2;-22,79488275;-43,03292625;"SPRF-RJ";"DEL02/RJ";"UOP02-DEL02-RJ"
763087;2026-04-05;"domingo";"19:00:00";"RJ";101;420;"MANGARATIBA";"Trafegar com motocicleta (ou similar) entre as faixas";"Colisão transversal";"Com Vítimas Feridas";"Amanhecer";"Decrescente";"Céu Claro";"Dupla";"Retorno Regulamentado;Reta";"Não";3;0;2;0;1;0;2;2;-22,9161837;-43,93316746;"SPRF-RJ";"DEL03/RJ";"UOP02-DEL03-RJ"
763088;2026-04-05;"domingo";"19:00:00";"ES";101;231;"FUNDAO";"Ausência de reação do condutor";"Queda de ocupante de veículo";"Com Vítimas Feridas";"Plena Noite";"Crescente";"Céu Claro";"Simples";"Reta";"Não";3;0;2;0;0;1;2;2;-19,94521925;-40,4077937;"SPRF-ES";"DEL02-ES";"UOP01-DEL02-ES"
763089;2026-04-05;"domingo";"17:50:00";"PE";101;54,1;"PAULISTA";"Condutor deixou de manter distância do veículo da frente";"Tombamento";"Com Vítimas Feridas";"Plena Noite";"Decrescente";"Chuva";"Múltipla";"Reta;Declive";"Não";7;0;1;1;4;1;2;6;-7,947973;-34,906093;"SPRF-PE";"DEL01/PE";"UOP02-DEL01-PE"
763090;2026-04-05;"domingo";"17:20:00";"MG";262;55,9;"MANHUACU";"Ingestão de álcool pelo condutor";"Colisão transversal";"Sem Vítimas";"Pleno dia";"Decrescente";"Nublado";"Simples";"Reta";"Não";2;0;0;0;1;1;0;2;-20,266353;-42,182058;"SPRF-MG";"DEL06/MG";"UOP03-DEL06-MG"
763091;2026-04-05;"domingo";"18:55:00";"SP";381;26;"BRAGANCA PAULISTA";"Manobra de mudança de faixa";"Colisão lateral mesmo sentido";"Com Vítimas Feridas";"Plena Noite";"Crescente";"Nublado";"Dupla";"Reta";"Sim";2;0;1;0;1;0;1;2;-23,02151965;-46,53103558;"SPRF-SP";"DEL03/SP";"UOP02-DEL03-SP"
763092;2026-04-05;"domingo";"16:42:00";"MT";163;845;"SINOP";"Ingestão de álcool pelo condutor";"Colisão traseira";"Com Vítimas Feridas";"Anoitecer";"Decrescente";"Chuva";"Simples";"Reta;Em Obras";"Não";6;0;0;1;5;0;1;2;-11,763925;-55,469963;"SPRF-MT";"DEL06/MT";"UOP02-DEL06-MT"
763094;2026-04-05;"domingo";"19:00:00";"PR";277;177;"PALMEIRA";"Entrada inopinada do pedestre";"Atropelamento de Pedestre";"Com Vítimas Feridas";"Plena Noite";"Crescente";"Nublado";"Simples";"Reta;Aclive";"Sim";5;0;0;1;3;1;1;2;-25,43471848;-50,00675862;"SPRF-PR";"DEL08/PR";"UOP02-DEL08-PR"
763095;2026-04-05;"domingo";"19:00:00";"RS";287;262,6;"SANTA MARIA";"Transitar na contramão";"Colisão frontal";"Com Vítimas Fatais";"Plena Noite";"Crescente";"Nublado";"Simples";"Aclive;Reta";"Não";2;1;0;0;1;0;0;2;-29,672999;-53,994018;"SPRF-RS";"DEL09/RS";"UOP01-DEL09-RS"
763096;2026-04-05;"domingo";"19:05:00";"SC";101;199;"SAO JOSE";"Manobra de mudança de faixa";"Colisão lateral mesmo sentido";"Sem Vítimas";"Plena Noite";"Crescente";"Chuva";"Dupla";"Reta";"Sim";2;0;0;0;2;0;0;2;-27,5313986;-48,6315928;"SPRF-SC";"DEL01/SC";"UOP01-DEL01-SC"
763098;2026-04-05;"domingo";"16:50:00";"PE";101;184;"PALMARES";"Ausência de reação do condutor";"Tombamento";"Com Vítimas Feridas";"Pleno dia";"Decrescente";"Chuva";"Dupla";"Reta";"Sim";2;0;2;0;0;0;2;1;-8,66977;-35,575005;"SPRF-PE";"DEL01/PE";"UOP03-DEL01-PE"
763099;2026-04-05;"domingo";"15:40:00";"ES";262;173;"IRUPI";"Reação tardia ou ineficiente do condutor";"Colisão lateral mesmo sentido";"Com Vítimas Feridas";"Pleno dia";"Crescente";"Sol";"Simples";"Reta";"Não";2;0;1;0;1;0;1;2;-20,304678;-41,708895;"SPRF-ES";"DEL01-ES";"UOP02-DEL01-ES"
763100;2026-04-05;"domingo";"19:10:00";"TO";10;428,5;"PORTO NACIONAL";"Ingestão de álcool pelo condutor";"Tombamento";"Sem Vítimas";"Plena Noite";"Crescente";"Ignorado";"Simples";"Reta";"Não";2;0;0;0;0;2;0;2;-10,51785;-48,36601;"SPRF-TO";"DEL01-TO";"UOP03-DEL01-TO"
763101;2026-04-05;"domingo";"14:30:00";"MG";116;401;"GOVERNADOR VALADARES";"Acessar a via sem observar a presença dos outros veículos";"Colisão transversal";"Com Vítimas Feridas";"Pleno dia";"Crescente";"Céu Claro";"Simples";"Reta";"Não";2;0;0;1;1;0;1;2;-18,77087;-41,98578;"SPRF-MG";"DEL06/MG";"UOP01-DEL06-MG"
763103;2026-04-05;"domingo";"18:50:00";"RJ";101;311;"SAO GONCALO";"Trafegar com motocicleta (ou similar) entre as faixas";"Colisão lateral mesmo sentido";"Com Vítimas Feridas";"Pleno dia";"Decrescente";"Céu Claro";"Dupla";"Reta";"Não";2;0;1;0;1;0;1;2;-22,80202199;-43,05627677;"SPRF-RJ";"DEL02/RJ";"UOP02-DEL02-RJ"
763104;2026-04-05;"domingo";"18:30:00";"SC";101;114,6;"ITAJAI";"Ausência de reação do condutor";"Colisão traseira";"Sem Vítimas";"Anoitecer";"Decrescente";"Nublado";"Dupla";"Reta";"Não";3;0;0;0;3;0;0;3;-26,86207238;-48,72847328;"SPRF-SC";"DEL04/SC";"UOP04-DEL04-SC"
763106;2026-04-05;"domingo";"16:30:00";"SC";280;96;"CORUPA";"Transitar na contramão";"Colisão frontal";"Com Vítimas Feridas";"Pleno dia";"Crescente";"Nublado";"Simples";"Aclive";"Não";7;0;0;6;1;0;6;2;-26,3786;-49,3173;"SPRF-SC";"DEL06/SC";"UOP03-DEL06-SC"
763107;2026-04-05;"domingo";"18:02:00";"SP";116;192;"SANTA ISABEL";"Entrada inopinada do pedestre";"Atropelamento de Pedestre";"Com Vítimas Feridas";"Anoitecer";"Decrescente";"Vento";"Dupla";"Declive;Reta";"Não";5;0;1;0;3;1;1;2;-23,37768919;-46,25245095;"SPRF-SP";"DEL01/SP";"UOP01-DEL01-SP"
763109;2026-04-05;"domingo";"19:20:00";"SC";101;149;"ITAPEMA";"Reação tardia ou ineficiente do condutor";"Colisão traseira";"Com Vítimas Feridas";"Plena Noite";"Decrescente";"Garoa/Chuvisco";"Múltipla";"Reta";"Sim";2;0;1;0;1;0;1;2;-27,09744803;-48,61860976;"SPRF-SC";"DEL04/SC";"UOP03-DEL04-SC"
763110;2026-04-05;"domingo";"19:00:00";"PR";376;97;"PARANAVAI";"Ausência de reação do condutor";"Colisão traseira";"Com Vítimas Feridas";"Plena Noite";"Crescente";"Céu Claro";"Simples";"Reta";"Não";4;0;1;0;2;1;1;3;-23,01449;-52,51908;"SPRF-PR";"DEL09/PR";"UOP02-DEL09-PR"
763112;2026-04-05;"domingo";"18:45:00";"SP";459;2;"PIQUETE";"Chuva";"Colisão com objeto";"Com Vítimas Feridas";"Plena Noite";"Crescente";"Chuva";"Simples";"Curva";"Não";1;0;1;0;0;0;1;1;-22,5698433;-45,2147867;"SPRF-SP";"DEL08/SP";"UOP02-DEL08-SP"
763113;2026-04-05;"domingo";"19:00:00";"RS";386;216,2;"TIO HUGO";"Acessar a via sem observar a presença dos outros veículos";"Colisão transversal";"Com Vítimas Fatais";"Plena Noite";"Crescente";"Nublado";"Simples";"Aclive;Curva";"Não";4;1;1;2;0;0;3;2;-28,588369;-52,599365;"SPRF-RS";"DEL04/RS";"UOP03-DEL04-RS"
763114;2026-04-05;"domingo";"17:30:00";"MA";10;308;"ACAILANDIA";"Reação tardia ou ineficiente do condutor";"Colisão traseira";"Com Vítimas Feridas";"Anoitecer";"Crescente";"Céu Claro";"Simples";"Reta";"Não";8;0;1;0;7;0;1;2;-5,03933;-47,54919;"SPRF-MA";"DEL04-MA";"UOP03-DEL04-MA"
763115;2026-04-05;"domingo";"18:24:00";"MG";116;406,7;"GOVERNADOR VALADARES";"Condutor deixou de manter distância do veículo da frente";"Colisão traseira";"Com Vítimas Feridas";"Plena Noite";"Crescente";"Nublado";"Simples";"Reta";"Não";3;0;1;0;2;0;1;2;-18,82304;-41,98612;"SPRF-MG";"DEL06/MG";"UOP01-DEL06-MG"
763116;2026-04-05;"domingo";"19:50:00";"PB";230;234;"JUAZEIRINHO";"Ausência de reação do condutor";"Tombamento";"Com Vítimas Fatais";"Plena Noite";"Crescente";"Nublado";"Simples";"Reta";"Não";1;1;0;0;0;0;0;1;-7,04257359;-36,51811266;"SPRF-PB";"DEL02-PB";"UOP02-DEL02-PB"
763117;2026-04-05;"domingo";"19:50:00";"GO";414;439;"ANAPOLIS";"Ausência de reação do condutor";"Colisão traseira";"Com Vítimas Feridas";"Plena Noite";"Crescente";"Céu Claro";"Simples";"Declive;Reta";"Sim";6;0;1;0;5;0;1;2;-16,27;-48,94;"SPRF-GO";"DEL02/GO";"UOP01-DEL02-GO"
763119;2026-04-05;"domingo";"18:30:00";"MS";158;92;"PARANAIBA";"Ingestão de álcool pelo condutor";"Colisão com objeto";"Com Vítimas Feridas";"Plena Noite";"Crescente";"Céu Claro";"Dupla";"Curva";"Sim";1;0;1;0;0;0;1;1;-19,65343751;-51,20469444;"SPRF-MS";"DEL08/MS";"UOP01-DEL08-MS"
763121;2026-04-05;"domingo";"16:45:00";"RJ";101;279;"ITABORAI";"Transitar na contramão";"Colisão frontal";"Sem Vítimas";"Pleno dia";"Crescente";"Céu Claro";"Simples";"Reta";"Não";3;0;0;0;3;0;0;2;-22,738384;-42,766666;"SPRF-RJ";"DEL02/RJ";"UOP03-DEL02-RJ"
763122;2026-04-05;"domingo";"19:55:00";"RJ";101;265;"RIO BONITO";"Condutor deixou de manter distância do veículo da frente";"Colisão traseira";"Com Vítimas Feridas";"Plena Noite";"Crescente";"Céu Claro";"Dupla";"Reta";"Sim";3;0;2;0;1;0;2;2;-22,70747247;-42,65476227;"SPRF-RJ";"DEL02/RJ";"UOP03-DEL02-RJ"
763123;2026-04-05;"domingo";"20:20:00";"MG";40;509,8;"RIBEIRAO DAS NEVES";"Reação tardia ou ineficiente do condutor";"Colisão traseira";"Com Vítimas Feridas";"Plena Noite";"Crescente";"Céu Claro";"Dupla";"Reta;Declive";"Sim";5;0;1;0;4;0;1;2;-19,77338551;-44,12485018;"SPRF-MG";"DEL01/MG";"UOP02-DEL01-MG"
763124;2026-04-05;"domingo";"20:26:00";"ES";259;21;"JOAO NEIVA";"Transitar na contramão";"Colisão frontal";"Com Vítimas Fatais";"Plena Noite";"Crescente";"Céu Claro";"Simples";"Aclive;Curva";"Não";5;1;3;0;1;0;3;3;-19,64352136;-40,46423078;"SPRF-ES";"DEL02-ES";"UOP01-DEL02-ES"
763125;2026-04-05;"domingo";"20:46:00";"ES";101;8,2;"SERRA";"Afundamento ou ondulação no pavimento";"Queda de ocupante de veículo";"Com Vítimas Feridas";"Plena Noite";"Crescente";"Céu Claro";"Dupla";"Reta";"Não";1;0;0;1;0;0;1;1;-20,09557398;-40,35487314;"SPRF-ES";"DEL02-ES";"UOP01-DEL02-ES"
763126;2026-04-05;"domingo";"19:40:00";"RJ";101;484,5;"ANGRA DOS REIS";"Ausência de reação do condutor";"Queda de ocupante de veículo";"Com Vítimas Feridas";"Plena Noite";"Crescente";"Céu Claro";"Simples";"Reta";"Sim";2;0;2;0;0;0;2;1;-22,98992171;-44,24196874;"SPRF-RJ";"DEL03/RJ";"UOP03-DEL03-RJ"
763127;2026-04-05;"domingo";"19:30:00";"ES";262;28;"VIANA";"Ingestão de álcool pelo condutor";"Colisão lateral mesmo sentido";"Sem Vítimas";"Plena Noite";"Decrescente";"Céu Claro";"Simples";"Reta;Aclive";"Não";2;0;0;0;2;0;0;2;-20,38227069;-40,55952641;"SPRF-ES";"DEL01-ES";"UOP01-DEL01-ES"
763128;2026-04-05;"domingo";"18:10:00";"GO";60;238,9;"INDIARA";"Velocidade Incompatível";"Saída de leito carroçável";"Sem Vítimas";"Anoitecer";"Crescente";"Céu Claro";"Dupla";"Reta";"Não";1;0;0;0;1;0;0;1;-17,09856;-49,874343;"SPRF-GO";"DEL01/GO";"UOP02-DEL01-GO"
763129;2026-04-05;"domingo";"19:12:00";"RN";304;182;"ANGICOS";"Transitar na contramão";"Colisão lateral sentido oposto";"Com Vítimas Feridas";"Plena Noite";"Crescente";"Céu Claro";"Simples";"Aclive;Reta";"Não";2;0;1;0;1;0;1;2;-5,69019979;-36,31331956;"SPRF-RN";"DEL01-RN";"UOP03-DEL01-RN"
763130;2026-04-05;"domingo";"17:30:00";"MG";381;616;"OLIVEIRA";"Ausência de reação do condutor";"Saída de leito carroçável";"Com Vítimas Feridas";"Pleno dia";"Crescente";"Céu Claro";"Dupla";"Reta";"Não";1;0;1;0;0;0;1;1;-20,72355;-44,768646;"SPRF-MG";"DEL04/MG";"UOP01-DEL04-MG"
763131;2026-04-05;"domingo";"20:30:00";"SC";470;125;"LONTRAS";"Retorno proibido";"Colisão transversal";"Com Vítimas Feridas";"Plena Noite";"Crescente";"Céu Claro";"Simples";"Declive;Reta";"Não";3;0;2;0;0;1;2;2;-27,130587;-49,53829;"SPRF-SC";"DEL04/SC";"UOP02-DEL04-SC"
763132;2026-04-05;"domingo";"17:10:00";"MG";381;530,1;"ITATIAIUCU";"Ausência de reação do condutor";"Colisão com objeto";"Com Vítimas Feridas";"Pleno dia";"Decrescente";"Nublado";"Dupla";"Aclive;Curva";"Não";2;0;1;0;1;0;1;1;-20,163115;-44,356616;"SPRF-MG";"DEL04/MG";"UOP03-DEL04-MG"
763133;2026-04-05;"domingo";"20:15:00";"SC";101;78,5;"ARAQUARI";"Condutor deixou de manter distância do veículo da frente";"Colisão traseira";"Sem Vítimas";"Plena Noite";"Decrescente";"Nublado";"Dupla";"Reta";"Não";2;0;0;0;2;0;0;2;-26,5891743;-48,72166006;"SPRF-SC";"DEL03/SC";"UOP02-DEL03-SC"
763134;2026-04-05;"domingo";"18:00:00";"RJ";493;99;"SEROPEDICA";"Entrada inopinada do pedestre";"Atropelamento de Pedestre";"Com Vítimas Fatais";"Plena Noite";"Crescente";"Céu Claro";"Dupla";"Reta";"Não";2;1;0;0;1;0;0;2;-22,733712;-43,718326;"SPRF-RJ";"DEL01/RJ";"UOP03-DEL01-RJ"
763136;2026-04-05;"domingo";"20:48:00";"PB";230;10,5;"CABEDELO";"Pista Escorregadia";"Tombamento";"Com Vítimas Feridas";"Plena Noite";"Crescente";"Garoa/Chuvisco";"Dupla";"Reta";"Sim";2;0;2;0;0;0;2;1;-7,058652;-34,850493;"SPRF-PB";"DEL01-PB";"UOP01-DEL01-PB"
763137;2026-04-05;"domingo";"21:10:00";"MG";354;751,8;"ITAMONTE";"Velocidade Incompatível";"Saída de leito carroçável";"Com Vítimas Feridas";"Plena Noite";"Decrescente";"Nublado";"Simples";"Curva";"Sim";1;0;1;0;0;0;1;1;-22,26817039;-44,88071501;"SPRF-MG";"DEL17/MG";"UOP01-DEL17-MG"
763138;2026-04-05;"domingo";"14:12:00";"RN";304;301,9;"MACAIBA";"Condutor deixou de manter distância do veículo da frente";"Colisão traseira";"Com Vítimas Feridas";"Pleno dia";"Decrescente";"Sol";"Dupla";"Reta";"Não";3;0;2;0;0;1;2;2;-5,87924;-35,298092;"SPRF-RN";"DEL01-RN";"UOP02-DEL01-RN"
763139;2026-04-05;"domingo";"19:15:00";"MG";116;531,4;"CARATINGA";"Pedestre - Ingestão de álcool/ substâncias psicoativas";"Atropelamento de Pedestre";"Com Vítimas Feridas";"Plena Noite";"Decrescente";"Nublado";"Simples";"Curva";"Não";2;0;0;1;1;0;1;2;-19,827217;-42,139628;"SPRF-MG";"DEL06/MG";"UOP02-DEL06-MG"
763140;2026-04-05;"domingo";"19:00:00";"BA";101;615;"MASCOTE";"Entrada inopinada do pedestre";"Atropelamento de Pedestre";"Com Vítimas Feridas";"Plena Noite";"Decrescente";"Céu Claro";"Simples";"Reta";"Não";7;0;0;1;6;0;1;3;-15,6120232;-39,4326387;"SPRF-BA";"DEL05/BA";"UOP02-DEL05-BA"