"id";"data_inversa";"dia_semana";"horario";"uf";"br";"km";"municipio";"causa_acidente";"tipo_acidente";"classificacao_acidente";"fase_dia";"sentido_via";"condicao_metereologica";"tipo_pista";"tracado_via";"uso_solo";"pessoas";"mortos";"feridos_leves";"feridos_graves";"ilesos";"ignorados";"feridos";"veiculos";"latitude";"longitude";"regional";"delegacia";"uop"
764051;2026-04-10;"sexta-feira";"06:30:00";"MG";381;486;"BETIM";"Manobra de mudança de faixa";"Colisão lateral mesmo sentido";"Com Vítimas Feridas";"Pleno dia";"Decrescente";"Céu Claro";"Dupla";"Aclive;Reta";"Não";2;0;1;0;1;0;1;2;-19,9556008;-44,11045074;"SPRF-MG";"DEL01/MG";"UOP03-DEL01-MG"
764054;2026-04-10;"sexta-feira";"07:04:00";"SC";470;49,8;"BLUMENAU";"Ultrapassagem Indevida";"Colisão lateral mesmo sentido";"Com Vítimas Feridas";"Pleno dia";"Decrescente";"Céu Claro";"Dupla";"Curva";"Não";3;0;2;0;1;0;2;2;-26,86037099;-49,0722692;"SPRF-SC";"DEL04/SC";"UOP01-DEL04-SC"
764055;2026-04-10;"sexta-feira";"06:35:00";"CE";222;209;"FORQUILHA";"Demais falhas mecânicas ou elétricas";"Incêndio";"Sem Vítimas";"Pleno dia";"Crescente";"Céu Claro";"Simples";"Reta";"Sim";1;0;0;0;1;0;0;1;-3,79787863;-40,26872126;"SPRF-CE";"DEL04/CE";"UOP01-DEL04-CE"
764056;2026-04-10;"sexta-feira";"07:00:00";"BA";101;36,2;"ESPLANADA";"Ausência de reação do condutor";"Colisão transversal";"Com Vítimas Fatais";"Pleno dia";"Decrescente";"Sol";"Simples";"Reta;Declive";"Não";2;1;1;0;0;0;1;2;-11,781474;-37,947267;"SPRF-SE";"DEL02-SE";"UOP03-DEL02-SE"
764057;2026-04-10;"sexta-feira";"06:50:00";"PR";277;665,4;"MEDIANEIRA";"Reação tardia ou ineficiente do condutor";"Colisão traseira";"Com Vítimas Feridas";"Pleno dia";"Decrescente";"Céu Claro";"Dupla";"Reta";"Não";2;0;0;1;1;0;1;2;-25,25268404;-54,02510762;"SPRF-PR";"DEL05/PR";"UOP02-DEL05-PR"
764058;2026-04-10;"sexta-feira";"07:03:00";"RN";110;47,1;"MOSSORO";"Conversão proibida";"Colisão transversal";"Com Vítimas Feridas";"Pleno dia";"Decrescente";"Céu Claro";"Simples";"Reta";"Sim";2;0;1;0;0;1;1;2;-5,2060363;-37,3271731;"SPRF-RN";"DEL04-RN";"UOP01-DEL04-RN"
764061;2026-04-10;"sexta-feira";"07:10:00";"DF";20;9;"BRASILIA";"Velocidade Incompatível";"Colisão traseira";"Com Vítimas Feridas";"Pleno dia";"Decrescente";"Céu Claro";"Múltipla";"Viaduto";"Sim";3;0;1;0;2;0;1;3;-15,65342232;-47,78141856;"SPRF-DF";"DEL02-DF";"UOP01-DEL02-DF"
764062;2026-04-10;"sexta-feira";"07:25:00";"DF";40;1,4;"BRASILIA";"Manobra de mudança de faixa";"Colisão lateral mesmo sentido";"Com Vítimas Feridas";"Pleno dia";"Decrescente";"Céu Claro";"Dupla";"Reta";"Não";7;0;5;0;2;0;5;3;-15,989594;-47,986874;"SPRF-DF";"DEL01-DF";"UOP01-DEL01-DF"
764063;2026-04-10;"sexta-feira";"07:45:00";"PR";116;124;"CURITIBA";"Manobra de mudança de faixa";"Colisão traseira";"Com Vítimas Feridas";"Pleno dia";"Decrescente";"Nublado";"Dupla";"Reta";"Não";3;0;2;0;1;0;2;3;-25,6217042;-49,3160114;"SPRF-PR";"DEL01/PR";"UOP03-DEL01-PR"
764066;2026-04-10;"sexta-feira";"08:00:00";"PE";232;6;"RECIFE";"Demais falhas mecânicas ou elétricas";"Queda de ocupante de veículo";"Com Vítimas Feridas";"Pleno dia";"Decrescente";"Céu Claro";"Dupla";"Reta";"Sim";2;0;1;1;0;0;2;1;-8,070697;-34,952593;"SPRF-PE";"DEL01/PE";"UOP01-DEL01-PE"
764068;2026-04-10;"sexta-feira";"07:25:00";"MT";70;4,3;"BARRA DO GARCAS";"Ausência de reação do condutor";"Colisão traseira";"Com Vítimas Feridas";"Pleno dia";"Decrescente";"Céu Claro";"Dupla";"Reta";"Não";3;0;3;0;0;0;3;2;-15,8782355;-52,30226861;"SPRF-MT";"DEL07/MT";"UOP01-DEL07-MT"
764069;2026-04-10;"sexta-feira";"07:45:00";"SP";116;283;"EMBU DAS ARTES";"Trafegar com motocicleta (ou similar) entre as faixas";"Colisão traseira";"Com Vítimas Feridas";"Pleno dia";"Crescente";"Céu Claro";"Dupla";"Reta";"Sim";3;0;1;0;2;0;1;2;-23,6721207;-46,85620629;"SPRF-SP";"DEL04/SP";"UOP01-DEL04-SP"
764070;2026-04-10;"sexta-feira";"08:10:00";"SC";101;215,5;"PALHOCA";"Acesso irregular";"Colisão transversal";"Com Vítimas Feridas";"Pleno dia";"Decrescente";"Céu Claro";"Dupla";"Reta";"Não";2;0;0;2;0;0;2;2;-27,655843;-48,677948;"SPRF-SC";"DEL01/SC";"UOP02-DEL01-SC"
764071;2026-04-10;"sexta-feira";"07:30:00";"PE";101;54;"PAULISTA";"Condutor deixou de manter distância do veículo da frente";"Colisão traseira";"Com Vítimas Feridas";"Pleno dia";"Decrescente";"Céu Claro";"Dupla";"Reta";"Sim";3;0;1;0;2;0;1;3;-7,9422;-34,90388;"SPRF-PE";"DEL01/PE";"UOP02-DEL01-PE"
764073;2026-04-10;"sexta-feira";"08:45:00";"SC";101;136;"BALNEARIO CAMBORIU";"Demais falhas mecânicas ou elétricas";"Tombamento";"Com Vítimas Feridas";"Pleno dia";"Decrescente";"Céu Claro";"Dupla";"Reta";"Sim";2;0;2;0;0;0;2;1;-27,0112522;-48,61404983;"SPRF-SC";"DEL04/SC";"UOP03-DEL04-SC"
764074;2026-04-10;"sexta-feira";"06:30:00";"PE";101;175,3;"JOAQUIM NABUCO";"Velocidade Incompatível";"Tombamento";"Com Vítimas Feridas";"Pleno dia";"Crescente";"Céu Claro";"Dupla";"Reta";"Não";2;0;2;0;0;0;2;1;-8,60509;-35,53956;"SPRF-PE";"DEL01/PE";"UOP03-DEL01-PE"
764075;2026-04-10;"sexta-feira";"08:00:00";"MG";116;277;"TEOFILO OTONI";"Afundamento ou ondulação no pavimento";"Tombamento";"Com Vítimas Feridas";"Pleno dia";"Crescente";"Céu Claro";"Simples";"Reta";"Sim";1;0;1;0;0;0;1;1;-17,86025;-41,515036;"SPRF-MG";"DEL11/MG";"UOP01-DEL11-MG"
764076;2026-04-10;"sexta-feira";"07:30:00";"MG";116;297;"ITAMBACURI";"Ausência de reação do condutor";"Tombamento";"Com Vítimas Feridas";"Pleno dia";"Crescente";"Céu Claro";"Simples";"Reta;Declive";"Não";1;0;1;0;0;0;1;1;-18,01097;-41,59744;"SPRF-MG";"DEL11/MG";"UOP01-DEL11-MG"
764077;2026-04-10;"sexta-feira";"09:15:00";"SP";153;62,3;"SAO JOSE DO RIO PRETO";"Condutor deixou de manter distância do veículo da frente";"Colisão traseira";"Sem Vítimas";"Pleno dia";"Crescente";"Sol";"Dupla";"Aclive";"Sim";4;0;0;0;4;0;0;4;-20,816756;-49,357297;"SPRF-SP";"DEL09/SP";"UOP01-DEL09-SP"
764080;2026-04-10;"sexta-feira";"09:21:00";"MG";381;867;"POUSO ALEGRE";"Demais falhas mecânicas ou elétricas";"Saída de leito carroçável";"Com Vítimas Feridas";"Pleno dia";"Crescente";"Céu Claro";"Dupla";"Reta";"Não";4;0;4;0;0;0;4;1;-22,3728719;-45,9370842;"SPRF-MG";"DEL16/MG";"UOP01-DEL16-MG"
764082;2026-04-10;"sexta-feira";"07:30:00";"RO";364;714;"PORTO VELHO";"Animais na Pista";"Atropelamento de Animal";"Com Vítimas Feridas";"Pleno dia";"Decrescente";"Céu Claro";"Dupla";"Reta";"Sim";1;0;1;0;0;0;1;1;-8,77593556;-63,88790564;"SPRF-RO";"DEL01-RO";"UOP01-DEL01-RO"
764083;2026-04-10;"sexta-feira";"09:10:00";"SC";101;228,6;"PALHOCA";"Reação tardia ou ineficiente do condutor";"Tombamento";"Com Vítimas Feridas";"Pleno dia";"Decrescente";"Céu Claro";"Dupla";"Aclive;Reta";"Sim";1;0;1;0;0;0;1;1;-27,763958;-48,630795;"SPRF-SC";"DEL01/SC";"UOP02-DEL01-SC"
764085;2026-04-10;"sexta-feira";"07:40:00";"MG";50;66;"UBERLANDIA";"Ausência de reação do condutor";"Colisão com objeto";"Sem Vítimas";"Pleno dia";"Decrescente";"Céu Claro";"Dupla";"Reta";"Sim";1;0;0;0;0;1;0;1;-18,8662943;-48,25441721;"SPRF-MG";"DEL15/MG";"UOP02-DEL15-MG"
764086;2026-04-10;"sexta-feira";"08:20:00";"RJ";356;158;"SAO JOAO DA BARRA";"Reação tardia ou ineficiente do condutor";"Engavetamento";"Com Vítimas Feridas";"Pleno dia";"Crescente";"Céu Claro";"Simples";"Reta";"Não";2;0;1;0;1;0;1;2;-21,73016158;-41,18946075;"SPRF-RJ";"DEL08/RJ";"UOP02-DEL08-RJ"
764087;2026-04-10;"sexta-feira";"08:20:00";"SC";282;397;"JOACABA";"Velocidade Incompatível";"Colisão frontal";"Com Vítimas Feridas";"Pleno dia";"Crescente";"Nevoeiro/Neblina";"Simples";"Curva";"Não";2;0;1;1;0;0;2;2;-27,152463;-51,602195;"SPRF-SC";"DEL07/SC";"UOP05-DEL07-SC"
764089;2026-04-10;"sexta-feira";"07:40:00";"MT";364;204;"RONDONOPOLIS";"Manobra de mudança de faixa";"Colisão transversal";"Com Vítimas Feridas";"Pleno dia";"Crescente";"Céu Claro";"Dupla";"Reta";"Sim";2;0;1;0;1;0;1;2;-16,4643;-54,6582;"SPRF-MT";"DEL02/MT";"UOP01-DEL02-MT"
764091;2026-04-10;"sexta-feira";"09:30:00";"MG";381;494;"BETIM";"Ausência de reação do condutor";"Colisão traseira";"Com Vítimas Feridas";"Pleno dia";"Crescente";"Céu Claro";"Dupla";"Viaduto";"Não";3;0;1;0;2;0;1;2;-19,96680902;-44,17907808;"SPRF-MG";"DEL01/MG";"UOP03-DEL01-MG"
764092;2026-04-10;"sexta-feira";"06:13:00";"RJ";40;105;"DUQUE DE CAXIAS";"Acumulo de óleo sobre o pavimento";"Queda de ocupante de veículo";"Com Vítimas Feridas";"Pleno dia";"Crescente";"Garoa/Chuvisco";"Dupla";"Reta";"Sim";1;0;1;0;0;0;1;1;-22,64718636;-43,28391286;"SPRF-RJ";"DEL01/RJ";"UOP02-DEL01-RJ"
764093;2026-04-10;"sexta-feira";"09:20:00";"SC";163;70,5;"SAO MIGUEL DO OESTE";"Pista esburacada";"Tombamento";"Com Vítimas Feridas";"Pleno dia";"Decrescente";"Céu Claro";"Dupla";"Curva";"Sim";1;0;1;0;0;0;1;1;-26,73174559;-53,51041817;"SPRF-SC";"DEL07/SC";"UOP03-DEL07-SC"
764094;2026-04-10;"sexta-feira";"06:15:00";"RS";116;300;"GUAIBA";"Reação tardia ou ineficiente do condutor";"Colisão traseira";"Com Vítimas Feridas";"Amanhecer";"Decrescente";"Céu Claro";"Simples";"Reta";"Sim";3;0;1;0;0;2;1;2;-30,1301521;-51,35262282;"SPRF-RS";"DEL02/RS";"UOP01-DEL02-RS"
764095;2026-04-10;"sexta-feira";"10:10:00";"RJ";116;180;"NOVA IGUACU";"Reação tardia ou ineficiente do condutor";"Colisão traseira";"Com Vítimas Feridas";"Pleno dia";"Decrescente";"Nublado";"Dupla";"Reta";"Não";3;0;1;0;2;0;1;2;-22,7395431;-43,4673906;"SPRF-RJ";"DEL06/RJ";"UOP01-DEL06-RJ"
764098;2026-03-26;"quinta-feira";"15:50:00";"SC";101;382;"ICARA";"Ausência de reação do condutor";"Tombamento";"Com Vítimas Feridas";"Pleno dia";"Crescente";"Céu Claro";"Simples";"Reta";"Não";1;0;0;1;0;0;1;1;-28,77094128;-49,30759549;"SPRF-SC";"DEL02/SC";"UOP02-DEL02-SC"
764101;2026-04-10;"sexta-feira";"10:30:00";"MG";116;814;"ALEM PARAIBA";"Acessar a via sem observar a presença dos outros veículos";"Colisão frontal";"Com Vítimas Feridas";"Pleno dia";"Decrescente";"Nublado";"Simples";"Interseção de Vias";"Não";6;0;1;0;5;0;1;2;-21,85955;-42,663333;"SPRF-MG";"DEL07/MG";"UOP01-DEL07-MG"
764102;2026-04-10;"sexta-feira";"11:50:00";"BA";324;615;"SALVADOR";"Condutor deixou de manter distância do veículo da frente";"Colisão traseira";"Com Vítimas Feridas";"Pleno dia";"Decrescente";"Céu Claro";"Dupla";"Reta";"Sim";4;0;1;0;3;0;1;2;-12,87959464;-38,43195677;"SPRF-BA";"DEL01/BA";"UOP01-DEL01-BA"
764105;2026-04-10;"sexta-feira";"11:45:00";"SC";101;146;"ITAPEMA";"Ausência de reação do condutor";"Saída de leito carroçável";"Sem Vítimas";"Pleno dia";"Decrescente";"Céu Claro";"Dupla";"Reta";"Sim";3;0;0;0;3;0;0;2;-27,08652887;-48,60901801;"SPRF-SC";"DEL04/SC";"UOP03-DEL04-SC"
764107;2026-04-10;"sexta-feira";"12:10:00";"RN";110;45,8;"MOSSORO";"Acessar a via sem observar a presença dos outros veículos";"Colisão transversal";"Com Vítimas Feridas";"Pleno dia";"Decrescente";"Nublado";"Simples";"Reta";"Sim";2;0;1;0;1;0;1;2;-5,197742;-37,31806;"SPRF-RN";"DEL04-RN";"UOP01-DEL04-RN"
764108;2026-04-10;"sexta-feira";"12:00:00";"SP";116;204;"ARUJA";"Ausência de reação do condutor";"Colisão lateral mesmo sentido";"Com Vítimas Feridas";"Pleno dia";"Decrescente";"Chuva";"Dupla";"Reta";"Sim";2;0;1;0;1;0;1;2;-23,41328026;-46,36065245;"SPRF-SP";"DEL01/SP";"UOP01-DEL01-SP"
764109;2026-04-10;"sexta-feira";"12:10:00";"BA";101;719;"EUNAPOLIS";"Reação tardia ou ineficiente do condutor";"Colisão traseira";"Com Vítimas Feridas";"Pleno dia";"Decrescente";"Céu Claro";"Simples";"Reta";"Sim";2;0;1;0;1;0;1;2;-16,382092;-39,584127;"SPRF-BA";"DEL09/BA";"UOP01-DEL09-BA"
764110;2026-04-10;"sexta-feira";"10:30:00";"MG";262;35,4;"MANHUACU";"Acesso irregular";"Colisão transversal";"Com Vítimas Feridas";"Pleno dia";"Crescente";"Céu Claro";"Simples";"Curva";"Sim";2;0;1;0;1;0;1;2;-20,26011472;-42,03578979;"SPRF-MG";"DEL06/MG";"UOP03-DEL06-MG"
764111;2026-04-10;"sexta-feira";"10:20:00";"MS";163;496;"CAMPO GRANDE";"Condutor Dormindo";"Colisão lateral sentido oposto";"Com Vítimas Feridas";"Pleno dia";"Crescente";"Garoa/Chuvisco";"Simples";"Reta";"Não";9;0;3;0;6;0;3;5;-20,34977185;-54,51896517;"SPRF-MS";"DEL01/MS";"UOP02-DEL01-MS"
764112;2026-03-21;"sábado";"12:24:00";"PR";277;66,2;"SAO JOSE DOS PINHAIS";"Demais falhas mecânicas ou elétricas";"Colisão com objeto";"Com Vítimas Feridas";"Pleno dia";"Decrescente";"Céu Claro";"Dupla";"Reta";"Sim";1;0;1;0;0;0;1;1;-25,52894355;-49,08921758;"SPRF-PR";"DEL01/PR";"UOP01-DEL01-PR"
764113;2026-01-20;"terça-feira";"13:20:00";"MG";262;439,9;"NOVA SERRANA";"Reação tardia ou ineficiente do condutor";"Colisão com objeto";"Com Vítimas Feridas";"Pleno dia";"Decrescente";"Chuva";"Dupla";"Reta";"Sim";2;0;1;0;1;0;1;1;-19,86632;-44,99217;"SPRF-MG";"DEL08/MG";"UOP03-DEL08-MG"
764114;2026-04-10;"sexta-feira";"09:50:00";"BA";324;616;"SALVADOR";"Condutor deixou de manter distância do veículo da frente";"Colisão traseira";"Com Vítimas Feridas";"Pleno dia";"Decrescente";"Céu Claro";"Dupla";"Reta";"Não";5;0;2;0;3;0;2;3;-12,886138;-38,438046;"SPRF-BA";"DEL01/BA";"UOP01-DEL01-BA"
764115;2026-04-10;"sexta-feira";"11:35:00";"PB";104;158;"BARRA DE SANTANA";"Reação tardia ou ineficiente do condutor";"Queda de ocupante de veículo";"Com Vítimas Feridas";"Pleno dia";"Decrescente";"Sol";"Simples";"Reta";"Não";2;0;0;2;0;0;2;1;-7,504133;-35,961307;"SPRF-PB";"DEL02-PB";"UOP03-DEL02-PB"
764116;2026-04-06;"segunda-feira";"18:15:00";"RJ";101;315;"SAO GONCALO";"Reação tardia ou ineficiente do condutor";"Colisão lateral mesmo sentido";"Com Vítimas Feridas";"Plena Noite";"Decrescente";"Céu Claro";"Dupla";"Reta";"Não";3;0;1;0;2;0;1;2;-22,81890729;-43,08035081;"SPRF-RJ";"DEL02/RJ";"UOP02-DEL02-RJ"
764117;2026-04-10;"sexta-feira";"12:30:00";"PE";232;8,4;"RECIFE";"Manobra de mudança de faixa";"Colisão lateral mesmo sentido";"Com Vítimas Feridas";"Pleno dia";"Decrescente";"Céu Claro";"Dupla";"Reta";"Sim";2;0;1;0;1;0;1;2;-8,07695;-34,9732;"SPRF-PE";"DEL01/PE";"UOP01-DEL01-PE"
764118;2026-04-10;"sexta-feira";"12:20:00";"RJ";101;299;"SAO GONCALO";"Manobra de mudança de faixa";"Colisão lateral mesmo sentido";"Com Vítimas Feridas";"Pleno dia";"Crescente";"Nublado";"Dupla";"Reta";"Sim";4;0;2;0;2;0;2;2;-22,78822419;-43,00148533;"SPRF-RJ";"DEL02/RJ";"UOP02-DEL02-RJ"
764121;2026-04-10;"sexta-feira";"07:00:00";"RS";468;45,9;"CORONEL BICACO";"Afundamento ou ondulação no pavimento";"Saída de leito carroçável";"Com Vítimas Feridas";"Amanhecer";"Crescente";"Céu Claro";"Simples";"Reta";"Não";4;0;2;0;2;0;2;1;-27,76177134;-53,65649164;"SPRF-RS";"DEL08/RS";"UOP01-DEL08-RS"
764123;2026-04-10;"sexta-feira";"13:20:00";"SC";282;501,3;"XANXERE";"Desrespeitar a preferência no cruzamento";"Colisão transversal";"Com Vítimas Feridas";"Pleno dia";"Crescente";"Céu Claro";"Dupla";"Interseção de Vias";"Sim";2;0;2;0;0;0;2;2;-26,8822364;-52,3819857;"SPRF-SC";"DEL07/SC";"UOP01-DEL07-SC"
764124;2026-03-22;"domingo";"19:20:00";"PR";376;647;"TIJUCAS DO SUL";"Ausência de reação do condutor";"Colisão lateral mesmo sentido";"Com Vítimas Feridas";"Anoitecer";"Decrescente";"Céu Claro";"Dupla";"Reta";"Não";2;0;1;0;0;1;1;2;-25,83894728;-49,10693407;"SPRF-PR";"DEL01/PR";"UOP04-DEL01-PR"
764125;2026-04-10;"sexta-feira";"07:45:00";"RJ";40;82;"PETROPOLIS";"Reação tardia ou ineficiente do condutor";"Queda de ocupante de veículo";"Com Vítimas Feridas";"Pleno dia";"Decrescente";"Garoa/Chuvisco";"Simples";"Aclive;Reta";"Sim";1;0;1;0;0;0;1;1;-22,535828;-43,221633;"SPRF-RJ";"DEL01/RJ";"UOP01-DEL01-RJ"
764126;2026-04-10;"sexta-feira";"10:10:00";"PR";272;551;"TERRA ROXA";"Entrada inopinada do pedestre";"Atropelamento de Pedestre";"Com Vítimas Feridas";"Pleno dia";"Decrescente";"Céu Claro";"Simples";"Curva;Em Obras";"Não";2;0;1;0;1;0;1;2;-24,085303;-54,08028;"SPRF-PR";"DEL06/PR";"UOP01-DEL06-PR"
764127;2026-04-10;"sexta-feira";"12:45:00";"PA";222;18,2;"DOM ELISEU";"Acessar a via sem observar a presença dos outros veículos";"Colisão transversal";"Com Vítimas Feridas";"Pleno dia";"Crescente";"Sol";"Simples";"Reta";"Sim";3;0;0;2;1;0;2;2;-4,293788;-47,559258;"SPRF-PA";"DEL02/PA";"UOP02-DEL02-PA"
764128;2026-04-10;"sexta-feira";"11:40:00";"RJ";101;387;"RIO DE JANEIRO";"Reação tardia ou ineficiente do condutor";"Colisão traseira";"Com Vítimas Feridas";"Pleno dia";"Decrescente";"Céu Claro";"Múltipla";"Reta";"Sim";5;0;3;0;2;0;3;3;-22,888898;-43,659455;"SPRF-RJ";"DEL03/RJ";"UOP01-DEL03-RJ"
764129;2026-04-10;"sexta-feira";"12:50:00";"PE";232;140;"SAO CAITANO";"Avarias e/ou desgaste excessivo no pneu";"Tombamento";"Com Vítimas Feridas";"Pleno dia";"Decrescente";"Céu Claro";"Dupla";"Reta";"Não";1;0;1;0;0;0;1;1;-8,321973;-36,09112;"SPRF-PE";"DEL03/PE";"UOP02-DEL03-PE"
764130;2026-04-10;"sexta-feira";"11:20:00";"BA";242;235;"ITABERABA";"Pista esburacada";"Colisão com objeto";"Com Vítimas Feridas";"Pleno dia";"Crescente";"Céu Claro";"Simples";"Reta";"Não";1;0;1;0;0;0;1;1;-12,53046;-40,35072;"SPRF-BA";"DEL06/BA";"UOP02-DEL06-BA"
764132;2026-04-10;"sexta-feira";"13:50:00";"BA";116;421;"FEIRA DE SANTANA";"Entrada inopinada do pedestre";"Atropelamento de Pedestre";"Com Vítimas Feridas";"Pleno dia";"Decrescente";"Sol";"Dupla";"Reta";"Sim";2;0;2;0;0;0;2;2;-12,21154958;-38,96570312;"SPRF-BA";"DEL02/BA";"UOP01-DEL02-BA"
764133;2026-04-10;"sexta-feira";"12:30:00";"RJ";101;302;"SAO GONCALO";"Ausência de reação do condutor";"Colisão traseira";"Com Vítimas Feridas";"Pleno dia";"Decrescente";"Céu Claro";"Dupla";"Reta";"Sim";3;0;2;0;1;0;2;2;-22,78051644;-42,96417237;"SPRF-RJ";"DEL02/RJ";"UOP02-DEL02-RJ"
764134;2026-04-10;"sexta-feira";"14:00:00";"TO";153;210;"COLINAS DO TOCANTINS";"Chuva";"Saída de leito carroçável";"Com Vítimas Feridas";"Pleno dia";"Crescente";"Chuva";"Simples";"Reta;Declive";"Não";5;0;5;0;0;0;5;1;-7,9404006;-48,4656525;"SPRF-TO";"DEL02-TO";"UOP01-DEL02-TO"
764136;2026-04-10;"sexta-feira";"13:20:00";"GO";60;269;"JANDAIA";"Avarias e/ou desgaste excessivo no pneu";"Queda de ocupante de veículo";"Com Vítimas Feridas";"Pleno dia";"Decrescente";"Céu Claro";"Dupla";"Reta";"Não";1;0;1;0;0;0;1;1;-17,208156;-50,127525;"SPRF-GO";"DEL01/GO";"UOP02-DEL01-GO"
764137;2026-04-10;"sexta-feira";"13:52:00";"CE";116;23;"AQUIRAZ";"Acesso irregular";"Colisão lateral mesmo sentido";"Sem Vítimas";"Pleno dia";"Crescente";"Nublado";"Múltipla";"Retorno Regulamentado;Reta";"Sim";5;0;0;0;5;0;0;3;-3,952478;-38,512616;"SPRF-CE";"DEL01/CE";"UOP02-DEL01-CE"
764139;2026-04-10;"sexta-feira";"13:30:00";"MA";316;515;"CAXIAS";"Condutor deixou de manter distância do veículo da frente";"Colisão traseira";"Com Vítimas Feridas";"Pleno dia";"Crescente";"Nublado";"Simples";"Ponte";"Não";5;0;1;0;4;0;1;5;-4,75572974;-43,65623474;"SPRF-MA";"DEL03-MA";"UOP02-DEL03-MA"
764140;2026-04-10;"sexta-feira";"14:40:00";"ES";101;211,4;"IBIRACU";"Conversão proibida";"Colisão frontal";"Com Vítimas Feridas";"Pleno dia";"Crescente";"Nublado";"Simples";"Reta";"Não";3;0;2;0;1;0;2;2;-19,80828713;-40,36741376;"SPRF-ES";"DEL02-ES";"UOP01-DEL02-ES"
764141;2026-04-10;"sexta-feira";"14:50:00";"RS";116;243,5;"SAO LEOPOLDO";"Ausência de reação do condutor";"Queda de ocupante de veículo";"Com Vítimas Feridas";"Pleno dia";"Decrescente";"Céu Claro";"Dupla";"Interseção de Vias;Viaduto";"Sim";1;0;0;1;0;0;1;1;-29,73023276;-51,14929173;"SPRF-RS";"DEL01/RS";"UOP02-DEL01-RS"
764142;2026-04-10;"sexta-feira";"11:50:00";"SC";282;450;"PONTE SERRADA";"Transitar na contramão";"Colisão frontal";"Com Vítimas Feridas";"Pleno dia";"Decrescente";"Sol";"Simples";"Reta";"Não";3;0;1;0;2;0;1;2;-26,92023704;-51,936553;"SPRF-SC";"DEL07/SC";"UOP04-DEL07-SC"
764144;2026-04-10;"sexta-feira";"14:30:00";"SP";116;433;"REGISTRO";"Reação tardia ou ineficiente do condutor";"Tombamento";"Com Vítimas Feridas";"Pleno dia";"Decrescente";"Chuva";"Dupla";"Reta";"Não";1;0;1;0;0;0;1;1;-24,42500068;-47,78023688;"SPRF-SP";"DEL05/SP";"UOP01-DEL05-SP"
764145;2026-04-10;"sexta-feira";"11:35:00";"RS";386;162,9;"ALMIRANTE TAMANDARE DO SUL";"Ausência de reação do condutor";"Saída de leito carroçável";"Sem Vítimas";"Pleno dia";"Crescente";"Céu Claro";"Simples";"Curva";"Não";1;0;0;0;1;0;0;1;-28,19770177;-52,82777413;"SPRF-RS";"DEL08/RS";"UOP01-DEL08-RS"
764150;2026-03-01;"domingo";"18:00:00";"PE";407;129;"PETROLINA";"Manobra de mudança de faixa";"Queda de ocupante de veículo";"Com Vítimas Feridas";"Anoitecer";"Decrescente";"Ignorado";"Dupla";"Reta";"Não";1;0;1;0;0;0;1;1;-9,40526878;-40,50427532;"SPRF-PE";"DEL06/PE";"UOP01-DEL06-PE"
764152;2026-04-06;"segunda-feira";"11:00:00";"RJ";101;280;"TANGUA";"Reação tardia ou ineficiente do condutor";"Colisão lateral mesmo sentido";"Com Vítimas Feridas";"Pleno dia";"Decrescente";"Céu Claro";"Dupla";"Reta";"Não";3;0;1;0;2;0;1;2;-22,74002504;-42,75567619;"SPRF-RJ";"DEL02/RJ";"UOP02-DEL02-RJ"
764153;2026-04-10;"sexta-feira";"14:00:00";"MS";158;98,3;"PARANAIBA";"Pista Escorregadia";"Tombamento";"Com Vítimas Feridas";"Pleno dia";"Crescente";"Nublado";"Dupla";"Rotatória";"Sim";1;0;1;0;0;0;1;1;-19,69483603;-51,18064491;"SPRF-MS";"DEL08/MS";"UOP01-DEL08-MS"
764154;2026-04-10;"sexta-feira";"06:30:00";"PR";277;666;"MEDIANEIRA";"Acessar a via sem observar a presença dos outros veículos";"Colisão traseira";"Com Vítimas Feridas";"Amanhecer";"Crescente";"Céu Claro";"Dupla";"Reta;Declive";"Não";2;0;1;0;1;0;1;2;-25,251789;-54,023354;"SPRF-PR";"DEL05/PR";"UOP02-DEL05-PR"
764156;2026-03-13;"sexta-feira";"05:00:00";"GO";40;17;"LUZIANIA";"Condutor deixou de manter distância do veículo da frente";"Saída de leito carroçável";"Com Vítimas Feridas";"Amanhecer";"Decrescente";"Ignorado";"Dupla";"Reta";"Sim";2;0;1;0;1;0;1;2;-16,1882348;-47,9303749;"SPRF-DF";"DEL01-DF";"UOP01-DEL01-DF"
764157;2026-04-10;"sexta-feira";"14:50:00";"MA";135;6;"SAO LUIS";"Acessar a via sem observar a presença dos outros veículos";"Colisão transversal";"Com Vítimas Feridas";"Pleno dia";"Crescente";"Céu Claro";"Dupla";"Reta";"Sim";2;0;1;0;0;1;1;2;-2,62702;-44,31561;"SPRF-MA";"DEL01-MA";"UOP01-DEL01-MA"
764158;2026-04-10;"sexta-feira";"14:45:00";"RS";386;244,9;"SOLEDADE";"Conversão proibida";"Colisão transversal";"Com Vítimas Feridas";"Pleno dia";"Decrescente";"Sol";"Simples";"Reta";"Não";3;0;2;0;1;0;2;2;-28,801067;-52,510741;"SPRF-RS";"DEL04/RS";"UOP03-DEL04-RS"
764159;2026-04-10;"sexta-feira";"15:50:00";"ES";101;67;"SAO MATEUS";"Manobra de mudança de faixa";"Colisão lateral mesmo sentido";"Com Vítimas Feridas";"Pleno dia";"Crescente";"Nublado";"Dupla";"Reta";"Não";3;0;1;0;0;2;1;3;-18,7213966;-39,8646199;"SPRF-ES";"DEL04-ES";"UOP02-DEL04-ES"