"id";"data_inversa";"dia_semana";"horario";"uf";"br";"km";"municipio";"causa_acidente";"tipo_acidente";"classificacao_acidente";"fase_dia";"sentido_via";"condicao_metereologica";"tipo_pista";"tracado_via";"uso_solo";"pessoas";"mortos";"feridos_leves";"feridos_graves";"ilesos";"ignorados";"feridos";"veiculos";"latitude";"longitude";"regional";"delegacia";"uop"
764487;2026-04-11;"sábado";"21:50:00";"PA";230;130;"MARABA";"Deficiência do Sistema de Iluminação/Sinalização";"Colisão traseira";"Com Vítimas Feridas";"Plena Noite";"Decrescente";"Céu Claro";"Simples";"Declive;Reta";"Não";4;0;2;0;2;0;2;2;-5,364602;-49,200081;"SPRF-PA";"DEL03/PA";"UOP01-DEL03-PA"
764488;2026-04-11;"sábado";"23:40:00";"MG";262;386,4;"FLORESTAL";"Ingestão de álcool pelo condutor";"Saída de leito carroçável";"Com Vítimas Fatais";"Plena Noite";"Crescente";"Céu Claro";"Dupla";"Reta;Declive";"Não";2;1;0;1;0;0;1;1;-19,903;-44,5208;"SPRF-MG";"DEL01/MG";"UOP03-DEL01-MG"
764489;2026-04-11;"sábado";"22:50:00";"PR";277;725,8;"FOZ DO IGUACU";"Acessar a via sem observar a presença dos outros veículos";"Colisão transversal";"Com Vítimas Feridas";"Plena Noite";"Crescente";"Nublado";"Dupla";"Reta";"Sim";3;0;0;1;2;0;1;2;-25,50340429;-54,54025269;"SPRF-PR";"DEL05/PR";"UOP03-DEL05-PR"
764490;2026-04-12;"domingo";"00:20:00";"MG";381;510,9;"IGARAPE";"Ausência de reação do condutor";"Colisão lateral mesmo sentido";"Sem Vítimas";"Plena Noite";"Crescente";"Céu Claro";"Dupla";"Aclive;Reta";"Sim";3;0;0;0;1;2;0;2;-20,0607527;-44,291485;"SPRF-MG";"DEL01/MG";"UOP03-DEL01-MG"
764491;2026-04-11;"sábado";"22:50:00";"GO";40;15,7;"LUZIANIA";"Velocidade Incompatível";"Colisão traseira";"Com Vítimas Feridas";"Plena Noite";"Decrescente";"Céu Claro";"Dupla";"Reta";"Sim";3;0;2;0;1;0;2;2;-16,17858;-47,928918;"SPRF-DF";"DEL01-DF";"UOP01-DEL01-DF"
764492;2026-04-12;"domingo";"00:20:00";"ES";101;239,2;"FUNDAO";"Chuva";"Capotamento";"Sem Vítimas";"Plena Noite";"Crescente";"Chuva";"Simples";"Reta";"Não";1;0;0;0;0;1;0;1;-20,00975384;-40,40692449;"SPRF-ES";"DEL02-ES";"UOP01-DEL02-ES"
764494;2026-04-12;"domingo";"00:01:00";"MG";381;511;"IGARAPE";"Velocidade Incompatível";"Colisão com objeto";"Sem Vítimas";"Plena Noite";"Crescente";"Céu Claro";"Dupla";"Reta";"Sim";1;0;0;0;1;0;0;1;-20,06367;-44,29427;"SPRF-MG";"DEL01/MG";"UOP03-DEL01-MG"
764495;2026-04-11;"sábado";"22:00:00";"MG";116;474,2;"TARUMIRIM";"Condutor Dormindo";"Saída de leito carroçável";"Com Vítimas Feridas";"Plena Noite";"Decrescente";"Céu Claro";"Simples";"Reta;Ponte";"Não";4;0;4;0;0;0;4;1;-19,3520485;-42,0903088;"SPRF-MG";"DEL06/MG";"UOP02-DEL06-MG"
764496;2026-04-12;"domingo";"00:23:00";"SC";101;129,9;"CAMBORIU";"Ultrapassagem Indevida";"Colisão lateral mesmo sentido";"Sem Vítimas";"Plena Noite";"Crescente";"Chuva";"Dupla";"Reta";"Não";2;0;0;0;2;0;0;2;-26,983403;-48,671632;"SPRF-SC";"DEL04/SC";"UOP03-DEL04-SC"
764497;2026-04-12;"domingo";"00:04:00";"TO";153;511,3;"PARAISO DO TOCANTINS";"Reação tardia ou ineficiente do condutor";"Queda de ocupante de veículo";"Com Vítimas Feridas";"Plena Noite";"Crescente";"Céu Claro";"Simples";"Reta";"Não";1;0;0;1;0;0;1;1;-10,3050046;-48,88478592;"SPRF-TO";"DEL01-TO";"UOP01-DEL01-TO"
764498;2026-04-12;"domingo";"00:10:00";"SE";235;74;"FREI PAULO";"Manobra de mudança de faixa";"Colisão lateral sentido oposto";"Com Vítimas Feridas";"Plena Noite";"Decrescente";"Céu Claro";"Simples";"Reta";"Não";2;0;1;0;1;0;1;2;-10,54245396;-37,56032467;"SPRF-SE";"DEL01-SE";"UOP02-DEL01-SE"
764499;2026-04-12;"domingo";"00:40:00";"PR";369;187;"ARAPONGAS";"Ausência de reação do condutor";"Colisão traseira";"Com Vítimas Feridas";"Plena Noite";"Crescente";"Céu Claro";"Simples";"Reta";"Sim";3;0;2;0;1;0;2;2;-23,4258225;-51,42342377;"SPRF-PR";"DEL07/PR";"UOP03-DEL07-PR"
764500;2026-04-12;"domingo";"01:00:00";"MG";262;391,7;"PARA DE MINAS";"Condutor deixou de manter distância do veículo da frente";"Colisão traseira";"Com Vítimas Feridas";"Plena Noite";"Decrescente";"Céu Claro";"Dupla";"Reta;Declive";"Não";4;0;4;0;0;0;4;2;-19,895315;-44,569177;"SPRF-MG";"DEL01/MG";"UOP03-DEL01-MG"
764502;2026-04-12;"domingo";"01:25:00";"SC";101;138,7;"BALNEARIO CAMBORIU";"Reação tardia ou ineficiente do condutor";"Colisão com objeto";"Com Vítimas Feridas";"Plena Noite";"Crescente";"Chuva";"Múltipla";"Curva;Aclive;Viaduto";"Não";2;0;1;0;1;0;1;1;-27,02833;-48,60514;"SPRF-SC";"DEL04/SC";"UOP03-DEL04-SC"
764503;2026-04-12;"domingo";"01:30:00";"MG";40;751;"SANTOS DUMONT";"Avarias e/ou desgaste excessivo no pneu";"Capotamento";"Com Vítimas Feridas";"Plena Noite";"Crescente";"Chuva";"Simples";"Curva";"Sim";2;0;2;0;0;0;2;1;-21,47760925;-43,54589327;"SPRF-MG";"DEL05/MG";"UOP01-DEL05-MG"
764504;2026-04-11;"sábado";"23:57:00";"MG";381;490,2;"BETIM";"Ausência de reação do condutor";"Tombamento";"Com Vítimas Fatais";"Plena Noite";"Decrescente";"Céu Claro";"Múltipla";"Curva";"Sim";2;1;0;0;1;0;0;2;-19,9560002;-44,1451353;"SPRF-MG";"DEL01/MG";"UOP03-DEL01-MG"
764505;2026-04-12;"domingo";"00:50:00";"SC";163;70,6;"SAO MIGUEL DO OESTE";"Manobra de mudança de faixa";"Colisão lateral mesmo sentido";"Com Vítimas Feridas";"Plena Noite";"Decrescente";"Nublado";"Dupla";"Aclive;Curva";"Sim";3;0;2;0;0;1;2;2;-26,73234951;-53,51015568;"SPRF-SC";"DEL07/SC";"UOP03-DEL07-SC"
764506;2026-04-12;"domingo";"01:35:00";"RS";116;37,7;"VACARIA";"Ingestão de álcool pelo condutor";"Colisão transversal";"Com Vítimas Feridas";"Plena Noite";"Decrescente";"Nublado";"Simples";"Declive;Interseção de Vias";"Sim";5;0;1;2;2;0;3;2;-28,50403884;-50,92353908;"SPRF-RS";"DEL05/RS";"UOP03-DEL05-RS"
764508;2026-04-12;"domingo";"01:27:00";"PE";232;137,8;"CARUARU";"Ausência de reação do condutor";"Colisão traseira";"Com Vítimas Feridas";"Plena Noite";"Decrescente";"Nublado";"Dupla";"Aclive;Reta";"Não";2;0;1;0;1;0;1;2;-8,31885;-36,06091;"SPRF-PE";"DEL02/PE";"UOP03-DEL02-PE"
764511;2026-04-12;"domingo";"01:15:00";"MG";40;799,3;"JUIZ DE FORA";"Ausência de reação do condutor";"Colisão com objeto";"Sem Vítimas";"Plena Noite";"Crescente";"Nublado";"Dupla";"Curva;Declive";"Não";1;0;0;0;1;0;0;1;-21,80847629;-43,39893579;"SPRF-MG";"DEL05/MG";"UOP01-DEL05-MG"
764512;2026-04-11;"sábado";"23:00:00";"RO";364;972;"PORTO VELHO";"Reação tardia ou ineficiente do condutor";"Colisão frontal";"Sem Vítimas";"Plena Noite";"Crescente";"Céu Claro";"Simples";"Reta";"Sim";2;0;0;0;0;2;0;2;-9,658128;-65,72986929;"SPRF-RO";"DEL01-RO";"UOP03-DEL01-RO"
764513;2026-04-12;"domingo";"01:46:00";"PR";277;620;"CEU AZUL";"Ultrapassagem Indevida";"Colisão lateral mesmo sentido";"Sem Vítimas";"Plena Noite";"Crescente";"Céu Claro";"Simples";"Declive;Reta";"Não";5;0;0;0;5;0;0;3;-25,077;-53,69;"SPRF-PR";"DEL05/PR";"UOP02-DEL05-PR"
764514;2026-04-12;"domingo";"01:30:00";"PR";277;435,7;"VIRMOND";"Ausência de reação do condutor";"Colisão traseira";"Sem Vítimas";"Plena Noite";"Crescente";"Nublado";"Simples";"Rotatória";"Sim";2;0;0;0;2;0;0;2;-25,37850529;-52,20289562;"SPRF-PR";"DEL04/PR";"UOP02-DEL04-PR"
764517;2026-04-12;"domingo";"00:50:00";"RJ";493;0;"ITABORAI";"Reação tardia ou ineficiente do condutor";"Saída de leito carroçável";"Com Vítimas Fatais";"Plena Noite";"Decrescente";"Céu Claro";"Simples";"Reta";"Não";2;1;1;0;0;0;1;1;-22,76828726;-42,9225676;"SPRF-RJ";"DEL02/RJ";"UOP02-DEL02-RJ"
764518;2026-04-12;"domingo";"03:15:00";"SC";282;2;"FLORIANOPOLIS";"Ausência de reação do condutor";"Colisão com objeto";"Sem Vítimas";"Plena Noite";"Decrescente";"Garoa/Chuvisco";"Múltipla";"Reta";"Sim";2;0;0;0;0;2;0;2;-27,60320575;-48,58968616;"SPRF-SC";"DEL01/SC";"UOP01-DEL01-SC"
764520;2026-04-12;"domingo";"02:40:00";"SC";101;458;"SAO JOAO DO SUL";"Reação tardia ou ineficiente do condutor";"Colisão com objeto";"Sem Vítimas";"Plena Noite";"Crescente";"Céu Claro";"Múltipla";"Reta";"Não";2;0;0;0;2;0;0;1;-29,24366346;-49,75452662;"SPRF-SC";"DEL02/SC";"UOP02-DEL02-SC"
764521;2026-04-12;"domingo";"03:40:00";"MG";40;638;"CONSELHEIRO LAFAIETE";"Velocidade Incompatível";"Saída de leito carroçável";"Sem Vítimas";"Plena Noite";"Decrescente";"Céu Claro";"Simples";"Declive;Curva";"Não";1;0;0;0;0;1;0;1;-20,725131;-43,800942;"SPRF-MG";"DEL05/MG";"UOP02-DEL05-MG"
764522;2026-04-12;"domingo";"02:30:00";"MT";163;888;"CLAUDIA";"Ingestão de álcool pelo condutor";"Colisão com objeto";"Com Vítimas Feridas";"Plena Noite";"Decrescente";"Nublado";"Simples";"Reta";"Não";1;0;1;0;0;0;1;1;-11,41471;-55,35091;"SPRF-MT";"DEL06/MT";"UOP02-DEL06-MT"
764523;2026-04-12;"domingo";"04:20:00";"ES";259;72;"COLATINA";"Transitar na contramão";"Colisão frontal";"Com Vítimas Fatais";"Plena Noite";"Decrescente";"Nublado";"Simples";"Reta";"Não";3;1;0;2;0;0;2;2;-19,504417;-40,775161;"SPRF-ES";"DEL02-ES";"UOP01-DEL02-ES"
764524;2026-04-12;"domingo";"04:00:00";"CE";222;309;"TIANGUA";"Ingestão de álcool pelo condutor";"Colisão com objeto";"Sem Vítimas";"Plena Noite";"Crescente";"Céu Claro";"Múltipla";"Reta";"Sim";1;0;0;0;0;1;0;1;-3,716;-40,99;"SPRF-CE";"DEL04/CE";"UOP02-DEL04-CE"
764525;2026-04-12;"domingo";"04:30:00";"PE";101;47;"ABREU E LIMA";"Ausência de reação do condutor";"Colisão com objeto";"Sem Vítimas";"Pleno dia";"Crescente";"Garoa/Chuvisco";"Múltipla";"Reta";"Não";1;0;0;0;0;1;0;1;-7,886269;-34,904565;"SPRF-PE";"DEL01/PE";"UOP02-DEL01-PE"
764526;2026-04-12;"domingo";"04:30:00";"MG";381;492;"BETIM";"Ingestão de álcool pelo condutor";"Colisão com objeto";"Com Vítimas Feridas";"Plena Noite";"Crescente";"Céu Claro";"Múltipla";"Reta;Interseção de Vias";"Sim";1;0;0;1;0;0;1;1;-19,96256;-44,16534;"SPRF-MG";"DEL01/MG";"UOP03-DEL01-MG"
764527;2026-04-12;"domingo";"03:30:00";"MG";50;173;"UBERABA";"Área urbana sem a presença de local apropriado para a travessia de pedestres";"Atropelamento de Pedestre";"Com Vítimas Fatais";"Plena Noite";"Decrescente";"Céu Claro";"Dupla";"Reta";"Sim";2;1;0;0;0;1;0;2;-19,75784;-47,96899;"SPRF-MG";"DEL13/MG";"UOP01-DEL13-MG"
764528;2026-04-12;"domingo";"04:30:00";"PR";277;335;"GUARAPUAVA";"Ausência de reação do condutor";"Saída de leito carroçável";"Sem Vítimas";"Amanhecer";"Decrescente";"Céu Claro";"Simples";"Reta";"Não";1;0;0;0;0;1;0;1;-25,352376;-51,366031;"SPRF-PR";"DEL08/PR";"UOP01-DEL08-PR"
764529;2026-04-12;"domingo";"01:10:00";"RJ";393;263;"BARRA DO PIRAI";"Reação tardia ou ineficiente do condutor";"Colisão lateral sentido oposto";"Sem Vítimas";"Plena Noite";"Crescente";"Nublado";"Simples";"Reta";"Não";4;0;0;0;4;0;0;3;-22,48506041;-43,89851332;"SPRF-RJ";"DEL05/RJ";"UOP04-DEL05-RJ"
764530;2026-04-12;"domingo";"04:55:00";"SC";101;243,1;"PALHOCA";"Ausência de reação do condutor";"Queda de ocupante de veículo";"Com Vítimas Feridas";"Plena Noite";"Crescente";"Nublado";"Múltipla";"Reta";"Não";2;0;1;0;1;0;1;1;-27,885703;-48,6479061;"SPRF-SC";"DEL01/SC";"UOP02-DEL01-SC"
764531;2026-04-12;"domingo";"05:05:00";"SC";282;603;"MARAVILHA";"Transitar na contramão";"Colisão frontal";"Com Vítimas Feridas";"Amanhecer";"Crescente";"Garoa/Chuvisco";"Simples";"Curva";"Não";4;0;1;0;3;0;1;2;-26,80322311;-53,18752336;"SPRF-SC";"DEL07/SC";"UOP02-DEL07-SC"
764532;2026-04-12;"domingo";"06:00:00";"MA";135;23,3;"SAO LUIS";"Manobra de mudança de faixa";"Colisão transversal";"Com Vítimas Feridas";"Amanhecer";"Crescente";"Céu Claro";"Dupla";"Reta";"Sim";2;0;1;0;1;0;1;2;-2,75543;-44,350542;"SPRF-MA";"DEL01-MA";"UOP01-DEL01-MA"
764533;2026-04-12;"domingo";"05:00:00";"RJ";101;406;"ITAGUAI";"Entrada inopinada do pedestre";"Atropelamento de Pedestre";"Com Vítimas Fatais";"Plena Noite";"Crescente";"Céu Claro";"Dupla";"Aclive;Reta";"Sim";2;1;0;0;0;1;0;2;-22,87169845;-43,80845;"SPRF-RJ";"DEL03/RJ";"UOP01-DEL03-RJ"
764534;2026-04-12;"domingo";"05:30:00";"SC";101;175;"BIGUACU";"Reação tardia ou ineficiente do condutor";"Saída de leito carroçável";"Com Vítimas Feridas";"Amanhecer";"Crescente";"Garoa/Chuvisco";"Dupla";"Aclive;Curva";"Não";2;0;1;0;1;0;1;1;-27,340443;-48,627725;"SPRF-SC";"DEL01/SC";"UOP01-DEL01-SC"
764535;2026-04-11;"sábado";"22:15:00";"GO";452;79;"MAURILANDIA";"Ausência de reação do condutor";"Saída de leito carroçável";"Com Vítimas Feridas";"Plena Noite";"Decrescente";"Ignorado";"Simples";"Interseção de Vias;Rotatória";"Não";2;0;1;1;0;0;2;1;-18,05277;-50,220793;"SPRF-GO";"DEL04/GO";"UOP01-DEL04-GO"
764536;2026-04-12;"domingo";"05:30:00";"SC";282;152,7;"BOM RETIRO";"Reação tardia ou ineficiente do condutor";"Saída de leito carroçável";"Sem Vítimas";"Amanhecer";"Crescente";"Garoa/Chuvisco";"Simples";"Reta";"Não";1;0;0;0;1;0;0;1;-27,7561773;-49,6860938;"SPRF-SC";"DEL05/SC";"UOP01-DEL05-SC"
764541;2026-04-12;"domingo";"06:05:00";"PE";101;78,9;"JABOATAO DOS GUARARAPES";"Ausência de reação do condutor";"Colisão com objeto";"Sem Vítimas";"Amanhecer";"Crescente";"Chuva";"Dupla";"Curva";"Sim";1;0;0;0;0;1;0;1;-8,142516;-34,946932;"SPRF-PE";"DEL01/PE";"UOP01-DEL01-PE"
764543;2026-04-12;"domingo";"03:00:00";"SC";470;134;"RIO DO SUL";"Ausência de reação do condutor";"Colisão com objeto";"Com Vítimas Feridas";"Plena Noite";"Decrescente";"Nublado";"Simples";"Reta";"Sim";2;0;0;1;1;0;1;1;-27,17531;-49,590377;"SPRF-SC";"DEL04/SC";"UOP02-DEL04-SC"
764545;2026-04-12;"domingo";"07:20:00";"SC";101;212,5;"PALHOCA";"Reação tardia ou ineficiente do condutor";"Tombamento";"Com Vítimas Feridas";"Pleno dia";"Decrescente";"Nublado";"Múltipla";"Reta";"Sim";1;0;0;1;0;0;1;1;-27,63270665;-48,66148353;"SPRF-SC";"DEL01/SC";"UOP02-DEL01-SC"
764546;2026-04-11;"sábado";"18:20:00";"RO";364;283;"PRESIDENTE MEDICI";"Ultrapassagem Indevida";"Colisão frontal";"Com Vítimas Feridas";"Anoitecer";"Crescente";"Céu Claro";"Simples";"Declive;Reta";"Não";3;0;0;3;0;0;3;2;-11,372688;-61,826698;"SPRF-RO";"DEL02-RO";"UOP01-DEL02-RO"
764547;2026-04-11;"sábado";"20:30:00";"BA";101;809;"ITAMARAJU";"Velocidade Incompatível";"Colisão com objeto";"Com Vítimas Feridas";"Plena Noite";"Crescente";"Nublado";"Simples";"Declive;Reta";"Não";2;0;1;1;0;0;2;1;-17,03302;-39,540402;"SPRF-BA";"DEL09/BA";"UOP01-DEL09-BA"
764549;2026-04-12;"domingo";"01:00:00";"RJ";40;117;"DUQUE DE CAXIAS";"Ausência de reação do condutor";"Colisão lateral mesmo sentido";"Com Vítimas Feridas";"Plena Noite";"Decrescente";"Céu Claro";"Dupla";"Reta";"Não";2;0;0;1;0;1;1;2;-22,75272755;-43,28708344;"SPRF-RJ";"DEL01/RJ";"UOP02-DEL01-RJ"
764550;2026-04-12;"domingo";"07:10:00";"BA";324;619;"SALVADOR";"Condutor Dormindo";"Colisão com objeto";"Com Vítimas Feridas";"Pleno dia";"Decrescente";"Céu Claro";"Dupla";"Curva";"Não";2;0;1;0;1;0;1;2;-12,9135969;-38,4596233;"SPRF-BA";"DEL01/BA";"UOP01-DEL01-BA"
764552;2026-04-12;"domingo";"05:30:00";"MG";116;684,5;"MURIAE";"Velocidade Incompatível";"Capotamento";"Com Vítimas Fatais";"Amanhecer";"Decrescente";"Céu Claro";"Simples";"Reta;Ponte";"Não";3;3;0;0;0;0;0;1;-20,981941;-42,354813;"SPRF-MG";"DEL07/MG";"UOP02-DEL07-MG"
764553;2026-04-12;"domingo";"07:19:00";"PE";101;63;"RECIFE";"Chuva";"Tombamento";"Com Vítimas Feridas";"Pleno dia";"Crescente";"Chuva";"Dupla";"Reta";"Sim";1;0;1;0;0;0;1;1;-8,015874;-34,940251;"SPRF-PE";"DEL01/PE";"UOP01-DEL01-PE"
764554;2026-04-12;"domingo";"07:20:00";"PR";277;594,3;"CASCAVEL";"Velocidade Incompatível";"Colisão com objeto";"Sem Vítimas";"Pleno dia";"Decrescente";"Céu Claro";"Simples";"Curva";"Sim";1;0;0;0;1;0;0;1;-24,9839158;-53,3731871;"SPRF-PR";"DEL04/PR";"UOP01-DEL04-PR"
764555;2026-04-12;"domingo";"04:20:00";"MS";376;39,2;"VICENTINA";"Ausência de reação do condutor";"Saída de leito carroçável";"Com Vítimas Feridas";"Plena Noite";"Decrescente";"Céu Claro";"Simples";"Aclive";"Não";2;0;2;0;0;0;2;1;-22,41923585;-54,40945208;"SPRF-MS";"DEL04/MS";"UOP01-DEL04-MS"
764556;2026-04-12;"domingo";"08:20:00";"RJ";101;169;"MACAE";"Acessar a via sem observar a presença dos outros veículos";"Colisão lateral mesmo sentido";"Com Vítimas Feridas";"Pleno dia";"Decrescente";"Céu Claro";"Simples";"Rotatória";"Não";2;0;1;0;1;0;1;2;-22,3541928;-41,92493789;"SPRF-RJ";"DEL08/RJ";"UOP04-DEL08-RJ"
764557;2026-04-12;"domingo";"06:25:00";"RJ";116;316;"ITATIAIA";"Condutor deixou de manter distância do veículo da frente";"Colisão traseira";"Com Vítimas Feridas";"Amanhecer";"Decrescente";"Céu Claro";"Dupla";"Reta";"Sim";3;0;1;0;0;2;1;2;-22,46732452;-44,50291157;"SPRF-RJ";"DEL07/RJ";"UOP02-DEL07-RJ"
764558;2026-04-11;"sábado";"22:15:00";"RJ";116;173;"SAO JOAO DE MERITI";"Ausência de reação do condutor";"Colisão traseira";"Com Vítimas Feridas";"Plena Noite";"Crescente";"Céu Claro";"Dupla";"Reta";"Sim";2;0;1;0;1;0;1;2;-22,79880768;-43,35584728;"SPRF-RJ";"DEL06/RJ";"UOP01-DEL06-RJ"
764559;2026-04-12;"domingo";"08:38:00";"AP";210;0;"MACAPA";"Acessar a via sem observar a presença dos outros veículos";"Colisão transversal";"Com Vítimas Feridas";"Pleno dia";"Decrescente";"Garoa/Chuvisco";"Dupla";"Interseção de Vias";"Sim";2;0;1;0;1;0;1;2;0,0778;-51,0692;"SPRF-AP";"DEL01-AP";"UOP01-DEL01-AP"
764561;2026-04-12;"domingo";"07:50:00";"SP";116;228,8;"SAO PAULO";"Ausência de reação do condutor";"Colisão traseira";"Com Vítimas Feridas";"Pleno dia";"Decrescente";"Céu Claro";"Múltipla";"Aclive;Reta";"Não";2;0;1;0;1;0;1;2;-23,50557;-46,56889;"SPRF-SP";"DEL01/SP";"UOP01-DEL01-SP"
764562;2026-04-12;"domingo";"08:45:00";"SC";101;138;"BALNEARIO CAMBORIU";"Ingestão de álcool pelo condutor";"Colisão lateral mesmo sentido";"Com Vítimas Feridas";"Pleno dia";"Crescente";"Nublado";"Múltipla";"Curva;Aclive";"Não";3;0;1;1;1;0;2;2;-27,02835936;-48,60504122;"SPRF-SC";"DEL04/SC";"UOP03-DEL04-SC"
764571;2026-04-12;"domingo";"07:10:00";"MG";356;270,2;"MURIAE";"Acessar a via sem observar a presença dos outros veículos";"Colisão transversal";"Com Vítimas Feridas";"Pleno dia";"Crescente";"Céu Claro";"Simples";"Interseção de Vias";"Não";2;0;2;0;0;0;2;2;-21,126;-42,329;"SPRF-MG";"DEL07/MG";"UOP02-DEL07-MG"
764573;2026-04-12;"domingo";"08:55:00";"PR";369;58,2;"BANDEIRANTES";"Reação tardia ou ineficiente do condutor";"Colisão traseira";"Com Vítimas Feridas";"Pleno dia";"Decrescente";"Céu Claro";"Simples";"Reta";"Sim";2;0;0;1;0;1;1;2;-23,12760022;-50,38386304;"SPRF-PR";"DEL07/PR";"UOP05-DEL07-PR"
764574;2026-04-12;"domingo";"09:50:00";"RJ";101;472;"ANGRA DOS REIS";"Ausência de reação do condutor";"Queda de ocupante de veículo";"Com Vítimas Feridas";"Pleno dia";"Decrescente";"Céu Claro";"Simples";"Curva;Aclive";"Sim";1;0;1;0;0;0;1;1;-22,98810605;-44,23336029;"SPRF-RJ";"DEL03/RJ";"UOP03-DEL03-RJ"
764578;2026-04-12;"domingo";"10:25:00";"PR";376;311,5;"ORTIGUEIRA";"Reação tardia ou ineficiente do condutor";"Tombamento";"Com Vítimas Feridas";"Pleno dia";"Decrescente";"Céu Claro";"Dupla";"Curva";"Não";1;0;0;1;0;0;1;1;-23,98487659;-51,08306631;"SPRF-PR";"DEL07/PR";"UOP02-DEL07-PR"
764579;2026-04-12;"domingo";"08:40:00";"RO";319;143;"PORTO VELHO";"Acessar a via sem observar a presença dos outros veículos";"Colisão lateral mesmo sentido";"Com Vítimas Feridas";"Pleno dia";"Decrescente";"Céu Claro";"Dupla";"Interseção de Vias";"Sim";2;0;1;0;1;0;1;2;-8,74922185;-63,88787834;"SPRF-RO";"DEL01-RO";"UOP01-DEL01-RO"
764581;2026-04-12;"domingo";"04:45:00";"RJ";101;51;"CAMPOS DOS GOYTACAZES";"Demais falhas mecânicas ou elétricas";"Tombamento";"Com Vítimas Feridas";"Amanhecer";"Decrescente";"Nublado";"Simples";"Reta;Declive";"Não";2;0;2;0;0;0;2;1;-21,64273198;-41,31170082;"SPRF-RJ";"DEL08/RJ";"UOP01-DEL08-RJ"
764582;2026-04-12;"domingo";"10:35:00";"MG";153;241;"FRUTAL";"Condutor deixou de manter distância do veículo da frente";"Colisão traseira";"Com Vítimas Feridas";"Pleno dia";"Crescente";"Céu Claro";"Simples";"Reta";"Não";2;0;2;0;0;0;2;2;-19,92042827;-48,96081946;"SPRF-MG";"DEL13/MG";"UOP02-DEL13-MG"
764583;2026-04-12;"domingo";"09:15:00";"PI";230;306,8;"FLORIANO";"Ultrapassagem Indevida";"Colisão lateral mesmo sentido";"Com Vítimas Feridas";"Pleno dia";"Decrescente";"Céu Claro";"Simples";"Reta;Retorno Regulamentado;Rotatória";"Sim";3;0;1;0;2;0;1;2;-6,787785;-42,992247;"SPRF-PI";"DEL03-PI";"UOP01-DEL03-PI"
764584;2026-04-12;"domingo";"09:25:00";"BA";116;754;"POCOES";"Transitar no Acostamento";"Atropelamento de Pedestre";"Com Vítimas Feridas";"Pleno dia";"Decrescente";"Céu Claro";"Simples";"Reta";"Não";2;0;1;1;0;0;2;2;-14,49777391;-40,35102367;"SPRF-BA";"DEL08/BA";"UOP02-DEL08-BA"
764586;2026-04-12;"domingo";"09:00:00";"RJ";116;242;"PIRAI";"Acumulo de areia ou detritos sobre o pavimento";"Queda de ocupante de veículo";"Com Vítimas Feridas";"Pleno dia";"Crescente";"Céu Claro";"Dupla";"Curva";"Não";2;0;2;0;0;0;2;1;-22,636;-43,902;"SPRF-RJ";"DEL07/RJ";"UOP01-DEL07-RJ"
764587;2026-04-12;"domingo";"11:30:00";"ES";101;332,3;"GUARAPARI";"Chuva";"Tombamento";"Com Vítimas Feridas";"Pleno dia";"Crescente";"Chuva";"Dupla";"Curva";"Não";2;0;2;0;0;0;2;1;-20,65845839;-40,6147972;"SPRF-ES";"DEL03-ES";"UOP01-DEL03-ES"
764588;2026-04-12;"domingo";"10:00:00";"MS";158;201;"SELVIRIA";"Ausência de reação do condutor";"Colisão com objeto";"Com Vítimas Feridas";"Pleno dia";"Crescente";"Céu Claro";"Dupla";"Reta";"Sim";1;0;0;1;0;0;1;1;-20,37403152;-51,44228443;"SPRF-MS";"DEL07/MS";"UOP01-DEL07-MS"
764589;2026-04-12;"domingo";"11:35:00";"RJ";116;129;"MAGE";"Demais falhas mecânicas ou elétricas";"Tombamento";"Com Vítimas Feridas";"Pleno dia";"Decrescente";"Céu Claro";"Dupla";"Reta";"Não";2;0;2;0;0;0;2;1;-22,665722;-43,10067;"SPRF-RJ";"DEL04/RJ";"UOP02-DEL04-RJ"
764590;2026-04-12;"domingo";"11:30:00";"SC";101;136;"PORTO BELO";"Avarias e/ou desgaste excessivo no pneu";"Queda de ocupante de veículo";"Com Vítimas Feridas";"Pleno dia";"Crescente";"Nublado";"Dupla";"Reta";"Sim";2;0;1;0;1;0;1;1;-27,17046;-48,61167;"SPRF-SC";"DEL04/SC";"UOP03-DEL04-SC"
764592;2026-04-12;"domingo";"12:10:00";"TO";153;660;"GURUPI";"Reação tardia ou ineficiente do condutor";"Saída de leito carroçável";"Com Vítimas Feridas";"Pleno dia";"Crescente";"Céu Claro";"Simples";"Reta";"Não";1;0;0;1;0;0;1;1;-11,6216;-49,0474;"SPRF-TO";"DEL01-TO";"UOP02-DEL01-TO"
764594;2026-04-12;"domingo";"11:24:00";"DF";20;29,5;"BRASILIA";"Condutor Dormindo";"Saída de leito carroçável";"Com Vítimas Feridas";"Pleno dia";"Crescente";"Céu Claro";"Dupla";"Reta";"Não";1;0;0;1;0;0;1;1;-15,59769084;-47,61119396;"SPRF-DF";"DEL02-DF";"UOP01-DEL02-DF"
764595;2026-04-12;"domingo";"12:00:00";"PR";277;32;"MORRETES";"Reação tardia ou ineficiente do condutor";"Queda de ocupante de veículo";"Com Vítimas Feridas";"Pleno dia";"Decrescente";"Céu Claro";"Dupla";"Declive;Curva;Retorno Regulamentado";"Não";1;0;1;0;0;0;1;1;-25,56400716;-48,81351113;"SPRF-PR";"DEL01/PR";"UOP05-DEL01-PR"