"id";"data_inversa";"dia_semana";"horario";"uf";"br";"km";"municipio";"causa_acidente";"tipo_acidente";"classificacao_acidente";"fase_dia";"sentido_via";"condicao_metereologica";"tipo_pista";"tracado_via";"uso_solo";"pessoas";"mortos";"feridos_leves";"feridos_graves";"ilesos";"ignorados";"feridos";"veiculos";"latitude";"longitude";"regional";"delegacia";"uop"
764917;2026-04-13;"segunda-feira";"22:48:00";"SC";101;213,6;"PALHOCA";"Pedestre cruzava a pista fora da faixa";"Atropelamento de Pedestre";"Com Vítimas Fatais";"Plena Noite";"Crescente";"Ignorado";"Múltipla";"Reta";"Sim";6;1;0;0;3;2;0;2;-27,64155554;-48,66845727;"SPRF-SC";"DEL01/SC";"UOP02-DEL01-SC"
764918;2026-04-13;"segunda-feira";"21:40:00";"PR";277;605,3;"SANTA TEREZA DO OESTE";"Conversão proibida";"Colisão transversal";"Com Vítimas Feridas";"Plena Noite";"Crescente";"Céu Claro";"Simples";"Aclive";"Não";2;0;1;0;1;0;1;2;-25,028267;-53,56103;"SPRF-PR";"DEL05/PR";"UOP02-DEL05-PR"
764919;2026-04-13;"segunda-feira";"17:30:00";"PI";230;182;"OEIRAS";"Transitar na contramão";"Colisão lateral sentido oposto";"Com Vítimas Feridas";"Anoitecer";"Crescente";"Céu Claro";"Simples";"Reta";"Não";2;0;0;1;1;0;1;2;-6,957059;-42,013397;"SPRF-PI";"DEL04-PI";"UOP01-DEL04-PI"
764920;2026-04-13;"segunda-feira";"21:15:00";"MG";116;411,9;"GOVERNADOR VALADARES";"Ausência de reação do condutor";"Colisão com objeto";"Com Vítimas Fatais";"Plena Noite";"Decrescente";"Nublado";"Simples";"Interseção de Vias;Reta";"Sim";1;1;0;0;0;0;0;1;-18,87354702;-41,96673356;"SPRF-MG";"DEL06/MG";"UOP01-DEL06-MG"
764921;2026-04-13;"segunda-feira";"16:30:00";"RJ";101;386;"ITAGUAI";"Ausência de reação do condutor";"Colisão lateral mesmo sentido";"Sem Vítimas";"Pleno dia";"Crescente";"Céu Claro";"Simples";"Reta";"Sim";1;0;0;0;1;0;0;1;-22,85895214;-43,75934263;"SPRF-RJ";"DEL03/RJ";"UOP01-DEL03-RJ"
764923;2026-04-13;"segunda-feira";"21:30:00";"RJ";493;21;"MAGE";"Reação tardia ou ineficiente do condutor";"Saída de leito carroçável";"Com Vítimas Feridas";"Plena Noite";"Crescente";"Ignorado";"Simples";"Desvio Temporário;Curva;Em Obras";"Não";2;0;1;0;1;0;1;1;-22,65926902;-43,05445282;"SPRF-RJ";"DEL04/RJ";"UOP02-DEL04-RJ"
764925;2026-04-13;"segunda-feira";"22:00:00";"RJ";116;305;"RESENDE";"Demais falhas mecânicas ou elétricas";"Incêndio";"Sem Vítimas";"Plena Noite";"Crescente";"Céu Claro";"Dupla";"Reta";"Não";1;0;0;0;0;1;0;1;-22,45875472;-44,43157554;"SPRF-RJ";"DEL07/RJ";"UOP02-DEL07-RJ"
764926;2026-04-13;"segunda-feira";"23:05:00";"RO";364;337;"JI-PARANA";"Ausência de reação do condutor";"Saída de leito carroçável";"Com Vítimas Feridas";"Plena Noite";"Crescente";"Ignorado";"Dupla";"Rotatória";"Não";1;0;0;1;0;0;1;1;-10,826876;-62,0138921;"SPRF-RO";"DEL02-RO";"UOP01-DEL02-RO"
764927;2026-04-14;"terça-feira";"00:22:00";"RN";304;32;"MOSSORO";"Pista esburacada";"Colisão com objeto";"Com Vítimas Feridas";"Plena Noite";"Crescente";"Chuva";"Dupla";"Retorno Regulamentado;Reta";"Não";1;0;0;1;0;0;1;1;-5,135412;-37,345105;"SPRF-RN";"DEL04-RN";"UOP02-DEL04-RN"
764928;2026-04-14;"terça-feira";"00:30:00";"ES";262;29,9;"DOMINGOS MARTINS";"Velocidade Incompatível";"Colisão com objeto";"Com Vítimas Feridas";"Plena Noite";"Decrescente";"Céu Claro";"Simples";"Curva;Declive";"Não";1;0;0;1;0;0;1;1;-20,37762882;-40,56640506;"SPRF-ES";"DEL01-ES";"UOP01-DEL01-ES"
764929;2026-04-14;"terça-feira";"00:00:00";"MG";381;526;"BRUMADINHO";"Ausência de reação do condutor";"Colisão traseira";"Com Vítimas Feridas";"Plena Noite";"Decrescente";"Céu Claro";"Dupla";"Curva;Aclive";"Não";3;0;1;0;2;0;1;2;-20,147547;-44,324125;"SPRF-MG";"DEL04/MG";"UOP03-DEL04-MG"
764932;2026-04-13;"segunda-feira";"23:47:00";"MT";163;595;"NOVA MUTUM";"Ausência de reação do condutor";"Saída de leito carroçável";"Com Vítimas Feridas";"Plena Noite";"Crescente";"Céu Claro";"Dupla";"Reta";"Sim";1;0;0;1;0;0;1;1;-13,842617;-56,083498;"SPRF-MT";"DEL01/MT";"UOP01-DEL01-MT"
764935;2026-04-14;"terça-feira";"05:20:00";"SC";101;199;"SAO JOSE";"Acessar a via sem observar a presença dos outros veículos";"Tombamento";"Com Vítimas Feridas";"Plena Noite";"Crescente";"Garoa/Chuvisco";"Múltipla";"Reta";"Sim";1;0;1;0;0;0;1;1;-27,53426052;-48,63010017;"SPRF-SC";"DEL01/SC";"UOP01-DEL01-SC"
764936;2026-04-14;"terça-feira";"06:00:00";"ES";101;283;"CARIACICA";"Condutor deixou de manter distância do veículo da frente";"Colisão traseira";"Com Vítimas Feridas";"Pleno dia";"Decrescente";"Céu Claro";"Dupla";"Reta;Declive";"Não";2;0;1;0;1;0;1;2;-20,24057619;-40,36971331;"SPRF-ES";"DEL01-ES";"UOP01-DEL01-ES"
764937;2026-04-14;"terça-feira";"05:40:00";"MG";116;216,5;"PERDIZES";"Objeto estático sobre o leito carroçável";"Colisão com objeto";"Com Vítimas Feridas";"Plena Noite";"Decrescente";"Céu Claro";"Múltipla";"Reta";"Sim";1;0;1;0;0;0;1;1;-19,37630118;-46,89174123;"SPRF-MG";"DEL11/MG";"UOP01-DEL11-MG"
764940;2026-04-14;"terça-feira";"06:30:00";"DF";20;46,4;"BRASILIA";"Velocidade Incompatível";"Saída de leito carroçável";"Com Vítimas Feridas";"Amanhecer";"Crescente";"Céu Claro";"Múltipla";"Declive;Reta";"Não";1;0;0;1;0;0;1;1;-15,58102;-47,45741;"SPRF-DF";"DEL02-DF";"UOP01-DEL02-DF"
764942;2026-04-14;"terça-feira";"06:00:00";"RO";364;603;"ITAPUA DO OESTE";"Ausência de reação do condutor";"Saída de leito carroçável";"Com Vítimas Feridas";"Amanhecer";"Decrescente";"Garoa/Chuvisco";"Dupla";"Curva";"Não";2;0;1;0;1;0;1;1;-9,41522899;-63,12191964;"SPRF-RO";"DEL01-RO";"UOP04-DEL01-RO"
764944;2026-04-14;"terça-feira";"06:32:00";"PE";232;7,2;"RECIFE";"Trafegar com motocicleta (ou similar) entre as faixas";"Colisão lateral mesmo sentido";"Com Vítimas Feridas";"Pleno dia";"Decrescente";"Chuva";"Dupla";"Reta";"Sim";3;0;1;0;2;0;1;3;-8,07384;-34,963;"SPRF-PE";"DEL01/PE";"UOP01-DEL01-PE"
764946;2026-04-14;"terça-feira";"05:02:00";"MT";163;687;"LUCAS DO RIO VERDE";"Acessar a via sem observar a presença dos outros veículos";"Colisão transversal";"Com Vítimas Feridas";"Amanhecer";"Crescente";"Céu Claro";"Dupla";"Interseção de Vias";"Não";2;0;1;0;1;0;1;2;-13,079555;-55,937191;"SPRF-MT";"DEL06/MT";"UOP01-DEL06-MT"
764947;2026-03-18;"quarta-feira";"14:00:00";"PR";277;572;"CASCAVEL";"Ausência de reação do condutor";"Queda de ocupante de veículo";"Com Vítimas Feridas";"Pleno dia";"Crescente";"Céu Claro";"Simples";"Reta";"Não";2;0;1;0;1;0;1;1;-25,020164;-53,279598;"SPRF-PR";"DEL04/PR";"UOP01-DEL04-PR"
764948;2026-04-14;"terça-feira";"07:57:00";"PB";230;18,5;"JOAO PESSOA";"Animais na Pista";"Atropelamento de Animal";"Com Vítimas Feridas";"Pleno dia";"Decrescente";"Nublado";"Dupla";"Curva";"Sim";2;0;2;0;0;0;2;1;-7,12601894;-34,84527379;"SPRF-PB";"DEL01-PB";"UOP01-DEL01-PB"
764949;2026-04-14;"terça-feira";"08:04:00";"AL";101;178;"TEOTONIO VILELA";"Acumulo de água sobre o pavimento";"Saída de leito carroçável";"Com Vítimas Feridas";"Pleno dia";"Decrescente";"Chuva";"Dupla";"Curva";"Não";3;0;1;0;2;0;1;1;-9,887801;-36,3858815;"SPRF-AL";"DEL02-AL";"UOP02-DEL02-AL"
764950;2026-04-14;"terça-feira";"08:00:00";"MG";381;489;"BETIM";"Condutor deixou de manter distância do veículo da frente";"Colisão traseira";"Com Vítimas Feridas";"Pleno dia";"Crescente";"Céu Claro";"Múltipla";"Aclive;Reta";"Não";3;0;1;0;2;0;1;2;-19,957342;-44,12326;"SPRF-MG";"DEL01/MG";"UOP03-DEL01-MG"
764952;2026-04-14;"terça-feira";"07:20:00";"PI";316;7,7;"TERESINA";"Acessar a via sem observar a presença dos outros veículos";"Colisão transversal";"Com Vítimas Feridas";"Pleno dia";"Crescente";"Sol";"Múltipla";"Declive;Viaduto";"Sim";2;0;1;0;1;0;1;2;-5,15584638;-42,77173332;"SPRF-PI";"DEL01-PI";"UOP02-DEL01-PI"
764953;2026-04-14;"terça-feira";"08:08:00";"SP";116;282;"EMBU DAS ARTES";"Manobra de mudança de faixa";"Colisão lateral mesmo sentido";"Com Vítimas Feridas";"Pleno dia";"Decrescente";"Céu Claro";"Dupla";"Reta";"Sim";2;0;0;1;0;1;1;2;-23,67384575;-46,85647178;"SPRF-SP";"DEL04/SP";"UOP01-DEL04-SP"
764954;2026-04-14;"terça-feira";"02:00:00";"MT";364;401;"CUIABA";"Pedestre andava na pista";"Atropelamento de Pedestre";"Com Vítimas Feridas";"Plena Noite";"Decrescente";"Céu Claro";"Dupla";"Reta";"Não";2;0;1;1;0;0;2;2;-15,65153175;-55,9961772;"SPRF-MT";"DEL01/MT";"UOP02-DEL01-MT"
764955;2026-04-14;"terça-feira";"08:12:00";"SE";101;103,6;"SAO CRISTOVAO";"Ausência de reação do condutor";"Colisão com objeto";"Com Vítimas Feridas";"Pleno dia";"Decrescente";"Chuva";"Múltipla";"Reta";"Não";2;0;1;0;1;0;1;1;-10,95405;-37,22203;"SPRF-SE";"DEL02-SE";"UOP01-DEL02-SE"
764956;2026-04-14;"terça-feira";"03:30:00";"MA";135;4;"BACABEIRA";"Demais falhas mecânicas ou elétricas";"Saída de leito carroçável";"Com Vítimas Feridas";"Amanhecer";"Decrescente";"Céu Claro";"Dupla";"Curva";"Não";1;0;0;1;0;0;1;1;-2,89167;-44,37429;"SPRF-MA";"DEL01-MA";"UOP01-DEL01-MA"
764957;2026-04-14;"terça-feira";"06:08:00";"MT";364;405;"CUIABA";"Condutor deixou de manter distância do veículo da frente";"Colisão traseira";"Com Vítimas Feridas";"Pleno dia";"Decrescente";"Céu Claro";"Dupla";"Reta";"Sim";3;0;1;0;2;0;1;2;-15,6442579;-56,0137155;"SPRF-MT";"DEL01/MT";"UOP02-DEL01-MT"
764958;2026-04-14;"terça-feira";"07:45:00";"BA";324;623;"SALVADOR";"Chuva";"Colisão lateral mesmo sentido";"Com Vítimas Feridas";"Pleno dia";"Decrescente";"Chuva";"Dupla";"Reta";"Sim";2;0;1;0;1;0;1;2;-12,94078918;-38,47103477;"SPRF-BA";"DEL01/BA";"UOP01-DEL01-BA"
764959;2026-04-14;"terça-feira";"08:20:00";"SE";101;22;"MALHADA DOS BOIS";"Acumulo de água sobre o pavimento";"Saída de leito carroçável";"Sem Vítimas";"Pleno dia";"Crescente";"Chuva";"Dupla";"Reta";"Não";1;0;0;0;1;0;0;1;-10,37469962;-36,9140625;"SPRF-SE";"DEL02-SE";"UOP02-DEL02-SE"
764961;2026-04-14;"terça-feira";"09:00:00";"RN";101;97;"NATAL";"Ausência de reação do condutor";"Colisão traseira";"Com Vítimas Feridas";"Pleno dia";"Decrescente";"Chuva";"Dupla";"Reta";"Sim";2;0;1;0;1;0;1;2;-5,8594118;-35,2125492;"SPRF-RN";"DEL01-RN";"UOP01-DEL01-RN"
764962;2026-04-14;"terça-feira";"07:50:00";"SC";282;3;"FLORIANOPOLIS";"Trafegar com motocicleta (ou similar) entre as faixas";"Queda de ocupante de veículo";"Com Vítimas Feridas";"Pleno dia";"Decrescente";"Nublado";"Dupla";"Reta";"Sim";1;0;1;0;0;0;1;1;-27,59570705;-48,60124862;"SPRF-SC";"DEL01/SC";"UOP01-DEL01-SC"
764963;2026-04-14;"terça-feira";"09:00:00";"PR";369;132;"IBIPORA";"Reação tardia ou ineficiente do condutor";"Colisão lateral mesmo sentido";"Com Vítimas Feridas";"Pleno dia";"Crescente";"Céu Claro";"Dupla";"Curva;Aclive";"Sim";3;0;1;0;2;0;1;2;-23,26006012;-51,0006365;"SPRF-PR";"DEL07/PR";"UOP01-DEL07-PR"
764964;2026-04-14;"terça-feira";"08:35:00";"PR";376;178,9;"MARINGA";"Manobra de mudança de faixa";"Colisão transversal";"Com Vítimas Feridas";"Pleno dia";"Crescente";"Céu Claro";"Dupla";"Reta";"Sim";2;0;1;0;1;0;1;2;-23,41895803;-51,91368569;"SPRF-PR";"DEL09/PR";"UOP01-DEL09-PR"
764965;2026-04-11;"sábado";"02:00:00";"PA";230;827;"URUARA";"Demais falhas mecânicas ou elétricas";"Incêndio";"Sem Vítimas";"Plena Noite";"Crescente";"Nublado";"Simples";"Reta";"Não";3;0;0;0;3;0;0;1;-3,68296075;-53,56196881;"SPRF-PA";"DEL04/PA";"UOP01-DEL04-PA"
764966;2026-03-25;"quarta-feira";"18:20:00";"PR";467;110,7;"CASCAVEL";"Condutor deixou de manter distância do veículo da frente";"Colisão traseira";"Com Vítimas Feridas";"Anoitecer";"Crescente";"Céu Claro";"Dupla";"Curva";"Não";3;0;2;0;1;0;2;2;-24,9302673;-53,4506452;"SPRF-PR";"DEL04/PR";"UOP01-DEL04-PR"
764967;2026-04-14;"terça-feira";"08:15:00";"RJ";40;65;"PETROPOLIS";"Acesso irregular";"Colisão frontal";"Com Vítimas Feridas";"Pleno dia";"Decrescente";"Céu Claro";"Simples";"Interseção de Vias";"Sim";2;0;1;0;1;0;1;2;-22,42756057;-43,16398732;"SPRF-RJ";"DEL05/RJ";"UOP02-DEL05-RJ"
764969;2026-03-29;"domingo";"17:40:00";"MG";381;477;"CONTAGEM";"Ausência de reação do condutor";"Colisão traseira";"Com Vítimas Feridas";"Anoitecer";"Crescente";"Céu Claro";"Dupla";"Reta";"Sim";2;0;1;0;1;0;1;2;-19,96028203;-44,03533602;"SPRF-MG";"DEL01/MG";"UOP03-DEL01-MG"
764971;2026-04-14;"terça-feira";"09:30:00";"PE";101;43;"ITAPISSUMA";"Ausência de reação do condutor";"Tombamento";"Sem Vítimas";"Pleno dia";"Crescente";"Nublado";"Múltipla";"Reta";"Não";3;0;0;0;3;0;0;3;-7,73231211;-34,94153268;"SPRF-PE";"DEL01/PE";"UOP02-DEL01-PE"
764972;2026-04-01;"quarta-feira";"15:55:00";"SC";282;480,9;"FAXINAL DOS GUEDES";"Ultrapassagem Indevida";"Colisão lateral mesmo sentido";"Com Vítimas Feridas";"Pleno dia";"Decrescente";"Céu Claro";"Simples";"Reta";"Não";2;0;1;0;1;0;1;2;-26,875653;-52,193108;"SPRF-SC";"DEL07/SC";"UOP01-DEL07-SC"
764974;2026-04-14;"terça-feira";"09:30:00";"RJ";116;182;"NOVA IGUACU";"Ausência de reação do condutor";"Colisão lateral mesmo sentido";"Com Vítimas Feridas";"Pleno dia";"Crescente";"Céu Claro";"Simples";"Reta";"Não";2;0;2;0;0;0;2;2;-22,75602613;-43,43387425;"SPRF-RJ";"DEL06/RJ";"UOP01-DEL06-RJ"
764975;2026-04-14;"terça-feira";"09:35:00";"RS";290;92;"PORTO ALEGRE";"Ausência de reação do condutor";"Colisão com objeto";"Com Vítimas Feridas";"Pleno dia";"Crescente";"Céu Claro";"Simples";"Reta";"Sim";2;0;1;0;1;0;1;2;-29,97043661;-51,17800457;"SPRF-RS";"DEL01/RS";"UOP01-DEL01-RS"
764976;2026-04-14;"terça-feira";"07:30:00";"PR";163;194;"SANTA TEREZA DO OESTE";"Ausência de reação do condutor";"Saída de leito carroçável";"Com Vítimas Feridas";"Pleno dia";"Decrescente";"Céu Claro";"Dupla";"Curva";"Não";1;0;1;0;0;0;1;1;-25,11784728;-53,58476132;"SPRF-PR";"DEL05/PR";"UOP05-DEL05-PR"
764977;2026-04-14;"terça-feira";"10:00:00";"PI";343;8,7;"PARNAIBA";"Acessar a via sem observar a presença dos outros veículos";"Colisão transversal";"Com Vítimas Feridas";"Pleno dia";"Crescente";"Nublado";"Simples";"Reta";"Sim";3;0;2;0;1;0;2;2;-2,90041529;-41,73087597;"SPRF-PI";"DEL05-PI";"UOP01-DEL05-PI"
764978;2026-04-10;"sexta-feira";"05:20:00";"RO";435;132;"CEREJEIRAS";"Acessar a via sem observar a presença dos outros veículos";"Colisão transversal";"Com Vítimas Feridas";"Amanhecer";"Crescente";"Céu Claro";"Dupla";"Interseção de Vias";"Sim";2;0;2;0;0;0;2;2;-13,18896576;-60,82075149;"SPRF-RO";"DEL04-RO";"UOP02-DEL04-RO"
764980;2026-03-29;"domingo";"08:30:00";"MG";381;495;"BETIM";"Ausência de reação do condutor";"Colisão com objeto";"Com Vítimas Feridas";"Pleno dia";"Decrescente";"Céu Claro";"Múltipla";"Aclive;Curva";"Sim";2;0;1;0;1;0;1;1;-19,97586413;-44,19811456;"SPRF-MG";"DEL01/MG";"UOP03-DEL01-MG"
764982;2026-04-14;"terça-feira";"07:00:00";"MT";163;686;"LUCAS DO RIO VERDE";"Reação tardia ou ineficiente do condutor";"Colisão lateral mesmo sentido";"Com Vítimas Feridas";"Pleno dia";"Crescente";"Céu Claro";"Dupla";"Rotatória";"Sim";2;0;2;0;0;0;2;2;-13,0796407;-55,93738116;"SPRF-MT";"DEL06/MT";"UOP01-DEL06-MT"
764983;2026-04-14;"terça-feira";"10:30:00";"PR";277;75,1;"SAO JOSE DOS PINHAIS";"Demais falhas mecânicas ou elétricas";"Incêndio";"Com Vítimas Feridas";"Pleno dia";"Crescente";"Nublado";"Dupla";"Reta";"Sim";1;0;1;0;0;0;1;1;-25,49275206;-49,16999817;"SPRF-PR";"DEL01/PR";"UOP08-DEL01-PR"
764986;2026-04-14;"terça-feira";"11:20:00";"PB";230;20,7;"JOAO PESSOA";"Pista Escorregadia";"Tombamento";"Com Vítimas Feridas";"Pleno dia";"Crescente";"Chuva";"Dupla";"Reta";"Sim";2;0;1;0;1;0;1;1;-7,141252;-34,852083;"SPRF-PB";"DEL01-PB";"UOP01-DEL01-PB"
764989;2026-04-14;"terça-feira";"11:30:00";"SC";470;38,7;"GASPAR";"Reação tardia ou ineficiente do condutor";"Colisão traseira";"Com Vítimas Feridas";"Pleno dia";"Crescente";"Nublado";"Dupla";"Reta";"Não";2;0;1;0;1;0;1;2;-26,89921282;-48,98487671;"SPRF-SC";"DEL04/SC";"UOP01-DEL04-SC"
764993;2026-04-14;"terça-feira";"08:15:00";"MG";116;406;"GOVERNADOR VALADARES";"Acessar a via sem observar a presença dos outros veículos";"Colisão transversal";"Com Vítimas Feridas";"Pleno dia";"Crescente";"Céu Claro";"Simples";"Reta";"Não";4;0;0;1;3;0;1;2;-18,823868;-41,986241;"SPRF-MG";"DEL06/MG";"UOP01-DEL06-MG"
764994;2026-03-27;"sexta-feira";"23:15:00";"SP";381;60;"MAIRIPORA";"Reação tardia ou ineficiente do condutor";"Colisão com objeto";"Com Vítimas Feridas";"Plena Noite";"Decrescente";"Céu Claro";"Múltipla";"Curva;Aclive";"Não";3;0;0;1;2;0;1;3;-23,289014;-46,581217;"SPRF-SP";"DEL03/SP";"UOP01-DEL03-SP"
764998;2026-04-14;"terça-feira";"06:54:00";"SC";101;415,9;"ARARANGUA";"Desrespeitar a preferência no cruzamento";"Colisão frontal";"Com Vítimas Feridas";"Pleno dia";"Decrescente";"Céu Claro";"Simples";"Interseção de Vias";"Sim";4;0;1;0;3;0;1;2;-28,97173676;-49,5281988;"SPRF-SC";"DEL02/SC";"UOP02-DEL02-SC"
765000;2026-04-14;"terça-feira";"13:00:00";"RJ";116;178;"MESQUITA";"Ausência de reação do condutor";"Queda de ocupante de veículo";"Com Vítimas Feridas";"Pleno dia";"Crescente";"Céu Claro";"Múltipla";"Reta";"Não";1;0;1;0;0;0;1;1;-22,77583435;-43,40002712;"SPRF-RJ";"DEL06/RJ";"UOP01-DEL06-RJ"
765003;2026-04-10;"sexta-feira";"23:00:00";"PR";369;201;"APUCARANA";"Transitar na contramão";"Colisão frontal";"Com Vítimas Feridas";"Plena Noite";"Crescente";"Céu Claro";"Simples";"Reta";"Sim";2;0;1;0;1;0;1;2;-23,5304227;-51,45182546;"SPRF-PR";"DEL07/PR";"UOP03-DEL07-PR"
765004;2026-04-14;"terça-feira";"12:50:00";"MG";116;276;"TEOFILO OTONI";"Desrespeitar a preferência no cruzamento";"Colisão transversal";"Com Vítimas Feridas";"Pleno dia";"Decrescente";"Céu Claro";"Simples";"Interseção de Vias;Rotatória";"Sim";3;0;1;1;1;0;2;2;-17,851317;-41,514459;"SPRF-MG";"DEL11/MG";"UOP01-DEL11-MG"
765007;2026-04-07;"terça-feira";"06:40:00";"SC";101;199;"SAO JOSE";"Acessar a via sem observar a presença dos outros veículos";"Colisão lateral mesmo sentido";"Com Vítimas Feridas";"Pleno dia";"Crescente";"Chuva";"Dupla";"Reta;Interseção de Vias";"Sim";3;0;2;0;0;1;2;2;-27,53211657;-48,63179362;"SPRF-SC";"DEL01/SC";"UOP01-DEL01-SC"
765008;2026-04-14;"terça-feira";"13:00:00";"SP";381;5;"VARGEM";"Demais falhas mecânicas ou elétricas";"Eventos atípicos";"Com Vítimas Feridas";"Pleno dia";"Crescente";"Céu Claro";"Dupla";"Reta";"Não";2;0;1;0;1;0;1;2;-22,89423;-46,41612;"SPRF-SP";"DEL03/SP";"UOP02-DEL03-SP"
765010;2026-04-14;"terça-feira";"13:25:00";"RJ";101;313;"SAO GONCALO";"Acessar a via sem observar a presença dos outros veículos";"Colisão traseira";"Com Vítimas Feridas";"Pleno dia";"Decrescente";"Céu Claro";"Dupla";"Reta";"Sim";2;0;1;0;1;0;1;2;-22,81106106;-43,07047081;"SPRF-RJ";"DEL02/RJ";"UOP02-DEL02-RJ"
765011;2026-04-14;"terça-feira";"13:45:00";"GO";50;186,4;"CAMPO ALEGRE DE GOIAS";"Condutor Dormindo";"Saída de leito carroçável";"Com Vítimas Feridas";"Pleno dia";"Crescente";"Céu Claro";"Dupla";"Reta";"Não";2;0;2;0;0;0;2;1;-17,464147;-47,810408;"SPRF-GO";"DEL06/GO";"UOP01-DEL06-GO"
765014;2026-04-14;"terça-feira";"13:30:00";"RJ";116;132;"MAGE";"Condutor deixou de manter distância do veículo da frente";"Colisão traseira";"Com Vítimas Feridas";"Pleno dia";"Decrescente";"Céu Claro";"Dupla";"Reta";"Sim";3;0;1;0;2;0;1;2;-22,66539695;-43,0980533;"SPRF-RJ";"DEL04/RJ";"UOP02-DEL04-RJ"
765015;2026-04-14;"terça-feira";"12:25:00";"RO";364;422;"JARU";"Velocidade Incompatível";"Tombamento";"Com Vítimas Feridas";"Pleno dia";"Decrescente";"Sol";"Simples";"Reta";"Sim";1;0;1;0;0;0;1;1;-10,45453667;-62,4592495;"SPRF-RO";"DEL03-RO";"UOP02-DEL03-RO"
765017;2026-04-14;"terça-feira";"14:00:00";"GO";70;8;"AGUAS LINDAS DE GOIAS";"Ausência de reação do condutor";"Colisão traseira";"Com Vítimas Feridas";"Pleno dia";"Decrescente";"Céu Claro";"Múltipla";"Reta";"Sim";2;0;1;0;1;0;1;2;-15,7412435;-48,27054427;"SPRF-DF";"DEL03-DF";"UOP02-DEL03-DF"
765021;2026-04-14;"terça-feira";"13:25:00";"PI";316;35;"TERESINA";"Manobra de mudança de faixa";"Colisão lateral mesmo sentido";"Com Vítimas Feridas";"Pleno dia";"Decrescente";"Sol";"Múltipla";"Reta";"Sim";2;0;0;1;1;0;1;2;-5,26798937;-42,72740211;"SPRF-PI";"DEL01-PI";"UOP02-DEL01-PI"
765023;2026-04-14;"terça-feira";"15:05:00";"GO";70;8;"AGUAS LINDAS DE GOIAS";"Mal súbito do condutor";"Saída de leito carroçável";"Com Vítimas Feridas";"Pleno dia";"Decrescente";"Céu Claro";"Dupla";"Reta";"Sim";2;0;1;0;1;0;1;1;-15,742243;-48,26981;"SPRF-DF";"DEL03-DF";"UOP02-DEL03-DF"
765025;2026-04-14;"terça-feira";"15:25:00";"PB";101;89;"JOAO PESSOA";"Acumulo de óleo sobre o pavimento";"Queda de ocupante de veículo";"Com Vítimas Feridas";"Pleno dia";"Crescente";"Sol";"Dupla";"Retorno Regulamentado";"Sim";1;0;0;1;0;0;1;1;-7,181198;-34,900829;"SPRF-PB";"DEL01-PB";"UOP01-DEL01-PB"
765026;2026-04-14;"terça-feira";"15:30:00";"SC";282;606;"MARAVILHA";"Desrespeitar a preferência no cruzamento";"Colisão transversal";"Com Vítimas Feridas";"Pleno dia";"Crescente";"Céu Claro";"Simples";"Interseção de Vias";"Sim";5;0;1;0;4;0;1;2;-26,77468074;-53,20368355;"SPRF-SC";"DEL07/SC";"UOP02-DEL07-SC"
765027;2026-04-14;"terça-feira";"15:30:00";"PE";101;180,1;"PALMARES";"Condutor Dormindo";"Saída de leito carroçável";"Com Vítimas Feridas";"Pleno dia";"Crescente";"Nublado";"Dupla";"Curva";"Não";1;0;1;0;0;0;1;1;-8,642405;-35,560945;"SPRF-PE";"DEL01/PE";"UOP03-DEL01-PE"
765029;2026-04-02;"quinta-feira";"18:00:00";"BA";324;611;"SIMOES FILHO";"Reação tardia ou ineficiente do condutor";"Colisão traseira";"Com Vítimas Feridas";"Plena Noite";"Decrescente";"Ignorado";"Dupla";"Aclive;Reta";"Não";4;0;1;0;3;0;1;3;-12,84809779;-38,41771809;"SPRF-BA";"DEL01/BA";"UOP01-DEL01-BA"
765030;2026-04-09;"quinta-feira";"08:10:00";"RJ";116;94;"GUAPIMIRIM";"Ultrapassagem Indevida";"Colisão lateral mesmo sentido";"Com Vítimas Feridas";"Pleno dia";"Crescente";"Nublado";"Simples";"Reta";"Não";2;0;1;0;1;0;1;2;-22,46551445;-42,99753106;"SPRF-RJ";"DEL04/RJ";"UOP01-DEL04-RJ"
765033;2026-04-14;"terça-feira";"15:25:00";"PI";316;14,2;"TERESINA";"Transitar na contramão";"Colisão frontal";"Com Vítimas Feridas";"Pleno dia";"Decrescente";"Nublado";"Múltipla";"Reta";"Sim";2;0;1;0;1;0;1;2;-5,222913;-42,751138;"SPRF-PI";"DEL01-PI";"UOP02-DEL01-PI"
765036;2026-04-14;"terça-feira";"15:50:00";"BA";116;831,9;"VITORIA DA CONQUISTA";"Ausência de reação do condutor";"Atropelamento de Pedestre";"Com Vítimas Feridas";"Pleno dia";"Crescente";"Céu Claro";"Simples";"Reta";"Não";2;0;1;0;0;1;1;2;-14,92508303;-40,88358734;"SPRF-BA";"DEL08/BA";"UOP01-DEL08-BA"
765037;2026-04-14;"terça-feira";"15:45:00";"PR";376;177,8;"MARINGA";"Acumulo de areia ou detritos sobre o pavimento";"Colisão traseira";"Com Vítimas Feridas";"Pleno dia";"Crescente";"Céu Claro";"Múltipla";"Reta;Em Obras";"Sim";3;0;0;1;1;1;1;3;-23,4142442;-51,9278398;"SPRF-PR";"DEL09/PR";"UOP01-DEL09-PR"