"id";"data_inversa";"dia_semana";"horario";"uf";"br";"km";"municipio";"causa_acidente";"tipo_acidente";"classificacao_acidente";"fase_dia";"sentido_via";"condicao_metereologica";"tipo_pista";"tracado_via";"uso_solo";"pessoas";"mortos";"feridos_leves";"feridos_graves";"ilesos";"ignorados";"feridos";"veiculos";"latitude";"longitude";"regional";"delegacia";"uop"
765177;2026-04-15;"quarta-feira";"08:15:00";"SC";282;18,5;"PALHOCA";"Conversão proibida";"Colisão transversal";"Com Vítimas Feridas";"Pleno dia";"Decrescente";"Céu Claro";"Simples";"Reta";"Sim";3;0;0;2;1;0;2;2;-27,67538;-48,697176;"SPRF-SC";"DEL01/SC";"UOP02-DEL01-SC"
765178;2026-04-14;"terça-feira";"19:20:00";"MS";163;446,6;"CAMPO GRANDE";"Ausência de reação do condutor";"Atropelamento de Pedestre";"Com Vítimas Fatais";"Plena Noite";"Crescente";"Céu Claro";"Simples";"Reta";"Não";2;1;0;0;1;0;0;2;-20,754571;-54,532462;"SPRF-MS";"DEL01/MS";"UOP01-DEL01-MS"
765179;2026-04-15;"quarta-feira";"06:20:00";"MA";316;589,2;"CAXIAS";"Pedestre andava na pista";"Atropelamento de Pedestre";"Com Vítimas Fatais";"Pleno dia";"Crescente";"Céu Claro";"Simples";"Declive";"Não";4;1;0;0;2;1;0;2;-4,995436;-43,047487;"SPRF-MA";"DEL03-MA";"UOP02-DEL03-MA"
765181;2026-04-15;"quarta-feira";"08:30:00";"RS";116;252;"SAPUCAIA DO SUL";"Trafegar com motocicleta (ou similar) entre as faixas";"Colisão traseira";"Com Vítimas Feridas";"Pleno dia";"Decrescente";"Céu Claro";"Múltipla";"Declive;Reta";"Sim";2;0;1;0;1;0;1;2;-29,81439152;-51,16902206;"SPRF-RS";"DEL01/RS";"UOP02-DEL01-RS"
765182;2026-04-15;"quarta-feira";"09:00:00";"RS";290;96;"PORTO ALEGRE";"Condutor deixou de manter distância do veículo da frente";"Colisão traseira";"Com Vítimas Feridas";"Pleno dia";"Crescente";"Nublado";"Dupla";"Reta";"Não";3;0;3;0;0;0;3;2;-29,99156811;-51,20460618;"SPRF-RS";"DEL01/RS";"UOP01-DEL01-RS"
765186;2026-04-15;"quarta-feira";"08:45:00";"AL";316;262;"SATUBA";"Reação tardia ou ineficiente do condutor";"Engavetamento";"Sem Vítimas";"Pleno dia";"Crescente";"Céu Claro";"Simples";"Reta;Em Obras";"Não";9;0;0;0;9;0;0;3;-9,5884;-35,88443;"SPRF-AL";"DEL02-AL";"UOP01-DEL02-AL"
765187;2026-04-15;"quarta-feira";"09:10:00";"MG";40;565,7;"NOVA LIMA";"Avarias e/ou desgaste excessivo no pneu";"Saída de leito carroçável";"Sem Vítimas";"Pleno dia";"Decrescente";"Céu Claro";"Simples";"Reta;Declive";"Não";1;0;0;0;1;0;0;1;-20,170332;-43,96551;"SPRF-MG";"DEL01/MG";"UOP02-DEL01-MG"
765189;2026-04-15;"quarta-feira";"09:10:00";"SC";282;223,1;"LAGES";"Ausência de reação do condutor";"Colisão traseira";"Sem Vítimas";"Pleno dia";"Decrescente";"Nublado";"Simples";"Reta";"Sim";2;0;0;0;2;0;0;2;-27,79942634;-50,36439443;"SPRF-SC";"DEL05/SC";"UOP01-DEL05-SC"
765190;2026-04-14;"terça-feira";"19:45:00";"MG";365;750;"ITUIUTABA";"Ingestão de álcool pelo condutor";"Colisão com objeto";"Sem Vítimas";"Plena Noite";"Decrescente";"Céu Claro";"Dupla";"Reta";"Sim";1;0;0;0;1;0;0;1;-18,96474035;-49,48173523;"SPRF-MG";"DEL15/MG";"UOP03-DEL15-MG"
765191;2026-04-15;"quarta-feira";"08:00:00";"MS";60;371;"CAMPO GRANDE";"Reação tardia ou ineficiente do condutor";"Colisão traseira";"Com Vítimas Feridas";"Pleno dia";"Crescente";"Céu Claro";"Dupla";"Reta";"Não";3;0;2;0;1;0;2;2;-20,57606855;-54,70564155;"SPRF-MS";"DEL01/MS";"UOP04-DEL01-MS"
765193;2026-04-15;"quarta-feira";"09:00:00";"PR";369;126;"JATAIZINHO";"Velocidade Incompatível";"Colisão com objeto";"Com Vítimas Feridas";"Pleno dia";"Crescente";"Sol";"Dupla";"Reta";"Sim";1;0;0;1;0;0;1;1;-23,27912184;-50,96015308;"SPRF-PR";"DEL07/PR";"UOP05-DEL07-PR"
765194;2026-04-15;"quarta-feira";"08:42:00";"RO";364;15;"VILHENA";"Desrespeitar a preferência no cruzamento";"Colisão transversal";"Com Vítimas Feridas";"Pleno dia";"Decrescente";"Céu Claro";"Simples";"Interseção de Vias";"Não";2;0;1;0;1;0;1;2;-12,7373058;-60,1472575;"SPRF-RO";"DEL04-RO";"UOP01-DEL04-RO"
765195;2026-04-15;"quarta-feira";"08:00:00";"MT";70;667;"CACERES";"Acesso irregular";"Colisão transversal";"Com Vítimas Feridas";"Pleno dia";"Crescente";"Céu Claro";"Simples";"Reta";"Não";2;0;2;0;0;0;2;2;-16,094812;-57,29055;"SPRF-MT";"DEL03/MT";"UOP02-DEL03-MT"
765197;2026-04-15;"quarta-feira";"08:00:00";"RJ";101;528;"ANGRA DOS REIS";"Acessar a via sem observar a presença dos outros veículos";"Colisão traseira";"Com Vítimas Feridas";"Pleno dia";"Crescente";"Céu Claro";"Dupla";"Reta";"Sim";3;0;2;0;1;0;2;2;-23,02535;-44,50284;"SPRF-RJ";"DEL03/RJ";"UOP03-DEL03-RJ"
765200;2026-04-15;"quarta-feira";"10:18:00";"PI";343;2,6;"TERESINA";"Reação tardia ou ineficiente do condutor";"Colisão traseira";"Com Vítimas Feridas";"Pleno dia";"Crescente";"Céu Claro";"Dupla";"Reta";"Sim";3;0;1;1;1;0;2;2;-5,081222;-42,773233;"SPRF-PI";"DEL01-PI";"UOP01-DEL01-PI"
765202;2026-04-01;"quarta-feira";"16:20:00";"DF";70;2;"BRASILIA";"Manobra de mudança de faixa";"Colisão traseira";"Com Vítimas Feridas";"Pleno dia";"Crescente";"Nublado";"Dupla";"Reta";"Não";4;0;1;0;3;0;1;3;-15,79721;-48,070467;"SPRF-DF";"DEL03-DF";"UOP02-DEL03-DF"
765203;2026-04-15;"quarta-feira";"10:50:00";"MG";40;519;"CONTAGEM";"Reação tardia ou ineficiente do condutor";"Colisão traseira";"Com Vítimas Feridas";"Pleno dia";"Crescente";"Céu Claro";"Dupla";"Reta";"Sim";2;0;1;0;1;0;1;2;-19,835358;-44,080315;"SPRF-MG";"DEL01/MG";"UOP02-DEL01-MG"
765206;2026-03-26;"quinta-feira";"23:00:00";"BA";324;620;"SALVADOR";"Reação tardia ou ineficiente do condutor";"Colisão traseira";"Com Vítimas Feridas";"Plena Noite";"Decrescente";"Chuva";"Dupla";"Reta";"Sim";3;0;1;1;1;0;2;2;-12,91593277;-38,46146375;"SPRF-BA";"DEL01/BA";"UOP01-DEL01-BA"
765208;2026-04-04;"sábado";"18:00:00";"PA";230;111;"MARABA";"Ausência de reação do condutor";"Colisão lateral mesmo sentido";"Com Vítimas Feridas";"Anoitecer";"Crescente";"Nublado";"Simples";"Reta";"Não";4;0;1;0;3;0;1;2;-5,371072;-49,041742;"SPRF-PA";"DEL03/PA";"UOP01-DEL03-PA"
765209;2026-04-15;"quarta-feira";"11:15:00";"PB";104;112,7;"LAGOA SECA";"Ausência de reação do condutor";"Colisão traseira";"Com Vítimas Feridas";"Pleno dia";"Crescente";"Sol";"Simples";"Reta";"Sim";2;0;1;0;1;0;1;2;-7,15088;-35,853434;"SPRF-PB";"DEL02-PB";"UOP04-DEL02-PB"
765210;2026-04-15;"quarta-feira";"11:00:00";"RN";101;97;"NATAL";"Condutor deixou de manter distância do veículo da frente";"Colisão traseira";"Sem Vítimas";"Pleno dia";"Crescente";"Garoa/Chuvisco";"Múltipla";"Reta";"Sim";4;0;0;0;4;0;0;2;-5,8613984;-35,2140039;"SPRF-RN";"DEL01-RN";"UOP01-DEL01-RN"
765211;2026-04-15;"quarta-feira";"11:15:00";"PR";376;189,4;"MARIALVA";"Ingestão de substâncias psicoativas pelo condutor";"Colisão traseira";"Sem Vítimas";"Pleno dia";"Decrescente";"Céu Claro";"Dupla";"Reta";"Não";2;0;0;0;2;0;0;2;-23,46898839;-51,82337729;"SPRF-PR";"DEL09/PR";"UOP01-DEL09-PR"
765213;2026-04-03;"sexta-feira";"01:30:00";"RJ";101;66,3;"CAMPOS DOS GOYTACAZES";"Ausência de reação do condutor";"Queda de ocupante de veículo";"Com Vítimas Feridas";"Plena Noite";"Decrescente";"Céu Claro";"Dupla";"Reta";"Sim";2;0;1;0;1;0;1;1;-21,75816;-41,34816;"SPRF-RJ";"DEL08/RJ";"UOP02-DEL08-RJ"
765214;2026-04-15;"quarta-feira";"11:30:00";"PE";101;77;"RECIFE";"Acessar a via sem observar a presença dos outros veículos";"Colisão transversal";"Com Vítimas Feridas";"Pleno dia";"Crescente";"Céu Claro";"Dupla";"Reta";"Sim";2;0;1;0;1;0;1;2;-8,13033;-34,946334;"SPRF-PE";"DEL01/PE";"UOP01-DEL01-PE"
765216;2026-04-15;"quarta-feira";"11:33:00";"TO";153;140,5;"ARAGUAINA";"Acessar a via sem observar a presença dos outros veículos";"Colisão transversal";"Com Vítimas Feridas";"Pleno dia";"Crescente";"Céu Claro";"Dupla";"Reta;Rotatória";"Não";2;0;0;1;1;0;1;2;-7,17309;-48,216443;"SPRF-TO";"DEL02-TO";"UOP01-DEL02-TO"
765219;2026-04-15;"quarta-feira";"11:30:00";"SE";235;33,5;"AREIA BRANCA";"Condutor deixou de manter distância do veículo da frente";"Colisão traseira";"Com Vítimas Feridas";"Pleno dia";"Crescente";"Céu Claro";"Simples";"Reta";"Sim";3;0;0;1;2;0;1;3;-10,76250584;-37,30507493;"SPRF-SE";"DEL01-SE";"UOP02-DEL01-SE"
765220;2026-04-15;"quarta-feira";"11:00:00";"PR";476;105;"COLOMBO";"Animais na Pista";"Saída de leito carroçável";"Com Vítimas Feridas";"Pleno dia";"Decrescente";"Céu Claro";"Simples";"Reta";"Não";1;0;1;0;0;0;1;1;-25,27896198;-49,14046575;"SPRF-PR";"DEL01/PR";"UOP01-DEL01-PR"
765224;2026-03-30;"segunda-feira";"19:00:00";"PE";101;86;"JABOATAO DOS GUARARAPES";"Manobra de mudança de faixa";"Colisão transversal";"Com Vítimas Feridas";"Plena Noite";"Decrescente";"Chuva";"Dupla";"Reta";"Sim";2;0;0;1;1;0;1;2;-8,18472;-34,96814;"SPRF-PE";"DEL01/PE";"UOP01-DEL01-PE"
765225;2026-04-15;"quarta-feira";"12:50:00";"SP";116;295;"ITAPECERICA DA SERRA";"Ausência de reação do condutor";"Atropelamento de Pedestre";"Com Vítimas Feridas";"Pleno dia";"Decrescente";"Sol";"Dupla";"Reta";"Sim";2;0;2;0;0;0;2;2;-23,75859083;-46,90295247;"SPRF-SP";"DEL04/SP";"UOP01-DEL04-SP"
765227;2026-04-15;"quarta-feira";"13:30:00";"SP";116;302;"SAO LOURENCO DA SERRA";"Trafegar com motocicleta (ou similar) entre as faixas";"Colisão traseira";"Com Vítimas Feridas";"Pleno dia";"Decrescente";"Céu Claro";"Dupla";"Reta";"Não";2;0;1;0;1;0;1;2;-23,8122016;-46,9229041;"SPRF-SP";"DEL04/SP";"UOP01-DEL04-SP"
765230;2026-04-15;"quarta-feira";"14:00:00";"MG";40;618;"CONGONHAS";"Acessar a via sem observar a presença dos outros veículos";"Colisão transversal";"Com Vítimas Feridas";"Pleno dia";"Crescente";"Sol";"Simples";"Interseção de Vias";"Sim";2;0;1;0;1;0;1;2;-20,55677107;-43,81426745;"SPRF-MG";"DEL05/MG";"UOP02-DEL05-MG"
765231;2026-04-15;"quarta-feira";"13:15:00";"RS";290;63;"GRAVATAI";"Demais falhas mecânicas ou elétricas";"Tombamento";"Com Vítimas Feridas";"Pleno dia";"Decrescente";"Sol";"Dupla";"Reta";"Não";1;0;1;0;0;0;1;1;-29,930236;-50,872961;"SPRF-RS";"DEL03/RS";"UOP01-DEL03-RS"
765232;2026-03-05;"quinta-feira";"12:33:00";"PR";369;157;"LONDRINA";"Manobra de mudança de faixa";"Colisão lateral mesmo sentido";"Com Vítimas Feridas";"Pleno dia";"Crescente";"Céu Claro";"Dupla";"Reta";"Sim";3;0;2;0;0;1;2;2;-23,28808257;-51,22516958;"SPRF-PR";"DEL07/PR";"UOP01-DEL07-PR"
765233;2026-04-15;"quarta-feira";"08:00:00";"BA";242;524;"OLIVEIRA DOS BREJINHOS";"Afundamento ou ondulação no pavimento";"Eventos atípicos";"Com Vítimas Feridas";"Pleno dia";"Crescente";"Sol";"Simples";"Reta";"Não";2;0;2;0;0;0;2;1;-12,29531;-42,64815;"SPRF-BA";"DEL06/BA";"UOP01-DEL06-BA"
765234;2026-04-15;"quarta-feira";"11:50:00";"BA";242;198;"ITABERABA";"Animais na Pista";"Atropelamento de Animal";"Sem Vítimas";"Pleno dia";"Crescente";"Céu Claro";"Simples";"Reta";"Não";1;0;0;0;1;0;0;1;-12,52056469;-39,96000767;"SPRF-BA";"DEL06/BA";"UOP02-DEL06-BA"
765236;2026-04-15;"quarta-feira";"14:20:00";"PR";376;246;"APUCARANA";"Reação tardia ou ineficiente do condutor";"Colisão com objeto";"Com Vítimas Feridas";"Pleno dia";"Crescente";"Céu Claro";"Dupla";"Retorno Regulamentado;Declive;Curva";"Não";4;0;1;0;3;0;1;1;-23,591877;-51,411158;"SPRF-PR";"DEL07/PR";"UOP03-DEL07-PR"
765237;2026-04-15;"quarta-feira";"14:40:00";"PE";423;73;"JUPI";"Acessar a via sem observar a presença dos outros veículos";"Colisão transversal";"Com Vítimas Feridas";"Pleno dia";"Crescente";"Céu Claro";"Simples";"Reta";"Sim";2;0;1;1;0;0;2;2;-8,714067;-36,421093;"SPRF-PE";"DEL03/PE";"UOP01-DEL03-PE"
765242;2026-04-15;"quarta-feira";"15:00:00";"RJ";40;112;"DUQUE DE CAXIAS";"Reação tardia ou ineficiente do condutor";"Colisão traseira";"Com Vítimas Feridas";"Pleno dia";"Crescente";"Céu Claro";"Dupla";"Reta";"Sim";2;0;1;0;1;0;1;2;-22,6997726;-43,289798;"SPRF-RJ";"DEL01/RJ";"UOP02-DEL01-RJ"
765243;2026-03-28;"sábado";"23:00:00";"MA";230;407,9;"BALSAS";"Animais na Pista";"Atropelamento de Animal";"Com Vítimas Feridas";"Plena Noite";"Crescente";"Céu Claro";"Simples";"Reta";"Não";2;0;1;1;0;0;2;1;-7,516248;-46,075238;"SPRF-MA";"DEL05-MA";"UOP01-DEL05-MA"
765245;2026-04-15;"quarta-feira";"15:00:00";"SP";101;15;"UBATUBA";"Acessar a via sem observar a presença dos outros veículos";"Colisão transversal";"Com Vítimas Feridas";"Pleno dia";"Decrescente";"Céu Claro";"Simples";"Reta";"Não";2;0;1;0;1;0;1;2;-23,33375657;-44,88118299;"SPRF-SP";"DEL06/SP";"UOP01-DEL06-SP"
765247;2026-04-15;"quarta-feira";"10:30:00";"MS";267;480,8;"JARDIM";"Acessar a via sem observar a presença dos outros veículos";"Colisão transversal";"Sem Vítimas";"Pleno dia";"Decrescente";"Céu Claro";"Simples";"Declive;Reta;Interseção de Vias";"Sim";2;0;0;0;2;0;0;2;-21,47952739;-56,13932206;"SPRF-MS";"DEL05/MS";"UOP01-DEL05-MS"
765248;2026-04-15;"quarta-feira";"10:32:00";"RR";174;684;"PACARAIMA";"Ausência de reação do condutor";"Saída de leito carroçável";"Sem Vítimas";"Pleno dia";"Decrescente";"Céu Claro";"Simples";"Reta";"Não";1;0;0;0;0;1;0;1;4,29681;-61,07836;"SPRF-RR";"DEL01-RR";"UOP03-DEL01-RR"
765249;2026-04-15;"quarta-feira";"14:10:00";"RO";364;472;"ARIQUEMES";"Reação tardia ou ineficiente do condutor";"Saída de leito carroçável";"Com Vítimas Feridas";"Pleno dia";"Crescente";"Chuva";"Simples";"Reta";"Não";1;0;1;0;0;0;1;1;-10,18614;-62,813153;"SPRF-RO";"DEL03-RO";"UOP01-DEL03-RO"
765250;2026-04-15;"quarta-feira";"14:10:00";"RJ";40;112;"DUQUE DE CAXIAS";"Reação tardia ou ineficiente do condutor";"Colisão traseira";"Com Vítimas Feridas";"Pleno dia";"Crescente";"Céu Claro";"Simples";"Reta";"Sim";4;0;1;0;3;0;1;3;-22,69923604;-43,28992586;"SPRF-RJ";"DEL01/RJ";"UOP02-DEL01-RJ"
765251;2026-04-15;"quarta-feira";"16:15:00";"MG";381;484;"BETIM";"Manobra de mudança de faixa";"Colisão traseira";"Com Vítimas Feridas";"Pleno dia";"Decrescente";"Céu Claro";"Dupla";"Reta";"Sim";2;0;1;0;1;0;1;2;-19,959;-44,091;"SPRF-MG";"DEL01/MG";"UOP03-DEL01-MG"
765252;2026-04-15;"quarta-feira";"16:05:00";"CE";222;302,5;"TIANGUA";"Pista Escorregadia";"Queda de ocupante de veículo";"Com Vítimas Feridas";"Pleno dia";"Decrescente";"Garoa/Chuvisco";"Simples";"Curva";"Não";1;0;1;0;0;0;1;1;-3,668625;-40,956833;"SPRF-CE";"DEL04/CE";"UOP02-DEL04-CE"
765255;2026-04-15;"quarta-feira";"16:50:00";"SP";116;292,5;"ITAPECERICA DA SERRA";"Ausência de reação do condutor";"Colisão lateral mesmo sentido";"Com Vítimas Feridas";"Pleno dia";"Decrescente";"Sol";"Dupla";"Reta";"Sim";2;0;1;0;0;1;1;2;-23,7366365;-46,89595755;"SPRF-SP";"DEL04/SP";"UOP01-DEL04-SP"
765256;2026-04-15;"quarta-feira";"16:00:00";"RN";304;304;"PARNAMIRIM";"Acessar a via sem observar a presença dos outros veículos";"Colisão traseira";"Com Vítimas Feridas";"Pleno dia";"Crescente";"Céu Claro";"Dupla";"Reta";"Não";3;0;1;0;2;0;1;2;-5,8859215;-35,2799572;"SPRF-RN";"DEL01-RN";"UOP02-DEL01-RN"
765258;2026-04-15;"quarta-feira";"11:15:00";"RO";364;421;"JARU";"Reação tardia ou ineficiente do condutor";"Tombamento";"Com Vítimas Feridas";"Pleno dia";"Crescente";"Sol";"Simples";"Reta;Interseção de Vias";"Não";2;0;0;2;0;0;2;2;-10,4628054;-62,4537845;"SPRF-RO";"DEL03-RO";"UOP02-DEL03-RO"
765259;2026-04-15;"quarta-feira";"16:45:00";"RS";290;104;"ELDORADO DO SUL";"Reação tardia ou ineficiente do condutor";"Colisão traseira";"Com Vítimas Feridas";"Anoitecer";"Decrescente";"Céu Claro";"Dupla";"Reta";"Não";3;0;2;0;1;0;2;3;-29,99223859;-51,27189986;"SPRF-RS";"DEL02/RS";"UOP01-DEL02-RS"
765260;2026-04-15;"quarta-feira";"16:50:00";"MG";116;529,9;"CARATINGA";"Ausência de reação do condutor";"Colisão transversal";"Com Vítimas Feridas";"Pleno dia";"Crescente";"Céu Claro";"Simples";"Reta";"Sim";2;0;1;0;1;0;1;2;-19,80414537;-42,13579327;"SPRF-MG";"DEL06/MG";"UOP02-DEL06-MG"
765261;2026-04-15;"quarta-feira";"16:00:00";"RJ";116;115;"MAGE";"Reação tardia ou ineficiente do condutor";"Saída de leito carroçável";"Com Vítimas Feridas";"Pleno dia";"Decrescente";"Céu Claro";"Dupla";"Reta";"Não";2;0;1;0;1;0;1;1;-22,653518;-43,157351;"SPRF-RJ";"DEL04/RJ";"UOP02-DEL04-RJ"
765262;2026-04-15;"quarta-feira";"17:15:00";"SC";101;204,4;"SAO JOSE";"Ausência de reação do condutor";"Colisão traseira";"Com Vítimas Feridas";"Pleno dia";"Crescente";"Céu Claro";"Simples";"Reta";"Sim";2;0;1;0;1;0;1;2;-27,57831;-48,61375;"SPRF-SC";"DEL01/SC";"UOP01-DEL01-SC"
765265;2026-04-15;"quarta-feira";"17:25:00";"PR";376;4,8;"APUCARANA";"Acessar a via sem observar a presença dos outros veículos";"Colisão transversal";"Com Vítimas Feridas";"Pleno dia";"Crescente";"Céu Claro";"Dupla";"Reta;Interseção de Vias";"Sim";2;0;1;0;1;0;1;2;-23,55069061;-51,44940376;"SPRF-PR";"DEL07/PR";"UOP03-DEL07-PR"
765266;2026-04-15;"quarta-feira";"15:00:00";"MG";354;746,1;"POUSO ALTO";"Pista esburacada";"Tombamento";"Com Vítimas Feridas";"Pleno dia";"Decrescente";"Sol";"Simples";"Reta";"Sim";2;0;0;1;0;1;1;2;-22,25601715;-44,92646277;"SPRF-MG";"DEL17/MG";"UOP01-DEL17-MG"
765267;2026-04-15;"quarta-feira";"17:44:00";"MG";381;485;"BETIM";"Condutor deixou de manter distância do veículo da frente";"Colisão traseira";"Sem Vítimas";"Anoitecer";"Decrescente";"Céu Claro";"Múltipla";"Reta";"Não";2;0;0;0;2;0;0;2;-19,95712;-44,093398;"SPRF-MG";"DEL01/MG";"UOP03-DEL01-MG"
765269;2026-01-03;"sábado";"08:30:00";"MG";153;150;"COMENDADOR GOMES";"Chuva";"Tombamento";"Com Vítimas Feridas";"Pleno dia";"Decrescente";"Chuva";"Simples";"Curva";"Não";3;0;2;0;1;0;2;1;-19,64121;-48,86236;"SPRF-MG";"DEL13/MG";"UOP02-DEL13-MG"
765270;2026-04-15;"quarta-feira";"17:10:00";"DF";70;5,6;"BRASILIA";"Acessar a via sem observar a presença dos outros veículos";"Colisão transversal";"Com Vítimas Feridas";"Anoitecer";"Crescente";"Céu Claro";"Dupla";"Reta";"Sim";3;0;2;0;1;0;2;2;-15,79144548;-48,10522841;"SPRF-DF";"DEL03-DF";"UOP02-DEL03-DF"
765272;2026-04-15;"quarta-feira";"18:01:00";"SC";101;215,1;"PALHOCA";"Trafegar com motocicleta (ou similar) entre as faixas";"Colisão lateral mesmo sentido";"Com Vítimas Feridas";"Anoitecer";"Decrescente";"Céu Claro";"Dupla";"Reta";"Sim";4;0;2;0;2;0;2;3;-27,65206;-48,67588;"SPRF-SC";"DEL01/SC";"UOP02-DEL01-SC"
765273;2026-04-15;"quarta-feira";"14:00:00";"BA";367;72,9;"PORTO SEGURO";"Velocidade Incompatível";"Saída de leito carroçável";"Com Vítimas Feridas";"Pleno dia";"Decrescente";"Céu Claro";"Simples";"Reta;Ponte";"Não";1;0;0;1;0;0;1;1;-16,384574;-39,48868;"SPRF-BA";"DEL09/BA";"UOP03-DEL09-BA"
765275;2026-04-15;"quarta-feira";"16:00:00";"BA";415;47,5;"ITABUNA";"Ultrapassagem Indevida";"Colisão transversal";"Com Vítimas Feridas";"Pleno dia";"Crescente";"Céu Claro";"Simples";"Reta";"Sim";2;0;1;0;1;0;1;2;-14,81621348;-39,29960758;"SPRF-BA";"DEL05/BA";"UOP01-DEL05-BA"
765276;2026-04-15;"quarta-feira";"17:00:00";"RJ";101;491;"ANGRA DOS REIS";"Acessar a via sem observar a presença dos outros veículos";"Colisão frontal";"Com Vítimas Feridas";"Anoitecer";"Crescente";"Ignorado";"Simples";"Reta;Interseção de Vias";"Sim";3;0;1;0;2;0;1;2;-22,98994307;-44,2420927;"SPRF-RJ";"DEL03/RJ";"UOP03-DEL03-RJ"
765279;2026-04-15;"quarta-feira";"18:15:00";"PB";230;28;"JOAO PESSOA";"Transtornos Mentais (exceto suicidio)";"Tombamento";"Com Vítimas Feridas";"Plena Noite";"Decrescente";"Céu Claro";"Dupla";"Reta";"Sim";2;0;1;0;1;0;1;1;-7,16511296;-34,89331339;"SPRF-PB";"DEL01-PB";"UOP01-DEL01-PB"
765280;2026-04-15;"quarta-feira";"18:00:00";"RN";406;171;"SAO GONCALO DO AMARANTE";"Condutor deixou de manter distância do veículo da frente";"Colisão traseira";"Com Vítimas Feridas";"Plena Noite";"Crescente";"Céu Claro";"Dupla";"Reta";"Sim";5;0;2;0;3;0;2;2;-5,76249;-35,289108;"SPRF-RN";"DEL02-RN";"UOP01-DEL02-RN"
765281;2026-04-15;"quarta-feira";"18:13:00";"RN";101;109;"PARNAMIRIM";"Ausência de reação do condutor";"Queda de ocupante de veículo";"Com Vítimas Feridas";"Plena Noite";"Decrescente";"Céu Claro";"Dupla";"Reta;Declive";"Sim";1;0;1;0;0;0;1;1;-5,93538877;-35,26458828;"SPRF-RN";"DEL01-RN";"UOP01-DEL01-RN"
765282;2026-04-15;"quarta-feira";"18:22:00";"ES";101;69,1;"SAO MATEUS";"Ausência de reação do condutor";"Queda de ocupante de veículo";"Com Vítimas Feridas";"Plena Noite";"Decrescente";"Céu Claro";"Simples";"Reta";"Não";1;0;1;0;0;0;1;1;-18,73630675;-39,86083673;"SPRF-ES";"DEL04-ES";"UOP02-DEL04-ES"
765283;2026-04-15;"quarta-feira";"16:59:00";"ES";101;94,6;"JAGUARE";"Acessar a via sem observar a presença dos outros veículos";"Colisão transversal";"Com Vítimas Feridas";"Anoitecer";"Crescente";"Céu Claro";"Simples";"Reta";"Sim";2;0;1;0;1;0;1;2;-18,93617561;-39,97437481;"SPRF-ES";"DEL04-ES";"UOP02-DEL04-ES"
765285;2026-04-15;"quarta-feira";"18:30:00";"GO";414;437;"ANAPOLIS";"Acesso irregular";"Colisão transversal";"Com Vítimas Feridas";"Plena Noite";"Decrescente";"Céu Claro";"Simples";"Reta";"Sim";2;0;1;0;1;0;1;2;-16,256376;-48,936504;"SPRF-GO";"DEL02/GO";"UOP01-DEL02-GO"
765286;2026-04-15;"quarta-feira";"18:44:00";"MG";381;486;"BETIM";"Ausência de reação do condutor";"Colisão traseira";"Com Vítimas Feridas";"Anoitecer";"Decrescente";"Céu Claro";"Dupla";"Reta;Declive";"Sim";2;0;1;0;1;0;1;2;-19,9561366;-44,1053932;"SPRF-MG";"DEL01/MG";"UOP03-DEL01-MG"
765289;2026-04-15;"quarta-feira";"17:44:00";"ES";101;143,5;"LINHARES";"Condutor deixou de manter distância do veículo da frente";"Colisão traseira";"Com Vítimas Feridas";"Anoitecer";"Decrescente";"Céu Claro";"Simples";"Reta";"Não";2;0;0;1;1;0;1;2;-19,35046741;-40,06330526;"SPRF-ES";"DEL04-ES";"UOP01-DEL04-ES"
765291;2026-04-15;"quarta-feira";"18:10:00";"PB";230;11;"CABEDELO";"Acumulo de areia ou detritos sobre o pavimento";"Tombamento";"Com Vítimas Feridas";"Plena Noite";"Crescente";"Céu Claro";"Dupla";"Reta";"Sim";2;0;1;0;0;1;1;1;-7,04676467;-34,84803021;"SPRF-PB";"DEL01-PB";"UOP01-DEL01-PB"
765293;2026-04-15;"quarta-feira";"18:30:00";"DF";20;15,1;"BRASILIA";"Manobra de mudança de faixa";"Colisão lateral mesmo sentido";"Com Vítimas Feridas";"Plena Noite";"Crescente";"Céu Claro";"Dupla";"Reta";"Sim";2;0;1;0;1;0;1;2;-15,62901;-47,730806;"SPRF-DF";"DEL02-DF";"UOP01-DEL02-DF"
765294;2026-04-15;"quarta-feira";"17:05:00";"MS";163;269;"DOURADOS";"Ausência de reação do condutor";"Colisão traseira";"Com Vítimas Feridas";"Amanhecer";"Crescente";"Chuva";"Dupla";"Reta";"Não";2;0;0;1;1;0;1;2;-22,205609;-54,706266;"SPRF-MS";"DEL04/MS";"UOP01-DEL04-MS"
765297;2026-04-15;"quarta-feira";"17:12:00";"RO";364;14;"VILHENA";"Desrespeitar a preferência no cruzamento";"Colisão lateral mesmo sentido";"Com Vítimas Feridas";"Anoitecer";"Decrescente";"Céu Claro";"Simples";"Interseção de Vias";"Sim";2;0;1;0;1;0;1;2;-12,73930061;-60,13954338;"SPRF-RO";"DEL04-RO";"UOP01-DEL04-RO"
765298;2026-04-15;"quarta-feira";"08:30:00";"SC";101;272,8;"PAULO LOPES";"Acumulo de óleo sobre o pavimento";"Queda de ocupante de veículo";"Com Vítimas Feridas";"Pleno dia";"Crescente";"Céu Claro";"Simples";"Curva";"Sim";1;0;0;1;0;0;1;1;-28,07719165;-48,71222137;"SPRF-SC";"DEL02/SC";"UOP03-DEL02-SC"