"id";"data_inversa";"dia_semana";"horario";"uf";"br";"km";"municipio";"causa_acidente";"tipo_acidente";"classificacao_acidente";"fase_dia";"sentido_via";"condicao_metereologica";"tipo_pista";"tracado_via";"uso_solo";"pessoas";"mortos";"feridos_leves";"feridos_graves";"ilesos";"ignorados";"feridos";"veiculos";"latitude";"longitude";"regional";"delegacia";"uop"
765422;2026-04-16;"quinta-feira";"13:25:00";"SC";101;125;"ITAJAI";"Condutor usando celular";"Engavetamento";"Sem Vítimas";"Pleno dia";"Decrescente";"Céu Claro";"Múltipla";"Reta";"Sim";4;0;0;0;4;0;0;4;-26,9424303;-48,6930217;"SPRF-SC";"DEL04/SC";"UOP04-DEL04-SC"
765423;2026-04-16;"quinta-feira";"11:20:00";"RS";116;153,5;"CAXIAS DO SUL";"Reação tardia ou ineficiente do condutor";"Colisão lateral mesmo sentido";"Com Vítimas Feridas";"Pleno dia";"Crescente";"Céu Claro";"Dupla";"Rotatória";"Sim";2;0;1;0;1;0;1;2;-29,187783;-51,182388;"SPRF-RS";"DEL05/RS";"UOP01-DEL05-RS"
765424;2026-04-16;"quinta-feira";"13:40:00";"PB";230;13;"CABEDELO";"Reação tardia ou ineficiente do condutor";"Colisão lateral mesmo sentido";"Com Vítimas Feridas";"Pleno dia";"Decrescente";"Céu Claro";"Dupla";"Reta";"Sim";1;0;0;1;0;0;1;1;-7,08305;-34,848742;"SPRF-PB";"DEL01-PB";"UOP01-DEL01-PB"
765425;2026-04-16;"quinta-feira";"12:55:00";"PR";277;592;"CASCAVEL";"Acessar a via sem observar a presença dos outros veículos";"Colisão transversal";"Com Vítimas Feridas";"Pleno dia";"Decrescente";"Nublado";"Simples";"Aclive";"Sim";2;0;1;0;1;0;1;2;-24,97882003;-53,4495683;"SPRF-PR";"DEL04/PR";"UOP01-DEL04-PR"
765426;2026-04-16;"quinta-feira";"12:35:00";"BA";101;501;"ITAJUIPE";"Ausência de reação do condutor";"Colisão traseira";"Com Vítimas Feridas";"Pleno dia";"Crescente";"Céu Claro";"Simples";"Aclive";"Não";2;0;1;0;1;0;1;2;-14,694365;-39,365199;"SPRF-BA";"DEL05/BA";"UOP01-DEL05-BA"
765427;2026-04-16;"quinta-feira";"14:25:00";"GO";153;516;"APARECIDA DE GOIANIA";"Condutor deixou de manter distância do veículo da frente";"Colisão traseira";"Com Vítimas Feridas";"Pleno dia";"Decrescente";"Céu Claro";"Dupla";"Reta";"Sim";2;0;1;0;1;0;1;2;-16,83017496;-49,24209595;"SPRF-GO";"DEL01/GO";"UOP03-DEL01-GO"
765428;2026-04-16;"quinta-feira";"14:45:00";"SC";101;207;"SAO JOSE";"Reação tardia ou ineficiente do condutor";"Colisão traseira";"Com Vítimas Feridas";"Pleno dia";"Crescente";"Céu Claro";"Múltipla";"Reta";"Sim";3;0;1;0;2;0;1;2;-27,59578695;-48,61947862;"SPRF-SC";"DEL01/SC";"UOP01-DEL01-SC"
765431;2026-03-11;"quarta-feira";"12:30:00";"PR";376;170;"MARINGA";"Trafegar com motocicleta (ou similar) entre as faixas";"Tombamento";"Com Vítimas Feridas";"Pleno dia";"Decrescente";"Céu Claro";"Dupla";"Reta";"Sim";1;0;1;0;0;0;1;1;-23,410433;-51,986807;"SPRF-PR";"DEL09/PR";"UOP01-DEL09-PR"
765434;2026-04-16;"quinta-feira";"07:05:00";"CE";222;92,8;"UMIRIM";"Acessar a via sem observar a presença dos outros veículos";"Colisão transversal";"Com Vítimas Feridas";"Pleno dia";"Decrescente";"Céu Claro";"Simples";"Reta";"Não";2;0;1;0;1;0;1;2;-3,686321;-39,360233;"SPRF-CE";"DEL01/CE";"UOP03-DEL01-CE"
765436;2026-04-16;"quinta-feira";"14:00:00";"MG";381;2,7;"BETIM";"Ultrapassagem Indevida";"Colisão lateral mesmo sentido";"Com Vítimas Feridas";"Pleno dia";"Crescente";"Céu Claro";"Simples";"Reta";"Sim";2;0;1;0;1;0;1;2;-19,98301908;-44,16523969;"SPRF-MG";"DEL01/MG";"UOP03-DEL01-MG"
765437;2026-04-16;"quinta-feira";"15:20:00";"MG";40;38,8;"PARACATU";"Condutor deixou de manter distância do veículo da frente";"Colisão traseira";"Com Vítimas Feridas";"Pleno dia";"Decrescente";"Céu Claro";"Simples";"Reta";"Sim";2;0;1;0;1;0;1;2;-17,2115148;-46,8918725;"SPRF-MG";"DEL14/MG";"UOP01-DEL14-MG"
765440;2026-04-16;"quinta-feira";"14:00:00";"PR";163;260;"TOLEDO";"Reação tardia ou ineficiente do condutor";"Saída de leito carroçável";"Com Vítimas Feridas";"Pleno dia";"Crescente";"Céu Claro";"Dupla";"Declive";"Não";1;0;1;0;0;0;1;1;-24,64269631;-53,85474142;"SPRF-PR";"DEL06/PR";"UOP02-DEL06-PR"
765442;2026-04-16;"quinta-feira";"15:30:00";"MG";40;608,1;"CONGONHAS";"Sinalização mal posicionada";"Colisão traseira";"Com Vítimas Feridas";"Pleno dia";"Decrescente";"Céu Claro";"Simples";"Em Obras;Aclive;Reta";"Não";2;0;1;0;1;0;1;2;-20,480511;-43,84064;"SPRF-MG";"DEL05/MG";"UOP02-DEL05-MG"
765444;2026-04-05;"domingo";"13:45:00";"SC";470;67;"INDAIAL";"Acessar a via sem observar a presença dos outros veículos";"Colisão transversal";"Sem Vítimas";"Pleno dia";"Decrescente";"Céu Claro";"Simples";"Curva";"Não";2;0;0;0;2;0;0;2;-26,88900471;-49,24449921;"SPRF-SC";"DEL04/SC";"UOP01-DEL04-SC"
765447;2026-04-16;"quinta-feira";"15:55:00";"CE";20;335;"CARIDADE";"Afundamento ou ondulação no pavimento";"Queda de ocupante de veículo";"Com Vítimas Feridas";"Pleno dia";"Decrescente";"Céu Claro";"Simples";"Reta;Ponte";"Não";1;0;0;1;0;0;1;1;-4,1708;-39,157734;"SPRF-CE";"DEL02/CE";"UOP01-DEL02-CE"
765448;2026-04-16;"quinta-feira";"15:00:00";"GO";60;163;"GOIANIA";"Ausência de sinalização";"Colisão traseira";"Sem Vítimas";"Pleno dia";"Decrescente";"Céu Claro";"Dupla";"Aclive";"Não";4;0;0;0;3;1;0;4;-16,703681;-49,341643;"SPRF-GO";"DEL01/GO";"UOP02-DEL01-GO"
765449;2026-04-16;"quinta-feira";"10:40:00";"RO";364;219,6;"PIMENTA BUENO";"Frear bruscamente";"Tombamento";"Com Vítimas Feridas";"Pleno dia";"Decrescente";"Céu Claro";"Simples";"Reta";"Não";1;0;1;0;0;0;1;1;-11,536366;-61,319283;"SPRF-RO";"DEL02-RO";"UOP02-DEL02-RO"
765450;2026-04-16;"quinta-feira";"16:15:00";"RN";304;36;"MOSSORO";"Condutor deixou de manter distância do veículo da frente";"Colisão traseira";"Com Vítimas Feridas";"Pleno dia";"Decrescente";"Céu Claro";"Dupla";"Viaduto";"Sim";2;0;1;0;1;0;1;2;-5,16927151;-37,35613346;"SPRF-RN";"DEL04-RN";"UOP02-DEL04-RN"
765452;2026-04-16;"quinta-feira";"15:50:00";"SC";470;47,4;"BLUMENAU";"Objeto estático sobre o leito carroçável";"Tombamento";"Com Vítimas Feridas";"Pleno dia";"Decrescente";"Céu Claro";"Dupla";"Reta";"Não";1;0;1;0;0;0;1;1;-26,8621636;-49,05062377;"SPRF-SC";"DEL04/SC";"UOP01-DEL04-SC"
765453;2026-04-16;"quinta-feira";"16:15:00";"MG";40;523,6;"CONTAGEM";"Pedestre - Ingestão de álcool/ substâncias psicoativas";"Atropelamento de Pedestre";"Com Vítimas Feridas";"Pleno dia";"Decrescente";"Céu Claro";"Dupla";"Reta";"Sim";2;0;2;0;0;0;2;2;-19,85585586;-44,060855;"SPRF-MG";"DEL01/MG";"UOP02-DEL01-MG"
765454;2026-04-16;"quinta-feira";"16:00:00";"SC";101;124;"ITAJAI";"Condutor deixou de manter distância do veículo da frente";"Colisão traseira";"Com Vítimas Feridas";"Pleno dia";"Crescente";"Céu Claro";"Dupla";"Reta";"Sim";2;0;1;0;1;0;1;2;-26,94150651;-48,69415283;"SPRF-SC";"DEL04/SC";"UOP04-DEL04-SC"
765455;2026-04-16;"quinta-feira";"16:40:00";"DF";40;3;"BRASILIA";"Condutor deixou de manter distância do veículo da frente";"Colisão traseira";"Com Vítimas Feridas";"Pleno dia";"Crescente";"Céu Claro";"Dupla";"Reta;Aclive;Viaduto";"Sim";2;0;1;0;1;0;1;2;-16,0020147;-47,984437;"SPRF-DF";"DEL01-DF";"UOP01-DEL01-DF"
765457;2026-04-16;"quinta-feira";"15:49:00";"MS";163;466,1;"CAMPO GRANDE";"Reação tardia ou ineficiente do condutor";"Colisão traseira";"Com Vítimas Feridas";"Pleno dia";"Crescente";"Céu Claro";"Simples";"Rotatória";"Sim";2;0;1;0;1;0;1;2;-20,584021;-54,582705;"SPRF-MS";"DEL01/MS";"UOP01-DEL01-MS"
765460;2026-04-16;"quinta-feira";"16:19:00";"PE";101;51;"ABREU E LIMA";"Reação tardia ou ineficiente do condutor";"Colisão traseira";"Com Vítimas Feridas";"Pleno dia";"Crescente";"Céu Claro";"Múltipla";"Reta";"Sim";3;0;0;2;1;0;2;2;-7,917384;-34,896973;"SPRF-PE";"DEL01/PE";"UOP02-DEL01-PE"
765462;2026-04-16;"quinta-feira";"17:00:00";"PR";277;598;"CASCAVEL";"Pedestre andava na pista";"Atropelamento de Pedestre";"Com Vítimas Feridas";"Pleno dia";"Decrescente";"Nublado";"Simples";"Reta";"Sim";2;0;0;1;1;0;1;2;-24,9882719;-53,50785468;"SPRF-PR";"DEL04/PR";"UOP01-DEL04-PR"
765463;2026-04-16;"quinta-feira";"16:40:00";"SC";280;126,6;"RIO NEGRINHO";"Reação tardia ou ineficiente do condutor";"Queda de ocupante de veículo";"Com Vítimas Feridas";"Pleno dia";"Decrescente";"Céu Claro";"Simples";"Reta";"Não";1;0;1;0;0;0;1;1;-26,238948;-49,501568;"SPRF-SC";"DEL06/SC";"UOP03-DEL06-SC"
765465;2026-04-16;"quinta-feira";"17:25:00";"SC";282;2;"FLORIANOPOLIS";"Trafegar com motocicleta (ou similar) entre as faixas";"Colisão traseira";"Com Vítimas Feridas";"Pleno dia";"Crescente";"Céu Claro";"Múltipla";"Reta";"Não";2;0;0;1;1;0;1;2;-27,60343136;-48,58768908;"SPRF-SC";"DEL01/SC";"UOP01-DEL01-SC"
765469;2026-04-16;"quinta-feira";"17:15:00";"PR";369;202;"APUCARANA";"Acessar a via sem observar a presença dos outros veículos";"Colisão transversal";"Com Vítimas Feridas";"Pleno dia";"Crescente";"Céu Claro";"Simples";"Declive;Interseção de Vias";"Sim";3;0;2;0;1;0;2;2;-23,5421501;-51,45569578;"SPRF-PR";"DEL07/PR";"UOP03-DEL07-PR"
765470;2026-04-16;"quinta-feira";"17:40:00";"RS";392;352;"SANTA MARIA";"Trafegar com motocicleta (ou similar) entre as faixas";"Colisão com objeto";"Com Vítimas Feridas";"Pleno dia";"Crescente";"Céu Claro";"Múltipla";"Em Obras;Interseção de Vias;Rotatória";"Sim";1;0;1;0;0;0;1;1;-29,71530646;-53,80946724;"SPRF-RS";"DEL09/RS";"UOP01-DEL09-RS"
765472;2026-04-16;"quinta-feira";"17:30:00";"PB";230;14,8;"CABEDELO";"Reação tardia ou ineficiente do condutor";"Colisão lateral mesmo sentido";"Com Vítimas Feridas";"Plena Noite";"Crescente";"Céu Claro";"Dupla";"Viaduto";"Sim";3;0;2;0;1;0;2;2;-7,099155;-34,847802;"SPRF-PB";"DEL01-PB";"UOP01-DEL01-PB"
765473;2026-04-16;"quinta-feira";"17:40:00";"RS";470;159;"NOVA PRATA";"Acessar a via sem observar a presença dos outros veículos";"Colisão transversal";"Com Vítimas Feridas";"Pleno dia";"Crescente";"Céu Claro";"Simples";"Reta";"Sim";2;0;2;0;0;0;2;2;-28,80800584;-51,60346683;"SPRF-RS";"DEL06/RS";"UOP02-DEL06-RS"
765475;2026-04-16;"quinta-feira";"13:20:00";"MG";116;527;"CARATINGA";"Reação tardia ou ineficiente do condutor";"Colisão transversal";"Com Vítimas Feridas";"Pleno dia";"Crescente";"Sol";"Dupla";"Interseção de Vias";"Sim";2;0;0;1;1;0;1;2;-19,77965011;-42,13296443;"SPRF-MG";"DEL06/MG";"UOP02-DEL06-MG"
765476;2026-04-16;"quinta-feira";"18:15:00";"PR";373;273,7;"PONTA GROSSA";"Acessar a via sem observar a presença dos outros veículos";"Atropelamento de Pedestre";"Com Vítimas Feridas";"Anoitecer";"Decrescente";"Céu Claro";"Dupla";"Reta";"Sim";2;0;0;1;1;0;1;2;-25,07742585;-50,20753797;"SPRF-PR";"DEL08/PR";"UOP01-DEL08-PR"
765477;2026-04-16;"quinta-feira";"16:10:00";"SC";280;183,9;"MAFRA";"Ausência de reação do condutor";"Tombamento";"Com Vítimas Feridas";"Pleno dia";"Decrescente";"Céu Claro";"Simples";"Reta";"Não";1;0;1;0;0;0;1;1;-26,1691;-49,94601;"SPRF-SC";"DEL06/SC";"UOP01-DEL06-SC"
765478;2026-04-16;"quinta-feira";"18:07:00";"GO";60;384;"RIO VERDE";"Manobra de mudança de faixa";"Colisão lateral mesmo sentido";"Com Vítimas Feridas";"Anoitecer";"Crescente";"Céu Claro";"Dupla";"Viaduto;Reta";"Sim";2;0;0;1;1;0;1;2;-17,797213;-50,915255;"SPRF-GO";"DEL04/GO";"UOP02-DEL04-GO"
765480;2026-01-02;"sexta-feira";"10:00:00";"ES";259;62;"COLATINA";"Acessar a via sem observar a presença dos outros veículos";"Colisão transversal";"Com Vítimas Feridas";"Pleno dia";"Crescente";"Céu Claro";"Simples";"Reta";"Não";2;0;0;1;1;0;1;2;-19,54113731;-40,56879113;"SPRF-ES";"DEL02-ES";"UOP01-DEL02-ES"
765486;2026-04-16;"quinta-feira";"18:00:00";"PR";376;186,1;"SARANDI";"Trafegar com motocicleta (ou similar) entre as faixas";"Tombamento";"Com Vítimas Feridas";"Anoitecer";"Crescente";"Céu Claro";"Dupla";"Reta";"Sim";1;0;0;1;0;0;1;1;-23,44749;-51,861021;"SPRF-PR";"DEL09/PR";"UOP01-DEL09-PR"
765487;2026-04-16;"quinta-feira";"18:55:00";"SC";101;204;"SAO JOSE";"Trafegar com motocicleta (ou similar) entre as faixas";"Colisão lateral mesmo sentido";"Com Vítimas Feridas";"Plena Noite";"Crescente";"Céu Claro";"Múltipla";"Reta";"Sim";2;0;1;0;1;0;1;2;-27,57416;-48,6136;"SPRF-SC";"DEL01/SC";"UOP01-DEL01-SC"
765488;2026-04-16;"quinta-feira";"17:20:00";"RJ";101;312;"SAO GONCALO";"Ausência de reação do condutor";"Saída de leito carroçável";"Com Vítimas Feridas";"Pleno dia";"Decrescente";"Céu Claro";"Dupla";"Reta";"Sim";1;0;1;0;0;0;1;1;-22,806118;-43,0622445;"SPRF-RJ";"DEL02/RJ";"UOP02-DEL02-RJ"
765489;2026-04-16;"quinta-feira";"19:00:00";"PR";277;77;"SAO JOSE DOS PINHAIS";"Acesso irregular";"Colisão transversal";"Com Vítimas Feridas";"Plena Noite";"Decrescente";"Céu Claro";"Dupla";"Reta";"Sim";2;0;2;0;0;0;2;2;-25,4863;-49,1848;"SPRF-PR";"DEL01/PR";"UOP08-DEL01-PR"
765490;2026-04-16;"quinta-feira";"18:15:00";"RN";226;11,5;"MACAIBA";"Acessar a via sem observar a presença dos outros veículos";"Colisão transversal";"Com Vítimas Feridas";"Plena Noite";"Crescente";"Céu Claro";"Simples";"Reta";"Sim";2;0;0;1;1;0;1;2;-5,847345;-35,309034;"SPRF-RN";"DEL01-RN";"UOP02-DEL01-RN"
765492;2026-04-16;"quinta-feira";"19:00:00";"SP";116;216,9;"GUARULHOS";"Reação tardia ou ineficiente do condutor";"Tombamento";"Com Vítimas Feridas";"Plena Noite";"Decrescente";"Céu Claro";"Múltipla";"Reta";"Sim";1;0;1;0;0;0;1;1;-23,45268035;-46,46747796;"SPRF-SP";"DEL01/SP";"UOP01-DEL01-SP"
765494;2026-04-16;"quinta-feira";"18:05:00";"MG";40;632,4;"CONSELHEIRO LAFAIETE";"Retorno proibido";"Colisão transversal";"Com Vítimas Feridas";"Anoitecer";"Crescente";"Céu Claro";"Simples";"Aclive;Reta;Interseção de Vias";"Sim";2;0;1;0;1;0;1;2;-20,6724;-43,79814;"SPRF-MG";"DEL05/MG";"UOP02-DEL05-MG"
765496;2026-04-16;"quinta-feira";"18:40:00";"RS";158;326;"SANTA MARIA";"Acessar a via sem observar a presença dos outros veículos";"Colisão transversal";"Com Vítimas Feridas";"Anoitecer";"Crescente";"Nublado";"Dupla";"Em Obras;Rotatória";"Sim";2;0;1;0;1;0;1;2;-29,715313;-53,810328;"SPRF-RS";"DEL09/RS";"UOP01-DEL09-RS"
765497;2026-04-16;"quinta-feira";"18:40:00";"RJ";116;182;"NOVA IGUACU";"Manobra de mudança de faixa";"Colisão traseira";"Com Vítimas Feridas";"Plena Noite";"Crescente";"Céu Claro";"Múltipla";"Reta";"Sim";3;0;1;0;2;0;1;2;-22,75457242;-43,43433484;"SPRF-RJ";"DEL06/RJ";"UOP01-DEL06-RJ"
765498;2026-04-16;"quinta-feira";"14:00:00";"MG";116;414,4;"GOVERNADOR VALADARES";"Acessar a via sem observar a presença dos outros veículos";"Colisão transversal";"Com Vítimas Feridas";"Pleno dia";"Decrescente";"Céu Claro";"Simples";"Retorno Regulamentado;Interseção de Vias;Curva";"Sim";3;0;2;0;1;0;2;2;-18,884159;-41,94801;"SPRF-MG";"DEL06/MG";"UOP01-DEL06-MG"
765499;2026-04-16;"quinta-feira";"18:30:00";"MS";163;453,3;"CAMPO GRANDE";"Ausência de reação do condutor";"Colisão traseira";"Com Vítimas Feridas";"Plena Noite";"Crescente";"Nublado";"Simples";"Aclive";"Não";3;0;1;0;2;0;1;2;-20,69744244;-54,54986572;"SPRF-MS";"DEL01/MS";"UOP01-DEL01-MS"
765500;2026-04-16;"quinta-feira";"19:30:00";"ES";101;145,9;"LINHARES";"Manobra de mudança de faixa";"Colisão traseira";"Com Vítimas Feridas";"Plena Noite";"Crescente";"Céu Claro";"Múltipla";"Reta";"Sim";2;0;1;0;0;1;1;2;-19,36828167;-40,06501667;"SPRF-ES";"DEL04-ES";"UOP01-DEL04-ES"
765501;2026-04-16;"quinta-feira";"19:00:00";"SC";101;336;"TUBARAO";"Pedestre cruzava a pista fora da faixa";"Atropelamento de Pedestre";"Com Vítimas Feridas";"Plena Noite";"Crescente";"Céu Claro";"Simples";"Reta";"Não";2;0;0;1;1;0;1;2;-28,476128;-49,030084;"SPRF-SC";"DEL02/SC";"UOP01-DEL02-SC"
765503;2026-04-16;"quinta-feira";"18:55:00";"PE";101;75,9;"RECIFE";"Ausência de reação do condutor";"Colisão traseira";"Com Vítimas Feridas";"Plena Noite";"Decrescente";"Céu Claro";"Dupla";"Reta";"Sim";2;0;1;0;1;0;1;2;-8,11758;-34,94358;"SPRF-PE";"DEL01/PE";"UOP01-DEL01-PE"
765504;2026-04-16;"quinta-feira";"18:50:00";"RJ";116;317,9;"ITATIAIA";"Ultrapassagem Indevida";"Colisão lateral mesmo sentido";"Com Vítimas Feridas";"Plena Noite";"Decrescente";"Céu Claro";"Simples";"Reta";"Não";3;0;2;0;1;0;2;2;-22,467852;-44,506672;"SPRF-RJ";"DEL07/RJ";"UOP02-DEL07-RJ"
765505;2026-04-16;"quinta-feira";"19:20:00";"RJ";101;327;"NITEROI";"Reação tardia ou ineficiente do condutor";"Colisão traseira";"Com Vítimas Feridas";"Plena Noite";"Decrescente";"Céu Claro";"Múltipla";"Aclive;Reta";"Não";2;0;1;0;1;0;1;2;-22,870459;-43,16425649;"SPRF-RJ";"DEL02/RJ";"UOP01-DEL02-RJ"
765506;2026-04-16;"quinta-feira";"19:30:00";"PR";116;101;"SAO JOSE DOS PINHAIS";"Reação tardia ou ineficiente do condutor";"Colisão lateral mesmo sentido";"Com Vítimas Feridas";"Plena Noite";"Crescente";"Céu Claro";"Dupla";"Reta";"Sim";2;0;1;0;0;1;1;2;-25,5675;-49,173;"SPRF-PR";"DEL01/PR";"UOP08-DEL01-PR"
765507;2026-04-16;"quinta-feira";"19:21:00";"PR";376;622,9;"SAO JOSE DOS PINHAIS";"Condutor Dormindo";"Colisão com objeto";"Com Vítimas Feridas";"Plena Noite";"Crescente";"Céu Claro";"Dupla";"Curva";"Não";1;0;1;0;0;0;1;1;-25,637122;-49,160933;"SPRF-PR";"DEL01/PR";"UOP04-DEL01-PR"
765508;2026-04-16;"quinta-feira";"15:30:00";"PI";316;314,5;"PICOS";"Acessar a via sem observar a presença dos outros veículos";"Tombamento";"Com Vítimas Feridas";"Pleno dia";"Crescente";"Céu Claro";"Múltipla";"Interseção de Vias;Reta";"Sim";3;0;2;0;1;0;2;2;-7,07813;-41,439863;"SPRF-PI";"DEL04-PI";"UOP01-DEL04-PI"
765509;2026-04-16;"quinta-feira";"14:00:00";"PI";135;194;"OEIRAS";"Acessar a via sem observar a presença dos outros veículos";"Colisão transversal";"Com Vítimas Feridas";"Pleno dia";"Decrescente";"Céu Claro";"Simples";"Reta";"Sim";3;0;1;0;2;0;1;2;-6,99837;-42,111363;"SPRF-PI";"DEL03-PI";"UOP01-DEL03-PI"
765510;2026-03-17;"terça-feira";"15:20:00";"SP";381;50;"ATIBAIA";"Frear bruscamente";"Colisão transversal";"Com Vítimas Feridas";"Pleno dia";"Decrescente";"Céu Claro";"Dupla";"Reta;Interseção de Vias";"Não";3;0;1;0;2;0;1;2;-23,21475589;-46,59389734;"SPRF-SP";"DEL03/SP";"UOP01-DEL03-SP"
765512;2026-04-16;"quinta-feira";"17:50:00";"SC";280;230;"CANOINHAS";"Acumulo de areia ou detritos sobre o pavimento";"Queda de ocupante de veículo";"Com Vítimas Feridas";"Anoitecer";"Crescente";"Nublado";"Simples";"Rotatória";"Sim";1;0;1;0;0;0;1;1;-26,187359;-50,361344;"SPRF-SC";"DEL06/SC";"UOP04-DEL06-SC"
765513;2026-04-16;"quinta-feira";"16:30:00";"MT";364;439;"VARZEA GRANDE";"Reação tardia ou ineficiente do condutor";"Saída de leito carroçável";"Sem Vítimas";"Anoitecer";"Decrescente";"Nublado";"Dupla";"Reta";"Sim";1;0;0;0;1;0;0;1;-15,6102;-56,203816;"SPRF-MT";"DEL01/MT";"UOP02-DEL01-MT"
765514;2026-04-16;"quinta-feira";"19:59:00";"PI";343;343,3;"TERESINA";"Desrespeitar a preferência no cruzamento";"Colisão transversal";"Com Vítimas Feridas";"Plena Noite";"Crescente";"Céu Claro";"Dupla";"Interseção de Vias;Rotatória";"Não";3;0;1;1;1;0;2;2;-5,090496;-42,760507;"SPRF-PI";"DEL01-PI";"UOP01-DEL01-PI"
765515;2026-04-16;"quinta-feira";"20:00:00";"MG";50;70;"UBERLANDIA";"Reação tardia ou ineficiente do condutor";"Colisão traseira";"Com Vítimas Feridas";"Plena Noite";"Crescente";"Céu Claro";"Dupla";"Reta;Declive";"Não";3;0;2;0;1;0;2;2;-18,96096202;-48,21580634;"SPRF-MG";"DEL15/MG";"UOP01-DEL15-MG"
765516;2026-04-16;"quinta-feira";"20:40:00";"SP";116;448;"REGISTRO";"Ausência de reação do condutor";"Tombamento";"Com Vítimas Feridas";"Plena Noite";"Crescente";"Céu Claro";"Dupla";"Reta";"Sim";1;0;1;0;0;0;1;1;-24,52742764;-47,8559947;"SPRF-SP";"DEL05/SP";"UOP01-DEL05-SP"
765517;2026-04-16;"quinta-feira";"18:30:00";"SC";282;213,4;"LAGES";"Entrada inopinada do pedestre";"Atropelamento de Pedestre";"Com Vítimas Feridas";"Plena Noite";"Crescente";"Céu Claro";"Simples";"Reta;Declive";"Sim";5;0;0;1;4;0;1;2;-27,78108025;-50,24678969;"SPRF-SC";"DEL05/SC";"UOP01-DEL05-SC"
765519;2026-04-16;"quinta-feira";"20:15:00";"SC";282;486,3;"FAXINAL DOS GUEDES";"Ingestão de álcool pelo condutor";"Colisão transversal";"Sem Vítimas";"Plena Noite";"Crescente";"Nublado";"Simples";"Interseção de Vias";"Sim";2;0;0;0;2;0;0;2;-26,85572881;-52,25738168;"SPRF-SC";"DEL07/SC";"UOP01-DEL07-SC"
765520;2026-04-16;"quinta-feira";"18:50:00";"MT";174;3,2;"PONTES E LACERDA";"Desrespeitar a preferência no cruzamento";"Colisão transversal";"Com Vítimas Feridas";"Plena Noite";"Decrescente";"Ignorado";"Simples";"Reta";"Sim";2;0;1;0;1;0;1;2;-15,235599;-59,342191;"SPRF-MT";"DEL04/MT";"UOP01-DEL04-MT"
765522;2026-04-16;"quinta-feira";"21:10:00";"ES";101;146,6;"LINHARES";"Pista esburacada";"Queda de ocupante de veículo";"Com Vítimas Feridas";"Plena Noite";"Crescente";"Céu Claro";"Múltipla";"Reta;Interseção de Vias";"Sim";2;0;2;0;0;0;2;1;-19,37542525;-40,06652393;"SPRF-ES";"DEL04-ES";"UOP01-DEL04-ES"
765523;2026-04-16;"quinta-feira";"17:03:00";"SC";280;25;"ARAQUARI";"Trafegar com motocicleta (ou similar) entre as faixas";"Colisão transversal";"Com Vítimas Feridas";"Pleno dia";"Decrescente";"Céu Claro";"Simples";"Reta;Interseção de Vias";"Sim";2;0;0;1;1;0;1;2;-26,40454779;-48,74528378;"SPRF-SC";"DEL03/SC";"UOP03-DEL03-SC"
765524;2026-04-16;"quinta-feira";"20:30:00";"SC";282;611,5;"MARAVILHA";"Objeto estático sobre o leito carroçável";"Colisão com objeto";"Com Vítimas Feridas";"Plena Noite";"Decrescente";"Nublado";"Simples";"Declive";"Não";3;0;1;1;1;0;2;1;-26,75674729;-53,24414341;"SPRF-SC";"DEL07/SC";"UOP02-DEL07-SC"
765525;2026-04-16;"quinta-feira";"20:20:00";"RS";290;293;"CACHOEIRA DO SUL";"Reação tardia ou ineficiente do condutor";"Saída de leito carroçável";"Com Vítimas Feridas";"Plena Noite";"Crescente";"Céu Claro";"Simples";"Reta";"Não";1;0;1;0;0;0;1;1;-30,294815;-53,147668;"SPRF-RS";"DEL02/RS";"UOP03-DEL02-RS"
765526;2026-04-16;"quinta-feira";"17:40:00";"AC";317;285;"EPITACIOLANDIA";"Reação tardia ou ineficiente do condutor";"Colisão frontal";"Com Vítimas Feridas";"Anoitecer";"Crescente";"Chuva";"Simples";"Reta";"Não";2;0;2;0;0;0;2;2;-11,0208337;-68,6816077;"SPRF-AC";"DEL01-AC";"UOP02-DEL01-AC"
765527;2026-04-16;"quinta-feira";"21:00:00";"GO";60;97,7;"ANAPOLIS";"Animais na Pista";"Atropelamento de Animal";"Com Vítimas Feridas";"Plena Noite";"Decrescente";"Nublado";"Dupla";"Reta";"Sim";2;0;2;0;0;0;2;1;-16,38431188;-48,95424698;"SPRF-GO";"DEL02/GO";"UOP01-DEL02-GO"
765529;2026-04-16;"quinta-feira";"19:00:00";"MT";163;829;"SINOP";"Acessar a via sem observar a presença dos outros veículos";"Colisão traseira";"Com Vítimas Feridas";"Plena Noite";"Crescente";"Céu Claro";"Simples";"Retorno Regulamentado;Reta";"Sim";2;0;1;0;1;0;1;2;-11,913188;-55,50875;"SPRF-MT";"DEL06/MT";"UOP02-DEL06-MT"
765530;2026-04-16;"quinta-feira";"18:15:00";"PE";428;186;"PETROLINA";"Acessar a via sem observar a presença dos outros veículos";"Colisão transversal";"Com Vítimas Feridas";"Plena Noite";"Decrescente";"Céu Claro";"Dupla";"Reta";"Sim";3;0;2;0;1;0;2;2;-9,35673165;-40,47875885;"SPRF-PE";"DEL06/PE";"UOP01-DEL06-PE"