"id";"data_inversa";"dia_semana";"horario";"uf";"br";"km";"municipio";"causa_acidente";"tipo_acidente";"classificacao_acidente";"fase_dia";"sentido_via";"condicao_metereologica";"tipo_pista";"tracado_via";"uso_solo";"pessoas";"mortos";"feridos_leves";"feridos_graves";"ilesos";"ignorados";"feridos";"veiculos";"latitude";"longitude";"regional";"delegacia";"uop"
765531;2026-04-16;"quinta-feira";"21:35:00";"SP";116;219;"GUARULHOS";"Reação tardia ou ineficiente do condutor";"Colisão transversal";"Com Vítimas Feridas";"Plena Noite";"Decrescente";"Céu Claro";"Dupla";"Curva";"Não";2;0;1;0;1;0;1;2;-23,463257;-46,492962;"SPRF-SP";"DEL01/SP";"UOP01-DEL01-SP"
765532;2026-04-16;"quinta-feira";"22:00:00";"PE";104;31,7;"CARUARU";"Velocidade Incompatível";"Colisão traseira";"Com Vítimas Feridas";"Plena Noite";"Crescente";"Nublado";"Simples";"Viaduto;Aclive;Reta";"Sim";3;0;0;2;1;0;2;2;-8,01741584;-36,05300903;"SPRF-PE";"DEL02/PE";"UOP01-DEL02-PE"
765533;2026-04-16;"quinta-feira";"21:40:00";"BA";116;478;"RAFAEL JAMBEIRO";"Velocidade Incompatível";"Saída de leito carroçável";"Com Vítimas Feridas";"Plena Noite";"Decrescente";"Céu Claro";"Dupla";"Reta;Declive";"Não";2;0;1;1;0;0;2;1;-12,5093774;-39,3661704;"SPRF-BA";"DEL02/BA";"UOP01-DEL02-BA"
765534;2026-04-16;"quinta-feira";"21:50:00";"SC";470;66,1;"INDAIAL";"Velocidade Incompatível";"Atropelamento de Pedestre";"Com Vítimas Feridas";"Plena Noite";"Crescente";"Céu Claro";"Simples";"Reta";"Não";2;0;0;1;1;0;1;2;-26,87035252;-49,22323164;"SPRF-SC";"DEL04/SC";"UOP01-DEL04-SC"
765535;2026-04-16;"quinta-feira";"22:30:00";"SC";101;136;"BALNEARIO CAMBORIU";"Manobra de mudança de faixa";"Colisão lateral mesmo sentido";"Com Vítimas Feridas";"Plena Noite";"Crescente";"Nublado";"Múltipla";"Interseção de Vias";"Sim";3;0;2;0;0;1;2;2;-27,00914319;-48,61568347;"SPRF-SC";"DEL04/SC";"UOP03-DEL04-SC"
765536;2026-04-16;"quinta-feira";"21:50:00";"GO";40;0;"VALPARAISO DE GOIAS";"Ingestão de álcool pelo condutor";"Colisão traseira";"Com Vítimas Feridas";"Plena Noite";"Crescente";"Céu Claro";"Dupla";"Reta";"Sim";2;0;0;1;1;0;1;2;-16,05133435;-47,98167078;"SPRF-DF";"DEL01-DF";"UOP01-DEL01-DF"
765537;2026-04-16;"quinta-feira";"22:00:00";"PR";153;331,6;"IRATI";"Animais na Pista";"Atropelamento de Animal";"Com Vítimas Feridas";"Plena Noite";"Decrescente";"Céu Claro";"Simples";"Reta;Declive";"Não";1;0;1;0;0;0;1;1;-25,468969;-50,632928;"SPRF-PR";"DEL08/PR";"UOP02-DEL08-PR"
765538;2026-04-16;"quinta-feira";"22:10:00";"PR";277;1;"FOZ DO IGUACU";"Ultrapassagem Indevida";"Queda de ocupante de veículo";"Com Vítimas Feridas";"Plena Noite";"Decrescente";"Nublado";"Dupla";"Reta";"Sim";1;0;0;1;0;0;1;1;-25,50077037;-54,51718569;"SPRF-PR";"DEL05/PR";"UOP04-DEL05-PR"
765539;2026-04-16;"quinta-feira";"21:00:00";"GO";364;2;"SAO SIMAO";"Acessar a via sem observar a presença dos outros veículos";"Colisão lateral mesmo sentido";"Com Vítimas Feridas";"Plena Noite";"Decrescente";"Céu Claro";"Simples";"Reta";"Não";2;0;2;0;0;0;2;2;-19,03440057;-50,51535364;"SPRF-GO";"DEL05/GO";"UOP02-DEL05-GO"
765540;2026-04-16;"quinta-feira";"19:50:00";"RS";116;657,3;"JAGUARAO";"Conversão proibida";"Colisão traseira";"Com Vítimas Feridas";"Plena Noite";"Decrescente";"Nublado";"Simples";"Reta";"Sim";2;0;1;0;1;0;1;2;-32,55397975;-53,38535635;"SPRF-RS";"DEL07/RS";"UOP03-DEL07-RS"
765541;2026-04-16;"quinta-feira";"23:10:00";"PR";277;715;"SANTA TEREZINHA DE ITAIPU";"Avarias e/ou desgaste excessivo no pneu";"Tombamento";"Com Vítimas Feridas";"Plena Noite";"Crescente";"Céu Claro";"Dupla";"Aclive;Reta";"Não";1;0;1;0;0;0;1;1;-25,46366881;-54,44570945;"SPRF-PR";"DEL05/PR";"UOP01-DEL05-PR"
765542;2026-04-16;"quinta-feira";"22:30:00";"SP";116;222;"GUARULHOS";"Manobra de mudança de faixa";"Colisão lateral mesmo sentido";"Com Vítimas Feridas";"Plena Noite";"Decrescente";"Nublado";"Múltipla";"Reta";"Não";2;0;1;0;1;0;1;2;-23,47482063;-46,52319292;"SPRF-SP";"DEL01/SP";"UOP01-DEL01-SP"
765546;2026-04-17;"sexta-feira";"00:35:00";"RJ";40;62,7;"PETROPOLIS";"Ausência de reação do condutor";"Colisão com objeto";"Com Vítimas Feridas";"Plena Noite";"Decrescente";"Céu Claro";"Dupla";"Declive;Reta";"Sim";1;0;0;1;0;0;1;1;-22,28268725;-43,11972075;"SPRF-RJ";"DEL05/RJ";"UOP02-DEL05-RJ"
765547;2026-04-16;"quinta-feira";"21:15:00";"MG";262;571;"CAMPOS ALTOS";"Velocidade Incompatível";"Saída de leito carroçável";"Com Vítimas Feridas";"Plena Noite";"Decrescente";"Céu Claro";"Simples";"Rotatória;Interseção de Vias;Curva";"Não";4;0;4;0;0;0;4;1;-19,64861753;-46,07008569;"SPRF-MG";"DEL08/MG";"UOP02-DEL08-MG"
765552;2026-04-16;"quinta-feira";"23:30:00";"SC";470;266,9;"CURITIBANOS";"Ausência de reação do condutor";"Colisão com objeto";"Com Vítimas Feridas";"Plena Noite";"Crescente";"Céu Claro";"Simples";"Curva";"Não";4;0;1;3;0;0;4;1;-27,31167;-50,74631;"SPRF-SC";"DEL05/SC";"UOP03-DEL05-SC"
765554;2026-04-17;"sexta-feira";"01:45:00";"PR";376;617,8;"SAO JOSE DOS PINHAIS";"Condutor Dormindo";"Colisão traseira";"Com Vítimas Feridas";"Plena Noite";"Decrescente";"Nevoeiro/Neblina";"Múltipla";"Curva;Aclive";"Sim";2;0;1;0;0;1;1;2;-25,59690599;-49,17359099;"SPRF-PR";"DEL01/PR";"UOP04-DEL01-PR"
765556;2026-04-16;"quinta-feira";"19:23:00";"PA";10;182,3;"IPIXUNA DO PARA";"Ultrapassagem Indevida";"Colisão frontal";"Com Vítimas Feridas";"Plena Noite";"Crescente";"Nublado";"Simples";"Aclive;Reta";"Não";3;0;1;1;1;0;2;2;-2,878322;-47,436385;"SPRF-PA";"DEL02/PA";"UOP01-DEL02-PA"
765557;2026-04-17;"sexta-feira";"00:25:00";"MS";163;4,2;"MUNDO NOVO";"Reação tardia ou ineficiente do condutor";"Saída de leito carroçável";"Com Vítimas Feridas";"Plena Noite";"Decrescente";"Céu Claro";"Simples";"Reta";"Não";2;0;0;1;1;0;1;1;-24,015604;-54,298983;"SPRF-MS";"DEL09/MS";"UOP02-DEL09-MS"
765559;2026-04-17;"sexta-feira";"04:30:00";"PR";277;143;"BALSA NOVA";"Condutor Dormindo";"Saída de leito carroçável";"Com Vítimas Feridas";"Plena Noite";"Decrescente";"Céu Claro";"Dupla";"Reta";"Não";1;0;1;0;0;0;1;1;-25,47129857;-49,67577394;"SPRF-PR";"DEL01/PR";"UOP07-DEL01-PR"
765562;2026-04-17;"sexta-feira";"04:00:00";"RJ";40;103;"DUQUE DE CAXIAS";"Ausência de reação do condutor";"Queda de ocupante de veículo";"Com Vítimas Feridas";"Plena Noite";"Decrescente";"Nublado";"Dupla";"Reta";"Sim";2;0;1;0;1;0;1;1;-22,63209432;-43,28521013;"SPRF-RJ";"DEL01/RJ";"UOP02-DEL01-RJ"
765563;2026-04-17;"sexta-feira";"04:04:00";"PI";135;338;"SANTA LUZ";"Reação tardia ou ineficiente do condutor";"Queda de ocupante de veículo";"Com Vítimas Feridas";"Plena Noite";"Decrescente";"Céu Claro";"Simples";"Reta";"Não";1;0;1;0;0;0;1;1;-8,91576329;-44,2487157;"SPRF-PI";"DEL03-PI";"UOP02-DEL03-PI"
765564;2026-04-17;"sexta-feira";"04:40:00";"RS";392;350;"SANTA MARIA";"Ingestão de álcool pelo condutor";"Colisão com objeto";"Com Vítimas Feridas";"Plena Noite";"Crescente";"Céu Claro";"Simples";"Em Obras;Interseção de Vias";"Sim";2;0;1;0;0;1;1;1;-29,73423294;-53,79900503;"SPRF-RS";"DEL09/RS";"UOP01-DEL09-RS"
765566;2026-04-17;"sexta-feira";"04:20:00";"RO";364;718;"PORTO VELHO";"Ausência de reação do condutor";"Saída de leito carroçável";"Com Vítimas Fatais";"Plena Noite";"Decrescente";"Céu Claro";"Dupla";"Aclive;Reta";"Não";1;1;0;0;0;0;0;1;-8,8025;-63,9139;"SPRF-RO";"DEL01-RO";"UOP01-DEL01-RO"
765568;2026-04-17;"sexta-feira";"05:55:00";"MG";40;511;"RIBEIRAO DAS NEVES";"Manobra de mudança de faixa";"Colisão lateral mesmo sentido";"Com Vítimas Feridas";"Pleno dia";"Crescente";"Céu Claro";"Dupla";"Aclive;Reta";"Sim";2;0;1;0;1;0;1;2;-19,7861798;-44,1157837;"SPRF-MG";"DEL01/MG";"UOP02-DEL01-MG"
765570;2026-04-17;"sexta-feira";"01:40:00";"RJ";493;96;"SEROPEDICA";"Ausência de reação do condutor";"Queda de ocupante de veículo";"Com Vítimas Feridas";"Plena Noite";"Crescente";"Céu Claro";"Dupla";"Reta";"Não";2;0;2;0;0;0;2;1;-22,71211617;-43,7026434;"SPRF-RJ";"DEL01/RJ";"UOP03-DEL01-RJ"
765571;2026-04-17;"sexta-feira";"06:28:00";"SP";116;373;"JUQUITIBA";"Reação tardia ou ineficiente do condutor";"Colisão traseira";"Com Vítimas Feridas";"Amanhecer";"Decrescente";"Céu Claro";"Dupla";"Reta";"Não";1;0;1;0;0;0;1;1;-24;-47;"SPRF-SP";"DEL04/SP";"UOP02-DEL04-SP"
765572;2026-04-17;"sexta-feira";"04:50:00";"BA";324;546;"AMELIA RODRIGUES";"Ausência de reação do condutor";"Queda de ocupante de veículo";"Com Vítimas Feridas";"Pleno dia";"Crescente";"Céu Claro";"Dupla";"Reta";"Não";1;0;1;0;0;0;1;1;-12,42054414;-38,74657721;"SPRF-BA";"DEL11/BA";"UOP02-DEL11-BA"
765574;2026-04-17;"sexta-feira";"06:27:00";"PB";230;9;"CABEDELO";"Ausência de reação do condutor";"Colisão traseira";"Com Vítimas Feridas";"Pleno dia";"Decrescente";"Sol";"Múltipla";"Reta";"Sim";2;0;1;0;1;0;1;2;-7,047723;-34,848142;"SPRF-PB";"DEL01-PB";"UOP01-DEL01-PB"
765578;2026-04-17;"sexta-feira";"07:30:00";"DF";70;17;"BRASILIA";"Entrada inopinada do pedestre";"Atropelamento de Pedestre";"Com Vítimas Fatais";"Pleno dia";"Decrescente";"Céu Claro";"Dupla";"Reta";"Sim";2;1;0;0;1;0;0;2;-15,7921;-48,20888;"SPRF-DF";"DEL03-DF";"UOP02-DEL03-DF"
765579;2026-04-16;"quinta-feira";"22:00:00";"PE";232;411;"SERRA TALHADA";"Acessar a via sem observar a presença dos outros veículos";"Atropelamento de Pedestre";"Com Vítimas Feridas";"Plena Noite";"Crescente";"Céu Claro";"Simples";"Reta";"Sim";2;0;1;0;1;0;1;2;-7,98061;-38,306487;"SPRF-PE";"DEL04/PE";"UOP01-DEL04-PE"
765580;2026-04-17;"sexta-feira";"06:40:00";"BA";324;621;"SALVADOR";"Manobra de mudança de faixa";"Colisão lateral mesmo sentido";"Com Vítimas Feridas";"Pleno dia";"Crescente";"Céu Claro";"Dupla";"Reta";"Sim";3;0;2;0;1;0;2;2;-12,92057973;-38,46622467;"SPRF-BA";"DEL01/BA";"UOP01-DEL01-BA"
765582;2026-04-17;"sexta-feira";"07:35:00";"SE";235;47,3;"ITABAIANA";"Acessar a via sem observar a presença dos outros veículos";"Colisão transversal";"Com Vítimas Feridas";"Pleno dia";"Crescente";"Céu Claro";"Simples";"Reta";"Não";3;0;1;0;2;0;1;2;-10,7276546;-37,41449682;"SPRF-SE";"DEL01-SE";"UOP02-DEL01-SE"
765585;2026-04-17;"sexta-feira";"08:30:00";"RS";116;258,9;"CANOAS";"Reação tardia ou ineficiente do condutor";"Colisão lateral mesmo sentido";"Com Vítimas Feridas";"Pleno dia";"Crescente";"Garoa/Chuvisco";"Múltipla";"Reta;Em Obras";"Sim";2;0;1;0;1;0;1;2;-29,87417828;-51,17985249;"SPRF-RS";"DEL01/RS";"UOP02-DEL01-RS"
765586;2026-04-17;"sexta-feira";"08:10:00";"PR";369;53,5;"BANDEIRANTES";"Condutor deixou de manter distância do veículo da frente";"Colisão traseira";"Sem Vítimas";"Pleno dia";"Crescente";"Sol";"Simples";"Reta";"Não";3;0;0;0;2;1;0;3;-23,1038;-50,3544;"SPRF-PR";"DEL07/PR";"UOP05-DEL07-PR"
765587;2026-04-17;"sexta-feira";"08:01:00";"SC";280;167;"MAFRA";"Ausência de reação do condutor";"Tombamento";"Com Vítimas Feridas";"Pleno dia";"Decrescente";"Céu Claro";"Simples";"Interseção de Vias";"Sim";1;0;1;0;0;0;1;1;-26,164864;-49,8184669;"SPRF-SC";"DEL06/SC";"UOP01-DEL06-SC"
765588;2026-04-17;"sexta-feira";"08:00:00";"SC";280;33;"ARAQUARI";"Ausência de reação do condutor";"Colisão transversal";"Com Vítimas Feridas";"Pleno dia";"Decrescente";"Céu Claro";"Simples";"Reta;Interseção de Vias";"Sim";5;0;2;0;3;0;2;2;-26,4263885;-48,78832234;"SPRF-SC";"DEL03/SC";"UOP03-DEL03-SC"
765589;2026-04-17;"sexta-feira";"08:30:00";"RJ";116;194;"QUEIMADOS";"Manobra de mudança de faixa";"Colisão lateral mesmo sentido";"Com Vítimas Feridas";"Pleno dia";"Crescente";"Céu Claro";"Dupla";"Reta";"Não";2;0;1;0;1;0;1;2;-22,72465018;-43,56561631;"SPRF-RJ";"DEL06/RJ";"UOP01-DEL06-RJ"
765590;2026-03-28;"sábado";"21:20:00";"PE";232;4,5;"RECIFE";"Estacionar ou parar em local proibido";"Colisão traseira";"Sem Vítimas";"Plena Noite";"Crescente";"Nublado";"Dupla";"Viaduto";"Não";2;0;0;0;1;1;0;2;-8,066395;-34,941627;"SPRF-PE";"DEL01/PE";"UOP01-DEL01-PE"
765591;2026-04-17;"sexta-feira";"07:30:00";"RJ";393;178;"PARAIBA DO SUL";"Conversão proibida";"Colisão transversal";"Com Vítimas Feridas";"Pleno dia";"Crescente";"Céu Claro";"Simples";"Reta";"Sim";3;0;1;1;1;0;2;2;-22,1358161;-43,25095296;"SPRF-RJ";"DEL05/RJ";"UOP03-DEL05-RJ"
765592;2026-04-17;"sexta-feira";"08:05:00";"RS";290;68;"GRAVATAI";"Acumulo de óleo sobre o pavimento";"Queda de ocupante de veículo";"Com Vítimas Feridas";"Pleno dia";"Decrescente";"Céu Claro";"Simples";"Curva";"Não";1;0;1;0;0;0;1;1;-29,94273789;-50,89948654;"SPRF-RS";"DEL03/RS";"UOP01-DEL03-RS"
765593;2026-04-17;"sexta-feira";"07:00:00";"RJ";40;117;"DUQUE DE CAXIAS";"Reação tardia ou ineficiente do condutor";"Queda de ocupante de veículo";"Com Vítimas Feridas";"Pleno dia";"Decrescente";"Céu Claro";"Múltipla";"Reta";"Sim";1;0;1;0;0;0;1;1;-22,746703;-43,287717;"SPRF-RJ";"DEL01/RJ";"UOP02-DEL01-RJ"
765594;2026-04-17;"sexta-feira";"08:50:00";"PI";343;309;"ALTOS";"Ausência de reação do condutor";"Colisão transversal";"Com Vítimas Feridas";"Pleno dia";"Decrescente";"Céu Claro";"Simples";"Reta";"Sim";2;0;1;0;1;0;1;2;-5,037203;-42,447003;"SPRF-PI";"DEL01-PI";"UOP01-DEL01-PI"
765595;2026-04-17;"sexta-feira";"02:44:00";"MT";163;794;"SORRISO";"Transitar na contramão";"Colisão frontal";"Com Vítimas Feridas";"Plena Noite";"Crescente";"Nublado";"Simples";"Reta;Declive";"Não";3;0;0;2;1;0;2;2;-12,6976956;-55,8111873;"SPRF-MT";"DEL06/MT";"UOP02-DEL06-MT"
765596;2026-04-17;"sexta-feira";"08:10:00";"RJ";40;121;"DUQUE DE CAXIAS";"Trafegar com motocicleta (ou similar) entre as faixas";"Colisão traseira";"Com Vítimas Feridas";"Pleno dia";"Crescente";"Céu Claro";"Dupla";"Reta";"Sim";2;0;1;0;1;0;1;2;-22,78137093;-43,28637064;"SPRF-RJ";"DEL01/RJ";"UOP02-DEL01-RJ"
765599;2026-04-16;"quinta-feira";"23:20:00";"MA";10;177,6;"CAMPESTRE DO MARANHAO";"Velocidade Incompatível";"Colisão traseira";"Com Vítimas Feridas";"Plena Noite";"Decrescente";"Céu Claro";"Simples";"Reta";"Não";2;0;1;0;1;0;1;2;-6,165723;-47,366257;"SPRF-MA";"DEL04-MA";"UOP02-DEL04-MA"
765600;2026-04-17;"sexta-feira";"07:37:00";"PA";230;7;"ALTAMIRA";"Reação tardia ou ineficiente do condutor";"Colisão lateral mesmo sentido";"Com Vítimas Feridas";"Pleno dia";"Crescente";"Céu Claro";"Simples";"Reta";"Sim";2;0;1;0;1;0;1;2;-3,19220371;-52,21847892;"SPRF-PA";"DEL04/PA";"UOP01-DEL04-PA"
765602;2026-04-17;"sexta-feira";"09:00:00";"SP";381;17;"BRAGANCA PAULISTA";"Condutor deixou de manter distância do veículo da frente";"Engavetamento";"Com Vítimas Feridas";"Pleno dia";"Decrescente";"Céu Claro";"Dupla";"Aclive;Reta";"Sim";3;0;1;0;2;0;1;3;-22,96557423;-46,48385234;"SPRF-SP";"DEL03/SP";"UOP02-DEL03-SP"
765605;2026-04-17;"sexta-feira";"09:50:00";"PR";277;655,9;"MATELANDIA";"Reação tardia ou ineficiente do condutor";"Colisão traseira";"Com Vítimas Feridas";"Pleno dia";"Crescente";"Nublado";"Simples";"Aclive;Reta";"Não";2;0;1;0;1;0;1;2;-25,22644345;-53,95160168;"SPRF-PR";"DEL05/PR";"UOP02-DEL05-PR"
765606;2026-04-17;"sexta-feira";"10:30:00";"PB";412;67;"SERRA BRANCA";"Avarias e/ou desgaste excessivo no pneu";"Tombamento";"Com Vítimas Feridas";"Pleno dia";"Decrescente";"Sol";"Simples";"Reta";"Não";2;0;1;0;0;1;1;2;-7,453082;-36,599447;"SPRF-PB";"DEL02-PB";"UOP02-DEL02-PB"
765607;2026-04-17;"sexta-feira";"10:20:00";"MA";222;673;"ACAILANDIA";"Acesso irregular";"Colisão lateral sentido oposto";"Com Vítimas Feridas";"Pleno dia";"Decrescente";"Céu Claro";"Simples";"Interseção de Vias";"Sim";4;0;1;1;2;0;2;2;-4,9541662;-47,48859392;"SPRF-MA";"DEL04-MA";"UOP03-DEL04-MA"
765610;2026-04-17;"sexta-feira";"09:50:00";"SP";116;213;"GUARULHOS";"Reação tardia ou ineficiente do condutor";"Colisão traseira";"Sem Vítimas";"Pleno dia";"Decrescente";"Sol";"Múltipla";"Reta;Declive";"Sim";2;0;0;0;2;0;0;2;-23,44093303;-46,43920708;"SPRF-SP";"DEL01/SP";"UOP01-DEL01-SP"
765612;2026-04-17;"sexta-feira";"10:50:00";"PB";104;156;"BARRA DE SANTANA";"Transitar no Acostamento";"Tombamento";"Com Vítimas Feridas";"Pleno dia";"Decrescente";"Céu Claro";"Simples";"Aclive";"Não";1;0;1;0;0;0;1;1;-7,52271;-35,98923;"SPRF-PB";"DEL02-PB";"UOP03-DEL02-PB"
765613;2026-04-17;"sexta-feira";"12:15:00";"SC";280;29;"ARAQUARI";"Acessar a via sem observar a presença dos outros veículos";"Colisão transversal";"Com Vítimas Feridas";"Pleno dia";"Decrescente";"Céu Claro";"Simples";"Reta;Interseção de Vias";"Sim";2;0;1;0;1;0;1;2;-26,40965603;-48,75161521;"SPRF-SC";"DEL03/SC";"UOP03-DEL03-SC"
765614;2026-04-17;"sexta-feira";"10:00:00";"RO";174;14,9;"VILHENA";"Manobra de mudança de faixa";"Colisão lateral mesmo sentido";"Com Vítimas Feridas";"Pleno dia";"Decrescente";"Nublado";"Simples";"Reta";"Sim";1;0;1;0;0;0;1;1;-12,71811181;-60,1272279;"SPRF-RO";"DEL04-RO";"UOP01-DEL04-RO"
765615;2026-04-17;"sexta-feira";"11:50:00";"DF";70;8;"BRASILIA";"Reação tardia ou ineficiente do condutor";"Colisão traseira";"Com Vítimas Feridas";"Pleno dia";"Crescente";"Nublado";"Dupla";"Reta";"Não";4;0;1;0;3;0;1;4;-15,7867;-48,13947;"SPRF-DF";"DEL03-DF";"UOP02-DEL03-DF"
765616;2026-04-17;"sexta-feira";"12:20:00";"PE";232;100,2;"BEZERROS";"Acessar a via sem observar a presença dos outros veículos";"Colisão frontal";"Com Vítimas Feridas";"Pleno dia";"Decrescente";"Céu Claro";"Simples";"Interseção de Vias";"Sim";3;0;3;0;0;0;3;2;-8,23968;-35,74702;"SPRF-PE";"DEL02/PE";"UOP03-DEL02-PE"
765617;2026-04-17;"sexta-feira";"12:40:00";"ES";101;301;"VIANA";"Reação tardia ou ineficiente do condutor";"Colisão traseira";"Com Vítimas Feridas";"Pleno dia";"Crescente";"Céu Claro";"Dupla";"Curva;Interseção de Vias";"Não";2;0;1;0;1;0;1;2;-20,36271296;-40,4401803;"SPRF-ES";"DEL01-ES";"UOP01-DEL01-ES"
765620;2026-04-17;"sexta-feira";"12:30:00";"PR";116;65;"CAMPINA GRANDE DO SUL";"Frear bruscamente";"Colisão traseira";"Com Vítimas Feridas";"Pleno dia";"Crescente";"Céu Claro";"Dupla";"Reta;Declive";"Não";2;0;1;0;0;1;1;2;-25,27152655;-48,91847991;"SPRF-PR";"DEL01/PR";"UOP02-DEL01-PR"
765621;2026-04-17;"sexta-feira";"12:40:00";"ES";101;212;"IBIRACU";"Transitar no Acostamento";"Colisão transversal";"Com Vítimas Feridas";"Pleno dia";"Crescente";"Céu Claro";"Simples";"Reta";"Sim";2;0;1;0;1;0;1;2;-19,81668073;-40,36727697;"SPRF-ES";"DEL02-ES";"UOP01-DEL02-ES"
765622;2026-04-17;"sexta-feira";"11:58:00";"SP";101;42,3;"UBATUBA";"Condutor deixou de manter distância do veículo da frente";"Colisão traseira";"Com Vítimas Feridas";"Pleno dia";"Decrescente";"Céu Claro";"Simples";"Reta";"Não";2;0;1;0;1;0;1;2;-23,41356;-45,052348;"SPRF-SP";"DEL06/SP";"UOP01-DEL06-SP"
765623;2026-04-17;"sexta-feira";"12:10:00";"RS";386;45,5;"SEBERI";"Acessar a via sem observar a presença dos outros veículos";"Colisão traseira";"Com Vítimas Feridas";"Pleno dia";"Decrescente";"Nublado";"Simples";"Curva";"Não";2;0;1;0;1;0;1;2;-27,45205;-53,41384;"SPRF-RS";"DEL08/RS";"UOP02-DEL08-RS"
765624;2026-04-17;"sexta-feira";"13:00:00";"PR";369;202;"APUCARANA";"Desrespeitar a preferência no cruzamento";"Colisão transversal";"Com Vítimas Feridas";"Pleno dia";"Crescente";"Céu Claro";"Simples";"Reta;Interseção de Vias";"Sim";2;0;0;1;1;0;1;2;-23,54440815;-51,45407308;"SPRF-PR";"DEL07/PR";"UOP03-DEL07-PR"
765625;2026-02-22;"domingo";"22:45:00";"SP";381;31;"ATIBAIA";"Acessar a via sem observar a presença dos outros veículos";"Colisão transversal";"Com Vítimas Feridas";"Plena Noite";"Decrescente";"Céu Claro";"Múltipla";"Reta";"Sim";3;0;0;1;1;1;1;2;-23,05697632;-46,57098625;"SPRF-SP";"DEL03/SP";"UOP02-DEL03-SP"
765626;2026-04-17;"sexta-feira";"12:51:00";"PB";230;26;"JOAO PESSOA";"Ausência de reação do condutor";"Tombamento";"Com Vítimas Feridas";"Pleno dia";"Crescente";"Céu Claro";"Dupla";"Reta";"Sim";1;0;1;0;0;0;1;1;-7,16624;-34,88773;"SPRF-PB";"DEL01-PB";"UOP01-DEL01-PB"
765627;2026-04-17;"sexta-feira";"12:47:00";"PA";163;992;"SANTAREM";"Condutor deixou de manter distância do veículo da frente";"Colisão traseira";"Com Vítimas Feridas";"Pleno dia";"Decrescente";"Nublado";"Simples";"Reta";"Não";2;0;1;0;1;0;1;2;-2,538833;-54,722842;"SPRF-PA";"DEL05/PA";"UOP01-DEL05-PA"
765629;2026-03-28;"sábado";"20:40:00";"SP";116;130;"CACAPAVA";"Reação tardia ou ineficiente do condutor";"Colisão traseira";"Com Vítimas Feridas";"Plena Noite";"Decrescente";"Nublado";"Dupla";"Reta";"Sim";2;0;1;1;0;0;2;2;-23,1248018;-45,7328936;"SPRF-SP";"DEL02/SP";"UOP02-DEL02-SP"
765631;2026-04-17;"sexta-feira";"13:20:00";"BA";101;435;"UBAITABA";"Condutor deixou de manter distância do veículo da frente";"Colisão traseira";"Com Vítimas Feridas";"Pleno dia";"Crescente";"Céu Claro";"Simples";"Declive";"Não";4;0;2;0;2;0;2;2;-14,2877784;-39,3248012;"SPRF-BA";"DEL05/BA";"UOP01-DEL05-BA"
765633;2026-04-17;"sexta-feira";"13:01:00";"PE";104;31,3;"CARUARU";"Acessar a via sem observar a presença dos outros veículos";"Colisão transversal";"Com Vítimas Feridas";"Pleno dia";"Decrescente";"Céu Claro";"Simples";"Curva;Interseção de Vias";"Sim";2;0;1;0;1;0;1;2;-8,01387;-36,0565;"SPRF-PE";"DEL02/PE";"UOP01-DEL02-PE"
765636;2026-04-17;"sexta-feira";"13:10:00";"PI";343;4,5;"TERESINA";"Manobra de mudança de faixa";"Colisão lateral mesmo sentido";"Com Vítimas Feridas";"Pleno dia";"Decrescente";"Céu Claro";"Múltipla";"Reta";"Sim";2;0;1;0;1;0;1;2;-5,08099607;-42,791318;"SPRF-PI";"DEL01-PI";"UOP01-DEL01-PI"
765637;2026-04-17;"sexta-feira";"13:45:00";"RJ";465;21;"RIO DE JANEIRO";"Acesso irregular";"Colisão transversal";"Com Vítimas Feridas";"Pleno dia";"Crescente";"Céu Claro";"Simples";"Reta";"Sim";2;0;1;0;1;0;1;2;-22,86011022;-43,60168632;"SPRF-RJ";"DEL06/RJ";"UOP02-DEL06-RJ"
765638;2026-04-17;"sexta-feira";"05:55:00";"BA";420;247;"MUTUIPE";"Ultrapassagem Indevida";"Colisão frontal";"Com Vítimas Feridas";"Pleno dia";"Decrescente";"Céu Claro";"Simples";"Curva";"Não";2;0;0;1;0;1;1;2;-13,217741;-39,485498;"SPRF-BA";"DEL11/BA";"UOP01-DEL11-BA"
765640;2026-04-17;"sexta-feira";"14:00:00";"PI";316;12;"TERESINA";"Transitar na contramão";"Colisão frontal";"Com Vítimas Feridas";"Pleno dia";"Decrescente";"Céu Claro";"Múltipla";"Reta;Interseção de Vias";"Sim";2;0;1;0;1;0;1;2;-5,198466;-42,758602;"SPRF-PI";"DEL01-PI";"UOP02-DEL01-PI"
765643;2026-04-17;"sexta-feira";"14:00:00";"PR";277;122;"CAMPO LARGO";"Reação tardia ou ineficiente do condutor";"Colisão traseira";"Com Vítimas Feridas";"Pleno dia";"Decrescente";"Céu Claro";"Dupla";"Reta";"Sim";6;0;1;0;5;0;1;2;-25,446398;-49,491622;"SPRF-PR";"DEL01/PR";"UOP07-DEL01-PR"
765645;2026-04-17;"sexta-feira";"14:00:00";"SC";282;157,1;"BOM RETIRO";"Ausência de reação do condutor";"Colisão lateral sentido oposto";"Com Vítimas Feridas";"Pleno dia";"Decrescente";"Céu Claro";"Simples";"Reta";"Não";6;0;0;2;3;1;2;3;-27,74269;-49,72714;"SPRF-SC";"DEL05/SC";"UOP01-DEL05-SC"