"id";"data_inversa";"dia_semana";"horario";"uf";"br";"km";"municipio";"causa_acidente";"tipo_acidente";"classificacao_acidente";"fase_dia";"sentido_via";"condicao_metereologica";"tipo_pista";"tracado_via";"uso_solo";"pessoas";"mortos";"feridos_leves";"feridos_graves";"ilesos";"ignorados";"feridos";"veiculos";"latitude";"longitude";"regional";"delegacia";"uop"
765646;2026-04-17;"sexta-feira";"14:05:00";"GO";40;4;"VALPARAISO DE GOIAS";"Condutor deixou de manter distância do veículo da frente";"Colisão traseira";"Com Vítimas Feridas";"Pleno dia";"Decrescente";"Céu Claro";"Dupla";"Reta";"Sim";3;0;2;0;1;0;2;2;-16,08708197;-47,98556364;"SPRF-DF";"DEL01-DF";"UOP01-DEL01-DF"
765648;2026-04-17;"sexta-feira";"11:50:00";"PE";232;409;"SERRA TALHADA";"Ultrapassagem Indevida";"Colisão frontal";"Com Vítimas Feridas";"Pleno dia";"Crescente";"Sol";"Simples";"Reta";"Sim";3;0;1;2;0;0;3;2;-7,98179211;-38,29241753;"SPRF-PE";"DEL04/PE";"UOP01-DEL04-PE"
765650;2026-04-17;"sexta-feira";"10:50:00";"RJ";101;382;"ANGRA DOS REIS";"Acessar a via sem observar a presença dos outros veículos";"Colisão transversal";"Com Vítimas Feridas";"Pleno dia";"Decrescente";"Céu Claro";"Simples";"Curva";"Não";2;0;1;0;1;0;1;2;-23,00496327;-44,29787625;"SPRF-RJ";"DEL03/RJ";"UOP01-DEL03-RJ"
765651;2026-04-17;"sexta-feira";"10:40:00";"RS";290;74;"GRAVATAI";"Reação tardia ou ineficiente do condutor";"Saída de leito carroçável";"Sem Vítimas";"Pleno dia";"Decrescente";"Céu Claro";"Dupla";"Reta";"Não";1;0;0;0;0;1;0;1;-29,95468357;-51,00214005;"SPRF-RS";"DEL03/RS";"UOP01-DEL03-RS"
765652;2026-04-17;"sexta-feira";"15:25:00";"BA";116;11,2;"VITORIA DA CONQUISTA";"Desrespeitar a preferência no cruzamento";"Colisão transversal";"Sem Vítimas";"Pleno dia";"Decrescente";"Sol";"Simples";"Reta";"Sim";2;0;0;0;2;0;0;2;-14,87321694;-40,87136149;"SPRF-BA";"DEL08/BA";"UOP01-DEL08-BA"
765655;2026-04-17;"sexta-feira";"14:30:00";"MG";116;524,5;"CARATINGA";"Acessar a via sem observar a presença dos outros veículos";"Colisão transversal";"Com Vítimas Feridas";"Pleno dia";"Crescente";"Céu Claro";"Simples";"Curva;Interseção de Vias";"Sim";2;0;2;0;0;0;2;2;-19,768666;-42,1312633;"SPRF-MG";"DEL06/MG";"UOP02-DEL06-MG"
765656;2026-04-17;"sexta-feira";"09:35:00";"PR";116;75;"PIRAQUARA";"Condutor deixou de manter distância do veículo da frente";"Tombamento";"Com Vítimas Feridas";"Pleno dia";"Crescente";"Céu Claro";"Dupla";"Reta";"Não";1;0;1;0;0;0;1;1;-25,39913652;-49,099617;"SPRF-PR";"DEL01/PR";"UOP02-DEL01-PR"
765657;2026-04-17;"sexta-feira";"15:30:00";"SC";280;28,7;"ARAQUARI";"Acessar a via sem observar a presença dos outros veículos";"Colisão lateral mesmo sentido";"Com Vítimas Feridas";"Pleno dia";"Decrescente";"Céu Claro";"Simples";"Reta";"Sim";2;0;1;0;1;0;1;2;-26,40645257;-48,74742502;"SPRF-SC";"DEL03/SC";"UOP03-DEL03-SC"
765658;2026-04-13;"segunda-feira";"02:05:00";"MG";116;410;"GOVERNADOR VALADARES";"Iluminação deficiente";"Colisão traseira";"Com Vítimas Feridas";"Plena Noite";"Crescente";"Nublado";"Dupla";"Reta";"Sim";2;0;1;0;0;1;1;2;-18,86288047;-41,97432786;"SPRF-MG";"DEL06/MG";"UOP01-DEL06-MG"
765661;2026-04-17;"sexta-feira";"15:45:00";"RS";386;435,2;"NOVA SANTA RITA";"Acessar a via sem observar a presença dos outros veículos";"Colisão transversal";"Com Vítimas Feridas";"Pleno dia";"Crescente";"Céu Claro";"Simples";"Interseção de Vias;Rotatória";"Sim";2;0;1;0;1;0;1;2;-29,847868;-51,270771;"SPRF-RS";"DEL04/RS";"UOP02-DEL04-RS"
765664;2026-04-17;"sexta-feira";"15:50:00";"MG";40;501,1;"ESMERALDAS";"Avarias e/ou desgaste excessivo no pneu";"Tombamento";"Com Vítimas Feridas";"Pleno dia";"Decrescente";"Céu Claro";"Dupla";"Aclive;Reta";"Não";2;0;2;0;0;0;2;1;-19,7385;-44,14923;"SPRF-MG";"DEL02/MG";"UOP01-DEL02-MG"
765665;2026-04-17;"sexta-feira";"16:07:00";"RN";406;162;"SAO GONCALO DO AMARANTE";"Conversão proibida";"Colisão transversal";"Com Vítimas Fatais";"Pleno dia";"Decrescente";"Céu Claro";"Simples";"Declive";"Não";3;1;0;1;1;0;1;2;-5,732067;-35,357995;"SPRF-RN";"DEL02-RN";"UOP01-DEL02-RN"
765667;2026-04-17;"sexta-feira";"15:35:00";"SC";280;26;"ARAQUARI";"Trafegar com motocicleta (ou similar) entre as faixas";"Colisão transversal";"Com Vítimas Feridas";"Pleno dia";"Decrescente";"Céu Claro";"Simples";"Reta";"Sim";3;0;2;0;1;0;2;2;-26,39411683;-48,73827744;"SPRF-SC";"DEL03/SC";"UOP03-DEL03-SC"
765668;2026-04-17;"sexta-feira";"08:30:00";"MT";70;274,6;"PRIMAVERA DO LESTE";"Ausência de reação do condutor";"Saída de leito carroçável";"Com Vítimas Feridas";"Pleno dia";"Decrescente";"Céu Claro";"Simples";"Reta;Declive";"Sim";1;0;0;1;0;0;1;1;-15,57997526;-54,41931009;"SPRF-MT";"DEL05/MT";"UOP01-DEL05-MT"
765670;2026-04-17;"sexta-feira";"15:00:00";"GO";40;9;"LUZIANIA";"Acessar a via sem observar a presença dos outros veículos";"Colisão traseira";"Com Vítimas Feridas";"Pleno dia";"Crescente";"Céu Claro";"Dupla";"Retorno Regulamentado;Reta";"Sim";3;0;0;1;2;0;1;3;-16,17311;-47,92964;"SPRF-DF";"DEL01-DF";"UOP01-DEL01-DF"
765672;2026-03-29;"domingo";"18:20:00";"RN";405;187,6;"MAJOR SALES";"Transitar na contramão";"Colisão frontal";"Com Vítimas Fatais";"Plena Noite";"Decrescente";"Céu Claro";"Simples";"Reta";"Não";2;1;0;1;0;0;1;2;-6,412077;-38,323963;"SPRF-RN";"DEL04-RN";"UOP02-DEL04-RN"
765673;2026-04-17;"sexta-feira";"14:25:00";"PE";408;91,5;"SAO LOURENCO DA MATA";"Demais falhas mecânicas ou elétricas";"Incêndio";"Sem Vítimas";"Pleno dia";"Decrescente";"Céu Claro";"Dupla";"Reta;Declive";"Não";1;0;0;0;0;1;0;1;-8,04248;-35,02178;"SPRF-PE";"DEL01/PE";"UOP01-DEL01-PE"
765674;2026-04-17;"sexta-feira";"15:20:00";"MG";40;377,1;"CURVELO";"Reação tardia ou ineficiente do condutor";"Saída de leito carroçável";"Com Vítimas Feridas";"Pleno dia";"Decrescente";"Céu Claro";"Simples";"Reta";"Não";3;0;2;1;0;0;3;1;-18,86129;-44,74076;"SPRF-MG";"DEL02/MG";"UOP01-DEL02-MG"
765679;2026-04-17;"sexta-feira";"16:41:00";"PE";101;44;"IGARASSU";"Acessar a via sem observar a presença dos outros veículos";"Colisão lateral mesmo sentido";"Com Vítimas Feridas";"Anoitecer";"Decrescente";"Sol";"Múltipla";"Retorno Regulamentado;Declive";"Sim";3;0;1;1;0;1;2;3;-7,85761826;-34,90818707;"SPRF-PE";"DEL01/PE";"UOP02-DEL01-PE"
765680;2026-04-17;"sexta-feira";"17:20:00";"SC";101;193;"BIGUACU";"Reação tardia ou ineficiente do condutor";"Colisão traseira";"Com Vítimas Feridas";"Pleno dia";"Decrescente";"Céu Claro";"Dupla";"Reta";"Sim";2;0;1;0;1;0;1;2;-27,49181203;-48,65643946;"SPRF-SC";"DEL01/SC";"UOP01-DEL01-SC"
765681;2026-04-17;"sexta-feira";"16:40:00";"PR";277;663;"MATELANDIA";"Ausência de reação do condutor";"Saída de leito carroçável";"Com Vítimas Feridas";"Pleno dia";"Crescente";"Céu Claro";"Dupla";"Reta";"Não";2;0;2;0;0;0;2;1;-25,25169;-54,006115;"SPRF-PR";"DEL05/PR";"UOP02-DEL05-PR"
765682;2026-04-17;"sexta-feira";"17:15:00";"PE";101;45;"IGARASSU";"Entrada inopinada do pedestre";"Atropelamento de Pedestre";"Com Vítimas Feridas";"Anoitecer";"Crescente";"Céu Claro";"Múltipla";"Reta";"Sim";2;0;1;0;1;0;1;2;-7,872219;-34,906126;"SPRF-PE";"DEL01/PE";"UOP02-DEL01-PE"
765683;2026-04-17;"sexta-feira";"17:40:00";"SP";101;48;"UBATUBA";"Ausência de reação do condutor";"Colisão lateral sentido oposto";"Com Vítimas Feridas";"Anoitecer";"Crescente";"Céu Claro";"Simples";"Rotatória";"Sim";2;0;1;0;1;0;1;2;-23,4336019;-45,08590506;"SPRF-SP";"DEL06/SP";"UOP01-DEL06-SP"
765684;2026-04-17;"sexta-feira";"17:35:00";"GO";60;378;"RIO VERDE";"Reação tardia ou ineficiente do condutor";"Colisão lateral mesmo sentido";"Com Vítimas Feridas";"Anoitecer";"Crescente";"Céu Claro";"Dupla";"Curva;Retorno Regulamentado";"Sim";3;0;1;0;2;0;1;2;-17,7712717;-50,8851767;"SPRF-GO";"DEL04/GO";"UOP02-DEL04-GO"
765685;2026-04-17;"sexta-feira";"14:10:00";"SC";101;25,6;"JOINVILLE";"Velocidade Incompatível";"Saída de leito carroçável";"Com Vítimas Feridas";"Pleno dia";"Decrescente";"Céu Claro";"Dupla";"Interseção de Vias;Reta";"Sim";1;0;0;1;0;0;1;1;-26,18819011;-48,91157119;"SPRF-SC";"DEL03/SC";"UOP01-DEL03-SC"
765688;2026-04-17;"sexta-feira";"15:30:00";"PR";487;139;"TUNEIRAS DO OESTE";"Desrespeitar a preferência no cruzamento";"Colisão transversal";"Com Vítimas Feridas";"Pleno dia";"Decrescente";"Nublado";"Simples";"Aclive;Interseção de Vias;Reta";"Não";4;0;1;1;2;0;2;2;-23,87465019;-52,85461172;"SPRF-PR";"DEL09/PR";"UOP03-DEL09-PR"
765689;2026-04-17;"sexta-feira";"15:00:00";"MG";40;143;"JOAO PINHEIRO";"Acessar a via sem observar a presença dos outros veículos";"Colisão transversal";"Com Vítimas Feridas";"Pleno dia";"Decrescente";"Céu Claro";"Simples";"Interseção de Vias;Reta";"Sim";2;0;1;0;0;1;1;2;-17,74688824;-46,17548347;"SPRF-MG";"DEL14/MG";"UOP01-DEL14-MG"
765690;2026-04-17;"sexta-feira";"17:52:00";"SC";101;208;"SAO JOSE";"Conversão proibida";"Colisão traseira";"Com Vítimas Feridas";"Pleno dia";"Crescente";"Céu Claro";"Dupla";"Reta";"Sim";2;0;1;0;0;1;1;2;-27,6042578;-48,63334608;"SPRF-SC";"DEL01/SC";"UOP01-DEL01-SC"
765691;2026-04-17;"sexta-feira";"17:30:00";"SP";381;57;"MAIRIPORA";"Ausência de reação do condutor";"Colisão lateral mesmo sentido";"Com Vítimas Feridas";"Anoitecer";"Decrescente";"Céu Claro";"Dupla";"Declive;Reta";"Não";5;0;1;0;4;0;1;2;-23,27450409;-46,58522224;"SPRF-SP";"DEL03/SP";"UOP01-DEL03-SP"
765692;2026-04-17;"sexta-feira";"17:06:00";"TO";153;297;"PRESIDENTE KENNEDY";"Reação tardia ou ineficiente do condutor";"Saída de leito carroçável";"Sem Vítimas";"Pleno dia";"Decrescente";"Céu Claro";"Simples";"Reta;Declive";"Não";1;0;0;0;0;1;0;1;-8,50515;-48,48834;"SPRF-TO";"DEL02-TO";"UOP02-DEL02-TO"
765693;2026-04-17;"sexta-feira";"17:42:00";"SP";116;217;"GUARULHOS";"Ingestão de substâncias psicoativas pelo condutor";"Colisão lateral mesmo sentido";"Com Vítimas Feridas";"Amanhecer";"Crescente";"Céu Claro";"Múltipla";"Declive";"Sim";1;0;1;0;0;0;1;1;-23,45622855;-46,47719669;"SPRF-SP";"DEL01/SP";"UOP01-DEL01-SP"
765694;2026-04-17;"sexta-feira";"18:10:00";"ES";101;52,2;"CONCEICAO DA BARRA";"Ultrapassagem Indevida";"Saída de leito carroçável";"Com Vítimas Feridas";"Plena Noite";"Crescente";"Nublado";"Simples";"Reta";"Não";1;0;1;0;0;0;1;1;-18,605218;-39,886509;"SPRF-ES";"DEL04-ES";"UOP02-DEL04-ES"
765696;2026-04-17;"sexta-feira";"17:00:00";"SC";101;38,9;"JOINVILLE";"Reação tardia ou ineficiente do condutor";"Colisão traseira";"Com Vítimas Feridas";"Pleno dia";"Crescente";"Nublado";"Dupla";"Reta";"Sim";3;0;1;0;2;0;1;2;-26,29952278;-48,88360262;"SPRF-SC";"DEL03/SC";"UOP01-DEL03-SC"
765697;2026-04-17;"sexta-feira";"17:30:00";"RS";290;176,8;"BUTIA";"Conversão proibida";"Colisão frontal";"Com Vítimas Feridas";"Pleno dia";"Decrescente";"Céu Claro";"Simples";"Reta";"Não";2;0;1;0;1;0;1;2;-30,13209328;-51,97791144;"SPRF-RS";"DEL02/RS";"UOP03-DEL02-RS"
765698;2026-04-17;"sexta-feira";"18:00:00";"GO";60;171,2;"ABADIA DE GOIAS";"Acesso irregular";"Colisão transversal";"Com Vítimas Feridas";"Anoitecer";"Crescente";"Chuva";"Dupla";"Reta;Retorno Regulamentado;Declive";"Sim";2;0;0;1;1;0;1;2;-16,74392317;-49,41786714;"SPRF-GO";"DEL01/GO";"UOP02-DEL01-GO"
765700;2026-04-17;"sexta-feira";"18:00:00";"GO";70;0;"AGUAS LINDAS DE GOIAS";"Ultrapassagem Indevida";"Colisão lateral mesmo sentido";"Sem Vítimas";"Anoitecer";"Decrescente";"Nublado";"Dupla";"Declive;Curva";"Não";2;0;0;0;2;0;0;2;-15,7832716;-48,23287725;"SPRF-DF";"DEL03-DF";"UOP02-DEL03-DF"
765702;2026-04-17;"sexta-feira";"18:20:00";"RS";116;234;"NOVO HAMBURGO";"Ausência de reação do condutor";"Colisão traseira";"Com Vítimas Feridas";"Anoitecer";"Decrescente";"Nublado";"Dupla";"Reta";"Sim";2;0;1;0;1;0;1;2;-29,6601681;-51,1438419;"SPRF-RS";"DEL01/RS";"UOP02-DEL01-RS"
765703;2026-04-17;"sexta-feira";"17:13:00";"SC";470;37,4;"GASPAR";"Ingestão de álcool pelo condutor";"Colisão traseira";"Com Vítimas Feridas";"Pleno dia";"Crescente";"Céu Claro";"Dupla";"Curva";"Não";5;0;3;1;1;0;4;2;-26,90737763;-48,97828921;"SPRF-SC";"DEL04/SC";"UOP01-DEL04-SC"
765704;2026-04-17;"sexta-feira";"18:00:00";"RJ";101;295;"ITABORAI";"Condutor deixou de manter distância do veículo da frente";"Colisão traseira";"Com Vítimas Feridas";"Plena Noite";"Decrescente";"Céu Claro";"Simples";"Declive";"Sim";2;0;1;0;1;0;1;2;-22,76185678;-42,89963722;"SPRF-RJ";"DEL02/RJ";"UOP02-DEL02-RJ"
765705;2026-04-05;"domingo";"23:15:00";"BA";324;607;"SIMOES FILHO";"Condutor deixou de manter distância do veículo da frente";"Colisão traseira";"Com Vítimas Feridas";"Plena Noite";"Crescente";"Céu Claro";"Dupla";"Reta";"Sim";2;0;1;0;0;1;1;2;-12,81819989;-38,40685263;"SPRF-BA";"DEL01/BA";"UOP01-DEL01-BA"
765706;2026-04-17;"sexta-feira";"17:30:00";"SC";101;132,1;"CAMBORIU";"Conversão proibida";"Colisão lateral mesmo sentido";"Com Vítimas Feridas";"Anoitecer";"Crescente";"Nublado";"Dupla";"Viaduto";"Sim";3;0;1;0;2;0;1;3;-26,9969429;-48,65468272;"SPRF-SC";"DEL04/SC";"UOP03-DEL04-SC"
765707;2026-04-17;"sexta-feira";"12:30:00";"RJ";101;328;"NITEROI";"Demais falhas mecânicas ou elétricas";"Incêndio";"Sem Vítimas";"Pleno dia";"Decrescente";"Céu Claro";"Dupla";"Reta";"Não";1;0;0;0;1;0;0;1;-22,87197669;-43,15582622;"SPRF-RJ";"DEL02/RJ";"UOP01-DEL02-RJ"
765708;2026-04-17;"sexta-feira";"18:00:00";"CE";116;56;"PACAJUS";"Reação tardia ou ineficiente do condutor";"Colisão traseira";"Com Vítimas Feridas";"Plena Noite";"Crescente";"Céu Claro";"Simples";"Reta";"Sim";3;0;1;0;2;0;1;2;-4,219;-38,475296;"SPRF-CE";"DEL01/CE";"UOP04-DEL01-CE"
765709;2026-04-17;"sexta-feira";"12:50:00";"SC";470;67;"INDAIAL";"Desrespeitar a preferência no cruzamento";"Colisão transversal";"Com Vítimas Feridas";"Pleno dia";"Crescente";"Céu Claro";"Simples";"Viaduto";"Sim";2;0;1;0;1;0;1;2;-26,875207;-49,236022;"SPRF-SC";"DEL04/SC";"UOP01-DEL04-SC"
765710;2026-04-17;"sexta-feira";"17:05:00";"RS";386;34,1;"FREDERICO WESTPHALEN";"Acessar a via sem observar a presença dos outros veículos";"Colisão transversal";"Com Vítimas Feridas";"Pleno dia";"Crescente";"Nublado";"Simples";"Interseção de Vias";"Sim";3;0;0;2;1;0;2;2;-27,36133911;-53,38975489;"SPRF-RS";"DEL08/RS";"UOP02-DEL08-RS"
765711;2026-04-17;"sexta-feira";"18:35:00";"SC";280;128,9;"RIO NEGRINHO";"Transitar na contramão";"Colisão transversal";"Com Vítimas Feridas";"Pleno dia";"Decrescente";"Nublado";"Simples";"Interseção de Vias;Rotatória";"Sim";2;0;1;0;1;0;1;2;-26,245845;-49,521745;"SPRF-SC";"DEL06/SC";"UOP03-DEL06-SC"
765712;2026-04-17;"sexta-feira";"09:25:00";"RJ";40;104;"DUQUE DE CAXIAS";"Ausência de reação do condutor";"Colisão traseira";"Com Vítimas Feridas";"Pleno dia";"Crescente";"Céu Claro";"Múltipla";"Reta";"Sim";3;0;0;1;1;1;1;2;-22,62474466;-43,28694324;"SPRF-RJ";"DEL01/RJ";"UOP02-DEL01-RJ"
765713;2026-04-17;"sexta-feira";"18:15:00";"SC";101;201,4;"SAO JOSE";"Manobra de mudança de faixa";"Colisão lateral mesmo sentido";"Com Vítimas Feridas";"Plena Noite";"Decrescente";"Céu Claro";"Múltipla";"Reta";"Não";4;0;0;1;3;0;1;2;-27,552355;-48,619402;"SPRF-SC";"DEL01/SC";"UOP01-DEL01-SC"
765714;2026-04-17;"sexta-feira";"18:00:00";"ES";101;211,8;"IBIRACU";"Acessar a via sem observar a presença dos outros veículos";"Colisão transversal";"Com Vítimas Feridas";"Anoitecer";"Decrescente";"Nublado";"Simples";"Curva";"Sim";2;0;2;0;0;0;2;2;-19,81298415;-40,36539674;"SPRF-ES";"DEL02-ES";"UOP01-DEL02-ES"
765715;2026-04-17;"sexta-feira";"17:00:00";"PR";376;221,3;"CAMBIRA";"Demais falhas mecânicas ou elétricas";"Saída de leito carroçável";"Com Vítimas Feridas";"Pleno dia";"Crescente";"Nublado";"Dupla";"Reta;Declive";"Não";2;0;2;0;0;0;2;1;-23,601358;-51,602176;"SPRF-PR";"DEL09/PR";"UOP01-DEL09-PR"
765717;2026-04-17;"sexta-feira";"17:30:00";"PR";376;620;"SAO JOSE DOS PINHAIS";"Acessar a via sem observar a presença dos outros veículos";"Atropelamento de Pedestre";"Com Vítimas Feridas";"Pleno dia";"Decrescente";"Céu Claro";"Simples";"Reta";"Sim";2;0;1;0;1;0;1;2;-25,615098;-49,16995025;"SPRF-PR";"DEL01/PR";"UOP04-DEL01-PR"
765719;2026-04-17;"sexta-feira";"18:23:00";"RN";304;24;"MOSSORO";"Reação tardia ou ineficiente do condutor";"Saída de leito carroçável";"Com Vítimas Feridas";"Plena Noite";"Decrescente";"Chuva";"Dupla";"Rotatória";"Não";2;0;0;2;0;0;2;1;-5,0667161;-37,3309936;"SPRF-RN";"DEL04-RN";"UOP02-DEL04-RN"
765720;2026-04-17;"sexta-feira";"18:45:00";"PR";116;156;"MANDIRITUBA";"Reação tardia ou ineficiente do condutor";"Tombamento";"Com Vítimas Feridas";"Plena Noite";"Decrescente";"Nublado";"Simples";"Aclive;Reta";"Não";2;0;1;0;0;1;1;2;-25,8634005;-49,3979044;"SPRF-PR";"DEL01/PR";"UOP03-DEL01-PR"
765721;2026-04-17;"sexta-feira";"18:00:00";"PR";369;496;"CASCAVEL";"Condutor deixou de manter distância do veículo da frente";"Colisão lateral mesmo sentido";"Com Vítimas Feridas";"Anoitecer";"Crescente";"Céu Claro";"Simples";"Reta";"Não";3;0;1;0;1;1;1;3;-24,884337;-53,346385;"SPRF-PR";"DEL04/PR";"UOP01-DEL04-PR"
765722;2026-04-17;"sexta-feira";"18:50:00";"RJ";116;187;"NOVA IGUACU";"Condutor deixou de manter distância do veículo da frente";"Colisão traseira";"Com Vítimas Feridas";"Plena Noite";"Decrescente";"Céu Claro";"Dupla";"Reta";"Sim";2;0;1;0;1;0;1;2;-22,739235;-43,469114;"SPRF-RJ";"DEL06/RJ";"UOP01-DEL06-RJ"
765723;2026-04-17;"sexta-feira";"15:08:00";"PI";316;297,8;"PICOS";"Reação tardia ou ineficiente do condutor";"Colisão com objeto";"Com Vítimas Feridas";"Pleno dia";"Decrescente";"Sol";"Dupla";"Aclive;Curva";"Não";4;0;1;0;3;0;1;1;-7,027253;-41,5575;"SPRF-PI";"DEL04-PI";"UOP01-DEL04-PI"
765724;2026-04-17;"sexta-feira";"18:50:00";"SC";282;525,9;"XAXIM";"Mal súbito do condutor";"Saída de leito carroçável";"Com Vítimas Feridas";"Plena Noite";"Crescente";"Céu Claro";"Simples";"Curva";"Não";1;0;1;0;0;0;1;1;-26,96739552;-52,57131243;"SPRF-SC";"DEL07/SC";"UOP01-DEL07-SC"
765725;2026-04-17;"sexta-feira";"18:00:00";"BA";101;753;"ITABELA";"Acessar a via sem observar a presença dos outros veículos";"Colisão transversal";"Com Vítimas Feridas";"Plena Noite";"Crescente";"Céu Claro";"Simples";"Reta";"Não";2;0;0;1;1;0;1;2;-16,62677;-39,52594;"SPRF-BA";"DEL09/BA";"UOP01-DEL09-BA"
765730;2026-04-17;"sexta-feira";"18:40:00";"PR";277;108;"CURITIBA";"Trafegar com motocicleta (ou similar) entre as faixas";"Colisão traseira";"Sem Vítimas";"Anoitecer";"Decrescente";"Céu Claro";"Dupla";"Reta";"Não";2;0;0;0;1;1;0;2;-25,4272018;-49,38117552;"SPRF-PR";"DEL01/PR";"UOP06-DEL01-PR"
765732;2026-04-17;"sexta-feira";"19:25:00";"PE";101;49,9;"ABREU E LIMA";"Acessar a via sem observar a presença dos outros veículos";"Colisão frontal";"Com Vítimas Feridas";"Plena Noite";"Crescente";"Céu Claro";"Múltipla";"Reta;Interseção de Vias";"Sim";2;0;0;1;1;0;1;2;-7,90850564;-34,90214825;"SPRF-PE";"DEL01/PE";"UOP02-DEL01-PE"
765733;2026-04-17;"sexta-feira";"19:45:00";"SC";282;4,7;"SAO JOSE";"Manobra de mudança de faixa";"Colisão lateral mesmo sentido";"Com Vítimas Feridas";"Plena Noite";"Decrescente";"Céu Claro";"Múltipla";"Reta";"Sim";2;0;1;0;1;0;1;2;-27,589643;-48,610412;"SPRF-SC";"DEL01/SC";"UOP01-DEL01-SC"
765734;2026-04-17;"sexta-feira";"15:50:00";"MT";163;643;"LUCAS DO RIO VERDE";"Transitar na contramão";"Colisão frontal";"Com Vítimas Feridas";"Pleno dia";"Decrescente";"Céu Claro";"Simples";"Reta";"Não";2;0;2;0;0;0;2;2;-13,42701143;-56,0808656;"SPRF-MT";"DEL06/MT";"UOP01-DEL06-MT"
765735;2026-04-17;"sexta-feira";"19:20:00";"SC";470;55,6;"BLUMENAU";"Conversão proibida";"Colisão traseira";"Com Vítimas Feridas";"Plena Noite";"Decrescente";"Céu Claro";"Simples";"Reta";"Sim";8;0;1;0;7;0;1;3;-26,8764305;-49,12426114;"SPRF-SC";"DEL04/SC";"UOP01-DEL04-SC"
765736;2026-04-17;"sexta-feira";"19:00:00";"CE";304;68,3;"ARACATI";"Demais falhas mecânicas ou elétricas";"Incêndio";"Sem Vítimas";"Plena Noite";"Crescente";"Céu Claro";"Simples";"Reta";"Não";1;0;0;0;0;1;0;1;-4,5759938;-37,731696;"SPRF-CE";"DEL03/CE";"UOP02-DEL03-CE"
765737;2026-04-17;"sexta-feira";"09:15:00";"SC";101;324;"PESCARIA BRAVA";"Transtornos Mentais (exceto suicidio)";"Colisão traseira";"Sem Vítimas";"Pleno dia";"Crescente";"Nublado";"Múltipla";"Reta";"Não";2;0;0;0;2;0;0;2;-28,424796;-48,931514;"SPRF-SC";"DEL02/SC";"UOP01-DEL02-SC"
765739;2026-04-17;"sexta-feira";"19:40:00";"RJ";101;320;"NITEROI";"Condutor deixou de manter distância do veículo da frente";"Colisão traseira";"Com Vítimas Feridas";"Plena Noite";"Decrescente";"Céu Claro";"Dupla";"Curva";"Não";2;0;1;0;0;1;1;2;-22,86810881;-43,11086655;"SPRF-RJ";"DEL02/RJ";"UOP01-DEL02-RJ"
765741;2026-04-17;"sexta-feira";"19:17:00";"PE";232;408;"SERRA TALHADA";"Desrespeitar a preferência no cruzamento";"Colisão lateral mesmo sentido";"Com Vítimas Feridas";"Plena Noite";"Decrescente";"Céu Claro";"Simples";"Aclive;Interseção de Vias";"Sim";2;0;2;0;0;0;2;2;-7,98267398;-38,28663468;"SPRF-PE";"DEL04/PE";"UOP01-DEL04-PE"
765743;2026-04-17;"sexta-feira";"19:30:00";"SC";101;46;"JOINVILLE";"Ausência de reação do condutor";"Colisão lateral mesmo sentido";"Com Vítimas Feridas";"Plena Noite";"Crescente";"Céu Claro";"Dupla";"Reta;Interseção de Vias";"Não";2;0;1;0;1;0;1;2;-26,35928943;-48,8590428;"SPRF-SC";"DEL03/SC";"UOP01-DEL03-SC"
765744;2026-04-17;"sexta-feira";"16:40:00";"SC";470;199,3;"PONTE ALTA";"Desrespeitar a preferência no cruzamento";"Colisão transversal";"Com Vítimas Feridas";"Pleno dia";"Decrescente";"Céu Claro";"Simples";"Rotatória";"Não";3;0;0;1;2;0;1;2;-27,30796126;-50,13408065;"SPRF-SC";"DEL05/SC";"UOP03-DEL05-SC"
765745;2026-04-17;"sexta-feira";"06:00:00";"MG";262;878;"CAMPO FLORIDO";"Condutor Dormindo";"Colisão com objeto";"Com Vítimas Feridas";"Pleno dia";"Crescente";"Céu Claro";"Dupla";"Curva;Aclive";"Não";1;0;1;0;0;0;1;1;-19,739681;-48,67073;"SPRF-MG";"DEL13/MG";"UOP02-DEL13-MG"
765746;2026-04-17;"sexta-feira";"20:25:00";"MG";40;638,2;"CONSELHEIRO LAFAIETE";"Pedestre cruzava a pista fora da faixa";"Atropelamento de Pedestre";"Com Vítimas Fatais";"Plena Noite";"Decrescente";"Céu Claro";"Simples";"Reta";"Não";2;1;0;0;1;0;0;2;-20,72033827;-43,79881594;"SPRF-MG";"DEL05/MG";"UOP02-DEL05-MG"
765747;2026-04-17;"sexta-feira";"19:30:00";"PR";376;177,5;"MARINGA";"Condutor deixou de manter distância do veículo da frente";"Colisão lateral mesmo sentido";"Com Vítimas Feridas";"Plena Noite";"Crescente";"Nublado";"Dupla";"Reta;Interseção de Vias";"Sim";2;0;1;0;1;0;1;2;-23,41484231;-51,9262277;"SPRF-PR";"DEL09/PR";"UOP01-DEL09-PR"
765750;2026-04-17;"sexta-feira";"19:00:00";"PR";116;115;"CURITIBA";"Trafegar com motocicleta (ou similar) entre as faixas";"Colisão traseira";"Com Vítimas Feridas";"Plena Noite";"Crescente";"Céu Claro";"Dupla";"Reta";"Sim";2;0;1;0;1;0;1;2;-25,54726895;-49,30411784;"SPRF-PR";"DEL01/PR";"UOP03-DEL01-PR"