"id";"data_inversa";"dia_semana";"horario";"uf";"br";"km";"municipio";"causa_acidente";"tipo_acidente";"classificacao_acidente";"fase_dia";"sentido_via";"condicao_metereologica";"tipo_pista";"tracado_via";"uso_solo";"pessoas";"mortos";"feridos_leves";"feridos_graves";"ilesos";"ignorados";"feridos";"veiculos";"latitude";"longitude";"regional";"delegacia";"uop"
765857;2026-04-18;"sábado";"09:00:00";"GO";153;443;"ANAPOLIS";"Condutor deixou de manter distância do veículo da frente";"Colisão traseira";"Com Vítimas Feridas";"Pleno dia";"Crescente";"Céu Claro";"Simples";"Reta;Rotatória";"Sim";3;0;0;1;2;0;1;2;-16,354;-48,93;"SPRF-GO";"DEL02/GO";"UOP01-DEL02-GO"
765858;2026-04-18;"sábado";"06:45:00";"SC";280;277;"IRINEOPOLIS";"Ingestão de álcool pelo condutor";"Colisão lateral sentido oposto";"Sem Vítimas";"Amanhecer";"Crescente";"Céu Claro";"Simples";"Curva";"Não";5;0;0;0;5;0;0;2;-26,2977151;-50,8336755;"SPRF-SC";"DEL06/SC";"UOP04-DEL06-SC"
765859;2026-04-18;"sábado";"08:30:00";"PR";277;0,2;"FOZ DO IGUACU";"Conversão proibida";"Colisão transversal";"Com Vítimas Feridas";"Pleno dia";"Decrescente";"Sol";"Simples";"Reta";"Sim";3;0;1;0;2;0;1;3;-25,49474171;-54,51418011;"SPRF-PR";"DEL05/PR";"UOP04-DEL05-PR"
765861;2026-04-18;"sábado";"07:50:00";"RJ";101;479;"ANGRA DOS REIS";"Ausência de reação do condutor";"Queda de ocupante de veículo";"Com Vítimas Feridas";"Pleno dia";"Decrescente";"Céu Claro";"Simples";"Curva";"Sim";1;0;1;0;0;0;1;1;-23,00137983;-44,27009583;"SPRF-RJ";"DEL03/RJ";"UOP03-DEL03-RJ"
765862;2026-04-18;"sábado";"08:40:00";"RJ";40;115;"DUQUE DE CAXIAS";"Trafegar com motocicleta (ou similar) entre as faixas";"Tombamento";"Com Vítimas Feridas";"Pleno dia";"Crescente";"Céu Claro";"Múltipla";"Reta";"Não";2;0;2;0;0;0;2;1;-22,73024;-43,289031;"SPRF-RJ";"DEL01/RJ";"UOP02-DEL01-RJ"
765863;2026-04-18;"sábado";"08:05:00";"MG";354;731,9;"POUSO ALTO";"Condutor deixou de manter distância do veículo da frente";"Colisão traseira";"Com Vítimas Feridas";"Pleno dia";"Crescente";"Céu Claro";"Simples";"Reta;Declive";"Não";3;0;1;0;2;0;1;2;-22,16880863;-44,96545136;"SPRF-MG";"DEL17/MG";"UOP01-DEL17-MG"
765867;2026-04-18;"sábado";"09:30:00";"SC";282;0,6;"FLORIANOPOLIS";"Condutor deixou de manter distância do veículo da frente";"Colisão traseira";"Com Vítimas Feridas";"Pleno dia";"Decrescente";"Céu Claro";"Dupla";"Declive;Reta";"Sim";3;0;2;0;1;0;2;2;-27,599886;-48,575844;"SPRF-SC";"DEL01/SC";"UOP01-DEL01-SC"
765869;2026-04-18;"sábado";"10:15:00";"GO";153;513;"APARECIDA DE GOIANIA";"Ausência de reação do condutor";"Atropelamento de Pedestre";"Com Vítimas Feridas";"Pleno dia";"Decrescente";"Céu Claro";"Dupla";"Curva;Aclive";"Sim";2;0;1;0;1;0;1;2;-16,818285;-49,24076;"SPRF-GO";"DEL01/GO";"UOP03-DEL01-GO"
765870;2026-04-18;"sábado";"10:05:00";"RS";392;88,1;"PELOTAS";"Acessar a via sem observar a presença dos outros veículos";"Colisão traseira";"Com Vítimas Feridas";"Pleno dia";"Decrescente";"Sol";"Simples";"Declive;Reta";"Sim";4;0;1;0;1;2;1;3;-31,61896874;-52,50811458;"SPRF-RS";"DEL07/RS";"UOP01-DEL07-RS"
765871;2026-04-18;"sábado";"09:30:00";"MA";135;1;"SAO LUIS";"Reação tardia ou ineficiente do condutor";"Tombamento";"Com Vítimas Feridas";"Pleno dia";"Crescente";"Céu Claro";"Dupla";"Reta";"Sim";2;0;2;0;0;0;2;1;-2,59596221;-44,24543917;"SPRF-MA";"DEL01-MA";"UOP01-DEL01-MA"
765872;2026-04-18;"sábado";"07:40:00";"RS";153;1,2;"MARCELINO RAMOS";"Ausência de reação do condutor";"Tombamento";"Com Vítimas Feridas";"Pleno dia";"Decrescente";"Céu Claro";"Simples";"Reta";"Não";1;0;1;0;0;0;1;1;-27,38126813;-51,98916002;"SPRF-RS";"DEL08/RS";"UOP04-DEL08-RS"
765874;2026-04-18;"sábado";"10:10:00";"MG";262;119;"RIO CASCA";"Ausência de reação do condutor";"Colisão traseira";"Com Vítimas Feridas";"Pleno dia";"Decrescente";"Céu Claro";"Simples";"Reta";"Sim";6;0;1;0;4;1;1;3;-20,22525262;-42,64158122;"SPRF-MG";"DEL03/MG";"UOP03-DEL03-MG"
765876;2026-04-18;"sábado";"07:05:00";"MG";40;805,8;"MATIAS BARBOSA";"Ultrapassagem Indevida";"Colisão lateral mesmo sentido";"Com Vítimas Feridas";"Pleno dia";"Decrescente";"Céu Claro";"Simples";"Curva";"Não";2;0;1;0;1;0;1;2;-21,851626;-43,380458;"SPRF-MG";"DEL05/MG";"UOP01-DEL05-MG"
765878;2026-04-18;"sábado";"10:30:00";"SC";280;7,1;"SAO FRANCISCO DO SUL";"Condutor deixou de manter distância do veículo da frente";"Colisão traseira";"Com Vítimas Feridas";"Pleno dia";"Decrescente";"Sol";"Simples";"Reta";"Sim";3;0;2;0;1;0;2;2;-26,27213626;-48,64176393;"SPRF-SC";"DEL03/SC";"UOP03-DEL03-SC"
765879;2026-04-18;"sábado";"09:30:00";"SC";101;62;"ARAQUARI";"Condutor deixou de manter distância do veículo da frente";"Colisão lateral mesmo sentido";"Com Vítimas Feridas";"Pleno dia";"Crescente";"Sol";"Múltipla";"Viaduto";"Não";1;0;1;0;0;0;1;1;-26,45499238;-48,7691199;"SPRF-SC";"DEL03/SC";"UOP02-DEL03-SC"
765880;2026-04-18;"sábado";"10:00:00";"PR";116;116;"CURITIBA";"Acessar a via sem observar a presença dos outros veículos";"Colisão lateral mesmo sentido";"Com Vítimas Feridas";"Pleno dia";"Decrescente";"Céu Claro";"Dupla";"Reta";"Sim";3;0;3;0;0;0;3;2;-25,56363408;-49,30855958;"SPRF-PR";"DEL01/PR";"UOP03-DEL01-PR"
765882;2026-04-18;"sábado";"10:40:00";"MG";50;17;"ARAGUARI";"Ausência de reação do condutor";"Colisão traseira";"Com Vítimas Feridas";"Pleno dia";"Crescente";"Céu Claro";"Dupla";"Curva;Aclive";"Não";2;0;0;2;0;0;2;2;-18,5650141;-48,0563118;"SPRF-MG";"DEL15/MG";"UOP02-DEL15-MG"
765883;2026-04-18;"sábado";"06:00:00";"MT";163;1036;"MATUPA";"Acessar a via sem observar a presença dos outros veículos";"Colisão transversal";"Com Vítimas Feridas";"Pleno dia";"Crescente";"Céu Claro";"Simples";"Rotatória";"Sim";2;0;2;0;0;0;2;2;-10,184695;-54,94542;"SPRF-MT";"DEL06/MT";"UOP03-DEL06-MT"
765885;2026-04-18;"sábado";"10:40:00";"ES";101;17,5;"SERRA";"Acumulo de areia ou detritos sobre o pavimento";"Queda de ocupante de veículo";"Com Vítimas Feridas";"Pleno dia";"Crescente";"Céu Claro";"Dupla";"Reta";"Não";1;0;1;0;0;0;1;1;-20,14688086;-40,34454002;"SPRF-ES";"DEL02-ES";"UOP01-DEL02-ES"
765888;2026-04-18;"sábado";"10:30:00";"MG";153;27,4;"CENTRALINA";"Velocidade Incompatível";"Colisão traseira";"Sem Vítimas";"Pleno dia";"Crescente";"Céu Claro";"Dupla";"Reta";"Não";3;0;0;0;3;0;0;3;-18,65759;-49,168832;"SPRF-MG";"DEL15/MG";"UOP03-DEL15-MG"
765892;2026-04-18;"sábado";"10:35:00";"PR";277;701;"SAO MIGUEL DO IGUACU";"Demais falhas mecânicas ou elétricas";"Incêndio";"Sem Vítimas";"Pleno dia";"Crescente";"Céu Claro";"Dupla";"Reta";"Não";1;0;0;0;0;1;0;1;-25,41180304;-54,33734894;"SPRF-PR";"DEL05/PR";"UOP01-DEL05-PR"
765893;2026-04-18;"sábado";"10:20:00";"GO";70;23,6;"COCALZINHO DE GOIAS";"Acessar a via sem observar a presença dos outros veículos";"Colisão traseira";"Com Vítimas Feridas";"Pleno dia";"Crescente";"Céu Claro";"Dupla";"Reta";"Sim";3;0;1;0;2;0;1;2;-15,73675762;-48,40610003;"SPRF-DF";"DEL03-DF";"UOP02-DEL03-DF"
765894;2026-04-18;"sábado";"10:50:00";"SC";470;68,5;"INDAIAL";"Condutor deixou de manter distância do veículo da frente";"Colisão traseira";"Com Vítimas Feridas";"Pleno dia";"Crescente";"Céu Claro";"Dupla";"Reta";"Sim";3;0;2;0;1;0;2;2;-26,88060957;-49,24346566;"SPRF-SC";"DEL04/SC";"UOP01-DEL04-SC"
765895;2026-04-18;"sábado";"11:00:00";"RS";386;36,2;"FREDERICO WESTPHALEN";"Ausência de reação do condutor";"Colisão traseira";"Sem Vítimas";"Pleno dia";"Decrescente";"Céu Claro";"Simples";"Declive";"Sim";9;0;0;0;9;0;0;2;-27,37684022;-53,39823095;"SPRF-RS";"DEL08/RS";"UOP02-DEL08-RS"
765896;2026-04-18;"sábado";"11:00:00";"PR";116;142;"MANDIRITUBA";"Acesso irregular";"Colisão transversal";"Com Vítimas Feridas";"Pleno dia";"Crescente";"Céu Claro";"Dupla";"Interseção de Vias";"Sim";2;0;1;0;1;0;1;2;-25,77706296;-49,32461914;"SPRF-PR";"DEL01/PR";"UOP03-DEL01-PR"
765897;2026-04-18;"sábado";"11:00:00";"DF";20;10,2;"BRASILIA";"Acessar a via sem observar a presença dos outros veículos";"Colisão traseira";"Com Vítimas Feridas";"Pleno dia";"Decrescente";"Céu Claro";"Múltipla";"Reta";"Sim";3;0;1;0;2;0;1;3;-15,649187;-47,772032;"SPRF-DF";"DEL02-DF";"UOP01-DEL02-DF"
765898;2026-04-18;"sábado";"11:40:00";"PR";369;141,5;"IBIPORA";"Velocidade Incompatível";"Tombamento";"Com Vítimas Feridas";"Pleno dia";"Decrescente";"Sol";"Dupla";"Reta;Declive";"Sim";5;0;1;0;2;2;1;4;-23,28539512;-51,0757345;"SPRF-PR";"DEL07/PR";"UOP01-DEL07-PR"
765899;2026-03-30;"segunda-feira";"09:20:00";"MT";163;782;"SORRISO";"Acessar a via sem observar a presença dos outros veículos";"Colisão lateral mesmo sentido";"Com Vítimas Feridas";"Pleno dia";"Crescente";"Ignorado";"Simples";"Reta;Em Obras";"Não";2;0;1;0;1;0;1;2;-12,30511887;-55,57537079;"SPRF-MT";"DEL06/MT";"UOP02-DEL06-MT"
765900;2026-04-18;"sábado";"11:58:00";"ES";262;101,4;"VENDA NOVA DO IMIGRANTE";"Acessar a via sem observar a presença dos outros veículos";"Colisão transversal";"Com Vítimas Feridas";"Pleno dia";"Crescente";"Sol";"Simples";"Reta";"Não";3;0;1;1;1;0;2;3;-20,34898722;-41,10119717;"SPRF-ES";"DEL01-ES";"UOP02-DEL01-ES"
765901;2026-04-18;"sábado";"09:45:00";"SP";153;280;"OCAUCU";"Retorno proibido";"Colisão transversal";"Com Vítimas Feridas";"Pleno dia";"Crescente";"Céu Claro";"Simples";"Interseção de Vias";"Não";4;0;1;0;3;0;1;2;-22,41651785;-49,86057965;"SPRF-SP";"DEL07/SP";"UOP02-DEL07-SP"
765902;2026-04-18;"sábado";"10:30:00";"PI";316;7,6;"TERESINA";"Manobra de mudança de faixa";"Colisão lateral mesmo sentido";"Com Vítimas Feridas";"Pleno dia";"Crescente";"Sol";"Múltipla";"Reta";"Sim";2;0;1;0;0;1;1;2;-5,166262;-42,768767;"SPRF-PI";"DEL01-PI";"UOP02-DEL01-PI"
765903;2026-04-18;"sábado";"08:30:00";"PI";235;340;"GILBUES";"Reação tardia ou ineficiente do condutor";"Capotamento";"Com Vítimas Fatais";"Pleno dia";"Crescente";"Céu Claro";"Simples";"Reta";"Não";9;3;1;5;0;0;6;1;-9,603437;-45,508187;"SPRF-PI";"DEL03-PI";"UOP02-DEL03-PI"
765904;2026-04-07;"terça-feira";"15:00:00";"SC";101;205;"SAO JOSE";"Reação tardia ou ineficiente do condutor";"Colisão lateral mesmo sentido";"Com Vítimas Feridas";"Pleno dia";"Crescente";"Ignorado";"Múltipla";"Reta";"Sim";2;0;1;0;0;1;1;2;-27,58283826;-48,61518709;"SPRF-SC";"DEL01/SC";"UOP01-DEL01-SC"
765905;2026-04-18;"sábado";"11:25:00";"MA";10;230,6;"GOVERNADOR EDISON LOBAO";"Desrespeitar a preferência no cruzamento";"Colisão transversal";"Com Vítimas Feridas";"Pleno dia";"Decrescente";"Céu Claro";"Simples";"Reta";"Não";2;0;0;1;1;0;1;2;-5,69303;-47,36398;"SPRF-MA";"DEL04-MA";"UOP01-DEL04-MA"
765906;2026-04-18;"sábado";"12:00:00";"RJ";101;120;"CAMPOS DOS GOYTACAZES";"Demais falhas na via";"Colisão com objeto";"Com Vítimas Feridas";"Pleno dia";"Crescente";"Céu Claro";"Dupla";"Reta";"Não";1;0;1;0;0;0;1;1;-22,01895404;-41,6833245;"SPRF-RJ";"DEL08/RJ";"UOP02-DEL08-RJ"
765909;2026-04-18;"sábado";"12:30:00";"GO";70;8,9;"AGUAS LINDAS DE GOIAS";"Manobra de mudança de faixa";"Colisão lateral mesmo sentido";"Com Vítimas Feridas";"Pleno dia";"Crescente";"Céu Claro";"Dupla";"Reta";"Sim";2;0;0;1;1;0;1;2;-15,736535;-48,288401;"SPRF-DF";"DEL03-DF";"UOP02-DEL03-DF"
765910;2026-04-18;"sábado";"11:40:00";"PI";343;591;"FLORIANO";"Ausência de reação do condutor";"Tombamento";"Com Vítimas Feridas";"Pleno dia";"Decrescente";"Céu Claro";"Dupla";"Aclive;Reta";"Sim";1;0;0;1;0;0;1;1;-6,781357;-43,023522;"SPRF-PI";"DEL03-PI";"UOP01-DEL03-PI"
765911;2026-04-18;"sábado";"08:00:00";"CE";222;315,5;"TIANGUA";"Velocidade Incompatível";"Atropelamento de Pedestre";"Com Vítimas Feridas";"Pleno dia";"Decrescente";"Nevoeiro/Neblina";"Múltipla";"Declive";"Sim";2;0;0;1;0;1;1;2;-3,74053928;-41,00629656;"SPRF-CE";"DEL04/CE";"UOP02-DEL04-CE"
765912;2026-04-18;"sábado";"09:50:00";"RS";158;208,3;"CRUZ ALTA";"Suicídio (presumido)";"Saída de leito carroçável";"Com Vítimas Feridas";"Pleno dia";"Crescente";"Céu Claro";"Simples";"Reta";"Não";1;0;1;0;0;0;1;1;-28,76073704;-53,59800339;"SPRF-RS";"DEL10/RS";"UOP02-DEL10-RS"
765913;2026-04-18;"sábado";"08:40:00";"RS";101;61;"MAQUINE";"Demais falhas mecânicas ou elétricas";"Tombamento";"Com Vítimas Feridas";"Pleno dia";"Crescente";"Céu Claro";"Dupla";"Curva";"Não";2;0;1;1;0;0;2;1;-29,685714;-50,150615;"SPRF-RS";"DEL03/RS";"UOP02-DEL03-RS"
765914;2026-04-18;"sábado";"11:30:00";"RJ";116;103,5;"GUAPIMIRIM";"Condutor deixou de manter distância do veículo da frente";"Colisão traseira";"Com Vítimas Feridas";"Pleno dia";"Crescente";"Céu Claro";"Simples";"Reta";"Não";4;0;1;0;2;1;1;3;-22,5473;-42,9871;"SPRF-RJ";"DEL04/RJ";"UOP01-DEL04-RJ"
765915;2026-04-18;"sábado";"13:10:00";"RS";285;539,8;"SAO LUIZ GONZAGA";"Ausência de reação do condutor";"Saída de leito carroçável";"Com Vítimas Feridas";"Pleno dia";"Crescente";"Céu Claro";"Simples";"Reta;Ponte";"Não";1;0;1;0;0;0;1;1;-28,40400929;-54,68170166;"SPRF-RS";"DEL10/RS";"UOP01-DEL10-RS"
765916;2026-04-18;"sábado";"13:20:00";"SC";470;73,6;"INDAIAL";"Acessar a via sem observar a presença dos outros veículos";"Colisão transversal";"Com Vítimas Feridas";"Pleno dia";"Decrescente";"Céu Claro";"Simples";"Reta";"Não";3;0;0;1;2;0;1;2;-26,9131764;-49,2788511;"SPRF-SC";"DEL04/SC";"UOP01-DEL04-SC"
765918;2026-04-18;"sábado";"10:15:00";"MT";70;9;"BARRA DO GARCAS";"Manobra de mudança de faixa";"Queda de ocupante de veículo";"Com Vítimas Feridas";"Pleno dia";"Crescente";"Céu Claro";"Simples";"Reta;Interseção de Vias";"Sim";2;0;1;0;0;1;1;2;-15,87818208;-52,31717026;"SPRF-MT";"DEL07/MT";"UOP01-DEL07-MT"
765919;2026-04-18;"sábado";"10:50:00";"SC";101;43,6;"JOINVILLE";"Condutor deixou de manter distância do veículo da frente";"Atropelamento de Pedestre";"Com Vítimas Feridas";"Pleno dia";"Crescente";"Céu Claro";"Dupla";"Reta";"Sim";2;0;1;0;1;0;1;2;-26,33158049;-48,86186449;"SPRF-SC";"DEL03/SC";"UOP01-DEL03-SC"
765920;2026-04-18;"sábado";"12:40:00";"SC";470;67,6;"INDAIAL";"Acumulo de óleo sobre o pavimento";"Tombamento";"Com Vítimas Feridas";"Pleno dia";"Crescente";"Céu Claro";"Dupla";"Interseção de Vias";"Sim";1;0;1;0;0;0;1;1;-26,87488202;-49,23621476;"SPRF-SC";"DEL04/SC";"UOP01-DEL04-SC"
765921;2026-04-18;"sábado";"13:20:00";"MG";40;554,7;"NOVA LIMA";"Condutor deixou de manter distância do veículo da frente";"Colisão traseira";"Sem Vítimas";"Pleno dia";"Crescente";"Sol";"Dupla";"Reta";"Não";2;0;0;0;2;0;0;2;-20,08067387;-43,98047894;"SPRF-MG";"DEL01/MG";"UOP02-DEL01-MG"
765922;2026-04-18;"sábado";"14:00:00";"PR";376;619,2;"SAO JOSE DOS PINHAIS";"Acessar a via sem observar a presença dos outros veículos";"Colisão transversal";"Com Vítimas Feridas";"Pleno dia";"Crescente";"Céu Claro";"Múltipla";"Reta";"Sim";3;0;1;0;2;0;1;2;-25,609582;-49,172187;"SPRF-PR";"DEL01/PR";"UOP04-DEL01-PR"
765924;2026-04-18;"sábado";"13:30:00";"MG";40;553;"NOVA LIMA";"Condutor deixou de manter distância do veículo da frente";"Engavetamento";"Com Vítimas Feridas";"Pleno dia";"Crescente";"Céu Claro";"Dupla";"Reta;Declive";"Sim";10;0;1;2;7;0;3;6;-20,08976021;-43,97588968;"SPRF-MG";"DEL01/MG";"UOP02-DEL01-MG"
765926;2026-04-18;"sábado";"13:50:00";"RJ";101;297;"ITABORAI";"Condutor deixou de manter distância do veículo da frente";"Engavetamento";"Com Vítimas Feridas";"Pleno dia";"Crescente";"Céu Claro";"Dupla";"Reta";"Sim";15;0;3;0;12;0;3;11;-22,76881066;-42,91745849;"SPRF-RJ";"DEL02/RJ";"UOP02-DEL02-RJ"
765927;2026-04-18;"sábado";"14:07:00";"SP";116;230;"SAO PAULO";"Reação tardia ou ineficiente do condutor";"Colisão traseira";"Com Vítimas Feridas";"Pleno dia";"Decrescente";"Céu Claro";"Múltipla";"Reta";"Sim";2;0;1;0;1;0;1;2;-23,521646;-46,584296;"SPRF-SP";"DEL01/SP";"UOP01-DEL01-SP"
765928;2026-04-18;"sábado";"11:30:00";"MG";381;427,8;"SABARA";"Ultrapassagem Indevida";"Saída de leito carroçável";"Com Vítimas Feridas";"Pleno dia";"Crescente";"Sol";"Simples";"Declive;Curva";"Não";1;0;1;0;0;0;1;1;-19,78794;-43,73646347;"SPRF-MG";"DEL01/MG";"UOP01-DEL01-MG"
765930;2026-04-18;"sábado";"13:30:00";"SP";153;168;"GUAICARA";"Mal súbito do condutor";"Saída de leito carroçável";"Com Vítimas Feridas";"Pleno dia";"Crescente";"Céu Claro";"Simples";"Aclive;Reta";"Não";1;0;1;0;0;0;1;1;-21,5799703;-49,7841028;"SPRF-SP";"DEL07/SP";"UOP01-DEL07-SP"
765931;2026-04-18;"sábado";"13:10:00";"RS";470;273;"SAO JOSE DO SUL";"Transitar na contramão";"Colisão frontal";"Com Vítimas Feridas";"Pleno dia";"Decrescente";"Céu Claro";"Simples";"Curva;Aclive";"Não";2;0;1;1;0;0;2;2;-29,5457247;-51,4849772;"SPRF-RS";"DEL06/RS";"UOP01-DEL06-RS"
765932;2026-04-18;"sábado";"14:38:00";"RJ";116;176;"SAO JOAO DE MERITI";"Reação tardia ou ineficiente do condutor";"Colisão com objeto";"Com Vítimas Feridas";"Pleno dia";"Crescente";"Sol";"Múltipla";"Reta";"Não";3;0;2;1;0;0;3;1;-22,7839291;-43,381841;"SPRF-RJ";"DEL06/RJ";"UOP01-DEL06-RJ"
765934;2026-04-18;"sábado";"13:10:00";"RS";101;29;"TRES CACHOEIRAS";"Velocidade Incompatível";"Colisão com objeto";"Com Vítimas Feridas";"Pleno dia";"Crescente";"Céu Claro";"Dupla";"Curva";"Não";1;0;0;1;0;0;1;1;-29,477898;-49,962966;"SPRF-RS";"DEL03/RS";"UOP02-DEL03-RS"
765936;2026-04-18;"sábado";"13:59:00";"RJ";101;467;"ANGRA DOS REIS";"Acumulo de água sobre o pavimento";"Queda de ocupante de veículo";"Com Vítimas Feridas";"Pleno dia";"Crescente";"Céu Claro";"Simples";"Curva";"Sim";1;0;1;0;0;0;1;1;-22,99916763;-44,22786713;"SPRF-RJ";"DEL03/RJ";"UOP03-DEL03-RJ"
765938;2026-04-18;"sábado";"13:30:00";"SP";116;128,6;"CACAPAVA";"Trafegar com motocicleta (ou similar) entre as faixas";"Colisão lateral mesmo sentido";"Com Vítimas Feridas";"Pleno dia";"Crescente";"Céu Claro";"Dupla";"Reta";"Não";2;0;1;0;1;0;1;2;-23,11493;-45,71208;"SPRF-SP";"DEL02/SP";"UOP02-DEL02-SP"
765939;2026-04-18;"sábado";"14:30:00";"SC";101;111;"ITAJAI";"Ausência de reação do condutor";"Tombamento";"Com Vítimas Feridas";"Pleno dia";"Crescente";"Céu Claro";"Dupla";"Reta;Ponte";"Não";2;0;1;0;0;1;1;2;-26,84489223;-48,71995635;"SPRF-SC";"DEL04/SC";"UOP04-DEL04-SC"
765940;2026-04-18;"sábado";"14:40:00";"PR";376;618;"SAO JOSE DOS PINHAIS";"Ingestão de álcool pelo condutor";"Atropelamento de Pedestre";"Com Vítimas Feridas";"Pleno dia";"Crescente";"Céu Claro";"Múltipla";"Reta";"Sim";2;0;1;0;1;0;1;2;-25,610069;-49,172778;"SPRF-PR";"DEL01/PR";"UOP04-DEL01-PR"
765941;2026-04-18;"sábado";"14:00:00";"RJ";40;51;"PETROPOLIS";"Acumulo de óleo sobre o pavimento";"Queda de ocupante de veículo";"Com Vítimas Feridas";"Pleno dia";"Crescente";"Céu Claro";"Dupla";"Aclive;Curva";"Sim";2;0;1;0;1;0;1;1;-22,3322435;-43,13298607;"SPRF-RJ";"DEL05/RJ";"UOP02-DEL05-RJ"
765942;2026-04-18;"sábado";"10:52:00";"PR";277;25,2;"MORRETES";"Velocidade Incompatível";"Colisão traseira";"Com Vítimas Feridas";"Pleno dia";"Decrescente";"Céu Claro";"Dupla";"Reta";"Não";5;0;1;0;4;0;1;4;-25,533514;-48,756428;"SPRF-PR";"DEL01/PR";"UOP05-DEL01-PR"
765944;2026-04-18;"sábado";"13:50:00";"RS";290;45,5;"GLORINHA";"Ausência de reação do condutor";"Saída de leito carroçável";"Com Vítimas Feridas";"Pleno dia";"Crescente";"Sol";"Múltipla";"Reta";"Não";1;0;1;0;0;0;1;1;-29,8906019;-50,7141373;"SPRF-RS";"DEL03/RS";"UOP01-DEL03-RS"
765945;2026-04-18;"sábado";"13:40:00";"SC";163;70,2;"SAO MIGUEL DO OESTE";"Acessar a via sem observar a presença dos outros veículos";"Colisão transversal";"Com Vítimas Feridas";"Pleno dia";"Crescente";"Céu Claro";"Dupla";"Retorno Regulamentado;Aclive;Reta;Interseção de Vias";"Sim";4;0;4;0;0;0;4;2;-26,733845;-53,507801;"SPRF-SC";"DEL07/SC";"UOP03-DEL07-SC"
765946;2026-04-18;"sábado";"15:20:00";"SP";381;63,5;"MAIRIPORA";"Velocidade Incompatível";"Tombamento";"Com Vítimas Feridas";"Pleno dia";"Crescente";"Nublado";"Dupla";"Declive;Curva";"Não";1;0;1;0;0;0;1;1;-23,29762901;-46,57179443;"SPRF-SP";"DEL03/SP";"UOP01-DEL03-SP"
765947;2026-04-18;"sábado";"14:30:00";"PE";408;92,6;"SAO LOURENCO DA MATA";"Reação tardia ou ineficiente do condutor";"Colisão com objeto";"Com Vítimas Feridas";"Pleno dia";"Crescente";"Céu Claro";"Dupla";"Curva;Viaduto";"Sim";1;0;1;0;0;0;1;1;-8,04465;-35,01201;"SPRF-PE";"DEL01/PE";"UOP01-DEL01-PE"
765948;2026-04-18;"sábado";"07:30:00";"RO";429;59;"ALVORADA DOESTE";"Reação tardia ou ineficiente do condutor";"Colisão traseira";"Com Vítimas Feridas";"Pleno dia";"Decrescente";"Céu Claro";"Simples";"Reta;Declive";"Não";3;0;1;2;0;0;3;2;-11,4009889;-62,33848572;"SPRF-RO";"DEL02-RO";"UOP03-DEL02-RO"
765949;2026-03-29;"domingo";"01:20:00";"SC";470;147,6;"AGRONOMICA";"Desrespeitar a preferência no cruzamento";"Colisão transversal";"Sem Vítimas";"Plena Noite";"Decrescente";"Céu Claro";"Simples";"Rotatória";"Não";2;0;0;0;2;0;0;2;-27,24580783;-49,69422609;"SPRF-SC";"DEL04/SC";"UOP02-DEL04-SC"
765951;2026-04-18;"sábado";"11:12:00";"RO";364;516;"ARIQUEMES";"Desrespeitar a preferência no cruzamento";"Colisão transversal";"Com Vítimas Feridas";"Pleno dia";"Decrescente";"Sol";"Múltipla";"Interseção de Vias";"Não";2;0;1;0;1;0;1;2;-9,91601207;-63,05560112;"SPRF-RO";"DEL03-RO";"UOP01-DEL03-RO"
765953;2026-04-18;"sábado";"10:50:00";"MG";262;543;"LUZ";"Reação tardia ou ineficiente do condutor";"Queda de ocupante de veículo";"Com Vítimas Feridas";"Pleno dia";"Decrescente";"Céu Claro";"Simples";"Reta;Declive";"Não";1;0;1;0;0;0;1;1;-19,7129196;-45,9145484;"SPRF-MG";"DEL08/MG";"UOP02-DEL08-MG"
765954;2026-04-18;"sábado";"15:40:00";"SP";116;166,5;"JACAREI";"Pedestre cruzava a pista fora da faixa";"Atropelamento de Pedestre";"Com Vítimas Feridas";"Pleno dia";"Crescente";"Céu Claro";"Múltipla";"Reta";"Não";3;0;1;2;0;0;3;2;-23,30098;-46,01927;"SPRF-SP";"DEL02/SP";"UOP01-DEL02-SP"
765955;2026-04-18;"sábado";"15:49:00";"PB";230;261,9;"JUNCO DO SERIDO";"Ausência de reação do condutor";"Colisão traseira";"Com Vítimas Feridas";"Pleno dia";"Crescente";"Céu Claro";"Simples";"Reta";"Sim";2;0;1;0;1;0;1;2;-6,991012;-36,715713;"SPRF-PB";"DEL03-PB";"UOP01-DEL03-PB"
765959;2026-04-18;"sábado";"12:28:00";"PA";163;560;"TRAIRAO";"Condutor Dormindo";"Saída de leito carroçável";"Com Vítimas Feridas";"Pleno dia";"Decrescente";"Céu Claro";"Simples";"Reta";"Não";2;0;1;0;1;0;1;1;-5,12961;-56,10458;"SPRF-PA";"DEL05/PA";"UOP03-DEL05-PA"
765960;2026-04-18;"sábado";"16:25:00";"GO";40;12,7;"LUZIANIA";"Acessar a via sem observar a presença dos outros veículos";"Colisão transversal";"Com Vítimas Fatais";"Pleno dia";"Crescente";"Céu Claro";"Dupla";"Reta";"Sim";5;1;0;0;2;2;0;3;-16,150443;-47,940554;"SPRF-DF";"DEL01-DF";"UOP01-DEL01-DF"
765962;2026-04-18;"sábado";"12:10:00";"SC";280;8,9;"SAO FRANCISCO DO SUL";"Condutor deixou de manter distância do veículo da frente";"Colisão traseira";"Com Vítimas Feridas";"Pleno dia";"Decrescente";"Céu Claro";"Simples";"Reta";"Sim";3;0;1;1;1;0;2;2;-26,28704718;-48,64600182;"SPRF-SC";"DEL03/SC";"UOP03-DEL03-SC"