"id";"data_inversa";"dia_semana";"horario";"uf";"br";"km";"municipio";"causa_acidente";"tipo_acidente";"classificacao_acidente";"fase_dia";"sentido_via";"condicao_metereologica";"tipo_pista";"tracado_via";"uso_solo";"pessoas";"mortos";"feridos_leves";"feridos_graves";"ilesos";"ignorados";"feridos";"veiculos";"latitude";"longitude";"regional";"delegacia";"uop"
766166;2026-04-19;"domingo";"10:55:00";"PR";163;234,8;"TOLEDO";"Demais falhas mecânicas ou elétricas";"Colisão lateral mesmo sentido";"Com Vítimas Feridas";"Pleno dia";"Crescente";"Céu Claro";"Múltipla";"Aclive;Reta";"Sim";4;0;1;1;1;1;2;3;-24,764909;-53,690305;"SPRF-PR";"DEL04/PR";"UOP01-DEL04-PR"
766168;2026-04-19;"domingo";"13:50:00";"MG";50;181;"UBERABA";"Velocidade Incompatível";"Colisão traseira";"Com Vítimas Feridas";"Pleno dia";"Crescente";"Céu Claro";"Dupla";"Reta";"Não";5;0;1;0;4;0;1;2;-19,79090248;-47,91340537;"SPRF-MG";"DEL13/MG";"UOP01-DEL13-MG"
766169;2026-04-19;"domingo";"13:00:00";"RS";290;54,8;"GLORINHA";"Afundamento ou ondulação no pavimento";"Tombamento";"Com Vítimas Feridas";"Pleno dia";"Decrescente";"Sol";"Dupla";"Reta";"Não";1;0;1;0;0;0;1;1;-29,913516;-50,806812;"SPRF-RS";"DEL03/RS";"UOP01-DEL03-RS"
766170;2026-04-19;"domingo";"14:40:00";"GO";70;7;"AGUAS LINDAS DE GOIAS";"Ausência de reação do condutor";"Colisão traseira";"Com Vítimas Feridas";"Pleno dia";"Decrescente";"Céu Claro";"Dupla";"Reta";"Sim";4;0;1;0;3;0;1;2;-15,739247;-48,272417;"SPRF-DF";"DEL03-DF";"UOP02-DEL03-DF"
766171;2026-04-19;"domingo";"14:40:00";"GO";70;7;"AGUAS LINDAS DE GOIAS";"Condutor deixou de manter distância do veículo da frente";"Colisão traseira";"Sem Vítimas";"Pleno dia";"Decrescente";"Céu Claro";"Múltipla";"Reta";"Não";2;0;0;0;2;0;0;2;-15,739247;-48,272417;"SPRF-DF";"DEL03-DF";"UOP02-DEL03-DF"
766172;2026-04-19;"domingo";"14:20:00";"SC";470;107;"APIUNA";"Retorno proibido";"Colisão traseira";"Com Vítimas Feridas";"Pleno dia";"Decrescente";"Céu Claro";"Simples";"Curva";"Sim";4;0;1;2;1;0;3;2;-27,0791;-49,43525;"SPRF-SC";"DEL04/SC";"UOP02-DEL04-SC"
766174;2026-04-19;"domingo";"13:28:00";"PR";116;0,2;"CAMPINA GRANDE DO SUL";"Acumulo de areia ou detritos sobre o pavimento";"Colisão com objeto";"Com Vítimas Feridas";"Pleno dia";"Crescente";"Céu Claro";"Múltipla";"Curva";"Não";2;0;2;0;0;0;2;1;-25,06180975;-48,56390476;"SPRF-PR";"DEL01/PR";"UOP02-DEL01-PR"
766176;2026-04-19;"domingo";"15:40:00";"PB";101;88;"JOAO PESSOA";"Reação tardia ou ineficiente do condutor";"Colisão transversal";"Com Vítimas Feridas";"Pleno dia";"Crescente";"Céu Claro";"Dupla";"Interseção de Vias";"Sim";2;0;2;0;0;0;2;2;-7,1685613;-34,8966238;"SPRF-PB";"DEL01-PB";"UOP01-DEL01-PB"
766177;2026-04-19;"domingo";"15:30:00";"GO";60;32,9;"ALEXANIA";"Reação tardia ou ineficiente do condutor";"Saída de leito carroçável";"Sem Vítimas";"Pleno dia";"Decrescente";"Céu Claro";"Dupla";"Reta";"Não";1;0;0;0;1;0;0;1;-16,096167;-48,519655;"SPRF-DF";"DEL03-DF";"UOP01-DEL03-DF"
766178;2026-04-19;"domingo";"14:50:00";"PR";116;111;"CURITIBA";"Avarias e/ou desgaste excessivo no pneu";"Tombamento";"Com Vítimas Feridas";"Pleno dia";"Decrescente";"Céu Claro";"Dupla";"Reta";"Sim";1;0;1;0;0;0;1;1;-25,5587111;-49,2675639;"SPRF-PR";"DEL01/PR";"UOP03-DEL01-PR"
766179;2026-04-19;"domingo";"09:45:00";"RN";405;178;"JOSE DA PENHA";"Ultrapassagem Indevida";"Colisão traseira";"Com Vítimas Feridas";"Pleno dia";"Crescente";"Céu Claro";"Simples";"Reta";"Não";2;0;1;1;0;0;2;2;-6,33317064;-38,29297543;"SPRF-RN";"DEL04-RN";"UOP02-DEL04-RN"
766180;2026-04-19;"domingo";"11:30:00";"AC";364;115;"RIO BRANCO";"Acessar a via sem observar a presença dos outros veículos";"Colisão transversal";"Com Vítimas Feridas";"Pleno dia";"Decrescente";"Céu Claro";"Simples";"Reta";"Não";3;0;1;0;2;0;1;2;-10,01311;-67,715077;"SPRF-AC";"DEL01-AC";"UOP01-DEL01-AC"
766181;2026-04-19;"domingo";"15:45:00";"SP";116;106;"TAUBATE";"Manobra de mudança de faixa";"Colisão lateral mesmo sentido";"Com Vítimas Feridas";"Pleno dia";"Crescente";"Céu Claro";"Dupla";"Reta";"Não";3;0;0;1;2;0;1;3;-23,01348168;-45,52410213;"SPRF-SP";"DEL02/SP";"UOP02-DEL02-SP"
766182;2026-04-19;"domingo";"15:45:00";"RS";392;348;"SANTA MARIA";"Mal súbito do condutor";"Queda de ocupante de veículo";"Com Vítimas Feridas";"Pleno dia";"Decrescente";"Céu Claro";"Simples";"Reta";"Não";1;0;0;1;0;0;1;1;-29,74913436;-53,79106728;"SPRF-RS";"DEL09/RS";"UOP01-DEL09-RS"
766183;2026-04-19;"domingo";"15:30:00";"SP";116;465;"PARIQUERA-ACU";"Ausência de reação do condutor";"Queda de ocupante de veículo";"Com Vítimas Feridas";"Pleno dia";"Crescente";"Céu Claro";"Dupla";"Viaduto";"Não";1;0;1;0;0;0;1;1;-24,64469098;-47,91934697;"SPRF-SP";"DEL05/SP";"UOP01-DEL05-SP"
766184;2026-04-19;"domingo";"16:15:00";"SC";101;148,7;"ITAPEMA";"Condutor deixou de manter distância do veículo da frente";"Colisão traseira";"Com Vítimas Feridas";"Pleno dia";"Decrescente";"Sol";"Dupla";"Reta";"Sim";4;0;3;0;1;0;3;2;-27,10713085;-48,61404983;"SPRF-SC";"DEL04/SC";"UOP03-DEL04-SC"
766185;2026-04-19;"domingo";"14:47:00";"MS";267;478;"GUIA LOPES DA LAGUNA";"Reação tardia ou ineficiente do condutor";"Colisão com objeto";"Com Vítimas Feridas";"Pleno dia";"Decrescente";"Sol";"Dupla";"Rotatória";"Sim";2;0;2;0;0;0;2;1;-21,458303;-56,119731;"SPRF-MS";"DEL05/MS";"UOP01-DEL05-MS"
766188;2026-04-19;"domingo";"14:35:00";"PB";230;135,9;"CAMPINA GRANDE";"Ingestão de álcool pelo condutor";"Saída de leito carroçável";"Com Vítimas Feridas";"Pleno dia";"Crescente";"Chuva";"Dupla";"Reta";"Não";4;0;1;0;1;2;1;2;-7,277048;-35,773136;"SPRF-PB";"DEL02-PB";"UOP01-DEL02-PB"
766189;2026-04-19;"domingo";"16:30:00";"MG";40;678,3;"CARANDAI";"Mal súbito do condutor";"Saída de leito carroçável";"Com Vítimas Feridas";"Pleno dia";"Decrescente";"Céu Claro";"Dupla";"Curva;Declive";"Não";1;0;1;0;0;0;1;1;-21,02597367;-43,78343001;"SPRF-MG";"DEL05/MG";"UOP02-DEL05-MG"
766190;2026-04-19;"domingo";"16:50:00";"SC";101;133;"BALNEARIO CAMBORIU";"Trafegar com motocicleta (ou similar) entre as faixas";"Colisão traseira";"Com Vítimas Feridas";"Pleno dia";"Decrescente";"Céu Claro";"Dupla";"Aclive;Reta";"Sim";4;0;3;0;1;0;3;3;-26,99940107;-48,64570141;"SPRF-SC";"DEL04/SC";"UOP03-DEL04-SC"
766191;2026-04-19;"domingo";"16:45:00";"SP";381;40;"ATIBAIA";"Desrespeitar a preferência no cruzamento";"Colisão lateral mesmo sentido";"Com Vítimas Feridas";"Pleno dia";"Crescente";"Céu Claro";"Simples";"Interseção de Vias;Reta";"Sim";5;0;2;0;3;0;2;2;-23,13408391;-46,57654715;"SPRF-SP";"DEL03/SP";"UOP01-DEL03-SP"
766192;2026-04-19;"domingo";"16:20:00";"MT";364;205;"RONDONOPOLIS";"Reação tardia ou ineficiente do condutor";"Colisão com objeto";"Com Vítimas Fatais";"Pleno dia";"Decrescente";"Céu Claro";"Dupla";"Reta";"Sim";2;1;0;1;0;0;1;1;-16,45040311;-54,66532329;"SPRF-MT";"DEL02/MT";"UOP01-DEL02-MT"
766193;2026-03-29;"domingo";"18:40:00";"BA";101;188;"CONCEICAO DA FEIRA";"Ultrapassagem Indevida";"Colisão lateral mesmo sentido";"Com Vítimas Feridas";"Plena Noite";"Decrescente";"Céu Claro";"Simples";"Reta";"Não";1;0;1;0;0;0;1;1;-12,47109427;-38,99959937;"SPRF-BA";"DEL11/BA";"UOP02-DEL11-BA"
766194;2026-04-19;"domingo";"17:00:00";"PR";369;162;"CAMBE";"Ingestão de álcool pelo condutor";"Colisão traseira";"Com Vítimas Feridas";"Pleno dia";"Crescente";"Céu Claro";"Dupla";"Reta";"Sim";2;0;1;0;1;0;1;2;-23,2824386;-51,25154257;"SPRF-PR";"DEL07/PR";"UOP01-DEL07-PR"
766195;2026-04-19;"domingo";"16:50:00";"DF";60;0,4;"BRASILIA";"Ausência de reação do condutor";"Saída de leito carroçável";"Com Vítimas Feridas";"Pleno dia";"Decrescente";"Céu Claro";"Dupla";"Reta";"Não";1;0;1;0;0;0;1;1;-15,8828382;-48,0651971;"SPRF-DF";"DEL03-DF";"UOP01-DEL03-DF"
766196;2026-04-19;"domingo";"16:20:00";"PR";376;334;"ORTIGUEIRA";"Afundamento ou ondulação no pavimento";"Queda de ocupante de veículo";"Com Vítimas Feridas";"Pleno dia";"Crescente";"Céu Claro";"Simples";"Curva";"Não";2;0;1;0;1;0;1;2;-24,13365296;-51,00777679;"SPRF-PR";"DEL07/PR";"UOP02-DEL07-PR"
766199;2026-04-19;"domingo";"17:15:00";"MG";381;391,5;"BOM JESUS DO AMPARO";"Pista Escorregadia";"Capotamento";"Com Vítimas Feridas";"Pleno dia";"Decrescente";"Chuva";"Dupla";"Reta;Declive";"Sim";2;0;1;0;1;0;1;1;-19,76767283;-43,45745087;"SPRF-MG";"DEL01/MG";"UOP01-DEL01-MG"
766201;2026-04-19;"domingo";"16:50:00";"ES";101;280,6;"SERRA";"Condutor deixou de manter distância do veículo da frente";"Colisão traseira";"Sem Vítimas";"Anoitecer";"Crescente";"Nublado";"Dupla";"Curva";"Não";2;0;0;0;2;0;0;2;-20,218615;-40,35476667;"SPRF-ES";"DEL02-ES";"UOP01-DEL02-ES"
766202;2026-04-19;"domingo";"17:20:00";"PR";277;618,5;"CEU AZUL";"Ausência de reação do condutor";"Colisão traseira";"Com Vítimas Feridas";"Pleno dia";"Crescente";"Céu Claro";"Simples";"Aclive;Reta";"Não";3;0;2;0;1;0;2;2;-25,07413886;-53,68093578;"SPRF-PR";"DEL05/PR";"UOP02-DEL05-PR"
766204;2026-04-19;"domingo";"17:30:00";"MG";381;519;"IGARAPE";"Reação tardia ou ineficiente do condutor";"Saída de leito carroçável";"Com Vítimas Feridas";"Anoitecer";"Decrescente";"Céu Claro";"Múltipla";"Declive;Curva";"Não";3;0;2;0;1;0;2;1;-20,108903;-44,316175;"SPRF-MG";"DEL01/MG";"UOP03-DEL01-MG"
766205;2026-04-19;"domingo";"18:00:00";"RS";287;531;"SAO BORJA";"Ingestão de álcool pelo condutor";"Saída de leito carroçável";"Com Vítimas Feridas";"Anoitecer";"Decrescente";"Céu Claro";"Simples";"Reta";"Não";1;0;1;0;0;0;1;1;-28,684907;-55,941294;"SPRF-RS";"DEL12/RS";"UOP01-DEL12-RS"
766206;2026-04-19;"domingo";"17:20:00";"RO";364;253;"CACOAL";"Falta de elemento de contenção que evite a saída do leito carroçável";"Saída de leito carroçável";"Com Vítimas Feridas";"Anoitecer";"Decrescente";"Chuva";"Simples";"Reta";"Não";1;0;0;1;0;0;1;1;-11,436898;-61,588555;"SPRF-RO";"DEL02-RO";"UOP02-DEL02-RO"
766210;2026-04-19;"domingo";"18:29:00";"DF";60;7,3;"BRASILIA";"Condutor deixou de manter distância do veículo da frente";"Colisão traseira";"Com Vítimas Feridas";"Anoitecer";"Decrescente";"Céu Claro";"Dupla";"Retorno Regulamentado;Reta";"Não";2;0;1;0;1;0;1;2;-15,902387;-48,126313;"SPRF-DF";"DEL03-DF";"UOP01-DEL03-DF"
766211;2026-04-19;"domingo";"18:30:00";"MG";262;437,8;"NOVA SERRANA";"Pedestre cruzava a pista fora da faixa";"Atropelamento de Pedestre";"Com Vítimas Feridas";"Plena Noite";"Decrescente";"Vento";"Dupla";"Reta";"Não";4;0;1;2;0;1;3;2;-19,8708987;-44,9732793;"SPRF-MG";"DEL08/MG";"UOP03-DEL08-MG"
766212;2026-04-19;"domingo";"17:00:00";"GO";153;502;"GOIANIA";"Avarias e/ou desgaste excessivo no pneu";"Queda de ocupante de veículo";"Com Vítimas Feridas";"Pleno dia";"Crescente";"Céu Claro";"Dupla";"Reta";"Sim";2;0;2;0;0;0;2;1;-16,723708;-49,240267;"SPRF-GO";"DEL01/GO";"UOP01-DEL01-GO"
766213;2026-04-19;"domingo";"17:30:00";"SC";282;581,2;"PINHALZINHO";"Ingestão de álcool pelo condutor";"Colisão lateral sentido oposto";"Com Vítimas Feridas";"Anoitecer";"Crescente";"Céu Claro";"Simples";"Reta";"Sim";6;0;2;0;4;0;2;3;-26,83015199;-52,99630396;"SPRF-SC";"DEL07/SC";"UOP02-DEL07-SC"
766214;2026-04-19;"domingo";"18:17:00";"BA";116;11,6;"VITORIA DA CONQUISTA";"Desrespeitar a preferência no cruzamento";"Colisão transversal";"Com Vítimas Feridas";"Plena Noite";"Decrescente";"Céu Claro";"Simples";"Interseção de Vias;Reta";"Sim";3;0;1;0;2;0;1;2;-14,87278143;-40,87138295;"SPRF-BA";"DEL08/BA";"UOP01-DEL08-BA"
766215;2026-04-19;"domingo";"17:48:00";"RS";386;399;"TRIUNFO";"Ingestão de álcool pelo condutor";"Saída de leito carroçável";"Sem Vítimas";"Pleno dia";"Crescente";"Céu Claro";"Simples";"Curva";"Não";1;0;0;0;0;1;0;1;-29,74942654;-51,609019;"SPRF-RS";"DEL04/RS";"UOP02-DEL04-RS"
766216;2026-04-19;"domingo";"18:30:00";"MG";50;34;"ARAGUARI";"Chuva";"Saída de leito carroçável";"Com Vítimas Feridas";"Plena Noite";"Decrescente";"Chuva";"Dupla";"Curva";"Não";5;0;5;0;0;0;5;1;-18,648042;-48,132142;"SPRF-MG";"DEL15/MG";"UOP02-DEL15-MG"
766218;2026-04-19;"domingo";"09:10:00";"RS";158;251,9;"JULIO DE CASTILHOS";"Afundamento ou ondulação no pavimento";"Saída de leito carroçável";"Com Vítimas Feridas";"Pleno dia";"Crescente";"Céu Claro";"Simples";"Reta";"Não";1;0;0;1;0;0;1;1;-29,135855;-53,651565;"SPRF-RS";"DEL10/RS";"UOP02-DEL10-RS"
766219;2026-04-19;"domingo";"18:00:00";"CE";116;491,9;"MILAGRES";"Acessar a via sem observar a presença dos outros veículos";"Colisão transversal";"Com Vítimas Feridas";"Plena Noite";"Crescente";"Céu Claro";"Simples";"Declive";"Não";4;0;0;1;3;0;1;2;-7,40060999;-38,96227199;"SPRF-CE";"DEL05/CE";"UOP03-DEL05-CE"
766221;2026-04-19;"domingo";"11:20:00";"RS";116;222;"DOIS IRMAOS";"Acessar a via sem observar a presença dos outros veículos";"Colisão transversal";"Com Vítimas Feridas";"Pleno dia";"Decrescente";"Céu Claro";"Simples";"Reta";"Sim";2;0;1;0;1;0;1;2;-29,5781887;-51,0955299;"SPRF-RS";"DEL01/RS";"UOP02-DEL01-RS"
766222;2026-04-19;"domingo";"18:30:00";"PE";101;69;"RECIFE";"Ausência de reação do condutor";"Queda de ocupante de veículo";"Com Vítimas Feridas";"Plena Noite";"Crescente";"Céu Claro";"Dupla";"Reta";"Sim";1;0;1;0;0;0;1;1;-8,06224;-34,94527;"SPRF-PE";"DEL01/PE";"UOP01-DEL01-PE"
766223;2026-04-19;"domingo";"18:30:00";"PR";153;41,5;"SANTO ANTONIO DA PLATINA";"Condutor desrespeitou a iluminação vermelha do semáforo";"Colisão transversal";"Com Vítimas Feridas";"Plena Noite";"Decrescente";"Céu Claro";"Simples";"Reta;Interseção de Vias";"Sim";2;0;1;0;1;0;1;2;-23,29448553;-50,06492106;"SPRF-PR";"DEL07/PR";"UOP04-DEL07-PR"
766225;2026-04-19;"domingo";"16:10:00";"MG";354;750;"ITANHANDU";"Demais falhas mecânicas ou elétricas";"Saída de leito carroçável";"Com Vítimas Feridas";"Pleno dia";"Crescente";"Céu Claro";"Simples";"Curva;Declive";"Não";2;0;1;0;1;0;1;1;-22,26375991;-44,8903513;"SPRF-MG";"DEL17/MG";"UOP01-DEL17-MG"
766226;2026-04-19;"domingo";"19:30:00";"SP";116;182;"GUARAREMA";"Reação tardia ou ineficiente do condutor";"Colisão com objeto";"Com Vítimas Feridas";"Plena Noite";"Crescente";"Nublado";"Múltipla";"Reta";"Não";1;0;1;0;0;0;1;1;-23,33897997;-46,15033356;"SPRF-SP";"DEL01/SP";"UOP01-DEL01-SP"
766227;2026-04-19;"domingo";"18:25:00";"MT";364;202;"RONDONOPOLIS";"Reação tardia ou ineficiente do condutor";"Colisão traseira";"Com Vítimas Feridas";"Pleno dia";"Decrescente";"Céu Claro";"Dupla";"Reta";"Sim";3;0;2;0;0;1;2;3;-16,47735468;-54,65267282;"SPRF-MT";"DEL02/MT";"UOP01-DEL02-MT"
766228;2026-04-11;"sábado";"10:45:00";"RJ";40;115;"DUQUE DE CAXIAS";"Condutor deixou de manter distância do veículo da frente";"Colisão traseira";"Com Vítimas Feridas";"Pleno dia";"Decrescente";"Céu Claro";"Dupla";"Reta";"Não";2;0;1;0;1;0;1;2;-22,7232938;-43,2891453;"SPRF-RJ";"DEL01/RJ";"UOP02-DEL01-RJ"
766229;2026-04-19;"domingo";"19:00:00";"RJ";101;290;"ITABORAI";"Ausência de reação do condutor";"Queda de ocupante de veículo";"Com Vítimas Feridas";"Plena Noite";"Crescente";"Céu Claro";"Dupla";"Reta";"Não";4;0;2;0;0;2;2;3;-22,76536;-42,85659;"SPRF-RJ";"DEL02/RJ";"UOP02-DEL02-RJ"
766230;2026-04-19;"domingo";"18:50:00";"SC";280;6,7;"SAO FRANCISCO DO SUL";"Acessar a via sem observar a presença dos outros veículos";"Colisão transversal";"Com Vítimas Feridas";"Anoitecer";"Decrescente";"Céu Claro";"Simples";"Retorno Regulamentado";"Sim";3;0;1;0;0;2;1;3;-26,27044859;-48,64039821;"SPRF-SC";"DEL03/SC";"UOP03-DEL03-SC"
766231;2026-04-19;"domingo";"19:30:00";"MG";381;500,7;"BETIM";"Ingestão de álcool pelo condutor";"Colisão traseira";"Sem Vítimas";"Plena Noite";"Decrescente";"Nublado";"Dupla";"Reta";"Sim";3;0;0;0;3;0;0;3;-20,0087208;-44,2168788;"SPRF-MG";"DEL01/MG";"UOP03-DEL01-MG"
766232;2026-04-19;"domingo";"19:00:00";"SC";101;413,8;"CATANDUVAS";"Ausência de reação do condutor";"Saída de leito carroçável";"Sem Vítimas";"Plena Noite";"Crescente";"Céu Claro";"Simples";"Declive;Curva";"Não";1;0;0;0;1;0;0;1;-27,0668898;-51,6631748;"SPRF-SC";"DEL02/SC";"UOP02-DEL02-SC"
766233;2026-04-19;"domingo";"19:15:00";"ES";101;75;"SAO MATEUS";"Condutor deixou de manter distância do veículo da frente";"Tombamento";"Com Vítimas Feridas";"Plena Noite";"Crescente";"Céu Claro";"Simples";"Reta";"Não";2;0;1;0;0;1;1;2;-18,77895319;-39,87452254;"SPRF-ES";"DEL04-ES";"UOP02-DEL04-ES"
766234;2026-04-19;"domingo";"19:00:00";"PR";369;145;"LONDRINA";"Participar de racha";"Colisão lateral mesmo sentido";"Com Vítimas Feridas";"Plena Noite";"Crescente";"Céu Claro";"Dupla";"Reta";"Sim";3;0;2;0;0;1;2;2;-23,293119;-51,119389;"SPRF-PR";"DEL07/PR";"UOP01-DEL07-PR"
766235;2026-04-19;"domingo";"19:10:00";"ES";101;402,8;"ITAPEMIRIM";"Objeto estático sobre o leito carroçável";"Colisão com objeto";"Com Vítimas Feridas";"Plena Noite";"Crescente";"Nublado";"Simples";"Aclive;Curva";"Não";2;0;2;0;0;0;2;1;-20,8899023;-40,9970549;"SPRF-ES";"DEL03-ES";"UOP02-DEL03-ES"
766236;2026-04-19;"domingo";"18:20:00";"RO";364;340;"JI-PARANA";"Reação tardia ou ineficiente do condutor";"Colisão traseira";"Sem Vítimas";"Anoitecer";"Crescente";"Nublado";"Múltipla";"Interseção de Vias";"Sim";3;0;0;0;3;0;0;2;-10,891586;-61,930625;"SPRF-RO";"DEL02-RO";"UOP01-DEL02-RO"
766237;2026-04-14;"terça-feira";"23:01:00";"PE";101;50;"ABREU E LIMA";"Pedestre cruzava a pista fora da faixa";"Atropelamento de Pedestre";"Com Vítimas Feridas";"Plena Noite";"Decrescente";"Céu Claro";"Dupla";"Reta";"Sim";2;0;1;0;1;0;1;2;-7,916037;-34,897633;"SPRF-PE";"DEL01/PE";"UOP02-DEL01-PE"
766239;2026-04-19;"domingo";"17:15:00";"SP";153;104,1;"JOSE BONIFACIO";"Ingestão de substâncias psicoativas pelo condutor";"Saída de leito carroçável";"Com Vítimas Feridas";"Pleno dia";"Crescente";"Sol";"Dupla";"Reta";"Não";1;0;1;0;0;0;1;1;-21,040476;-49,650864;"SPRF-SP";"DEL09/SP";"UOP01-DEL09-SP"
766241;2026-04-19;"domingo";"18:04:00";"SC";101;24;"SAO JOSE";"Ausência de reação do condutor";"Tombamento";"Com Vítimas Feridas";"Plena Noite";"Decrescente";"Nublado";"Dupla";"Túnel;Reta";"Não";2;0;2;0;0;0;2;1;-27,52750563;-48,70722977;"SPRF-SC";"DEL01/SC";"UOP02-DEL01-SC"
766243;2026-04-19;"domingo";"19:00:00";"PR";376;629;"TIJUCAS DO SUL";"Reação tardia ou ineficiente do condutor";"Saída de leito carroçável";"Sem Vítimas";"Plena Noite";"Crescente";"Nublado";"Dupla";"Reta";"Não";1;0;0;0;1;0;0;1;-25,836815;-49,109211;"SPRF-PR";"DEL01/PR";"UOP04-DEL01-PR"
766244;2026-04-19;"domingo";"19:00:00";"RJ";465;20;"NOVA IGUACU";"Trafegar com motocicleta (ou similar) entre as faixas";"Colisão transversal";"Com Vítimas Feridas";"Plena Noite";"Decrescente";"Céu Claro";"Simples";"Reta";"Não";2;0;1;0;1;0;1;2;-22,84871194;-43,60379219;"SPRF-RJ";"DEL06/RJ";"UOP02-DEL06-RJ"
766246;2026-04-19;"domingo";"19:25:00";"MG";381;492,5;"BETIM";"Ingestão de álcool pelo condutor";"Colisão com objeto";"Com Vítimas Feridas";"Plena Noite";"Decrescente";"Céu Claro";"Múltipla";"Reta";"Sim";2;0;1;0;1;0;1;2;-19,9625;-44,1647;"SPRF-MG";"DEL01/MG";"UOP03-DEL01-MG"
766247;2026-04-19;"domingo";"20:00:00";"PI";230;307,9;"FLORIANO";"Reação tardia ou ineficiente do condutor";"Colisão traseira";"Com Vítimas Feridas";"Plena Noite";"Crescente";"Céu Claro";"Simples";"Reta";"Sim";3;0;1;1;0;1;2;2;-6,781802;-43,000917;"SPRF-PI";"DEL03-PI";"UOP01-DEL03-PI"
766248;2026-04-19;"domingo";"19:00:00";"RJ";101;298;"ITABORAI";"Demais falhas mecânicas ou elétricas";"Queda de ocupante de veículo";"Com Vítimas Feridas";"Plena Noite";"Decrescente";"Céu Claro";"Dupla";"Reta";"Sim";2;0;2;0;0;0;2;1;-22,77260541;-42,9324621;"SPRF-RJ";"DEL02/RJ";"UOP02-DEL02-RJ"
766250;2026-04-19;"domingo";"19:30:00";"PR";153;3,4;"IMBITUVA";"Ingestão de álcool pelo condutor";"Colisão lateral sentido oposto";"Com Vítimas Feridas";"Plena Noite";"Decrescente";"Nublado";"Simples";"Aclive;Reta";"Sim";2;0;0;1;1;0;1;2;-25,208105;-50,6008149;"SPRF-PR";"DEL07/PR";"UOP04-DEL07-PR"
766251;2026-04-19;"domingo";"18:15:00";"MA";226;298;"BARRA DO CORDA";"Transitar na contramão";"Colisão frontal";"Com Vítimas Fatais";"Plena Noite";"Crescente";"Céu Claro";"Simples";"Reta";"Sim";2;1;0;0;1;0;0;2;-5,50173;-45,235735;"SPRF-MA";"DEL06-MA";"UOP01-DEL06-MA"
766252;2026-04-19;"domingo";"16:00:00";"RJ";393;297;"VOLTA REDONDA";"Ultrapassagem Indevida";"Colisão frontal";"Com Vítimas Feridas";"Pleno dia";"Crescente";"Céu Claro";"Dupla";"Reta";"Sim";4;0;0;1;2;1;1;3;-22,53385415;-44,11653829;"SPRF-RJ";"DEL07/RJ";"UOP02-DEL07-RJ"
766253;2026-04-19;"domingo";"18:10:00";"PE";232;404,5;"SERRA TALHADA";"Pedestre andava na pista";"Atropelamento de Pedestre";"Com Vítimas Feridas";"Plena Noite";"Crescente";"Céu Claro";"Simples";"Declive;Curva";"Não";2;0;1;0;0;1;1;2;-7,990297;-38,248753;"SPRF-PE";"DEL04/PE";"UOP01-DEL04-PE"
766254;2026-04-19;"domingo";"20:10:00";"PE";428;170;"PETROLINA";"Avarias e/ou desgaste excessivo no pneu";"Tombamento";"Com Vítimas Feridas";"Pleno dia";"Crescente";"Nublado";"Simples";"Reta";"Não";2;0;1;0;1;0;1;1;-9,225983;-40,411065;"SPRF-PE";"DEL06/PE";"UOP01-DEL06-PE"
766255;2026-04-19;"domingo";"18:55:00";"PR";163;226;"CASCAVEL";"Pedestre cruzava a pista fora da faixa";"Atropelamento de Pedestre";"Com Vítimas Fatais";"Plena Noite";"Decrescente";"Céu Claro";"Dupla";"Reta";"Sim";3;1;0;0;2;0;0;2;-24,8304775;-53,64117212;"SPRF-PR";"DEL04/PR";"UOP01-DEL04-PR"
766256;2026-04-19;"domingo";"19:50:00";"RJ";393;106,6;"SAPUCAIA";"Ingestão de álcool pelo condutor";"Saída de leito carroçável";"Com Vítimas Feridas";"Plena Noite";"Crescente";"Céu Claro";"Simples";"Curva";"Não";1;0;1;0;0;0;1;1;-21,88948049;-42,70336607;"SPRF-RJ";"DEL05/RJ";"UOP01-DEL05-RJ"
766257;2026-04-19;"domingo";"19:50:00";"RJ";393;106;"SAPUCAIA";"Acesso irregular";"Colisão transversal";"Com Vítimas Feridas";"Plena Noite";"Crescente";"Céu Claro";"Simples";"Reta";"Não";3;0;2;0;0;1;2;2;-21,88745348;-42,69780326;"SPRF-RJ";"DEL05/RJ";"UOP01-DEL05-RJ"
766260;2026-04-19;"domingo";"19:00:00";"PA";316;201,9;"SANTA LUZIA DO PARA";"Ausência de reação do condutor";"Tombamento";"Com Vítimas Feridas";"Plena Noite";"Decrescente";"Chuva";"Simples";"Reta";"Não";1;0;0;1;0;0;1;1;-1,552533;-46,87362;"SPRF-PA";"DEL01/PA";"UOP03-DEL01-PA"
766261;2026-04-19;"domingo";"19:00:00";"MA";10;156;"PORTO FRANCO";"Acessar a via sem observar a presença dos outros veículos";"Colisão transversal";"Com Vítimas Feridas";"Plena Noite";"Crescente";"Céu Claro";"Simples";"Interseção de Vias";"Sim";39;0;1;0;38;0;1;2;-6,35534995;-47,37649083;"SPRF-MA";"DEL04-MA";"UOP02-DEL04-MA"
766262;2026-04-19;"domingo";"19:30:00";"SC";101;175;"GOVERNADOR CELSO RAMOS";"Ausência de reação do condutor";"Saída de leito carroçável";"Com Vítimas Feridas";"Plena Noite";"Decrescente";"Nublado";"Dupla";"Reta";"Não";1;0;0;1;0;0;1;1;-27,34291;-48,6299;"SPRF-SC";"DEL01/SC";"UOP01-DEL01-SC"