"id";"data_inversa";"dia_semana";"horario";"uf";"br";"km";"municipio";"causa_acidente";"tipo_acidente";"classificacao_acidente";"fase_dia";"sentido_via";"condicao_metereologica";"tipo_pista";"tracado_via";"uso_solo";"pessoas";"mortos";"feridos_leves";"feridos_graves";"ilesos";"ignorados";"feridos";"veiculos";"latitude";"longitude";"regional";"delegacia";"uop"
766707;2026-04-17;"sexta-feira";"15:25:00";"MG";381;278;"JAGUARACU";"Velocidade Incompatível";"Colisão traseira";"Com Vítimas Feridas";"Pleno dia";"Crescente";"Céu Claro";"Simples";"Reta";"Não";2;0;0;1;1;0;1;2;-19,602942;-42,756561;"SPRF-MG";"DEL03/MG";"UOP02-DEL03-MG"
766709;2026-04-22;"quarta-feira";"09:00:00";"SC";101;209,8;"SAO JOSE";"Condutor deixou de manter distância do veículo da frente";"Colisão lateral mesmo sentido";"Com Vítimas Feridas";"Pleno dia";"Decrescente";"Céu Claro";"Múltipla";"Reta";"Sim";2;0;1;0;1;0;1;2;-27,6159995;-48,6447616;"SPRF-SC";"DEL01/SC";"UOP01-DEL01-SC"
766710;2026-04-22;"quarta-feira";"06:50:00";"RJ";101;305;"SAO GONCALO";"Pedestre andava na pista";"Atropelamento de Pedestre";"Com Vítimas Fatais";"Amanhecer";"Decrescente";"Sol";"Dupla";"Reta";"Sim";2;1;0;0;1;0;0;2;-22,78786276;-42,99901548;"SPRF-RJ";"DEL02/RJ";"UOP02-DEL02-RJ"
766711;2026-04-22;"quarta-feira";"10:00:00";"RJ";101;295;"SAO GONCALO";"Condutor deixou de manter distância do veículo da frente";"Colisão traseira";"Com Vítimas Feridas";"Pleno dia";"Crescente";"Céu Claro";"Dupla";"Reta";"Sim";2;0;1;0;1;0;1;2;-22,78566233;-42,99104014;"SPRF-RJ";"DEL02/RJ";"UOP02-DEL02-RJ"
766713;2026-04-22;"quarta-feira";"10:10:00";"SP";116;220;"GUARULHOS";"Acessar a via sem observar a presença dos outros veículos";"Colisão lateral mesmo sentido";"Com Vítimas Feridas";"Pleno dia";"Decrescente";"Céu Claro";"Múltipla";"Reta";"Sim";1;0;0;1;0;0;1;1;-23,46525034;-46,4981626;"SPRF-SP";"DEL01/SP";"UOP01-DEL01-SP"
766714;2026-04-22;"quarta-feira";"09:15:00";"PR";277;721;"FOZ DO IGUACU";"Reação tardia ou ineficiente do condutor";"Colisão com objeto";"Com Vítimas Feridas";"Pleno dia";"Decrescente";"Céu Claro";"Dupla";"Reta";"Não";1;0;1;0;0;0;1;1;-25,48908056;-54,50608914;"SPRF-PR";"DEL05/PR";"UOP03-DEL05-PR"
766716;2026-04-22;"quarta-feira";"08:15:00";"MT";163;834;"SINOP";"Reação tardia ou ineficiente do condutor";"Tombamento";"Com Vítimas Feridas";"Plena Noite";"Crescente";"Céu Claro";"Simples";"Reta";"Não";1;0;1;0;0;0;1;1;-11,85447587;-55,50146572;"SPRF-MT";"DEL06/MT";"UOP02-DEL06-MT"
766717;2026-04-22;"quarta-feira";"10:30:00";"BA";135;183;"BARREIRAS";"Ausência de reação do condutor";"Colisão traseira";"Com Vítimas Feridas";"Pleno dia";"Decrescente";"Sol";"Simples";"Reta;Declive";"Sim";2;0;1;0;1;0;1;2;-12,177024;-45,009983;"SPRF-BA";"DEL10/BA";"UOP01-DEL10-BA"
766718;2026-04-22;"quarta-feira";"09:35:00";"RO";319;141;"PORTO VELHO";"Acessar a via sem observar a presença dos outros veículos";"Colisão transversal";"Sem Vítimas";"Pleno dia";"Crescente";"Céu Claro";"Dupla";"Interseção de Vias";"Sim";2;0;0;0;2;0;0;2;-8,74919584;-63,88821244;"SPRF-RO";"DEL01-RO";"UOP01-DEL01-RO"
766721;2026-04-22;"quarta-feira";"11:05:00";"RS";386;307,3;"POUSO NOVO";"Reação tardia ou ineficiente do condutor";"Colisão frontal";"Com Vítimas Feridas";"Pleno dia";"Crescente";"Céu Claro";"Simples";"Curva";"Não";5;0;5;0;0;0;5;2;-29,208;-52,18187;"SPRF-RS";"DEL04/RS";"UOP01-DEL04-RS"
766722;2026-04-22;"quarta-feira";"07:20:00";"SC";101;276;"IMBITUBA";"Transitar na contramão";"Colisão lateral sentido oposto";"Com Vítimas Feridas";"Pleno dia";"Decrescente";"Céu Claro";"Múltipla";"Viaduto";"Sim";3;0;0;1;2;0;1;2;-28,16070306;-48,69312286;"SPRF-SC";"DEL02/SC";"UOP03-DEL02-SC"
766723;2026-04-22;"quarta-feira";"11:10:00";"BA";116;419,7;"FEIRA DE SANTANA";"Avarias e/ou desgaste excessivo no pneu";"Tombamento";"Com Vítimas Feridas";"Pleno dia";"Decrescente";"Céu Claro";"Dupla";"Reta";"Sim";1;0;1;0;0;0;1;1;-12,2074;-38,9654;"SPRF-BA";"DEL02/BA";"UOP01-DEL02-BA"
766724;2026-04-22;"quarta-feira";"10:15:00";"MG";40;140,2;"JOAO PINHEIRO";"Condutor deixou de manter distância do veículo da frente";"Colisão traseira";"Com Vítimas Feridas";"Pleno dia";"Decrescente";"Céu Claro";"Simples";"Curva";"Não";3;0;1;0;2;0;1;2;-17,73826381;-46,20484829;"SPRF-MG";"DEL14/MG";"UOP01-DEL14-MG"
766725;2026-04-22;"quarta-feira";"07:45:00";"GO";153;497;"GOIANIA";"Condutor deixou de manter distância do veículo da frente";"Colisão lateral mesmo sentido";"Com Vítimas Feridas";"Pleno dia";"Crescente";"Céu Claro";"Dupla";"Reta";"Sim";3;0;1;0;2;0;1;2;-16,656752;-49,218912;"SPRF-GO";"DEL01/GO";"UOP01-DEL01-GO"
766727;2026-04-22;"quarta-feira";"12:00:00";"SP";381;22;"BRAGANCA PAULISTA";"Ausência de reação do condutor";"Queda de ocupante de veículo";"Com Vítimas Feridas";"Pleno dia";"Decrescente";"Céu Claro";"Dupla";"Reta";"Sim";2;0;1;0;1;0;1;1;-22,99553452;-46,51391029;"SPRF-SP";"DEL03/SP";"UOP02-DEL03-SP"
766728;2026-04-22;"quarta-feira";"12:30:00";"SP";116;219,7;"GUARULHOS";"Trafegar com motocicleta (ou similar) entre as faixas";"Colisão lateral mesmo sentido";"Com Vítimas Feridas";"Pleno dia";"Crescente";"Sol";"Múltipla";"Reta";"Não";2;0;1;0;1;0;1;2;-23,464063;-46,497285;"SPRF-SP";"DEL01/SP";"UOP01-DEL01-SP"
766729;2026-04-22;"quarta-feira";"09:30:00";"RJ";40;51,8;"PETROPOLIS";"Objeto estático sobre o leito carroçável";"Queda de ocupante de veículo";"Com Vítimas Feridas";"Pleno dia";"Decrescente";"Céu Claro";"Dupla";"Curva";"Não";1;0;0;1;0;0;1;1;-22,33571;-43,1332;"SPRF-RJ";"DEL05/RJ";"UOP02-DEL05-RJ"
766732;2026-04-21;"terça-feira";"21:45:00";"MA";226;5,5;"TIMON";"Ausência de reação do condutor";"Colisão lateral sentido oposto";"Com Vítimas Feridas";"Plena Noite";"Decrescente";"Garoa/Chuvisco";"Simples";"Reta";"Não";2;0;0;1;1;0;1;2;-5,139805;-42,862675;"SPRF-MA";"DEL03-MA";"UOP02-DEL03-MA"
766734;2026-04-05;"domingo";"19:49:00";"PE";424;103;"BREJAO";"Ausência de reação do condutor";"Colisão frontal";"Com Vítimas Feridas";"Plena Noite";"Crescente";"Chuva";"Simples";"Declive;Reta";"Não";2;0;1;0;0;1;1;2;-8,982543;-36,510387;"SPRF-PE";"DEL03/PE";"UOP01-DEL03-PE"
766735;2026-04-22;"quarta-feira";"09:50:00";"PR";376;530,9;"PALMEIRA";"Frear bruscamente";"Saída de leito carroçável";"Com Vítimas Feridas";"Pleno dia";"Crescente";"Céu Claro";"Dupla";"Reta";"Não";1;0;1;0;0;0;1;1;-25,3405732;-49,8493551;"SPRF-PR";"DEL01/PR";"UOP07-DEL01-PR"
766736;2026-04-22;"quarta-feira";"05:20:00";"RJ";101;305;"SAO GONCALO";"Reação tardia ou ineficiente do condutor";"Colisão traseira";"Com Vítimas Feridas";"Pleno dia";"Crescente";"Céu Claro";"Dupla";"Reta";"Sim";5;0;4;0;1;0;4;3;-22,78819452;-43,00217198;"SPRF-RJ";"DEL02/RJ";"UOP02-DEL02-RJ"
766737;2026-04-22;"quarta-feira";"09:38:00";"RJ";101;232;"SILVA JARDIM";"Demais falhas mecânicas ou elétricas";"Tombamento";"Com Vítimas Feridas";"Pleno dia";"Decrescente";"Céu Claro";"Dupla";"Reta";"Não";1;0;1;0;0;0;1;1;-22,58960884;-42,38544464;"SPRF-RJ";"DEL02/RJ";"UOP03-DEL02-RJ"
766738;2026-04-22;"quarta-feira";"11:50:00";"RS";386;344;"LAJEADO";"Sinalização mal posicionada";"Tombamento";"Com Vítimas Feridas";"Pleno dia";"Decrescente";"Céu Claro";"Múltipla";"Reta;Declive";"Sim";1;0;1;0;0;0;1;1;-29,43129001;-52,01311525;"SPRF-RS";"DEL04/RS";"UOP01-DEL04-RS"
766739;2026-04-22;"quarta-feira";"12:55:00";"MG";381;5;"BETIM";"Demais falhas mecânicas ou elétricas";"Tombamento";"Com Vítimas Feridas";"Pleno dia";"Decrescente";"Céu Claro";"Dupla";"Reta";"Sim";2;0;2;0;0;0;2;1;-19,98904709;-44,18808158;"SPRF-MG";"DEL01/MG";"UOP03-DEL01-MG"
766740;2026-04-22;"quarta-feira";"12:50:00";"GO";153;374,9;"SAO FRANCISCO DE GOIAS";"Ausência de reação do condutor";"Colisão traseira";"Com Vítimas Feridas";"Pleno dia";"Decrescente";"Céu Claro";"Simples";"Reta;Em Obras";"Não";3;0;2;0;1;0;2;2;-15,884793;-49,24349;"SPRF-GO";"DEL02/GO";"UOP02-DEL02-GO"
766741;2026-04-22;"quarta-feira";"13:14:00";"SE";101;44,5;"JAPARATUBA";"Objeto estático sobre o leito carroçável";"Colisão traseira";"Com Vítimas Feridas";"Pleno dia";"Decrescente";"Chuva";"Dupla";"Reta";"Não";3;0;0;1;2;0;1;2;-10,57709075;-36,96487427;"SPRF-SE";"DEL02-SE";"UOP02-DEL02-SE"
766742;2026-04-22;"quarta-feira";"13:40:00";"RS";158;329;"SANTA MARIA";"Pista Escorregadia";"Queda de ocupante de veículo";"Com Vítimas Feridas";"Pleno dia";"Decrescente";"Céu Claro";"Simples";"Curva;Viaduto;Rotatória;Interseção de Vias";"Sim";2;0;1;0;1;0;1;2;-29,700785;-53,840786;"SPRF-RS";"DEL09/RS";"UOP01-DEL09-RS"
766744;2026-04-22;"quarta-feira";"10:58:00";"RJ";493;65;"NOVA IGUACU";"Reação tardia ou ineficiente do condutor";"Saída de leito carroçável";"Com Vítimas Feridas";"Pleno dia";"Decrescente";"Céu Claro";"Dupla";"Curva";"Não";1;0;1;0;0;0;1;1;-22,688521;-43,442241;"SPRF-RJ";"DEL01/RJ";"UOP03-DEL01-RJ"
766745;2026-04-07;"terça-feira";"18:00:00";"ES";101;65,4;"SAO MATEUS";"Ausência de reação do condutor";"Colisão traseira";"Com Vítimas Feridas";"Anoitecer";"Decrescente";"Céu Claro";"Simples";"Declive;Curva";"Sim";2;0;1;0;1;0;1;2;-18,7132109;-39,8781163;"SPRF-ES";"DEL04-ES";"UOP02-DEL04-ES"
766747;2026-04-22;"quarta-feira";"14:00:00";"PR";369;74,1;"SANTA MARIANA";"Ausência de reação do condutor";"Colisão lateral sentido oposto";"Com Vítimas Feridas";"Pleno dia";"Crescente";"Céu Claro";"Simples";"Curva";"Não";3;0;0;1;1;1;1;3;-23,15428586;-50,50302252;"SPRF-PR";"DEL07/PR";"UOP05-DEL07-PR"
766748;2026-04-14;"terça-feira";"18:05:00";"SC";280;167,1;"MAFRA";"Ingestão de álcool pelo condutor";"Colisão transversal";"Com Vítimas Feridas";"Anoitecer";"Crescente";"Céu Claro";"Simples";"Interseção de Vias";"Sim";2;0;0;1;1;0;1;2;-26,16969;-49,81805;"SPRF-SC";"DEL06/SC";"UOP01-DEL06-SC"
766749;2026-04-22;"quarta-feira";"14:25:00";"RJ";101;315;"SAO GONCALO";"Demais falhas mecânicas ou elétricas";"Colisão com objeto";"Com Vítimas Feridas";"Pleno dia";"Decrescente";"Céu Claro";"Dupla";"Reta";"Sim";3;0;1;0;2;0;1;2;-22,82514614;-43,08898854;"SPRF-RJ";"DEL02/RJ";"UOP02-DEL02-RJ"
766750;2026-04-22;"quarta-feira";"10:20:00";"RJ";40;32;"AREAL";"Acumulo de óleo sobre o pavimento";"Queda de ocupante de veículo";"Com Vítimas Feridas";"Pleno dia";"Decrescente";"Céu Claro";"Dupla";"Declive;Curva";"Sim";1;0;1;0;0;0;1;1;-22,2049607;-43,14053397;"SPRF-RJ";"DEL05/RJ";"UOP02-DEL05-RJ"
766751;2026-04-14;"terça-feira";"14:30:00";"PE";232;133;"CARUARU";"Velocidade Incompatível";"Colisão traseira";"Sem Vítimas";"Pleno dia";"Decrescente";"Céu Claro";"Dupla";"Reta";"Sim";2;0;0;0;1;1;0;2;-8,308353;-36,023737;"SPRF-PE";"DEL02/PE";"UOP03-DEL02-PE"
766752;2026-04-22;"quarta-feira";"13:00:00";"BA";324;582;"CANDEIAS";"Chuva";"Saída de leito carroçável";"Sem Vítimas";"Pleno dia";"Decrescente";"Chuva";"Dupla";"Curva";"Não";1;0;0;0;0;1;0;1;-12,6155258;-38,4877847;"SPRF-BA";"DEL01/BA";"UOP01-DEL01-BA"
766753;2026-04-22;"quarta-feira";"14:25:00";"RJ";101;297;"ITABORAI";"Transitar no Acostamento";"Colisão transversal";"Com Vítimas Feridas";"Pleno dia";"Decrescente";"Céu Claro";"Simples";"Aclive";"Sim";2;0;1;0;1;0;1;2;-22,77135268;-42,92281508;"SPRF-RJ";"DEL02/RJ";"UOP02-DEL02-RJ"
766755;2026-04-22;"quarta-feira";"15:02:00";"RJ";40;109;"DUQUE DE CAXIAS";"Condutor deixou de manter distância do veículo da frente";"Colisão traseira";"Com Vítimas Feridas";"Pleno dia";"Crescente";"Céu Claro";"Dupla";"Reta";"Sim";2;0;1;0;1;0;1;2;-22,678175;-43,28624;"SPRF-RJ";"DEL01/RJ";"UOP02-DEL01-RJ"
766757;2026-04-22;"quarta-feira";"15:37:00";"ES";101;286,2;"CARIACICA";"Demais falhas na via";"Queda de ocupante de veículo";"Com Vítimas Feridas";"Pleno dia";"Crescente";"Céu Claro";"Dupla";"Aclive;Reta";"Não";1;0;0;1;0;0;1;1;-20,262283;-40,3787901;"SPRF-ES";"DEL01-ES";"UOP01-DEL01-ES"
766758;2026-04-11;"sábado";"20:20:00";"PE";316;86,9;"OURICURI";"Ausência de reação do condutor";"Colisão frontal";"Com Vítimas Feridas";"Plena Noite";"Crescente";"Ignorado";"Simples";"Reta";"Não";3;0;1;0;2;0;1;2;-7,89282;-40,055445;"SPRF-PE";"DEL05/PE";"UOP02-DEL05-PE"
766760;2026-01-16;"sexta-feira";"20:30:00";"RJ";101;43;"CAMPOS DOS GOYTACAZES";"Iluminação deficiente";"Colisão traseira";"Com Vítimas Feridas";"Plena Noite";"Crescente";"Céu Claro";"Simples";"Reta";"Não";3;0;1;0;2;0;1;2;-21,59767463;-41,31690742;"SPRF-RJ";"DEL08/RJ";"UOP01-DEL08-RJ"
766762;2026-04-22;"quarta-feira";"15:00:00";"PA";316;65;"CASTANHAL";"Semáforo com defeito";"Colisão traseira";"Com Vítimas Feridas";"Pleno dia";"Crescente";"Sol";"Dupla";"Reta";"Sim";2;0;0;1;0;1;1;2;-1,295657;-47,90476;"SPRF-PA";"DEL01/PA";"UOP01-DEL01-PA"
766763;2026-04-22;"quarta-feira";"11:15:00";"GO";153;580;"PIRACANJUBA";"Ausência de reação do condutor";"Saída de leito carroçável";"Com Vítimas Feridas";"Pleno dia";"Crescente";"Céu Claro";"Dupla";"Curva";"Não";1;0;1;0;0;0;1;1;-17,3818217;-49,23670001;"SPRF-GO";"DEL03/GO";"UOP01-DEL03-GO"
766764;2026-04-20;"segunda-feira";"19:50:00";"PE";316;83;"OURICURI";"Pedestre andava na pista";"Atropelamento de Pedestre";"Com Vítimas Feridas";"Plena Noite";"Decrescente";"Céu Claro";"Simples";"Reta";"Não";3;0;0;1;1;1;1;2;-7,87532745;-40,08396149;"SPRF-PE";"DEL05/PE";"UOP02-DEL05-PE"
766771;2026-04-22;"quarta-feira";"15:50:00";"RS";285;221,9;"CASEIROS";"Ausência de reação do condutor";"Capotamento";"Com Vítimas Fatais";"Pleno dia";"Crescente";"Nublado";"Simples";"Curva";"Não";3;1;0;0;2;0;0;3;-28,2512619;-51,7248435;"SPRF-RS";"DEL08/RS";"UOP05-DEL08-RS"
766773;2026-04-22;"quarta-feira";"15:36:00";"RJ";101;494;"ANGRA DOS REIS";"Manobra de mudança de faixa";"Colisão lateral mesmo sentido";"Com Vítimas Feridas";"Pleno dia";"Decrescente";"Céu Claro";"Simples";"Reta";"Sim";2;0;1;0;1;0;1;2;-22,9843133;-44,29584503;"SPRF-RJ";"DEL03/RJ";"UOP03-DEL03-RJ"
766776;2026-04-21;"terça-feira";"06:12:00";"SP";116;449;"REGISTRO";"Avarias e/ou desgaste excessivo no pneu";"Tombamento";"Com Vítimas Feridas";"Amanhecer";"Crescente";"Céu Claro";"Dupla";"Reta";"Não";2;0;2;0;0;0;2;1;-24,53128649;-47,8573011;"SPRF-SP";"DEL05/SP";"UOP01-DEL05-SP"
766777;2026-04-22;"quarta-feira";"17:02:00";"CE";304;47;"ARACATI";"Animais na Pista";"Atropelamento de Animal";"Com Vítimas Feridas";"Pleno dia";"Decrescente";"Céu Claro";"Dupla";"Reta";"Sim";1;0;1;0;0;0;1;1;-4,57630145;-37,78799979;"SPRF-CE";"DEL03/CE";"UOP02-DEL03-CE"
766779;2026-04-22;"quarta-feira";"16:50:00";"RS";290;176;"BUTIA";"Acessar a via sem observar a presença dos outros veículos";"Colisão lateral mesmo sentido";"Sem Vítimas";"Pleno dia";"Crescente";"Céu Claro";"Simples";"Reta";"Sim";3;0;0;0;3;0;0;2;-30,13212722;-51,97798904;"SPRF-RS";"DEL02/RS";"UOP03-DEL02-RS"
766780;2026-04-22;"quarta-feira";"16:40:00";"MG";459;78,3;"SENADOR JOSE BENTO";"Condutor Dormindo";"Saída de leito carroçável";"Com Vítimas Feridas";"Pleno dia";"Decrescente";"Céu Claro";"Simples";"Curva";"Não";1;0;1;0;0;0;1;1;-22,16081801;-46,09996319;"SPRF-MG";"DEL09/MG";"UOP01-DEL09-MG"
766781;2026-04-14;"terça-feira";"16:40:00";"RJ";116;173;"SAO JOAO DE MERITI";"Reação tardia ou ineficiente do condutor";"Colisão lateral mesmo sentido";"Com Vítimas Feridas";"Pleno dia";"Crescente";"Céu Claro";"Múltipla";"Reta";"Sim";4;0;2;0;2;0;2;2;-22,79587014;-43,36115805;"SPRF-RJ";"DEL06/RJ";"UOP01-DEL06-RJ"
766783;2026-04-22;"quarta-feira";"14:10:00";"MA";10;251;"IMPERATRIZ";"Acessar a via sem observar a presença dos outros veículos";"Colisão transversal";"Com Vítimas Feridas";"Pleno dia";"Decrescente";"Céu Claro";"Simples";"Reta";"Sim";2;0;1;0;1;0;1;2;-5,537492;-47,468275;"SPRF-MA";"DEL04-MA";"UOP01-DEL04-MA"
766784;2026-04-22;"quarta-feira";"17:30:00";"PR";277;721;"FOZ DO IGUACU";"Ausência de sinalização";"Eventos atípicos";"Com Vítimas Feridas";"Anoitecer";"Decrescente";"Céu Claro";"Dupla";"Reta;Retorno Regulamentado";"Sim";2;0;1;0;1;0;1;2;-25,491156;-54,511753;"SPRF-PR";"DEL05/PR";"UOP03-DEL05-PR"
766786;2026-04-22;"quarta-feira";"17:25:00";"MG";116;702;"MURIAE";"Transitar no Acostamento";"Colisão transversal";"Com Vítimas Feridas";"Pleno dia";"Crescente";"Sol";"Simples";"Reta;Retorno Regulamentado";"Sim";2;0;2;0;0;0;2;2;-21,12145;-42,38014;"SPRF-MG";"DEL07/MG";"UOP02-DEL07-MG"
766788;2026-04-22;"quarta-feira";"17:30:00";"RS";116;230;"IVOTI";"Acessar a via sem observar a presença dos outros veículos";"Colisão transversal";"Sem Vítimas";"Pleno dia";"Decrescente";"Nublado";"Dupla";"Aclive;Retorno Regulamentado";"Sim";2;0;0;0;2;0;0;2;-29,6255197;-51,1375288;"SPRF-RS";"DEL01/RS";"UOP02-DEL01-RS"
766789;2026-04-22;"quarta-feira";"16:20:00";"SC";282;590,5;"SAUDADES";"Ingestão de álcool pelo condutor";"Saída de leito carroçável";"Sem Vítimas";"Pleno dia";"Decrescente";"Céu Claro";"Simples";"Reta";"Não";1;0;0;0;1;0;0;1;-26,82565163;-53,08685433;"SPRF-SC";"DEL07/SC";"UOP02-DEL07-SC"
766791;2026-04-22;"quarta-feira";"10:00:00";"MA";226;508;"LAJEADO NOVO";"Demais falhas mecânicas ou elétricas";"Incêndio";"Sem Vítimas";"Pleno dia";"Decrescente";"Céu Claro";"Simples";"Reta";"Não";2;0;0;0;2;0;0;1;-6,141143;-46,875617;"SPRF-MA";"DEL04-MA";"UOP02-DEL04-MA"
766792;2026-04-22;"quarta-feira";"17:50:00";"RN";101;83,4;"SAO GONCALO DO AMARANTE";"Condutor deixou de manter distância do veículo da frente";"Colisão traseira";"Com Vítimas Feridas";"Plena Noite";"Crescente";"Céu Claro";"Múltipla";"Reta";"Sim";2;0;1;0;1;0;1;2;-5,772527;-35,26277;"SPRF-RN";"DEL02-RN";"UOP01-DEL02-RN"
766794;2026-04-22;"quarta-feira";"18:00:00";"SP";116;218;"GUARULHOS";"Trafegar com motocicleta (ou similar) entre as faixas";"Colisão lateral mesmo sentido";"Com Vítimas Feridas";"Anoitecer";"Crescente";"Céu Claro";"Múltipla";"Reta";"Não";3;0;1;0;2;0;1;3;-23,459168;-46,484798;"SPRF-SP";"DEL01/SP";"UOP01-DEL01-SP"
766795;2026-04-22;"quarta-feira";"16:15:00";"MG";381;628;"OLIVEIRA";"Ausência de reação do condutor";"Colisão traseira";"Com Vítimas Feridas";"Pleno dia";"Crescente";"Sol";"Dupla";"Aclive;Curva";"Não";2;0;0;1;1;0;1;2;-20,81921779;-44,80045865;"SPRF-MG";"DEL04/MG";"UOP01-DEL04-MG"
766796;2026-04-22;"quarta-feira";"17:49:00";"ES";101;282;"CARIACICA";"Acessar a via sem observar a presença dos outros veículos";"Colisão lateral mesmo sentido";"Com Vítimas Feridas";"Anoitecer";"Crescente";"Céu Claro";"Dupla";"Aclive;Reta;Interseção de Vias";"Não";3;0;2;0;1;0;2;2;-20,25312853;-40,37398387;"SPRF-ES";"DEL01-ES";"UOP01-DEL01-ES"
766797;2026-04-22;"quarta-feira";"17:50:00";"BA";101;716,2;"EUNAPOLIS";"Área urbana sem a presença de local apropriado para a travessia de pedestres";"Atropelamento de Pedestre";"Com Vítimas Feridas";"Plena Noite";"Crescente";"Céu Claro";"Simples";"Reta;Interseção de Vias;Rotatória";"Sim";4;0;3;0;0;1;3;2;-16,364513;-39,581183;"SPRF-BA";"DEL09/BA";"UOP01-DEL09-BA"
766798;2026-04-22;"quarta-feira";"18:00:00";"MG";381;447;"BELO HORIZONTE";"Ausência de reação do condutor";"Tombamento";"Com Vítimas Feridas";"Anoitecer";"Crescente";"Céu Claro";"Simples";"Curva;Aclive";"Sim";1;0;1;0;0;0;1;1;-19,83774298;-43,88205918;"SPRF-MG";"DEL01/MG";"UOP01-DEL01-MG"
766800;2026-04-22;"quarta-feira";"18:45:00";"RS";285;457,1;"IJUI";"Desrespeitar a preferência no cruzamento";"Colisão transversal";"Com Vítimas Feridas";"Plena Noite";"Decrescente";"Nublado";"Simples";"Reta;Em Obras";"Sim";4;0;1;0;3;0;1;2;-28,39802591;-53,89769197;"SPRF-RS";"DEL10/RS";"UOP01-DEL10-RS"
766801;2026-04-22;"quarta-feira";"17:50:00";"MS";163;486,6;"CAMPO GRANDE";"Acessar a via sem observar a presença dos outros veículos";"Colisão transversal";"Com Vítimas Feridas";"Plena Noite";"Crescente";"Céu Claro";"Simples";"Declive;Reta;Interseção de Vias";"Sim";3;0;1;0;2;0;1;2;-20,428137;-54,54516;"SPRF-MS";"DEL01/MS";"UOP02-DEL01-MS"
766802;2026-04-22;"quarta-feira";"16:20:00";"SC";280;126;"RIO NEGRINHO";"Acessar a via sem observar a presença dos outros veículos";"Colisão frontal";"Com Vítimas Feridas";"Pleno dia";"Decrescente";"Céu Claro";"Simples";"Reta;Interseção de Vias;Rotatória";"Sim";2;0;1;0;1;0;1;2;-26,23815;-49,49422;"SPRF-SC";"DEL06/SC";"UOP03-DEL06-SC"
766803;2026-04-22;"quarta-feira";"18:40:00";"DF";251;58,9;"BRASILIA";"Acessar a via sem observar a presença dos outros veículos";"Colisão traseira";"Com Vítimas Feridas";"Plena Noite";"Decrescente";"Céu Claro";"Simples";"Reta";"Não";2;0;0;1;1;0;1;2;-15,975;-47,96943;"SPRF-DF";"DEL01-DF";"UOP01-DEL01-DF"
766804;2026-04-22;"quarta-feira";"19:00:00";"SC";101;136;"BALNEARIO CAMBORIU";"Ausência de reação do condutor";"Colisão traseira";"Com Vítimas Feridas";"Plena Noite";"Crescente";"Céu Claro";"Múltipla";"Reta";"Sim";3;0;2;0;1;0;2;2;-27,01188306;-48,61425368;"SPRF-SC";"DEL04/SC";"UOP03-DEL04-SC"
766805;2026-04-22;"quarta-feira";"17:30:00";"SC";280;131,1;"RIO NEGRINHO";"Acessar a via sem observar a presença dos outros veículos";"Colisão lateral mesmo sentido";"Com Vítimas Feridas";"Anoitecer";"Decrescente";"Céu Claro";"Simples";"Declive;Interseção de Vias";"Não";2;0;1;0;1;0;1;2;-26,2563522;-49,54059212;"SPRF-SC";"DEL06/SC";"UOP03-DEL06-SC"
766806;2026-04-22;"quarta-feira";"18:40:00";"PE";101;74,6;"RECIFE";"Ausência de reação do condutor";"Queda de ocupante de veículo";"Com Vítimas Feridas";"Plena Noite";"Crescente";"Céu Claro";"Dupla";"Reta";"Sim";1;0;1;0;0;0;1;1;-8,10663;-34,94875;"SPRF-PE";"DEL01/PE";"UOP01-DEL01-PE"
766807;2026-03-25;"quarta-feira";"19:00:00";"BA";324;517;"FEIRA DE SANTANA";"Ultrapassagem Indevida";"Colisão lateral mesmo sentido";"Com Vítimas Feridas";"Plena Noite";"Crescente";"Ignorado";"Simples";"Reta";"Sim";2;0;0;1;1;0;1;2;-12,255514;-38,932298;"SPRF-BA";"DEL02/BA";"UOP01-DEL02-BA"
766808;2026-04-22;"quarta-feira";"18:00:00";"RJ";465;16;"SEROPEDICA";"Retorno proibido";"Colisão lateral mesmo sentido";"Com Vítimas Feridas";"Plena Noite";"Decrescente";"Céu Claro";"Simples";"Reta";"Sim";2;0;1;0;1;0;1;2;-22,80924233;-43,63387048;"SPRF-RJ";"DEL06/RJ";"UOP02-DEL06-RJ"
766809;2026-04-22;"quarta-feira";"18:50:00";"RS";468;86,7;"BOM PROGRESSO";"Ausência de reação do condutor";"Colisão lateral sentido oposto";"Sem Vítimas";"Plena Noite";"Decrescente";"Céu Claro";"Simples";"Reta;Interseção de Vias";"Não";4;0;0;0;3;1;0;2;-27,5870131;-53,87044573;"SPRF-RS";"DEL08/RS";"UOP02-DEL08-RS"
766810;2026-04-22;"quarta-feira";"18:45:00";"AP";156;388;"FERREIRA GOMES";"Acessar a via sem observar a presença dos outros veículos";"Colisão transversal";"Com Vítimas Feridas";"Anoitecer";"Decrescente";"Chuva";"Simples";"Reta;Interseção de Vias";"Não";2;0;2;0;0;0;2;2;0,84369322;-51,18886149;"SPRF-AP";"DEL01-AP";"UOP02-DEL01-AP"
766811;2026-04-22;"quarta-feira";"18:40:00";"MG";356;267,9;"MURIAE";"Ausência de reação do condutor";"Tombamento";"Com Vítimas Feridas";"Plena Noite";"Crescente";"Nublado";"Simples";"Reta";"Sim";1;0;1;0;0;0;1;1;-21,12763573;-42,35031462;"SPRF-MG";"DEL07/MG";"UOP02-DEL07-MG"