"id";"data_inversa";"dia_semana";"horario";"uf";"br";"km";"municipio";"causa_acidente";"tipo_acidente";"classificacao_acidente";"fase_dia";"sentido_via";"condicao_metereologica";"tipo_pista";"tracado_via";"uso_solo";"pessoas";"mortos";"feridos_leves";"feridos_graves";"ilesos";"ignorados";"feridos";"veiculos";"latitude";"longitude";"regional";"delegacia";"uop"
766812;2026-04-22;"quarta-feira";"19:30:00";"MG";381;562;"ITAGUARA";"Reação tardia ou ineficiente do condutor";"Saída de leito carroçável";"Com Vítimas Feridas";"Plena Noite";"Decrescente";"Céu Claro";"Simples";"Declive";"Sim";1;0;0;1;0;0;1;1;-20,37921788;-44,47717309;"SPRF-MG";"DEL04/MG";"UOP03-DEL04-MG"
766813;2026-04-22;"quarta-feira";"18:10:00";"SC";101;435,6;"SOMBRIO";"Ausência de reação do condutor";"Colisão lateral mesmo sentido";"Com Vítimas Feridas";"Anoitecer";"Decrescente";"Céu Claro";"Múltipla";"Rotatória";"Sim";2;0;1;0;1;0;1;2;-29,1111832;-49,63821564;"SPRF-SC";"DEL02/SC";"UOP02-DEL02-SC"
766814;2026-04-22;"quarta-feira";"19:20:00";"DF";70;11,4;"BRASILIA";"Manobra de mudança de faixa";"Colisão lateral mesmo sentido";"Com Vítimas Feridas";"Plena Noite";"Crescente";"Céu Claro";"Dupla";"Reta";"Sim";2;0;1;0;1;0;1;2;-15,791908;-48,157255;"SPRF-DF";"DEL03-DF";"UOP02-DEL03-DF"
766815;2026-04-22;"quarta-feira";"16:20:00";"RJ";116;147;"DUQUE DE CAXIAS";"Trafegar com motocicleta (ou similar) entre as faixas";"Tombamento";"Com Vítimas Feridas";"Pleno dia";"Crescente";"Céu Claro";"Múltipla";"Reta";"Sim";2;0;1;1;0;0;2;1;-22,669476;-43,272106;"SPRF-RJ";"DEL01/RJ";"UOP02-DEL01-RJ"
766817;2026-04-22;"quarta-feira";"19:37:00";"SP";116;216,4;"GUARULHOS";"Entrada inopinada do pedestre";"Atropelamento de Pedestre";"Com Vítimas Fatais";"Plena Noite";"Decrescente";"Céu Claro";"Múltipla";"Aclive";"Sim";2;1;0;0;1;0;0;2;-23,45199741;-46,46700668;"SPRF-SP";"DEL01/SP";"UOP01-DEL01-SP"
766818;2026-04-22;"quarta-feira";"15:45:00";"AC";364;156;"BUJARI";"Reação tardia ou ineficiente do condutor";"Tombamento";"Com Vítimas Feridas";"Pleno dia";"Crescente";"Céu Claro";"Simples";"Reta";"Sim";1;0;0;1;0;0;1;1;-9,82676;-67,95972;"SPRF-AC";"DEL01-AC";"UOP01-DEL01-AC"
766819;2026-04-22;"quarta-feira";"19:20:00";"MG";116;276;"TEOFILO OTONI";"Reação tardia ou ineficiente do condutor";"Tombamento";"Com Vítimas Feridas";"Plena Noite";"Crescente";"Céu Claro";"Simples";"Reta;Em Obras";"Sim";1;0;1;0;0;0;1;1;-17,8569;-41,514662;"SPRF-MG";"DEL11/MG";"UOP01-DEL11-MG"
766822;2026-04-22;"quarta-feira";"19:25:00";"SP";116;303;"SAO LOURENCO DA SERRA";"Reação tardia ou ineficiente do condutor";"Colisão traseira";"Com Vítimas Feridas";"Plena Noite";"Crescente";"Céu Claro";"Dupla";"Aclive;Reta";"Não";2;0;1;0;1;0;1;2;-23,82214863;-46,92541056;"SPRF-SP";"DEL04/SP";"UOP01-DEL04-SP"
766823;2026-03-02;"segunda-feira";"16:15:00";"GO";60;104;"GOIANAPOLIS";"Reação tardia ou ineficiente do condutor";"Saída de leito carroçável";"Com Vítimas Feridas";"Pleno dia";"Crescente";"Céu Claro";"Dupla";"Reta";"Não";1;0;0;1;0;0;1;1;-16,412769;-49,004621;"SPRF-GO";"DEL02/GO";"UOP01-DEL02-GO"
766824;2026-04-22;"quarta-feira";"18:00:00";"RJ";393;250;"BARRA DO PIRAI";"Reação tardia ou ineficiente do condutor";"Tombamento";"Com Vítimas Feridas";"Anoitecer";"Crescente";"Céu Claro";"Simples";"Reta";"Não";2;0;0;2;0;0;2;1;-22,45069692;-43,79940033;"SPRF-RJ";"DEL05/RJ";"UOP04-DEL05-RJ"
766825;2026-04-22;"quarta-feira";"20:20:00";"TO";10;412,9;"PORTO NACIONAL";"Reação tardia ou ineficiente do condutor";"Atropelamento de Animal";"Com Vítimas Feridas";"Plena Noite";"Crescente";"Céu Claro";"Simples";"Reta";"Não";1;0;1;0;0;0;1;1;-10,64787;-48,39059;"SPRF-TO";"DEL01-TO";"UOP03-DEL01-TO"
766827;2026-04-22;"quarta-feira";"19:30:00";"MG";262;358;"JUATUBA";"Reação tardia ou ineficiente do condutor";"Tombamento";"Com Vítimas Feridas";"Plena Noite";"Decrescente";"Céu Claro";"Dupla";"Reta";"Sim";1;0;1;0;0;0;1;1;-19,971414;-44,296204;"SPRF-MG";"DEL01/MG";"UOP03-DEL01-MG"
766828;2026-04-22;"quarta-feira";"19:59:00";"TO";235;165,5;"TUPIRAMA";"Reação tardia ou ineficiente do condutor";"Tombamento";"Com Vítimas Feridas";"Plena Noite";"Crescente";"Nublado";"Simples";"Curva";"Não";2;0;2;0;0;0;2;1;-8,987842;-48,191499;"SPRF-TO";"DEL02-TO";"UOP02-DEL02-TO"
766829;2026-04-22;"quarta-feira";"18:00:00";"SC";470;139,1;"RIO DO SUL";"Condutor deixou de manter distância do veículo da frente";"Colisão traseira";"Com Vítimas Feridas";"Plena Noite";"Decrescente";"Céu Claro";"Múltipla";"Interseção de Vias;Retorno Regulamentado";"Sim";2;0;0;1;1;0;1;2;-27,20062776;-49,63172285;"SPRF-SC";"DEL04/SC";"UOP02-DEL04-SC"
766831;2026-04-22;"quarta-feira";"20:00:00";"SP";101;20;"UBATUBA";"Conversão proibida";"Colisão lateral mesmo sentido";"Com Vítimas Feridas";"Plena Noite";"Crescente";"Céu Claro";"Simples";"Reta";"Não";2;0;1;0;1;0;1;2;-23,329668;-44,916533;"SPRF-SP";"DEL06/SP";"UOP01-DEL06-SP"
766832;2026-04-22;"quarta-feira";"20:30:00";"RJ";116;170;"RIO DE JANEIRO";"Condutor deixou de manter distância do veículo da frente";"Colisão traseira";"Com Vítimas Feridas";"Plena Noite";"Crescente";"Céu Claro";"Múltipla";"Reta";"Sim";2;0;1;0;1;0;1;2;-22,810753;-43,33531916;"SPRF-RJ";"DEL06/RJ";"UOP01-DEL06-RJ"
766833;2026-04-22;"quarta-feira";"19:20:00";"BA";101;895;"CARAVELAS";"Reação tardia ou ineficiente do condutor";"Saída de leito carroçável";"Com Vítimas Feridas";"Plena Noite";"Crescente";"Nublado";"Simples";"Declive;Curva";"Não";1;0;1;0;0;0;1;1;-17,69122;-39,77438;"SPRF-BA";"DEL09/BA";"UOP02-DEL09-BA"
766834;2026-04-22;"quarta-feira";"21:00:00";"ES";101;209,7;"IBIRACU";"Velocidade Incompatível";"Tombamento";"Com Vítimas Feridas";"Plena Noite";"Decrescente";"Ignorado";"Simples";"Reta";"Não";2;0;1;0;0;1;1;1;-19,80936172;-40,36692202;"SPRF-ES";"DEL02-ES";"UOP01-DEL02-ES"
766835;2026-04-22;"quarta-feira";"19:40:00";"AP";210;87;"FERREIRA GOMES";"Chuva";"Colisão traseira";"Sem Vítimas";"Plena Noite";"Decrescente";"Céu Claro";"Simples";"Reta";"Não";6;0;0;0;4;2;0;2;0,631255;-51,275564;"SPRF-AP";"DEL01-AP";"UOP01-DEL01-AP"
766836;2026-04-22;"quarta-feira";"20:25:00";"BA";116;755,6;"POCOES";"Desrespeitar a preferência no cruzamento";"Colisão transversal";"Com Vítimas Feridas";"Plena Noite";"Crescente";"Céu Claro";"Simples";"Reta";"Sim";2;0;1;1;0;0;2;2;-14,512962;-40,365833;"SPRF-BA";"DEL08/BA";"UOP02-DEL08-BA"
766837;2026-04-22;"quarta-feira";"19:15:00";"SC";101;27;"JOINVILLE";"Manobra de mudança de faixa";"Colisão transversal";"Com Vítimas Feridas";"Plena Noite";"Crescente";"Nublado";"Múltipla";"Reta";"Sim";2;0;1;0;1;0;1;2;-26,20821708;-48,91498916;"SPRF-SC";"DEL03/SC";"UOP01-DEL03-SC"
766838;2026-04-22;"quarta-feira";"18:00:00";"SE";235;64,6;"ITABAIANA";"Chuva";"Saída de leito carroçável";"Sem Vítimas";"Plena Noite";"Crescente";"Chuva";"Simples";"Curva";"Sim";1;0;0;0;1;0;0;1;-10,596698;-37,479285;"SPRF-SE";"DEL01-SE";"UOP02-DEL01-SE"
766841;2026-04-22;"quarta-feira";"19:30:00";"RJ";101;442;"MANGARATIBA";"Ausência de reação do condutor";"Saída de leito carroçável";"Com Vítimas Feridas";"Plena Noite";"Decrescente";"Céu Claro";"Simples";"Curva";"Não";1;0;1;0;0;0;1;1;-22,978745;-44,083488;"SPRF-RJ";"DEL03/RJ";"UOP02-DEL03-RJ"
766842;2026-04-22;"quarta-feira";"21:00:00";"PE";101;5,9;"GOIANA";"Animais na Pista";"Atropelamento de Animal";"Com Vítimas Feridas";"Plena Noite";"Crescente";"Garoa/Chuvisco";"Dupla";"Reta";"Não";2;0;2;0;0;0;2;1;-7,55532334;-34,9914635;"SPRF-PE";"DEL01/PE";"UOP02-DEL01-PE"
766845;2026-04-22;"quarta-feira";"19:15:00";"SC";280;94;"CORUPA";"Reação tardia ou ineficiente do condutor";"Colisão traseira";"Com Vítimas Feridas";"Plena Noite";"Crescente";"Céu Claro";"Simples";"Interseção de Vias;Rotatória";"Sim";2;0;1;0;1;0;1;2;-26,435229;-49,24521653;"SPRF-SC";"DEL06/SC";"UOP03-DEL06-SC"
766846;2026-04-22;"quarta-feira";"21:30:00";"RS";116;252;"SAPUCAIA DO SUL";"Manobra de mudança de faixa";"Tombamento";"Com Vítimas Feridas";"Plena Noite";"Crescente";"Céu Claro";"Múltipla";"Reta";"Sim";1;0;1;0;0;0;1;1;-29,80922079;-51,16766453;"SPRF-RS";"DEL01/RS";"UOP02-DEL01-RS"
766850;2026-04-22;"quarta-feira";"21:23:00";"RN";304;302,8;"PARNAMIRIM";"Acesso irregular";"Saída de leito carroçável";"Sem Vítimas";"Plena Noite";"Crescente";"Céu Claro";"Dupla";"Reta";"Sim";1;0;0;0;1;0;0;1;-5,88859341;-35,26971582;"SPRF-RN";"DEL01-RN";"UOP02-DEL01-RN"
766852;2026-04-22;"quarta-feira";"17:08:00";"SC";101;254,3;"PAULO LOPES";"Ultrapassagem Indevida";"Colisão lateral mesmo sentido";"Com Vítimas Feridas";"Pleno dia";"Crescente";"Céu Claro";"Simples";"Reta";"Sim";2;0;0;1;1;0;1;2;-28,07719249;-48,71222103;"SPRF-SC";"DEL02/SC";"UOP03-DEL02-SC"
766854;2026-04-22;"quarta-feira";"22:15:00";"SP";153;49,5;"SAO JOSE DO RIO PRETO";"Pedestre andava na pista";"Atropelamento de Pedestre";"Com Vítimas Feridas";"Plena Noite";"Decrescente";"Céu Claro";"Simples";"Reta";"Não";2;0;1;0;0;1;1;2;-20,704694;-49,339264;"SPRF-SP";"DEL09/SP";"UOP01-DEL09-SP"
766855;2026-04-22;"quarta-feira";"19:50:00";"RO";364;842;"PORTO VELHO";"Ausência de reação do condutor";"Tombamento";"Com Vítimas Feridas";"Plena Noite";"Crescente";"Céu Claro";"Simples";"Reta";"Não";1;0;1;0;0;0;1;1;-9,43280555;-64,70569611;"SPRF-RO";"DEL01-RO";"UOP02-DEL01-RO"
766857;2026-04-22;"quarta-feira";"22:00:00";"PR";369;202;"APUCARANA";"Acessar a via sem observar a presença dos outros veículos";"Colisão transversal";"Com Vítimas Feridas";"Plena Noite";"Decrescente";"Céu Claro";"Dupla";"Reta;Interseção de Vias";"Sim";2;0;0;1;1;0;1;2;-23,54608766;-51,45262241;"SPRF-PR";"DEL07/PR";"UOP03-DEL07-PR"
766859;2026-04-22;"quarta-feira";"22:30:00";"MG";381;883;"ESTIVA";"Reação tardia ou ineficiente do condutor";"Queda de ocupante de veículo";"Com Vítimas Feridas";"Plena Noite";"Crescente";"Céu Claro";"Dupla";"Reta";"Não";1;0;1;0;0;0;1;1;-22,48059939;-46,01113915;"SPRF-MG";"DEL16/MG";"UOP01-DEL16-MG"
766861;2026-04-22;"quarta-feira";"20:21:00";"MT";364;271;"JACIARA";"Reação tardia ou ineficiente do condutor";"Queda de ocupante de veículo";"Com Vítimas Feridas";"Plena Noite";"Decrescente";"Céu Claro";"Simples";"Reta";"Sim";3;0;1;1;1;0;2;2;-15,96973;-54,954963;"SPRF-MT";"DEL05/MT";"UOP02-DEL05-MT"
766862;2026-04-22;"quarta-feira";"20:10:00";"AM";319;680;"HUMAITA";"Reação tardia ou ineficiente do condutor";"Colisão traseira";"Com Vítimas Fatais";"Plena Noite";"Crescente";"Céu Claro";"Simples";"Reta";"Não";3;1;0;0;1;1;0;3;-7,5629;-63,078018;"SPRF-AM";"DEL02-AM";"UOP01-DEL02-AM"
766863;2026-04-22;"quarta-feira";"22:30:00";"CE";116;46;"PACAJUS";"Condutor deixou de manter distância do veículo da frente";"Colisão traseira";"Com Vítimas Feridas";"Plena Noite";"Crescente";"Céu Claro";"Dupla";"Curva";"Não";2;0;0;1;1;0;1;2;-4,14507021;-38,47826242;"SPRF-CE";"DEL01/CE";"UOP02-DEL01-CE"
766865;2026-04-23;"quinta-feira";"00:45:00";"MG";381;891,3;"CAMBUI";"Condutor Dormindo";"Capotamento";"Com Vítimas Feridas";"Plena Noite";"Crescente";"Céu Claro";"Dupla";"Reta";"Não";3;0;1;0;2;0;1;1;-22,547455;-46,040036;"SPRF-MG";"DEL16/MG";"UOP01-DEL16-MG"
766867;2026-04-23;"quinta-feira";"00:24:00";"RJ";101;489,8;"ANGRA DOS REIS";"Demais falhas mecânicas ou elétricas";"Incêndio";"Sem Vítimas";"Plena Noite";"Crescente";"Céu Claro";"Simples";"Reta";"Sim";1;0;0;0;1;0;0;1;-22,99316288;-44,30065155;"SPRF-RJ";"DEL03/RJ";"UOP03-DEL03-RJ"
766868;2026-04-22;"quarta-feira";"23:45:00";"RO";364;582,2;"ITAPUA DO OESTE";"Chuva";"Colisão com objeto";"Com Vítimas Feridas";"Plena Noite";"Crescente";"Garoa/Chuvisco";"Simples";"Retorno Regulamentado;Declive";"Não";2;0;2;0;0;0;2;1;-9,21949533;-63,17203874;"SPRF-RO";"DEL01-RO";"UOP04-DEL01-RO"
766871;2026-04-23;"quinta-feira";"01:46:00";"MG";381;930;"ITAPEVA";"Ausência de reação do condutor";"Saída de leito carroçável";"Com Vítimas Feridas";"Plena Noite";"Decrescente";"Céu Claro";"Dupla";"Reta";"Não";2;0;1;0;1;0;1;1;-22,77085937;-46,23405218;"SPRF-MG";"DEL16/MG";"UOP03-DEL16-MG"
766872;2026-04-23;"quinta-feira";"02:13:00";"RN";304;281;"MACAIBA";"Ausência de reação do condutor";"Saída de leito carroçável";"Com Vítimas Feridas";"Plena Noite";"Decrescente";"Céu Claro";"Múltipla";"Rotatória;Viaduto";"Não";1;0;1;0;0;0;1;1;-5,88876;-35,489093;"SPRF-RN";"DEL01-RN";"UOP02-DEL01-RN"
766873;2026-04-13;"segunda-feira";"16:15:00";"RJ";101;503,6;"ANGRA DOS REIS";"Condutor deixou de manter distância do veículo da frente";"Colisão traseira";"Com Vítimas Feridas";"Pleno dia";"Crescente";"Céu Claro";"Simples";"Reta";"Não";3;0;1;0;1;1;1;3;-22,9315192;-44,3878773;"SPRF-RJ";"DEL03/RJ";"UOP03-DEL03-RJ"
766874;2026-04-23;"quinta-feira";"03:30:00";"RJ";101;326;"RIO DE JANEIRO";"Condutor deixou de manter distância do veículo da frente";"Colisão traseira";"Com Vítimas Feridas";"Plena Noite";"Decrescente";"Céu Claro";"Dupla";"Reta";"Sim";3;0;1;0;2;0;1;2;-22,87063949;-43,16296577;"SPRF-RJ";"DEL02/RJ";"UOP01-DEL02-RJ"
766879;2026-04-23;"quinta-feira";"04:43:00";"MS";262;370;"TERENOS";"Reação tardia ou ineficiente do condutor";"Saída de leito carroçável";"Com Vítimas Feridas";"Amanhecer";"Crescente";"Céu Claro";"Simples";"Reta";"Não";4;0;4;0;0;0;4;2;-20,480133;-54,769869;"SPRF-MS";"DEL01/MS";"UOP03-DEL01-MS"
766880;2026-04-22;"quarta-feira";"07:25:00";"GO";153;501;"GOIANIA";"Acessar a via sem observar a presença dos outros veículos";"Colisão lateral mesmo sentido";"Sem Vítimas";"Pleno dia";"Crescente";"Céu Claro";"Dupla";"Reta";"Sim";3;0;0;0;3;0;0;3;-16,59901671;-49,1991806;"SPRF-GO";"DEL01/GO";"UOP01-DEL01-GO"
766881;2026-04-23;"quinta-feira";"06:30:00";"MG";381;498;"BETIM";"Ausência de reação do condutor";"Colisão traseira";"Com Vítimas Feridas";"Pleno dia";"Decrescente";"Céu Claro";"Múltipla";"Reta;Declive;Interseção de Vias";"Não";2;0;1;0;1;0;1;2;-19,98878038;-44,20502393;"SPRF-MG";"DEL01/MG";"UOP03-DEL01-MG"
766882;2026-04-22;"quarta-feira";"09:20:00";"RJ";101;306;"SAO GONCALO";"Demais falhas mecânicas ou elétricas";"Queda de ocupante de veículo";"Com Vítimas Feridas";"Pleno dia";"Crescente";"Céu Claro";"Dupla";"Reta";"Sim";1;0;1;0;0;0;1;1;-22,78986225;-43,00717137;"SPRF-RJ";"DEL02/RJ";"UOP02-DEL02-RJ"
766884;2026-04-22;"quarta-feira";"20:20:00";"SC";280;142,7;"MAFRA";"Ausência de reação do condutor";"Colisão traseira";"Com Vítimas Feridas";"Plena Noite";"Decrescente";"Céu Claro";"Simples";"Reta";"Não";3;0;1;2;0;0;3;2;-26,24696;-49,63382;"SPRF-SC";"DEL06/SC";"UOP03-DEL06-SC"
766885;2026-04-23;"quinta-feira";"06:52:00";"PB";230;38,4;"SANTA RITA";"Frear bruscamente";"Colisão traseira";"Com Vítimas Feridas";"Pleno dia";"Crescente";"Céu Claro";"Dupla";"Declive;Reta";"Não";5;0;1;0;4;0;1;2;-7,13668378;-34,96767616;"SPRF-PB";"DEL01-PB";"UOP02-DEL01-PB"
766886;2026-04-23;"quinta-feira";"07:00:00";"PR";116;115;"CURITIBA";"Ausência de reação do condutor";"Colisão lateral mesmo sentido";"Com Vítimas Feridas";"Pleno dia";"Decrescente";"Nevoeiro/Neblina";"Dupla";"Reta";"Sim";2;0;1;0;1;0;1;2;-25,55127832;-49,30481371;"SPRF-PR";"DEL01/PR";"UOP03-DEL01-PR"
766887;2026-04-23;"quinta-feira";"06:50:00";"SP";153;80,7;"BADY BASSITT";"Transitar na contramão";"Colisão frontal";"Com Vítimas Feridas";"Pleno dia";"Crescente";"Céu Claro";"Simples";"Viaduto";"Sim";4;0;1;0;3;0;1;2;-20,910424;-49,487179;"SPRF-SP";"DEL09/SP";"UOP01-DEL09-SP"
766888;2026-04-23;"quinta-feira";"07:30:00";"PR";277;6;"PARANAGUA";"Velocidade Incompatível";"Colisão traseira";"Com Vítimas Feridas";"Pleno dia";"Crescente";"Céu Claro";"Dupla";"Reta";"Sim";2;0;2;0;0;0;2;2;-25,56007;-48,579253;"SPRF-PR";"DEL01/PR";"UOP05-DEL01-PR"
766889;2026-04-23;"quinta-feira";"06:30:00";"GO";60;25;"ALEXANIA";"Ausência de reação do condutor";"Saída de leito carroçável";"Com Vítimas Feridas";"Pleno dia";"Decrescente";"Céu Claro";"Dupla";"Curva";"Não";1;0;0;1;0;0;1;1;-16,107902;-48,449485;"SPRF-DF";"DEL03-DF";"UOP01-DEL03-DF"
766891;2026-04-23;"quinta-feira";"08:00:00";"PR";116;108;"CURITIBA";"Condutor deixou de manter distância do veículo da frente";"Colisão traseira";"Com Vítimas Feridas";"Pleno dia";"Crescente";"Céu Claro";"Dupla";"Reta";"Sim";2;0;1;0;1;0;1;2;-25,56542757;-49,24451487;"SPRF-PR";"DEL01/PR";"UOP03-DEL01-PR"
766895;2026-04-23;"quinta-feira";"07:30:00";"RJ";40;59;"PETROPOLIS";"Ausência de reação do condutor";"Queda de ocupante de veículo";"Com Vítimas Feridas";"Pleno dia";"Decrescente";"Céu Claro";"Dupla";"Curva";"Não";1;0;1;0;0;0;1;1;-22,390171;-43,134243;"SPRF-RJ";"DEL05/RJ";"UOP02-DEL05-RJ"
766899;2026-04-23;"quinta-feira";"06:00:00";"RO";364;423,8;"JARU";"Transitar na contramão";"Colisão lateral sentido oposto";"Com Vítimas Feridas";"Amanhecer";"Crescente";"Nevoeiro/Neblina";"Simples";"Desvio Temporário;Em Obras;Ponte";"Sim";3;0;2;0;1;0;2;2;-10,44644449;-62,46469379;"SPRF-RO";"DEL03-RO";"UOP02-DEL03-RO"
766903;2026-04-23;"quinta-feira";"09:15:00";"PB";230;22;"JOAO PESSOA";"Reação tardia ou ineficiente do condutor";"Colisão lateral mesmo sentido";"Com Vítimas Feridas";"Pleno dia";"Decrescente";"Sol";"Dupla";"Reta";"Sim";4;0;2;0;2;0;2;3;-7,1517581;-34,85345769;"SPRF-PB";"DEL01-PB";"UOP01-DEL01-PB"
766905;2026-04-23;"quinta-feira";"07:29:00";"MT";364;203;"RONDONOPOLIS";"Pista Escorregadia";"Queda de ocupante de veículo";"Com Vítimas Feridas";"Pleno dia";"Decrescente";"Céu Claro";"Dupla";"Declive;Reta";"Sim";1;0;1;0;0;0;1;1;-16,47147068;-54,65549111;"SPRF-MT";"DEL02/MT";"UOP01-DEL02-MT"
766909;2026-04-23;"quinta-feira";"09:25:00";"ES";101;282;"CARIACICA";"Manobra de mudança de faixa";"Colisão lateral sentido oposto";"Com Vítimas Feridas";"Pleno dia";"Decrescente";"Céu Claro";"Dupla";"Reta";"Não";5;0;1;0;4;0;1;3;-20,231;-40,368;"SPRF-ES";"DEL01-ES";"UOP01-DEL01-ES"
766910;2026-04-23;"quinta-feira";"09:52:00";"SC";470;54,3;"BLUMENAU";"Acessar a via sem observar a presença dos outros veículos";"Colisão transversal";"Com Vítimas Feridas";"Pleno dia";"Decrescente";"Céu Claro";"Simples";"Interseção de Vias;Reta";"Sim";2;0;1;0;1;0;1;2;-26,8734554;-49,113793;"SPRF-SC";"DEL04/SC";"UOP01-DEL04-SC"
766912;2026-04-23;"quinta-feira";"08:30:00";"RO";364;712;"PORTO VELHO";"Reação tardia ou ineficiente do condutor";"Saída de leito carroçável";"Com Vítimas Feridas";"Pleno dia";"Decrescente";"Nublado";"Múltipla";"Reta";"Sim";2;0;1;0;0;1;1;2;-8,7772871;-63,87342737;"SPRF-RO";"DEL01-RO";"UOP01-DEL01-RO"
766915;2026-04-23;"quinta-feira";"10:30:00";"PB";230;15,5;"JOAO PESSOA";"Ausência de reação do condutor";"Tombamento";"Com Vítimas Feridas";"Pleno dia";"Decrescente";"Céu Claro";"Dupla";"Reta";"Sim";1;0;1;0;0;0;1;1;-7,104002;-34,845427;"SPRF-PB";"DEL01-PB";"UOP01-DEL01-PB"
766916;2026-04-23;"quinta-feira";"09:25:00";"RJ";40;115;"DUQUE DE CAXIAS";"Demais falhas mecânicas ou elétricas";"Incêndio";"Sem Vítimas";"Pleno dia";"Crescente";"Céu Claro";"Múltipla";"Reta";"Não";1;0;0;0;1;0;0;1;-22,737407;-43,2885581;"SPRF-RJ";"DEL01/RJ";"UOP02-DEL01-RJ"
766917;2026-04-23;"quinta-feira";"10:20:00";"PB";101;88,5;"JOAO PESSOA";"Reação tardia ou ineficiente do condutor";"Tombamento";"Com Vítimas Feridas";"Pleno dia";"Decrescente";"Céu Claro";"Simples";"Reta";"Sim";1;0;1;0;0;0;1;1;-7,16683485;-34,89579499;"SPRF-PB";"DEL01-PB";"UOP01-DEL01-PB"
766918;2026-04-23;"quinta-feira";"09:00:00";"RS";116;468,5;"SAO LOURENCO DO SUL";"Ausência de reação do condutor";"Saída de leito carroçável";"Sem Vítimas";"Pleno dia";"Crescente";"Céu Claro";"Dupla";"Reta";"Não";1;0;0;0;1;0;0;1;-31,34244016;-52,05699921;"SPRF-RS";"DEL07/RS";"UOP01-DEL07-RS"
766919;2026-04-23;"quinta-feira";"08:34:00";"SP";116;105;"TAUBATE";"Reação tardia ou ineficiente do condutor";"Colisão traseira";"Com Vítimas Feridas";"Pleno dia";"Crescente";"Nublado";"Dupla";"Reta";"Não";3;0;2;0;0;1;2;2;-23,00454007;-45,50914764;"SPRF-SP";"DEL02/SP";"UOP02-DEL02-SP"
766921;2026-04-23;"quinta-feira";"10:39:00";"PI";343;347;"TERESINA";"Condutor deixou de manter distância do veículo da frente";"Colisão traseira";"Com Vítimas Feridas";"Pleno dia";"Crescente";"Nublado";"Dupla";"Reta";"Sim";2;0;0;1;1;0;1;2;-5,118517;-42,786193;"SPRF-PI";"DEL01-PI";"UOP01-DEL01-PI"
766922;2026-04-23;"quinta-feira";"09:35:00";"PR";153;209;"TIBAGI";"Reação tardia ou ineficiente do condutor";"Saída de leito carroçável";"Com Vítimas Feridas";"Pleno dia";"Crescente";"Céu Claro";"Simples";"Reta";"Não";1;0;1;0;0;0;1;1;-24,53759;-50,44711;"SPRF-PR";"DEL03/PR";"UOP02-DEL03-PR"
766924;2026-04-23;"quinta-feira";"10:35:00";"RS";116;247;"SAO LEOPOLDO";"Reação tardia ou ineficiente do condutor";"Colisão lateral mesmo sentido";"Com Vítimas Feridas";"Pleno dia";"Crescente";"Céu Claro";"Múltipla";"Reta";"Sim";2;0;1;0;1;0;1;2;-29,76643155;-51,153925;"SPRF-RS";"DEL01/RS";"UOP02-DEL01-RS"
766925;2026-04-23;"quinta-feira";"10:10:00";"RS";471;174,3;"RIO PARDO";"Transitar na contramão";"Colisão lateral sentido oposto";"Com Vítimas Feridas";"Pleno dia";"Crescente";"Nublado";"Dupla";"Reta;Interseção de Vias";"Sim";2;0;1;0;1;0;1;2;-29,98213414;-52,36909954;"SPRF-RS";"DEL02/RS";"UOP03-DEL02-RS"
766926;2026-04-23;"quinta-feira";"10:00:00";"ES";259;54,7;"COLATINA";"Velocidade Incompatível";"Colisão com objeto";"Com Vítimas Feridas";"Pleno dia";"Crescente";"Céu Claro";"Simples";"Curva;Declive";"Não";1;0;1;0;0;0;1;1;-19,49806;-40,6491;"SPRF-ES";"DEL02-ES";"UOP01-DEL02-ES"
766927;2026-04-19;"domingo";"21:20:00";"MT";163;712;"SORRISO";"Ingestão de álcool pelo condutor";"Saída de leito carroçável";"Sem Vítimas";"Plena Noite";"Decrescente";"Ignorado";"Simples";"Reta";"Sim";1;0;0;0;0;1;0;1;-12,8831027;-55,84127069;"SPRF-MT";"DEL06/MT";"UOP01-DEL06-MT"
766929;2026-04-23;"quinta-feira";"10:00:00";"MS";163;213;"CAARAPO";"Animais na Pista";"Atropelamento de Animal";"Com Vítimas Feridas";"Pleno dia";"Crescente";"Sol";"Simples";"Curva;Aclive";"Não";1;0;1;0;0;0;1;1;-22,592417;-54,817579;"SPRF-MS";"DEL04/MS";"UOP02-DEL04-MS"
766930;2026-04-23;"quinta-feira";"11:00:00";"SP";381;79;"SAO PAULO";"Condutor deixou de manter distância do veículo da frente";"Colisão lateral mesmo sentido";"Com Vítimas Feridas";"Pleno dia";"Decrescente";"Céu Claro";"Múltipla";"Reta;Declive";"Sim";2;0;1;0;1;0;1;2;-23,41393597;-46,58127713;"SPRF-SP";"DEL03/SP";"UOP01-DEL03-SP"
766932;2026-04-23;"quinta-feira";"11:30:00";"PE";232;47,8;"VITORIA DE SANTO ANTAO";"Manobra de mudança de faixa";"Colisão transversal";"Com Vítimas Feridas";"Pleno dia";"Decrescente";"Céu Claro";"Dupla";"Retorno Regulamentado";"Não";3;0;1;1;1;0;2;2;-8,142096;-35,306386;"SPRF-PE";"DEL02/PE";"UOP02-DEL02PE"