"id";"data_inversa";"dia_semana";"horario";"uf";"br";"km";"municipio";"causa_acidente";"tipo_acidente";"classificacao_acidente";"fase_dia";"sentido_via";"condicao_metereologica";"tipo_pista";"tracado_via";"uso_solo";"pessoas";"mortos";"feridos_leves";"feridos_graves";"ilesos";"ignorados";"feridos";"veiculos";"latitude";"longitude";"regional";"delegacia";"uop"
766938;2026-04-23;"quinta-feira";"11:00:00";"SC";282;643,7;"SAO MIGUEL DO OESTE";"Reação tardia ou ineficiente do condutor";"Tombamento";"Com Vítimas Feridas";"Pleno dia";"Decrescente";"Céu Claro";"Simples";"Curva";"Não";1;0;0;1;0;0;1;1;-26,77027343;-53,47657296;"SPRF-SC";"DEL07/SC";"UOP03-DEL07-SC"
766942;2026-04-23;"quinta-feira";"12:30:00";"GO";153;494;"GOIANIA";"Reação tardia ou ineficiente do condutor";"Queda de ocupante de veículo";"Com Vítimas Feridas";"Pleno dia";"Decrescente";"Céu Claro";"Dupla";"Reta";"Sim";1;0;1;0;0;0;1;1;-16,7028;-49,2305;"SPRF-GO";"DEL01/GO";"UOP01-DEL01-GO"
766944;2026-04-23;"quinta-feira";"13:50:00";"ES";101;148;"LINHARES";"Condutor desrespeitou a iluminação vermelha do semáforo";"Colisão transversal";"Com Vítimas Feridas";"Pleno dia";"Crescente";"Céu Claro";"Dupla";"Interseção de Vias";"Sim";2;0;2;0;0;0;2;2;-19,38311574;-40,06708972;"SPRF-ES";"DEL04-ES";"UOP01-DEL04-ES"
766945;2026-04-23;"quinta-feira";"13:50:00";"SC";101;209;"SAO JOSE";"Ausência de reação do condutor";"Colisão traseira";"Com Vítimas Feridas";"Pleno dia";"Decrescente";"Nublado";"Múltipla";"Reta;Interseção de Vias";"Sim";3;0;1;0;1;1;1;2;-27,61013;-48,63873;"SPRF-SC";"DEL01/SC";"UOP01-DEL01-SC"
766946;2026-04-23;"quinta-feira";"13:35:00";"SP";381;69;"MAIRIPORA";"Velocidade Incompatível";"Tombamento";"Com Vítimas Feridas";"Pleno dia";"Decrescente";"Céu Claro";"Múltipla";"Curva;Declive";"Sim";2;0;1;0;1;0;1;1;-23,3473372;-46,5627643;"SPRF-SP";"DEL03/SP";"UOP01-DEL03-SP"
766947;2026-04-23;"quinta-feira";"12:00:00";"RJ";101;486;"ANGRA DOS REIS";"Ausência de reação do condutor";"Colisão frontal";"Com Vítimas Feridas";"Pleno dia";"Crescente";"Céu Claro";"Simples";"Reta";"Sim";2;0;1;0;1;0;1;2;-22,97762341;-44,29624049;"SPRF-RJ";"DEL03/RJ";"UOP03-DEL03-RJ"
766948;2026-04-23;"quinta-feira";"13:30:00";"MG";50;6,9;"UBERLANDIA";"Condutor Dormindo";"Saída de leito carroçável";"Sem Vítimas";"Pleno dia";"Crescente";"Céu Claro";"Dupla";"Aclive;Reta";"Não";1;0;0;0;0;1;0;1;-18,8651028;-48,2113693;"SPRF-MG";"DEL15/MG";"UOP01-DEL15-MG"
766949;2026-04-23;"quinta-feira";"13:30:00";"MG";267;301;"CAXAMBU";"Reação tardia ou ineficiente do condutor";"Tombamento";"Com Vítimas Feridas";"Pleno dia";"Decrescente";"Céu Claro";"Simples";"Rotatória";"Não";1;0;1;0;0;0;1;1;-21,97024064;-44,92450118;"SPRF-MG";"DEL17/MG";"UOP01-DEL17-MG"
766950;2026-04-23;"quinta-feira";"14:00:00";"DF";70;11;"BRASILIA";"Manobra de mudança de faixa";"Colisão traseira";"Com Vítimas Feridas";"Pleno dia";"Decrescente";"Céu Claro";"Dupla";"Reta";"Sim";2;0;1;0;1;0;1;2;-15,78692595;-48,13932896;"SPRF-DF";"DEL03-DF";"UOP02-DEL03-DF"
766951;2026-04-23;"quinta-feira";"08:00:00";"MA";135;97;"ITAPECURU MIRIM";"Reação tardia ou ineficiente do condutor";"Colisão lateral sentido oposto";"Com Vítimas Feridas";"Pleno dia";"Crescente";"Céu Claro";"Simples";"Declive;Reta";"Não";3;0;2;0;1;0;2;2;-3,34582;-44,45808;"SPRF-MA";"DEL01-MA";"UOP02-DEL01-MA"
766953;2026-04-23;"quinta-feira";"13:40:00";"PE";101;78;"RECIFE";"Condutor deixou de manter distância do veículo da frente";"Colisão traseira";"Com Vítimas Feridas";"Pleno dia";"Decrescente";"Nublado";"Dupla";"Reta";"Sim";3;0;1;0;2;0;1;2;-8,134389;-34,947317;"SPRF-PE";"DEL01/PE";"UOP01-DEL01-PE"
766955;2026-04-19;"domingo";"02:40:00";"MG";40;738;"SANTOS DUMONT";"Animais na Pista";"Atropelamento de Animal";"Com Vítimas Feridas";"Plena Noite";"Crescente";"Nublado";"Simples";"Reta";"Não";3;0;2;1;0;0;3;1;-21,3893871;-43,56911659;"SPRF-MG";"DEL05/MG";"UOP01-DEL05-MG"
766957;2026-04-23;"quinta-feira";"14:35:00";"SC";280;128,3;"RIO NEGRINHO";"Trafegar com motocicleta (ou similar) entre as faixas";"Colisão frontal";"Com Vítimas Feridas";"Pleno dia";"Crescente";"Céu Claro";"Simples";"Reta";"Não";2;0;1;0;1;0;1;2;-26,243998;-49,515438;"SPRF-SC";"DEL06/SC";"UOP03-DEL06-SC"
766959;2026-04-23;"quinta-feira";"14:00:00";"RJ";101;125;"CONCEICAO DE MACABU";"Avarias e/ou desgaste excessivo no pneu";"Queda de ocupante de veículo";"Com Vítimas Feridas";"Pleno dia";"Decrescente";"Céu Claro";"Dupla";"Reta";"Não";2;0;2;0;0;0;2;1;-22,0872586;-41,6942077;"SPRF-RJ";"DEL08/RJ";"UOP04-DEL08-RJ"
766960;2026-04-19;"domingo";"17:00:00";"BA";324;395;"GAVIAO";"Demais falhas mecânicas ou elétricas";"Incêndio";"Sem Vítimas";"Pleno dia";"Decrescente";"Sol";"Simples";"Reta";"Não";1;0;0;0;1;0;0;1;-11,556818;-39,683792;"SPRF-BA";"DEL04/BA";"UOP02-DEL04-BA"
766961;2026-04-23;"quinta-feira";"14:40:00";"ES";101;362;"ANCHIETA";"Condutor deixou de manter distância do veículo da frente";"Colisão traseira";"Com Vítimas Feridas";"Pleno dia";"Crescente";"Céu Claro";"Simples";"Reta;Em Obras";"Não";2;0;1;0;1;0;1;2;-20,71739802;-40,73208896;"SPRF-ES";"DEL03-ES";"UOP01-DEL03-ES"
766962;2026-04-23;"quinta-feira";"13:54:00";"RN";427;44,9;"JARDIM DO SERIDO";"Condutor Dormindo";"Tombamento";"Com Vítimas Feridas";"Pleno dia";"Decrescente";"Céu Claro";"Simples";"Reta";"Não";2;0;1;0;1;0;1;1;-6,56347821;-36,72169078;"SPRF-RN";"DEL03-RN";"UOP01-DEL03-RN"
766965;2026-04-23;"quinta-feira";"13:20:00";"RJ";40;108;"DUQUE DE CAXIAS";"Ausência de reação do condutor";"Tombamento";"Com Vítimas Feridas";"Pleno dia";"Decrescente";"Céu Claro";"Dupla";"Curva";"Não";1;0;1;0;0;0;1;1;-22,67183912;-43,28459262;"SPRF-RJ";"DEL01/RJ";"UOP02-DEL01-RJ"
766967;2026-03-27;"sexta-feira";"15:40:00";"ES";262;196;"IUNA";"Acessar a via sem observar a presença dos outros veículos";"Colisão traseira";"Com Vítimas Fatais";"Pleno dia";"Crescente";"Sol";"Simples";"Reta;Declive";"Não";5;1;1;0;3;0;1;2;-20,282702;-41,774115;"SPRF-ES";"DEL01-ES";"UOP02-DEL01-ES"
766969;2026-04-23;"quinta-feira";"14:40:00";"ES";101;66,6;"SAO MATEUS";"Condutor deixou de manter distância do veículo da frente";"Colisão traseira";"Com Vítimas Feridas";"Pleno dia";"Crescente";"Céu Claro";"Dupla";"Reta";"Sim";2;0;1;0;1;0;1;2;-18,717949;-39,870853;"SPRF-ES";"DEL04-ES";"UOP02-DEL04-ES"
766970;2026-04-21;"terça-feira";"23:23:00";"ES";259;20;"JOAO NEIVA";"Reação tardia ou ineficiente do condutor";"Colisão com objeto";"Sem Vítimas";"Pleno dia";"Crescente";"Ignorado";"Simples";"Curva";"Não";1;0;0;0;0;1;0;1;-19,651476;-40,46269;"SPRF-ES";"DEL02-ES";"UOP01-DEL02-ES"
766974;2026-04-23;"quinta-feira";"17:10:00";"MG";40;546,7;"NOVA LIMA";"Manobra de mudança de faixa";"Colisão lateral mesmo sentido";"Com Vítimas Feridas";"Pleno dia";"Decrescente";"Céu Claro";"Dupla";"Curva";"Não";2;0;1;0;1;0;1;2;-20,01859;-43,971403;"SPRF-MG";"DEL01/MG";"UOP02-DEL01-MG"
766975;2026-04-23;"quinta-feira";"14:48:00";"MS";262;23;"TRES LAGOAS";"Ultrapassagem Indevida";"Colisão lateral sentido oposto";"Sem Vítimas";"Pleno dia";"Decrescente";"Céu Claro";"Simples";"Reta";"Não";6;0;0;0;5;1;0;2;-20,79797623;-51,88452512;"SPRF-MS";"DEL07/MS";"UOP01-DEL07-MS"
766976;2026-04-23;"quinta-feira";"16:00:00";"PR";487;160;"ARARUNA";"Entrada inopinada do pedestre";"Atropelamento de Pedestre";"Com Vítimas Feridas";"Pleno dia";"Decrescente";"Sol";"Simples";"Aclive";"Sim";2;0;1;0;1;0;1;2;-23,97302;-52,555731;"SPRF-PR";"DEL09/PR";"UOP03-DEL09-PR"
766977;2026-04-23;"quinta-feira";"13:10:00";"RJ";40;86;"PETROPOLIS";"Demais falhas mecânicas ou elétricas";"Queda de ocupante de veículo";"Com Vítimas Feridas";"Pleno dia";"Decrescente";"Céu Claro";"Dupla";"Curva";"Não";2;0;2;0;0;0;2;1;-22,55209769;-43,22911656;"SPRF-RJ";"DEL01/RJ";"UOP01-DEL01-RJ"
766979;2026-04-23;"quinta-feira";"17:05:00";"SP";101;45,7;"UBATUBA";"Acessar a via sem observar a presença dos outros veículos";"Colisão transversal";"Com Vítimas Feridas";"Pleno dia";"Crescente";"Sol";"Simples";"Interseção de Vias";"Sim";4;0;1;0;3;0;1;3;-23,42083059;-45,07078584;"SPRF-SP";"DEL06/SP";"UOP01-DEL06-SP"
766980;2026-04-23;"quinta-feira";"16:20:00";"PR";376;599;"CURITIBA";"Reação tardia ou ineficiente do condutor";"Tombamento";"Com Vítimas Feridas";"Pleno dia";"Crescente";"Céu Claro";"Dupla";"Aclive;Reta";"Sim";1;0;1;0;0;0;1;1;-25,502443;-49,341671;"SPRF-PR";"DEL01/PR";"UOP03-DEL01-PR"
766981;2026-04-23;"quinta-feira";"16:55:00";"PR";277;74;"SAO JOSE DOS PINHAIS";"Reação tardia ou ineficiente do condutor";"Colisão traseira";"Com Vítimas Feridas";"Pleno dia";"Crescente";"Céu Claro";"Dupla";"Em Obras;Reta;Declive";"Sim";2;0;1;0;1;0;1;2;-25,49546801;-49,16395281;"SPRF-PR";"DEL01/PR";"UOP08-DEL01-PR"
766982;2026-03-29;"domingo";"23:50:00";"MG";116;362;"FREI INOCENCIO";"Condutor Dormindo";"Colisão frontal";"Com Vítimas Feridas";"Plena Noite";"Decrescente";"Céu Claro";"Simples";"Curva";"Não";3;0;0;1;2;0;1;2;-18,478191;-41,866449;"SPRF-MG";"DEL11/MG";"UOP01-DEL11-MG"
766984;2026-04-23;"quinta-feira";"17:03:00";"MG";459;81,9;"CONGONHAL";"Acessar a via sem observar a presença dos outros veículos";"Colisão transversal";"Sem Vítimas";"Pleno dia";"Crescente";"Céu Claro";"Simples";"Reta";"Não";2;0;0;0;1;1;0;2;-22,157916;-46,096805;"SPRF-MG";"DEL09/MG";"UOP01-DEL09-MG"
766985;2026-04-23;"quinta-feira";"17:30:00";"PR";369;138;"IBIPORA";"Ausência de reação do condutor";"Colisão lateral mesmo sentido";"Com Vítimas Feridas";"Pleno dia";"Crescente";"Céu Claro";"Simples";"Reta";"Sim";2;0;1;0;1;0;1;2;-23,2706;-51,0475;"SPRF-PR";"DEL07/PR";"UOP01-DEL07-PR"
766986;2026-04-23;"quinta-feira";"17:25:00";"RS";158;323;"SANTA MARIA";"Condutor deixou de manter distância do veículo da frente";"Colisão traseira";"Com Vítimas Feridas";"Anoitecer";"Crescente";"Nublado";"Dupla";"Aclive;Reta";"Sim";2;0;2;0;0;0;2;2;-29,69589522;-53,77906172;"SPRF-RS";"DEL09/RS";"UOP01-DEL09-RS"
766987;2026-04-23;"quinta-feira";"15:45:00";"MG";381;848;"POUSO ALEGRE";"Ingestão de álcool pelo condutor";"Saída de leito carroçável";"Sem Vítimas";"Pleno dia";"Decrescente";"Céu Claro";"Dupla";"Curva";"Não";1;0;0;0;1;0;0;1;-22,225425;-45,875465;"SPRF-MG";"DEL16/MG";"UOP01-DEL16-MG"
766988;2026-04-23;"quinta-feira";"16:40:00";"PR";277;613;"SANTA TEREZA DO OESTE";"Acessar a via sem observar a presença dos outros veículos";"Colisão transversal";"Com Vítimas Feridas";"Pleno dia";"Crescente";"Céu Claro";"Simples";"Reta;Interseção de Vias";"Sim";7;0;4;0;3;0;4;2;-25,05205617;-53,63099305;"SPRF-PR";"DEL05/PR";"UOP02-DEL05-PR"
766989;2026-04-23;"quinta-feira";"16:00:00";"BA";101;858;"TEIXEIRA DE FREITAS";"Demais falhas na via";"Saída de leito carroçável";"Sem Vítimas";"Pleno dia";"Crescente";"Céu Claro";"Simples";"Reta";"Não";1;0;0;0;1;0;0;1;-17,40232042;-39,67158508;"SPRF-BA";"DEL09/BA";"UOP02-DEL09-BA"
766990;2026-04-23;"quinta-feira";"16:00:00";"RS";153;52,8;"ERECHIM";"Avarias e/ou desgaste excessivo no pneu";"Tombamento";"Com Vítimas Feridas";"Pleno dia";"Decrescente";"Céu Claro";"Simples";"Aclive;Reta";"Não";1;0;1;0;0;0;1;1;-27,67152718;-52,29105648;"SPRF-RS";"DEL08/RS";"UOP04-DEL08-RS"
766992;2026-04-23;"quinta-feira";"18:00:00";"DF";20;4;"BRASILIA";"Condutor deixou de manter distância do veículo da frente";"Colisão traseira";"Com Vítimas Feridas";"Anoitecer";"Crescente";"Céu Claro";"Dupla";"Reta";"Sim";3;0;0;2;1;0;2;2;-15,67549545;-47,82332897;"SPRF-DF";"DEL02-DF";"UOP01-DEL02-DF"
766994;2026-04-23;"quinta-feira";"17:40:00";"PR";369;143,5;"LONDRINA";"Reação tardia ou ineficiente do condutor";"Colisão traseira";"Com Vítimas Feridas";"Anoitecer";"Crescente";"Céu Claro";"Dupla";"Aclive";"Não";3;0;0;2;1;0;2;2;-23,2930468;-51,09874098;"SPRF-PR";"DEL07/PR";"UOP01-DEL07-PR"
766995;2026-04-23;"quinta-feira";"17:30:00";"SC";280;28,5;"GUARAMIRIM";"Acessar a via sem observar a presença dos outros veículos";"Colisão frontal";"Com Vítimas Feridas";"Anoitecer";"Decrescente";"Céu Claro";"Simples";"Reta";"Sim";3;0;2;0;1;0;2;2;-26,47539182;-48,98810655;"SPRF-SC";"DEL03/SC";"UOP03-DEL03-SC"
766996;2026-04-23;"quinta-feira";"18:00:00";"RJ";101;488;"ANGRA DOS REIS";"Acessar a via sem observar a presença dos outros veículos";"Colisão transversal";"Com Vítimas Feridas";"Anoitecer";"Crescente";"Céu Claro";"Simples";"Reta";"Sim";2;0;1;0;1;0;1;2;-22,989559;-44,2418097;"SPRF-RJ";"DEL03/RJ";"UOP03-DEL03-RJ"
766997;2026-04-23;"quinta-feira";"18:15:00";"MG";40;669;"CARANDAI";"Conversão proibida";"Colisão transversal";"Com Vítimas Feridas";"Plena Noite";"Crescente";"Céu Claro";"Simples";"Curva";"Não";2;0;1;0;1;0;1;2;-20,957072;-43,791403;"SPRF-MG";"DEL05/MG";"UOP02-DEL05-MG"
766998;2026-04-23;"quinta-feira";"17:25:00";"MG";381;298;"ANTONIO DIAS";"Velocidade Incompatível";"Tombamento";"Com Vítimas Feridas";"Pleno dia";"Crescente";"Céu Claro";"Dupla";"Curva;Aclive";"Não";1;0;1;0;0;0;1;1;-19,63715122;-42,89071083;"SPRF-MG";"DEL03/MG";"UOP02-DEL03-MG"
767000;2026-04-23;"quinta-feira";"17:30:00";"MG";354;757;"ITAMONTE";"Falta de acostamento";"Colisão lateral mesmo sentido";"Com Vítimas Feridas";"Anoitecer";"Decrescente";"Céu Claro";"Simples";"Curva";"Não";2;0;1;0;1;0;1;2;-22,30651485;-44,85293733;"SPRF-MG";"DEL17/MG";"UOP01-DEL17-MG"
767001;2026-04-23;"quinta-feira";"16:55:00";"AM";230;616;"HUMAITA";"Acesso irregular";"Colisão transversal";"Com Vítimas Feridas";"Pleno dia";"Crescente";"Céu Claro";"Simples";"Reta";"Não";3;0;2;1;0;0;3;2;-7,53769;-63,05974;"SPRF-AM";"DEL02-AM";"UOP01-DEL02-AM"
767002;2026-04-23;"quinta-feira";"10:39:00";"RJ";101;326;"RIO DE JANEIRO";"Ausência de reação do condutor";"Engavetamento";"Com Vítimas Feridas";"Pleno dia";"Decrescente";"Céu Claro";"Dupla";"Reta;Ponte";"Não";5;0;2;0;3;0;2;3;-22,87098996;-43,158029;"SPRF-RJ";"DEL02/RJ";"UOP01-DEL02-RJ"
767004;2026-04-23;"quinta-feira";"17:30:00";"RN";406;115,8;"POCO BRANCO";"Acessar a via sem observar a presença dos outros veículos";"Colisão transversal";"Com Vítimas Feridas";"Plena Noite";"Crescente";"Nublado";"Simples";"Reta";"Não";2;0;2;0;0;0;2;2;-5,5722;-35,7042917;"SPRF-RN";"DEL02-RN";"UOP01-DEL02-RN"
767005;2026-04-23;"quinta-feira";"17:15:00";"BA";110;341;"ALAGOINHAS";"Acessar a via sem observar a presença dos outros veículos";"Colisão transversal";"Com Vítimas Feridas";"Pleno dia";"Crescente";"Nublado";"Simples";"Interseção de Vias";"Não";2;0;1;0;1;0;1;2;-12,164603;-38,412737;"SPRF-BA";"DEL01/BA";"UOP04-DEL01-BA"
767006;2026-04-23;"quinta-feira";"19:00:00";"DF";20;14;"BRASILIA";"Trafegar com motocicleta (ou similar) entre as faixas";"Tombamento";"Com Vítimas Feridas";"Plena Noite";"Crescente";"Céu Claro";"Dupla";"Reta";"Não";1;0;0;1;0;0;1;1;-15,637865;-47,74728;"SPRF-DF";"DEL02-DF";"UOP01-DEL02-DF"
767007;2026-04-23;"quinta-feira";"19:35:00";"RN";101;117;"SAO JOSE DE MIPIBU";"Pista Escorregadia";"Queda de ocupante de veículo";"Com Vítimas Feridas";"Plena Noite";"Crescente";"Chuva";"Dupla";"Reta";"Não";1;0;1;0;0;0;1;1;-6,0081433;-35,2568267;"SPRF-RN";"DEL01-RN";"UOP01-DEL01-RN"
767011;2026-04-23;"quinta-feira";"18:10:00";"PA";308;151;"CAPANEMA";"Manobra de mudança de faixa";"Colisão transversal";"Com Vítimas Feridas";"Plena Noite";"Decrescente";"Céu Claro";"Simples";"Reta";"Sim";2;0;0;1;1;0;1;2;-1,210038;-47,18185;"SPRF-PA";"DEL01/PA";"UOP03-DEL01-PA"
767012;2026-04-23;"quinta-feira";"18:30:00";"SC";470;146;"LAURENTINO";"Ingestão de álcool pelo condutor";"Colisão lateral mesmo sentido";"Sem Vítimas";"Plena Noite";"Decrescente";"Céu Claro";"Simples";"Reta";"Não";3;0;0;0;3;0;0;2;-27,24438991;-49,6915683;"SPRF-SC";"DEL04/SC";"UOP02-DEL04-SC"
767013;2026-04-23;"quinta-feira";"19:00:00";"SC";282;505,7;"XANXERE";"Reação tardia ou ineficiente do condutor";"Queda de ocupante de veículo";"Com Vítimas Feridas";"Plena Noite";"Crescente";"Céu Claro";"Dupla";"Reta";"Não";1;0;1;0;0;0;1;1;-26,88599729;-52,42563558;"SPRF-SC";"DEL07/SC";"UOP01-DEL07-SC"
767014;2026-04-23;"quinta-feira";"19:42:00";"MG";381;507;"SAO JOAQUIM DE BICAS";"Manobra de mudança de faixa";"Colisão frontal";"Com Vítimas Feridas";"Plena Noite";"Crescente";"Céu Claro";"Dupla";"Reta";"Sim";3;0;1;1;1;0;2;2;-20,04177;-44,26503;"SPRF-MG";"DEL01/MG";"UOP03-DEL01-MG"
767019;2026-04-23;"quinta-feira";"18:00:00";"SC";280;304,8;"PORTO UNIAO";"Ausência de reação do condutor";"Colisão com objeto";"Com Vítimas Feridas";"Anoitecer";"Decrescente";"Céu Claro";"Simples";"Rotatória";"Sim";2;0;1;0;1;0;1;1;-26,2675;-51,058748;"SPRF-SC";"DEL06/SC";"UOP04-DEL06-SC"
767020;2026-04-23;"quinta-feira";"18:45:00";"PR";277;688;"SAO MIGUEL DO IGUACU";"Área urbana sem a presença de local apropriado para a travessia de pedestres";"Atropelamento de Pedestre";"Com Vítimas Fatais";"Plena Noite";"Decrescente";"Nublado";"Dupla";"Aclive;Curva";"Sim";3;1;1;0;0;1;1;2;-25,3426508;-54,2207011;"SPRF-PR";"DEL05/PR";"UOP01-DEL05-PR"
767021;2026-04-23;"quinta-feira";"19:20:00";"PB";101;97,7;"CONDE";"Pedestre cruzava a pista fora da faixa";"Atropelamento de Pedestre";"Com Vítimas Feridas";"Plena Noite";"Decrescente";"Nublado";"Dupla";"Reta";"Não";2;0;0;1;1;0;1;2;-7,24461641;-34,93007278;"SPRF-PB";"DEL01-PB";"UOP01-DEL01-PB"
767022;2026-04-23;"quinta-feira";"19:20:00";"PE";428;188;"PETROLINA";"Ausência de reação do condutor";"Engavetamento";"Sem Vítimas";"Plena Noite";"Crescente";"Chuva";"Dupla";"Reta";"Sim";3;0;0;0;1;2;0;3;-9,364488;-40,483018;"SPRF-PE";"DEL06/PE";"UOP01-DEL06-PE"
767023;2026-04-23;"quinta-feira";"19:35:00";"PE";101;44,4;"IGARASSU";"Ausência de reação do condutor";"Tombamento";"Com Vítimas Feridas";"Plena Noite";"Crescente";"Chuva";"Múltipla";"Reta";"Sim";1;0;1;0;0;0;1;1;-7,85842;-34,908436;"SPRF-PE";"DEL01/PE";"UOP02-DEL01-PE"
767024;2026-04-23;"quinta-feira";"19:30:00";"PE";232;408,2;"SERRA TALHADA";"Faróis desregulados";"Colisão transversal";"Sem Vítimas";"Plena Noite";"Decrescente";"Nublado";"Simples";"Reta";"Não";2;0;0;0;2;0;0;2;-7,98372637;-38,28046949;"SPRF-PE";"DEL04/PE";"UOP01-DEL04-PE"
767025;2026-04-23;"quinta-feira";"19:30:00";"PR";369;154;"LONDRINA";"Ausência de reação do condutor";"Colisão transversal";"Com Vítimas Feridas";"Plena Noite";"Crescente";"Céu Claro";"Dupla";"Reta";"Não";2;0;1;0;0;1;1;2;-23,29759944;-51,19812218;"SPRF-PR";"DEL07/PR";"UOP01-DEL07-PR"
767026;2026-01-28;"quarta-feira";"06:59:00";"BA";324;524;"FEIRA DE SANTANA";"Ausência de reação do condutor";"Queda de ocupante de veículo";"Com Vítimas Feridas";"Pleno dia";"Decrescente";"Garoa/Chuvisco";"Dupla";"Reta";"Não";1;0;1;0;0;0;1;1;-12,306062;-38,89063;"SPRF-BA";"DEL11/BA";"UOP02-DEL11-BA"
767027;2026-04-19;"domingo";"22:10:00";"BA";101;379,5;"GANDU";"Ingestão de álcool pelo condutor";"Saída de leito carroçável";"Com Vítimas Feridas";"Plena Noite";"Decrescente";"Céu Claro";"Simples";"Declive;Curva";"Não";1;0;1;0;0;0;1;1;-13,8504;-39,49702;"SPRF-BA";"DEL05/BA";"UOP03-DEL05-BA"
767028;2026-04-23;"quinta-feira";"18:00:00";"AL";101;248;"PORTO REAL DO COLEGIO";"Velocidade Incompatível";"Colisão lateral sentido oposto";"Com Vítimas Feridas";"Anoitecer";"Decrescente";"Céu Claro";"Simples";"Reta";"Não";4;0;0;4;0;0;4;2;-10,1996;-36,8202;"SPRF-AL";"DEL02-AL";"UOP02-DEL02-AL"
767029;2026-04-23;"quinta-feira";"19:40:00";"GO";60;173;"ABADIA DE GOIAS";"Demais falhas mecânicas ou elétricas";"Queda de ocupante de veículo";"Com Vítimas Feridas";"Plena Noite";"Crescente";"Céu Claro";"Dupla";"Reta";"Não";2;0;1;0;1;0;1;1;-16,750813;-49,42976;"SPRF-GO";"DEL01/GO";"UOP02-DEL01-GO"
767032;2026-04-23;"quinta-feira";"17:25:00";"RS";472;623;"BARRA DO QUARAI";"Acumulo de areia ou detritos sobre o pavimento";"Saída de leito carroçável";"Com Vítimas Feridas";"Anoitecer";"Decrescente";"Garoa/Chuvisco";"Simples";"Reta;Em Obras";"Não";2;0;1;1;0;0;2;1;-30,105437;-57,329283;"SPRF-RS";"DEL13/RS";"UOP01-DEL13-RS"
767033;2026-04-23;"quinta-feira";"11:20:00";"PE";110;122;"IBIMIRIM";"Ausência de reação do condutor";"Saída de leito carroçável";"Sem Vítimas";"Pleno dia";"Decrescente";"Céu Claro";"Simples";"Curva";"Não";2;0;0;0;2;0;0;1;-8,457181;-37,473501;"SPRF-PE";"DEL04/PE";"UOP02-DEL04-PE"
767035;2026-04-23;"quinta-feira";"18:30:00";"PE";232;251;"ARCOVERDE";"Acessar a via sem observar a presença dos outros veículos";"Colisão lateral mesmo sentido";"Sem Vítimas";"Plena Noite";"Crescente";"Chuva";"Simples";"Curva;Interseção de Vias";"Sim";2;0;0;0;2;0;0;2;-8,43098107;-37,06410376;"SPRF-PE";"DEL04/PE";"UOP02-DEL04-PE"
767036;2026-04-23;"quinta-feira";"20:30:00";"SC";280;130,8;"RIO NEGRINHO";"Trafegar com motocicleta (ou similar) entre as faixas";"Colisão lateral mesmo sentido";"Com Vítimas Feridas";"Plena Noite";"Decrescente";"Céu Claro";"Simples";"Reta;Declive";"Sim";2;0;1;0;1;0;1;2;-26,25509699;-49,53788996;"SPRF-SC";"DEL06/SC";"UOP03-DEL06-SC"
767040;2026-04-22;"quarta-feira";"06:21:00";"BA";324;530;"FEIRA DE SANTANA";"Acumulo de água sobre o pavimento";"Tombamento";"Com Vítimas Feridas";"Pleno dia";"Decrescente";"Chuva";"Dupla";"Reta";"Não";4;0;3;0;1;0;3;1;-12,336778;-38,850117;"SPRF-BA";"DEL11/BA";"UOP02-DEL11-BA"
767041;2026-04-23;"quinta-feira";"19:45:00";"RJ";40;19,2;"TRES RIOS";"Animais na Pista";"Atropelamento de Animal";"Sem Vítimas";"Plena Noite";"Decrescente";"Céu Claro";"Dupla";"Curva";"Sim";3;0;0;0;3;0;0;1;-22,100542;-43,172506;"SPRF-RJ";"DEL05/RJ";"UOP02-DEL05-RJ"
767042;2026-04-11;"sábado";"13:29:00";"PB";412;99;"SUME";"Ultrapassagem Indevida";"Colisão frontal";"Com Vítimas Feridas";"Pleno dia";"Decrescente";"Céu Claro";"Simples";"Curva;Declive";"Não";3;0;1;1;0;1;2;3;-7,65849025;-36,87334299;"SPRF-PB";"DEL02-PB";"UOP02-DEL02-PB"
767043;2026-04-23;"quinta-feira";"20:30:00";"RO";364;719;"PORTO VELHO";"Ingestão de álcool pelo condutor";"Colisão traseira";"Com Vítimas Feridas";"Plena Noite";"Decrescente";"Nublado";"Dupla";"Reta";"Não";2;0;1;0;1;0;1;2;-8,80378118;-63,91442299;"SPRF-RO";"DEL01-RO";"UOP01-DEL01-RO"
767044;2026-04-11;"sábado";"20:35:00";"BA";110;399;"SAO SEBASTIAO DO PASSE";"Ultrapassagem Indevida";"Colisão frontal";"Com Vítimas Fatais";"Plena Noite";"Decrescente";"Céu Claro";"Simples";"Reta";"Não";5;1;1;2;0;1;3;3;-12,543078;-38,510704;"SPRF-BA";"DEL01/BA";"UOP01-DEL01-BA"
767045;2026-04-23;"quinta-feira";"08:20:00";"RS";0;0;"VACARIA";"Demais falhas na via";"Colisão com objeto";"Com Vítimas Feridas";"Pleno dia";"Não Informado";"Céu Claro";"Simples";"Interseção de Vias;Ponte";"Sim";5;0;1;0;4;0;1;3;-28,49734;-50,940191;"SPRF-RS";"DEL05/RS";"UOP03-DEL05-RS"
767046;2026-04-23;"quinta-feira";"22:10:00";"SC";101;148,9;"ITAPEMA";"Manobra de mudança de faixa";"Colisão lateral mesmo sentido";"Com Vítimas Feridas";"Plena Noite";"Crescente";"Céu Claro";"Múltipla";"Aclive;Interseção de Vias";"Sim";2;0;1;0;1;0;1;2;-27,10779982;-48,61379385;"SPRF-SC";"DEL04/SC";"UOP03-DEL04-SC"