"id";"data_inversa";"dia_semana";"horario";"uf";"br";"km";"municipio";"causa_acidente";"tipo_acidente";"classificacao_acidente";"fase_dia";"sentido_via";"condicao_metereologica";"tipo_pista";"tracado_via";"uso_solo";"pessoas";"mortos";"feridos_leves";"feridos_graves";"ilesos";"ignorados";"feridos";"veiculos";"latitude";"longitude";"regional";"delegacia";"uop"
767047;2026-04-23;"quinta-feira";"18:40:00";"MT";163;618;"NOVA MUTUM";"Acessar a via sem observar a presença dos outros veículos";"Atropelamento de Pedestre";"Com Vítimas Fatais";"Anoitecer";"Crescente";"Céu Claro";"Dupla";"Reta";"Não";2;1;0;0;1;0;0;2;-13,643336;-56,035261;"SPRF-MT";"DEL01/MT";"UOP01-DEL01-MT"
767051;2026-04-23;"quinta-feira";"23:09:00";"MG";262;440;"NOVA SERRANA";"Velocidade Incompatível";"Tombamento";"Com Vítimas Feridas";"Plena Noite";"Decrescente";"Céu Claro";"Dupla";"Reta";"Sim";1;0;1;0;0;0;1;1;-19,8651738;-44,9947023;"SPRF-MG";"DEL08/MG";"UOP03-DEL08-MG"
767052;2026-04-23;"quinta-feira";"22:10:00";"RS";392;248,2;"CACAPAVA DO SUL";"Animais na Pista";"Atropelamento de Animal";"Com Vítimas Feridas";"Plena Noite";"Crescente";"Chuva";"Simples";"Curva;Declive";"Não";1;0;1;0;0;0;1;1;-30,5404067;-53,42850494;"SPRF-RS";"DEL09/RS";"UOP02-DEL09-RS"
767053;2026-04-23;"quinta-feira";"22:45:00";"RO";364;228,1;"CACOAL";"Reação tardia ou ineficiente do condutor";"Tombamento";"Com Vítimas Feridas";"Plena Noite";"Crescente";"Céu Claro";"Simples";"Reta";"Não";1;0;1;0;0;0;1;1;-11,488533;-61,38191;"SPRF-RO";"DEL02-RO";"UOP02-DEL02-RO"
767055;2026-04-23;"quinta-feira";"23:45:00";"MG";40;506;"RIBEIRAO DAS NEVES";"Reação tardia ou ineficiente do condutor";"Tombamento";"Com Vítimas Feridas";"Plena Noite";"Crescente";"Céu Claro";"Dupla";"Reta";"Sim";2;0;1;0;1;0;1;1;-19,74407532;-44,14814115;"SPRF-MG";"DEL02/MG";"UOP01-DEL02-MG"
767056;2026-04-23;"quinta-feira";"08:40:00";"MG";116;415;"GOVERNADOR VALADARES";"Acessar a via sem observar a presença dos outros veículos";"Colisão transversal";"Com Vítimas Feridas";"Pleno dia";"Decrescente";"Céu Claro";"Simples";"Reta";"Sim";2;0;2;0;0;0;2;2;-18,88987217;-41,94617696;"SPRF-MG";"DEL06/MG";"UOP01-DEL06-MG"
767057;2026-04-23;"quinta-feira";"22:57:00";"SC";101;457,5;"SAO JOAO DO SUL";"Velocidade Incompatível";"Colisão com objeto";"Com Vítimas Fatais";"Plena Noite";"Decrescente";"Chuva";"Múltipla";"Reta";"Não";3;2;0;1;0;0;1;1;-29,24378846;-49,75413397;"SPRF-SC";"DEL02/SC";"UOP02-DEL02-SC"
767058;2026-04-23;"quinta-feira";"22:35:00";"MG";116;411,7;"GOVERNADOR VALADARES";"Estacionar ou parar em local proibido";"Colisão traseira";"Com Vítimas Feridas";"Plena Noite";"Decrescente";"Nublado";"Simples";"Viaduto";"Sim";4;0;2;0;2;0;2;3;-18,872103;-41,96813;"SPRF-MG";"DEL06/MG";"UOP01-DEL06-MG"
767060;2026-04-23;"quinta-feira";"19:47:00";"BA";116;459;"SANTO ESTEVAO";"Acessar a via sem observar a presença dos outros veículos";"Atropelamento de Pedestre";"Com Vítimas Feridas";"Plena Noite";"Decrescente";"Ignorado";"Dupla";"Reta";"Sim";2;0;1;0;1;0;1;2;-12,440297;-39,229836;"SPRF-BA";"DEL02/BA";"UOP01-DEL02-BA"
767061;2026-04-24;"sexta-feira";"01:50:00";"PR";376;215,8;"JANDAIA DO SUL";"Ausência de reação do condutor";"Saída de leito carroçável";"Com Vítimas Feridas";"Plena Noite";"Crescente";"Céu Claro";"Simples";"Reta";"Não";2;0;1;0;1;0;1;1;-23,5880538;-51,6460677;"SPRF-PR";"DEL09/PR";"UOP01-DEL09-PR"
767066;2026-04-24;"sexta-feira";"03:20:00";"RJ";40;50;"AREAL";"Condutor Dormindo";"Colisão com objeto";"Sem Vítimas";"Plena Noite";"Decrescente";"Céu Claro";"Simples";"Reta";"Não";1;0;0;0;1;0;0;1;-22,2663935;-43,10900402;"SPRF-RJ";"DEL05/RJ";"UOP02-DEL05-RJ"
767068;2026-04-24;"sexta-feira";"04:30:00";"SP";116;162;"JACAREI";"Ingestão de álcool pelo condutor";"Colisão com objeto";"Sem Vítimas";"Plena Noite";"Crescente";"Céu Claro";"Dupla";"Curva";"Não";1;0;0;0;1;0;0;1;-23,28007261;-45,98272571;"SPRF-SP";"DEL02/SP";"UOP01-DEL02-SP"
767069;2026-04-24;"sexta-feira";"04:05:00";"SP";116;134;"SAO JOSE DOS CAMPOS";"Ausência de reação do condutor";"Colisão traseira";"Sem Vítimas";"Plena Noite";"Crescente";"Céu Claro";"Dupla";"Reta";"Não";4;0;0;0;4;0;0;4;-23,14298262;-45,76549432;"SPRF-SP";"DEL02/SP";"UOP02-DEL02-SP"
767070;2026-04-24;"sexta-feira";"05:30:00";"RJ";116;171;"RIO DE JANEIRO";"Reação tardia ou ineficiente do condutor";"Colisão frontal";"Com Vítimas Feridas";"Plena Noite";"Decrescente";"Céu Claro";"Múltipla";"Em Obras;Desvio Temporário;Reta";"Sim";2;0;1;0;1;0;1;2;-22,8038062;-43,3453068;"SPRF-RJ";"DEL06/RJ";"UOP01-DEL06-RJ"
767071;2026-04-23;"quinta-feira";"16:20:00";"PA";230;111;"MARABA";"Ausência de reação do condutor";"Colisão traseira";"Com Vítimas Feridas";"Anoitecer";"Decrescente";"Céu Claro";"Simples";"Reta";"Sim";3;0;2;0;1;0;2;2;-5,36760119;-49,05476403;"SPRF-PA";"DEL03/PA";"UOP01-DEL03-PA"
767072;2026-04-24;"sexta-feira";"05:00:00";"ES";101;382,7;"RIO NOVO DO SUL";"Condutor Dormindo";"Colisão frontal";"Com Vítimas Feridas";"Amanhecer";"Crescente";"Céu Claro";"Simples";"Curva";"Não";5;0;5;0;0;0;5;2;-20,822515;-40,85036;"SPRF-ES";"DEL03-ES";"UOP01-DEL03-ES"
767073;2026-04-24;"sexta-feira";"05:40:00";"RS";386;374,7;"TAQUARI";"Chuva";"Tombamento";"Com Vítimas Feridas";"Amanhecer";"Decrescente";"Chuva";"Dupla";"Reta";"Não";3;0;1;0;2;0;1;1;-29,61577;-51,7875172;"SPRF-RS";"DEL04/RS";"UOP01-DEL04-RS"
767075;2026-04-24;"sexta-feira";"06:15:00";"SC";101;208;"SAO JOSE";"Condutor deixou de manter distância do veículo da frente";"Colisão traseira";"Com Vítimas Feridas";"Amanhecer";"Decrescente";"Nublado";"Múltipla";"Reta;Interseção de Vias";"Sim";3;0;1;1;1;0;2;3;-27,60332;-48,63178;"SPRF-SC";"DEL01/SC";"UOP01-DEL01-SC"
767076;2026-04-24;"sexta-feira";"06:50:00";"ES";101;145;"LINHARES";"Manobra de mudança de faixa";"Colisão traseira";"Com Vítimas Feridas";"Pleno dia";"Crescente";"Céu Claro";"Dupla";"Reta";"Sim";2;0;0;1;1;0;1;2;-19,36343479;-40,06497145;"SPRF-ES";"DEL04-ES";"UOP01-DEL04-ES"
767077;2026-04-23;"quinta-feira";"17:40:00";"ES";101;129,1;"LINHARES";"Ausência de reação do condutor";"Queda de ocupante de veículo";"Com Vítimas Feridas";"Anoitecer";"Crescente";"Céu Claro";"Simples";"Reta";"Não";1;0;1;0;0;0;1;1;-19,32464289;-40,05664063;"SPRF-ES";"DEL04-ES";"UOP01-DEL04-ES"
767079;2026-04-24;"sexta-feira";"06:55:00";"ES";101;150,5;"LINHARES";"Ausência de reação do condutor";"Queda de ocupante de veículo";"Com Vítimas Feridas";"Pleno dia";"Crescente";"Céu Claro";"Simples";"Declive";"Sim";1;0;1;0;0;0;1;1;-19,40736105;-40,06468392;"SPRF-ES";"DEL04-ES";"UOP01-DEL04-ES"
767080;2026-04-24;"sexta-feira";"06:30:00";"MA";135;6;"SAO LUIS";"Ausência de reação do condutor";"Colisão traseira";"Com Vítimas Feridas";"Pleno dia";"Decrescente";"Nublado";"Dupla";"Reta";"Sim";2;0;1;0;1;0;1;2;-2,634978;-44,267467;"SPRF-MA";"DEL01-MA";"UOP01-DEL01-MA"
767082;2026-04-24;"sexta-feira";"06:50:00";"BA";324;618;"SALVADOR";"Trafegar com motocicleta (ou similar) entre as faixas";"Engavetamento";"Com Vítimas Feridas";"Pleno dia";"Crescente";"Céu Claro";"Dupla";"Reta";"Não";5;0;2;0;3;0;2;4;-12,90559816;-38,45480699;"SPRF-BA";"DEL01/BA";"UOP01-DEL01-BA"
767083;2026-04-24;"sexta-feira";"06:50:00";"SC";470;48,4;"BLUMENAU";"Acessar a via sem observar a presença dos outros veículos";"Colisão lateral mesmo sentido";"Com Vítimas Feridas";"Pleno dia";"Crescente";"Nublado";"Simples";"Reta;Viaduto";"Sim";4;0;0;1;3;0;1;2;-26,858981;-49,059202;"SPRF-SC";"DEL04/SC";"UOP01-DEL04-SC"
767084;2026-04-23;"quinta-feira";"23:28:00";"PE";232;253;"ARCOVERDE";"Pedestre andava na pista";"Atropelamento de Pedestre";"Com Vítimas Feridas";"Plena Noite";"Decrescente";"Nublado";"Simples";"Reta";"Sim";2;0;0;1;1;0;1;2;-8,423482;-37,074569;"SPRF-PE";"DEL04/PE";"UOP02-DEL04-PE"
767085;2026-04-24;"sexta-feira";"06:25:00";"PR";277;83,4;"CURITIBA";"Trafegar com motocicleta (ou similar) entre as faixas";"Colisão lateral mesmo sentido";"Com Vítimas Feridas";"Amanhecer";"Crescente";"Nublado";"Dupla";"Reta";"Sim";2;0;1;0;1;0;1;2;-25,44877212;-49,22938077;"SPRF-PR";"DEL01/PR";"UOP08-DEL01-PR"
767086;2026-04-20;"segunda-feira";"20:40:00";"RJ";493;3;"ITABORAI";"Ausência de sinalização";"Colisão traseira";"Com Vítimas Feridas";"Plena Noite";"Crescente";"Céu Claro";"Simples";"Em Obras;Retorno Regulamentado;Aclive;Desvio Temporário;Reta";"Não";1;0;0;1;0;0;1;1;-22,74956956;-42,94652077;"SPRF-RJ";"DEL02/RJ";"UOP02-DEL02-RJ"
767087;2026-04-24;"sexta-feira";"07:35:00";"SC";101;214,9;"PALHOCA";"Condutor deixou de manter distância do veículo da frente";"Colisão traseira";"Com Vítimas Feridas";"Pleno dia";"Decrescente";"Céu Claro";"Simples";"Reta";"Sim";2;0;1;0;1;0;1;2;-27,65134;-48,67504;"SPRF-SC";"DEL01/SC";"UOP02-DEL01-SC"
767088;2026-04-24;"sexta-feira";"07:20:00";"BA";116;11;"VITORIA DA CONQUISTA";"Acessar a via sem observar a presença dos outros veículos";"Colisão transversal";"Com Vítimas Feridas";"Pleno dia";"Crescente";"Céu Claro";"Simples";"Reta";"Sim";3;0;2;0;1;0;2;2;-14,86515386;-40,87260758;"SPRF-BA";"DEL08/BA";"UOP01-DEL08-BA"
767089;2026-04-24;"sexta-feira";"06:50:00";"BA";324;623;"SALVADOR";"Condutor deixou de manter distância do veículo da frente";"Engavetamento";"Com Vítimas Feridas";"Pleno dia";"Crescente";"Nublado";"Múltipla";"Reta";"Sim";3;0;1;0;2;0;1;3;-12,93845468;-38,47210843;"SPRF-BA";"DEL01/BA";"UOP01-DEL01-BA"
767091;2026-04-24;"sexta-feira";"08:00:00";"BA";324;537;"AMELIA RODRIGUES";"Demais falhas mecânicas ou elétricas";"Incêndio";"Sem Vítimas";"Pleno dia";"Crescente";"Chuva";"Dupla";"Reta";"Sim";1;0;0;0;1;0;0;1;-12,3778383;-38,8009054;"SPRF-BA";"DEL11/BA";"UOP02-DEL11-BA"
767092;2026-04-24;"sexta-feira";"08:07:00";"DF";20;4;"BRASILIA";"Condutor deixou de manter distância do veículo da frente";"Colisão traseira";"Com Vítimas Feridas";"Pleno dia";"Crescente";"Céu Claro";"Dupla";"Reta";"Sim";2;0;1;0;1;0;1;2;-15,674202;-47,821933;"SPRF-DF";"DEL02-DF";"UOP01-DEL02-DF"
767093;2026-04-24;"sexta-feira";"07:40:00";"PR";376;183,4;"SARANDI";"Frear bruscamente";"Engavetamento";"Sem Vítimas";"Pleno dia";"Crescente";"Céu Claro";"Dupla";"Reta";"Não";7;0;0;0;5;2;0;5;-23,43976188;-51,87392235;"SPRF-PR";"DEL09/PR";"UOP01-DEL09-PR"
767094;2026-04-24;"sexta-feira";"07:30:00";"PB";230;132,8;"CAMPINA GRANDE";"Reação tardia ou ineficiente do condutor";"Saída de leito carroçável";"Com Vítimas Feridas";"Pleno dia";"Decrescente";"Nublado";"Dupla";"Curva";"Não";1;0;1;0;0;0;1;1;-7,2726346;-35,7519196;"SPRF-PB";"DEL02-PB";"UOP01-DEL02-PB"
767095;2026-04-24;"sexta-feira";"07:45:00";"RS";116;36,9;"VACARIA";"Desrespeitar a preferência no cruzamento";"Colisão transversal";"Com Vítimas Feridas";"Pleno dia";"Crescente";"Nublado";"Simples";"Interseção de Vias";"Sim";2;0;1;0;1;0;1;2;-28,49840056;-50,91738073;"SPRF-RS";"DEL05/RS";"UOP03-DEL05-RS"
767096;2026-04-23;"quinta-feira";"21:15:00";"RO";425;99,8;"GUAJARA-MIRIM";"Iluminação deficiente";"Colisão traseira";"Com Vítimas Feridas";"Plena Noite";"Crescente";"Chuva";"Simples";"Curva";"Não";2;0;2;0;0;0;2;2;-10,7220168;-65,27491808;"SPRF-RO";"DEL01-RO";"UOP03-DEL01-RO"
767097;2026-04-24;"sexta-feira";"07:55:00";"MS";262;354;"CAMPO GRANDE";"Ausência de reação do condutor";"Colisão traseira";"Com Vítimas Feridas";"Pleno dia";"Crescente";"Céu Claro";"Simples";"Declive;Reta";"Sim";2;0;0;1;1;0;1;2;-20,55637;-54,66481;"SPRF-MS";"DEL01/MS";"UOP03-DEL01-MS"
767098;2026-04-24;"sexta-feira";"08:10:00";"PR";116;105,5;"SAO JOSE DOS PINHAIS";"Reação tardia ou ineficiente do condutor";"Colisão traseira";"Com Vítimas Feridas";"Pleno dia";"Crescente";"Sol";"Dupla";"Reta";"Sim";2;0;1;0;1;0;1;2;-25,570666;-49,213146;"SPRF-PR";"DEL01/PR";"UOP08-DEL01-PR"
767101;2026-04-24;"sexta-feira";"08:00:00";"RJ";393;166;"TRES RIOS";"Reação tardia ou ineficiente do condutor";"Engavetamento";"Com Vítimas Feridas";"Pleno dia";"Crescente";"Céu Claro";"Dupla";"Reta";"Não";3;0;1;0;2;0;1;3;-22,11959627;-43,15979004;"SPRF-RJ";"DEL05/RJ";"UOP01-DEL05-RJ"
767102;2026-04-24;"sexta-feira";"07:10:00";"MG";356;267;"MURIAE";"Trafegar com motocicleta (ou similar) entre as faixas";"Atropelamento de Pedestre";"Com Vítimas Feridas";"Pleno dia";"Decrescente";"Sol";"Simples";"Reta";"Sim";4;0;0;2;0;2;2;2;-21,125545;-42,355059;"SPRF-MG";"DEL07/MG";"UOP02-DEL07-MG"
767103;2026-04-24;"sexta-feira";"08:30:00";"MG";365;350,3;"VARJAO DE MINAS";"Reação tardia ou ineficiente do condutor";"Saída de leito carroçável";"Com Vítimas Feridas";"Pleno dia";"Crescente";"Céu Claro";"Dupla";"Reta";"Não";1;0;1;0;0;0;1;1;-18,43027;-46,06958;"SPRF-MG";"DEL10/MG";"UOP01-DEL10-MG"
767104;2026-04-16;"quinta-feira";"21:30:00";"MG";267;123,7;"JUIZ DE FORA";"Desrespeitar a preferência no cruzamento";"Colisão transversal";"Com Vítimas Feridas";"Plena Noite";"Crescente";"Céu Claro";"Simples";"Reta";"Sim";3;0;1;0;2;0;1;2;-21,709588;-43,485431;"SPRF-MG";"DEL05/MG";"UOP01-DEL05-MG"
767106;2026-04-24;"sexta-feira";"05:10:00";"RJ";40;115;"DUQUE DE CAXIAS";"Condutor Dormindo";"Colisão com objeto";"Com Vítimas Feridas";"Amanhecer";"Decrescente";"Céu Claro";"Dupla";"Reta";"Não";1;0;1;0;0;0;1;1;-22,7393546;-43,2882301;"SPRF-RJ";"DEL01/RJ";"UOP02-DEL01-RJ"
767110;2026-03-31;"terça-feira";"17:30:00";"PR";376;170,8;"MARINGA";"Acessar a via sem observar a presença dos outros veículos";"Colisão transversal";"Com Vítimas Feridas";"Pleno dia";"Decrescente";"Ignorado";"Dupla";"Retorno Regulamentado;Interseção de Vias";"Não";1;0;1;0;0;0;1;1;-23,40970263;-51,98737133;"SPRF-PR";"DEL09/PR";"UOP01-DEL09-PR"
767111;2026-03-24;"terça-feira";"06:33:00";"PE";101;45;"IGARASSU";"Transitar na contramão";"Colisão transversal";"Com Vítimas Feridas";"Pleno dia";"Decrescente";"Céu Claro";"Simples";"Reta";"Sim";2;0;0;1;1;0;1;2;-7,87157272;-34,90635244;"SPRF-PE";"DEL01/PE";"UOP02-DEL01-PE"
767112;2026-04-06;"segunda-feira";"04:30:00";"RJ";116;206;"SEROPEDICA";"Demais falhas mecânicas ou elétricas";"Incêndio";"Sem Vítimas";"Plena Noite";"Decrescente";"Céu Claro";"Dupla";"Reta";"Não";1;0;0;0;1;0;0;1;-22,72723487;-43,6465342;"SPRF-RJ";"DEL06/RJ";"UOP02-DEL06-RJ"
767113;2026-04-24;"sexta-feira";"07:45:00";"RJ";116;110;"GUAPIMIRIM";"Ausência de reação do condutor";"Queda de ocupante de veículo";"Com Vítimas Feridas";"Pleno dia";"Crescente";"Céu Claro";"Simples";"Curva;Viaduto";"Sim";2;0;2;0;0;0;2;1;-22,54184779;-42,98537001;"SPRF-RJ";"DEL04/RJ";"UOP02-DEL04-RJ"
767118;2026-04-24;"sexta-feira";"08:40:00";"AC";364;138;"RIO BRANCO";"Animais na Pista";"Atropelamento de Animal";"Com Vítimas Feridas";"Pleno dia";"Decrescente";"Céu Claro";"Dupla";"Reta";"Sim";2;0;1;0;0;1;1;2;-9,953781;-67,86117901;"SPRF-AC";"DEL01-AC";"UOP01-DEL01-AC"
767119;2026-04-24;"sexta-feira";"10:35:00";"PR";376;176,9;"MARINGA";"Acessar a via sem observar a presença dos outros veículos";"Colisão transversal";"Com Vítimas Feridas";"Pleno dia";"Crescente";"Céu Claro";"Múltipla";"Reta;Interseção de Vias";"Sim";2;0;1;0;1;0;1;2;-23,41301107;-51,93079818;"SPRF-PR";"DEL09/PR";"UOP01-DEL09-PR"
767120;2026-04-24;"sexta-feira";"11:00:00";"PB";230;8;"CABEDELO";"Acessar a via sem observar a presença dos outros veículos";"Colisão traseira";"Com Vítimas Feridas";"Pleno dia";"Crescente";"Nublado";"Dupla";"Reta";"Sim";2;0;0;1;1;0;1;2;-7,040237;-34,845199;"SPRF-PB";"DEL01-PB";"UOP01-DEL01-PB"
767123;2026-04-24;"sexta-feira";"10:35:00";"CE";222;220;"SOBRAL";"Demais falhas mecânicas ou elétricas";"Queda de ocupante de veículo";"Com Vítimas Feridas";"Pleno dia";"Decrescente";"Chuva";"Simples";"Reta";"Sim";1;0;1;0;0;0;1;1;-3,72762777;-40,32208649;"SPRF-CE";"DEL04/CE";"UOP01-DEL04-CE"
767125;2026-04-24;"sexta-feira";"11:00:00";"PR";376;106;"PARANAVAI";"Reação tardia ou ineficiente do condutor";"Tombamento";"Com Vítimas Feridas";"Pleno dia";"Crescente";"Céu Claro";"Simples";"Curva;Viaduto";"Sim";1;0;1;0;0;0;1;1;-23,06136672;-52,43426649;"SPRF-PR";"DEL09/PR";"UOP02-DEL09-PR"
767127;2026-04-24;"sexta-feira";"11:30:00";"RS";116;523;"PELOTAS";"Ausência de reação do condutor";"Capotamento";"Sem Vítimas";"Pleno dia";"Crescente";"Nublado";"Dupla";"Reta";"Não";1;0;0;0;1;0;0;1;-31,72048056;-52,38053762;"SPRF-RS";"DEL07/RS";"UOP01-DEL07-RS"
767128;2026-04-21;"terça-feira";"00:03:00";"MS";463;6,6;"DOURADOS";"Ingestão de álcool pelo condutor";"Colisão lateral sentido oposto";"Com Vítimas Feridas";"Plena Noite";"Crescente";"Céu Claro";"Simples";"Desvio Temporário;Aclive;Reta";"Não";2;0;0;1;1;0;1;2;-22,25504248;-54,86853039;"SPRF-MS";"DEL04/MS";"UOP01-DEL04-MS"
767130;2026-01-17;"sábado";"11:10:00";"PI";407;489,6;"JAICOS";"Transitar na contramão";"Colisão frontal";"Com Vítimas Fatais";"Pleno dia";"Decrescente";"Céu Claro";"Simples";"Aclive;Reta";"Não";7;1;4;2;0;0;6;2;-7,502192;-41,271053;"SPRF-PI";"DEL04-PI";"UOP01-DEL04-PI"
767131;2026-04-24;"sexta-feira";"12:10:00";"RS";293;14,9;"CAPAO DO LEAO";"Acessar a via sem observar a presença dos outros veículos";"Colisão transversal";"Com Vítimas Feridas";"Pleno dia";"Crescente";"Nublado";"Simples";"Reta";"Sim";2;0;1;1;0;0;2;2;-31,75015186;-52,47227876;"SPRF-RS";"DEL07/RS";"UOP01-DEL07-RS"
767132;2026-04-24;"sexta-feira";"12:20:00";"ES";101;302,9;"VIANA";"Mal súbito do condutor";"Colisão traseira";"Com Vítimas Feridas";"Pleno dia";"Crescente";"Sol";"Múltipla";"Curva";"Sim";7;0;2;0;5;0;2;2;-20,37579519;-40,4431603;"SPRF-ES";"DEL01-ES";"UOP01-DEL01-ES"
767134;2026-04-24;"sexta-feira";"12:00:00";"BA";324;624;"SALVADOR";"Pedestre cruzava a pista fora da faixa";"Atropelamento de Pedestre";"Com Vítimas Feridas";"Pleno dia";"Crescente";"Céu Claro";"Dupla";"Reta;Declive";"Não";2;0;1;0;1;0;1;2;-12,94128;-38,47102;"SPRF-BA";"DEL01/BA";"UOP01-DEL01-BA"
767136;2026-04-24;"sexta-feira";"12:38:00";"PA";230;124;"MARABA";"Condutor deixou de manter distância do veículo da frente";"Engavetamento";"Com Vítimas Feridas";"Pleno dia";"Decrescente";"Nublado";"Simples";"Reta";"Sim";3;0;1;0;2;0;1;3;-5,37095419;-49,13154602;"SPRF-PA";"DEL03/PA";"UOP01-DEL03-PA"
767137;2026-04-24;"sexta-feira";"04:00:00";"MG";40;120,3;"LAGOA GRANDE";"Ausência de sinalização";"Colisão com objeto";"Com Vítimas Fatais";"Plena Noite";"Decrescente";"Céu Claro";"Simples";"Reta";"Não";1;1;0;0;0;0;0;1;-17,662651;-46,362259;"SPRF-MG";"DEL14/MG";"UOP01-DEL14-MG"
767138;2026-04-24;"sexta-feira";"12:20:00";"MG";381;438,1;"SANTA LUZIA";"Velocidade Incompatível";"Tombamento";"Com Vítimas Feridas";"Pleno dia";"Decrescente";"Sol";"Simples";"Curva;Declive";"Não";2;0;0;1;1;0;1;2;-19,81595;-43,80182;"SPRF-MG";"DEL01/MG";"UOP01-DEL01-MG"
767140;2026-04-24;"sexta-feira";"12:55:00";"MG";262;800;"UBERABA";"Ausência de reação do condutor";"Colisão com objeto";"Com Vítimas Feridas";"Pleno dia";"Crescente";"Céu Claro";"Dupla";"Curva";"Sim";1;0;1;0;0;0;1;1;-19,770869;-47,975267;"SPRF-MG";"DEL13/MG";"UOP01-DEL13-MG"
767141;2026-04-24;"sexta-feira";"13:10:00";"SC";101;139;"BALNEARIO CAMBORIU";"Frear bruscamente";"Engavetamento";"Com Vítimas Feridas";"Pleno dia";"Crescente";"Céu Claro";"Dupla";"Aclive";"Sim";5;0;2;0;3;0;2;4;-27,04894985;-48,60065103;"SPRF-SC";"DEL04/SC";"UOP03-DEL04-SC"
767142;2026-04-24;"sexta-feira";"12:05:00";"RS";293;13,8;"CAPAO DO LEAO";"Ausência de reação do condutor";"Colisão traseira";"Sem Vítimas";"Pleno dia";"Crescente";"Céu Claro";"Simples";"Reta";"Sim";2;0;0;0;2;0;0;2;-31,75151535;-52,46527132;"SPRF-RS";"DEL07/RS";"UOP01-DEL07-RS"
767143;2026-04-24;"sexta-feira";"13:30:00";"PR";476;148;"ARAUCARIA";"Ausência de reação do condutor";"Queda de ocupante de veículo";"Com Vítimas Feridas";"Pleno dia";"Decrescente";"Nublado";"Dupla";"Reta";"Não";1;0;1;0;0;0;1;1;-25,55738158;-49,35023038;"SPRF-PR";"DEL01/PR";"UOP06-DEL01-PR"
767144;2026-04-24;"sexta-feira";"12:46:00";"RN";101;166,7;"CANGUARETAMA";"Acumulo de água sobre o pavimento";"Colisão com objeto";"Com Vítimas Feridas";"Pleno dia";"Decrescente";"Chuva";"Dupla";"Reta";"Não";3;0;0;1;2;0;1;1;-6,45962251;-35,11127472;"SPRF-RN";"DEL01-RN";"UOP01-DEL01-RN"
767145;2026-04-24;"sexta-feira";"13:00:00";"CE";116;42;"HORIZONTE";"Condutor deixou de manter distância do veículo da frente";"Colisão traseira";"Com Vítimas Feridas";"Pleno dia";"Decrescente";"Nublado";"Dupla";"Reta;Retorno Regulamentado";"Sim";5;0;1;0;1;3;1;2;-4,112122;-38,490807;"SPRF-CE";"DEL01/CE";"UOP02-DEL01-CE"
767146;2026-04-24;"sexta-feira";"13:32:00";"SP";116;110;"TAUBATE";"Reação tardia ou ineficiente do condutor";"Colisão traseira";"Com Vítimas Feridas";"Pleno dia";"Decrescente";"Céu Claro";"Dupla";"Reta";"Sim";1;0;1;0;0;0;1;1;-23,03339577;-45,55146607;"SPRF-SP";"DEL02/SP";"UOP02-DEL02-SP"
767147;2026-04-17;"sexta-feira";"06:45:00";"PR";277;131,9;"BALSA NOVA";"Ausência de reação do condutor";"Colisão com objeto";"Com Vítimas Feridas";"Amanhecer";"Decrescente";"Céu Claro";"Simples";"Declive;Interseção de Vias;Reta";"Não";2;0;1;0;1;0;1;1;-25,4621333;-49,58172295;"SPRF-PR";"DEL01/PR";"UOP07-DEL01-PR"
767148;2026-04-24;"sexta-feira";"13:50:00";"ES";101;393;"RIO NOVO DO SUL";"Reação tardia ou ineficiente do condutor";"Colisão lateral mesmo sentido";"Com Vítimas Feridas";"Pleno dia";"Crescente";"Sol";"Simples";"Curva;Aclive";"Não";6;0;1;0;5;0;1;2;-20,8656;-40,9274;"SPRF-ES";"DEL03-ES";"UOP02-DEL03-ES"
767151;2026-04-24;"sexta-feira";"11:10:00";"RO";364;239,1;"CACOAL";"Ausência de reação do condutor";"Tombamento";"Com Vítimas Feridas";"Pleno dia";"Decrescente";"Céu Claro";"Simples";"Retorno Regulamentado";"Não";1;0;1;0;0;0;1;1;-11,433983;-61,463515;"SPRF-RO";"DEL02-RO";"UOP02-DEL02-RO"
767157;2026-04-24;"sexta-feira";"15:00:00";"PR";476;142;"CURITIBA";"Condutor Dormindo";"Colisão lateral mesmo sentido";"Sem Vítimas";"Pleno dia";"Decrescente";"Céu Claro";"Dupla";"Reta";"Sim";3;0;0;0;3;0;0;2;-25,53288137;-49,30020181;"SPRF-PR";"DEL01/PR";"UOP03-DEL01-PR"
767163;2026-04-24;"sexta-feira";"15:13:00";"PE";232;8;"RECIFE";"Condutor deixou de manter distância do veículo da frente";"Colisão traseira";"Sem Vítimas";"Pleno dia";"Decrescente";"Céu Claro";"Dupla";"Reta";"Sim";3;0;0;0;3;0;0;3;-8,07569;-34,96865;"SPRF-PE";"DEL01/PE";"UOP01-DEL01-PE"
767164;2026-04-24;"sexta-feira";"13:58:00";"PR";277;5;"FOZ DO IGUACU";"Conversão proibida";"Colisão transversal";"Com Vítimas Feridas";"Pleno dia";"Decrescente";"Céu Claro";"Simples";"Reta;Declive";"Sim";3;0;2;0;1;0;2;2;-25,53403871;-54,528687;"SPRF-PR";"DEL01/PR";"UOP05-DEL01-PR"