"id";"data_inversa";"dia_semana";"horario";"uf";"br";"km";"municipio";"causa_acidente";"tipo_acidente";"classificacao_acidente";"fase_dia";"sentido_via";"condicao_metereologica";"tipo_pista";"tracado_via";"uso_solo";"pessoas";"mortos";"feridos_leves";"feridos_graves";"ilesos";"ignorados";"feridos";"veiculos";"latitude";"longitude";"regional";"delegacia";"uop"
767168;2026-04-24;"sexta-feira";"14:34:00";"MA";222;674;"ACAILANDIA";"Acessar a via sem observar a presença dos outros veículos";"Colisão transversal";"Com Vítimas Feridas";"Pleno dia";"Decrescente";"Céu Claro";"Simples";"Declive;Interseção de Vias";"Sim";3;0;1;2;0;0;3;2;-4,9537098;-47,4885579;"SPRF-MA";"DEL04-MA";"UOP03-DEL04-MA"
767169;2026-04-24;"sexta-feira";"15:25:00";"PR";277;713;"SANTA TEREZINHA DE ITAIPU";"Ausência de reação do condutor";"Tombamento";"Com Vítimas Feridas";"Pleno dia";"Crescente";"Céu Claro";"Dupla";"Reta";"Não";1;0;1;0;0;0;1;1;-25,45831863;-54,43242487;"SPRF-PR";"DEL05/PR";"UOP01-DEL05-PR"
767170;2026-04-24;"sexta-feira";"15:55:00";"ES";262;16;"VIANA";"Ausência de reação do condutor";"Colisão lateral mesmo sentido";"Com Vítimas Feridas";"Pleno dia";"Crescente";"Sol";"Simples";"Reta";"Sim";2;0;2;0;0;0;2;2;-20,3869087;-40,4741066;"SPRF-ES";"DEL01-ES";"UOP01-DEL01-ES"
767171;2026-04-24;"sexta-feira";"17:05:00";"RJ";101;297;"ITABORAI";"Reação tardia ou ineficiente do condutor";"Colisão traseira";"Com Vítimas Feridas";"Pleno dia";"Decrescente";"Céu Claro";"Dupla";"Reta";"Sim";3;0;0;1;2;0;1;2;-22,77166067;-42,9257834;"SPRF-RJ";"DEL02/RJ";"UOP02-DEL02-RJ"
767177;2026-04-24;"sexta-feira";"16:20:00";"DF";70;17,6;"BRASILIA";"Reação tardia ou ineficiente do condutor";"Colisão lateral mesmo sentido";"Com Vítimas Feridas";"Pleno dia";"Crescente";"Céu Claro";"Dupla";"Aclive";"Não";2;0;1;0;1;0;1;2;-15,78918388;-48,21753647;"SPRF-DF";"DEL03-DF";"UOP02-DEL03-DF"
767181;2026-04-24;"sexta-feira";"16:15:00";"RS";392;347;"SANTA MARIA";"Acessar a via sem observar a presença dos outros veículos";"Colisão transversal";"Com Vítimas Feridas";"Pleno dia";"Crescente";"Garoa/Chuvisco";"Simples";"Reta";"Sim";4;0;3;0;1;0;3;2;-29,76068919;-53,78702402;"SPRF-RS";"DEL09/RS";"UOP01-DEL09-RS"
767183;2026-04-24;"sexta-feira";"16:30:00";"MG";50;142,5;"UBERABA";"Avarias e/ou desgaste excessivo no pneu";"Tombamento";"Com Vítimas Feridas";"Pleno dia";"Crescente";"Céu Claro";"Dupla";"Aclive;Reta";"Não";2;0;2;0;0;0;2;1;-19,49816;-48,04695;"SPRF-MG";"DEL13/MG";"UOP01-DEL13-MG"
767184;2026-04-24;"sexta-feira";"17:05:00";"PB";101;85,5;"BAYEUX";"Condutor deixou de manter distância do veículo da frente";"Colisão traseira";"Sem Vítimas";"Pleno dia";"Crescente";"Céu Claro";"Dupla";"Reta";"Sim";2;0;0;0;2;0;0;2;-7,150362;-34,911045;"SPRF-PB";"DEL01-PB";"UOP01-DEL01-PB"
767186;2026-04-24;"sexta-feira";"17:00:00";"SC";101;205;"SAO JOSE";"Trafegar com motocicleta (ou similar) entre as faixas";"Colisão lateral mesmo sentido";"Com Vítimas Feridas";"Pleno dia";"Decrescente";"Nublado";"Múltipla";"Reta";"Sim";2;0;1;0;1;0;1;2;-27,58472824;-48,61577718;"SPRF-SC";"DEL01/SC";"UOP01-DEL01-SC"
767188;2026-04-24;"sexta-feira";"15:00:00";"MG";116;783,1;"LEOPOLDINA";"Transtornos Mentais (exceto suicidio)";"Saída de leito carroçável";"Sem Vítimas";"Pleno dia";"Decrescente";"Céu Claro";"Simples";"Curva";"Não";1;0;0;0;1;0;0;1;-21,6386616;-42,6997662;"SPRF-MG";"DEL07/MG";"UOP01-DEL07-MG"
767190;2026-04-24;"sexta-feira";"14:30:00";"RJ";101;50;"CAMPOS DOS GOYTACAZES";"Avarias e/ou desgaste excessivo no pneu";"Tombamento";"Com Vítimas Feridas";"Pleno dia";"Crescente";"Céu Claro";"Simples";"Reta";"Sim";2;0;2;0;0;0;2;1;-21,6296872;-41,31354435;"SPRF-RJ";"DEL08/RJ";"UOP01-DEL08-RJ"
767191;2026-04-24;"sexta-feira";"17:00:00";"PB";104;97,3;"ESPERANCA";"Reação tardia ou ineficiente do condutor";"Colisão com objeto";"Sem Vítimas";"Anoitecer";"Crescente";"Nublado";"Simples";"Reta";"Sim";2;0;0;0;2;0;0;2;-7,017028;-35,857255;"SPRF-PB";"DEL02-PB";"UOP04-DEL02-PB"
767192;2026-04-24;"sexta-feira";"17:35:00";"SC";470;56,2;"BLUMENAU";"Ausência de reação do condutor";"Tombamento";"Com Vítimas Feridas";"Anoitecer";"Decrescente";"Céu Claro";"Dupla";"Reta";"Não";1;0;1;0;0;0;1;1;-26,87760236;-49,13010685;"SPRF-SC";"DEL04/SC";"UOP01-DEL04-SC"
767193;2026-04-24;"sexta-feira";"17:23:00";"PI";343;330,4;"TERESINA";"Ausência de reação do condutor";"Colisão traseira";"Com Vítimas Feridas";"Pleno dia";"Crescente";"Nublado";"Simples";"Reta";"Não";2;0;1;0;0;1;1;2;-5,060901;-42,653562;"SPRF-PI";"DEL01-PI";"UOP01-DEL01-PI"
767194;2026-04-24;"sexta-feira";"17:30:00";"RJ";493;18;"GUAPIMIRIM";"Ausência de reação do condutor";"Tombamento";"Com Vítimas Feridas";"Anoitecer";"Crescente";"Nublado";"Simples";"Reta";"Sim";1;0;1;0;0;0;1;1;-22,66772;-43,025417;"SPRF-RJ";"DEL04/RJ";"UOP02-DEL04-RJ"
767196;2026-04-24;"sexta-feira";"17:45:00";"PE";232;22;"MORENO";"Animais na Pista";"Atropelamento de Animal";"Sem Vítimas";"Anoitecer";"Decrescente";"Céu Claro";"Dupla";"Reta";"Não";1;0;0;0;1;0;0;1;-8,099076;-35,095783;"SPRF-PE";"DEL02/PE";"UOP02-DEL02PE"
767197;2026-04-24;"sexta-feira";"18:00:00";"RJ";40;45;"PETROPOLIS";"Acessar a via sem observar a presença dos outros veículos";"Colisão lateral mesmo sentido";"Com Vítimas Feridas";"Plena Noite";"Decrescente";"Céu Claro";"Dupla";"Reta";"Não";3;0;1;0;2;0;1;2;-22,28194865;-43,11932087;"SPRF-RJ";"DEL05/RJ";"UOP02-DEL05-RJ"
767198;2026-04-24;"sexta-feira";"18:10:00";"SC";101;311;"LAGUNA";"Desrespeitar a preferência no cruzamento";"Colisão transversal";"Sem Vítimas";"Anoitecer";"Decrescente";"Céu Claro";"Múltipla";"Interseção de Vias;Rotatória";"Sim";2;0;0;0;2;0;0;2;-28,43967482;-48,81346085;"SPRF-SC";"DEL02/SC";"UOP01-DEL02-SC"
767199;2026-04-24;"sexta-feira";"18:05:00";"PR";369;138,4;"IBIPORA";"Desrespeitar a preferência no cruzamento";"Colisão transversal";"Com Vítimas Feridas";"Plena Noite";"Decrescente";"Céu Claro";"Simples";"Interseção de Vias";"Sim";2;0;1;0;1;0;1;2;-23,27368;-51,05356;"SPRF-PR";"DEL07/PR";"UOP01-DEL07-PR"
767201;2026-03-17;"terça-feira";"19:00:00";"PR";476;280;"SAO MATEUS DO SUL";"Acessar a via sem observar a presença dos outros veículos";"Colisão frontal";"Com Vítimas Feridas";"Anoitecer";"Crescente";"Garoa/Chuvisco";"Simples";"Interseção de Vias;Reta";"Sim";2;0;1;0;1;0;1;2;-25,89736189;-50,43237314;"SPRF-PR";"DEL02/PR";"UOP03-DEL02-PR"
767204;2026-04-24;"sexta-feira";"18:40:00";"RJ";101;260,9;"RIO BONITO";"Pedestre cruzava a pista fora da faixa";"Atropelamento de Pedestre";"Com Vítimas Feridas";"Plena Noite";"Decrescente";"Céu Claro";"Dupla";"Aclive;Curva";"Sim";2;0;0;1;0;1;1;2;-22,71367432;-42,62069663;"SPRF-RJ";"DEL02/RJ";"UOP03-DEL02-RJ"
767206;2026-04-24;"sexta-feira";"19:00:00";"MG";50;18,7;"UBERLANDIA";"Ingestão de álcool pelo condutor";"Colisão traseira";"Com Vítimas Feridas";"Plena Noite";"Crescente";"Céu Claro";"Dupla";"Reta";"Sim";5;0;2;1;2;0;3;3;-18,92601696;-48,18861008;"SPRF-MG";"DEL15/MG";"UOP01-DEL15-MG"
767207;2026-04-24;"sexta-feira";"18:30:00";"RJ";40;109,9;"DUQUE DE CAXIAS";"Reação tardia ou ineficiente do condutor";"Colisão traseira";"Com Vítimas Feridas";"Plena Noite";"Decrescente";"Céu Claro";"Múltipla";"Reta";"Sim";3;0;1;0;2;0;1;2;-22,68945686;-43,28646219;"SPRF-RJ";"DEL01/RJ";"UOP02-DEL01-RJ"
767208;2026-04-24;"sexta-feira";"18:00:00";"ES";101;204,8;"JOAO NEIVA";"Acessar a via sem observar a presença dos outros veículos";"Colisão transversal";"Sem Vítimas";"Plena Noite";"Decrescente";"Céu Claro";"Simples";"Reta;Retorno Regulamentado;Interseção de Vias";"Sim";4;0;0;0;4;0;0;2;-19,75599;-40,37983;"SPRF-ES";"DEL02-ES";"UOP01-DEL02-ES"
767210;2026-04-24;"sexta-feira";"18:51:00";"BA";116;6,2;"ABARE";"Ausência de reação do condutor";"Colisão frontal";"Com Vítimas Fatais";"Plena Noite";"Decrescente";"Nublado";"Simples";"Reta;Em Obras";"Não";3;1;0;0;0;2;0;3;-8,670782;-39,26349;"SPRF-PE";"DEL05/PE";"UOP03-DEL05-PE"
767212;2026-04-24;"sexta-feira";"18:27:00";"PI";343;329,8;"TERESINA";"Transitar na contramão";"Colisão frontal";"Com Vítimas Fatais";"Plena Noite";"Crescente";"Nublado";"Simples";"Curva";"Não";3;1;0;1;1;0;1;2;-5,062867;-42,644557;"SPRF-PI";"DEL01-PI";"UOP01-DEL01-PI"
767213;2026-04-24;"sexta-feira";"19:55:00";"SC";101;203;"SAO JOSE";"Ausência de reação do condutor";"Colisão traseira";"Com Vítimas Feridas";"Plena Noite";"Decrescente";"Céu Claro";"Múltipla";"Aclive;Reta";"Sim";2;0;1;0;1;0;1;2;-27,56497574;-48,61438243;"SPRF-SC";"DEL01/SC";"UOP01-DEL01-SC"
767215;2026-04-24;"sexta-feira";"18:10:00";"PR";376;603;"CURITIBA";"Ausência de reação do condutor";"Colisão traseira";"Com Vítimas Feridas";"Anoitecer";"Crescente";"Nublado";"Dupla";"Reta";"Sim";2;0;1;0;1;0;1;2;-25,526764;-49,329537;"SPRF-PR";"DEL01/PR";"UOP03-DEL01-PR"
767216;2026-04-24;"sexta-feira";"18:45:00";"BA";116;27,2;"VITORIA DA CONQUISTA";"Reação tardia ou ineficiente do condutor";"Colisão lateral mesmo sentido";"Com Vítimas Feridas";"Plena Noite";"Crescente";"Nevoeiro/Neblina";"Simples";"Reta";"Não";3;0;1;0;2;0;1;2;-14,84626;-40,813248;"SPRF-BA";"DEL08/BA";"UOP01-DEL08-BA"
767217;2026-04-24;"sexta-feira";"16:40:00";"SP";116;53,2;"LORENA";"Manobra de mudança de faixa";"Colisão lateral mesmo sentido";"Com Vítimas Feridas";"Pleno dia";"Crescente";"Céu Claro";"Dupla";"Reta";"Não";2;0;0;1;1;0;1;2;-22,74612984;-45,09856975;"SPRF-SP";"DEL08/SP";"UOP02-DEL08-SP"
767218;2026-04-24;"sexta-feira";"18:15:00";"PR";369;410,9;"JURANDA";"Animais na Pista";"Colisão traseira";"Com Vítimas Feridas";"Anoitecer";"Crescente";"Céu Claro";"Simples";"Reta";"Não";3;0;1;0;2;0;1;2;-24,439127;-52,837866;"SPRF-PR";"DEL04/PR";"UOP03-DEL04-PR"
767219;2026-04-24;"sexta-feira";"07:20:00";"PR";369;508;"CASCAVEL";"Transitar na contramão";"Colisão frontal";"Com Vítimas Feridas";"Pleno dia";"Decrescente";"Céu Claro";"Dupla";"Curva;Aclive";"Não";2;0;2;0;0;0;2;2;-24,96542041;-53,40380073;"SPRF-PR";"DEL04/PR";"UOP01-DEL04-PR"
767220;2026-04-24;"sexta-feira";"20:00:00";"MG";267;89,5;"JUIZ DE FORA";"Acessar a via sem observar a presença dos outros veículos";"Colisão transversal";"Com Vítimas Feridas";"Plena Noite";"Decrescente";"Céu Claro";"Simples";"Curva;Interseção de Vias";"Sim";2;0;0;1;1;0;1;2;-21,7736761;-43,29241149;"SPRF-MG";"DEL05/MG";"UOP01-DEL05-MG"
767221;2026-04-24;"sexta-feira";"19:20:00";"MT";163;724;"SORRISO";"Avarias e/ou desgaste excessivo no pneu";"Colisão frontal";"Com Vítimas Feridas";"Plena Noite";"Decrescente";"Céu Claro";"Simples";"Reta";"Não";7;0;0;2;5;0;2;3;-12,76822446;-55,83550215;"SPRF-MT";"DEL06/MT";"UOP01-DEL06-MT"
767222;2026-04-24;"sexta-feira";"19:25:00";"RN";226;173,5;"CURRAIS NOVOS";"Animais na Pista";"Atropelamento de Animal";"Com Vítimas Feridas";"Plena Noite";"Crescente";"Céu Claro";"Simples";"Reta";"Não";2;0;1;0;1;0;1;2;-6,25599015;-36,48660555;"SPRF-RN";"DEL03-RN";"UOP02-DEL03-RN"
767223;2026-04-24;"sexta-feira";"15:30:00";"CE";116;18,7;"EUSEBIO";"Demais falhas mecânicas ou elétricas";"Tombamento";"Com Vítimas Feridas";"Pleno dia";"Decrescente";"Céu Claro";"Dupla";"Reta";"Sim";1;0;1;0;0;0;1;1;-3,91802133;-38,5068655;"SPRF-CE";"DEL01/CE";"UOP02-DEL01-CE"
767224;2026-04-24;"sexta-feira";"19:30:00";"PR";116;103,3;"SAO JOSE DOS PINHAIS";"Trafegar com motocicleta (ou similar) entre as faixas";"Colisão traseira";"Com Vítimas Feridas";"Plena Noite";"Crescente";"Céu Claro";"Dupla";"Reta";"Sim";2;0;1;0;1;0;1;2;-25,5705;-49,1916;"SPRF-PR";"DEL01/PR";"UOP08-DEL01-PR"
767226;2026-04-24;"sexta-feira";"18:50:00";"RS";285;198,7;"LAGOA VERMELHA";"Pedestre andava na pista";"Atropelamento de Pedestre";"Com Vítimas Fatais";"Plena Noite";"Crescente";"Chuva";"Dupla";"Interseção de Vias";"Sim";4;1;0;0;3;0;0;3;-28,204727;-51,521042;"SPRF-RS";"DEL08/RS";"UOP05-DEL08-RS"
767228;2026-04-24;"sexta-feira";"19:15:00";"SP";153;98,6;"JOSE BONIFACIO";"Condutor deixou de manter distância do veículo da frente";"Colisão traseira";"Com Vítimas Feridas";"Plena Noite";"Crescente";"Céu Claro";"Múltipla";"Reta";"Não";4;0;1;0;3;0;1;3;-20,99678182;-49,62741137;"SPRF-SP";"DEL09/SP";"UOP01-DEL09-SP"
767229;2026-04-24;"sexta-feira";"20:00:00";"ES";101;293,8;"CARIACICA";"Condutor deixou de manter distância do veículo da frente";"Colisão traseira";"Com Vítimas Feridas";"Plena Noite";"Crescente";"Céu Claro";"Múltipla";"Curva";"Sim";2;0;0;1;1;0;1;2;-20,31936192;-40,39641299;"SPRF-ES";"DEL01-ES";"UOP01-DEL01-ES"
767230;2026-04-24;"sexta-feira";"19:25:00";"MA";135;23,9;"SAO LUIS";"Acessar a via sem observar a presença dos outros veículos";"Colisão transversal";"Com Vítimas Feridas";"Plena Noite";"Decrescente";"Céu Claro";"Dupla";"Reta;Retorno Regulamentado";"Sim";2;0;0;1;1;0;1;2;-2,5512;-44,307163;"SPRF-MA";"DEL01-MA";"UOP01-DEL01-MA"
767231;2026-04-24;"sexta-feira";"18:45:00";"PR";277;670,1;"MEDIANEIRA";"Demais falhas mecânicas ou elétricas";"Engavetamento";"Com Vítimas Feridas";"Plena Noite";"Crescente";"Céu Claro";"Dupla";"Reta";"Sim";4;0;3;0;1;0;3;3;-25,271312;-54,063685;"SPRF-PR";"DEL05/PR";"UOP02-DEL05-PR"
767233;2026-04-24;"sexta-feira";"19:50:00";"BA";101;933,7;"MUCURI";"Acessar a via sem observar a presença dos outros veículos";"Colisão transversal";"Com Vítimas Feridas";"Plena Noite";"Decrescente";"Céu Claro";"Simples";"Reta";"Sim";6;0;1;1;4;0;2;2;-17,999662;-39,860688;"SPRF-BA";"DEL09/BA";"UOP02-DEL09-BA"
767234;2026-04-24;"sexta-feira";"21:10:00";"RN";101;82,4;"NATAL";"Acesso irregular";"Colisão transversal";"Com Vítimas Feridas";"Plena Noite";"Crescente";"Nublado";"Dupla";"Reta";"Sim";2;0;1;1;0;0;2;2;-5,769195;-35,271267;"SPRF-RN";"DEL02-RN";"UOP01-DEL02-RN"
767237;2026-03-27;"sexta-feira";"12:30:00";"RJ";116;181;"NOVA IGUACU";"Reação tardia ou ineficiente do condutor";"Engavetamento";"Sem Vítimas";"Pleno dia";"Crescente";"Céu Claro";"Dupla";"Reta";"Não";3;0;0;0;3;0;0;3;-22,75775167;-43,43046483;"SPRF-RJ";"DEL06/RJ";"UOP01-DEL06-RJ"
767238;2026-04-24;"sexta-feira";"21:40:00";"GO";414;435;"ANAPOLIS";"Ingestão de álcool pelo condutor";"Colisão transversal";"Com Vítimas Feridas";"Plena Noite";"Crescente";"Céu Claro";"Simples";"Aclive;Reta";"Não";2;0;1;0;1;0;1;2;-16,240889;-48,934296;"SPRF-GO";"DEL02/GO";"UOP01-DEL02-GO"
767240;2026-04-24;"sexta-feira";"21:30:00";"SC";280;127,8;"RIO NEGRINHO";"Acessar a via sem observar a presença dos outros veículos";"Colisão lateral mesmo sentido";"Com Vítimas Feridas";"Plena Noite";"Decrescente";"Céu Claro";"Simples";"Reta;Interseção de Vias";"Sim";2;0;1;0;0;1;1;2;-26,242468;-49,51234;"SPRF-SC";"DEL06/SC";"UOP03-DEL06-SC"
767241;2026-04-24;"sexta-feira";"22:00:00";"MG";381;495;"BETIM";"Reação tardia ou ineficiente do condutor";"Colisão com objeto";"Com Vítimas Feridas";"Plena Noite";"Decrescente";"Ignorado";"Dupla";"Aclive";"Sim";1;0;1;0;0;0;1;1;-19,96656;-44,178498;"SPRF-MG";"DEL01/MG";"UOP03-DEL01-MG"
767242;2026-04-24;"sexta-feira";"15:22:00";"PE";232;39;"VITORIA DE SANTO ANTAO";"Ausência de reação do condutor";"Engavetamento";"Com Vítimas Feridas";"Pleno dia";"Crescente";"Céu Claro";"Dupla";"Curva;Declive";"Não";6;0;0;1;5;0;1;3;-8,11727847;-35,23407396;"SPRF-PE";"DEL02/PE";"UOP02-DEL02PE"
767243;2026-04-24;"sexta-feira";"15:45:00";"RO";364;971,8;"PORTO VELHO";"Condutor deixou de manter distância do veículo da frente";"Colisão traseira";"Com Vítimas Feridas";"Pleno dia";"Crescente";"Céu Claro";"Simples";"Reta";"Sim";2;0;0;1;0;1;1;2;-9,65911;-65,740478;"SPRF-RO";"DEL01-RO";"UOP03-DEL01-RO"
767244;2026-04-24;"sexta-feira";"22:15:00";"PR";376;3;"APUCARANA";"Ausência de reação do condutor";"Colisão transversal";"Com Vítimas Feridas";"Plena Noite";"Crescente";"Céu Claro";"Simples";"Reta";"Sim";2;0;1;0;1;0;1;2;-23,55732429;-51,44201696;"SPRF-PR";"DEL07/PR";"UOP03-DEL07-PR"
767245;2026-04-24;"sexta-feira";"22:50:00";"SC";282;20,3;"PALHOCA";"Reação tardia ou ineficiente do condutor";"Tombamento";"Com Vítimas Feridas";"Plena Noite";"Crescente";"Céu Claro";"Simples";"Aclive;Reta";"Sim";1;0;0;1;0;0;1;1;-27,68555;-48,71263;"SPRF-SC";"DEL01/SC";"UOP02-DEL01-SC"
767246;2026-04-24;"sexta-feira";"22:30:00";"RS";116;253;"SAPUCAIA DO SUL";"Condutor deixou de manter distância do veículo da frente";"Colisão traseira";"Com Vítimas Feridas";"Plena Noite";"Crescente";"Chuva";"Dupla";"Reta";"Sim";3;0;2;0;1;0;2;2;-29,82511717;-51,17217064;"SPRF-RS";"DEL01/RS";"UOP02-DEL01-RS"
767247;2026-04-24;"sexta-feira";"22:55:00";"RS";293;172;"BAGE";"Ausência de reação do condutor";"Saída de leito carroçável";"Com Vítimas Feridas";"Plena Noite";"Decrescente";"Céu Claro";"Simples";"Reta";"Não";2;0;1;0;1;0;1;1;-31,3341526;-53,973743;"SPRF-RS";"DEL11/RS";"UOP03-DEL11-RS"
767248;2026-04-24;"sexta-feira";"22:40:00";"SP";116;217;"GUARULHOS";"Ausência de reação do condutor";"Colisão lateral mesmo sentido";"Com Vítimas Feridas";"Plena Noite";"Decrescente";"Nublado";"Múltipla";"Reta";"Sim";2;0;1;1;0;0;2;2;-23,45505238;-46,47330372;"SPRF-SP";"DEL01/SP";"UOP01-DEL01-SP"
767249;2026-04-24;"sexta-feira";"19:00:00";"MT";163;1058;"GUARANTA DO NORTE";"Ultrapassagem Indevida";"Colisão frontal";"Com Vítimas Feridas";"Plena Noite";"Crescente";"Céu Claro";"Simples";"Declive;Reta";"Não";5;0;1;1;3;0;2;3;-10,01408746;-54,90841337;"SPRF-MT";"DEL06/MT";"UOP03-DEL06-MT"
767250;2026-04-24;"sexta-feira";"22:30:00";"RS";290;109;"ELDORADO DO SUL";"Chuva";"Colisão com objeto";"Sem Vítimas";"Plena Noite";"Decrescente";"Céu Claro";"Dupla";"Reta";"Não";1;0;0;0;0;1;0;1;-30,00573585;-51,31237356;"SPRF-RS";"DEL02/RS";"UOP01-DEL02-RS"
767251;2026-04-24;"sexta-feira";"23:35:00";"PR";369;52;"BANDEIRANTES";"Reação tardia ou ineficiente do condutor";"Colisão traseira";"Com Vítimas Feridas";"Plena Noite";"Crescente";"Céu Claro";"Simples";"Reta";"Sim";2;0;1;0;1;0;1;2;-23,10964;-50,370804;"SPRF-PR";"DEL07/PR";"UOP05-DEL07-PR"
767252;2026-04-24;"sexta-feira";"23:45:00";"PA";316;56;"CASTANHAL";"Ausência de reação do condutor";"Saída de leito carroçável";"Sem Vítimas";"Plena Noite";"Crescente";"Garoa/Chuvisco";"Dupla";"Reta;Declive";"Não";1;0;0;0;1;0;0;1;-1,302817;-47,991214;"SPRF-PA";"DEL01/PA";"UOP01-DEL01-PA"
767253;2026-04-24;"sexta-feira";"23:20:00";"BA";407;4;"JUAZEIRO";"Transitar na contramão";"Colisão lateral sentido oposto";"Com Vítimas Feridas";"Plena Noite";"Crescente";"Céu Claro";"Simples";"Reta";"Sim";3;0;0;1;2;0;1;3;-9,446032;-40,4912044;"SPRF-PE";"DEL06/PE";"UOP01-DEL06-PE"
767255;2026-04-24;"sexta-feira";"23:40:00";"GO";60;376;"RIO VERDE";"Entrada inopinada do pedestre";"Atropelamento de Pedestre";"Com Vítimas Feridas";"Plena Noite";"Crescente";"Céu Claro";"Dupla";"Reta";"Não";3;0;0;1;2;0;1;2;-17,75093;-50,877268;"SPRF-GO";"DEL04/GO";"UOP02-DEL04-GO"
767257;2026-04-25;"sábado";"00:10:00";"PR";373;175,2;"PONTA GROSSA";"Ausência de reação do condutor";"Saída de leito carroçável";"Com Vítimas Feridas";"Plena Noite";"Crescente";"Céu Claro";"Dupla";"Reta";"Sim";1;0;1;0;0;0;1;1;-25,06872398;-50,21161644;"SPRF-PR";"DEL03/PR";"UOP01-DEL03-PR"
767258;2026-04-24;"sexta-feira";"23:30:00";"PR";376;136,8;"NOVA ESPERANCA";"Condutor Dormindo";"Saída de leito carroçável";"Com Vítimas Feridas";"Plena Noite";"Decrescente";"Céu Claro";"Dupla";"Curva";"Não";1;0;1;0;0;0;1;1;-23,207487;-52,193049;"SPRF-PR";"DEL09/PR";"UOP02-DEL09-PR"
767259;2026-04-25;"sábado";"00:01:00";"PR";373;259;"PRUDENTOPOLIS";"Ausência de reação do condutor";"Queda de ocupante de veículo";"Com Vítimas Feridas";"Plena Noite";"Decrescente";"Céu Claro";"Simples";"Curva";"Não";1;0;1;0;0;0;1;1;-25,207823;-50,938627;"SPRF-PR";"DEL08/PR";"UOP01-DEL08-PR"
767260;2026-04-24;"sexta-feira";"23:35:00";"PE";428;160;"PETROLINA";"Reação tardia ou ineficiente do condutor";"Colisão traseira";"Com Vítimas Feridas";"Plena Noite";"Crescente";"Céu Claro";"Simples";"Reta";"Não";2;0;1;0;0;1;1;2;-9,157992;-40,363283;"SPRF-PE";"DEL06/PE";"UOP01-DEL06-PE"
767262;2026-04-25;"sábado";"00:20:00";"PR";277;78,7;"CURITIBA";"Reação tardia ou ineficiente do condutor";"Tombamento";"Com Vítimas Feridas";"Plena Noite";"Decrescente";"Céu Claro";"Dupla";"Aclive;Reta;Viaduto";"Sim";2;0;1;0;0;1;1;2;-25,479053;-49,200983;"SPRF-PR";"DEL01/PR";"UOP08-DEL01-PR"
767264;2026-04-25;"sábado";"01:58:00";"GO";40;2;"VALPARAISO DE GOIAS";"Condutor deixou de manter distância do veículo da frente";"Colisão traseira";"Com Vítimas Feridas";"Plena Noite";"Crescente";"Céu Claro";"Dupla";"Reta";"Sim";3;0;1;0;1;1;1;2;-16,065336;-47,983538;"SPRF-DF";"DEL01-DF";"UOP01-DEL01-DF"
767266;2026-04-25;"sábado";"02:40:00";"PR";277;349;"GUARAPUAVA";"Ingestão de álcool pelo condutor";"Saída de leito carroçável";"Com Vítimas Feridas";"Plena Noite";"Decrescente";"Céu Claro";"Dupla";"Reta";"Sim";2;0;1;0;1;0;1;1;-25,3658792;-51,4770896;"SPRF-PR";"DEL08/PR";"UOP01-DEL08-PR"
767268;2026-04-25;"sábado";"04:30:00";"RS";386;360,4;"ESTRELA";"Ingestão de álcool pelo condutor";"Saída de leito carroçável";"Sem Vítimas";"Plena Noite";"Crescente";"Nublado";"Dupla";"Retorno Regulamentado;Reta";"Não";3;0;0;0;3;0;0;1;-29,551052;-51,904589;"SPRF-RS";"DEL04/RS";"UOP01-DEL04-RS"
767269;2026-04-25;"sábado";"04:20:00";"GO";60;208,6;"GUAPO";"Ausência de sinalização";"Colisão traseira";"Com Vítimas Feridas";"Plena Noite";"Decrescente";"Céu Claro";"Dupla";"Aclive;Reta";"Não";2;0;2;0;0;0;2;2;-16,946557;-49,67368;"SPRF-GO";"DEL01/GO";"UOP02-DEL01-GO"
767270;2026-04-25;"sábado";"02:39:00";"MT";364;152;"PEDRA PRETA";"Reação tardia ou ineficiente do condutor";"Saída de leito carroçável";"Com Vítimas Feridas";"Plena Noite";"Decrescente";"Céu Claro";"Simples";"Reta";"Não";3;0;2;0;1;0;2;1;-16,72398092;-54,26420475;"SPRF-MT";"DEL02/MT";"UOP01-DEL02-MT"
767271;2026-04-25;"sábado";"00:20:00";"PI";135;511;"GILBUES";"Animais na Pista";"Atropelamento de Animal";"Com Vítimas Fatais";"Plena Noite";"Decrescente";"Céu Claro";"Simples";"Reta";"Não";1;1;0;0;0;0;0;1;-9,80977;-45,328646;"SPRF-PI";"DEL03-PI";"UOP02-DEL03-PI"
767273;2026-04-25;"sábado";"05:10:00";"MG";381;498;"BETIM";"Demais falhas mecânicas ou elétricas";"Colisão traseira";"Sem Vítimas";"Amanhecer";"Decrescente";"Céu Claro";"Múltipla";"Declive;Reta";"Sim";2;0;0;0;2;0;0;2;-19,99157872;-44,20649529;"SPRF-MG";"DEL01/MG";"UOP03-DEL01-MG"
767275;2026-04-24;"sexta-feira";"19:00:00";"PR";369;140;"IBIPORA";"Condutor deixou de manter distância do veículo da frente";"Colisão lateral mesmo sentido";"Com Vítimas Feridas";"Plena Noite";"Decrescente";"Céu Claro";"Dupla";"Aclive;Reta";"Sim";2;0;1;0;1;0;1;2;-23,28471959;-51,07341019;"SPRF-PR";"DEL07/PR";"UOP01-DEL07-PR"
767277;2026-04-25;"sábado";"05:30:00";"PR";369;180;"ROLANDIA";"Ausência de reação do condutor";"Queda de ocupante de veículo";"Com Vítimas Feridas";"Amanhecer";"Decrescente";"Céu Claro";"Dupla";"Reta";"Sim";1;0;0;1;0;0;1;1;-23,35572;-51,3934633;"SPRF-PR";"DEL07/PR";"UOP03-DEL07-PR"