"id";"data_inversa";"dia_semana";"horario";"uf";"br";"km";"municipio";"causa_acidente";"tipo_acidente";"classificacao_acidente";"fase_dia";"sentido_via";"condicao_metereologica";"tipo_pista";"tracado_via";"uso_solo";"pessoas";"mortos";"feridos_leves";"feridos_graves";"ilesos";"ignorados";"feridos";"veiculos";"latitude";"longitude";"regional";"delegacia";"uop"
767495;2026-04-26;"domingo";"08:40:00";"PR";376;519;"PONTA GROSSA";"Reação tardia ou ineficiente do condutor";"Saída de leito carroçável";"Com Vítimas Feridas";"Pleno dia";"Decrescente";"Garoa/Chuvisco";"Dupla";"Curva;Declive";"Não";4;0;1;0;2;1;1;2;-25,26988889;-49,93875;"SPRF-PR";"DEL03/PR";"UOP03-DEL03-PR"
767496;2026-04-26;"domingo";"08:30:00";"DF";20;22;"BRASILIA";"Chuva";"Atropelamento de Pedestre";"Com Vítimas Fatais";"Pleno dia";"Crescente";"Chuva";"Dupla";"Desvio Temporário;Curva;Em Obras";"Sim";4;1;0;0;3;0;0;2;-15,59806177;-47,67477393;"SPRF-DF";"DEL02-DF";"UOP01-DEL02-DF"
767498;2026-04-25;"sábado";"23:13:00";"RJ";40;121;"DUQUE DE CAXIAS";"Reação tardia ou ineficiente do condutor";"Colisão lateral mesmo sentido";"Com Vítimas Feridas";"Plena Noite";"Decrescente";"Céu Claro";"Múltipla";"Reta";"Sim";2;0;1;0;1;0;1;2;-22,78378963;-43,2852749;"SPRF-RJ";"DEL01/RJ";"UOP02-DEL01-RJ"
767499;2026-04-26;"domingo";"08:00:00";"BA";116;748;"POCOES";"Pedestre andava na pista";"Atropelamento de Pedestre";"Com Vítimas Fatais";"Pleno dia";"Crescente";"Céu Claro";"Simples";"Reta";"Não";2;1;0;0;0;1;0;2;-14,48756127;-40,34083748;"SPRF-BA";"DEL08/BA";"UOP02-DEL08-BA"
767500;2026-04-26;"domingo";"10:10:00";"PR";277;252,3;"IRATI";"Ausência de reação do condutor";"Saída de leito carroçável";"Sem Vítimas";"Pleno dia";"Decrescente";"Garoa/Chuvisco";"Simples";"Reta";"Não";1;0;0;0;1;0;0;1;-25,443953;-50,681862;"SPRF-PR";"DEL08/PR";"UOP02-DEL08-PR"
767501;2026-02-09;"segunda-feira";"18:10:00";"SC";470;122,7;"IBIRAMA";"Reação tardia ou ineficiente do condutor";"Colisão lateral mesmo sentido";"Com Vítimas Feridas";"Pleno dia";"Crescente";"Céu Claro";"Simples";"Curva";"Não";6;0;2;1;0;3;3;3;-27,10447595;-49,52410048;"SPRF-SC";"DEL04/SC";"UOP02-DEL04-SC"
767502;2026-04-26;"domingo";"08:00:00";"PR";373;463,4;"CORONEL VIVIDA";"Ultrapassagem Indevida";"Colisão frontal";"Com Vítimas Fatais";"Amanhecer";"Crescente";"Garoa/Chuvisco";"Simples";"Curva";"Não";4;1;2;0;0;1;2;3;-25,96151;-52,42434;"SPRF-PR";"DEL02/PR";"UOP01-DEL02-PR"
767503;2026-04-26;"domingo";"10:00:00";"MG";262;361;"JUATUBA";"Ausência de reação do condutor";"Colisão traseira";"Com Vítimas Feridas";"Pleno dia";"Decrescente";"Céu Claro";"Dupla";"Curva";"Sim";3;0;1;0;2;0;1;2;-19,97366594;-44,31742642;"SPRF-MG";"DEL01/MG";"UOP03-DEL01-MG"
767504;2026-04-26;"domingo";"08:45:00";"SC";470;22;"ILHOTA";"Velocidade Incompatível";"Colisão com objeto";"Com Vítimas Feridas";"Pleno dia";"Decrescente";"Chuva";"Dupla";"Curva";"Não";1;0;1;0;0;0;1;1;-26,88074556;-48,83924659;"SPRF-SC";"DEL04/SC";"UOP04-DEL04-SC"
767506;2026-04-22;"quarta-feira";"16:30:00";"RJ";101;532;"ANGRA DOS REIS";"Ausência de reação do condutor";"Colisão traseira";"Sem Vítimas";"Anoitecer";"Crescente";"Céu Claro";"Simples";"Reta";"Não";2;0;0;0;2;0;0;2;-23,00385494;-44,46140639;"SPRF-RJ";"DEL03/RJ";"UOP03-DEL03-RJ"
767507;2026-04-26;"domingo";"07:50:00";"MT";163;807;"SINOP";"Afundamento ou ondulação no pavimento";"Queda de ocupante de veículo";"Com Vítimas Feridas";"Pleno dia";"Decrescente";"Céu Claro";"Simples";"Reta";"Não";1;0;1;0;0;0;1;1;-12,12076895;-55,51614258;"SPRF-MT";"DEL06/MT";"UOP02-DEL06-MT"
767508;2026-04-26;"domingo";"10:50:00";"PE";316;25;"ARARIPINA";"Desrespeitar a preferência no cruzamento";"Colisão transversal";"Com Vítimas Feridas";"Pleno dia";"Crescente";"Céu Claro";"Simples";"Reta";"Sim";3;0;0;2;1;0;2;2;-7,593093;-40,494583;"SPRF-PE";"DEL05/PE";"UOP02-DEL05-PE"
767509;2026-04-26;"domingo";"10:06:00";"SC";101;201,2;"SAO JOSE";"Velocidade Incompatível";"Colisão lateral mesmo sentido";"Com Vítimas Feridas";"Pleno dia";"Decrescente";"Chuva";"Múltipla";"Reta";"Não";3;0;0;2;1;0;2;2;-27,55224977;-48,61926019;"SPRF-SC";"DEL01/SC";"UOP01-DEL01-SC"
767512;2026-04-26;"domingo";"01:30:00";"PR";158;399,7;"LARANJEIRAS DO SUL";"Velocidade Incompatível";"Saída de leito carroçável";"Com Vítimas Fatais";"Plena Noite";"Crescente";"Céu Claro";"Simples";"Reta;Declive";"Não";1;1;0;0;0;0;0;1;-25,33601;-52,35921;"SPRF-PR";"DEL04/PR";"UOP02-DEL04-PR"
767514;2026-04-26;"domingo";"09:50:00";"PE";101;49;"ABREU E LIMA";"Condutor deixou de manter distância do veículo da frente";"Colisão traseira";"Sem Vítimas";"Pleno dia";"Crescente";"Sol";"Múltipla";"Curva";"Sim";2;0;0;0;1;1;0;2;-7,89998;-34,90242;"SPRF-PE";"DEL01/PE";"UOP02-DEL01-PE"
767516;2026-04-26;"domingo";"11:50:00";"ES";262;66,7;"MARECHAL FLORIANO";"Avarias e/ou desgaste excessivo no pneu";"Tombamento";"Com Vítimas Feridas";"Pleno dia";"Decrescente";"Sol";"Simples";"Curva";"Não";2;0;1;1;0;0;2;1;-20,41414927;-40,83751764;"SPRF-ES";"DEL01-ES";"UOP02-DEL01-ES"
767518;2026-04-26;"domingo";"02:00:00";"ES";101;48,6;"CONCEICAO DA BARRA";"Reação tardia ou ineficiente do condutor";"Saída de leito carroçável";"Com Vítimas Feridas";"Plena Noite";"Decrescente";"Céu Claro";"Simples";"Reta";"Não";1;0;1;0;0;0;1;1;-18,588258;-39,891571;"SPRF-ES";"DEL04-ES";"UOP02-DEL04-ES"
767519;2026-04-26;"domingo";"09:50:00";"RN";304;48,3;"MOSSORO";"Acesso irregular";"Colisão transversal";"Com Vítimas Fatais";"Pleno dia";"Crescente";"Céu Claro";"Múltipla";"Reta;Rotatória";"Sim";3;1;0;0;2;0;0;2;-5,23093279;-37,32089996;"SPRF-RN";"DEL04-RN";"UOP01-DEL04-RN"
767520;2026-03-27;"sexta-feira";"23:00:00";"BA";324;0;"FEIRA DE SANTANA";"Reação tardia ou ineficiente do condutor";"Colisão transversal";"Com Vítimas Feridas";"Plena Noite";"Crescente";"Céu Claro";"Dupla";"Reta";"Sim";2;0;1;0;1;0;1;2;-12,27132895;-38,93542735;"SPRF-BA";"DEL02/BA";"UOP01-DEL02-BA"
767522;2026-04-26;"domingo";"11:45:00";"AL";101;187;"JUNQUEIRO";"Condutor deixou de manter distância do veículo da frente";"Colisão traseira";"Sem Vítimas";"Pleno dia";"Crescente";"Céu Claro";"Dupla";"Reta";"Não";6;0;0;0;6;0;0;2;-9,897101;-36,459301;"SPRF-AL";"DEL02-AL";"UOP02-DEL02-AL"
767523;2026-04-26;"domingo";"10:30:00";"RJ";465;10;"SEROPEDICA";"Ausência de reação do condutor";"Queda de ocupante de veículo";"Com Vítimas Feridas";"Pleno dia";"Decrescente";"Céu Claro";"Simples";"Reta;Interseção de Vias";"Não";2;0;1;0;1;0;1;1;-22,77767172;-43,66255313;"SPRF-RJ";"DEL06/RJ";"UOP02-DEL06-RJ"
767525;2026-04-26;"domingo";"11:15:00";"PR";373;258;"PRUDENTOPOLIS";"Chuva";"Saída de leito carroçável";"Com Vítimas Feridas";"Pleno dia";"Crescente";"Chuva";"Simples";"Curva";"Não";4;0;2;0;2;0;2;1;-25,19975;-50,927182;"SPRF-PR";"DEL08/PR";"UOP01-DEL08-PR"
767526;2026-04-26;"domingo";"11:30:00";"SC";282;547,4;"CHAPECO";"Acessar a via sem observar a presença dos outros veículos";"Colisão transversal";"Sem Vítimas";"Pleno dia";"Crescente";"Nublado";"Simples";"Interseção de Vias";"Não";2;0;0;0;1;1;0;2;-26,9741643;-52,7445376;"SPRF-SC";"DEL07/SC";"UOP01-DEL07-SC"
767529;2026-04-26;"domingo";"12:00:00";"RJ";101;74;"CAMPOS DOS GOYTACAZES";"Ingestão de álcool pelo condutor";"Colisão transversal";"Sem Vítimas";"Pleno dia";"Crescente";"Céu Claro";"Simples";"Reta";"Sim";3;0;0;0;3;0;0;3;-21,813279;-41,396811;"SPRF-RJ";"DEL08/RJ";"UOP02-DEL08-RJ"
767530;2026-04-26;"domingo";"10:20:00";"MG";262;785;"UBERABA";"Avarias e/ou desgaste excessivo no pneu";"Tombamento";"Com Vítimas Feridas";"Pleno dia";"Decrescente";"Céu Claro";"Dupla";"Reta";"Sim";2;0;1;1;0;0;2;1;-19,76980225;-47,90100988;"SPRF-MG";"DEL13/MG";"UOP01-DEL13-MG"
767531;2026-04-26;"domingo";"12:50:00";"PR";376;626,7;"SAO JOSE DOS PINHAIS";"Reação tardia ou ineficiente do condutor";"Colisão com objeto";"Com Vítimas Feridas";"Pleno dia";"Crescente";"Garoa/Chuvisco";"Múltipla";"Reta";"Sim";2;0;1;0;1;0;1;1;-25,674889;-49,151508;"SPRF-PR";"DEL01/PR";"UOP04-DEL01-PR"
767532;2026-04-26;"domingo";"13:16:00";"RN";226;0;"NATAL";"Condutor deixou de manter distância do veículo da frente";"Colisão lateral mesmo sentido";"Com Vítimas Feridas";"Pleno dia";"Crescente";"Céu Claro";"Simples";"Reta";"Sim";2;0;1;0;1;0;1;2;-5,801348;-35,23827;"SPRF-RN";"DEL01-RN";"UOP02-DEL01-RN"
767533;2026-04-26;"domingo";"12:25:00";"RJ";40;106;"DUQUE DE CAXIAS";"Afundamento ou ondulação no pavimento";"Tombamento";"Com Vítimas Feridas";"Pleno dia";"Decrescente";"Céu Claro";"Dupla";"Reta";"Sim";1;0;0;1;0;0;1;1;-22,6550397;-43,2840493;"SPRF-RJ";"DEL01/RJ";"UOP02-DEL01-RJ"
767534;2026-04-26;"domingo";"13:34:00";"PE";232;5,5;"RECIFE";"Trafegar com motocicleta (ou similar) entre as faixas";"Colisão traseira";"Com Vítimas Feridas";"Pleno dia";"Decrescente";"Céu Claro";"Múltipla";"Reta";"Sim";2;0;0;1;1;0;1;2;-8,07157;-34,95515;"SPRF-PE";"DEL01/PE";"UOP01-DEL01-PE"
767535;2026-04-26;"domingo";"11:30:00";"PR";163;172,9;"LINDOESTE";"Chuva";"Colisão com objeto";"Com Vítimas Feridas";"Pleno dia";"Decrescente";"Chuva";"Dupla";"Curva";"Não";2;0;1;0;1;0;1;1;-25,21719121;-53,5955143;"SPRF-PR";"DEL05/PR";"UOP05-DEL05-PR"
767538;2026-04-26;"domingo";"13:50:00";"MG";116;276;"TEOFILO OTONI";"Acessar a via sem observar a presença dos outros veículos";"Colisão transversal";"Com Vítimas Feridas";"Pleno dia";"Crescente";"Céu Claro";"Simples";"Reta";"Sim";2;0;1;0;1;0;1;2;-17,85121703;-41,51472688;"SPRF-MG";"DEL11/MG";"UOP01-DEL11-MG"
767539;2026-04-26;"domingo";"13:15:00";"MA";316;271,8;"BELA VISTA DO MARANHAO";"Pedestre cruzava a pista fora da faixa";"Atropelamento de Pedestre";"Com Vítimas Feridas";"Pleno dia";"Decrescente";"Céu Claro";"Simples";"Reta";"Não";4;0;2;0;1;1;2;2;-3,708259;-45,30397;"SPRF-MA";"DEL02-MA";"UOP01-DEL02-MA"
767540;2026-04-26;"domingo";"14:00:00";"RJ";116;180;"MESQUITA";"Ultrapassagem Indevida";"Colisão lateral mesmo sentido";"Com Vítimas Feridas";"Pleno dia";"Decrescente";"Céu Claro";"Dupla";"Viaduto;Declive;Reta";"Sim";3;0;1;1;1;0;2;2;-22,76822203;-43,41079887;"SPRF-RJ";"DEL06/RJ";"UOP01-DEL06-RJ"
767541;2026-04-26;"domingo";"14:00:00";"PB";230;138,6;"MASSARANDUBA";"Demais falhas na via";"Colisão traseira";"Com Vítimas Feridas";"Pleno dia";"Crescente";"Céu Claro";"Dupla";"Reta;Em Obras";"Não";2;0;1;0;1;0;1;2;-7,269229;-35,791407;"SPRF-PB";"DEL02-PB";"UOP01-DEL02-PB"
767542;2026-04-26;"domingo";"13:35:00";"MG";381;447,6;"BELO HORIZONTE";"Retorno proibido";"Colisão transversal";"Com Vítimas Feridas";"Pleno dia";"Decrescente";"Céu Claro";"Simples";"Reta";"Sim";3;0;0;1;1;1;1;3;-19,83958937;-43,877376;"SPRF-MG";"DEL01/MG";"UOP01-DEL01-MG"
767544;2026-04-26;"domingo";"14:10:00";"MG";40;529;"CONTAGEM";"Condutor deixou de manter distância do veículo da frente";"Colisão traseira";"Com Vítimas Feridas";"Pleno dia";"Crescente";"Céu Claro";"Dupla";"Reta";"Sim";3;0;1;0;2;0;1;2;-19,919888;-44,03169;"SPRF-MG";"DEL01/MG";"UOP02-DEL01-MG"
767546;2026-04-26;"domingo";"12:30:00";"BA";116;6,5;"VITORIA DA CONQUISTA";"Acessar a via sem observar a presença dos outros veículos";"Colisão transversal";"Com Vítimas Feridas";"Pleno dia";"Decrescente";"Céu Claro";"Simples";"Reta";"Sim";2;0;0;1;1;0;1;2;-14,83249281;-40,88697034;"SPRF-BA";"DEL08/BA";"UOP01-DEL08-BA"
767547;2026-04-26;"domingo";"14:10:00";"SC";282;556;"NOVA ITABERABA";"Ingestão de álcool pelo condutor";"Colisão com objeto";"Sem Vítimas";"Pleno dia";"Decrescente";"Nublado";"Simples";"Curva;Retorno Regulamentado";"Não";1;0;0;0;1;0;0;1;-26,9339432;-52,8118035;"SPRF-SC";"DEL07/SC";"UOP01-DEL07-SC"
767548;2026-04-26;"domingo";"14:15:00";"MG";262;426,8;"NOVA SERRANA";"Ausência de reação do condutor";"Colisão lateral mesmo sentido";"Com Vítimas Feridas";"Pleno dia";"Decrescente";"Céu Claro";"Dupla";"Curva";"Não";2;0;0;1;0;1;1;2;-19,89327;-44,87722;"SPRF-MG";"DEL08/MG";"UOP03-DEL08-MG"
767549;2026-04-26;"domingo";"14:25:00";"PE";232;17,1;"JABOATAO DOS GUARARAPES";"Pedestre cruzava a pista fora da faixa";"Atropelamento de Pedestre";"Com Vítimas Fatais";"Pleno dia";"Decrescente";"Nublado";"Dupla";"Reta";"Sim";2;1;0;0;1;0;0;2;-8,09633;-35,04676;"SPRF-PE";"DEL01/PE";"UOP01-DEL01-PE"
767550;2026-04-26;"domingo";"14:10:00";"RS";285;127,7;"VACARIA";"Acessar a via sem observar a presença dos outros veículos";"Colisão transversal";"Com Vítimas Feridas";"Pleno dia";"Crescente";"Céu Claro";"Simples";"Curva";"Sim";6;0;1;0;5;0;1;2;-28,46434;-50,97643;"SPRF-RS";"DEL05/RS";"UOP03-DEL05-RS"
767551;2026-04-26;"domingo";"14:20:00";"SC";280;19,7;"ARAQUARI";"Avarias e/ou desgaste excessivo no pneu";"Tombamento";"Com Vítimas Feridas";"Pleno dia";"Crescente";"Nublado";"Simples";"Reta";"Não";2;0;2;0;0;0;2;1;-26,369692;-48,679592;"SPRF-SC";"DEL03/SC";"UOP03-DEL03-SC"
767554;2026-04-26;"domingo";"14:50:00";"SP";101;48,9;"UBATUBA";"Conversão proibida";"Colisão transversal";"Com Vítimas Feridas";"Pleno dia";"Crescente";"Céu Claro";"Simples";"Reta";"Sim";3;0;3;0;0;0;3;2;-23,44481277;-45,08312629;"SPRF-SP";"DEL06/SP";"UOP01-DEL06-SP"
767555;2026-04-26;"domingo";"14:40:00";"SP";101;43,2;"UBATUBA";"Ausência de reação do condutor";"Queda de ocupante de veículo";"Com Vítimas Feridas";"Pleno dia";"Decrescente";"Céu Claro";"Simples";"Rotatória";"Não";2;0;2;0;0;0;2;1;-23,40971432;-45,05924597;"SPRF-SP";"DEL06/SP";"UOP01-DEL06-SP"
767556;2026-04-26;"domingo";"13:45:00";"MS";163;475,5;"CAMPO GRANDE";"Acessar a via sem observar a presença dos outros veículos";"Colisão transversal";"Com Vítimas Feridas";"Pleno dia";"Crescente";"Céu Claro";"Simples";"Reta;Em Obras";"Sim";9;0;2;0;7;0;2;2;-20,517222;-54,565513;"SPRF-MS";"DEL01/MS";"UOP01-DEL01-MS"
767557;2026-04-26;"domingo";"13:20:00";"GO";153;561;"PROFESSOR JAMIL";"Condutor usando celular";"Saída de leito carroçável";"Sem Vítimas";"Pleno dia";"Decrescente";"Céu Claro";"Dupla";"Reta";"Não";1;0;0;0;1;0;0;1;-17,35063838;-49,25170898;"SPRF-GO";"DEL03/GO";"UOP01-DEL03-GO"
767558;2026-04-26;"domingo";"15:15:00";"PR";277;586,9;"CASCAVEL";"Reação tardia ou ineficiente do condutor";"Tombamento";"Com Vítimas Feridas";"Pleno dia";"Crescente";"Chuva";"Múltipla";"Interseção de Vias";"Sim";1;0;1;0;0;0;1;1;-24,9643116;-53,40634346;"SPRF-PR";"DEL04/PR";"UOP01-DEL04-PR"
767560;2026-04-26;"domingo";"15:00:00";"SP";459;5;"PIQUETE";"Ausência de reação do condutor";"Colisão com objeto";"Com Vítimas Feridas";"Pleno dia";"Decrescente";"Céu Claro";"Simples";"Curva";"Não";2;0;1;0;1;0;1;1;-22,577555;-45,204477;"SPRF-SP";"DEL08/SP";"UOP02-DEL08-SP"
767561;2026-04-26;"domingo";"14:50:00";"GO";40;2,9;"VALPARAISO DE GOIAS";"Acessar a via sem observar a presença dos outros veículos";"Colisão lateral mesmo sentido";"Com Vítimas Feridas";"Pleno dia";"Crescente";"Céu Claro";"Dupla";"Reta;Retorno Regulamentado;Interseção de Vias";"Sim";3;0;2;1;0;0;3;2;-16,075046;-47,985598;"SPRF-DF";"DEL01-DF";"UOP01-DEL01-DF"
767562;2026-04-26;"domingo";"15:50:00";"CE";116;31;"AQUIRAZ";"Reação tardia ou ineficiente do condutor";"Queda de ocupante de veículo";"Com Vítimas Feridas";"Pleno dia";"Crescente";"Céu Claro";"Múltipla";"Reta";"Sim";1;0;1;0;0;0;1;1;-4,023057;-38,518199;"SPRF-CE";"DEL01/CE";"UOP02-DEL01-CE"
767563;2026-04-26;"domingo";"11:40:00";"RJ";116;116;"MAGE";"Velocidade Incompatível";"Colisão traseira";"Com Vítimas Feridas";"Pleno dia";"Crescente";"Céu Claro";"Dupla";"Reta";"Não";2;0;0;1;1;0;1;2;-22,58562495;-43,01683688;"SPRF-RJ";"DEL04/RJ";"UOP02-DEL04-RJ"
767564;2026-04-26;"domingo";"15:10:00";"GO";70;7,8;"AGUAS LINDAS DE GOIAS";"Estacionar ou parar em local proibido";"Colisão traseira";"Com Vítimas Feridas";"Pleno dia";"Crescente";"Céu Claro";"Dupla";"Curva";"Sim";2;0;1;0;1;0;1;2;-15,735233;-48,279163;"SPRF-DF";"DEL03-DF";"UOP02-DEL03-DF"
767565;2026-04-26;"domingo";"13:15:00";"RJ";101;66;"CAMPOS DOS GOYTACAZES";"Desrespeitar a preferência no cruzamento";"Colisão lateral mesmo sentido";"Com Vítimas Feridas";"Pleno dia";"Decrescente";"Céu Claro";"Múltipla";"Curva;Rotatória";"Sim";3;0;2;0;1;0;2;2;-21,76602626;-41,34528637;"SPRF-RJ";"DEL08/RJ";"UOP02-DEL08-RJ"
767566;2026-04-26;"domingo";"15:30:00";"SC";282;5,7;"SAO JOSE";"Objeto estático sobre o leito carroçável";"Colisão lateral mesmo sentido";"Com Vítimas Feridas";"Pleno dia";"Crescente";"Nublado";"Dupla";"Curva";"Sim";4;0;0;1;2;1;1;3;-27,582917;-48,615187;"SPRF-SC";"DEL01/SC";"UOP01-DEL01-SC"
767567;2026-04-26;"domingo";"13:30:00";"SC";282;108;"ALFREDO WAGNER";"Ausência de reação do condutor";"Saída de leito carroçável";"Com Vítimas Feridas";"Pleno dia";"Decrescente";"Nublado";"Simples";"Curva";"Não";3;0;1;0;2;0;1;1;-27,70379886;-49,34899203;"SPRF-SC";"DEL01/SC";"UOP03-DEL01-SC"
767568;2026-04-26;"domingo";"16:25:00";"RS";290;91;"PORTO ALEGRE";"Ingestão de álcool pelo condutor";"Colisão lateral mesmo sentido";"Sem Vítimas";"Pleno dia";"Decrescente";"Céu Claro";"Dupla";"Retorno Regulamentado;Reta;Interseção de Vias";"Sim";2;0;0;0;2;0;0;2;-29,96956887;-51,16968709;"SPRF-RS";"DEL01/RS";"UOP01-DEL01-RS"
767570;2026-04-26;"domingo";"14:30:00";"PR";373;183;"PONTA GROSSA";"Reação tardia ou ineficiente do condutor";"Saída de leito carroçável";"Sem Vítimas";"Pleno dia";"Crescente";"Garoa/Chuvisco";"Dupla";"Curva";"Não";1;0;0;0;0;1;0;1;-25,03871056;-50,27853219;"SPRF-PR";"DEL03/PR";"UOP01-DEL03-PR"
767571;2026-04-26;"domingo";"16:42:00";"MG";365;823;"SANTA VITORIA";"Ausência de reação do condutor";"Tombamento";"Com Vítimas Feridas";"Pleno dia";"Crescente";"Céu Claro";"Simples";"Reta";"Não";1;0;1;0;0;0;1;1;-18,87582815;-50,12195926;"SPRF-MG";"DEL15/MG";"UOP03-DEL15-MG"
767572;2026-04-26;"domingo";"09:40:00";"MG";365;407;"PATOS DE MINAS";"Acessar a via sem observar a presença dos outros veículos";"Colisão traseira";"Sem Vítimas";"Pleno dia";"Decrescente";"Céu Claro";"Simples";"Aclive;Reta";"Sim";4;0;0;0;4;0;0;2;-18,634626;-46,48061;"SPRF-MG";"DEL10/MG";"UOP01-DEL10-MG"
767574;2026-04-06;"segunda-feira";"17:15:00";"BA";418;88;"NOVA VICOSA";"Acessar a via sem observar a presença dos outros veículos";"Colisão frontal";"Com Vítimas Feridas";"Pleno dia";"Decrescente";"Céu Claro";"Simples";"Interseção de Vias;Rotatória";"Sim";2;0;2;0;0;0;2;2;-17,88444939;-39,84539358;"SPRF-BA";"DEL09/BA";"UOP02-DEL09-BA"
767575;2026-04-26;"domingo";"16:00:00";"MG";116;515;"UBAPORANGA";"Curva acentuada";"Colisão com objeto";"Com Vítimas Feridas";"Pleno dia";"Decrescente";"Céu Claro";"Simples";"Curva";"Não";1;0;0;1;0;0;1;1;-19,690808;-42,117133;"SPRF-MG";"DEL06/MG";"UOP02-DEL06-MG"
767577;2026-04-26;"domingo";"17:00:00";"ES";101;34;"CONCEICAO DA BARRA";"Acessar a via sem observar a presença dos outros veículos";"Colisão transversal";"Com Vítimas Fatais";"Anoitecer";"Crescente";"Céu Claro";"Simples";"Reta";"Não";8;1;0;0;7;0;0;3;-18,44301154;-39,93216699;"SPRF-ES";"DEL04-ES";"UOP02-DEL04-ES"
767578;2026-04-26;"domingo";"15:00:00";"PR";116;102;"SAO JOSE DOS PINHAIS";"Ausência de reação do condutor";"Saída de leito carroçável";"Com Vítimas Feridas";"Pleno dia";"Decrescente";"Chuva";"Dupla";"Curva";"Não";1;0;1;0;0;0;1;1;-25,570068;-49,18432;"SPRF-PR";"DEL01/PR";"UOP08-DEL01-PR"
767579;2026-04-26;"domingo";"16:30:00";"RJ";116;304;"RESENDE";"Desrespeitar a preferência no cruzamento";"Colisão frontal";"Com Vítimas Feridas";"Pleno dia";"Crescente";"Sol";"Simples";"Curva;Retorno Regulamentado;Interseção de Vias";"Não";2;0;1;0;1;0;1;2;-22,453433;-44,373997;"SPRF-RJ";"DEL07/RJ";"UOP02-DEL07-RJ"
767581;2026-04-26;"domingo";"16:45:00";"PB";104;116,2;"LAGOA SECA";"Ausência de reação do condutor";"Colisão traseira";"Com Vítimas Feridas";"Anoitecer";"Decrescente";"Nublado";"Simples";"Aclive;Reta";"Não";3;0;1;0;2;0;1;2;-7,172135;-35,85977;"SPRF-PB";"DEL02-PB";"UOP04-DEL02-PB"
767586;2026-04-26;"domingo";"17:20:00";"MG";381;490;"BETIM";"Reação tardia ou ineficiente do condutor";"Queda de ocupante de veículo";"Com Vítimas Feridas";"Pleno dia";"Decrescente";"Céu Claro";"Simples";"Reta";"Sim";1;0;1;0;0;0;1;1;-19,95666888;-44,13894033;"SPRF-MG";"DEL01/MG";"UOP03-DEL01-MG"
767588;2026-04-26;"domingo";"17:10:00";"PR";277;109,8;"CAMPO LARGO";"Condutor deixou de manter distância do veículo da frente";"Colisão traseira";"Com Vítimas Feridas";"Amanhecer";"Decrescente";"Chuva";"Dupla";"Reta;Declive";"Sim";4;0;3;0;1;0;3;2;-25,42798779;-49,38912787;"SPRF-PR";"DEL01/PR";"UOP06-DEL01-PR"
767589;2026-04-26;"domingo";"17:40:00";"PR";277;138;"BALSA NOVA";"Chuva";"Queda de ocupante de veículo";"Com Vítimas Feridas";"Anoitecer";"Decrescente";"Chuva";"Dupla";"Curva";"Não";1;0;1;0;0;0;1;1;-25,478436;-49,6424;"SPRF-PR";"DEL01/PR";"UOP07-DEL01-PR"
767590;2026-04-26;"domingo";"15:20:00";"PR";163;139;"CAPITAO LEONIDAS MARQUES";"Chuva";"Saída de leito carroçável";"Sem Vítimas";"Pleno dia";"Decrescente";"Chuva";"Simples";"Curva";"Não";1;0;0;0;1;0;0;1;-25,482152;-53,591492;"SPRF-PR";"DEL05/PR";"UOP05-DEL05-PR"
767591;2026-04-26;"domingo";"18:07:00";"RN";101;84;"SAO GONCALO DO AMARANTE";"Pedestre cruzava a pista fora da faixa";"Atropelamento de Pedestre";"Com Vítimas Feridas";"Plena Noite";"Crescente";"Céu Claro";"Dupla";"Reta";"Sim";2;0;0;1;1;0;1;2;-5,774874;-35,25628;"SPRF-RN";"DEL02-RN";"UOP01-DEL02-RN"
767592;2026-04-26;"domingo";"18:00:00";"PR";277;582,3;"CASCAVEL";"Ingestão de álcool pelo condutor";"Saída de leito carroçável";"Sem Vítimas";"Plena Noite";"Crescente";"Chuva";"Dupla";"Reta";"Não";1;0;0;0;1;0;0;1;-24,98411262;-53,36635075;"SPRF-PR";"DEL04/PR";"UOP01-DEL04-PR"
767595;2026-04-26;"domingo";"08:00:00";"MG";381;382;"BARAO DE COCAIS";"Neblina";"Saída de leito carroçável";"Sem Vítimas";"Pleno dia";"Crescente";"Céu Claro";"Simples";"Curva";"Não";1;0;0;0;0;1;0;1;-19,79753389;-43,42401378;"SPRF-MG";"DEL01/MG";"UOP01-DEL01-MG"
767596;2026-04-26;"domingo";"12:45:00";"MG";381;243;"SANTANA DO PARAISO";"Reação tardia ou ineficiente do condutor";"Tombamento";"Com Vítimas Feridas";"Pleno dia";"Crescente";"Céu Claro";"Simples";"Reta";"Não";3;0;3;0;0;0;3;2;-19,45523944;-42,52275752;"SPRF-MG";"DEL06/MG";"UOP01-DEL06-MG"
767598;2026-04-26;"domingo";"15:30:00";"PI";316;49,8;"LAGOA DO PIAUI";"Ausência de reação do condutor";"Colisão traseira";"Com Vítimas Feridas";"Pleno dia";"Decrescente";"Sol";"Simples";"Reta";"Não";2;0;0;1;1;0;1;2;-5,4973197;-42,6406262;"SPRF-PI";"DEL01-PI";"UOP02-DEL01-PI"
767599;2026-04-26;"domingo";"18:30:00";"PE";408;93,5;"SAO LOURENCO DA MATA";"Condutor deixou de manter distância do veículo da frente";"Colisão traseira";"Com Vítimas Feridas";"Plena Noite";"Crescente";"Céu Claro";"Dupla";"Reta";"Não";3;0;2;0;0;1;2;2;-8,05035;-35,00607;"SPRF-PE";"DEL01/PE";"UOP01-DEL01-PE"