"id";"data_inversa";"dia_semana";"horario";"uf";"br";"km";"municipio";"causa_acidente";"tipo_acidente";"classificacao_acidente";"fase_dia";"sentido_via";"condicao_metereologica";"tipo_pista";"tracado_via";"uso_solo";"pessoas";"mortos";"feridos_leves";"feridos_graves";"ilesos";"ignorados";"feridos";"veiculos";"latitude";"longitude";"regional";"delegacia";"uop"
767601;2026-04-26;"domingo";"15:14:00";"RJ";101;328;"NITEROI";"Ausência de reação do condutor";"Atropelamento de Pedestre";"Com Vítimas Feridas";"Pleno dia";"Crescente";"Céu Claro";"Dupla";"Reta";"Não";4;0;2;0;2;0;2;2;-22,8786176;-43,1128576;"SPRF-RJ";"DEL02/RJ";"UOP01-DEL02-RJ"
767602;2026-04-26;"domingo";"17:45:00";"PR";153;108,7;"IBAITI";"Manobra de mudança de faixa";"Colisão frontal";"Com Vítimas Feridas";"Anoitecer";"Crescente";"Nublado";"Simples";"Reta;Interseção de Vias";"Sim";2;0;0;1;1;0;1;2;-23,844574;-50,193111;"SPRF-PR";"DEL07/PR";"UOP04-DEL07-PR"
767603;2026-04-26;"domingo";"18:30:00";"SC";101;21;"JOINVILLE";"Frear bruscamente";"Colisão com objeto";"Com Vítimas Feridas";"Anoitecer";"Crescente";"Garoa/Chuvisco";"Dupla";"Reta";"Não";2;0;2;0;0;0;2;1;-26,14367406;-48,90630215;"SPRF-SC";"DEL03/SC";"UOP01-DEL03-SC"
767604;2026-04-26;"domingo";"15:30:00";"MG";381;206,3;"NAQUE";"Animais na Pista";"Atropelamento de Animal";"Com Vítimas Feridas";"Pleno dia";"Crescente";"Céu Claro";"Simples";"Curva";"Não";1;0;1;0;0;0;1;1;-19,22220892;-42,31431182;"SPRF-MG";"DEL06/MG";"UOP01-DEL06-MG"
767606;2026-04-26;"domingo";"18:50:00";"RS";472;572;"URUGUAIANA";"Pedestre andava na pista";"Atropelamento de Pedestre";"Com Vítimas Feridas";"Plena Noite";"Crescente";"Céu Claro";"Simples";"Reta";"Sim";4;0;2;1;0;1;3;2;-29,765774;-57,032801;"SPRF-RS";"DEL13/RS";"UOP01-DEL13-RS"
767607;2026-04-26;"domingo";"18:45:00";"PR";376;389;"IMBAU";"Acessar a via sem observar a presença dos outros veículos";"Colisão transversal";"Com Vítimas Feridas";"Plena Noite";"Crescente";"Garoa/Chuvisco";"Dupla";"Retorno Regulamentado";"Não";3;0;1;0;1;1;1;2;-24,504383;-50,717814;"SPRF-PR";"DEL03/PR";"UOP02-DEL03-PR"
767608;2026-04-26;"domingo";"18:24:00";"RN";226;61;"SENADOR ELOI DE SOUZA";"Demais falhas na via";"Colisão traseira";"Sem Vítimas";"Plena Noite";"Decrescente";"Céu Claro";"Simples";"Reta";"Sim";2;0;0;0;2;0;0;2;-6,05003;-35,674627;"SPRF-RN";"DEL01-RN";"UOP02-DEL01-RN"
767609;2026-04-26;"domingo";"18:50:00";"PR";116;127;"FAZENDA RIO GRANDE";"Ausência de reação do condutor";"Colisão traseira";"Sem Vítimas";"Plena Noite";"Decrescente";"Chuva";"Dupla";"Reta";"Sim";2;0;0;0;2;0;0;2;-25,65082543;-49,31227176;"SPRF-PR";"DEL01/PR";"UOP03-DEL01-PR"
767610;2026-04-26;"domingo";"17:25:00";"PR";476;191;"LAPA";"Velocidade Incompatível";"Saída de leito carroçável";"Com Vítimas Feridas";"Anoitecer";"Crescente";"Garoa/Chuvisco";"Simples";"Aclive;Reta";"Não";2;0;1;0;1;0;1;1;-25,773088;-49,748028;"SPRF-PR";"DEL01/PR";"UOP06-DEL01-PR"
767611;2026-04-26;"domingo";"18:50:00";"CE";116;35,8;"HORIZONTE";"Acessar a via sem observar a presença dos outros veículos";"Colisão transversal";"Sem Vítimas";"Plena Noite";"Crescente";"Céu Claro";"Dupla";"Reta";"Sim";3;0;0;0;2;1;0;2;-4,06073295;-38,50411892;"SPRF-CE";"DEL01/CE";"UOP02-DEL01-CE"
767612;2026-04-26;"domingo";"19:00:00";"ES";101;424;"ITAPEMIRIM";"Ausência de reação do condutor";"Queda de ocupante de veículo";"Com Vítimas Feridas";"Plena Noite";"Crescente";"Céu Claro";"Simples";"Ponte;Reta";"Não";1;0;0;1;0;0;1;1;-20,93793362;-41,08231545;"SPRF-ES";"DEL03-ES";"UOP02-DEL03-ES"
767613;2026-04-26;"domingo";"19:17:00";"RS";386;350,8;"ESTRELA";"Ingestão de álcool pelo condutor";"Atropelamento de Pedestre";"Com Vítimas Fatais";"Plena Noite";"Crescente";"Céu Claro";"Dupla";"Curva";"Não";5;1;0;1;1;2;1;2;-29,48246481;-51,95449289;"SPRF-RS";"DEL04/RS";"UOP01-DEL04-RS"
767614;2026-04-26;"domingo";"17:40:00";"AL";104;37;"UNIAO DOS PALMARES";"Deixar de acionar o farol da motocicleta (ou similar)";"Colisão traseira";"Com Vítimas Feridas";"Anoitecer";"Decrescente";"Nublado";"Simples";"Reta";"Não";7;0;0;2;0;5;2;3;-9,174358;-36,028606;"SPRF-AL";"DEL01-AL";"UOP02-DEL01-AL"
767615;2026-04-26;"domingo";"18:58:00";"MA";10;255;"IMPERATRIZ";"Acessar a via sem observar a presença dos outros veículos";"Colisão transversal";"Com Vítimas Feridas";"Plena Noite";"Crescente";"Céu Claro";"Simples";"Interseção de Vias;Reta";"Sim";2;0;0;1;1;0;1;2;-5,50457856;-47,47182727;"SPRF-MA";"DEL04-MA";"UOP01-DEL04-MA"
767616;2026-04-26;"domingo";"19:15:00";"RJ";101;289;"ITABORAI";"Manobra de mudança de faixa";"Colisão lateral mesmo sentido";"Com Vítimas Feridas";"Plena Noite";"Crescente";"Céu Claro";"Dupla";"Reta";"Não";3;0;1;0;1;1;1;2;-22,7701511;-42,8752075;"SPRF-RJ";"DEL02/RJ";"UOP02-DEL02-RJ"
767617;2026-04-26;"domingo";"19:05:00";"MG";381;491;"BETIM";"Condutor deixou de manter distância do veículo da frente";"Colisão traseira";"Com Vítimas Feridas";"Plena Noite";"Decrescente";"Céu Claro";"Múltipla";"Reta";"Não";10;0;1;0;8;1;1;4;-19,95733992;-44,15136902;"SPRF-MG";"DEL01/MG";"UOP03-DEL01-MG"
767619;2026-04-26;"domingo";"17:15:00";"RJ";101;94;"CAMPOS DOS GOYTACAZES";"Condutor deixou de manter distância do veículo da frente";"Colisão traseira";"Com Vítimas Feridas";"Anoitecer";"Decrescente";"Céu Claro";"Dupla";"Curva;Aclive";"Não";2;0;1;0;1;0;1;2;-21,82612606;-41,49158478;"SPRF-RJ";"DEL08/RJ";"UOP02-DEL08-RJ"
767622;2026-04-26;"domingo";"15:20:00";"PI";230;16,6;"FRONTEIRAS";"Acessar a via sem observar a presença dos outros veículos";"Colisão transversal";"Com Vítimas Feridas";"Pleno dia";"Decrescente";"Sol";"Simples";"Reta";"Sim";3;0;0;2;1;0;2;2;-7,089957;-40,605564;"SPRF-PI";"DEL04-PI";"UOP03-DEL04-PI"
767623;2026-04-26;"domingo";"19:10:00";"ES";101;309;"VIANA";"Velocidade Incompatível";"Colisão traseira";"Com Vítimas Feridas";"Plena Noite";"Crescente";"Nublado";"Dupla";"Reta";"Não";4;0;3;0;1;0;3;2;-20,416613;-40,459518;"SPRF-ES";"DEL01-ES";"UOP01-DEL01-ES"
767624;2026-04-26;"domingo";"19:10:00";"SP";488;0,3;"APARECIDA";"Pedestre cruzava a pista fora da faixa";"Atropelamento de Pedestre";"Com Vítimas Feridas";"Plena Noite";"Crescente";"Ignorado";"Dupla";"Reta;Declive";"Sim";2;0;0;1;1;0;1;2;-22,85662179;-45,23290908;"SPRF-SP";"DEL08/SP";"UOP01-DEL08-SP"
767626;2026-04-26;"domingo";"18:40:00";"PE";101;53,9;"PAULISTA";"Transitar na contramão";"Colisão frontal";"Com Vítimas Feridas";"Plena Noite";"Crescente";"Céu Claro";"Dupla";"Reta";"Sim";2;0;1;0;0;1;1;2;-7,94239708;-34,90386675;"SPRF-PE";"DEL01/PE";"UOP02-DEL01-PE"
767627;2026-04-26;"domingo";"17:20:00";"BA";116;28,5;"VITORIA DA CONQUISTA";"Ingestão de álcool pelo condutor";"Saída de leito carroçável";"Com Vítimas Feridas";"Anoitecer";"Crescente";"Céu Claro";"Simples";"Declive;Reta";"Não";2;0;1;0;1;0;1;1;-14,837353;-40,820448;"SPRF-BA";"DEL08/BA";"UOP01-DEL08-BA"
767628;2026-04-26;"domingo";"19:20:00";"RS";116;231;"IVOTI";"Transitar no Acostamento";"Colisão transversal";"Com Vítimas Feridas";"Plena Noite";"Decrescente";"Céu Claro";"Simples";"Reta;Retorno Regulamentado";"Sim";2;0;1;0;1;0;1;2;-29,6247798;-51,1356886;"SPRF-RS";"DEL01/RS";"UOP02-DEL01-RS"
767630;2026-04-26;"domingo";"18:50:00";"RJ";101;291;"ITABORAI";"Trafegar com motocicleta (ou similar) entre as faixas";"Colisão traseira";"Com Vítimas Feridas";"Plena Noite";"Crescente";"Céu Claro";"Dupla";"Reta";"Não";3;0;1;0;2;0;1;2;-22,76261;-42,8736333;"SPRF-RJ";"DEL02/RJ";"UOP02-DEL02-RJ"
767631;2026-04-26;"domingo";"19:45:00";"PR";277;692;"SAO MIGUEL DO IGUACU";"Manobra de mudança de faixa";"Colisão traseira";"Com Vítimas Feridas";"Plena Noite";"Crescente";"Garoa/Chuvisco";"Dupla";"Reta;Retorno Regulamentado";"Sim";4;0;2;0;2;0;2;2;-25,36007222;-54,24890041;"SPRF-PR";"DEL05/PR";"UOP01-DEL05-PR"
767632;2026-04-26;"domingo";"19:00:00";"SP";116;352;"MIRACATU";"Demais falhas mecânicas ou elétricas";"Incêndio";"Sem Vítimas";"Plena Noite";"Decrescente";"Céu Claro";"Dupla";"Curva;Aclive";"Não";1;0;0;0;1;0;0;1;-24,07655912;-47,25048065;"SPRF-SP";"DEL04/SP";"UOP03-DEL04-SP"
767633;2026-04-26;"domingo";"11:40:00";"RJ";116;116;"MAGE";"Ausência de reação do condutor";"Colisão traseira";"Com Vítimas Feridas";"Pleno dia";"Crescente";"Céu Claro";"Dupla";"Reta";"Não";2;0;1;0;1;0;1;2;-22,59800514;-43,02469254;"SPRF-RJ";"DEL04/RJ";"UOP02-DEL04-RJ"
767634;2026-04-26;"domingo";"18:00:00";"MT";163;817;"SINOP";"Desvio temporário";"Saída de leito carroçável";"Com Vítimas Feridas";"Plena Noite";"Decrescente";"Nublado";"Simples";"Aclive;Em Obras";"Não";5;0;2;0;3;0;2;1;-12,01615134;-55,51803589;"SPRF-MT";"DEL06/MT";"UOP02-DEL06-MT"
767635;2026-04-26;"domingo";"19:30:00";"SP";488;2,4;"APARECIDA";"Ultrapassagem Indevida";"Queda de ocupante de veículo";"Com Vítimas Feridas";"Plena Noite";"Crescente";"Céu Claro";"Dupla";"Reta";"Sim";2;0;1;1;0;0;2;1;-22,85223001;-45,23910029;"SPRF-SP";"DEL08/SP";"UOP01-DEL08-SP"
767636;2026-04-26;"domingo";"19:40:00";"DF";251;47;"BRASILIA";"Deficiência do Sistema de Iluminação/Sinalização";"Colisão lateral mesmo sentido";"Com Vítimas Feridas";"Plena Noite";"Crescente";"Céu Claro";"Simples";"Reta";"Não";2;0;2;0;0;0;2;2;-15,9558015;-47,8668972;"SPRF-DF";"DEL01-DF";"UOP01-DEL01-DF"
767637;2026-04-26;"domingo";"19:24:00";"TO";10;409;"PORTO NACIONAL";"Objeto estático sobre o leito carroçável";"Colisão transversal";"Sem Vítimas";"Plena Noite";"Crescente";"Céu Claro";"Simples";"Reta";"Sim";8;0;0;0;8;0;0;3;-10,6648936;-48,39709695;"SPRF-TO";"DEL01-TO";"UOP03-DEL01-TO"
767638;2026-04-26;"domingo";"18:40:00";"PA";308;173,9;"TRACUATEUA";"Ingestão de álcool pelo condutor";"Tombamento";"Com Vítimas Fatais";"Plena Noite";"Decrescente";"Céu Claro";"Simples";"Reta";"Não";2;1;0;0;0;1;0;2;-1,16579;-46,990183;"SPRF-PA";"DEL01/PA";"UOP03-DEL01-PA"
767639;2026-04-26;"domingo";"18:15:00";"SC";470;170,6;"POUSO REDONDO";"Pedestre andava na pista";"Atropelamento de Pedestre";"Com Vítimas Feridas";"Plena Noite";"Crescente";"Nublado";"Simples";"Reta;Declive";"Não";2;0;0;1;1;0;1;2;-27,2603312;-49,90311496;"SPRF-SC";"DEL04/SC";"UOP02-DEL04-SC"
767640;2026-04-26;"domingo";"19:00:00";"PR";153;391,7;"MALLET";"Ausência de reação do condutor";"Colisão transversal";"Sem Vítimas";"Plena Noite";"Decrescente";"Chuva";"Simples";"Interseção de Vias";"Sim";2;0;0;0;1;1;0;2;-25,9013327;-50,833433;"SPRF-PR";"DEL08/PR";"UOP02-DEL08-PR"
767641;2026-04-26;"domingo";"18:31:00";"RJ";40;123;"DUQUE DE CAXIAS";"Reação tardia ou ineficiente do condutor";"Colisão lateral mesmo sentido";"Com Vítimas Feridas";"Plena Noite";"Crescente";"Céu Claro";"Dupla";"Reta";"Não";2;0;0;1;1;0;1;2;-22,79775824;-43,28967009;"SPRF-RJ";"DEL01/RJ";"UOP02-DEL01-RJ"
767642;2026-04-26;"domingo";"19:15:00";"SE";101;198;"CRISTINAPOLIS";"Acessar a via sem observar a presença dos outros veículos";"Queda de ocupante de veículo";"Com Vítimas Feridas";"Plena Noite";"Crescente";"Céu Claro";"Simples";"Reta";"Sim";4;0;2;2;0;0;4;2;-11,47592211;-37,75481097;"SPRF-SE";"DEL02-SE";"UOP03-DEL02-SE"
767643;2026-04-26;"domingo";"19:40:00";"PR";277;595,2;"CASCAVEL";"Condutor deixou de manter distância do veículo da frente";"Colisão traseira";"Com Vítimas Feridas";"Plena Noite";"Crescente";"Chuva";"Simples";"Aclive;Reta";"Sim";3;0;1;0;1;1;1;2;-24,981061;-53,481214;"SPRF-PR";"DEL04/PR";"UOP01-DEL04-PR"
767644;2026-04-26;"domingo";"20:33:00";"RN";406;150;"CEARA-MIRIM";"Acessar a via sem observar a presença dos outros veículos";"Colisão transversal";"Sem Vítimas";"Plena Noite";"Decrescente";"Céu Claro";"Simples";"Reta";"Sim";2;0;0;0;2;0;0;2;-5,649806;-35,432052;"SPRF-RN";"DEL02-RN";"UOP01-DEL02-RN"
767645;2026-04-26;"domingo";"16:22:00";"RJ";116;208;"SEROPEDICA";"Avarias e/ou desgaste excessivo no pneu";"Queda de ocupante de veículo";"Com Vítimas Feridas";"Pleno dia";"Decrescente";"Céu Claro";"Dupla";"Reta";"Não";1;0;1;0;0;0;1;1;-22,71380655;-43,73313904;"SPRF-RJ";"DEL06/RJ";"UOP02-DEL06-RJ"
767646;2026-04-26;"domingo";"19:00:00";"PI";343;77;"BURITI DOS LOPES";"Ausência de reação do condutor";"Colisão traseira";"Com Vítimas Fatais";"Plena Noite";"Crescente";"Nublado";"Simples";"Reta";"Não";4;1;2;0;0;1;2;2;-3,387577;-41,736294;"SPRF-PI";"DEL05-PI";"UOP01-DEL05-PI"
767647;2026-04-26;"domingo";"18:45:00";"SC";280;303;"PORTO UNIAO";"Ingestão de álcool pelo condutor";"Colisão traseira";"Sem Vítimas";"Anoitecer";"Crescente";"Chuva";"Simples";"Reta";"Não";2;0;0;0;2;0;0;2;-26,28163047;-51,04382928;"SPRF-SC";"DEL06/SC";"UOP04-DEL06-SC"
767648;2026-04-26;"domingo";"19:40:00";"PR";373;193;"PONTA GROSSA";"Ausência de reação do condutor";"Colisão traseira";"Com Vítimas Feridas";"Plena Noite";"Decrescente";"Chuva";"Simples";"Reta";"Não";4;0;4;0;0;0;4;2;-25,079452;-50,38038;"SPRF-PR";"DEL03/PR";"UOP01-DEL03-PR"
767649;2026-04-26;"domingo";"19:20:00";"SP";116;156;"SAO JOSE DOS CAMPOS";"Transitar na contramão";"Colisão lateral sentido oposto";"Sem Vítimas";"Anoitecer";"Crescente";"Céu Claro";"Dupla";"Reta";"Sim";2;0;0;0;2;0;0;2;-23,249302;-45,934714;"SPRF-SP";"DEL02/SP";"UOP01-DEL02-SP"
767650;2026-04-26;"domingo";"20:15:00";"RJ";465;1;"SEROPEDICA";"Reação tardia ou ineficiente do condutor";"Colisão traseira";"Com Vítimas Feridas";"Plena Noite";"Decrescente";"Céu Claro";"Simples";"Reta";"Sim";2;0;1;0;1;0;1;2;-22,7183061;-43,72718303;"SPRF-RJ";"DEL06/RJ";"UOP02-DEL06-RJ"
767651;2026-04-26;"domingo";"21:20:00";"BA";116;421;"FEIRA DE SANTANA";"Ingestão de álcool pelo condutor";"Colisão com objeto";"Com Vítimas Feridas";"Plena Noite";"Crescente";"Céu Claro";"Dupla";"Reta";"Sim";4;0;1;3;0;0;4;2;-12,21843665;-38,96583334;"SPRF-BA";"DEL02/BA";"UOP01-DEL02-BA"
767652;2026-04-26;"domingo";"20:30:00";"PR";476;116;"COLOMBO";"Ingestão de álcool pelo condutor";"Colisão lateral sentido oposto";"Com Vítimas Feridas";"Plena Noite";"Crescente";"Chuva";"Dupla";"Curva";"Sim";4;0;2;0;0;2;2;3;-25,35003224;-49,16637937;"SPRF-PR";"DEL01/PR";"UOP01-DEL01-PR"
767653;2026-04-26;"domingo";"18:15:00";"BA";420;263;"JIQUIRICA";"Reação tardia ou ineficiente do condutor";"Colisão frontal";"Com Vítimas Feridas";"Plena Noite";"Crescente";"Céu Claro";"Simples";"Curva";"Não";6;0;2;2;2;0;4;2;-13,232866;-39,540974;"SPRF-BA";"DEL11/BA";"UOP01-DEL11-BA"
767654;2026-04-26;"domingo";"21:00:00";"PR";376;592;"CURITIBA";"Reação tardia ou ineficiente do condutor";"Saída de leito carroçável";"Com Vítimas Feridas";"Plena Noite";"Decrescente";"Chuva";"Dupla";"Interseção de Vias;Reta";"Sim";2;0;2;0;0;0;2;1;-25,43507071;-49,36525004;"SPRF-PR";"DEL01/PR";"UOP06-DEL01-PR"
767656;2026-04-26;"domingo";"21:30:00";"TO";10;431;"PORTO NACIONAL";"Avarias e/ou desgaste excessivo no pneu";"Eventos atípicos";"Com Vítimas Feridas";"Plena Noite";"Crescente";"Céu Claro";"Simples";"Curva";"Não";3;0;0;1;1;1;1;1;-10,495728;-48,351422;"SPRF-TO";"DEL01-TO";"UOP03-DEL01-TO"
767658;2026-04-26;"domingo";"19:50:00";"RJ";493;14;"GUAPIMIRIM";"Demais falhas na via";"Tombamento";"Com Vítimas Feridas";"Plena Noite";"Decrescente";"Céu Claro";"Simples";"Reta";"Não";2;0;1;0;1;0;1;1;-22,66719925;-42,98851339;"SPRF-RJ";"DEL04/RJ";"UOP02-DEL04-RJ"
767659;2026-04-26;"domingo";"20:35:00";"RJ";101;322;"NITEROI";"Condutor Dormindo";"Colisão com objeto";"Com Vítimas Feridas";"Plena Noite";"Crescente";"Céu Claro";"Dupla";"Reta";"Sim";1;0;1;0;0;0;1;1;-22,8785278;-43,11428905;"SPRF-RJ";"DEL02/RJ";"UOP01-DEL02-RJ"
767660;2026-04-26;"domingo";"09:50:00";"SC";101;207,2;"SAO JOSE";"Pista Escorregadia";"Colisão com objeto";"Sem Vítimas";"Pleno dia";"Decrescente";"Chuva";"Múltipla";"Reta";"Sim";1;0;0;0;0;1;0;1;-27,60084;-48,62336;"SPRF-SC";"DEL01/SC";"UOP01-DEL01-SC"
767661;2026-04-26;"domingo";"20:28:00";"MS";163;373,9;"NOVA ALVORADA DO SUL";"Velocidade Incompatível";"Saída de leito carroçável";"Sem Vítimas";"Plena Noite";"Crescente";"Céu Claro";"Dupla";"Reta";"Não";2;0;0;0;2;0;0;1;-21,33188411;-54,42067981;"SPRF-MS";"DEL02/MS";"UOP01-DEL02-MS"
767662;2026-04-26;"domingo";"21:30:00";"MG";116;254,9;"TEOFILO OTONI";"Ausência de reação do condutor";"Colisão com objeto";"Com Vítimas Feridas";"Plena Noite";"Crescente";"Céu Claro";"Simples";"Curva";"Não";1;0;0;1;0;0;1;1;-17,683032;-41,48497;"SPRF-MG";"DEL11/MG";"UOP01-DEL11-MG"
767663;2026-04-26;"domingo";"22:00:00";"PR";376;180,7;"MARINGA";"Acesso irregular";"Colisão com objeto";"Com Vítimas Feridas";"Plena Noite";"Decrescente";"Chuva";"Múltipla";"Viaduto";"Sim";1;0;1;0;0;0;1;1;-23,4251106;-51,89878334;"SPRF-PR";"DEL09/PR";"UOP01-DEL09-PR"
767665;2026-04-26;"domingo";"21:45:00";"RO";364;511,4;"ARIQUEMES";"Acostamento em desnível";"Saída de leito carroçável";"Com Vítimas Feridas";"Plena Noite";"Crescente";"Nublado";"Simples";"Aclive;Reta";"Não";1;0;1;0;0;0;1;1;-9,955283;-63,050643;"SPRF-RO";"DEL03-RO";"UOP01-DEL03-RO"
767666;2026-04-26;"domingo";"22:51:00";"RN";101;105,9;"PARNAMIRIM";"Manobra de mudança de faixa";"Colisão lateral mesmo sentido";"Sem Vítimas";"Plena Noite";"Crescente";"Céu Claro";"Dupla";"Reta;Viaduto";"Sim";2;0;0;0;2;0;0;2;-5,90652476;-35,26057569;"SPRF-RN";"DEL01-RN";"UOP01-DEL01-RN"
767667;2026-04-26;"domingo";"20:00:00";"MT";364;339,8;"CAMPO VERDE";"Reação tardia ou ineficiente do condutor";"Queda de ocupante de veículo";"Com Vítimas Feridas";"Plena Noite";"Crescente";"Céu Claro";"Dupla";"Reta;Declive";"Não";2;0;2;0;0;0;2;1;-15,81840061;-55,33269848;"SPRF-MT";"DEL05/MT";"UOP02-DEL05-MT"
767668;2026-04-26;"domingo";"21:38:00";"PE";101;78,3;"JABOATAO DOS GUARARAPES";"Entrada inopinada do pedestre";"Atropelamento de Pedestre";"Sem Vítimas";"Plena Noite";"Decrescente";"Céu Claro";"Dupla";"Curva";"Sim";2;0;0;0;1;1;0;2;-8,1377;-34,9474;"SPRF-PE";"DEL01/PE";"UOP01-DEL01-PE"
767669;2026-04-26;"domingo";"21:45:00";"PE";101;78,3;"JABOATAO DOS GUARARAPES";"Reação tardia ou ineficiente do condutor";"Colisão traseira";"Com Vítimas Feridas";"Plena Noite";"Decrescente";"Céu Claro";"Dupla";"Curva";"Sim";4;0;1;0;3;0;1;2;-8,1377;-34,9474;"SPRF-PE";"DEL01/PE";"UOP01-DEL01-PE"
767671;2026-04-26;"domingo";"23:20:00";"GO";414;410,7;"ABADIANIA";"Problema com o freio";"Tombamento";"Com Vítimas Feridas";"Plena Noite";"Decrescente";"Céu Claro";"Simples";"Interseção de Vias;Reta";"Sim";2;0;1;0;0;1;1;1;-16,056072;-48,853842;"SPRF-GO";"DEL02/GO";"UOP01-DEL02-GO"
767672;2026-04-26;"domingo";"22:40:00";"SP";116;283;"EMBU DAS ARTES";"Ingestão de álcool pelo condutor";"Colisão traseira";"Com Vítimas Feridas";"Plena Noite";"Crescente";"Céu Claro";"Dupla";"Reta";"Sim";3;0;1;0;2;0;1;2;-23,675828;-46,857092;"SPRF-SP";"DEL04/SP";"UOP01-DEL04-SP"
767673;2026-04-26;"domingo";"22:50:00";"MT";364;211,4;"RONDONOPOLIS";"Objeto estático sobre o leito carroçável";"Colisão com objeto";"Com Vítimas Feridas";"Plena Noite";"Crescente";"Céu Claro";"Dupla";"Reta";"Não";1;0;1;0;0;0;1;1;-16,415842;-54,707242;"SPRF-MT";"DEL02/MT";"UOP01-DEL02-MT"
767674;2026-04-26;"domingo";"22:50:00";"PR";116;209,4;"RIO NEGRO";"Acessar a via sem observar a presença dos outros veículos";"Colisão transversal";"Com Vítimas Fatais";"Plena Noite";"Crescente";"Chuva";"Múltipla";"Reta";"Sim";3;1;0;0;1;1;0;3;-26,0878004;-49,780188;"SPRF-SC";"DEL06/SC";"UOP01-DEL06-SC"
767676;2026-04-27;"segunda-feira";"00:50:00";"SC";101;58;"ARAQUARI";"Chuva";"Saída de leito carroçável";"Sem Vítimas";"Plena Noite";"Crescente";"Chuva";"Dupla";"Curva";"Não";1;0;0;0;1;0;0;1;-26,43900795;-48,80285136;"SPRF-SC";"DEL03/SC";"UOP02-DEL03-SC"
767677;2026-04-27;"segunda-feira";"01:15:00";"PB";101;81;"BAYEUX";"Ausência de reação do condutor";"Colisão com objeto";"Sem Vítimas";"Plena Noite";"Crescente";"Céu Claro";"Dupla";"Aclive;Reta";"Sim";1;0;0;0;0;1;0;1;-7,12808976;-34,93923187;"SPRF-PB";"DEL01-PB";"UOP01-DEL01-PB"
767680;2026-04-26;"domingo";"23:15:00";"MA";402;30;"AXIXA";"Condutor deixou de manter distância do veículo da frente";"Colisão traseira";"Com Vítimas Feridas";"Plena Noite";"Decrescente";"Céu Claro";"Simples";"Reta";"Não";4;0;2;1;0;1;3;2;-2,87565;-44,097885;"SPRF-MA";"DEL01-MA";"UOP01-DEL01-MA"
767681;2026-04-27;"segunda-feira";"03:30:00";"MA";135;84,6;"ITAPECURU MIRIM";"Ingestão de álcool pelo condutor";"Colisão com objeto";"Sem Vítimas";"Plena Noite";"Decrescente";"Nublado";"Simples";"Reta;Ponte";"Não";1;0;0;0;1;0;0;1;-3,254092;-44,385903;"SPRF-MA";"DEL01-MA";"UOP02-DEL01-MA"
767683;2026-04-27;"segunda-feira";"02:00:00";"MS";60;400,5;"SIDROLANDIA";"Reação tardia ou ineficiente do condutor";"Saída de leito carroçável";"Com Vítimas Feridas";"Plena Noite";"Crescente";"Nublado";"Simples";"Reta";"Não";3;0;1;0;1;1;1;1;-20,8034251;-54,7979131;"SPRF-MS";"DEL01/MS";"UOP04-DEL01-MS"
767685;2026-04-27;"segunda-feira";"03:30:00";"MA";135;4,6;"SAO LUIS";"Velocidade Incompatível";"Saída de leito carroçável";"Com Vítimas Feridas";"Plena Noite";"Crescente";"Nublado";"Dupla";"Reta";"Sim";1;0;1;0;0;0;1;1;-2,61908;-44,25617;"SPRF-MA";"DEL01-MA";"UOP01-DEL01-MA"
767686;2026-04-27;"segunda-feira";"05:15:00";"SC";282;19,3;"PALHOCA";"Condutor Dormindo";"Colisão frontal";"Com Vítimas Feridas";"Plena Noite";"Decrescente";"Céu Claro";"Simples";"Reta";"Sim";5;0;4;1;0;0;5;2;-27,68077655;-48,70520938;"SPRF-SC";"DEL01/SC";"UOP02-DEL01-SC"
767688;2026-04-26;"domingo";"17:55:00";"RJ";116;128;"MAGE";"Ausência de reação do condutor";"Colisão com objeto";"Com Vítimas Fatais";"Anoitecer";"Decrescente";"Nublado";"Dupla";"Curva;Aclive";"Não";1;1;0;0;0;0;0;1;-22,66738782;-43,10240686;"SPRF-RJ";"DEL04/RJ";"UOP02-DEL04-RJ"
767694;2026-04-27;"segunda-feira";"05:55:00";"SP";116;123;"CACAPAVA";"Ausência de reação do condutor";"Tombamento";"Com Vítimas Feridas";"Pleno dia";"Crescente";"Céu Claro";"Dupla";"Reta;Ponte";"Não";1;0;1;0;0;0;1;1;-23,086131;-45,667985;"SPRF-SP";"DEL02/SP";"UOP02-DEL02-SP"
767695;2026-04-27;"segunda-feira";"05:45:00";"MG";381;489;"BETIM";"Reação tardia ou ineficiente do condutor";"Colisão traseira";"Com Vítimas Feridas";"Pleno dia";"Decrescente";"Céu Claro";"Dupla";"Reta";"Sim";2;0;1;0;1;0;1;2;-19,9559783;-44,1313153;"SPRF-MG";"DEL01/MG";"UOP03-DEL01-MG"
767696;2026-04-26;"domingo";"23:40:00";"CE";20;306,5;"CANINDE";"Ingestão de álcool pelo condutor";"Queda de ocupante de veículo";"Com Vítimas Feridas";"Plena Noite";"Decrescente";"Céu Claro";"Simples";"Reta";"Sim";1;0;0;1;0;0;1;1;-4,361847;-39,302192;"SPRF-CE";"DEL02/CE";"UOP01-DEL02-CE"
767697;2026-04-27;"segunda-feira";"06:30:00";"BA";20;201,6;"LUIS EDUARDO MAGALHAES";"Ausência de reação do condutor";"Queda de ocupante de veículo";"Com Vítimas Fatais";"Amanhecer";"Decrescente";"Nublado";"Simples";"Reta";"Não";1;1;0;0;0;0;0;1;-12,18372;-45,82507;"SPRF-BA";"DEL10/BA";"UOP01-DEL10-BA"