"id";"data_inversa";"dia_semana";"horario";"uf";"br";"km";"municipio";"causa_acidente";"tipo_acidente";"classificacao_acidente";"fase_dia";"sentido_via";"condicao_metereologica";"tipo_pista";"tracado_via";"uso_solo";"pessoas";"mortos";"feridos_leves";"feridos_graves";"ilesos";"ignorados";"feridos";"veiculos";"latitude";"longitude";"regional";"delegacia";"uop"
767809;2026-02-28;"sábado";"14:24:00";"MA";10;264;"IMPERATRIZ";"Reação tardia ou ineficiente do condutor";"Colisão traseira";"Sem Vítimas";"Pleno dia";"Crescente";"Nublado";"Simples";"Reta;Aclive";"Sim";2;0;0;0;2;0;0;2;-5,42631;-47,47283;"SPRF-MA";"DEL04-MA";"UOP01-DEL04-MA"
767810;2026-04-27;"segunda-feira";"15:30:00";"SC";282;16;"PALHOCA";"Ausência de reação do condutor";"Colisão lateral mesmo sentido";"Com Vítimas Feridas";"Pleno dia";"Crescente";"Céu Claro";"Simples";"Reta";"Sim";2;0;1;0;1;0;1;2;-27,65722705;-48,68071222;"SPRF-SC";"DEL01/SC";"UOP02-DEL01-SC"
767811;2026-04-27;"segunda-feira";"14:45:00";"BA";324;615;"SALVADOR";"Demais falhas mecânicas ou elétricas";"Incêndio";"Sem Vítimas";"Pleno dia";"Crescente";"Céu Claro";"Dupla";"Reta";"Não";1;0;0;0;1;0;0;1;-12,875723;-38,429783;"SPRF-BA";"DEL01/BA";"UOP01-DEL01-BA"
767812;2026-04-27;"segunda-feira";"15:15:00";"PR";376;311,6;"ORTIGUEIRA";"Chuva";"Colisão com objeto";"Com Vítimas Feridas";"Pleno dia";"Decrescente";"Chuva";"Dupla";"Curva;Aclive";"Não";1;0;1;0;0;0;1;1;-23,9841277;-51,08312055;"SPRF-PR";"DEL07/PR";"UOP02-DEL07-PR"
767813;2026-04-27;"segunda-feira";"15:30:00";"MG";116;276,2;"TEOFILO OTONI";"Entrada inopinada do pedestre";"Atropelamento de Pedestre";"Com Vítimas Feridas";"Pleno dia";"Crescente";"Céu Claro";"Simples";"Reta";"Sim";2;0;1;1;0;0;2;2;-17,853267;-41,514347;"SPRF-MG";"DEL11/MG";"UOP01-DEL11-MG"
767814;2026-04-27;"segunda-feira";"15:15:00";"PR";116;116;"CURITIBA";"Manobra de mudança de faixa";"Colisão lateral mesmo sentido";"Com Vítimas Feridas";"Pleno dia";"Crescente";"Céu Claro";"Dupla";"Reta";"Sim";5;0;1;0;4;0;1;3;-25,5531222;-49,3054222;"SPRF-PR";"DEL01/PR";"UOP03-DEL01-PR"
767816;2026-04-27;"segunda-feira";"16:25:00";"GO";414;403;"CORUMBA DE GOIAS";"Acumulo de água sobre o pavimento";"Saída de leito carroçável";"Com Vítimas Feridas";"Pleno dia";"Decrescente";"Chuva";"Simples";"Curva";"Não";2;0;2;0;0;0;2;1;-15,9925;-48,83675;"SPRF-GO";"DEL02/GO";"UOP01-DEL02-GO"
767817;2026-04-27;"segunda-feira";"16:10:00";"PB";230;290;"SANTA LUZIA";"Acessar a via sem observar a presença dos outros veículos";"Colisão transversal";"Com Vítimas Feridas";"Pleno dia";"Crescente";"Céu Claro";"Simples";"Reta";"Não";2;0;0;1;1;0;1;2;-6,870462;-36,924638;"SPRF-PB";"DEL03-PB";"UOP01-DEL03-PB"
767822;2026-04-27;"segunda-feira";"16:30:00";"RJ";116;183;"NOVA IGUACU";"Condutor deixou de manter distância do veículo da frente";"Colisão lateral mesmo sentido";"Com Vítimas Feridas";"Pleno dia";"Crescente";"Céu Claro";"Múltipla";"Reta";"Sim";2;0;1;0;1;0;1;2;-22,7563886;-43,4316655;"SPRF-RJ";"DEL06/RJ";"UOP01-DEL06-RJ"
767824;2026-04-27;"segunda-feira";"15:00:00";"BA";420;349;"JAGUAQUARA";"Manobra de mudança de faixa";"Colisão frontal";"Com Vítimas Feridas";"Pleno dia";"Crescente";"Céu Claro";"Simples";"Reta";"Não";3;0;0;1;2;0;1;2;-13,51622338;-40,00687346;"SPRF-BA";"DEL03/BA";"UOP01-DEL03-BA"
767825;2026-04-27;"segunda-feira";"11:30:00";"BA";20;149,8;"SAO DESIDERIO";"Afundamento ou ondulação no pavimento";"Tombamento";"Com Vítimas Feridas";"Pleno dia";"Crescente";"Chuva";"Simples";"Reta";"Não";2;0;1;0;1;0;1;1;-12,64258;-45,9201;"SPRF-BA";"DEL10/BA";"UOP01-DEL10-BA"
767826;2026-04-27;"segunda-feira";"16:45:00";"SP";488;1;"APARECIDA";"Manobra de mudança de faixa";"Colisão lateral mesmo sentido";"Com Vítimas Feridas";"Pleno dia";"Decrescente";"Céu Claro";"Dupla";"Reta";"Sim";3;0;2;0;1;0;2;2;-22,84906;-45,23174;"SPRF-SP";"DEL08/SP";"UOP01-DEL08-SP"
767827;2026-04-27;"segunda-feira";"14:40:00";"SC";101;132,2;"CAMBORIU";"Condutor deixou de manter distância do veículo da frente";"Colisão lateral mesmo sentido";"Com Vítimas Feridas";"Pleno dia";"Crescente";"Céu Claro";"Simples";"Aclive";"Sim";2;0;0;1;1;0;1;2;-26,99746;-48,65333;"SPRF-SC";"DEL04/SC";"UOP03-DEL04-SC"
767829;2026-04-27;"segunda-feira";"17:10:00";"PR";277;672,3;"MEDIANEIRA";"Acessar a via sem observar a presença dos outros veículos";"Colisão transversal";"Com Vítimas Feridas";"Pleno dia";"Decrescente";"Nublado";"Simples";"Interseção de Vias;Reta";"Sim";2;0;1;0;1;0;1;2;-25,283813;-54,084539;"SPRF-PR";"DEL05/PR";"UOP01-DEL05-PR"
767830;2026-04-27;"segunda-feira";"16:15:00";"PR";376;302;"MAUA DA SERRA";"Velocidade Incompatível";"Capotamento";"Com Vítimas Feridas";"Pleno dia";"Decrescente";"Céu Claro";"Dupla";"Curva";"Não";2;0;1;1;0;0;2;1;-23,9316;-51,13067;"SPRF-PR";"DEL07/PR";"UOP02-DEL07-PR"
767831;2026-04-27;"segunda-feira";"15:30:00";"PE";232;271;"SERTANIA";"Ausência de reação do condutor";"Saída de leito carroçável";"Com Vítimas Feridas";"Pleno dia";"Crescente";"Céu Claro";"Simples";"Reta";"Não";3;0;1;0;2;0;1;1;-8,39364;-37,231187;"SPRF-PE";"DEL04/PE";"UOP02-DEL04-PE"
767832;2026-04-27;"segunda-feira";"17:30:00";"PR";376;602;"CURITIBA";"Ausência de reação do condutor";"Colisão lateral mesmo sentido";"Com Vítimas Feridas";"Anoitecer";"Crescente";"Céu Claro";"Dupla";"Reta";"Não";2;0;1;0;1;0;1;2;-25,525964;-49,330189;"SPRF-PR";"DEL01/PR";"UOP03-DEL01-PR"
767833;2026-03-23;"segunda-feira";"07:50:00";"SC";101;208,4;"SAO JOSE";"Reação tardia ou ineficiente do condutor";"Colisão traseira";"Com Vítimas Feridas";"Pleno dia";"Decrescente";"Céu Claro";"Múltipla";"Reta";"Sim";2;0;1;1;0;0;2;2;-27,6070446;-48,6357756;"SPRF-SC";"DEL01/SC";"UOP01-DEL01-SC"
767835;2026-04-27;"segunda-feira";"13:15:00";"RS";153;404;"CACHOEIRA DO SUL";"Conversão proibida";"Colisão transversal";"Com Vítimas Feridas";"Pleno dia";"Crescente";"Sol";"Simples";"Reta";"Sim";2;0;1;0;1;0;1;2;-29,99661365;-52,92339412;"SPRF-RS";"DEL02/RS";"UOP03-DEL02-RS"
767836;2026-04-24;"sexta-feira";"07:45:00";"PR";116;106;"SAO JOSE DOS PINHAIS";"Manobra de mudança de faixa";"Colisão lateral mesmo sentido";"Com Vítimas Feridas";"Pleno dia";"Crescente";"Céu Claro";"Dupla";"Reta";"Não";2;0;0;1;0;1;1;2;-25,570006;-49,218435;"SPRF-PR";"DEL01/PR";"UOP03-DEL01-PR"
767838;2026-04-27;"segunda-feira";"16:40:00";"RJ";40;80;"PETROPOLIS";"Demais falhas mecânicas ou elétricas";"Incêndio";"Sem Vítimas";"Pleno dia";"Decrescente";"Nevoeiro/Neblina";"Dupla";"Aclive;Reta";"Não";1;0;0;0;1;0;0;1;-22,50385;-43,2311402;"SPRF-RJ";"DEL01/RJ";"UOP01-DEL01-RJ"
767839;2026-04-27;"segunda-feira";"14:00:00";"BA";242;275;"BOA VISTA DO TUPIM";"Pista esburacada";"Queda de ocupante de veículo";"Com Vítimas Feridas";"Pleno dia";"Crescente";"Sol";"Simples";"Reta";"Não";1;0;0;1;0;0;1;1;-12,45333933;-40,65559387;"SPRF-BA";"DEL06/BA";"UOP02-DEL06-BA"
767846;2026-04-27;"segunda-feira";"18:25:00";"SC";101;203;"SAO JOSE";"Condutor deixou de manter distância do veículo da frente";"Colisão traseira";"Com Vítimas Feridas";"Plena Noite";"Crescente";"Nublado";"Múltipla";"Aclive;Reta";"Não";2;0;0;1;1;0;1;2;-27,56447685;-48,61469507;"SPRF-SC";"DEL01/SC";"UOP01-DEL01-SC"
767850;2026-04-27;"segunda-feira";"18:20:00";"DF";20;22;"BRASILIA";"Acessar a via sem observar a presença dos outros veículos";"Colisão traseira";"Com Vítimas Feridas";"Anoitecer";"Decrescente";"Céu Claro";"Dupla";"Reta;Em Obras";"Sim";3;0;1;0;2;0;1;2;-15,597705;-47,675078;"SPRF-DF";"DEL02-DF";"UOP01-DEL02-DF"
767852;2026-04-27;"segunda-feira";"18:15:00";"MG";381;484;"BETIM";"Reação tardia ou ineficiente do condutor";"Engavetamento";"Com Vítimas Feridas";"Plena Noite";"Crescente";"Céu Claro";"Dupla";"Reta";"Sim";5;0;1;0;4;0;1;3;-19,95927;-44,08885;"SPRF-MG";"DEL01/MG";"UOP03-DEL01-MG"
767853;2026-04-27;"segunda-feira";"18:15:00";"GO";40;4,2;"VALPARAISO DE GOIAS";"Condutor deixou de manter distância do veículo da frente";"Engavetamento";"Com Vítimas Feridas";"Anoitecer";"Decrescente";"Céu Claro";"Dupla";"Reta";"Sim";4;0;1;0;3;0;1;4;-16,088683;-47,984852;"SPRF-DF";"DEL01-DF";"UOP01-DEL01-DF"
767855;2026-04-27;"segunda-feira";"18:30:00";"MG";40;684;"RESSAQUINHA";"Demais falhas mecânicas ou elétricas";"Incêndio";"Com Vítimas Feridas";"Plena Noite";"Decrescente";"Céu Claro";"Simples";"Reta";"Sim";1;0;1;0;0;0;1;1;-21,06425946;-43,7643081;"SPRF-MG";"DEL05/MG";"UOP02-DEL05-MG"
767856;2026-04-27;"segunda-feira";"19:00:00";"DF";20;25,4;"BRASILIA";"Demais falhas mecânicas ou elétricas";"Saída de leito carroçável";"Sem Vítimas";"Plena Noite";"Crescente";"Céu Claro";"Dupla";"Curva";"Não";2;0;0;0;2;0;0;1;-15,5958925;-47,6522652;"SPRF-DF";"DEL02-DF";"UOP01-DEL02-DF"
767857;2026-04-27;"segunda-feira";"18:00:00";"BA";110;168;"RIBEIRA DO POMBAL";"Manobra de mudança de faixa";"Colisão lateral sentido oposto";"Com Vítimas Feridas";"Anoitecer";"Crescente";"Céu Claro";"Simples";"Reta";"Não";3;0;0;1;1;1;1;3;-10,782513;-38,51788;"SPRF-BA";"DEL07/BA";"UOP02-DEL07-BA"
767859;2026-04-27;"segunda-feira";"19:05:00";"PB";230;28,4;"JOAO PESSOA";"Avarias e/ou desgaste excessivo no pneu";"Tombamento";"Com Vítimas Feridas";"Plena Noite";"Decrescente";"Céu Claro";"Dupla";"Viaduto";"Não";2;0;1;0;1;0;1;1;-7,16563;-34,898498;"SPRF-PB";"DEL01-PB";"UOP01-DEL01-PB"
767860;2026-04-27;"segunda-feira";"18:45:00";"PR";277;724;"FOZ DO IGUACU";"Ingestão de álcool pelo condutor";"Colisão traseira";"Com Vítimas Feridas";"Plena Noite";"Decrescente";"Céu Claro";"Dupla";"Reta";"Sim";2;0;1;0;1;0;1;2;-25,50108641;-54,53234455;"SPRF-PR";"DEL05/PR";"UOP03-DEL05-PR"
767861;2026-04-27;"segunda-feira";"18:20:00";"BA";116;836,5;"VITORIA DA CONQUISTA";"Frear bruscamente";"Colisão traseira";"Com Vítimas Feridas";"Plena Noite";"Decrescente";"Céu Claro";"Simples";"Reta";"Não";4;0;2;0;2;0;2;2;-14,960325;-40,905725;"SPRF-BA";"DEL08/BA";"UOP01-DEL08-BA"
767862;2026-04-27;"segunda-feira";"07:00:00";"RJ";101;312;"SAO GONCALO";"Reação tardia ou ineficiente do condutor";"Queda de ocupante de veículo";"Com Vítimas Feridas";"Pleno dia";"Crescente";"Céu Claro";"Dupla";"Reta";"Sim";1;0;1;0;0;0;1;1;-22,8081495;-43,06606293;"SPRF-RJ";"DEL02/RJ";"UOP02-DEL02-RJ"
767863;2026-04-27;"segunda-feira";"18:50:00";"RS";290;184,2;"MINAS DO LEAO";"Ultrapassagem Indevida";"Colisão frontal";"Com Vítimas Feridas";"Plena Noite";"Decrescente";"Céu Claro";"Simples";"Reta";"Não";2;0;0;1;1;0;1;2;-30,14489437;-52,04916414;"SPRF-RS";"DEL02/RS";"UOP03-DEL02-RS"
767864;2026-04-27;"segunda-feira";"19:15:00";"SC";470;144;"RIO DO SUL";"Transitar no Acostamento";"Colisão transversal";"Com Vítimas Feridas";"Plena Noite";"Crescente";"Ignorado";"Simples";"Reta";"Sim";2;0;1;0;1;0;1;2;-27,219983;-49,658739;"SPRF-SC";"DEL04/SC";"UOP02-DEL04-SC"
767865;2026-04-27;"segunda-feira";"18:25:00";"SC";101;296;"IMBITUBA";"Acesso irregular";"Colisão frontal";"Com Vítimas Feridas";"Pleno dia";"Decrescente";"Céu Claro";"Dupla";"Reta";"Não";2;0;1;0;1;0;1;2;-28,328741;-48,731972;"SPRF-SC";"DEL02/SC";"UOP03-DEL02-SC"
767869;2026-04-27;"segunda-feira";"18:30:00";"SC";282;383,4;"JOACABA";"Reação tardia ou ineficiente do condutor";"Colisão lateral mesmo sentido";"Com Vítimas Feridas";"Plena Noite";"Decrescente";"Céu Claro";"Simples";"Interseção de Vias";"Sim";2;0;1;0;1;0;1;2;-27,2035;-51,5103;"SPRF-SC";"DEL07/SC";"UOP05-DEL07-SC"
767871;2026-04-27;"segunda-feira";"15:00:00";"RS";116;189;"PICADA CAFE";"Reação tardia ou ineficiente do condutor";"Tombamento";"Com Vítimas Feridas";"Pleno dia";"Crescente";"Céu Claro";"Simples";"Curva";"Não";1;0;1;0;0;0;1;1;-29,44959926;-51,13787591;"SPRF-RS";"DEL05/RS";"UOP02-DEL05-RS"
767872;2026-04-27;"segunda-feira";"16:30:00";"RJ";116;319,3;"ITATIAIA";"Avarias e/ou desgaste excessivo no pneu";"Saída de leito carroçável";"Com Vítimas Feridas";"Pleno dia";"Crescente";"Céu Claro";"Dupla";"Curva";"Sim";2;0;1;0;1;0;1;1;-22,472667;-44,52195;"SPRF-RJ";"DEL07/RJ";"UOP02-DEL07-RJ"
767874;2026-04-27;"segunda-feira";"19:20:00";"RJ";40;116;"DUQUE DE CAXIAS";"Manobra de mudança de faixa";"Colisão traseira";"Com Vítimas Feridas";"Plena Noite";"Decrescente";"Nublado";"Dupla";"Reta";"Sim";3;0;1;0;2;0;1;2;-22,73722028;-43,28861117;"SPRF-RJ";"DEL01/RJ";"UOP02-DEL01-RJ"
767876;2026-04-27;"segunda-feira";"20:15:00";"PR";277;120,6;"CAMPO LARGO";"Ultrapassagem Indevida";"Saída de leito carroçável";"Com Vítimas Feridas";"Plena Noite";"Crescente";"Nublado";"Dupla";"Reta";"Sim";2;0;2;0;0;0;2;1;-25,4465492;-49,48874116;"SPRF-PR";"DEL01/PR";"UOP07-DEL01-PR"
767878;2026-04-27;"segunda-feira";"19:20:00";"MA";316;281,8;"BELA VISTA DO MARANHAO";"Pista esburacada";"Colisão traseira";"Com Vítimas Fatais";"Plena Noite";"Crescente";"Céu Claro";"Simples";"Reta";"Não";4;1;0;0;1;2;0;3;-3,75546914;-45,22712946;"SPRF-MA";"DEL02-MA";"UOP01-DEL02-MA"
767884;2026-04-27;"segunda-feira";"13:33:00";"MT";70;3;"BARRA DO GARCAS";"Condutor deixou de manter distância do veículo da frente";"Colisão traseira";"Com Vítimas Feridas";"Pleno dia";"Crescente";"Sol";"Simples";"Aclive;Reta";"Sim";3;0;1;0;2;0;1;2;-15,8724383;-52,3856183;"SPRF-MT";"DEL07/MT";"UOP01-DEL07-MT"
767885;2026-04-27;"segunda-feira";"22:20:00";"RS";470;217;"BENTO GONCALVES";"Acessar a via sem observar a presença dos outros veículos";"Colisão transversal";"Com Vítimas Feridas";"Plena Noite";"Decrescente";"Céu Claro";"Simples";"Retorno Regulamentado;Rotatória;Interseção de Vias;Curva";"Sim";3;0;1;0;2;0;1;2;-29,17479111;-51,52344195;"SPRF-RS";"DEL06/RS";"UOP01-DEL06-RS"
767886;2026-04-27;"segunda-feira";"22:15:00";"RS";116;262;"CANOAS";"Condutor desrespeitou a iluminação vermelha do semáforo";"Colisão transversal";"Com Vítimas Feridas";"Plena Noite";"Decrescente";"Céu Claro";"Dupla";"Interseção de Vias;Em Obras";"Sim";3;0;1;0;2;0;1;2;-29,9039502;-51,17646445;"SPRF-RS";"DEL01/RS";"UOP01-DEL01-RS"
767887;2026-04-27;"segunda-feira";"18:30:00";"RJ";393;296;"BARRA MANSA";"Transitar na contramão";"Colisão frontal";"Com Vítimas Feridas";"Anoitecer";"Decrescente";"Céu Claro";"Simples";"Reta";"Sim";3;0;1;0;2;0;1;2;-22,56598;-44,25463;"SPRF-RJ";"DEL07/RJ";"UOP02-DEL07-RJ"
767889;2026-04-27;"segunda-feira";"18:00:00";"AC";364;275;"SENA MADUREIRA";"Transitar na contramão";"Colisão frontal";"Com Vítimas Feridas";"Plena Noite";"Decrescente";"Céu Claro";"Simples";"Reta";"Não";3;0;0;1;2;0;1;2;-9,076157;-68,688821;"SPRF-AC";"DEL01-AC";"UOP01-DEL01-AC"
767890;2026-04-27;"segunda-feira";"21:30:00";"RS";116;191;"PICADA CAFE";"Reação tardia ou ineficiente do condutor";"Tombamento";"Com Vítimas Feridas";"Plena Noite";"Crescente";"Céu Claro";"Simples";"Curva";"Não";1;0;0;1;0;0;1;1;-29,44900133;-51,13821924;"SPRF-RS";"DEL05/RS";"UOP02-DEL05-RS"
767891;2026-04-27;"segunda-feira";"21:58:00";"SE";101;97,2;"SAO CRISTOVAO";"Ingestão de álcool pelo condutor";"Colisão traseira";"Sem Vítimas";"Plena Noite";"Decrescente";"Céu Claro";"Dupla";"Reta";"Não";4;0;0;0;2;2;0;2;-10,92259;-37,17413;"SPRF-SE";"DEL02-SE";"UOP01-DEL02-SE"
767892;2026-04-27;"segunda-feira";"18:00:00";"RO";364;423;"JARU";"Ausência de reação do condutor";"Saída de leito carroçável";"Com Vítimas Feridas";"Plena Noite";"Crescente";"Chuva";"Dupla";"Reta";"Sim";1;0;0;1;0;0;1;1;-10,449;-62,46297;"SPRF-RO";"DEL03-RO";"UOP02-DEL03-RO"
767893;2026-04-27;"segunda-feira";"23:57:00";"PB";230;20;"JOAO PESSOA";"Avarias e/ou desgaste excessivo no pneu";"Tombamento";"Com Vítimas Feridas";"Plena Noite";"Decrescente";"Chuva";"Dupla";"Reta";"Sim";1;0;1;0;0;0;1;1;-7,139112;-34,852577;"SPRF-PB";"DEL01-PB";"UOP01-DEL01-PB"
767895;2026-04-27;"segunda-feira";"22:45:00";"PR";369;97;"CORNELIO PROCOPIO";"Condutor Dormindo";"Saída de leito carroçável";"Com Vítimas Feridas";"Plena Noite";"Crescente";"Céu Claro";"Dupla";"Reta";"Não";1;0;0;1;0;0;1;1;-23,23567213;-50,68555204;"SPRF-PR";"DEL07/PR";"UOP05-DEL07-PR"
767904;2026-04-28;"terça-feira";"01:45:00";"SC";101;79,8;"ARAQUARI";"Reação tardia ou ineficiente do condutor";"Saída de leito carroçável";"Com Vítimas Feridas";"Plena Noite";"Decrescente";"Garoa/Chuvisco";"Dupla";"Reta";"Não";1;0;1;0;0;0;1;1;-26,59525199;-48,72236671;"SPRF-SC";"DEL03/SC";"UOP02-DEL03-SC"
767906;2026-04-28;"terça-feira";"02:30:00";"AL";101;246;"PORTO REAL DO COLEGIO";"Iluminação deficiente";"Atropelamento de Animal";"Com Vítimas Feridas";"Plena Noite";"Decrescente";"Chuva";"Dupla";"Reta";"Não";1;0;1;0;0;0;1;1;-10,189;-36,8268;"SPRF-AL";"DEL02-AL";"UOP02-DEL02-AL"
767907;2026-04-28;"terça-feira";"00:50:00";"RJ";116;136;"MAGE";"Reação tardia ou ineficiente do condutor";"Saída de leito carroçável";"Com Vítimas Feridas";"Plena Noite";"Crescente";"Chuva";"Simples";"Rotatória";"Não";1;0;1;0;0;0;1;1;-22,64862307;-43,17464137;"SPRF-RJ";"DEL04/RJ";"UOP02-DEL04-RJ"
767908;2026-04-28;"terça-feira";"04:18:00";"TO";153;502,7;"PARAISO DO TOCANTINS";"Chuva";"Queda de ocupante de veículo";"Com Vítimas Feridas";"Plena Noite";"Crescente";"Chuva";"Simples";"Reta";"Não";1;0;1;0;0;0;1;1;-10,222897;-48,875643;"SPRF-TO";"DEL01-TO";"UOP01-DEL01-TO"
767910;2026-04-28;"terça-feira";"03:45:00";"PB";230;19,6;"JOAO PESSOA";"Acumulo de água sobre o pavimento";"Saída de leito carroçável";"Sem Vítimas";"Plena Noite";"Crescente";"Chuva";"Dupla";"Aclive;Curva";"Sim";1;0;0;0;1;0;0;1;-7,170902;-34,868662;"SPRF-PB";"DEL01-PB";"UOP01-DEL01-PB"
767913;2026-04-28;"terça-feira";"05:00:00";"SC";101;40;"JOINVILLE";"Ausência de reação do condutor";"Colisão transversal";"Com Vítimas Feridas";"Plena Noite";"Decrescente";"Nublado";"Múltipla";"Curva";"Sim";2;0;1;0;1;0;1;2;-26,30962591;-48,87792556;"SPRF-SC";"DEL03/SC";"UOP01-DEL03-SC"
767915;2026-04-28;"terça-feira";"02:35:00";"GO";153;264;"NOVA GLORIA";"Condutor deixou de manter distância do veículo da frente";"Colisão traseira";"Com Vítimas Fatais";"Plena Noite";"Crescente";"Céu Claro";"Simples";"Reta";"Não";2;1;0;0;0;1;0;2;-15,03895;-49,437903;"SPRF-GO";"DEL07/GO";"UOP02-DEL07-GO"
767917;2026-04-27;"segunda-feira";"07:00:00";"MA";402;98;"HUMBERTO DE CAMPOS";"Acessar a via sem observar a presença dos outros veículos";"Colisão traseira";"Sem Vítimas";"Pleno dia";"Crescente";"Céu Claro";"Simples";"Reta";"Não";2;0;0;0;1;1;0;2;-2,749471;-43,568943;"SPRF-MA";"DEL01-MA";"UOP01-DEL01-MA"
767918;2026-04-28;"terça-feira";"07:00:00";"SP";116;200;"ARUJA";"Manobra de mudança de faixa";"Colisão lateral mesmo sentido";"Com Vítimas Feridas";"Pleno dia";"Crescente";"Céu Claro";"Múltipla";"Reta";"Não";2;0;1;0;1;0;1;2;-23,40264337;-46,32084846;"SPRF-SP";"DEL01/SP";"UOP01-DEL01-SP"
767920;2026-04-28;"terça-feira";"07:15:00";"RJ";40;112;"DUQUE DE CAXIAS";"Manobra de mudança de faixa";"Colisão com objeto";"Com Vítimas Feridas";"Pleno dia";"Crescente";"Nublado";"Múltipla";"Reta";"Sim";1;0;1;0;0;0;1;1;-22,70576041;-43,29023598;"SPRF-RJ";"DEL01/RJ";"UOP02-DEL01-RJ"
767921;2026-04-28;"terça-feira";"06:24:00";"PR";277;117,1;"CAMPO LARGO";"Acessar a via sem observar a presença dos outros veículos";"Colisão transversal";"Com Vítimas Feridas";"Amanhecer";"Decrescente";"Céu Claro";"Simples";"Interseção de Vias";"Sim";3;0;1;0;2;0;1;2;-25,443248;-49,455244;"SPRF-PR";"DEL01/PR";"UOP07-DEL01-PR"
767922;2026-04-28;"terça-feira";"05:40:00";"RO";364;705;"PORTO VELHO";"Ausência de reação do condutor";"Saída de leito carroçável";"Com Vítimas Feridas";"Amanhecer";"Crescente";"Nublado";"Dupla";"Reta";"Não";2;0;1;0;1;0;1;1;-8,80036353;-63,8178405;"SPRF-RO";"DEL01-RO";"UOP01-DEL01-RO"
767923;2026-04-28;"terça-feira";"08:00:00";"GO";153;432;"ANAPOLIS";"Animais na Pista";"Tombamento";"Com Vítimas Feridas";"Pleno dia";"Crescente";"Céu Claro";"Dupla";"Interseção de Vias";"Sim";1;0;1;0;0;0;1;1;-16,28295491;-48,95702744;"SPRF-GO";"DEL02/GO";"UOP01-DEL02-GO"
767924;2026-04-28;"terça-feira";"07:30:00";"RS";116;154;"CAXIAS DO SUL";"Acessar a via sem observar a presença dos outros veículos";"Colisão transversal";"Com Vítimas Feridas";"Pleno dia";"Decrescente";"Céu Claro";"Simples";"Interseção de Vias";"Não";2;0;1;0;1;0;1;2;-29,19092109;-51,18062345;"SPRF-RS";"DEL05/RS";"UOP01-DEL05-RS"
767925;2026-03-02;"segunda-feira";"19:45:00";"RJ";393;298;"BARRA MANSA";"Acesso irregular";"Colisão frontal";"Com Vítimas Feridas";"Plena Noite";"Crescente";"Nublado";"Simples";"Curva";"Não";2;0;1;0;1;0;1;2;-22,56598456;-44,25463104;"SPRF-RJ";"DEL07/RJ";"UOP02-DEL07-RJ"
767927;2026-04-28;"terça-feira";"08:01:00";"PE";104;64;"CARUARU";"Manobra de mudança de faixa";"Colisão lateral mesmo sentido";"Com Vítimas Feridas";"Pleno dia";"Crescente";"Chuva";"Dupla";"Reta;Aclive;Viaduto;Interseção de Vias";"Sim";2;0;1;0;0;1;1;2;-8,275508;-35,981187;"SPRF-PE";"DEL02/PE";"UOP01-DEL02-PE"
767928;2026-03-19;"quinta-feira";"23:15:00";"PB";101;61;"SANTA RITA";"Condutor Dormindo";"Colisão traseira";"Com Vítimas Feridas";"Plena Noite";"Decrescente";"Céu Claro";"Dupla";"Aclive;Curva";"Não";3;0;2;1;0;0;3;2;-7,009263;-35,060543;"SPRF-PB";"DEL01-PB";"UOP03-DEL01-PB"
767930;2026-04-28;"terça-feira";"07:20:00";"MG";262;436;"NOVA SERRANA";"Reação tardia ou ineficiente do condutor";"Tombamento";"Com Vítimas Feridas";"Pleno dia";"Crescente";"Céu Claro";"Dupla";"Reta";"Não";1;0;1;0;0;0;1;1;-19,872904;-44,963209;"SPRF-MG";"DEL08/MG";"UOP03-DEL08-MG"
767931;2026-04-28;"terça-feira";"07:25:00";"SC";280;33,1;"ARAQUARI";"Acessar a via sem observar a presença dos outros veículos";"Colisão transversal";"Com Vítimas Feridas";"Pleno dia";"Decrescente";"Nublado";"Simples";"Reta";"Não";2;0;1;0;1;0;1;2;-26,42632822;-48,78835201;"SPRF-SC";"DEL03/SC";"UOP03-DEL03-SC"
767933;2026-04-28;"terça-feira";"07:30:00";"GO";452;1;"RIO VERDE";"Acessar a via sem observar a presença dos outros veículos";"Colisão transversal";"Com Vítimas Feridas";"Pleno dia";"Crescente";"Céu Claro";"Dupla";"Reta";"Sim";2;0;0;1;1;0;1;2;-17,787663;-50,900047;"SPRF-GO";"DEL04/GO";"UOP01-DEL04-GO"
767935;2026-04-28;"terça-feira";"07:45:00";"DF";70;14;"BRASILIA";"Manobra de mudança de faixa";"Colisão traseira";"Com Vítimas Feridas";"Pleno dia";"Decrescente";"Céu Claro";"Dupla";"Reta";"Não";2;0;1;0;1;0;1;2;-15,79849377;-48,17895262;"SPRF-DF";"DEL03-DF";"UOP02-DEL03-DF"
767936;2026-04-28;"terça-feira";"08:25:00";"SC";101;113,3;"ITAJAI";"Acessar a via sem observar a presença dos outros veículos";"Colisão lateral mesmo sentido";"Com Vítimas Feridas";"Pleno dia";"Decrescente";"Céu Claro";"Múltipla";"Reta";"Não";2;0;1;0;1;0;1;2;-26,8763903;-48,7269193;"SPRF-SC";"DEL04/SC";"UOP04-DEL04-SC"