"id";"data_inversa";"dia_semana";"horario";"uf";"br";"km";"municipio";"causa_acidente";"tipo_acidente";"classificacao_acidente";"fase_dia";"sentido_via";"condicao_metereologica";"tipo_pista";"tracado_via";"uso_solo";"pessoas";"mortos";"feridos_leves";"feridos_graves";"ilesos";"ignorados";"feridos";"veiculos";"latitude";"longitude";"regional";"delegacia";"uop"
768189;2026-04-29;"quarta-feira";"12:30:00";"SC";101;188,7;"BIGUACU";"Objeto estático sobre o leito carroçável";"Incêndio";"Sem Vítimas";"Pleno dia";"Crescente";"Chuva";"Dupla";"Reta";"Não";2;0;0;0;2;0;0;1;-27,457577;-48,637753;"SPRF-SC";"DEL01/SC";"UOP01-DEL01-SC"
768190;2026-04-29;"quarta-feira";"14:00:00";"PR";376;617;"SAO JOSE DOS PINHAIS";"Reação tardia ou ineficiente do condutor";"Colisão com objeto";"Com Vítimas Feridas";"Pleno dia";"Decrescente";"Chuva";"Dupla";"Curva";"Sim";1;0;1;0;0;0;1;1;-25,59628176;-49,17364287;"SPRF-PR";"DEL01/PR";"UOP04-DEL01-PR"
768191;2026-04-29;"quarta-feira";"11:20:00";"PE";232;29;"MORENO";"Velocidade Incompatível";"Queda de ocupante de veículo";"Com Vítimas Feridas";"Pleno dia";"Crescente";"Nublado";"Dupla";"Reta";"Não";1;0;0;1;0;0;1;1;-8,11284453;-35,13506977;"SPRF-PE";"DEL02/PE";"UOP02-DEL02PE"
768193;2026-04-29;"quarta-feira";"12:00:00";"SP";116;537;"BARRA DO TURVO";"Reação tardia ou ineficiente do condutor";"Colisão com objeto";"Com Vítimas Feridas";"Pleno dia";"Decrescente";"Chuva";"Dupla";"Curva";"Não";3;0;1;0;2;0;1;1;-24,97150167;-48,35046262;"SPRF-SP";"DEL05/SP";"UOP02-DEL05-SP"
768195;2026-04-29;"quarta-feira";"14:00:00";"SP";116;230;"SAO PAULO";"Reação tardia ou ineficiente do condutor";"Colisão traseira";"Sem Vítimas";"Pleno dia";"Crescente";"Nublado";"Múltipla";"Reta";"Sim";2;0;0;0;1;1;0;2;-23,51439416;-46,57805824;"SPRF-SP";"DEL01/SP";"UOP01-DEL01-SP"
768197;2026-04-29;"quarta-feira";"14:20:00";"PR";376;614;"SAO JOSE DOS PINHAIS";"Velocidade Incompatível";"Saída de leito carroçável";"Com Vítimas Feridas";"Pleno dia";"Decrescente";"Chuva";"Simples";"Curva";"Sim";3;0;1;0;2;0;1;1;-25,56740866;-49,1812834;"SPRF-PR";"DEL01/PR";"UOP03-DEL01-PR"
768198;2026-04-29;"quarta-feira";"14:18:00";"PR";376;157,1;"MANDAGUACU";"Avarias e/ou desgaste excessivo no pneu";"Tombamento";"Com Vítimas Feridas";"Pleno dia";"Decrescente";"Nublado";"Dupla";"Curva";"Sim";1;0;0;1;0;0;1;1;-23,34545636;-52,08991226;"SPRF-PR";"DEL09/PR";"UOP02-DEL09-PR"
768200;2026-04-29;"quarta-feira";"15:00:00";"PE";104;65;"CARUARU";"Ausência de reação do condutor";"Colisão traseira";"Sem Vítimas";"Pleno dia";"Decrescente";"Nublado";"Dupla";"Reta";"Sim";2;0;0;0;2;0;0;2;-8,27797;-35,98125;"SPRF-PE";"DEL02/PE";"UOP01-DEL02-PE"
768205;2026-04-29;"quarta-feira";"09:00:00";"MG";381;243,3;"SANTANA DO PARAISO";"Ausência de reação do condutor";"Colisão traseira";"Com Vítimas Feridas";"Pleno dia";"Decrescente";"Céu Claro";"Simples";"Reta";"Não";2;0;1;0;1;0;1;2;-19,45262113;-42,51967616;"SPRF-MG";"DEL06/MG";"UOP01-DEL06-MG"
768208;2026-04-29;"quarta-feira";"14:40:00";"SC";101;185;"BIGUACU";"Condutor deixou de manter distância do veículo da frente";"Colisão traseira";"Sem Vítimas";"Pleno dia";"Crescente";"Garoa/Chuvisco";"Dupla";"Curva";"Sim";2;0;0;0;2;0;0;2;-27,42370942;-48,62491965;"SPRF-SC";"DEL01/SC";"UOP01-DEL01-SC"
768210;2026-04-29;"quarta-feira";"12:10:00";"MG";50;72;"UBERLANDIA";"Ausência de reação do condutor";"Colisão traseira";"Com Vítimas Feridas";"Pleno dia";"Decrescente";"Sol";"Dupla";"Reta";"Sim";2;0;1;0;1;0;1;2;-18,906319;-48,229755;"SPRF-MG";"DEL15/MG";"UOP01-DEL15-MG"
768212;2026-04-29;"quarta-feira";"15:50:00";"MG";116;625,7;"ORIZANIA";"Transitar na contramão";"Colisão frontal";"Com Vítimas Feridas";"Pleno dia";"Crescente";"Céu Claro";"Simples";"Reta";"Não";2;0;2;0;0;0;2;2;-20,554036;-42,208586;"SPRF-MG";"DEL07/MG";"UOP02-DEL07-MG"
768214;2026-04-10;"sexta-feira";"08:46:00";"GO";364;78;"CACHOEIRA ALTA";"Condutor Dormindo";"Colisão frontal";"Com Vítimas Feridas";"Pleno dia";"Crescente";"Sol";"Simples";"Curva";"Não";5;0;3;2;0;0;5;2;-18,600852;-51,04655;"SPRF-GO";"DEL05/GO";"UOP02-DEL05-GO"
768215;2026-04-29;"quarta-feira";"07:40:00";"SC";163;71;"SAO MIGUEL DO OESTE";"Acessar a via sem observar a presença dos outros veículos";"Colisão transversal";"Sem Vítimas";"Pleno dia";"Crescente";"Nublado";"Simples";"Curva";"Não";3;0;0;0;3;0;0;2;-26,71285783;-53,51560593;"SPRF-SC";"DEL07/SC";"UOP03-DEL07-SC"
768218;2026-04-29;"quarta-feira";"16:00:00";"DF";70;11;"BRASILIA";"Condutor deixou de manter distância do veículo da frente";"Colisão traseira";"Com Vítimas Feridas";"Pleno dia";"Crescente";"Céu Claro";"Dupla";"Reta";"Sim";2;0;1;0;1;0;1;2;-15,791196;-48,154924;"SPRF-DF";"DEL03-DF";"UOP02-DEL03-DF"
768220;2026-04-29;"quarta-feira";"11:35:00";"RJ";40;111;"DUQUE DE CAXIAS";"Condutor Dormindo";"Saída de leito carroçável";"Com Vítimas Fatais";"Pleno dia";"Decrescente";"Céu Claro";"Múltipla";"Reta";"Sim";1;1;0;0;0;0;0;1;-22,693955;-43,288101;"SPRF-RJ";"DEL01/RJ";"UOP02-DEL01-RJ"
768223;2026-04-29;"quarta-feira";"16:30:00";"PE";101;71,9;"RECIFE";"Condutor deixou de manter distância do veículo da frente";"Colisão traseira";"Com Vítimas Feridas";"Pleno dia";"Decrescente";"Céu Claro";"Dupla";"Reta";"Sim";3;0;2;0;1;0;2;2;-8,084508;-34,944552;"SPRF-PE";"DEL01/PE";"UOP01-DEL01-PE"
768224;2026-04-29;"quarta-feira";"13:00:00";"RJ";101;582;"PARATY";"Reação tardia ou ineficiente do condutor";"Colisão traseira";"Com Vítimas Feridas";"Pleno dia";"Crescente";"Céu Claro";"Simples";"Reta";"Não";4;0;3;0;1;0;3;2;-23,25342;-44,69962;"SPRF-RJ";"DEL03/RJ";"UOP04-DEL03-RJ"
768226;2026-04-29;"quarta-feira";"16:56:00";"RN";405;3,7;"MOSSORO";"Acessar a via sem observar a presença dos outros veículos";"Colisão transversal";"Com Vítimas Feridas";"Pleno dia";"Crescente";"Céu Claro";"Simples";"Reta";"Sim";3;0;3;0;0;0;3;2;-5,194527;-37,3583804;"SPRF-RN";"DEL04-RN";"UOP02-DEL04-RN"
768229;2026-04-29;"quarta-feira";"16:49:00";"ES";259;101,5;"BAIXO GUANDU";"Acessar a via sem observar a presença dos outros veículos";"Colisão transversal";"Com Vítimas Feridas";"Pleno dia";"Crescente";"Céu Claro";"Simples";"Reta";"Sim";4;0;1;0;3;0;1;2;-19,52199601;-41,01246017;"SPRF-ES";"DEL02-ES";"UOP01-DEL02-ES"
768234;2026-04-29;"quarta-feira";"14:25:00";"MG";40;706;"BARBACENA";"Transitar na contramão";"Colisão frontal";"Com Vítimas Feridas";"Pleno dia";"Decrescente";"Céu Claro";"Simples";"Curva";"Não";2;0;1;0;1;0;1;2;-21,21819528;-43,74449585;"SPRF-MG";"DEL05/MG";"UOP02-DEL05-MG"
768235;2026-04-29;"quarta-feira";"16:45:00";"RN";226;176,1;"CURRAIS NOVOS";"Ingestão de álcool pelo condutor";"Colisão lateral mesmo sentido";"Sem Vítimas";"Pleno dia";"Decrescente";"Sol";"Simples";"Curva";"Sim";2;0;0;0;2;0;0;2;-6,26237417;-36,5168105;"SPRF-RN";"DEL03-RN";"UOP02-DEL03-RN"
768236;2026-04-29;"quarta-feira";"17:00:00";"PA";316;40;"SANTA IZABEL DO PARA";"Ausência de reação do condutor";"Colisão traseira";"Com Vítimas Feridas";"Pleno dia";"Decrescente";"Céu Claro";"Dupla";"Reta";"Não";2;0;1;0;1;0;1;2;-1,278397;-48,113793;"SPRF-PA";"DEL01/PA";"UOP01-DEL01-PA"
768237;2026-04-29;"quarta-feira";"17:25:00";"BA";324;606;"SIMOES FILHO";"Manobra de mudança de faixa";"Colisão lateral mesmo sentido";"Com Vítimas Feridas";"Anoitecer";"Crescente";"Céu Claro";"Dupla";"Reta";"Sim";2;0;1;0;1;0;1;2;-12,81375785;-38,40554811;"SPRF-BA";"DEL01/BA";"UOP01-DEL01-BA"
768238;2026-04-29;"quarta-feira";"16:00:00";"MG";381;481;"CONTAGEM";"Demais falhas mecânicas ou elétricas";"Incêndio";"Sem Vítimas";"Pleno dia";"Crescente";"Céu Claro";"Múltipla";"Reta";"Sim";1;0;0;0;0;1;0;1;-19,95900386;-44,06581728;"SPRF-MG";"DEL01/MG";"UOP03-DEL01-MG"
768239;2026-04-29;"quarta-feira";"13:50:00";"RJ";116;212;"SEROPEDICA";"Demais falhas mecânicas ou elétricas";"Queda de ocupante de veículo";"Com Vítimas Feridas";"Pleno dia";"Decrescente";"Céu Claro";"Múltipla";"Reta";"Sim";1;0;1;0;0;0;1;1;-22,7165819;-43,7152511;"SPRF-RJ";"DEL06/RJ";"UOP02-DEL06-RJ"
768241;2026-04-29;"quarta-feira";"15:20:00";"RJ";116;131;"MAGE";"Reação tardia ou ineficiente do condutor";"Colisão com objeto";"Com Vítimas Feridas";"Pleno dia";"Crescente";"Sol";"Dupla";"Reta";"Sim";1;0;1;0;0;0;1;1;-22,6593897;-43,0910041;"SPRF-RJ";"DEL04/RJ";"UOP02-DEL04-RJ"
768242;2026-04-29;"quarta-feira";"17:20:00";"SP";101;46;"UBATUBA";"Acesso irregular";"Colisão transversal";"Com Vítimas Feridas";"Plena Noite";"Decrescente";"Nublado";"Simples";"Reta";"Sim";2;0;1;0;1;0;1;2;-23,41030523;-45,06488507;"SPRF-SP";"DEL06/SP";"UOP01-DEL06-SP"
768245;2026-04-29;"quarta-feira";"16:20:00";"RJ";116;217;"SEROPEDICA";"Acesso irregular";"Colisão lateral mesmo sentido";"Com Vítimas Feridas";"Anoitecer";"Crescente";"Céu Claro";"Dupla";"Curva";"Não";2;0;1;0;1;0;1;2;-22,700232;-43,75101177;"SPRF-RJ";"DEL06/RJ";"UOP02-DEL06-RJ"
768246;2026-04-29;"quarta-feira";"17:59:00";"RN";405;6;"MOSSORO";"Falta de acostamento";"Atropelamento de Pedestre";"Com Vítimas Feridas";"Plena Noite";"Decrescente";"Nublado";"Simples";"Reta";"Não";3;0;1;1;1;0;2;3;-5,196507;-37,41251;"SPRF-RN";"DEL04-RN";"UOP02-DEL04-RN"
768248;2026-04-26;"domingo";"06:30:00";"SC";101;206;"SAO JOSE";"Ingestão de álcool pelo condutor";"Colisão com objeto";"Sem Vítimas";"Pleno dia";"Crescente";"Chuva";"Dupla";"Reta";"Sim";1;0;0;0;1;0;0;1;-27,5864549;-48,6173028;"SPRF-SC";"DEL01/SC";"UOP01-DEL01-SC"
768250;2026-04-29;"quarta-feira";"14:30:00";"SC";280;34;"ARAQUARI";"Acessar a via sem observar a presença dos outros veículos";"Colisão traseira";"Com Vítimas Feridas";"Pleno dia";"Decrescente";"Chuva";"Simples";"Reta";"Sim";3;0;2;1;0;0;3;2;-26,42544865;-48,78668753;"SPRF-SC";"DEL03/SC";"UOP03-DEL03-SC"
768251;2026-04-29;"quarta-feira";"18:10:00";"RJ";101;323;"NITEROI";"Ausência de reação do condutor";"Tombamento";"Com Vítimas Feridas";"Plena Noite";"Decrescente";"Céu Claro";"Dupla";"Reta";"Sim";2;0;2;0;0;0;2;1;-22,87668916;-43,11738327;"SPRF-RJ";"DEL02/RJ";"UOP01-DEL02-RJ"
768253;2026-04-29;"quarta-feira";"18:10:00";"RJ";101;575;"PARATY";"Retorno proibido";"Colisão transversal";"Com Vítimas Feridas";"Plena Noite";"Decrescente";"Nublado";"Simples";"Reta";"Sim";2;0;1;0;1;0;1;2;-23,22153412;-44,73374097;"SPRF-RJ";"DEL03/RJ";"UOP04-DEL03-RJ"
768254;2026-04-29;"quarta-feira";"16:00:00";"RJ";40;123;"DUQUE DE CAXIAS";"Avarias e/ou desgaste excessivo no pneu";"Tombamento";"Com Vítimas Feridas";"Pleno dia";"Crescente";"Céu Claro";"Dupla";"Reta";"Sim";2;0;1;0;1;0;1;1;-22,79976258;-43,2903707;"SPRF-RJ";"DEL01/RJ";"UOP02-DEL01-RJ"
768255;2026-04-29;"quarta-feira";"12:15:00";"SC";282;503,3;"XANXERE";"Ausência de reação do condutor";"Colisão lateral mesmo sentido";"Com Vítimas Feridas";"Pleno dia";"Crescente";"Céu Claro";"Simples";"Reta";"Não";3;0;0;1;2;0;1;2;-26,884335;-52,40049362;"SPRF-SC";"DEL07/SC";"UOP01-DEL07-SC"
768256;2026-04-29;"quarta-feira";"16:10:00";"SC";101;0,8;"GARUVA";"Velocidade Incompatível";"Saída de leito carroçável";"Com Vítimas Feridas";"Anoitecer";"Decrescente";"Chuva";"Dupla";"Curva";"Não";1;0;1;0;0;0;1;1;-25,98416865;-48,88494854;"SPRF-SC";"DEL03/SC";"UOP01-DEL03-SC"
768258;2026-04-29;"quarta-feira";"18:15:00";"MG";40;690,7;"RESSAQUINHA";"Acessar a via sem observar a presença dos outros veículos";"Colisão transversal";"Com Vítimas Feridas";"Plena Noite";"Crescente";"Céu Claro";"Simples";"Reta";"Não";4;0;0;2;1;1;2;3;-21,10245459;-43,76368046;"SPRF-MG";"DEL05/MG";"UOP02-DEL05-MG"
768259;2026-04-29;"quarta-feira";"19:00:00";"RS";116;555,9;"CAPAO DO LEAO";"Ausência de reação do condutor";"Colisão frontal";"Com Vítimas Feridas";"Plena Noite";"Decrescente";"Céu Claro";"Simples";"Reta";"Não";9;0;4;0;4;1;4;4;-31,89444562;-52,65772216;"SPRF-RS";"DEL07/RS";"UOP03-DEL07-RS"
768260;2026-04-29;"quarta-feira";"15:05:00";"RJ";116;264,5;"VOLTA REDONDA";"Mal súbito do condutor";"Capotamento";"Com Vítimas Feridas";"Pleno dia";"Decrescente";"Céu Claro";"Dupla";"Reta";"Não";1;0;1;0;0;0;1;1;-22,59072503;-44,07997792;"SPRF-RJ";"DEL07/RJ";"UOP02-DEL07-RJ"
768263;2026-04-29;"quarta-feira";"19:30:00";"SC";101;206,1;"SAO JOSE";"Reação tardia ou ineficiente do condutor";"Engavetamento";"Sem Vítimas";"Plena Noite";"Crescente";"Garoa/Chuvisco";"Múltipla";"Reta";"Sim";12;0;0;0;12;0;0;8;-27,592452;-48,618547;"SPRF-SC";"DEL01/SC";"UOP01-DEL01-SC"
768268;2026-04-29;"quarta-feira";"17:50:00";"PB";230;138,1;"MASSARANDUBA";"Afundamento ou ondulação no pavimento";"Tombamento";"Com Vítimas Feridas";"Plena Noite";"Crescente";"Nublado";"Dupla";"Reta;Em Obras";"Não";1;0;1;0;0;0;1;1;-7,26931;-35,790792;"SPRF-PB";"DEL02-PB";"UOP01-DEL02-PB"
768269;2026-04-29;"quarta-feira";"18:00:00";"MG";116;537,8;"SANTA RITA DE MINAS";"Acessar a via sem observar a presença dos outros veículos";"Colisão frontal";"Com Vítimas Feridas";"Plena Noite";"Decrescente";"Céu Claro";"Simples";"Reta";"Sim";2;0;0;1;1;0;1;2;-19,87794106;-42,1309796;"SPRF-MG";"DEL06/MG";"UOP02-DEL06-MG"
768270;2026-04-29;"quarta-feira";"20:00:00";"SP";116;212;"GUARULHOS";"Reação tardia ou ineficiente do condutor";"Tombamento";"Com Vítimas Feridas";"Plena Noite";"Decrescente";"Nublado";"Múltipla";"Reta";"Sim";1;0;1;0;0;0;1;1;-23,43739848;-46,43148422;"SPRF-SP";"DEL01/SP";"UOP01-DEL01-SP"
768271;2026-04-29;"quarta-feira";"17:40:00";"RS";293;431;"QUARAI";"Reação tardia ou ineficiente do condutor";"Colisão traseira";"Com Vítimas Feridas";"Anoitecer";"Decrescente";"Céu Claro";"Simples";"Reta";"Não";5;0;1;1;3;0;2;2;-30,43615877;-56,33639932;"SPRF-RS";"DEL11/RS";"UOP01-DEL11-RS"
768274;2026-04-29;"quarta-feira";"19:15:00";"PB";230;36,5;"SANTA RITA";"Condutor deixou de manter distância do veículo da frente";"Colisão lateral mesmo sentido";"Com Vítimas Feridas";"Plena Noite";"Crescente";"Céu Claro";"Dupla";"Aclive;Reta";"Sim";4;0;1;1;2;0;2;2;-7,127418;-34,951207;"SPRF-PB";"DEL01-PB";"UOP02-DEL01-PB"
768275;2026-04-29;"quarta-feira";"20:15:00";"RS";116;261;"CANOAS";"Condutor deixou de manter distância do veículo da frente";"Colisão traseira";"Com Vítimas Feridas";"Plena Noite";"Decrescente";"Céu Claro";"Dupla";"Em Obras";"Sim";2;0;1;0;1;0;1;2;-29,87621809;-51,18015091;"SPRF-RS";"DEL01/RS";"UOP01-DEL01-RS"
768276;2026-04-29;"quarta-feira";"19:00:00";"SC";116;89,7;"MONTE CASTELO";"Acessar a via sem observar a presença dos outros veículos";"Colisão transversal";"Com Vítimas Fatais";"Plena Noite";"Decrescente";"Chuva";"Simples";"Declive;Reta";"Não";7;1;0;0;6;0;0;2;-26,635739;-50,252785;"SPRF-SC";"DEL06/SC";"UOP02-DEL06-SC"
768277;2026-04-09;"quinta-feira";"10:40:00";"DF";70;0;"BRASILIA";"Reação tardia ou ineficiente do condutor";"Colisão com objeto";"Sem Vítimas";"Pleno dia";"Crescente";"Nublado";"Dupla";"Reta";"Não";3;0;0;0;3;0;0;3;-15,78418014;-48,23243737;"SPRF-DF";"DEL03-DF";"UOP02-DEL03-DF"
768279;2026-04-29;"quarta-feira";"18:45:00";"AC";307;188;"CRUZEIRO DO SUL";"Acumulo de areia ou detritos sobre o pavimento";"Queda de ocupante de veículo";"Com Vítimas Feridas";"Plena Noite";"Decrescente";"Ignorado";"Simples";"Reta";"Sim";1;0;1;0;0;0;1;1;-7,6444177;-72,65890466;"SPRF-AC";"DEL01-AC";"UOP03-DEL01-AC"
768281;2026-04-29;"quarta-feira";"13:00:00";"SP";381;86;"SAO PAULO";"Ausência de reação do condutor";"Atropelamento de Animal";"Sem Vítimas";"Pleno dia";"Decrescente";"Céu Claro";"Múltipla";"Reta";"Sim";1;0;0;0;0;1;0;1;-23,47037601;-46,5663871;"SPRF-SP";"DEL03/SP";"UOP01-DEL03-SP"
768282;2026-04-29;"quarta-feira";"19:20:00";"MA";135;40;"BACABEIRA";"Acumulo de água sobre o pavimento";"Saída de leito carroçável";"Com Vítimas Feridas";"Plena Noite";"Decrescente";"Chuva";"Dupla";"Reta";"Não";1;0;1;0;0;0;1;1;-2,895443;-44,370935;"SPRF-MA";"DEL01-MA";"UOP01-DEL01-MA"
768283;2026-04-29;"quarta-feira";"20:40:00";"RJ";101;329;"RIO DE JANEIRO";"Reação tardia ou ineficiente do condutor";"Colisão traseira";"Com Vítimas Feridas";"Plena Noite";"Crescente";"Nublado";"Dupla";"Reta";"Não";3;0;1;0;2;0;1;2;-22,8685987;-43,1831065;"SPRF-RJ";"DEL02/RJ";"UOP01-DEL02-RJ"
768284;2026-04-29;"quarta-feira";"19:00:00";"SC";101;125;"ITAJAI";"Demais falhas mecânicas ou elétricas";"Incêndio";"Sem Vítimas";"Plena Noite";"Crescente";"Chuva";"Múltipla";"Reta";"Não";1;0;0;0;1;0;0;1;-26,94762758;-48,68419647;"SPRF-SC";"DEL04/SC";"UOP04-DEL04-SC"
768285;2026-04-29;"quarta-feira";"19:30:00";"PR";376;415;"TIBAGI";"Velocidade Incompatível";"Saída de leito carroçável";"Com Vítimas Feridas";"Plena Noite";"Decrescente";"Chuva";"Dupla";"Curva;Retorno Regulamentado";"Não";4;0;1;0;3;0;1;1;-24,68916;-50,58356;"SPRF-PR";"DEL03/PR";"UOP02-DEL03-PR"
768287;2026-04-29;"quarta-feira";"19:30:00";"PR";369;350;"CAMPO MOURAO";"Chuva";"Colisão traseira";"Sem Vítimas";"Plena Noite";"Decrescente";"Chuva";"Simples";"Reta;Declive";"Não";3;0;0;0;3;0;0;2;-24,12544863;-52,43405342;"SPRF-PR";"DEL09/PR";"UOP03-DEL09-PR"
768291;2026-04-29;"quarta-feira";"21:19:00";"TO";153;147,6;"ARAGUAINA";"Reação tardia ou ineficiente do condutor";"Colisão traseira";"Com Vítimas Feridas";"Plena Noite";"Crescente";"Céu Claro";"Dupla";"Reta";"Sim";2;0;1;0;1;0;1;2;-7,22940453;-48,25194089;"SPRF-TO";"DEL02-TO";"UOP01-DEL02-TO"
768295;2026-03-19;"quinta-feira";"12:50:00";"BA";324;453;"TANQUINHO";"Demais falhas mecânicas ou elétricas";"Incêndio";"Sem Vítimas";"Pleno dia";"Decrescente";"Céu Claro";"Simples";"Reta";"Não";1;0;0;0;1;0;0;1;-11,980647;-39,096129;"SPRF-BA";"DEL04/BA";"UOP02-DEL04-BA"
768296;2026-04-29;"quarta-feira";"22:00:00";"MG";40;434;"PARAOPEBA";"Ingestão de álcool pelo condutor";"Capotamento";"Com Vítimas Feridas";"Plena Noite";"Decrescente";"Céu Claro";"Dupla";"Reta";"Não";2;0;1;0;1;0;1;1;-19,2149;-44,45687;"SPRF-MG";"DEL02/MG";"UOP01-DEL02-MG"
768297;2026-04-29;"quarta-feira";"18:40:00";"PI";230;194,6;"OEIRAS";"Transitar na contramão";"Colisão frontal";"Com Vítimas Feridas";"Plena Noite";"Decrescente";"Céu Claro";"Simples";"Reta";"Sim";2;0;0;1;1;0;1;2;-6,99417435;-42,10387643;"SPRF-PI";"DEL04-PI";"UOP01-DEL04-PI"
768298;2026-04-29;"quarta-feira";"21:50:00";"PR";369;443,1;"UBIRATA";"Ingestão de álcool pelo condutor";"Saída de leito carroçável";"Sem Vítimas";"Plena Noite";"Crescente";"Garoa/Chuvisco";"Simples";"Reta";"Não";1;0;0;0;1;0;0;1;-24,556842;-53,084253;"SPRF-PR";"DEL04/PR";"UOP03-DEL04-PR"
768300;2026-04-29;"quarta-feira";"22:12:00";"RJ";101;60,5;"CAMPOS DOS GOYTACAZES";"Acessar a via sem observar a presença dos outros veículos";"Colisão transversal";"Com Vítimas Feridas";"Plena Noite";"Decrescente";"Céu Claro";"Simples";"Interseção de Vias";"Sim";3;0;1;2;0;0;3;2;-21,72418612;-41,31913869;"SPRF-RJ";"DEL08/RJ";"UOP01-DEL08-RJ"
768303;2026-04-29;"quarta-feira";"22:00:00";"PE";232;61,9;"POMBOS";"Acumulo de água sobre o pavimento";"Saída de leito carroçável";"Sem Vítimas";"Plena Noite";"Crescente";"Chuva";"Dupla";"Aclive;Reta";"Não";1;0;0;0;1;0;0;1;-8,156967;-35,427298;"SPRF-PE";"DEL02/PE";"UOP02-DEL02PE"
768306;2026-04-25;"sábado";"22:00:00";"MS";376;169;"NOVA ANDRADINA";"Ausência de reação do condutor";"Eventos atípicos";"Sem Vítimas";"Plena Noite";"Decrescente";"Céu Claro";"Simples";"Reta";"Não";1;0;0;0;0;1;0;1;-22,29021921;-53,3832351;"SPRF-MS";"DEL04/MS";"UOP04-DEL04-MS"
768307;2026-04-29;"quarta-feira";"22:20:00";"PR";277;4,4;"FOZ DO IGUACU";"Ingestão de álcool pelo condutor";"Saída de leito carroçável";"Com Vítimas Feridas";"Plena Noite";"Decrescente";"Nublado";"Simples";"Reta";"Não";1;0;1;0;0;0;1;1;-25,52604016;-54,5283591;"SPRF-PR";"DEL05/PR";"UOP04-DEL05-PR"
768308;2026-04-29;"quarta-feira";"21:35:00";"GO";153;507,4;"APARECIDA DE GOIANIA";"Mal súbito do condutor";"Saída de leito carroçável";"Com Vítimas Feridas";"Plena Noite";"Decrescente";"Céu Claro";"Dupla";"Viaduto";"Sim";1;0;0;1;0;0;1;1;-16,766533;-49,239399;"SPRF-GO";"DEL01/GO";"UOP03-DEL01-GO"
768309;2026-04-29;"quarta-feira";"23:15:00";"RJ";116;175;"SAO JOAO DE MERITI";"Transitar na contramão";"Colisão frontal";"Com Vítimas Feridas";"Plena Noite";"Crescente";"Céu Claro";"Dupla";"Reta";"Sim";3;0;3;0;0;0;3;2;-22,79150261;-43,36908525;"SPRF-RJ";"DEL06/RJ";"UOP01-DEL06-RJ"
768310;2026-04-29;"quarta-feira";"22:39:00";"RJ";101;482;"ANGRA DOS REIS";"Reação tardia ou ineficiente do condutor";"Colisão transversal";"Com Vítimas Feridas";"Plena Noite";"Decrescente";"Céu Claro";"Dupla";"Reta";"Sim";3;0;1;1;0;1;2;2;-23,005208;-44,297635;"SPRF-RJ";"DEL03/RJ";"UOP03-DEL03-RJ"
768312;2026-04-30;"quinta-feira";"00:10:00";"PR";277;26,4;"MORRETES";"Animais na Pista";"Atropelamento de Animal";"Com Vítimas Feridas";"Plena Noite";"Decrescente";"Garoa/Chuvisco";"Dupla";"Reta";"Não";1;0;1;0;0;0;1;1;-25,53751321;-48,76787838;"SPRF-PR";"DEL01/PR";"UOP05-DEL01-PR"
768315;2026-04-30;"quinta-feira";"00:10:00";"RS";158;325;"SANTA MARIA";"Ausência de reação do condutor";"Colisão transversal";"Com Vítimas Feridas";"Plena Noite";"Crescente";"Céu Claro";"Simples";"Interseção de Vias;Reta;Em Obras";"Sim";2;0;1;0;1;0;1;2;-29,712008;-53,805903;"SPRF-RS";"DEL09/RS";"UOP01-DEL09-RS"
768320;2026-04-30;"quinta-feira";"01:22:00";"PE";232;110,6;"BEZERROS";"Ingestão de álcool pelo condutor";"Saída de leito carroçável";"Sem Vítimas";"Plena Noite";"Crescente";"Nublado";"Dupla";"Reta";"Não";1;0;0;0;1;0;0;1;-8,29334;-35,82537;"SPRF-PE";"DEL02/PE";"UOP03-DEL02-PE"
768324;2026-04-30;"quinta-feira";"01:40:00";"SC";470;86,2;"RODEIO";"Ausência de reação do condutor";"Saída de leito carroçável";"Sem Vítimas";"Plena Noite";"Decrescente";"Garoa/Chuvisco";"Simples";"Curva;Interseção de Vias";"Não";1;0;0;0;0;1;0;1;-26,94959753;-49,35976077;"SPRF-SC";"DEL04/SC";"UOP01-DEL04-SC"
768325;2026-04-30;"quinta-feira";"01:30:00";"RJ";116;21;"SAPUCAIA";"Condutor Dormindo";"Saída de leito carroçável";"Com Vítimas Feridas";"Plena Noite";"Crescente";"Céu Claro";"Simples";"Reta";"Não";2;0;1;0;1;0;1;1;-22,014438;-42,7661;"SPRF-RJ";"DEL05/RJ";"UOP01-DEL05-RJ"
768326;2026-04-30;"quinta-feira";"01:50:00";"BA";116;493,5;"RAFAEL JAMBEIRO";"Ingestão de álcool pelo condutor";"Colisão frontal";"Com Vítimas Fatais";"Plena Noite";"Decrescente";"Céu Claro";"Dupla";"Aclive";"Não";6;2;3;0;1;0;3;2;-12,577407;-39,507649;"SPRF-BA";"DEL02/BA";"UOP01-DEL02-BA"
768328;2026-04-30;"quinta-feira";"03:30:00";"DF";40;7,3;"BRASILIA";"Ingestão de álcool pelo condutor";"Saída de leito carroçável";"Sem Vítimas";"Plena Noite";"Crescente";"Céu Claro";"Dupla";"Reta";"Sim";2;0;0;0;2;0;0;1;-16,041632;-47,980047;"SPRF-DF";"DEL01-DF";"UOP01-DEL01-DF"
768329;2026-04-30;"quinta-feira";"04:17:00";"SP";116;219;"GUARULHOS";"Transitar na contramão";"Colisão frontal";"Com Vítimas Feridas";"Plena Noite";"Crescente";"Ignorado";"Simples";"Curva;Viaduto";"Sim";3;0;1;0;2;0;1;2;-23,46154985;-46,48940787;"SPRF-SP";"DEL01/SP";"UOP01-DEL01-SP"