"id";"data_inversa";"dia_semana";"horario";"uf";"br";"km";"municipio";"causa_acidente";"tipo_acidente";"classificacao_acidente";"fase_dia";"sentido_via";"condicao_metereologica";"tipo_pista";"tracado_via";"uso_solo";"pessoas";"mortos";"feridos_leves";"feridos_graves";"ilesos";"ignorados";"feridos";"veiculos";"latitude";"longitude";"regional";"delegacia";"uop"
769034;2026-05-02;"sábado";"20:00:00";"PR";116;8;"CAMPINA GRANDE DO SUL";"Chuva";"Saída de leito carroçável";"Com Vítimas Feridas";"Plena Noite";"Crescente";"Chuva";"Dupla";"Reta;Declive";"Não";3;0;3;0;0;0;3;1;-25,081888;-48,626454;"SPRF-PR";"DEL01/PR";"UOP02-DEL01-PR"
769035;2026-05-02;"sábado";"20:30:00";"PR";116;59;"CAMPINA GRANDE DO SUL";"Ingestão de álcool pelo condutor";"Capotamento";"Com Vítimas Feridas";"Plena Noite";"Crescente";"Chuva";"Dupla";"Curva;Declive";"Não";1;0;1;0;0;0;1;1;-25,304;-48,9447;"SPRF-PR";"DEL01/PR";"UOP02-DEL01-PR"
769036;2026-05-02;"sábado";"21:00:00";"RS";116;68,4;"CAMPESTRE DA SERRA";"Pedestre andava na pista";"Atropelamento de Pedestre";"Com Vítimas Feridas";"Plena Noite";"Crescente";"Céu Claro";"Simples";"Reta";"Não";5;0;0;1;4;0;1;2;-28,706018;-51,079352;"SPRF-RS";"DEL05/RS";"UOP03-DEL05-RS"
769037;2026-05-02;"sábado";"19:25:00";"RO";435;124;"CEREJEIRAS";"Desrespeitar a preferência no cruzamento";"Colisão transversal";"Com Vítimas Feridas";"Plena Noite";"Decrescente";"Céu Claro";"Dupla";"Reta;Interseção de Vias";"Sim";4;0;1;0;3;0;1;3;-13,188958;-60,816318;"SPRF-RO";"DEL04-RO";"UOP02-DEL04-RO"
769038;2026-05-02;"sábado";"22:00:00";"RJ";101;397;"ITAGUAI";"Condutor deixou de manter distância do veículo da frente";"Colisão traseira";"Com Vítimas Feridas";"Plena Noite";"Decrescente";"Céu Claro";"Múltipla";"Reta";"Sim";3;0;2;0;0;1;2;2;-22,85897337;-43,75931316;"SPRF-RJ";"DEL03/RJ";"UOP01-DEL03-RJ"
769040;2026-05-02;"sábado";"20:30:00";"PB";434;10;"JOCA CLAUDINO";"Ausência de reação do condutor";"Queda de ocupante de veículo";"Com Vítimas Feridas";"Plena Noite";"Crescente";"Garoa/Chuvisco";"Simples";"Reta";"Não";1;0;0;1;0;0;1;1;-6,458867;-38,463765;"SPRF-PB";"DEL03-PB";"UOP03-DEL03-PB"
769042;2026-05-02;"sábado";"23:30:00";"PE";101;69;"RECIFE";"Entrada inopinada do pedestre";"Atropelamento de Pedestre";"Com Vítimas Feridas";"Plena Noite";"Decrescente";"Céu Claro";"Dupla";"Reta";"Sim";3;0;0;1;1;1;1;2;-8,05966;-34,94565;"SPRF-PE";"DEL01/PE";"UOP01-DEL01-PE"
769043;2026-05-02;"sábado";"22:30:00";"MS";262;410,3;"TERENOS";"Animais na Pista";"Atropelamento de Animal";"Com Vítimas Feridas";"Plena Noite";"Crescente";"Céu Claro";"Simples";"Reta";"Não";3;0;1;0;2;0;1;1;-20,440808;-55,117608;"SPRF-MS";"DEL01/MS";"UOP03-DEL01-MS"
769044;2026-05-02;"sábado";"23:40:00";"PB";101;88,7;"JOAO PESSOA";"Condutor deixou de manter distância do veículo da frente";"Colisão traseira";"Com Vítimas Feridas";"Plena Noite";"Crescente";"Chuva";"Dupla";"Reta";"Sim";3;0;0;1;0;2;1;2;-7,169477;-34,897062;"SPRF-PB";"DEL01-PB";"UOP01-DEL01-PB"
769045;2026-05-02;"sábado";"23:40:00";"SC";101;272,9;"IMBITUBA";"Ingestão de álcool pelo condutor";"Colisão com objeto";"Sem Vítimas";"Plena Noite";"Decrescente";"Ignorado";"Simples";"Curva;Viaduto";"Não";1;0;0;0;1;0;0;1;-28,13026619;-48,69251168;"SPRF-SC";"DEL02/SC";"UOP03-DEL02-SC"
769046;2026-05-03;"domingo";"00:10:00";"GO";414;346;"COCALZINHO DE GOIAS";"Velocidade Incompatível";"Colisão com objeto";"Com Vítimas Feridas";"Plena Noite";"Crescente";"Céu Claro";"Simples";"Curva";"Não";1;0;1;0;0;0;1;1;-15,5743351;-48,6227568;"SPRF-GO";"DEL02/GO";"UOP01-DEL02-GO"
769047;2026-05-03;"domingo";"00:00:00";"MG";381;920,1;"CAMANDUCAIA";"Velocidade Incompatível";"Colisão com objeto";"Sem Vítimas";"Plena Noite";"Crescente";"Céu Claro";"Dupla";"Declive;Reta";"Não";1;0;0;0;0;1;0;1;-22,7598695;-46,1596794;"SPRF-MG";"DEL16/MG";"UOP03-DEL16-MG"
769048;2026-05-02;"sábado";"22:50:00";"RJ";101;297;"ITABORAI";"Conversão proibida";"Colisão transversal";"Com Vítimas Feridas";"Plena Noite";"Decrescente";"Céu Claro";"Dupla";"Reta";"Não";3;0;1;0;2;0;1;2;-22,77019115;-42,91995613;"SPRF-RJ";"DEL02/RJ";"UOP02-DEL02-RJ"
769049;2026-05-02;"sábado";"22:45:00";"SC";470;133,8;"RIO DO SUL";"Neblina";"Saída de leito carroçável";"Com Vítimas Feridas";"Plena Noite";"Decrescente";"Nevoeiro/Neblina";"Simples";"Interseção de Vias;Curva";"Sim";1;0;1;0;0;0;1;1;-27,17471024;-49,58942056;"SPRF-SC";"DEL04/SC";"UOP02-DEL04-SC"
769050;2026-05-03;"domingo";"00:45:00";"MT";70;0,3;"BARRA DO GARCAS";"Ultrapassagem Indevida";"Colisão com objeto";"Com Vítimas Feridas";"Plena Noite";"Crescente";"Céu Claro";"Simples";"Ponte;Reta";"Sim";1;0;1;0;0;0;1;1;-15,8946137;-52,25726735;"SPRF-MT";"DEL07/MT";"UOP01-DEL07-MT"
769051;2026-05-03;"domingo";"00:30:00";"MG";40;517;"RIBEIRAO DAS NEVES";"Condutor Dormindo";"Colisão lateral mesmo sentido";"Com Vítimas Feridas";"Plena Noite";"Decrescente";"Céu Claro";"Dupla";"Reta";"Sim";2;0;0;1;1;0;1;2;-19,83783784;-44,07500874;"SPRF-MG";"DEL01/MG";"UOP02-DEL01-MG"
769052;2026-05-03;"domingo";"00:35:00";"SC";101;169;"TIJUCAS";"Animais na Pista";"Atropelamento de Animal";"Com Vítimas Feridas";"Plena Noite";"Crescente";"Céu Claro";"Dupla";"Reta";"Não";3;0;0;3;0;0;3;1;-27,29534192;-48,63130074;"SPRF-SC";"DEL04/SC";"UOP03-DEL04-SC"
769053;2026-05-03;"domingo";"00:50:00";"RJ";493;23,9;"MAGE";"Condutor Dormindo";"Queda de ocupante de veículo";"Com Vítimas Feridas";"Plena Noite";"Crescente";"Céu Claro";"Simples";"Reta";"Sim";1;0;1;0;0;0;1;1;-22,65848832;-43,0793978;"SPRF-RJ";"DEL04/RJ";"UOP02-DEL04-RJ"
769055;2026-05-03;"domingo";"00:44:00";"RJ";101;511;"ANGRA DOS REIS";"Reação tardia ou ineficiente do condutor";"Colisão frontal";"Com Vítimas Fatais";"Plena Noite";"Crescente";"Céu Claro";"Simples";"Reta";"Não";3;1;0;0;1;1;0;3;-22,95644293;-44,43706675;"SPRF-RJ";"DEL03/RJ";"UOP03-DEL03-RJ"
769056;2026-05-03;"domingo";"01:00:00";"MG";40;517,6;"RIBEIRAO DAS NEVES";"Retorno proibido";"Colisão frontal";"Sem Vítimas";"Plena Noite";"Decrescente";"Céu Claro";"Dupla";"Retorno Regulamentado";"Sim";2;0;0;0;2;0;0;2;-19,8289652;-44,0831056;"SPRF-MG";"DEL01/MG";"UOP02-DEL01-MG"
769057;2026-05-03;"domingo";"02:15:00";"RJ";116;181;"NOVA IGUACU";"Demais falhas mecânicas ou elétricas";"Queda de ocupante de veículo";"Com Vítimas Feridas";"Plena Noite";"Decrescente";"Céu Claro";"Dupla";"Reta";"Sim";2;0;1;0;0;1;1;1;-22,7625439;-43,42173306;"SPRF-RJ";"DEL06/RJ";"UOP01-DEL06-RJ"
769058;2026-05-03;"domingo";"01:15:00";"RS";471;170,5;"RIO PARDO";"Pedestre andava na pista";"Atropelamento de Pedestre";"Com Vítimas Fatais";"Plena Noite";"Crescente";"Céu Claro";"Simples";"Reta";"Não";2;1;1;0;0;0;1;2;-29,94866097;-52,38000689;"SPRF-RS";"DEL02/RS";"UOP03-DEL02-RS"
769059;2026-05-02;"sábado";"22:45:00";"RO";364;49;"VILHENA";"Velocidade Incompatível";"Capotamento";"Com Vítimas Feridas";"Plena Noite";"Decrescente";"Céu Claro";"Simples";"Reta;Declive";"Não";3;0;1;0;2;0;1;2;-12,559807;-60,354159;"SPRF-RO";"DEL04-RO";"UOP01-DEL04-RO"
769060;2026-05-03;"domingo";"01:00:00";"RO";364;416,6;"JARU";"Ingestão de álcool pelo condutor";"Saída de leito carroçável";"Com Vítimas Feridas";"Plena Noite";"Crescente";"Céu Claro";"Simples";"Reta";"Não";1;0;1;0;0;0;1;1;-10,493165;-62,425367;"SPRF-RO";"DEL03-RO";"UOP02-DEL03-RO"
769061;2026-05-03;"domingo";"00:10:00";"MG";40;133;"JOAO PINHEIRO";"Ausência de reação do condutor";"Colisão traseira";"Com Vítimas Feridas";"Plena Noite";"Crescente";"Céu Claro";"Simples";"Curva";"Não";3;0;1;1;1;0;2;2;-17,72438235;-46,21995717;"SPRF-MG";"DEL14/MG";"UOP01-DEL14-MG"
769062;2026-05-03;"domingo";"02:40:00";"SC";101;88,1;"BARRA VELHA";"Velocidade Incompatível";"Capotamento";"Com Vítimas Feridas";"Plena Noite";"Crescente";"Nublado";"Dupla";"Reta";"Sim";4;0;3;0;1;0;3;1;-26,65088201;-48,68709326;"SPRF-SC";"DEL03/SC";"UOP02-DEL03-SC"
769063;2026-05-03;"domingo";"03:20:00";"MG";381;483;"BETIM";"Condutor Dormindo";"Colisão traseira";"Com Vítimas Feridas";"Plena Noite";"Decrescente";"Céu Claro";"Dupla";"Reta";"Sim";3;0;1;0;2;0;1;2;-19,958786;-44,07284;"SPRF-MG";"DEL01/MG";"UOP03-DEL01-MG"
769064;2026-05-03;"domingo";"03:31:00";"SP";116;284;"EMBU DAS ARTES";"Velocidade Incompatível";"Colisão com objeto";"Sem Vítimas";"Plena Noite";"Crescente";"Chuva";"Dupla";"Reta";"Sim";1;0;0;0;0;1;0;1;-23,67850514;-46,85821462;"SPRF-SP";"DEL04/SP";"UOP01-DEL04-SP"
769065;2026-05-03;"domingo";"01:00:00";"MS";267;98,2;"ANAURILANDIA";"Condutor Dormindo";"Saída de leito carroçável";"Com Vítimas Fatais";"Plena Noite";"Crescente";"Céu Claro";"Simples";"Curva";"Não";3;1;2;0;0;0;2;1;-21,854893;-53,032465;"SPRF-MS";"DEL02/MS";"UOP04-DEL02-MS"
769066;2026-05-03;"domingo";"04:10:00";"MG";381;509;"SAO JOAQUIM DE BICAS";"Manobra de mudança de faixa";"Colisão frontal";"Com Vítimas Feridas";"Plena Noite";"Decrescente";"Céu Claro";"Simples";"Reta";"Sim";2;0;2;0;0;0;2;2;-20,054486;-44,283498;"SPRF-MG";"DEL01/MG";"UOP03-DEL01-MG"
769068;2026-05-03;"domingo";"03:00:00";"RJ";40;114;"DUQUE DE CAXIAS";"Velocidade Incompatível";"Capotamento";"Com Vítimas Feridas";"Plena Noite";"Crescente";"Nublado";"Múltipla";"Reta";"Sim";2;0;1;0;1;0;1;1;-22,72101137;-43,28965663;"SPRF-RJ";"DEL01/RJ";"UOP02-DEL01-RJ"
769069;2026-05-03;"domingo";"03:50:00";"PR";277;663;"MEDIANEIRA";"Condutor deixou de manter distância do veículo da frente";"Colisão traseira";"Com Vítimas Feridas";"Plena Noite";"Decrescente";"Céu Claro";"Dupla";"Reta";"Não";2;0;0;1;1;0;1;2;-25,2528813;-54,0284302;"SPRF-PR";"DEL05/PR";"UOP02-DEL05-PR"
769072;2026-05-03;"domingo";"04:18:00";"SC";470;54;"BLUMENAU";"Desrespeitar a preferência no cruzamento";"Colisão transversal";"Sem Vítimas";"Plena Noite";"Crescente";"Céu Claro";"Dupla";"Curva";"Sim";2;0;0;0;2;0;0;2;-26,93440769;-49,11422;"SPRF-SC";"DEL04/SC";"UOP01-DEL04-SC"
769073;2026-05-03;"domingo";"04:29:00";"TO";153;721;"FIGUEIROPOLIS";"Ausência de reação do condutor";"Saída de leito carroçável";"Com Vítimas Feridas";"Plena Noite";"Crescente";"Céu Claro";"Simples";"Reta";"Não";3;0;1;2;0;0;3;1;-12,11919;-49,175742;"SPRF-TO";"DEL01-TO";"UOP02-DEL01-TO"
769074;2026-05-03;"domingo";"05:00:00";"ES";101;18;"PINHEIROS";"Ausência de reação do condutor";"Colisão lateral sentido oposto";"Com Vítimas Feridas";"Amanhecer";"Crescente";"Nublado";"Dupla";"Curva";"Não";4;0;1;1;2;0;2;3;-18,31416006;-39,95105238;"SPRF-ES";"DEL04-ES";"UOP02-DEL04-ES"
769075;2026-05-03;"domingo";"03:30:00";"RS";158;335;"SANTA MARIA";"Acessar a via sem observar a presença dos outros veículos";"Colisão transversal";"Com Vítimas Feridas";"Plena Noite";"Decrescente";"Céu Claro";"Simples";"Reta;Interseção de Vias";"Sim";4;0;0;1;2;1;1;3;-29,70791702;-53,85557977;"SPRF-RS";"DEL09/RS";"UOP01-DEL09-RS"
769076;2026-05-03;"domingo";"05:20:00";"MG";50;128;"UBERABA";"Velocidade Incompatível";"Saída de leito carroçável";"Com Vítimas Feridas";"Pleno dia";"Decrescente";"Céu Claro";"Dupla";"Reta";"Não";1;0;0;1;0;0;1;1;-19,872221;-48;"SPRF-MG";"DEL13/MG";"UOP01-DEL13-MG"
769077;2026-05-03;"domingo";"03:40:00";"MA";10;202,9;"RIBAMAR FIQUENE";"Ingestão de álcool pelo condutor";"Colisão lateral sentido oposto";"Com Vítimas Fatais";"Plena Noite";"Crescente";"Nevoeiro/Neblina";"Simples";"Reta;Declive";"Sim";3;1;0;0;2;0;0;2;-5,939892;-47,383798;"SPRF-MA";"DEL04-MA";"UOP01-DEL04-MA"
769078;2026-05-03;"domingo";"05:15:00";"GO";40;19;"LUZIANIA";"Acessar a via sem observar a presença dos outros veículos";"Colisão lateral mesmo sentido";"Com Vítimas Feridas";"Amanhecer";"Crescente";"Céu Claro";"Dupla";"Reta;Retorno Regulamentado";"Sim";3;0;2;0;1;0;2;2;-16,19765484;-47,92328596;"SPRF-DF";"DEL01-DF";"UOP01-DEL01-DF"
769080;2026-05-03;"domingo";"04:00:00";"GO";60;381,8;"RIO VERDE";"Ausência de reação do condutor";"Queda de ocupante de veículo";"Com Vítimas Feridas";"Plena Noite";"Decrescente";"Céu Claro";"Dupla";"Reta";"Sim";2;0;1;1;0;0;2;1;-17,790372;-50,906842;"SPRF-GO";"DEL04/GO";"UOP02-DEL04-GO"
769081;2026-05-03;"domingo";"05:10:00";"RS";290;0,2;"PORTO ALEGRE";"Condutor Dormindo";"Saída de leito carroçável";"Sem Vítimas";"Plena Noite";"Crescente";"Céu Claro";"Dupla";"Reta";"Sim";1;0;0;0;1;0;0;1;-29,96910328;-51,17603898;"SPRF-RS";"DEL01/RS";"UOP01-DEL01-RS"
769082;2026-05-02;"sábado";"21:55:00";"BA";324;7;"FEIRA DE SANTANA";"Condutor deixou de manter distância do veículo da frente";"Colisão lateral mesmo sentido";"Com Vítimas Feridas";"Plena Noite";"Decrescente";"Céu Claro";"Dupla";"Reta";"Sim";2;0;1;0;0;1;1;2;-12,27157755;-38,98656964;"SPRF-BA";"DEL02/BA";"UOP01-DEL02-BA"
769083;2026-05-02;"sábado";"22:20:00";"MG";356;285,8;"PATROCINIO DO MURIAE";"Desrespeitar a preferência no cruzamento";"Colisão transversal";"Com Vítimas Feridas";"Plena Noite";"Crescente";"Céu Claro";"Simples";"Interseção de Vias;Reta";"Sim";2;0;1;0;0;1;1;2;-21,12805961;-42,20051408;"SPRF-MG";"DEL07/MG";"UOP02-DEL07-MG"
769084;2026-05-03;"domingo";"05:05:00";"CE";20;211;"BOA VIAGEM";"Velocidade Incompatível";"Colisão traseira";"Com Vítimas Feridas";"Amanhecer";"Decrescente";"Nublado";"Simples";"Reta";"Não";7;0;5;0;1;1;5;2;-5,10530669;-39,71694946;"SPRF-CE";"DEL02/CE";"UOP02-DEL02-CE"
769085;2026-05-03;"domingo";"03:46:00";"RO";319;144;"PORTO VELHO";"Condutor desrespeitou a iluminação vermelha do semáforo";"Colisão transversal";"Com Vítimas Feridas";"Plena Noite";"Crescente";"Céu Claro";"Múltipla";"Interseção de Vias";"Sim";3;0;1;0;1;1;1;2;-8,763149;-63,885227;"SPRF-RO";"DEL01-RO";"UOP01-DEL01-RO"
769086;2026-05-03;"domingo";"06:15:00";"SP";153;54;"SAO JOSE DO RIO PRETO";"Reação tardia ou ineficiente do condutor";"Tombamento";"Com Vítimas Feridas";"Pleno dia";"Crescente";"Céu Claro";"Dupla";"Reta";"Não";1;0;1;0;0;0;1;1;-20,7517086;-49,34180673;"SPRF-SP";"DEL09/SP";"UOP01-DEL09-SP"
769087;2026-05-03;"domingo";"06:00:00";"PR";369;129;"JATAIZINHO";"Reação tardia ou ineficiente do condutor";"Colisão com objeto";"Com Vítimas Feridas";"Amanhecer";"Decrescente";"Céu Claro";"Simples";"Reta;Declive";"Sim";1;0;0;1;0;0;1;1;-23,2621257;-50,9767631;"SPRF-PR";"DEL07/PR";"UOP01-DEL07-PR"
769088;2026-05-03;"domingo";"06:30:00";"PR";476;119,2;"COLOMBO";"Ausência de reação do condutor";"Colisão traseira";"Com Vítimas Feridas";"Amanhecer";"Decrescente";"Chuva";"Dupla";"Aclive;Interseção de Vias;Reta";"Sim";2;0;1;0;1;0;1;2;-25,364807;-49,186218;"SPRF-PR";"DEL01/PR";"UOP01-DEL01-PR"
769090;2026-05-03;"domingo";"06:45:00";"PE";101;15,3;"GOIANA";"Ausência de reação do condutor";"Colisão traseira";"Com Vítimas Feridas";"Pleno dia";"Crescente";"Céu Claro";"Dupla";"Reta";"Não";2;0;0;1;0;1;1;2;-7,63254084;-34,96273868;"SPRF-PE";"DEL01/PE";"UOP02-DEL01-PE"
769091;2026-05-03;"domingo";"02:15:00";"PR";277;40;"MORRETES";"Ausência de reação do condutor";"Saída de leito carroçável";"Com Vítimas Feridas";"Plena Noite";"Crescente";"Céu Claro";"Dupla";"Curva";"Não";2;0;1;1;0;0;2;1;-25,582844;-48,86857;"SPRF-PR";"DEL01/PR";"UOP05-DEL01-PR"
769092;2026-05-02;"sábado";"15:00:00";"PR";376;384;"IMBAU";"Ausência de reação do condutor";"Saída de leito carroçável";"Sem Vítimas";"Pleno dia";"Decrescente";"Céu Claro";"Dupla";"Reta";"Não";1;0;0;0;1;0;0;1;-24,49157943;-50,73056571;"SPRF-PR";"DEL03/PR";"UOP02-DEL03-PR"
769093;2026-05-02;"sábado";"22:30:00";"SC";470;70,2;"INDAIAL";"Ausência de reação do condutor";"Capotamento";"Com Vítimas Feridas";"Plena Noite";"Decrescente";"Céu Claro";"Simples";"Reta";"Sim";3;0;2;1;0;0;3;1;-26,8928748;-49,25880997;"SPRF-SC";"DEL04/SC";"UOP01-DEL04-SC"
769094;2026-05-03;"domingo";"06:00:00";"SP";116;54,7;"LORENA";"Ausência de reação do condutor";"Colisão traseira";"Com Vítimas Feridas";"Amanhecer";"Decrescente";"Céu Claro";"Dupla";"Reta";"Sim";3;0;3;0;0;0;3;2;-22,76370591;-45,12261792;"SPRF-SP";"DEL08/SP";"UOP02-DEL08-SP"
769095;2026-05-03;"domingo";"07:32:00";"PE";101;65,9;"RECIFE";"Suicídio (presumido)";"Atropelamento de Pedestre";"Com Vítimas Feridas";"Pleno dia";"Decrescente";"Céu Claro";"Múltipla";"Reta";"Sim";2;0;1;0;1;0;1;2;-8,032987;-34,94203;"SPRF-PE";"DEL01/PE";"UOP01-DEL01-PE"
769098;2026-05-03;"domingo";"08:00:00";"PR";376;181;"MARINGA";"Demais falhas mecânicas ou elétricas";"Queda de ocupante de veículo";"Com Vítimas Feridas";"Amanhecer";"Decrescente";"Céu Claro";"Dupla";"Reta";"Sim";1;0;1;0;0;0;1;1;-23,42867765;-51,89278364;"SPRF-PR";"DEL09/PR";"UOP01-DEL09-PR"
769099;2026-05-03;"domingo";"07:00:00";"RS";290;414,8;"SAO GABRIEL";"Ausência de reação do condutor";"Saída de leito carroçável";"Com Vítimas Feridas";"Amanhecer";"Crescente";"Céu Claro";"Simples";"Reta";"Não";1;0;1;0;0;0;1;1;-30,362168;-54,295025;"SPRF-RS";"DEL11/RS";"UOP02-DEL11-RS"
769100;2026-05-03;"domingo";"07:40:00";"PR";116;40;"CAMPINA GRANDE DO SUL";"Chuva";"Colisão com objeto";"Com Vítimas Feridas";"Pleno dia";"Decrescente";"Chuva";"Dupla";"Aclive;Curva";"Não";2;0;1;0;1;0;1;1;-25,166555;-48,864197;"SPRF-PR";"DEL01/PR";"UOP02-DEL01-PR"
769102;2026-05-03;"domingo";"03:00:00";"MT";174;22;"PONTES E LACERDA";"Reação tardia ou ineficiente do condutor";"Saída de leito carroçável";"Com Vítimas Feridas";"Plena Noite";"Decrescente";"Céu Claro";"Simples";"Declive;Reta";"Não";1;0;1;0;0;0;1;1;-15,15487624;-59,4717643;"SPRF-MT";"DEL04/MT";"UOP01-DEL04-MT"
769103;2026-05-03;"domingo";"08:40:00";"BA";324;512;"FEIRA DE SANTANA";"Conversão proibida";"Colisão transversal";"Com Vítimas Feridas";"Pleno dia";"Crescente";"Sol";"Simples";"Reta";"Sim";2;0;1;0;1;0;1;2;-12,23203047;-38,95425646;"SPRF-BA";"DEL02/BA";"UOP01-DEL02-BA"
769104;2026-05-03;"domingo";"07:05:00";"RJ";40;77;"PETROPOLIS";"Pista Escorregadia";"Queda de ocupante de veículo";"Com Vítimas Feridas";"Pleno dia";"Crescente";"Chuva";"Simples";"Curva";"Não";1;0;1;0;0;0;1;1;-22,5284263;-43,2227975;"SPRF-RJ";"DEL01/RJ";"UOP01-DEL01-RJ"
769105;2026-05-03;"domingo";"04:30:00";"PB";361;111,5;"ITAPORANGA";"Ingestão de álcool pelo condutor";"Colisão frontal";"Com Vítimas Fatais";"Amanhecer";"Crescente";"Nevoeiro/Neblina";"Simples";"Curva";"Não";2;2;0;0;0;0;0;2;-7,301142;-38,13493;"SPRF-PB";"DEL03-PB";"UOP01-DEL03-PB"
769106;2026-05-03;"domingo";"08:00:00";"SP";381;86;"SAO PAULO";"Ausência de reação do condutor";"Colisão com objeto";"Com Vítimas Feridas";"Pleno dia";"Crescente";"Garoa/Chuvisco";"Dupla";"Reta";"Sim";1;0;1;0;0;0;1;1;-23,46392165;-46,57172936;"SPRF-SP";"DEL03/SP";"UOP01-DEL03-SP"
769107;2026-05-03;"domingo";"08:00:00";"GO";70;9;"AGUAS LINDAS DE GOIAS";"Estacionar ou parar em local proibido";"Colisão traseira";"Com Vítimas Feridas";"Pleno dia";"Decrescente";"Céu Claro";"Múltipla";"Reta";"Sim";3;0;0;1;2;0;1;3;-15,73639606;-48,28538342;"SPRF-DF";"DEL03-DF";"UOP02-DEL03-DF"
769109;2026-05-03;"domingo";"07:20:00";"RJ";40;92;"PETROPOLIS";"Pista Escorregadia";"Queda de ocupante de veículo";"Sem Vítimas";"Pleno dia";"Decrescente";"Chuva";"Simples";"Curva";"Não";2;0;0;0;0;2;0;1;-22,56495594;-43,2361641;"SPRF-RJ";"DEL01/RJ";"UOP01-DEL01-RJ"
769110;2026-05-03;"domingo";"09:07:00";"RN";304;30,5;"MOSSORO";"Reação tardia ou ineficiente do condutor";"Colisão com objeto";"Com Vítimas Fatais";"Pleno dia";"Decrescente";"Nublado";"Simples";"Reta";"Não";2;1;0;0;0;1;0;2;-5,122147;-37,342083;"SPRF-RN";"DEL04-RN";"UOP02-DEL04-RN"
769111;2026-05-03;"domingo";"09:30:00";"PE";101;48,4;"ABREU E LIMA";"Reação tardia ou ineficiente do condutor";"Tombamento";"Com Vítimas Feridas";"Pleno dia";"Decrescente";"Nublado";"Múltipla";"Reta";"Sim";1;0;1;0;0;0;1;1;-7,8947279;-34,9029423;"SPRF-PE";"DEL01/PE";"UOP02-DEL01-PE"
769113;2026-05-03;"domingo";"08:30:00";"SP";381;71;"MAIRIPORA";"Pista Escorregadia";"Colisão com objeto";"Com Vítimas Feridas";"Pleno dia";"Crescente";"Garoa/Chuvisco";"Múltipla";"Curva;Aclive";"Não";2;0;0;1;1;0;1;1;-23,35566627;-46,54909587;"SPRF-SP";"DEL03/SP";"UOP01-DEL03-SP"
769114;2026-05-03;"domingo";"06:45:00";"RS";468;102,3;"TRES PASSOS";"Condutor Dormindo";"Saída de leito carroçável";"Com Vítimas Feridas";"Amanhecer";"Crescente";"Ignorado";"Simples";"Curva";"Sim";1;0;1;0;0;0;1;1;-27,464475;-53,9354621;"SPRF-RS";"DEL08/RS";"UOP02-DEL08-RS"
769115;2026-05-03;"domingo";"09:30:00";"SE";101;87,8;"NOSSA SENHORA DO SOCORRO";"Velocidade Incompatível";"Colisão traseira";"Com Vítimas Feridas";"Pleno dia";"Crescente";"Céu Claro";"Dupla";"Aclive;Reta";"Sim";3;0;0;1;2;0;1;2;-10,867247;-37,134738;"SPRF-SE";"DEL01-SE";"UOP01-DEL01-SE"
769119;2026-05-03;"domingo";"09:00:00";"SP";116;565;"BARRA DO TURVO";"Objeto estático sobre o leito carroçável";"Incêndio";"Sem Vítimas";"Pleno dia";"Crescente";"Chuva";"Simples";"Curva;Aclive";"Não";1;0;0;0;1;0;0;1;-25,03649957;-48,54643822;"SPRF-SP";"DEL05/SP";"UOP02-DEL05-SP"
769120;2026-05-03;"domingo";"09:10:00";"SP";116;514;"CAJATI";"Reação tardia ou ineficiente do condutor";"Queda de ocupante de veículo";"Com Vítimas Feridas";"Pleno dia";"Decrescente";"Chuva";"Simples";"Curva";"Não";2;0;2;0;0;0;2;1;-24,85075651;-48,21104944;"SPRF-SP";"DEL05/SP";"UOP02-DEL05-SP"
769121;2026-05-03;"domingo";"09:40:00";"PR";277;663,3;"MEDIANEIRA";"Ausência de reação do condutor";"Saída de leito carroçável";"Com Vítimas Feridas";"Pleno dia";"Crescente";"Nublado";"Dupla";"Reta";"Não";1;0;1;0;0;0;1;1;-25,25161923;-54,01811091;"SPRF-PR";"DEL05/PR";"UOP02-DEL05-PR"
769122;2026-05-03;"domingo";"10:30:00";"DF";70;17,2;"BRASILIA";"Acumulo de óleo sobre o pavimento";"Saída de leito carroçável";"Sem Vítimas";"Pleno dia";"Crescente";"Céu Claro";"Dupla";"Reta;Declive";"Não";2;0;0;0;2;0;0;2;-15,79336;-48,203486;"SPRF-DF";"DEL03-DF";"UOP02-DEL03-DF"
769125;2026-05-03;"domingo";"10:20:00";"GO";414;328;"COCALZINHO DE GOIAS";"Manobra de mudança de faixa";"Colisão lateral mesmo sentido";"Com Vítimas Feridas";"Pleno dia";"Decrescente";"Céu Claro";"Simples";"Reta";"Não";7;0;2;0;5;0;2;3;-15,44816;-48,61694;"SPRF-GO";"DEL02/GO";"UOP01-DEL02-GO"
769126;2026-05-03;"domingo";"10:30:00";"TO";10;458;"PALMAS";"Velocidade Incompatível";"Colisão traseira";"Com Vítimas Feridas";"Pleno dia";"Crescente";"Sol";"Múltipla";"Reta;Retorno Regulamentado";"Sim";3;0;2;0;1;0;2;2;-10,268175;-48,306639;"SPRF-TO";"DEL01-TO";"UOP03-DEL01-TO"
769128;2026-05-03;"domingo";"09:40:00";"PR";376;658;"TIJUCAS DO SUL";"Ausência de reação do condutor";"Colisão lateral mesmo sentido";"Com Vítimas Feridas";"Pleno dia";"Decrescente";"Garoa/Chuvisco";"Dupla";"Curva";"Não";6;0;2;0;4;0;2;2;-25,846887;-49,005093;"SPRF-PR";"DEL01/PR";"UOP04-DEL01-PR"
769129;2026-05-03;"domingo";"11:10:00";"RN";304;295;"MACAIBA";"Frear bruscamente";"Tombamento";"Com Vítimas Feridas";"Pleno dia";"Decrescente";"Céu Claro";"Simples";"Curva";"Sim";2;0;2;0;0;0;2;1;-5,86498559;-35,35116998;"SPRF-RN";"DEL01-RN";"UOP02-DEL01-RN"