"id";"data_inversa";"dia_semana";"horario";"uf";"br";"km";"municipio";"causa_acidente";"tipo_acidente";"classificacao_acidente";"fase_dia";"sentido_via";"condicao_metereologica";"tipo_pista";"tracado_via";"uso_solo";"pessoas";"mortos";"feridos_leves";"feridos_graves";"ilesos";"ignorados";"feridos";"veiculos";"latitude";"longitude";"regional";"delegacia";"uop"
769231;2026-05-03;"domingo";"18:35:00";"SC";101;150,6;"ITAPEMA";"Manobra de mudança de faixa";"Colisão lateral mesmo sentido";"Com Vítimas Feridas";"Anoitecer";"Decrescente";"Vento";"Dupla";"Reta";"Sim";2;0;1;0;1;0;1;2;-27,12165;-48,6094;"SPRF-SC";"DEL04/SC";"UOP03-DEL04-SC"
769232;2026-05-03;"domingo";"18:08:00";"PE";424;55,5;"CAETES";"Transitar na contramão";"Colisão frontal";"Com Vítimas Fatais";"Plena Noite";"Decrescente";"Céu Claro";"Simples";"Reta";"Não";3;1;1;1;0;0;2;2;-8,73495187;-36,73272015;"SPRF-PE";"DEL03/PE";"UOP01-DEL03-PE"
769233;2026-05-03;"domingo";"18:40:00";"GO";40;131;"CRISTALINA";"Reação tardia ou ineficiente do condutor";"Colisão traseira";"Com Vítimas Feridas";"Plena Noite";"Decrescente";"Céu Claro";"Dupla";"Reta";"Não";5;0;0;1;4;0;1;2;-16,919552;-47,345501;"SPRF-DF";"DEL01-DF";"UOP02-DEL01-DF"
769234;2026-05-03;"domingo";"18:30:00";"MS";163;263;"DOURADOS";"Acessar a via sem observar a presença dos outros veículos";"Colisão transversal";"Com Vítimas Feridas";"Plena Noite";"Crescente";"Céu Claro";"Dupla";"Reta;Rotatória";"Sim";3;0;2;0;1;0;2;2;-22,231646;-54,747532;"SPRF-MS";"DEL04/MS";"UOP01-DEL04-MS"
769235;2026-05-03;"domingo";"16:20:00";"PE";407;123;"PETROLINA";"Ausência de reação do condutor";"Colisão traseira";"Com Vítimas Feridas";"Pleno dia";"Decrescente";"Céu Claro";"Dupla";"Reta";"Sim";4;0;3;0;1;0;3;2;-9,363923;-40,544491;"SPRF-PE";"DEL06/PE";"UOP01-DEL06-PE"
769236;2026-05-03;"domingo";"18:55:00";"SP";116;173;"JACAREI";"Condutor deixou de manter distância do veículo da frente";"Colisão traseira";"Com Vítimas Feridas";"Plena Noite";"Crescente";"Céu Claro";"Dupla";"Reta";"Não";6;0;0;1;5;0;1;2;-23,31326759;-46,06549619;"SPRF-SP";"DEL02/SP";"UOP01-DEL02-SP"
769237;2026-05-03;"domingo";"14:30:00";"MG";116;635,3;"DIVINO";"Ausência de reação do condutor";"Saída de leito carroçável";"Sem Vítimas";"Pleno dia";"Decrescente";"Céu Claro";"Simples";"Reta";"Não";1;0;0;0;0;1;0;1;-20,62916204;-42,22587168;"SPRF-MG";"DEL07/MG";"UOP02-DEL07-MG"
769238;2026-05-03;"domingo";"18:15:00";"PE";316;79;"OURICURI";"Ausência de reação do condutor";"Colisão com objeto";"Com Vítimas Feridas";"Plena Noite";"Crescente";"Céu Claro";"Simples";"Reta;Ponte";"Não";2;0;0;2;0;0;2;1;-7,84386311;-40,13083041;"SPRF-PE";"DEL05/PE";"UOP02-DEL05-PE"
769239;2026-05-03;"domingo";"19:30:00";"RJ";101;274,8;"TANGUA";"Trafegar com motocicleta (ou similar) entre as faixas";"Colisão lateral mesmo sentido";"Com Vítimas Feridas";"Plena Noite";"Crescente";"Ignorado";"Dupla";"Reta";"Sim";3;0;1;1;1;0;2;2;-22,73628706;-42,72869158;"SPRF-RJ";"DEL02/RJ";"UOP03-DEL02-RJ"
769240;2026-05-03;"domingo";"18:40:00";"MA";135;6,7;"SAO LUIS";"Ingestão de álcool pelo condutor";"Colisão traseira";"Com Vítimas Feridas";"Plena Noite";"Crescente";"Céu Claro";"Dupla";"Reta";"Sim";2;0;2;0;0;0;2;2;-2,62874181;-44,266271;"SPRF-MA";"DEL01-MA";"UOP01-DEL01-MA"
769241;2026-05-03;"domingo";"18:30:00";"SC";116;19,8;"ITAIOPOLIS";"Acessar a via sem observar a presença dos outros veículos";"Colisão transversal";"Com Vítimas Feridas";"Anoitecer";"Crescente";"Nublado";"Simples";"Reta;Declive";"Não";4;0;1;1;2;0;2;2;-26,24111277;-49,90236492;"SPRF-SC";"DEL06/SC";"UOP01-DEL06-SC"
769242;2026-05-03;"domingo";"18:05:00";"PE";423;95,8;"GARANHUNS";"Acessar a via sem observar a presença dos outros veículos";"Queda de ocupante de veículo";"Com Vítimas Feridas";"Plena Noite";"Decrescente";"Céu Claro";"Simples";"Interseção de Vias";"Sim";3;0;1;0;1;1;1;2;-8,879453;-36,485536;"SPRF-PE";"DEL03/PE";"UOP01-DEL03-PE"
769243;2026-05-03;"domingo";"20:25:00";"BA";324;516;"FEIRA DE SANTANA";"Conversão proibida";"Colisão frontal";"Com Vítimas Feridas";"Plena Noite";"Decrescente";"Céu Claro";"Simples";"Reta";"Sim";2;0;1;0;1;0;1;2;-12,24883782;-38,93382875;"SPRF-BA";"DEL02/BA";"UOP01-DEL02-BA"
769244;2026-05-03;"domingo";"19:25:00";"ES";101;66,3;"SAO MATEUS";"Ausência de reação do condutor";"Colisão lateral mesmo sentido";"Com Vítimas Feridas";"Plena Noite";"Decrescente";"Céu Claro";"Dupla";"Interseção de Vias";"Sim";2;0;1;0;1;0;1;2;-18,7156729;-39,8756416;"SPRF-ES";"DEL04-ES";"UOP02-DEL04-ES"
769245;2026-05-03;"domingo";"20:02:00";"GO";414;362;"COCALZINHO DE GOIAS";"Ausência de reação do condutor";"Saída de leito carroçável";"Sem Vítimas";"Plena Noite";"Decrescente";"Céu Claro";"Simples";"Curva;Aclive";"Não";3;0;0;0;3;0;0;1;-15,712052;-48,694092;"SPRF-GO";"DEL02/GO";"UOP01-DEL02-GO"
769246;2026-05-03;"domingo";"18:15:00";"MT";163;1054;"MATUPA";"Deficiência do Sistema de Iluminação/Sinalização";"Colisão traseira";"Com Vítimas Feridas";"Anoitecer";"Decrescente";"Nublado";"Simples";"Reta";"Não";3;0;0;2;1;0;2;2;-10,095695;-54,92045;"SPRF-MT";"DEL06/MT";"UOP03-DEL06-MT"
769247;2026-05-03;"domingo";"20:20:00";"MG";381;490;"BETIM";"Manobra de mudança de faixa";"Colisão lateral mesmo sentido";"Com Vítimas Feridas";"Plena Noite";"Decrescente";"Nublado";"Múltipla";"Reta";"Não";4;0;1;0;3;0;1;2;-19,95748111;-44,14982406;"SPRF-MG";"DEL01/MG";"UOP03-DEL01-MG"
769248;2026-05-03;"domingo";"20:10:00";"MG";381;482;"BETIM";"Manobra de mudança de faixa";"Colisão lateral mesmo sentido";"Com Vítimas Feridas";"Plena Noite";"Decrescente";"Céu Claro";"Dupla";"Reta";"Não";3;0;2;0;1;0;2;2;-19,95822736;-44,07700745;"SPRF-MG";"DEL01/MG";"UOP03-DEL01-MG"
769251;2026-05-03;"domingo";"20:37:00";"GO";153;331,9;"JARAGUA";"Reação tardia ou ineficiente do condutor";"Colisão traseira";"Com Vítimas Fatais";"Plena Noite";"Crescente";"Céu Claro";"Simples";"Aclive;Reta";"Não";3;1;0;1;1;0;1;2;-15,55719725;-49,42598887;"SPRF-GO";"DEL02/GO";"UOP02-DEL02-GO"
769253;2026-05-03;"domingo";"19:00:00";"RJ";116;20,9;"SAPUCAIA";"Animais na Pista";"Tombamento";"Com Vítimas Feridas";"Plena Noite";"Crescente";"Nublado";"Simples";"Reta";"Não";1;0;0;1;0;0;1;1;-22,00742;-42,762918;"SPRF-RJ";"DEL05/RJ";"UOP01-DEL05-RJ"
769254;2026-05-03;"domingo";"19:50:00";"MS";163;126;"NAVIRAI";"Ausência de reação do condutor";"Colisão com objeto";"Com Vítimas Feridas";"Plena Noite";"Crescente";"Céu Claro";"Simples";"Reta";"Sim";1;0;1;0;0;0;1;1;-23,056496;-54,234314;"SPRF-MS";"DEL09/MS";"UOP01-DEL09-MS"
769255;2026-05-03;"domingo";"21:00:00";"PR";277;710;"SANTA TEREZINHA DE ITAIPU";"Pista Escorregadia";"Tombamento";"Com Vítimas Feridas";"Plena Noite";"Crescente";"Chuva";"Dupla";"Reta";"Sim";1;0;1;0;0;0;1;1;-25,4483745;-54,4082146;"SPRF-PR";"DEL05/PR";"UOP01-DEL05-PR"
769256;2026-05-03;"domingo";"19:42:00";"PE";232;78;"GRAVATA";"Transitar na contramão";"Colisão frontal";"Com Vítimas Feridas";"Plena Noite";"Crescente";"Céu Claro";"Simples";"Reta";"Sim";2;0;0;1;1;0;1;2;-8,18615908;-35,49911318;"SPRF-PE";"DEL02/PE";"UOP02-DEL02PE"
769258;2026-05-03;"domingo";"19:10:00";"MS";163;257,1;"DOURADOS";"Ausência de reação do condutor";"Tombamento";"Com Vítimas Feridas";"Plena Noite";"Decrescente";"Céu Claro";"Dupla";"Reta";"Sim";1;0;1;0;0;0;1;1;-22,25889;-54,792787;"SPRF-MS";"DEL04/MS";"UOP01-DEL04-MS"
769259;2026-05-03;"domingo";"18:10:00";"SC";280;211,9;"TRES BARRAS";"Pedestre andava na pista";"Atropelamento de Pedestre";"Com Vítimas Feridas";"Plena Noite";"Crescente";"Nublado";"Simples";"Reta";"Não";2;0;0;1;1;0;1;2;-26,17838;-50,1869;"SPRF-SC";"DEL06/SC";"UOP04-DEL06-SC"
769261;2026-05-03;"domingo";"16:40:00";"MA";10;356;"ITINGA DO MARANHAO";"Demais falhas mecânicas ou elétricas";"Incêndio";"Sem Vítimas";"Pleno dia";"Decrescente";"Céu Claro";"Simples";"Reta";"Não";1;0;0;0;0;1;0;1;-4,632077;-47,494195;"SPRF-MA";"DEL04-MA";"UOP03-DEL04-MA"
769262;2026-05-03;"domingo";"19:40:00";"TO";153;404;"MIRANORTE";"Ultrapassagem Indevida";"Colisão lateral sentido oposto";"Com Vítimas Feridas";"Plena Noite";"Crescente";"Céu Claro";"Simples";"Declive;Reta";"Não";6;0;4;1;1;0;5;2;-9,453285;-48,577929;"SPRF-TO";"DEL02-TO";"UOP02-DEL02-TO"
769263;2026-05-03;"domingo";"17:04:00";"MS";163;402,7;"NOVA ALVORADA DO SUL";"Ausência de reação do condutor";"Saída de leito carroçável";"Sem Vítimas";"Pleno dia";"Crescente";"Sol";"Simples";"Reta";"Não";3;0;0;0;1;2;0;2;-21,143225;-54,476986;"SPRF-MS";"DEL02/MS";"UOP01-DEL02-MS"
769264;2026-05-03;"domingo";"22:14:00";"SP";116;283;"EMBU DAS ARTES";"Ausência de reação do condutor";"Saída de leito carroçável";"Sem Vítimas";"Plena Noite";"Decrescente";"Garoa/Chuvisco";"Dupla";"Reta";"Não";1;0;0;0;0;1;0;1;-23,67528121;-46,85678156;"SPRF-SP";"DEL04/SP";"UOP01-DEL04-SP"
769265;2026-04-30;"quinta-feira";"21:00:00";"SC";282;543,8;"CHAPECO";"Ingestão de álcool pelo condutor";"Colisão traseira";"Com Vítimas Feridas";"Plena Noite";"Decrescente";"Nublado";"Simples";"Aclive;Reta";"Não";3;0;0;1;1;1;1;3;-27,000393;-52,712055;"SPRF-SC";"DEL07/SC";"UOP01-DEL07-SC"
769266;2026-05-03;"domingo";"18:55:00";"PR";277;646;"CEU AZUL";"Mal súbito do condutor";"Colisão frontal";"Com Vítimas Fatais";"Plena Noite";"Decrescente";"Garoa/Chuvisco";"Simples";"Aclive";"Não";3;1;0;0;2;0;0;3;-25,173562;-53,885144;"SPRF-PR";"DEL05/PR";"UOP02-DEL05-PR"
769267;2026-05-03;"domingo";"19:30:00";"RS";472;618;"BARRA DO QUARAI";"Demais falhas mecânicas ou elétricas";"Incêndio";"Sem Vítimas";"Plena Noite";"Decrescente";"Céu Claro";"Simples";"Reta";"Não";1;0;0;0;1;0;0;1;-30,028655;-57,239054;"SPRF-RS";"DEL13/RS";"UOP01-DEL13-RS"
769268;2026-05-03;"domingo";"19:35:00";"PA";308;157;"CAPANEMA";"Ausência de reação do condutor";"Colisão traseira";"Com Vítimas Fatais";"Plena Noite";"Decrescente";"Nublado";"Simples";"Reta";"Não";5;1;0;0;4;0;0;2;-1,211166;-47,133028;"SPRF-PA";"DEL01/PA";"UOP03-DEL01-PA"
769269;2026-05-03;"domingo";"20:30:00";"MA";316;257;"SANTA INES";"Ausência de reação do condutor";"Capotamento";"Com Vítimas Fatais";"Plena Noite";"Crescente";"Nublado";"Simples";"Curva";"Não";2;1;0;1;0;0;1;1;-3,6588622;-45,4050202;"SPRF-MA";"DEL02-MA";"UOP01-DEL02-MA"
769270;2026-05-03;"domingo";"20:00:00";"MS";376;166,4;"NOVA ANDRADINA";"Velocidade Incompatível";"Saída de leito carroçável";"Com Vítimas Feridas";"Plena Noite";"Crescente";"Céu Claro";"Simples";"Curva";"Não";1;0;0;1;0;0;1;1;-22,307591;-53,39624;"SPRF-MS";"DEL04/MS";"UOP04-DEL04-MS"
769271;2026-05-03;"domingo";"21:30:00";"RJ";116;137;"MAGE";"Reação tardia ou ineficiente do condutor";"Colisão traseira";"Sem Vítimas";"Plena Noite";"Crescente";"Chuva";"Dupla";"Reta";"Sim";2;0;0;0;2;0;0;2;-22,64757579;-43,18316666;"SPRF-RJ";"DEL04/RJ";"UOP02-DEL04-RJ"
769272;2026-05-03;"domingo";"18:55:00";"MG";116;719;"MURIAE";"Pista Escorregadia";"Colisão frontal";"Com Vítimas Feridas";"Plena Noite";"Crescente";"Chuva";"Simples";"Curva";"Não";5;0;4;1;0;0;5;3;-21,18441176;-42,37014771;"SPRF-MG";"DEL07/MG";"UOP02-DEL07-MG"
769273;2026-05-03;"domingo";"16:45:00";"PA";155;266;"ELDORADO DO CARAJAS";"Transitar na contramão";"Colisão frontal";"Com Vítimas Fatais";"Pleno dia";"Decrescente";"Sol";"Simples";"Reta";"Não";4;1;0;0;3;0;0;2;-6,00331335;-49,25308228;"SPRF-PA";"DEL03/PA";"UOP01-DEL03-PA"
769274;2026-05-03;"domingo";"20:25:00";"BA";418;93;"NOVA VICOSA";"Entrada inopinada do pedestre";"Atropelamento de Pedestre";"Com Vítimas Feridas";"Plena Noite";"Crescente";"Céu Claro";"Simples";"Reta";"Sim";2;0;0;2;0;0;2;2;-17,88169;-39,860323;"SPRF-BA";"DEL09/BA";"UOP02-DEL09-BA"
769275;2026-05-03;"domingo";"22:14:00";"RO";364;710;"CANDEIAS DO JAMARI";"Velocidade Incompatível";"Capotamento";"Com Vítimas Feridas";"Plena Noite";"Crescente";"Céu Claro";"Dupla";"Reta";"Sim";1;0;1;0;0;0;1;1;-8,784811;-63,60091;"SPRF-RO";"DEL01-RO";"UOP01-DEL01-RO"
769276;2026-05-03;"domingo";"21:30:00";"RJ";101;117;"CAMPOS DOS GOYTACAZES";"Animais na Pista";"Atropelamento de Animal";"Sem Vítimas";"Plena Noite";"Decrescente";"Nublado";"Dupla";"Reta";"Não";1;0;0;0;1;0;0;1;-22,018613;-41,682997;"SPRF-RJ";"DEL08/RJ";"UOP02-DEL08-RJ"
769277;2026-05-03;"domingo";"20:50:00";"PA";163;975;"SANTAREM";"Condutor deixou de manter distância do veículo da frente";"Colisão traseira";"Com Vítimas Feridas";"Plena Noite";"Crescente";"Nublado";"Simples";"Reta";"Não";8;0;3;0;5;0;3;3;-2,64322649;-54,78462791;"SPRF-PA";"DEL05/PA";"UOP01-DEL05-PA"
769278;2026-05-03;"domingo";"20:45:00";"SC";282;108,2;"ALFREDO WAGNER";"Reação tardia ou ineficiente do condutor";"Saída de leito carroçável";"Com Vítimas Feridas";"Plena Noite";"Crescente";"Nublado";"Simples";"Aclive;Reta";"Não";6;0;1;3;2;0;4;1;-27,71132;-49,35679;"SPRF-SC";"DEL01/SC";"UOP03-DEL01-SC"
769279;2026-05-03;"domingo";"21:25:00";"MS";163;727,9;"COXIM";"Acesso irregular";"Saída de leito carroçável";"Sem Vítimas";"Plena Noite";"Crescente";"Céu Claro";"Simples";"Reta";"Sim";1;0;0;0;1;0;0;1;-18,528749;-54,740761;"SPRF-MS";"DEL06/MS";"UOP01-DEL06-MS"
769281;2026-05-03;"domingo";"23:00:00";"PR";476;115;"COLOMBO";"Ausência de reação do condutor";"Colisão lateral mesmo sentido";"Com Vítimas Feridas";"Plena Noite";"Decrescente";"Nublado";"Simples";"Reta";"Sim";2;0;1;0;1;0;1;2;-25,345661;-49,160315;"SPRF-PR";"DEL01/PR";"UOP01-DEL01-PR"
769282;2026-05-03;"domingo";"21:15:00";"SC";101;117;"NAVEGANTES";"Sinalização mal posicionada";"Colisão transversal";"Com Vítimas Feridas";"Plena Noite";"Crescente";"Céu Claro";"Simples";"Interseção de Vias";"Não";2;0;0;1;1;0;1;2;-26,88992331;-48,66222382;"SPRF-SC";"DEL04/SC";"UOP04-DEL04-SC"
769284;2026-05-03;"domingo";"23:50:00";"PA";163;987;"SANTAREM";"Ingestão de álcool pelo condutor";"Tombamento";"Com Vítimas Feridas";"Plena Noite";"Decrescente";"Chuva";"Simples";"Reta";"Não";1;0;1;0;0;0;1;1;-2,58925724;-54,71993772;"SPRF-PA";"DEL05/PA";"UOP01-DEL05-PA"
769285;2026-05-03;"domingo";"23:28:00";"RJ";101;478,9;"ANGRA DOS REIS";"Chuva";"Tombamento";"Sem Vítimas";"Plena Noite";"Crescente";"Chuva";"Simples";"Curva;Declive";"Não";2;0;0;0;2;0;0;1;-23,007527;-44,275289;"SPRF-RJ";"DEL03/RJ";"UOP03-DEL03-RJ"
769286;2026-05-03;"domingo";"21:10:00";"MT";163;576;"NOVA MUTUM";"Ausência de reação do condutor";"Saída de leito carroçável";"Com Vítimas Feridas";"Plena Noite";"Crescente";"Céu Claro";"Dupla";"Reta";"Não";2;0;2;0;0;0;2;1;-14,010231;-56,098789;"SPRF-MT";"DEL01/MT";"UOP01-DEL01-MT"
769289;2026-05-03;"domingo";"13:30:00";"RJ";40;74;"PETROPOLIS";"Chuva";"Capotamento";"Com Vítimas Feridas";"Pleno dia";"Decrescente";"Chuva";"Simples";"Reta";"Não";2;0;2;0;0;0;2;1;-22,474644;-43,218554;"SPRF-RJ";"DEL01/RJ";"UOP01-DEL01-RJ"
769290;2026-05-04;"segunda-feira";"00:05:00";"PR";116;4;"QUATRO BARRAS";"Ingestão de álcool pelo condutor";"Colisão traseira";"Com Vítimas Feridas";"Plena Noite";"Decrescente";"Nublado";"Dupla";"Reta";"Sim";2;0;1;0;1;0;1;2;-25,36371623;-49,08404281;"SPRF-PR";"DEL01/PR";"UOP02-DEL01-PR"
769291;2026-05-03;"domingo";"23:35:00";"PE";232;103,8;"BEZERROS";"Ingestão de álcool pelo condutor";"Colisão traseira";"Com Vítimas Feridas";"Anoitecer";"Crescente";"Céu Claro";"Dupla";"Reta";"Não";4;0;2;0;2;0;2;2;-8,257618;-35,780777;"SPRF-PE";"DEL02/PE";"UOP03-DEL02-PE"
769292;2026-05-04;"segunda-feira";"00:05:00";"PI";343;345,5;"TERESINA";"Condutor desrespeitou a iluminação vermelha do semáforo";"Colisão transversal";"Sem Vítimas";"Plena Noite";"Crescente";"Nublado";"Simples";"Interseção de Vias;Reta;Em Obras";"Sim";2;0;0;0;1;1;0;2;-5,10591;-42,76812;"SPRF-PI";"DEL01-PI";"UOP01-DEL01-PI"
769294;2026-05-04;"segunda-feira";"00:46:00";"RN";304;1,7;"TIBAU";"Velocidade Incompatível";"Colisão traseira";"Com Vítimas Fatais";"Plena Noite";"Crescente";"Céu Claro";"Simples";"Reta";"Não";4;1;0;2;0;1;2;3;-4,894264;-37,438069;"SPRF-RN";"DEL04-RN";"UOP02-DEL04-RN"
769295;2026-05-04;"segunda-feira";"01:25:00";"SP";116;216;"GUARULHOS";"Manobra de mudança de faixa";"Colisão lateral mesmo sentido";"Com Vítimas Feridas";"Plena Noite";"Crescente";"Céu Claro";"Múltipla";"Reta";"Sim";6;0;2;0;4;0;2;2;-23,45371919;-46,47126675;"SPRF-SP";"DEL01/SP";"UOP01-DEL01-SP"
769296;2026-05-04;"segunda-feira";"01:30:00";"PE";101;66,1;"RECIFE";"Reação tardia ou ineficiente do condutor";"Colisão com objeto";"Com Vítimas Fatais";"Plena Noite";"Decrescente";"Chuva";"Múltipla";"Curva;Declive;Interseção de Vias";"Sim";2;1;0;0;0;1;0;2;-8,035312;-34,94138;"SPRF-PE";"DEL01/PE";"UOP01-DEL01-PE"
769300;2026-05-04;"segunda-feira";"01:30:00";"MS";163;176,3;"JUTI";"Condutor Dormindo";"Saída de leito carroçável";"Com Vítimas Feridas";"Plena Noite";"Decrescente";"Céu Claro";"Simples";"Reta";"Não";4;0;3;0;1;0;3;1;-22,85173;-54,648854;"SPRF-MS";"DEL09/MS";"UOP01-DEL09-MS"
769301;2026-05-03;"domingo";"22:40:00";"PB";405;32,3;"SAO JOAO DO RIO DO PEIXE";"Velocidade Incompatível";"Colisão traseira";"Com Vítimas Feridas";"Plena Noite";"Crescente";"Céu Claro";"Simples";"Reta";"Sim";3;0;0;2;0;1;2;2;-6,721519;-38,449272;"SPRF-PB";"DEL03-PB";"UOP03-DEL03-PB"
769303;2026-05-04;"segunda-feira";"04:10:00";"RS";116;658,3;"JAGUARAO";"Ausência de reação do condutor";"Colisão com objeto";"Com Vítimas Feridas";"Plena Noite";"Crescente";"Nublado";"Simples";"Reta";"Sim";1;0;0;1;0;0;1;1;-32,5623402;-53,38320673;"SPRF-RS";"DEL07/RS";"UOP03-DEL07-RS"
769304;2026-05-04;"segunda-feira";"04:30:00";"BA";116;384,4;"SANTA BARBARA";"Acostamento em desnível";"Saída de leito carroçável";"Com Vítimas Feridas";"Plena Noite";"Crescente";"Nevoeiro/Neblina";"Simples";"Reta";"Não";4;0;4;0;0;0;4;1;-11,890418;-38,980918;"SPRF-BA";"DEL02/BA";"UOP01-DEL02-BA"
769305;2026-05-03;"domingo";"23:10:00";"PR";376;170,6;"MARINGA";"Ingestão de álcool pelo condutor";"Colisão traseira";"Com Vítimas Feridas";"Plena Noite";"Crescente";"Céu Claro";"Dupla";"Aclive";"Sim";4;0;3;0;1;0;3;2;-23,40982;-51,98804;"SPRF-PR";"DEL09/PR";"UOP01-DEL09-PR"
769306;2026-05-04;"segunda-feira";"00:10:00";"MG";40;274;"TRES MARIAS";"Animais na Pista";"Atropelamento de Animal";"Com Vítimas Feridas";"Plena Noite";"Crescente";"Céu Claro";"Simples";"Declive";"Sim";1;0;1;0;0;0;1;1;-18,20978472;-45,23002625;"SPRF-MG";"DEL14/MG";"UOP02-DEL14-MG"
769307;2026-05-04;"segunda-feira";"05:00:00";"RJ";116;212;"SEROPEDICA";"Condutor Dormindo";"Colisão com objeto";"Com Vítimas Feridas";"Plena Noite";"Crescente";"Céu Claro";"Múltipla";"Reta";"Não";1;0;1;0;0;0;1;1;-22,7162951;-43,71664731;"SPRF-RJ";"DEL06/RJ";"UOP02-DEL06-RJ"
769309;2026-05-04;"segunda-feira";"06:24:00";"SP";116;201;"ARUJA";"Curva acentuada";"Queda de ocupante de veículo";"Com Vítimas Feridas";"Amanhecer";"Decrescente";"Céu Claro";"Dupla";"Curva";"Não";1;0;1;0;0;0;1;1;-23,40470368;-46,332733;"SPRF-SP";"DEL01/SP";"UOP01-DEL01-SP"
769311;2026-05-04;"segunda-feira";"06:40:00";"BA";324;615;"SALVADOR";"Trafegar com motocicleta (ou similar) entre as faixas";"Colisão traseira";"Com Vítimas Feridas";"Pleno dia";"Decrescente";"Céu Claro";"Dupla";"Declive";"Sim";2;0;1;0;1;0;1;2;-12,8857554;-38,4373226;"SPRF-BA";"DEL01/BA";"UOP01-DEL01-BA"
769312;2026-05-04;"segunda-feira";"06:45:00";"MG";116;280;"TEOFILO OTONI";"Velocidade Incompatível";"Capotamento";"Com Vítimas Feridas";"Pleno dia";"Decrescente";"Céu Claro";"Simples";"Curva";"Não";1;0;0;1;0;0;1;1;-17,886139;-41,522293;"SPRF-MG";"DEL11/MG";"UOP01-DEL11-MG"
769315;2026-05-04;"segunda-feira";"06:20:00";"PR";277;239;"FERNANDES PINHEIRO";"Acesso irregular";"Saída de leito carroçável";"Sem Vítimas";"Pleno dia";"Crescente";"Garoa/Chuvisco";"Simples";"Reta";"Não";1;0;0;0;1;0;0;1;-25,46559429;-50,5796814;"SPRF-PR";"DEL08/PR";"UOP02-DEL08-PR"
769317;2026-05-04;"segunda-feira";"05:40:00";"AL";316;83,6;"SANTANA DO IPANEMA";"Acessar a via sem observar a presença dos outros veículos";"Colisão lateral mesmo sentido";"Com Vítimas Feridas";"Amanhecer";"Crescente";"Nublado";"Dupla";"Aclive;Interseção de Vias;Reta";"Sim";3;0;1;0;2;0;1;2;-9,36681;-37,25549;"SPRF-AL";"DEL03-AL";"UOP02-DEL03-AL"
769318;2026-05-04;"segunda-feira";"06:34:00";"SP";116;219;"GUARULHOS";"Trafegar com motocicleta (ou similar) entre as faixas";"Colisão traseira";"Com Vítimas Feridas";"Pleno dia";"Decrescente";"Nublado";"Múltipla";"Reta";"Sim";2;0;1;0;0;1;1;2;-23,46348253;-46,49396896;"SPRF-SP";"DEL01/SP";"UOP01-DEL01-SP"
769320;2026-05-04;"segunda-feira";"07:00:00";"MG";381;350;"JOAO MONLEVADE";"Conversão proibida";"Colisão transversal";"Com Vítimas Feridas";"Pleno dia";"Crescente";"Céu Claro";"Simples";"Reta";"Sim";2;0;1;0;1;0;1;2;-19,8417954;-43,1763267;"SPRF-MG";"DEL03/MG";"UOP01-DEL03-MG"
769321;2026-05-03;"domingo";"20:04:00";"RJ";465;13;"SEROPEDICA";"Transitar na contramão";"Colisão frontal";"Com Vítimas Feridas";"Plena Noite";"Crescente";"Chuva";"Simples";"Reta";"Não";2;0;0;1;1;0;1;2;-22,74149983;-43,70768487;"SPRF-RJ";"DEL06/RJ";"UOP02-DEL06-RJ"
769323;2026-05-04;"segunda-feira";"03:00:00";"PA";316;105;"SANTA MARIA DO PARA";"Ingestão de álcool pelo condutor";"Colisão lateral sentido oposto";"Com Vítimas Feridas";"Plena Noite";"Decrescente";"Chuva";"Simples";"Reta";"Não";2;0;2;0;0;0;2;2;-1,341987;-47,553952;"SPRF-PA";"DEL01/PA";"UOP02-DEL01-PA"
769324;2026-05-04;"segunda-feira";"00:30:00";"GO";60;29,6;"ALEXANIA";"Ausência de reação do condutor";"Saída de leito carroçável";"Com Vítimas Feridas";"Plena Noite";"Decrescente";"Céu Claro";"Dupla";"Reta;Declive";"Sim";2;0;0;2;0;0;2;1;-16,09777;-48,481117;"SPRF-DF";"DEL03-DF";"UOP01-DEL03-DF"
769326;2026-05-04;"segunda-feira";"07:06:00";"BA";101;879;"TEIXEIRA DE FREITAS";"Ausência de reação do condutor";"Colisão traseira";"Com Vítimas Feridas";"Pleno dia";"Decrescente";"Céu Claro";"Simples";"Reta";"Sim";2;0;0;1;1;0;1;2;-17,557183;-39,721123;"SPRF-BA";"DEL09/BA";"UOP02-DEL09-BA"
769327;2026-05-04;"segunda-feira";"07:15:00";"CE";222;226,2;"SOBRAL";"Ultrapassagem Indevida";"Colisão lateral mesmo sentido";"Com Vítimas Feridas";"Pleno dia";"Crescente";"Céu Claro";"Simples";"Reta";"Sim";3;0;1;0;2;0;1;3;-3,70122;-40,36827;"SPRF-CE";"DEL04/CE";"UOP01-DEL04-CE"
769328;2026-05-04;"segunda-feira";"06:30:00";"PR";376;516;"PONTA GROSSA";"Reação tardia ou ineficiente do condutor";"Saída de leito carroçável";"Com Vítimas Feridas";"Pleno dia";"Decrescente";"Nublado";"Dupla";"Curva";"Não";3;0;3;0;0;0;3;1;-25,264793;-49,95811;"SPRF-PR";"DEL03/PR";"UOP03-DEL03-PR"
769329;2026-05-03;"domingo";"21:00:00";"RR";174;7;"BOA VISTA";"Ingestão de álcool pelo condutor";"Saída de leito carroçável";"Com Vítimas Feridas";"Plena Noite";"Crescente";"Céu Claro";"Simples";"Reta";"Não";2;0;2;0;0;0;2;1;2,93509259;-60,71639434;"SPRF-RR";"DEL01-RR";"UOP01-DEL01-RR"