"id";"data_inversa";"dia_semana";"horario";"uf";"br";"km";"municipio";"causa_acidente";"tipo_acidente";"classificacao_acidente";"fase_dia";"sentido_via";"condicao_metereologica";"tipo_pista";"tracado_via";"uso_solo";"pessoas";"mortos";"feridos_leves";"feridos_graves";"ilesos";"ignorados";"feridos";"veiculos";"latitude";"longitude";"regional";"delegacia";"uop"
769330;2026-05-04;"segunda-feira";"04:00:00";"MA";226;299,1;"BARRA DO CORDA";"Reação tardia ou ineficiente do condutor";"Colisão com objeto";"Com Vítimas Feridas";"Plena Noite";"Crescente";"Céu Claro";"Simples";"Curva;Declive";"Sim";1;0;0;1;0;0;1;1;-5,49910826;-45,24267465;"SPRF-MA";"DEL06-MA";"UOP01-DEL06-MA"
769332;2026-05-04;"segunda-feira";"08:07:00";"PB";230;21,6;"JOAO PESSOA";"Ausência de reação do condutor";"Tombamento";"Com Vítimas Feridas";"Pleno dia";"Decrescente";"Céu Claro";"Dupla";"Reta";"Sim";3;0;1;2;0;0;3;1;-7,1496727;-34,8514604;"SPRF-PB";"DEL01-PB";"UOP01-DEL01-PB"
769333;2026-05-04;"segunda-feira";"07:53:00";"RN";101;81,2;"SAO GONCALO DO AMARANTE";"Condutor deixou de manter distância do veículo da frente";"Colisão traseira";"Sem Vítimas";"Pleno dia";"Crescente";"Céu Claro";"Simples";"Reta";"Sim";2;0;0;0;2;0;0;2;-5,765283;-35,281807;"SPRF-RN";"DEL02-RN";"UOP01-DEL02-RN"
769334;2026-05-04;"segunda-feira";"08:15:00";"SP";116;220;"GUARULHOS";"Velocidade Incompatível";"Colisão traseira";"Com Vítimas Feridas";"Pleno dia";"Decrescente";"Céu Claro";"Múltipla";"Reta";"Sim";1;0;1;0;0;0;1;1;-23,46405151;-46,49718158;"SPRF-SP";"DEL01/SP";"UOP01-DEL01-SP"
769336;2026-05-04;"segunda-feira";"06:30:00";"CE";222;69,9;"SAO GONCALO DO AMARANTE";"Ausência de reação do condutor";"Colisão traseira";"Com Vítimas Feridas";"Pleno dia";"Crescente";"Céu Claro";"Simples";"Reta";"Não";3;0;1;0;2;0;1;2;-3,67075711;-39,12764518;"SPRF-CE";"DEL01/CE";"UOP03-DEL01-CE"
769337;2026-04-30;"quinta-feira";"23:20:00";"RJ";101;334;"RIO DE JANEIRO";"Pista Escorregadia";"Colisão com objeto";"Sem Vítimas";"Plena Noite";"Crescente";"Chuva";"Dupla";"Curva";"Sim";3;0;0;0;2;1;0;1;-22,88968494;-43,21745529;"SPRF-RJ";"DEL02/RJ";"UOP01-DEL02-RJ"
769338;2026-05-04;"segunda-feira";"08:00:00";"GO";153;360;"JARAGUA";"Conversão proibida";"Colisão lateral mesmo sentido";"Com Vítimas Feridas";"Pleno dia";"Decrescente";"Céu Claro";"Simples";"Aclive;Reta";"Não";3;0;2;0;1;0;2;2;-15,77068685;-49,30832356;"SPRF-GO";"DEL02/GO";"UOP02-DEL02-GO"
769339;2026-05-04;"segunda-feira";"08:15:00";"ES";101;213;"IBIRACU";"Acesso irregular";"Colisão transversal";"Com Vítimas Feridas";"Pleno dia";"Crescente";"Céu Claro";"Simples";"Reta";"Não";2;0;1;0;1;0;1;2;-19,82623172;-40,36905187;"SPRF-ES";"DEL02-ES";"UOP01-DEL02-ES"
769340;2026-05-04;"segunda-feira";"08:10:00";"PR";469;16;"FOZ DO IGUACU";"Velocidade Incompatível";"Colisão traseira";"Sem Vítimas";"Pleno dia";"Crescente";"Céu Claro";"Múltipla";"Em Obras;Desvio Temporário;Reta";"Sim";2;0;0;0;2;0;0;2;-25,59452681;-54,51268413;"SPRF-PR";"DEL05/PR";"UOP04-DEL05-PR"
769341;2026-05-04;"segunda-feira";"07:25:00";"RO";364;351,1;"JI-PARANA";"Faixas de trânsito com largura insuficiente";"Queda de ocupante de veículo";"Com Vítimas Feridas";"Pleno dia";"Crescente";"Céu Claro";"Simples";"Reta;Em Obras";"Não";1;0;1;0;0;0;1;1;-10,838943;-62,008418;"SPRF-RO";"DEL02-RO";"UOP01-DEL02-RO"
769342;2026-04-13;"segunda-feira";"13:00:00";"SC";101;331,8;"TUBARAO";"Desrespeitar a preferência no cruzamento";"Colisão transversal";"Com Vítimas Feridas";"Pleno dia";"Decrescente";"Céu Claro";"Dupla";"Curva;Viaduto;Rotatória;Interseção de Vias";"Sim";3;0;2;0;1;0;2;2;-28,46618161;-48,99577109;"SPRF-SC";"DEL02/SC";"UOP01-DEL02-SC"
769344;2026-05-04;"segunda-feira";"07:00:00";"RS";285;125,8;"VACARIA";"Ausência de reação do condutor";"Atropelamento de Pedestre";"Com Vítimas Feridas";"Pleno dia";"Crescente";"Nublado";"Simples";"Reta";"Sim";2;0;0;1;1;0;1;2;-28,47808044;-50,96537113;"SPRF-RS";"DEL05/RS";"UOP03-DEL05-RS"
769345;2026-05-03;"domingo";"18:00:00";"PA";316;24;"BENEVIDES";"Acessar a via sem observar a presença dos outros veículos";"Colisão com objeto";"Sem Vítimas";"Anoitecer";"Decrescente";"Chuva";"Dupla";"Curva";"Não";2;0;0;0;2;0;0;2;-1,341093;-48,245372;"SPRF-PA";"DEL01/PA";"UOP01-DEL01-PA"
769346;2026-05-04;"segunda-feira";"08:00:00";"PR";376;403;"TIBAGI";"Acessar a via sem observar a presença dos outros veículos";"Colisão traseira";"Sem Vítimas";"Pleno dia";"Crescente";"Céu Claro";"Dupla";"Declive;Curva";"Não";3;0;0;0;3;0;0;2;-24,58767204;-50,68009123;"SPRF-PR";"DEL03/PR";"UOP02-DEL03-PR"
769347;2026-05-04;"segunda-feira";"08:30:00";"MG";40;546;"NOVA LIMA";"Ausência de reação do condutor";"Colisão traseira";"Com Vítimas Feridas";"Pleno dia";"Decrescente";"Chuva";"Dupla";"Reta";"Não";2;0;0;1;1;0;1;2;-20,15985;-43,97005;"SPRF-MG";"DEL01/MG";"UOP02-DEL01-MG"
769348;2026-05-04;"segunda-feira";"06:50:00";"MG";116;412,5;"GOVERNADOR VALADARES";"Desrespeitar a preferência no cruzamento";"Colisão transversal";"Com Vítimas Feridas";"Pleno dia";"Decrescente";"Nublado";"Simples";"Retorno Regulamentado;Reta";"Sim";2;0;0;1;1;0;1;2;-18,877058;-41,963266;"SPRF-MG";"DEL06/MG";"UOP01-DEL06-MG"
769349;2026-05-04;"segunda-feira";"08:00:00";"RS";287;406;"SANTIAGO";"Condutor Dormindo";"Saída de leito carroçável";"Com Vítimas Feridas";"Pleno dia";"Decrescente";"Céu Claro";"Simples";"Reta";"Não";1;0;0;1;0;0;1;1;-29,12428983;-54,89998466;"SPRF-RS";"DEL12/RS";"UOP02-DEL12-RS"
769350;2026-05-04;"segunda-feira";"04:50:00";"AL";416;20,7;"COLONIA LEOPOLDINA";"Ausência de reação do condutor";"Saída de leito carroçável";"Com Vítimas Feridas";"Pleno dia";"Crescente";"Nublado";"Simples";"Reta";"Não";1;0;1;0;0;0;1;1;-8,925522;-35,748243;"SPRF-AL";"DEL01-AL";"UOP02-DEL01-AL"
769352;2026-05-04;"segunda-feira";"07:40:00";"MS";163;408,1;"SIDROLANDIA";"Velocidade Incompatível";"Colisão transversal";"Com Vítimas Feridas";"Pleno dia";"Crescente";"Céu Claro";"Simples";"Reta";"Não";2;0;0;1;1;0;1;2;-21,03708256;-54,50265884;"SPRF-MS";"DEL02/MS";"UOP01-DEL02-MS"
769353;2026-05-04;"segunda-feira";"06:40:00";"RS";392;244;"CACAPAVA DO SUL";"Retorno proibido";"Colisão lateral mesmo sentido";"Com Vítimas Feridas";"Pleno dia";"Decrescente";"Céu Claro";"Simples";"Aclive;Interseção de Vias;Reta";"Não";3;0;0;1;2;0;1;2;-30,580868;-53,395295;"SPRF-RS";"DEL09/RS";"UOP02-DEL09-RS"
769354;2026-05-04;"segunda-feira";"07:10:00";"PB";230;151,4;"CAMPINA GRANDE";"Acessar a via sem observar a presença dos outros veículos";"Colisão frontal";"Com Vítimas Feridas";"Pleno dia";"Crescente";"Céu Claro";"Simples";"Curva;Declive";"Não";2;0;0;1;1;0;1;2;-7,263273;-35,881122;"SPRF-PB";"DEL02-PB";"UOP01-DEL02-PB"
769355;2026-05-04;"segunda-feira";"05:50:00";"BA";101;807,1;"ITAMARAJU";"Acessar a via sem observar a presença dos outros veículos";"Colisão transversal";"Com Vítimas Feridas";"Amanhecer";"Decrescente";"Chuva";"Simples";"Reta";"Sim";3;0;2;0;1;0;2;2;-17,016565;-39,542363;"SPRF-BA";"DEL09/BA";"UOP01-DEL09-BA"
769356;2026-05-04;"segunda-feira";"07:10:00";"SP";116;275,8;"EMBU DAS ARTES";"Reação tardia ou ineficiente do condutor";"Colisão traseira";"Com Vítimas Feridas";"Pleno dia";"Crescente";"Nublado";"Dupla";"Curva";"Sim";2;0;0;1;1;0;1;2;-23,621787;-46,813502;"SPRF-SP";"DEL04/SP";"UOP01-DEL04-SP"
769357;2026-05-04;"segunda-feira";"08:50:00";"PR";277;729;"FOZ DO IGUACU";"Ingestão de álcool pelo condutor";"Colisão traseira";"Com Vítimas Feridas";"Pleno dia";"Crescente";"Céu Claro";"Dupla";"Reta";"Não";2;0;1;0;1;0;1;2;-25,50850949;-54,58106445;"SPRF-PR";"DEL05/PR";"UOP03-DEL05-PR"
769358;2026-05-04;"segunda-feira";"09:36:00";"RS";116;268;"CANOAS";"Ausência de reação do condutor";"Colisão lateral mesmo sentido";"Com Vítimas Feridas";"Pleno dia";"Decrescente";"Céu Claro";"Dupla";"Reta";"Sim";2;0;1;0;1;0;1;2;-29,952341;-51,1761972;"SPRF-RS";"DEL01/RS";"UOP01-DEL01-RS"
769359;2026-05-04;"segunda-feira";"09:20:00";"PI";343;4;"TERESINA";"Condutor deixou de manter distância do veículo da frente";"Colisão traseira";"Com Vítimas Feridas";"Pleno dia";"Crescente";"Céu Claro";"Dupla";"Reta";"Sim";2;0;1;0;0;1;1;2;-5,07996;-42,78847;"SPRF-PI";"DEL01-PI";"UOP01-DEL01-PI"
769360;2026-05-04;"segunda-feira";"07:30:00";"BA";110;347;"ALAGOINHAS";"Condutor deixou de manter distância do veículo da frente";"Colisão traseira";"Com Vítimas Feridas";"Pleno dia";"Decrescente";"Sol";"Simples";"Declive";"Não";3;0;0;2;1;0;2;2;-12,208489;-38,413324;"SPRF-BA";"DEL01/BA";"UOP04-DEL01-BA"
769361;2026-05-04;"segunda-feira";"09:00:00";"RJ";101;64;"CAMPOS DOS GOYTACAZES";"Reação tardia ou ineficiente do condutor";"Queda de ocupante de veículo";"Com Vítimas Feridas";"Pleno dia";"Decrescente";"Nublado";"Simples";"Reta";"Sim";1;0;1;0;0;0;1;1;-21,750995;-41,338003;"SPRF-RJ";"DEL08/RJ";"UOP02-DEL08-RJ"
769362;2026-05-04;"segunda-feira";"09:00:00";"RJ";116;83;"TERESOPOLIS";"Ausência de reação do condutor";"Tombamento";"Com Vítimas Feridas";"Pleno dia";"Crescente";"Nublado";"Simples";"Interseção de Vias;Rotatória;Retorno Regulamentado";"Sim";1;0;1;0;0;0;1;1;-22,4171548;-42,9476277;"SPRF-RJ";"DEL04/RJ";"UOP01-DEL04-RJ"
769364;2026-05-04;"segunda-feira";"09:50:00";"MG";50;70;"UBERLANDIA";"Reação tardia ou ineficiente do condutor";"Colisão traseira";"Com Vítimas Feridas";"Pleno dia";"Crescente";"Sol";"Dupla";"Aclive;Reta";"Não";2;0;0;1;1;0;1;2;-18,890585;-48,25626;"SPRF-MG";"DEL15/MG";"UOP01-DEL15-MG"
769365;2026-05-04;"segunda-feira";"09:50:00";"MG";262;380;"MATEUS LEME";"Pista Escorregadia";"Capotamento";"Com Vítimas Feridas";"Pleno dia";"Crescente";"Chuva";"Dupla";"Reta";"Sim";1;0;1;0;0;0;1;1;-19,920915;-44,470127;"SPRF-MG";"DEL01/MG";"UOP03-DEL01-MG"
769366;2026-05-04;"segunda-feira";"09:00:00";"MG";116;530,2;"CARATINGA";"Conversão proibida";"Colisão transversal";"Com Vítimas Feridas";"Pleno dia";"Crescente";"Céu Claro";"Simples";"Reta";"Sim";3;0;1;0;2;0;1;2;-19,8160766;-42,1360899;"SPRF-MG";"DEL06/MG";"UOP02-DEL06-MG"
769368;2026-05-04;"segunda-feira";"07:00:00";"RJ";116;145;"DUQUE DE CAXIAS";"Trafegar com motocicleta (ou similar) entre as faixas";"Colisão lateral mesmo sentido";"Com Vítimas Feridas";"Pleno dia";"Crescente";"Céu Claro";"Múltipla";"Reta";"Não";4;0;2;0;2;0;2;3;-22,66332774;-43,25720014;"SPRF-RJ";"DEL01/RJ";"UOP02-DEL01-RJ"
769369;2026-05-04;"segunda-feira";"10:00:00";"ES";101;147,7;"LINHARES";"Acesso irregular";"Colisão transversal";"Com Vítimas Feridas";"Pleno dia";"Decrescente";"Nublado";"Dupla";"Interseção de Vias";"Sim";2;0;1;0;1;0;1;2;-19,385774;-40,06709;"SPRF-ES";"DEL04-ES";"UOP01-DEL04-ES"
769370;2026-05-04;"segunda-feira";"08:00:00";"RS";290;175,9;"BUTIA";"Desrespeitar a preferência no cruzamento";"Colisão transversal";"Com Vítimas Feridas";"Pleno dia";"Decrescente";"Sol";"Simples";"Em Obras";"Não";2;0;1;0;1;0;1;2;-30,13532931;-51,99760437;"SPRF-RS";"DEL02/RS";"UOP03-DEL02-RS"
769371;2026-05-04;"segunda-feira";"10:30:00";"RJ";101;383;"RIO DE JANEIRO";"Pedestre cruzava a pista fora da faixa";"Atropelamento de Pedestre";"Com Vítimas Feridas";"Pleno dia";"Crescente";"Céu Claro";"Múltipla";"Reta";"Sim";2;0;1;0;1;0;1;2;-22,877565;-43,616907;"SPRF-RJ";"DEL03/RJ";"UOP01-DEL03-RJ"
769372;2026-05-04;"segunda-feira";"09:30:00";"SP";116;362,3;"MIRACATU";"Condutor deixou de manter distância do veículo da frente";"Queda de ocupante de veículo";"Com Vítimas Feridas";"Pleno dia";"Crescente";"Céu Claro";"Dupla";"Reta";"Não";2;0;1;0;1;0;1;2;-24,13825186;-47,27321371;"SPRF-SP";"DEL04/SP";"UOP03-DEL04-SP"
769374;2026-05-04;"segunda-feira";"10:20:00";"PR";116;113;"CURITIBA";"Reação tardia ou ineficiente do condutor";"Queda de ocupante de veículo";"Com Vítimas Feridas";"Pleno dia";"Decrescente";"Nublado";"Dupla";"Reta";"Sim";1;0;1;0;0;0;1;1;-25,54919523;-49,28465573;"SPRF-PR";"DEL01/PR";"UOP03-DEL01-PR"
769376;2026-05-02;"sábado";"03:05:00";"PA";230;681;"ALTAMIRA";"Pedestre andava na pista";"Atropelamento de Pedestre";"Com Vítimas Fatais";"Plena Noite";"Decrescente";"Nublado";"Simples";"Reta;Declive";"Não";3;2;0;0;0;1;0;2;-3,27533136;-52,41066098;"SPRF-PA";"DEL04/PA";"UOP01-DEL04-PA"
769377;2026-05-04;"segunda-feira";"09:50:00";"RN";304;107;"ACU";"Demais falhas mecânicas ou elétricas";"Tombamento";"Com Vítimas Feridas";"Pleno dia";"Crescente";"Sol";"Simples";"Reta";"Não";2;0;2;0;0;0;2;1;-5,5869;-36,95842;"SPRF-RN";"DEL04-RN";"UOP01-DEL04-RN"
769378;2026-05-04;"segunda-feira";"09:55:00";"MG";262;380;"MATEUS LEME";"Ausência de reação do condutor";"Saída de leito carroçável";"Sem Vítimas";"Pleno dia";"Crescente";"Céu Claro";"Dupla";"Curva";"Não";1;0;0;0;0;1;0;1;-19,92090028;-44,46877811;"SPRF-MG";"DEL01/MG";"UOP03-DEL01-MG"
769380;2026-05-04;"segunda-feira";"06:30:00";"PE";104;102;"CUPIRA";"Condutor Dormindo";"Colisão lateral sentido oposto";"Com Vítimas Feridas";"Pleno dia";"Crescente";"Sol";"Simples";"Curva;Declive";"Não";2;0;0;1;1;0;1;2;-8,57973391;-35,95007507;"SPRF-PE";"DEL02/PE";"UOP01-DEL02-PE"
769381;2026-05-04;"segunda-feira";"08:50:00";"CE";222;116;"ITAPAJE";"Desrespeitar a preferência no cruzamento";"Colisão transversal";"Com Vítimas Feridas";"Pleno dia";"Crescente";"Céu Claro";"Simples";"Reta";"Sim";3;0;0;3;0;0;3;2;-3,73607487;-39,54817263;"SPRF-CE";"DEL04/CE";"UOP03-DEL04-CE"
769382;2026-05-04;"segunda-feira";"11:30:00";"PR";277;77,4;"SAO JOSE DOS PINHAIS";"Reação tardia ou ineficiente do condutor";"Colisão traseira";"Com Vítimas Feridas";"Pleno dia";"Crescente";"Nublado";"Dupla";"Reta";"Sim";2;0;1;0;1;0;1;2;-25,484109;-49,189295;"SPRF-PR";"DEL01/PR";"UOP08-DEL01-PR"
769383;2026-05-04;"segunda-feira";"10:40:00";"ES";101;237,5;"FUNDAO";"Faixas de trânsito com largura insuficiente";"Colisão lateral sentido oposto";"Com Vítimas Feridas";"Pleno dia";"Decrescente";"Céu Claro";"Dupla";"Interseção de Vias";"Sim";2;0;1;0;1;0;1;2;-20,00129646;-40,41318512;"SPRF-ES";"DEL02-ES";"UOP01-DEL02-ES"
769385;2026-05-04;"segunda-feira";"12:00:00";"PE";101;70;"RECIFE";"Demais falhas mecânicas ou elétricas";"Queda de ocupante de veículo";"Com Vítimas Feridas";"Pleno dia";"Decrescente";"Céu Claro";"Dupla";"Reta";"Não";2;0;1;0;0;1;1;2;-8,0707564;-34,9390629;"SPRF-PE";"DEL01/PE";"UOP01-DEL01-PE"
769387;2026-05-04;"segunda-feira";"08:00:00";"RS";116;112;"SAO MARCOS";"Acessar a via sem observar a presença dos outros veículos";"Colisão transversal";"Com Vítimas Feridas";"Pleno dia";"Crescente";"Céu Claro";"Simples";"Reta";"Não";2;0;1;0;1;0;1;2;-28,95621593;-51,08027665;"SPRF-RS";"DEL05/RS";"UOP01-DEL05-RS"
769388;2026-03-09;"segunda-feira";"05:00:00";"RJ";465;17;"NOVA IGUACU";"Transitar na contramão";"Colisão frontal";"Com Vítimas Feridas";"Amanhecer";"Crescente";"Nublado";"Simples";"Reta";"Não";2;0;1;0;1;0;1;2;-22,8220225;-43,62073772;"SPRF-RJ";"DEL06/RJ";"UOP02-DEL06-RJ"
769390;2026-05-04;"segunda-feira";"07:30:00";"PA";230;648;"ALTAMIRA";"Reação tardia ou ineficiente do condutor";"Tombamento";"Com Vítimas Fatais";"Pleno dia";"Decrescente";"Nublado";"Simples";"Declive;Curva";"Não";1;1;0;0;0;0;0;1;-3,22112;-52,27669;"SPRF-PA";"DEL04/PA";"UOP01-DEL04-PA"
769392;2026-04-24;"sexta-feira";"05:30:00";"CE";222;249,5;"SOBRAL";"Entrada inopinada do pedestre";"Atropelamento de Pedestre";"Com Vítimas Feridas";"Pleno dia";"Crescente";"Céu Claro";"Simples";"Reta";"Sim";2;0;0;1;0;1;1;2;-3,75575;-40,5605;"SPRF-CE";"DEL04/CE";"UOP01-DEL04-CE"
769393;2026-05-04;"segunda-feira";"12:49:00";"SP";116;202;"ARUJA";"Ausência de reação do condutor";"Colisão com objeto";"Com Vítimas Feridas";"Pleno dia";"Decrescente";"Céu Claro";"Dupla";"Curva;Aclive";"Não";1;0;0;1;0;0;1;1;-23,402177;-46,32902;"SPRF-SP";"DEL01/SP";"UOP01-DEL01-SP"
769400;2026-05-04;"segunda-feira";"12:00:00";"SC";470;38,4;"GASPAR";"Demais falhas mecânicas ou elétricas";"Tombamento";"Com Vítimas Feridas";"Pleno dia";"Crescente";"Céu Claro";"Dupla";"Reta";"Não";1;0;0;1;0;0;1;1;-26,90223246;-48,98187725;"SPRF-SC";"DEL04/SC";"UOP01-DEL04-SC"
769401;2026-05-04;"segunda-feira";"11:00:00";"RJ";101;484;"ANGRA DOS REIS";"Acessar a via sem observar a presença dos outros veículos";"Engavetamento";"Sem Vítimas";"Pleno dia";"Crescente";"Céu Claro";"Simples";"Curva";"Sim";3;0;0;0;2;1;0;3;-22,99122168;-44,30436943;"SPRF-RJ";"DEL03/RJ";"UOP03-DEL03-RJ"
769402;2026-05-04;"segunda-feira";"12:40:00";"PE";408;97,3;"JABOATAO DOS GUARARAPES";"Acessar a via sem observar a presença dos outros veículos";"Colisão traseira";"Com Vítimas Feridas";"Pleno dia";"Decrescente";"Sol";"Dupla";"Reta";"Sim";2;0;0;1;1;0;1;2;-8,0762;-34,99218;"SPRF-PE";"DEL01/PE";"UOP01-DEL01-PE"
769403;2026-05-04;"segunda-feira";"12:30:00";"SC";163;0,7;"DIONISIO CERQUEIRA";"Frear bruscamente";"Colisão traseira";"Sem Vítimas";"Pleno dia";"Crescente";"Céu Claro";"Simples";"Aclive;Interseção de Vias;Reta";"Sim";4;0;0;0;3;1;0;2;-26,26301657;-53,6224165;"SPRF-SC";"DEL07/SC";"UOP03-DEL07-SC"
769405;2026-05-04;"segunda-feira";"08:50:00";"BA";101;560;"ARATACA";"Animais na Pista";"Atropelamento de Animal";"Com Vítimas Feridas";"Pleno dia";"Crescente";"Céu Claro";"Simples";"Reta";"Não";6;0;1;0;5;0;1;2;-15,19208;-39,441698;"SPRF-BA";"DEL05/BA";"UOP02-DEL05-BA"
769406;2026-05-04;"segunda-feira";"13:30:00";"SP";381;55;"MAIRIPORA";"Reação tardia ou ineficiente do condutor";"Tombamento";"Com Vítimas Feridas";"Pleno dia";"Decrescente";"Céu Claro";"Dupla";"Reta;Declive";"Não";1;0;1;0;0;0;1;1;-23,2560638;-46,5925577;"SPRF-SP";"DEL03/SP";"UOP01-DEL03-SP"
769408;2026-05-04;"segunda-feira";"13:45:00";"SC";101;202,4;"SAO JOSE";"Ausência de reação do condutor";"Colisão lateral mesmo sentido";"Com Vítimas Feridas";"Pleno dia";"Crescente";"Céu Claro";"Dupla";"Reta";"Sim";3;0;2;0;1;0;2;2;-27,560941;-48,617071;"SPRF-SC";"DEL01/SC";"UOP01-DEL01-SC"
769409;2026-05-04;"segunda-feira";"13:00:00";"SP";116;5,9;"QUELUZ";"Frear bruscamente";"Engavetamento";"Com Vítimas Feridas";"Pleno dia";"Crescente";"Sol";"Dupla";"Reta";"Não";8;0;4;0;4;0;4;4;-22,53150729;-44,75282085;"SPRF-SP";"DEL08/SP";"UOP02-DEL08-SP"
769411;2026-05-04;"segunda-feira";"11:40:00";"PR";376;469;"PONTA GROSSA";"Ausência de reação do condutor";"Colisão com objeto";"Com Vítimas Feridas";"Pleno dia";"Crescente";"Ignorado";"Dupla";"Curva";"Não";2;0;2;0;0;0;2;1;-25,035499;-50,297891;"SPRF-PR";"DEL03/PR";"UOP01-DEL03-PR"
769412;2026-05-04;"segunda-feira";"10:53:00";"BA";242;379;"PALMEIRAS";"Acumulo de areia ou detritos sobre o pavimento";"Tombamento";"Sem Vítimas";"Pleno dia";"Decrescente";"Sol";"Simples";"Curva";"Não";1;0;0;0;1;0;0;1;-12,43119;-41,50551;"SPRF-BA";"DEL06/BA";"UOP01-DEL06-BA"
769417;2026-05-04;"segunda-feira";"10:01:00";"RJ";493;82;"JAPERI";"Ausência de reação do condutor";"Saída de leito carroçável";"Com Vítimas Feridas";"Pleno dia";"Crescente";"Céu Claro";"Dupla";"Reta";"Não";2;0;2;0;0;0;2;1;-22,6652035;-43,591893;"SPRF-RJ";"DEL01/RJ";"UOP03-DEL01-RJ"
769423;2026-05-04;"segunda-feira";"14:45:00";"PR";277;336;"GUARAPUAVA";"Reação tardia ou ineficiente do condutor";"Colisão traseira";"Sem Vítimas";"Pleno dia";"Crescente";"Céu Claro";"Dupla";"Aclive;Reta";"Sim";2;0;0;0;2;0;0;2;-25,35265;-51,36886;"SPRF-PR";"DEL08/PR";"UOP01-DEL08-PR"
769425;2026-05-04;"segunda-feira";"13:30:00";"PI";343;9,6;"PARNAIBA";"Acessar a via sem observar a presença dos outros veículos";"Colisão lateral mesmo sentido";"Com Vítimas Feridas";"Pleno dia";"Crescente";"Céu Claro";"Simples";"Reta;Interseção de Vias";"Sim";2;0;0;1;0;1;1;2;-2,90128612;-41,73681289;"SPRF-PI";"DEL05-PI";"UOP01-DEL05-PI"
769426;2026-05-04;"segunda-feira";"13:00:00";"PI";343;339;"TERESINA";"Condutor deixou de manter distância do veículo da frente";"Colisão lateral mesmo sentido";"Com Vítimas Feridas";"Pleno dia";"Decrescente";"Céu Claro";"Dupla";"Curva";"Não";3;0;2;0;0;1;2;2;-5,06842231;-42,73246957;"SPRF-PI";"DEL01-PI";"UOP01-DEL01-PI"
769429;2026-05-04;"segunda-feira";"14:40:00";"DF";20;11,3;"BRASILIA";"Condutor deixou de manter distância do veículo da frente";"Colisão lateral mesmo sentido";"Com Vítimas Feridas";"Pleno dia";"Crescente";"Céu Claro";"Múltipla";"Reta";"Sim";2;0;1;0;1;0;1;2;-15,64717202;-47,76739597;"SPRF-DF";"DEL02-DF";"UOP01-DEL02-DF"
769430;2026-05-04;"segunda-feira";"11:30:00";"MG";251;450;"GRAO MOGOL";"Ausência de reação do condutor";"Saída de leito carroçável";"Sem Vítimas";"Pleno dia";"Decrescente";"Céu Claro";"Simples";"Reta;Declive";"Não";1;0;0;0;0;1;0;1;-16,429825;-43,284232;"SPRF-MG";"DEL12/MG";"UOP01-DEL12-MG"
769431;2026-05-04;"segunda-feira";"14:40:00";"PB";230;26,4;"JOAO PESSOA";"Ausência de reação do condutor";"Tombamento";"Com Vítimas Feridas";"Pleno dia";"Decrescente";"Céu Claro";"Dupla";"Reta";"Sim";1;0;1;0;0;0;1;1;-7,1685939;-34,8823123;"SPRF-PB";"DEL01-PB";"UOP01-DEL01-PB"
769432;2026-05-02;"sábado";"09:40:00";"SC";282;618;"IRACEMINHA";"Chuva";"Saída de leito carroçável";"Com Vítimas Feridas";"Pleno dia";"Decrescente";"Chuva";"Simples";"Curva";"Não";3;0;1;0;2;0;1;1;-26,78265455;-53,28575749;"SPRF-SC";"DEL07/SC";"UOP02-DEL07-SC"
769434;2026-05-04;"segunda-feira";"15:15:00";"PR";116;141;"MANDIRITUBA";"Desrespeitar a preferência no cruzamento";"Colisão traseira";"Com Vítimas Feridas";"Pleno dia";"Crescente";"Céu Claro";"Dupla";"Declive;Interseção de Vias;Reta";"Sim";4;0;1;2;1;0;3;2;-25,773257;-49,323411;"SPRF-PR";"DEL01/PR";"UOP03-DEL01-PR"
769435;2026-04-05;"domingo";"06:29:00";"PE";232;180;"BELO JARDIM";"Ausência de reação do condutor";"Colisão traseira";"Com Vítimas Feridas";"Pleno dia";"Decrescente";"Céu Claro";"Simples";"Reta";"Sim";2;0;1;0;1;0;1;2;-8,343913;-36,425537;"SPRF-PE";"DEL03/PE";"UOP02-DEL03-PE"
769439;2026-05-04;"segunda-feira";"15:00:00";"SP";116;541;"BARRA DO TURVO";"Chuva";"Capotamento";"Com Vítimas Feridas";"Pleno dia";"Crescente";"Chuva";"Dupla";"Curva";"Não";4;0;2;0;2;0;2;1;-24,97294474;-48,40059981;"SPRF-SP";"DEL05/SP";"UOP02-DEL05-SP"
769440;2026-05-04;"segunda-feira";"14:30:00";"RO";364;710;"PORTO VELHO";"Acessar a via sem observar a presença dos outros veículos";"Colisão traseira";"Sem Vítimas";"Pleno dia";"Crescente";"Céu Claro";"Dupla";"Interseção de Vias";"Sim";2;0;0;0;2;0;0;2;-8,78461148;-63,85985613;"SPRF-RO";"DEL01-RO";"UOP01-DEL01-RO"
769441;2026-05-04;"segunda-feira";"16:20:00";"BA";101;171;"FEIRA DE SANTANA";"Pista Escorregadia";"Queda de ocupante de veículo";"Com Vítimas Feridas";"Pleno dia";"Crescente";"Garoa/Chuvisco";"Simples";"Reta";"Não";1;0;1;0;0;0;1;1;-12,3592427;-38,8632942;"SPRF-BA";"DEL11/BA";"UOP02-DEL11-BA"