"id";"data_inversa";"dia_semana";"horario";"uf";"br";"km";"municipio";"causa_acidente";"tipo_acidente";"classificacao_acidente";"fase_dia";"sentido_via";"condicao_metereologica";"tipo_pista";"tracado_via";"uso_solo";"pessoas";"mortos";"feridos_leves";"feridos_graves";"ilesos";"ignorados";"feridos";"veiculos";"latitude";"longitude";"regional";"delegacia";"uop"
769443;2026-05-04;"segunda-feira";"12:40:00";"RS";116;149;"CAXIAS DO SUL";"Ingestão de álcool pelo condutor";"Atropelamento de Pedestre";"Com Vítimas Feridas";"Pleno dia";"Decrescente";"Céu Claro";"Dupla";"Reta";"Não";2;0;0;1;1;0;1;2;-29,1643924;-51,15853278;"SPRF-RS";"DEL05/RS";"UOP01-DEL05-RS"
769445;2026-05-04;"segunda-feira";"17:15:00";"ES";101;280,9;"SERRA";"Velocidade Incompatível";"Tombamento";"Com Vítimas Feridas";"Pleno dia";"Crescente";"Nublado";"Dupla";"Reta";"Não";1;0;1;0;0;0;1;1;-20,22217598;-40,35814583;"SPRF-ES";"DEL02-ES";"UOP01-DEL02-ES"
769447;2026-05-04;"segunda-feira";"16:00:00";"SC";470;115;"IBIRAMA";"Acessar a via sem observar a presença dos outros veículos";"Colisão transversal";"Com Vítimas Feridas";"Pleno dia";"Decrescente";"Nublado";"Simples";"Reta;Retorno Regulamentado";"Sim";3;0;2;1;0;0;3;2;-27,08017655;-49,48571412;"SPRF-SC";"DEL04/SC";"UOP02-DEL04-SC"
769448;2026-05-04;"segunda-feira";"17:00:00";"ES";101;144;"LINHARES";"Condutor deixou de manter distância do veículo da frente";"Colisão traseira";"Com Vítimas Feridas";"Plena Noite";"Decrescente";"Céu Claro";"Dupla";"Reta";"Sim";3;0;1;0;2;0;1;3;-19,355539;-40,063833;"SPRF-ES";"DEL04-ES";"UOP01-DEL04-ES"
769449;2026-05-04;"segunda-feira";"15:20:00";"RJ";40;109;"DUQUE DE CAXIAS";"Reação tardia ou ineficiente do condutor";"Queda de ocupante de veículo";"Com Vítimas Feridas";"Pleno dia";"Decrescente";"Céu Claro";"Dupla";"Reta";"Não";1;0;1;0;0;0;1;1;-22,6826527;-43,2998028;"SPRF-RJ";"DEL01/RJ";"UOP02-DEL01-RJ"
769450;2026-05-04;"segunda-feira";"16:59:00";"PE";101;57;"RECIFE";"Ausência de reação do condutor";"Colisão lateral mesmo sentido";"Sem Vítimas";"Anoitecer";"Decrescente";"Céu Claro";"Dupla";"Reta";"Não";2;0;0;0;2;0;0;2;-7,965797;-34,917377;"SPRF-PE";"DEL01/PE";"UOP02-DEL01-PE"
769451;2026-05-04;"segunda-feira";"18:00:00";"RN";101;105;"PARNAMIRIM";"Demais falhas mecânicas ou elétricas";"Queda de ocupante de veículo";"Com Vítimas Feridas";"Plena Noite";"Crescente";"Céu Claro";"Múltipla";"Reta";"Não";1;0;1;0;0;0;1;1;-5,89681404;-35,25820182;"SPRF-RN";"DEL01-RN";"UOP01-DEL01-RN"
769452;2026-05-04;"segunda-feira";"16:00:00";"SC";116;228;"CORREIA PINTO";"Ultrapassagem Indevida";"Saída de leito carroçável";"Com Vítimas Feridas";"Pleno dia";"Decrescente";"Chuva";"Simples";"Reta";"Não";4;0;4;0;0;0;4;1;-27,62858998;-50,34113344;"SPRF-SC";"DEL05/SC";"UOP03-DEL05-SC"
769453;2026-05-04;"segunda-feira";"15:45:00";"AM";319;706;"HUMAITA";"Animais na Pista";"Saída de leito carroçável";"Com Vítimas Feridas";"Pleno dia";"Decrescente";"Céu Claro";"Simples";"Reta";"Não";1;0;1;0;0;0;1;1;-7,761235;-63,144873;"SPRF-AM";"DEL02-AM";"UOP01-DEL02-AM"
769455;2026-05-04;"segunda-feira";"18:00:00";"RJ";101;80;"CAMPOS DOS GOYTACAZES";"Ausência de reação do condutor";"Atropelamento de Pedestre";"Com Vítimas Feridas";"Plena Noite";"Crescente";"Céu Claro";"Simples";"Reta";"Não";3;0;0;1;1;1;1;2;-21,757033;-41,327739;"SPRF-RJ";"DEL08/RJ";"UOP02-DEL08-RJ"
769456;2026-05-04;"segunda-feira";"15:30:00";"BA";324;565;"SAO SEBASTIAO DO PASSE";"Ausência de reação do condutor";"Colisão traseira";"Sem Vítimas";"Pleno dia";"Decrescente";"Garoa/Chuvisco";"Múltipla";"Reta";"Não";2;0;0;0;2;0;0;2;-12,533063;-38,598459;"SPRF-BA";"DEL01/BA";"UOP01-DEL01-BA"
769457;2026-05-04;"segunda-feira";"10:00:00";"PI";316;311;"PICOS";"Acessar a via sem observar a presença dos outros veículos";"Colisão transversal";"Sem Vítimas";"Pleno dia";"Decrescente";"Céu Claro";"Dupla";"Reta;Retorno Regulamentado";"Sim";2;0;0;0;2;0;0;2;-7,08100932;-41,45800201;"SPRF-PI";"DEL04-PI";"UOP01-DEL04-PI"
769458;2026-05-04;"segunda-feira";"18:10:00";"MG";381;503;"BETIM";"Ausência de reação do condutor";"Saída de leito carroçável";"Com Vítimas Feridas";"Plena Noite";"Decrescente";"Céu Claro";"Dupla";"Declive;Reta";"Não";2;0;1;0;1;0;1;1;-20,02931713;-44,23511672;"SPRF-MG";"DEL01/MG";"UOP03-DEL01-MG"
769459;2026-05-04;"segunda-feira";"17:30:00";"MG";262;438;"NOVA SERRANA";"Ultrapassagem Indevida";"Colisão lateral mesmo sentido";"Com Vítimas Feridas";"Plena Noite";"Decrescente";"Céu Claro";"Dupla";"Reta";"Sim";3;0;0;1;1;1;1;3;-19,786768;-44,9296672;"SPRF-MG";"DEL08/MG";"UOP03-DEL08-MG"
769460;2026-05-04;"segunda-feira";"17:55:00";"SC";101;199,1;"SAO JOSE";"Reação tardia ou ineficiente do condutor";"Colisão traseira";"Com Vítimas Feridas";"Plena Noite";"Decrescente";"Céu Claro";"Múltipla";"Reta";"Não";2;0;1;0;1;0;1;2;-27,53488;-48,62885;"SPRF-SC";"DEL01/SC";"UOP01-DEL01-SC"
769461;2026-05-04;"segunda-feira";"17:30:00";"TO";226;5;"AGUIARNOPOLIS";"Condutor Dormindo";"Saída de leito carroçável";"Com Vítimas Feridas";"Anoitecer";"Decrescente";"Céu Claro";"Simples";"Aclive";"Não";1;0;1;0;0;0;1;1;-6,53566837;-47,49736659;"SPRF-TO";"DEL02-TO";"UOP03-DEL02-TO"
769462;2026-05-04;"segunda-feira";"17:50:00";"MG";381;322;"NOVA ERA";"Acessar a via sem observar a presença dos outros veículos";"Colisão transversal";"Com Vítimas Feridas";"Anoitecer";"Decrescente";"Nublado";"Dupla";"Retorno Regulamentado";"Não";2;0;0;1;1;0;1;2;-19,7567661;-43,0272033;"SPRF-MG";"DEL03/MG";"UOP02-DEL03-MG"
769463;2026-05-04;"segunda-feira";"18:13:00";"TO";153;497;"PARAISO DO TOCANTINS";"Reação tardia ou ineficiente do condutor";"Colisão transversal";"Com Vítimas Feridas";"Anoitecer";"Decrescente";"Céu Claro";"Simples";"Reta";"Sim";2;0;1;0;1;0;1;2;-10,17140084;-48,88065068;"SPRF-TO";"DEL01-TO";"UOP01-DEL01-TO"
769464;2026-05-04;"segunda-feira";"10:15:00";"MG";381;394;"BOM JESUS DO AMPARO";"Reação tardia ou ineficiente do condutor";"Colisão com objeto";"Com Vítimas Feridas";"Pleno dia";"Decrescente";"Céu Claro";"Dupla";"Declive;Curva";"Sim";1;0;1;0;0;0;1;1;-19,74537797;-43,4941864;"SPRF-MG";"DEL01/MG";"UOP01-DEL01-MG"
769465;2026-03-24;"terça-feira";"02:00:00";"RJ";101;493;"ANGRA DOS REIS";"Reação tardia ou ineficiente do condutor";"Colisão com objeto";"Com Vítimas Feridas";"Plena Noite";"Crescente";"Céu Claro";"Simples";"Curva";"Não";1;0;1;0;0;0;1;1;-22,93436549;-44,32193756;"SPRF-RJ";"DEL03/RJ";"UOP03-DEL03-RJ"
769466;2026-05-04;"segunda-feira";"18:10:00";"RS";290;90;"PORTO ALEGRE";"Trafegar com motocicleta (ou similar) entre as faixas";"Colisão traseira";"Com Vítimas Feridas";"Plena Noite";"Decrescente";"Nublado";"Dupla";"Reta";"Não";2;0;1;0;1;0;1;2;-29,96793746;-51,14907213;"SPRF-RS";"DEL01/RS";"UOP01-DEL01-RS"
769467;2026-05-04;"segunda-feira";"16:29:00";"MS";262;422;"TERENOS";"Avarias e/ou desgaste excessivo no pneu";"Tombamento";"Com Vítimas Feridas";"Pleno dia";"Decrescente";"Céu Claro";"Simples";"Reta";"Não";2;0;0;2;0;0;2;1;-20,467419;-55,222954;"SPRF-MS";"DEL01/MS";"UOP03-DEL01-MS"
769469;2026-05-04;"segunda-feira";"18:00:00";"GO";60;232;"CEZARINA";"Reação tardia ou ineficiente do condutor";"Colisão traseira";"Com Vítimas Feridas";"Pleno dia";"Decrescente";"Nublado";"Dupla";"Reta";"Não";2;0;1;0;1;0;1;2;-17,07452;-49,82024;"SPRF-GO";"DEL01/GO";"UOP02-DEL01-GO"
769471;2026-05-04;"segunda-feira";"18:15:00";"BA";324;617;"SALVADOR";"Ausência de reação do condutor";"Queda de ocupante de veículo";"Com Vítimas Feridas";"Plena Noite";"Decrescente";"Céu Claro";"Dupla";"Reta";"Sim";2;0;1;0;1;0;1;1;-12,8909054;-38,445659;"SPRF-BA";"DEL01/BA";"UOP01-DEL01-BA"
769473;2026-05-04;"segunda-feira";"15:48:00";"MS";60;449,8;"SIDROLANDIA";"Ausência de reação do condutor";"Saída de leito carroçável";"Com Vítimas Feridas";"Pleno dia";"Crescente";"Céu Claro";"Simples";"Curva";"Não";1;0;1;0;0;0;1;1;-21,004548;-55,156148;"SPRF-MS";"DEL01/MS";"UOP04-DEL01-MS"
769475;2026-05-04;"segunda-feira";"17:13:00";"MS";163;256,9;"DOURADOS";"Ausência de reação do condutor";"Eventos atípicos";"Com Vítimas Feridas";"Plena Noite";"Crescente";"Céu Claro";"Dupla";"Reta";"Não";2;0;0;1;0;1;1;2;-22,25899391;-54,79577065;"SPRF-MS";"DEL04/MS";"UOP01-DEL04-MS"
769476;2026-03-17;"terça-feira";"16:10:00";"GO";414;437;"ANAPOLIS";"Ingestão de álcool pelo condutor";"Colisão com objeto";"Com Vítimas Feridas";"Pleno dia";"Crescente";"Chuva";"Simples";"Reta";"Sim";2;0;1;1;0;0;2;1;-16,256344;-48,936558;"SPRF-GO";"DEL02/GO";"UOP01-DEL02-GO"
769479;2026-05-04;"segunda-feira";"17:35:00";"PA";316;69;"CASTANHAL";"Avarias e/ou desgaste excessivo no pneu";"Tombamento";"Com Vítimas Feridas";"Pleno dia";"Crescente";"Nublado";"Simples";"Reta";"Não";2;0;2;0;0;0;2;1;-1,291722;-47,868282;"SPRF-PA";"DEL01/PA";"UOP01-DEL01-PA"
769480;2026-05-04;"segunda-feira";"16:40:00";"BA";116;414,8;"FEIRA DE SANTANA";"Acessar a via sem observar a presença dos outros veículos";"Colisão traseira";"Com Vítimas Feridas";"Pleno dia";"Decrescente";"Céu Claro";"Dupla";"Reta";"Não";3;0;2;0;1;0;2;2;-12,16250038;-38,96472168;"SPRF-BA";"DEL02/BA";"UOP01-DEL02-BA"
769481;2026-05-04;"segunda-feira";"18:15:00";"SP";153;63,8;"SAO JOSE DO RIO PRETO";"Ausência de reação do condutor";"Colisão com objeto";"Com Vítimas Feridas";"Anoitecer";"Decrescente";"Céu Claro";"Dupla";"Curva;Declive";"Sim";2;0;1;1;0;0;2;1;-20,82724765;-49,35916901;"SPRF-SP";"DEL09/SP";"UOP01-DEL09-SP"
769482;2026-04-23;"quinta-feira";"13:45:00";"MS";463;103;"PONTA PORA";"Ausência de reação do condutor";"Engavetamento";"Com Vítimas Feridas";"Pleno dia";"Crescente";"Céu Claro";"Simples";"Reta";"Não";3;0;1;0;2;0;1;3;-22,59018885;-55,52024301;"SPRF-MS";"DEL04/MS";"UOP03-DEL04-MS"
769483;2026-05-04;"segunda-feira";"18:29:00";"RS";386;356,3;"ESTRELA";"Desrespeitar a preferência no cruzamento";"Colisão transversal";"Com Vítimas Feridas";"Plena Noite";"Crescente";"Nublado";"Dupla";"Retorno Regulamentado;Interseção de Vias";"Não";2;0;0;1;1;0;1;2;-29,52793383;-51,93089096;"SPRF-RS";"DEL04/RS";"UOP01-DEL04-RS"
769484;2026-05-04;"segunda-feira";"17:16:00";"MS";262;327;"CAMPO GRANDE";"Manobra de mudança de faixa";"Colisão traseira";"Com Vítimas Feridas";"Plena Noite";"Crescente";"Céu Claro";"Dupla";"Reta";"Sim";2;0;1;0;1;0;1;2;-20,466986;-54,541562;"SPRF-MS";"DEL01/MS";"UOP01-DEL01-MS"
769485;2026-05-04;"segunda-feira";"18:00:00";"SC";280;127,8;"RIO NEGRINHO";"Acessar a via sem observar a presença dos outros veículos";"Colisão transversal";"Com Vítimas Feridas";"Plena Noite";"Decrescente";"Céu Claro";"Simples";"Reta;Interseção de Vias;Retorno Regulamentado";"Sim";2;0;1;0;1;0;1;2;-26,2426;-49,5115;"SPRF-SC";"DEL06/SC";"UOP03-DEL06-SC"
769486;2026-03-29;"domingo";"06:30:00";"RJ";101;388;"RIO DE JANEIRO";"Demais Fenômenos da natureza";"Colisão traseira";"Com Vítimas Feridas";"Pleno dia";"Decrescente";"Céu Claro";"Múltipla";"Reta";"Não";6;0;2;0;4;0;2;2;-22,8894249;-43,66113631;"SPRF-RJ";"DEL03/RJ";"UOP01-DEL03-RJ"
769487;2026-04-27;"segunda-feira";"06:20:00";"SC";101;207;"SAO JOSE";"Trafegar com motocicleta (ou similar) entre as faixas";"Colisão lateral mesmo sentido";"Com Vítimas Feridas";"Pleno dia";"Decrescente";"Céu Claro";"Dupla";"Reta";"Sim";3;0;2;0;1;0;2;3;-27,60266738;-48,63058877;"SPRF-SC";"DEL01/SC";"UOP01-DEL01-SC"
769488;2026-05-04;"segunda-feira";"19:00:00";"SC";101;214,7;"PALHOCA";"Condutor deixou de manter distância do veículo da frente";"Colisão lateral mesmo sentido";"Com Vítimas Feridas";"Plena Noite";"Crescente";"Nublado";"Múltipla";"Reta";"Sim";4;0;1;1;1;1;2;4;-27,649922;-48,674653;"SPRF-SC";"DEL01/SC";"UOP02-DEL01-SC"
769489;2026-05-04;"segunda-feira";"18:30:00";"PR";277;82,5;"CURITIBA";"Velocidade Incompatível";"Engavetamento";"Com Vítimas Feridas";"Plena Noite";"Decrescente";"Nublado";"Dupla";"Reta";"Sim";5;0;3;0;1;1;3;3;-25,4599029;-49,22068873;"SPRF-PR";"DEL01/PR";"UOP03-DEL01-PR"
769490;2026-05-04;"segunda-feira";"18:30:00";"RJ";101;277;"TANGUA";"Animais na Pista";"Atropelamento de Animal";"Com Vítimas Feridas";"Plena Noite";"Crescente";"Céu Claro";"Dupla";"Reta";"Não";1;0;0;1;0;0;1;1;-22,73894201;-42,74537802;"SPRF-RJ";"DEL02/RJ";"UOP03-DEL02-RJ"
769491;2026-05-04;"segunda-feira";"18:00:00";"BA";101;99;"ALAGOINHAS";"Transitar na contramão";"Colisão lateral sentido oposto";"Com Vítimas Feridas";"Plena Noite";"Decrescente";"Céu Claro";"Simples";"Reta;Declive";"Não";2;0;0;1;1;0;1;2;-12,10051987;-38,37153977;"SPRF-BA";"DEL01/BA";"UOP04-DEL01-BA"
769492;2026-05-04;"segunda-feira";"18:55:00";"PE";407;125;"PETROLINA";"Reação tardia ou ineficiente do condutor";"Atropelamento de Pedestre";"Com Vítimas Feridas";"Plena Noite";"Crescente";"Céu Claro";"Dupla";"Reta";"Sim";2;0;1;0;0;1;1;2;-9,382943;-40,530602;"SPRF-PE";"DEL06/PE";"UOP01-DEL06-PE"
769493;2026-05-04;"segunda-feira";"19:30:00";"SP";381;21;"BRAGANCA PAULISTA";"Ausência de reação do condutor";"Capotamento";"Com Vítimas Feridas";"Plena Noite";"Decrescente";"Céu Claro";"Simples";"Reta;Declive";"Sim";2;0;1;0;1;0;1;1;-22,993;-46,51;"SPRF-SP";"DEL03/SP";"UOP02-DEL03-SP"
769495;2026-05-04;"segunda-feira";"18:00:00";"RJ";493;25;"MAGE";"Condutor deixou de manter distância do veículo da frente";"Colisão traseira";"Com Vítimas Feridas";"Plena Noite";"Decrescente";"Céu Claro";"Simples";"Reta;Em Obras";"Não";3;0;1;0;2;0;1;2;-22,65790272;-43,07597486;"SPRF-RJ";"DEL04/RJ";"UOP02-DEL04-RJ"
769499;2026-05-04;"segunda-feira";"20:00:00";"PE";101;80,5;"JABOATAO DOS GUARARAPES";"Condutor deixou de manter distância do veículo da frente";"Colisão traseira";"Com Vítimas Feridas";"Plena Noite";"Crescente";"Nublado";"Múltipla";"Reta";"Não";2;0;1;0;1;0;1;2;-8,15607;-34,94155;"SPRF-PE";"DEL01/PE";"UOP01-DEL01-PE"
769500;2026-05-04;"segunda-feira";"19:50:00";"PR";158;222;"CAMPO MOURAO";"Frear bruscamente";"Colisão traseira";"Com Vítimas Feridas";"Plena Noite";"Crescente";"Céu Claro";"Simples";"Reta";"Não";3;0;1;0;2;0;1;2;-24,060811;-52,341203;"SPRF-PR";"DEL09/PR";"UOP03-DEL09-PR"
769503;2026-05-04;"segunda-feira";"19:30:00";"RO";364;10,9;"JI-PARANA";"Acesso irregular";"Eventos atípicos";"Com Vítimas Feridas";"Plena Noite";"Crescente";"Céu Claro";"Simples";"Reta";"Não";1;0;1;0;0;0;1;1;-10,862851;-62,003137;"SPRF-RO";"DEL02-RO";"UOP01-DEL02-RO"
769505;2026-05-04;"segunda-feira";"16:00:00";"BA";330;861;"UBATA";"Ausência de sinalização";"Colisão traseira";"Com Vítimas Feridas";"Pleno dia";"Crescente";"Sol";"Simples";"Reta";"Não";4;0;1;1;2;0;2;4;-14,196224;-39,54336;"SPRF-BA";"DEL03/BA";"UOP01-DEL03-BA"
769506;2026-05-04;"segunda-feira";"21:10:00";"PB";104;130;"CAMPINA GRANDE";"Acessar a via sem observar a presença dos outros veículos";"Colisão transversal";"Com Vítimas Feridas";"Plena Noite";"Crescente";"Nublado";"Simples";"Reta;Em Obras";"Sim";2;0;1;0;1;0;1;2;-7,282305;-35,889284;"SPRF-PB";"DEL02-PB";"UOP01-DEL02-PB"
769507;2026-05-04;"segunda-feira";"21:30:00";"PR";272;373,2;"CAMPO MOURAO";"Reação tardia ou ineficiente do condutor";"Saída de leito carroçável";"Com Vítimas Feridas";"Plena Noite";"Crescente";"Céu Claro";"Simples";"Reta";"Não";1;0;1;0;0;0;1;1;-24,06886457;-52,43769586;"SPRF-PR";"DEL09/PR";"UOP03-DEL09-PR"
769508;2026-05-04;"segunda-feira";"20:30:00";"BA";101;106;"ALAGOINHAS";"Pedestre cruzava a pista fora da faixa";"Atropelamento de Pedestre";"Com Vítimas Fatais";"Plena Noite";"Decrescente";"Céu Claro";"Simples";"Reta";"Não";2;1;0;0;0;1;0;2;-12,1211894;-38,3929225;"SPRF-BA";"DEL01/BA";"UOP04-DEL01-BA"
769509;2026-05-04;"segunda-feira";"19:45:00";"MG";116;602,3;"SAO JOAO DO MANHUACU";"Animais na Pista";"Atropelamento de Animal";"Com Vítimas Feridas";"Plena Noite";"Decrescente";"Nublado";"Simples";"Declive;Reta";"Não";1;0;0;1;0;0;1;1;-20,357707;-42,151497;"SPRF-MG";"DEL06/MG";"UOP03-DEL06-MG"
769510;2026-05-04;"segunda-feira";"18:20:00";"SP";116;228;"SAO PAULO";"Manobra de mudança de faixa";"Colisão lateral mesmo sentido";"Com Vítimas Feridas";"Anoitecer";"Crescente";"Nublado";"Múltipla";"Reta";"Sim";2;0;1;0;0;1;1;2;-23,501369;-46,565407;"SPRF-SP";"DEL01/SP";"UOP01-DEL01-SP"
769511;2026-05-04;"segunda-feira";"21:10:00";"MT";70;517;"VARZEA GRANDE";"Condutor desrespeitou a iluminação vermelha do semáforo";"Colisão transversal";"Com Vítimas Feridas";"Plena Noite";"Decrescente";"Céu Claro";"Simples";"Reta;Interseção de Vias";"Não";1;0;1;0;0;0;1;1;-15,7019015;-56,1602362;"SPRF-MT";"DEL01/MT";"UOP02-DEL01-MT"
769512;2026-05-04;"segunda-feira";"16:30:00";"RJ";40;103;"DUQUE DE CAXIAS";"Reação tardia ou ineficiente do condutor";"Atropelamento de Pedestre";"Com Vítimas Feridas";"Pleno dia";"Crescente";"Céu Claro";"Dupla";"Reta";"Sim";2;0;1;0;1;0;1;2;-22,621193;-43,286968;"SPRF-RJ";"DEL01/RJ";"UOP02-DEL01-RJ"
769514;2026-05-04;"segunda-feira";"16:15:00";"RS";153;406;"CACHOEIRA DO SUL";"Acessar a via sem observar a presença dos outros veículos";"Colisão transversal";"Com Vítimas Feridas";"Pleno dia";"Decrescente";"Nublado";"Simples";"Reta";"Sim";3;0;1;0;2;0;1;2;-30,00155994;-52,92114258;"SPRF-RS";"DEL02/RS";"UOP03-DEL02-RS"
769515;2026-05-04;"segunda-feira";"22:10:00";"PR";373;244,8;"GUAMIRANGA";"Animais na Pista";"Queda de ocupante de veículo";"Com Vítimas Feridas";"Plena Noite";"Decrescente";"Ignorado";"Simples";"Reta";"Sim";1;0;1;0;0;0;1;1;-25,196019;-50,776664;"SPRF-PR";"DEL03/PR";"UOP01-DEL03-PR"
769517;2026-05-04;"segunda-feira";"22:35:00";"SP";116;159;"JACAREI";"Acessar a via sem observar a presença dos outros veículos";"Atropelamento de Pedestre";"Com Vítimas Feridas";"Plena Noite";"Crescente";"Céu Claro";"Múltipla";"Reta";"Sim";2;0;1;0;1;0;1;2;-23,25815174;-45,9479754;"SPRF-SP";"DEL02/SP";"UOP01-DEL02-SP"
769518;2026-05-04;"segunda-feira";"22:35:00";"MA";135;92;"ITAPECURU MIRIM";"Suicídio (presumido)";"Atropelamento de Pedestre";"Com Vítimas Feridas";"Plena Noite";"Decrescente";"Céu Claro";"Simples";"Reta";"Sim";3;0;0;1;2;0;1;2;-3,32882;-44,44255;"SPRF-MA";"DEL01-MA";"UOP02-DEL01-MA"
769520;2026-05-04;"segunda-feira";"21:50:00";"SC";282;38,9;"AGUAS MORNAS";"Velocidade Incompatível";"Saída de leito carroçável";"Com Vítimas Feridas";"Plena Noite";"Decrescente";"Chuva";"Simples";"Curva";"Não";3;0;1;0;2;0;1;1;-27,71268;-48,8597;"SPRF-SC";"DEL01/SC";"UOP03-DEL01-SC"
769522;2026-05-04;"segunda-feira";"22:25:00";"SC";282;218;"LAGES";"Velocidade Incompatível";"Colisão com objeto";"Com Vítimas Feridas";"Plena Noite";"Crescente";"Garoa/Chuvisco";"Dupla";"Reta";"Sim";1;0;0;1;0;0;1;1;-27,79773956;-50,31019298;"SPRF-SC";"DEL05/SC";"UOP01-DEL05-SC"
769524;2026-05-04;"segunda-feira";"23:00:00";"SC";282;547;"CHAPECO";"Velocidade Incompatível";"Saída de leito carroçável";"Com Vítimas Feridas";"Plena Noite";"Crescente";"Céu Claro";"Simples";"Interseção de Vias;Rotatória";"Não";2;0;1;0;1;0;1;1;-26,9743497;-52,7449745;"SPRF-SC";"DEL07/SC";"UOP01-DEL07-SC"
769525;2026-05-04;"segunda-feira";"22:00:00";"MS";163;484;"CAMPO GRANDE";"Acumulo de areia ou detritos sobre o pavimento";"Tombamento";"Com Vítimas Feridas";"Plena Noite";"Crescente";"Céu Claro";"Simples";"Reta";"Não";1;0;1;0;0;0;1;1;-20,449119;-54,54066;"SPRF-MS";"DEL01/MS";"UOP02-DEL01-MS"
769527;2026-05-04;"segunda-feira";"23:55:00";"SC";101;205,5;"SAO JOSE";"Chuva";"Queda de ocupante de veículo";"Com Vítimas Feridas";"Plena Noite";"Crescente";"Chuva";"Dupla";"Reta";"Não";2;0;2;0;0;0;2;1;-27,58608375;-48,61626148;"SPRF-SC";"DEL01/SC";"UOP01-DEL01-SC"
769529;2026-05-05;"terça-feira";"00:30:00";"RS";285;240;"CASEIROS";"Ingestão de álcool pelo condutor";"Colisão com objeto";"Sem Vítimas";"Plena Noite";"Decrescente";"Nublado";"Simples";"Interseção de Vias";"Não";1;0;0;0;1;0;0;1;-28,259536;-51,886768;"SPRF-RS";"DEL08/RS";"UOP03-DEL08-RS"
769536;2026-05-05;"terça-feira";"04:50:00";"SC";101;35,9;"JOINVILLE";"Manobra de mudança de faixa";"Saída de leito carroçável";"Com Vítimas Feridas";"Plena Noite";"Decrescente";"Céu Claro";"Dupla";"Declive;Curva";"Não";1;0;1;0;0;0;1;1;-26,27508643;-48,89351455;"SPRF-SC";"DEL03/SC";"UOP01-DEL03-SC"
769538;2026-05-05;"terça-feira";"04:40:00";"RJ";40;119;"DUQUE DE CAXIAS";"Reação tardia ou ineficiente do condutor";"Saída de leito carroçável";"Sem Vítimas";"Amanhecer";"Decrescente";"Nublado";"Múltipla";"Reta";"Não";1;0;0;0;0;1;0;1;-22,76867193;-43,28625395;"SPRF-RJ";"DEL01/RJ";"UOP02-DEL01-RJ"
769539;2026-05-05;"terça-feira";"04:10:00";"SC";282;56,1;"RANCHO QUEIMADO";"Ausência de reação do condutor";"Saída de leito carroçável";"Com Vítimas Feridas";"Plena Noite";"Crescente";"Nublado";"Simples";"Reta";"Não";2;0;0;2;0;0;2;1;-27,690238;-48,992125;"SPRF-SC";"DEL01/SC";"UOP03-DEL01-SC"
769540;2026-05-05;"terça-feira";"00:25:00";"PI";407;423;"PICOS";"Acessar a via sem observar a presença dos outros veículos";"Atropelamento de Pedestre";"Com Vítimas Feridas";"Plena Noite";"Decrescente";"Céu Claro";"Simples";"Reta";"Sim";2;0;0;1;0;1;1;2;-7,081187;-41,432112;"SPRF-PI";"DEL04-PI";"UOP01-DEL04-PI"
769541;2026-05-04;"segunda-feira";"22:20:00";"MG";365;516,7;"MONTE CARMELO";"Transitar na contramão";"Colisão frontal";"Com Vítimas Feridas";"Plena Noite";"Decrescente";"Céu Claro";"Simples";"Reta";"Não";4;0;2;1;1;0;3;2;-18,91462719;-47,35654415;"SPRF-MG";"DEL10/MG";"UOP01-DEL10-MG"
769542;2026-05-05;"terça-feira";"06:00:00";"PR";277;30,1;"MORRETES";"Reação tardia ou ineficiente do condutor";"Saída de leito carroçável";"Sem Vítimas";"Amanhecer";"Decrescente";"Céu Claro";"Dupla";"Curva";"Sim";1;0;0;0;1;0;0;1;-25,553143;-48,800401;"SPRF-PR";"DEL01/PR";"UOP05-DEL01-PR"
769543;2026-05-05;"terça-feira";"01:05:00";"GO";80;132;"BARRO ALTO";"Reação tardia ou ineficiente do condutor";"Saída de leito carroçável";"Com Vítimas Feridas";"Plena Noite";"Decrescente";"Céu Claro";"Simples";"Retorno Regulamentado;Declive;Curva";"Sim";6;0;4;0;2;0;4;1;-14,982777;-48,927017;"SPRF-GO";"DEL07/GO";"UOP02-DEL07-GO"
769545;2026-05-05;"terça-feira";"06:50:00";"RS";116;247;"SAO LEOPOLDO";"Reação tardia ou ineficiente do condutor";"Colisão traseira";"Com Vítimas Feridas";"Pleno dia";"Crescente";"Céu Claro";"Dupla";"Curva";"Sim";3;0;1;0;2;0;1;2;-29,76521924;-51,15399344;"SPRF-RS";"DEL01/RS";"UOP02-DEL01-RS"
769546;2026-05-05;"terça-feira";"07:00:00";"ES";101;289;"CARIACICA";"Acessar a via sem observar a presença dos outros veículos";"Colisão transversal";"Com Vítimas Feridas";"Pleno dia";"Crescente";"Céu Claro";"Simples";"Reta";"Não";2;0;1;0;1;0;1;2;-20,2742626;-40,39208762;"SPRF-ES";"DEL01-ES";"UOP01-DEL01-ES"
769549;2026-05-05;"terça-feira";"06:40:00";"GO";40;7;"VALPARAISO DE GOIAS";"Reação tardia ou ineficiente do condutor";"Queda de ocupante de veículo";"Com Vítimas Feridas";"Pleno dia";"Decrescente";"Céu Claro";"Dupla";"Reta";"Não";1;0;1;0;0;0;1;1;-16,110019;-47,971231;"SPRF-DF";"DEL01-DF";"UOP01-DEL01-DF"