"id";"data_inversa";"dia_semana";"horario";"uf";"br";"km";"municipio";"causa_acidente";"tipo_acidente";"classificacao_acidente";"fase_dia";"sentido_via";"condicao_metereologica";"tipo_pista";"tracado_via";"uso_solo";"pessoas";"mortos";"feridos_leves";"feridos_graves";"ilesos";"ignorados";"feridos";"veiculos";"latitude";"longitude";"regional";"delegacia";"uop"
770130;2026-05-07;"quinta-feira";"17:55:00";"MG";267;52;"GUARARA";"Sinalização mal posicionada";"Engavetamento";"Com Vítimas Feridas";"Anoitecer";"Crescente";"Céu Claro";"Simples";"Curva";"Não";4;0;1;0;1;2;1;3;-21,72318118;-43,01077589;"SPRF-MG";"DEL07/MG";"UOP01-DEL07-MG"
770131;2026-05-07;"quinta-feira";"18:55:00";"RO";364;342;"JI-PARANA";"Ausência de reação do condutor";"Colisão traseira";"Com Vítimas Feridas";"Pleno dia";"Crescente";"Céu Claro";"Dupla";"Reta;Ponte";"Sim";3;0;2;0;1;0;2;2;-10,88289672;-61,93884227;"SPRF-RO";"DEL02-RO";"UOP01-DEL02-RO"
770133;2026-05-07;"quinta-feira";"21:10:00";"MG";116;410,9;"GOVERNADOR VALADARES";"Ausência de reação do condutor";"Colisão transversal";"Com Vítimas Feridas";"Plena Noite";"Crescente";"Céu Claro";"Dupla";"Interseção de Vias";"Sim";2;0;0;2;0;0;2;2;-18,86733081;-41,97294323;"SPRF-MG";"DEL06/MG";"UOP01-DEL06-MG"
770135;2026-05-07;"quinta-feira";"22:50:00";"SC";282;30,9;"SANTO AMARO DA IMPERATRIZ";"Velocidade Incompatível";"Saída de leito carroçável";"Com Vítimas Feridas";"Plena Noite";"Decrescente";"Nublado";"Simples";"Curva";"Não";1;0;0;1;0;0;1;1;-27,695463;-48,793202;"SPRF-SC";"DEL01/SC";"UOP03-DEL01-SC"
770136;2026-05-07;"quinta-feira";"18:00:00";"ES";262;46,5;"MARECHAL FLORIANO";"Reação tardia ou ineficiente do condutor";"Colisão lateral mesmo sentido";"Com Vítimas Feridas";"Plena Noite";"Decrescente";"Céu Claro";"Simples";"Reta";"Não";2;0;1;0;1;0;1;2;-20,41015863;-40,67508197;"SPRF-ES";"DEL01-ES";"UOP01-DEL01-ES"
770137;2026-05-07;"quinta-feira";"23:40:00";"RJ";40;85;"PETROPOLIS";"Acumulo de água sobre o pavimento";"Saída de leito carroçável";"Com Vítimas Feridas";"Plena Noite";"Decrescente";"Céu Claro";"Simples";"Curva";"Não";1;0;0;1;0;0;1;1;-22,551111;-43,225731;"SPRF-RJ";"DEL01/RJ";"UOP01-DEL01-RJ"
770138;2026-05-08;"sexta-feira";"00:40:00";"SC";101;212,7;"PALHOCA";"Manobra de mudança de faixa";"Colisão lateral mesmo sentido";"Com Vítimas Feridas";"Plena Noite";"Crescente";"Nublado";"Múltipla";"Reta";"Sim";2;0;1;0;0;1;1;2;-27,63408;-48,66319;"SPRF-SC";"DEL01/SC";"UOP02-DEL01-SC"
770143;2026-05-07;"quinta-feira";"21:55:00";"AC";317;301;"BRASILEIA";"Transitar na contramão";"Colisão lateral sentido oposto";"Sem Vítimas";"Plena Noite";"Crescente";"Céu Claro";"Simples";"Reta";"Não";2;0;0;0;1;1;0;2;-10,96746285;-68,77618302;"SPRF-AC";"DEL01-AC";"UOP02-DEL01-AC"
770144;2026-05-08;"sexta-feira";"00:28:00";"RO";364;708;"PORTO VELHO";"Pista esburacada";"Queda de ocupante de veículo";"Com Vítimas Feridas";"Plena Noite";"Decrescente";"Céu Claro";"Simples";"Reta";"Sim";2;0;0;1;0;1;1;2;-8,793767;-63,844668;"SPRF-RO";"DEL01-RO";"UOP01-DEL01-RO"
770145;2026-05-08;"sexta-feira";"02:00:00";"RO";364;687;"PORTO VELHO";"Reação tardia ou ineficiente do condutor";"Saída de leito carroçável";"Com Vítimas Feridas";"Plena Noite";"Decrescente";"Nublado";"Simples";"Reta";"Não";1;0;1;0;0;0;1;1;-8,80040529;-63,76176293;"SPRF-RO";"DEL01-RO";"UOP01-DEL01-RO"
770147;2026-05-08;"sexta-feira";"04:50:00";"RS";470;217;"BENTO GONCALVES";"Reação tardia ou ineficiente do condutor";"Saída de leito carroçável";"Com Vítimas Feridas";"Plena Noite";"Decrescente";"Céu Claro";"Dupla";"Reta;Aclive";"Sim";2;0;1;0;1;0;1;1;-29,17644919;-51,52107088;"SPRF-RS";"DEL06/RS";"UOP01-DEL06-RS"
770149;2026-05-08;"sexta-feira";"05:30:00";"SC";153;85;"CONCORDIA";"Objeto estático sobre o leito carroçável";"Colisão com objeto";"Com Vítimas Feridas";"Plena Noite";"Crescente";"Chuva";"Simples";"Curva";"Não";1;0;1;0;0;0;1;1;-27,13964667;-51,91391341;"SPRF-SC";"DEL07/SC";"UOP04-DEL07-SC"
770150;2026-05-08;"sexta-feira";"05:06:00";"PB";101;111;"ALHANDRA";"Pedestre andava na pista";"Atropelamento de Pedestre";"Com Vítimas Feridas";"Pleno dia";"Crescente";"Nublado";"Dupla";"Declive";"Não";2;0;0;1;0;1;1;2;-7,37629632;-34,95568656;"SPRF-PB";"DEL01-PB";"UOP01-DEL01-PB"
770151;2026-05-08;"sexta-feira";"06:10:00";"DF";40;1,4;"BRASILIA";"Condutor deixou de manter distância do veículo da frente";"Colisão traseira";"Com Vítimas Feridas";"Amanhecer";"Decrescente";"Céu Claro";"Dupla";"Reta";"Sim";2;0;1;0;0;1;1;2;-15,992722;-47,985975;"SPRF-DF";"DEL01-DF";"UOP01-DEL01-DF"
770152;2026-05-08;"sexta-feira";"05:50:00";"SC";101;134,4;"BALNEARIO CAMBORIU";"Manobra de mudança de faixa";"Colisão lateral mesmo sentido";"Com Vítimas Feridas";"Amanhecer";"Crescente";"Nublado";"Múltipla";"Reta";"Sim";2;0;1;0;1;0;1;2;-27,00342922;-48,63333361;"SPRF-SC";"DEL04/SC";"UOP03-DEL04-SC"
770154;2026-05-08;"sexta-feira";"05:30:00";"PR";277;23,8;"MORRETES";"Reação tardia ou ineficiente do condutor";"Tombamento";"Com Vítimas Feridas";"Plena Noite";"Decrescente";"Nublado";"Dupla";"Reta";"Não";1;0;0;1;0;0;1;1;-25,52898944;-48,74354693;"SPRF-PR";"DEL01/PR";"UOP05-DEL01-PR"
770156;2026-05-08;"sexta-feira";"06:05:00";"RS";116;647;"JAGUARAO";"Ingestão de álcool pelo condutor";"Colisão lateral sentido oposto";"Sem Vítimas";"Amanhecer";"Crescente";"Nublado";"Simples";"Reta";"Não";5;0;0;0;5;0;0;2;-32,44675096;-53,26747349;"SPRF-RS";"DEL07/RS";"UOP03-DEL07-RS"
770158;2026-05-08;"sexta-feira";"06:10:00";"SE";101;74,5;"MARUIM";"Acumulo de água sobre o pavimento";"Saída de leito carroçável";"Com Vítimas Feridas";"Pleno dia";"Crescente";"Chuva";"Dupla";"Declive;Interseção de Vias";"Não";5;0;3;1;1;0;4;1;-10,76607316;-37,11568801;"SPRF-SE";"DEL01-SE";"UOP01-DEL01-SE"
770159;2026-05-08;"sexta-feira";"06:23:00";"SP";116;222;"GUARULHOS";"Manobra de mudança de faixa";"Colisão lateral mesmo sentido";"Com Vítimas Feridas";"Pleno dia";"Crescente";"Ignorado";"Múltipla";"Reta";"Sim";2;0;1;0;1;0;1;2;-23,47101779;-46,51778769;"SPRF-SP";"DEL01/SP";"UOP01-DEL01-SP"
770160;2026-05-08;"sexta-feira";"06:45:00";"MG";40;520;"CONTAGEM";"Condutor deixou de manter distância do veículo da frente";"Colisão traseira";"Com Vítimas Feridas";"Pleno dia";"Crescente";"Céu Claro";"Dupla";"Reta";"Sim";3;0;1;0;1;1;1;3;-19,85625597;-44,07251358;"SPRF-MG";"DEL01/MG";"UOP02-DEL01-MG"
770161;2026-05-08;"sexta-feira";"06:40:00";"ES";101;290,5;"CARIACICA";"Ausência de reação do condutor";"Queda de ocupante de veículo";"Com Vítimas Feridas";"Pleno dia";"Decrescente";"Céu Claro";"Dupla";"Reta";"Sim";1;0;1;0;0;0;1;1;-20,29459997;-40,39321303;"SPRF-ES";"DEL01-ES";"UOP01-DEL01-ES"
770162;2026-05-08;"sexta-feira";"06:55:00";"SC";101;211,1;"PALHOCA";"Condutor deixou de manter distância do veículo da frente";"Colisão lateral mesmo sentido";"Com Vítimas Feridas";"Pleno dia";"Decrescente";"Nublado";"Múltipla";"Reta";"Sim";2;0;0;1;1;0;1;2;-27,6252447;-48,6548795;"SPRF-SC";"DEL01/SC";"UOP02-DEL01-SC"
770163;2026-05-08;"sexta-feira";"07:20:00";"SP";116;282;"EMBU DAS ARTES";"Ausência de reação do condutor";"Colisão traseira";"Com Vítimas Feridas";"Pleno dia";"Decrescente";"Céu Claro";"Dupla";"Reta";"Não";3;0;1;0;2;0;1;3;-23,66199379;-46,85278465;"SPRF-SP";"DEL04/SP";"UOP01-DEL04-SP"
770165;2026-05-08;"sexta-feira";"07:00:00";"ES";101;287,6;"CARIACICA";"Acessar a via sem observar a presença dos outros veículos";"Colisão transversal";"Com Vítimas Feridas";"Pleno dia";"Decrescente";"Céu Claro";"Dupla";"Aclive;Retorno Regulamentado";"Sim";3;0;1;0;2;0;1;2;-20,268665;-40,3886;"SPRF-ES";"DEL01-ES";"UOP01-DEL01-ES"
770166;2026-03-01;"domingo";"05:59:00";"PA";163;422;"ITAITUBA";"Reação tardia ou ineficiente do condutor";"Colisão frontal";"Com Vítimas Fatais";"Amanhecer";"Crescente";"Céu Claro";"Simples";"Curva;Aclive";"Não";2;1;0;0;0;1;0;2;-6,12352778;-55,61493611;"SPRF-PA";"DEL05/PA";"UOP03-DEL05-PA"
770167;2026-05-08;"sexta-feira";"07:40:00";"ES";101;293;"CARIACICA";"Ausência de reação do condutor";"Colisão traseira";"Com Vítimas Feridas";"Pleno dia";"Crescente";"Céu Claro";"Dupla";"Reta";"Sim";2;0;1;0;1;0;1;2;-20,31613959;-40,3957665;"SPRF-ES";"DEL01-ES";"UOP01-DEL01-ES"
770168;2026-05-08;"sexta-feira";"06:51:00";"RJ";116;170,9;"RIO DE JANEIRO";"Condutor deixou de manter distância do veículo da frente";"Colisão traseira";"Com Vítimas Feridas";"Amanhecer";"Decrescente";"Céu Claro";"Dupla";"Reta;Em Obras";"Sim";2;0;0;1;1;0;1;2;-22,808031;-43,339911;"SPRF-RJ";"DEL06/RJ";"UOP01-DEL06-RJ"
770172;2026-05-08;"sexta-feira";"05:22:00";"MG";116;357,2;"FREI INOCENCIO";"Animais na Pista";"Atropelamento de Animal";"Com Vítimas Feridas";"Amanhecer";"Crescente";"Céu Claro";"Simples";"Reta";"Não";1;0;1;0;0;0;1;1;-18,55868588;-41,90450549;"SPRF-MG";"DEL11/MG";"UOP01-DEL11-MG"
770173;2026-05-01;"sexta-feira";"02:30:00";"RJ";101;425;"MANGARATIBA";"Animais na Pista";"Atropelamento de Animal";"Com Vítimas Feridas";"Plena Noite";"Crescente";"Chuva";"Simples";"Reta";"Não";4;0;1;0;3;0;1;1;-22,92914836;-43,97526741;"SPRF-RJ";"DEL03/RJ";"UOP02-DEL03-RJ"
770174;2026-05-08;"sexta-feira";"06:40:00";"MG";381;485;"BETIM";"Trafegar com motocicleta (ou similar) entre as faixas";"Colisão traseira";"Com Vítimas Feridas";"Pleno dia";"Decrescente";"Céu Claro";"Múltipla";"Reta";"Não";3;0;2;0;1;0;2;2;-19,95979596;-44,08950806;"SPRF-MG";"DEL01/MG";"UOP03-DEL01-MG"
770175;2026-05-08;"sexta-feira";"07:21:00";"RN";304;306;"PARNAMIRIM";"Condutor deixou de manter distância do veículo da frente";"Colisão traseira";"Com Vítimas Feridas";"Pleno dia";"Decrescente";"Céu Claro";"Dupla";"Curva";"Sim";3;0;1;0;2;0;1;2;-5,89136198;-35,25975879;"SPRF-RN";"DEL01-RN";"UOP02-DEL01-RN"
770177;2026-05-08;"sexta-feira";"07:55:00";"ES";101;236,4;"FUNDAO";"Pedestre andava na pista";"Atropelamento de Pedestre";"Com Vítimas Feridas";"Pleno dia";"Crescente";"Céu Claro";"Simples";"Curva";"Não";2;0;0;1;1;0;1;2;-19,987648;-40,414215;"SPRF-ES";"DEL02-ES";"UOP01-DEL02-ES"
770178;2026-03-30;"segunda-feira";"18:20:00";"SC";101;384;"ICARA";"Ausência de reação do condutor";"Saída de leito carroçável";"Com Vítimas Feridas";"Plena Noite";"Crescente";"Chuva";"Dupla";"Reta";"Não";1;0;1;0;0;0;1;1;-28,77626;-49,319257;"SPRF-SC";"DEL02/SC";"UOP02-DEL02-SC"
770180;2026-05-08;"sexta-feira";"07:15:00";"MS";158;97,3;"PARANAIBA";"Ausência de reação do condutor";"Colisão com objeto";"Com Vítimas Feridas";"Pleno dia";"Decrescente";"Céu Claro";"Dupla";"Rotatória";"Sim";2;0;1;1;0;0;2;1;-19,69526412;-51,18007426;"SPRF-MS";"DEL08/MS";"UOP01-DEL08-MS"
770181;2026-03-12;"quinta-feira";"14:56:00";"PA";163;353;"NOVO PROGRESSO";"Pista esburacada";"Saída de leito carroçável";"Sem Vítimas";"Pleno dia";"Decrescente";"Céu Claro";"Simples";"Aclive;Curva";"Não";2;0;0;0;0;2;0;1;-6,69111111;-55,48694444;"SPRF-PA";"DEL05/PA";"UOP03-DEL05-PA"
770182;2026-05-08;"sexta-feira";"08:00:00";"GO";153;494,2;"GOIANIA";"Manobra de mudança de faixa";"Colisão lateral mesmo sentido";"Com Vítimas Feridas";"Pleno dia";"Crescente";"Céu Claro";"Múltipla";"Aclive";"Sim";2;0;2;0;0;0;2;1;-16,65799864;-49,21962474;"SPRF-GO";"DEL01/GO";"UOP01-DEL01-GO"
770183;2026-05-08;"sexta-feira";"08:12:00";"SP";116;209;"GUARULHOS";"Entrada inopinada do pedestre";"Atropelamento de Pedestre";"Com Vítimas Feridas";"Pleno dia";"Decrescente";"Céu Claro";"Simples";"Reta";"Sim";2;0;1;0;1;0;1;2;-23,42625593;-46,405617;"SPRF-SP";"DEL01/SP";"UOP01-DEL01-SP"
770185;2026-05-08;"sexta-feira";"06:05:00";"RO";364;422,1;"JARU";"Ausência de reação do condutor";"Colisão traseira";"Com Vítimas Feridas";"Amanhecer";"Decrescente";"Céu Claro";"Múltipla";"Aclive;Reta";"Sim";2;0;1;0;1;0;1;2;-10,45791;-62,457313;"SPRF-RO";"DEL03-RO";"UOP02-DEL03-RO"
770187;2026-05-07;"quinta-feira";"23:10:00";"SP";116;112,5;"TAUBATE";"Ausência de reação do condutor";"Saída de leito carroçável";"Com Vítimas Feridas";"Plena Noite";"Decrescente";"Céu Claro";"Dupla";"Reta";"Sim";1;0;1;0;0;0;1;1;-23,04313012;-45,57639186;"SPRF-SP";"DEL02/SP";"UOP02-DEL02-SP"
770188;2026-05-08;"sexta-feira";"07:20:00";"PR";476;174,8;"CONTENDA";"Acessar a via sem observar a presença dos outros veículos";"Colisão transversal";"Sem Vítimas";"Pleno dia";"Crescente";"Nublado";"Simples";"Reta;Interseção de Vias";"Não";2;0;0;0;2;0;0;2;-25,69347439;-49,55083966;"SPRF-PR";"DEL01/PR";"UOP06-DEL01-PR"
770189;2026-05-08;"sexta-feira";"08:15:00";"PR";376;245;"APUCARANA";"Reação tardia ou ineficiente do condutor";"Queda de ocupante de veículo";"Com Vítimas Feridas";"Pleno dia";"Decrescente";"Chuva";"Dupla";"Aclive";"Não";1;0;1;0;0;0;1;1;-23,589401;-51,411819;"SPRF-PR";"DEL07/PR";"UOP03-DEL07-PR"
770191;2026-05-08;"sexta-feira";"07:00:00";"RO";425;126;"GUAJARA-MIRIM";"Transitar na contramão";"Colisão frontal";"Com Vítimas Feridas";"Pleno dia";"Decrescente";"Céu Claro";"Dupla";"Reta";"Sim";2;0;1;0;0;1;1;2;-10,76571112;-65,31715304;"SPRF-RO";"DEL01-RO";"UOP03-DEL01-RO"
770195;2026-05-08;"sexta-feira";"07:50:00";"ES";101;70;"SAO MATEUS";"Mal súbito do condutor";"Colisão com objeto";"Com Vítimas Feridas";"Anoitecer";"Decrescente";"Céu Claro";"Simples";"Interseção de Vias;Retorno Regulamentado";"Sim";1;0;0;1;0;0;1;1;-18,750193;-39,86197;"SPRF-ES";"DEL04-ES";"UOP02-DEL04-ES"
770197;2026-05-08;"sexta-feira";"08:10:00";"RJ";116;173;"RIO DE JANEIRO";"Ausência de reação do condutor";"Colisão traseira";"Com Vítimas Feridas";"Pleno dia";"Decrescente";"Céu Claro";"Dupla";"Reta";"Sim";2;0;1;0;1;0;1;2;-22,808031;-43,339911;"SPRF-RJ";"DEL06/RJ";"UOP01-DEL06-RJ"
770203;2026-05-08;"sexta-feira";"08:40:00";"ES";101;359;"ANCHIETA";"Ingestão de álcool pelo condutor";"Colisão com objeto";"Sem Vítimas";"Pleno dia";"Decrescente";"Céu Claro";"Simples";"Reta";"Não";1;0;0;0;1;0;0;1;-20,70045333;-40,71575046;"SPRF-ES";"DEL03-ES";"UOP01-DEL03-ES"
770205;2026-05-08;"sexta-feira";"09:35:00";"ES";101;35;"CONCEICAO DA BARRA";"Ausência de reação do condutor";"Queda de ocupante de veículo";"Com Vítimas Feridas";"Pleno dia";"Decrescente";"Céu Claro";"Simples";"Reta;Interseção de Vias;Aclive";"Não";1;0;1;0;0;0;1;1;-18,45980059;-39,92996899;"SPRF-ES";"DEL04-ES";"UOP02-DEL04-ES"
770206;2026-05-08;"sexta-feira";"08:20:00";"PB";104;112,5;"LAGOA SECA";"Ausência de reação do condutor";"Colisão traseira";"Com Vítimas Feridas";"Pleno dia";"Crescente";"Nublado";"Simples";"Aclive;Reta";"Não";2;0;1;0;0;1;1;2;-7,146492;-35,85555;"SPRF-PB";"DEL02-PB";"UOP04-DEL02-PB"
770208;2026-05-08;"sexta-feira";"09:45:00";"PE";101;76,9;"RECIFE";"Condutor deixou de manter distância do veículo da frente";"Colisão lateral mesmo sentido";"Com Vítimas Feridas";"Pleno dia";"Decrescente";"Nublado";"Dupla";"Reta;Aclive";"Sim";2;0;1;0;1;0;1;2;-8,12621;-34,94394;"SPRF-PE";"DEL01/PE";"UOP01-DEL01-PE"
770210;2026-05-08;"sexta-feira";"10:15:00";"MG";364;22;"FRUTAL";"Manobra de mudança de faixa";"Colisão lateral sentido oposto";"Com Vítimas Feridas";"Pleno dia";"Crescente";"Céu Claro";"Simples";"Reta";"Não";2;0;0;1;1;0;1;2;-20,044166;-48,849244;"SPRF-MG";"DEL13/MG";"UOP02-DEL13-MG"
770211;2026-05-08;"sexta-feira";"10:30:00";"RS";116;526;"PELOTAS";"Pista Escorregadia";"Saída de leito carroçável";"Sem Vítimas";"Pleno dia";"Decrescente";"Céu Claro";"Simples";"Curva";"Não";1;0;0;0;1;0;0;1;-31,744975;-52,403345;"SPRF-RS";"DEL07/RS";"UOP01-DEL07-RS"
770213;2026-05-08;"sexta-feira";"08:50:00";"SC";158;106;"CUNHA PORA";"Pista Escorregadia";"Capotamento";"Com Vítimas Feridas";"Pleno dia";"Decrescente";"Chuva";"Simples";"Curva";"Não";1;0;1;0;0;0;1;1;-26,867817;-53,163352;"SPRF-SC";"DEL07/SC";"UOP02-DEL07-SC"
770215;2026-05-08;"sexta-feira";"10:20:00";"PR";277;668;"MEDIANEIRA";"Acumulo de água sobre o pavimento";"Saída de leito carroçável";"Com Vítimas Feridas";"Pleno dia";"Crescente";"Chuva";"Dupla";"Reta";"Sim";1;0;1;0;0;0;1;1;-25,2645428;-54,0504873;"SPRF-PR";"DEL05/PR";"UOP02-DEL05-PR"
770218;2026-05-08;"sexta-feira";"06:00:00";"MG";381;699;"LAVRAS";"Reação tardia ou ineficiente do condutor";"Saída de leito carroçável";"Com Vítimas Feridas";"Amanhecer";"Decrescente";"Céu Claro";"Dupla";"Curva";"Não";2;0;2;0;0;0;2;1;-21,27737784;-45,13975382;"SPRF-MG";"DEL04/MG";"UOP02-DEL04-MG"
770220;2026-05-08;"sexta-feira";"09:30:00";"BA";116;783;"PLANALTO";"Acessar a via sem observar a presença dos outros veículos";"Colisão transversal";"Com Vítimas Fatais";"Pleno dia";"Decrescente";"Céu Claro";"Simples";"Reta;Interseção de Vias";"Sim";2;1;0;0;1;0;0;2;-14,68193698;-40,52838295;"SPRF-BA";"DEL08/BA";"UOP02-DEL08-BA"
770221;2026-05-08;"sexta-feira";"11:00:00";"PR";376;173,5;"MARINGA";"Ausência de reação do condutor";"Colisão traseira";"Com Vítimas Feridas";"Pleno dia";"Crescente";"Chuva";"Múltipla";"Reta";"Sim";2;0;0;1;1;0;1;2;-23,4191283;-51,9647158;"SPRF-PR";"DEL09/PR";"UOP01-DEL09-PR"
770222;2026-05-08;"sexta-feira";"11:00:00";"BA";324;619;"SALVADOR";"Demais falhas na via";"Tombamento";"Com Vítimas Feridas";"Pleno dia";"Decrescente";"Céu Claro";"Múltipla";"Reta";"Sim";2;0;1;0;1;0;1;1;-12,910438;-38,458428;"SPRF-BA";"DEL01/BA";"UOP01-DEL01-BA"
770225;2026-04-26;"domingo";"07:30:00";"RS";0;0;"BOM PROGRESSO";"Ausência de reação do condutor";"Colisão frontal";"Sem Vítimas";"Pleno dia";"Não Informado";"Chuva";"Simples";"Aclive";"Não";4;0;0;0;4;0;0;2;-27,572005;-53,870006;"SPRF-RS";"DEL08/RS";"UOP02-DEL08-RS"
770229;2026-05-08;"sexta-feira";"10:23:00";"MT";70;3;"BARRA DO GARCAS";"Velocidade Incompatível";"Colisão traseira";"Sem Vítimas";"Pleno dia";"Decrescente";"Sol";"Dupla";"Declive;Reta";"Sim";2;0;0;0;2;0;0;2;-15,88061436;-52,2797389;"SPRF-MT";"DEL07/MT";"UOP01-DEL07-MT"
770234;2026-05-08;"sexta-feira";"12:42:00";"RN";101;152;"GOIANINHA";"Pedestre andava na pista";"Atropelamento de Pedestre";"Com Vítimas Feridas";"Pleno dia";"Decrescente";"Céu Claro";"Dupla";"Reta";"Não";2;0;0;1;0;1;1;2;-6,34246228;-35,16891909;"SPRF-RN";"DEL01-RN";"UOP01-DEL01-RN"
770235;2026-05-08;"sexta-feira";"09:00:00";"PR";277;630;"CEU AZUL";"Chuva";"Saída de leito carroçável";"Com Vítimas Feridas";"Pleno dia";"Decrescente";"Chuva";"Simples";"Reta";"Não";2;0;1;0;1;0;1;1;-25,10980723;-53,76476035;"SPRF-PR";"DEL05/PR";"UOP02-DEL05-PR"
770236;2026-04-03;"sexta-feira";"07:30:00";"MG";381;756;"TRES CORACOES";"Reação tardia ou ineficiente do condutor";"Colisão traseira";"Com Vítimas Feridas";"Pleno dia";"Decrescente";"Céu Claro";"Dupla";"Reta";"Não";2;0;1;0;1;0;1;2;-21,6730771;-45,3350369;"SPRF-MG";"DEL16/MG";"UOP02-DEL16-MG"
770238;2026-05-08;"sexta-feira";"11:30:00";"PB";361;4;"PATOS";"Condutor deixou de manter distância do veículo da frente";"Colisão traseira";"Com Vítimas Feridas";"Pleno dia";"Crescente";"Céu Claro";"Simples";"Reta";"Não";3;0;2;1;0;0;3;2;-7,032927;-37,297527;"SPRF-PB";"DEL03-PB";"UOP01-DEL03-PB"
770239;2026-05-07;"quinta-feira";"21:53:00";"BA";324;517;"FEIRA DE SANTANA";"Conversão proibida";"Colisão transversal";"Com Vítimas Feridas";"Plena Noite";"Crescente";"Céu Claro";"Simples";"Reta";"Sim";2;0;0;1;0;1;1;2;-12,25745;-38,93255;"SPRF-BA";"DEL02/BA";"UOP01-DEL02-BA"
770240;2026-05-08;"sexta-feira";"13:20:00";"ES";262;188,3;"IUNA";"Transitar na contramão";"Colisão frontal";"Com Vítimas Fatais";"Pleno dia";"Crescente";"Sol";"Simples";"Reta";"Não";2;1;0;1;0;0;1;2;-20,31533518;-41,72864658;"SPRF-ES";"DEL01-ES";"UOP02-DEL01-ES"
770243;2026-05-08;"sexta-feira";"07:10:00";"MT";70;708;"CACERES";"Velocidade Incompatível";"Saída de leito carroçável";"Com Vítimas Feridas";"Pleno dia";"Crescente";"Céu Claro";"Simples";"Curva";"Não";2;0;2;0;0;0;2;1;-16,225803;-57,570092;"SPRF-MT";"DEL03/MT";"UOP01-DEL03-MT"
770247;2026-05-08;"sexta-feira";"13:50:00";"PB";101;67,8;"SANTA RITA";"Reação tardia ou ineficiente do condutor";"Saída de leito carroçável";"Sem Vítimas";"Pleno dia";"Decrescente";"Chuva";"Dupla";"Curva;Declive";"Não";1;0;0;0;1;0;0;1;-7,05609093;-35,02884418;"SPRF-PB";"DEL01-PB";"UOP03-DEL01-PB"
770248;2026-05-08;"sexta-feira";"13:06:00";"PE";101;78,3;"JABOATAO DOS GUARARAPES";"Demais falhas mecânicas ou elétricas";"Engavetamento";"Sem Vítimas";"Pleno dia";"Crescente";"Céu Claro";"Dupla";"Reta";"Não";4;0;0;0;4;0;0;4;-8,14084754;-34,94660854;"SPRF-PE";"DEL01/PE";"UOP01-DEL01-PE"
770249;2026-05-08;"sexta-feira";"14:20:00";"DF";60;2,5;"BRASILIA";"Reação tardia ou ineficiente do condutor";"Tombamento";"Com Vítimas Feridas";"Pleno dia";"Crescente";"Céu Claro";"Dupla";"Retorno Regulamentado";"Não";1;0;1;0;0;0;1;1;-15,888323;-48,080747;"SPRF-DF";"DEL03-DF";"UOP01-DEL03-DF"
770252;2026-05-08;"sexta-feira";"14:10:00";"SC";101;122;"ITAJAI";"Ausência de reação do condutor";"Queda de ocupante de veículo";"Com Vítimas Feridas";"Pleno dia";"Decrescente";"Garoa/Chuvisco";"Múltipla";"Reta";"Sim";1;0;1;0;0;0;1;1;-26,93440291;-48,70080471;"SPRF-SC";"DEL04/SC";"UOP04-DEL04-SC"
770253;2026-03-27;"sexta-feira";"10:41:00";"MS";163;476;"CAMPO GRANDE";"Acessar a via sem observar a presença dos outros veículos";"Colisão transversal";"Com Vítimas Feridas";"Pleno dia";"Crescente";"Céu Claro";"Simples";"Reta;Interseção de Vias";"Sim";4;0;1;0;3;0;1;2;-20,51420258;-54,56261007;"SPRF-MS";"DEL01/MS";"UOP01-DEL01-MS"
770257;2026-05-08;"sexta-feira";"18:55:00";"RS";290;5;"OSORIO";"Reação tardia ou ineficiente do condutor";"Saída de leito carroçável";"Com Vítimas Feridas";"Plena Noite";"Crescente";"Céu Claro";"Dupla";"Reta";"Não";2;0;1;0;1;0;1;1;-29,89717314;-50,32420635;"SPRF-RS";"DEL03/RS";"UOP01-DEL03-RS"
770260;2026-05-08;"sexta-feira";"17:30:00";"RS";287;369;"JAGUARI";"Reação tardia ou ineficiente do condutor";"Engavetamento";"Sem Vítimas";"Anoitecer";"Crescente";"Nublado";"Simples";"Curva;Declive;Em Obras";"Não";3;0;0;0;2;1;0;3;-29,3912252;-54,74588934;"SPRF-RS";"DEL12/RS";"UOP02-DEL12-RS"
770262;2026-05-08;"sexta-feira";"19:00:00";"GO";60;64;"ABADIANIA";"Ingestão de álcool pelo condutor";"Saída de leito carroçável";"Com Vítimas Feridas";"Plena Noite";"Crescente";"Céu Claro";"Dupla";"Reta";"Não";1;0;0;1;0;0;1;1;-16,194933;-48,729656;"SPRF-GO";"DEL02/GO";"UOP01-DEL02-GO"
770263;2026-05-08;"sexta-feira";"17:00:00";"RS";116;270;"PORTO ALEGRE";"Reação tardia ou ineficiente do condutor";"Colisão traseira";"Com Vítimas Feridas";"Anoitecer";"Decrescente";"Céu Claro";"Múltipla";"Interseção de Vias;Reta";"Não";2;0;1;0;1;0;1;2;-29,97015459;-51,17626403;"SPRF-RS";"DEL01/RS";"UOP01-DEL01-RS"