"id";"data_inversa";"dia_semana";"horario";"uf";"br";"km";"municipio";"causa_acidente";"tipo_acidente";"classificacao_acidente";"fase_dia";"sentido_via";"condicao_metereologica";"tipo_pista";"tracado_via";"uso_solo";"pessoas";"mortos";"feridos_leves";"feridos_graves";"ilesos";"ignorados";"feridos";"veiculos";"latitude";"longitude";"regional";"delegacia";"uop"
770372;2026-05-08;"sexta-feira";"22:50:00";"PI";316;309;"PICOS";"Acessar a via sem observar a presença dos outros veículos";"Colisão lateral mesmo sentido";"Sem Vítimas";"Plena Noite";"Crescente";"Céu Claro";"Simples";"Rotatória;Reta";"Sim";3;0;0;0;2;1;0;3;-7,076117;-41,472453;"SPRF-PI";"DEL04-PI";"UOP01-DEL04-PI"
770374;2026-05-08;"sexta-feira";"22:20:00";"RO";425;79;"NOVA MAMORE";"Ultrapassagem Indevida";"Colisão lateral sentido oposto";"Com Vítimas Feridas";"Plena Noite";"Crescente";"Céu Claro";"Simples";"Aclive;Reta";"Não";3;0;1;1;1;0;2;3;-10,38179;-65,32209;"SPRF-RO";"DEL01-RO";"UOP03-DEL01-RO"
770375;2026-05-08;"sexta-feira";"00:20:00";"SP";116;193;"SANTA ISABEL";"Ingestão de álcool pelo condutor";"Colisão com objeto";"Sem Vítimas";"Plena Noite";"Decrescente";"Nublado";"Dupla";"Aclive";"Não";1;0;0;0;1;0;0;1;-23,380792;-46,259041;"SPRF-SP";"DEL01/SP";"UOP01-DEL01-SP"
770376;2026-05-08;"sexta-feira";"17:00:00";"RS";386;434;"NOVA SANTA RITA";"Ausência de reação do condutor";"Colisão traseira";"Com Vítimas Feridas";"Pleno dia";"Crescente";"Céu Claro";"Dupla";"Rotatória;Em Obras;Reta";"Não";2;0;1;0;1;0;1;2;-29,84592045;-51,27804279;"SPRF-RS";"DEL04/RS";"UOP02-DEL04-RS"
770377;2026-05-08;"sexta-feira";"23:10:00";"MG";381;930,9;"ITAPEVA";"Ingestão de álcool pelo condutor";"Tombamento";"Com Vítimas Feridas";"Plena Noite";"Crescente";"Céu Claro";"Dupla";"Reta";"Não";1;0;1;0;0;0;1;1;-22,7852885;-46,24158061;"SPRF-MG";"DEL16/MG";"UOP03-DEL16-MG"
770379;2026-05-08;"sexta-feira";"09:50:00";"MG";381;395;"BOM JESUS DO AMPARO";"Demais falhas mecânicas ou elétricas";"Queda de ocupante de veículo";"Com Vítimas Feridas";"Pleno dia";"Decrescente";"Céu Claro";"Dupla";"Declive;Reta";"Não";2;0;2;0;0;0;2;1;-19,74318574;-43,50255188;"SPRF-MG";"DEL01/MG";"UOP01-DEL01-MG"
770380;2026-05-08;"sexta-feira";"22:45:00";"RO";364;708;"PORTO VELHO";"Reação tardia ou ineficiente do condutor";"Saída de leito carroçável";"Com Vítimas Feridas";"Plena Noite";"Decrescente";"Céu Claro";"Dupla";"Reta";"Sim";1;0;1;0;0;0;1;1;-8,79303068;-63,84589469;"SPRF-RO";"DEL01-RO";"UOP01-DEL01-RO"
770381;2026-05-09;"sábado";"00:15:00";"MG";40;2;"CABECEIRA GRANDE";"Reação tardia ou ineficiente do condutor";"Colisão com objeto";"Com Vítimas Feridas";"Plena Noite";"Decrescente";"Céu Claro";"Dupla";"Reta";"Não";2;0;1;0;1;0;1;1;-16;-47;"SPRF-MG";"DEL14/MG";"UOP01-DEL14-MG"
770382;2026-05-09;"sábado";"01:15:00";"CE";116;46;"PACAJUS";"Reação tardia ou ineficiente do condutor";"Colisão com objeto";"Com Vítimas Fatais";"Plena Noite";"Crescente";"Garoa/Chuvisco";"Dupla";"Curva";"Sim";2;1;0;1;0;0;1;1;-4,14898668;-38,47558022;"SPRF-CE";"DEL01/CE";"UOP02-DEL01-CE"
770383;2026-05-08;"sexta-feira";"22:30:00";"PB";230;397;"POMBAL";"Reação tardia ou ineficiente do condutor";"Colisão frontal";"Com Vítimas Feridas";"Plena Noite";"Decrescente";"Chuva";"Simples";"Reta";"Não";2;0;1;0;1;0;1;2;-6,812235;-37,76878;"SPRF-PB";"DEL03-PB";"UOP02-DEL03-PB"
770384;2026-05-09;"sábado";"00:25:00";"SC";101;332,4;"TUBARAO";"Avarias e/ou desgaste excessivo no pneu";"Saída de leito carroçável";"Sem Vítimas";"Plena Noite";"Decrescente";"Chuva";"Simples";"Reta";"Sim";1;0;0;0;1;0;0;1;-28,4679;-49,002055;"SPRF-SC";"DEL02/SC";"UOP01-DEL02-SC"
770386;2026-05-09;"sábado";"01:45:00";"MG";116;110;"ITAOBIM";"Velocidade Incompatível";"Saída de leito carroçável";"Com Vítimas Feridas";"Plena Noite";"Decrescente";"Céu Claro";"Simples";"Curva";"Não";1;0;1;0;0;0;1;1;-16,5132;-41,50634;"SPRF-MG";"DEL11/MG";"UOP02-DEL11-MG"
770387;2026-05-09;"sábado";"02:30:00";"MG";365;758;"ITUIUTABA";"Ingestão de álcool pelo condutor";"Colisão com objeto";"Com Vítimas Feridas";"Plena Noite";"Crescente";"Céu Claro";"Simples";"Rotatória;Reta";"Não";5;0;1;4;0;0;5;1;-18,96586359;-49,50634567;"SPRF-MG";"DEL15/MG";"UOP03-DEL15-MG"
770390;2026-05-09;"sábado";"03:20:00";"MG";381;500;"BETIM";"Ausência de reação do condutor";"Colisão com objeto";"Sem Vítimas";"Plena Noite";"Crescente";"Céu Claro";"Múltipla";"Reta;Declive";"Não";1;0;0;0;0;1;0;1;-20,00635875;-44,2152009;"SPRF-MG";"DEL01/MG";"UOP03-DEL01-MG"
770391;2026-05-09;"sábado";"02:40:00";"CE";304;38,5;"ARACATI";"Condutor Dormindo";"Saída de leito carroçável";"Com Vítimas Feridas";"Plena Noite";"Decrescente";"Céu Claro";"Simples";"Reta";"Não";1;0;0;1;0;0;1;1;-4,57741369;-37,78497074;"SPRF-CE";"DEL03/CE";"UOP02-DEL03-CE"
770393;2026-05-09;"sábado";"02:45:00";"PR";153;33,1;"SANTO ANTONIO DA PLATINA";"Ingestão de álcool pelo condutor";"Colisão com objeto";"Sem Vítimas";"Plena Noite";"Decrescente";"Nublado";"Simples";"Curva";"Não";1;0;0;0;1;0;0;1;-23,23944;-50,038645;"SPRF-PR";"DEL07/PR";"UOP04-DEL07-PR"
770394;2026-05-09;"sábado";"03:50:00";"AL";104;31,4;"UNIAO DOS PALMARES";"Ingestão de álcool pelo condutor";"Tombamento";"Com Vítimas Fatais";"Plena Noite";"Crescente";"Chuva";"Simples";"Reta";"Não";3;1;1;0;0;1;1;2;-9,1351245;-36,0235235;"SPRF-AL";"DEL01-AL";"UOP02-DEL01-AL"
770395;2026-05-09;"sábado";"03:40:00";"ES";101;70;"SAO MATEUS";"Reação tardia ou ineficiente do condutor";"Colisão traseira";"Sem Vítimas";"Plena Noite";"Crescente";"Céu Claro";"Simples";"Reta";"Sim";2;0;0;0;0;2;0;2;-18,749837;-39,862204;"SPRF-ES";"DEL04-ES";"UOP02-DEL04-ES"
770398;2026-05-09;"sábado";"04:10:00";"MG";116;588;"MANHUACU";"Reação tardia ou ineficiente do condutor";"Colisão traseira";"Sem Vítimas";"Plena Noite";"Crescente";"Céu Claro";"Simples";"Reta";"Sim";2;0;0;0;2;0;0;2;-20,24634723;-42,15065718;"SPRF-MG";"DEL06/MG";"UOP03-DEL06-MG"
770400;2026-04-06;"segunda-feira";"11:00:00";"PB";230;17;"JOAO PESSOA";"Ausência de reação do condutor";"Engavetamento";"Com Vítimas Feridas";"Pleno dia";"Crescente";"Sol";"Dupla";"Reta";"Sim";4;0;1;0;3;0;1;3;-7,1165277;-34,8417236;"SPRF-PB";"DEL01-PB";"UOP01-DEL01-PB"
770401;2026-05-09;"sábado";"04:30:00";"AP";210;2;"MACAPA";"Avarias e/ou desgaste excessivo no pneu";"Tombamento";"Com Vítimas Feridas";"Plena Noite";"Decrescente";"Céu Claro";"Dupla";"Reta;Aclive";"Não";1;0;0;1;0;0;1;1;0,08501917;-51,08163645;"SPRF-AP";"DEL01-AP";"UOP01-DEL01-AP"
770402;2026-05-09;"sábado";"04:50:00";"PR";163;273,3;"QUATRO PONTES";"Ausência de reação do condutor";"Saída de leito carroçável";"Sem Vítimas";"Plena Noite";"Crescente";"Garoa/Chuvisco";"Dupla";"Reta";"Não";1;0;0;0;0;1;0;1;-24,59479555;-53,98063056;"SPRF-PR";"DEL06/PR";"UOP02-DEL06-PR"
770404;2026-05-09;"sábado";"03:50:00";"RJ";40;110;"DUQUE DE CAXIAS";"Objeto estático sobre o leito carroçável";"Colisão com objeto";"Com Vítimas Feridas";"Plena Noite";"Crescente";"Céu Claro";"Múltipla";"Reta";"Sim";1;0;1;0;0;0;1;1;-22,68695;-43,2859;"SPRF-RJ";"DEL01/RJ";"UOP02-DEL01-RJ"
770406;2026-05-09;"sábado";"05:50:00";"DF";20;23;"BRASILIA";"Condutor Dormindo";"Saída de leito carroçável";"Com Vítimas Feridas";"Amanhecer";"Decrescente";"Céu Claro";"Dupla";"Declive";"Sim";2;0;1;0;1;0;1;1;-15,59455;-47,663719;"SPRF-DF";"DEL02-DF";"UOP01-DEL02-DF"
770408;2026-05-08;"sexta-feira";"18:30:00";"SC";101;130;"CAMBORIU";"Condutor deixou de manter distância do veículo da frente";"Colisão traseira";"Sem Vítimas";"Anoitecer";"Decrescente";"Nublado";"Dupla";"Reta";"Sim";2;0;0;0;1;1;0;2;-26,98225752;-48,67447464;"SPRF-SC";"DEL04/SC";"UOP03-DEL04-SC"
770409;2026-05-09;"sábado";"05:50:00";"RS";293;1,8;"PELOTAS";"Ausência de reação do condutor";"Saída de leito carroçável";"Sem Vítimas";"Plena Noite";"Crescente";"Céu Claro";"Simples";"Reta";"Não";1;0;0;0;0;1;0;1;-31,74792124;-52,36115228;"SPRF-RS";"DEL07/RS";"UOP01-DEL07-RS"
770410;2026-05-08;"sexta-feira";"16:00:00";"SP";116;98,6;"PINDAMONHANGABA";"Condutor deixou de manter distância do veículo da frente";"Colisão traseira";"Com Vítimas Feridas";"Pleno dia";"Crescente";"Céu Claro";"Dupla";"Reta";"Não";3;0;1;0;2;0;1;2;-22,9798322;-45,45985975;"SPRF-SP";"DEL08/SP";"UOP01-DEL08-SP"
770411;2026-05-09;"sábado";"06:30:00";"RJ";101;78,9;"CAMPOS DOS GOYTACAZES";"Ultrapassagem Indevida";"Colisão frontal";"Com Vítimas Feridas";"Pleno dia";"Crescente";"Céu Claro";"Simples";"Reta";"Sim";2;0;1;0;1;0;1;2;-21,83689;-41,4279517;"SPRF-RJ";"DEL08/RJ";"UOP02-DEL08-RJ"
770413;2026-05-08;"sexta-feira";"19:00:00";"MG";381;834;"SAO SEBASTIAO DA BELA VISTA";"Demais falhas mecânicas ou elétricas";"Incêndio";"Sem Vítimas";"Plena Noite";"Decrescente";"Nublado";"Dupla";"Reta";"Não";1;0;0;0;1;0;0;1;-22,121932;-45,774776;"SPRF-MG";"DEL16/MG";"UOP01-DEL16-MG"
770414;2026-05-09;"sábado";"05:00:00";"RJ";101;388;"RIO DE JANEIRO";"Ausência de reação do condutor";"Saída de leito carroçável";"Com Vítimas Feridas";"Plena Noite";"Decrescente";"Céu Claro";"Dupla";"Reta";"Não";1;0;1;0;0;0;1;1;-22,89135;-43,66669;"SPRF-RJ";"DEL03/RJ";"UOP01-DEL03-RJ"
770416;2026-05-08;"sexta-feira";"19:12:00";"SP";116;277;"EMBU DAS ARTES";"Velocidade Incompatível";"Colisão traseira";"Com Vítimas Feridas";"Plena Noite";"Decrescente";"Céu Claro";"Dupla";"Reta";"Sim";2;0;1;1;0;0;2;2;-23,632952;-46,822602;"SPRF-SP";"DEL04/SP";"UOP01-DEL04-SP"
770419;2026-05-09;"sábado";"06:15:00";"SC";101;189;"BIGUACU";"Ausência de reação do condutor";"Colisão traseira";"Com Vítimas Fatais";"Amanhecer";"Decrescente";"Nublado";"Múltipla";"Reta";"Não";7;1;0;0;4;2;0;5;-27,45939653;-48,63882422;"SPRF-SC";"DEL01/SC";"UOP01-DEL01-SC"
770421;2026-05-09;"sábado";"06:00:00";"RS";470;248;"BARAO";"Velocidade Incompatível";"Saída de leito carroçável";"Com Vítimas Feridas";"Amanhecer";"Decrescente";"Céu Claro";"Simples";"Curva";"Não";2;0;1;0;0;1;1;2;-29,397958;-51,496511;"SPRF-RS";"DEL06/RS";"UOP01-DEL06-RS"
770423;2026-05-09;"sábado";"02:03:00";"MT";364;502;"JANGADA";"Reação tardia ou ineficiente do condutor";"Saída de leito carroçável";"Com Vítimas Feridas";"Plena Noite";"Decrescente";"Céu Claro";"Simples";"Curva";"Não";1;0;0;1;0;0;1;1;-15,17162899;-56,52440608;"SPRF-MT";"DEL01/MT";"UOP01-DEL01-MT"
770424;2026-05-09;"sábado";"06:50:00";"SE";235;4;"NOSSA SENHORA DO SOCORRO";"Reação tardia ou ineficiente do condutor";"Engavetamento";"Sem Vítimas";"Pleno dia";"Decrescente";"Garoa/Chuvisco";"Dupla";"Reta";"Sim";4;0;0;0;4;0;0;4;-10,906036;-37,1178;"SPRF-SE";"DEL01-SE";"UOP01-DEL01-SE"
770425;2026-05-09;"sábado";"06:30:00";"RJ";101;498;"ANGRA DOS REIS";"Ausência de reação do condutor";"Capotamento";"Com Vítimas Feridas";"Pleno dia";"Crescente";"Céu Claro";"Simples";"Reta";"Não";1;0;1;0;0;0;1;1;-23,05482785;-44,20664978;"SPRF-RJ";"DEL03/RJ";"UOP03-DEL03-RJ"
770429;2026-05-09;"sábado";"05:04:00";"MT";364;274;"JACIARA";"Reação tardia ou ineficiente do condutor";"Queda de ocupante de veículo";"Com Vítimas Feridas";"Amanhecer";"Crescente";"Sol";"Simples";"Reta";"Sim";2;0;1;1;0;0;2;1;-15,953665;-54,977295;"SPRF-MT";"DEL05/MT";"UOP02-DEL05-MT"
770430;2026-05-09;"sábado";"05:15:00";"SC";280;192;"MAFRA";"Ingestão de álcool pelo condutor";"Saída de leito carroçável";"Com Vítimas Feridas";"Plena Noite";"Crescente";"Chuva";"Simples";"Declive;Reta";"Não";1;0;0;1;0;0;1;1;-26,17939549;-49,98794317;"SPRF-SC";"DEL06/SC";"UOP01-DEL06-SC"
770431;2026-05-09;"sábado";"07:16:00";"ES";101;144,6;"LINHARES";"Reação tardia ou ineficiente do condutor";"Tombamento";"Com Vítimas Feridas";"Pleno dia";"Crescente";"Chuva";"Múltipla";"Reta";"Sim";1;0;1;0;0;0;1;1;-19,355496;-40,064188;"SPRF-ES";"DEL04-ES";"UOP01-DEL04-ES"
770432;2026-05-09;"sábado";"06:20:00";"MS";163;325;"RIO BRILHANTE";"Transitar na contramão";"Colisão frontal";"Com Vítimas Feridas";"Amanhecer";"Crescente";"Chuva";"Simples";"Reta";"Não";2;0;2;0;0;0;2;2;-21,756131;-54,520127;"SPRF-MS";"DEL02/MS";"UOP02-DEL02-MS"
770434;2026-05-09;"sábado";"05:40:00";"SP";101;11;"UBATUBA";"Demais Fenômenos da natureza";"Colisão com objeto";"Com Vítimas Feridas";"Amanhecer";"Decrescente";"Céu Claro";"Simples";"Reta";"Não";1;0;1;0;0;0;1;1;-23,3523783;-44,85733733;"SPRF-SP";"DEL06/SP";"UOP01-DEL06-SP"
770436;2026-05-07;"quinta-feira";"16:30:00";"PR";163;186;"SANTA TEREZA DO OESTE";"Reação tardia ou ineficiente do condutor";"Saída de leito carroçável";"Com Vítimas Feridas";"Pleno dia";"Decrescente";"Céu Claro";"Dupla";"Curva";"Não";1;0;1;0;0;0;1;1;-25,09328711;-53,59345973;"SPRF-PR";"DEL05/PR";"UOP05-DEL05-PR"
770437;2026-05-09;"sábado";"05:40:00";"RJ";465;4;"SEROPEDICA";"Acessar a via sem observar a presença dos outros veículos";"Colisão transversal";"Com Vítimas Feridas";"Amanhecer";"Decrescente";"Céu Claro";"Simples";"Reta";"Sim";2;0;1;0;1;0;1;2;-22,74144079;-43,7060585;"SPRF-RJ";"DEL06/RJ";"UOP02-DEL06-RJ"
770438;2026-05-09;"sábado";"08:20:00";"CE";116;107,6;"MORADA NOVA";"Velocidade Incompatível";"Saída de leito carroçável";"Com Vítimas Feridas";"Pleno dia";"Decrescente";"Céu Claro";"Simples";"Reta";"Não";1;0;1;0;0;0;1;1;-4,561651;-38,257796;"SPRF-CE";"DEL03/CE";"UOP01-DEL03-CE"
770439;2026-05-08;"sexta-feira";"13:00:00";"SP";116;350;"MIRACATU";"Acostamento em desnível";"Tombamento";"Com Vítimas Feridas";"Pleno dia";"Crescente";"Céu Claro";"Dupla";"Declive";"Não";1;0;1;0;0;0;1;1;-24,059373;-47,221258;"SPRF-SP";"DEL04/SP";"UOP03-DEL04-SP"
770440;2026-05-09;"sábado";"08:30:00";"GO";153;503;"GOIANIA";"Condutor deixou de manter distância do veículo da frente";"Engavetamento";"Com Vítimas Feridas";"Pleno dia";"Decrescente";"Céu Claro";"Dupla";"Reta";"Sim";3;0;1;0;2;0;1;3;-16,726415;-49,240717;"SPRF-GO";"DEL01/GO";"UOP01-DEL01-GO"
770441;2026-05-09;"sábado";"08:30:00";"RS";290;28;"SANTO ANTONIO DA PATRULHA";"Demais falhas mecânicas ou elétricas";"Incêndio";"Sem Vítimas";"Pleno dia";"Decrescente";"Sol";"Dupla";"Reta";"Não";1;0;0;0;1;0;0;1;-29,882966;-50,534721;"SPRF-RS";"DEL03/RS";"UOP01-DEL03-RS"
770442;2026-04-07;"terça-feira";"23:31:00";"RN";101;79,3;"NATAL";"Ausência de reação do condutor";"Tombamento";"Com Vítimas Fatais";"Plena Noite";"Decrescente";"Céu Claro";"Dupla";"Reta";"Não";1;1;0;0;0;0;0;1;-5,7517523;-35,2889043;"SPRF-RN";"DEL02-RN";"UOP01-DEL02-RN"
770443;2026-05-09;"sábado";"08:25:00";"ES";101;369;"ANCHIETA";"Condutor Dormindo";"Saída de leito carroçável";"Com Vítimas Feridas";"Pleno dia";"Crescente";"Céu Claro";"Simples";"Reta;Em Obras";"Não";3;0;1;2;0;0;3;1;-20,759854;-40,757953;"SPRF-ES";"DEL03-ES";"UOP01-DEL03-ES"
770444;2026-05-09;"sábado";"08:17:00";"SC";101;181,2;"GOVERNADOR CELSO RAMOS";"Ausência de reação do condutor";"Tombamento";"Com Vítimas Feridas";"Pleno dia";"Decrescente";"Céu Claro";"Dupla";"Declive";"Não";1;0;0;1;0;0;1;1;-27,38963974;-48,63166809;"SPRF-SC";"DEL01/SC";"UOP01-DEL01-SC"
770445;2026-05-09;"sábado";"08:20:00";"RJ";465;17;"NOVA IGUACU";"Reação tardia ou ineficiente do condutor";"Tombamento";"Com Vítimas Feridas";"Pleno dia";"Crescente";"Céu Claro";"Simples";"Reta";"Não";1;0;1;0;0;0;1;1;-22,82422772;-43,61945026;"SPRF-RJ";"DEL06/RJ";"UOP02-DEL06-RJ"
770447;2026-05-09;"sábado";"08:53:00";"TO";153;496;"PARAISO DO TOCANTINS";"Acessar a via sem observar a presença dos outros veículos";"Colisão transversal";"Com Vítimas Feridas";"Pleno dia";"Crescente";"Céu Claro";"Simples";"Reta";"Sim";2;0;1;0;1;0;1;2;-10,16904112;-48,88112426;"SPRF-TO";"DEL01-TO";"UOP01-DEL01-TO"
770448;2026-05-09;"sábado";"08:50:00";"DF";70;18;"BRASILIA";"Acessar a via sem observar a presença dos outros veículos";"Colisão transversal";"Com Vítimas Feridas";"Pleno dia";"Decrescente";"Céu Claro";"Dupla";"Rotatória";"Sim";3;0;2;0;1;0;2;2;-15,79618744;-48,19561279;"SPRF-DF";"DEL03-DF";"UOP02-DEL03-DF"
770450;2026-05-09;"sábado";"07:20:00";"RO";319;139;"PORTO VELHO";"Manobra de mudança de faixa";"Colisão lateral mesmo sentido";"Com Vítimas Feridas";"Pleno dia";"Decrescente";"Céu Claro";"Dupla";"Reta;Retorno Regulamentado";"Sim";3;0;1;0;1;1;1;3;-8,74266853;-63,90486209;"SPRF-RO";"DEL01-RO";"UOP01-DEL01-RO"
770452;2026-05-09;"sábado";"08:30:00";"SE";235;27,9;"AREIA BRANCA";"Reação tardia ou ineficiente do condutor";"Colisão com objeto";"Com Vítimas Feridas";"Pleno dia";"Crescente";"Chuva";"Dupla";"Curva;Aclive";"Não";2;0;1;0;1;0;1;1;-10,79403296;-37,27849659;"SPRF-SE";"DEL01-SE";"UOP02-DEL01-SE"
770453;2026-05-01;"sexta-feira";"00:30:00";"GO";452;20;"SANTA HELENA DE GOIAS";"Objeto estático sobre o leito carroçável";"Eventos atípicos";"Sem Vítimas";"Plena Noite";"Crescente";"Céu Claro";"Simples";"Reta";"Não";3;0;0;0;3;0;0;1;-17,91257728;-50,62174916;"SPRF-GO";"DEL04/GO";"UOP01-DEL04-GO"
770455;2026-05-09;"sábado";"08:40:00";"PR";116;116;"CURITIBA";"Acumulo de água sobre o pavimento";"Tombamento";"Com Vítimas Feridas";"Pleno dia";"Decrescente";"Chuva";"Dupla";"Reta";"Não";1;0;1;0;0;0;1;1;-25,558701;-49,306542;"SPRF-PR";"DEL01/PR";"UOP03-DEL01-PR"
770456;2026-05-09;"sábado";"09:30:00";"ES";101;62,5;"SAO MATEUS";"Avarias e/ou desgaste excessivo no pneu";"Queda de ocupante de veículo";"Com Vítimas Feridas";"Pleno dia";"Decrescente";"Céu Claro";"Dupla";"Aclive";"Não";1;0;1;0;0;0;1;1;-18,70406692;-39,86933179;"SPRF-ES";"DEL04-ES";"UOP02-DEL04-ES"
770457;2026-05-09;"sábado";"08:00:00";"ES";101;85;"SAO MATEUS";"Ingestão de álcool pelo condutor";"Colisão traseira";"Sem Vítimas";"Pleno dia";"Crescente";"Céu Claro";"Simples";"Reta";"Não";4;0;0;0;4;0;0;2;-18,86400358;-39,93864938;"SPRF-ES";"DEL04-ES";"UOP02-DEL04-ES"
770458;2026-05-09;"sábado";"09:40:00";"RN";101;103,8;"PARNAMIRIM";"Acesso irregular";"Colisão lateral sentido oposto";"Com Vítimas Feridas";"Pleno dia";"Decrescente";"Céu Claro";"Dupla";"Reta";"Sim";2;0;2;0;0;0;2;2;-5,891342;-35,253163;"SPRF-RN";"DEL01-RN";"UOP01-DEL01-RN"
770459;2026-05-09;"sábado";"08:45:00";"SC";101;231,9;"PALHOCA";"Ingestão de álcool pelo condutor";"Capotamento";"Com Vítimas Feridas";"Pleno dia";"Decrescente";"Chuva";"Dupla";"Reta";"Não";4;0;4;0;0;0;4;1;-27,79254;-48,63779;"SPRF-SC";"DEL01/SC";"UOP02-DEL01-SC"
770460;2026-05-09;"sábado";"07:50:00";"MG";365;413;"PATOS DE MINAS";"Velocidade Incompatível";"Saída de leito carroçável";"Sem Vítimas";"Pleno dia";"Decrescente";"Céu Claro";"Simples";"Reta";"Não";2;0;0;0;2;0;0;1;-18,66612806;-46,53066158;"SPRF-MG";"DEL10/MG";"UOP01-DEL10-MG"
770461;2026-05-09;"sábado";"07:30:00";"ES";262;59,1;"MARECHAL FLORIANO";"Reação tardia ou ineficiente do condutor";"Saída de leito carroçável";"Com Vítimas Feridas";"Pleno dia";"Crescente";"Nublado";"Simples";"Curva;Aclive";"Não";1;0;0;1;0;0;1;1;-20,42017;-40,782162;"SPRF-ES";"DEL01-ES";"UOP01-DEL01-ES"
770462;2026-05-09;"sábado";"09:45:00";"MG";40;510,2;"RIBEIRAO DAS NEVES";"Manobra de mudança de faixa";"Colisão traseira";"Com Vítimas Feridas";"Pleno dia";"Decrescente";"Céu Claro";"Dupla";"Reta;Declive";"Não";2;0;1;0;1;0;1;2;-19,77644102;-44,12170378;"SPRF-MG";"DEL01/MG";"UOP02-DEL01-MG"
770463;2026-05-09;"sábado";"09:00:00";"PE";428;188;"PETROLINA";"Deficiência do Sistema de Iluminação/Sinalização";"Colisão lateral mesmo sentido";"Com Vítimas Feridas";"Pleno dia";"Crescente";"Céu Claro";"Dupla";"Retorno Regulamentado";"Sim";2;0;1;0;1;0;1;2;-9,36545;-40,483501;"SPRF-PE";"DEL06/PE";"UOP01-DEL06-PE"
770464;2026-05-09;"sábado";"09:00:00";"MG";267;46;"MARIPA DE MINAS";"Acessar a via sem observar a presença dos outros veículos";"Colisão transversal";"Com Vítimas Feridas";"Pleno dia";"Crescente";"Céu Claro";"Simples";"Reta;Interseção de Vias";"Sim";6;0;2;1;3;0;3;3;-21,69724324;-42,96397654;"SPRF-MG";"DEL07/MG";"UOP01-DEL07-MG"
770467;2026-05-09;"sábado";"07:10:00";"AM";174;952;"MANAUS";"Manobra de mudança de faixa";"Colisão frontal";"Com Vítimas Fatais";"Amanhecer";"Crescente";"Sol";"Simples";"Declive;Reta";"Não";10;1;1;7;0;1;8;3;-2,38943;-60,038;"SPRF-AM";"DEL01-AM";"UOP01-DEL01-AM"
770469;2026-05-09;"sábado";"09:30:00";"PR";116;39;"CAMPINA GRANDE DO SUL";"Velocidade Incompatível";"Saída de leito carroçável";"Com Vítimas Feridas";"Pleno dia";"Decrescente";"Chuva";"Dupla";"Curva";"Não";2;0;1;0;1;0;1;1;-25,159991;-48,862005;"SPRF-PR";"DEL01/PR";"UOP02-DEL01-PR"
770471;2026-05-09;"sábado";"09:45:00";"MG";381;382,1;"BARAO DE COCAIS";"Transitar na contramão";"Colisão frontal";"Com Vítimas Feridas";"Pleno dia";"Crescente";"Céu Claro";"Simples";"Curva";"Sim";2;0;1;0;1;0;1;2;-19,80517;-43,40271;"SPRF-MG";"DEL01/MG";"UOP01-DEL01-MG"
770472;2026-05-09;"sábado";"10:30:00";"BA";116;387;"SANTA BARBARA";"Retorno proibido";"Colisão transversal";"Com Vítimas Feridas";"Pleno dia";"Crescente";"Chuva";"Dupla";"Reta";"Sim";5;0;0;2;2;1;2;3;-11,916901;-38,98392;"SPRF-BA";"DEL02/BA";"UOP01-DEL02-BA"
770473;2026-05-09;"sábado";"09:30:00";"MG";262;134;"RIO CASCA";"Manobra de mudança de faixa";"Queda de ocupante de veículo";"Sem Vítimas";"Pleno dia";"Crescente";"Céu Claro";"Simples";"Reta";"Não";1;0;0;0;1;0;0;1;-20,114652;-42,693068;"SPRF-MG";"DEL03/MG";"UOP03-DEL03-MG"
770475;2026-05-09;"sábado";"07:50:00";"MA";316;186,8;"SAO MATEUS DO MARANHAO";"Reação tardia ou ineficiente do condutor";"Capotamento";"Com Vítimas Feridas";"Pleno dia";"Decrescente";"Sol";"Simples";"Reta";"Não";1;0;1;0;0;0;1;1;-4,079395;-44,473559;"SPRF-MA";"DEL02-MA";"UOP02-DEL02-MA"
770476;2026-05-09;"sábado";"11:00:00";"RJ";116;180;"BELFORD ROXO";"Demais falhas mecânicas ou elétricas";"Tombamento";"Com Vítimas Feridas";"Pleno dia";"Crescente";"Sol";"Múltipla";"Reta";"Não";1;0;0;1;0;0;1;1;-22,7682063;-43,4100665;"SPRF-RJ";"DEL06/RJ";"UOP01-DEL06-RJ"
770477;2026-05-09;"sábado";"10:00:00";"MT";70;515,2;"VARZEA GRANDE";"Ultrapassagem Indevida";"Colisão transversal";"Com Vítimas Feridas";"Pleno dia";"Decrescente";"Sol";"Simples";"Reta";"Sim";2;0;0;1;1;0;1;2;-15,70548;-56,14482;"SPRF-MT";"DEL01/MT";"UOP02-DEL01-MT"
770479;2026-05-09;"sábado";"11:00:00";"MG";381;487,9;"BETIM";"Reação tardia ou ineficiente do condutor";"Colisão traseira";"Com Vítimas Feridas";"Pleno dia";"Crescente";"Céu Claro";"Múltipla";"Aclive;Reta";"Sim";2;0;0;1;1;0;1;2;-19,95724235;-44,12330764;"SPRF-MG";"DEL01/MG";"UOP03-DEL01-MG"
770480;2026-05-09;"sábado";"11:20:00";"SC";101;191;"BIGUACU";"Velocidade Incompatível";"Colisão com objeto";"Com Vítimas Feridas";"Pleno dia";"Crescente";"Chuva";"Dupla";"Curva";"Não";1;0;1;0;0;0;1;1;-27,47746;-48,64147;"SPRF-SC";"DEL01/SC";"UOP01-DEL01-SC"