"id";"data_inversa";"dia_semana";"horario";"uf";"br";"km";"municipio";"causa_acidente";"tipo_acidente";"classificacao_acidente";"fase_dia";"sentido_via";"condicao_metereologica";"tipo_pista";"tracado_via";"uso_solo";"pessoas";"mortos";"feridos_leves";"feridos_graves";"ilesos";"ignorados";"feridos";"veiculos";"latitude";"longitude";"regional";"delegacia";"uop"
770686;2026-05-10;"domingo";"05:10:00";"SC";101;195;"BIGUACU";"Avarias e/ou desgaste excessivo no pneu";"Saída de leito carroçável";"Com Vítimas Feridas";"Amanhecer";"Decrescente";"Garoa/Chuvisco";"Múltipla";"Reta";"Sim";1;0;1;0;0;0;1;1;-27,50244754;-48,65226746;"SPRF-SC";"DEL01/SC";"UOP01-DEL01-SC"
770687;2026-05-10;"domingo";"02:18:00";"MT";364;266;"JACIARA";"Condutor deixou de manter distância do veículo da frente";"Colisão traseira";"Com Vítimas Feridas";"Plena Noite";"Decrescente";"Nublado";"Dupla";"Em Obras;Reta";"Não";5;0;1;1;1;2;2;3;-15,995197;-54,920727;"SPRF-MT";"DEL02/MT";"UOP01-DEL02-MT"
770688;2026-05-10;"domingo";"04:40:00";"PR";476;192;"LAPA";"Ausência de reação do condutor";"Saída de leito carroçável";"Sem Vítimas";"Plena Noite";"Decrescente";"Chuva";"Simples";"Aclive";"Não";1;0;0;0;1;0;0;1;-25,73033;-49,70666;"SPRF-PR";"DEL01/PR";"UOP06-DEL01-PR"
770689;2026-05-10;"domingo";"05:00:00";"PR";476;99,7;"BOCAIUVA DO SUL";"Velocidade Incompatível";"Colisão frontal";"Com Vítimas Feridas";"Amanhecer";"Decrescente";"Garoa/Chuvisco";"Simples";"Rotatória;Curva;Aclive";"Não";3;0;2;1;0;0;3;2;-25,2463;-49,138361;"SPRF-PR";"DEL01/PR";"UOP01-DEL01-PR"
770690;2026-05-10;"domingo";"05:45:00";"SC";101;199,2;"SAO JOSE";"Ingestão de álcool pelo condutor";"Saída de leito carroçável";"Sem Vítimas";"Plena Noite";"Crescente";"Céu Claro";"Dupla";"Reta";"Sim";1;0;0;0;1;0;0;1;-27,53506486;-48,62960815;"SPRF-SC";"DEL01/SC";"UOP01-DEL01-SC"
770691;2026-05-09;"sábado";"23:30:00";"RJ";101;486;"ANGRA DOS REIS";"Acessar a via sem observar a presença dos outros veículos";"Atropelamento de Pedestre";"Com Vítimas Feridas";"Plena Noite";"Crescente";"Céu Claro";"Simples";"Reta";"Sim";2;0;1;0;1;0;1;2;-22,98146866;-44,29550171;"SPRF-RJ";"DEL03/RJ";"UOP03-DEL03-RJ"
770692;2026-05-10;"domingo";"05:30:00";"MG";40;805;"MATIAS BARBOSA";"Demais falhas mecânicas ou elétricas";"Incêndio";"Sem Vítimas";"Amanhecer";"Decrescente";"Céu Claro";"Dupla";"Reta";"Não";1;0;0;0;1;0;0;1;-21,85511;-43,37849;"SPRF-MG";"DEL05/MG";"UOP01-DEL05-MG"
770693;2026-05-10;"domingo";"06:15:00";"GO";50;214;"CAMPO ALEGRE DE GOIAS";"Condutor Dormindo";"Saída de leito carroçável";"Sem Vítimas";"Amanhecer";"Decrescente";"Sol";"Dupla";"Reta";"Não";1;0;0;0;1;0;0;1;-17,71600426;-47,7218628;"SPRF-GO";"DEL06/GO";"UOP01-DEL06-GO"
770694;2026-05-10;"domingo";"03:30:00";"PI";230;195;"OEIRAS";"Ultrapassagem Indevida";"Colisão frontal";"Com Vítimas Feridas";"Plena Noite";"Decrescente";"Céu Claro";"Simples";"Reta";"Não";2;0;1;0;1;0;1;2;-7,000045;-42,114087;"SPRF-PI";"DEL04-PI";"UOP01-DEL04-PI"
770696;2026-05-10;"domingo";"05:20:00";"MS";60;208,8;"CAMAPUA";"Transitar na contramão";"Colisão frontal";"Com Vítimas Fatais";"Plena Noite";"Decrescente";"Garoa/Chuvisco";"Simples";"Reta";"Não";20;2;16;1;1;0;17;2;-19,61436571;-54,05677378;"SPRF-MS";"DEL06/MS";"UOP02-DEL06-MS"
770698;2026-05-10;"domingo";"06:00:00";"DF";251;33;"BRASILIA";"Velocidade Incompatível";"Saída de leito carroçável";"Com Vítimas Feridas";"Pleno dia";"Crescente";"Céu Claro";"Dupla";"Curva;Interseção de Vias";"Sim";1;0;0;1;0;0;1;1;-15,93730819;-47,74993865;"SPRF-DF";"DEL01-DF";"UOP01-DEL01-DF"
770699;2026-05-10;"domingo";"04:30:00";"SC";280;31,7;"ARAQUARI";"Ingestão de álcool pelo condutor";"Saída de leito carroçável";"Com Vítimas Feridas";"Plena Noite";"Crescente";"Nublado";"Simples";"Rotatória";"Sim";1;0;1;0;0;0;1;1;-26,418017;-48,778603;"SPRF-SC";"DEL03/SC";"UOP03-DEL03-SC"
770701;2026-05-09;"sábado";"22:46:00";"ES";101;159,9;"LINHARES";"Manobra de mudança de faixa";"Colisão lateral sentido oposto";"Com Vítimas Feridas";"Plena Noite";"Decrescente";"Céu Claro";"Simples";"Reta";"Não";4;0;1;1;2;0;2;2;-19,48432837;-40,12258379;"SPRF-ES";"DEL04-ES";"UOP01-DEL04-ES"
770702;2026-05-09;"sábado";"21:49:00";"PR";116;8;"CAMPINA GRANDE DO SUL";"Reação tardia ou ineficiente do condutor";"Saída de leito carroçável";"Sem Vítimas";"Plena Noite";"Crescente";"Chuva";"Dupla";"Reta";"Não";2;0;0;0;2;0;0;1;-25,28043122;-48,9266395;"SPRF-PR";"DEL01/PR";"UOP02-DEL01-PR"
770703;2026-05-10;"domingo";"07:00:00";"PR";277;1,4;"PARANAGUA";"Chuva";"Tombamento";"Com Vítimas Feridas";"Pleno dia";"Crescente";"Chuva";"Dupla";"Reta";"Sim";1;0;1;0;0;0;1;1;-25,552999;-48,554447;"SPRF-PR";"DEL01/PR";"UOP05-DEL01-PR"
770704;2026-05-10;"domingo";"06:00:00";"MT";163;816,6;"SINOP";"Condutor Dormindo";"Saída de leito carroçável";"Com Vítimas Feridas";"Amanhecer";"Crescente";"Chuva";"Dupla";"Reta";"Não";1;0;1;0;0;0;1;1;-12,0347;-55,51727;"SPRF-MT";"DEL06/MT";"UOP02-DEL06-MT"
770707;2026-05-10;"domingo";"04:00:00";"PA";316;245;"CACHOEIRA DO PIRIA";"Acessar a via sem observar a presença dos outros veículos";"Colisão transversal";"Com Vítimas Fatais";"Plena Noite";"Decrescente";"Céu Claro";"Simples";"Reta";"Sim";2;1;0;0;1;0;0;2;-1,7559331;-46,55036543;"SPRF-PA";"DEL01/PA";"UOP04-DEL01-PA"
770710;2026-05-10;"domingo";"07:40:00";"DF";20;11,2;"BRASILIA";"Condutor deixou de manter distância do veículo da frente";"Colisão traseira";"Com Vítimas Feridas";"Pleno dia";"Crescente";"Céu Claro";"Dupla";"Reta";"Não";1;0;1;0;0;0;1;1;-15,645257;-47,76329;"SPRF-DF";"DEL02-DF";"UOP01-DEL02-DF"
770711;2026-05-10;"domingo";"00:10:00";"RJ";116;130;"MAGE";"Ausência de reação do condutor";"Tombamento";"Com Vítimas Feridas";"Plena Noite";"Crescente";"Céu Claro";"Dupla";"Reta";"Sim";1;0;1;0;0;0;1;1;-22,65704134;-43,12890021;"SPRF-RJ";"DEL04/RJ";"UOP02-DEL04-RJ"
770713;2026-05-10;"domingo";"07:30:00";"PR";376;605;"CURITIBA";"Manobra de mudança de faixa";"Queda de ocupante de veículo";"Com Vítimas Feridas";"Pleno dia";"Decrescente";"Nublado";"Dupla";"Reta";"Não";1;0;1;0;0;0;1;1;-25,53627317;-49,31500308;"SPRF-PR";"DEL01/PR";"UOP03-DEL01-PR"
770714;2026-05-10;"domingo";"05:30:00";"MG";365;456,7;"PATROCINIO";"Ausência de reação do condutor";"Saída de leito carroçável";"Com Vítimas Feridas";"Amanhecer";"Decrescente";"Céu Claro";"Simples";"Reta";"Não";3;0;1;0;2;0;1;1;-18,848832;-46,871008;"SPRF-MG";"DEL10/MG";"UOP01-DEL10-MG"
770715;2026-05-10;"domingo";"07:17:00";"GO";364;18;"SAO SIMAO";"Condutor Dormindo";"Colisão lateral sentido oposto";"Com Vítimas Feridas";"Pleno dia";"Decrescente";"Nublado";"Simples";"Reta;Declive";"Não";2;0;1;1;0;0;2;1;-18,940862;-50,6382212;"SPRF-GO";"DEL05/GO";"UOP02-DEL05-GO"
770718;2026-05-10;"domingo";"08:20:00";"BA";324;518;"FEIRA DE SANTANA";"Acesso irregular";"Colisão transversal";"Com Vítimas Feridas";"Pleno dia";"Decrescente";"Céu Claro";"Simples";"Reta";"Sim";3;0;1;0;2;0;1;2;-12,26604565;-38,93306875;"SPRF-BA";"DEL02/BA";"UOP01-DEL02-BA"
770720;2026-05-10;"domingo";"09:00:00";"GO";60;46;"ALEXANIA";"Reação tardia ou ineficiente do condutor";"Colisão com objeto";"Com Vítimas Feridas";"Pleno dia";"Crescente";"Céu Claro";"Dupla";"Curva;Declive";"Não";1;0;0;1;0;0;1;1;-16,1447933;-48,601345;"SPRF-GO";"DEL02/GO";"UOP01-DEL02-GO"
770721;2026-05-10;"domingo";"08:40:00";"GO";70;0;"AGUAS LINDAS DE GOIAS";"Reação tardia ou ineficiente do condutor";"Queda de ocupante de veículo";"Com Vítimas Feridas";"Pleno dia";"Crescente";"Céu Claro";"Dupla";"Ponte;Reta";"Não";2;0;2;0;0;0;2;1;-15,78141321;-48,2341218;"SPRF-DF";"DEL03-DF";"UOP02-DEL03-DF"
770723;2026-05-10;"domingo";"06:00:00";"PI";222;128,1;"BATALHA";"Manobra de mudança de faixa";"Colisão transversal";"Com Vítimas Feridas";"Pleno dia";"Decrescente";"Céu Claro";"Simples";"Reta";"Sim";2;0;0;1;0;1;1;2;-4,010462;-42,091252;"SPRF-PI";"DEL02-PI";"UOP01-DEL02-PI"
770725;2026-05-10;"domingo";"02:04:00";"GO";153;320,9;"RIANAPOLIS";"Reação tardia ou ineficiente do condutor";"Colisão com objeto";"Com Vítimas Feridas";"Plena Noite";"Decrescente";"Céu Claro";"Simples";"Rotatória;Interseção de Vias";"Não";3;0;3;0;0;0;3;1;-15,4742652;-49,49626668;"SPRF-GO";"DEL02/GO";"UOP02-DEL02-GO"
770726;2026-04-21;"terça-feira";"18:30:00";"AM";319;112;"CAREIRO";"Condutor deixou de manter distância do veículo da frente";"Colisão com objeto";"Sem Vítimas";"Anoitecer";"Crescente";"Céu Claro";"Simples";"Reta";"Sim";5;0;0;0;4;1;0;2;-3,81785708;-60,35059011;"SPRF-AM";"DEL01-AM";"UOP04-DEL01-AM"
770727;2026-05-10;"domingo";"07:20:00";"RO";364;715;"PORTO VELHO";"Acessar a via sem observar a presença dos outros veículos";"Colisão transversal";"Com Vítimas Feridas";"Pleno dia";"Decrescente";"Céu Claro";"Simples";"Interseção de Vias";"Sim";2;0;1;0;1;0;1;2;-8,78135055;-63,89318559;"SPRF-RO";"DEL01-RO";"UOP01-DEL01-RO"
770730;2026-05-10;"domingo";"01:00:00";"MA";226;138;"SENADOR ALEXANDRE COSTA";"Transitar na contramão";"Colisão frontal";"Com Vítimas Fatais";"Plena Noite";"Crescente";"Nublado";"Simples";"Reta";"Não";2;1;0;0;0;1;0;2;-5,331042;-43,954637;"SPRF-MA";"DEL06-MA";"UOP01-DEL06-MA"
770731;2026-05-10;"domingo";"09:40:00";"PR";153;337;"IRATI";"Mal súbito do condutor";"Saída de leito carroçável";"Com Vítimas Feridas";"Pleno dia";"Crescente";"Céu Claro";"Simples";"Reta";"Sim";1;0;1;0;0;0;1;1;-25,48737626;-50,64387973;"SPRF-PR";"DEL08/PR";"UOP02-DEL08-PR"
770733;2026-05-10;"domingo";"10:30:00";"MG";40;788;"JUIZ DE FORA";"Manobra de mudança de faixa";"Colisão lateral mesmo sentido";"Com Vítimas Feridas";"Pleno dia";"Decrescente";"Céu Claro";"Dupla";"Reta";"Não";2;0;1;0;1;0;1;2;-21,735945;-43,442753;"SPRF-MG";"DEL05/MG";"UOP01-DEL05-MG"
770734;2026-05-10;"domingo";"10:15:00";"SP";381;90;"GUARULHOS";"Reação tardia ou ineficiente do condutor";"Colisão lateral mesmo sentido";"Com Vítimas Feridas";"Pleno dia";"Decrescente";"Garoa/Chuvisco";"Múltipla";"Reta";"Sim";4;0;2;0;2;0;2;2;-23,50015;-46,55975;"SPRF-SP";"DEL03/SP";"UOP01-DEL03-SP"
770735;2026-05-10;"domingo";"10:10:00";"SP";153;30;"NOVA GRANADA";"Demais falhas mecânicas ou elétricas";"Incêndio";"Sem Vítimas";"Pleno dia";"Crescente";"Nublado";"Simples";"Aclive;Reta";"Não";1;0;0;0;1;0;0;1;-20,51540196;-49,32350032;"SPRF-SP";"DEL09/SP";"UOP01-DEL09-SP"
770736;2026-05-10;"domingo";"10:20:00";"MG";40;548,8;"NOVA LIMA";"Frear bruscamente";"Colisão traseira";"Com Vítimas Feridas";"Pleno dia";"Crescente";"Sol";"Dupla";"Aclive;Reta";"Não";4;0;1;0;3;0;1;2;-20,0388535;-43,9680025;"SPRF-MG";"DEL01/MG";"UOP02-DEL01-MG"
770737;2026-05-10;"domingo";"08:30:00";"MA";135;6;"SAO LUIS";"Acesso irregular";"Colisão lateral mesmo sentido";"Com Vítimas Feridas";"Pleno dia";"Decrescente";"Chuva";"Dupla";"Reta";"Sim";3;0;0;3;0;0;3;2;-2,63478;-44,26727;"SPRF-MA";"DEL01-MA";"UOP01-DEL01-MA"
770738;2026-05-09;"sábado";"21:00:00";"PA";10;61,7;"ULIANOPOLIS";"Acumulo de areia ou detritos sobre o pavimento";"Saída de leito carroçável";"Com Vítimas Feridas";"Plena Noite";"Crescente";"Chuva";"Simples";"Declive;Reta";"Não";4;0;3;1;0;0;4;1;-3,906053;-47,528122;"SPRF-PA";"DEL02/PA";"UOP02-DEL02-PA"
770740;2026-05-10;"domingo";"10:00:00";"MG";146;439;"CABO VERDE";"Acessar a via sem observar a presença dos outros veículos";"Colisão transversal";"Com Vítimas Feridas";"Pleno dia";"Decrescente";"Céu Claro";"Simples";"Reta";"Não";3;0;2;0;1;0;2;2;-21,463177;-46,404914;"SPRF-MG";"DEL09/MG";"UOP01-DEL09-MG"
770741;2026-05-10;"domingo";"11:00:00";"SP";116;511;"CAJATI";"Chuva";"Capotamento";"Com Vítimas Feridas";"Pleno dia";"Decrescente";"Chuva";"Simples";"Curva";"Não";1;0;1;0;0;0;1;1;-24,81540708;-48,20869446;"SPRF-SP";"DEL05/SP";"UOP02-DEL05-SP"
770742;2026-05-10;"domingo";"10:40:00";"RS";116;323;"BARRA DO RIBEIRO";"Conversão proibida";"Colisão lateral mesmo sentido";"Sem Vítimas";"Pleno dia";"Crescente";"Céu Claro";"Dupla";"Reta";"Não";7;0;0;0;7;0;0;2;-30,32805731;-51,42217129;"SPRF-RS";"DEL02/RS";"UOP01-DEL02-RS"
770743;2026-05-10;"domingo";"10:58:00";"RJ";493;0;"ITABORAI";"Avarias e/ou desgaste excessivo no pneu";"Tombamento";"Com Vítimas Feridas";"Pleno dia";"Crescente";"Nublado";"Simples";"Reta;Em Obras";"Sim";2;0;2;0;0;0;2;1;-22,76926884;-42,92246745;"SPRF-RJ";"DEL02/RJ";"UOP02-DEL02-RJ"
770744;2026-05-08;"sexta-feira";"07:25:00";"MG";381;726,8;"CARMO DA CACHOEIRA";"Reação tardia ou ineficiente do condutor";"Colisão com objeto";"Com Vítimas Feridas";"Pleno dia";"Decrescente";"Céu Claro";"Dupla";"Curva;Aclive";"Não";2;0;1;0;1;0;1;1;-21,47906485;-45,20108923;"SPRF-MG";"DEL04/MG";"UOP02-DEL04-MG"
770745;2026-05-10;"domingo";"09:09:00";"MT";70;206;"GENERAL CARNEIRO";"Neblina";"Capotamento";"Sem Vítimas";"Pleno dia";"Crescente";"Nevoeiro/Neblina";"Simples";"Reta";"Não";2;0;0;0;2;0;0;1;-15,7171;-53,767;"SPRF-MT";"DEL05/MT";"UOP01-DEL05-MT"
770747;2026-05-10;"domingo";"11:40:00";"SC";282;196;"BIGUACU";"Condutor deixou de manter distância do veículo da frente";"Colisão traseira";"Com Vítimas Feridas";"Pleno dia";"Decrescente";"Céu Claro";"Dupla";"Reta";"Sim";3;0;1;0;1;1;1;2;-27,51091838;-48,64285195;"SPRF-SC";"DEL05/SC";"UOP01-DEL05-SC"
770749;2026-05-10;"domingo";"11:00:00";"GO";60;273;"JANDAIA";"Acessar a via sem observar a presença dos outros veículos";"Colisão com objeto";"Com Vítimas Feridas";"Pleno dia";"Decrescente";"Céu Claro";"Dupla";"Reta";"Não";1;0;0;1;0;0;1;1;-17,216918;-50,173993;"SPRF-GO";"DEL01/GO";"UOP02-DEL01-GO"
770751;2026-05-10;"domingo";"12:40:00";"MG";365;629;"UBERLANDIA";"Velocidade Incompatível";"Colisão traseira";"Com Vítimas Feridas";"Pleno dia";"Crescente";"Céu Claro";"Dupla";"Aclive;Reta";"Não";4;0;3;0;1;0;3;2;-18,89991318;-48,36751771;"SPRF-MG";"DEL15/MG";"UOP01-DEL15-MG"
770752;2026-05-10;"domingo";"11:40:00";"MS";463;102,8;"PONTA PORA";"Acessar a via sem observar a presença dos outros veículos";"Colisão transversal";"Com Vítimas Feridas";"Pleno dia";"Crescente";"Céu Claro";"Simples";"Rotatória";"Não";2;0;1;0;1;0;1;2;-22,61323295;-55,63963501;"SPRF-MS";"DEL04/MS";"UOP03-DEL04-MS"
770753;2026-05-10;"domingo";"11:10:00";"RJ";40;76,8;"PETROPOLIS";"Velocidade Incompatível";"Colisão lateral mesmo sentido";"Com Vítimas Fatais";"Pleno dia";"Crescente";"Céu Claro";"Dupla";"Curva";"Não";3;1;0;0;2;0;0;2;-22,46937308;-43,22858602;"SPRF-RJ";"DEL01/RJ";"UOP01-DEL01-RJ"
770754;2026-05-10;"domingo";"11:00:00";"PE";101;57;"RECIFE";"Reação tardia ou ineficiente do condutor";"Tombamento";"Com Vítimas Feridas";"Pleno dia";"Decrescente";"Nublado";"Dupla";"Retorno Regulamentado";"Sim";1;0;1;0;0;0;1;1;-7,96395733;-34,915826;"SPRF-PE";"DEL01/PE";"UOP02-DEL01-PE"
770755;2026-05-10;"domingo";"11:58:00";"PR";116;7,6;"CAMPINA GRANDE DO SUL";"Chuva";"Colisão com objeto";"Com Vítimas Feridas";"Pleno dia";"Crescente";"Chuva";"Dupla";"Curva";"Não";4;0;1;0;3;0;1;1;-25,0811326;-48,620242;"SPRF-PR";"DEL01/PR";"UOP02-DEL01-PR"
770756;2026-05-10;"domingo";"12:25:00";"PR";277;635,9;"CEU AZUL";"Acessar a via sem observar a presença dos outros veículos";"Colisão transversal";"Sem Vítimas";"Pleno dia";"Crescente";"Céu Claro";"Dupla";"Interseção de Vias";"Não";2;0;0;0;2;0;0;2;-25,12597179;-53,81840453;"SPRF-PR";"DEL05/PR";"UOP02-DEL05-PR"
770757;2026-05-10;"domingo";"10:50:00";"SP";116;54;"LORENA";"Demais falhas mecânicas ou elétricas";"Colisão com objeto";"Com Vítimas Feridas";"Pleno dia";"Decrescente";"Céu Claro";"Dupla";"Reta";"Sim";2;0;2;0;0;0;2;1;-22,76138909;-45,11851659;"SPRF-SP";"DEL08/SP";"UOP02-DEL08-SP"
770759;2026-05-10;"domingo";"08:30:00";"MA";226;4,1;"TIMON";"Ausência de reação do condutor";"Colisão traseira";"Com Vítimas Fatais";"Pleno dia";"Crescente";"Nublado";"Simples";"Reta";"Sim";3;1;0;1;1;0;1;2;-5,139777;-42,850962;"SPRF-MA";"DEL03-MA";"UOP02-DEL03-MA"
770760;2026-05-10;"domingo";"12:15:00";"MS";163;561;"BANDEIRANTES";"Reação tardia ou ineficiente do condutor";"Tombamento";"Com Vítimas Feridas";"Pleno dia";"Decrescente";"Céu Claro";"Dupla";"Reta";"Não";2;0;1;0;1;0;1;1;-19,806968;-54,370724;"SPRF-MS";"DEL01/MS";"UOP02-DEL01-MS"
770761;2026-05-10;"domingo";"11:15:00";"RS";287;279;"SAO PEDRO DO SUL";"Transitar na contramão";"Colisão frontal";"Com Vítimas Fatais";"Pleno dia";"Crescente";"Céu Claro";"Simples";"Reta";"Não";10;1;3;0;6;0;3;2;-29,643606;-54,166478;"SPRF-RS";"DEL09/RS";"UOP01-DEL09-RS"
770763;2026-05-10;"domingo";"13:20:00";"SC";101;120;"ITAJAI";"Ausência de reação do condutor";"Queda de ocupante de veículo";"Com Vítimas Feridas";"Pleno dia";"Crescente";"Céu Claro";"Simples";"Curva;Viaduto;Retorno Regulamentado;Ponte";"Não";1;0;1;0;0;0;1;1;-26,91871089;-48,71008933;"SPRF-SC";"DEL04/SC";"UOP04-DEL04-SC"
770764;2026-05-10;"domingo";"12:49:00";"PE";232;33;"MORENO";"Ausência de reação do condutor";"Colisão traseira";"Com Vítimas Feridas";"Pleno dia";"Crescente";"Céu Claro";"Dupla";"Reta";"Não";3;0;0;1;2;0;1;2;-8,10560063;-35,1768264;"SPRF-PE";"DEL02/PE";"UOP02-DEL02PE"
770765;2026-05-10;"domingo";"10:40:00";"MG";262;375;"JUATUBA";"Velocidade Incompatível";"Queda de ocupante de veículo";"Com Vítimas Feridas";"Pleno dia";"Crescente";"Céu Claro";"Dupla";"Curva;Aclive";"Não";1;0;0;1;0;0;1;1;-19,936234;-44,433159;"SPRF-MG";"DEL01/MG";"UOP03-DEL01-MG"
770766;2026-05-10;"domingo";"13:35:00";"ES";101;144;"LINHARES";"Reação tardia ou ineficiente do condutor";"Colisão traseira";"Com Vítimas Feridas";"Pleno dia";"Decrescente";"Céu Claro";"Dupla";"Interseção de Vias";"Sim";2;0;1;0;1;0;1;2;-19,3979815;-40,0630002;"SPRF-ES";"DEL04-ES";"UOP01-DEL04-ES"
770767;2026-05-10;"domingo";"13:12:00";"BA";116;8,8;"VITORIA DA CONQUISTA";"Reação tardia ou ineficiente do condutor";"Colisão traseira";"Com Vítimas Feridas";"Pleno dia";"Decrescente";"Sol";"Simples";"Reta";"Não";4;0;0;1;3;0;1;2;-14,85026;-40,88337;"SPRF-BA";"DEL08/BA";"UOP01-DEL08-BA"
770768;2026-05-10;"domingo";"13:40:00";"PR";116;43;"CAMPINA GRANDE DO SUL";"Reação tardia ou ineficiente do condutor";"Colisão lateral mesmo sentido";"Com Vítimas Feridas";"Pleno dia";"Crescente";"Chuva";"Múltipla";"Curva";"Não";5;0;1;0;4;0;1;2;-25,185752;-48,886042;"SPRF-PR";"DEL01/PR";"UOP02-DEL01-PR"
770770;2026-05-10;"domingo";"10:00:00";"RJ";116;109;"GUAPIMIRIM";"Reação tardia ou ineficiente do condutor";"Colisão com objeto";"Sem Vítimas";"Pleno dia";"Decrescente";"Nublado";"Dupla";"Reta";"Não";1;0;0;0;1;0;0;1;-22,5501787;-42,9892663;"SPRF-RJ";"DEL04/RJ";"UOP01-DEL04-RJ"
770771;2026-05-10;"domingo";"09:15:00";"MG";381;157;"GOVERNADOR VALADARES";"Ausência de reação do condutor";"Tombamento";"Com Vítimas Feridas";"Pleno dia";"Decrescente";"Sol";"Simples";"Declive;Reta";"Não";1;0;1;0;0;0;1;1;-18,9232;-42,017597;"SPRF-MG";"DEL06/MG";"UOP01-DEL06-MG"
770773;2026-05-10;"domingo";"13:15:00";"SC";470;10;"NAVEGANTES";"Velocidade Incompatível";"Tombamento";"Com Vítimas Feridas";"Pleno dia";"Decrescente";"Céu Claro";"Dupla";"Viaduto;Rotatória";"Não";1;0;0;1;0;0;1;1;-26,83412776;-48,74086468;"SPRF-SC";"DEL04/SC";"UOP04-DEL04-SC"
770775;2026-05-10;"domingo";"13:40:00";"MG";381;921,6;"CAMANDUCAIA";"Pista Escorregadia";"Engavetamento";"Com Vítimas Feridas";"Pleno dia";"Decrescente";"Nublado";"Dupla";"Curva;Aclive";"Não";11;0;1;0;10;0;1;4;-22,764837;-46,173176;"SPRF-MG";"DEL16/MG";"UOP03-DEL16-MG"
770776;2026-05-10;"domingo";"11:00:00";"PE";424;11;"ARCOVERDE";"Ausência de reação do condutor";"Saída de leito carroçável";"Com Vítimas Feridas";"Pleno dia";"Crescente";"Chuva";"Simples";"Aclive;Reta";"Não";1;0;0;1;0;0;1;1;-8,498165;-36,992938;"SPRF-PE";"DEL04/PE";"UOP02-DEL04-PE"
770777;2026-05-10;"domingo";"11:23:00";"RJ";393;283;"VOLTA REDONDA";"Manobra de mudança de faixa";"Colisão transversal";"Com Vítimas Feridas";"Pleno dia";"Decrescente";"Céu Claro";"Múltipla";"Reta;Aclive;Retorno Regulamentado";"Sim";8;0;6;0;1;1;6;3;-22,490501;-44,064407;"SPRF-RJ";"DEL05/RJ";"UOP04-DEL05-RJ"
770780;2026-05-10;"domingo";"14:41:00";"RN";101;95,5;"NATAL";"Chuva";"Colisão frontal";"Com Vítimas Feridas";"Pleno dia";"Decrescente";"Chuva";"Dupla";"Declive";"Sim";3;0;1;1;1;0;2;2;-5,84351;-35,20941;"SPRF-RN";"DEL01-RN";"UOP01-DEL01-RN"
770781;2026-05-10;"domingo";"15:00:00";"RJ";101;475;"ANGRA DOS REIS";"Pista Escorregadia";"Capotamento";"Sem Vítimas";"Pleno dia";"Crescente";"Garoa/Chuvisco";"Simples";"Reta";"Não";1;0;0;0;1;0;0;1;-23,00166531;-44,25789781;"SPRF-RJ";"DEL03/RJ";"UOP03-DEL03-RJ"
770782;2026-05-10;"domingo";"14:30:00";"MG";381;363,5;"SAO GONCALO DO RIO ABAIXO";"Condutor Dormindo";"Saída de leito carroçável";"Com Vítimas Feridas";"Pleno dia";"Decrescente";"Céu Claro";"Simples";"Reta";"Não";2;0;1;1;0;0;2;1;-19,851684;-43,266912;"SPRF-MG";"DEL03/MG";"UOP01-DEL03-MG"
770784;2026-05-10;"domingo";"14:45:00";"PR";153;48;"SANTO ANTONIO DA PLATINA";"Acumulo de areia ou detritos sobre o pavimento";"Colisão com objeto";"Sem Vítimas";"Pleno dia";"Decrescente";"Nublado";"Simples";"Reta";"Não";1;0;0;0;1;0;0;1;-23,36162;-50,06466;"SPRF-PR";"DEL07/PR";"UOP04-DEL07-PR"
770785;2026-05-10;"domingo";"11:00:00";"ES";101;86,4;"SAO MATEUS";"Reação tardia ou ineficiente do condutor";"Colisão frontal";"Sem Vítimas";"Pleno dia";"Crescente";"Sol";"Simples";"Reta";"Não";2;0;0;0;2;0;0;2;-18,86766584;-39,94138448;"SPRF-ES";"DEL04-ES";"UOP02-DEL04-ES"
770786;2026-05-10;"domingo";"14:54:00";"BA";101;168;"CONCEICAO DO JACUIPE";"Acessar a via sem observar a presença dos outros veículos";"Colisão traseira";"Com Vítimas Feridas";"Pleno dia";"Crescente";"Céu Claro";"Simples";"Reta";"Sim";2;0;1;0;1;0;1;2;-12,35974722;-38,83742094;"SPRF-BA";"DEL11/BA";"UOP02-DEL11-BA"
770788;2026-05-10;"domingo";"14:40:00";"PR";376;634;"SAO JOSE DOS PINHAIS";"Velocidade Incompatível";"Colisão com objeto";"Com Vítimas Feridas";"Pleno dia";"Decrescente";"Céu Claro";"Dupla";"Curva";"Não";1;0;1;0;0;0;1;1;-25,7339133;-49,1320595;"SPRF-PR";"DEL01/PR";"UOP04-DEL01-PR"
770789;2026-05-10;"domingo";"14:20:00";"MT";158;632;"NOVA XAVANTINA";"Ausência de reação do condutor";"Saída de leito carroçável";"Com Vítimas Feridas";"Pleno dia";"Crescente";"Sol";"Simples";"Curva";"Não";1;0;0;1;0;0;1;1;-14,53582865;-52,36396791;"SPRF-MT";"DEL07/MT";"UOP02-DEL07-MT"
770790;2026-05-10;"domingo";"11:30:00";"AL";101;115;"PILAR";"Ultrapassagem Indevida";"Colisão frontal";"Com Vítimas Feridas";"Pleno dia";"Crescente";"Nublado";"Simples";"Declive;Curva";"Não";2;0;0;1;1;0;1;2;-9,641746;-36,024585;"SPRF-AL";"DEL02-AL";"UOP01-DEL02-AL"
770791;2026-05-10;"domingo";"14:45:00";"RJ";116;88;"TERESOPOLIS";"Ausência de reação do condutor";"Colisão com objeto";"Com Vítimas Feridas";"Pleno dia";"Crescente";"Céu Claro";"Simples";"Reta";"Não";1;0;1;0;0;0;1;1;-22,454296;-42,955436;"SPRF-RJ";"DEL04/RJ";"UOP01-DEL04-RJ"