"id";"data_inversa";"dia_semana";"horario";"uf";"br";"km";"municipio";"causa_acidente";"tipo_acidente";"classificacao_acidente";"fase_dia";"sentido_via";"condicao_metereologica";"tipo_pista";"tracado_via";"uso_solo";"pessoas";"mortos";"feridos_leves";"feridos_graves";"ilesos";"ignorados";"feridos";"veiculos";"latitude";"longitude";"regional";"delegacia";"uop"
770792;2026-05-10;"domingo";"11:00:00";"SP";381;72;"SAO PAULO";"Reação tardia ou ineficiente do condutor";"Colisão lateral mesmo sentido";"Sem Vítimas";"Pleno dia";"Crescente";"Chuva";"Múltipla";"Curva;Declive";"Não";2;0;0;0;2;0;0;2;-23,368004;-46,552972;"SPRF-SP";"DEL03/SP";"UOP01-DEL03-SP"
770793;2026-05-10;"domingo";"13:50:00";"ES";101;338,6;"GUARAPARI";"Ingestão de álcool pelo condutor";"Colisão com objeto";"Sem Vítimas";"Pleno dia";"Crescente";"Céu Claro";"Dupla";"Curva";"Não";1;0;0;0;0;1;0;1;-20,643754;-40,555108;"SPRF-ES";"DEL03-ES";"UOP01-DEL03-ES"
770794;2026-05-10;"domingo";"15:30:00";"MG";262;831,1;"UBERABA";"Reação tardia ou ineficiente do condutor";"Saída de leito carroçável";"Com Vítimas Feridas";"Pleno dia";"Crescente";"Céu Claro";"Dupla";"Reta";"Não";1;0;1;0;0;0;1;1;-19,75655;-48,263461;"SPRF-MG";"DEL13/MG";"UOP01-DEL13-MG"
770796;2026-05-10;"domingo";"15:10:00";"MG";262;427;"NOVA SERRANA";"Reação tardia ou ineficiente do condutor";"Saída de leito carroçável";"Com Vítimas Feridas";"Pleno dia";"Crescente";"Céu Claro";"Dupla";"Reta";"Não";4;0;0;2;1;1;2;1;-19,87508568;-44,95034605;"SPRF-MG";"DEL08/MG";"UOP03-DEL08-MG"
770797;2026-05-10;"domingo";"15:41:00";"PE";101;40,7;"IGARASSU";"Frear bruscamente";"Saída de leito carroçável";"Com Vítimas Feridas";"Pleno dia";"Crescente";"Chuva";"Dupla";"Reta";"Sim";1;0;1;0;0;0;1;1;-7,826135;-34,915303;"SPRF-PE";"DEL01/PE";"UOP02-DEL01-PE"
770799;2026-05-10;"domingo";"07:30:00";"MG";381;748,2;"TRES CORACOES";"Ausência de reação do condutor";"Colisão com objeto";"Sem Vítimas";"Pleno dia";"Decrescente";"Céu Claro";"Dupla";"Reta";"Não";1;0;0;0;0;1;0;1;-21,63221816;-45,27740479;"SPRF-MG";"DEL16/MG";"UOP02-DEL16-MG"
770800;2026-05-10;"domingo";"09:00:00";"PA";230;714;"BRASIL NOVO";"Transitar na contramão";"Colisão frontal";"Com Vítimas Feridas";"Pleno dia";"Decrescente";"Nublado";"Simples";"Aclive;Reta";"Não";3;0;0;1;2;0;1;2;-3,37548;-52,66017;"SPRF-PA";"DEL04/PA";"UOP01-DEL04-PA"
770801;2026-05-10;"domingo";"15:30:00";"SP";381;68;"MAIRIPORA";"Pista Escorregadia";"Capotamento";"Com Vítimas Feridas";"Pleno dia";"Decrescente";"Chuva";"Múltipla";"Declive;Curva";"Não";3;0;1;0;1;1;1;2;-23,34246932;-46,57347995;"SPRF-SP";"DEL03/SP";"UOP01-DEL03-SP"
770803;2026-05-10;"domingo";"15:40:00";"PI";316;292;"PICOS";"Conversão proibida";"Colisão transversal";"Com Vítimas Feridas";"Pleno dia";"Decrescente";"Céu Claro";"Simples";"Reta";"Não";2;0;1;0;1;0;1;2;-7,008433;-41,598095;"SPRF-PI";"DEL04-PI";"UOP01-DEL04-PI"
770804;2026-05-10;"domingo";"15:30:00";"GO";40;10,3;"LUZIANIA";"Acessar a via sem observar a presença dos outros veículos";"Colisão traseira";"Com Vítimas Feridas";"Pleno dia";"Decrescente";"Céu Claro";"Dupla";"Retorno Regulamentado;Reta";"Sim";2;0;1;0;1;0;1;2;-16,143919;-47,946488;"SPRF-DF";"DEL01-DF";"UOP01-DEL01-DF"
770805;2026-05-10;"domingo";"15:25:00";"RS";386;75;"JABOTICABA";"Acessar a via sem observar a presença dos outros veículos";"Colisão transversal";"Com Vítimas Feridas";"Pleno dia";"Decrescente";"Nublado";"Simples";"Aclive;Interseção de Vias;Rotatória";"Sim";4;0;1;0;3;0;1;2;-27,68658206;-53,30764739;"SPRF-RS";"DEL08/RS";"UOP02-DEL08-RS"
770807;2026-05-10;"domingo";"14:35:00";"BA";101;809;"ITAMARAJU";"Reação tardia ou ineficiente do condutor";"Colisão lateral sentido oposto";"Com Vítimas Feridas";"Pleno dia";"Crescente";"Céu Claro";"Simples";"Declive;Curva";"Sim";2;0;0;1;1;0;1;2;-17,04398353;-39,54460144;"SPRF-BA";"DEL09/BA";"UOP01-DEL09-BA"
770808;2026-05-10;"domingo";"15:10:00";"SP";381;71;"MAIRIPORA";"Reação tardia ou ineficiente do condutor";"Colisão com objeto";"Com Vítimas Feridas";"Pleno dia";"Decrescente";"Chuva";"Múltipla";"Curva;Aclive";"Não";1;0;1;0;0;0;1;1;-23,354299;-46,550608;"SPRF-SP";"DEL03/SP";"UOP01-DEL03-SP"
770811;2026-05-10;"domingo";"16:20:00";"RN";101;69;"EXTREMOZ";"Desrespeitar a preferência no cruzamento";"Colisão transversal";"Sem Vítimas";"Pleno dia";"Crescente";"Nublado";"Simples";"Reta;Interseção de Vias;Aclive";"Sim";11;0;0;0;11;0;0;2;-5,67177721;-35,25899714;"SPRF-RN";"DEL02-RN";"UOP01-DEL02-RN"
770812;2026-05-10;"domingo";"14:40:00";"PI";316;13,3;"TERESINA";"Acessar a via sem observar a presença dos outros veículos";"Colisão transversal";"Sem Vítimas";"Pleno dia";"Crescente";"Céu Claro";"Dupla";"Retorno Regulamentado";"Não";2;0;0;0;0;2;0;2;-5,212198;-42,754698;"SPRF-PI";"DEL01-PI";"UOP02-DEL01-PI"
770813;2026-05-10;"domingo";"12:15:00";"AC";307;184;"CRUZEIRO DO SUL";"Manobra de mudança de faixa";"Colisão lateral sentido oposto";"Com Vítimas Fatais";"Pleno dia";"Crescente";"Nublado";"Simples";"Curva";"Não";3;1;0;2;0;0;2;2;-7,67355647;-72,63927251;"SPRF-AC";"DEL01-AC";"UOP03-DEL01-AC"
770814;2026-05-10;"domingo";"16:10:00";"PR";272;409;"JANIOPOLIS";"Acessar a via sem observar a presença dos outros veículos";"Colisão lateral mesmo sentido";"Com Vítimas Feridas";"Pleno dia";"Decrescente";"Céu Claro";"Simples";"Aclive;Reta";"Não";2;0;1;0;1;0;1;2;-24,1348038;-52,78037874;"SPRF-PR";"DEL09/PR";"UOP03-DEL09-PR"
770815;2026-05-10;"domingo";"12:55:00";"PI";230;197;"OEIRAS";"Conversão proibida";"Colisão transversal";"Com Vítimas Fatais";"Pleno dia";"Decrescente";"Céu Claro";"Simples";"Reta";"Sim";3;1;0;1;0;1;1;3;-7,013685;-42,135122;"SPRF-PI";"DEL04-PI";"UOP01-DEL04-PI"
770816;2026-05-10;"domingo";"16:00:00";"PR";467;105;"CASCAVEL";"Velocidade Incompatível";"Saída de leito carroçável";"Sem Vítimas";"Pleno dia";"Crescente";"Céu Claro";"Dupla";"Reta";"Não";2;0;0;0;2;0;0;1;-24,913214;-53,5001236;"SPRF-PR";"DEL04/PR";"UOP01-DEL04-PR"
770818;2026-05-10;"domingo";"16:06:00";"MS";262;402,7;"TERENOS";"Ultrapassagem Indevida";"Saída de leito carroçável";"Sem Vítimas";"Pleno dia";"Crescente";"Céu Claro";"Simples";"Reta";"Não";7;0;0;0;7;0;0;2;-20,424773;-55,041957;"SPRF-MS";"DEL01/MS";"UOP03-DEL01-MS"
770819;2026-05-10;"domingo";"16:00:00";"MG";381;937;"EXTREMA";"Velocidade Incompatível";"Saída de leito carroçável";"Com Vítimas Feridas";"Pleno dia";"Crescente";"Chuva";"Dupla";"Curva;Declive";"Não";2;0;1;0;1;0;1;1;-22,812358;-46,28598;"SPRF-MG";"DEL16/MG";"UOP03-DEL16-MG"
770821;2026-05-10;"domingo";"12:00:00";"GO";153;187;"URUACU";"Retorno proibido";"Colisão traseira";"Com Vítimas Feridas";"Pleno dia";"Decrescente";"Céu Claro";"Simples";"Reta";"Não";2;0;0;1;1;0;1;2;-14,46960298;-49,156048;"SPRF-GO";"DEL07/GO";"UOP02-DEL07-GO"
770822;2026-05-10;"domingo";"16:25:00";"RJ";40;84;"PETROPOLIS";"Pista Escorregadia";"Colisão lateral mesmo sentido";"Com Vítimas Feridas";"Pleno dia";"Decrescente";"Chuva";"Simples";"Aclive;Reta";"Não";3;0;2;0;1;0;2;2;-22,55221742;-43,22750283;"SPRF-RJ";"DEL01/RJ";"UOP01-DEL01-RJ"
770823;2026-05-10;"domingo";"16:50:00";"RS";470;336,1;"TRIUNFO";"Reação tardia ou ineficiente do condutor";"Saída de leito carroçável";"Com Vítimas Feridas";"Pleno dia";"Decrescente";"Céu Claro";"Simples";"Curva";"Não";1;0;1;0;0;0;1;1;-29,89986;-51,70806;"SPRF-RS";"DEL04/RS";"UOP02-DEL04-RS"
770825;2026-05-10;"domingo";"15:10:00";"SC";282;658;"SAO MIGUEL DO OESTE";"Ingestão de álcool pelo condutor";"Saída de leito carroçável";"Com Vítimas Feridas";"Pleno dia";"Crescente";"Nublado";"Simples";"Declive;Reta";"Não";1;0;1;0;0;0;1;1;-26,67858117;-53,55937958;"SPRF-SC";"DEL07/SC";"UOP03-DEL07-SC"
770827;2026-05-10;"domingo";"16:30:00";"SC";280;67,1;"JARAGUA DO SUL";"Condutor deixou de manter distância do veículo da frente";"Colisão traseira";"Com Vítimas Feridas";"Pleno dia";"Decrescente";"Céu Claro";"Simples";"Reta";"Não";2;0;0;1;1;0;1;2;-26,472357;-49,111757;"SPRF-SC";"DEL03/SC";"UOP03-DEL03-SC"
770828;2026-05-10;"domingo";"17:20:00";"RS";101;11;"MAQUINE";"Acessar a via sem observar a presença dos outros veículos";"Colisão transversal";"Com Vítimas Feridas";"Anoitecer";"Crescente";"Céu Claro";"Simples";"Reta";"Não";7;0;7;0;0;0;7;2;-29,76134537;-50,16918389;"SPRF-RS";"DEL03/RS";"UOP01-DEL03-RS"
770830;2026-05-10;"domingo";"16:38:00";"PE";428;187;"PETROLINA";"Acessar a via sem observar a presença dos outros veículos";"Colisão traseira";"Com Vítimas Feridas";"Pleno dia";"Decrescente";"Céu Claro";"Dupla";"Reta";"Sim";2;0;0;1;1;0;1;2;-9,365607;-40,483198;"SPRF-PE";"DEL06/PE";"UOP01-DEL06-PE"
770831;2026-05-10;"domingo";"18:00:00";"SC";101;199;"SAO JOSE";"Reação tardia ou ineficiente do condutor";"Colisão traseira";"Com Vítimas Feridas";"Anoitecer";"Crescente";"Céu Claro";"Múltipla";"Reta";"Sim";4;0;2;0;2;0;2;3;-27,53631;-48,62727;"SPRF-SC";"DEL01/SC";"UOP01-DEL01-SC"
770832;2026-05-10;"domingo";"18:07:00";"MG";267;270,7;"AIURUOCA";"Ingestão de álcool pelo condutor";"Colisão transversal";"Com Vítimas Feridas";"Plena Noite";"Crescente";"Céu Claro";"Simples";"Interseção de Vias";"Não";7;0;6;0;1;0;6;2;-21,93456155;-44,64199305;"SPRF-MG";"DEL17/MG";"UOP01-DEL17-MG"
770833;2026-05-10;"domingo";"15:30:00";"RJ";116;253;"PIRAI";"Reação tardia ou ineficiente do condutor";"Queda de ocupante de veículo";"Com Vítimas Feridas";"Pleno dia";"Decrescente";"Céu Claro";"Múltipla";"Aclive;Curva";"Não";1;0;0;1;0;0;1;1;-22,57836476;-43,98201799;"SPRF-RJ";"DEL07/RJ";"UOP01-DEL07-RJ"
770834;2026-05-10;"domingo";"15:50:00";"RJ";393;253,3;"BARRA DO PIRAI";"Mal súbito do condutor";"Queda de ocupante de veículo";"Com Vítimas Feridas";"Pleno dia";"Crescente";"Nublado";"Simples";"Reta";"Sim";1;0;0;1;0;0;1;1;-22,4408788;-43,7820478;"SPRF-RJ";"DEL05/RJ";"UOP04-DEL05-RJ"
770836;2026-05-10;"domingo";"18:30:00";"PR";153;36;"SANTO ANTONIO DA PLATINA";"Ausência de reação do condutor";"Queda de ocupante de veículo";"Com Vítimas Feridas";"Plena Noite";"Decrescente";"Céu Claro";"Simples";"Declive;Reta";"Não";1;0;1;0;0;0;1;1;-23,26393549;-50,06082281;"SPRF-PR";"DEL07/PR";"UOP04-DEL07-PR"
770837;2026-05-10;"domingo";"18:20:00";"RS";0;0;"TORRES";"Acessar a via sem observar a presença dos outros veículos";"Colisão lateral sentido oposto";"Com Vítimas Feridas";"Anoitecer";"Não Informado";"Céu Claro";"Simples";"Interseção de Vias";"Sim";3;0;2;0;1;0;2;2;-29,33982111;-49,72784936;"SPRF-RS";"DEL03/RS";"UOP02-DEL03-RS"
770839;2026-05-10;"domingo";"18:45:00";"RS";293;12,2;"CAPAO DO LEAO";"Condutor deixou de manter distância do veículo da frente";"Colisão traseira";"Com Vítimas Feridas";"Plena Noite";"Decrescente";"Céu Claro";"Simples";"Reta";"Sim";3;0;1;0;2;0;1;2;-31,75481787;-52,44917806;"SPRF-RS";"DEL07/RS";"UOP01-DEL07-RS"
770840;2026-05-10;"domingo";"18:00:00";"RJ";116;137;"MAGE";"Manobra de mudança de faixa";"Colisão transversal";"Com Vítimas Feridas";"Anoitecer";"Decrescente";"Chuva";"Dupla";"Reta";"Não";2;0;1;0;1;0;1;2;-22,647448;-43,187838;"SPRF-RJ";"DEL04/RJ";"UOP02-DEL04-RJ"
770841;2026-05-10;"domingo";"18:50:00";"SP";116;202;"ARUJA";"Ausência de reação do condutor";"Colisão traseira";"Sem Vítimas";"Plena Noite";"Crescente";"Chuva";"Dupla";"Declive";"Não";5;0;0;0;5;0;0;5;-23,4088;-46,3432;"SPRF-SP";"DEL01/SP";"UOP01-DEL01-SP"
770842;2026-05-10;"domingo";"18:50:00";"RS";472;140,4;"TRES DE MAIO";"Ingestão de álcool pelo condutor";"Saída de leito carroçável";"Com Vítimas Feridas";"Plena Noite";"Crescente";"Céu Claro";"Simples";"Reta";"Não";1;0;0;1;0;0;1;1;-27,775195;-54,317517;"SPRF-RS";"DEL10/RS";"UOP01-DEL10-RS"
770844;2026-05-10;"domingo";"13:20:00";"SC";101;96,4;"BARRA VELHA";"Avarias e/ou desgaste excessivo no pneu";"Tombamento";"Com Vítimas Feridas";"Pleno dia";"Crescente";"Céu Claro";"Dupla";"Reta";"Não";2;0;2;0;0;0;2;1;-26,7202604;-48,70245016;"SPRF-SC";"DEL03/SC";"UOP02-DEL03-SC"
770846;2026-05-10;"domingo";"17:55:00";"RJ";356;122;"CAMPOS DOS GOYTACAZES";"Reação tardia ou ineficiente do condutor";"Colisão transversal";"Com Vítimas Feridas";"Anoitecer";"Crescente";"Nublado";"Simples";"Reta";"Sim";2;0;2;0;0;0;2;2;-21,649952;-41,395967;"SPRF-RJ";"DEL08/RJ";"UOP01-DEL08-RJ"
770847;2026-05-10;"domingo";"18:30:00";"RS";386;435;"NOVA SANTA RITA";"Acessar a via sem observar a presença dos outros veículos";"Colisão transversal";"Com Vítimas Feridas";"Plena Noite";"Decrescente";"Céu Claro";"Dupla";"Retorno Regulamentado;Curva";"Sim";2;0;2;0;0;0;2;2;-29,8500917;-51,27110928;"SPRF-RS";"DEL04/RS";"UOP02-DEL04-RS"
770848;2026-05-10;"domingo";"17:30:00";"PR";163;219,9;"CASCAVEL";"Ingestão de álcool pelo condutor";"Capotamento";"Sem Vítimas";"Plena Noite";"Crescente";"Nublado";"Dupla";"Reta";"Não";1;0;0;0;1;0;0;1;-24,8571;-53,59178;"SPRF-PR";"DEL04/PR";"UOP01-DEL04-PR"
770849;2026-05-10;"domingo";"18:10:00";"RJ";493;18;"GUAPIMIRIM";"Transitar na contramão";"Colisão frontal";"Com Vítimas Feridas";"Plena Noite";"Decrescente";"Chuva";"Dupla";"Reta";"Sim";4;0;4;0;0;0;4;2;-22,66820906;-43,01231716;"SPRF-RJ";"DEL04/RJ";"UOP02-DEL04-RJ"
770851;2026-05-10;"domingo";"18:30:00";"SC";101;212,7;"PALHOCA";"Reação tardia ou ineficiente do condutor";"Colisão traseira";"Com Vítimas Feridas";"Plena Noite";"Decrescente";"Céu Claro";"Múltipla";"Reta";"Sim";6;0;2;0;4;0;2;2;-27,635009;-48,663645;"SPRF-SC";"DEL01/SC";"UOP02-DEL01-SC"
770853;2026-05-10;"domingo";"18:15:00";"SC";282;575;"PINHALZINHO";"Condutor deixou de manter distância do veículo da frente";"Colisão traseira";"Sem Vítimas";"Plena Noite";"Crescente";"Nublado";"Simples";"Reta";"Não";2;0;0;0;2;0;0;2;-26,86861532;-52,96330114;"SPRF-SC";"DEL07/SC";"UOP02-DEL07-SC"
770854;2026-05-10;"domingo";"19:30:00";"SC";101;134;"BALNEARIO CAMBORIU";"Entrada inopinada do pedestre";"Atropelamento de Pedestre";"Com Vítimas Feridas";"Plena Noite";"Crescente";"Nublado";"Múltipla";"Reta";"Sim";2;0;1;1;0;0;2;2;-27,00237006;-48,63553047;"SPRF-SC";"DEL04/SC";"UOP03-DEL04-SC"
770855;2026-05-10;"domingo";"19:00:00";"PR";277;716;"SANTA TEREZINHA DE ITAIPU";"Condutor deixou de manter distância do veículo da frente";"Engavetamento";"Com Vítimas Feridas";"Plena Noite";"Decrescente";"Céu Claro";"Dupla";"Reta";"Sim";5;0;1;0;3;1;1;4;-25,46686957;-54,45299355;"SPRF-PR";"DEL05/PR";"UOP01-DEL05-PR"
770857;2026-05-10;"domingo";"17:40:00";"BA";101;109;"ALAGOINHAS";"Ingestão de álcool pelo condutor";"Colisão lateral sentido oposto";"Sem Vítimas";"Anoitecer";"Crescente";"Céu Claro";"Simples";"Reta";"Não";2;0;0;0;2;0;0;2;-12,15320487;-38,40276909;"SPRF-BA";"DEL01/BA";"UOP04-DEL01-BA"
770858;2026-05-10;"domingo";"18:00:00";"PR";153;327;"IRATI";"Acessar a via sem observar a presença dos outros veículos";"Colisão transversal";"Com Vítimas Feridas";"Plena Noite";"Crescente";"Céu Claro";"Dupla";"Reta";"Sim";2;0;1;0;1;0;1;2;-25,45537903;-50,61977355;"SPRF-PR";"DEL08/PR";"UOP02-DEL08-PR"
770861;2026-05-10;"domingo";"18:30:00";"PA";163;984;"SANTAREM";"Chuva";"Saída de leito carroçável";"Sem Vítimas";"Plena Noite";"Crescente";"Chuva";"Simples";"Curva;Declive";"Não";1;0;0;0;1;0;0;1;-2,606427;-54,720213;"SPRF-PA";"DEL05/PA";"UOP01-DEL05-PA"
770863;2026-05-10;"domingo";"15:30:00";"RJ";101;449;"MANGARATIBA";"Ausência de reação do condutor";"Colisão traseira";"Com Vítimas Feridas";"Pleno dia";"Crescente";"Garoa/Chuvisco";"Simples";"Reta";"Não";2;0;1;0;1;0;1;2;-22,917894;-43,9132113;"SPRF-RJ";"DEL03/RJ";"UOP02-DEL03-RJ"
770864;2026-05-10;"domingo";"17:40:00";"RJ";101;437;"MANGARATIBA";"Demais falhas mecânicas ou elétricas";"Colisão com objeto";"Com Vítimas Feridas";"Amanhecer";"Crescente";"Chuva";"Simples";"Curva;Declive";"Não";2;0;1;0;1;0;1;1;-22,94904747;-44,06373739;"SPRF-RJ";"DEL03/RJ";"UOP02-DEL03-RJ"
770865;2026-05-10;"domingo";"19:00:00";"SP";116;68,8;"APARECIDA";"Demais falhas mecânicas ou elétricas";"Incêndio";"Sem Vítimas";"Plena Noite";"Crescente";"Nublado";"Dupla";"Reta";"Não";4;0;0;0;4;0;0;1;-22,83841969;-45,22346275;"SPRF-SP";"DEL08/SP";"UOP01-DEL08-SP"
770866;2026-05-10;"domingo";"19:00:00";"RS";290;430,6;"SAO GABRIEL";"Animais na Pista";"Saída de leito carroçável";"Sem Vítimas";"Plena Noite";"Decrescente";"Céu Claro";"Simples";"Reta";"Não";2;0;0;0;2;0;0;1;-30,30946725;-54,42180634;"SPRF-RS";"DEL11/RS";"UOP02-DEL11-RS"
770868;2026-05-10;"domingo";"18:40:00";"RJ";101;422;"MANGARATIBA";"Conversão proibida";"Colisão frontal";"Com Vítimas Feridas";"Plena Noite";"Decrescente";"Chuva";"Simples";"Curva";"Não";3;0;1;0;2;0;1;2;-22,91704369;-43,93064324;"SPRF-RJ";"DEL03/RJ";"UOP02-DEL03-RJ"
770869;2026-05-10;"domingo";"18:55:00";"BA";116;461;"SANTO ESTEVAO";"Ingestão de álcool pelo condutor";"Colisão lateral sentido oposto";"Sem Vítimas";"Plena Noite";"Crescente";"Céu Claro";"Dupla";"Reta;Viaduto;Rotatória";"Sim";2;0;0;0;1;1;0;2;-12,44666531;-39,24232411;"SPRF-BA";"DEL02/BA";"UOP01-DEL02-BA"
770870;2026-05-10;"domingo";"19:00:00";"PE";101;130,5;"ESCADA";"Transitar no Acostamento";"Colisão traseira";"Sem Vítimas";"Plena Noite";"Crescente";"Nublado";"Dupla";"Reta";"Sim";2;0;0;0;0;2;0;2;-8,391877;-35,256535;"SPRF-PE";"DEL01/PE";"UOP03-DEL01-PE"
770871;2026-05-10;"domingo";"19:30:00";"MG";116;236,7;"ENGENHEIRO CALDAS";"Pedestre cruzava a pista fora da faixa";"Atropelamento de Pedestre";"Com Vítimas Feridas";"Plena Noite";"Crescente";"Céu Claro";"Simples";"Reta;Declive";"Não";2;0;1;0;1;0;1;2;-19,043955;-41,992542;"SPRF-MG";"DEL11/MG";"UOP01-DEL11-MG"
770872;2026-05-10;"domingo";"19:12:00";"MG";40;513,3;"RIBEIRAO DAS NEVES";"Ausência de reação do condutor";"Queda de ocupante de veículo";"Com Vítimas Feridas";"Plena Noite";"Crescente";"Céu Claro";"Dupla";"Reta";"Sim";2;0;1;0;0;1;1;2;-19,795233;-44,10989;"SPRF-MG";"DEL01/MG";"UOP02-DEL01-MG"
770873;2026-05-10;"domingo";"18:30:00";"MG";381;510;"SAO JOAQUIM DE BICAS";"Ingestão de álcool pelo condutor";"Colisão lateral sentido oposto";"Sem Vítimas";"Plena Noite";"Crescente";"Céu Claro";"Simples";"Reta";"Sim";2;0;0;0;2;0;0;2;-20,056245;-44,286826;"SPRF-MG";"DEL01/MG";"UOP03-DEL01-MG"
770874;2026-05-10;"domingo";"18:40:00";"MT";70;304;"POXOREU";"Reação tardia ou ineficiente do condutor";"Saída de leito carroçável";"Com Vítimas Feridas";"Plena Noite";"Decrescente";"Nublado";"Simples";"Reta";"Não";2;0;0;1;1;0;1;1;-15,575985;-54,50199;"SPRF-MT";"DEL05/MT";"UOP01-DEL05-MT"
770875;2026-05-10;"domingo";"17:45:00";"MG";262;37,1;"MANHUACU";"Ingestão de álcool pelo condutor";"Engavetamento";"Sem Vítimas";"Plena Noite";"Crescente";"Nublado";"Simples";"Reta";"Sim";3;0;0;0;3;0;0;3;-20,27136649;-42,03940666;"SPRF-MG";"DEL06/MG";"UOP03-DEL06-MG"
770877;2026-04-23;"quinta-feira";"20:30:00";"SC";101;117;"ITAJAI";"Manobra de mudança de faixa";"Colisão transversal";"Com Vítimas Feridas";"Plena Noite";"Crescente";"Céu Claro";"Dupla";"Reta";"Sim";2;0;1;0;1;0;1;2;-26,88744407;-48,72273143;"SPRF-SC";"DEL04/SC";"UOP04-DEL04-SC"
770878;2026-05-10;"domingo";"18:35:00";"MT";364;209;"RONDONOPOLIS";"Ingestão de álcool pelo condutor";"Saída de leito carroçável";"Sem Vítimas";"Plena Noite";"Decrescente";"Céu Claro";"Dupla";"Reta";"Não";1;0;0;0;1;0;0;1;-16,43333;-54,68681;"SPRF-MT";"DEL02/MT";"UOP01-DEL02-MT"
770879;2026-02-24;"terça-feira";"04:11:00";"PE";232;196;"SANHARO";"Transitar na contramão";"Colisão frontal";"Com Vítimas Feridas";"Plena Noite";"Decrescente";"Garoa/Chuvisco";"Simples";"Reta";"Não";5;0;0;5;0;0;5;2;-8,3685036;-36,5796815;"SPRF-PE";"DEL03/PE";"UOP02-DEL03-PE"
770881;2026-05-10;"domingo";"20:20:00";"SP";116;148;"SAO JOSE DOS CAMPOS";"Manobra de mudança de faixa";"Colisão traseira";"Sem Vítimas";"Plena Noite";"Crescente";"Nublado";"Múltipla";"Reta";"Não";2;0;0;0;2;0;0;1;-23,20255831;-45,88193178;"SPRF-SP";"DEL02/SP";"UOP01-DEL02-SP"
770882;2026-05-10;"domingo";"19:00:00";"PB";230;454;"SOUSA";"Transitar na contramão";"Colisão frontal";"Com Vítimas Feridas";"Plena Noite";"Decrescente";"Nublado";"Simples";"Reta";"Não";3;0;0;1;2;0;1;2;-6,776647;-38,18711;"SPRF-PB";"DEL03-PB";"UOP03-DEL03-PB"
770883;2026-05-10;"domingo";"20:00:00";"DF";20;10,2;"BRASILIA";"Pedestre - Ingestão de álcool/ substâncias psicoativas";"Atropelamento de Pedestre";"Com Vítimas Feridas";"Plena Noite";"Crescente";"Céu Claro";"Dupla";"Reta";"Sim";3;0;0;3;0;0;3;2;-15,6491883;-47,7717967;"SPRF-DF";"DEL02-DF";"UOP01-DEL02-DF"
770884;2026-05-10;"domingo";"17:50:00";"RJ";101;282;"ITABORAI";"Condutor deixou de manter distância do veículo da frente";"Colisão traseira";"Sem Vítimas";"Anoitecer";"Crescente";"Garoa/Chuvisco";"Dupla";"Reta";"Não";2;0;0;0;2;0;0;2;-22,736317;-42,800491;"SPRF-RJ";"DEL02/RJ";"UOP02-DEL02-RJ"
770887;2026-05-10;"domingo";"20:50:00";"RJ";40;91;"PETROPOLIS";"Velocidade Incompatível";"Saída de leito carroçável";"Com Vítimas Feridas";"Plena Noite";"Decrescente";"Chuva";"Dupla";"Curva";"Não";1;0;1;0;0;0;1;1;-22,56459733;-43,23725492;"SPRF-RJ";"DEL01/RJ";"UOP01-DEL01-RJ"
770888;2026-05-10;"domingo";"18:00:00";"RJ";101;105;"DUQUE DE CAXIAS";"Trafegar com motocicleta (ou similar) entre as faixas";"Colisão lateral sentido oposto";"Com Vítimas Feridas";"Pleno dia";"Crescente";"Chuva";"Simples";"Reta";"Não";2;0;1;0;0;1;1;2;-22,64016925;-43,28401289;"SPRF-RJ";"DEL08/RJ";"UOP02-DEL08-RJ"
770889;2026-05-10;"domingo";"19:00:00";"SC";470;162;"TROMBUDO CENTRAL";"Reação tardia ou ineficiente do condutor";"Tombamento";"Com Vítimas Feridas";"Plena Noite";"Decrescente";"Céu Claro";"Simples";"Curva;Aclive";"Não";1;0;1;0;0;0;1;1;-27,27962;-49,82158;"SPRF-SC";"DEL04/SC";"UOP02-DEL04-SC"
770891;2026-05-10;"domingo";"21:40:00";"MG";381;924,6;"CAMANDUCAIA";"Velocidade Incompatível";"Capotamento";"Com Vítimas Feridas";"Plena Noite";"Crescente";"Chuva";"Dupla";"Curva";"Não";6;0;0;1;4;1;1;3;-22,769946;-46,194274;"SPRF-MG";"DEL16/MG";"UOP03-DEL16-MG"
770892;2026-05-10;"domingo";"21:05:00";"ES";101;19;"VIANA";"Demais falhas mecânicas ou elétricas";"Colisão com objeto";"Sem Vítimas";"Plena Noite";"Decrescente";"Nublado";"Simples";"Reta";"Sim";2;0;0;0;1;1;0;2;-20,386499;-40,49592;"SPRF-ES";"DEL04-ES";"UOP02-DEL04-ES"
770893;2026-05-10;"domingo";"19:10:00";"RS";468;73,5;"CAMPO NOVO";"Reação tardia ou ineficiente do condutor";"Saída de leito carroçável";"Com Vítimas Feridas";"Plena Noite";"Crescente";"Céu Claro";"Simples";"Reta";"Não";1;0;1;0;0;0;1;1;-27,69523229;-53,84433746;"SPRF-RS";"DEL08/RS";"UOP02-DEL08-RS"
770894;2026-05-10;"domingo";"20:40:00";"SC";101;338;"TUBARAO";"Ausência de reação do condutor";"Colisão com objeto";"Com Vítimas Feridas";"Plena Noite";"Decrescente";"Nublado";"Múltipla";"Reta";"Não";1;0;1;0;0;0;1;1;-28,50228089;-49,04726028;"SPRF-SC";"DEL02/SC";"UOP01-DEL02-SC"