"id";"data_inversa";"dia_semana";"horario";"uf";"br";"km";"municipio";"causa_acidente";"tipo_acidente";"classificacao_acidente";"fase_dia";"sentido_via";"condicao_metereologica";"tipo_pista";"tracado_via";"uso_solo";"pessoas";"mortos";"feridos_leves";"feridos_graves";"ilesos";"ignorados";"feridos";"veiculos";"latitude";"longitude";"regional";"delegacia";"uop"
770896;2026-05-10;"domingo";"18:40:00";"PE";428;173;"PETROLINA";"Acessar a via sem observar a presença dos outros veículos";"Colisão transversal";"Com Vítimas Feridas";"Plena Noite";"Decrescente";"Ignorado";"Simples";"Interseção de Vias";"Não";2;0;1;1;0;0;2;2;-9,2608579;-40,42954516;"SPRF-PE";"DEL06/PE";"UOP01-DEL06-PE"
770897;2026-05-10;"domingo";"21:30:00";"RJ";116;187;"NOVA IGUACU";"Trafegar com motocicleta (ou similar) entre as faixas";"Colisão lateral mesmo sentido";"Com Vítimas Feridas";"Plena Noite";"Decrescente";"Céu Claro";"Dupla";"Reta";"Sim";3;0;2;0;1;0;2;2;-22,73843737;-43,47958446;"SPRF-RJ";"DEL06/RJ";"UOP01-DEL06-RJ"
770898;2026-05-10;"domingo";"19:28:00";"ES";101;192,1;"ARACRUZ";"Velocidade Incompatível";"Colisão traseira";"Com Vítimas Fatais";"Plena Noite";"Decrescente";"Céu Claro";"Simples";"Reta";"Não";5;1;0;1;3;0;1;3;-19,69461179;-40,2962937;"SPRF-ES";"DEL04-ES";"UOP01-DEL04-ES"
770899;2026-05-10;"domingo";"19:40:00";"MS";262;486,4;"ANASTACIO";"Reação tardia ou ineficiente do condutor";"Saída de leito carroçável";"Com Vítimas Feridas";"Plena Noite";"Decrescente";"Nublado";"Simples";"Reta";"Não";5;0;0;2;3;0;2;1;-20,50001606;-55,78567719;"SPRF-MS";"DEL03/MS";"UOP01-DEL03-MS"
770900;2026-05-10;"domingo";"19:10:00";"RO";364;716;"PORTO VELHO";"Manobra de mudança de faixa";"Colisão lateral mesmo sentido";"Sem Vítimas";"Plena Noite";"Crescente";"Nublado";"Dupla";"Aclive;Interseção de Vias";"Sim";2;0;0;0;1;1;0;2;-8,785927;-63,898699;"SPRF-RO";"DEL01-RO";"UOP01-DEL01-RO"
770901;2026-05-10;"domingo";"21:10:00";"GO";153;514,1;"APARECIDA DE GOIANIA";"Ingestão de álcool pelo condutor";"Colisão transversal";"Com Vítimas Feridas";"Plena Noite";"Decrescente";"Céu Claro";"Dupla";"Interseção de Vias";"Não";6;0;1;1;4;0;2;2;-16,82694476;-49,24221614;"SPRF-GO";"DEL01/GO";"UOP03-DEL01-GO"
770902;2026-05-10;"domingo";"21:11:00";"RJ";116;292;"BARRA MANSA";"Reação tardia ou ineficiente do condutor";"Colisão com objeto";"Com Vítimas Feridas";"Plena Noite";"Crescente";"Chuva";"Dupla";"Reta";"Não";1;0;1;0;0;0;1;1;-22,47;-44,279077;"SPRF-RJ";"DEL07/RJ";"UOP02-DEL07-RJ"
770903;2026-05-10;"domingo";"20:40:00";"SC";470;1;"GASPAR";"Ingestão de álcool pelo condutor";"Colisão frontal";"Sem Vítimas";"Plena Noite";"Crescente";"Céu Claro";"Simples";"Reta";"Não";2;0;0;0;2;0;0;2;-26,92604376;-48,95855427;"SPRF-SC";"DEL04/SC";"UOP01-DEL04-SC"
770904;2026-04-30;"quinta-feira";"19:15:00";"BA";407;4,5;"JUAZEIRO";"Desrespeitar a preferência no cruzamento";"Colisão transversal";"Com Vítimas Feridas";"Plena Noite";"Crescente";"Chuva";"Dupla";"Rotatória;Interseção de Vias";"Sim";2;0;1;0;1;0;1;2;-9,442694;-40,492932;"SPRF-PE";"DEL06/PE";"UOP01-DEL06-PE"
770906;2026-05-10;"domingo";"21:19:00";"SP";116;228;"SAO PAULO";"Ausência de reação do condutor";"Colisão traseira";"Com Vítimas Feridas";"Plena Noite";"Crescente";"Chuva";"Múltipla";"Reta";"Sim";2;0;1;0;1;0;1;2;-23,50369676;-46,56764388;"SPRF-SP";"DEL01/SP";"UOP01-DEL01-SP"
770907;2026-05-10;"domingo";"22:29:00";"MG";262;35,5;"MANHUACU";"Acesso irregular";"Colisão transversal";"Com Vítimas Feridas";"Plena Noite";"Decrescente";"Céu Claro";"Simples";"Interseção de Vias;Curva";"Sim";4;0;1;1;2;0;2;2;-20,2599406;-42,035839;"SPRF-MG";"DEL06/MG";"UOP03-DEL06-MG"
770909;2026-05-10;"domingo";"19:17:00";"MT";163;659;"LUCAS DO RIO VERDE";"Ausência de reação do condutor";"Saída de leito carroçável";"Com Vítimas Feridas";"Plena Noite";"Decrescente";"Céu Claro";"Simples";"Reta";"Não";2;0;1;0;0;1;1;1;-13,31471929;-56,04451418;"SPRF-MT";"DEL06/MT";"UOP01-DEL06-MT"
770910;2026-05-10;"domingo";"22:00:00";"ES";101;299;"VIANA";"Ausência de reação do condutor";"Tombamento";"Com Vítimas Feridas";"Plena Noite";"Decrescente";"Céu Claro";"Múltipla";"Reta";"Sim";1;0;1;0;0;0;1;1;-20,357681;-40,429255;"SPRF-ES";"DEL01-ES";"UOP01-DEL01-ES"
770911;2026-05-10;"domingo";"22:45:00";"SP";116;124;"CACAPAVA";"Reação tardia ou ineficiente do condutor";"Atropelamento de Pedestre";"Com Vítimas Feridas";"Plena Noite";"Crescente";"Céu Claro";"Dupla";"Reta";"Não";2;0;1;0;0;1;1;2;-23,09275396;-45,67743397;"SPRF-SP";"DEL02/SP";"UOP02-DEL02-SP"
770912;2026-05-10;"domingo";"18:30:00";"MG";40;337,5;"FELIXLANDIA";"Ultrapassagem Indevida";"Saída de leito carroçável";"Com Vítimas Feridas";"Plena Noite";"Decrescente";"Céu Claro";"Simples";"Reta";"Não";4;0;1;1;2;0;2;1;-18,639598;-45,002146;"SPRF-MG";"DEL14/MG";"UOP02-DEL14-MG"
770913;2026-05-10;"domingo";"18:50:00";"GO";60;259,7;"INDIARA";"Velocidade Incompatível";"Saída de leito carroçável";"Com Vítimas Feridas";"Plena Noite";"Decrescente";"Nublado";"Dupla";"Reta;Aclive";"Não";1;0;1;0;0;0;1;1;-17,167925;-50,051073;"SPRF-GO";"DEL01/GO";"UOP02-DEL01-GO"
770914;2026-05-10;"domingo";"22:00:00";"SC";116;11,7;"MAFRA";"Ausência de reação do condutor";"Saída de leito carroçável";"Sem Vítimas";"Plena Noite";"Crescente";"Nublado";"Simples";"Reta";"Não";1;0;0;0;1;0;0;1;-26,178687;-49,864052;"SPRF-SC";"DEL06/SC";"UOP01-DEL06-SC"
770915;2026-05-10;"domingo";"19:50:00";"RO";364;232;"CACOAL";"Reação tardia ou ineficiente do condutor";"Colisão traseira";"Com Vítimas Feridas";"Plena Noite";"Crescente";"Céu Claro";"Simples";"Declive;Reta";"Sim";4;0;0;2;1;1;2;3;-11,464272;-61,409565;"SPRF-RO";"DEL02-RO";"UOP02-DEL02-RO"
770916;2026-05-10;"domingo";"21:58:00";"RJ";116;298;"PORTO REAL";"Chuva";"Queda de ocupante de veículo";"Com Vítimas Feridas";"Plena Noite";"Crescente";"Chuva";"Dupla";"Reta";"Não";1;0;1;0;0;0;1;1;-22,44971833;-44,32561167;"SPRF-RJ";"DEL07/RJ";"UOP02-DEL07-RJ"
770917;2026-05-10;"domingo";"19:00:00";"MT";163;872;"SINOP";"Condutor deixou de manter distância do veículo da frente";"Colisão traseira";"Com Vítimas Feridas";"Plena Noite";"Decrescente";"Céu Claro";"Simples";"Reta;Aclive";"Não";3;0;3;0;0;0;3;1;-11,544429;-55,395901;"SPRF-MT";"DEL06/MT";"UOP02-DEL06-MT"
770918;2026-05-10;"domingo";"21:20:00";"MG";262;388;"PARA DE MINAS";"Reação tardia ou ineficiente do condutor";"Colisão com objeto";"Com Vítimas Feridas";"Plena Noite";"Crescente";"Céu Claro";"Dupla";"Curva";"Não";2;0;2;0;0;0;2;1;-19,902658;-44,54589;"SPRF-MG";"DEL01/MG";"UOP03-DEL01-MG"
770919;2026-05-10;"domingo";"19:30:00";"BA";110;42;"SANTA BRIGIDA";"Ausência de sinalização";"Colisão lateral sentido oposto";"Com Vítimas Feridas";"Plena Noite";"Crescente";"Céu Claro";"Simples";"Reta";"Não";6;0;1;0;5;0;1;2;-9,76874008;-38,24785852;"SPRF-BA";"DEL07/BA";"UOP01-DEL07-BA"
770920;2026-05-10;"domingo";"19:25:00";"ES";101;140,1;"LINHARES";"Velocidade Incompatível";"Colisão transversal";"Com Vítimas Feridas";"Plena Noite";"Crescente";"Céu Claro";"Múltipla";"Reta";"Sim";3;0;1;1;0;1;2;2;-19,31885857;-40,07528186;"SPRF-ES";"DEL04-ES";"UOP01-DEL04-ES"
770921;2026-05-10;"domingo";"22:48:00";"RN";406;160,2;"CEARA-MIRIM";"Transitar na contramão";"Colisão transversal";"Sem Vítimas";"Plena Noite";"Crescente";"Céu Claro";"Simples";"Reta";"Sim";3;0;0;0;3;0;0;2;-5,71576889;-35,37067228;"SPRF-RN";"DEL02-RN";"UOP01-DEL02-RN"
770922;2026-05-10;"domingo";"23:00:00";"SP";381;74;"SAO PAULO";"Pista Escorregadia";"Colisão com objeto";"Com Vítimas Feridas";"Plena Noite";"Crescente";"Garoa/Chuvisco";"Múltipla";"Declive;Curva";"Sim";1;0;1;0;0;0;1;1;-23,3739605;-46,5600521;"SPRF-SP";"DEL03/SP";"UOP01-DEL03-SP"
770923;2026-05-10;"domingo";"19:15:00";"CE";222;313;"TIANGUA";"Ingestão de álcool pelo condutor";"Engavetamento";"Com Vítimas Feridas";"Plena Noite";"Crescente";"Chuva";"Múltipla";"Interseção de Vias;Viaduto";"Sim";4;0;1;0;3;0;1;3;-3,7330295;-41,00231767;"SPRF-CE";"DEL04/CE";"UOP02-DEL04-CE"
770924;2026-05-10;"domingo";"23:00:00";"DF";20;15,3;"BRASILIA";"Ausência de reação do condutor";"Queda de ocupante de veículo";"Com Vítimas Feridas";"Pleno dia";"Crescente";"Céu Claro";"Dupla";"Desvio Temporário;Em Obras;Reta";"Sim";1;0;0;1;0;0;1;1;-15,62923729;-47,73094922;"SPRF-DF";"DEL02-DF";"UOP01-DEL02-DF"
770926;2026-05-10;"domingo";"23:00:00";"SP";116;95,4;"PINDAMONHANGABA";"Ingestão de álcool pelo condutor";"Colisão com objeto";"Sem Vítimas";"Plena Noite";"Crescente";"Chuva";"Dupla";"Reta";"Não";1;0;0;0;1;0;0;1;-22,96781845;-45,43570569;"SPRF-SP";"DEL08/SP";"UOP01-DEL08-SP"
770928;2026-05-10;"domingo";"22:48:00";"RJ";465;0;"SEROPEDICA";"Ausência de reação do condutor";"Colisão traseira";"Sem Vítimas";"Plena Noite";"Crescente";"Chuva";"Simples";"Reta";"Não";2;0;0;0;2;0;0;2;-22,71532523;-43,73031233;"SPRF-RJ";"DEL06/RJ";"UOP02-DEL06-RJ"
770929;2026-05-10;"domingo";"21:50:00";"MG";381;923,5;"CAMANDUCAIA";"Pista Escorregadia";"Colisão com objeto";"Com Vítimas Feridas";"Plena Noite";"Decrescente";"Garoa/Chuvisco";"Dupla";"Curva;Declive";"Não";3;0;1;1;1;0;2;1;-22,774591;-46,185658;"SPRF-MG";"DEL16/MG";"UOP03-DEL16-MG"
770930;2026-05-10;"domingo";"22:55:00";"PI";316;39,5;"LAGOA DO PIAUI";"Ultrapassagem Indevida";"Colisão lateral sentido oposto";"Com Vítimas Fatais";"Plena Noite";"Crescente";"Garoa/Chuvisco";"Simples";"Reta";"Sim";2;1;0;0;0;1;0;2;-5,40747393;-42,64828205;"SPRF-PI";"DEL01-PI";"UOP02-DEL01-PI"
770931;2026-05-10;"domingo";"22:15:00";"MA";230;399,8;"BALSAS";"Reação tardia ou ineficiente do condutor";"Colisão traseira";"Com Vítimas Feridas";"Plena Noite";"Crescente";"Céu Claro";"Simples";"Reta";"Não";3;0;2;0;1;0;2;2;-7,49352;-46,024958;"SPRF-MA";"DEL05-MA";"UOP01-DEL05-MA"
770932;2026-05-10;"domingo";"20:55:00";"RJ";40;104;"DUQUE DE CAXIAS";"Conversão proibida";"Colisão transversal";"Com Vítimas Feridas";"Plena Noite";"Decrescente";"Chuva";"Simples";"Aclive";"Não";3;0;0;2;1;0;2;2;-22,63496;-43,28484;"SPRF-RJ";"DEL01/RJ";"UOP02-DEL01-RJ"
770933;2026-05-10;"domingo";"23:30:00";"AL";316;252;"PILAR";"Transitar na contramão";"Colisão traseira";"Com Vítimas Feridas";"Plena Noite";"Decrescente";"Céu Claro";"Simples";"Reta";"Não";4;0;0;1;1;2;1;2;-9,572722;-35,965422;"SPRF-AL";"DEL02-AL";"UOP01-DEL02-AL"
770935;2026-05-11;"segunda-feira";"00:15:00";"PE";101;83,9;"JABOATAO DOS GUARARAPES";"Ingestão de álcool pelo condutor";"Colisão traseira";"Com Vítimas Feridas";"Plena Noite";"Decrescente";"Céu Claro";"Dupla";"Reta";"Sim";4;0;1;0;3;0;1;3;-8,17722;-34,94444;"SPRF-PE";"DEL01/PE";"UOP01-DEL01-PE"
770936;2026-05-11;"segunda-feira";"00:10:00";"PR";376;228,9;"APUCARANA";"Ausência de reação do condutor";"Saída de leito carroçável";"Com Vítimas Feridas";"Plena Noite";"Crescente";"Céu Claro";"Dupla";"Reta;Declive";"Não";1;0;0;1;0;0;1;1;-23,56839;-51,54647;"SPRF-PR";"DEL07/PR";"UOP03-DEL07-PR"
770938;2026-05-11;"segunda-feira";"00:30:00";"MG";40;726,7;"OLIVEIRA FORTES";"Reação tardia ou ineficiente do condutor";"Saída de leito carroçável";"Com Vítimas Feridas";"Plena Noite";"Crescente";"Chuva";"Dupla";"Curva";"Não";2;0;2;0;0;0;2;1;-21,35845519;-43,58070374;"SPRF-MG";"DEL05/MG";"UOP01-DEL05-MG"
770939;2026-05-11;"segunda-feira";"00:10:00";"SC";480;127,5;"CHAPECO";"Velocidade Incompatível";"Saída de leito carroçável";"Com Vítimas Fatais";"Plena Noite";"Decrescente";"Céu Claro";"Múltipla";"Reta;Aclive";"Não";1;1;0;0;0;0;0;1;-27,02338164;-52,63479614;"SPRF-SC";"DEL07/SC";"UOP01-DEL07-SC"
770944;2026-05-11;"segunda-feira";"01:00:00";"SC";470;186;"POUSO REDONDO";"Reação tardia ou ineficiente do condutor";"Colisão com objeto";"Com Vítimas Feridas";"Plena Noite";"Crescente";"Vento";"Simples";"Curva;Aclive";"Não";2;0;2;0;0;0;2;1;-27,25611;-50,04556;"SPRF-SC";"DEL04/SC";"UOP02-DEL04-SC"
770945;2026-05-11;"segunda-feira";"04:00:00";"RJ";101;309;"SAO GONCALO";"Pedestre cruzava a pista fora da faixa";"Atropelamento de Pedestre";"Com Vítimas Feridas";"Plena Noite";"Crescente";"Chuva";"Dupla";"Reta";"Sim";2;0;1;0;1;0;1;2;-22,79580631;-43,03730965;"SPRF-RJ";"DEL02/RJ";"UOP02-DEL02-RJ"
770946;2026-05-10;"domingo";"22:30:00";"SC";470;143;"RIO DO SUL";"Ausência de reação do condutor";"Saída de leito carroçável";"Sem Vítimas";"Plena Noite";"Crescente";"Céu Claro";"Simples";"Reta";"Não";1;0;0;0;0;1;0;1;-27,22457;-49,6649;"SPRF-SC";"DEL04/SC";"UOP02-DEL04-SC"
770947;2026-05-11;"segunda-feira";"03:15:00";"BA";101;723;"EUNAPOLIS";"Ausência de reação do condutor";"Queda de ocupante de veículo";"Com Vítimas Feridas";"Plena Noite";"Decrescente";"Nublado";"Simples";"Reta";"Não";1;0;0;1;0;0;1;1;-16,41174862;-39,58796881;"SPRF-BA";"DEL09/BA";"UOP01-DEL09-BA"
770948;2026-05-11;"segunda-feira";"03:00:00";"ES";101;12,2;"PEDRO CANARIO";"Ingestão de álcool pelo condutor";"Colisão transversal";"Com Vítimas Feridas";"Plena Noite";"Crescente";"Céu Claro";"Simples";"Reta";"Não";3;0;0;1;1;1;1;2;-18,26349084;-39,95688379;"SPRF-ES";"DEL04-ES";"UOP02-DEL04-ES"
770949;2026-05-11;"segunda-feira";"05:15:00";"MG";381;498,9;"BETIM";"Ingestão de álcool pelo condutor";"Colisão com objeto";"Sem Vítimas";"Amanhecer";"Crescente";"Nublado";"Dupla";"Reta";"Não";2;0;0;0;2;0;0;2;-19,99924569;-44,2108175;"SPRF-MG";"DEL01/MG";"UOP03-DEL01-MG"
770950;2026-05-11;"segunda-feira";"05:30:00";"ES";101;67;"SAO MATEUS";"Condutor deixou de manter distância do veículo da frente";"Colisão traseira";"Com Vítimas Feridas";"Amanhecer";"Decrescente";"Céu Claro";"Múltipla";"Reta";"Sim";2;0;1;0;1;0;1;2;-18,71874609;-39,86922953;"SPRF-ES";"DEL04-ES";"UOP02-DEL04-ES"
770953;2026-05-11;"segunda-feira";"06:15:00";"RS";293;13,8;"CAPAO DO LEAO";"Animais na Pista";"Atropelamento de Animal";"Sem Vítimas";"Amanhecer";"Decrescente";"Céu Claro";"Simples";"Reta";"Sim";1;0;0;0;1;0;0;1;-31,75345599;-52,45867476;"SPRF-RS";"DEL07/RS";"UOP01-DEL07-RS"
770954;2026-05-11;"segunda-feira";"06:10:00";"BA";116;829;"VITORIA DA CONQUISTA";"Transitar na contramão";"Colisão frontal";"Com Vítimas Feridas";"Pleno dia";"Decrescente";"Nevoeiro/Neblina";"Simples";"Reta";"Sim";2;0;1;1;0;0;2;2;-14,90279308;-40,86970774;"SPRF-BA";"DEL08/BA";"UOP01-DEL08-BA"
770955;2026-05-11;"segunda-feira";"06:35:00";"PE";232;7;"RECIFE";"Trafegar com motocicleta (ou similar) entre as faixas";"Colisão lateral mesmo sentido";"Com Vítimas Feridas";"Pleno dia";"Decrescente";"Nublado";"Dupla";"Reta";"Não";3;0;2;0;1;0;2;2;-8,07382;-34,963107;"SPRF-PE";"DEL01/PE";"UOP01-DEL01-PE"
770956;2026-05-11;"segunda-feira";"06:30:00";"RJ";101;462;"ANGRA DOS REIS";"Pista Escorregadia";"Colisão com objeto";"Com Vítimas Feridas";"Amanhecer";"Decrescente";"Chuva";"Simples";"Curva";"Não";2;0;1;0;1;0;1;1;-23,0310831;-44,17362213;"SPRF-RJ";"DEL03/RJ";"UOP03-DEL03-RJ"
770958;2026-05-11;"segunda-feira";"06:40:00";"SP";116;285;"ITAPECERICA DA SERRA";"Reação tardia ou ineficiente do condutor";"Colisão lateral mesmo sentido";"Com Vítimas Feridas";"Pleno dia";"Decrescente";"Nublado";"Dupla";"Reta";"Sim";2;0;1;0;1;0;1;2;-23,68532823;-46,85943348;"SPRF-SP";"DEL04/SP";"UOP01-DEL04-SP"
770960;2026-05-11;"segunda-feira";"03:00:00";"PI";222;51;"BRASILEIRA";"Pedestre - Ingestão de álcool/ substâncias psicoativas";"Atropelamento de Pedestre";"Com Vítimas Fatais";"Plena Noite";"Decrescente";"Nublado";"Simples";"Reta";"Não";2;1;0;0;0;1;0;2;-4,147831;-41,64024353;"SPRF-PI";"DEL02-PI";"UOP01-DEL02-PI"
770961;2026-05-11;"segunda-feira";"06:28:00";"PB";230;38,2;"SANTA RITA";"Manobra de mudança de faixa";"Colisão lateral mesmo sentido";"Com Vítimas Feridas";"Pleno dia";"Decrescente";"Chuva";"Dupla";"Reta";"Sim";3;0;2;0;1;0;2;2;-7,134652;-34,962852;"SPRF-PB";"DEL01-PB";"UOP02-DEL01-PB"
770963;2026-05-11;"segunda-feira";"07:00:00";"MG";262;786;"UBERABA";"Animais na Pista";"Atropelamento de Animal";"Com Vítimas Feridas";"Amanhecer";"Crescente";"Nevoeiro/Neblina";"Dupla";"Reta";"Sim";1;0;1;0;0;0;1;1;-19,76880364;-47,89343834;"SPRF-MG";"DEL13/MG";"UOP01-DEL13-MG"
770964;2026-05-11;"segunda-feira";"07:10:00";"SE";235;47;"ITABAIANA";"Acesso irregular";"Colisão transversal";"Com Vítimas Feridas";"Pleno dia";"Crescente";"Céu Claro";"Simples";"Reta";"Não";2;0;0;1;1;0;1;2;-10,72768408;-37,41457913;"SPRF-SE";"DEL01-SE";"UOP02-DEL01-SE"
770966;2026-05-11;"segunda-feira";"07:00:00";"PR";277;25;"MORRETES";"Reação tardia ou ineficiente do condutor";"Colisão traseira";"Com Vítimas Feridas";"Amanhecer";"Decrescente";"Céu Claro";"Dupla";"Reta";"Não";2;0;0;1;1;0;1;2;-25,536075;-48,763913;"SPRF-PR";"DEL01/PR";"UOP05-DEL01-PR"
770967;2026-05-11;"segunda-feira";"07:10:00";"ES";101;327,6;"GUARAPARI";"Demais falhas mecânicas ou elétricas";"Tombamento";"Com Vítimas Feridas";"Pleno dia";"Decrescente";"Céu Claro";"Dupla";"Reta";"Não";2;0;2;0;0;0;2;1;-20,577248;-40,488315;"SPRF-ES";"DEL03-ES";"UOP01-DEL03-ES"
770968;2026-05-11;"segunda-feira";"07:15:00";"GO";40;9,8;"LUZIANIA";"Ausência de reação do condutor";"Colisão traseira";"Com Vítimas Feridas";"Pleno dia";"Decrescente";"Céu Claro";"Dupla";"Reta";"Sim";2;0;0;1;1;0;1;2;-16,1249;-47,961696;"SPRF-DF";"DEL01-DF";"UOP01-DEL01-DF"
770969;2026-05-11;"segunda-feira";"07:45:00";"RS";285;294,2;"PASSO FUNDO";"Acessar a via sem observar a presença dos outros veículos";"Colisão transversal";"Com Vítimas Feridas";"Pleno dia";"Decrescente";"Céu Claro";"Simples";"Reta;Interseção de Vias";"Sim";2;0;1;0;1;0;1;2;-28,2346215;-52,3849353;"SPRF-RS";"DEL08/RS";"UOP03-DEL08-RS"
770970;2026-05-11;"segunda-feira";"07:20:00";"PR";277;590;"CASCAVEL";"Reação tardia ou ineficiente do condutor";"Colisão traseira";"Sem Vítimas";"Pleno dia";"Decrescente";"Céu Claro";"Simples";"Reta";"Sim";2;0;0;0;2;0;0;2;-24,97567;-53,44187;"SPRF-PR";"DEL04/PR";"UOP01-DEL04-PR"
770971;2026-05-11;"segunda-feira";"04:00:00";"DF";251;10,5;"BRASILIA";"Neblina";"Saída de leito carroçável";"Com Vítimas Feridas";"Plena Noite";"Crescente";"Nevoeiro/Neblina";"Simples";"Rotatória";"Não";1;0;1;0;0;0;1;1;-15,96968;-47,58732;"SPRF-DF";"DEL01-DF";"UOP01-DEL01-DF"
770972;2026-05-11;"segunda-feira";"07:35:00";"PE";101;186;"PALMARES";"Ausência de reação do condutor";"Colisão traseira";"Com Vítimas Feridas";"Pleno dia";"Decrescente";"Céu Claro";"Simples";"Reta";"Não";3;0;2;0;1;0;2;2;-8,683403;-35,580408;"SPRF-PE";"DEL01/PE";"UOP03-DEL01-PE"
770973;2026-05-11;"segunda-feira";"07:05:00";"MG";381;712,5;"CARMO DA CACHOEIRA";"Reação tardia ou ineficiente do condutor";"Colisão com objeto";"Com Vítimas Feridas";"Pleno dia";"Crescente";"Nublado";"Dupla";"Curva";"Não";1;0;1;0;0;0;1;1;-21,37060494;-45,18874168;"SPRF-MG";"DEL04/MG";"UOP02-DEL04-MG"
770974;2026-05-11;"segunda-feira";"06:25:00";"PI";343;265,5;"CAMPO MAIOR";"Manobra de mudança de faixa";"Colisão transversal";"Com Vítimas Feridas";"Pleno dia";"Decrescente";"Sol";"Simples";"Reta";"Sim";2;0;0;1;1;0;1;2;-4,8386277;-42,1713578;"SPRF-PI";"DEL01-PI";"UOP03-DEL01-PI"
770975;2026-05-03;"domingo";"05:00:00";"PR";376;488;"PONTA GROSSA";"Ausência de reação do condutor";"Saída de leito carroçável";"Sem Vítimas";"Amanhecer";"Crescente";"Nevoeiro/Neblina";"Dupla";"Reta";"Sim";1;0;0;0;1;0;0;1;-25,08575;-50,192557;"SPRF-PR";"DEL03/PR";"UOP03-DEL03-PR"
770976;2026-05-11;"segunda-feira";"07:48:00";"RS";158;327;"SANTA MARIA";"Manobra de mudança de faixa";"Colisão transversal";"Com Vítimas Feridas";"Pleno dia";"Decrescente";"Céu Claro";"Múltipla";"Reta;Retorno Regulamentado";"Não";2;0;1;0;1;0;1;2;-29,71050336;-53,82106662;"SPRF-RS";"DEL09/RS";"UOP01-DEL09-RS"
770980;2026-05-11;"segunda-feira";"06:50:00";"PB";230;38;"SANTA RITA";"Demais falhas mecânicas ou elétricas";"Colisão lateral mesmo sentido";"Sem Vítimas";"Pleno dia";"Decrescente";"Céu Claro";"Dupla";"Reta";"Não";2;0;0;0;2;0;0;2;-7,133688;-34,960973;"SPRF-PB";"DEL01-PB";"UOP02-DEL01-PB"
770981;2026-05-11;"segunda-feira";"06:10:00";"RJ";101;304;"SAO GONCALO";"Manobra de mudança de faixa";"Colisão lateral mesmo sentido";"Com Vítimas Feridas";"Pleno dia";"Crescente";"Garoa/Chuvisco";"Dupla";"Reta";"Não";2;0;1;0;1;0;1;2;-22,78559118;-42,98690289;"SPRF-RJ";"DEL02/RJ";"UOP02-DEL02-RJ"
770983;2026-05-11;"segunda-feira";"08:30:00";"RJ";101;267;"RIO BONITO";"Chuva";"Queda de ocupante de veículo";"Com Vítimas Feridas";"Pleno dia";"Crescente";"Chuva";"Dupla";"Reta";"Sim";1;0;1;0;0;0;1;1;-22,70670726;-42,65515157;"SPRF-RJ";"DEL02/RJ";"UOP03-DEL02-RJ"
770985;2026-05-11;"segunda-feira";"06:30:00";"MS";163;478;"CAMPO GRANDE";"Acumulo de areia ou detritos sobre o pavimento";"Tombamento";"Com Vítimas Feridas";"Amanhecer";"Crescente";"Céu Claro";"Simples";"Reta";"Não";1;0;0;1;0;0;1;1;-20,49297874;-54,55901591;"SPRF-MS";"DEL01/MS";"UOP01-DEL01-MS"
770986;2026-05-11;"segunda-feira";"08:06:00";"PE";232;51;"VITORIA DE SANTO ANTAO";"Acessar a via sem observar a presença dos outros veículos";"Colisão lateral mesmo sentido";"Com Vítimas Feridas";"Pleno dia";"Decrescente";"Céu Claro";"Dupla";"Reta";"Não";2;0;1;0;1;0;1;2;-8,14332947;-35,31783867;"SPRF-PE";"DEL02/PE";"UOP02-DEL02PE"
770987;2026-05-11;"segunda-feira";"07:36:00";"RO";364;197,4;"PIMENTA BUENO";"Acessar a via sem observar a presença dos outros veículos";"Colisão transversal";"Com Vítimas Feridas";"Pleno dia";"Decrescente";"Céu Claro";"Simples";"Interseção de Vias;Rotatória";"Sim";3;0;1;0;1;1;1;3;-11,67076319;-61,19147319;"SPRF-RO";"DEL02-RO";"UOP02-DEL02-RO"
770988;2026-05-11;"segunda-feira";"07:30:00";"PR";376;616;"SAO JOSE DOS PINHAIS";"Condutor deixou de manter distância do veículo da frente";"Colisão traseira";"Com Vítimas Feridas";"Pleno dia";"Decrescente";"Céu Claro";"Múltipla";"Declive;Reta";"Sim";3;0;1;0;1;1;1;3;-25,584343;-49,175655;"SPRF-PR";"DEL01/PR";"UOP04-DEL01-PR"
770989;2026-05-11;"segunda-feira";"09:00:00";"RJ";101;279;"ITABORAI";"Velocidade Incompatível";"Colisão traseira";"Com Vítimas Feridas";"Pleno dia";"Crescente";"Garoa/Chuvisco";"Dupla";"Reta";"Não";3;0;1;0;2;0;1;2;-22,73819;-42,774748;"SPRF-RJ";"DEL02/RJ";"UOP03-DEL02-RJ"
770990;2026-05-11;"segunda-feira";"09:00:00";"SC";101;228,1;"PALHOCA";"Objeto estático sobre o leito carroçável";"Colisão com objeto";"Com Vítimas Feridas";"Pleno dia";"Crescente";"Céu Claro";"Dupla";"Curva";"Não";3;0;1;0;2;0;1;2;-27,7589;-48,6311;"SPRF-SC";"DEL01/SC";"UOP02-DEL01-SC"
770992;2026-05-11;"segunda-feira";"08:35:00";"CE";222;313;"TIANGUA";"Condutor desrespeitou a iluminação vermelha do semáforo";"Colisão traseira";"Com Vítimas Feridas";"Pleno dia";"Decrescente";"Nublado";"Múltipla";"Viaduto;Interseção de Vias;Reta";"Sim";2;0;1;0;1;0;1;2;-3,73368742;-41,00216243;"SPRF-CE";"DEL04/CE";"UOP02-DEL04-CE"