"id";"data_inversa";"dia_semana";"horario";"uf";"br";"km";"municipio";"causa_acidente";"tipo_acidente";"classificacao_acidente";"fase_dia";"sentido_via";"condicao_metereologica";"tipo_pista";"tracado_via";"uso_solo";"pessoas";"mortos";"feridos_leves";"feridos_graves";"ilesos";"ignorados";"feridos";"veiculos";"latitude";"longitude";"regional";"delegacia";"uop"
771115;2026-05-11;"segunda-feira";"19:00:00";"SC";101;207,8;"SAO JOSE";"Ausência de reação do condutor";"Queda de ocupante de veículo";"Com Vítimas Feridas";"Plena Noite";"Decrescente";"Céu Claro";"Múltipla";"Reta";"Sim";2;0;1;0;1;0;1;2;-27,602558;-48,630383;"SPRF-SC";"DEL01/SC";"UOP01-DEL01-SC"
771116;2026-05-11;"segunda-feira";"16:25:00";"MT";364;201;"RONDONOPOLIS";"Ausência de reação do condutor";"Tombamento";"Com Vítimas Feridas";"Plena Noite";"Decrescente";"Céu Claro";"Dupla";"Reta";"Sim";1;0;1;0;0;0;1;1;-16,35857606;-54,73297141;"SPRF-MT";"DEL02/MT";"UOP01-DEL02-MT"
771117;2026-05-11;"segunda-feira";"15:30:00";"SP";101;49;"UBATUBA";"Acessar a via sem observar a presença dos outros veículos";"Colisão transversal";"Com Vítimas Feridas";"Pleno dia";"Decrescente";"Céu Claro";"Simples";"Retorno Regulamentado";"Não";2;0;1;0;1;0;1;2;-23,45117797;-45,07655494;"SPRF-SP";"DEL06/SP";"UOP01-DEL06-SP"
771119;2026-05-11;"segunda-feira";"19:50:00";"ES";101;314;"VILA VELHA";"Pedestre andava na pista";"Atropelamento de Pedestre";"Com Vítimas Feridas";"Plena Noite";"Crescente";"Céu Claro";"Dupla";"Retorno Regulamentado";"Não";2;0;0;1;0;1;1;2;-20,46493301;-40,46555655;"SPRF-ES";"DEL01-ES";"UOP01-DEL01-ES"
771120;2026-05-11;"segunda-feira";"18:50:00";"SC";101;138;"BALNEARIO CAMBORIU";"Reação tardia ou ineficiente do condutor";"Colisão traseira";"Com Vítimas Feridas";"Plena Noite";"Crescente";"Céu Claro";"Simples";"Reta;Interseção de Vias";"Sim";2;0;1;0;1;0;1;2;-27,02732413;-48,60626221;"SPRF-SC";"DEL04/SC";"UOP03-DEL04-SC"
771122;2026-05-11;"segunda-feira";"19:26:00";"PE";232;166;"TACAIMBO";"Transitar na contramão";"Colisão frontal";"Com Vítimas Feridas";"Plena Noite";"Crescente";"Chuva";"Simples";"Reta";"Não";2;0;1;0;1;0;1;2;-8,338697;-36,314121;"SPRF-PE";"DEL03/PE";"UOP02-DEL03-PE"
771123;2026-05-11;"segunda-feira";"20:00:00";"RJ";116;181;"NOVA IGUACU";"Condutor usando celular";"Colisão traseira";"Com Vítimas Feridas";"Plena Noite";"Crescente";"Nublado";"Dupla";"Reta;Declive";"Sim";2;0;1;0;1;0;1;2;-22,76066958;-43,42521608;"SPRF-RJ";"DEL06/RJ";"UOP01-DEL06-RJ"
771124;2026-05-11;"segunda-feira";"18:35:00";"PR";153;24,6;"JACAREZINHO";"Acessar a via sem observar a presença dos outros veículos";"Colisão transversal";"Com Vítimas Feridas";"Plena Noite";"Crescente";"Céu Claro";"Simples";"Interseção de Vias";"Não";2;0;1;0;0;1;1;2;-23,18935441;-49,98584795;"SPRF-PR";"DEL07/PR";"UOP04-DEL07-PR"
771125;2026-05-11;"segunda-feira";"19:39:00";"SP";116;225;"GUARULHOS";"Reação tardia ou ineficiente do condutor";"Colisão lateral mesmo sentido";"Com Vítimas Feridas";"Plena Noite";"Decrescente";"Nublado";"Múltipla";"Reta";"Sim";2;0;1;0;1;0;1;2;-23,48897754;-46,54560375;"SPRF-SP";"DEL01/SP";"UOP01-DEL01-SP"
771127;2026-05-11;"segunda-feira";"19:59:00";"PI";343;2,1;"TERESINA";"Reação tardia ou ineficiente do condutor";"Colisão lateral mesmo sentido";"Com Vítimas Feridas";"Plena Noite";"Decrescente";"Céu Claro";"Múltipla";"Reta";"Sim";2;0;1;0;1;0;1;2;-5,081864;-42,768822;"SPRF-PI";"DEL01-PI";"UOP01-DEL01-PI"
771128;2026-05-11;"segunda-feira";"16:27:00";"RJ";101;57;"CAMPOS DOS GOYTACAZES";"Acessar a via sem observar a presença dos outros veículos";"Colisão transversal";"Com Vítimas Feridas";"Pleno dia";"Crescente";"Nublado";"Simples";"Reta;Interseção de Vias";"Sim";3;0;3;0;0;0;3;2;-21,70213672;-41,31009323;"SPRF-RJ";"DEL08/RJ";"UOP01-DEL08-RJ"
771130;2026-05-11;"segunda-feira";"10:30:00";"RJ";101;65;"CAMPOS DOS GOYTACAZES";"Manobra de mudança de faixa";"Colisão lateral mesmo sentido";"Sem Vítimas";"Pleno dia";"Decrescente";"Nublado";"Simples";"Curva";"Sim";3;0;0;0;3;0;0;2;-21,75450749;-41,34625196;"SPRF-RJ";"DEL08/RJ";"UOP02-DEL08-RJ"
771131;2026-05-11;"segunda-feira";"17:35:00";"RS";392;351,2;"SANTA MARIA";"Reação tardia ou ineficiente do condutor";"Colisão com objeto";"Com Vítimas Feridas";"Pleno dia";"Decrescente";"Céu Claro";"Dupla";"Reta;Aclive;Em Obras";"Sim";2;0;1;0;1;0;1;2;-29,726157;-53,805458;"SPRF-RS";"DEL09/RS";"UOP01-DEL09-RS"
771132;2026-03-12;"quinta-feira";"20:40:00";"PR";277;698;"SAO MIGUEL DO IGUACU";"Avarias e/ou desgaste excessivo no pneu";"Tombamento";"Com Vítimas Feridas";"Plena Noite";"Crescente";"Céu Claro";"Dupla";"Reta";"Não";2;0;1;0;1;0;1;1;-25,41307705;-54,33956909;"SPRF-PR";"DEL05/PR";"UOP01-DEL05-PR"
771133;2026-05-11;"segunda-feira";"12:10:00";"MG";381;242,2;"SANTANA DO PARAISO";"Conversão proibida";"Colisão lateral mesmo sentido";"Com Vítimas Feridas";"Pleno dia";"Decrescente";"Céu Claro";"Simples";"Reta";"Não";3;0;0;1;1;1;1;3;-19,44352718;-42,5130558;"SPRF-MG";"DEL06/MG";"UOP01-DEL06-MG"
771134;2026-05-11;"segunda-feira";"20:30:00";"MG";381;495,8;"BETIM";"Ausência de reação do condutor";"Queda de ocupante de veículo";"Com Vítimas Feridas";"Plena Noite";"Decrescente";"Céu Claro";"Simples";"Curva";"Não";1;0;1;0;0;0;1;1;-19,97496214;-44,18735504;"SPRF-MG";"DEL01/MG";"UOP03-DEL01-MG"
771135;2026-05-11;"segunda-feira";"19:00:00";"MT";163;698;"SORRISO";"Condutor deixou de manter distância do veículo da frente";"Colisão traseira";"Com Vítimas Feridas";"Plena Noite";"Decrescente";"Céu Claro";"Simples";"Reta";"Não";3;0;1;0;1;1;1;2;-12,99957886;-55,88658123;"SPRF-MT";"DEL06/MT";"UOP01-DEL06-MT"
771136;2026-05-11;"segunda-feira";"18:43:00";"MG";116;415,9;"GOVERNADOR VALADARES";"Conversão proibida";"Colisão transversal";"Com Vítimas Feridas";"Plena Noite";"Crescente";"Céu Claro";"Simples";"Reta";"Sim";3;0;2;0;1;0;2;2;-18,897292;-41,947676;"SPRF-MG";"DEL06/MG";"UOP01-DEL06-MG"
771137;2026-05-11;"segunda-feira";"19:00:00";"BA";101;219;"CRUZ DAS ALMAS";"Demais falhas mecânicas ou elétricas";"Incêndio";"Sem Vítimas";"Plena Noite";"Crescente";"Céu Claro";"Simples";"Reta";"Sim";1;0;0;0;1;0;0;1;-12,652905;-39,121865;"SPRF-BA";"DEL11/BA";"UOP01-DEL11-BA"
771138;2026-03-12;"quinta-feira";"08:30:00";"PR";476;112;"COLOMBO";"Chuva";"Colisão lateral mesmo sentido";"Com Vítimas Feridas";"Pleno dia";"Crescente";"Chuva";"Simples";"Reta";"Não";2;0;1;0;1;0;1;2;-25,32177993;-49,15960042;"SPRF-PR";"DEL01/PR";"UOP01-DEL01-PR"
771140;2026-05-11;"segunda-feira";"17:50:00";"RJ";40;111;"DUQUE DE CAXIAS";"Trafegar com motocicleta (ou similar) entre as faixas";"Colisão traseira";"Com Vítimas Feridas";"Anoitecer";"Decrescente";"Nublado";"Múltipla";"Reta;Declive";"Sim";2;0;1;0;1;0;1;2;-22,69491336;-43,28827769;"SPRF-RJ";"DEL01/RJ";"UOP02-DEL01-RJ"
771142;2026-05-11;"segunda-feira";"17:23:00";"MG";50;178,4;"UBERABA";"Reação tardia ou ineficiente do condutor";"Colisão traseira";"Com Vítimas Feridas";"Pleno dia";"Crescente";"Céu Claro";"Dupla";"Reta";"Sim";2;0;1;0;1;0;1;2;-19,77893;-47,93828;"SPRF-MG";"DEL13/MG";"UOP01-DEL13-MG"
771144;2026-05-11;"segunda-feira";"20:50:00";"SC";470;97;"APIUNA";"Acesso irregular";"Colisão frontal";"Com Vítimas Feridas";"Plena Noite";"Decrescente";"Céu Claro";"Simples";"Reta";"Sim";2;0;1;1;0;0;2;2;-27,0285066;-49,38139128;"SPRF-SC";"DEL04/SC";"UOP01-DEL04-SC"
771146;2026-05-11;"segunda-feira";"17:20:00";"RR";174;289;"CARACARAI";"Ausência de reação do condutor";"Saída de leito carroçável";"Com Vítimas Feridas";"Anoitecer";"Decrescente";"Nublado";"Simples";"Curva";"Não";2;0;0;1;1;0;1;1;1,4286;-60,6992;"SPRF-RR";"DEL01-RR";"UOP02-DEL01-RR"
771147;2026-05-11;"segunda-feira";"19:00:00";"SC";280;145,9;"MAFRA";"Transitar na contramão";"Colisão frontal";"Com Vítimas Fatais";"Plena Noite";"Crescente";"Céu Claro";"Simples";"Curva;Em Obras";"Não";4;1;1;1;0;1;2;3;-26,254447;-49,660262;"SPRF-SC";"DEL06/SC";"UOP03-DEL06-SC"
771149;2026-05-11;"segunda-feira";"21:40:00";"GO";153;506,9;"APARECIDA DE GOIANIA";"Condutor deixou de manter distância do veículo da frente";"Colisão traseira";"Sem Vítimas";"Plena Noite";"Crescente";"Céu Claro";"Dupla";"Reta";"Sim";2;0;0;0;2;0;0;2;-16,758652;-49,240284;"SPRF-GO";"DEL01/GO";"UOP01-DEL01-GO"
771150;2026-05-11;"segunda-feira";"20:55:00";"MT";364;536;"ROSARIO OESTE";"Reação tardia ou ineficiente do condutor";"Saída de leito carroçável";"Com Vítimas Feridas";"Plena Noite";"Decrescente";"Nublado";"Simples";"Reta";"Não";4;0;2;0;2;0;2;1;-14,890229;-56,464233;"SPRF-MT";"DEL01/MT";"UOP01-DEL01-MT"
771152;2026-05-11;"segunda-feira";"20:30:00";"MT";163;1064;"GUARANTA DO NORTE";"Entrada inopinada do pedestre";"Atropelamento de Pedestre";"Com Vítimas Feridas";"Plena Noite";"Decrescente";"Céu Claro";"Simples";"Reta";"Sim";2;0;1;0;1;0;1;2;-9,96013185;-54,90484435;"SPRF-MT";"DEL06/MT";"UOP03-DEL06-MT"
771154;2026-05-11;"segunda-feira";"18:40:00";"RJ";40;114,9;"DUQUE DE CAXIAS";"Manobra de mudança de faixa";"Colisão lateral mesmo sentido";"Com Vítimas Feridas";"Plena Noite";"Decrescente";"Nublado";"Múltipla";"Reta";"Sim";3;0;2;0;1;0;2;2;-22,728052;-43,288923;"SPRF-RJ";"DEL01/RJ";"UOP02-DEL01-RJ"
771156;2026-05-11;"segunda-feira";"20:39:00";"SP";153;73;"SAO JOSE DO RIO PRETO";"Ausência de reação do condutor";"Colisão com objeto";"Com Vítimas Feridas";"Plena Noite";"Crescente";"Céu Claro";"Dupla";"Reta";"Não";1;0;1;0;0;0;1;1;-20,878294;-49,421837;"SPRF-SP";"DEL09/SP";"UOP01-DEL09-SP"
771157;2026-05-11;"segunda-feira";"10:40:00";"MG";262;786,6;"UBERABA";"Condutor deixou de manter distância do veículo da frente";"Colisão traseira";"Com Vítimas Feridas";"Pleno dia";"Decrescente";"Céu Claro";"Dupla";"Em Obras;Reta";"Sim";3;0;1;0;1;1;1;3;-19,771483;-47,910711;"SPRF-MG";"DEL13/MG";"UOP01-DEL13-MG"
771159;2026-05-11;"segunda-feira";"22:20:00";"PR";369;154;"LONDRINA";"Manobra de mudança de faixa";"Colisão transversal";"Com Vítimas Feridas";"Plena Noite";"Decrescente";"Céu Claro";"Dupla";"Reta;Interseção de Vias";"Sim";2;0;1;0;1;0;1;2;-23,297427;-51,201598;"SPRF-PR";"DEL07/PR";"UOP01-DEL07-PR"
771160;2026-05-11;"segunda-feira";"22:10:00";"MG";40;532;"BELO HORIZONTE";"Reação tardia ou ineficiente do condutor";"Tombamento";"Com Vítimas Feridas";"Plena Noite";"Crescente";"Céu Claro";"Dupla";"Aclive;Reta";"Sim";2;0;1;0;1;0;1;1;-19,92566121;-44,01078908;"SPRF-MG";"DEL01/MG";"UOP02-DEL01-MG"
771161;2026-05-11;"segunda-feira";"22:50:00";"MG";381;500;"BETIM";"Ausência de reação do condutor";"Colisão lateral mesmo sentido";"Com Vítimas Fatais";"Pleno dia";"Crescente";"Céu Claro";"Dupla";"Reta";"Não";2;1;0;0;1;0;0;2;-20,00399969;-44,21344757;"SPRF-MG";"DEL01/MG";"UOP03-DEL01-MG"
771162;2026-05-11;"segunda-feira";"18:20:00";"PI";226;224,6;"ALTOS";"Ausência de reação do condutor";"Colisão lateral mesmo sentido";"Com Vítimas Fatais";"Plena Noite";"Decrescente";"Céu Claro";"Simples";"Reta";"Não";1;1;0;0;0;0;0;1;-5,02994;-42,42764;"SPRF-PI";"DEL01-PI";"UOP01-DEL01-PI"
771164;2026-05-11;"segunda-feira";"19:40:00";"MS";163;253,7;"DOURADOS";"Ingestão de álcool pelo condutor";"Saída de leito carroçável";"Com Vítimas Feridas";"Plena Noite";"Decrescente";"Céu Claro";"Dupla";"Rotatória";"Não";1;0;1;0;0;0;1;1;-22,27289879;-54,81793491;"SPRF-MS";"DEL04/MS";"UOP02-DEL04-MS"
771166;2026-05-12;"terça-feira";"00:15:00";"RJ";356;41,5;"ITAPERUNA";"Condutor Dormindo";"Colisão com objeto";"Com Vítimas Feridas";"Plena Noite";"Crescente";"Nublado";"Simples";"Curva;Aclive";"Não";1;0;1;0;0;0;1;1;-21,217911;-41,828875;"SPRF-RJ";"DEL08/RJ";"UOP03-DEL08-RJ"
771167;2026-05-12;"terça-feira";"00:37:00";"TO";10;458;"PALMAS";"Reação tardia ou ineficiente do condutor";"Saída de leito carroçável";"Com Vítimas Feridas";"Plena Noite";"Crescente";"Céu Claro";"Dupla";"Retorno Regulamentado";"Não";2;0;2;0;0;0;2;1;-10,28346936;-48,29754384;"SPRF-TO";"DEL01-TO";"UOP03-DEL01-TO"
771169;2026-05-12;"terça-feira";"01:20:00";"RJ";116;68;"TERESOPOLIS";"Ausência de reação do condutor";"Atropelamento de Animal";"Com Vítimas Feridas";"Plena Noite";"Decrescente";"Nublado";"Simples";"Reta";"Não";1;0;1;0;0;0;1;1;-22,297586;-42,93523;"SPRF-RJ";"DEL04/RJ";"UOP01-DEL04-RJ"
771170;2026-05-12;"terça-feira";"00:05:00";"TO";153;762;"ALVORADA";"Reação tardia ou ineficiente do condutor";"Saída de leito carroçável";"Sem Vítimas";"Plena Noite";"Crescente";"Céu Claro";"Simples";"Curva;Interseção de Vias;Desvio Temporário";"Sim";1;0;0;0;1;0;0;1;-12,4858859;-49,1176855;"SPRF-TO";"DEL01-TO";"UOP02-DEL01-TO"
771172;2026-05-12;"terça-feira";"00:40:00";"BA";101;386;"IBIRAPITANGA";"Acessar a via sem observar a presença dos outros veículos";"Atropelamento de Pedestre";"Com Vítimas Fatais";"Plena Noite";"Crescente";"Céu Claro";"Simples";"Reta";"Não";2;1;0;0;0;1;0;2;-13,906226;-39,4804304;"SPRF-BA";"DEL05/BA";"UOP03-DEL05-BA"
771173;2026-05-12;"terça-feira";"01:15:00";"RO";364;241,2;"CACOAL";"Animais na Pista";"Atropelamento de Animal";"Com Vítimas Feridas";"Plena Noite";"Crescente";"Céu Claro";"Simples";"Reta;Declive";"Sim";2;0;2;0;0;0;2;1;-11,44085;-61,479915;"SPRF-RO";"DEL02-RO";"UOP02-DEL02-RO"
771174;2026-05-11;"segunda-feira";"23:35:00";"RS";116;330;"BARRA DO RIBEIRO";"Transitar na contramão";"Colisão frontal";"Com Vítimas Feridas";"Plena Noite";"Crescente";"Nublado";"Dupla";"Reta";"Não";2;0;1;0;0;1;1;2;-30,40995274;-51,45289612;"SPRF-RS";"DEL02/RS";"UOP02-DEL02-RS"
771176;2026-05-12;"terça-feira";"05:20:00";"MG";381;490;"BETIM";"Manobra de mudança de faixa";"Colisão lateral mesmo sentido";"Com Vítimas Feridas";"Amanhecer";"Decrescente";"Céu Claro";"Múltipla";"Reta";"Sim";4;0;2;0;2;0;2;2;-19,95759408;-44,14994208;"SPRF-MG";"DEL01/MG";"UOP03-DEL01-MG"
771177;2026-05-12;"terça-feira";"04:20:00";"RS";290;416,8;"SAO GABRIEL";"Animais na Pista";"Atropelamento de Animal";"Com Vítimas Feridas";"Plena Noite";"Decrescente";"Céu Claro";"Simples";"Reta";"Não";1;0;1;0;0;0;1;1;-30,35738932;-54,32109402;"SPRF-RS";"DEL11/RS";"UOP02-DEL11-RS"
771179;2026-05-12;"terça-feira";"05:10:00";"MG";116;417,4;"GOVERNADOR VALADARES";"Animais na Pista";"Atropelamento de Animal";"Com Vítimas Feridas";"Plena Noite";"Decrescente";"Céu Claro";"Simples";"Reta";"Sim";1;0;1;0;0;0;1;1;-18,91135358;-41,9414406;"SPRF-MG";"DEL06/MG";"UOP01-DEL06-MG"
771182;2026-05-12;"terça-feira";"05:00:00";"MT";364;313;"CAMPO VERDE";"Reação tardia ou ineficiente do condutor";"Saída de leito carroçável";"Com Vítimas Feridas";"Amanhecer";"Decrescente";"Céu Claro";"Simples";"Reta";"Não";2;0;1;0;1;0;1;1;-15,810918;-55,266027;"SPRF-MT";"DEL05/MT";"UOP02-DEL05-MT"
771185;2026-05-11;"segunda-feira";"21:35:00";"MG";50;70;"UBERLANDIA";"Pedestre cruzava a pista fora da faixa";"Atropelamento de Pedestre";"Com Vítimas Feridas";"Plena Noite";"Decrescente";"Céu Claro";"Dupla";"Reta";"Sim";2;0;2;0;0;0;2;2;-18,88711202;-48,26169491;"SPRF-MG";"DEL15/MG";"UOP01-DEL15-MG"
771188;2026-05-12;"terça-feira";"07:15:00";"MG";381;487;"BETIM";"Ausência de reação do condutor";"Colisão traseira";"Com Vítimas Feridas";"Pleno dia";"Decrescente";"Céu Claro";"Dupla";"Reta;Aclive";"Sim";3;0;2;0;0;1;2;3;-19,95676762;-44,11897866;"SPRF-MG";"DEL01/MG";"UOP03-DEL01-MG"
771190;2026-05-08;"sexta-feira";"16:34:00";"PB";101;99;"CONDE";"Chuva";"Tombamento";"Com Vítimas Feridas";"Pleno dia";"Decrescente";"Chuva";"Dupla";"Reta";"Não";1;0;1;0;0;0;1;1;-7,259069;-34,935478;"SPRF-PB";"DEL01-PB";"UOP01-DEL01-PB"
771191;2026-05-12;"terça-feira";"07:20:00";"DF";40;2,6;"BRASILIA";"Manobra de mudança de faixa";"Colisão lateral mesmo sentido";"Com Vítimas Feridas";"Pleno dia";"Decrescente";"Sol";"Dupla";"Reta";"Sim";3;0;2;0;1;0;2;2;-15,9995;-47,98481;"SPRF-DF";"DEL01-DF";"UOP01-DEL01-DF"
771192;2026-05-12;"terça-feira";"05:00:00";"PR";376;188,9;"MARIALVA";"Ingestão de álcool pelo condutor";"Colisão traseira";"Com Vítimas Feridas";"Amanhecer";"Crescente";"Céu Claro";"Dupla";"Reta";"Sim";3;0;0;1;2;0;1;2;-23,466935;-51,827491;"SPRF-PR";"DEL09/PR";"UOP01-DEL09-PR"
771196;2026-05-12;"terça-feira";"05:00:00";"BA";242;229;"ITABERABA";"Demais falhas na via";"Tombamento";"Com Vítimas Feridas";"Amanhecer";"Decrescente";"Céu Claro";"Simples";"Declive;Reta";"Sim";2;0;1;0;1;0;1;1;-12,511213;-40,29874;"SPRF-BA";"DEL06/BA";"UOP02-DEL06-BA"
771197;2026-05-12;"terça-feira";"05:35:00";"RO";364;421;"JARU";"Velocidade Incompatível";"Tombamento";"Com Vítimas Feridas";"Amanhecer";"Decrescente";"Nublado";"Simples";"Reta";"Sim";1;0;1;0;0;0;1;1;-10,46323513;-62,45366899;"SPRF-RO";"DEL03-RO";"UOP02-DEL03-RO"
771198;2026-05-12;"terça-feira";"07:37:00";"DF";70;18;"BRASILIA";"Condutor deixou de manter distância do veículo da frente";"Colisão traseira";"Com Vítimas Feridas";"Pleno dia";"Decrescente";"Céu Claro";"Dupla";"Reta";"Não";2;0;0;1;1;0;1;2;-15,79119;-48,21183;"SPRF-DF";"DEL03-DF";"UOP02-DEL03-DF"
771199;2026-05-12;"terça-feira";"07:35:00";"MG";267;54;"GUARARA";"Ausência de sinalização";"Colisão frontal";"Com Vítimas Feridas";"Pleno dia";"Decrescente";"Céu Claro";"Simples";"Reta";"Não";2;0;1;0;1;0;1;2;-21,72155034;-43,01456451;"SPRF-MG";"DEL07/MG";"UOP01-DEL07-MG"
771200;2026-05-12;"terça-feira";"08:00:00";"ES";262;44;"MARECHAL FLORIANO";"Condutor Dormindo";"Colisão com objeto";"Com Vítimas Feridas";"Pleno dia";"Crescente";"Nublado";"Simples";"Reta";"Não";3;0;3;0;0;0;3;1;-20,38972949;-40,66950627;"SPRF-ES";"DEL01-ES";"UOP01-DEL01-ES"
771201;2026-05-12;"terça-feira";"07:00:00";"RJ";116;179;"MESQUITA";"Velocidade Incompatível";"Queda de ocupante de veículo";"Com Vítimas Feridas";"Amanhecer";"Decrescente";"Céu Claro";"Dupla";"Reta";"Sim";1;0;1;0;0;0;1;1;-22,77531098;-43,40080261;"SPRF-RJ";"DEL06/RJ";"UOP01-DEL06-RJ"
771202;2026-05-12;"terça-feira";"07:02:00";"RJ";40;46,1;"PETROPOLIS";"Velocidade Incompatível";"Colisão lateral mesmo sentido";"Com Vítimas Feridas";"Pleno dia";"Decrescente";"Céu Claro";"Dupla";"Curva";"Sim";2;0;0;1;1;0;1;2;-22,287315;-43,121906;"SPRF-RJ";"DEL05/RJ";"UOP02-DEL05-RJ"
771203;2026-05-12;"terça-feira";"07:10:00";"MA";135;2;"SAO LUIS";"Condutor deixou de manter distância do veículo da frente";"Colisão traseira";"Com Vítimas Feridas";"Pleno dia";"Decrescente";"Céu Claro";"Dupla";"Reta";"Sim";3;0;1;0;2;0;1;2;-2,603747;-44,246145;"SPRF-MA";"DEL01-MA";"UOP01-DEL01-MA"
771204;2026-04-27;"segunda-feira";"06:10:00";"AL";101;138,7;"SAO MIGUEL DOS CAMPOS";"Retorno proibido";"Colisão transversal";"Com Vítimas Feridas";"Pleno dia";"Decrescente";"Céu Claro";"Dupla";"Reta";"Sim";2;0;0;2;0;0;2;2;-9,80185661;-36,11214487;"SPRF-AL";"DEL02-AL";"UOP01-DEL02-AL"
771205;2026-05-11;"segunda-feira";"22:20:00";"RO";364;361;"JI-PARANA";"Ultrapassagem Indevida";"Colisão frontal";"Com Vítimas Feridas";"Plena Noite";"Decrescente";"Céu Claro";"Simples";"Reta";"Não";5;0;0;1;4;0;1;3;-10,77818561;-62,07050801;"SPRF-RO";"DEL02-RO";"UOP01-DEL02-RO"
771207;2026-05-12;"terça-feira";"08:30:00";"PB";230;151;"CAMPINA GRANDE";"Reação tardia ou ineficiente do condutor";"Tombamento";"Com Vítimas Feridas";"Pleno dia";"Decrescente";"Nublado";"Simples";"Reta";"Não";1;0;0;1;0;0;1;1;-7,25662507;-35,87625146;"SPRF-PB";"DEL02-PB";"UOP01-DEL02-PB"
771208;2026-05-12;"terça-feira";"08:20:00";"PR";277;724;"FOZ DO IGUACU";"Manobra de mudança de faixa";"Colisão lateral mesmo sentido";"Com Vítimas Feridas";"Pleno dia";"Crescente";"Céu Claro";"Dupla";"Retorno Regulamentado";"Sim";2;0;1;0;1;0;1;2;-25,499561;-54,531666;"SPRF-PR";"DEL05/PR";"UOP03-DEL05-PR"
771209;2026-05-12;"terça-feira";"08:30:00";"PR";116;96;"SAO JOSE DOS PINHAIS";"Ausência de reação do condutor";"Queda de ocupante de veículo";"Com Vítimas Feridas";"Pleno dia";"Crescente";"Sol";"Dupla";"Reta";"Sim";1;0;1;0;0;0;1;1;-25,544675;-49,150872;"SPRF-PR";"DEL01/PR";"UOP08-DEL01-PR"
771210;2026-05-12;"terça-feira";"07:30:00";"RJ";116;187;"NOVA IGUACU";"Velocidade Incompatível";"Colisão lateral mesmo sentido";"Com Vítimas Feridas";"Pleno dia";"Decrescente";"Céu Claro";"Múltipla";"Reta";"Sim";3;0;1;0;2;0;1;2;-22,73797725;-43,48763913;"SPRF-RJ";"DEL06/RJ";"UOP01-DEL06-RJ"
771211;2026-05-11;"segunda-feira";"21:58:00";"AC";364;689;"CRUZEIRO DO SUL";"Pista esburacada";"Saída de leito carroçável";"Com Vítimas Feridas";"Plena Noite";"Crescente";"Ignorado";"Simples";"Reta";"Não";3;0;1;0;2;0;1;1;-7,791249;-72,049685;"SPRF-AC";"DEL01-AC";"UOP03-DEL01-AC"
771214;2026-05-10;"domingo";"18:40:00";"RS";470;205;"BENTO GONCALVES";"Conversão proibida";"Colisão lateral mesmo sentido";"Sem Vítimas";"Plena Noite";"Crescente";"Céu Claro";"Dupla";"Declive;Reta";"Não";5;0;0;0;3;2;0;2;-29,0886176;-51,55688414;"SPRF-RS";"DEL06/RS";"UOP01-DEL06-RS"
771215;2026-05-12;"terça-feira";"09:20:00";"MG";40;793;"JUIZ DE FORA";"Ausência de reação do condutor";"Saída de leito carroçável";"Com Vítimas Feridas";"Pleno dia";"Crescente";"Nublado";"Dupla";"Reta";"Não";1;0;1;0;0;0;1;1;-21,7785703;-43,42861176;"SPRF-MG";"DEL05/MG";"UOP01-DEL05-MG"
771217;2026-05-12;"terça-feira";"07:30:00";"RJ";101;322;"NITEROI";"Acessar a via sem observar a presença dos outros veículos";"Colisão lateral mesmo sentido";"Com Vítimas Feridas";"Pleno dia";"Crescente";"Céu Claro";"Múltipla";"Ponte";"Sim";2;0;1;0;1;0;1;2;-22,87830418;-43,11464;"SPRF-RJ";"DEL02/RJ";"UOP01-DEL02-RJ"
771218;2026-05-12;"terça-feira";"05:30:00";"RJ";116;177;"SAO JOAO DE MERITI";"Ausência de reação do condutor";"Colisão traseira";"Com Vítimas Feridas";"Amanhecer";"Decrescente";"Céu Claro";"Dupla";"Reta";"Não";1;0;1;0;0;0;1;1;-22,78124624;-43,39101791;"SPRF-RJ";"DEL06/RJ";"UOP01-DEL06-RJ"
771222;2026-04-17;"sexta-feira";"23:55:00";"GO";60;101;"GOIANAPOLIS";"Ausência de reação do condutor";"Colisão traseira";"Com Vítimas Feridas";"Plena Noite";"Decrescente";"Céu Claro";"Dupla";"Reta";"Não";2;0;1;0;1;0;1;2;-16,40875192;-48,98872375;"SPRF-GO";"DEL02/GO";"UOP01-DEL02-GO"
771223;2026-05-12;"terça-feira";"08:10:00";"RS";116;1;"PORTO ALEGRE";"Ausência de reação do condutor";"Colisão lateral mesmo sentido";"Com Vítimas Feridas";"Pleno dia";"Crescente";"Céu Claro";"Dupla";"Reta";"Sim";2;0;1;0;1;0;1;2;-29,984275;-51,1799337;"SPRF-RS";"DEL01/RS";"UOP01-DEL01-RS"
771225;2026-05-12;"terça-feira";"09:30:00";"SP";116;403;"MIRACATU";"Reação tardia ou ineficiente do condutor";"Atropelamento de Pedestre";"Com Vítimas Feridas";"Pleno dia";"Crescente";"Céu Claro";"Dupla";"Reta";"Não";2;0;0;1;1;0;1;2;-24,31548;-47,524803;"SPRF-SP";"DEL04/SP";"UOP02-DEL04-SP"
771227;2026-05-08;"sexta-feira";"19:20:00";"GO";153;512;"HIDROLANDIA";"Ausência de reação do condutor";"Colisão traseira";"Com Vítimas Feridas";"Plena Noite";"Crescente";"Vento";"Dupla";"Reta";"Não";2;0;0;1;1;0;1;2;-16,92172873;-49,25258507;"SPRF-GO";"DEL01/GO";"UOP03-DEL01-GO"