"id";"data_inversa";"dia_semana";"horario";"uf";"br";"km";"municipio";"causa_acidente";"tipo_acidente";"classificacao_acidente";"fase_dia";"sentido_via";"condicao_metereologica";"tipo_pista";"tracado_via";"uso_solo";"pessoas";"mortos";"feridos_leves";"feridos_graves";"ilesos";"ignorados";"feridos";"veiculos";"latitude";"longitude";"regional";"delegacia";"uop"
771228;2026-05-12;"terça-feira";"10:30:00";"ES";101;207,9;"JOAO NEIVA";"Retorno proibido";"Colisão transversal";"Com Vítimas Feridas";"Pleno dia";"Crescente";"Nublado";"Simples";"Reta";"Não";3;0;3;0;0;0;3;2;-19,78039404;-40,3717804;"SPRF-ES";"DEL02-ES";"UOP01-DEL02-ES"
771229;2026-05-12;"terça-feira";"07:20:00";"PR";163;86;"CAPANEMA";"Ausência de reação do condutor";"Colisão traseira";"Com Vítimas Feridas";"Pleno dia";"Crescente";"Céu Claro";"Simples";"Reta";"Sim";2;0;0;1;1;0;1;2;-25,68587243;-53,78974839;"SPRF-PR";"DEL02/PR";"UOP02-DEL02-PR"
771230;2026-05-11;"segunda-feira";"21:00:00";"BA";324;347;"CAPIM GROSSO";"Transitar no Acostamento";"Saída de leito carroçável";"Com Vítimas Feridas";"Plena Noite";"Decrescente";"Céu Claro";"Simples";"Reta";"Não";1;0;0;1;0;0;1;1;-11,37287;-40,00772;"SPRF-BA";"DEL04/BA";"UOP02-DEL04-BA"
771231;2026-05-12;"terça-feira";"09:28:00";"MG";381;493;"BETIM";"Condutor deixou de manter distância do veículo da frente";"Colisão lateral mesmo sentido";"Sem Vítimas";"Pleno dia";"Decrescente";"Céu Claro";"Dupla";"Reta;Aclive";"Sim";2;0;0;0;2;0;0;2;-19,96582079;-44,17667834;"SPRF-MG";"DEL01/MG";"UOP03-DEL01-MG"
771232;2026-05-08;"sexta-feira";"05:30:00";"GO";153;506;"APARECIDA DE GOIANIA";"Ausência de reação do condutor";"Colisão com objeto";"Sem Vítimas";"Amanhecer";"Crescente";"Céu Claro";"Dupla";"Reta";"Não";1;0;0;0;0;1;0;1;-16,756568;-49,241058;"SPRF-GO";"DEL01/GO";"UOP01-DEL01-GO"
771233;2026-05-12;"terça-feira";"06:20:00";"MG";40;0,9;"PARACATU";"Velocidade Incompatível";"Saída de leito carroçável";"Com Vítimas Feridas";"Pleno dia";"Decrescente";"Céu Claro";"Simples";"Reta";"Não";1;0;0;1;0;0;1;1;-17,037917;-47,153178;"SPRF-MG";"DEL14/MG";"UOP01-DEL14-MG"
771234;2026-05-12;"terça-feira";"07:55:00";"SC";282;617;"IRACEMINHA";"Transitar na contramão";"Colisão frontal";"Com Vítimas Feridas";"Pleno dia";"Crescente";"Céu Claro";"Simples";"Curva";"Não";4;0;2;0;2;0;2;2;-26,783146;-53,288056;"SPRF-SC";"DEL07/SC";"UOP02-DEL07-SC"
771235;2026-05-12;"terça-feira";"08:55:00";"RO";364;199,5;"PIMENTA BUENO";"Demais falhas mecânicas ou elétricas";"Colisão transversal";"Com Vítimas Feridas";"Pleno dia";"Crescente";"Sol";"Simples";"Rotatória";"Sim";2;0;1;0;1;0;1;2;-11,65754;-61,191492;"SPRF-RO";"DEL02-RO";"UOP02-DEL02-RO"
771238;2026-05-12;"terça-feira";"11:20:00";"MG";40;266,9;"SAO GONCALO DO ABAETE";"Reação tardia ou ineficiente do condutor";"Saída de leito carroçável";"Com Vítimas Feridas";"Pleno dia";"Crescente";"Céu Claro";"Simples";"Curva";"Não";1;0;1;0;0;0;1;1;-18,16564;-45,29728;"SPRF-MG";"DEL14/MG";"UOP02-DEL14-MG"
771240;2026-05-12;"terça-feira";"08:30:00";"PE";101;60;"RECIFE";"Reação tardia ou ineficiente do condutor";"Engavetamento";"Com Vítimas Feridas";"Pleno dia";"Decrescente";"Céu Claro";"Dupla";"Aclive;Reta";"Sim";3;0;1;0;2;0;1;3;-7,987873;-34,9336;"SPRF-PE";"DEL01/PE";"UOP02-DEL01-PE"
771241;2026-04-07;"terça-feira";"17:45:00";"PI";407;470;"JAICOS";"Demais falhas mecânicas ou elétricas";"Incêndio";"Sem Vítimas";"Anoitecer";"Crescente";"Céu Claro";"Simples";"Reta;Aclive";"Não";1;0;0;0;1;0;0;1;-7,42777348;-41,20296617;"SPRF-PI";"DEL04-PI";"UOP01-DEL04-PI"
771242;2026-05-08;"sexta-feira";"03:00:00";"MG";381;865;"POUSO ALEGRE";"Reação tardia ou ineficiente do condutor";"Saída de leito carroçável";"Com Vítimas Feridas";"Plena Noite";"Crescente";"Nublado";"Dupla";"Reta;Aclive";"Não";1;0;1;0;0;0;1;1;-22,36242922;-45,93397737;"SPRF-MG";"DEL16/MG";"UOP01-DEL16-MG"
771243;2026-05-12;"terça-feira";"08:30:00";"RJ";101;151,9;"MACAE";"Demais falhas mecânicas ou elétricas";"Queda de ocupante de veículo";"Com Vítimas Feridas";"Pleno dia";"Decrescente";"Ignorado";"Simples";"Reta";"Não";2;0;1;1;0;0;2;1;-22,24914194;-41,81461558;"SPRF-RJ";"DEL08/RJ";"UOP04-DEL08-RJ"
771245;2026-04-07;"terça-feira";"05:40:00";"TO";153;190;"NOVA OLINDA";"Deficiência do Sistema de Iluminação/Sinalização";"Colisão traseira";"Com Vítimas Feridas";"Amanhecer";"Decrescente";"Ignorado";"Simples";"Reta";"Não";1;0;0;1;0;0;1;1;-7,56019313;-48,42004649;"SPRF-TO";"DEL02-TO";"UOP01-DEL02-TO"
771246;2026-05-12;"terça-feira";"12:30:00";"SC";101;214;"PALHOCA";"Manobra de mudança de faixa";"Colisão lateral mesmo sentido";"Com Vítimas Feridas";"Pleno dia";"Decrescente";"Céu Claro";"Dupla";"Reta";"Não";2;0;0;1;1;0;1;2;-27,650677;-48,674872;"SPRF-SC";"DEL01/SC";"UOP02-DEL01-SC"
771247;2026-05-12;"terça-feira";"12:00:00";"PR";376;619,8;"SAO JOSE DOS PINHAIS";"Condutor deixou de manter distância do veículo da frente";"Colisão lateral mesmo sentido";"Com Vítimas Feridas";"Pleno dia";"Crescente";"Céu Claro";"Múltipla";"Reta";"Sim";2;0;1;0;0;1;1;2;-25,61511;-49,170418;"SPRF-PR";"DEL01/PR";"UOP04-DEL01-PR"
771248;2026-05-12;"terça-feira";"11:50:00";"PB";230;20;"JOAO PESSOA";"Ausência de reação do condutor";"Tombamento";"Com Vítimas Feridas";"Pleno dia";"Decrescente";"Chuva";"Dupla";"Reta";"Não";2;0;2;0;0;0;2;1;-7,136847;-34,854;"SPRF-PB";"DEL01-PB";"UOP01-DEL01-PB"
771251;2026-04-28;"terça-feira";"11:45:00";"SC";282;580;"PINHALZINHO";"Condutor deixou de manter distância do veículo da frente";"Colisão traseira";"Com Vítimas Feridas";"Pleno dia";"Decrescente";"Céu Claro";"Simples";"Reta";"Sim";2;0;1;0;1;0;1;2;-26,836677;-52,988268;"SPRF-SC";"DEL07/SC";"UOP02-DEL07-SC"
771255;2026-04-26;"domingo";"12:10:00";"SC";101;153;"PORTO BELO";"Velocidade Incompatível";"Saída de leito carroçável";"Com Vítimas Feridas";"Pleno dia";"Crescente";"Garoa/Chuvisco";"Dupla";"Reta";"Não";1;0;1;0;0;0;1;1;-27,13830225;-48,61029021;"SPRF-SC";"DEL04/SC";"UOP03-DEL04-SC"
771257;2026-02-09;"segunda-feira";"15:05:00";"SP";116;446;"REGISTRO";"Ausência de reação do condutor";"Saída de leito carroçável";"Com Vítimas Feridas";"Pleno dia";"Crescente";"Céu Claro";"Dupla";"Reta";"Sim";3;0;1;0;2;0;1;1;-24,5086991;-47,8485713;"SPRF-SP";"DEL05/SP";"UOP01-DEL05-SP"
771258;2026-05-12;"terça-feira";"08:00:00";"SC";480;128;"CHAPECO";"Condutor deixou de manter distância do veículo da frente";"Colisão traseira";"Com Vítimas Feridas";"Pleno dia";"Crescente";"Céu Claro";"Simples";"Reta";"Não";2;0;1;0;1;0;1;2;-27,03408082;-52,63375998;"SPRF-SC";"DEL07/SC";"UOP01-DEL07-SC"
771262;2026-05-04;"segunda-feira";"15:25:00";"RS";285;510,3;"VITORIA DAS MISSOES";"Avarias e/ou desgaste excessivo no pneu";"Tombamento";"Com Vítimas Feridas";"Pleno dia";"Decrescente";"Nublado";"Simples";"Curva";"Não";1;0;0;1;0;0;1;1;-28,397046;-54,379642;"SPRF-RS";"DEL10/RS";"UOP01-DEL10-RS"
771264;2026-05-12;"terça-feira";"13:00:00";"GO";60;122;"TEREZOPOLIS DE GOIAS";"Reação tardia ou ineficiente do condutor";"Atropelamento de Pedestre";"Com Vítimas Fatais";"Pleno dia";"Decrescente";"Céu Claro";"Dupla";"Reta";"Não";2;1;0;0;1;0;0;2;-16,502591;-49,11128998;"SPRF-GO";"DEL01/GO";"UOP01-DEL01-GO"
771266;2026-05-12;"terça-feira";"14:20:00";"RJ";101;70;"CAMPOS DOS GOYTACAZES";"Acessar a via sem observar a presença dos outros veículos";"Colisão transversal";"Com Vítimas Feridas";"Pleno dia";"Crescente";"Céu Claro";"Simples";"Reta";"Sim";3;0;2;0;1;0;2;2;-21,786592;-41,382917;"SPRF-RJ";"DEL08/RJ";"UOP02-DEL08-RJ"
771268;2026-03-02;"segunda-feira";"06:50:00";"ES";101;396;"RIO NOVO DO SUL";"Condutor deixou de manter distância do veículo da frente";"Colisão traseira";"Com Vítimas Feridas";"Pleno dia";"Crescente";"Sol";"Simples";"Reta";"Sim";2;0;0;1;1;0;1;2;-20,8716287;-40,9469565;"SPRF-ES";"DEL03-ES";"UOP02-DEL03-ES"
771270;2026-05-12;"terça-feira";"07:30:00";"SP";101;43,1;"UBATUBA";"Acesso irregular";"Colisão com objeto";"Sem Vítimas";"Pleno dia";"Crescente";"Céu Claro";"Simples";"Curva";"Não";1;0;0;0;0;1;0;1;-23,40851892;-45,06150305;"SPRF-SP";"DEL06/SP";"UOP01-DEL06-SP"
771272;2026-04-06;"segunda-feira";"19:50:00";"GO";70;315;"JUSSARA";"Acessar a via sem observar a presença dos outros veículos";"Colisão traseira";"Com Vítimas Feridas";"Plena Noite";"Crescente";"Nublado";"Dupla";"Reta";"Sim";2;0;0;1;1;0;1;2;-15,87486898;-50,8381176;"SPRF-GO";"DEL04/GO";"UOP02-DEL04-GO"
771273;2026-05-12;"terça-feira";"12:00:00";"PE";101;96;"CABO DE SANTO AGOSTINHO";"Acumulo de água sobre o pavimento";"Saída de leito carroçável";"Sem Vítimas";"Pleno dia";"Decrescente";"Chuva";"Dupla";"Curva";"Não";1;0;0;0;1;0;0;1;-8,25133021;-35,02398491;"SPRF-PE";"DEL01/PE";"UOP03-DEL01-PE"
771274;2026-05-12;"terça-feira";"15:15:00";"SC";101;148;"ITAPEMA";"Ausência de reação do condutor";"Colisão traseira";"Com Vítimas Feridas";"Pleno dia";"Crescente";"Céu Claro";"Dupla";"Reta";"Sim";3;0;3;0;0;0;3;2;-27,0947286;-48,61840423;"SPRF-SC";"DEL04/SC";"UOP03-DEL04-SC"
771275;2026-05-12;"terça-feira";"08:00:00";"CE";116;49;"PACAJUS";"Retorno proibido";"Colisão transversal";"Com Vítimas Feridas";"Pleno dia";"Decrescente";"Céu Claro";"Múltipla";"Reta";"Sim";4;0;1;1;0;2;2;2;-4,17209;-38,492961;"SPRF-CE";"DEL01/CE";"UOP02-DEL01-CE"
771277;2026-05-12;"terça-feira";"16:00:00";"SC";101;121;"ITAJAI";"Ausência de reação do condutor";"Tombamento";"Com Vítimas Feridas";"Pleno dia";"Crescente";"Sol";"Múltipla";"Viaduto;Curva";"Sim";1;0;1;0;0;0;1;1;-26,9193415;-48,70930974;"SPRF-SC";"DEL04/SC";"UOP04-DEL04-SC"
771278;2026-03-13;"sexta-feira";"12:20:00";"BA";101;365;"GANDU";"Ausência de reação do condutor";"Colisão traseira";"Com Vítimas Feridas";"Pleno dia";"Decrescente";"Sol";"Simples";"Reta";"Sim";3;0;1;0;2;0;1;2;-13,7426011;-39,48230839;"SPRF-BA";"DEL05/BA";"UOP03-DEL05-BA"
771279;2026-05-12;"terça-feira";"14:50:00";"RS";116;266;"CANOAS";"Acessar a via sem observar a presença dos outros veículos";"Colisão lateral mesmo sentido";"Com Vítimas Feridas";"Pleno dia";"Decrescente";"Céu Claro";"Múltipla";"Reta";"Sim";2;0;1;0;1;0;1;2;-29,94600171;-51,17681176;"SPRF-RS";"DEL01/RS";"UOP01-DEL01-RS"
771281;2026-05-12;"terça-feira";"15:50:00";"PR";376;120;"ALTO PARANA";"Demais falhas mecânicas ou elétricas";"Incêndio";"Com Vítimas Feridas";"Pleno dia";"Crescente";"Céu Claro";"Dupla";"Aclive;Reta";"Não";1;0;1;0;0;0;1;1;-23,11696557;-52,32309278;"SPRF-PR";"DEL09/PR";"UOP02-DEL09-PR"
771282;2026-05-12;"terça-feira";"16:20:00";"ES";101;10;"PEDRO CANARIO";"Demais falhas mecânicas ou elétricas";"Queda de ocupante de veículo";"Com Vítimas Feridas";"Anoitecer";"Crescente";"Céu Claro";"Simples";"Reta";"Não";2;0;2;0;0;0;2;1;-18,24415637;-39,9542683;"SPRF-ES";"DEL04-ES";"UOP02-DEL04-ES"
771285;2026-05-12;"terça-feira";"16:00:00";"AL";316;251;"PILAR";"Conversão proibida";"Colisão frontal";"Com Vítimas Fatais";"Pleno dia";"Decrescente";"Céu Claro";"Simples";"Rotatória;Viaduto";"Não";2;1;0;1;0;0;1;2;-9,566258;-35,969563;"SPRF-AL";"DEL01-AL";"UOP01-DEL01-AL"
771287;2026-05-12;"terça-feira";"13:00:00";"MG";116;688,9;"MURIAE";"Demais falhas mecânicas ou elétricas";"Incêndio";"Sem Vítimas";"Pleno dia";"Decrescente";"Nublado";"Simples";"Curva;Aclive";"Não";1;0;0;0;1;0;0;1;-21,00865898;-42,36081496;"SPRF-MG";"DEL07/MG";"UOP02-DEL07-MG"
771288;2026-05-12;"terça-feira";"14:45:00";"MT";163;117;"RONDONOPOLIS";"Transtornos Mentais (exceto suicidio)";"Queda de ocupante de veículo";"Com Vítimas Feridas";"Pleno dia";"Decrescente";"Céu Claro";"Dupla";"Reta";"Não";2;0;1;0;1;0;1;1;-16,51660588;-54,65651957;"SPRF-MT";"DEL02/MT";"UOP01-DEL02-MT"
771289;2026-05-12;"terça-feira";"16:00:00";"PE";101;88,2;"JABOATAO DOS GUARARAPES";"Ausência de reação do condutor";"Colisão lateral mesmo sentido";"Com Vítimas Feridas";"Pleno dia";"Decrescente";"Nublado";"Dupla";"Reta";"Sim";2;0;1;0;1;0;1;2;-8,20181;-34,97986;"SPRF-PE";"DEL01/PE";"UOP01-DEL01-PE"
771290;2026-05-12;"terça-feira";"15:45:00";"PR";272;431;"GOIOERE";"Frear bruscamente";"Colisão transversal";"Com Vítimas Feridas";"Pleno dia";"Crescente";"Céu Claro";"Simples";"Reta";"Sim";3;0;0;1;0;2;1;3;-24,18924965;-52,97340123;"SPRF-PR";"DEL09/PR";"UOP03-DEL09-PR"
771291;2026-05-12;"terça-feira";"14:30:00";"PR";376;9,5;"MARINGA";"Velocidade Incompatível";"Colisão traseira";"Com Vítimas Feridas";"Pleno dia";"Decrescente";"Céu Claro";"Múltipla";"Viaduto";"Não";2;0;0;1;1;0;1;2;-23,38029052;-51,91270936;"SPRF-PR";"DEL09/PR";"UOP01-DEL09-PR"
771292;2026-05-12;"terça-feira";"15:30:00";"MG";381;483,5;"BETIM";"Objeto estático sobre o leito carroçável";"Eventos atípicos";"Sem Vítimas";"Pleno dia";"Decrescente";"Céu Claro";"Dupla";"Aclive;Reta";"Sim";3;0;0;0;2;1;0;2;-19,95969969;-44,08649895;"SPRF-MG";"DEL01/MG";"UOP03-DEL01-MG"
771293;2026-05-12;"terça-feira";"16:50:00";"RJ";116;284;"BARRA MANSA";"Condutor deixou de manter distância do veículo da frente";"Colisão traseira";"Com Vítimas Feridas";"Pleno dia";"Decrescente";"Céu Claro";"Dupla";"Reta;Aclive";"Não";2;0;1;0;1;0;1;2;-22,51855313;-44,20751452;"SPRF-RJ";"DEL07/RJ";"UOP02-DEL07-RJ"
771295;2026-05-12;"terça-feira";"13:20:00";"MS";60;426;"SIDROLANDIA";"Reação tardia ou ineficiente do condutor";"Atropelamento de Pedestre";"Com Vítimas Feridas";"Pleno dia";"Crescente";"Céu Claro";"Dupla";"Reta;Interseção de Vias";"Sim";2;0;1;1;0;0;2;2;-20,934249;-54,960436;"SPRF-MS";"DEL01/MS";"UOP04-DEL01-MS"
771297;2026-05-12;"terça-feira";"17:20:00";"TO";153;513;"PUGMIL";"Demais falhas mecânicas ou elétricas";"Colisão com objeto";"Sem Vítimas";"Pleno dia";"Crescente";"Céu Claro";"Simples";"Reta;Ponte";"Não";2;0;0;0;2;0;0;1;-10,31603;-48,88596;"SPRF-TO";"DEL01-TO";"UOP01-DEL01-TO"
771299;2026-05-12;"terça-feira";"16:00:00";"RJ";101;438;"MANGARATIBA";"Acessar a via sem observar a presença dos outros veículos";"Colisão transversal";"Com Vítimas Feridas";"Pleno dia";"Crescente";"Céu Claro";"Simples";"Reta";"Sim";3;0;3;0;0;0;3;2;-22,950995;-44,078805;"SPRF-RJ";"DEL03/RJ";"UOP02-DEL03-RJ"
771300;2026-05-12;"terça-feira";"17:20:00";"PR";376;594,9;"CURITIBA";"Trafegar com motocicleta (ou similar) entre as faixas";"Colisão lateral mesmo sentido";"Com Vítimas Feridas";"Pleno dia";"Decrescente";"Céu Claro";"Dupla";"Aclive;Reta";"Sim";2;0;1;0;0;1;1;2;-25,4607788;-49,3586352;"SPRF-PR";"DEL01/PR";"UOP03-DEL01-PR"
771301;2026-05-12;"terça-feira";"14:56:00";"RJ";101;323;"NITEROI";"Manobra de mudança de faixa";"Engavetamento";"Com Vítimas Feridas";"Pleno dia";"Crescente";"Céu Claro";"Múltipla";"Reta;Ponte;Aclive";"Não";5;0;1;0;3;1;1;5;-22,873683;-43,12769833;"SPRF-RJ";"DEL02/RJ";"UOP01-DEL02-RJ"
771302;2026-05-12;"terça-feira";"18:10:00";"MG";40;526,9;"CONTAGEM";"Manobra de mudança de faixa";"Tombamento";"Com Vítimas Feridas";"Anoitecer";"Decrescente";"Chuva";"Dupla";"Curva;Aclive";"Sim";2;0;2;0;0;0;2;1;-19,902951;-44,04913;"SPRF-MG";"DEL01/MG";"UOP02-DEL01-MG"
771303;2026-05-12;"terça-feira";"15:28:00";"RO";364;11;"VILHENA";"Problema com o freio";"Tombamento";"Com Vítimas Feridas";"Pleno dia";"Decrescente";"Céu Claro";"Simples";"Reta";"Sim";1;0;1;0;0;0;1;1;-12,76046148;-60,09823948;"SPRF-RO";"DEL04-RO";"UOP01-DEL04-RO"
771304;2026-05-12;"terça-feira";"11:30:00";"RO";435;121,2;"CEREJEIRAS";"Acessar a via sem observar a presença dos outros veículos";"Colisão transversal";"Com Vítimas Feridas";"Pleno dia";"Crescente";"Céu Claro";"Dupla";"Reta";"Sim";2;0;1;0;1;0;1;2;-13,18727571;-60,79882331;"SPRF-RO";"DEL04-RO";"UOP02-DEL04-RO"
771305;2026-05-12;"terça-feira";"14:10:00";"SP";116;186;"SANTA ISABEL";"Acumulo de areia ou detritos sobre o pavimento";"Tombamento";"Com Vítimas Feridas";"Pleno dia";"Decrescente";"Céu Claro";"Dupla";"Curva;Aclive;Retorno Regulamentado";"Não";2;0;0;1;1;0;1;1;-23,3522;-46,1991;"SPRF-SP";"DEL01/SP";"UOP01-DEL01-SP"
771306;2026-05-12;"terça-feira";"16:10:00";"MT";174;184;"PORTO ESPERIDIAO";"Acessar a via sem observar a presença dos outros veículos";"Saída de leito carroçável";"Com Vítimas Feridas";"Pleno dia";"Crescente";"Céu Claro";"Simples";"Interseção de Vias;Em Obras";"Sim";5;0;3;1;1;0;4;1;-15,85089194;-58,47014168;"SPRF-MT";"DEL03/MT";"UOP01-DEL03-MT"
771308;2026-05-12;"terça-feira";"17:30:00";"RJ";101;474;"ANGRA DOS REIS";"Condutor deixou de manter distância do veículo da frente";"Colisão traseira";"Com Vítimas Feridas";"Anoitecer";"Decrescente";"Céu Claro";"Simples";"Reta";"Não";2;0;1;0;1;0;1;2;-22,9293528;-44,37927629;"SPRF-RJ";"DEL03/RJ";"UOP03-DEL03-RJ"
771311;2026-05-12;"terça-feira";"18:15:00";"SC";101;3,3;"ARARANGUA";"Condutor deixou de manter distância do veículo da frente";"Colisão traseira";"Com Vítimas Feridas";"Anoitecer";"Crescente";"Céu Claro";"Simples";"Reta";"Sim";2;0;1;0;0;1;1;2;-28,94751323;-49,50549809;"SPRF-SC";"DEL02/SC";"UOP02-DEL02-SC"
771312;2026-05-12;"terça-feira";"18:30:00";"RS";116;264;"CANOAS";"Manobra de mudança de faixa";"Colisão lateral mesmo sentido";"Com Vítimas Feridas";"Plena Noite";"Crescente";"Céu Claro";"Múltipla";"Curva";"Sim";2;0;0;1;1;0;1;2;-29,91415964;-51,17764084;"SPRF-RS";"DEL01/RS";"UOP01-DEL01-RS"
771313;2026-05-12;"terça-feira";"18:15:00";"SC";101;207;"SAO JOSE";"Condutor deixou de manter distância do veículo da frente";"Colisão traseira";"Com Vítimas Feridas";"Plena Noite";"Crescente";"Céu Claro";"Dupla";"Reta";"Sim";2;0;1;0;0;1;1;2;-27,60460599;-48,63355637;"SPRF-SC";"DEL01/SC";"UOP01-DEL01-SC"
771314;2026-05-12;"terça-feira";"19:00:00";"RJ";465;18;"NOVA IGUACU";"Transitar na contramão";"Colisão frontal";"Com Vítimas Feridas";"Plena Noite";"Crescente";"Céu Claro";"Simples";"Reta";"Não";2;0;1;0;1;0;1;2;-22,8238232;-43,61974664;"SPRF-RJ";"DEL06/RJ";"UOP02-DEL06-RJ"
771315;2026-05-12;"terça-feira";"19:30:00";"MG";381;493;"BETIM";"Ultrapassagem Indevida";"Colisão lateral mesmo sentido";"Com Vítimas Feridas";"Plena Noite";"Crescente";"Céu Claro";"Múltipla";"Reta";"Sim";3;0;1;0;2;0;1;2;-19,96403185;-44,17137659;"SPRF-MG";"DEL01/MG";"UOP03-DEL01-MG"
771317;2026-05-12;"terça-feira";"17:25:00";"RO";364;757;"PORTO VELHO";"Demais falhas mecânicas ou elétricas";"Incêndio";"Sem Vítimas";"Anoitecer";"Decrescente";"Céu Claro";"Simples";"Reta";"Não";1;0;0;0;1;0;0;1;-9,08540062;-64,07874584;"SPRF-RO";"DEL01-RO";"UOP02-DEL01-RO"
771320;2026-05-12;"terça-feira";"18:30:00";"SP";116;326,4;"JUQUITIBA";"Pedestre andava na pista";"Atropelamento de Pedestre";"Com Vítimas Feridas";"Plena Noite";"Decrescente";"Nublado";"Dupla";"Reta";"Sim";3;0;2;0;1;0;2;2;-23,9366152;-47,06746507;"SPRF-SP";"DEL04/SP";"UOP03-DEL04-SP"
771321;2026-05-12;"terça-feira";"16:00:00";"SC";101;329;"CAPIVARI DE BAIXO";"Acessar a via sem observar a presença dos outros veículos";"Tombamento";"Com Vítimas Feridas";"Pleno dia";"Crescente";"Céu Claro";"Múltipla";"Curva;Ponte;Declive";"Sim";1;0;1;0;0;0;1;1;-28,44940805;-48,97051558;"SPRF-SC";"DEL02/SC";"UOP01-DEL02-SC"
771322;2026-05-12;"terça-feira";"18:20:00";"RS";290;94;"PORTO ALEGRE";"Reação tardia ou ineficiente do condutor";"Colisão com objeto";"Com Vítimas Feridas";"Plena Noite";"Decrescente";"Céu Claro";"Dupla";"Reta";"Sim";2;0;2;0;0;0;2;1;-29,97547266;-51,19914521;"SPRF-RS";"DEL01/RS";"UOP01-DEL01-RS"
771324;2026-05-12;"terça-feira";"19:40:00";"DF";70;14;"BRASILIA";"Acessar a via sem observar a presença dos outros veículos";"Colisão traseira";"Com Vítimas Feridas";"Plena Noite";"Decrescente";"Céu Claro";"Dupla";"Reta";"Não";3;0;1;0;1;1;1;3;-15,79902237;-48,18265557;"SPRF-DF";"DEL03-DF";"UOP02-DEL03-DF"
771325;2026-05-12;"terça-feira";"18:15:00";"RJ";465;22;"RIO DE JANEIRO";"Transitar na contramão";"Colisão frontal";"Com Vítimas Feridas";"Plena Noite";"Crescente";"Céu Claro";"Dupla";"Reta";"Sim";2;0;1;1;0;0;2;2;-22,86412394;-43,60123571;"SPRF-RJ";"DEL03/RJ";"UOP01-DEL03-RJ"
771326;2026-05-12;"terça-feira";"20:00:00";"PB";230;22;"JOAO PESSOA";"Manobra de mudança de faixa";"Colisão lateral mesmo sentido";"Com Vítimas Feridas";"Plena Noite";"Decrescente";"Chuva";"Dupla";"Reta";"Sim";2;0;1;0;0;1;1;2;-7,1652;-34,8519;"SPRF-PB";"DEL01-PB";"UOP01-DEL01-PB"
771328;2026-05-12;"terça-feira";"19:20:00";"SC";470;123,8;"IBIRAMA";"Pedestre andava na pista";"Atropelamento de Pedestre";"Com Vítimas Feridas";"Plena Noite";"Crescente";"Céu Claro";"Simples";"Aclive";"Não";2;0;1;0;1;0;1;2;-27,11492709;-49,53176849;"SPRF-SC";"DEL04/SC";"UOP02-DEL04-SC"
771329;2026-05-12;"terça-feira";"18:41:00";"RN";101;103,7;"PARNAMIRIM";"Condutor Dormindo";"Colisão com objeto";"Com Vítimas Feridas";"Plena Noite";"Crescente";"Garoa/Chuvisco";"Dupla";"Curva;Viaduto";"Sim";2;0;1;1;0;0;2;1;-5,891118;-35,2539;"SPRF-RN";"DEL01-RN";"UOP01-DEL01-RN"
771330;2026-05-12;"terça-feira";"17:45:00";"MA";230;0,8;"BARAO DE GRAJAU";"Ausência de reação do condutor";"Tombamento";"Com Vítimas Feridas";"Pleno dia";"Decrescente";"Céu Claro";"Simples";"Curva";"Sim";2;0;1;0;1;0;1;2;-6,755383;-43,014237;"SPRF-PI";"DEL03-PI";"UOP01-DEL03-PI"
771331;2026-05-12;"terça-feira";"20:40:00";"GO";60;210;"VARJAO";"Ausência de reação do condutor";"Saída de leito carroçável";"Sem Vítimas";"Plena Noite";"Decrescente";"Céu Claro";"Dupla";"Reta";"Não";1;0;0;0;1;0;0;1;-16,95262735;-49,68459606;"SPRF-GO";"DEL01/GO";"UOP02-DEL01-GO"
771332;2026-05-12;"terça-feira";"18:50:00";"MG";116;572;"MANHUACU";"Acessar a via sem observar a presença dos outros veículos";"Colisão transversal";"Com Vítimas Feridas";"Plena Noite";"Crescente";"Céu Claro";"Simples";"Declive";"Não";2;0;1;0;1;0;1;2;-20,13079;-42,1779;"SPRF-MG";"DEL06/MG";"UOP03-DEL06-MG"
771334;2026-05-12;"terça-feira";"19:00:00";"PE";101;44,2;"IGARASSU";"Acessar a via sem observar a presença dos outros veículos";"Colisão transversal";"Com Vítimas Feridas";"Plena Noite";"Crescente";"Chuva";"Múltipla";"Reta;Retorno Regulamentado";"Sim";2;0;1;0;1;0;1;2;-7,85591012;-34,9084944;"SPRF-PE";"DEL01/PE";"UOP02-DEL01-PE"
771335;2026-05-12;"terça-feira";"17:59:00";"RN";101;73;"NATAL";"Desrespeitar a preferência no cruzamento";"Colisão transversal";"Com Vítimas Feridas";"Anoitecer";"Decrescente";"Nublado";"Simples";"Reta;Interseção de Vias";"Não";3;0;0;1;2;0;1;2;-5,704522;-35,265733;"SPRF-RN";"DEL02-RN";"UOP01-DEL02-RN"
771336;2026-05-12;"terça-feira";"19:58:00";"MS";463;2;"DOURADOS";"Iluminação deficiente";"Colisão traseira";"Com Vítimas Fatais";"Plena Noite";"Crescente";"Céu Claro";"Simples";"Declive";"Sim";2;1;0;0;0;1;0;2;-22,25903413;-54,81044447;"SPRF-MS";"DEL04/MS";"UOP01-DEL04-MS"