"id";"data_inversa";"dia_semana";"horario";"uf";"br";"km";"municipio";"causa_acidente";"tipo_acidente";"classificacao_acidente";"fase_dia";"sentido_via";"condicao_metereologica";"tipo_pista";"tracado_via";"uso_solo";"pessoas";"mortos";"feridos_leves";"feridos_graves";"ilesos";"ignorados";"feridos";"veiculos";"latitude";"longitude";"regional";"delegacia";"uop"
771338;2026-05-12;"terça-feira";"19:28:00";"TO";153;352,9;"FORTALEZA DO TABOCAO";"Transitar na contramão";"Colisão frontal";"Com Vítimas Fatais";"Plena Noite";"Crescente";"Céu Claro";"Simples";"Aclive";"Não";6;1;3;2;0;0;5;3;-9,000915;-48,501195;"SPRF-TO";"DEL02-TO";"UOP02-DEL02-TO"
771341;2026-05-12;"terça-feira";"19:30:00";"PB";104;137;"QUEIMADAS";"Ausência de reação do condutor";"Colisão traseira";"Sem Vítimas";"Plena Noite";"Crescente";"Chuva";"Simples";"Reta";"Sim";2;0;0;0;2;0;0;2;-7,344628;-35,90012;"SPRF-PB";"DEL02-PB";"UOP03-DEL02-PB"
771342;2026-05-12;"terça-feira";"18:42:00";"SC";163;73,3;"SAO MIGUEL DO OESTE";"Ingestão de álcool pelo condutor";"Saída de leito carroçável";"Sem Vítimas";"Plena Noite";"Decrescente";"Céu Claro";"Simples";"Reta";"Não";1;0;0;0;1;0;0;1;-26,70226709;-53,51359874;"SPRF-SC";"DEL07/SC";"UOP03-DEL07-SC"
771344;2026-05-12;"terça-feira";"19:50:00";"ES";262;162,2;"IBATIBA";"Ultrapassagem Indevida";"Colisão lateral sentido oposto";"Com Vítimas Feridas";"Plena Noite";"Decrescente";"Nublado";"Simples";"Curva";"Não";2;0;0;1;1;0;1;2;-20,2371571;-41,5328452;"SPRF-ES";"DEL01-ES";"UOP02-DEL01-ES"
771345;2026-05-12;"terça-feira";"14:45:00";"PA";155;343,9;"MARABA";"Reação tardia ou ineficiente do condutor";"Colisão lateral mesmo sentido";"Com Vítimas Feridas";"Pleno dia";"Crescente";"Céu Claro";"Simples";"Interseção de Vias";"Sim";2;0;1;0;0;1;1;2;-5,362185;-49,07863;"SPRF-PA";"DEL03/PA";"UOP01-DEL03-PA"
771346;2026-05-12;"terça-feira";"18:10:00";"BA";116;518;"ITATIM";"Animais na Pista";"Atropelamento de Animal";"Sem Vítimas";"Anoitecer";"Decrescente";"Céu Claro";"Simples";"Reta";"Sim";3;0;0;0;3;0;0;1;-12,7011017;-39,7140133;"SPRF-BA";"DEL03/BA";"UOP02-DEL03-BA"
771347;2026-05-12;"terça-feira";"19:10:00";"RS";470;227;"GARIBALDI";"Transitar na contramão";"Colisão frontal";"Com Vítimas Feridas";"Plena Noite";"Crescente";"Céu Claro";"Simples";"Reta;Declive";"Não";4;0;3;0;0;1;3;3;-29,26168266;-51,50621295;"SPRF-RS";"DEL06/RS";"UOP01-DEL06-RS"
771348;2026-05-12;"terça-feira";"21:13:00";"RN";101;84,8;"NATAL";"Reação tardia ou ineficiente do condutor";"Tombamento";"Com Vítimas Feridas";"Plena Noite";"Decrescente";"Chuva";"Múltipla";"Viaduto;Em Obras;Desvio Temporário";"Sim";2;0;0;1;1;0;1;2;-5,77596841;-35,25243251;"SPRF-RN";"DEL02-RN";"UOP01-DEL02-RN"
771349;2026-05-12;"terça-feira";"20:30:00";"MG";116;415,3;"GOVERNADOR VALADARES";"Acessar a via sem observar a presença dos outros veículos";"Colisão transversal";"Com Vítimas Feridas";"Plena Noite";"Crescente";"Céu Claro";"Simples";"Retorno Regulamentado";"Sim";2;0;1;0;1;0;1;2;-18,90043999;-41,94580078;"SPRF-MG";"DEL06/MG";"UOP01-DEL06-MG"
771351;2026-05-12;"terça-feira";"18:50:00";"PR";369;54;"BANDEIRANTES";"Acessar a via sem observar a presença dos outros veículos";"Colisão frontal";"Com Vítimas Feridas";"Plena Noite";"Decrescente";"Céu Claro";"Simples";"Reta";"Sim";3;0;2;0;1;0;2;2;-23,10534936;-50,36100093;"SPRF-PR";"DEL07/PR";"UOP05-DEL07-PR"
771353;2026-05-12;"terça-feira";"15:15:00";"RJ";101;322;"NITEROI";"Manobra de mudança de faixa";"Colisão lateral mesmo sentido";"Sem Vítimas";"Pleno dia";"Crescente";"Céu Claro";"Dupla";"Reta";"Não";2;0;0;0;2;0;0;2;-22,87943269;-43,11401903;"SPRF-RJ";"DEL02/RJ";"UOP01-DEL02-RJ"
771355;2026-05-12;"terça-feira";"21:07:00";"MS";436;6,9;"APARECIDA DO TABOADO";"Acessar a via sem observar a presença dos outros veículos";"Colisão traseira";"Com Vítimas Fatais";"Plena Noite";"Crescente";"Céu Claro";"Simples";"Reta";"Não";4;1;0;0;3;0;0;2;-20,10875067;-51,08996416;"SPRF-MS";"DEL08/MS";"UOP01-DEL08-MS"
771357;2026-05-12;"terça-feira";"17:43:00";"AC";364;122;"RIO BRANCO";"Pista esburacada";"Tombamento";"Com Vítimas Feridas";"Anoitecer";"Decrescente";"Céu Claro";"Dupla";"Reta";"Sim";2;0;0;1;0;1;1;2;-10,01184;-67,78229;"SPRF-AC";"DEL01-AC";"UOP01-DEL01-AC"
771358;2026-05-12;"terça-feira";"18:20:00";"RS";386;41,2;"FREDERICO WESTPHALEN";"Ausência de reação do condutor";"Colisão traseira";"Com Vítimas Feridas";"Anoitecer";"Crescente";"Céu Claro";"Simples";"Reta";"Sim";2;0;1;0;1;0;1;2;-27,41392689;-53,41663711;"SPRF-RS";"DEL08/RS";"UOP02-DEL08-RS"
771359;2026-05-12;"terça-feira";"22:00:00";"ES";101;92;"JAGUARE";"Reação tardia ou ineficiente do condutor";"Saída de leito carroçável";"Sem Vítimas";"Plena Noite";"Decrescente";"Céu Claro";"Simples";"Reta";"Sim";1;0;0;0;1;0;0;1;-18,909314;-39,961978;"SPRF-ES";"DEL04-ES";"UOP02-DEL04-ES"
771360;2026-05-12;"terça-feira";"22:20:00";"SC";101;205;"SAO JOSE";"Demais falhas mecânicas ou elétricas";"Queda de ocupante de veículo";"Com Vítimas Feridas";"Plena Noite";"Decrescente";"Céu Claro";"Múltipla";"Reta";"Sim";1;0;1;0;0;0;1;1;-27,59061001;-48,6182785;"SPRF-SC";"DEL01/SC";"UOP01-DEL01-SC"
771361;2026-05-12;"terça-feira";"21:00:00";"SC";470;4;"NAVEGANTES";"Ingestão de álcool pelo condutor";"Saída de leito carroçável";"Com Vítimas Feridas";"Plena Noite";"Decrescente";"Céu Claro";"Múltipla";"Em Obras;Desvio Temporário";"Sim";1;0;1;0;0;0;1;1;-26,85806338;-48,69230445;"SPRF-SC";"DEL04/SC";"UOP04-DEL04-SC"
771363;2026-05-12;"terça-feira";"18:30:00";"RN";110;65;"MOSSORO";"Ausência de reação do condutor";"Colisão traseira";"Com Vítimas Feridas";"Plena Noite";"Crescente";"Chuva";"Simples";"Reta";"Não";1;0;0;1;0;0;1;1;-5,357568;-37,328915;"SPRF-RN";"DEL04-RN";"UOP01-DEL04-RN"
771364;2026-05-12;"terça-feira";"22:20:00";"MG";116;272,6;"TEOFILO OTONI";"Velocidade Incompatível";"Saída de leito carroçável";"Com Vítimas Feridas";"Plena Noite";"Crescente";"Nublado";"Simples";"Reta";"Sim";2;0;0;2;0;0;2;1;-17,823798;-41,504038;"SPRF-MG";"DEL11/MG";"UOP01-DEL11-MG"
771366;2026-05-12;"terça-feira";"23:06:00";"TO";10;455;"PALMAS";"Reação tardia ou ineficiente do condutor";"Tombamento";"Com Vítimas Feridas";"Plena Noite";"Decrescente";"Céu Claro";"Dupla";"Reta";"Sim";1;0;1;0;0;0;1;1;-10,29418;-48,29768;"SPRF-TO";"DEL01-TO";"UOP03-DEL01-TO"
771367;2026-05-12;"terça-feira";"20:45:00";"SC";101;166;"TIJUCAS";"Reação tardia ou ineficiente do condutor";"Incêndio";"Sem Vítimas";"Plena Noite";"Crescente";"Céu Claro";"Dupla";"Reta";"Não";1;0;0;0;0;1;0;1;-27,25886067;-48,63208517;"SPRF-SC";"DEL04/SC";"UOP03-DEL04-SC"
771368;2026-05-12;"terça-feira";"23:30:00";"RS";392;50;"RIO GRANDE";"Animais na Pista";"Queda de ocupante de veículo";"Com Vítimas Feridas";"Plena Noite";"Crescente";"Céu Claro";"Dupla";"Reta";"Não";1;0;1;0;0;0;1;1;-31,87315707;-52,32229114;"SPRF-RS";"DEL07/RS";"UOP02-DEL07-RS"
771369;2026-05-13;"quarta-feira";"00:00:00";"SC";470;66,4;"BLUMENAU";"Ingestão de álcool pelo condutor";"Colisão com objeto";"Com Vítimas Feridas";"Plena Noite";"Crescente";"Céu Claro";"Dupla";"Curva";"Sim";1;0;1;0;0;0;1;1;-26,8627362;-49,0919068;"SPRF-SC";"DEL04/SC";"UOP01-DEL04-SC"
771371;2026-05-13;"quarta-feira";"00:40:00";"MG";381;449,5;"BELO HORIZONTE";"Acessar a via sem observar a presença dos outros veículos";"Saída de leito carroçável";"Com Vítimas Feridas";"Plena Noite";"Crescente";"Céu Claro";"Dupla";"Reta";"Sim";1;0;0;1;0;0;1;1;-19,84423177;-43,88655847;"SPRF-MG";"DEL01/MG";"UOP01-DEL01-MG"
771375;2026-05-12;"terça-feira";"15:50:00";"MG";381;411;"CAETE";"Manobra de mudança de faixa";"Colisão lateral mesmo sentido";"Com Vítimas Feridas";"Pleno dia";"Decrescente";"Céu Claro";"Dupla";"Curva";"Não";3;0;1;0;1;1;1;3;-19,74035365;-43,60674111;"SPRF-MG";"DEL01/MG";"UOP01-DEL01-MG"
771379;2026-05-13;"quarta-feira";"05:14:00";"PB";230;113;"INGA";"Reação tardia ou ineficiente do condutor";"Capotamento";"Com Vítimas Feridas";"Amanhecer";"Crescente";"Chuva";"Dupla";"Retorno Regulamentado;Curva";"Não";1;0;1;0;0;0;1;1;-7,23432764;-35,60165763;"SPRF-PB";"DEL01-PB";"UOP02-DEL01-PB"
771382;2026-05-12;"terça-feira";"22:30:00";"AL";101;246,7;"PORTO REAL DO COLEGIO";"Animais na Pista";"Saída de leito carroçável";"Sem Vítimas";"Plena Noite";"Crescente";"Ignorado";"Dupla";"Reta";"Não";1;0;0;0;0;1;0;1;-10,193842;-36,824053;"SPRF-AL";"DEL02-AL";"UOP02-DEL02-AL"
771385;2026-05-13;"quarta-feira";"07:21:00";"SP";116;107,8;"TAUBATE";"Reação tardia ou ineficiente do condutor";"Colisão traseira";"Sem Vítimas";"Pleno dia";"Crescente";"Céu Claro";"Dupla";"Reta";"Sim";2;0;0;0;2;0;0;2;-23,02068122;-45,53444406;"SPRF-SP";"DEL02/SP";"UOP02-DEL02-SP"
771386;2026-05-13;"quarta-feira";"07:40:00";"ES";262;16;"VIANA";"Acesso irregular";"Colisão lateral mesmo sentido";"Com Vítimas Feridas";"Pleno dia";"Crescente";"Céu Claro";"Simples";"Reta;Interseção de Vias";"Sim";2;0;1;0;1;0;1;2;-20,386972;-40,474107;"SPRF-ES";"DEL01-ES";"UOP01-DEL01-ES"
771387;2026-05-13;"quarta-feira";"07:00:00";"DF";20;3,8;"BRASILIA";"Ausência de reação do condutor";"Colisão lateral mesmo sentido";"Com Vítimas Feridas";"Amanhecer";"Decrescente";"Céu Claro";"Dupla";"Reta;Aclive";"Sim";2;0;1;0;1;0;1;2;-15,66771378;-47,81163812;"SPRF-DF";"DEL02-DF";"UOP01-DEL02-DF"
771391;2026-05-13;"quarta-feira";"06:00:00";"PA";230;621;"ALTAMIRA";"Animais na Pista";"Atropelamento de Animal";"Com Vítimas Feridas";"Amanhecer";"Decrescente";"Nublado";"Simples";"Reta";"Não";2;0;1;0;1;0;1;1;-3,17247;-52,1481;"SPRF-PA";"DEL04/PA";"UOP01-DEL04-PA"
771392;2026-05-13;"quarta-feira";"07:15:00";"PR";376;181,6;"MARINGA";"Ausência de reação do condutor";"Queda de ocupante de veículo";"Com Vítimas Feridas";"Pleno dia";"Decrescente";"Céu Claro";"Dupla";"Reta";"Sim";1;0;1;0;0;0;1;1;-23,428193;-51,893249;"SPRF-PR";"DEL09/PR";"UOP01-DEL09-PR"
771394;2026-05-13;"quarta-feira";"06:50:00";"MG";116;508,7;"UBAPORANGA";"Condutor deixou de manter distância do veículo da frente";"Colisão traseira";"Com Vítimas Feridas";"Pleno dia";"Crescente";"Céu Claro";"Simples";"Reta";"Sim";2;0;1;0;1;0;1;2;-19,637047;-42,106059;"SPRF-MG";"DEL06/MG";"UOP02-DEL06-MG"
771395;2026-05-13;"quarta-feira";"07:00:00";"RJ";101;310;"SAO GONCALO";"Trafegar com motocicleta (ou similar) entre as faixas";"Colisão lateral mesmo sentido";"Com Vítimas Feridas";"Pleno dia";"Crescente";"Céu Claro";"Dupla";"Viaduto";"Sim";3;0;2;0;1;0;2;2;-22,8030143;-43,05797603;"SPRF-RJ";"DEL02/RJ";"UOP02-DEL02-RJ"
771396;2026-05-13;"quarta-feira";"07:30:00";"PE";428;185,9;"PETROLINA";"Trafegar com motocicleta (ou similar) entre as faixas";"Colisão lateral mesmo sentido";"Com Vítimas Feridas";"Pleno dia";"Crescente";"Céu Claro";"Múltipla";"Retorno Regulamentado";"Sim";2;0;1;0;1;0;1;2;-9,35916066;-40,48029039;"SPRF-PE";"DEL06/PE";"UOP01-DEL06-PE"
771397;2026-05-13;"quarta-feira";"07:37:00";"PB";230;136,3;"MASSARANDUBA";"Avarias e/ou desgaste excessivo no pneu";"Saída de leito carroçável";"Com Vítimas Feridas";"Pleno dia";"Crescente";"Garoa/Chuvisco";"Dupla";"Reta";"Não";1;0;1;0;0;0;1;1;-7,277213;-35,772668;"SPRF-PB";"DEL02-PB";"UOP01-DEL02-PB"
771398;2026-05-13;"quarta-feira";"07:10:00";"RN";304;297;"MACAIBA";"Acessar a via sem observar a presença dos outros veículos";"Colisão frontal";"Sem Vítimas";"Pleno dia";"Crescente";"Céu Claro";"Simples";"Reta";"Não";1;0;0;0;1;0;0;1;-5,8651544;-35,3509355;"SPRF-RN";"DEL01-RN";"UOP02-DEL01-RN"
771399;2026-05-13;"quarta-feira";"08:00:00";"GO";153;502,9;"GOIANIA";"Condutor deixou de manter distância do veículo da frente";"Colisão traseira";"Com Vítimas Feridas";"Pleno dia";"Crescente";"Céu Claro";"Dupla";"Viaduto;Reta";"Sim";2;0;0;1;1;0;1;2;-16,727194;-49,241497;"SPRF-GO";"DEL01/GO";"UOP01-DEL01-GO"
771400;2026-05-13;"quarta-feira";"01:45:00";"RJ";101;204;"CASIMIRO DE ABREU";"Objeto estático sobre o leito carroçável";"Colisão com objeto";"Com Vítimas Feridas";"Plena Noite";"Decrescente";"Céu Claro";"Dupla";"Reta";"Não";1;0;1;0;0;0;1;1;-22,47484;-42,17999;"SPRF-RJ";"DEL08/RJ";"UOP04-DEL08-RJ"
771401;2026-05-13;"quarta-feira";"07:20:00";"RN";101;93,5;"NATAL";"Condutor deixou de manter distância do veículo da frente";"Colisão traseira";"Com Vítimas Feridas";"Pleno dia";"Decrescente";"Céu Claro";"Dupla";"Viaduto";"Sim";2;0;1;0;1;0;1;2;-5,82726921;-35,21018594;"SPRF-RN";"DEL01-RN";"UOP01-DEL01-RN"
771402;2026-05-13;"quarta-feira";"07:03:00";"SC";101;207,7;"SAO JOSE";"Condutor deixou de manter distância do veículo da frente";"Colisão traseira";"Com Vítimas Feridas";"Pleno dia";"Decrescente";"Céu Claro";"Múltipla";"Curva";"Sim";4;0;0;1;3;0;1;4;-27,60387176;-48,63255017;"SPRF-SC";"DEL01/SC";"UOP01-DEL01-SC"
771405;2026-05-13;"quarta-feira";"08:00:00";"SC";101;327;"CAPIVARI DE BAIXO";"Desrespeitar a preferência no cruzamento";"Colisão lateral mesmo sentido";"Com Vítimas Feridas";"Pleno dia";"Decrescente";"Sol";"Múltipla";"Rotatória;Reta;Interseção de Vias;Viaduto";"Não";2;0;1;0;1;0;1;2;-28,43933129;-48,96260826;"SPRF-SC";"DEL02/SC";"UOP01-DEL02-SC"
771407;2026-05-13;"quarta-feira";"07:50:00";"MG";40;546;"NOVA LIMA";"Avarias e/ou desgaste excessivo no pneu";"Queda de ocupante de veículo";"Com Vítimas Feridas";"Pleno dia";"Crescente";"Céu Claro";"Dupla";"Reta";"Sim";2;0;2;0;0;0;2;1;-20,013088;-43,968256;"SPRF-MG";"DEL01/MG";"UOP02-DEL01-MG"
771408;2026-05-13;"quarta-feira";"08:20:00";"GO";153;501;"GOIANIA";"Manobra de mudança de faixa";"Colisão lateral mesmo sentido";"Com Vítimas Feridas";"Pleno dia";"Decrescente";"Sol";"Dupla";"Reta";"Sim";2;0;1;0;1;0;1;2;-16,716752;-49,236592;"SPRF-GO";"DEL01/GO";"UOP01-DEL01-GO"
771409;2026-05-13;"quarta-feira";"09:00:00";"ES";101;89,2;"SAO MATEUS";"Reação tardia ou ineficiente do condutor";"Queda de ocupante de veículo";"Com Vítimas Feridas";"Pleno dia";"Crescente";"Céu Claro";"Simples";"Reta";"Não";1;0;1;0;0;0;1;1;-18,891251;-39,952668;"SPRF-ES";"DEL04-ES";"UOP02-DEL04-ES"
771410;2026-04-05;"domingo";"16:25:00";"CE";222;217,5;"SOBRAL";"Transitar na contramão";"Colisão lateral sentido oposto";"Com Vítimas Feridas";"Pleno dia";"Crescente";"Céu Claro";"Simples";"Reta";"Não";5;0;4;0;1;0;4;2;-3,71868351;-40,33245488;"SPRF-CE";"DEL04/CE";"UOP01-DEL04-CE"
771411;2026-05-08;"sexta-feira";"22:45:00";"GO";60;107,5;"GOIANAPOLIS";"Manobra de mudança de faixa";"Colisão lateral mesmo sentido";"Com Vítimas Feridas";"Plena Noite";"Decrescente";"Céu Claro";"Múltipla";"Reta";"Não";3;0;1;0;1;1;1;2;-16,4366;-49,0187;"SPRF-GO";"DEL02/GO";"UOP01-DEL02-GO"
771412;2026-05-13;"quarta-feira";"06:45:00";"AC";364;135;"RIO BRANCO";"Transitar na contramão";"Colisão transversal";"Com Vítimas Feridas";"Pleno dia";"Decrescente";"Céu Claro";"Dupla";"Reta";"Não";2;0;1;0;1;0;1;2;-9,97903345;-67,84850557;"SPRF-AC";"DEL01-AC";"UOP01-DEL01-AC"
771414;2026-05-07;"quinta-feira";"19:40:00";"RO";364;422,9;"JARU";"Ausência de reação do condutor";"Saída de leito carroçável";"Sem Vítimas";"Plena Noite";"Decrescente";"Nublado";"Dupla";"Aclive";"Sim";1;0;0;0;0;1;0;1;-10,45323316;-62,46029589;"SPRF-RO";"DEL03-RO";"UOP02-DEL03-RO"
771415;2026-03-02;"segunda-feira";"20:11:00";"PA";163;331;"NOVO PROGRESSO";"Reação tardia ou ineficiente do condutor";"Saída de leito carroçável";"Sem Vítimas";"Plena Noite";"Decrescente";"Ignorado";"Simples";"Reta";"Não";2;0;0;0;0;2;0;1;-6,88212405;-55,4391707;"SPRF-PA";"DEL05/PA";"UOP03-DEL05-PA"
771416;2026-05-13;"quarta-feira";"09:20:00";"SP";116;145;"SAO JOSE DOS CAMPOS";"Demais falhas mecânicas ou elétricas";"Tombamento";"Com Vítimas Feridas";"Pleno dia";"Crescente";"Céu Claro";"Dupla";"Reta";"Não";2;0;2;0;0;0;2;1;-23,18540882;-45,85196614;"SPRF-SP";"DEL02/SP";"UOP01-DEL02-SP"
771420;2026-04-15;"quarta-feira";"17:45:00";"PR";116;109;"CURITIBA";"Demais Fenômenos da natureza";"Tombamento";"Com Vítimas Feridas";"Pleno dia";"Decrescente";"Ignorado";"Dupla";"Reta";"Não";1;0;1;0;0;0;1;1;-25,565533;-49,245111;"SPRF-PR";"DEL01/PR";"UOP03-DEL01-PR"
771425;2026-05-13;"quarta-feira";"08:10:00";"RJ";40;22,5;"TRES RIOS";"Demais falhas mecânicas ou elétricas";"Incêndio";"Sem Vítimas";"Pleno dia";"Decrescente";"Céu Claro";"Dupla";"Curva";"Não";1;0;0;0;1;0;0;1;-22,12805;-43,15583;"SPRF-RJ";"DEL05/RJ";"UOP02-DEL05-RJ"
771427;2026-05-13;"quarta-feira";"05:30:00";"PE";423;20;"SAO CAITANO";"Reação tardia ou ineficiente do condutor";"Colisão traseira";"Com Vítimas Feridas";"Pleno dia";"Crescente";"Céu Claro";"Simples";"Reta";"Não";3;0;0;2;0;1;2;2;-8,344157;-36,163547;"SPRF-PE";"DEL03/PE";"UOP02-DEL03-PE"
771433;2026-05-13;"quarta-feira";"12:00:00";"RJ";116;82;"TERESOPOLIS";"Acessar a via sem observar a presença dos outros veículos";"Colisão lateral mesmo sentido";"Com Vítimas Feridas";"Pleno dia";"Crescente";"Nublado";"Simples";"Reta;Aclive";"Sim";2;0;1;0;1;0;1;2;-22,4041794;-42,9552175;"SPRF-RJ";"DEL04/RJ";"UOP01-DEL04-RJ"
771434;2026-05-13;"quarta-feira";"11:00:00";"PR";369;152,2;"LONDRINA";"Demais falhas mecânicas ou elétricas";"Incêndio";"Com Vítimas Feridas";"Pleno dia";"Crescente";"Céu Claro";"Dupla";"Reta";"Sim";1;0;1;0;0;0;1;1;-23,29261301;-51,18308044;"SPRF-PR";"DEL07/PR";"UOP01-DEL07-PR"
771438;2026-05-13;"quarta-feira";"10:40:00";"SC";101;138;"ITAPEMA";"Ausência de reação do condutor";"Colisão traseira";"Com Vítimas Feridas";"Pleno dia";"Crescente";"Céu Claro";"Dupla";"Reta";"Sim";2;0;2;0;0;0;2;2;-27,06610358;-48,59579636;"SPRF-SC";"DEL04/SC";"UOP03-DEL04-SC"
771439;2026-05-13;"quarta-feira";"11:10:00";"PB";230;240,2;"JUAZEIRINHO";"Acessar a via sem observar a presença dos outros veículos";"Colisão transversal";"Com Vítimas Feridas";"Pleno dia";"Crescente";"Nublado";"Simples";"Interseção de Vias";"Sim";5;0;3;0;2;0;3;2;-7,06937;-36,577142;"SPRF-PB";"DEL02-PB";"UOP02-DEL02-PB"
771440;2026-05-05;"terça-feira";"19:20:00";"SP";116;144;"SAO JOSE DOS CAMPOS";"Trafegar com motocicleta (ou similar) entre as faixas";"Colisão lateral mesmo sentido";"Com Vítimas Feridas";"Plena Noite";"Decrescente";"Céu Claro";"Dupla";"Reta";"Sim";2;0;1;0;1;0;1;2;-23,18593037;-45,84828969;"SPRF-SP";"DEL02/SP";"UOP01-DEL02-SP"
771444;2026-05-13;"quarta-feira";"09:40:00";"SC";101;27,6;"JOINVILLE";"Reação tardia ou ineficiente do condutor";"Colisão traseira";"Com Vítimas Feridas";"Pleno dia";"Crescente";"Céu Claro";"Dupla";"Reta";"Sim";2;0;1;0;1;0;1;2;-26,20521994;-48,91437141;"SPRF-SC";"DEL03/SC";"UOP01-DEL03-SC"
771447;2026-05-13;"quarta-feira";"11:30:00";"SC";101;210;"SAO JOSE";"Ausência de reação do condutor";"Colisão lateral mesmo sentido";"Com Vítimas Feridas";"Pleno dia";"Decrescente";"Céu Claro";"Múltipla";"Reta";"Sim";2;0;2;0;0;0;2;2;-27,61583812;-48,64452694;"SPRF-SC";"DEL01/SC";"UOP01-DEL01-SC"
771451;2026-05-13;"quarta-feira";"11:00:00";"SC";101;397;"MARACAJA";"Reação tardia ou ineficiente do condutor";"Colisão com objeto";"Com Vítimas Feridas";"Pleno dia";"Decrescente";"Céu Claro";"Dupla";"Curva";"Não";1;0;1;0;0;0;1;1;-28,84418;-49,4314;"SPRF-SC";"DEL02/SC";"UOP02-DEL02-SC"
771452;2026-05-13;"quarta-feira";"10:00:00";"RO";364;14;"VILHENA";"Desrespeitar a preferência no cruzamento";"Colisão transversal";"Com Vítimas Feridas";"Pleno dia";"Crescente";"Céu Claro";"Simples";"Rotatória;Interseção de Vias";"Não";2;0;1;0;1;0;1;2;-12,73893585;-60,13910329;"SPRF-RO";"DEL04-RO";"UOP01-DEL04-RO"
771453;2026-05-13;"quarta-feira";"13:30:00";"PR";277;1,4;"PARANAGUA";"Reação tardia ou ineficiente do condutor";"Atropelamento de Pedestre";"Com Vítimas Feridas";"Pleno dia";"Crescente";"Céu Claro";"Múltipla";"Reta";"Sim";2;0;1;1;0;0;2;2;-25,552999;-48,554447;"SPRF-PR";"DEL01/PR";"UOP05-DEL01-PR"
771455;2026-05-13;"quarta-feira";"13:20:00";"DF";70;3,3;"BRASILIA";"Velocidade Incompatível";"Colisão transversal";"Com Vítimas Feridas";"Pleno dia";"Decrescente";"Céu Claro";"Dupla";"Curva";"Sim";5;0;0;3;0;2;3;3;-15,80197843;-48,08432579;"SPRF-DF";"DEL03-DF";"UOP02-DEL03-DF"
771457;2026-03-26;"quinta-feira";"16:51:00";"BA";101;875;"TEIXEIRA DE FREITAS";"Conversão proibida";"Colisão traseira";"Com Vítimas Feridas";"Pleno dia";"Decrescente";"Céu Claro";"Dupla";"Rotatória";"Sim";3;0;0;1;2;0;1;2;-17,52467756;-39,70787144;"SPRF-BA";"DEL09/BA";"UOP02-DEL09-BA"
771458;2026-05-13;"quarta-feira";"14:05:00";"DF";60;23;"BRASILIA";"Reação tardia ou ineficiente do condutor";"Saída de leito carroçável";"Com Vítimas Feridas";"Pleno dia";"Crescente";"Céu Claro";"Dupla";"Aclive;Reta";"Não";1;0;0;1;0;0;1;1;-15,991465;-48,231378;"SPRF-DF";"DEL03-DF";"UOP01-DEL03-DF"
771460;2026-05-13;"quarta-feira";"14:10:00";"RJ";101;308;"SAO GONCALO";"Demais falhas mecânicas ou elétricas";"Saída de leito carroçável";"Com Vítimas Feridas";"Pleno dia";"Crescente";"Céu Claro";"Dupla";"Reta";"Sim";1;0;1;0;0;0;1;1;-22,79264;-43,02282;"SPRF-RJ";"DEL02/RJ";"UOP02-DEL02-RJ"
771461;2026-05-13;"quarta-feira";"14:00:00";"MG";381;520;"IGARAPE";"Objeto estático sobre o leito carroçável";"Colisão com objeto";"Com Vítimas Feridas";"Pleno dia";"Decrescente";"Sol";"Dupla";"Declive;Curva";"Não";2;0;1;0;1;0;1;1;-20,114198;-44,306018;"SPRF-MG";"DEL01/MG";"UOP03-DEL01-MG"
771464;2026-05-13;"quarta-feira";"14:05:00";"RJ";116;185;"NOVA IGUACU";"Manobra de mudança de faixa";"Colisão lateral mesmo sentido";"Com Vítimas Feridas";"Pleno dia";"Decrescente";"Céu Claro";"Dupla";"Reta";"Sim";2;0;1;0;1;0;1;2;-22,74052148;-43,45852643;"SPRF-RJ";"DEL06/RJ";"UOP01-DEL06-RJ"
771468;2026-04-22;"quarta-feira";"18:28:00";"AC";307;188,5;"CRUZEIRO DO SUL";"Animais na Pista";"Atropelamento de Animal";"Com Vítimas Feridas";"Plena Noite";"Decrescente";"Céu Claro";"Simples";"Curva";"Não";1;0;1;0;0;0;1;1;-7,64458493;-72,65820477;"SPRF-AC";"DEL01-AC";"UOP03-DEL01-AC"
771472;2026-05-13;"quarta-feira";"14:20:00";"RO";364;200;"PIMENTA BUENO";"Reação tardia ou ineficiente do condutor";"Colisão traseira";"Com Vítimas Feridas";"Pleno dia";"Decrescente";"Céu Claro";"Simples";"Reta";"Não";2;0;0;1;1;0;1;2;-11,652595;-61,192833;"SPRF-RO";"DEL02-RO";"UOP02-DEL02-RO"
771473;2026-05-13;"quarta-feira";"15:25:00";"PR";277;646;"CEU AZUL";"Desrespeitar a preferência no cruzamento";"Colisão transversal";"Com Vítimas Feridas";"Pleno dia";"Decrescente";"Céu Claro";"Simples";"Reta;Aclive";"Não";3;0;1;0;2;0;1;2;-25,173556;-53,886972;"SPRF-PR";"DEL05/PR";"UOP02-DEL05-PR"
771474;2026-05-13;"quarta-feira";"14:23:00";"RO";364;715;"PORTO VELHO";"Acessar a via sem observar a presença dos outros veículos";"Colisão transversal";"Com Vítimas Feridas";"Pleno dia";"Crescente";"Céu Claro";"Dupla";"Reta;Declive;Interseção de Vias";"Sim";2;0;1;0;1;0;1;2;-8,78102137;-63,89357337;"SPRF-RO";"DEL01-RO";"UOP01-DEL01-RO"