"id";"data_inversa";"dia_semana";"horario";"uf";"br";"km";"municipio";"causa_acidente";"tipo_acidente";"classificacao_acidente";"fase_dia";"sentido_via";"condicao_metereologica";"tipo_pista";"tracado_via";"uso_solo";"pessoas";"mortos";"feridos_leves";"feridos_graves";"ilesos";"ignorados";"feridos";"veiculos";"latitude";"longitude";"regional";"delegacia";"uop"
771592;2026-05-14;"quinta-feira";"08:00:00";"RS";472;568;"URUGUAIANA";"Acessar a via sem observar a presença dos outros veículos";"Colisão transversal";"Com Vítimas Feridas";"Pleno dia";"Crescente";"Céu Claro";"Simples";"Reta";"Sim";2;0;1;0;1;0;1;2;-29,76664;-57,02557;"SPRF-RS";"DEL13/RS";"UOP01-DEL13-RS"
771593;2026-05-14;"quinta-feira";"08:10:00";"TO";10;452,5;"PALMAS";"Condutor deixou de manter distância do veículo da frente";"Colisão traseira";"Com Vítimas Feridas";"Pleno dia";"Decrescente";"Céu Claro";"Múltipla";"Reta";"Sim";4;0;0;1;3;0;1;2;-10,324042;-48,297483;"SPRF-TO";"DEL01-TO";"UOP03-DEL01-TO"
771594;2026-05-14;"quinta-feira";"06:50:00";"RS";470;285;"MONTENEGRO";"Transitar na contramão";"Colisão frontal";"Com Vítimas Feridas";"Pleno dia";"Crescente";"Céu Claro";"Simples";"Reta";"Não";3;0;0;2;1;0;2;3;-29,64182082;-51,46482881;"SPRF-RS";"DEL06/RS";"UOP01-DEL06-RS"
771596;2026-05-14;"quinta-feira";"07:35:00";"PR";277;107;"CURITIBA";"Demais falhas mecânicas ou elétricas";"Incêndio";"Sem Vítimas";"Pleno dia";"Crescente";"Céu Claro";"Dupla";"Reta";"Sim";1;0;0;0;1;0;0;1;-25,432685;-49,370583;"SPRF-PR";"DEL01/PR";"UOP06-DEL01-PR"
771597;2026-05-14;"quinta-feira";"07:20:00";"SC";470;4;"NAVEGANTES";"Reação tardia ou ineficiente do condutor";"Colisão traseira";"Com Vítimas Feridas";"Pleno dia";"Crescente";"Céu Claro";"Múltipla";"Em Obras;Reta";"Sim";2;0;1;0;1;0;1;2;-26,8638891;-48,6803443;"SPRF-SC";"DEL04/SC";"UOP04-DEL04-SC"
771599;2026-05-14;"quinta-feira";"06:45:00";"PR";376;182,3;"SARANDI";"Ausência de reação do condutor";"Colisão lateral mesmo sentido";"Com Vítimas Feridas";"Pleno dia";"Crescente";"Céu Claro";"Múltipla";"Reta";"Sim";2;0;1;0;1;0;1;2;-23,43386946;-51,88388326;"SPRF-PR";"DEL09/PR";"UOP01-DEL09-PR"
771601;2026-05-14;"quinta-feira";"08:30:00";"SP";116;230;"SAO PAULO";"Ausência de reação do condutor";"Colisão traseira";"Com Vítimas Feridas";"Pleno dia";"Crescente";"Nublado";"Múltipla";"Reta";"Sim";2;0;1;0;1;0;1;2;-23,51633265;-46,57994247;"SPRF-SP";"DEL01/SP";"UOP01-DEL01-SP"
771603;2026-05-14;"quinta-feira";"07:26:00";"MT";163;603;"NOVA MUTUM";"Ausência de reação do condutor";"Colisão traseira";"Com Vítimas Feridas";"Pleno dia";"Crescente";"Céu Claro";"Dupla";"Reta";"Sim";2;0;1;0;1;0;1;2;-13,780645;-56,060893;"SPRF-MT";"DEL01/MT";"UOP01-DEL01-MT"
771605;2026-05-14;"quinta-feira";"09:15:00";"SP";116;284;"EMBU DAS ARTES";"Reação tardia ou ineficiente do condutor";"Colisão lateral mesmo sentido";"Com Vítimas Feridas";"Pleno dia";"Decrescente";"Céu Claro";"Dupla";"Reta";"Sim";2;0;1;0;1;0;1;2;-23,671967;-46,856196;"SPRF-SP";"DEL04/SP";"UOP01-DEL04-SP"
771606;2026-05-14;"quinta-feira";"08:15:00";"SC";101;333;"TUBARAO";"Manobra de mudança de faixa";"Colisão lateral mesmo sentido";"Com Vítimas Feridas";"Pleno dia";"Crescente";"Céu Claro";"Múltipla";"Reta";"Sim";2;0;1;0;1;0;1;2;-28,4672744;-49,005376;"SPRF-SC";"DEL02/SC";"UOP01-DEL02-SC"
771608;2026-05-14;"quinta-feira";"08:00:00";"RO";364;710;"PORTO VELHO";"Acessar a via sem observar a presença dos outros veículos";"Colisão transversal";"Com Vítimas Feridas";"Pleno dia";"Decrescente";"Céu Claro";"Múltipla";"Reta;Interseção de Vias";"Sim";2;0;1;0;1;0;1;2;-8,78252749;-63,86454312;"SPRF-RO";"DEL01-RO";"UOP01-DEL01-RO"
771611;2026-05-14;"quinta-feira";"10:00:00";"SP";116;148;"SAO JOSE DOS CAMPOS";"Reação tardia ou ineficiente do condutor";"Tombamento";"Com Vítimas Feridas";"Pleno dia";"Crescente";"Céu Claro";"Múltipla";"Reta";"Sim";1;0;0;1;0;0;1;1;-23,19836488;-45,87662864;"SPRF-SP";"DEL02/SP";"UOP01-DEL02-SP"
771612;2026-05-14;"quinta-feira";"07:36:00";"AC";364;134;"RIO BRANCO";"Reação tardia ou ineficiente do condutor";"Colisão traseira";"Com Vítimas Feridas";"Pleno dia";"Decrescente";"Céu Claro";"Dupla";"Reta";"Sim";2;0;1;0;1;0;1;2;-9,99309007;-67,84868717;"SPRF-AC";"DEL01-AC";"UOP01-DEL01-AC"
771613;2026-05-14;"quinta-feira";"10:30:00";"PR";376;592;"CURITIBA";"Manobra de mudança de faixa";"Colisão lateral mesmo sentido";"Com Vítimas Feridas";"Pleno dia";"Decrescente";"Céu Claro";"Dupla";"Reta";"Sim";2;0;1;0;1;0;1;2;-25,4396422;-49,3647163;"SPRF-PR";"DEL01/PR";"UOP06-DEL01-PR"
771615;2026-05-14;"quinta-feira";"07:13:00";"MG";116;436,4;"ENGENHEIRO CALDAS";"Acessar a via sem observar a presença dos outros veículos";"Colisão transversal";"Com Vítimas Feridas";"Pleno dia";"Decrescente";"Nublado";"Simples";"Curva;Declive;Retorno Regulamentado;Interseção de Vias";"Não";8;0;2;0;6;0;2;2;-19,047999;-41,997328;"SPRF-MG";"DEL06/MG";"UOP01-DEL06-MG"
771616;2026-05-14;"quinta-feira";"10:15:00";"SC";101;136,8;"BALNEARIO CAMBORIU";"Manobra de mudança de faixa";"Colisão lateral mesmo sentido";"Com Vítimas Feridas";"Pleno dia";"Crescente";"Céu Claro";"Múltipla";"Reta";"Sim";2;0;1;0;1;0;1;2;-27,01391323;-48,61292736;"SPRF-SC";"DEL04/SC";"UOP03-DEL04-SC"
771623;2026-05-14;"quinta-feira";"11:20:00";"RS";116;244;"SAO LEOPOLDO";"Condutor deixou de manter distância do veículo da frente";"Colisão lateral sentido oposto";"Com Vítimas Feridas";"Pleno dia";"Crescente";"Céu Claro";"Simples";"Reta";"Sim";3;0;0;1;1;1;1;3;-29,74585332;-51,15132378;"SPRF-RS";"DEL01/RS";"UOP02-DEL01-RS"
771624;2026-05-14;"quinta-feira";"09:50:00";"TO";230;132;"ARAGUATINS";"Acumulo de água sobre o pavimento";"Colisão com objeto";"Com Vítimas Feridas";"Pleno dia";"Crescente";"Céu Claro";"Simples";"Reta";"Não";1;0;1;0;0;0;1;1;-5,759979;-48,051853;"SPRF-TO";"DEL02-TO";"UOP03-DEL02-TO"
771625;2026-05-14;"quinta-feira";"02:33:00";"MT";0;0;"BARRA DO GARCAS";"Declive acentuado";"Colisão frontal";"Sem Vítimas";"Plena Noite";"Não Informado";"Céu Claro";"Simples";"Curva;Declive";"Não";5;0;0;0;2;3;0;3;-15,556012;-52,454916;"SPRF-MT";"DEL07/MT";"UOP01-DEL07-MT"
771626;2026-05-14;"quinta-feira";"11:45:00";"PE";101;51;"PAULISTA";"Reação tardia ou ineficiente do condutor";"Colisão traseira";"Com Vítimas Feridas";"Pleno dia";"Decrescente";"Céu Claro";"Múltipla";"Reta";"Sim";4;0;1;0;3;0;1;2;-7,918681;-34,895814;"SPRF-PE";"DEL01/PE";"UOP02-DEL01-PE"
771628;2026-05-14;"quinta-feira";"09:46:00";"PI";343;1,5;"TERESINA";"Manobra de mudança de faixa";"Colisão lateral mesmo sentido";"Com Vítimas Feridas";"Pleno dia";"Crescente";"Sol";"Dupla";"Reta";"Sim";2;0;1;0;1;0;1;2;-5,08108045;-42,76367068;"SPRF-PI";"DEL01-PI";"UOP01-DEL01-PI"
771629;2026-05-14;"quinta-feira";"06:53:00";"PB";101;86;"JOAO PESSOA";"Demais falhas mecânicas ou elétricas";"Tombamento";"Com Vítimas Feridas";"Pleno dia";"Decrescente";"Nublado";"Simples";"Reta";"Sim";2;0;0;1;1;0;1;1;-7,15974541;-34,90578993;"SPRF-PB";"DEL01-PB";"UOP01-DEL01-PB"
771630;2026-05-14;"quinta-feira";"10:40:00";"PB";230;69;"SOBRADO";"Velocidade Incompatível";"Saída de leito carroçável";"Com Vítimas Feridas";"Pleno dia";"Crescente";"Chuva";"Dupla";"Curva";"Não";2;0;1;0;1;0;1;1;-7,188227;-35,213973;"SPRF-PB";"DEL01-PB";"UOP02-DEL01-PB"
771633;2026-05-14;"quinta-feira";"11:45:00";"SC";470;193,9;"PONTE ALTA";"Acessar a via sem observar a presença dos outros veículos";"Colisão transversal";"Com Vítimas Feridas";"Pleno dia";"Crescente";"Céu Claro";"Simples";"Reta";"Não";5;0;2;0;3;0;2;2;-27,3770956;-50,4310739;"SPRF-SC";"DEL04/SC";"UOP02-DEL04-SC"
771634;2026-03-08;"domingo";"08:40:00";"PE";408;83;"SAO LOURENCO DA MATA";"Falta de elemento de contenção que evite a saída do leito carroçável";"Saída de leito carroçável";"Com Vítimas Feridas";"Pleno dia";"Crescente";"Céu Claro";"Dupla";"Reta";"Não";1;0;1;0;0;0;1;1;-8,00124;-35,058695;"SPRF-PE";"DEL01/PE";"UOP01-DEL01-PE"
771635;2026-05-14;"quinta-feira";"12:05:00";"RS";285;293;"PASSO FUNDO";"Desrespeitar a preferência no cruzamento";"Colisão transversal";"Com Vítimas Feridas";"Pleno dia";"Crescente";"Céu Claro";"Dupla";"Rotatória";"Sim";4;0;1;0;3;0;1;2;-28,2369751;-52,37405626;"SPRF-RS";"DEL08/RS";"UOP03-DEL08-RS"
771636;2026-05-14;"quinta-feira";"10:24:00";"RJ";101;297;"ITABORAI";"Demais falhas mecânicas ou elétricas";"Incêndio";"Sem Vítimas";"Pleno dia";"Crescente";"Céu Claro";"Múltipla";"Reta";"Sim";2;0;0;0;2;0;0;1;-22,76927874;-42,9186909;"SPRF-RJ";"DEL02/RJ";"UOP02-DEL02-RJ"
771637;2026-05-14;"quinta-feira";"10:00:00";"MA";135;23;"SAO LUIS";"Acessar a via sem observar a presença dos outros veículos";"Colisão transversal";"Com Vítimas Feridas";"Pleno dia";"Decrescente";"Céu Claro";"Dupla";"Reta";"Sim";2;0;1;0;1;0;1;2;-2,55619;-44,3113;"SPRF-MA";"DEL01-MA";"UOP01-DEL01-MA"
771638;2026-05-14;"quinta-feira";"12:10:00";"SC";282;606;"MARAVILHA";"Desrespeitar a preferência no cruzamento";"Colisão transversal";"Com Vítimas Feridas";"Pleno dia";"Decrescente";"Sol";"Simples";"Reta;Em Obras;Desvio Temporário";"Sim";2;0;0;1;1;0;1;2;-26,77440826;-53,20400398;"SPRF-SC";"DEL07/SC";"UOP02-DEL07-SC"
771639;2026-05-14;"quinta-feira";"12:45:00";"RJ";101;323;"NITEROI";"Manobra de mudança de faixa";"Colisão lateral mesmo sentido";"Com Vítimas Feridas";"Pleno dia";"Crescente";"Céu Claro";"Múltipla";"Reta";"Não";2;0;1;0;1;0;1;2;-22,87565577;-43,11886875;"SPRF-RJ";"DEL02/RJ";"UOP01-DEL02-RJ"
771640;2026-05-08;"sexta-feira";"08:20:00";"GO";60;385;"RIO VERDE";"Demais falhas mecânicas ou elétricas";"Tombamento";"Com Vítimas Feridas";"Pleno dia";"Decrescente";"Céu Claro";"Dupla";"Reta";"Sim";3;0;1;0;2;0;1;2;-17,81075;-50,92729;"SPRF-GO";"DEL04/GO";"UOP02-DEL04-GO"
771641;2026-05-14;"quinta-feira";"08:35:00";"MG";381;675,6;"PERDOES";"Transitar na contramão";"Tombamento";"Com Vítimas Feridas";"Pleno dia";"Decrescente";"Céu Claro";"Simples";"Reta";"Sim";1;0;0;1;0;0;1;1;-21,094248;-45,077394;"SPRF-MG";"DEL04/MG";"UOP02-DEL04-MG"
771645;2026-05-14;"quinta-feira";"08:50:00";"BA";110;303;"INHAMBUPE";"Participar de racha";"Colisão traseira";"Com Vítimas Feridas";"Pleno dia";"Decrescente";"Céu Claro";"Simples";"Declive;Reta";"Não";4;0;0;1;2;1;1;4;-11,803221;-38,35127877;"SPRF-BA";"DEL01/BA";"UOP04-DEL01-BA"
771646;2026-05-14;"quinta-feira";"12:40:00";"PE";232;198;"SANHARO";"Transitar na contramão";"Colisão frontal";"Com Vítimas Feridas";"Pleno dia";"Crescente";"Céu Claro";"Simples";"Reta";"Não";4;0;0;1;3;0;1;2;-8,369718;-36,593403;"SPRF-PE";"DEL03/PE";"UOP02-DEL03-PE"
771647;2026-05-07;"quinta-feira";"03:00:00";"MS";267;44,6;"BATAGUASSU";"Animais na Pista";"Atropelamento de Animal";"Sem Vítimas";"Plena Noite";"Decrescente";"Céu Claro";"Simples";"Reta";"Não";9;0;0;0;9;0;0;1;-21,80405355;-52,52700806;"SPRF-MS";"DEL02/MS";"UOP04-DEL02-MS"
771652;2026-05-06;"quarta-feira";"12:10:00";"SP";116;445;"REGISTRO";"Conversão proibida";"Colisão lateral mesmo sentido";"Com Vítimas Feridas";"Pleno dia";"Crescente";"Sol";"Dupla";"Interseção de Vias";"Sim";2;0;1;0;1;0;1;2;-24,49706822;-47,84181118;"SPRF-SP";"DEL05/SP";"UOP01-DEL05-SP"
771653;2026-05-14;"quinta-feira";"14:00:00";"PR";376;621,7;"SAO JOSE DOS PINHAIS";"Avarias e/ou desgaste excessivo no pneu";"Eventos atípicos";"Com Vítimas Feridas";"Pleno dia";"Crescente";"Céu Claro";"Dupla";"Reta";"Não";1;0;0;1;0;0;1;1;-25,6279246;-49,16484229;"SPRF-PR";"DEL01/PR";"UOP04-DEL01-PR"
771654;2026-05-14;"quinta-feira";"15:30:00";"ES";101;288,5;"CARIACICA";"Velocidade Incompatível";"Tombamento";"Com Vítimas Feridas";"Pleno dia";"Crescente";"Sol";"Dupla";"Reta";"Não";1;0;0;1;0;0;1;1;-20,27133233;-40,39086906;"SPRF-ES";"DEL01-ES";"UOP01-DEL01-ES"
771656;2026-05-14;"quinta-feira";"12:37:00";"SC";101;23,5;"JOINVILLE";"Pedestre - Ingestão de álcool/ substâncias psicoativas";"Atropelamento de Pedestre";"Com Vítimas Feridas";"Pleno dia";"Decrescente";"Sol";"Dupla";"Reta";"Sim";2;0;0;1;1;0;1;2;-26,13791838;-48,90065845;"SPRF-SC";"DEL03/SC";"UOP01-DEL03-SC"
771659;2026-05-14;"quinta-feira";"15:51:00";"TO";10;458,4;"PALMAS";"Manobra de mudança de faixa";"Colisão traseira";"Com Vítimas Feridas";"Pleno dia";"Crescente";"Céu Claro";"Múltipla";"Reta;Aclive";"Sim";2;0;1;0;1;0;1;2;-10,277163;-48,301485;"SPRF-TO";"DEL01-TO";"UOP03-DEL01-TO"
771660;2026-05-14;"quinta-feira";"16:00:00";"RS";285;276,6;"MATO CASTELHANO";"Ultrapassagem Indevida";"Colisão lateral mesmo sentido";"Com Vítimas Feridas";"Pleno dia";"Decrescente";"Céu Claro";"Simples";"Reta";"Não";3;0;2;0;1;0;2;2;-28,26066693;-52,22547278;"SPRF-RS";"DEL08/RS";"UOP03-DEL08-RS"
771662;2026-05-14;"quinta-feira";"14:35:00";"BA";101;505;"ITABUNA";"Retorno proibido";"Colisão transversal";"Com Vítimas Feridas";"Pleno dia";"Crescente";"Sol";"Simples";"Reta";"Não";2;0;0;1;1;0;1;2;-14,7921938;-39,29052025;"SPRF-BA";"DEL05/BA";"UOP01-DEL05-BA"
771664;2026-05-14;"quinta-feira";"15:20:00";"RJ";101;433;"MANGARATIBA";"Ausência de reação do condutor";"Colisão traseira";"Com Vítimas Feridas";"Pleno dia";"Crescente";"Nublado";"Simples";"Rotatória";"Não";3;0;2;0;1;0;2;2;-22,93821352;-44,03802959;"SPRF-RJ";"DEL03/RJ";"UOP02-DEL03-RJ"
771666;2026-05-13;"quarta-feira";"22:00:00";"MS";158;128;"APARECIDA DO TABOADO";"Ingestão de álcool pelo condutor";"Saída de leito carroçável";"Sem Vítimas";"Plena Noite";"Decrescente";"Céu Claro";"Simples";"Reta";"Não";1;0;0;0;1;0;0;1;-19,933345;-51,118917;"SPRF-MS";"DEL08/MS";"UOP01-DEL08-MS"
771667;2026-05-14;"quinta-feira";"16:20:00";"RS";392;304;"SAO SEPE";"Ausência de reação do condutor";"Saída de leito carroçável";"Com Vítimas Feridas";"Pleno dia";"Crescente";"Céu Claro";"Simples";"Reta";"Não";1;0;0;1;0;0;1;1;-30,112081;-53,623469;"SPRF-RS";"DEL09/RS";"UOP01-DEL09-RS"
771668;2026-05-14;"quinta-feira";"17:00:00";"MG";50;71;"UBERLANDIA";"Ausência de reação do condutor";"Colisão traseira";"Com Vítimas Feridas";"Pleno dia";"Crescente";"Céu Claro";"Dupla";"Aclive;Reta";"Sim";3;0;0;1;1;1;1;2;-18,89514601;-48,24878309;"SPRF-MG";"DEL15/MG";"UOP01-DEL15-MG"
771669;2026-05-14;"quinta-feira";"13:15:00";"RO";364;345,5;"JI-PARANA";"Transitar na contramão";"Colisão frontal";"Com Vítimas Feridas";"Pleno dia";"Decrescente";"Céu Claro";"Múltipla";"Retorno Regulamentado;Reta;Interseção de Vias";"Sim";2;0;1;0;1;0;1;2;-10,867688;-61,965855;"SPRF-RO";"DEL02-RO";"UOP01-DEL02-RO"
771671;2026-05-14;"quinta-feira";"18:00:00";"SE";235;31,8;"AREIA BRANCA";"Ausência de reação do condutor";"Colisão traseira";"Com Vítimas Feridas";"Plena Noite";"Crescente";"Ignorado";"Simples";"Reta";"Sim";2;0;0;1;1;0;1;2;-10,76635774;-37,30086772;"SPRF-SE";"DEL01-SE";"UOP02-DEL01-SE"
771672;2026-05-14;"quinta-feira";"17:50:00";"MG";381;502;"BETIM";"Manobra de mudança de faixa";"Colisão lateral mesmo sentido";"Com Vítimas Feridas";"Plena Noite";"Decrescente";"Nublado";"Dupla";"Reta";"Não";2;0;1;0;1;0;1;2;-20,01425686;-44,22134249;"SPRF-MG";"DEL01/MG";"UOP03-DEL01-MG"
771673;2026-05-14;"quinta-feira";"18:05:00";"MG";116;702,2;"MURIAE";"Desrespeitar a preferência no cruzamento";"Colisão transversal";"Com Vítimas Feridas";"Plena Noite";"Decrescente";"Céu Claro";"Simples";"Rotatória;Interseção de Vias";"Sim";2;0;1;0;1;0;1;2;-21,124396;-42,381193;"SPRF-MG";"DEL07/MG";"UOP02-DEL07-MG"
771676;2026-02-27;"sexta-feira";"22:30:00";"PR";277;2;"CURITIBA";"Velocidade Incompatível";"Colisão traseira";"Com Vítimas Feridas";"Plena Noite";"Crescente";"Nublado";"Dupla";"Reta";"Sim";3;0;1;0;2;0;1;2;-25,43041231;-49,34734432;"SPRF-PR";"DEL01/PR";"UOP06-DEL01-PR"
771677;2026-05-14;"quinta-feira";"17:35:00";"RN";110;47,4;"MOSSORO";"Ausência de reação do condutor";"Colisão traseira";"Com Vítimas Feridas";"Anoitecer";"Crescente";"Nublado";"Simples";"Reta;Interseção de Vias";"Sim";2;0;1;0;1;0;1;2;-5,20589932;-37,32907534;"SPRF-RN";"DEL04-RN";"UOP01-DEL04-RN"
771678;2026-05-14;"quinta-feira";"18:00:00";"MG";381;495,9;"BETIM";"Trafegar com motocicleta (ou similar) entre as faixas";"Colisão lateral mesmo sentido";"Com Vítimas Feridas";"Anoitecer";"Decrescente";"Céu Claro";"Múltipla";"Reta";"Sim";2;0;1;0;1;0;1;2;-19,958658;-44,091669;"SPRF-MG";"DEL01/MG";"UOP03-DEL01-MG"
771679;2026-05-14;"quinta-feira";"18:14:00";"SP";116;215;"GUARULHOS";"Reação tardia ou ineficiente do condutor";"Colisão traseira";"Com Vítimas Feridas";"Plena Noite";"Decrescente";"Nublado";"Múltipla";"Reta";"Sim";2;0;1;0;1;0;1;2;-23,44998799;-46,4608806;"SPRF-SP";"DEL01/SP";"UOP01-DEL01-SP"
771680;2026-05-14;"quinta-feira";"17:20:00";"SC";470;113,9;"IBIRAMA";"Reação tardia ou ineficiente do condutor";"Saída de leito carroçável";"Com Vítimas Feridas";"Anoitecer";"Decrescente";"Nublado";"Simples";"Reta";"Não";1;0;1;0;0;0;1;1;-27,08526;-49,4802;"SPRF-SC";"DEL04/SC";"UOP02-DEL04-SC"
771682;2026-05-14;"quinta-feira";"18:05:00";"MG";381;484;"BETIM";"Ausência de reação do condutor";"Colisão traseira";"Sem Vítimas";"Anoitecer";"Crescente";"Céu Claro";"Dupla";"Declive;Reta";"Sim";2;0;0;0;2;0;0;2;-19,95959427;-44,08430457;"SPRF-MG";"DEL01/MG";"UOP03-DEL01-MG"
771683;2026-05-14;"quinta-feira";"18:30:00";"RS";386;429;"NOVA SANTA RITA";"Ausência de reação do condutor";"Colisão traseira";"Com Vítimas Feridas";"Plena Noite";"Decrescente";"Céu Claro";"Dupla";"Reta";"Não";6;0;2;0;4;0;2;3;-29,82636188;-51,32982938;"SPRF-RS";"DEL04/RS";"UOP02-DEL04-RS"
771684;2026-05-14;"quinta-feira";"18:25:00";"BA";367;23;"PORTO SEGURO";"Trafegar com motocicleta (ou similar) entre as faixas";"Colisão lateral sentido oposto";"Com Vítimas Feridas";"Plena Noite";"Crescente";"Céu Claro";"Simples";"Reta";"Sim";2;0;0;1;1;0;1;2;-16,43651;-39,07724;"SPRF-BA";"DEL09/BA";"UOP03-DEL09-BA"
771687;2026-05-14;"quinta-feira";"17:50:00";"MG";50;174;"UBERABA";"Reação tardia ou ineficiente do condutor";"Colisão com objeto";"Com Vítimas Feridas";"Anoitecer";"Decrescente";"Céu Claro";"Dupla";"Viaduto";"Sim";2;0;1;0;1;0;1;2;-19,77079722;-47,97386019;"SPRF-MG";"DEL13/MG";"UOP01-DEL13-MG"
771688;2026-05-14;"quinta-feira";"19:00:00";"SC";282;3,9;"FLORIANOPOLIS";"Reação tardia ou ineficiente do condutor";"Colisão traseira";"Sem Vítimas";"Plena Noite";"Crescente";"Céu Claro";"Múltipla";"Reta";"Não";2;0;0;0;2;0;0;2;-27,59618868;-48,6009392;"SPRF-SC";"DEL01/SC";"UOP01-DEL01-SC"
771689;2026-05-14;"quinta-feira";"18:15:00";"SC";470;328;"CAMPOS NOVOS";"Reação tardia ou ineficiente do condutor";"Saída de leito carroçável";"Com Vítimas Feridas";"Plena Noite";"Crescente";"Céu Claro";"Simples";"Reta;Declive";"Não";1;0;0;1;0;0;1;1;-27,467839;-51,2806441;"SPRF-SC";"DEL07/SC";"UOP06-DEL07-SC"
771690;2026-05-14;"quinta-feira";"18:55:00";"PR";272;569;"GUAIRA";"Animais na Pista";"Queda de ocupante de veículo";"Com Vítimas Feridas";"Plena Noite";"Crescente";"Nublado";"Simples";"Reta";"Sim";1;0;1;0;0;0;1;1;-24,10620113;-54,26077573;"SPRF-PR";"DEL06/PR";"UOP01-DEL06-PR"
771691;2026-05-14;"quinta-feira";"18:40:00";"MG";262;40,1;"MANHUACU";"Transitar na contramão";"Colisão lateral sentido oposto";"Com Vítimas Feridas";"Plena Noite";"Crescente";"Nublado";"Simples";"Declive";"Sim";2;0;1;0;1;0;1;2;-20,2707081;-42,0667191;"SPRF-MG";"DEL06/MG";"UOP03-DEL06-MG"
771692;2026-05-14;"quinta-feira";"19:00:00";"RJ";116;173;"SAO JOAO DE MERITI";"Ausência de reação do condutor";"Queda de ocupante de veículo";"Com Vítimas Feridas";"Plena Noite";"Crescente";"Céu Claro";"Dupla";"Reta";"Sim";2;0;2;0;0;0;2;1;-22,80150575;-43,35061194;"SPRF-RJ";"DEL06/RJ";"UOP01-DEL06-RJ"
771693;2026-04-16;"quinta-feira";"16:40:00";"RN";101;109;"PARNAMIRIM";"Mal súbito do condutor";"Tombamento";"Com Vítimas Feridas";"Pleno dia";"Crescente";"Céu Claro";"Dupla";"Aclive;Reta";"Sim";1;0;1;0;0;0;1;1;-5,93394086;-35,26490964;"SPRF-RN";"DEL01-RN";"UOP01-DEL01-RN"
771694;2026-05-14;"quinta-feira";"19:00:00";"SC";282;3,9;"FLORIANOPOLIS";"Manobra de mudança de faixa";"Colisão lateral mesmo sentido";"Com Vítimas Feridas";"Plena Noite";"Crescente";"Céu Claro";"Múltipla";"Reta";"Sim";4;0;2;0;2;0;2;4;-27,595275;-48,601171;"SPRF-SC";"DEL01/SC";"UOP01-DEL01-SC"
771696;2026-05-14;"quinta-feira";"15:30:00";"PR";163;82,4;"PLANALTO";"Acessar a via sem observar a presença dos outros veículos";"Colisão transversal";"Com Vítimas Feridas";"Pleno dia";"Decrescente";"Céu Claro";"Simples";"Rotatória";"Não";2;0;1;0;1;0;1;2;-25,711939;-53,775131;"SPRF-PR";"DEL02/PR";"UOP02-DEL02-PR"
771697;2026-05-14;"quinta-feira";"18:10:00";"MG";116;522;"CARATINGA";"Acessar a via sem observar a presença dos outros veículos";"Colisão frontal";"Com Vítimas Feridas";"Plena Noite";"Crescente";"Céu Claro";"Simples";"Reta";"Não";2;0;0;1;1;0;1;2;-19,7488;-42,13295;"SPRF-MG";"DEL06/MG";"UOP02-DEL06-MG"
771698;2026-05-14;"quinta-feira";"18:33:00";"SC";101;336;"TUBARAO";"Ausência de reação do condutor";"Colisão traseira";"Com Vítimas Feridas";"Plena Noite";"Decrescente";"Nublado";"Múltipla";"Reta";"Não";2;0;0;1;1;0;1;2;-28,49624649;-49,04406309;"SPRF-SC";"DEL02/SC";"UOP01-DEL02-SC"
771699;2026-05-14;"quinta-feira";"16:20:00";"PR";277;5;"FOZ DO IGUACU";"Conversão proibida";"Colisão transversal";"Com Vítimas Feridas";"Pleno dia";"Crescente";"Nublado";"Simples";"Reta";"Não";3;0;1;0;2;0;1;3;-25,53379139;-54,52844946;"SPRF-PR";"DEL05/PR";"UOP04-DEL05-PR"
771700;2026-05-14;"quinta-feira";"19:48:00";"SP";116;282;"EMBU DAS ARTES";"Reação tardia ou ineficiente do condutor";"Colisão traseira";"Com Vítimas Feridas";"Plena Noite";"Crescente";"Céu Claro";"Dupla";"Reta";"Sim";2;0;1;0;1;0;1;2;-23,66231924;-46,85324881;"SPRF-SP";"DEL04/SP";"UOP01-DEL04-SP"
771701;2026-05-14;"quinta-feira";"19:22:00";"RJ";116;118;"MAGE";"Ausência de reação do condutor";"Colisão traseira";"Com Vítimas Feridas";"Plena Noite";"Decrescente";"Nublado";"Dupla";"Reta";"Não";2;0;1;0;1;0;1;2;-22,6075082;-43,0285511;"SPRF-RJ";"DEL04/RJ";"UOP02-DEL04-RJ"
771704;2026-05-14;"quinta-feira";"14:10:00";"RO";364;427;"JARU";"Acessar a via sem observar a presença dos outros veículos";"Colisão transversal";"Com Vítimas Feridas";"Pleno dia";"Crescente";"Céu Claro";"Múltipla";"Reta";"Sim";3;0;1;0;1;1;1;3;-10,42815296;-62,48630259;"SPRF-RO";"DEL03-RO";"UOP02-DEL03-RO"
771705;2026-05-14;"quinta-feira";"19:48:00";"CE";20;82;"TAUA";"Animais na Pista";"Tombamento";"Com Vítimas Feridas";"Plena Noite";"Crescente";"Céu Claro";"Simples";"Aclive";"Sim";1;0;0;1;0;0;1;1;-6,009177;-40,288402;"SPRF-CE";"DEL02/CE";"UOP02-DEL02-CE"
771706;2026-05-14;"quinta-feira";"19:00:00";"SC";153;99,4;"CONCORDIA";"Condutor deixou de manter distância do veículo da frente";"Queda de ocupante de veículo";"Com Vítimas Feridas";"Plena Noite";"Crescente";"Céu Claro";"Simples";"Reta";"Não";2;0;2;0;0;0;2;1;-27,24385238;-51,9517858;"SPRF-SC";"DEL07/SC";"UOP04-DEL07-SC"