"id";"data_inversa";"dia_semana";"horario";"uf";"br";"km";"municipio";"causa_acidente";"tipo_acidente";"classificacao_acidente";"fase_dia";"sentido_via";"condicao_metereologica";"tipo_pista";"tracado_via";"uso_solo";"pessoas";"mortos";"feridos_leves";"feridos_graves";"ilesos";"ignorados";"feridos";"veiculos";"latitude";"longitude";"regional";"delegacia";"uop"
771707;2026-05-14;"quinta-feira";"18:20:00";"RJ";101;316;"SAO GONCALO";"Ausência de reação do condutor";"Colisão traseira";"Com Vítimas Feridas";"Plena Noite";"Decrescente";"Céu Claro";"Múltipla";"Reta";"Sim";2;0;1;0;1;0;1;2;-22,8283511;-43,0921496;"SPRF-RJ";"DEL02/RJ";"UOP02-DEL02-RJ"
771709;2026-05-14;"quinta-feira";"07:35:00";"RJ";101;323;"NITEROI";"Reação tardia ou ineficiente do condutor";"Tombamento";"Com Vítimas Feridas";"Pleno dia";"Crescente";"Céu Claro";"Dupla";"Reta";"Não";1;0;1;0;0;0;1;1;-22,8755713;-43,1195831;"SPRF-RJ";"DEL02/RJ";"UOP01-DEL02-RJ"
771710;2026-05-14;"quinta-feira";"18:15:00";"MG";50;26,1;"ARAGUARI";"Avarias e/ou desgaste excessivo no pneu";"Tombamento";"Sem Vítimas";"Plena Noite";"Decrescente";"Céu Claro";"Dupla";"Reta;Aclive";"Não";2;0;0;0;2;0;0;1;-18,61939036;-48,09019983;"SPRF-MG";"DEL15/MG";"UOP02-DEL15-MG"
771711;2026-05-14;"quinta-feira";"17:45:00";"MG";40;41,5;"PARACATU";"Acessar a via sem observar a presença dos outros veículos";"Colisão transversal";"Com Vítimas Feridas";"Pleno dia";"Crescente";"Céu Claro";"Simples";"Reta";"Sim";3;0;1;0;2;0;1;2;-17,20973535;-46,87765214;"SPRF-MG";"DEL14/MG";"UOP01-DEL14-MG"
771717;2026-05-14;"quinta-feira";"21:00:00";"SC";101;25,6;"JOINVILLE";"Velocidade Incompatível";"Colisão lateral mesmo sentido";"Sem Vítimas";"Plena Noite";"Crescente";"Nublado";"Dupla";"Reta";"Sim";3;0;0;0;3;0;0;3;-26,18686677;-48,91147614;"SPRF-SC";"DEL03/SC";"UOP01-DEL03-SC"
771718;2026-05-14;"quinta-feira";"20:50:00";"PR";158;519,9;"PATO BRANCO";"Ingestão de álcool pelo condutor";"Colisão frontal";"Com Vítimas Feridas";"Plena Noite";"Crescente";"Nublado";"Simples";"Curva";"Não";2;0;0;1;1;0;1;2;-26,11621231;-52,64005244;"SPRF-PR";"DEL02/PR";"UOP01-DEL02-PR"
771719;2026-05-14;"quinta-feira";"18:20:00";"SC";480;130,8;"CHAPECO";"Reação tardia ou ineficiente do condutor";"Colisão traseira";"Com Vítimas Feridas";"Plena Noite";"Crescente";"Céu Claro";"Simples";"Interseção de Vias;Reta";"Não";2;0;1;0;1;0;1;2;-27,057467;-52,636597;"SPRF-SC";"DEL07/SC";"UOP01-DEL07-SC"
771720;2026-05-14;"quinta-feira";"20:20:00";"MS";376;2;"DOURADOS";"Ausência de reação do condutor";"Saída de leito carroçável";"Com Vítimas Feridas";"Plena Noite";"Decrescente";"Chuva";"Simples";"Reta";"Não";1;0;0;1;0;0;1;1;-22,209865;-54,679527;"SPRF-MS";"DEL04/MS";"UOP01-DEL04-MS"
771721;2026-05-14;"quinta-feira";"20:00:00";"SC";280;38;"JOINVILLE";"Ausência de reação do condutor";"Saída de leito carroçável";"Com Vítimas Feridas";"Plena Noite";"Crescente";"Nublado";"Simples";"Em Obras";"Não";1;0;0;1;0;0;1;1;-26,44793;-48,82774;"SPRF-SC";"DEL03/SC";"UOP03-DEL03-SC"
771723;2026-05-14;"quinta-feira";"21:51:00";"AP";210;0;"MACAPA";"Reação tardia ou ineficiente do condutor";"Atropelamento de Pedestre";"Com Vítimas Feridas";"Plena Noite";"Decrescente";"Céu Claro";"Simples";"Reta";"Não";2;0;2;0;0;0;2;2;0,07738221;-51,06546013;"SPRF-AP";"DEL01-AP";"UOP01-DEL01-AP"
771724;2026-05-14;"quinta-feira";"18:20:00";"RJ";101;287;"ITABORAI";"Condutor deixou de manter distância do veículo da frente";"Colisão traseira";"Com Vítimas Feridas";"Plena Noite";"Decrescente";"Céu Claro";"Dupla";"Reta;Em Obras";"Não";2;0;1;0;1;0;1;2;-22,76090702;-42,84573555;"SPRF-RJ";"DEL02/RJ";"UOP02-DEL02-RJ"
771725;2026-05-14;"quinta-feira";"21:40:00";"MG";381;395,6;"BOM JESUS DO AMPARO";"Mal súbito do condutor";"Colisão traseira";"Com Vítimas Feridas";"Plena Noite";"Crescente";"Céu Claro";"Dupla";"Curva";"Não";5;0;0;2;3;0;2;2;-19,742835;-43,499968;"SPRF-MG";"DEL01/MG";"UOP01-DEL01-MG"
771727;2026-05-14;"quinta-feira";"21:50:00";"PR";376;616,5;"SAO JOSE DOS PINHAIS";"Manobra de mudança de faixa";"Colisão lateral mesmo sentido";"Sem Vítimas";"Plena Noite";"Crescente";"Nublado";"Dupla";"Reta;Aclive";"Sim";2;0;0;0;2;0;0;2;-25,58563384;-49,17448131;"SPRF-PR";"DEL01/PR";"UOP04-DEL01-PR"
771728;2026-05-14;"quinta-feira";"20:10:00";"RJ";493;0;"ITABORAI";"Transitar no Acostamento";"Atropelamento de Pedestre";"Com Vítimas Feridas";"Plena Noite";"Decrescente";"Céu Claro";"Simples";"Reta";"Sim";2;0;0;1;0;1;1;2;-22,76581852;-42,92421196;"SPRF-RJ";"DEL02/RJ";"UOP02-DEL02-RJ"
771730;2026-05-14;"quinta-feira";"22:15:00";"DF";20;12;"BRASILIA";"Velocidade Incompatível";"Colisão transversal";"Sem Vítimas";"Pleno dia";"Decrescente";"Céu Claro";"Múltipla";"Reta";"Sim";2;0;0;0;1;1;0;2;-15,63932121;-47,75092632;"SPRF-DF";"DEL02-DF";"UOP01-DEL02-DF"
771731;2026-05-14;"quinta-feira";"22:10:00";"PE";101;57;"RECIFE";"Ausência de reação do condutor";"Colisão traseira";"Com Vítimas Feridas";"Plena Noite";"Crescente";"Nublado";"Dupla";"Reta";"Sim";3;0;2;0;1;0;2;2;-7,9627897;-34,91512614;"SPRF-PE";"DEL01/PE";"UOP02-DEL01-PE"
771734;2026-05-14;"quinta-feira";"18:00:00";"CE";222;122;"ITAPAJE";"Acessar a via sem observar a presença dos outros veículos";"Colisão transversal";"Com Vítimas Fatais";"Plena Noite";"Decrescente";"Céu Claro";"Simples";"Declive;Interseção de Vias";"Sim";3;1;1;0;1;0;1;2;-3,69592148;-39,57925558;"SPRF-CE";"DEL04/CE";"UOP03-DEL04-CE"
771737;2026-05-05;"terça-feira";"19:30:00";"GO";364;306;"MINEIROS";"Ausência de reação do condutor";"Colisão com objeto";"Com Vítimas Fatais";"Plena Noite";"Crescente";"Céu Claro";"Simples";"Reta;Declive;Ponte";"Não";1;1;0;0;0;0;0;1;-17,507283;-52,538563;"SPRF-GO";"DEL05/GO";"UOP01-DEL05-GO"
771738;2026-05-14;"quinta-feira";"19:50:00";"PA";163;981;"SANTAREM";"Acessar a via sem observar a presença dos outros veículos";"Colisão transversal";"Com Vítimas Feridas";"Plena Noite";"Decrescente";"Ignorado";"Simples";"Reta";"Sim";2;0;1;0;0;1;1;2;-2,6222416;-54,7350347;"SPRF-PA";"DEL05/PA";"UOP01-DEL05-PA"
771740;2026-05-14;"quinta-feira";"23:25:00";"PA";316;63;"CASTANHAL";"Condutor desrespeitou a iluminação vermelha do semáforo";"Colisão transversal";"Sem Vítimas";"Plena Noite";"Crescente";"Nublado";"Dupla";"Reta;Interseção de Vias";"Sim";5;0;0;0;5;0;0;2;-1,296793;-47,92842;"SPRF-PA";"DEL01/PA";"UOP01-DEL01-PA"
771744;2026-05-15;"sexta-feira";"00:40:00";"PA";316;25;"SANTA IZABEL DO PARA";"Mal súbito do condutor";"Tombamento";"Com Vítimas Feridas";"Plena Noite";"Decrescente";"Céu Claro";"Dupla";"Reta";"Não";1;0;1;0;0;0;1;1;-1,308315;-48,215437;"SPRF-PA";"DEL01/PA";"UOP01-DEL01-PA"
771745;2026-05-14;"quinta-feira";"20:00:00";"GO";70;78,2;"PIRENOPOLIS";"Ausência de reação do condutor";"Saída de leito carroçável";"Com Vítimas Fatais";"Plena Noite";"Decrescente";"Céu Claro";"Simples";"Reta;Declive";"Não";1;1;0;0;0;0;0;1;-15,78817;-48,871026;"SPRF-GO";"DEL02/GO";"UOP02-DEL02-GO"
771746;2026-05-15;"sexta-feira";"01:30:00";"PR";376;636;"TIJUCAS DO SUL";"Pedestre cruzava a pista fora da faixa";"Atropelamento de Pedestre";"Com Vítimas Fatais";"Plena Noite";"Decrescente";"Nublado";"Dupla";"Reta";"Sim";2;1;1;0;0;0;1;2;-25,75255515;-49,12669508;"SPRF-PR";"DEL01/PR";"UOP04-DEL01-PR"
771748;2026-05-15;"sexta-feira";"02:20:00";"MA";10;244,3;"DAVINOPOLIS";"Ausência de reação do condutor";"Colisão traseira";"Com Vítimas Feridas";"Plena Noite";"Crescente";"Céu Claro";"Simples";"Reta";"Não";6;0;2;0;3;1;2;2;-5,593278;-47,43074;"SPRF-MA";"DEL04-MA";"UOP01-DEL04-MA"
771750;2026-05-15;"sexta-feira";"03:28:00";"SC";101;240,6;"PALHOCA";"Reação tardia ou ineficiente do condutor";"Saída de leito carroçável";"Sem Vítimas";"Plena Noite";"Decrescente";"Céu Claro";"Dupla";"Reta";"Não";1;0;0;0;1;0;0;1;-27,86374;-48,6457;"SPRF-SC";"DEL01/SC";"UOP02-DEL01-SC"
771751;2026-05-15;"sexta-feira";"03:49:00";"SC";282;492;"FAXINAL DOS GUEDES";"Reação tardia ou ineficiente do condutor";"Saída de leito carroçável";"Sem Vítimas";"Plena Noite";"Decrescente";"Chuva";"Simples";"Rotatória";"Não";1;0;0;0;1;0;0;1;-26,87182234;-52,3001408;"SPRF-SC";"DEL07/SC";"UOP01-DEL07-SC"
771752;2026-05-15;"sexta-feira";"04:30:00";"SC";101;205;"SAO JOSE";"Reação tardia ou ineficiente do condutor";"Colisão traseira";"Com Vítimas Feridas";"Plena Noite";"Decrescente";"Céu Claro";"Múltipla";"Reta";"Sim";2;0;1;0;1;0;1;2;-27,58397;-48,6154;"SPRF-SC";"DEL01/SC";"UOP01-DEL01-SC"
771753;2026-05-15;"sexta-feira";"04:50:00";"RS";290;96;"PORTO ALEGRE";"Ausência de reação do condutor";"Tombamento";"Com Vítimas Feridas";"Plena Noite";"Crescente";"Céu Claro";"Dupla";"Reta";"Sim";1;0;1;0;0;0;1;1;-29,99562873;-51,20597948;"SPRF-RS";"DEL01/RS";"UOP01-DEL01-RS"
771754;2026-05-14;"quinta-feira";"18:00:00";"PR";277;589;"CASCAVEL";"Acessar a via sem observar a presença dos outros veículos";"Colisão transversal";"Com Vítimas Feridas";"Plena Noite";"Crescente";"Céu Claro";"Simples";"Reta";"Sim";2;0;2;0;0;0;2;2;-24,9789472;-53,4492194;"SPRF-PR";"DEL04/PR";"UOP01-DEL04-PR"
771755;2026-05-15;"sexta-feira";"05:30:00";"PR";476;111;"COLOMBO";"Transitar na contramão";"Colisão frontal";"Com Vítimas Fatais";"Amanhecer";"Crescente";"Chuva";"Simples";"Curva";"Não";2;1;0;0;1;0;0;2;-25,314597;-49,158472;"SPRF-PR";"DEL01/PR";"UOP01-DEL01-PR"
771756;2026-05-15;"sexta-feira";"06:30:00";"RN";304;41;"MOSSORO";"Ausência de reação do condutor";"Tombamento";"Com Vítimas Feridas";"Pleno dia";"Decrescente";"Céu Claro";"Dupla";"Reta";"Não";1;0;1;0;0;0;1;1;-5,2119895;-37,37287045;"SPRF-RN";"DEL04-RN";"UOP01-DEL04-RN"
771757;2026-05-15;"sexta-feira";"03:40:00";"BA";242;275;"BOA VISTA DO TUPIM";"Pista esburacada";"Saída de leito carroçável";"Com Vítimas Feridas";"Amanhecer";"Crescente";"Nevoeiro/Neblina";"Simples";"Reta";"Não";10;0;10;0;0;0;10;1;-12,4487;-40,66249;"SPRF-BA";"DEL06/BA";"UOP02-DEL06-BA"
771760;2026-05-15;"sexta-feira";"06:40:00";"RJ";116;172;"SAO JOAO DE MERITI";"Trafegar com motocicleta (ou similar) entre as faixas";"Colisão lateral mesmo sentido";"Com Vítimas Feridas";"Pleno dia";"Decrescente";"Céu Claro";"Dupla";"Reta";"Sim";2;0;1;0;1;0;1;2;-22,80338247;-43,34841371;"SPRF-RJ";"DEL06/RJ";"UOP01-DEL06-RJ"
771761;2026-05-15;"sexta-feira";"07:13:00";"RN";304;43;"MOSSORO";"Condutor deixou de manter distância do veículo da frente";"Colisão traseira";"Com Vítimas Feridas";"Pleno dia";"Decrescente";"Céu Claro";"Dupla";"Reta";"Não";3;0;1;0;2;0;1;2;-5,22126;-37,360738;"SPRF-RN";"DEL04-RN";"UOP01-DEL04-RN"
771762;2026-05-15;"sexta-feira";"07:05:00";"SP";116;217;"GUARULHOS";"Reação tardia ou ineficiente do condutor";"Colisão traseira";"Com Vítimas Feridas";"Pleno dia";"Crescente";"Céu Claro";"Múltipla";"Reta";"Não";1;0;1;0;0;0;1;1;-23,454833;-46,473857;"SPRF-SP";"DEL01/SP";"UOP01-DEL01-SP"
771764;2026-05-14;"quinta-feira";"08:30:00";"RS";285;479;"CORONEL BARROS";"Ultrapassagem Indevida";"Colisão lateral mesmo sentido";"Com Vítimas Feridas";"Pleno dia";"Decrescente";"Céu Claro";"Dupla";"Reta";"Não";2;0;1;0;1;0;1;2;-28,37389659;-54,10187576;"SPRF-RS";"DEL10/RS";"UOP01-DEL10-RS"
771765;2026-05-15;"sexta-feira";"07:00:00";"PR";369;148;"LONDRINA";"Trafegar com motocicleta (ou similar) entre as faixas";"Colisão traseira";"Com Vítimas Feridas";"Pleno dia";"Decrescente";"Chuva";"Dupla";"Reta";"Sim";2;0;1;0;1;0;1;2;-23,29303695;-51,14388792;"SPRF-PR";"DEL07/PR";"UOP01-DEL07-PR"
771767;2026-05-15;"sexta-feira";"05:45:00";"RJ";101;316;"SAO GONCALO";"Ingestão de álcool pelo condutor";"Colisão lateral mesmo sentido";"Sem Vítimas";"Pleno dia";"Crescente";"Céu Claro";"Simples";"Reta";"Sim";2;0;0;0;2;0;0;2;-22,82747119;-43,09183493;"SPRF-RJ";"DEL02/RJ";"UOP02-DEL02-RJ"
771768;2026-05-07;"quinta-feira";"15:30:00";"BA";101;884;"TEIXEIRA DE FREITAS";"Demais falhas mecânicas ou elétricas";"Incêndio";"Sem Vítimas";"Pleno dia";"Crescente";"Céu Claro";"Simples";"Curva";"Não";1;0;0;0;1;0;0;1;-17,596398;-39,749318;"SPRF-BA";"DEL09/BA";"UOP02-DEL09-BA"
771771;2026-05-15;"sexta-feira";"07:30:00";"SP";116;503;"CAJATI";"Chuva";"Saída de leito carroçável";"Sem Vítimas";"Pleno dia";"Crescente";"Chuva";"Simples";"Curva;Aclive";"Não";3;0;0;0;3;0;0;1;-24,7790281;-48,2136884;"SPRF-SP";"DEL05/SP";"UOP02-DEL05-SP"
771772;2026-05-15;"sexta-feira";"07:27:00";"PI";343;55;"BURITI DOS LOPES";"Reação tardia ou ineficiente do condutor";"Colisão traseira";"Com Vítimas Feridas";"Pleno dia";"Decrescente";"Céu Claro";"Simples";"Reta";"Não";2;0;1;0;1;0;1;2;-3,218013;-41,82302;"SPRF-PI";"DEL05-PI";"UOP01-DEL05-PI"
771773;2026-05-15;"sexta-feira";"07:40:00";"DF";70;16,6;"BRASILIA";"Manobra de mudança de faixa";"Colisão lateral mesmo sentido";"Com Vítimas Feridas";"Pleno dia";"Decrescente";"Céu Claro";"Dupla";"Reta";"Não";2;0;1;0;1;0;1;2;-15,79351752;-48,20423417;"SPRF-DF";"DEL03-DF";"UOP02-DEL03-DF"
771774;2026-05-15;"sexta-feira";"06:25:00";"RS";285;268;"MATO CASTELHANO";"Reação tardia ou ineficiente do condutor";"Colisão frontal";"Com Vítimas Feridas";"Amanhecer";"Crescente";"Céu Claro";"Simples";"Reta";"Não";3;0;1;2;0;0;3;2;-28,30444917;-52,12993115;"SPRF-RS";"DEL08/RS";"UOP03-DEL08-RS"
771775;2026-05-15;"sexta-feira";"07:50:00";"SC";470;47,1;"BLUMENAU";"Chuva";"Colisão com objeto";"Com Vítimas Feridas";"Pleno dia";"Crescente";"Chuva";"Dupla";"Reta";"Sim";1;0;1;0;0;0;1;1;-26,86316;-49,048767;"SPRF-SC";"DEL04/SC";"UOP01-DEL04-SC"
771776;2026-05-15;"sexta-feira";"07:20:00";"PR";116;16,4;"COLOMBO";"Reação tardia ou ineficiente do condutor";"Tombamento";"Com Vítimas Feridas";"Pleno dia";"Crescente";"Chuva";"Dupla";"Reta;Aclive";"Sim";6;0;1;0;4;1;1;5;-25,38779324;-49,18002812;"SPRF-PR";"DEL01/PR";"UOP02-DEL01-PR"
771777;2026-02-28;"sábado";"09:40:00";"RJ";101;451,9;"MANGARATIBA";"Reação tardia ou ineficiente do condutor";"Colisão frontal";"Com Vítimas Feridas";"Pleno dia";"Crescente";"Chuva";"Simples";"Aclive;Curva";"Não";7;0;0;7;0;0;7;2;-23,03117312;-44,13053514;"SPRF-RJ";"DEL03/RJ";"UOP02-DEL03-RJ"
771778;2026-05-15;"sexta-feira";"07:30:00";"SC";282;17,4;"PALHOCA";"Ultrapassagem Indevida";"Colisão lateral mesmo sentido";"Com Vítimas Feridas";"Amanhecer";"Crescente";"Nublado";"Simples";"Reta";"Sim";2;0;1;0;0;1;1;2;-27,66913;-48,69127;"SPRF-SC";"DEL01/SC";"UOP02-DEL01-SC"
771779;2026-05-15;"sexta-feira";"07:35:00";"BA";324;0,8;"SALVADOR";"Condutor deixou de manter distância do veículo da frente";"Engavetamento";"Com Vítimas Feridas";"Pleno dia";"Crescente";"Sol";"Dupla";"Declive;Viaduto;Reta";"Sim";4;0;1;0;2;1;1;3;-12,969068;-38,481601;"SPRF-BA";"DEL01/BA";"UOP01-DEL01-BA"
771780;2026-05-15;"sexta-feira";"07:40:00";"BA";324;615;"SALVADOR";"Manobra de mudança de faixa";"Colisão traseira";"Com Vítimas Feridas";"Pleno dia";"Decrescente";"Céu Claro";"Simples";"Reta";"Sim";3;0;2;0;1;0;2;2;-12,888593;-38,441585;"SPRF-BA";"DEL01/BA";"UOP01-DEL01-BA"
771781;2026-05-15;"sexta-feira";"07:00:00";"PR";376;206,5;"MANDAGUARI";"Reação tardia ou ineficiente do condutor";"Saída de leito carroçável";"Com Vítimas Feridas";"Pleno dia";"Decrescente";"Chuva";"Dupla";"Em Obras;Declive";"Não";1;0;1;0;0;0;1;1;-23,53995997;-51,70381665;"SPRF-PR";"DEL09/PR";"UOP01-DEL09-PR"
771782;2026-05-15;"sexta-feira";"08:20:00";"SP";116;218;"GUARULHOS";"Manobra de mudança de faixa";"Colisão lateral mesmo sentido";"Com Vítimas Feridas";"Pleno dia";"Crescente";"Nublado";"Múltipla";"Reta";"Sim";3;0;1;0;2;0;1;3;-23,45946837;-46,48506451;"SPRF-SP";"DEL01/SP";"UOP01-DEL01-SP"
771784;2026-05-15;"sexta-feira";"08:20:00";"PB";230;4,3;"CABEDELO";"Acessar a via sem observar a presença dos outros veículos";"Colisão transversal";"Com Vítimas Feridas";"Pleno dia";"Crescente";"Céu Claro";"Simples";"Interseção de Vias;Viaduto";"Sim";3;0;2;1;0;0;3;2;-7,00587795;-34,82958762;"SPRF-PB";"DEL01-PB";"UOP01-DEL01-PB"
771785;2026-05-15;"sexta-feira";"08:16:00";"AL";104;63;"MESSIAS";"Demais falhas mecânicas ou elétricas";"Incêndio";"Sem Vítimas";"Pleno dia";"Crescente";"Céu Claro";"Simples";"Reta";"Não";2;0;0;0;2;0;0;1;-9,36455469;-35,85010529;"SPRF-AL";"DEL01-AL";"UOP02-DEL01-AL"
771786;2026-05-15;"sexta-feira";"08:30:00";"MG";381;864,8;"POUSO ALEGRE";"Ausência de reação do condutor";"Queda de ocupante de veículo";"Com Vítimas Feridas";"Pleno dia";"Crescente";"Céu Claro";"Dupla";"Aclive;Reta";"Não";1;0;1;0;0;0;1;1;-22,355095;-45,928113;"SPRF-MG";"DEL16/MG";"UOP01-DEL16-MG"
771787;2026-04-17;"sexta-feira";"18:00:00";"BA";101;440;"UBAITABA";"Acessar a via sem observar a presença dos outros veículos";"Colisão transversal";"Com Vítimas Feridas";"Anoitecer";"Crescente";"Ignorado";"Simples";"Reta";"Não";2;0;0;1;1;0;1;2;-14,26699298;-39,32657719;"SPRF-BA";"DEL05/BA";"UOP01-DEL05-BA"
771788;2026-05-15;"sexta-feira";"08:15:00";"SC";101;206;"SAO JOSE";"Trafegar com motocicleta (ou similar) entre as faixas";"Colisão lateral mesmo sentido";"Com Vítimas Feridas";"Pleno dia";"Decrescente";"Céu Claro";"Múltipla";"Reta";"Sim";3;0;2;0;1;0;2;3;-27,59972762;-48,62218078;"SPRF-SC";"DEL01/SC";"UOP01-DEL01-SC"
771789;2026-05-15;"sexta-feira";"08:30:00";"GO";153;506;"APARECIDA DE GOIANIA";"Manobra de mudança de faixa";"Colisão lateral mesmo sentido";"Com Vítimas Feridas";"Pleno dia";"Decrescente";"Céu Claro";"Múltipla";"Reta";"Sim";3;0;1;0;2;0;1;2;-16,748507;-49,240837;"SPRF-GO";"DEL01/GO";"UOP01-DEL01-GO"
771791;2026-05-03;"domingo";"23:20:00";"PR";153;38,3;"SANTO ANTONIO DA PLATINA";"Animais na Pista";"Atropelamento de Animal";"Com Vítimas Feridas";"Plena Noite";"Crescente";"Céu Claro";"Simples";"Curva;Declive";"Não";4;0;3;0;1;0;3;1;-23,27029557;-50,06186184;"SPRF-PR";"DEL07/PR";"UOP04-DEL07-PR"
771793;2026-05-15;"sexta-feira";"09:30:00";"MG";40;793,7;"JUIZ DE FORA";"Condutor deixou de manter distância do veículo da frente";"Saída de leito carroçável";"Com Vítimas Feridas";"Pleno dia";"Crescente";"Céu Claro";"Dupla";"Curva";"Não";1;0;1;0;0;0;1;1;-21,78373107;-43,41522217;"SPRF-MG";"DEL05/MG";"UOP01-DEL05-MG"
771794;2026-05-15;"sexta-feira";"07:25:00";"SC";101;35,9;"JOINVILLE";"Chuva";"Colisão com objeto";"Com Vítimas Feridas";"Pleno dia";"Crescente";"Chuva";"Dupla";"Curva";"Não";1;0;1;0;0;0;1;1;-26,27588492;-48,89327852;"SPRF-SC";"DEL03/SC";"UOP01-DEL03-SC"
771796;2026-05-15;"sexta-feira";"07:30:00";"MG";381;937;"EXTREMA";"Curva acentuada";"Colisão com objeto";"Com Vítimas Feridas";"Pleno dia";"Decrescente";"Nublado";"Dupla";"Curva";"Não";1;0;1;0;0;0;1;1;-22,81238562;-46,28538609;"SPRF-MG";"DEL16/MG";"UOP03-DEL16-MG"
771798;2026-05-15;"sexta-feira";"08:20:00";"MA";135;69,8;"SANTA RITA";"Transitar na contramão";"Colisão transversal";"Com Vítimas Feridas";"Pleno dia";"Crescente";"Céu Claro";"Simples";"Reta";"Sim";3;0;1;0;2;0;1;2;-3,14702942;-44,32846069;"SPRF-MA";"DEL01-MA";"UOP02-DEL01-MA"
771799;2026-05-15;"sexta-feira";"07:20:00";"SC";101;198,8;"SAO JOSE";"Manobra de mudança de faixa";"Colisão lateral mesmo sentido";"Com Vítimas Feridas";"Pleno dia";"Crescente";"Nublado";"Simples";"Reta";"Não";2;0;1;0;1;0;1;2;-27,533057;-48,63125;"SPRF-SC";"DEL01/SC";"UOP01-DEL01-SC"
771800;2026-05-15;"sexta-feira";"10:00:00";"MG";381;478;"CONTAGEM";"Ausência de reação do condutor";"Colisão traseira";"Com Vítimas Feridas";"Pleno dia";"Decrescente";"Céu Claro";"Dupla";"Reta";"Não";3;0;2;0;1;0;2;2;-19,9625975;-44,04000655;"SPRF-MG";"DEL01/MG";"UOP03-DEL01-MG"
771803;2026-05-15;"sexta-feira";"09:30:00";"MG";40;530,5;"CONTAGEM";"Manobra de mudança de faixa";"Colisão lateral mesmo sentido";"Com Vítimas Feridas";"Pleno dia";"Crescente";"Céu Claro";"Dupla";"Curva;Aclive";"Sim";2;0;1;0;1;0;1;2;-19,9189648;-44,0266174;"SPRF-MG";"DEL01/MG";"UOP02-DEL01-MG"
771804;2026-05-15;"sexta-feira";"09:54:00";"PB";101;89;"JOAO PESSOA";"Manobra de mudança de faixa";"Colisão lateral mesmo sentido";"Com Vítimas Feridas";"Pleno dia";"Crescente";"Nublado";"Dupla";"Reta";"Sim";2;0;1;0;1;0;1;2;-7,177928;-34,899603;"SPRF-PB";"DEL01-PB";"UOP01-DEL01-PB"
771805;2026-05-08;"sexta-feira";"08:10:00";"MS";163;765;"COXIM";"Ingestão de álcool pelo condutor";"Eventos atípicos";"Sem Vítimas";"Pleno dia";"Decrescente";"Céu Claro";"Simples";"Reta";"Não";5;0;0;0;5;0;0;2;-18,20388;-54,65216;"SPRF-MS";"DEL06/MS";"UOP01-DEL06-MS"
771806;2026-05-15;"sexta-feira";"09:30:00";"BA";101;375;"GANDU";"Demais falhas mecânicas ou elétricas";"Incêndio";"Sem Vítimas";"Pleno dia";"Decrescente";"Céu Claro";"Simples";"Reta";"Não";2;0;0;0;2;0;0;1;-13,80132432;-39,49681755;"SPRF-BA";"DEL05/BA";"UOP03-DEL05-BA"
771809;2026-05-15;"sexta-feira";"09:30:00";"SP";116;72;"APARECIDA";"Demais falhas mecânicas ou elétricas";"Incêndio";"Sem Vítimas";"Pleno dia";"Crescente";"Nublado";"Dupla";"Aclive";"Sim";1;0;0;0;1;0;0;1;-22,86350304;-45,23749861;"SPRF-SP";"DEL08/SP";"UOP01-DEL08-SP"
771810;2026-05-15;"sexta-feira";"09:40:00";"RJ";485;0,5;"ITATIAIA";"Acessar a via sem observar a presença dos outros veículos";"Colisão lateral sentido oposto";"Sem Vítimas";"Pleno dia";"Crescente";"Céu Claro";"Simples";"Reta";"Não";2;0;0;0;2;0;0;2;-22,49037193;-44,56560485;"SPRF-RJ";"DEL07/RJ";"UOP02-DEL07-RJ"
771811;2026-05-15;"sexta-feira";"10:31:00";"GO";153;497;"GOIANIA";"Frear bruscamente";"Colisão lateral mesmo sentido";"Com Vítimas Feridas";"Pleno dia";"Crescente";"Sol";"Múltipla";"Reta";"Sim";6;0;1;0;5;0;1;6;-16,674208;-49,223818;"SPRF-GO";"DEL01/GO";"UOP01-DEL01-GO"
771813;2026-05-15;"sexta-feira";"09:35:00";"SC";101;48,3;"JOINVILLE";"Velocidade Incompatível";"Colisão com objeto";"Com Vítimas Feridas";"Pleno dia";"Decrescente";"Chuva";"Dupla";"Curva";"Sim";2;0;1;0;1;0;1;1;-26,37822614;-48,8519725;"SPRF-SC";"DEL03/SC";"UOP01-DEL03-SC"
771814;2026-05-15;"sexta-feira";"08:15:00";"PR";376;660;"TIJUCAS DO SUL";"Velocidade Incompatível";"Saída de leito carroçável";"Com Vítimas Feridas";"Pleno dia";"Decrescente";"Chuva";"Dupla";"Curva;Declive";"Não";1;0;1;0;0;0;1;1;-25,85279346;-48,99245739;"SPRF-PR";"DEL01/PR";"UOP04-DEL01-PR"
771815;2026-05-15;"sexta-feira";"07:00:00";"RS";116;253;"SAPUCAIA DO SUL";"Reação tardia ou ineficiente do condutor";"Tombamento";"Com Vítimas Feridas";"Pleno dia";"Decrescente";"Nublado";"Dupla";"Declive;Reta;Viaduto";"Sim";1;0;1;0;0;0;1;1;-29,81624394;-51,16948692;"SPRF-RS";"DEL01/RS";"UOP02-DEL01-RS"
771817;2026-05-15;"sexta-feira";"08:50:00";"PE";101;79;"JABOATAO DOS GUARARAPES";"Condutor deixou de manter distância do veículo da frente";"Colisão lateral mesmo sentido";"Com Vítimas Feridas";"Pleno dia";"Crescente";"Nublado";"Dupla";"Reta";"Não";3;0;2;0;1;0;2;2;-8,145258;-34,947302;"SPRF-PE";"DEL01/PE";"UOP01-DEL01-PE"