"id";"data_inversa";"dia_semana";"horario";"uf";"br";"km";"municipio";"causa_acidente";"tipo_acidente";"classificacao_acidente";"fase_dia";"sentido_via";"condicao_metereologica";"tipo_pista";"tracado_via";"uso_solo";"pessoas";"mortos";"feridos_leves";"feridos_graves";"ilesos";"ignorados";"feridos";"veiculos";"latitude";"longitude";"regional";"delegacia";"uop"
771818;2026-05-15;"sexta-feira";"08:00:00";"RS";116;253;"SAPUCAIA DO SUL";"Condutor deixou de manter distância do veículo da frente";"Colisão traseira";"Com Vítimas Feridas";"Pleno dia";"Crescente";"Nublado";"Dupla";"Declive;Viaduto";"Sim";2;0;1;0;1;0;1;2;-29,81692347;-51,16983024;"SPRF-RS";"DEL01/RS";"UOP02-DEL01-RS"
771821;2026-05-15;"sexta-feira";"10:01:00";"SP";116;1,6;"QUELUZ";"Condutor Dormindo";"Saída de leito carroçável";"Com Vítimas Feridas";"Pleno dia";"Crescente";"Sol";"Dupla";"Reta";"Não";1;0;1;0;0;0;1;1;-22,51025752;-44,68963623;"SPRF-SP";"DEL08/SP";"UOP02-DEL08-SP"
771823;2026-05-15;"sexta-feira";"11:30:00";"MG";50;58;"ARAGUARI";"Condutor usando celular";"Saída de leito carroçável";"Com Vítimas Feridas";"Pleno dia";"Decrescente";"Céu Claro";"Dupla";"Reta";"Não";1;0;1;0;0;0;1;1;-18,7646137;-48,24371338;"SPRF-MG";"DEL15/MG";"UOP02-DEL15-MG"
771825;2026-05-15;"sexta-feira";"11:30:00";"RS";116;153,9;"CAXIAS DO SUL";"Reação tardia ou ineficiente do condutor";"Colisão traseira";"Com Vítimas Feridas";"Plena Noite";"Crescente";"Céu Claro";"Simples";"Reta";"Sim";3;0;2;0;1;0;2;2;-29,19156312;-51,18036747;"SPRF-RS";"DEL05/RS";"UOP01-DEL05-RS"
771827;2026-05-15;"sexta-feira";"11:07:00";"MS";262;325,9;"CAMPO GRANDE";"Acesso irregular";"Colisão transversal";"Com Vítimas Feridas";"Pleno dia";"Crescente";"Nublado";"Dupla";"Interseção de Vias;Reta;Retorno Regulamentado";"Sim";2;0;1;0;1;0;1;2;-20,468885;-54,534329;"SPRF-MS";"DEL01/MS";"UOP01-DEL01-MS"
771829;2026-05-15;"sexta-feira";"12:25:00";"PR";277;54,7;"SAO JOSE DOS PINHAIS";"Velocidade Incompatível";"Saída de leito carroçável";"Com Vítimas Feridas";"Pleno dia";"Crescente";"Chuva";"Dupla";"Curva;Declive";"Não";1;0;0;1;0;0;1;1;-25,57487474;-48,98535188;"SPRF-PR";"DEL01/PR";"UOP05-DEL01-PR"
771830;2026-05-15;"sexta-feira";"11:40:00";"ES";101;307,7;"VIANA";"Manobra de mudança de faixa";"Saída de leito carroçável";"Com Vítimas Feridas";"Pleno dia";"Decrescente";"Céu Claro";"Dupla";"Curva";"Não";2;0;1;0;1;0;1;1;-20,40282967;-40,45539077;"SPRF-ES";"DEL01-ES";"UOP01-DEL01-ES"
771831;2026-05-15;"sexta-feira";"12:00:00";"PR";116;0;"CAMPINA GRANDE DO SUL";"Velocidade Incompatível";"Saída de leito carroçável";"Com Vítimas Feridas";"Pleno dia";"Crescente";"Chuva";"Dupla";"Curva;Declive";"Não";2;0;1;0;1;0;1;1;-25,060417;-48,562988;"SPRF-PR";"DEL01/PR";"UOP02-DEL01-PR"
771833;2026-05-15;"sexta-feira";"09:40:00";"MG";40;240;"SAO GONCALO DO ABAETE";"Reação tardia ou ineficiente do condutor";"Colisão com objeto";"Com Vítimas Feridas";"Pleno dia";"Crescente";"Céu Claro";"Simples";"Reta";"Não";1;0;1;0;0;0;1;1;-18,08588574;-45,48846781;"SPRF-MG";"DEL14/MG";"UOP02-DEL14-MG"
771836;2026-05-15;"sexta-feira";"12:30:00";"RJ";393;238;"VASSOURAS";"Acessar a via sem observar a presença dos outros veículos";"Colisão transversal";"Com Vítimas Feridas";"Pleno dia";"Crescente";"Sol";"Simples";"Reta";"Sim";2;0;1;0;1;0;1;2;-22,4290749;-43,6955802;"SPRF-RJ";"DEL05/RJ";"UOP03-DEL05-RJ"
771837;2026-05-15;"sexta-feira";"12:00:00";"SC";116;179,9;"SAO CRISTOVAO DO SUL";"Acessar a via sem observar a presença dos outros veículos";"Colisão transversal";"Com Vítimas Feridas";"Pleno dia";"Crescente";"Chuva";"Simples";"Reta;Interseção de Vias";"Sim";2;0;0;1;0;1;1;2;-27,26572;-50,44199;"SPRF-SC";"DEL05/SC";"UOP03-DEL05-SC"
771838;2026-05-15;"sexta-feira";"11:20:00";"RJ";40;62,5;"PETROPOLIS";"Retorno proibido";"Colisão transversal";"Com Vítimas Feridas";"Pleno dia";"Decrescente";"Nublado";"Dupla";"Reta";"Sim";3;0;2;0;1;0;2;2;-22,409138;-43,145641;"SPRF-RJ";"DEL05/RJ";"UOP02-DEL05-RJ"
771839;2026-05-15;"sexta-feira";"11:25:00";"RJ";40;62;"PETROPOLIS";"Reação tardia ou ineficiente do condutor";"Colisão traseira";"Com Vítimas Feridas";"Pleno dia";"Crescente";"Nublado";"Simples";"Reta";"Sim";2;0;1;1;0;0;2;2;-22,41108617;-43,14397708;"SPRF-RJ";"DEL05/RJ";"UOP02-DEL05-RJ"
771840;2026-05-15;"sexta-feira";"12:10:00";"SC";101;39,5;"JOINVILLE";"Chuva";"Queda de ocupante de veículo";"Com Vítimas Feridas";"Pleno dia";"Crescente";"Chuva";"Dupla";"Reta";"Não";1;0;1;0;0;0;1;1;-26,30538453;-48,88112275;"SPRF-SC";"DEL03/SC";"UOP01-DEL03-SC"
771843;2026-05-15;"sexta-feira";"12:40:00";"RJ";465;6;"SEROPEDICA";"Retorno proibido";"Colisão transversal";"Com Vítimas Feridas";"Pleno dia";"Decrescente";"Nublado";"Simples";"Reta";"Sim";2;0;1;0;1;0;1;2;-22,75431;-43,69288;"SPRF-RJ";"DEL06/RJ";"UOP02-DEL06-RJ"
771846;2026-05-15;"sexta-feira";"13:50:00";"MG";267;46;"MARIPA DE MINAS";"Reação tardia ou ineficiente do condutor";"Colisão traseira";"Com Vítimas Feridas";"Pleno dia";"Crescente";"Chuva";"Simples";"Reta";"Não";3;0;1;0;2;0;1;2;-21,696892;-42,964611;"SPRF-MG";"DEL07/MG";"UOP01-DEL07-MG"
771847;2026-05-15;"sexta-feira";"08:30:00";"GO";452;100,3;"BOM JESUS DE GOIAS";"Afundamento ou ondulação no pavimento";"Queda de ocupante de veículo";"Com Vítimas Feridas";"Pleno dia";"Crescente";"Sol";"Simples";"Reta";"Não";2;0;1;1;0;0;2;1;-18,116785;-50,03323;"SPRF-GO";"DEL03/GO";"UOP02-DEL03-GO"
771848;2026-05-15;"sexta-feira";"13:24:00";"PR";277;705;"SANTA TEREZINHA DE ITAIPU";"Condutor deixou de manter distância do veículo da frente";"Colisão traseira";"Com Vítimas Feridas";"Pleno dia";"Crescente";"Chuva";"Dupla";"Retorno Regulamentado;Reta";"Não";2;0;1;0;1;0;1;2;-25,43341595;-54,37515585;"SPRF-PR";"DEL05/PR";"UOP01-DEL05-PR"
771851;2026-05-15;"sexta-feira";"11:50:00";"PI";407;439;"GEMINIANO";"Demais falhas mecânicas ou elétricas";"Incêndio";"Sem Vítimas";"Pleno dia";"Decrescente";"Céu Claro";"Simples";"Reta";"Sim";1;0;0;0;1;0;0;1;-7,195782;-41,310962;"SPRF-PI";"DEL04-PI";"UOP01-DEL04-PI"
771852;2026-05-15;"sexta-feira";"10:30:00";"RJ";116;276;"BARRA MANSA";"Reação tardia ou ineficiente do condutor";"Tombamento";"Com Vítimas Feridas";"Pleno dia";"Crescente";"Céu Claro";"Dupla";"Reta";"Não";3;0;2;0;1;0;2;2;-22,56192941;-44,16648054;"SPRF-RJ";"DEL07/RJ";"UOP02-DEL07-RJ"
771854;2026-05-15;"sexta-feira";"10:40:00";"BA";324;382;"GAVIAO";"Acessar a via sem observar a presença dos outros veículos";"Colisão transversal";"Com Vítimas Feridas";"Pleno dia";"Decrescente";"Céu Claro";"Simples";"Reta;Interseção de Vias";"Não";3;0;1;0;2;0;1;2;-11,477092;-39,779293;"SPRF-BA";"DEL04/BA";"UOP02-DEL04-BA"
771855;2026-05-15;"sexta-feira";"14:20:00";"DF";20;44;"BRASILIA";"Acessar a via sem observar a presença dos outros veículos";"Colisão transversal";"Sem Vítimas";"Pleno dia";"Crescente";"Céu Claro";"Dupla";"Reta";"Não";2;0;0;0;2;0;0;2;-15,5767033;-47,4718632;"SPRF-DF";"DEL02-DF";"UOP01-DEL02-DF"
771857;2026-05-15;"sexta-feira";"14:01:00";"SC";470;43,4;"GASPAR";"Chuva";"Capotamento";"Com Vítimas Feridas";"Pleno dia";"Crescente";"Chuva";"Dupla";"Reta";"Não";2;0;2;0;0;0;2;1;-26,87134134;-49,01782497;"SPRF-SC";"DEL04/SC";"UOP01-DEL04-SC"
771861;2026-05-15;"sexta-feira";"07:30:00";"CE";116;19;"EUSEBIO";"Manobra de mudança de faixa";"Colisão lateral mesmo sentido";"Com Vítimas Feridas";"Pleno dia";"Decrescente";"Céu Claro";"Dupla";"Reta";"Sim";2;0;1;0;1;0;1;2;-3,91771577;-38,50678889;"SPRF-CE";"DEL01/CE";"UOP02-DEL01-CE"
771862;2026-05-15;"sexta-feira";"14:45:00";"RS";116;253,6;"SAPUCAIA DO SUL";"Manobra de mudança de faixa";"Colisão lateral mesmo sentido";"Com Vítimas Feridas";"Pleno dia";"Crescente";"Nublado";"Dupla";"Reta";"Sim";2;0;1;0;1;0;1;2;-29,822824;-51,1715491;"SPRF-RS";"DEL01/RS";"UOP02-DEL01-RS"
771866;2026-05-15;"sexta-feira";"14:30:00";"PB";230;24,2;"JOAO PESSOA";"Ingestão de álcool pelo condutor";"Colisão com objeto";"Sem Vítimas";"Pleno dia";"Decrescente";"Céu Claro";"Dupla";"Reta";"Sim";1;0;0;0;1;0;0;1;-7,16728;-34,863685;"SPRF-PB";"DEL01-PB";"UOP01-DEL01-PB"
771868;2026-05-15;"sexta-feira";"15:30:00";"SP";381;71;"MAIRIPORA";"Pista Escorregadia";"Colisão com objeto";"Sem Vítimas";"Pleno dia";"Decrescente";"Chuva";"Dupla";"Declive;Curva";"Não";8;0;0;0;8;0;0;5;-23,34894165;-46,55417924;"SPRF-SP";"DEL03/SP";"UOP01-DEL03-SP"
771869;2026-05-15;"sexta-feira";"04:55:00";"RO";364;703;"PORTO VELHO";"Acumulo de água sobre o pavimento";"Colisão com objeto";"Sem Vítimas";"Amanhecer";"Decrescente";"Nublado";"Dupla";"Reta";"Não";1;0;0;0;0;1;0;1;-8,80051;-63,79914;"SPRF-RO";"DEL01-RO";"UOP01-DEL01-RO"
771870;2026-05-15;"sexta-feira";"08:30:00";"RJ";356;26;"ITAPERUNA";"Ultrapassagem Indevida";"Colisão lateral mesmo sentido";"Com Vítimas Feridas";"Pleno dia";"Decrescente";"Céu Claro";"Simples";"Reta";"Não";5;0;2;0;3;0;2;2;-21,25825;-41,76883164;"SPRF-RJ";"DEL08/RJ";"UOP03-DEL08-RJ"
771871;2026-05-15;"sexta-feira";"14:20:00";"RJ";101;322;"NITEROI";"Ausência de reação do condutor";"Tombamento";"Com Vítimas Feridas";"Pleno dia";"Crescente";"Nublado";"Simples";"Reta";"Não";1;0;1;0;0;0;1;1;-22,89164431;-43,06699634;"SPRF-RJ";"DEL02/RJ";"UOP01-DEL02-RJ"
771873;2026-05-15;"sexta-feira";"15:40:00";"RJ";101;419;"MANGARATIBA";"Reação tardia ou ineficiente do condutor";"Colisão com objeto";"Com Vítimas Feridas";"Pleno dia";"Decrescente";"Nublado";"Simples";"Aclive";"Não";2;0;1;0;1;0;1;2;-22,91902304;-43,9219044;"SPRF-RJ";"DEL03/RJ";"UOP02-DEL03-RJ"
771874;2026-05-15;"sexta-feira";"13:15:00";"SC";101;157,8;"PORTO BELO";"Reação tardia ou ineficiente do condutor";"Colisão com objeto";"Com Vítimas Feridas";"Pleno dia";"Decrescente";"Céu Claro";"Dupla";"Reta";"Sim";1;0;0;1;0;0;1;1;-27,19204453;-48,61244202;"SPRF-SC";"DEL04/SC";"UOP03-DEL04-SC"
771875;2026-05-11;"segunda-feira";"07:00:00";"BA";116;419,3;"FEIRA DE SANTANA";"Condutor deixou de manter distância do veículo da frente";"Colisão traseira";"Com Vítimas Feridas";"Pleno dia";"Crescente";"Nublado";"Dupla";"Reta";"Sim";3;0;1;2;0;0;3;2;-12,19307;-38,96555;"SPRF-BA";"DEL02/BA";"UOP01-DEL02-BA"
771876;2026-05-15;"sexta-feira";"13:48:00";"RO";364;236,8;"CACOAL";"Condutor deixou de manter distância do veículo da frente";"Colisão traseira";"Com Vítimas Feridas";"Pleno dia";"Crescente";"Céu Claro";"Simples";"Reta";"Sim";3;0;1;0;2;0;1;2;-11,443288;-61,446803;"SPRF-RO";"DEL02-RO";"UOP02-DEL02-RO"
771877;2026-05-15;"sexta-feira";"16:00:00";"RJ";101;387;"RIO DE JANEIRO";"Demais falhas mecânicas ou elétricas";"Incêndio";"Sem Vítimas";"Pleno dia";"Decrescente";"Céu Claro";"Dupla";"Reta";"Não";1;0;0;0;1;0;0;1;-22,886643;-43,622194;"SPRF-RJ";"DEL03/RJ";"UOP01-DEL03-RJ"
771881;2026-05-15;"sexta-feira";"16:00:00";"MA";135;5;"SAO LUIS";"Acessar a via sem observar a presença dos outros veículos";"Colisão transversal";"Com Vítimas Feridas";"Pleno dia";"Decrescente";"Céu Claro";"Dupla";"Reta";"Não";4;0;1;0;3;0;1;2;-2,62702;-44,26167;"SPRF-MA";"DEL01-MA";"UOP01-DEL01-MA"
771883;2026-05-15;"sexta-feira";"16:20:00";"SC";470;54;"BLUMENAU";"Ultrapassagem Indevida";"Colisão lateral mesmo sentido";"Com Vítimas Feridas";"Pleno dia";"Crescente";"Garoa/Chuvisco";"Simples";"Reta";"Sim";4;0;1;0;3;0;1;2;-26,87177417;-49,11217896;"SPRF-SC";"DEL04/SC";"UOP01-DEL04-SC"
771884;2026-05-15;"sexta-feira";"16:50:00";"MG";381;0;"BETIM";"Acessar a via sem observar a presença dos outros veículos";"Colisão lateral mesmo sentido";"Com Vítimas Feridas";"Pleno dia";"Decrescente";"Céu Claro";"Dupla";"Curva;Declive";"Não";4;0;2;0;2;0;2;2;-19,959864;-44,154524;"SPRF-MG";"DEL01/MG";"UOP03-DEL01-MG"
771886;2026-05-15;"sexta-feira";"16:28:00";"SP";116;217;"GUARULHOS";"Reação tardia ou ineficiente do condutor";"Colisão traseira";"Com Vítimas Feridas";"Pleno dia";"Decrescente";"Garoa/Chuvisco";"Múltipla";"Reta";"Sim";2;0;1;0;1;0;1;2;-23,4530273;-46,46858303;"SPRF-SP";"DEL01/SP";"UOP01-DEL01-SP"
771888;2026-05-15;"sexta-feira";"16:30:00";"SP";101;46;"UBATUBA";"Reação tardia ou ineficiente do condutor";"Tombamento";"Com Vítimas Feridas";"Pleno dia";"Decrescente";"Nublado";"Simples";"Reta";"Sim";1;0;1;0;0;0;1;1;-23,4244729;-45,07531497;"SPRF-SP";"DEL06/SP";"UOP01-DEL06-SP"
771889;2026-05-15;"sexta-feira";"16:35:00";"RS";153;48;"ERECHIM";"Acessar a via sem observar a presença dos outros veículos";"Atropelamento de Pedestre";"Com Vítimas Feridas";"Pleno dia";"Crescente";"Nublado";"Dupla";"Interseção de Vias;Viaduto";"Sim";3;0;0;1;1;1;1;2;-27,64817906;-52,25387583;"SPRF-RS";"DEL08/RS";"UOP04-DEL08-RS"
771891;2026-05-15;"sexta-feira";"17:05:00";"SP";153;57,3;"SAO JOSE DO RIO PRETO";"Avarias e/ou desgaste excessivo no pneu";"Tombamento";"Com Vítimas Feridas";"Pleno dia";"Decrescente";"Nublado";"Dupla";"Declive";"Sim";3;0;0;2;0;1;2;2;-20,777643;-49,35275;"SPRF-SP";"DEL09/SP";"UOP01-DEL09-SP"
771892;2026-05-15;"sexta-feira";"15:10:00";"PR";153;394;"MALLET";"Velocidade Incompatível";"Saída de leito carroçável";"Com Vítimas Feridas";"Pleno dia";"Crescente";"Chuva";"Simples";"Curva";"Não";1;0;1;0;0;0;1;1;-25,90493861;-50,83648682;"SPRF-PR";"DEL08/PR";"UOP02-DEL08-PR"
771894;2026-05-15;"sexta-feira";"17:33:00";"SC";280;60;"GUARAMIRIM";"Reação tardia ou ineficiente do condutor";"Colisão traseira";"Sem Vítimas";"Anoitecer";"Decrescente";"Garoa/Chuvisco";"Dupla";"Reta";"Sim";2;0;0;0;2;0;0;2;-26,4747395;-49,02861288;"SPRF-SC";"DEL03/SC";"UOP03-DEL03-SC"
771895;2026-05-11;"segunda-feira";"08:11:00";"RN";101;93,4;"NATAL";"Conversão proibida";"Colisão lateral mesmo sentido";"Sem Vítimas";"Pleno dia";"Decrescente";"Ignorado";"Dupla";"Reta";"Sim";1;0;0;0;1;0;0;1;-5,82472197;-35,20936847;"SPRF-RN";"DEL01-RN";"UOP01-DEL01-RN"
771898;2026-05-15;"sexta-feira";"18:00:00";"PR";476;114;"COLOMBO";"Acessar a via sem observar a presença dos outros veículos";"Colisão frontal";"Com Vítimas Feridas";"Anoitecer";"Decrescente";"Garoa/Chuvisco";"Simples";"Interseção de Vias;Reta";"Não";2;0;2;0;0;0;2;2;-25,37623215;-49,19468308;"SPRF-PR";"DEL01/PR";"UOP01-DEL01-PR"
771900;2026-05-15;"sexta-feira";"17:35:00";"MG";381;650,2;"SANTO ANTONIO DO AMPARO";"Acumulo de areia ou detritos sobre o pavimento";"Tombamento";"Com Vítimas Feridas";"Anoitecer";"Decrescente";"Céu Claro";"Dupla";"Interseção de Vias;Reta";"Não";1;0;1;0;0;0;1;1;-20,95520733;-44,91341352;"SPRF-MG";"DEL04/MG";"UOP02-DEL04-MG"
771901;2026-05-11;"segunda-feira";"07:00:00";"ES";393;0,9;"CACHOEIRO DE ITAPEMIRIM";"Reação tardia ou ineficiente do condutor";"Colisão traseira";"Com Vítimas Feridas";"Pleno dia";"Crescente";"Céu Claro";"Simples";"Reta";"Não";3;0;0;2;1;0;2;2;-20,83783364;-41,16589168;"SPRF-ES";"DEL03-ES";"UOP02-DEL03-ES"
771903;2026-05-15;"sexta-feira";"16:50:00";"GO";40;4;"VALPARAISO DE GOIAS";"Reação tardia ou ineficiente do condutor";"Colisão traseira";"Com Vítimas Feridas";"Pleno dia";"Crescente";"Chuva";"Dupla";"Reta";"Sim";3;0;1;0;2;0;1;3;-16,075372;-47,985636;"SPRF-DF";"DEL01-DF";"UOP01-DEL01-DF"
771904;2026-05-15;"sexta-feira";"19:30:00";"ES";101;137,2;"LINHARES";"Reação tardia ou ineficiente do condutor";"Colisão traseira";"Com Vítimas Feridas";"Plena Noite";"Decrescente";"Nublado";"Simples";"Reta";"Não";3;0;1;1;1;0;2;2;-19,29949707;-40,0846421;"SPRF-ES";"DEL04-ES";"UOP01-DEL04-ES"
771905;2026-05-15;"sexta-feira";"18:30:00";"PR";277;731,2;"FOZ DO IGUACU";"Pedestre cruzava a pista fora da faixa";"Colisão lateral mesmo sentido";"Com Vítimas Feridas";"Plena Noite";"Crescente";"Nublado";"Simples";"Curva";"Sim";3;0;1;0;1;1;1;3;-25,50938541;-54,59408785;"SPRF-PR";"DEL05/PR";"UOP03-DEL05-PR"
771906;2026-05-15;"sexta-feira";"20:05:00";"PR";116;124;"CURITIBA";"Manobra de mudança de faixa";"Colisão lateral mesmo sentido";"Com Vítimas Feridas";"Plena Noite";"Crescente";"Nublado";"Dupla";"Reta";"Sim";3;0;2;0;1;0;2;2;-25,61735;-49,3173333;"SPRF-PR";"DEL01/PR";"UOP03-DEL01-PR"
771908;2026-05-15;"sexta-feira";"19:45:00";"PR";376;351;"ORTIGUEIRA";"Pedestre andava na pista";"Atropelamento de Pedestre";"Com Vítimas Fatais";"Plena Noite";"Decrescente";"Chuva";"Simples";"Reta";"Não";2;1;0;0;0;1;0;2;-24,238112;-50,915945;"SPRF-PR";"DEL07/PR";"UOP02-DEL07-PR"
771909;2026-05-15;"sexta-feira";"20:45:00";"ES";101;147,4;"LINHARES";"Manobra de mudança de faixa";"Colisão traseira";"Com Vítimas Feridas";"Plena Noite";"Crescente";"Céu Claro";"Múltipla";"Reta";"Sim";4;0;2;0;2;0;2;2;-19,38296323;-40,06731812;"SPRF-ES";"DEL04-ES";"UOP01-DEL04-ES"
771910;2026-05-15;"sexta-feira";"21:00:00";"RS";116;297;"GUAIBA";"Ingestão de álcool pelo condutor";"Colisão lateral mesmo sentido";"Com Vítimas Feridas";"Plena Noite";"Crescente";"Céu Claro";"Dupla";"Reta";"Sim";3;0;2;0;1;0;2;2;-30,09956675;-51,34322969;"SPRF-RS";"DEL02/RS";"UOP01-DEL02-RS"
771912;2026-05-15;"sexta-feira";"19:51:00";"SP";116;175;"GUARAREMA";"Frear bruscamente";"Engavetamento";"Com Vítimas Feridas";"Plena Noite";"Crescente";"Nublado";"Dupla";"Reta;Declive";"Sim";4;0;1;0;3;0;1;3;-23,32173015;-46,10862899;"SPRF-SP";"DEL02/SP";"UOP01-DEL02-SP"
771913;2026-05-15;"sexta-feira";"19:40:00";"MG";116;244,3;"TEOFILO OTONI";"Reação tardia ou ineficiente do condutor";"Atropelamento de Pedestre";"Com Vítimas Feridas";"Plena Noite";"Crescente";"Céu Claro";"Simples";"Reta";"Sim";2;0;0;2;0;0;2;2;-17,59606;-41,49163;"SPRF-MG";"DEL11/MG";"UOP01-DEL11-MG"
771914;2026-05-15;"sexta-feira";"17:50:00";"MT";163;828;"SINOP";"Ausência de reação do condutor";"Queda de ocupante de veículo";"Com Vítimas Feridas";"Plena Noite";"Crescente";"Céu Claro";"Simples";"Reta";"Sim";1;0;1;0;0;0;1;1;-11,92162336;-55,51097322;"SPRF-MT";"DEL06/MT";"UOP02-DEL06-MT"
771915;2026-05-15;"sexta-feira";"19:00:00";"DF";20;19;"BRASILIA";"Velocidade Incompatível";"Colisão traseira";"Com Vítimas Feridas";"Anoitecer";"Crescente";"Céu Claro";"Dupla";"Declive;Reta";"Sim";15;0;13;0;2;0;13;2;-15,61128223;-47,69867786;"SPRF-DF";"DEL02-DF";"UOP01-DEL02-DF"
771916;2026-05-15;"sexta-feira";"17:25:00";"RJ";465;19;"NOVA IGUACU";"Conversão proibida";"Colisão traseira";"Com Vítimas Feridas";"Plena Noite";"Decrescente";"Céu Claro";"Simples";"Reta";"Sim";2;0;1;0;1;0;1;2;-22,841665;-43,608875;"SPRF-RJ";"DEL06/RJ";"UOP02-DEL06-RJ"
771917;2026-05-15;"sexta-feira";"21:20:00";"SC";101;129,9;"CAMBORIU";"Ingestão de álcool pelo condutor";"Saída de leito carroçável";"Com Vítimas Feridas";"Plena Noite";"Crescente";"Nublado";"Dupla";"Reta";"Sim";1;0;1;0;0;0;1;1;-26,98334313;-48,67225528;"SPRF-SC";"DEL04/SC";"UOP03-DEL04-SC"
771918;2026-05-15;"sexta-feira";"20:01:00";"GO";50;116;"CRISTALINA";"Velocidade Incompatível";"Saída de leito carroçável";"Com Vítimas Feridas";"Plena Noite";"Crescente";"Céu Claro";"Dupla";"Curva";"Não";1;0;1;0;0;0;1;1;-16,91188;-47,6862;"SPRF-DF";"DEL01-DF";"UOP02-DEL01-DF"
771919;2026-05-15;"sexta-feira";"17:20:00";"CE";20;125,8;"TAUA";"Ultrapassagem Indevida";"Colisão lateral sentido oposto";"Com Vítimas Feridas";"Pleno dia";"Decrescente";"Sol";"Simples";"Reta";"Não";3;0;2;0;1;0;2;2;-5,674712;-40,126018;"SPRF-CE";"DEL02/CE";"UOP02-DEL02-CE"
771920;2026-05-15;"sexta-feira";"21:00:00";"MA";135;95;"ITAPECURU MIRIM";"Reação tardia ou ineficiente do condutor";"Colisão lateral mesmo sentido";"Sem Vítimas";"Plena Noite";"Crescente";"Céu Claro";"Simples";"Reta";"Sim";2;0;0;0;2;0;0;2;-3,33016444;-44,44450068;"SPRF-MA";"DEL01-MA";"UOP02-DEL01-MA"
771921;2026-05-15;"sexta-feira";"22:20:00";"RS";470;177,3;"VERANOPOLIS";"Desrespeitar a preferência no cruzamento";"Colisão transversal";"Com Vítimas Feridas";"Plena Noite";"Crescente";"Céu Claro";"Simples";"Reta;Interseção de Vias;Aclive";"Sim";2;0;1;0;1;0;1;2;-28,93900698;-51,54528586;"SPRF-RS";"DEL06/RS";"UOP02-DEL06-RS"
771922;2026-05-15;"sexta-feira";"22:30:00";"MG";381;410;"CAETE";"Ausência de reação do condutor";"Tombamento";"Com Vítimas Feridas";"Plena Noite";"Decrescente";"Céu Claro";"Dupla";"Curva;Em Obras";"Não";1;0;0;1;0;0;1;1;-19,7376137;-43,6047445;"SPRF-MG";"DEL01/MG";"UOP01-DEL01-MG"
771926;2026-05-15;"sexta-feira";"20:40:00";"PR";376;224;"CAMBIRA";"Conversão proibida";"Saída de leito carroçável";"Sem Vítimas";"Plena Noite";"Decrescente";"Céu Claro";"Dupla";"Reta";"Não";1;0;0;0;1;0;0;1;-23,59467838;-51,579301;"SPRF-PR";"DEL07/PR";"UOP03-DEL07-PR"
771927;2026-05-15;"sexta-feira";"20:20:00";"RO";364;13;"VILHENA";"Frear bruscamente";"Colisão transversal";"Sem Vítimas";"Plena Noite";"Decrescente";"Céu Claro";"Dupla";"Rotatória;Interseção de Vias";"Sim";4;0;0;0;4;0;0;2;-12,74330153;-60,12359512;"SPRF-RO";"DEL04-RO";"UOP01-DEL04-RO"
771928;2026-05-15;"sexta-feira";"17:10:00";"SP";381;37;"ATIBAIA";"Condutor deixou de manter distância do veículo da frente";"Engavetamento";"Com Vítimas Feridas";"Anoitecer";"Crescente";"Garoa/Chuvisco";"Dupla";"Reta";"Sim";4;0;1;0;2;1;1;3;-23,10597827;-46,56913016;"SPRF-SP";"DEL03/SP";"UOP01-DEL03-SP"
771931;2026-05-15;"sexta-feira";"19:15:00";"SP";381;59;"MAIRIPORA";"Pista Escorregadia";"Colisão com objeto";"Com Vítimas Feridas";"Plena Noite";"Decrescente";"Chuva";"Dupla";"Aclive;Curva";"Não";3;0;1;0;2;0;1;2;-23,28918889;-46,58106246;"SPRF-SP";"DEL03/SP";"UOP01-DEL03-SP"
771932;2026-05-15;"sexta-feira";"14:20:00";"MA";10;255;"IMPERATRIZ";"Acessar a via sem observar a presença dos outros veículos";"Colisão transversal";"Com Vítimas Feridas";"Pleno dia";"Decrescente";"Céu Claro";"Simples";"Interseção de Vias";"Sim";3;0;1;0;2;0;1;2;-5,50707;-47,47156;"SPRF-MA";"DEL04-MA";"UOP01-DEL04-MA"
771933;2026-05-15;"sexta-feira";"22:20:00";"BA";116;476;"SANTO ESTEVAO";"Pedestre cruzava a pista fora da faixa";"Atropelamento de Pedestre";"Com Vítimas Fatais";"Plena Noite";"Decrescente";"Céu Claro";"Dupla";"Reta";"Não";2;1;0;0;1;0;0;2;-12,50927;-39,36898;"SPRF-BA";"DEL02/BA";"UOP01-DEL02-BA"
771935;2026-05-15;"sexta-feira";"20:05:00";"MG";116;526,7;"CARATINGA";"Acessar a via sem observar a presença dos outros veículos";"Colisão lateral mesmo sentido";"Com Vítimas Feridas";"Plena Noite";"Decrescente";"Céu Claro";"Múltipla";"Reta;Aclive";"Sim";2;0;1;1;0;0;2;2;-19,7878961;-42,13548571;"SPRF-MG";"DEL06/MG";"UOP02-DEL06-MG"
771936;2026-05-15;"sexta-feira";"21:00:00";"MG";50;60;"UBERLANDIA";"Ingestão de álcool pelo condutor";"Saída de leito carroçável";"Sem Vítimas";"Plena Noite";"Decrescente";"Céu Claro";"Dupla";"Reta";"Não";1;0;0;0;1;0;0;1;-18,81117419;-48,24654579;"SPRF-MG";"DEL15/MG";"UOP02-DEL15-MG"