"id";"data_inversa";"dia_semana";"horario";"uf";"br";"km";"municipio";"causa_acidente";"tipo_acidente";"classificacao_acidente";"fase_dia";"sentido_via";"condicao_metereologica";"tipo_pista";"tracado_via";"uso_solo";"pessoas";"mortos";"feridos_leves";"feridos_graves";"ilesos";"ignorados";"feridos";"veiculos";"latitude";"longitude";"regional";"delegacia";"uop"
772048;2026-05-16;"sábado";"12:20:00";"PR";373;182;"PONTA GROSSA";"Trafegar com motocicleta (ou similar) entre as faixas";"Colisão lateral mesmo sentido";"Com Vítimas Feridas";"Pleno dia";"Crescente";"Nublado";"Dupla";"Reta";"Sim";3;0;1;0;2;0;1;3;-25,0913988;-50,19633707;"SPRF-PR";"DEL03/PR";"UOP01-DEL03-PR"
772050;2026-05-16;"sábado";"12:00:00";"GO";40;5;"VALPARAISO DE GOIAS";"Acessar a via sem observar a presença dos outros veículos";"Colisão transversal";"Com Vítimas Feridas";"Pleno dia";"Crescente";"Céu Claro";"Dupla";"Reta";"Sim";3;0;0;2;1;0;2;2;-16,093495;-47,982078;"SPRF-DF";"DEL01-DF";"UOP01-DEL01-DF"
772051;2026-05-16;"sábado";"12:15:00";"RS";101;4;"TORRES";"Transitar na contramão";"Colisão frontal";"Com Vítimas Feridas";"Pleno dia";"Crescente";"Céu Claro";"Dupla";"Reta";"Não";2;0;1;0;1;0;1;2;-29,32944958;-49,78328252;"SPRF-RS";"DEL03/RS";"UOP02-DEL03-RS"
772053;2026-05-16;"sábado";"11:05:00";"RS";386;37;"FREDERICO WESTPHALEN";"Ausência de reação do condutor";"Colisão traseira";"Com Vítimas Feridas";"Pleno dia";"Crescente";"Chuva";"Simples";"Reta";"Sim";3;0;1;0;2;0;1;2;-27,38029333;-53,39910921;"SPRF-RS";"DEL08/RS";"UOP02-DEL08-RS"
772054;2026-05-16;"sábado";"13:30:00";"SC";280;30;"ARAQUARI";"Condutor deixou de manter distância do veículo da frente";"Colisão traseira";"Com Vítimas Feridas";"Pleno dia";"Decrescente";"Nublado";"Simples";"Reta";"Não";2;0;1;0;1;0;1;2;-26,415055;-48,765151;"SPRF-SC";"DEL03/SC";"UOP03-DEL03-SC"
772057;2026-05-16;"sábado";"13:30:00";"PR";277;728;"FOZ DO IGUACU";"Pista Escorregadia";"Tombamento";"Com Vítimas Feridas";"Pleno dia";"Crescente";"Céu Claro";"Dupla";"Curva";"Sim";1;0;1;0;0;0;1;1;-25,51041086;-54,55808328;"SPRF-PR";"DEL05/PR";"UOP03-DEL05-PR"
772063;2026-05-14;"quinta-feira";"07:00:00";"BA";110;101,5;"SITIO DO QUINTO";"Ausência de reação do condutor";"Saída de leito carroçável";"Com Vítimas Feridas";"Pleno dia";"Crescente";"Céu Claro";"Simples";"Reta";"Não";1;0;1;0;0;0;1;1;-10,266932;-38,305868;"SPRF-BA";"DEL07/BA";"UOP01-DEL07-BA"
772064;2026-05-16;"sábado";"14:00:00";"GO";40;9;"LUZIANIA";"Condutor deixou de manter distância do veículo da frente";"Colisão traseira";"Com Vítimas Feridas";"Pleno dia";"Crescente";"Céu Claro";"Dupla";"Reta";"Sim";2;0;0;1;1;0;1;2;-16,12581424;-47,96148984;"SPRF-DF";"DEL01-DF";"UOP01-DEL01-DF"
772067;2026-05-16;"sábado";"13:06:00";"PB";101;86,3;"JOAO PESSOA";"Demais falhas mecânicas ou elétricas";"Queda de ocupante de veículo";"Com Vítimas Feridas";"Pleno dia";"Decrescente";"Sol";"Dupla";"Reta";"Não";2;0;2;0;0;0;2;1;-7,153115;-34,908277;"SPRF-PB";"DEL01-PB";"UOP01-DEL01-PB"
772070;2026-05-16;"sábado";"12:30:00";"PI";316;165;"ELESBAO VELOSO";"Pista esburacada";"Saída de leito carroçável";"Com Vítimas Feridas";"Pleno dia";"Decrescente";"Céu Claro";"Simples";"Reta";"Não";2;0;1;0;1;0;1;1;-6,19559;-42,114652;"SPRF-PI";"DEL04-PI";"UOP02-DEL04-PI"
772071;2026-05-16;"sábado";"13:23:00";"GO";50;220;"CAMPO ALEGRE DE GOIAS";"Ausência de reação do condutor";"Capotamento";"Com Vítimas Feridas";"Pleno dia";"Crescente";"Céu Claro";"Dupla";"Curva";"Não";1;0;1;0;0;0;1;1;-17,71981415;-47,72348754;"SPRF-GO";"DEL06/GO";"UOP01-DEL06-GO"
772072;2026-05-15;"sexta-feira";"19:30:00";"RS";116;268;"CANOAS";"Condutor deixou de manter distância do veículo da frente";"Colisão traseira";"Com Vítimas Feridas";"Plena Noite";"Decrescente";"Céu Claro";"Dupla";"Reta;Em Obras";"Sim";3;0;1;0;2;0;1;2;-29,94654332;-51,17670189;"SPRF-RS";"DEL01/RS";"UOP01-DEL01-RS"
772073;2026-05-16;"sábado";"15:00:00";"SC";101;215;"PALHOCA";"Manobra de mudança de faixa";"Colisão traseira";"Com Vítimas Feridas";"Pleno dia";"Decrescente";"Nublado";"Dupla";"Reta";"Sim";3;0;3;0;0;0;3;2;-27,65167;-48,676142;"SPRF-SC";"DEL01/SC";"UOP02-DEL01-SC"
772075;2026-05-16;"sábado";"13:45:00";"RS";116;219,7;"DOIS IRMAOS";"Ingestão de álcool pelo condutor";"Saída de leito carroçável";"Sem Vítimas";"Pleno dia";"Decrescente";"Céu Claro";"Dupla";"Reta";"Não";1;0;0;0;1;0;0;1;-29,55583327;-51,09093038;"SPRF-RS";"DEL01/RS";"UOP02-DEL01-RS"
772076;2026-05-16;"sábado";"13:30:00";"SC";101;137,2;"BALNEARIO CAMBORIU";"Manobra de mudança de faixa";"Colisão lateral mesmo sentido";"Com Vítimas Feridas";"Pleno dia";"Decrescente";"Nublado";"Múltipla";"Declive;Reta";"Sim";2;0;1;0;0;1;1;2;-27,016933;-48,610958;"SPRF-SC";"DEL04/SC";"UOP03-DEL04-SC"
772077;2026-05-16;"sábado";"15:00:00";"CE";116;18;"ITAITINGA";"Condutor deixou de manter distância do veículo da frente";"Colisão traseira";"Com Vítimas Feridas";"Pleno dia";"Crescente";"Chuva";"Dupla";"Reta";"Sim";2;0;1;0;1;0;1;2;-3,90558246;-38,50529607;"SPRF-CE";"DEL01/CE";"UOP02-DEL01-CE"
772078;2026-05-16;"sábado";"14:55:00";"SP";116;227;"GUARULHOS";"Reação tardia ou ineficiente do condutor";"Colisão com objeto";"Com Vítimas Feridas";"Pleno dia";"Decrescente";"Céu Claro";"Múltipla";"Reta;Aclive";"Não";1;0;1;0;0;0;1;1;-23,498171;-46,559187;"SPRF-SP";"DEL01/SP";"UOP01-DEL01-SP"
772079;2026-05-16;"sábado";"12:35:00";"PR";369;471,7;"CORBELIA";"Velocidade Incompatível";"Saída de leito carroçável";"Com Vítimas Feridas";"Pleno dia";"Decrescente";"Chuva";"Simples";"Declive";"Não";2;0;1;0;1;0;1;1;-24,703877;-53,239366;"SPRF-PR";"DEL04/PR";"UOP03-DEL04-PR"
772080;2026-05-16;"sábado";"15:15:00";"RS";290;73;"GRAVATAI";"Condutor deixou de manter distância do veículo da frente";"Colisão traseira";"Com Vítimas Feridas";"Pleno dia";"Crescente";"Céu Claro";"Múltipla";"Reta";"Não";2;0;1;0;1;0;1;2;-29,95293038;-50,99057329;"SPRF-RS";"DEL03/RS";"UOP01-DEL03-RS"
772081;2026-05-16;"sábado";"12:20:00";"PE";423;94;"GARANHUNS";"Acessar a via sem observar a presença dos outros veículos";"Colisão transversal";"Com Vítimas Feridas";"Pleno dia";"Crescente";"Céu Claro";"Simples";"Interseção de Vias;Reta";"Sim";2;0;2;0;0;0;2;2;-8,878498;-36,477117;"SPRF-PE";"DEL03/PE";"UOP01-DEL03-PE"
772082;2026-05-16;"sábado";"15:30:00";"GO";153;443;"ANAPOLIS";"Ausência de reação do condutor";"Colisão com objeto";"Com Vítimas Feridas";"Pleno dia";"Crescente";"Céu Claro";"Dupla";"Rotatória;Viaduto";"Sim";1;0;0;1;0;0;1;1;-16,3541;-48,9285;"SPRF-GO";"DEL02/GO";"UOP01-DEL02-GO"
772083;2026-05-15;"sexta-feira";"17:20:00";"RJ";101;575;"PARATY";"Reação tardia ou ineficiente do condutor";"Colisão lateral mesmo sentido";"Com Vítimas Feridas";"Pleno dia";"Crescente";"Nublado";"Simples";"Reta";"Sim";2;0;1;0;1;0;1;2;-23,21381378;-44,73487822;"SPRF-RJ";"DEL03/RJ";"UOP04-DEL03-RJ"
772086;2026-05-16;"sábado";"13:50:00";"PR";280;277,1;"FLOR DA SERRA DO SUL";"Transitar na contramão";"Colisão lateral sentido oposto";"Com Vítimas Feridas";"Pleno dia";"Crescente";"Nublado";"Simples";"Declive;Reta";"Não";8;0;2;0;6;0;2;3;-26,244711;-53,203324;"SPRF-PR";"DEL02/PR";"UOP01-DEL02-PR"
772087;2026-05-16;"sábado";"16:10:00";"ES";101;146,9;"LINHARES";"Frear bruscamente";"Colisão traseira";"Com Vítimas Feridas";"Pleno dia";"Decrescente";"Céu Claro";"Dupla";"Reta";"Sim";8;0;2;0;6;0;2;2;-19,378469;-40,066347;"SPRF-ES";"DEL04-ES";"UOP01-DEL04-ES"
772089;2026-05-16;"sábado";"16:08:00";"PB";230;41,5;"SANTA RITA";"Acessar a via sem observar a presença dos outros veículos";"Colisão lateral mesmo sentido";"Com Vítimas Feridas";"Pleno dia";"Crescente";"Céu Claro";"Dupla";"Reta";"Sim";2;0;0;1;0;1;1;2;-7,14276695;-34,9895668;"SPRF-PB";"DEL01-PB";"UOP02-DEL01-PB"
772091;2026-05-16;"sábado";"07:00:00";"MG";262;485;"MOEMA";"Ausência de reação do condutor";"Saída de leito carroçável";"Sem Vítimas";"Pleno dia";"Crescente";"Sol";"Simples";"Interseção de Vias";"Não";1;0;0;0;0;1;0;1;-19,7853611;-45,39582968;"SPRF-MG";"DEL08/MG";"UOP03-DEL08-MG"
772092;2026-05-16;"sábado";"16:00:00";"MS";163;473;"CAMPO GRANDE";"Carga excessiva e/ou mal acondicionada";"Queda de ocupante de veículo";"Com Vítimas Feridas";"Pleno dia";"Decrescente";"Céu Claro";"Simples";"Declive;Reta";"Não";1;0;1;0;0;0;1;1;-20,533589;-54,564516;"SPRF-MS";"DEL01/MS";"UOP01-DEL01-MS"
772094;2026-05-16;"sábado";"14:50:00";"RO";364;707;"PORTO VELHO";"Reação tardia ou ineficiente do condutor";"Atropelamento de Pedestre";"Com Vítimas Fatais";"Pleno dia";"Crescente";"Céu Claro";"Dupla";"Reta";"Sim";4;1;0;0;3;0;0;2;-8,79749;-63,83756;"SPRF-RO";"DEL01-RO";"UOP01-DEL01-RO"
772095;2026-05-16;"sábado";"16:05:00";"MG";116;408,9;"GOVERNADOR VALADARES";"Ingestão de álcool pelo condutor";"Colisão frontal";"Com Vítimas Feridas";"Pleno dia";"Crescente";"Céu Claro";"Dupla";"Reta;Interseção de Vias";"Sim";3;0;0;1;1;1;1;3;-18,845989;-41,980879;"SPRF-MG";"DEL06/MG";"UOP01-DEL06-MG"
772096;2026-05-16;"sábado";"16:30:00";"PR";116;3;"CAMPINA GRANDE DO SUL";"Condutor deixou de manter distância do veículo da frente";"Colisão traseira";"Com Vítimas Feridas";"Pleno dia";"Crescente";"Nublado";"Dupla";"Reta";"Sim";2;0;2;0;0;0;2;2;-25,35734609;-49,07094352;"SPRF-PR";"DEL01/PR";"UOP02-DEL01-PR"
772097;2026-05-16;"sábado";"15:15:00";"MT";364;262;"JUSCIMEIRA";"Acessar a via sem observar a presença dos outros veículos";"Colisão transversal";"Com Vítimas Feridas";"Pleno dia";"Decrescente";"Céu Claro";"Dupla";"Retorno Regulamentado";"Não";3;0;0;1;1;1;1;3;-16,0278461;-54,89250755;"SPRF-MT";"DEL02/MT";"UOP01-DEL02-MT"
772098;2026-05-16;"sábado";"11:25:00";"PE";316;32,7;"ARARIPINA";"Desrespeitar a preferência no cruzamento";"Colisão transversal";"Com Vítimas Feridas";"Pleno dia";"Crescente";"Sol";"Simples";"Reta";"Sim";5;0;2;2;1;0;4;2;-7,63133;-40,448062;"SPRF-PE";"DEL05/PE";"UOP02-DEL05-PE"
772099;2026-05-16;"sábado";"17:00:00";"SE";101;142;"ESTANCIA";"Demais falhas mecânicas ou elétricas";"Colisão com objeto";"Com Vítimas Feridas";"Plena Noite";"Crescente";"Céu Claro";"Dupla";"Reta";"Não";2;0;1;0;1;0;1;1;-11,19958276;-37,40944354;"SPRF-SE";"DEL02-SE";"UOP01-DEL02-SE"
772100;2026-05-16;"sábado";"17:25:00";"SC";101;195;"BIGUACU";"Ingestão de álcool pelo condutor";"Queda de ocupante de veículo";"Com Vítimas Feridas";"Anoitecer";"Crescente";"Céu Claro";"Dupla";"Reta";"Sim";1;0;1;0;0;0;1;1;-27,5049304;-48,65014013;"SPRF-SC";"DEL01/SC";"UOP01-DEL01-SC"
772103;2026-05-16;"sábado";"18:00:00";"PR";116;15;"COLOMBO";"Demais falhas mecânicas ou elétricas";"Queda de ocupante de veículo";"Com Vítimas Feridas";"Plena Noite";"Decrescente";"Garoa/Chuvisco";"Dupla";"Reta";"Sim";1;0;1;0;0;0;1;1;-25,38479179;-49,17058825;"SPRF-PR";"DEL01/PR";"UOP02-DEL01-PR"
772105;2026-05-16;"sábado";"17:40:00";"SC";101;39;"JOINVILLE";"Frear bruscamente";"Colisão traseira";"Com Vítimas Feridas";"Anoitecer";"Decrescente";"Garoa/Chuvisco";"Simples";"Reta;Interseção de Vias";"Sim";2;0;1;0;1;0;1;2;-26,29828833;-48,8835582;"SPRF-SC";"DEL03/SC";"UOP01-DEL03-SC"
772106;2026-04-02;"quinta-feira";"23:42:00";"PA";163;392;"ITAITUBA";"Reação tardia ou ineficiente do condutor";"Saída de leito carroçável";"Com Vítimas Fatais";"Plena Noite";"Crescente";"Céu Claro";"Simples";"Reta";"Não";2;1;0;0;0;1;0;1;-6,36211;-55,572186;"SPRF-PA";"DEL05/PA";"UOP03-DEL05-PA"
772107;2026-05-16;"sábado";"17:45:00";"RN";101;104,2;"PARNAMIRIM";"Acesso irregular";"Colisão lateral mesmo sentido";"Sem Vítimas";"Plena Noite";"Crescente";"Céu Claro";"Dupla";"Viaduto;Curva;Declive";"Sim";2;0;0;0;2;0;0;2;-5,89189659;-35,25869966;"SPRF-RN";"DEL01-RN";"UOP01-DEL01-RN"
772108;2026-05-16;"sábado";"17:45:00";"SC";101;350;"JAGUARUNA";"Ingestão de álcool pelo condutor";"Colisão com objeto";"Com Vítimas Feridas";"Anoitecer";"Crescente";"Céu Claro";"Dupla";"Reta";"Sim";1;0;1;0;0;0;1;1;-28,61051374;-49,05959576;"SPRF-SC";"DEL02/SC";"UOP01-DEL02-SC"
772110;2026-05-16;"sábado";"17:24:00";"MT";70;735;"CACERES";"Velocidade Incompatível";"Colisão traseira";"Com Vítimas Feridas";"Anoitecer";"Decrescente";"Céu Claro";"Simples";"Ponte";"Sim";2;0;1;0;1;0;1;2;-16,07453376;-57,70333797;"SPRF-MT";"DEL03/MT";"UOP01-DEL03-MT"
772111;2026-05-16;"sábado";"07:40:00";"SC";101;367;"ICARA";"Condutor deixou de manter distância do veículo da frente";"Colisão traseira";"Com Vítimas Feridas";"Pleno dia";"Decrescente";"Nublado";"Dupla";"Declive";"Não";3;0;1;1;1;0;2;2;-28,6974904;-49,17777507;"SPRF-SC";"DEL02/SC";"UOP01-DEL02-SC"
772112;2026-05-16;"sábado";"16:20:00";"RJ";101;487;"ANGRA DOS REIS";"Pedestre cruzava a pista fora da faixa";"Atropelamento de Pedestre";"Com Vítimas Feridas";"Anoitecer";"Decrescente";"Nublado";"Simples";"Reta";"Sim";2;0;1;0;1;0;1;2;-22,96717005;-44,29900853;"SPRF-RJ";"DEL03/RJ";"UOP03-DEL03-RJ"
772113;2026-05-16;"sábado";"18:20:00";"MA";10;257;"IMPERATRIZ";"Acessar a via sem observar a presença dos outros veículos";"Colisão lateral mesmo sentido";"Com Vítimas Feridas";"Plena Noite";"Decrescente";"Céu Claro";"Simples";"Reta;Interseção de Vias";"Não";3;0;2;0;1;0;2;2;-5,48988;-47,47204;"SPRF-MA";"DEL04-MA";"UOP01-DEL04-MA"
772114;2026-05-16;"sábado";"18:30:00";"RJ";101;399;"ITAGUAI";"Ingestão de álcool pelo condutor";"Colisão com objeto";"Sem Vítimas";"Anoitecer";"Decrescente";"Céu Claro";"Dupla";"Reta";"Sim";6;0;0;0;6;0;0;2;-22,85898302;-43,7592874;"SPRF-RJ";"DEL03/RJ";"UOP01-DEL03-RJ"
772116;2026-05-16;"sábado";"18:00:00";"GO";70;14,1;"AGUAS LINDAS DE GOIAS";"Ausência de reação do condutor";"Queda de ocupante de veículo";"Com Vítimas Feridas";"Plena Noite";"Crescente";"Céu Claro";"Múltipla";"Reta";"Sim";1;0;1;0;0;0;1;1;-15,7533454;-48,3267919;"SPRF-DF";"DEL03-DF";"UOP02-DEL03-DF"
772117;2026-05-16;"sábado";"19:00:00";"PR";277;665;"MEDIANEIRA";"Transitar no Acostamento";"Colisão traseira";"Com Vítimas Feridas";"Plena Noite";"Decrescente";"Céu Claro";"Dupla";"Reta;Declive";"Não";2;0;1;0;1;0;1;2;-25,253493;-54,026938;"SPRF-PR";"DEL05/PR";"UOP02-DEL05-PR"
772118;2026-05-16;"sábado";"15:15:00";"GO";60;182,3;"ABADIA DE GOIAS";"Ausência de reação do condutor";"Tombamento";"Com Vítimas Feridas";"Pleno dia";"Crescente";"Sol";"Dupla";"Reta";"Não";1;0;1;0;0;0;1;1;-16,79221693;-49,50536996;"SPRF-GO";"DEL01/GO";"UOP02-DEL01-GO"
772119;2026-05-16;"sábado";"19:00:00";"GO";414;433,7;"ANAPOLIS";"Acessar a via sem observar a presença dos outros veículos";"Colisão transversal";"Com Vítimas Feridas";"Plena Noite";"Crescente";"Céu Claro";"Simples";"Reta;Declive";"Não";2;0;0;1;1;0;1;2;-16,226908;-48,926425;"SPRF-GO";"DEL02/GO";"UOP01-DEL02-GO"
772121;2026-05-16;"sábado";"18:25:00";"MS";163;261,9;"DOURADOS";"Acesso irregular";"Colisão transversal";"Com Vítimas Fatais";"Plena Noite";"Decrescente";"Nublado";"Dupla";"Reta";"Não";5;1;0;0;4;0;0;2;-22,235628;-54,757457;"SPRF-MS";"DEL04/MS";"UOP01-DEL04-MS"
772122;2026-05-16;"sábado";"19:10:00";"AL";101;136;"SAO MIGUEL DOS CAMPOS";"Ausência de reação do condutor";"Capotamento";"Com Vítimas Feridas";"Plena Noite";"Crescente";"Céu Claro";"Dupla";"Reta;Em Obras;Ponte";"Não";1;0;1;0;0;0;1;1;-9,77346;-36,09649;"SPRF-AL";"DEL02-AL";"UOP01-DEL02-AL"
772124;2026-05-16;"sábado";"18:00:00";"PR";277;358;"GUARAPUAVA";"Reação tardia ou ineficiente do condutor";"Saída de leito carroçável";"Sem Vítimas";"Plena Noite";"Crescente";"Chuva";"Simples";"Reta";"Não";2;0;0;0;2;0;0;1;-25,402682;-51,544574;"SPRF-PR";"DEL08/PR";"UOP01-DEL08-PR"
772125;2026-05-16;"sábado";"18:50:00";"RS";287;252;"SANTA MARIA";"Acessar a via sem observar a presença dos outros veículos";"Colisão transversal";"Sem Vítimas";"Pleno dia";"Crescente";"Céu Claro";"Dupla";"Rotatória";"Sim";2;0;0;0;2;0;0;2;-29,688911;-53,895156;"SPRF-RS";"DEL09/RS";"UOP01-DEL09-RS"
772126;2026-05-16;"sábado";"19:15:00";"PR";376;648;"TIJUCAS DO SUL";"Reação tardia ou ineficiente do condutor";"Colisão com objeto";"Com Vítimas Feridas";"Plena Noite";"Crescente";"Garoa/Chuvisco";"Dupla";"Declive;Curva";"Não";2;0;2;0;0;0;2;1;-25,845725;-49,097703;"SPRF-PR";"DEL01/PR";"UOP04-DEL01-PR"
772127;2026-05-16;"sábado";"18:20:00";"MA";135;69,5;"SANTA RITA";"Conversão proibida";"Colisão transversal";"Com Vítimas Feridas";"Plena Noite";"Decrescente";"Chuva";"Simples";"Reta";"Sim";3;0;1;2;0;0;3;2;-3,13461;-44,32495;"SPRF-MA";"DEL01-MA";"UOP02-DEL01-MA"
772128;2026-05-16;"sábado";"16:50:00";"SC";101;48,6;"JOINVILLE";"Ingestão de álcool pelo condutor";"Saída de leito carroçável";"Com Vítimas Feridas";"Pleno dia";"Crescente";"Nublado";"Dupla";"Reta";"Não";1;0;1;0;0;0;1;1;-26,37967225;-48,85162767;"SPRF-SC";"DEL03/SC";"UOP01-DEL03-SC"
772129;2026-05-16;"sábado";"14:00:00";"SP";116;58;"GUARATINGUETA";"Ausência de reação do condutor";"Tombamento";"Com Vítimas Feridas";"Pleno dia";"Crescente";"Céu Claro";"Múltipla";"Reta";"Sim";1;0;1;0;0;0;1;1;-22,77822061;-45,14349604;"SPRF-SP";"DEL08/SP";"UOP01-DEL08-SP"
772130;2026-05-16;"sábado";"20:15:00";"ES";101;18,1;"CONCEICAO DA BARRA";"Ausência de reação do condutor";"Queda de ocupante de veículo";"Com Vítimas Feridas";"Plena Noite";"Crescente";"Céu Claro";"Simples";"Curva";"Não";1;0;1;0;0;0;1;1;-18,312746;-39,954913;"SPRF-ES";"DEL04-ES";"UOP02-DEL04-ES"
772131;2026-05-16;"sábado";"19:50:00";"SC";101;120,9;"ITAJAI";"Entrada inopinada do pedestre";"Atropelamento de Pedestre";"Com Vítimas Fatais";"Plena Noite";"Decrescente";"Nublado";"Múltipla";"Reta";"Sim";2;1;0;0;1;0;0;2;-26,91951791;-48,7090437;"SPRF-SC";"DEL04/SC";"UOP04-DEL04-SC"
772132;2026-05-16;"sábado";"19:30:00";"GO";70;30;"COCALZINHO DE GOIAS";"Ausência de reação do condutor";"Saída de leito carroçável";"Com Vítimas Feridas";"Plena Noite";"Crescente";"Céu Claro";"Simples";"Reta";"Não";3;0;1;0;2;0;1;1;-15,76524366;-48,44507217;"SPRF-DF";"DEL03-DF";"UOP02-DEL03-DF"
772133;2026-05-16;"sábado";"19:15:00";"PR";376;260;"CALIFORNIA";"Avarias e/ou desgaste excessivo no pneu";"Saída de leito carroçável";"Com Vítimas Feridas";"Plena Noite";"Decrescente";"Chuva";"Dupla";"Reta";"Sim";2;0;2;0;0;0;2;1;-23,69446;-51,34257;"SPRF-PR";"DEL07/PR";"UOP03-DEL07-PR"
772134;2026-05-16;"sábado";"20:10:00";"SC";101;216;"PALHOCA";"Ingestão de álcool pelo condutor";"Colisão lateral mesmo sentido";"Com Vítimas Feridas";"Plena Noite";"Crescente";"Nublado";"Múltipla";"Reta";"Sim";3;0;1;0;1;1;1;3;-27,66073813;-48,67728597;"SPRF-SC";"DEL01/SC";"UOP02-DEL01-SC"
772135;2026-05-15;"sexta-feira";"18:30:00";"RO";364;421,8;"JARU";"Conversão proibida";"Colisão lateral mesmo sentido";"Com Vítimas Feridas";"Anoitecer";"Crescente";"Céu Claro";"Simples";"Reta";"Sim";4;0;2;0;2;0;2;2;-10,46135423;-62,45483413;"SPRF-RO";"DEL03-RO";"UOP02-DEL03-RO"
772136;2026-05-16;"sábado";"18:50:00";"RJ";101;333;"RIO DE JANEIRO";"Ausência de reação do condutor";"Colisão traseira";"Com Vítimas Feridas";"Plena Noite";"Crescente";"Céu Claro";"Múltipla";"Reta";"Não";2;0;2;0;0;0;2;2;-22,88550833;-43,21744667;"SPRF-RJ";"DEL02/RJ";"UOP01-DEL02-RJ"
772137;2026-05-16;"sábado";"19:30:00";"PE";408;94;"RECIFE";"Condutor deixou de manter distância do veículo da frente";"Engavetamento";"Sem Vítimas";"Plena Noite";"Crescente";"Ignorado";"Dupla";"Reta";"Não";6;0;0;0;6;0;0;3;-8,05641167;-34,99718833;"SPRF-PE";"DEL01/PE";"UOP01-DEL01-PE"
772139;2026-05-16;"sábado";"20:15:00";"SC";282;15,7;"PALHOCA";"Condutor deixou de manter distância do veículo da frente";"Colisão lateral mesmo sentido";"Com Vítimas Feridas";"Plena Noite";"Crescente";"Nublado";"Simples";"Reta";"Sim";2;0;1;0;1;0;1;2;-27,657565;-48,680275;"SPRF-SC";"DEL01/SC";"UOP02-DEL01-SC"
772140;2026-05-16;"sábado";"18:50:00";"MS";163;239,5;"DOURADOS";"Transitar na contramão";"Colisão frontal";"Com Vítimas Feridas";"Plena Noite";"Crescente";"Chuva";"Simples";"Reta";"Não";4;0;1;0;2;1;1;2;-22,39531;-54,791297;"SPRF-MS";"DEL04/MS";"UOP02-DEL04-MS"
772141;2026-05-16;"sábado";"20:23:00";"PR";277;630;"CEU AZUL";"Velocidade Incompatível";"Colisão traseira";"Com Vítimas Feridas";"Plena Noite";"Decrescente";"Céu Claro";"Simples";"Reta";"Não";10;0;2;0;6;2;2;3;-25,111762;-53,776462;"SPRF-PR";"DEL05/PR";"UOP02-DEL05-PR"
772142;2026-05-16;"sábado";"19:25:00";"RO";364;342;"JI-PARANA";"Velocidade Incompatível";"Queda de ocupante de veículo";"Com Vítimas Feridas";"Plena Noite";"Crescente";"Céu Claro";"Dupla";"Reta";"Sim";2;0;0;1;0;1;1;2;-10,8824;-61,93972;"SPRF-RO";"DEL02-RO";"UOP01-DEL02-RO"
772143;2026-05-16;"sábado";"20:38:00";"SC";101;129,6;"CAMBORIU";"Manobra de mudança de faixa";"Colisão lateral mesmo sentido";"Com Vítimas Feridas";"Plena Noite";"Crescente";"Nublado";"Dupla";"Reta";"Não";2;0;1;0;1;0;1;2;-26,983;-48,67286;"SPRF-SC";"DEL04/SC";"UOP03-DEL04-SC"
772145;2026-05-16;"sábado";"20:00:00";"RJ";101;425;"MANGARATIBA";"Conversão proibida";"Colisão lateral sentido oposto";"Com Vítimas Feridas";"Plena Noite";"Decrescente";"Céu Claro";"Simples";"Reta";"Não";5;0;3;0;2;0;3;2;-22,92827;-43,97388;"SPRF-RJ";"DEL03/RJ";"UOP02-DEL03-RJ"
772147;2026-05-16;"sábado";"18:15:00";"SC";101;156,9;"PORTO BELO";"Reação tardia ou ineficiente do condutor";"Atropelamento de Pedestre";"Com Vítimas Feridas";"Anoitecer";"Crescente";"Nublado";"Dupla";"Reta";"Sim";2;0;1;0;1;0;1;2;-27,18150325;-48,61216156;"SPRF-SC";"DEL04/SC";"UOP03-DEL04-SC"
772148;2026-05-16;"sábado";"20:45:00";"AL";104;37,5;"UNIAO DOS PALMARES";"Acessar a via sem observar a presença dos outros veículos";"Atropelamento de Animal";"Com Vítimas Fatais";"Plena Noite";"Crescente";"Céu Claro";"Simples";"Reta";"Não";2;1;0;0;1;0;0;2;-9,11325177;-36,03162646;"SPRF-AL";"DEL01-AL";"UOP02-DEL01-AL"
772149;2026-05-16;"sábado";"19:40:00";"SC";280;144,4;"MAFRA";"Transitar na contramão";"Colisão frontal";"Com Vítimas Fatais";"Plena Noite";"Decrescente";"Chuva";"Simples";"Reta";"Não";6;1;0;0;5;0;0;3;-26,246985;-49,648468;"SPRF-SC";"DEL06/SC";"UOP03-DEL06-SC"
772150;2026-05-16;"sábado";"20:30:00";"PI";343;266;"CAMPO MAIOR";"Ausência de reação do condutor";"Colisão traseira";"Com Vítimas Feridas";"Plena Noite";"Decrescente";"Nublado";"Simples";"Reta";"Sim";2;0;0;1;1;0;1;2;-4,837157;-42,179248;"SPRF-PI";"DEL01-PI";"UOP03-DEL01-PI"
772151;2026-05-16;"sábado";"19:30:00";"PR";369;487,5;"CORBELIA";"Reação tardia ou ineficiente do condutor";"Colisão traseira";"Com Vítimas Feridas";"Plena Noite";"Crescente";"Garoa/Chuvisco";"Simples";"Aclive;Reta";"Não";2;0;0;1;0;1;1;2;-24,822589;-53,297416;"SPRF-PR";"DEL04/PR";"UOP03-DEL04-PR"
772152;2026-05-16;"sábado";"21:00:00";"SC";470;98,1;"APIUNA";"Reação tardia ou ineficiente do condutor";"Colisão transversal";"Com Vítimas Feridas";"Plena Noite";"Decrescente";"Nublado";"Simples";"Reta";"Sim";2;0;1;0;1;0;1;2;-27,03696899;-49,39191055;"SPRF-SC";"DEL04/SC";"UOP02-DEL04-SC"