"id";"data_inversa";"dia_semana";"horario";"uf";"br";"km";"municipio";"causa_acidente";"tipo_acidente";"classificacao_acidente";"fase_dia";"sentido_via";"condicao_metereologica";"tipo_pista";"tracado_via";"uso_solo";"pessoas";"mortos";"feridos_leves";"feridos_graves";"ilesos";"ignorados";"feridos";"veiculos";"latitude";"longitude";"regional";"delegacia";"uop"
772153;2026-05-16;"sábado";"20:30:00";"MS";267;481,1;"JARDIM";"Acesso irregular";"Colisão transversal";"Com Vítimas Feridas";"Plena Noite";"Decrescente";"Nublado";"Simples";"Reta";"Sim";2;0;0;1;1;0;1;2;-21,48141736;-56,14076679;"SPRF-MS";"DEL05/MS";"UOP01-DEL05-MS"
772154;2026-05-16;"sábado";"21:30:00";"ES";101;401;"ITAPEMIRIM";"Ausência de reação do condutor";"Queda de ocupante de veículo";"Com Vítimas Feridas";"Plena Noite";"Crescente";"Céu Claro";"Simples";"Curva";"Não";1;0;1;0;0;0;1;1;-20,8952056;-41,02599084;"SPRF-ES";"DEL03-ES";"UOP02-DEL03-ES"
772155;2026-05-16;"sábado";"19:50:00";"SC";101;383,3;"ICARA";"Pedestre cruzava a pista fora da faixa";"Atropelamento de Pedestre";"Com Vítimas Feridas";"Plena Noite";"Decrescente";"Céu Claro";"Múltipla";"Reta";"Não";2;0;1;0;1;0;1;2;-28,77399;-49,313977;"SPRF-SC";"DEL02/SC";"UOP02-DEL02-SC"
772158;2026-05-16;"sábado";"20:55:00";"MS";262;244;"RIBAS DO RIO PARDO";"Conversão proibida";"Colisão traseira";"Com Vítimas Feridas";"Plena Noite";"Crescente";"Céu Claro";"Simples";"Reta";"Não";3;0;1;0;2;0;1;2;-20,44352;-53,82128;"SPRF-MS";"DEL01/MS";"UOP05-DEL01-MS"
772160;2026-05-16;"sábado";"20:50:00";"RJ";101;305;"SAO GONCALO";"Entrada inopinada do pedestre";"Atropelamento de Pedestre";"Com Vítimas Fatais";"Plena Noite";"Crescente";"Céu Claro";"Dupla";"Reta";"Sim";3;1;0;0;2;0;0;2;-22,7926987;-43,02262656;"SPRF-RJ";"DEL02/RJ";"UOP02-DEL02-RJ"
772161;2026-05-16;"sábado";"22:00:00";"CE";222;135;"ITAPAJE";"Transitar na contramão";"Colisão frontal";"Com Vítimas Feridas";"Plena Noite";"Crescente";"Céu Claro";"Simples";"Reta";"Não";3;0;0;2;1;0;2;2;-3,735429;-39,675541;"SPRF-CE";"DEL04/CE";"UOP03-DEL04-CE"
772162;2026-05-16;"sábado";"20:10:00";"RS";116;253;"SAPUCAIA DO SUL";"Acessar a via sem observar a presença dos outros veículos";"Colisão transversal";"Com Vítimas Feridas";"Plena Noite";"Decrescente";"Céu Claro";"Dupla";"Interseção de Vias;Reta";"Sim";4;0;2;0;1;1;2;3;-29,81674652;-51,16950842;"SPRF-RS";"DEL01/RS";"UOP02-DEL01-RS"
772163;2026-05-16;"sábado";"21:30:00";"PR";277;639,8;"CEU AZUL";"Acessar a via sem observar a presença dos outros veículos";"Colisão transversal";"Com Vítimas Feridas";"Plena Noite";"Decrescente";"Nublado";"Simples";"Reta;Retorno Regulamentado";"Sim";4;0;1;0;3;0;1;2;-25,15742594;-53,8507579;"SPRF-PR";"DEL05/PR";"UOP02-DEL05-PR"
772164;2026-05-16;"sábado";"21:40:00";"RS";472;552;"URUGUAIANA";"Ausência de reação do condutor";"Saída de leito carroçável";"Sem Vítimas";"Plena Noite";"Decrescente";"Céu Claro";"Simples";"Reta";"Não";1;0;0;0;0;1;0;1;-29,645619;-56,887258;"SPRF-RS";"DEL13/RS";"UOP01-DEL13-RS"
772166;2026-05-16;"sábado";"19:45:00";"RO";364;12;"VILHENA";"Demais falhas mecânicas ou elétricas";"Incêndio";"Com Vítimas Feridas";"Plena Noite";"Crescente";"Nublado";"Dupla";"Rotatória";"Sim";2;0;1;0;1;0;1;1;-12,745311;-60,115067;"SPRF-RO";"DEL04-RO";"UOP01-DEL04-RO"
772167;2026-05-16;"sábado";"21:30:00";"MS";463;18;"DOURADOS";"Ausência de reação do condutor";"Saída de leito carroçável";"Com Vítimas Feridas";"Plena Noite";"Crescente";"Garoa/Chuvisco";"Simples";"Rotatória";"Não";2;0;1;0;1;0;1;1;-22,24822638;-54,97016653;"SPRF-MS";"DEL04/MS";"UOP03-DEL04-MS"
772168;2026-05-16;"sábado";"18:43:00";"AC";364;135;"RIO BRANCO";"Condutor deixou de manter distância do veículo da frente";"Colisão traseira";"Com Vítimas Feridas";"Plena Noite";"Crescente";"Céu Claro";"Dupla";"Rotatória";"Sim";1;0;1;0;0;0;1;1;-9,97751;-67,8489;"SPRF-AC";"DEL01-AC";"UOP01-DEL01-AC"
772169;2026-05-16;"sábado";"20:52:00";"PA";316;52;"CASTANHAL";"Avarias e/ou desgaste excessivo no pneu";"Saída de leito carroçável";"Com Vítimas Feridas";"Plena Noite";"Crescente";"Céu Claro";"Dupla";"Reta;Declive";"Não";2;0;2;0;0;0;2;1;-1,306639;-48,019424;"SPRF-PA";"DEL01/PA";"UOP01-DEL01-PA"
772170;2026-05-16;"sábado";"21:30:00";"PR";376;669,9;"GUARATUBA";"Velocidade Incompatível";"Colisão com objeto";"Sem Vítimas";"Plena Noite";"Crescente";"Nevoeiro/Neblina";"Dupla";"Declive";"Não";4;0;0;0;4;0;0;1;-25,877045;-48,935523;"SPRF-PR";"DEL01/PR";"UOP04-DEL01-PR"
772171;2026-05-16;"sábado";"21:15:00";"RS";158;176,2;"PEJUCARA";"Reação tardia ou ineficiente do condutor";"Saída de leito carroçável";"Sem Vítimas";"Plena Noite";"Crescente";"Céu Claro";"Simples";"Curva";"Não";1;0;0;0;0;1;0;1;-28,48755257;-53,55028152;"SPRF-RS";"DEL10/RS";"UOP02-DEL10-RS"
772172;2026-05-16;"sábado";"22:00:00";"PR";153;18,5;"JACAREZINHO";"Ausência de reação do condutor";"Colisão traseira";"Com Vítimas Feridas";"Plena Noite";"Decrescente";"Chuva";"Simples";"Reta;Em Obras";"Sim";5;0;2;1;2;0;3;2;-23,149876;-49,953823;"SPRF-PR";"DEL07/PR";"UOP04-DEL07-PR"
772177;2026-05-16;"sábado";"21:10:00";"ES";262;0,5;"CARIACICA";"Reação tardia ou ineficiente do condutor";"Colisão traseira";"Com Vítimas Feridas";"Plena Noite";"Crescente";"Céu Claro";"Dupla";"Reta";"Sim";3;0;1;0;2;0;1;3;-20,32329324;-40,35430368;"SPRF-ES";"DEL01-ES";"UOP01-DEL01-ES"
772178;2026-05-16;"sábado";"22:20:00";"RS";290;36;"SANTO ANTONIO DA PATRULHA";"Reação tardia ou ineficiente do condutor";"Colisão lateral mesmo sentido";"Com Vítimas Feridas";"Plena Noite";"Crescente";"Nublado";"Dupla";"Reta";"Não";1;0;1;0;0;0;1;1;-29,885048;-50,622823;"SPRF-RS";"DEL03/RS";"UOP01-DEL03-RS"
772179;2026-05-16;"sábado";"22:45:00";"SP";116;58;"GUARATINGUETA";"Reação tardia ou ineficiente do condutor";"Colisão traseira";"Sem Vítimas";"Plena Noite";"Decrescente";"Nublado";"Dupla";"Reta";"Não";2;0;0;0;2;0;0;2;-22,78004382;-45,14575686;"SPRF-SP";"DEL08/SP";"UOP01-DEL08-SP"
772180;2026-05-16;"sábado";"22:00:00";"RR";401;21;"CANTA";"Ausência de reação do condutor";"Saída de leito carroçável";"Sem Vítimas";"Plena Noite";"Decrescente";"Céu Claro";"Dupla";"Reta";"Não";2;0;0;0;2;0;0;1;2,79742727;-60,63549506;"SPRF-RR";"DEL01-RR";"UOP01-DEL01-RR"
772181;2026-05-16;"sábado";"22:55:00";"RS";392;18,4;"RIO GRANDE";"Ausência de reação do condutor";"Colisão traseira";"Com Vítimas Fatais";"Plena Noite";"Crescente";"Céu Claro";"Dupla";"Reta";"Sim";2;1;0;0;0;1;0;2;-32,08863322;-52,18306526;"SPRF-RS";"DEL07/RS";"UOP02-DEL07-RS"
772182;2026-05-16;"sábado";"22:30:00";"PE";232;43;"VITORIA DE SANTO ANTAO";"Ausência de reação do condutor";"Colisão traseira";"Com Vítimas Feridas";"Plena Noite";"Decrescente";"Céu Claro";"Dupla";"Reta";"Não";3;0;1;0;2;0;1;2;-8,11973;-35,264525;"SPRF-PE";"DEL02/PE";"UOP02-DEL02PE"
772183;2026-05-16;"sábado";"22:55:00";"MG";116;521,8;"CARATINGA";"Velocidade Incompatível";"Colisão traseira";"Com Vítimas Feridas";"Plena Noite";"Decrescente";"Céu Claro";"Simples";"Reta";"Sim";3;0;1;2;0;0;3;2;-19,7457499;-42,132596;"SPRF-MG";"DEL06/MG";"UOP02-DEL06-MG"
772184;2026-05-16;"sábado";"20:30:00";"BA";116;426;"FEIRA DE SANTANA";"Ingestão de álcool pelo condutor";"Colisão frontal";"Com Vítimas Feridas";"Plena Noite";"Crescente";"Céu Claro";"Dupla";"Curva";"Não";3;0;0;1;2;0;1;2;-12,2427726;-39,03538829;"SPRF-BA";"DEL02/BA";"UOP01-DEL02-BA"
772185;2026-05-16;"sábado";"23:32:00";"MG";262;36,9;"MANHUACU";"Transitar na contramão";"Colisão frontal";"Com Vítimas Feridas";"Plena Noite";"Decrescente";"Céu Claro";"Simples";"Curva";"Sim";2;0;1;0;0;1;1;2;-20,268367;-42,03889;"SPRF-MG";"DEL06/MG";"UOP03-DEL06-MG"
772186;2026-05-17;"domingo";"00:20:00";"RN";304;267;"SAO PEDRO";"Animais na Pista";"Atropelamento de Animal";"Com Vítimas Feridas";"Plena Noite";"Crescente";"Céu Claro";"Simples";"Reta";"Não";1;0;1;0;0;0;1;1;-5,8655441;-35,5977547;"SPRF-RN";"DEL01-RN";"UOP02-DEL01-RN"
772187;2026-05-16;"sábado";"22:30:00";"RJ";101;579;"PARATY";"Conversão proibida";"Colisão transversal";"Com Vítimas Feridas";"Plena Noite";"Decrescente";"Céu Claro";"Simples";"Curva";"Não";2;0;1;0;1;0;1;2;-23,23428205;-44,69832508;"SPRF-RJ";"DEL03/RJ";"UOP04-DEL03-RJ"
772190;2026-05-16;"sábado";"23:00:00";"MT";364;403;"CUIABA";"Reação tardia ou ineficiente do condutor";"Colisão traseira";"Com Vítimas Feridas";"Plena Noite";"Decrescente";"Céu Claro";"Dupla";"Reta";"Sim";2;0;1;0;1;0;1;2;-15,64462019;-56,01294637;"SPRF-MT";"DEL01/MT";"UOP02-DEL01-MT"
772191;2026-05-17;"domingo";"00:15:00";"SC";470;86,7;"RODEIO";"Ausência de reação do condutor";"Colisão com objeto";"Com Vítimas Feridas";"Plena Noite";"Decrescente";"Nublado";"Simples";"Ponte";"Não";1;0;1;0;0;0;1;1;-26,9479229;-49,3647682;"SPRF-SC";"DEL04/SC";"UOP01-DEL04-SC"
772192;2026-05-16;"sábado";"21:45:00";"PE";101;80,5;"JABOATAO DOS GUARARAPES";"Manobra de mudança de faixa";"Colisão transversal";"Com Vítimas Feridas";"Plena Noite";"Crescente";"Chuva";"Dupla";"Reta";"Não";3;0;2;0;1;0;2;2;-8,156119;-34,94151;"SPRF-PE";"DEL01/PE";"UOP01-DEL01-PE"
772193;2026-05-17;"domingo";"00:31:00";"ES";101;147,5;"LINHARES";"Condutor desrespeitou a iluminação vermelha do semáforo";"Colisão transversal";"Com Vítimas Feridas";"Plena Noite";"Crescente";"Céu Claro";"Múltipla";"Interseção de Vias";"Sim";2;0;1;0;1;0;1;2;-19,38133;-40,066654;"SPRF-ES";"DEL04-ES";"UOP01-DEL04-ES"
772194;2026-05-17;"domingo";"00:30:00";"RJ";101;321;"NITEROI";"Transitar na contramão";"Colisão frontal";"Com Vítimas Feridas";"Plena Noite";"Decrescente";"Céu Claro";"Dupla";"Viaduto";"Sim";2;0;0;1;1;0;1;2;-22,88525733;-43,11539546;"SPRF-RJ";"DEL02/RJ";"UOP01-DEL02-RJ"
772195;2026-05-17;"domingo";"00:05:00";"RJ";356;185;"SAO JOAO DA BARRA";"Ingestão de álcool pelo condutor";"Colisão transversal";"Com Vítimas Feridas";"Plena Noite";"Crescente";"Céu Claro";"Simples";"Reta;Interseção de Vias";"Sim";2;0;0;1;1;0;1;2;-21,6279;-41,02522;"SPRF-RJ";"DEL08/RJ";"UOP02-DEL08-RJ"
772196;2026-05-17;"domingo";"02:15:00";"SP";381;35;"ATIBAIA";"Condutor Dormindo";"Capotamento";"Sem Vítimas";"Plena Noite";"Crescente";"Céu Claro";"Dupla";"Reta";"Sim";1;0;0;0;1;0;0;1;-23,09339327;-46,57300816;"SPRF-SP";"DEL03/SP";"UOP02-DEL03-SP"
772197;2026-05-17;"domingo";"00:45:00";"MA";10;246;"IMPERATRIZ";"Retorno proibido";"Colisão traseira";"Com Vítimas Feridas";"Plena Noite";"Decrescente";"Céu Claro";"Dupla";"Reta";"Sim";3;0;0;1;2;0;1;2;-5,57676;-47,44201;"SPRF-MA";"DEL04-MA";"UOP01-DEL04-MA"
772200;2026-05-17;"domingo";"02:05:00";"MG";40;431;"PARAOPEBA";"Ausência de reação do condutor";"Capotamento";"Sem Vítimas";"Plena Noite";"Decrescente";"Céu Claro";"Dupla";"Reta";"Não";1;0;0;0;1;0;0;1;-19,201;-44,474;"SPRF-MG";"DEL02/MG";"UOP01-DEL02-MG"
772201;2026-05-17;"domingo";"02:36:00";"CE";116;23,2;"AQUIRAZ";"Pista Escorregadia";"Queda de ocupante de veículo";"Com Vítimas Feridas";"Plena Noite";"Decrescente";"Chuva";"Dupla";"Reta";"Sim";1;0;1;0;0;0;1;1;-3,952266;-38,512155;"SPRF-CE";"DEL01/CE";"UOP02-DEL01-CE"
772204;2026-05-17;"domingo";"04:40:00";"MG";381;493;"BETIM";"Ingestão de álcool pelo condutor";"Colisão com objeto";"Com Vítimas Feridas";"Plena Noite";"Crescente";"Céu Claro";"Dupla";"Reta";"Sim";3;0;1;1;0;1;2;1;-19,965165;-44,174666;"SPRF-MG";"DEL01/MG";"UOP03-DEL01-MG"
772205;2026-05-17;"domingo";"03:05:00";"GO";251;32,5;"CRISTALINA";"Transitar na contramão";"Colisão frontal";"Com Vítimas Fatais";"Plena Noite";"Crescente";"Céu Claro";"Simples";"Reta";"Sim";6;2;0;3;0;1;3;3;-16,06204;-47,53334;"SPRF-DF";"DEL01-DF";"UOP01-DEL01-DF"
772208;2026-05-17;"domingo";"04:50:00";"PR";116;9;"COLOMBO";"Reação tardia ou ineficiente do condutor";"Colisão traseira";"Com Vítimas Feridas";"Plena Noite";"Decrescente";"Nublado";"Dupla";"Reta";"Não";2;0;1;0;1;0;1;2;-25,37222907;-49,12389636;"SPRF-PR";"DEL01/PR";"UOP02-DEL01-PR"
772209;2026-05-17;"domingo";"03:50:00";"GO";60;326;"ACREUNA";"Reação tardia ou ineficiente do condutor";"Saída de leito carroçável";"Sem Vítimas";"Plena Noite";"Crescente";"Nublado";"Dupla";"Reta";"Não";1;0;0;0;0;1;0;1;-17,54347;-50,509495;"SPRF-GO";"DEL04/GO";"UOP02-DEL04-GO"
772210;2026-05-17;"domingo";"04:25:00";"PR";277;595,6;"CASCAVEL";"Pedestre andava na pista";"Colisão com objeto";"Com Vítimas Fatais";"Plena Noite";"Decrescente";"Nublado";"Simples";"Aclive;Reta";"Sim";6;1;0;0;5;0;0;2;-24,98040141;-53,48667336;"SPRF-PR";"DEL04/PR";"UOP01-DEL04-PR"
772213;2026-05-17;"domingo";"04:45:00";"PA";316;47;"SANTA IZABEL DO PARA";"Ingestão de álcool pelo condutor";"Colisão traseira";"Com Vítimas Feridas";"Amanhecer";"Crescente";"Nevoeiro/Neblina";"Dupla";"Reta";"Não";2;0;1;0;1;0;1;2;-1,29785;-48,04936;"SPRF-PA";"DEL01/PA";"UOP01-DEL01-PA"
772215;2026-05-16;"sábado";"18:00:00";"PI";407;562;"PAULISTANA";"Reação tardia ou ineficiente do condutor";"Colisão traseira";"Com Vítimas Fatais";"Plena Noite";"Crescente";"Céu Claro";"Simples";"Declive;Reta";"Não";4;1;1;1;0;1;2;2;-8,044478;-41,174535;"SPRF-PI";"DEL04-PI";"UOP01-DEL04-PI"
772216;2026-05-17;"domingo";"06:00:00";"PE";428;192;"PETROLINA";"Ausência de reação do condutor";"Queda de ocupante de veículo";"Com Vítimas Feridas";"Pleno dia";"Decrescente";"Céu Claro";"Múltipla";"Interseção de Vias";"Sim";2;0;1;0;1;0;1;1;-9,386884;-40,524806;"SPRF-PE";"DEL06/PE";"UOP01-DEL06-PE"
772217;2026-05-17;"domingo";"06:13:00";"TO";10;467;"PALMAS";"Transitar na contramão";"Colisão frontal";"Com Vítimas Feridas";"Pleno dia";"Crescente";"Céu Claro";"Simples";"Curva";"Sim";5;0;0;2;3;0;2;2;-10,2388;-48,28363;"SPRF-TO";"DEL01-TO";"UOP03-DEL01-TO"
772218;2026-05-16;"sábado";"22:35:00";"MG";262;36,9;"MANHUACU";"Conversão proibida";"Colisão transversal";"Com Vítimas Feridas";"Plena Noite";"Decrescente";"Céu Claro";"Simples";"Reta";"Sim";2;0;0;1;1;0;1;2;-20,270607;-42,039511;"SPRF-MG";"DEL06/MG";"UOP03-DEL06-MG"
772219;2026-05-17;"domingo";"05:30:00";"MG";381;157;"GOVERNADOR VALADARES";"Reação tardia ou ineficiente do condutor";"Tombamento";"Com Vítimas Feridas";"Pleno dia";"Decrescente";"Céu Claro";"Simples";"Reta";"Não";1;0;1;0;0;0;1;1;-18,8924459;-42,00488297;"SPRF-MG";"DEL06/MG";"UOP01-DEL06-MG"
772220;2026-05-17;"domingo";"03:57:00";"PI";343;595,3;"FLORIANO";"Acessar a via sem observar a presença dos outros veículos";"Colisão transversal";"Sem Vítimas";"Plena Noite";"Decrescente";"Nublado";"Simples";"Curva";"Sim";2;0;0;0;1;1;0;2;-6,799726;-43,047927;"SPRF-PI";"DEL03-PI";"UOP01-DEL03-PI"
772221;2026-05-17;"domingo";"05:45:00";"SC";101;150;"ITAPEMA";"Reação tardia ou ineficiente do condutor";"Colisão lateral mesmo sentido";"Com Vítimas Feridas";"Amanhecer";"Crescente";"Céu Claro";"Dupla";"Interseção de Vias";"Sim";2;0;1;0;1;0;1;2;-27,11839968;-48,60954372;"SPRF-SC";"DEL04/SC";"UOP03-DEL04-SC"
772222;2026-05-17;"domingo";"05:39:00";"SP";116;288;"ITAPECERICA DA SERRA";"Ausência de reação do condutor";"Queda de ocupante de veículo";"Com Vítimas Feridas";"Pleno dia";"Crescente";"Chuva";"Dupla";"Reta";"Não";1;0;1;0;0;0;1;1;-23,710083;-46,876401;"SPRF-SP";"DEL04/SP";"UOP01-DEL04-SP"
772223;2026-05-17;"domingo";"01:55:00";"MG";262;518;"LUZ";"Ingestão de álcool pelo condutor";"Saída de leito carroçável";"Sem Vítimas";"Plena Noite";"Crescente";"Céu Claro";"Simples";"Reta";"Não";1;0;0;0;1;0;0;1;-19,78511881;-45,7106781;"SPRF-MG";"DEL08/MG";"UOP03-DEL08-MG"
772224;2026-05-17;"domingo";"04:00:00";"PR";116;7;"CAMPINA GRANDE DO SUL";"Acessar a via sem observar a presença dos outros veículos";"Colisão traseira";"Com Vítimas Feridas";"Plena Noite";"Crescente";"Garoa/Chuvisco";"Dupla";"Reta";"Sim";2;0;1;0;0;1;1;2;-25,36864043;-49,11128394;"SPRF-PR";"DEL01/PR";"UOP02-DEL01-PR"
772225;2026-05-17;"domingo";"05:30:00";"SP";381;70;"MAIRIPORA";"Ausência de reação do condutor";"Saída de leito carroçável";"Sem Vítimas";"Plena Noite";"Decrescente";"Chuva";"Simples";"Declive;Reta";"Sim";1;0;0;0;1;0;0;1;-23,35392751;-46,55070003;"SPRF-SP";"DEL03/SP";"UOP01-DEL03-SP"
772226;2026-05-17;"domingo";"03:00:00";"MS";376;168;"NOVA ANDRADINA";"Ausência de reação do condutor";"Saída de leito carroçável";"Com Vítimas Feridas";"Plena Noite";"Crescente";"Chuva";"Simples";"Reta";"Não";1;0;1;0;0;0;1;1;-22,29506975;-53,38715418;"SPRF-MS";"DEL04/MS";"UOP04-DEL04-MS"
772229;2026-05-16;"sábado";"13:50:00";"MG";381;408;"NOVA UNIAO";"Condutor usando celular";"Colisão traseira";"Com Vítimas Feridas";"Pleno dia";"Decrescente";"Céu Claro";"Dupla";"Reta";"Não";3;0;0;2;1;0;2;2;-19,72469289;-43,58337371;"SPRF-MG";"DEL01/MG";"UOP01-DEL01-MG"
772230;2026-05-17;"domingo";"06:30:00";"PR";376;650;"TIJUCAS DO SUL";"Reação tardia ou ineficiente do condutor";"Capotamento";"Com Vítimas Feridas";"Pleno dia";"Crescente";"Garoa/Chuvisco";"Dupla";"Reta;Aclive";"Não";1;0;1;0;0;0;1;1;-25,845612;-49,071705;"SPRF-PR";"DEL01/PR";"UOP04-DEL01-PR"
772231;2026-05-17;"domingo";"07:10:00";"PE";101;30;"ITAPISSUMA";"Reação tardia ou ineficiente do condutor";"Tombamento";"Com Vítimas Feridas";"Pleno dia";"Crescente";"Nublado";"Dupla";"Curva;Aclive";"Sim";1;0;1;0;0;0;1;1;-7,73884881;-34,94272905;"SPRF-PE";"DEL01/PE";"UOP02-DEL01-PE"
772232;2026-05-15;"sexta-feira";"16:30:00";"SC";280;89,3;"CORUPA";"Pista Escorregadia";"Saída de leito carroçável";"Com Vítimas Feridas";"Pleno dia";"Crescente";"Chuva";"Simples";"Declive;Curva";"Não";2;0;1;1;0;0;2;1;-26,40321;-49,28802;"SPRF-SC";"DEL06/SC";"UOP03-DEL06-SC"
772233;2026-05-17;"domingo";"06:55:00";"SC";470;41;"BLUMENAU";"Ingestão de álcool pelo condutor";"Capotamento";"Sem Vítimas";"Pleno dia";"Decrescente";"Céu Claro";"Dupla";"Curva";"Não";1;0;0;0;1;0;0;1;-26,878065;-49,001818;"SPRF-SC";"DEL04/SC";"UOP01-DEL04-SC"
772235;2026-05-17;"domingo";"07:05:00";"SC";101;129,2;"CAMBORIU";"Manobra de mudança de faixa";"Colisão lateral mesmo sentido";"Com Vítimas Feridas";"Pleno dia";"Decrescente";"Céu Claro";"Dupla";"Reta";"Não";2;0;1;0;1;0;1;2;-26,980854;-48,678151;"SPRF-SC";"DEL04/SC";"UOP03-DEL04-SC"
772237;2026-05-17;"domingo";"06:15:00";"AM";174;1003;"PRESIDENTE FIGUEIREDO";"Ingestão de álcool pelo condutor";"Saída de leito carroçável";"Com Vítimas Feridas";"Amanhecer";"Crescente";"Nevoeiro/Neblina";"Simples";"Declive";"Não";3;0;1;2;0;0;3;1;-1,94746;-60,042136;"SPRF-AM";"DEL01-AM";"UOP02-DEL01-AM"
772238;2026-05-16;"sábado";"00:20:00";"RJ";465;21;"SEROPEDICA";"Acesso irregular";"Colisão lateral sentido oposto";"Com Vítimas Feridas";"Plena Noite";"Crescente";"Céu Claro";"Simples";"Reta";"Não";2;0;1;0;1;0;1;2;-22,79523658;-43,65329936;"SPRF-RJ";"DEL06/RJ";"UOP02-DEL06-RJ"
772240;2026-05-17;"domingo";"06:30:00";"SC";280;305;"PORTO UNIAO";"Condutor deixou de manter distância do veículo da frente";"Colisão lateral mesmo sentido";"Com Vítimas Feridas";"Amanhecer";"Decrescente";"Nublado";"Simples";"Reta";"Sim";2;0;1;0;1;0;1;2;-26,26545897;-51,06069493;"SPRF-SC";"DEL06/SC";"UOP04-DEL06-SC"
772241;2026-05-15;"sexta-feira";"13:20:00";"MA";330;15,9;"BALSAS";"Ausência de reação do condutor";"Saída de leito carroçável";"Com Vítimas Fatais";"Pleno dia";"Decrescente";"Céu Claro";"Simples";"Reta";"Não";2;1;0;1;0;0;1;1;-7,648197;-46,017878;"SPRF-MA";"DEL05-MA";"UOP01-DEL05-MA"
772242;2026-05-17;"domingo";"06:00:00";"RS";470;195,7;"BENTO GONCALVES";"Ausência de reação do condutor";"Saída de leito carroçável";"Sem Vítimas";"Amanhecer";"Decrescente";"Nublado";"Simples";"Reta";"Não";1;0;0;0;0;1;0;1;-29,052302;-51,596261;"SPRF-RS";"DEL06/RS";"UOP02-DEL06-RS"
772243;2026-05-15;"sexta-feira";"18:20:00";"MG";50;116;"UBERLANDIA";"Ausência de reação do condutor";"Saída de leito carroçável";"Com Vítimas Feridas";"Anoitecer";"Decrescente";"Nublado";"Dupla";"Reta";"Não";2;0;1;0;1;0;1;1;-19,03245326;-48,20161041;"SPRF-MG";"DEL13/MG";"UOP01-DEL13-MG"
772244;2026-05-17;"domingo";"07:10:00";"MS";463;37,5;"PONTA PORA";"Ausência de reação do condutor";"Saída de leito carroçável";"Com Vítimas Feridas";"Pleno dia";"Decrescente";"Chuva";"Simples";"Reta";"Não";1;0;1;0;0;0;1;1;-22,3088;-55,137893;"SPRF-MS";"DEL04/MS";"UOP03-DEL04-MS"
772245;2026-05-16;"sábado";"21:30:00";"RJ";356;182;"SAO JOAO DA BARRA";"Ausência de reação do condutor";"Colisão lateral sentido oposto";"Com Vítimas Feridas";"Pleno dia";"Decrescente";"Céu Claro";"Simples";"Reta";"Não";2;0;2;0;0;0;2;2;-21,63195698;-41,04156844;"SPRF-RJ";"DEL08/RJ";"UOP02-DEL08-RJ"
772246;2026-05-16;"sábado";"18:00:00";"RJ";465;15;"NOVA IGUACU";"Trafegar com motocicleta (ou similar) entre as faixas";"Colisão frontal";"Sem Vítimas";"Plena Noite";"Crescente";"Céu Claro";"Simples";"Reta";"Sim";2;0;0;0;0;2;0;2;-22,81302422;-43,62625536;"SPRF-RJ";"DEL06/RJ";"UOP02-DEL06-RJ"
772247;2026-05-17;"domingo";"07:30:00";"GO";50;242;"CATALAO";"Ausência de reação do condutor";"Saída de leito carroçável";"Com Vítimas Feridas";"Pleno dia";"Crescente";"Céu Claro";"Dupla";"Reta";"Não";1;0;1;0;0;0;1;1;-17,88557811;-47,79308081;"SPRF-GO";"DEL06/GO";"UOP01-DEL06-GO"
772248;2026-05-17;"domingo";"08:30:00";"RS";101;73,1;"OSORIO";"Reação tardia ou ineficiente do condutor";"Saída de leito carroçável";"Sem Vítimas";"Pleno dia";"Decrescente";"Garoa/Chuvisco";"Dupla";"Reta";"Sim";1;0;0;0;1;0;0;1;-29,77269974;-50,21829396;"SPRF-RS";"DEL03/RS";"UOP01-DEL03-RS"
772249;2026-05-16;"sábado";"23:08:00";"AC";364;141;"RIO BRANCO";"Ausência de reação do condutor";"Colisão com objeto";"Com Vítimas Feridas";"Plena Noite";"Decrescente";"Nublado";"Dupla";"Rotatória";"Sim";1;0;1;0;0;0;1;1;-9,94138;-67,8766;"SPRF-AC";"DEL01-AC";"UOP01-DEL01-AC"
772250;2026-05-17;"domingo";"07:30:00";"PE";232;79;"GRAVATA";"Estacionar ou parar em local proibido";"Colisão traseira";"Sem Vítimas";"Pleno dia";"Crescente";"Céu Claro";"Dupla";"Reta";"Não";4;0;0;0;4;0;0;2;-8,194554;-35,560384;"SPRF-PE";"DEL02/PE";"UOP02-DEL02PE"
772251;2026-05-17;"domingo";"08:00:00";"GO";60;92,8;"ANAPOLIS";"Ingestão de álcool pelo condutor";"Colisão com objeto";"Sem Vítimas";"Pleno dia";"Decrescente";"Céu Claro";"Dupla";"Retorno Regulamentado;Reta;Declive";"Sim";1;0;0;0;0;1;0;1;-16,3533955;-48,91984373;"SPRF-GO";"DEL02/GO";"UOP01-DEL02-GO"
772252;2026-05-17;"domingo";"08:30:00";"SP";116;162;"JACAREI";"Avarias e/ou desgaste excessivo no pneu";"Tombamento";"Com Vítimas Feridas";"Pleno dia";"Decrescente";"Garoa/Chuvisco";"Dupla";"Reta";"Não";1;0;1;0;0;0;1;1;-23,28158514;-45,98415506;"SPRF-SP";"DEL02/SP";"UOP01-DEL02-SP"
772253;2026-05-17;"domingo";"08:15:00";"RS";290;104,4;"ELDORADO DO SUL";"Condutor Dormindo";"Saída de leito carroçável";"Com Vítimas Feridas";"Pleno dia";"Crescente";"Nublado";"Dupla";"Reta";"Não";1;0;1;0;0;0;1;1;-29,995612;-51,2848;"SPRF-RS";"DEL02/RS";"UOP01-DEL02-RS"