"id";"data_inversa";"dia_semana";"horario";"uf";"br";"km";"municipio";"causa_acidente";"tipo_acidente";"classificacao_acidente";"fase_dia";"sentido_via";"condicao_metereologica";"tipo_pista";"tracado_via";"uso_solo";"pessoas";"mortos";"feridos_leves";"feridos_graves";"ilesos";"ignorados";"feridos";"veiculos";"latitude";"longitude";"regional";"delegacia";"uop"
772452;2026-05-18;"segunda-feira";"06:00:00";"SP";116;207;"GUARULHOS";"Ingestão de álcool pelo condutor";"Colisão traseira";"Com Vítimas Feridas";"Pleno dia";"Decrescente";"Nublado";"Múltipla";"Reta";"Sim";2;0;1;0;1;0;1;2;-23,421211;-46,38931;"SPRF-SP";"DEL01/SP";"UOP01-DEL01-SP"
772453;2026-05-18;"segunda-feira";"06:45:00";"MG";146;476;"BANDEIRA DO SUL";"Acessar a via sem observar a presença dos outros veículos";"Colisão transversal";"Com Vítimas Feridas";"Amanhecer";"Decrescente";"Nevoeiro/Neblina";"Simples";"Interseção de Vias;Reta";"Não";2;0;1;0;1;0;1;2;-21,74533017;-46,40411174;"SPRF-MG";"DEL09/MG";"UOP01-DEL09-MG"
772454;2026-05-18;"segunda-feira";"06:30:00";"CE";222;221;"SOBRAL";"Animais na Pista";"Atropelamento de Animal";"Com Vítimas Feridas";"Pleno dia";"Crescente";"Céu Claro";"Simples";"Curva";"Sim";2;0;2;0;0;0;2;1;-3,720009;-40,33107;"SPRF-CE";"DEL04/CE";"UOP01-DEL04-CE"
772455;2026-05-18;"segunda-feira";"06:45:00";"MG";381;501;"BETIM";"Reação tardia ou ineficiente do condutor";"Colisão com objeto";"Com Vítimas Feridas";"Pleno dia";"Decrescente";"Céu Claro";"Dupla";"Reta";"Sim";3;0;0;1;2;0;1;3;-20,00965;-44,217727;"SPRF-MG";"DEL01/MG";"UOP03-DEL01-MG"
772458;2026-05-18;"segunda-feira";"05:40:00";"GO";60;36,8;"ALEXANIA";"Ausência de reação do condutor";"Saída de leito carroçável";"Com Vítimas Feridas";"Pleno dia";"Decrescente";"Céu Claro";"Dupla";"Curva";"Não";1;0;0;1;0;0;1;1;-16,113878;-48,544102;"SPRF-DF";"DEL03-DF";"UOP01-DEL03-DF"
772460;2026-05-18;"segunda-feira";"06:30:00";"SP";116;220;"GUARULHOS";"Reação tardia ou ineficiente do condutor";"Engavetamento";"Com Vítimas Feridas";"Pleno dia";"Crescente";"Nublado";"Múltipla";"Reta";"Não";3;0;2;0;1;0;2;3;-23,46489929;-46,49914789;"SPRF-SP";"DEL01/SP";"UOP01-DEL01-SP"
772462;2026-05-18;"segunda-feira";"06:20:00";"SP";153;61;"SAO JOSE DO RIO PRETO";"Acumulo de óleo sobre o pavimento";"Tombamento";"Com Vítimas Feridas";"Amanhecer";"Crescente";"Céu Claro";"Dupla";"Curva";"Sim";1;0;1;0;0;0;1;1;-20,80354012;-49,35610056;"SPRF-SP";"DEL09/SP";"UOP01-DEL09-SP"
772463;2026-05-18;"segunda-feira";"06:40:00";"SC";280;169;"MAFRA";"Reação tardia ou ineficiente do condutor";"Colisão com objeto";"Com Vítimas Feridas";"Pleno dia";"Decrescente";"Chuva";"Dupla";"Retorno Regulamentado;Reta;Aclive";"Sim";4;0;3;0;1;0;3;1;-26,1460985;-49,8139132;"SPRF-SC";"DEL06/SC";"UOP01-DEL06-SC"
772464;2026-05-17;"domingo";"12:03:00";"BA";324;517;"FEIRA DE SANTANA";"Acessar a via sem observar a presença dos outros veículos";"Colisão transversal";"Com Vítimas Feridas";"Pleno dia";"Crescente";"Céu Claro";"Simples";"Reta;Interseção de Vias";"Sim";2;0;0;1;1;0;1;2;-12,24904178;-38,93339809;"SPRF-BA";"DEL02/BA";"UOP01-DEL02-BA"
772465;2026-05-18;"segunda-feira";"07:10:00";"SP";116;158;"JACAREI";"Ausência de reação do condutor";"Queda de ocupante de veículo";"Com Vítimas Feridas";"Pleno dia";"Decrescente";"Nublado";"Simples";"Curva";"Não";1;0;1;0;0;0;1;1;-23,25953653;-45,95043182;"SPRF-SP";"DEL02/SP";"UOP01-DEL02-SP"
772466;2026-05-18;"segunda-feira";"07:15:00";"RS";285;570;"SAO LUIZ GONZAGA";"Ausência de reação do condutor";"Colisão traseira";"Com Vítimas Feridas";"Pleno dia";"Decrescente";"Sol";"Simples";"Reta";"Sim";2;0;1;0;1;0;1;2;-28,41422;-54,975791;"SPRF-RS";"DEL12/RS";"UOP01-DEL12-RS"
772468;2026-05-17;"domingo";"23:20:00";"SC";470;105;"APIUNA";"Ausência de reação do condutor";"Saída de leito carroçável";"Sem Vítimas";"Plena Noite";"Crescente";"Chuva";"Simples";"Reta";"Não";1;0;0;0;1;0;0;1;-27,06288838;-49,39534061;"SPRF-SC";"DEL04/SC";"UOP02-DEL04-SC"
772469;2026-05-18;"segunda-feira";"07:45:00";"DF";251;54;"BRASILIA";"Ausência de reação do condutor";"Saída de leito carroçável";"Com Vítimas Feridas";"Pleno dia";"Decrescente";"Céu Claro";"Dupla";"Reta";"Não";1;0;1;0;0;0;1;1;-15,97060568;-47,89006234;"SPRF-DF";"DEL01-DF";"UOP01-DEL01-DF"
772470;2026-04-08;"quarta-feira";"21:00:00";"PB";230;503;"CAJAZEIRAS";"Ausência de reação do condutor";"Queda de ocupante de veículo";"Com Vítimas Feridas";"Plena Noite";"Crescente";"Céu Claro";"Simples";"Reta";"Sim";1;0;1;0;0;0;1;1;-6,896855;-38,545427;"SPRF-PB";"DEL03-PB";"UOP03-DEL03-PB"
772472;2026-05-18;"segunda-feira";"07:25:00";"MG";40;549,7;"NOVA LIMA";"Carga excessiva e/ou mal acondicionada";"Derramamento de carga";"Com Vítimas Feridas";"Pleno dia";"Decrescente";"Sol";"Dupla";"Declive;Curva";"Não";2;0;0;1;0;1;1;2;-20,042122;-43,965086;"SPRF-MG";"DEL01/MG";"UOP02-DEL01-MG"
772476;2026-05-18;"segunda-feira";"06:40:00";"RS";392;340,8;"SANTA MARIA";"Demais falhas na via";"Tombamento";"Com Vítimas Feridas";"Pleno dia";"Crescente";"Céu Claro";"Simples";"Reta;Em Obras";"Não";1;0;1;0;0;0;1;1;-29,814886;-53,770686;"SPRF-RS";"DEL09/RS";"UOP01-DEL09-RS"
772477;2026-05-17;"domingo";"08:35:00";"AM";319;210;"BORBA";"Demais falhas mecânicas ou elétricas";"Capotamento";"Com Vítimas Feridas";"Pleno dia";"Crescente";"Céu Claro";"Simples";"Reta";"Não";3;0;2;1;0;0;3;1;-4,421441;-61,006504;"SPRF-AM";"DEL01-AM";"UOP04-DEL01-AM"
772478;2026-05-18;"segunda-feira";"08:20:00";"RJ";116;174;"SAO JOAO DE MERITI";"Reação tardia ou ineficiente do condutor";"Tombamento";"Com Vítimas Feridas";"Pleno dia";"Decrescente";"Céu Claro";"Múltipla";"Reta";"Sim";1;0;1;0;0;0;1;1;-22,79680435;-43,36015876;"SPRF-RJ";"DEL06/RJ";"UOP01-DEL06-RJ"
772480;2026-05-18;"segunda-feira";"08:20:00";"RS";116;529;"CAPAO DO LEAO";"Condutor deixou de manter distância do veículo da frente";"Colisão traseira";"Com Vítimas Feridas";"Pleno dia";"Decrescente";"Céu Claro";"Simples";"Reta";"Sim";2;0;1;0;0;1;1;2;-31,75249596;-52,42301089;"SPRF-RS";"DEL07/RS";"UOP01-DEL07-RS"
772482;2026-04-11;"sábado";"12:45:00";"PE";101;68,1;"RECIFE";"Condutor deixou de manter distância do veículo da frente";"Colisão traseira";"Com Vítimas Feridas";"Pleno dia";"Decrescente";"Sol";"Múltipla";"Reta";"Sim";7;0;1;0;6;0;1;3;-8,05524;-34,9463;"SPRF-PE";"DEL01/PE";"UOP01-DEL01-PE"
772483;2026-05-18;"segunda-feira";"08:10:00";"ES";101;158,1;"LINHARES";"Ultrapassagem Indevida";"Colisão frontal";"Com Vítimas Fatais";"Pleno dia";"Crescente";"Céu Claro";"Simples";"Reta";"Não";17;1;5;10;0;1;15;4;-19,4622314;-40,1057862;"SPRF-ES";"DEL04-ES";"UOP01-DEL04-ES"
772485;2026-05-18;"segunda-feira";"04:40:00";"RJ";40;103;"DUQUE DE CAXIAS";"Acessar a via sem observar a presença dos outros veículos";"Colisão transversal";"Com Vítimas Feridas";"Plena Noite";"Crescente";"Céu Claro";"Dupla";"Reta";"Sim";2;0;0;1;1;0;1;2;-22,62276619;-43,287063;"SPRF-RJ";"DEL01/RJ";"UOP02-DEL01-RJ"
772487;2026-05-17;"domingo";"18:40:00";"RJ";40;109;"DUQUE DE CAXIAS";"Ingestão de álcool pelo condutor";"Colisão traseira";"Sem Vítimas";"Plena Noite";"Crescente";"Céu Claro";"Simples";"Reta";"Sim";2;0;0;0;2;0;0;2;-22,6768901;-43,28660164;"SPRF-RJ";"DEL01/RJ";"UOP02-DEL01-RJ"
772488;2026-05-18;"segunda-feira";"07:55:00";"RN";405;71,6;"APODI";"Manobra de mudança de faixa";"Colisão lateral mesmo sentido";"Com Vítimas Feridas";"Pleno dia";"Crescente";"Céu Claro";"Simples";"Reta";"Não";3;0;1;0;2;0;1;2;-5,619023;-37,789379;"SPRF-RN";"DEL04-RN";"UOP02-DEL04-RN"
772490;2026-05-10;"domingo";"13:00:00";"RN";101;104;"PARNAMIRIM";"Manobra de mudança de faixa";"Colisão traseira";"Com Vítimas Feridas";"Pleno dia";"Crescente";"Nublado";"Dupla";"Viaduto;Curva;Declive";"Sim";2;0;1;0;1;0;1;2;-5,89225908;-35,25820064;"SPRF-RN";"DEL01-RN";"UOP01-DEL01-RN"
772493;2026-05-18;"segunda-feira";"08:45:00";"SP";116;536;"BARRA DO TURVO";"Chuva";"Colisão com objeto";"Com Vítimas Feridas";"Pleno dia";"Crescente";"Garoa/Chuvisco";"Dupla";"Curva";"Não";2;0;1;0;1;0;1;1;-24,971976;-48,3514443;"SPRF-SP";"DEL05/SP";"UOP02-DEL05-SP"
772495;2026-05-18;"segunda-feira";"09:05:00";"PB";230;4,2;"CABEDELO";"Acessar a via sem observar a presença dos outros veículos";"Colisão transversal";"Com Vítimas Feridas";"Pleno dia";"Decrescente";"Sol";"Múltipla";"Reta;Viaduto;Interseção de Vias";"Sim";3;0;2;0;1;0;2;2;-7,0060481;-34,8288326;"SPRF-PB";"DEL01-PB";"UOP01-DEL01-PB"
772496;2026-05-18;"segunda-feira";"09:54:00";"PB";230;27;"JOAO PESSOA";"Ausência de reação do condutor";"Tombamento";"Com Vítimas Feridas";"Pleno dia";"Crescente";"Céu Claro";"Dupla";"Declive";"Sim";1;0;1;0;0;0;1;1;-7,1672739;-34,88614652;"SPRF-PB";"DEL01-PB";"UOP01-DEL01-PB"
772498;2026-05-18;"segunda-feira";"09:30:00";"PR";116;1;"CAMPINA GRANDE DO SUL";"Chuva";"Colisão com objeto";"Sem Vítimas";"Pleno dia";"Crescente";"Chuva";"Múltipla";"Curva";"Não";1;0;0;0;1;0;0;1;-25,346445;-49,046547;"SPRF-PR";"DEL01/PR";"UOP02-DEL01-PR"
772499;2026-05-18;"segunda-feira";"09:45:00";"SE";101;150,1;"ESTANCIA";"Acessar a via sem observar a presença dos outros veículos";"Colisão transversal";"Com Vítimas Feridas";"Pleno dia";"Crescente";"Sol";"Simples";"Reta";"Sim";3;0;1;0;1;1;1;3;-11,25285983;-37,43755259;"SPRF-SE";"DEL02-SE";"UOP01-DEL02-SE"
772500;2026-05-18;"segunda-feira";"09:00:00";"AL";101;233,6;"OLHO DAGUA GRANDE";"Demais falhas mecânicas ou elétricas";"Incêndio";"Sem Vítimas";"Pleno dia";"Decrescente";"Céu Claro";"Dupla";"Reta";"Não";1;0;0;0;1;0;0;1;-10,115089;-36,748761;"SPRF-AL";"DEL02-AL";"UOP02-DEL02-AL"
772501;2026-05-16;"sábado";"07:20:00";"GO";60;73,2;"ANAPOLIS";"Condutor Dormindo";"Saída de leito carroçável";"Sem Vítimas";"Pleno dia";"Decrescente";"Céu Claro";"Dupla";"Reta;Aclive";"Não";3;0;0;0;3;0;0;1;-16,28237279;-48,79284589;"SPRF-GO";"DEL02/GO";"UOP01-DEL02-GO"
772502;2026-05-18;"segunda-feira";"07:50:00";"AC";364;122;"RIO BRANCO";"Ausência de reação do condutor";"Colisão traseira";"Com Vítimas Feridas";"Pleno dia";"Crescente";"Céu Claro";"Dupla";"Reta";"Sim";2;0;1;0;1;0;1;2;-10,0117;-67,77981;"SPRF-AC";"DEL01-AC";"UOP01-DEL01-AC"
772504;2026-05-18;"segunda-feira";"09:30:00";"PE";101;79;"JABOATAO DOS GUARARAPES";"Condutor deixou de manter distância do veículo da frente";"Colisão lateral mesmo sentido";"Com Vítimas Feridas";"Pleno dia";"Crescente";"Sol";"Dupla";"Reta";"Sim";2;0;2;0;0;0;2;1;-8,147512;-34,94464;"SPRF-PE";"DEL01/PE";"UOP01-DEL01-PE"
772507;2026-05-18;"segunda-feira";"10:40:00";"TO";10;403,3;"PORTO NACIONAL";"Desrespeitar a preferência no cruzamento";"Colisão transversal";"Com Vítimas Feridas";"Pleno dia";"Decrescente";"Céu Claro";"Dupla";"Rotatória";"Sim";2;0;1;0;1;0;1;2;-10,7086271;-48,3987071;"SPRF-TO";"DEL01-TO";"UOP03-DEL01-TO"
772510;2026-05-18;"segunda-feira";"09:20:00";"RO";364;102,7;"CHUPINGUAIA";"Transitar na contramão";"Colisão frontal";"Com Vítimas Fatais";"Pleno dia";"Decrescente";"Nublado";"Simples";"Reta";"Não";4;1;1;2;0;0;3;2;-12,259134;-60,657746;"SPRF-RO";"DEL04-RO";"UOP01-DEL04-RO"
772513;2026-05-18;"segunda-feira";"10:50:00";"MG";381;510;"SAO JOAQUIM DE BICAS";"Ausência de reação do condutor";"Colisão traseira";"Com Vítimas Feridas";"Pleno dia";"Decrescente";"Céu Claro";"Múltipla";"Reta";"Não";2;0;1;0;1;0;1;2;-20,056945;-44,287514;"SPRF-MG";"DEL01/MG";"UOP03-DEL01-MG"
772514;2026-05-18;"segunda-feira";"02:45:00";"PR";116;209;"RIO NEGRO";"Reação tardia ou ineficiente do condutor";"Colisão com objeto";"Sem Vítimas";"Plena Noite";"Crescente";"Chuva";"Simples";"Retorno Regulamentado;Interseção de Vias";"Sim";1;0;0;0;0;1;0;1;-26,085228;-49,778214;"SPRF-SC";"DEL06/SC";"UOP01-DEL06-SC"
772520;2026-05-18;"segunda-feira";"10:30:00";"MG";251;476,1;"FRANCISCO SA";"Acessar a via sem observar a presença dos outros veículos";"Colisão transversal";"Com Vítimas Feridas";"Pleno dia";"Crescente";"Céu Claro";"Simples";"Aclive;Reta";"Não";6;0;1;1;2;2;2;3;-16,47113;-43,45614;"SPRF-MG";"DEL12/MG";"UOP01-DEL12-MG"
772522;2026-05-18;"segunda-feira";"09:00:00";"RJ";40;120,6;"DUQUE DE CAXIAS";"Reação tardia ou ineficiente do condutor";"Colisão traseira";"Com Vítimas Feridas";"Pleno dia";"Crescente";"Céu Claro";"Múltipla";"Reta";"Sim";2;0;0;1;1;0;1;2;-22,77748;-43,28598;"SPRF-RJ";"DEL01/RJ";"UOP02-DEL01-RJ"
772524;2026-05-18;"segunda-feira";"12:30:00";"SP";381;76;"SAO PAULO";"Pista Escorregadia";"Saída de leito carroçável";"Com Vítimas Feridas";"Pleno dia";"Crescente";"Chuva";"Múltipla";"Curva;Declive";"Não";1;0;1;0;0;0;1;1;-23,3830385;-46,56513895;"SPRF-SP";"DEL03/SP";"UOP01-DEL03-SP"
772526;2026-05-18;"segunda-feira";"12:30:00";"ES";262;121,9;"CONCEICAO DO CASTELO";"Conversão proibida";"Colisão transversal";"Com Vítimas Feridas";"Pleno dia";"Crescente";"Sol";"Simples";"Interseção de Vias;Curva";"Não";3;0;1;0;2;0;1;2;-20,293452;-41,241082;"SPRF-ES";"DEL01-ES";"UOP02-DEL01-ES"
772528;2026-05-18;"segunda-feira";"08:58:00";"AC";364;155;"BUJARI";"Reação tardia ou ineficiente do condutor";"Saída de leito carroçável";"Com Vítimas Feridas";"Pleno dia";"Decrescente";"Céu Claro";"Simples";"Reta";"Não";1;0;1;0;0;0;1;1;-9,840635;-67,9374888;"SPRF-AC";"DEL01-AC";"UOP01-DEL01-AC"
772532;2026-05-18;"segunda-feira";"13:15:00";"RS";285;460;"IJUI";"Acessar a via sem observar a presença dos outros veículos";"Colisão transversal";"Com Vítimas Feridas";"Pleno dia";"Decrescente";"Sol";"Simples";"Interseção de Vias;Em Obras";"Sim";2;0;1;0;1;0;1;2;-28,418702;-53,916488;"SPRF-RS";"DEL10/RS";"UOP01-DEL10-RS"
772533;2026-05-18;"segunda-feira";"11:50:00";"BA";116;846,5;"VITORIA DA CONQUISTA";"Acessar a via sem observar a presença dos outros veículos";"Colisão transversal";"Com Vítimas Feridas";"Pleno dia";"Crescente";"Céu Claro";"Simples";"Reta";"Não";2;0;0;1;1;0;1;2;-15,030144;-40,959462;"SPRF-BA";"DEL08/BA";"UOP01-DEL08-BA"
772534;2026-05-18;"segunda-feira";"13:00:00";"SC";101;136;"BALNEARIO CAMBORIU";"Ausência de reação do condutor";"Tombamento";"Com Vítimas Feridas";"Pleno dia";"Crescente";"Nublado";"Múltipla";"Reta";"Sim";1;0;1;0;0;0;1;1;-27,007004;-48,619988;"SPRF-SC";"DEL04/SC";"UOP03-DEL04-SC"
772537;2026-05-18;"segunda-feira";"12:00:00";"RJ";465;21,7;"NOVA IGUACU";"Acessar a via sem observar a presença dos outros veículos";"Colisão transversal";"Com Vítimas Feridas";"Pleno dia";"Decrescente";"Sol";"Simples";"Reta";"Não";3;0;0;1;2;0;1;2;-22,856198;-43,601892;"SPRF-RJ";"DEL06/RJ";"UOP02-DEL06-RJ"
772538;2026-05-18;"segunda-feira";"12:55:00";"PE";101;42;"IGARASSU";"Acessar a via sem observar a presença dos outros veículos";"Colisão transversal";"Com Vítimas Feridas";"Pleno dia";"Crescente";"Céu Claro";"Simples";"Reta";"Sim";4;0;2;0;2;0;2;3;-7,84461723;-34,91066543;"SPRF-PE";"DEL01/PE";"UOP02-DEL01-PE"
772539;2026-05-18;"segunda-feira";"11:00:00";"SP";116;549;"BARRA DO TURVO";"Reação tardia ou ineficiente do condutor";"Colisão com objeto";"Com Vítimas Feridas";"Pleno dia";"Decrescente";"Chuva";"Simples";"Curva";"Não";2;0;1;0;1;0;1;1;-24,96511825;-48,43243218;"SPRF-SP";"DEL05/SP";"UOP02-DEL05-SP"
772543;2026-05-18;"segunda-feira";"12:00:00";"PB";230;458;"SOUSA";"Acessar a via sem observar a presença dos outros veículos";"Colisão transversal";"Com Vítimas Feridas";"Pleno dia";"Crescente";"Céu Claro";"Simples";"Reta";"Sim";2;0;1;0;1;0;1;2;-6,775393;-38,196203;"SPRF-PB";"DEL03-PB";"UOP03-DEL03-PB"
772544;2026-05-18;"segunda-feira";"12:20:00";"SC";282;216;"LAGES";"Acessar a via sem observar a presença dos outros veículos";"Colisão traseira";"Sem Vítimas";"Pleno dia";"Crescente";"Céu Claro";"Simples";"Aclive;Reta";"Sim";2;0;0;0;2;0;0;2;-27,797607;-50,293588;"SPRF-SC";"DEL05/SC";"UOP01-DEL05-SC"
772546;2026-05-06;"quarta-feira";"06:50:00";"SC";282;398,6;"JOACABA";"Condutor deixou de manter distância do veículo da frente";"Colisão traseira";"Com Vítimas Feridas";"Pleno dia";"Decrescente";"Céu Claro";"Simples";"Reta";"Não";2;0;1;0;1;0;1;2;-27,146492;-51,61275;"SPRF-SC";"DEL07/SC";"UOP05-DEL07-SC"
772547;2026-05-18;"segunda-feira";"14:00:00";"SP";381;74;"SAO PAULO";"Ausência de reação do condutor";"Colisão com objeto";"Sem Vítimas";"Pleno dia";"Crescente";"Garoa/Chuvisco";"Dupla";"Curva;Declive";"Não";2;0;0;0;1;1;0;1;-23,38757501;-46,56956506;"SPRF-SP";"DEL03/SP";"UOP01-DEL03-SP"
772548;2026-05-18;"segunda-feira";"13:00:00";"RJ";356;105;"CARDOSO MOREIRA";"Demais falhas mecânicas ou elétricas";"Saída de leito carroçável";"Com Vítimas Feridas";"Pleno dia";"Decrescente";"Céu Claro";"Simples";"Curva";"Não";1;0;1;0;0;0;1;1;-21,54418243;-41,49653999;"SPRF-RJ";"DEL08/RJ";"UOP03-DEL08-RJ"
772552;2026-05-18;"segunda-feira";"14:35:00";"PR";277;84;"CURITIBA";"Pista Escorregadia";"Queda de ocupante de veículo";"Com Vítimas Feridas";"Pleno dia";"Decrescente";"Chuva";"Dupla";"Declive";"Sim";1;0;1;0;0;0;1;1;-25,446375;-49,231405;"SPRF-PR";"DEL01/PR";"UOP03-DEL01-PR"
772554;2026-05-18;"segunda-feira";"14:30:00";"SP";116;521;"CAJATI";"Chuva";"Capotamento";"Com Vítimas Feridas";"Pleno dia";"Crescente";"Chuva";"Simples";"Curva";"Não";2;0;2;0;0;0;2;1;-24,89406661;-48,24388504;"SPRF-SP";"DEL05/SP";"UOP02-DEL05-SP"
772555;2026-05-18;"segunda-feira";"14:45:00";"SC";101;214,6;"PALHOCA";"Reação tardia ou ineficiente do condutor";"Colisão traseira";"Com Vítimas Feridas";"Pleno dia";"Crescente";"Nublado";"Dupla";"Reta";"Sim";3;0;1;0;2;0;1;3;-27,64924;-48,67535;"SPRF-SC";"DEL01/SC";"UOP02-DEL01-SC"
772559;2026-05-18;"segunda-feira";"12:30:00";"PR";373;440,1;"CHOPINZINHO";"Condutor deixou de manter distância do veículo da frente";"Colisão traseira";"Sem Vítimas";"Pleno dia";"Crescente";"Céu Claro";"Simples";"Reta";"Sim";5;0;0;0;5;0;0;2;-25,81563174;-52,29306329;"SPRF-PR";"DEL02/PR";"UOP01-DEL02-PR"
772560;2026-05-18;"segunda-feira";"14:40:00";"PR";277;649,3;"CEU AZUL";"Condutor Dormindo";"Saída de leito carroçável";"Com Vítimas Feridas";"Pleno dia";"Crescente";"Céu Claro";"Simples";"Reta";"Não";2;0;0;1;1;0;1;1;-25,177801;-53,91816;"SPRF-PR";"DEL05/PR";"UOP02-DEL05-PR"
772563;2026-05-18;"segunda-feira";"14:40:00";"MS";262;239;"RIBAS DO RIO PARDO";"Acessar a via sem observar a presença dos outros veículos";"Colisão transversal";"Sem Vítimas";"Pleno dia";"Crescente";"Nublado";"Simples";"Interseção de Vias;Reta";"Sim";2;0;0;0;2;0;0;2;-20,45697591;-53,75630585;"SPRF-MS";"DEL01/MS";"UOP05-DEL01-MS"
772565;2026-05-18;"segunda-feira";"14:44:00";"MG";354;745;"POUSO ALTO";"Acessar a via sem observar a presença dos outros veículos";"Colisão transversal";"Com Vítimas Feridas";"Pleno dia";"Decrescente";"Nublado";"Simples";"Curva";"Sim";2;0;2;0;0;0;2;2;-22,250162;-44,935293;"SPRF-MG";"DEL17/MG";"UOP01-DEL17-MG"
772566;2026-05-18;"segunda-feira";"15:08:00";"PB";230;135,7;"MASSARANDUBA";"Ausência de reação do condutor";"Colisão traseira";"Com Vítimas Feridas";"Pleno dia";"Crescente";"Céu Claro";"Dupla";"Reta";"Não";2;0;1;0;1;0;1;2;-7,279872;-35,77047;"SPRF-PB";"DEL02-PB";"UOP01-DEL02-PB"
772567;2026-05-18;"segunda-feira";"14:20:00";"RO";319;144;"PORTO VELHO";"Condutor deixou de manter distância do veículo da frente";"Colisão traseira";"Sem Vítimas";"Pleno dia";"Crescente";"Céu Claro";"Dupla";"Interseção de Vias";"Sim";2;0;0;0;2;0;0;2;-8,7713;-63,883703;"SPRF-RO";"DEL01-RO";"UOP01-DEL01-RO"
772569;2026-05-18;"segunda-feira";"07:50:00";"MG";116;562;"MANHUACU";"Ausência de reação do condutor";"Saída de leito carroçável";"Com Vítimas Feridas";"Pleno dia";"Decrescente";"Céu Claro";"Simples";"Curva";"Não";1;0;1;0;0;0;1;1;-20,05480452;-42,17504168;"SPRF-MG";"DEL06/MG";"UOP03-DEL06-MG"
772570;2026-05-18;"segunda-feira";"13:30:00";"RS";468;105,8;"TRES PASSOS";"Ausência de reação do condutor";"Saída de leito carroçável";"Com Vítimas Feridas";"Pleno dia";"Decrescente";"Nublado";"Simples";"Curva";"Sim";1;0;1;0;0;0;1;1;-27,4363541;-53,9501187;"SPRF-RS";"DEL08/RS";"UOP02-DEL08-RS"
772571;2026-04-17;"sexta-feira";"08:30:00";"GO";153;401;"PIRENOPOLIS";"Desrespeitar a preferência no cruzamento";"Colisão transversal";"Com Vítimas Feridas";"Pleno dia";"Crescente";"Céu Claro";"Simples";"Interseção de Vias";"Não";2;0;1;0;0;1;1;2;-16,04860767;-49,07406092;"SPRF-GO";"DEL02/GO";"UOP02-DEL02-GO"
772573;2026-05-18;"segunda-feira";"15:30:00";"RJ";40;85;"PETROPOLIS";"Pista Escorregadia";"Colisão com objeto";"Com Vítimas Feridas";"Pleno dia";"Decrescente";"Garoa/Chuvisco";"Simples";"Aclive;Curva";"Não";2;0;1;0;1;0;1;1;-22,5115949;-43,23028374;"SPRF-RJ";"DEL01/RJ";"UOP01-DEL01-RJ"
772574;2026-05-18;"segunda-feira";"13:05:00";"SP";459;19;"LORENA";"Reação tardia ou ineficiente do condutor";"Queda de ocupante de veículo";"Com Vítimas Feridas";"Pleno dia";"Crescente";"Nublado";"Simples";"Reta";"Não";1;0;0;1;0;0;1;1;-22,66757907;-45,14062579;"SPRF-SP";"DEL08/SP";"UOP02-DEL08-SP"
772576;2026-05-18;"segunda-feira";"16:04:00";"RN";226;15;"MACAIBA";"Condutor deixou de manter distância do veículo da frente";"Colisão traseira";"Sem Vítimas";"Pleno dia";"Decrescente";"Céu Claro";"Simples";"Reta;Interseção de Vias";"Não";2;0;0;0;2;0;0;2;-5,856929;-35,336124;"SPRF-RN";"DEL01-RN";"UOP02-DEL01-RN"
772577;2026-05-13;"quarta-feira";"10:30:00";"SC";282;0,5;"FLORIANOPOLIS";"Reação tardia ou ineficiente do condutor";"Engavetamento";"Com Vítimas Feridas";"Pleno dia";"Decrescente";"Céu Claro";"Múltipla";"Declive;Reta";"Sim";9;0;2;0;7;0;2;7;-27,59839219;-48,57259361;"SPRF-SC";"DEL01/SC";"UOP01-DEL01-SC"
772578;2026-05-15;"sexta-feira";"18:30:00";"RJ";101;43;"CAMPOS DOS GOYTACAZES";"Transitar na contramão";"Colisão frontal";"Com Vítimas Feridas";"Plena Noite";"Decrescente";"Céu Claro";"Simples";"Reta";"Não";3;0;2;0;1;0;2;2;-21,579617;-41,321766;"SPRF-RJ";"DEL08/RJ";"UOP01-DEL08-RJ"
772580;2026-05-18;"segunda-feira";"13:30:00";"SC";280;7;"SAO FRANCISCO DO SUL";"Reação tardia ou ineficiente do condutor";"Colisão transversal";"Com Vítimas Feridas";"Pleno dia";"Decrescente";"Nublado";"Simples";"Reta";"Sim";3;0;2;0;1;0;2;2;-26,276789;-48,645028;"SPRF-SC";"DEL03/SC";"UOP03-DEL03-SC"
772581;2026-05-18;"segunda-feira";"02:45:00";"MT";163;946;"NOVA SANTA HELENA";"Reação tardia ou ineficiente do condutor";"Saída de leito carroçável";"Com Vítimas Feridas";"Plena Noite";"Crescente";"Céu Claro";"Simples";"Reta";"Não";2;0;1;0;1;0;1;1;-10,922915;-55,203023;"SPRF-MT";"DEL06/MT";"UOP02-DEL06-MT"
772582;2026-05-18;"segunda-feira";"14:50:00";"MT";163;732;"SORRISO";"Velocidade Incompatível";"Saída de leito carroçável";"Com Vítimas Feridas";"Pleno dia";"Crescente";"Céu Claro";"Simples";"Declive;Em Obras;Curva";"Não";2;0;2;0;0;0;2;1;-12,70359342;-55,81616879;"SPRF-MT";"DEL06/MT";"UOP01-DEL06-MT"