"id";"data_inversa";"dia_semana";"horario";"uf";"br";"km";"municipio";"causa_acidente";"tipo_acidente";"classificacao_acidente";"fase_dia";"sentido_via";"condicao_metereologica";"tipo_pista";"tracado_via";"uso_solo";"pessoas";"mortos";"feridos_leves";"feridos_graves";"ilesos";"ignorados";"feridos";"veiculos";"latitude";"longitude";"regional";"delegacia";"uop"
772583;2026-05-18;"segunda-feira";"16:30:00";"SC";101;139;"BALNEARIO CAMBORIU";"Acesso irregular";"Colisão frontal";"Com Vítimas Feridas";"Pleno dia";"Crescente";"Céu Claro";"Múltipla";"Viaduto";"Não";2;0;2;0;0;0;2;2;-27,033103;-48,604479;"SPRF-SC";"DEL04/SC";"UOP03-DEL04-SC"
772584;2026-05-18;"segunda-feira";"15:30:00";"BA";349;914,8;"CORRENTINA";"Acessar a via sem observar a presença dos outros veículos";"Colisão traseira";"Com Vítimas Feridas";"Pleno dia";"Crescente";"Céu Claro";"Simples";"Reta;Interseção de Vias;Aclive";"Não";8;0;0;2;6;0;2;2;-13,40209;-44,51514;"SPRF-BA";"DEL10/BA";"UOP02-DEL10-BA"
772585;2026-05-18;"segunda-feira";"15:40:00";"PR";153;24,6;"JACAREZINHO";"Acessar a via sem observar a presença dos outros veículos";"Colisão transversal";"Com Vítimas Feridas";"Pleno dia";"Crescente";"Garoa/Chuvisco";"Simples";"Interseção de Vias";"Não";3;0;1;1;1;0;2;2;-23,18892593;-49,98572096;"SPRF-PR";"DEL07/PR";"UOP04-DEL07-PR"
772586;2026-05-18;"segunda-feira";"16:45:00";"MG";381;494;"BETIM";"Manobra de mudança de faixa";"Colisão lateral mesmo sentido";"Com Vítimas Feridas";"Pleno dia";"Crescente";"Céu Claro";"Dupla";"Declive;Viaduto;Reta";"Sim";2;0;1;0;1;0;1;2;-19,96718764;-44,17959809;"SPRF-MG";"DEL01/MG";"UOP03-DEL01-MG"
772587;2026-05-18;"segunda-feira";"11:00:00";"SP";116;220;"GUARULHOS";"Ausência de reação do condutor";"Colisão lateral mesmo sentido";"Com Vítimas Feridas";"Pleno dia";"Crescente";"Céu Claro";"Múltipla";"Reta";"Sim";4;0;2;0;0;2;2;4;-23,46453446;-46,49744742;"SPRF-SP";"DEL01/SP";"UOP01-DEL01-SP"
772588;2026-05-18;"segunda-feira";"16:20:00";"GO";60;453;"JATAI";"Chuva";"Saída de leito carroçável";"Sem Vítimas";"Anoitecer";"Crescente";"Chuva";"Dupla";"Curva";"Não";3;0;0;0;3;0;0;1;-17,856558;-51,553562;"SPRF-GO";"DEL05/GO";"UOP01-DEL05-GO"
772590;2026-04-20;"segunda-feira";"08:15:00";"RJ";116;111;"GUAPIMIRIM";"Ausência de reação do condutor";"Tombamento";"Com Vítimas Feridas";"Pleno dia";"Decrescente";"Céu Claro";"Múltipla";"Reta";"Não";1;0;1;0;0;0;1;1;-22,552378;-42,990427;"SPRF-RJ";"DEL04/RJ";"UOP02-DEL04-RJ"
772591;2026-05-18;"segunda-feira";"17:40:00";"MG";381;447,6;"BELO HORIZONTE";"Conversão proibida";"Colisão transversal";"Com Vítimas Feridas";"Plena Noite";"Crescente";"Céu Claro";"Simples";"Reta";"Sim";2;0;0;1;1;0;1;2;-19,84019032;-43,87630463;"SPRF-MG";"DEL01/MG";"UOP01-DEL01-MG"
772592;2026-05-18;"segunda-feira";"17:15:00";"RS";116;248,6;"SAO LEOPOLDO";"Reação tardia ou ineficiente do condutor";"Queda de ocupante de veículo";"Com Vítimas Feridas";"Anoitecer";"Crescente";"Céu Claro";"Múltipla";"Reta";"Sim";1;0;1;0;0;0;1;1;-29,78225756;-51,15989685;"SPRF-RS";"DEL01/RS";"UOP02-DEL01-RS"
772593;2026-04-17;"sexta-feira";"21:12:00";"PA";163;169,1;"ALTAMIRA";"Reação tardia ou ineficiente do condutor";"Capotamento";"Sem Vítimas";"Plena Noite";"Crescente";"Ignorado";"Simples";"Reta";"Não";3;0;0;0;0;3;0;1;-8,2226473;-55,122346;"SPRF-PA";"DEL05/PA";"UOP03-DEL05-PA"
772596;2026-05-18;"segunda-feira";"17:25:00";"PE";232;58;"POMBOS";"Entrada inopinada do pedestre";"Atropelamento de Pedestre";"Com Vítimas Feridas";"Anoitecer";"Crescente";"Céu Claro";"Dupla";"Reta;Declive";"Sim";2;0;0;1;1;0;1;2;-8,146856;-35,396212;"SPRF-PE";"DEL02/PE";"UOP02-DEL02PE"
772597;2026-05-18;"segunda-feira";"18:05:00";"RN";101;66;"EXTREMOZ";"Demais falhas mecânicas ou elétricas";"Queda de ocupante de veículo";"Com Vítimas Feridas";"Plena Noite";"Crescente";"Céu Claro";"Simples";"Reta";"Não";1;0;1;0;0;0;1;1;-5,652921;-35,249502;"SPRF-RN";"DEL02-RN";"UOP01-DEL02-RN"
772598;2026-05-18;"segunda-feira";"17:30:00";"PR";116;18;"ANTONINA";"Chuva";"Capotamento";"Com Vítimas Feridas";"Anoitecer";"Decrescente";"Chuva";"Dupla";"Reta";"Não";3;0;2;0;1;0;2;1;-25,1053099;-48,71622741;"SPRF-PR";"DEL01/PR";"UOP02-DEL01-PR"
772599;2026-05-18;"segunda-feira";"17:00:00";"PR";476;115;"COLOMBO";"Trafegar com motocicleta (ou similar) entre as faixas";"Atropelamento de Pedestre";"Com Vítimas Feridas";"Pleno dia";"Crescente";"Chuva";"Simples";"Aclive;Reta";"Sim";3;0;1;0;1;1;1;2;-25,3446;-49,16;"SPRF-PR";"DEL01/PR";"UOP01-DEL01-PR"
772601;2026-05-18;"segunda-feira";"10:10:00";"CE";222;49,1;"SAO GONCALO DO AMARANTE";"Falta de elemento de contenção que evite a saída do leito carroçável";"Saída de leito carroçável";"Com Vítimas Feridas";"Pleno dia";"Decrescente";"Céu Claro";"Simples";"Reta;Ponte";"Não";1;0;1;0;0;0;1;1;-3,667238;-38,986737;"SPRF-CE";"DEL01/CE";"UOP03-DEL01-CE"
772602;2026-05-05;"terça-feira";"00:21:00";"TO";153;677;"GURUPI";"Reação tardia ou ineficiente do condutor";"Tombamento";"Com Vítimas Fatais";"Plena Noite";"Decrescente";"Céu Claro";"Simples";"Reta";"Não";1;1;0;0;0;0;0;1;-11,7581;-49,0945;"SPRF-TO";"DEL01-TO";"UOP02-DEL01-TO"
772604;2026-05-18;"segunda-feira";"18:40:00";"TO";10;447;"PALMAS";"Condutor deixou de manter distância do veículo da frente";"Eventos atípicos";"Com Vítimas Feridas";"Anoitecer";"Decrescente";"Céu Claro";"Simples";"Reta";"Não";2;0;0;1;0;1;1;2;-10,371175;-48,304012;"SPRF-TO";"DEL01-TO";"UOP03-DEL01-TO"
772605;2026-05-18;"segunda-feira";"18:45:00";"MG";381;486;"BETIM";"Ausência de reação do condutor";"Engavetamento";"Sem Vítimas";"Anoitecer";"Decrescente";"Céu Claro";"Dupla";"Reta;Declive";"Sim";3;0;0;0;3;0;0;3;-19,9562563;-44,10471082;"SPRF-MG";"DEL01/MG";"UOP03-DEL01-MG"
772606;2026-05-18;"segunda-feira";"18:20:00";"RJ";101;476;"ANGRA DOS REIS";"Ausência de reação do condutor";"Colisão transversal";"Com Vítimas Feridas";"Plena Noite";"Decrescente";"Céu Claro";"Simples";"Curva;Declive";"Sim";2;0;0;1;1;0;1;2;-23,00204001;-44,25947571;"SPRF-RJ";"DEL03/RJ";"UOP03-DEL03-RJ"
772607;2026-05-18;"segunda-feira";"17:00:00";"SP";116;499;"CAJATI";"Reação tardia ou ineficiente do condutor";"Saída de leito carroçável";"Com Vítimas Feridas";"Pleno dia";"Crescente";"Garoa/Chuvisco";"Múltipla";"Curva";"Não";1;0;1;0;0;0;1;1;-24,76968501;-48,17034388;"SPRF-SP";"DEL05/SP";"UOP02-DEL05-SP"
772608;2026-05-18;"segunda-feira";"18:40:00";"SE";101;103;"SAO CRISTOVAO";"Acessar a via sem observar a presença dos outros veículos";"Queda de ocupante de veículo";"Com Vítimas Feridas";"Plena Noite";"Decrescente";"Céu Claro";"Dupla";"Reta";"Sim";1;0;1;0;0;0;1;1;-10,95481741;-37,22329617;"SPRF-SE";"DEL02-SE";"UOP01-DEL02-SE"
772611;2026-05-18;"segunda-feira";"18:20:00";"ES";101;157,2;"LINHARES";"Ausência de reação do condutor";"Colisão com objeto";"Com Vítimas Feridas";"Plena Noite";"Crescente";"Céu Claro";"Simples";"Reta";"Não";1;0;1;0;0;0;1;1;-19,43912529;-40,08955892;"SPRF-ES";"DEL04-ES";"UOP01-DEL04-ES"
772612;2026-05-18;"segunda-feira";"19:02:00";"RS";116;238,4;"NOVO HAMBURGO";"Reação tardia ou ineficiente do condutor";"Tombamento";"Com Vítimas Feridas";"Plena Noite";"Decrescente";"Nevoeiro/Neblina";"Dupla";"Em Obras";"Sim";1;0;1;0;0;0;1;1;-29,69182643;-51,14315694;"SPRF-RS";"DEL01/RS";"UOP02-DEL01-RS"
772614;2026-05-18;"segunda-feira";"18:30:00";"BA";101;229;"SAPEACU";"Transitar na contramão";"Colisão lateral sentido oposto";"Com Vítimas Fatais";"Plena Noite";"Decrescente";"Céu Claro";"Simples";"Declive;Reta";"Não";9;1;4;1;3;0;5;4;-12,7106809;-39,1714766;"SPRF-BA";"DEL11/BA";"UOP01-DEL11-BA"
772615;2026-05-18;"segunda-feira";"18:55:00";"PR";376;181;"MARINGA";"Manobra de mudança de faixa";"Colisão lateral mesmo sentido";"Com Vítimas Feridas";"Anoitecer";"Decrescente";"Céu Claro";"Dupla";"Reta;Aclive;Viaduto";"Sim";2;0;1;0;1;0;1;2;-23,42532516;-51,89859716;"SPRF-PR";"DEL09/PR";"UOP01-DEL09-PR"
772616;2026-05-18;"segunda-feira";"18:50:00";"SC";101;324,3;"CAPIVARI DE BAIXO";"Acessar a via sem observar a presença dos outros veículos";"Colisão lateral mesmo sentido";"Com Vítimas Feridas";"Plena Noite";"Decrescente";"Nublado";"Dupla";"Curva;Aclive";"Não";2;0;1;0;1;0;1;2;-28,42458713;-48,9383289;"SPRF-SC";"DEL02/SC";"UOP01-DEL02-SC"
772617;2026-05-18;"segunda-feira";"17:54:00";"PE";423;93,4;"GARANHUNS";"Acessar a via sem observar a presença dos outros veículos";"Colisão transversal";"Sem Vítimas";"Anoitecer";"Crescente";"Céu Claro";"Simples";"Aclive;Reta";"Sim";2;0;0;0;1;1;0;2;-8,87107348;-36,46524159;"SPRF-PE";"DEL03/PE";"UOP01-DEL03-PE"
772619;2026-05-18;"segunda-feira";"18:15:00";"MA";10;252;"IMPERATRIZ";"Reação tardia ou ineficiente do condutor";"Colisão traseira";"Com Vítimas Feridas";"Anoitecer";"Decrescente";"Céu Claro";"Simples";"Reta";"Não";3;0;1;0;1;1;1;3;-5,528882;-47,471483;"SPRF-MA";"DEL04-MA";"UOP01-DEL04-MA"
772620;2026-05-18;"segunda-feira";"18:30:00";"RS";101;5,5;"TORRES";"Entrada inopinada do pedestre";"Atropelamento de Pedestre";"Com Vítimas Fatais";"Plena Noite";"Crescente";"Céu Claro";"Dupla";"Reta";"Não";2;1;0;0;1;0;0;2;-29,3443873;-49,789777;"SPRF-RS";"DEL03/RS";"UOP02-DEL03-RS"
772621;2026-05-18;"segunda-feira";"19:00:00";"AL";101;74;"MESSIAS";"Ausência de reação do condutor";"Queda de ocupante de veículo";"Com Vítimas Feridas";"Plena Noite";"Decrescente";"Céu Claro";"Dupla";"Reta";"Não";1;0;1;0;0;0;1;1;-9,3966173;-35,8366471;"SPRF-AL";"DEL01-AL";"UOP01-DEL01-AL"
772624;2026-05-18;"segunda-feira";"18:40:00";"PA";316;70;"CASTANHAL";"Ausência de reação do condutor";"Colisão traseira";"Com Vítimas Feridas";"Plena Noite";"Decrescente";"Céu Claro";"Simples";"Reta;Declive";"Não";3;0;2;0;0;1;2;2;-1,291705;-47,868575;"SPRF-PA";"DEL01/PA";"UOP01-DEL01-PA"
772625;2026-05-18;"segunda-feira";"17:30:00";"BA";367;50;"PORTO SEGURO";"Acessar a via sem observar a presença dos outros veículos";"Colisão transversal";"Com Vítimas Feridas";"Plena Noite";"Decrescente";"Nublado";"Simples";"Curva";"Não";2;0;1;0;1;0;1;2;-16,375732;-39,292378;"SPRF-BA";"DEL09/BA";"UOP03-DEL09-BA"
772627;2026-05-18;"segunda-feira";"18:20:00";"MS";267;478;"GUIA LOPES DA LAGUNA";"Ingestão de álcool pelo condutor";"Colisão lateral mesmo sentido";"Com Vítimas Feridas";"Plena Noite";"Decrescente";"Céu Claro";"Dupla";"Rotatória";"Sim";2;0;0;1;1;0;1;2;-21,45865093;-56,12046392;"SPRF-MS";"DEL05/MS";"UOP01-DEL05-MS"
772628;2026-05-18;"segunda-feira";"19:17:00";"PE";232;129,2;"CARUARU";"Ausência de sinalização";"Atropelamento de Pedestre";"Com Vítimas Fatais";"Plena Noite";"Crescente";"Nublado";"Dupla";"Reta";"Sim";2;1;0;1;0;0;1;2;-8,30267087;-35,97749233;"SPRF-PE";"DEL02/PE";"UOP03-DEL02-PE"
772629;2026-05-18;"segunda-feira";"11:00:00";"RJ";101;570;"PARATY";"Acessar a via sem observar a presença dos outros veículos";"Colisão transversal";"Com Vítimas Feridas";"Pleno dia";"Decrescente";"Nublado";"Simples";"Reta";"Não";3;0;2;0;1;0;2;2;-23,17729188;-44,71092224;"SPRF-RJ";"DEL03/RJ";"UOP04-DEL03-RJ"
772630;2026-05-18;"segunda-feira";"19:20:00";"RJ";101;322;"NITEROI";"Ausência de reação do condutor";"Colisão traseira";"Com Vítimas Feridas";"Plena Noite";"Decrescente";"Nublado";"Múltipla";"Reta";"Sim";2;0;1;0;1;0;1;2;-22,87638807;-43,11773895;"SPRF-RJ";"DEL02/RJ";"UOP01-DEL02-RJ"
772631;2026-05-18;"segunda-feira";"19:39:00";"GO";153;501;"GOIANIA";"Chuva";"Tombamento";"Com Vítimas Feridas";"Anoitecer";"Crescente";"Chuva";"Dupla";"Reta";"Não";2;0;2;0;0;0;2;1;-16,71496431;-49,23507426;"SPRF-GO";"DEL01/GO";"UOP01-DEL01-GO"
772633;2026-05-18;"segunda-feira";"18:00:00";"PB";412;50;"SAO JOAO DO CARIRI";"Acessar a via sem observar a presença dos outros veículos";"Colisão transversal";"Com Vítimas Feridas";"Plena Noite";"Decrescente";"Nublado";"Simples";"Reta";"Não";2;0;1;0;1;0;1;2;-7,357315;-36,490807;"SPRF-PB";"DEL02-PB";"UOP02-DEL02-PB"
772636;2026-05-18;"segunda-feira";"18:47:00";"MG";40;520;"CONTAGEM";"Ausência de reação do condutor";"Colisão traseira";"Com Vítimas Feridas";"Plena Noite";"Crescente";"Céu Claro";"Dupla";"Reta";"Não";2;0;1;0;1;0;1;2;-19,85585586;-44,08001189;"SPRF-MG";"DEL01/MG";"UOP02-DEL01-MG"
772637;2026-05-18;"segunda-feira";"19:45:00";"SC";163;76,5;"SAO MIGUEL DO OESTE";"Iluminação deficiente";"Colisão com objeto";"Com Vítimas Feridas";"Plena Noite";"Decrescente";"Céu Claro";"Simples";"Aclive;Curva";"Sim";2;0;2;0;0;0;2;1;-26,67800597;-53,51569176;"SPRF-SC";"DEL07/SC";"UOP03-DEL07-SC"
772640;2026-05-18;"segunda-feira";"18:33:00";"AC";364;135;"RIO BRANCO";"Reação tardia ou ineficiente do condutor";"Engavetamento";"Com Vítimas Feridas";"Plena Noite";"Decrescente";"Nublado";"Dupla";"Reta";"Sim";3;0;1;0;2;0;1;3;-9,974697;-67,850287;"SPRF-AC";"DEL01-AC";"UOP01-DEL01-AC"
772643;2026-05-18;"segunda-feira";"21:30:00";"SC";101;203;"SAO JOSE";"Reação tardia ou ineficiente do condutor";"Colisão traseira";"Com Vítimas Feridas";"Plena Noite";"Decrescente";"Nublado";"Dupla";"Reta";"Sim";3;0;1;0;2;0;1;2;-27,56561297;-48,61363141;"SPRF-SC";"DEL01/SC";"UOP01-DEL01-SC"
772644;2026-05-18;"segunda-feira";"18:00:00";"SC";101;430,9;"SOMBRIO";"Desrespeitar a preferência no cruzamento";"Colisão transversal";"Com Vítimas Feridas";"Anoitecer";"Crescente";"Nublado";"Simples";"Viaduto";"Sim";3;0;1;0;2;0;1;2;-29,07008865;-49,62648793;"SPRF-SC";"DEL02/SC";"UOP02-DEL02-SC"
772645;2026-05-18;"segunda-feira";"21:05:00";"PR";369;74,4;"SANTA MARIANA";"Pedestre - Ingestão de álcool/ substâncias psicoativas";"Atropelamento de Pedestre";"Com Vítimas Feridas";"Plena Noite";"Crescente";"Céu Claro";"Simples";"Interseção de Vias";"Sim";3;0;0;1;0;2;1;2;-23,15188704;-50,52441565;"SPRF-PR";"DEL07/PR";"UOP05-DEL07-PR"
772646;2026-05-18;"segunda-feira";"20:50:00";"MG";116;529,9;"CARATINGA";"Reação tardia ou ineficiente do condutor";"Colisão traseira";"Com Vítimas Feridas";"Plena Noite";"Crescente";"Céu Claro";"Simples";"Reta";"Sim";2;0;0;1;1;0;1;2;-19,813033;-42,13517833;"SPRF-MG";"DEL06/MG";"UOP02-DEL06-MG"
772647;2026-05-18;"segunda-feira";"21:10:00";"SP";116;278,8;"EMBU DAS ARTES";"Ausência de reação do condutor";"Tombamento";"Com Vítimas Feridas";"Plena Noite";"Crescente";"Nublado";"Dupla";"Declive;Curva";"Sim";1;0;1;0;0;0;1;1;-23,6359;-46,8321;"SPRF-SP";"DEL04/SP";"UOP01-DEL04-SP"
772648;2026-05-18;"segunda-feira";"20:07:00";"AC";364;133;"RIO BRANCO";"Animais na Pista";"Atropelamento de Animal";"Com Vítimas Feridas";"Plena Noite";"Crescente";"Céu Claro";"Dupla";"Reta";"Sim";1;0;1;0;0;0;1;1;-10,000081;-67,849693;"SPRF-AC";"DEL01-AC";"UOP01-DEL01-AC"
772649;2026-05-07;"quinta-feira";"18:05:00";"RO";0;0;"JI-PARANA";"Manobra de mudança de faixa";"Colisão lateral mesmo sentido";"Com Vítimas Feridas";"Plena Noite";"Não Informado";"Ignorado";"Simples";"Reta";"Sim";3;0;1;0;1;1;1;3;-10,881882;-61,9200996;"SPRF-RO";"DEL02-RO";"UOP01-DEL02-RO"
772652;2026-05-18;"segunda-feira";"22:30:00";"GO";153;692;"ITUMBIARA";"Velocidade Incompatível";"Colisão com objeto";"Com Vítimas Feridas";"Plena Noite";"Crescente";"Céu Claro";"Dupla";"Retorno Regulamentado";"Não";4;0;3;1;0;0;4;1;-18,32840931;-49,22638273;"SPRF-GO";"DEL03/GO";"UOP02-DEL03-GO"
772656;2026-05-18;"segunda-feira";"22:50:00";"PI";316;9,2;"TERESINA";"Ausência de reação do condutor";"Colisão traseira";"Com Vítimas Feridas";"Plena Noite";"Decrescente";"Céu Claro";"Múltipla";"Reta";"Sim";2;0;0;1;1;0;1;2;-5,180262;-42,76405;"SPRF-PI";"DEL01-PI";"UOP02-DEL01-PI"
772658;2026-05-18;"segunda-feira";"23:00:00";"PR";116;6;"QUATRO BARRAS";"Chuva";"Saída de leito carroçável";"Com Vítimas Feridas";"Plena Noite";"Decrescente";"Chuva";"Dupla";"Reta";"Sim";2;0;1;0;1;0;1;1;-25,36664;-49,097615;"SPRF-PR";"DEL01/PR";"UOP02-DEL01-PR"
772660;2026-05-18;"segunda-feira";"22:20:00";"RS";158;250,7;"JULIO DE CASTILHOS";"Condutor Dormindo";"Saída de leito carroçável";"Sem Vítimas";"Plena Noite";"Decrescente";"Nublado";"Simples";"Aclive";"Não";1;0;0;0;1;0;0;1;-29,11752652;-53,64983225;"SPRF-RS";"DEL10/RS";"UOP02-DEL10-RS"
772663;2026-05-18;"segunda-feira";"19:10:00";"RO";421;2;"ARIQUEMES";"Ausência de reação do condutor";"Tombamento";"Com Vítimas Feridas";"Plena Noite";"Decrescente";"Céu Claro";"Simples";"Reta";"Sim";1;0;0;1;0;0;1;1;-9,92310251;-63,06686338;"SPRF-RO";"DEL03-RO";"UOP01-DEL03-RO"
772664;2026-05-19;"terça-feira";"00:36:00";"SC";282;0;"FLORIANOPOLIS";"Ingestão de álcool pelo condutor";"Tombamento";"Sem Vítimas";"Plena Noite";"Crescente";"Céu Claro";"Múltipla";"Reta";"Sim";1;0;0;0;1;0;0;1;-27,59865;-48,57363;"SPRF-SC";"DEL01/SC";"UOP01-DEL01-SC"
772666;2026-05-18;"segunda-feira";"23:35:00";"PR";277;664,5;"MEDIANEIRA";"Reação tardia ou ineficiente do condutor";"Capotamento";"Com Vítimas Fatais";"Plena Noite";"Crescente";"Céu Claro";"Dupla";"Curva";"Não";1;1;0;0;0;0;0;1;-25,250709;-54,014189;"SPRF-PR";"DEL05/PR";"UOP02-DEL05-PR"
772668;2026-05-18;"segunda-feira";"15:00:00";"SC";101;3;"GARUVA";"Velocidade Incompatível";"Saída de leito carroçável";"Sem Vítimas";"Pleno dia";"Decrescente";"Chuva";"Dupla";"Curva";"Não";1;0;0;0;1;0;0;1;-26,00480139;-48,8716507;"SPRF-SC";"DEL03/SC";"UOP01-DEL03-SC"
772670;2026-05-19;"terça-feira";"02:30:00";"PE";232;79,9;"GRAVATA";"Ingestão de álcool pelo condutor";"Queda de ocupante de veículo";"Com Vítimas Feridas";"Plena Noite";"Decrescente";"Céu Claro";"Simples";"Reta";"Sim";1;0;0;1;0;0;1;1;-8,196215;-35,569071;"SPRF-PE";"DEL02/PE";"UOP02-DEL02PE"
772671;2026-05-19;"terça-feira";"04:30:00";"SP";116;167;"JACAREI";"Animais na Pista";"Atropelamento de Animal";"Com Vítimas Feridas";"Plena Noite";"Decrescente";"Garoa/Chuvisco";"Simples";"Reta";"Sim";1;0;1;0;0;0;1;1;-23,30131161;-46,02138088;"SPRF-SP";"DEL02/SP";"UOP01-DEL02-SP"
772672;2026-05-19;"terça-feira";"04:55:00";"BA";324;622;"SALVADOR";"Manobra de mudança de faixa";"Colisão lateral mesmo sentido";"Com Vítimas Feridas";"Amanhecer";"Crescente";"Céu Claro";"Dupla";"Curva";"Não";2;0;1;0;0;1;1;2;-12,9287459;-38,46827045;"SPRF-BA";"DEL01/BA";"UOP01-DEL01-BA"
772673;2026-05-19;"terça-feira";"03:20:00";"GO";80;160;"SANTA RITA DO NOVO DESTINO";"Reação tardia ou ineficiente do condutor";"Saída de leito carroçável";"Com Vítimas Feridas";"Plena Noite";"Decrescente";"Céu Claro";"Simples";"Curva";"Não";1;0;1;0;0;0;1;1;-14,77708924;-49,05689496;"SPRF-GO";"DEL07/GO";"UOP02-DEL07-GO"
772674;2026-05-19;"terça-feira";"05:18:00";"RN";226;33;"MACAIBA";"Demais falhas mecânicas ou elétricas";"Incêndio";"Sem Vítimas";"Amanhecer";"Decrescente";"Nublado";"Dupla";"Curva";"Não";1;0;0;0;1;0;0;1;-5,89072;-35,49312;"SPRF-RN";"DEL01-RN";"UOP02-DEL01-RN"
772678;2026-05-19;"terça-feira";"06:00:00";"MG";381;374,5;"SAO GONCALO DO RIO ABAIXO";"Ultrapassagem Indevida";"Colisão lateral mesmo sentido";"Com Vítimas Feridas";"Amanhecer";"Decrescente";"Nublado";"Simples";"Curva";"Sim";2;0;0;2;0;0;2;2;-19,833449;-43,351267;"SPRF-MG";"DEL01/MG";"UOP01-DEL01-MG"
772681;2026-05-19;"terça-feira";"06:40:00";"SC";470;52;"BLUMENAU";"Trafegar com motocicleta (ou similar) entre as faixas";"Colisão transversal";"Com Vítimas Feridas";"Pleno dia";"Decrescente";"Céu Claro";"Simples";"Curva";"Sim";2;0;1;0;1;0;1;2;-26,869446;-49,105897;"SPRF-SC";"DEL04/SC";"UOP01-DEL04-SC"
772682;2026-05-19;"terça-feira";"06:45:00";"SP";153;61;"SAO JOSE DO RIO PRETO";"Trafegar com motocicleta (ou similar) entre as faixas";"Colisão lateral mesmo sentido";"Com Vítimas Feridas";"Pleno dia";"Crescente";"Nevoeiro/Neblina";"Dupla";"Reta";"Não";2;0;1;0;1;0;1;2;-20,811332;-49,356842;"SPRF-SP";"DEL09/SP";"UOP01-DEL09-SP"
772685;2026-05-19;"terça-feira";"05:40:00";"RJ";40;106;"DUQUE DE CAXIAS";"Ausência de reação do condutor";"Queda de ocupante de veículo";"Com Vítimas Feridas";"Amanhecer";"Crescente";"Nevoeiro/Neblina";"Múltipla";"Reta";"Sim";2;0;2;0;0;0;2;2;-22,65685934;-43,28314174;"SPRF-RJ";"DEL01/RJ";"UOP02-DEL01-RJ"
772686;2026-05-19;"terça-feira";"05:49:00";"PR";376;164;"MARINGA";"Neblina";"Colisão traseira";"Com Vítimas Fatais";"Amanhecer";"Crescente";"Nevoeiro/Neblina";"Dupla";"Reta";"Não";5;1;0;0;4;0;0;3;-23,37867;-52,04209;"SPRF-PR";"DEL09/PR";"UOP02-DEL09-PR"
772688;2026-05-15;"sexta-feira";"16:00:00";"RJ";101;314;"SAO GONCALO";"Reação tardia ou ineficiente do condutor";"Colisão traseira";"Com Vítimas Feridas";"Pleno dia";"Crescente";"Céu Claro";"Dupla";"Reta";"Não";2;0;0;1;1;0;1;2;-22,82253088;-43,08488057;"SPRF-RJ";"DEL02/RJ";"UOP02-DEL02-RJ"
772689;2026-05-19;"terça-feira";"07:15:00";"AP";210;3;"MACAPA";"Pedestre cruzava a pista fora da faixa";"Tombamento";"Com Vítimas Feridas";"Pleno dia";"Decrescente";"Chuva";"Dupla";"Reta";"Sim";1;0;1;0;0;0;1;1;0,0870727;-51,0857631;"SPRF-AP";"DEL01-AP";"UOP01-DEL01-AP"
772690;2026-05-19;"terça-feira";"07:40:00";"RS";116;260;"CANOAS";"Condutor deixou de manter distância do veículo da frente";"Colisão traseira";"Com Vítimas Feridas";"Pleno dia";"Crescente";"Céu Claro";"Dupla";"Reta";"Sim";2;0;1;0;1;0;1;2;-29,88297025;-51,1809956;"SPRF-RS";"DEL01/RS";"UOP01-DEL01-RS"
772691;2026-05-19;"terça-feira";"06:55:00";"RJ";101;170;"MACAE";"Ausência de reação do condutor";"Queda de ocupante de veículo";"Com Vítimas Feridas";"Pleno dia";"Decrescente";"Céu Claro";"Simples";"Curva";"Não";1;0;1;0;0;0;1;1;-22,35426749;-41,92541456;"SPRF-RJ";"DEL08/RJ";"UOP04-DEL08-RJ"
772692;2026-05-19;"terça-feira";"07:20:00";"PR";277;593;"CASCAVEL";"Transitar na contramão";"Colisão frontal";"Com Vítimas Feridas";"Pleno dia";"Crescente";"Nublado";"Simples";"Reta;Interseção de Vias";"Sim";3;0;0;2;1;0;2;2;-24,98406;-53,46395;"SPRF-PR";"DEL04/PR";"UOP01-DEL04-PR"
772693;2026-05-19;"terça-feira";"07:45:00";"MG";40;467;"SETE LAGOAS";"Ausência de reação do condutor";"Colisão traseira";"Com Vítimas Feridas";"Pleno dia";"Crescente";"Céu Claro";"Dupla";"Reta";"Não";1;0;1;0;0;0;1;1;-19,45046;-44,31711;"SPRF-MG";"DEL02/MG";"UOP01-DEL02-MG"
772694;2026-05-19;"terça-feira";"07:30:00";"SC";282;17,3;"PALHOCA";"Animais na Pista";"Atropelamento de Animal";"Com Vítimas Feridas";"Pleno dia";"Crescente";"Céu Claro";"Simples";"Reta";"Não";2;0;2;0;0;0;2;1;-27,66607989;-48,68770346;"SPRF-SC";"DEL01/SC";"UOP02-DEL01-SC"
772698;2026-05-19;"terça-feira";"07:44:00";"PR";277;715;"SANTA TEREZINHA DE ITAIPU";"Ausência de reação do condutor";"Tombamento";"Com Vítimas Feridas";"Pleno dia";"Decrescente";"Nevoeiro/Neblina";"Dupla";"Reta";"Não";2;0;1;0;1;0;1;1;-25,46574358;-54,45056853;"SPRF-PR";"DEL05/PR";"UOP01-DEL05-PR"