"id";"data_inversa";"dia_semana";"horario";"uf";"br";"km";"municipio";"causa_acidente";"tipo_acidente";"classificacao_acidente";"fase_dia";"sentido_via";"condicao_metereologica";"tipo_pista";"tracado_via";"uso_solo";"pessoas";"mortos";"feridos_leves";"feridos_graves";"ilesos";"ignorados";"feridos";"veiculos";"latitude";"longitude";"regional";"delegacia";"uop"
772699;2026-05-19;"terça-feira";"08:05:00";"SP";116;148;"SAO JOSE DOS CAMPOS";"Manobra de mudança de faixa";"Colisão lateral mesmo sentido";"Com Vítimas Feridas";"Pleno dia";"Crescente";"Nublado";"Múltipla";"Reta";"Sim";2;0;1;0;1;0;1;2;-23,1976169;-45,87562021;"SPRF-SP";"DEL02/SP";"UOP01-DEL02-SP"
772700;2026-05-19;"terça-feira";"07:20:00";"RS";158;333;"SANTA MARIA";"Acessar a via sem observar a presença dos outros veículos";"Colisão transversal";"Com Vítimas Feridas";"Pleno dia";"Crescente";"Céu Claro";"Simples";"Rotatória;Reta;Interseção de Vias";"Não";4;0;1;0;3;0;1;2;-29,70746;-53,87382;"SPRF-RS";"DEL09/RS";"UOP01-DEL09-RS"
772701;2026-05-15;"sexta-feira";"22:00:00";"PR";376;623;"SAO JOSE DOS PINHAIS";"Reação tardia ou ineficiente do condutor";"Saída de leito carroçável";"Sem Vítimas";"Plena Noite";"Decrescente";"Garoa/Chuvisco";"Dupla";"Reta";"Sim";2;0;0;0;2;0;0;1;-25,643988;-49,159;"SPRF-PR";"DEL01/PR";"UOP04-DEL01-PR"
772703;2026-05-19;"terça-feira";"07:25:00";"BA";324;624;"SALVADOR";"Ausência de reação do condutor";"Colisão traseira";"Com Vítimas Feridas";"Pleno dia";"Decrescente";"Céu Claro";"Dupla";"Reta";"Sim";3;0;2;0;0;1;2;2;-12,938641;-38,4725734;"SPRF-BA";"DEL01/BA";"UOP01-DEL01-BA"
772704;2026-05-19;"terça-feira";"07:43:00";"RN";101;75,3;"SAO GONCALO DO AMARANTE";"Ausência de reação do condutor";"Colisão lateral sentido oposto";"Com Vítimas Feridas";"Pleno dia";"Crescente";"Céu Claro";"Simples";"Rotatória";"Não";3;0;1;0;2;0;1;3;-5,72084715;-35,27778022;"SPRF-RN";"DEL02-RN";"UOP01-DEL02-RN"
772705;2026-05-19;"terça-feira";"07:30:00";"SP";381;41;"ATIBAIA";"Reação tardia ou ineficiente do condutor";"Engavetamento";"Sem Vítimas";"Pleno dia";"Decrescente";"Nublado";"Dupla";"Reta";"Sim";3;0;0;0;3;0;0;3;-23,13817407;-46,57566404;"SPRF-SP";"DEL03/SP";"UOP01-DEL03-SP"
772706;2026-05-15;"sexta-feira";"17:50:00";"RS";472;458;"ITAQUI";"Demais falhas mecânicas ou elétricas";"Queda de ocupante de veículo";"Com Vítimas Feridas";"Anoitecer";"Decrescente";"Céu Claro";"Simples";"Reta";"Não";1;0;1;0;0;0;1;1;-29,16147479;-56,37317693;"SPRF-RS";"DEL12/RS";"UOP01-DEL12-RS"
772707;2026-05-15;"sexta-feira";"22:27:00";"SC";470;57;"BLUMENAU";"Ausência de reação do condutor";"Colisão traseira";"Sem Vítimas";"Plena Noite";"Decrescente";"Garoa/Chuvisco";"Simples";"Interseção de Vias;Viaduto;Reta";"Sim";3;0;0;0;3;0;0;2;-26,882189;-49,1441286;"SPRF-SC";"DEL04/SC";"UOP01-DEL04-SC"
772708;2026-05-19;"terça-feira";"07:00:00";"PR";277;231;"TEIXEIRA SOARES";"Reação tardia ou ineficiente do condutor";"Saída de leito carroçável";"Com Vítimas Feridas";"Pleno dia";"Crescente";"Garoa/Chuvisco";"Simples";"Curva";"Não";1;0;1;0;0;0;1;1;-25,46975;-50,483421;"SPRF-PR";"DEL08/PR";"UOP02-DEL08-PR"
772710;2026-05-15;"sexta-feira";"19:30:00";"RJ";393;5;"VOLTA REDONDA";"Ausência de reação do condutor";"Colisão traseira";"Com Vítimas Feridas";"Plena Noite";"Crescente";"Céu Claro";"Simples";"Reta";"Não";3;0;2;0;1;0;2;2;-22,54484218;-44,05910388;"SPRF-RJ";"DEL05/RJ";"UOP04-DEL05-RJ"
772711;2026-05-19;"terça-feira";"09:00:00";"MG";381;481;"CONTAGEM";"Reação tardia ou ineficiente do condutor";"Colisão traseira";"Com Vítimas Feridas";"Pleno dia";"Decrescente";"Céu Claro";"Múltipla";"Reta";"Não";2;0;1;0;1;0;1;2;-19,95843321;-44,05969473;"SPRF-MG";"DEL01/MG";"UOP03-DEL01-MG"
772712;2026-05-19;"terça-feira";"09:00:00";"PR";376;161;"MARINGA";"Manobra de mudança de faixa";"Colisão lateral mesmo sentido";"Com Vítimas Feridas";"Pleno dia";"Crescente";"Nevoeiro/Neblina";"Dupla";"Reta";"Não";2;0;0;1;1;0;1;2;-23,36824;-52,06541;"SPRF-PR";"DEL09/PR";"UOP02-DEL09-PR"
772713;2026-04-29;"quarta-feira";"11:48:00";"PA";163;179,1;"ALTAMIRA";"Reação tardia ou ineficiente do condutor";"Saída de leito carroçável";"Sem Vítimas";"Pleno dia";"Decrescente";"Céu Claro";"Simples";"Aclive;Reta";"Não";2;0;0;0;0;2;0;1;-8,1348455;-55,1353791;"SPRF-PA";"DEL05/PA";"UOP03-DEL05-PA"
772714;2026-05-19;"terça-feira";"06:00:00";"MG";116;812,9;"ALEM PARAIBA";"Pista Escorregadia";"Colisão frontal";"Com Vítimas Feridas";"Amanhecer";"Crescente";"Chuva";"Simples";"Declive";"Não";2;0;1;0;1;0;1;2;-21,82914866;-42,67852664;"SPRF-MG";"DEL07/MG";"UOP01-DEL07-MG"
772715;2026-05-19;"terça-feira";"07:05:00";"MG";116;411;"GOVERNADOR VALADARES";"Condutor deixou de manter distância do veículo da frente";"Colisão traseira";"Com Vítimas Feridas";"Pleno dia";"Crescente";"Céu Claro";"Dupla";"Retorno Regulamentado;Reta";"Sim";3;0;0;2;1;0;2;2;-18,86742774;-41,97288036;"SPRF-MG";"DEL06/MG";"UOP01-DEL06-MG"
772720;2026-05-19;"terça-feira";"08:50:00";"MG";40;519,8;"CONTAGEM";"Condutor deixou de manter distância do veículo da frente";"Colisão lateral mesmo sentido";"Com Vítimas Feridas";"Pleno dia";"Crescente";"Céu Claro";"Dupla";"Reta;Declive";"Sim";2;0;1;0;1;0;1;2;-19,87022128;-44,05826569;"SPRF-MG";"DEL01/MG";"UOP02-DEL01-MG"
772724;2026-05-16;"sábado";"06:30:00";"RJ";116;131;"MAGE";"Condutor Dormindo";"Queda de ocupante de veículo";"Com Vítimas Feridas";"Pleno dia";"Crescente";"Céu Claro";"Dupla";"Reta";"Sim";1;0;1;0;0;0;1;1;-22,646944;-43,186667;"SPRF-RJ";"DEL04/RJ";"UOP02-DEL04-RJ"
772725;2026-05-14;"quinta-feira";"19:12:00";"SP";116;111;"TAUBATE";"Manobra de mudança de faixa";"Colisão lateral mesmo sentido";"Com Vítimas Feridas";"Plena Noite";"Decrescente";"Céu Claro";"Múltipla";"Reta";"Sim";2;0;1;0;1;0;1;2;-23,04103;-45,56718;"SPRF-SP";"DEL02/SP";"UOP02-DEL02-SP"
772726;2026-05-19;"terça-feira";"10:10:00";"PA";230;1;"ALTAMIRA";"Pista esburacada";"Colisão lateral mesmo sentido";"Com Vítimas Feridas";"Pleno dia";"Crescente";"Céu Claro";"Dupla";"Rotatória";"Sim";3;0;1;0;2;0;1;2;-3,18117063;-52,1850303;"SPRF-PA";"DEL03/PA";"UOP01-DEL03-PA"
772727;2026-04-19;"domingo";"00:20:00";"RJ";116;173;"MESQUITA";"Ingestão de álcool pelo condutor";"Capotamento";"Com Vítimas Feridas";"Plena Noite";"Decrescente";"Ignorado";"Múltipla";"Reta";"Sim";2;0;2;0;0;0;2;1;-22,76860832;-43,41046778;"SPRF-RJ";"DEL06/RJ";"UOP01-DEL06-RJ"
772728;2026-05-19;"terça-feira";"10:22:00";"RN";101;84,1;"NATAL";"Condutor deixou de manter distância do veículo da frente";"Colisão traseira";"Com Vítimas Feridas";"Pleno dia";"Decrescente";"Céu Claro";"Múltipla";"Reta";"Sim";3;0;0;1;2;0;1;3;-5,7734845;-35,25975871;"SPRF-RN";"DEL02-RN";"UOP01-DEL02-RN"
772730;2026-05-19;"terça-feira";"09:55:00";"SC";282;392;"JOACABA";"Acesso irregular";"Colisão transversal";"Com Vítimas Feridas";"Pleno dia";"Crescente";"Céu Claro";"Simples";"Interseção de Vias";"Não";4;0;1;0;3;0;1;2;-27,16775731;-51,56005111;"SPRF-SC";"DEL07/SC";"UOP05-DEL07-SC"
772733;2026-05-15;"sexta-feira";"08:55:00";"RJ";101;313;"SAO GONCALO";"Demais falhas mecânicas ou elétricas";"Queda de ocupante de veículo";"Com Vítimas Feridas";"Pleno dia";"Crescente";"Céu Claro";"Dupla";"Reta";"Sim";2;0;2;0;0;0;2;1;-22,8103846;-43,07007551;"SPRF-RJ";"DEL02/RJ";"UOP02-DEL02-RJ"
772734;2026-05-19;"terça-feira";"09:50:00";"SP";381;10;"BRAGANCA PAULISTA";"Animais na Pista";"Atropelamento de Animal";"Sem Vítimas";"Pleno dia";"Crescente";"Nublado";"Dupla";"Reta;Declive";"Sim";1;0;0;0;0;1;0;1;-22,93213973;-46,46877515;"SPRF-SP";"DEL03/SP";"UOP02-DEL03-SP"
772735;2026-05-19;"terça-feira";"09:00:00";"MS";163;683;"RIO VERDE DE MATO GROSSO";"Ausência de reação do condutor";"Tombamento";"Com Vítimas Feridas";"Pleno dia";"Crescente";"Céu Claro";"Simples";"Declive;Reta";"Não";1;0;1;0;0;0;1;1;-18,900481;-54,842506;"SPRF-MS";"DEL06/MS";"UOP01-DEL06-MS"
772736;2026-05-19;"terça-feira";"10:40:00";"MG";40;451,8;"CAETANOPOLIS";"Avarias e/ou desgaste excessivo no pneu";"Tombamento";"Com Vítimas Feridas";"Pleno dia";"Crescente";"Nublado";"Dupla";"Reta";"Não";2;0;2;0;0;0;2;1;-19,33116;-44,36274;"SPRF-MG";"DEL02/MG";"UOP01-DEL02-MG"
772737;2026-05-19;"terça-feira";"09:40:00";"BA";324;402;"NOVA FATIMA";"Acessar a via sem observar a presença dos outros veículos";"Colisão lateral mesmo sentido";"Com Vítimas Feridas";"Pleno dia";"Crescente";"Céu Claro";"Simples";"Reta";"Sim";4;0;0;1;3;0;1;2;-11,59996;-39,6373;"SPRF-BA";"DEL04/BA";"UOP02-DEL04-BA"
772739;2026-04-29;"quarta-feira";"07:28:00";"RN";101;105;"PARNAMIRIM";"Condutor deixou de manter distância do veículo da frente";"Engavetamento";"Sem Vítimas";"Pleno dia";"Decrescente";"Céu Claro";"Dupla";"Reta";"Sim";4;0;0;0;4;0;0;4;-5,898;-35,258;"SPRF-RN";"DEL01-RN";"UOP01-DEL01-RN"
772741;2026-05-19;"terça-feira";"08:15:00";"BA";101;689;"EUNAPOLIS";"Acessar a via sem observar a presença dos outros veículos";"Colisão transversal";"Com Vítimas Feridas";"Pleno dia";"Crescente";"Céu Claro";"Simples";"Reta";"Não";3;0;1;1;1;0;2;2;-16,15466623;-39,59575653;"SPRF-BA";"DEL09/BA";"UOP03-DEL09-BA"
772742;2026-05-19;"terça-feira";"11:30:00";"RN";101;103;"PARNAMIRIM";"Pista Escorregadia";"Queda de ocupante de veículo";"Com Vítimas Feridas";"Pleno dia";"Crescente";"Céu Claro";"Múltipla";"Reta";"Sim";1;0;0;1;0;0;1;1;-5,89098354;-35,25299418;"SPRF-RN";"DEL01-RN";"UOP01-DEL01-RN"
772744;2026-05-15;"sexta-feira";"18:40:00";"SP";101;42;"UBATUBA";"Acessar a via sem observar a presença dos outros veículos";"Colisão transversal";"Com Vítimas Feridas";"Plena Noite";"Crescente";"Chuva";"Simples";"Reta";"Sim";4;0;1;0;3;0;1;3;-23,41390869;-45,05320137;"SPRF-SP";"DEL06/SP";"UOP01-DEL06-SP"
772746;2026-05-19;"terça-feira";"12:23:00";"SP";116;203,6;"ARUJA";"Reação tardia ou ineficiente do condutor";"Colisão traseira";"Com Vítimas Feridas";"Pleno dia";"Decrescente";"Nublado";"Dupla";"Reta";"Não";2;0;1;0;1;0;1;2;-23,41177;-46,353735;"SPRF-SP";"DEL01/SP";"UOP01-DEL01-SP"
772747;2026-05-19;"terça-feira";"09:50:00";"RO";174;13;"VILHENA";"Acessar a via sem observar a presença dos outros veículos";"Colisão transversal";"Com Vítimas Feridas";"Pleno dia";"Crescente";"Céu Claro";"Dupla";"Rotatória;Reta;Interseção de Vias;Retorno Regulamentado";"Sim";2;0;1;0;1;0;1;2;-12,7362679;-60,13066202;"SPRF-RO";"DEL04-RO";"UOP01-DEL04-RO"
772748;2026-05-19;"terça-feira";"12:20:00";"MG";40;601,2;"OURO PRETO";"Manobra de mudança de faixa";"Colisão lateral mesmo sentido";"Com Vítimas Feridas";"Pleno dia";"Decrescente";"Nublado";"Simples";"Reta";"Não";1;0;1;0;0;0;1;1;-20,42949385;-43,85762518;"SPRF-MG";"DEL05/MG";"UOP02-DEL05-MG"
772749;2026-05-19;"terça-feira";"12:00:00";"ES";101;159,9;"LINHARES";"Acessar a via sem observar a presença dos outros veículos";"Colisão transversal";"Com Vítimas Feridas";"Pleno dia";"Decrescente";"Céu Claro";"Simples";"Interseção de Vias;Reta";"Sim";4;0;1;0;3;0;1;2;-19,47670314;-40,11397834;"SPRF-ES";"DEL04-ES";"UOP01-DEL04-ES"
772750;2026-05-19;"terça-feira";"11:50:00";"PE";101;70;"RECIFE";"Entrada inopinada do pedestre";"Atropelamento de Pedestre";"Com Vítimas Feridas";"Pleno dia";"Crescente";"Céu Claro";"Dupla";"Reta";"Sim";2;0;0;2;0;0;2;2;-8,071523;-34,942477;"SPRF-PE";"DEL01/PE";"UOP01-DEL01-PE"
772752;2026-05-19;"terça-feira";"12:00:00";"PA";230;121,8;"MARABA";"Transitar no Acostamento";"Colisão lateral mesmo sentido";"Com Vítimas Feridas";"Pleno dia";"Decrescente";"Céu Claro";"Dupla";"Reta";"Não";3;0;2;0;1;0;2;2;-5,36171;-49,12373;"SPRF-PA";"DEL03/PA";"UOP01-DEL03-PA"
772754;2026-05-19;"terça-feira";"07:45:00";"MS";163;614,3;"SAO GABRIEL DO OESTE";"Acessar a via sem observar a presença dos outros veículos";"Colisão transversal";"Com Vítimas Feridas";"Pleno dia";"Decrescente";"Céu Claro";"Simples";"Rotatória;Reta;Interseção de Vias";"Sim";2;0;0;1;1;0;1;2;-19,399397;-54,565331;"SPRF-MS";"DEL06/MS";"UOP02-DEL06-MS"
772756;2026-05-19;"terça-feira";"12:10:00";"PR";116;112;"CURITIBA";"Demais falhas mecânicas ou elétricas";"Tombamento";"Com Vítimas Feridas";"Pleno dia";"Crescente";"Nublado";"Dupla";"Reta";"Sim";1;0;1;0;0;0;1;1;-25,5553719;-49,2728516;"SPRF-PR";"DEL01/PR";"UOP03-DEL01-PR"
772760;2026-05-19;"terça-feira";"13:15:00";"ES";101;243;"SERRA";"Manobra de mudança de faixa";"Tombamento";"Com Vítimas Feridas";"Pleno dia";"Crescente";"Céu Claro";"Dupla";"Curva";"Sim";3;0;2;0;1;0;2;2;-20,03559874;-40,39420775;"SPRF-ES";"DEL02-ES";"UOP01-DEL02-ES"
772762;2026-05-19;"terça-feira";"12:20:00";"SP";381;7;"VARGEM";"Velocidade Incompatível";"Colisão com objeto";"Com Vítimas Feridas";"Pleno dia";"Crescente";"Nublado";"Dupla";"Reta";"Sim";1;0;0;1;0;0;1;1;-22,90875651;-46,4248538;"SPRF-SP";"DEL03/SP";"UOP02-DEL03-SP"
772764;2026-05-19;"terça-feira";"13:40:00";"SC";282;1,5;"FLORIANOPOLIS";"Manobra de mudança de faixa";"Colisão traseira";"Com Vítimas Feridas";"Pleno dia";"Decrescente";"Céu Claro";"Múltipla";"Reta";"Sim";3;0;2;0;1;0;2;2;-27,599518;-48,575458;"SPRF-SC";"DEL01/SC";"UOP01-DEL01-SC"
772767;2026-05-19;"terça-feira";"12:00:00";"PE";0;0;"RECIFE";"Reação tardia ou ineficiente do condutor";"Colisão frontal";"Sem Vítimas";"Pleno dia";"Não Informado";"Céu Claro";"Simples";"Reta";"Sim";2;0;0;0;2;0;0;2;-8,07052;-34,930087;"SPRF-PE";"DEL01/PE";"UOP01-DEL01-PE"
772769;2026-05-19;"terça-feira";"01:30:00";"SC";282;68,4;"RANCHO QUEIMADO";"Reação tardia ou ineficiente do condutor";"Colisão frontal";"Com Vítimas Feridas";"Plena Noite";"Decrescente";"Nublado";"Simples";"Curva";"Não";2;0;0;1;0;1;1;2;-27,70000962;-49,06289287;"SPRF-SC";"DEL01/SC";"UOP03-DEL01-SC"
772771;2026-05-19;"terça-feira";"14:10:00";"RJ";116;293;"BARRA MANSA";"Condutor deixou de manter distância do veículo da frente";"Colisão traseira";"Com Vítimas Feridas";"Pleno dia";"Decrescente";"Nublado";"Dupla";"Reta;Em Obras";"Não";2;0;1;0;1;0;1;2;-22,46896489;-44,28066222;"SPRF-RJ";"DEL07/RJ";"UOP02-DEL07-RJ"
772772;2026-05-19;"terça-feira";"14:00:00";"RS";386;404,9;"MONTENEGRO";"Ingestão de álcool pelo condutor";"Colisão transversal";"Com Vítimas Feridas";"Pleno dia";"Decrescente";"Céu Claro";"Dupla";"Reta";"Não";5;0;4;0;1;0;4;2;-29,77944;-51,55703;"SPRF-RS";"DEL04/RS";"UOP02-DEL04-RS"
772774;2026-05-19;"terça-feira";"14:20:00";"RJ";101;484;"ANGRA DOS REIS";"Condutor deixou de manter distância do veículo da frente";"Colisão traseira";"Sem Vítimas";"Pleno dia";"Decrescente";"Garoa/Chuvisco";"Dupla";"Curva;Aclive";"Sim";3;0;0;0;3;0;0;2;-22,9844226;-44,296707;"SPRF-RJ";"DEL03/RJ";"UOP03-DEL03-RJ"
772776;2026-05-19;"terça-feira";"06:40:00";"RJ";101;312;"SAO GONCALO";"Trafegar com motocicleta (ou similar) entre as faixas";"Colisão lateral mesmo sentido";"Com Vítimas Feridas";"Pleno dia";"Crescente";"Garoa/Chuvisco";"Dupla";"Reta";"Sim";2;0;1;0;1;0;1;2;-22,80586939;-43,06282131;"SPRF-RJ";"DEL02/RJ";"UOP02-DEL02-RJ"
772781;2026-05-19;"terça-feira";"07:30:00";"BA";324;534;"CONCEICAO DO JACUIPE";"Ausência de reação do condutor";"Capotamento";"Com Vítimas Feridas";"Pleno dia";"Decrescente";"Céu Claro";"Dupla";"Reta";"Sim";1;0;1;0;0;0;1;1;-12,35616182;-38,82925224;"SPRF-BA";"DEL11/BA";"UOP02-DEL11-BA"
772784;2026-05-19;"terça-feira";"15:20:00";"MG";50;68;"UBERLANDIA";"Reação tardia ou ineficiente do condutor";"Tombamento";"Com Vítimas Feridas";"Pleno dia";"Decrescente";"Céu Claro";"Dupla";"Reta";"Sim";2;0;0;1;0;1;1;2;-18,88199829;-48,2642886;"SPRF-MG";"DEL15/MG";"UOP02-DEL15-MG"
772786;2026-05-19;"terça-feira";"15:44:00";"GO";452;19;"RIO VERDE";"Demais falhas mecânicas ou elétricas";"Incêndio";"Sem Vítimas";"Pleno dia";"Decrescente";"Céu Claro";"Simples";"Reta;Aclive";"Não";1;0;0;0;1;0;0;1;-17,866243;-50,73689;"SPRF-GO";"DEL04/GO";"UOP01-DEL04-GO"
772787;2026-05-19;"terça-feira";"14:50:00";"RN";101;83,1;"NATAL";"Trafegar com motocicleta (ou similar) entre as faixas";"Atropelamento de Pedestre";"Com Vítimas Feridas";"Pleno dia";"Crescente";"Céu Claro";"Dupla";"Reta";"Sim";3;0;2;0;0;1;2;2;-5,769008;-35,271422;"SPRF-RN";"DEL02-RN";"UOP01-DEL02-RN"
772788;2026-05-03;"domingo";"11:00:00";"MG";381;1;"BETIM";"Ausência de reação do condutor";"Colisão traseira";"Com Vítimas Feridas";"Pleno dia";"Decrescente";"Céu Claro";"Dupla";"Reta";"Sim";3;0;1;0;1;1;1;2;-19,96386401;-44,15797647;"SPRF-MG";"DEL01/MG";"UOP03-DEL01-MG"
772790;2026-05-15;"sexta-feira";"18:45:00";"GO";414;428;"ABADIANIA";"Velocidade Incompatível";"Saída de leito carroçável";"Sem Vítimas";"Plena Noite";"Crescente";"Ignorado";"Simples";"Declive;Reta";"Não";2;0;0;0;2;0;0;2;-16,17829;-48,901852;"SPRF-GO";"DEL02/GO";"UOP01-DEL02-GO"
772791;2026-05-19;"terça-feira";"16:15:00";"RS";116;270;"CANOAS";"Manobra de mudança de faixa";"Queda de ocupante de veículo";"Com Vítimas Feridas";"Pleno dia";"Decrescente";"Céu Claro";"Múltipla";"Reta";"Sim";1;0;1;0;0;0;1;1;-29,96631987;-51,1762606;"SPRF-RS";"DEL01/RS";"UOP01-DEL01-RS"
772792;2026-05-19;"terça-feira";"14:30:00";"RJ";101;388;"RIO DE JANEIRO";"Condutor deixou de manter distância do veículo da frente";"Colisão traseira";"Com Vítimas Feridas";"Pleno dia";"Crescente";"Nublado";"Múltipla";"Reta";"Sim";2;0;1;0;1;0;1;2;-22,88477486;-43,64755511;"SPRF-RJ";"DEL03/RJ";"UOP01-DEL03-RJ"
772793;2026-05-15;"sexta-feira";"19:50:00";"PE";232;411,8;"SERRA TALHADA";"Velocidade Incompatível";"Colisão com objeto";"Com Vítimas Feridas";"Plena Noite";"Decrescente";"Céu Claro";"Simples";"Ponte;Reta";"Não";1;0;1;0;0;0;1;1;-7,98295022;-38,31915379;"SPRF-PE";"DEL04/PE";"UOP01-DEL04-PE"
772795;2026-05-19;"terça-feira";"15:00:00";"PB";230;0,4;"PATOS";"Acesso irregular";"Colisão transversal";"Com Vítimas Feridas";"Pleno dia";"Decrescente";"Céu Claro";"Simples";"Reta";"Não";2;0;1;0;1;0;1;2;-7,008287;-37,296035;"SPRF-PB";"DEL03-PB";"UOP01-DEL03-PB"
772796;2026-05-19;"terça-feira";"15:45:00";"RJ";40;104;"DUQUE DE CAXIAS";"Acessar a via sem observar a presença dos outros veículos";"Tombamento";"Com Vítimas Feridas";"Anoitecer";"Decrescente";"Garoa/Chuvisco";"Múltipla";"Declive;Reta";"Não";4;0;1;0;2;1;1;3;-22,63581767;-43,2846415;"SPRF-RJ";"DEL01/RJ";"UOP02-DEL01-RJ"
772798;2026-05-19;"terça-feira";"16:00:00";"RJ";101;135;"CARAPEBUS";"Reação tardia ou ineficiente do condutor";"Colisão com objeto";"Com Vítimas Feridas";"Pleno dia";"Crescente";"Nublado";"Dupla";"Curva";"Não";1;0;1;0;0;0;1;1;-22,1494749;-41,7301241;"SPRF-RJ";"DEL08/RJ";"UOP04-DEL08-RJ"
772800;2026-05-19;"terça-feira";"16:40:00";"RS";470;217;"BENTO GONCALVES";"Acessar a via sem observar a presença dos outros veículos";"Colisão transversal";"Sem Vítimas";"Pleno dia";"Crescente";"Céu Claro";"Dupla";"Rotatória";"Sim";4;0;0;0;4;0;0;2;-29,17506278;-51,52295915;"SPRF-RS";"DEL06/RS";"UOP01-DEL06-RS"
772802;2026-05-19;"terça-feira";"14:50:00";"RS";116;154;"CAXIAS DO SUL";"Reação tardia ou ineficiente do condutor";"Colisão frontal";"Com Vítimas Feridas";"Pleno dia";"Crescente";"Céu Claro";"Simples";"Reta";"Sim";2;0;1;0;1;0;1;2;-29,19712138;-51,17782323;"SPRF-RS";"DEL05/RS";"UOP01-DEL05-RS"
772803;2026-05-19;"terça-feira";"17:17:00";"SC";101;62,2;"ARAQUARI";"Desrespeitar a preferência no cruzamento";"Colisão frontal";"Sem Vítimas";"Anoitecer";"Decrescente";"Nublado";"Simples";"Interseção de Vias;Retorno Regulamentado";"Não";3;0;0;0;3;0;0;2;-26,45528234;-48,76439452;"SPRF-SC";"DEL03/SC";"UOP02-DEL03-SC"
772804;2026-05-19;"terça-feira";"17:00:00";"MG";40;509,3;"RIBEIRAO DAS NEVES";"Transitar no Acostamento";"Atropelamento de Pedestre";"Com Vítimas Feridas";"Anoitecer";"Crescente";"Garoa/Chuvisco";"Dupla";"Declive;Reta";"Sim";2;0;0;1;1;0;1;2;-19,77072008;-44,1269242;"SPRF-MG";"DEL01/MG";"UOP02-DEL01-MG"
772805;2026-05-19;"terça-feira";"14:55:00";"PR";369;165;"CAMBE";"Ausência de reação do condutor";"Saída de leito carroçável";"Sem Vítimas";"Pleno dia";"Decrescente";"Céu Claro";"Dupla";"Reta";"Sim";1;0;0;0;0;1;0;1;-23,29559459;-51,29482269;"SPRF-PR";"DEL07/PR";"UOP01-DEL07-PR"
772807;2026-05-19;"terça-feira";"17:13:00";"AL";424;103;"MARECHAL DEODORO";"Condutor deixou de manter distância do veículo da frente";"Colisão traseira";"Com Vítimas Feridas";"Anoitecer";"Crescente";"Céu Claro";"Simples";"Reta";"Não";2;0;1;0;1;0;1;2;-9,68029139;-35,8322525;"SPRF-AL";"DEL02-AL";"UOP01-DEL02-AL"
772811;2026-05-19;"terça-feira";"16:25:00";"RO";364;237,6;"CACOAL";"Manobra de mudança de faixa";"Colisão lateral mesmo sentido";"Com Vítimas Feridas";"Pleno dia";"Crescente";"Céu Claro";"Simples";"Reta";"Sim";2;0;1;0;1;0;1;2;-11,439632;-61,453003;"SPRF-RO";"DEL02-RO";"UOP02-DEL02-RO"
772812;2026-05-19;"terça-feira";"17:10:00";"CE";116;21;"EUSEBIO";"Reação tardia ou ineficiente do condutor";"Colisão traseira";"Com Vítimas Feridas";"Anoitecer";"Decrescente";"Céu Claro";"Dupla";"Reta";"Sim";3;0;1;0;2;0;1;2;-3,9321905;-38,507821;"SPRF-CE";"DEL01/CE";"UOP02-DEL01-CE"
772814;2026-05-19;"terça-feira";"16:35:00";"PA";230;647;"ALTAMIRA";"Reação tardia ou ineficiente do condutor";"Engavetamento";"Sem Vítimas";"Pleno dia";"Decrescente";"Céu Claro";"Simples";"Curva";"Sim";7;0;0;0;7;0;0;4;-3,22272281;-52,28455098;"SPRF-PA";"DEL04/PA";"UOP01-DEL04-PA"
772816;2026-05-19;"terça-feira";"16:40:00";"BA";324;608;"SIMOES FILHO";"Demais falhas mecânicas ou elétricas";"Incêndio";"Sem Vítimas";"Plena Noite";"Crescente";"Céu Claro";"Dupla";"Curva";"Não";1;0;0;0;1;0;0;1;-12,8209417;-38,4091083;"SPRF-BA";"DEL01/BA";"UOP01-DEL01-BA"
772817;2026-05-19;"terça-feira";"17:03:00";"CE";222;314;"TIANGUA";"Velocidade Incompatível";"Saída de leito carroçável";"Sem Vítimas";"Pleno dia";"Crescente";"Nublado";"Dupla";"Curva";"Sim";1;0;0;0;0;1;0;1;-3,74186682;-41,00743029;"SPRF-CE";"DEL04/CE";"UOP02-DEL04-CE"
772818;2026-05-19;"terça-feira";"18:35:00";"MG";40;509;"RIBEIRAO DAS NEVES";"Condutor deixou de manter distância do veículo da frente";"Engavetamento";"Sem Vítimas";"Plena Noite";"Decrescente";"Chuva";"Dupla";"Reta";"Sim";5;0;0;0;5;0;0;5;-19,77348837;-44,12555695;"SPRF-MG";"DEL01/MG";"UOP02-DEL01-MG"
772819;2026-05-19;"terça-feira";"18:10:00";"PA";230;122,7;"MARABA";"Acessar a via sem observar a presença dos outros veículos";"Colisão lateral mesmo sentido";"Com Vítimas Feridas";"Plena Noite";"Crescente";"Céu Claro";"Dupla";"Reta";"Sim";3;0;1;0;2;0;1;2;-5,36553;-49,12586;"SPRF-PA";"DEL03/PA";"UOP01-DEL03-PA"
772821;2026-05-19;"terça-feira";"18:52:00";"SP";116;215;"GUARULHOS";"Manobra de mudança de faixa";"Colisão lateral mesmo sentido";"Com Vítimas Feridas";"Plena Noite";"Crescente";"Nublado";"Múltipla";"Reta";"Sim";4;0;2;0;2;0;2;3;-23,452453;-46,468328;"SPRF-SP";"DEL01/SP";"UOP01-DEL01-SP"