"id";"data_inversa";"dia_semana";"horario";"uf";"br";"km";"municipio";"causa_acidente";"tipo_acidente";"classificacao_acidente";"fase_dia";"sentido_via";"condicao_metereologica";"tipo_pista";"tracado_via";"uso_solo";"pessoas";"mortos";"feridos_leves";"feridos_graves";"ilesos";"ignorados";"feridos";"veiculos";"latitude";"longitude";"regional";"delegacia";"uop"
773062;2026-05-21;"quinta-feira";"07:00:00";"SP";116;218,9;"GUARULHOS";"Trafegar com motocicleta (ou similar) entre as faixas";"Colisão lateral mesmo sentido";"Com Vítimas Feridas";"Pleno dia";"Crescente";"Nublado";"Múltipla";"Reta";"Não";2;0;1;0;0;1;1;2;-23,462123;-46,491923;"SPRF-SP";"DEL01/SP";"UOP01-DEL01-SP"
773063;2026-05-21;"quinta-feira";"06:34:00";"TO";10;437;"PALMAS";"Acessar a via sem observar a presença dos outros veículos";"Colisão transversal";"Com Vítimas Feridas";"Pleno dia";"Crescente";"Céu Claro";"Múltipla";"Reta";"Não";2;0;0;1;1;0;1;2;-10,26529;-48,30774;"SPRF-TO";"DEL01-TO";"UOP03-DEL01-TO"
773064;2026-05-21;"quinta-feira";"04:12:00";"PI";316;391;"FRANCISCO MACEDO";"Ingestão de álcool pelo condutor";"Tombamento";"Com Vítimas Feridas";"Plena Noite";"Crescente";"Céu Claro";"Simples";"Reta;Declive";"Não";1;0;1;0;0;0;1;1;-7,287475;-40,824542;"SPRF-PI";"DEL04-PI";"UOP03-DEL04-PI"
773065;2026-05-21;"quinta-feira";"06:20:00";"SC";470;62,4;"INDAIAL";"Trafegar com motocicleta (ou similar) entre as faixas";"Colisão lateral mesmo sentido";"Com Vítimas Feridas";"Amanhecer";"Decrescente";"Céu Claro";"Simples";"Curva";"Não";5;0;1;0;4;0;1;2;-26,87451507;-49,1866593;"SPRF-SC";"DEL04/SC";"UOP01-DEL04-SC"
773066;2026-05-21;"quinta-feira";"07:10:00";"MG";116;277,1;"TEOFILO OTONI";"Desrespeitar a preferência no cruzamento";"Colisão transversal";"Com Vítimas Feridas";"Amanhecer";"Decrescente";"Nublado";"Dupla";"Interseção de Vias";"Sim";2;0;1;0;1;0;1;2;-17,861218;-41,514872;"SPRF-MG";"DEL11/MG";"UOP01-DEL11-MG"
773067;2026-05-21;"quinta-feira";"07:15:00";"RS";116;258;"ESTEIO";"Acessar a via sem observar a presença dos outros veículos";"Colisão traseira";"Com Vítimas Feridas";"Pleno dia";"Decrescente";"Céu Claro";"Dupla";"Reta";"Sim";2;0;1;0;1;0;1;2;-29,84355146;-51,1772207;"SPRF-RS";"DEL01/RS";"UOP02-DEL01-RS"
773069;2026-05-20;"quarta-feira";"22:20:00";"RJ";116;182;"NOVA IGUACU";"Acessar a via sem observar a presença dos outros veículos";"Colisão traseira";"Com Vítimas Feridas";"Plena Noite";"Crescente";"Garoa/Chuvisco";"Simples";"Reta";"Sim";5;0;2;0;1;2;2;3;-22,753313;-43,436447;"SPRF-RJ";"DEL06/RJ";"UOP01-DEL06-RJ"
773073;2026-05-21;"quinta-feira";"05:00:00";"AM";230;617;"HUMAITA";"Reação tardia ou ineficiente do condutor";"Colisão traseira";"Com Vítimas Feridas";"Amanhecer";"Crescente";"Nevoeiro/Neblina";"Simples";"Reta";"Não";2;0;1;0;0;1;1;2;-7,53675;-63,058383;"SPRF-AM";"DEL02-AM";"UOP01-DEL02-AM"
773075;2026-05-21;"quinta-feira";"07:50:00";"RS";285;569;"SAO LUIZ GONZAGA";"Conversão proibida";"Colisão frontal";"Com Vítimas Feridas";"Pleno dia";"Decrescente";"Céu Claro";"Simples";"Reta";"Sim";4;0;0;1;3;0;1;3;-28,41529422;-54,97347987;"SPRF-RS";"DEL12/RS";"UOP01-DEL12-RS"
773078;2026-05-21;"quinta-feira";"08:15:00";"SC";101;202;"SAO JOSE";"Mal súbito do condutor";"Colisão com objeto";"Com Vítimas Feridas";"Pleno dia";"Decrescente";"Céu Claro";"Múltipla";"Reta;Ponte";"Sim";1;0;1;0;0;0;1;1;-27,55137;-48,62064;"SPRF-SC";"DEL01/SC";"UOP01-DEL01-SC"
773079;2026-05-21;"quinta-feira";"07:50:00";"PR";277;652,8;"MATELANDIA";"Ausência de reação do condutor";"Colisão traseira";"Com Vítimas Feridas";"Pleno dia";"Crescente";"Céu Claro";"Simples";"Reta";"Sim";2;0;1;0;1;0;1;2;-25,19778572;-53,94379076;"SPRF-PR";"DEL05/PR";"UOP02-DEL05-PR"
773080;2026-05-21;"quinta-feira";"07:15:00";"RS";386;440;"CANOAS";"Manobra de mudança de faixa";"Colisão lateral mesmo sentido";"Com Vítimas Feridas";"Amanhecer";"Crescente";"Céu Claro";"Dupla";"Reta";"Sim";2;0;1;0;1;0;1;2;-29,88123493;-51,23888108;"SPRF-RS";"DEL01/RS";"UOP01-DEL01-RS"
773081;2026-05-21;"quinta-feira";"05:50:00";"RS";290;27;"SANTO ANTONIO DA PATRULHA";"Ausência de reação do condutor";"Saída de leito carroçável";"Com Vítimas Feridas";"Plena Noite";"Crescente";"Céu Claro";"Múltipla";"Reta";"Não";5;0;5;0;0;0;5;2;-29,88209411;-50,52976783;"SPRF-RS";"DEL03/RS";"UOP01-DEL03-RS"
773082;2026-05-21;"quinta-feira";"06:00:00";"PR";280;299,1;"FLOR DA SERRA DO SUL";"Condutor Dormindo";"Saída de leito carroçável";"Com Vítimas Feridas";"Amanhecer";"Decrescente";"Céu Claro";"Simples";"Curva";"Não";2;0;1;1;0;0;2;1;-26,25123851;-53,34909439;"SPRF-PR";"DEL02/PR";"UOP01-DEL02-PR"
773083;2026-05-21;"quinta-feira";"07:45:00";"PR";376;1,1;"APUCARANA";"Acessar a via sem observar a presença dos outros veículos";"Colisão transversal";"Com Vítimas Feridas";"Pleno dia";"Crescente";"Céu Claro";"Simples";"Reta;Aclive";"Sim";2;0;0;1;1;0;1;2;-23,57168708;-51,42782807;"SPRF-PR";"DEL07/PR";"UOP03-DEL07-PR"
773084;2026-05-21;"quinta-feira";"07:50:00";"RN";304;296;"MACAIBA";"Acessar a via sem observar a presença dos outros veículos";"Colisão transversal";"Com Vítimas Feridas";"Pleno dia";"Crescente";"Nublado";"Simples";"Aclive;Em Obras";"Sim";2;0;1;0;0;1;1;2;-5,865118;-35,351104;"SPRF-RN";"DEL01-RN";"UOP02-DEL01-RN"
773086;2026-05-21;"quinta-feira";"06:20:00";"RS";116;193;"PICADA CAFE";"Reação tardia ou ineficiente do condutor";"Colisão frontal";"Com Vítimas Feridas";"Amanhecer";"Crescente";"Céu Claro";"Simples";"Curva";"Não";2;0;2;0;0;0;2;2;-29,4435727;-51,14013283;"SPRF-RS";"DEL05/RS";"UOP02-DEL05-RS"
773087;2026-05-21;"quinta-feira";"05:40:00";"RS";471;150,4;"SANTA CRUZ DO SUL";"Pedestre cruzava a pista fora da faixa";"Atropelamento de Pedestre";"Com Vítimas Feridas";"Plena Noite";"Crescente";"Céu Claro";"Dupla";"Retorno Regulamentado;Reta;Interseção de Vias";"Sim";2;0;1;0;1;0;1;2;-29,77925403;-52,41579143;"SPRF-RS";"DEL02/RS";"UOP03-DEL02-RS"
773088;2026-05-21;"quinta-feira";"05:30:00";"BA";324;579;"CANDEIAS";"Demais falhas mecânicas ou elétricas";"Incêndio";"Sem Vítimas";"Pleno dia";"Crescente";"Nublado";"Dupla";"Reta";"Não";1;0;0;0;1;0;0;1;-12,60955425;-38,49299178;"SPRF-BA";"DEL01/BA";"UOP01-DEL01-BA"
773089;2026-04-18;"sábado";"09:00:00";"AL";316;79;"SANTANA DO IPANEMA";"Acessar a via sem observar a presença dos outros veículos";"Colisão transversal";"Com Vítimas Feridas";"Pleno dia";"Decrescente";"Céu Claro";"Simples";"Reta";"Não";2;0;0;1;1;0;1;2;-9,343877;-37,279842;"SPRF-AL";"DEL03-AL";"UOP02-DEL03-AL"
773090;2026-05-21;"quinta-feira";"07:30:00";"SP";116;385;"MIRACATU";"Acesso irregular";"Colisão transversal";"Com Vítimas Feridas";"Pleno dia";"Decrescente";"Céu Claro";"Simples";"Retorno Regulamentado";"Não";3;0;1;0;2;0;1;2;-24,25127316;-47,37280933;"SPRF-SP";"DEL04/SP";"UOP02-DEL04-SP"
773091;2026-05-21;"quinta-feira";"07:20:00";"BA";415;20,4;"ILHEUS";"Velocidade Incompatível";"Capotamento";"Com Vítimas Feridas";"Pleno dia";"Crescente";"Chuva";"Dupla";"Curva";"Não";1;0;1;0;0;0;1;1;-14,80402;-39,146543;"SPRF-BA";"DEL05/BA";"UOP01-DEL05-BA"
773092;2026-05-21;"quinta-feira";"08:30:00";"MG";381;846;"SAO SEBASTIAO DA BELA VISTA";"Demais falhas mecânicas ou elétricas";"Incêndio";"Sem Vítimas";"Pleno dia";"Crescente";"Céu Claro";"Dupla";"Reta";"Não";2;0;0;0;2;0;0;1;-22,211161;-45,866778;"SPRF-MG";"DEL16/MG";"UOP01-DEL16-MG"
773093;2026-05-21;"quinta-feira";"06:41:00";"AC";364;138;"RIO BRANCO";"Mal súbito do condutor";"Queda de ocupante de veículo";"Com Vítimas Feridas";"Pleno dia";"Decrescente";"Céu Claro";"Dupla";"Reta";"Sim";2;0;1;1;0;0;2;1;-9,960013;-67,857023;"SPRF-AC";"DEL01-AC";"UOP01-DEL01-AC"
773094;2026-05-21;"quinta-feira";"07:42:00";"MT";163;835;"SINOP";"Reação tardia ou ineficiente do condutor";"Colisão lateral mesmo sentido";"Com Vítimas Feridas";"Pleno dia";"Decrescente";"Nublado";"Dupla";"Declive";"Sim";2;0;1;0;1;0;1;2;-11,859359;-55,494757;"SPRF-MT";"DEL06/MT";"UOP02-DEL06-MT"
773098;2026-05-21;"quinta-feira";"08:20:00";"PA";230;113;"MARABA";"Ausência de reação do condutor";"Colisão transversal";"Com Vítimas Feridas";"Pleno dia";"Crescente";"Céu Claro";"Simples";"Reta";"Não";2;0;1;0;1;0;1;2;-5,366443;-49,059158;"SPRF-PA";"DEL03/PA";"UOP01-DEL03-PA"
773100;2026-05-21;"quinta-feira";"09:55:00";"MA";316;601;"TIMON";"Condutor deixou de manter distância do veículo da frente";"Colisão traseira";"Com Vítimas Feridas";"Pleno dia";"Crescente";"Céu Claro";"Simples";"Reta";"Não";2;0;0;1;1;0;1;2;-5,03806237;-42,93187213;"SPRF-MA";"DEL03-MA";"UOP02-DEL03-MA"
773101;2026-05-20;"quarta-feira";"07:15:00";"RJ";40;124;"DUQUE DE CAXIAS";"Acumulo de água sobre o pavimento";"Tombamento";"Com Vítimas Feridas";"Pleno dia";"Crescente";"Chuva";"Simples";"Curva";"Sim";2;0;1;0;1;0;1;2;-22,80619721;-43,28975272;"SPRF-RJ";"DEL01/RJ";"UOP02-DEL01-RJ"
773102;2026-05-16;"sábado";"19:00:00";"MS";267;672;"PORTO MURTINHO";"Animais na Pista";"Atropelamento de Animal";"Com Vítimas Feridas";"Plena Noite";"Crescente";"Chuva";"Simples";"Curva";"Não";1;0;1;0;0;0;1;1;-21,70554828;-57,79363366;"SPRF-MS";"DEL05/MS";"UOP01-DEL05-MS"
773103;2026-05-21;"quinta-feira";"08:35:00";"RJ";393;3;"VOLTA REDONDA";"Retorno proibido";"Colisão transversal";"Com Vítimas Feridas";"Pleno dia";"Crescente";"Nublado";"Simples";"Reta;Aclive";"Não";4;0;2;2;0;0;4;2;-22,50718991;-44,05713916;"SPRF-RJ";"DEL05/RJ";"UOP04-DEL05-RJ"
773107;2026-05-21;"quinta-feira";"08:10:00";"MG";381;907,9;"CAMBUI";"Reação tardia ou ineficiente do condutor";"Tombamento";"Com Vítimas Feridas";"Pleno dia";"Decrescente";"Céu Claro";"Dupla";"Curva;Declive";"Não";1;0;0;1;0;0;1;1;-22,67482673;-46,0916698;"SPRF-MG";"DEL16/MG";"UOP03-DEL16-MG"
773108;2026-05-21;"quinta-feira";"06:45:00";"SP";116;219;"GUARULHOS";"Manobra de mudança de faixa";"Colisão traseira";"Com Vítimas Feridas";"Pleno dia";"Crescente";"Nublado";"Múltipla";"Reta";"Sim";3;0;0;1;2;0;1;3;-23,458035;-46,491005;"SPRF-SP";"DEL01/SP";"UOP01-DEL01-SP"
773110;2026-05-21;"quinta-feira";"08:59:00";"BA";367;25;"PORTO SEGURO";"Ausência de reação do condutor";"Colisão traseira";"Sem Vítimas";"Pleno dia";"Crescente";"Sol";"Múltipla";"Reta";"Sim";2;0;0;0;2;0;0;2;-16,433283;-39,094777;"SPRF-BA";"DEL09/BA";"UOP03-DEL09-BA"
773112;2026-04-27;"segunda-feira";"10:20:00";"MG";116;501,7;"INHAPIM";"Mal súbito do condutor";"Colisão frontal";"Com Vítimas Fatais";"Pleno dia";"Crescente";"Sol";"Simples";"Reta";"Não";3;1;0;1;0;1;1;3;-19,578022;-42,11548;"SPRF-MG";"DEL06/MG";"UOP02-DEL06-MG"
773116;2026-05-21;"quinta-feira";"10:47:00";"PI";316;3,4;"TERESINA";"Ausência de reação do condutor";"Colisão traseira";"Com Vítimas Feridas";"Pleno dia";"Decrescente";"Céu Claro";"Simples";"Reta";"Sim";2;0;1;0;1;0;1;2;-5,131718;-42,791368;"SPRF-PI";"DEL01-PI";"UOP02-DEL01-PI"
773117;2026-04-21;"terça-feira";"07:00:00";"PA";230;130;"MARABA";"Ausência de reação do condutor";"Colisão com objeto";"Com Vítimas Fatais";"Amanhecer";"Decrescente";"Chuva";"Simples";"Reta;Declive";"Não";3;1;2;0;0;0;2;1;-5,36789;-49,19498;"SPRF-PA";"DEL03/PA";"UOP01-DEL03-PA"
773119;2026-05-21;"quinta-feira";"09:30:00";"MG";381;577,8;"CARMOPOLIS DE MINAS";"Reação tardia ou ineficiente do condutor";"Incêndio";"Sem Vítimas";"Pleno dia";"Crescente";"Céu Claro";"Dupla";"Reta";"Não";1;0;0;0;0;1;0;1;-20,46796353;-44,58225424;"SPRF-MG";"DEL04/MG";"UOP01-DEL04-MG"
773120;2026-05-20;"quarta-feira";"17:20:00";"SC";101;179,7;"BIGUACU";"Reação tardia ou ineficiente do condutor";"Atropelamento de Pedestre";"Com Vítimas Feridas";"Anoitecer";"Crescente";"Nublado";"Dupla";"Reta;Viaduto";"Sim";2;0;0;1;1;0;1;2;-27,37895;-48,6311;"SPRF-SC";"DEL01/SC";"UOP01-DEL01-SC"
773124;2026-05-21;"quinta-feira";"11:50:00";"MA";316;262,6;"SANTA INES";"Ingestão de álcool pelo condutor";"Colisão frontal";"Com Vítimas Feridas";"Pleno dia";"Crescente";"Céu Claro";"Simples";"Reta";"Sim";2;0;0;1;1;0;1;2;-3,676089;-45,374885;"SPRF-MA";"DEL02-MA";"UOP01-DEL02-MA"
773126;2026-05-21;"quinta-feira";"10:30:00";"RJ";40;92;"PETROPOLIS";"Pista Escorregadia";"Colisão com objeto";"Com Vítimas Feridas";"Pleno dia";"Decrescente";"Garoa/Chuvisco";"Dupla";"Curva";"Não";2;0;2;0;0;0;2;1;-22,57296273;-43,25471878;"SPRF-RJ";"DEL01/RJ";"UOP01-DEL01-RJ"
773127;2026-05-21;"quinta-feira";"10:15:00";"RJ";40;93;"DUQUE DE CAXIAS";"Pista Escorregadia";"Tombamento";"Com Vítimas Feridas";"Pleno dia";"Crescente";"Nublado";"Dupla";"Curva";"Sim";3;0;2;0;1;0;2;1;-22,557014;-43,2658674;"SPRF-RJ";"DEL01/RJ";"UOP01-DEL01-RJ"
773128;2026-05-21;"quinta-feira";"12:20:00";"RS";116;262;"CANOAS";"Manobra de mudança de faixa";"Colisão lateral mesmo sentido";"Com Vítimas Feridas";"Pleno dia";"Crescente";"Céu Claro";"Dupla";"Reta";"Sim";3;0;2;0;1;0;2;2;-29,89509174;-51,17638634;"SPRF-RS";"DEL01/RS";"UOP01-DEL01-RS"
773129;2026-05-21;"quinta-feira";"12:50:00";"PR";277;73;"SAO JOSE DOS PINHAIS";"Ausência de reação do condutor";"Saída de leito carroçável";"Com Vítimas Feridas";"Pleno dia";"Decrescente";"Nublado";"Dupla";"Reta;Em Obras";"Não";1;0;0;1;0;0;1;1;-25,502;-49,147;"SPRF-PR";"DEL01/PR";"UOP08-DEL01-PR"
773131;2026-05-13;"quarta-feira";"15:58:00";"RN";101;130;"NISIA FLORESTA";"Reação tardia ou ineficiente do condutor";"Colisão traseira";"Com Vítimas Feridas";"Pleno dia";"Decrescente";"Céu Claro";"Dupla";"Reta;Ponte";"Não";2;0;1;0;1;0;1;2;-6,11168634;-35,23374908;"SPRF-RN";"DEL01-RN";"UOP01-DEL01-RN"
773132;2026-05-21;"quinta-feira";"13:00:00";"GO";70;5,6;"AGUAS LINDAS DE GOIAS";"Ausência de reação do condutor";"Colisão com objeto";"Com Vítimas Feridas";"Pleno dia";"Crescente";"Céu Claro";"Dupla";"Reta;Retorno Regulamentado";"Sim";2;0;1;0;1;0;1;2;-15,74127872;-48,27029622;"SPRF-DF";"DEL03-DF";"UOP02-DEL03-DF"
773135;2026-05-21;"quinta-feira";"12:10:00";"MG";116;487;"INHAPIM";"Reação tardia ou ineficiente do condutor";"Colisão traseira";"Sem Vítimas";"Pleno dia";"Crescente";"Nublado";"Simples";"Reta";"Não";2;0;0;0;2;0;0;2;-19,50556068;-42,12712096;"SPRF-MG";"DEL06/MG";"UOP02-DEL06-MG"
773136;2026-05-21;"quinta-feira";"11:43:00";"BA";110;202;"CIPO";"Conversão proibida";"Colisão lateral mesmo sentido";"Com Vítimas Feridas";"Pleno dia";"Decrescente";"Nublado";"Simples";"Reta";"Não";3;0;1;1;1;0;2;2;-11,07846811;-38,509655;"SPRF-BA";"DEL07/BA";"UOP02-DEL07-BA"
773138;2026-05-21;"quinta-feira";"12:00:00";"RO";364;12;"VILHENA";"Condutor deixou de manter distância do veículo da frente";"Colisão traseira";"Com Vítimas Feridas";"Pleno dia";"Decrescente";"Céu Claro";"Dupla";"Reta";"Sim";2;0;1;0;1;0;1;2;-12,74487923;-60,12019157;"SPRF-RO";"DEL04-RO";"UOP01-DEL04-RO"
773139;2026-05-21;"quinta-feira";"13:30:00";"PR";277;117;"CAMPO LARGO";"Condutor deixou de manter distância do veículo da frente";"Engavetamento";"Sem Vítimas";"Pleno dia";"Decrescente";"Céu Claro";"Dupla";"Aclive;Reta";"Sim";3;0;0;0;2;1;0;3;-25,443327;-49,457562;"SPRF-PR";"DEL01/PR";"UOP07-DEL01-PR"
773148;2026-05-21;"quinta-feira";"09:20:00";"BA";324;575;"SAO SEBASTIAO DO PASSE";"Demais falhas mecânicas ou elétricas";"Tombamento";"Sem Vítimas";"Pleno dia";"Crescente";"Nublado";"Dupla";"Reta";"Não";1;0;0;0;1;0;0;1;-12,58354923;-38,53124142;"SPRF-BA";"DEL01/BA";"UOP01-DEL01-BA"
773149;2026-05-21;"quinta-feira";"07:30:00";"RJ";393;4,8;"VOLTA REDONDA";"Ausência de reação do condutor";"Saída de leito carroçável";"Com Vítimas Feridas";"Pleno dia";"Decrescente";"Céu Claro";"Simples";"Curva;Aclive";"Não";1;0;1;0;0;0;1;1;-22,52301107;-44,04979437;"SPRF-RJ";"DEL05/RJ";"UOP04-DEL05-RJ"
773150;2026-05-21;"quinta-feira";"11:58:00";"SC";470;76,9;"INDAIAL";"Condutor deixou de manter distância do veículo da frente";"Colisão traseira";"Com Vítimas Feridas";"Pleno dia";"Decrescente";"Céu Claro";"Simples";"Reta";"Não";2;0;0;1;1;0;1;2;-26,91337312;-49,27904304;"SPRF-SC";"DEL04/SC";"UOP01-DEL04-SC"
773152;2026-05-21;"quinta-feira";"13:15:00";"SC";101;360;"SANGAO";"Reação tardia ou ineficiente do condutor";"Colisão traseira";"Com Vítimas Feridas";"Pleno dia";"Decrescente";"Céu Claro";"Simples";"Reta";"Não";3;0;1;1;1;0;2;2;-28,664505;-49,113228;"SPRF-SC";"DEL02/SC";"UOP01-DEL02-SC"
773153;2026-05-21;"quinta-feira";"13:50:00";"MG";116;414,5;"GOVERNADOR VALADARES";"Ultrapassagem Indevida";"Colisão transversal";"Com Vítimas Feridas";"Pleno dia";"Decrescente";"Sol";"Simples";"Retorno Regulamentado";"Sim";2;0;1;0;1;0;1;2;-18,90297756;-41,94653034;"SPRF-MG";"DEL06/MG";"UOP01-DEL06-MG"
773160;2026-05-21;"quinta-feira";"14:50:00";"SP";116;110;"TAUBATE";"Condutor deixou de manter distância do veículo da frente";"Colisão lateral mesmo sentido";"Com Vítimas Feridas";"Pleno dia";"Crescente";"Nublado";"Dupla";"Reta";"Não";2;0;0;1;1;0;1;2;-23,02900422;-45,54586021;"SPRF-SP";"DEL02/SP";"UOP02-DEL02-SP"
773162;2026-05-21;"quinta-feira";"14:10:00";"SP";116;277,9;"ITAPECERICA DA SERRA";"Demais falhas mecânicas ou elétricas";"Incêndio";"Sem Vítimas";"Pleno dia";"Decrescente";"Garoa/Chuvisco";"Dupla";"Curva";"Não";1;0;0;0;0;1;0;1;-23,70050923;-46,86869837;"SPRF-SP";"DEL04/SP";"UOP01-DEL04-SP"
773163;2026-05-21;"quinta-feira";"15:00:00";"PR";277;83,8;"CURITIBA";"Ausência de reação do condutor";"Queda de ocupante de veículo";"Com Vítimas Feridas";"Pleno dia";"Decrescente";"Céu Claro";"Dupla";"Reta";"Sim";2;0;1;0;1;0;1;2;-25,44472289;-49,23278284;"SPRF-PR";"DEL01/PR";"UOP03-DEL01-PR"
773166;2026-05-21;"quinta-feira";"13:00:00";"RO";425;80;"NOVA MAMORE";"Reação tardia ou ineficiente do condutor";"Colisão transversal";"Com Vítimas Feridas";"Pleno dia";"Crescente";"Céu Claro";"Simples";"Reta";"Sim";4;0;1;0;3;0;1;3;-10,41777576;-65,33335447;"SPRF-RO";"DEL01-RO";"UOP03-DEL01-RO"
773168;2026-05-21;"quinta-feira";"16:10:00";"MG";40;809,3;"MATIAS BARBOSA";"Avarias e/ou desgaste excessivo no pneu";"Tombamento";"Com Vítimas Feridas";"Pleno dia";"Decrescente";"Céu Claro";"Dupla";"Reta";"Não";2;0;2;0;0;0;2;1;-21,8677811;-43,3534834;"SPRF-MG";"DEL05/MG";"UOP01-DEL05-MG"
773169;2026-05-21;"quinta-feira";"15:15:00";"MG";381;501,5;"BETIM";"Condutor deixou de manter distância do veículo da frente";"Colisão traseira";"Com Vítimas Feridas";"Pleno dia";"Decrescente";"Nublado";"Dupla";"Reta";"Sim";1;0;1;0;0;0;1;1;-19,99674953;-44,20916375;"SPRF-MG";"DEL01/MG";"UOP03-DEL01-MG"
773171;2026-05-21;"quinta-feira";"14:50:00";"MS";163;610;"SAO GABRIEL DO OESTE";"Ausência de reação do condutor";"Colisão traseira";"Sem Vítimas";"Pleno dia";"Crescente";"Nublado";"Simples";"Reta;Aclive";"Não";2;0;0;0;2;0;0;2;-19,43116029;-54,53982923;"SPRF-MS";"DEL06/MS";"UOP02-DEL06-MS"
773172;2026-05-21;"quinta-feira";"13:00:00";"RJ";101;470;"ANGRA DOS REIS";"Chuva";"Saída de leito carroçável";"Sem Vítimas";"Pleno dia";"Crescente";"Chuva";"Simples";"Reta";"Não";2;0;0;0;2;0;0;1;-23,00443;-44,2301;"SPRF-RJ";"DEL03/RJ";"UOP03-DEL03-RJ"
773173;2026-05-21;"quinta-feira";"16:37:00";"RN";101;83,7;"NATAL";"Condutor deixou de manter distância do veículo da frente";"Colisão traseira";"Com Vítimas Feridas";"Pleno dia";"Decrescente";"Nublado";"Dupla";"Reta";"Sim";3;0;2;0;1;0;2;2;-5,772528;-35,262103;"SPRF-RN";"DEL02-RN";"UOP01-DEL02-RN"
773175;2026-05-21;"quinta-feira";"08:05:00";"RO";364;425;"JARU";"Reação tardia ou ineficiente do condutor";"Colisão lateral mesmo sentido";"Com Vítimas Feridas";"Pleno dia";"Decrescente";"Nublado";"Simples";"Reta;Declive";"Sim";2;0;1;0;1;0;1;2;-10,43658;-62,47322;"SPRF-RO";"DEL03-RO";"UOP02-DEL03-RO"
773176;2026-05-21;"quinta-feira";"15:50:00";"ES";101;423,5;"ATILIO VIVACQUA";"Velocidade Incompatível";"Colisão com objeto";"Sem Vítimas";"Pleno dia";"Crescente";"Céu Claro";"Simples";"Curva";"Não";1;0;0;0;1;0;0;1;-20,9897473;-41,1187477;"SPRF-ES";"DEL03-ES";"UOP02-DEL03-ES"
773178;2026-05-21;"quinta-feira";"17:00:00";"MG";116;688;"MURIAE";"Manobra de mudança de faixa";"Saída de leito carroçável";"Com Vítimas Feridas";"Anoitecer";"Crescente";"Nublado";"Simples";"Curva;Aclive";"Não";1;0;1;0;0;0;1;1;-21,006394;-42,362551;"SPRF-MG";"DEL07/MG";"UOP02-DEL07-MG"
773179;2026-05-21;"quinta-feira";"10:30:00";"RO";435;125;"CEREJEIRAS";"Conversão proibida";"Colisão lateral mesmo sentido";"Com Vítimas Feridas";"Pleno dia";"Crescente";"Nublado";"Simples";"Reta";"Não";2;0;1;0;1;0;1;2;-13,1889934;-60,83743215;"SPRF-RO";"DEL04-RO";"UOP02-DEL04-RO"
773180;2026-05-21;"quinta-feira";"16:25:00";"RS";116;334;"BARRA DO RIBEIRO";"Ingestão de substâncias psicoativas pelo condutor";"Colisão com objeto";"Sem Vítimas";"Pleno dia";"Crescente";"Céu Claro";"Dupla";"Reta";"Não";1;0;0;0;1;0;0;1;-30,40802653;-51,45398422;"SPRF-RS";"DEL02/RS";"UOP02-DEL02-RS"
773181;2026-05-21;"quinta-feira";"15:00:00";"AC";364;137;"RIO BRANCO";"Acessar a via sem observar a presença dos outros veículos";"Colisão transversal";"Com Vítimas Feridas";"Pleno dia";"Decrescente";"Céu Claro";"Dupla";"Reta";"Sim";2;0;1;0;1;0;1;2;-9,96936261;-67,85289137;"SPRF-AC";"DEL01-AC";"UOP01-DEL01-AC"
773182;2026-05-21;"quinta-feira";"16:00:00";"SP";116;210;"GUARULHOS";"Manobra de mudança de faixa";"Colisão lateral mesmo sentido";"Com Vítimas Feridas";"Pleno dia";"Crescente";"Nublado";"Múltipla";"Reta";"Sim";2;0;1;0;1;0;1;2;-23,426667;-46,407009;"SPRF-SP";"DEL01/SP";"UOP01-DEL01-SP"
773184;2026-05-21;"quinta-feira";"09:20:00";"SP";101;43;"UBATUBA";"Reação tardia ou ineficiente do condutor";"Colisão lateral mesmo sentido";"Com Vítimas Feridas";"Pleno dia";"Decrescente";"Chuva";"Simples";"Rotatória";"Sim";2;0;1;0;1;0;1;2;-23,409449;-45,059505;"SPRF-SP";"DEL06/SP";"UOP01-DEL06-SP"
773185;2026-05-21;"quinta-feira";"17:20:00";"ES";101;144,1;"LINHARES";"Reação tardia ou ineficiente do condutor";"Queda de ocupante de veículo";"Com Vítimas Feridas";"Anoitecer";"Crescente";"Céu Claro";"Dupla";"Interseção de Vias;Aclive;Curva";"Sim";1;0;1;0;0;0;1;1;-19,352926;-40,063635;"SPRF-ES";"DEL04-ES";"UOP01-DEL04-ES"
773187;2026-05-21;"quinta-feira";"16:25:00";"PE";232;117,5;"CARUARU";"Ingestão de álcool pelo condutor";"Saída de leito carroçável";"Com Vítimas Feridas";"Pleno dia";"Decrescente";"Céu Claro";"Dupla";"Curva";"Não";1;0;0;1;0;0;1;1;-8,29451;-35,88292;"SPRF-PE";"DEL02/PE";"UOP03-DEL02-PE"
773188;2026-05-21;"quinta-feira";"17:20:00";"PR";376;218;"JANDAIA DO SUL";"Mal súbito do condutor";"Saída de leito carroçável";"Com Vítimas Feridas";"Anoitecer";"Decrescente";"Céu Claro";"Dupla";"Reta";"Não";1;0;1;0;0;0;1;1;-23,588077;-51,623974;"SPRF-PR";"DEL09/PR";"UOP01-DEL09-PR"
773189;2026-05-21;"quinta-feira";"18:15:00";"RJ";40;109;"DUQUE DE CAXIAS";"Manobra de mudança de faixa";"Colisão traseira";"Com Vítimas Feridas";"Plena Noite";"Decrescente";"Garoa/Chuvisco";"Múltipla";"Reta";"Sim";2;0;1;0;1;0;1;2;-22,68130795;-43,28556034;"SPRF-RJ";"DEL01/RJ";"UOP02-DEL01-RJ"