"id";"data_inversa";"dia_semana";"horario";"uf";"br";"km";"municipio";"causa_acidente";"tipo_acidente";"classificacao_acidente";"fase_dia";"sentido_via";"condicao_metereologica";"tipo_pista";"tracado_via";"uso_solo";"pessoas";"mortos";"feridos_leves";"feridos_graves";"ilesos";"ignorados";"feridos";"veiculos";"latitude";"longitude";"regional";"delegacia";"uop"
773191;2026-05-21;"quinta-feira";"17:35:00";"RS";116;151,4;"CAXIAS DO SUL";"Manobra de mudança de faixa";"Colisão lateral mesmo sentido";"Com Vítimas Feridas";"Plena Noite";"Crescente";"Céu Claro";"Dupla";"Curva";"Sim";2;0;1;0;1;0;1;2;-29,180707;-51,164838;"SPRF-RS";"DEL05/RS";"UOP01-DEL05-RS"
773192;2026-05-21;"quinta-feira";"16:30:00";"SC";101;135;"BALNEARIO CAMBORIU";"Reação tardia ou ineficiente do condutor";"Colisão traseira";"Com Vítimas Feridas";"Pleno dia";"Crescente";"Céu Claro";"Dupla";"Reta";"Sim";2;0;1;0;1;0;1;2;-27,00644223;-48,62357587;"SPRF-SC";"DEL04/SC";"UOP03-DEL04-SC"
773193;2026-05-21;"quinta-feira";"18:20:00";"CE";116;15;"ITAITINGA";"Manobra de mudança de faixa";"Colisão lateral mesmo sentido";"Com Vítimas Feridas";"Plena Noite";"Crescente";"Céu Claro";"Múltipla";"Reta";"Sim";3;0;2;0;0;1;2;2;-3,89134;-38,50223;"SPRF-CE";"DEL01/CE";"UOP02-DEL01-CE"
773194;2026-05-21;"quinta-feira";"18:20:00";"PE";101;25,8;"ITAPISSUMA";"Animais na Pista";"Atropelamento de Animal";"Com Vítimas Feridas";"Plena Noite";"Crescente";"Nublado";"Dupla";"Reta;Declive";"Não";1;0;1;0;0;0;1;1;-7,70767;-34,9276;"SPRF-PE";"DEL01/PE";"UOP02-DEL01-PE"
773195;2026-05-21;"quinta-feira";"17:05:00";"RS";287;398,9;"SANTIAGO";"Desrespeitar a preferência no cruzamento";"Colisão transversal";"Com Vítimas Feridas";"Anoitecer";"Crescente";"Céu Claro";"Simples";"Reta;Interseção de Vias;Aclive";"Sim";3;0;1;0;2;0;1;2;-29,16900169;-54,86283157;"SPRF-RS";"DEL12/RS";"UOP02-DEL12-RS"
773200;2026-05-21;"quinta-feira";"18:15:00";"RS";116;268;"CANOAS";"Condutor deixou de manter distância do veículo da frente";"Colisão traseira";"Com Vítimas Feridas";"Anoitecer";"Crescente";"Céu Claro";"Múltipla";"Reta";"Sim";5;0;3;0;2;0;3;2;-29,94988203;-51,17668655;"SPRF-RS";"DEL01/RS";"UOP01-DEL01-RS"
773201;2026-04-28;"terça-feira";"20:50:00";"SP";381;74;"SAO PAULO";"Demais falhas mecânicas ou elétricas";"Colisão lateral mesmo sentido";"Com Vítimas Feridas";"Plena Noite";"Decrescente";"Céu Claro";"Múltipla";"Reta";"Não";3;0;1;0;2;0;1;3;-23,37749312;-46,56148911;"SPRF-SP";"DEL03/SP";"UOP01-DEL03-SP"
773203;2026-05-21;"quinta-feira";"18:40:00";"MG";381;484;"BETIM";"Ausência de reação do condutor";"Tombamento";"Com Vítimas Feridas";"Plena Noite";"Decrescente";"Céu Claro";"Múltipla";"Reta;Aclive";"Não";2;0;1;0;0;1;1;1;-19,95920882;-44,09026283;"SPRF-MG";"DEL01/MG";"UOP03-DEL01-MG"
773204;2026-05-21;"quinta-feira";"19:00:00";"RS";472;179;"SANTA ROSA";"Condutor deixou de manter distância do veículo da frente";"Colisão traseira";"Com Vítimas Feridas";"Plena Noite";"Decrescente";"Céu Claro";"Simples";"Reta";"Não";2;0;1;0;1;0;1;2;-27,84787978;-54,55295563;"SPRF-RS";"DEL10/RS";"UOP01-DEL10-RS"
773205;2026-05-21;"quinta-feira";"18:15:00";"SC";101;282,8;"IMBITUBA";"Manobra de mudança de faixa";"Tombamento";"Com Vítimas Feridas";"Plena Noite";"Crescente";"Céu Claro";"Múltipla";"Interseção de Vias";"Não";1;0;1;0;0;0;1;1;-28,219549;-48,7004;"SPRF-SC";"DEL02/SC";"UOP03-DEL02-SC"
773206;2026-05-21;"quinta-feira";"18:10:00";"RO";364;14;"VILHENA";"Ausência de reação do condutor";"Queda de ocupante de veículo";"Com Vítimas Feridas";"Anoitecer";"Decrescente";"Céu Claro";"Dupla";"Reta";"Sim";1;0;0;1;0;0;1;1;-12,73877264;-60,14191596;"SPRF-RO";"DEL04-RO";"UOP01-DEL04-RO"
773207;2026-05-21;"quinta-feira";"19:20:00";"GO";40;11;"LUZIANIA";"Manobra de mudança de faixa";"Colisão lateral mesmo sentido";"Com Vítimas Feridas";"Plena Noite";"Decrescente";"Céu Claro";"Dupla";"Reta;Interseção de Vias";"Sim";2;0;1;0;1;0;1;2;-16,14983536;-47,94065519;"SPRF-DF";"DEL01-DF";"UOP01-DEL01-DF"
773210;2026-05-21;"quinta-feira";"18:05:00";"PE";428;172;"PETROLINA";"Reação tardia ou ineficiente do condutor";"Engavetamento";"Com Vítimas Feridas";"Plena Noite";"Crescente";"Céu Claro";"Simples";"Reta";"Não";16;0;11;0;4;1;11;5;-9,237658;-40,417758;"SPRF-PE";"DEL06/PE";"UOP01-DEL06-PE"
773212;2026-05-21;"quinta-feira";"19:00:00";"PR";369;74;"SANTA MARIANA";"Ausência de reação do condutor";"Atropelamento de Animal";"Sem Vítimas";"Plena Noite";"Crescente";"Nublado";"Simples";"Reta";"Não";2;0;0;0;2;0;0;1;-23,154207;-50,518066;"SPRF-PR";"DEL07/PR";"UOP05-DEL07-PR"
773213;2026-05-21;"quinta-feira";"19:41:00";"RN";101;107;"PARNAMIRIM";"Condutor deixou de manter distância do veículo da frente";"Colisão traseira";"Com Vítimas Feridas";"Plena Noite";"Decrescente";"Céu Claro";"Simples";"Reta";"Sim";3;0;1;0;1;1;1;2;-5,9263096;-35,2652508;"SPRF-RN";"DEL01-RN";"UOP01-DEL01-RN"
773214;2026-05-21;"quinta-feira";"19:35:00";"MG";40;794;"JUIZ DE FORA";"Demais falhas mecânicas ou elétricas";"Incêndio";"Sem Vítimas";"Plena Noite";"Decrescente";"Céu Claro";"Dupla";"Curva";"Não";1;0;0;0;1;0;0;1;-21,77871;-43,42341;"SPRF-MG";"DEL05/MG";"UOP01-DEL05-MG"
773215;2026-05-21;"quinta-feira";"19:40:00";"PB";230;327,9;"PATOS";"Reação tardia ou ineficiente do condutor";"Tombamento";"Com Vítimas Feridas";"Plena Noite";"Decrescente";"Céu Claro";"Simples";"Reta;Declive";"Não";2;0;2;0;0;0;2;1;-7,016843;-37,224008;"SPRF-PB";"DEL03-PB";"UOP01-DEL03-PB"
773216;2026-05-21;"quinta-feira";"19:50:00";"PE";101;72,2;"RECIFE";"Reação tardia ou ineficiente do condutor";"Colisão traseira";"Com Vítimas Feridas";"Plena Noite";"Crescente";"Céu Claro";"Dupla";"Reta";"Sim";2;0;1;0;1;0;1;2;-8,091502;-34,946853;"SPRF-PE";"DEL01/PE";"UOP01-DEL01-PE"
773218;2026-05-21;"quinta-feira";"20:20:00";"GO";153;432;"ANAPOLIS";"Pedestre andava na pista";"Atropelamento de Pedestre";"Com Vítimas Fatais";"Plena Noite";"Crescente";"Céu Claro";"Dupla";"Reta";"Sim";3;1;0;1;1;0;1;3;-16,277994;-48,964238;"SPRF-GO";"DEL02/GO";"UOP01-DEL02-GO"
773219;2026-05-21;"quinta-feira";"17:40:00";"RJ";393;282;"VOLTA REDONDA";"Trafegar com motocicleta (ou similar) entre as faixas";"Colisão frontal";"Com Vítimas Feridas";"Anoitecer";"Crescente";"Garoa/Chuvisco";"Simples";"Reta";"Sim";3;0;2;0;1;0;2;3;-22,482743;-44,062757;"SPRF-RJ";"DEL05/RJ";"UOP04-DEL05-RJ"
773220;2026-05-21;"quinta-feira";"19:50:00";"DF";60;0,4;"BRASILIA";"Ausência de reação do condutor";"Saída de leito carroçável";"Com Vítimas Feridas";"Plena Noite";"Crescente";"Céu Claro";"Dupla";"Reta";"Sim";1;0;1;0;0;0;1;1;-15,883589;-48,063766;"SPRF-DF";"DEL03-DF";"UOP01-DEL03-DF"
773221;2026-05-21;"quinta-feira";"20:20:00";"ES";101;296;"CARIACICA";"Ausência de reação do condutor";"Colisão lateral mesmo sentido";"Com Vítimas Feridas";"Plena Noite";"Crescente";"Nublado";"Simples";"Curva";"Sim";2;0;2;0;0;0;2;2;-20,34344494;-40,40703356;"SPRF-ES";"DEL01-ES";"UOP01-DEL01-ES"
773222;2026-05-21;"quinta-feira";"19:40:00";"PR";476;114;"COLOMBO";"Reação tardia ou ineficiente do condutor";"Colisão frontal";"Com Vítimas Feridas";"Plena Noite";"Crescente";"Nublado";"Simples";"Reta";"Sim";2;0;0;1;1;0;1;2;-25,33867;-49,157615;"SPRF-PR";"DEL01/PR";"UOP01-DEL01-PR"
773223;2026-05-21;"quinta-feira";"20:00:00";"DF";40;1,7;"BRASILIA";"Reação tardia ou ineficiente do condutor";"Colisão traseira";"Com Vítimas Feridas";"Plena Noite";"Decrescente";"Céu Claro";"Dupla";"Reta";"Sim";3;0;1;1;1;0;2;2;-15,95051071;-47,99357861;"SPRF-DF";"DEL01-DF";"UOP01-DEL01-DF"
773225;2026-05-21;"quinta-feira";"20:56:00";"ES";262;55;"MARECHAL FLORIANO";"Ausência de reação do condutor";"Saída de leito carroçável";"Com Vítimas Feridas";"Plena Noite";"Decrescente";"Chuva";"Simples";"Curva;Declive";"Não";3;0;3;0;0;0;3;1;-20,41207;-40,750342;"SPRF-ES";"DEL01-ES";"UOP01-DEL01-ES"
773227;2026-05-21;"quinta-feira";"20:40:00";"PE";101;77;"JABOATAO DOS GUARARAPES";"Reação tardia ou ineficiente do condutor";"Colisão lateral mesmo sentido";"Sem Vítimas";"Plena Noite";"Crescente";"Nublado";"Dupla";"Retorno Regulamentado";"Sim";2;0;0;0;2;0;0;2;-8,1524237;-34,94262543;"SPRF-PE";"DEL01/PE";"UOP01-DEL01-PE"
773229;2026-05-21;"quinta-feira";"16:30:00";"MG";381;902;"CAMBUI";"Reação tardia ou ineficiente do condutor";"Saída de leito carroçável";"Com Vítimas Feridas";"Pleno dia";"Decrescente";"Nublado";"Múltipla";"Reta";"Não";1;0;1;0;0;0;1;1;-22,6355536;-46,07686043;"SPRF-MG";"DEL16/MG";"UOP03-DEL16-MG"
773231;2026-05-21;"quinta-feira";"19:15:00";"RJ";40;122;"DUQUE DE CAXIAS";"Acessar a via sem observar a presença dos outros veículos";"Colisão lateral mesmo sentido";"Com Vítimas Feridas";"Plena Noite";"Decrescente";"Chuva";"Dupla";"Reta";"Sim";2;0;1;0;1;0;1;2;-22,79250273;-43,28651905;"SPRF-RJ";"DEL01/RJ";"UOP02-DEL01-RJ"
773233;2026-05-21;"quinta-feira";"18:25:00";"SC";163;71,5;"SAO MIGUEL DO OESTE";"Manobra de mudança de faixa";"Colisão lateral mesmo sentido";"Com Vítimas Feridas";"Plena Noite";"Decrescente";"Céu Claro";"Dupla";"Reta";"Sim";3;0;1;0;2;0;1;3;-26,72356672;-53,51408092;"SPRF-SC";"DEL07/SC";"UOP03-DEL07-SC"
773235;2026-05-21;"quinta-feira";"20:15:00";"PE";101;69,8;"RECIFE";"Reação tardia ou ineficiente do condutor";"Tombamento";"Sem Vítimas";"Plena Noite";"Crescente";"Céu Claro";"Múltipla";"Curva;Declive;Viaduto";"Sim";1;0;0;0;0;1;0;1;-8,06663;-34,94294;"SPRF-PE";"DEL01/PE";"UOP01-DEL01-PE"
773236;2026-05-21;"quinta-feira";"18:50:00";"RS";101;20;"TRES CACHOEIRAS";"Reação tardia ou ineficiente do condutor";"Queda de ocupante de veículo";"Com Vítimas Feridas";"Plena Noite";"Crescente";"Céu Claro";"Dupla";"Reta";"Não";1;0;1;0;0;0;1;1;-29,432642;-49,890227;"SPRF-RS";"DEL03/RS";"UOP02-DEL03-RS"
773237;2026-05-21;"quinta-feira";"19:20:00";"RO";364;424;"JARU";"Desrespeitar a preferência no cruzamento";"Colisão transversal";"Com Vítimas Feridas";"Plena Noite";"Crescente";"Céu Claro";"Dupla";"Reta;Declive;Interseção de Vias";"Sim";2;0;0;1;1;0;1;2;-10,438173;-62,470538;"SPRF-RO";"DEL03-RO";"UOP02-DEL03-RO"
773238;2026-05-21;"quinta-feira";"21:30:00";"SC";470;145;"RIO DO SUL";"Acessar a via sem observar a presença dos outros veículos";"Colisão transversal";"Com Vítimas Feridas";"Plena Noite";"Crescente";"Céu Claro";"Simples";"Interseção de Vias";"Sim";3;0;1;0;2;0;1;2;-27,21726047;-49,65420596;"SPRF-SC";"DEL04/SC";"UOP02-DEL04-SC"
773239;2026-05-21;"quinta-feira";"19:29:00";"PE";428;186;"PETROLINA";"Desrespeitar a preferência no cruzamento";"Colisão transversal";"Com Vítimas Feridas";"Plena Noite";"Decrescente";"Céu Claro";"Múltipla";"Interseção de Vias";"Sim";2;0;1;0;1;0;1;2;-9,35702;-40,47891;"SPRF-PE";"DEL06/PE";"UOP01-DEL06-PE"
773240;2026-05-10;"domingo";"11:30:00";"RJ";40;111;"DUQUE DE CAXIAS";"Acessar a via sem observar a presença dos outros veículos";"Colisão traseira";"Com Vítimas Feridas";"Pleno dia";"Decrescente";"Céu Claro";"Múltipla";"Reta";"Sim";5;0;2;0;2;1;2;4;-22,69531;-43,28823;"SPRF-RJ";"DEL01/RJ";"UOP02-DEL01-RJ"
773241;2026-05-21;"quinta-feira";"22:08:00";"MG";116;606,9;"SAO JOAO DO MANHUACU";"Condutor deixou de manter distância do veículo da frente";"Colisão traseira";"Sem Vítimas";"Plena Noite";"Decrescente";"Céu Claro";"Simples";"Reta";"Sim";2;0;0;0;2;0;0;2;-20,395639;-42,148358;"SPRF-MG";"DEL06/MG";"UOP03-DEL06-MG"
773242;2026-05-21;"quinta-feira";"10:30:00";"RJ";101;320;"NITEROI";"Demais falhas mecânicas ou elétricas";"Colisão traseira";"Com Vítimas Feridas";"Pleno dia";"Crescente";"Garoa/Chuvisco";"Dupla";"Reta";"Não";3;0;2;0;1;0;2;2;-22,86745685;-43,11041427;"SPRF-RJ";"DEL02/RJ";"UOP01-DEL02-RJ"
773243;2026-05-21;"quinta-feira";"23:05:00";"SP";116;219;"GUARULHOS";"Ingestão de álcool pelo condutor";"Colisão traseira";"Sem Vítimas";"Plena Noite";"Decrescente";"Chuva";"Múltipla";"Reta";"Sim";6;0;0;0;6;0;0;2;-23,4616269;-46,48985831;"SPRF-SP";"DEL01/SP";"UOP01-DEL01-SP"
773244;2026-05-21;"quinta-feira";"21:00:00";"RJ";101;390;"RIO DE JANEIRO";"Reação tardia ou ineficiente do condutor";"Colisão com objeto";"Com Vítimas Feridas";"Plena Noite";"Decrescente";"Garoa/Chuvisco";"Dupla";"Curva";"Sim";1;0;1;0;0;0;1;1;-22,89546931;-43,67958069;"SPRF-RJ";"DEL03/RJ";"UOP01-DEL03-RJ"
773245;2026-05-21;"quinta-feira";"23:30:00";"SC";101;36,4;"JOINVILLE";"Velocidade Incompatível";"Saída de leito carroçável";"Com Vítimas Feridas";"Plena Noite";"Decrescente";"Nublado";"Dupla";"Reta";"Sim";1;0;1;0;0;0;1;1;-26,28055831;-48,89030663;"SPRF-SC";"DEL03/SC";"UOP01-DEL03-SC"
773246;2026-05-21;"quinta-feira";"23:30:00";"MG";459;90,5;"CONGONHAL";"Pedestre andava na pista";"Atropelamento de Pedestre";"Com Vítimas Fatais";"Plena Noite";"Decrescente";"Céu Claro";"Simples";"Aclive;Reta";"Não";2;1;0;0;1;0;0;2;-22,150991;-46,015938;"SPRF-MG";"DEL09/MG";"UOP01-DEL09-MG"
773247;2026-05-21;"quinta-feira";"22:40:00";"RS";471;662;"SANTA VITORIA DO PALMAR";"Animais na Pista";"Atropelamento de Animal";"Com Vítimas Feridas";"Plena Noite";"Decrescente";"Nublado";"Simples";"Reta";"Sim";1;0;0;1;0;0;1;1;-33,5552167;-53,3673917;"SPRF-RS";"DEL07/RS";"UOP04-DEL07-RS"
773248;2026-05-21;"quinta-feira";"22:43:00";"SC";101;138,2;"BALNEARIO CAMBORIU";"Acesso irregular";"Colisão transversal";"Com Vítimas Feridas";"Plena Noite";"Crescente";"Nublado";"Dupla";"Reta";"Sim";2;0;1;0;1;0;1;2;-27,02432;-48,60774;"SPRF-SC";"DEL04/SC";"UOP03-DEL04-SC"
773253;2026-05-21;"quinta-feira";"20:30:00";"PA";10;156,5;"PARAGOMINAS";"Manobra de mudança de faixa";"Colisão frontal";"Com Vítimas Fatais";"Plena Noite";"Crescente";"Ignorado";"Simples";"Reta";"Não";2;1;0;1;0;0;1;2;-3,066053;-47,474457;"SPRF-PA";"DEL02/PA";"UOP01-DEL02-PA"
773254;2026-05-22;"sexta-feira";"00:15:00";"MS";262;321,5;"CAMPO GRANDE";"Transitar na contramão";"Colisão frontal";"Sem Vítimas";"Plena Noite";"Crescente";"Céu Claro";"Simples";"Reta";"Não";2;0;0;0;1;1;0;2;-20,46951601;-54,49356079;"SPRF-MS";"DEL01/MS";"UOP01-DEL01-MS"
773255;2026-05-22;"sexta-feira";"00:50:00";"PR";369;150;"LONDRINA";"Transitar na contramão";"Colisão transversal";"Com Vítimas Feridas";"Plena Noite";"Crescente";"Céu Claro";"Dupla";"Reta";"Sim";2;0;1;0;1;0;1;2;-23,29286;-51,16161;"SPRF-PR";"DEL07/PR";"UOP01-DEL07-PR"
773259;2026-05-22;"sexta-feira";"02:40:00";"SC";101;209,5;"SAO JOSE";"Ausência de reação do condutor";"Saída de leito carroçável";"Com Vítimas Fatais";"Plena Noite";"Decrescente";"Céu Claro";"Dupla";"Reta";"Sim";1;1;0;0;0;0;0;1;-27,61379;-48,64248;"SPRF-SC";"DEL01/SC";"UOP01-DEL01-SC"
773261;2026-05-22;"sexta-feira";"03:10:00";"SP";116;128;"CACAPAVA";"Pedestre andava na pista";"Atropelamento de Pedestre";"Com Vítimas Fatais";"Plena Noite";"Crescente";"Céu Claro";"Dupla";"Reta";"Não";2;1;0;0;0;1;0;2;-23,11439556;-45,71098773;"SPRF-SP";"DEL02/SP";"UOP02-DEL02-SP"
773264;2026-05-22;"sexta-feira";"04:45:00";"CE";116;23;"AQUIRAZ";"Ausência de reação do condutor";"Saída de leito carroçável";"Com Vítimas Feridas";"Amanhecer";"Decrescente";"Céu Claro";"Dupla";"Reta";"Não";2;0;1;0;1;0;1;1;-3,952371;-38,512364;"SPRF-CE";"DEL01/CE";"UOP02-DEL01-CE"
773265;2026-05-22;"sexta-feira";"05:10:00";"RJ";116;183,9;"NOVA IGUACU";"Ausência de reação do condutor";"Atropelamento de Pedestre";"Com Vítimas Feridas";"Pleno dia";"Decrescente";"Nublado";"Dupla";"Reta";"Sim";2;0;1;0;1;0;1;2;-22,7506814;-43,44013302;"SPRF-RJ";"DEL06/RJ";"UOP01-DEL06-RJ"
773266;2026-05-22;"sexta-feira";"04:50:00";"SP";153;280,5;"OCAUCU";"Condutor Dormindo";"Colisão com objeto";"Com Vítimas Feridas";"Plena Noite";"Crescente";"Nublado";"Simples";"Reta";"Não";1;0;1;0;0;0;1;1;-22,422035;-49,859931;"SPRF-SP";"DEL07/SP";"UOP02-DEL07-SP"
773267;2026-05-22;"sexta-feira";"06:00:00";"MG";381;498;"BETIM";"Ausência de reação do condutor";"Saída de leito carroçável";"Com Vítimas Feridas";"Pleno dia";"Decrescente";"Nublado";"Dupla";"Curva";"Sim";2;0;2;0;0;0;2;1;-19,99053473;-44,20568911;"SPRF-MG";"DEL01/MG";"UOP03-DEL01-MG"
773268;2026-04-27;"segunda-feira";"17:10:00";"PB";104;138,6;"QUEIMADAS";"Ultrapassagem Indevida";"Colisão lateral mesmo sentido";"Com Vítimas Feridas";"Pleno dia";"Crescente";"Sol";"Simples";"Reta;Declive";"Sim";2;0;1;1;0;0;2;2;-7,36555367;-35,90132028;"SPRF-PB";"DEL02-PB";"UOP03-DEL02-PB"
773269;2026-05-22;"sexta-feira";"05:00:00";"SC";280;128,8;"RIO NEGRINHO";"Pedestre andava na pista";"Atropelamento de Pedestre";"Com Vítimas Feridas";"Plena Noite";"Crescente";"Céu Claro";"Simples";"Reta;Declive";"Sim";2;0;1;0;1;0;1;2;-26,24536876;-49,52069163;"SPRF-SC";"DEL06/SC";"UOP03-DEL06-SC"
773270;2026-05-22;"sexta-feira";"04:08:00";"MG";50;102,5;"UBERABA";"Reação tardia ou ineficiente do condutor";"Colisão com objeto";"Com Vítimas Feridas";"Plena Noite";"Decrescente";"Céu Claro";"Dupla";"Reta;Declive";"Não";1;0;1;0;0;0;1;1;-19,15711972;-48,16443104;"SPRF-MG";"DEL13/MG";"UOP01-DEL13-MG"
773273;2026-05-22;"sexta-feira";"07:16:00";"PR";277;83;"CURITIBA";"Condutor deixou de manter distância do veículo da frente";"Colisão traseira";"Com Vítimas Feridas";"Pleno dia";"Crescente";"Nublado";"Simples";"Curva;Interseção de Vias";"Sim";2;0;1;0;1;0;1;2;-25,44989151;-49,22837377;"SPRF-PR";"DEL01/PR";"UOP03-DEL01-PR"
773274;2026-05-22;"sexta-feira";"04:00:00";"RJ";465;5;"SEROPEDICA";"Conversão proibida";"Colisão frontal";"Sem Vítimas";"Plena Noite";"Decrescente";"Garoa/Chuvisco";"Simples";"Reta";"Sim";3;0;0;0;3;0;0;2;-22,751484;-43,69561;"SPRF-RJ";"DEL06/RJ";"UOP02-DEL06-RJ"
773275;2026-05-21;"quinta-feira";"21:15:00";"MG";116;417;"GOVERNADOR VALADARES";"Acessar a via sem observar a presença dos outros veículos";"Colisão transversal";"Com Vítimas Feridas";"Plena Noite";"Crescente";"Céu Claro";"Simples";"Interseção de Vias";"Sim";2;0;1;0;1;0;1;2;-18,90181425;-41,94464207;"SPRF-MG";"DEL06/MG";"UOP01-DEL06-MG"
773276;2026-02-12;"quinta-feira";"18:10:00";"SC";282;645;"SAO MIGUEL DO OESTE";"Acessar a via sem observar a presença dos outros veículos";"Tombamento";"Com Vítimas Feridas";"Plena Noite";"Decrescente";"Céu Claro";"Simples";"Reta";"Sim";4;0;1;0;2;1;1;2;-26,76211634;-53,49940237;"SPRF-SC";"DEL07/SC";"UOP03-DEL07-SC"
773277;2026-05-22;"sexta-feira";"05:40:00";"MG";381;786;"SAO GONCALO DO SAPUCAI";"Ausência de reação do condutor";"Capotamento";"Com Vítimas Feridas";"Amanhecer";"Decrescente";"Céu Claro";"Dupla";"Reta";"Não";1;0;1;0;0;0;1;1;-21,84934903;-45,51963536;"SPRF-MG";"DEL16/MG";"UOP02-DEL16-MG"
773279;2026-05-22;"sexta-feira";"06:40:00";"RS";290;577;"ALEGRETE";"Transitar na contramão";"Colisão frontal";"Com Vítimas Feridas";"Amanhecer";"Crescente";"Céu Claro";"Simples";"Reta";"Sim";2;0;1;0;1;0;1;2;-29,812611;-55,748225;"SPRF-RS";"DEL13/RS";"UOP02-DEL13-RS"
773281;2026-05-22;"sexta-feira";"07:30:00";"RJ";356;36;"ITAPERUNA";"Condutor deixou de manter distância do veículo da frente";"Colisão traseira";"Com Vítimas Feridas";"Amanhecer";"Decrescente";"Nevoeiro/Neblina";"Simples";"Reta";"Não";2;0;2;0;0;0;2;2;-21,22297157;-41,81972091;"SPRF-RJ";"DEL08/RJ";"UOP03-DEL08-RJ"
773282;2026-05-22;"sexta-feira";"07:20:00";"MA";135;3;"SAO LUIS";"Acessar a via sem observar a presença dos outros veículos";"Colisão transversal";"Com Vítimas Feridas";"Pleno dia";"Crescente";"Céu Claro";"Dupla";"Reta";"Sim";2;0;1;0;0;1;1;2;-2,606486;-44,247344;"SPRF-MA";"DEL01-MA";"UOP01-DEL01-MA"
773283;2026-05-22;"sexta-feira";"06:30:00";"MS";163;381,4;"NOVA ALVORADA DO SUL";"Afundamento ou ondulação no pavimento";"Colisão com objeto";"Sem Vítimas";"Pleno dia";"Decrescente";"Céu Claro";"Simples";"Reta";"Não";1;0;0;0;1;0;0;1;-21,33086502;-54,42170685;"SPRF-MS";"DEL02/MS";"UOP01-DEL02-MS"
773284;2026-05-22;"sexta-feira";"00:00:00";"MT";364;16;"ALTO ARAGUAIA";"Reação tardia ou ineficiente do condutor";"Saída de leito carroçável";"Com Vítimas Feridas";"Plena Noite";"Decrescente";"Nublado";"Simples";"Rotatória";"Não";1;0;0;1;0;0;1;1;-17,23330637;-53,32235503;"SPRF-MT";"DEL02/MT";"UOP02-DEL02-MT"
773285;2026-05-22;"sexta-feira";"05:40:00";"MT";364;352;"SANTO ANTONIO DO LEVERGER";"Condutor Dormindo";"Saída de leito carroçável";"Com Vítimas Feridas";"Amanhecer";"Decrescente";"Nevoeiro/Neblina";"Dupla";"Curva";"Não";2;0;2;0;0;0;2;1;-15,79667214;-55,59064865;"SPRF-MT";"DEL05/MT";"UOP02-DEL05-MT"
773286;2026-05-22;"sexta-feira";"08:10:00";"DF";20;9;"BRASILIA";"Desrespeitar a preferência no cruzamento";"Colisão transversal";"Com Vítimas Feridas";"Pleno dia";"Decrescente";"Céu Claro";"Múltipla";"Viaduto;Interseção de Vias;Declive";"Sim";4;0;2;1;1;0;3;3;-15,6530074;-47,7824923;"SPRF-DF";"DEL02-DF";"UOP01-DEL02-DF"
773287;2026-05-22;"sexta-feira";"07:30:00";"PI";343;4;"TERESINA";"Reação tardia ou ineficiente do condutor";"Colisão traseira";"Com Vítimas Feridas";"Pleno dia";"Crescente";"Céu Claro";"Múltipla";"Reta";"Sim";2;0;1;0;1;0;1;2;-5,080173;-42,788963;"SPRF-PI";"DEL01-PI";"UOP01-DEL01-PI"
773289;2026-05-22;"sexta-feira";"08:10:00";"RN";101;107,3;"PARNAMIRIM";"Manobra de mudança de faixa";"Colisão traseira";"Com Vítimas Feridas";"Pleno dia";"Decrescente";"Céu Claro";"Dupla";"Reta";"Não";3;0;1;0;2;0;1;2;-5,917865;-35,263413;"SPRF-RN";"DEL01-RN";"UOP01-DEL01-RN"
773290;2026-05-22;"sexta-feira";"08:20:00";"TO";10;453;"PALMAS";"Ausência de reação do condutor";"Colisão lateral mesmo sentido";"Com Vítimas Feridas";"Pleno dia";"Crescente";"Céu Claro";"Múltipla";"Reta";"Não";2;0;1;0;1;0;1;2;-10,32488399;-48,29763182;"SPRF-TO";"DEL01-TO";"UOP03-DEL01-TO"
773292;2026-05-21;"quinta-feira";"21:00:00";"RJ";40;109;"DUQUE DE CAXIAS";"Avarias e/ou desgaste excessivo no pneu";"Colisão com objeto";"Com Vítimas Feridas";"Plena Noite";"Decrescente";"Chuva";"Dupla";"Reta";"Sim";3;0;3;0;0;0;3;1;-22,679546;-43,28565;"SPRF-RJ";"DEL01/RJ";"UOP02-DEL01-RJ"
773295;2026-05-22;"sexta-feira";"00:38:00";"MT";163;948;"NOVA SANTA HELENA";"Ausência de reação do condutor";"Saída de leito carroçável";"Com Vítimas Feridas";"Plena Noite";"Crescente";"Céu Claro";"Simples";"Curva";"Não";1;0;1;0;0;0;1;1;-10,908215;-55,196755;"SPRF-MT";"DEL06/MT";"UOP02-DEL06-MT"
773296;2026-05-22;"sexta-feira";"07:15:00";"MT";70;277;"PRIMAVERA DO LESTE";"Reação tardia ou ineficiente do condutor";"Saída de leito carroçável";"Com Vítimas Feridas";"Pleno dia";"Crescente";"Nevoeiro/Neblina";"Simples";"Curva;Aclive";"Não";2;0;1;0;1;0;1;1;-15,55452856;-54,26395476;"SPRF-MT";"DEL05/MT";"UOP01-DEL05-MT"
773297;2026-03-06;"sexta-feira";"13:00:00";"RJ";40;63;"MAGE";"Conversão proibida";"Colisão transversal";"Com Vítimas Feridas";"Pleno dia";"Decrescente";"Céu Claro";"Simples";"Reta";"Não";2;0;0;1;1;0;1;2;-22,57066431;-43,19566727;"SPRF-RJ";"DEL05/RJ";"UOP02-DEL05-RJ"