"id";"data_inversa";"dia_semana";"horario";"uf";"br";"km";"municipio";"causa_acidente";"tipo_acidente";"classificacao_acidente";"fase_dia";"sentido_via";"condicao_metereologica";"tipo_pista";"tracado_via";"uso_solo";"pessoas";"mortos";"feridos_leves";"feridos_graves";"ilesos";"ignorados";"feridos";"veiculos";"latitude";"longitude";"regional";"delegacia";"uop"
773406;2026-05-22;"sexta-feira";"17:45:00";"SC";153;0,3;"AGUA DOCE";"Acumulo de água sobre o pavimento";"Colisão frontal";"Com Vítimas Feridas";"Anoitecer";"Decrescente";"Chuva";"Simples";"Curva";"Não";3;0;1;0;2;0;1;2;-26,613501;-51,497547;"SPRF-SC";"DEL07/SC";"UOP07-DEL07-SC"
773407;2026-05-22;"sexta-feira";"18:50:00";"PE";101;58,8;"RECIFE";"Manobra de mudança de faixa";"Colisão lateral mesmo sentido";"Com Vítimas Feridas";"Plena Noite";"Decrescente";"Céu Claro";"Dupla";"Reta";"Sim";2;0;1;0;1;0;1;2;-7,97652842;-34,92481014;"SPRF-PE";"DEL01/PE";"UOP02-DEL01-PE"
773408;2026-05-22;"sexta-feira";"19:10:00";"RS";472;144;"TRES DE MAIO";"Entrada inopinada do pedestre";"Atropelamento de Pedestre";"Com Vítimas Fatais";"Plena Noite";"Decrescente";"Céu Claro";"Simples";"Reta";"Não";3;1;0;0;2;0;0;3;-27,769901;-54,351535;"SPRF-RS";"DEL10/RS";"UOP01-DEL10-RS"
773410;2026-05-22;"sexta-feira";"19:20:00";"SP";116;414;"JUQUIA";"Transitar na contramão";"Colisão frontal";"Com Vítimas Feridas";"Plena Noite";"Crescente";"Garoa/Chuvisco";"Simples";"Viaduto";"Sim";4;0;4;0;0;0;4;2;-24,33145621;-47,63088226;"SPRF-SP";"DEL05/SP";"UOP01-DEL05-SP"
773412;2026-05-22;"sexta-feira";"17:45:00";"BA";415;48;"ITABUNA";"Acessar a via sem observar a presença dos outros veículos";"Colisão frontal";"Com Vítimas Feridas";"Anoitecer";"Decrescente";"Céu Claro";"Simples";"Reta";"Sim";3;0;1;0;1;1;1;3;-14,816751;-39,300631;"SPRF-BA";"DEL05/BA";"UOP01-DEL05-BA"
773413;2026-05-22;"sexta-feira";"19:15:00";"RS";386;245,3;"SOLEDADE";"Acessar a via sem observar a presença dos outros veículos";"Colisão transversal";"Com Vítimas Feridas";"Plena Noite";"Crescente";"Garoa/Chuvisco";"Simples";"Reta";"Não";3;0;2;0;1;0;2;2;-28,804372;-52,506915;"SPRF-RS";"DEL04/RS";"UOP03-DEL04-RS"
773414;2026-05-22;"sexta-feira";"18:10:00";"MG";116;463,6;"TARUMIRIM";"Conversão proibida";"Colisão transversal";"Com Vítimas Feridas";"Plena Noite";"Decrescente";"Céu Claro";"Simples";"Reta;Declive";"Não";2;0;0;1;1;0;1;2;-19,26766833;-42,06538166;"SPRF-MG";"DEL06/MG";"UOP02-DEL06-MG"
773415;2026-05-22;"sexta-feira";"17:50:00";"RS";116;401;"CAMAQUA";"Ausência de reação do condutor";"Saída de leito carroçável";"Com Vítimas Feridas";"Anoitecer";"Decrescente";"Chuva";"Simples";"Reta";"Não";1;0;1;0;0;0;1;1;-30,86084307;-51,78954475;"SPRF-RS";"DEL02/RS";"UOP02-DEL02-RS"
773416;2026-05-22;"sexta-feira";"18:50:00";"ES";101;94,1;"JAGUARE";"Acessar a via sem observar a presença dos outros veículos";"Colisão transversal";"Com Vítimas Feridas";"Plena Noite";"Decrescente";"Nublado";"Simples";"Retorno Regulamentado";"Sim";3;0;2;0;1;0;2;2;-18,93240869;-39,97261897;"SPRF-ES";"DEL04-ES";"UOP02-DEL04-ES"
773417;2026-05-22;"sexta-feira";"20:10:00";"SC";101;137;"BALNEARIO CAMBORIU";"Condutor deixou de manter distância do veículo da frente";"Colisão traseira";"Com Vítimas Feridas";"Plena Noite";"Decrescente";"Chuva";"Múltipla";"Reta";"Não";3;0;1;0;1;1;1;2;-27,01340543;-48,61318552;"SPRF-SC";"DEL04/SC";"UOP03-DEL04-SC"
773420;2026-05-22;"sexta-feira";"18:15:00";"RO";364;8;"VILHENA";"Transitar na contramão";"Colisão frontal";"Com Vítimas Feridas";"Plena Noite";"Crescente";"Céu Claro";"Simples";"Reta";"Sim";2;0;0;2;0;0;2;2;-12,76881041;-60,09611607;"SPRF-RO";"DEL04-RO";"UOP01-DEL04-RO"
773423;2026-05-22;"sexta-feira";"19:00:00";"ES";101;100,2;"JAGUARE";"Pedestre - Ingestão de álcool/ substâncias psicoativas";"Atropelamento de Pedestre";"Com Vítimas Feridas";"Plena Noite";"Crescente";"Garoa/Chuvisco";"Simples";"Interseção de Vias";"Sim";2;0;0;1;1;0;1;2;-18,9840359;-39,9970948;"SPRF-ES";"DEL04-ES";"UOP02-DEL04-ES"
773425;2026-05-22;"sexta-feira";"20:30:00";"SC";101;129;"CAMBORIU";"Ausência de reação do condutor";"Colisão lateral mesmo sentido";"Com Vítimas Feridas";"Plena Noite";"Crescente";"Garoa/Chuvisco";"Dupla";"Curva";"Não";2;0;1;0;0;1;1;2;-26,97964998;-48,68065986;"SPRF-SC";"DEL04/SC";"UOP03-DEL04-SC"
773426;2026-05-22;"sexta-feira";"20:30:00";"MG";381;505,8;"BETIM";"Avarias e/ou desgaste excessivo no pneu";"Tombamento";"Com Vítimas Feridas";"Plena Noite";"Crescente";"Ignorado";"Dupla";"Reta";"Não";1;0;1;0;0;0;1;1;-20,036315;-44,24617;"SPRF-MG";"DEL01/MG";"UOP03-DEL01-MG"
773427;2026-05-22;"sexta-feira";"19:30:00";"RJ";40;107;"DUQUE DE CAXIAS";"Acessar a via sem observar a presença dos outros veículos";"Colisão transversal";"Com Vítimas Feridas";"Plena Noite";"Crescente";"Nublado";"Dupla";"Reta";"Sim";2;0;1;0;1;0;1;2;-22,655914;-43,283771;"SPRF-RJ";"DEL01/RJ";"UOP02-DEL01-RJ"
773428;2026-05-22;"sexta-feira";"18:00:00";"RS";116;529;"CAPAO DO LEAO";"Acessar a via sem observar a presença dos outros veículos";"Atropelamento de Pedestre";"Com Vítimas Feridas";"Anoitecer";"Crescente";"Céu Claro";"Simples";"Reta";"Não";3;0;1;0;1;1;1;2;-31,75514113;-52,42991989;"SPRF-RS";"DEL07/RS";"UOP01-DEL07-RS"
773429;2026-05-22;"sexta-feira";"17:10:00";"SP";116;230;"SAO PAULO";"Reação tardia ou ineficiente do condutor";"Tombamento";"Com Vítimas Feridas";"Anoitecer";"Crescente";"Céu Claro";"Múltipla";"Reta";"Sim";1;0;1;0;0;0;1;1;-23,51554921;-46,57919733;"SPRF-SP";"DEL01/SP";"UOP01-DEL01-SP"
773430;2026-05-21;"quinta-feira";"15:10:00";"RJ";40;110;"DUQUE DE CAXIAS";"Frear bruscamente";"Colisão com objeto";"Com Vítimas Feridas";"Pleno dia";"Crescente";"Chuva";"Simples";"Reta";"Não";2;0;0;1;1;0;1;2;-22,64369;-43,28404;"SPRF-RJ";"DEL01/RJ";"UOP02-DEL01-RJ"
773431;2026-05-22;"sexta-feira";"18:10:00";"MS";267;489;"JARDIM";"Acessar a via sem observar a presença dos outros veículos";"Eventos atípicos";"Com Vítimas Feridas";"Plena Noite";"Decrescente";"Céu Claro";"Simples";"Reta";"Não";3;0;2;0;0;1;2;2;-21,49588822;-56,2641964;"SPRF-MS";"DEL05/MS";"UOP01-DEL05-MS"
773432;2026-05-22;"sexta-feira";"19:40:00";"SC";101;106,1;"PENHA";"Trafegar com motocicleta (ou similar) entre as faixas";"Colisão lateral mesmo sentido";"Sem Vítimas";"Plena Noite";"Crescente";"Chuva";"Dupla";"Curva;Aclive";"Não";2;0;0;0;2;0;0;2;-26,81122558;-48,68304698;"SPRF-SC";"DEL03/SC";"UOP02-DEL03-SC"
773433;2026-05-22;"sexta-feira";"19:30:00";"MG";40;42,3;"PARACATU";"Acessar a via sem observar a presença dos outros veículos";"Colisão transversal";"Com Vítimas Feridas";"Plena Noite";"Crescente";"Céu Claro";"Simples";"Retorno Regulamentado;Reta;Interseção de Vias;Aclive";"Sim";2;0;1;0;1;0;1;2;-17,221671;-46,865815;"SPRF-MG";"DEL14/MG";"UOP01-DEL14-MG"
773437;2026-05-22;"sexta-feira";"20:20:00";"BA";116;425;"FEIRA DE SANTANA";"Animais na Pista";"Queda de ocupante de veículo";"Com Vítimas Feridas";"Plena Noite";"Decrescente";"Céu Claro";"Dupla";"Reta";"Sim";2;0;0;2;0;0;2;1;-12,25357316;-38,98907214;"SPRF-BA";"DEL02/BA";"UOP01-DEL02-BA"
773438;2026-05-22;"sexta-feira";"20:40:00";"RJ";40;56;"PETROPOLIS";"Reação tardia ou ineficiente do condutor";"Colisão com objeto";"Com Vítimas Feridas";"Plena Noite";"Decrescente";"Céu Claro";"Dupla";"Curva";"Não";1;0;1;0;0;0;1;1;-22,36861333;-43,12762;"SPRF-RJ";"DEL05/RJ";"UOP02-DEL05-RJ"
773439;2026-05-22;"sexta-feira";"18:50:00";"GO";364;5,5;"SAO SIMAO";"Reação tardia ou ineficiente do condutor";"Queda de ocupante de veículo";"Com Vítimas Feridas";"Anoitecer";"Crescente";"Céu Claro";"Simples";"Reta;Aclive";"Não";2;0;1;0;1;0;1;2;-19,016885;-50,538643;"SPRF-GO";"DEL05/GO";"UOP02-DEL05-GO"
773444;2026-05-22;"sexta-feira";"21:00:00";"GO";60;32;"ALEXANIA";"Acessar a via sem observar a presença dos outros veículos";"Colisão transversal";"Com Vítimas Fatais";"Plena Noite";"Decrescente";"Céu Claro";"Dupla";"Reta";"Sim";2;1;0;0;1;0;0;2;-16,090621;-48,512754;"SPRF-DF";"DEL03-DF";"UOP01-DEL03-DF"
773445;2026-05-22;"sexta-feira";"19:45:00";"MG";40;717,6;"BARBACENA";"Ingestão de álcool pelo condutor";"Colisão traseira";"Com Vítimas Fatais";"Plena Noite";"Crescente";"Céu Claro";"Dupla";"Reta";"Não";4;1;0;1;2;0;1;2;-21,2600133;-43,66252166;"SPRF-MG";"DEL05/MG";"UOP01-DEL05-MG"
773446;2026-05-22;"sexta-feira";"20:55:00";"RS";116;59,5;"CAMPESTRE DA SERRA";"Ultrapassagem Indevida";"Colisão lateral sentido oposto";"Com Vítimas Feridas";"Plena Noite";"Decrescente";"Nublado";"Simples";"Reta;Aclive";"Não";2;0;1;1;0;0;2;2;-28,638605;-51,044226;"SPRF-RS";"DEL05/RS";"UOP03-DEL05-RS"
773447;2026-05-22;"sexta-feira";"20:10:00";"RJ";40;119;"DUQUE DE CAXIAS";"Transitar na contramão";"Colisão frontal";"Com Vítimas Feridas";"Plena Noite";"Decrescente";"Nublado";"Múltipla";"Reta";"Sim";2;0;1;0;0;1;1;2;-22,76516;-43,2864;"SPRF-RJ";"DEL01/RJ";"UOP02-DEL01-RJ"
773448;2026-05-22;"sexta-feira";"21:45:00";"SC";101;426,6;"SOMBRIO";"Ausência de reação do condutor";"Colisão transversal";"Com Vítimas Feridas";"Plena Noite";"Decrescente";"Garoa/Chuvisco";"Dupla";"Reta";"Não";3;0;1;0;2;0;1;2;-29,03515231;-49,60817383;"SPRF-SC";"DEL02/SC";"UOP02-DEL02-SC"
773449;2026-05-22;"sexta-feira";"21:30:00";"RS";116;122,1;"SAO MARCOS";"Reação tardia ou ineficiente do condutor";"Saída de leito carroçável";"Com Vítimas Feridas";"Plena Noite";"Decrescente";"Garoa/Chuvisco";"Simples";"Curva";"Não";2;0;2;0;0;0;2;1;-29,01161;-51,07447;"SPRF-RS";"DEL05/RS";"UOP01-DEL05-RS"
773450;2026-05-22;"sexta-feira";"22:00:00";"PR";277;275;"PRUDENTOPOLIS";"Ausência de reação do condutor";"Saída de leito carroçável";"Sem Vítimas";"Plena Noite";"Crescente";"Garoa/Chuvisco";"Simples";"Reta";"Não";1;0;0;0;1;0;0;1;-25,361845;-50,913491;"SPRF-PR";"DEL08/PR";"UOP02-DEL08-PR"
773451;2026-05-22;"sexta-feira";"21:50:00";"SE";101;0,5;"PROPRIA";"Avarias e/ou desgaste excessivo no pneu";"Eventos atípicos";"Com Vítimas Fatais";"Plena Noite";"Crescente";"Garoa/Chuvisco";"Dupla";"Ponte;Reta";"Sim";3;1;0;0;1;1;0;2;-10,21402383;-36,8222421;"SPRF-SE";"DEL02-SE";"UOP02-DEL02-SE"
773452;2026-05-22;"sexta-feira";"22:50:00";"MG";381;506;"BETIM";"Avarias e/ou desgaste excessivo no pneu";"Queda de ocupante de veículo";"Com Vítimas Feridas";"Plena Noite";"Crescente";"Nublado";"Dupla";"Reta;Declive";"Não";1;0;1;0;0;0;1;1;-20,038382;-44,254292;"SPRF-MG";"DEL01/MG";"UOP03-DEL01-MG"
773453;2026-05-22;"sexta-feira";"22:35:00";"RN";405;2;"MOSSORO";"Manobra de mudança de faixa";"Colisão transversal";"Com Vítimas Feridas";"Plena Noite";"Crescente";"Céu Claro";"Dupla";"Reta";"Sim";2;0;2;0;0;0;2;2;-5,193117;-37,37435;"SPRF-RN";"DEL04-RN";"UOP02-DEL04-RN"
773455;2026-05-22;"sexta-feira";"21:40:00";"DF";60;1,2;"BRASILIA";"Velocidade Incompatível";"Colisão lateral mesmo sentido";"Com Vítimas Fatais";"Plena Noite";"Crescente";"Céu Claro";"Simples";"Reta";"Sim";2;1;0;0;0;1;0;2;-15,884587;-48,068452;"SPRF-DF";"DEL03-DF";"UOP01-DEL03-DF"
773457;2026-05-22;"sexta-feira";"22:25:00";"MA";222;409,1;"SANTA LUZIA";"Pedestre andava na pista";"Atropelamento de Pedestre";"Com Vítimas Feridas";"Plena Noite";"Decrescente";"Ignorado";"Simples";"Reta;Declive";"Sim";2;0;0;1;1;0;1;2;-3,974493;-45,669012;"SPRF-MA";"DEL02-MA";"UOP01-DEL02-MA"
773458;2026-05-22;"sexta-feira";"23:00:00";"GO";60;266;"INDIARA";"Acesso irregular";"Colisão com objeto";"Sem Vítimas";"Plena Noite";"Decrescente";"Céu Claro";"Dupla";"Curva;Declive";"Não";1;0;0;0;1;0;0;1;-17,205971;-50,099335;"SPRF-GO";"DEL01/GO";"UOP02-DEL01-GO"
773459;2026-05-22;"sexta-feira";"22:00:00";"RJ";101;294;"ITABORAI";"Entrada inopinada do pedestre";"Atropelamento de Pedestre";"Com Vítimas Fatais";"Plena Noite";"Crescente";"Nublado";"Dupla";"Reta";"Sim";3;1;1;0;0;1;1;2;-22,7614572;-42,8992688;"SPRF-RJ";"DEL02/RJ";"UOP02-DEL02-RJ"
773460;2026-05-22;"sexta-feira";"23:00:00";"PR";277;1;"CURITIBA";"Ausência de reação do condutor";"Colisão traseira";"Sem Vítimas";"Anoitecer";"Decrescente";"Ignorado";"Dupla";"Reta";"Sim";2;0;0;0;2;0;0;2;-25,53597134;-49,32124746;"SPRF-PR";"DEL01/PR";"UOP06-DEL01-PR"
773461;2026-05-22;"sexta-feira";"20:00:00";"MG";116;412;"GOVERNADOR VALADARES";"Ultrapassagem Indevida";"Colisão frontal";"Com Vítimas Feridas";"Plena Noite";"Decrescente";"Céu Claro";"Simples";"Reta";"Sim";2;0;1;0;0;1;1;2;-18,87387;-41,96658;"SPRF-MG";"DEL06/MG";"UOP01-DEL06-MG"
773462;2026-05-22;"sexta-feira";"17:50:00";"SC";163;67,7;"SAO MIGUEL DO OESTE";"Manobra de mudança de faixa";"Colisão transversal";"Com Vítimas Feridas";"Plena Noite";"Crescente";"Chuva";"Múltipla";"Reta;Aclive";"Sim";3;0;1;0;2;0;1;2;-26,75362677;-53,50064917;"SPRF-SC";"DEL07/SC";"UOP03-DEL07-SC"
773463;2026-05-23;"sábado";"00:20:00";"PR";153;43,4;"SANTO ANTONIO DA PLATINA";"Ingestão de álcool pelo condutor";"Queda de ocupante de veículo";"Com Vítimas Feridas";"Plena Noite";"Crescente";"Céu Claro";"Simples";"Reta";"Não";1;0;1;0;0;0;1;1;-23,31400904;-50,06961584;"SPRF-PR";"DEL07/PR";"UOP04-DEL07-PR"
773465;2026-05-23;"sábado";"00:40:00";"GO";414;436,8;"ANAPOLIS";"Acessar a via sem observar a presença dos outros veículos";"Colisão transversal";"Com Vítimas Feridas";"Plena Noite";"Decrescente";"Céu Claro";"Simples";"Reta";"Sim";3;0;2;0;0;1;2;2;-16,253148;-48,935743;"SPRF-GO";"DEL02/GO";"UOP01-DEL02-GO"
773466;2026-05-22;"sexta-feira";"23:36:00";"PA";163;990,7;"SANTAREM";"Ingestão de álcool pelo condutor";"Colisão lateral sentido oposto";"Sem Vítimas";"Plena Noite";"Decrescente";"Céu Claro";"Simples";"Reta";"Sim";2;0;0;0;2;0;0;2;-2,56702;-54,72139;"SPRF-PA";"DEL05/PA";"UOP01-DEL05-PA"
773467;2026-05-22;"sexta-feira";"21:15:00";"MA";402;78;"MORROS";"Pedestre andava na pista";"Atropelamento de Pedestre";"Com Vítimas Fatais";"Plena Noite";"Decrescente";"Céu Claro";"Simples";"Reta";"Não";2;1;0;0;1;0;0;2;-2,75954;-43,73124;"SPRF-MA";"DEL01-MA";"UOP01-DEL01-MA"
773468;2026-05-22;"sexta-feira";"23:50:00";"PR";376;668,1;"GUARATUBA";"Velocidade Incompatível";"Saída de leito carroçável";"Com Vítimas Feridas";"Plena Noite";"Crescente";"Chuva";"Dupla";"Curva;Declive";"Não";4;0;1;0;3;0;1;1;-25,872;-48,936;"SPRF-PR";"DEL01/PR";"UOP04-DEL01-PR"
773469;2026-05-22;"sexta-feira";"21:55:00";"PR";376;628,8;"SAO JOSE DOS PINHAIS";"Reação tardia ou ineficiente do condutor";"Tombamento";"Com Vítimas Feridas";"Plena Noite";"Decrescente";"Nublado";"Dupla";"Curva";"Não";1;0;1;0;0;0;1;1;-25,69111537;-49,14521456;"SPRF-PR";"DEL01/PR";"UOP04-DEL01-PR"
773471;2026-05-23;"sábado";"01:50:00";"PR";277;428,4;"CANTAGALO";"Transitar na contramão";"Colisão frontal";"Com Vítimas Feridas";"Plena Noite";"Crescente";"Nublado";"Simples";"Reta";"Não";7;0;0;1;2;4;1;6;-25,38354139;-52,14699268;"SPRF-PR";"DEL04/PR";"UOP02-DEL04-PR"
773472;2026-05-22;"sexta-feira";"22:00:00";"BA";135;135;"RIACHAO DAS NEVES";"Reação tardia ou ineficiente do condutor";"Atropelamento de Pedestre";"Com Vítimas Fatais";"Plena Noite";"Crescente";"Céu Claro";"Simples";"Reta";"Não";2;1;0;0;0;1;0;2;-11,832053;-44,856193;"SPRF-BA";"DEL10/BA";"UOP01-DEL10-BA"
773473;2026-05-23;"sábado";"02:30:00";"RS";116;526;"PELOTAS";"Ingestão de álcool pelo condutor";"Colisão com objeto";"Sem Vítimas";"Plena Noite";"Crescente";"Chuva";"Simples";"Viaduto";"Não";1;0;0;0;1;0;0;1;-31,74479616;-52,40435994;"SPRF-RS";"DEL07/RS";"UOP01-DEL07-RS"
773474;2026-05-23;"sábado";"02:00:00";"SC";282;384;"JOACABA";"Desvio temporário";"Colisão traseira";"Sem Vítimas";"Plena Noite";"Decrescente";"Chuva";"Simples";"Reta;Ponte;Em Obras";"Não";2;0;0;0;2;0;0;2;-27,2014727;-51,50875568;"SPRF-SC";"DEL07/SC";"UOP05-DEL07-SC"
773475;2026-05-23;"sábado";"01:30:00";"PR";476;345;"PAULA FREITAS";"Ausência de reação do condutor";"Colisão com objeto";"Com Vítimas Feridas";"Plena Noite";"Crescente";"Chuva";"Simples";"Curva";"Não";2;0;1;1;0;0;2;1;-26,18435995;-50,94221815;"SPRF-PR";"DEL02/PR";"UOP03-DEL02-PR"
773477;2026-05-23;"sábado";"02:30:00";"SC";101;206;"SAO JOSE";"Reação tardia ou ineficiente do condutor";"Tombamento";"Com Vítimas Feridas";"Plena Noite";"Crescente";"Chuva";"Múltipla";"Aclive;Reta";"Sim";1;0;1;0;0;0;1;1;-27,60053149;-48,62320153;"SPRF-SC";"DEL01/SC";"UOP01-DEL01-SC"
773479;2026-05-23;"sábado";"03:00:00";"RS";392;682,6;"ROQUE GONZALES";"Ausência de reação do condutor";"Colisão com objeto";"Com Vítimas Feridas";"Plena Noite";"Crescente";"Nevoeiro/Neblina";"Simples";"Rotatória";"Não";2;0;2;0;0;0;2;1;-28,12248254;-54,93768096;"SPRF-RS";"DEL10/RS";"UOP01-DEL10-RS"
773480;2026-05-23;"sábado";"03:15:00";"DF";20;24,6;"BRASILIA";"Ingestão de álcool pelo condutor";"Colisão com objeto";"Sem Vítimas";"Plena Noite";"Crescente";"Céu Claro";"Dupla";"Curva";"Sim";2;0;0;0;1;1;0;1;-15,595033;-47,656547;"SPRF-DF";"DEL02-DF";"UOP01-DEL02-DF"
773482;2026-05-23;"sábado";"04:15:00";"RS";392;648,3;"GUARANI DAS MISSOES";"Animais na Pista";"Atropelamento de Animal";"Sem Vítimas";"Plena Noite";"Crescente";"Nublado";"Simples";"Reta";"Não";1;0;0;0;1;0;0;1;-28,13282424;-54,60896015;"SPRF-RS";"DEL10/RS";"UOP01-DEL10-RS"
773483;2026-05-23;"sábado";"04:30:00";"RS";472;138,1;"TRES DE MAIO";"Ausência de reação do condutor";"Saída de leito carroçável";"Com Vítimas Feridas";"Plena Noite";"Decrescente";"Nevoeiro/Neblina";"Simples";"Reta;Interseção de Vias";"Não";5;0;2;1;2;0;3;1;-27,775015;-54,29342;"SPRF-RS";"DEL10/RS";"UOP01-DEL10-RS"
773484;2026-05-23;"sábado";"03:00:00";"SC";470;262;"CURITIBANOS";"Ausência de reação do condutor";"Saída de leito carroçável";"Sem Vítimas";"Plena Noite";"Decrescente";"Chuva";"Simples";"Reta";"Não";1;0;0;0;0;1;0;1;-27,3031333;-50,7088746;"SPRF-SC";"DEL05/SC";"UOP03-DEL05-SC"
773487;2026-05-23;"sábado";"03:50:00";"MG";50;179,6;"UBERABA";"Ausência de reação do condutor";"Colisão com objeto";"Com Vítimas Feridas";"Plena Noite";"Crescente";"Céu Claro";"Simples";"Curva;Rotatória;Interseção de Vias;Viaduto";"Sim";2;0;1;1;0;0;2;1;-19,77738988;-47,9237882;"SPRF-MG";"DEL13/MG";"UOP01-DEL13-MG"
773488;2026-05-23;"sábado";"04:00:00";"MS";262;373,5;"TERENOS";"Ingestão de álcool pelo condutor";"Colisão lateral sentido oposto";"Com Vítimas Feridas";"Plena Noite";"Crescente";"Nublado";"Simples";"Curva";"Não";8;0;3;0;5;0;3;3;-20,48996;-54,810817;"SPRF-MS";"DEL01/MS";"UOP03-DEL01-MS"
773489;2026-05-23;"sábado";"04:10:00";"RS";290;124;"ELDORADO DO SUL";"Reação tardia ou ineficiente do condutor";"Saída de leito carroçável";"Sem Vítimas";"Plena Noite";"Crescente";"Céu Claro";"Simples";"Reta";"Não";1;0;0;0;1;0;0;1;-30,05458;-51,451027;"SPRF-RS";"DEL02/RS";"UOP01-DEL02-RS"
773490;2026-05-23;"sábado";"05:40:00";"SC";101;460;"PASSO DE TORRES";"Ausência de reação do condutor";"Saída de leito carroçável";"Com Vítimas Feridas";"Plena Noite";"Crescente";"Chuva";"Dupla";"Reta";"Não";2;0;1;0;1;0;1;1;-29,27982595;-49,75510169;"SPRF-RS";"DEL03/RS";"UOP02-DEL03-RS"
773493;2026-05-23;"sábado";"06:00:00";"BA";116;419;"FEIRA DE SANTANA";"Transitar na contramão";"Colisão frontal";"Com Vítimas Feridas";"Amanhecer";"Crescente";"Nublado";"Múltipla";"Viaduto";"Sim";2;0;1;0;1;0;1;2;-12,199975;-38,9655283;"SPRF-BA";"DEL02/BA";"UOP01-DEL02-BA"
773494;2026-05-23;"sábado";"05:25:00";"RS";116;265;"CANOAS";"Ausência de reação do condutor";"Colisão traseira";"Com Vítimas Feridas";"Plena Noite";"Decrescente";"Céu Claro";"Dupla";"Reta;Viaduto";"Sim";4;0;1;0;2;1;1;4;-29,92748305;-51,17764473;"SPRF-RS";"DEL01/RS";"UOP01-DEL01-RS"
773495;2026-05-23;"sábado";"00:40:00";"MA";222;660;"ACAILANDIA";"Pista esburacada";"Saída de leito carroçável";"Com Vítimas Feridas";"Plena Noite";"Crescente";"Céu Claro";"Simples";"Reta";"Não";5;0;2;0;3;0;2;1;-4,891185;-47,379933;"SPRF-MA";"DEL04-MA";"UOP03-DEL04-MA"
773496;2026-05-23;"sábado";"06:28:00";"PB";230;17;"JOAO PESSOA";"Acessar a via sem observar a presença dos outros veículos";"Colisão lateral mesmo sentido";"Com Vítimas Feridas";"Pleno dia";"Crescente";"Céu Claro";"Múltipla";"Curva";"Sim";2;0;1;0;1;0;1;2;-7,11677122;-34,84235493;"SPRF-PB";"DEL01-PB";"UOP01-DEL01-PB"
773497;2026-05-23;"sábado";"06:15:00";"PR";376;152,5;"MANDAGUACU";"Animais na Pista";"Atropelamento de Animal";"Com Vítimas Feridas";"Pleno dia";"Crescente";"Nevoeiro/Neblina";"Dupla";"Reta";"Sim";2;0;1;0;1;0;1;2;-23,31639962;-52,10955475;"SPRF-PR";"DEL09/PR";"UOP02-DEL09-PR"
773498;2026-05-23;"sábado";"06:00:00";"MG";116;276,8;"TEOFILO OTONI";"Reação tardia ou ineficiente do condutor";"Queda de ocupante de veículo";"Com Vítimas Feridas";"Amanhecer";"Decrescente";"Céu Claro";"Simples";"Em Obras;Reta";"Sim";1;0;1;0;0;0;1;1;-17,858517;-41,515038;"SPRF-MG";"DEL11/MG";"UOP01-DEL11-MG"
773499;2026-05-23;"sábado";"06:45:00";"ES";262;41,5;"DOMINGOS MARTINS";"Conversão proibida";"Colisão traseira";"Com Vítimas Feridas";"Pleno dia";"Crescente";"Garoa/Chuvisco";"Dupla";"Aclive;Reta";"Não";3;0;1;0;1;1;1;3;-20,38563886;-40,6491336;"SPRF-ES";"DEL01-ES";"UOP01-DEL01-ES"
773501;2026-05-23;"sábado";"00:40:00";"RJ";116;211;"SEROPEDICA";"Falta de elemento de contenção que evite a saída do leito carroçável";"Saída de leito carroçável";"Com Vítimas Feridas";"Plena Noite";"Crescente";"Nublado";"Dupla";"Reta";"Não";2;0;2;0;0;0;2;1;-22,71820961;-43,70266613;"SPRF-RJ";"DEL06/RJ";"UOP02-DEL06-RJ"
773502;2026-05-23;"sábado";"06:00:00";"SC";282;5,1;"SAO JOSE";"Ausência de sinalização";"Colisão traseira";"Sem Vítimas";"Plena Noite";"Crescente";"Céu Claro";"Dupla";"Reta";"Sim";3;0;0;0;2;1;0;2;-27,587885;-48,61361;"SPRF-SC";"DEL01/SC";"UOP01-DEL01-SC"
773505;2026-05-23;"sábado";"07:25:00";"ES";101;149,3;"LINHARES";"Reação tardia ou ineficiente do condutor";"Colisão traseira";"Com Vítimas Feridas";"Pleno dia";"Crescente";"Garoa/Chuvisco";"Dupla";"Interseção de Vias";"Sim";2;0;0;1;1;0;1;2;-19,39961791;-40,06249076;"SPRF-ES";"DEL04-ES";"UOP01-DEL04-ES"
773506;2026-05-23;"sábado";"06:00:00";"SC";101;279;"IMBITUBA";"Chuva";"Colisão frontal";"Com Vítimas Feridas";"Amanhecer";"Crescente";"Chuva";"Múltipla";"Reta;Interseção de Vias";"Não";2;0;0;1;1;0;1;2;-28,185874;-48,69668;"SPRF-SC";"DEL02/SC";"UOP03-DEL02-SC"
773507;2026-05-23;"sábado";"07:39:00";"PB";230;153,9;"CAMPINA GRANDE";"Reação tardia ou ineficiente do condutor";"Tombamento";"Com Vítimas Feridas";"Pleno dia";"Crescente";"Chuva";"Dupla";"Reta";"Sim";2;0;2;0;0;0;2;1;-7,2788817;-35,8931117;"SPRF-PB";"DEL02-PB";"UOP01-DEL02-PB"
773509;2026-05-15;"sexta-feira";"22:00:00";"CE";116;489;"MILAGRES";"Ausência de reação do condutor";"Colisão traseira";"Com Vítimas Feridas";"Plena Noite";"Crescente";"Céu Claro";"Simples";"Reta";"Não";4;0;1;0;3;0;1;2;-7,36969428;-38,95183057;"SPRF-CE";"DEL05/CE";"UOP03-DEL05-CE"