"id";"data_inversa";"dia_semana";"horario";"uf";"br";"km";"municipio";"causa_acidente";"tipo_acidente";"classificacao_acidente";"fase_dia";"sentido_via";"condicao_metereologica";"tipo_pista";"tracado_via";"uso_solo";"pessoas";"mortos";"feridos_leves";"feridos_graves";"ilesos";"ignorados";"feridos";"veiculos";"latitude";"longitude";"regional";"delegacia";"uop"
773622;2026-05-23;"sábado";"18:40:00";"BA";242;558;"OLIVEIRA DOS BREJINHOS";"Reação tardia ou ineficiente do condutor";"Colisão traseira";"Com Vítimas Feridas";"Pleno dia";"Decrescente";"Céu Claro";"Simples";"Reta";"Não";1;0;0;1;0;0;1;1;-12,14839253;-42,86855578;"SPRF-BA";"DEL06/BA";"UOP03-DEL06-BA"
773623;2026-05-23;"sábado";"17:10:00";"MT";163;688;"LUCAS DO RIO VERDE";"Reação tardia ou ineficiente do condutor";"Queda de ocupante de veículo";"Com Vítimas Feridas";"Pleno dia";"Crescente";"Céu Claro";"Simples";"Rotatória";"Sim";2;0;2;0;0;0;2;1;-13,06970796;-55,9271577;"SPRF-MT";"DEL06/MT";"UOP01-DEL06-MT"
773624;2026-05-23;"sábado";"19:40:00";"PR";476;104,5;"COLOMBO";"Ingestão de álcool pelo condutor";"Colisão frontal";"Com Vítimas Fatais";"Plena Noite";"Decrescente";"Nublado";"Simples";"Declive;Curva";"Não";3;1;0;0;1;1;0;2;-25,27266805;-49,14003722;"SPRF-PR";"DEL01/PR";"UOP01-DEL01-PR"
773625;2026-05-23;"sábado";"18:30:00";"PR";277;8,9;"FOZ DO IGUACU";"Animais na Pista";"Atropelamento de Animal";"Com Vítimas Feridas";"Plena Noite";"Crescente";"Ignorado";"Simples";"Reta";"Sim";1;0;0;1;0;0;1;1;-25,563735;-54,543761;"SPRF-PR";"DEL05/PR";"UOP04-DEL05-PR"
773626;2026-05-23;"sábado";"19:00:00";"MG";267;138;"JUIZ DE FORA";"Transitar na contramão";"Colisão lateral sentido oposto";"Com Vítimas Feridas";"Plena Noite";"Decrescente";"Nublado";"Simples";"Reta";"Não";2;0;1;0;1;0;1;2;-21,76066992;-43,60101253;"SPRF-MG";"DEL05/MG";"UOP01-DEL05-MG"
773627;2026-05-23;"sábado";"16:50:00";"PR";277;501,6;"GUARANIACU";"Ultrapassagem Indevida";"Colisão frontal";"Com Vítimas Feridas";"Anoitecer";"Decrescente";"Nublado";"Simples";"Reta";"Não";3;0;2;0;1;0;2;2;-25,1639507;-52,6943923;"SPRF-PR";"DEL04/PR";"UOP04-DEL04-PR"
773628;2026-05-23;"sábado";"19:20:00";"TO";153;247;"COLINAS DO TOCANTINS";"Ingestão de álcool pelo condutor";"Saída de leito carroçável";"Sem Vítimas";"Pleno dia";"Crescente";"Céu Claro";"Múltipla";"Reta";"Sim";1;0;0;0;1;0;0;1;-8,06366;-48,46665;"SPRF-TO";"DEL02-TO";"UOP02-DEL02-TO"
773629;2026-05-23;"sábado";"20:20:00";"RJ";116;114;"GUAPIMIRIM";"Velocidade Incompatível";"Colisão traseira";"Com Vítimas Feridas";"Plena Noite";"Decrescente";"Céu Claro";"Dupla";"Reta";"Não";5;0;4;0;0;1;4;2;-22,581826;-43,01321;"SPRF-RJ";"DEL04/RJ";"UOP02-DEL04-RJ"
773631;2026-05-23;"sábado";"18:50:00";"MS";163;39,4;"ELDORADO";"Acessar a via sem observar a presença dos outros veículos";"Colisão transversal";"Sem Vítimas";"Plena Noite";"Decrescente";"Céu Claro";"Simples";"Reta;Interseção de Vias";"Sim";3;0;0;0;3;0;0;2;-23,792261;-54,283781;"SPRF-MS";"DEL09/MS";"UOP02-DEL09-MS"
773634;2026-05-23;"sábado";"19:20:00";"RS";116;247;"SAO LEOPOLDO";"Reação tardia ou ineficiente do condutor";"Colisão traseira";"Com Vítimas Feridas";"Plena Noite";"Crescente";"Nublado";"Dupla";"Curva";"Sim";5;0;1;0;4;0;1;2;-29,76503365;-51,15405744;"SPRF-RS";"DEL01/RS";"UOP02-DEL01-RS"
773635;2026-05-23;"sábado";"20:00:00";"RJ";465;21;"NOVA IGUACU";"Reação tardia ou ineficiente do condutor";"Colisão frontal";"Com Vítimas Feridas";"Plena Noite";"Decrescente";"Nublado";"Simples";"Reta";"Sim";2;0;1;0;1;0;1;2;-22,856769;-43,601728;"SPRF-RJ";"DEL06/RJ";"UOP02-DEL06-RJ"
773636;2026-05-23;"sábado";"20:50:00";"SC";101;91;"BARRA VELHA";"Ingestão de álcool pelo condutor";"Colisão com objeto";"Sem Vítimas";"Plena Noite";"Decrescente";"Céu Claro";"Dupla";"Declive";"Sim";3;0;0;0;3;0;0;2;-26,678191;-48,6922;"SPRF-SC";"DEL03/SC";"UOP02-DEL03-SC"
773637;2026-05-23;"sábado";"20:00:00";"SC";470;162,5;"TROMBUDO CENTRAL";"Acessar a via sem observar a presença dos outros veículos";"Colisão transversal";"Com Vítimas Feridas";"Plena Noite";"Crescente";"Nublado";"Simples";"Curva;Aclive";"Não";7;0;2;0;4;1;2;2;-27,279789;-49,821359;"SPRF-SC";"DEL04/SC";"UOP02-DEL04-SC"
773638;2026-05-23;"sábado";"21:15:00";"SC";101;207;"SAO JOSE";"Ausência de reação do condutor";"Colisão com objeto";"Sem Vítimas";"Plena Noite";"Decrescente";"Céu Claro";"Múltipla";"Declive";"Não";2;0;0;0;1;1;0;2;-27,601112;-48,623865;"SPRF-SC";"DEL01/SC";"UOP01-DEL01-SC"
773639;2026-05-23;"sábado";"21:00:00";"SP";381;73;"SAO PAULO";"Pista Escorregadia";"Colisão com objeto";"Com Vítimas Feridas";"Plena Noite";"Crescente";"Chuva";"Dupla";"Curva;Declive";"Não";4;0;1;0;3;0;1;1;-23,38247041;-46,56409153;"SPRF-SP";"DEL03/SP";"UOP01-DEL03-SP"
773640;2026-05-23;"sábado";"20:10:00";"AL";316;0,2;"PILAR";"Velocidade Incompatível";"Colisão com objeto";"Com Vítimas Feridas";"Plena Noite";"Decrescente";"Céu Claro";"Simples";"Reta";"Sim";2;0;1;0;0;1;1;2;-9,59041931;-35,9568339;"SPRF-AL";"DEL02-AL";"UOP01-DEL02-AL"
773641;2026-05-23;"sábado";"21:30:00";"SP";116;339;"JUQUITIBA";"Pista Escorregadia";"Saída de leito carroçável";"Com Vítimas Feridas";"Plena Noite";"Crescente";"Garoa/Chuvisco";"Dupla";"Curva";"Não";1;0;1;0;0;0;1;1;-23,99566249;-47,14988708;"SPRF-SP";"DEL04/SP";"UOP03-DEL04-SP"
773642;2026-05-23;"sábado";"20:50:00";"MS";163;782;"COXIM";"Ausência de reação do condutor";"Eventos atípicos";"Com Vítimas Feridas";"Plena Noite";"Crescente";"Céu Claro";"Simples";"Reta;Declive";"Não";1;0;0;1;0;0;1;1;-18,06803;-54,69088;"SPRF-MS";"DEL06/MS";"UOP01-DEL06-MS"
773644;2026-05-23;"sábado";"21:00:00";"MG";262;446,6;"NOVA SERRANA";"Animais na Pista";"Atropelamento de Animal";"Com Vítimas Feridas";"Plena Noite";"Decrescente";"Céu Claro";"Simples";"Reta";"Não";1;0;0;1;0;0;1;1;-19,84830618;-45,03244221;"SPRF-MG";"DEL08/MG";"UOP03-DEL08-MG"
773645;2026-05-23;"sábado";"18:00:00";"PR";369;133;"IBIPORA";"Ausência de reação do condutor";"Saída de leito carroçável";"Com Vítimas Feridas";"Anoitecer";"Crescente";"Nublado";"Dupla";"Interseção de Vias";"Não";1;0;0;1;0;0;1;1;-23,26048335;-51,01267576;"SPRF-PR";"DEL07/PR";"UOP01-DEL07-PR"
773646;2026-05-23;"sábado";"19:20:00";"SC";280;97;"SAO BENTO DO SUL";"Ausência de sinalização";"Colisão frontal";"Com Vítimas Feridas";"Plena Noite";"Crescente";"Nublado";"Simples";"Curva";"Não";2;0;1;0;1;0;1;2;-26,382233;-49,324578;"SPRF-SC";"DEL06/SC";"UOP03-DEL06-SC"
773647;2026-05-23;"sábado";"21:23:00";"PE";316;55;"TRINDADE";"Ausência de reação do condutor";"Colisão traseira";"Com Vítimas Fatais";"Plena Noite";"Decrescente";"Céu Claro";"Simples";"Reta";"Não";4;1;0;3;0;0;3;2;-7,742157;-40,282442;"SPRF-PE";"DEL05/PE";"UOP02-DEL05-PE"
773649;2026-05-23;"sábado";"22:30:00";"SE";101;150,2;"ESTANCIA";"Ingestão de álcool pelo condutor";"Colisão traseira";"Com Vítimas Feridas";"Plena Noite";"Crescente";"Nublado";"Simples";"Reta";"Sim";2;0;1;0;1;0;1;2;-11,25341067;-37,43792508;"SPRF-SE";"DEL02-SE";"UOP01-DEL02-SE"
773650;2026-05-23;"sábado";"22:20:00";"SP";153;109,9;"JOSE BONIFACIO";"Animais na Pista";"Atropelamento de Animal";"Com Vítimas Feridas";"Plena Noite";"Crescente";"Nublado";"Simples";"Reta;Aclive";"Não";2;0;1;0;1;0;1;1;-21,085291;-49,673153;"SPRF-SP";"DEL09/SP";"UOP01-DEL09-SP"
773652;2026-05-23;"sábado";"21:00:00";"RJ";40;101;"DUQUE DE CAXIAS";"Manobra de mudança de faixa";"Tombamento";"Com Vítimas Feridas";"Plena Noite";"Crescente";"Céu Claro";"Dupla";"Reta";"Sim";2;0;1;0;0;1;1;2;-22,602759;-43,283928;"SPRF-RJ";"DEL01/RJ";"UOP01-DEL01-RJ"
773653;2026-05-23;"sábado";"21:40:00";"PR";163;141;"CAPITAO LEONIDAS MARQUES";"Reação tardia ou ineficiente do condutor";"Colisão com objeto";"Sem Vítimas";"Plena Noite";"Crescente";"Nevoeiro/Neblina";"Simples";"Viaduto";"Não";1;0;0;0;1;0;0;1;-25,470942;-53,583916;"SPRF-PR";"DEL05/PR";"UOP05-DEL05-PR"
773654;2026-05-23;"sábado";"20:00:00";"PR";369;152,9;"LONDRINA";"Condutor deixou de manter distância do veículo da frente";"Engavetamento";"Sem Vítimas";"Plena Noite";"Decrescente";"Nublado";"Dupla";"Reta;Declive";"Sim";3;0;0;0;3;0;0;3;-23,294;-51,187;"SPRF-PR";"DEL07/PR";"UOP01-DEL07-PR"
773655;2026-05-23;"sábado";"22:20:00";"RJ";393;259;"BARRA DO PIRAI";"Pista esburacada";"Queda de ocupante de veículo";"Com Vítimas Feridas";"Plena Noite";"Decrescente";"Céu Claro";"Simples";"Reta";"Não";2;0;2;0;0;0;2;1;-22,47929;-43,88948;"SPRF-RJ";"DEL05/RJ";"UOP04-DEL05-RJ"
773658;2026-05-23;"sábado";"23:20:00";"PR";277;146;"BALSA NOVA";"Ausência de reação do condutor";"Saída de leito carroçável";"Sem Vítimas";"Plena Noite";"Decrescente";"Nublado";"Dupla";"Reta;Declive";"Não";1;0;0;0;1;0;0;1;-25,47209812;-49,72416971;"SPRF-PR";"DEL01/PR";"UOP07-DEL01-PR"
773659;2026-05-23;"sábado";"22:35:00";"PR";277;596,5;"CASCAVEL";"Acessar a via sem observar a presença dos outros veículos";"Colisão lateral mesmo sentido";"Com Vítimas Feridas";"Plena Noite";"Decrescente";"Nevoeiro/Neblina";"Simples";"Reta";"Não";2;0;1;0;1;0;1;2;-24,97950205;-53,49475004;"SPRF-PR";"DEL04/PR";"UOP01-DEL04-PR"
773660;2026-05-23;"sábado";"23:40:00";"PI";343;17,8;"PARNAIBA";"Ausência de reação do condutor";"Colisão com objeto";"Com Vítimas Feridas";"Plena Noite";"Decrescente";"Céu Claro";"Simples";"Rotatória";"Sim";1;0;1;0;0;0;1;1;-2,96213917;-41,759257;"SPRF-PI";"DEL05-PI";"UOP01-DEL05-PI"
773662;2026-05-24;"domingo";"00:30:00";"AL";101;133,7;"SAO MIGUEL DOS CAMPOS";"Ausência de reação do condutor";"Tombamento";"Com Vítimas Feridas";"Plena Noite";"Crescente";"Nublado";"Dupla";"Curva";"Não";2;0;1;1;0;0;2;1;-9,771673;-36,104132;"SPRF-AL";"DEL02-AL";"UOP01-DEL02-AL"
773663;2026-05-23;"sábado";"23:00:00";"RJ";101;484,7;"ANGRA DOS REIS";"Reação tardia ou ineficiente do condutor";"Colisão transversal";"Com Vítimas Feridas";"Plena Noite";"Decrescente";"Chuva";"Simples";"Aclive;Reta";"Não";2;0;0;1;0;1;1;2;-22,98727;-44,300978;"SPRF-RJ";"DEL03/RJ";"UOP03-DEL03-RJ"
773668;2026-05-23;"sábado";"23:40:00";"RO";364;535;"ARIQUEMES";"Ausência de reação do condutor";"Tombamento";"Com Vítimas Feridas";"Plena Noite";"Decrescente";"Nublado";"Simples";"Curva";"Não";2;0;2;0;0;0;2;1;-9,75313603;-63,09828079;"SPRF-RO";"DEL03-RO";"UOP01-DEL03-RO"
773669;2026-05-23;"sábado";"23:00:00";"RJ";101;417;"MANGARATIBA";"Transitar na contramão";"Colisão frontal";"Com Vítimas Feridas";"Plena Noite";"Crescente";"Chuva";"Simples";"Curva";"Não";4;0;2;0;0;2;2;3;-22,9164604;-43,90304089;"SPRF-RJ";"DEL03/RJ";"UOP02-DEL03-RJ"
773670;2026-05-24;"domingo";"00:30:00";"SP";116;156;"SAO JOSE DOS CAMPOS";"Reação tardia ou ineficiente do condutor";"Tombamento";"Com Vítimas Feridas";"Plena Noite";"Decrescente";"Chuva";"Dupla";"Reta";"Não";1;0;1;0;0;0;1;1;-23,24985808;-45,93452644;"SPRF-SP";"DEL02/SP";"UOP01-DEL02-SP"
773671;2026-05-23;"sábado";"23:00:00";"SC";280;235,4;"CANOINHAS";"Ingestão de álcool pelo condutor";"Colisão traseira";"Com Vítimas Feridas";"Plena Noite";"Decrescente";"Nublado";"Simples";"Reta;Declive";"Sim";7;0;3;0;4;0;3;4;-26,19255286;-50,41591609;"SPRF-SC";"DEL06/SC";"UOP04-DEL06-SC"
773672;2026-05-24;"domingo";"00:52:00";"PE";423;96,1;"GARANHUNS";"Ingestão de álcool pelo condutor";"Colisão frontal";"Com Vítimas Feridas";"Plena Noite";"Crescente";"Ignorado";"Simples";"Reta";"Sim";4;0;1;1;1;1;2;2;-8,881763;-36,488243;"SPRF-PE";"DEL03/PE";"UOP01-DEL03-PE"
773674;2026-05-24;"domingo";"01:00:00";"SP";153;107,1;"JOSE BONIFACIO";"Reação tardia ou ineficiente do condutor";"Atropelamento de Pedestre";"Com Vítimas Feridas";"Plena Noite";"Crescente";"Garoa/Chuvisco";"Simples";"Reta";"Sim";2;0;0;1;1;0;1;2;-21,064582;-49,662883;"SPRF-SP";"DEL09/SP";"UOP01-DEL09-SP"
773675;2026-05-24;"domingo";"01:20:00";"GO";70;2;"AGUAS LINDAS DE GOIAS";"Ausência de reação do condutor";"Colisão com objeto";"Sem Vítimas";"Plena Noite";"Decrescente";"Céu Claro";"Dupla";"Curva;Declive";"Sim";1;0;0;0;1;0;0;1;-15,763537;-48,232528;"SPRF-DF";"DEL03-DF";"UOP02-DEL03-DF"
773676;2026-05-24;"domingo";"01:30:00";"PR";277;568;"CASCAVEL";"Reação tardia ou ineficiente do condutor";"Saída de leito carroçável";"Sem Vítimas";"Plena Noite";"Crescente";"Céu Claro";"Simples";"Reta";"Não";2;0;0;0;2;0;0;1;-25,03932;-53,26098;"SPRF-PR";"DEL04/PR";"UOP04-DEL04-PR"
773677;2026-05-24;"domingo";"01:27:00";"TO";153;134;"ARAGUAINA";"Ingestão de álcool pelo condutor";"Saída de leito carroçável";"Sem Vítimas";"Plena Noite";"Decrescente";"Céu Claro";"Simples";"Reta";"Sim";1;0;0;0;1;0;0;1;-7,127333;-48,19699;"SPRF-TO";"DEL02-TO";"UOP01-DEL02-TO"
773678;2026-05-24;"domingo";"02:23:00";"TO";153;141,6;"ARAGUAINA";"Ausência de reação do condutor";"Capotamento";"Com Vítimas Feridas";"Plena Noite";"Crescente";"Céu Claro";"Múltipla";"Reta";"Sim";1;0;0;1;0;0;1;1;-7,18005285;-48,22362031;"SPRF-TO";"DEL02-TO";"UOP01-DEL02-TO"
773679;2026-05-23;"sábado";"23:50:00";"SC";282;335,7;"CAMPOS NOVOS";"Velocidade Incompatível";"Colisão com objeto";"Com Vítimas Feridas";"Plena Noite";"Crescente";"Céu Claro";"Simples";"Reta;Ponte";"Não";1;0;0;1;0;0;1;1;-27,387224;-51,113983;"SPRF-SC";"DEL07/SC";"UOP06-DEL07-SC"
773680;2026-05-24;"domingo";"01:45:00";"SP";116;110;"TAUBATE";"Estacionar ou parar em local proibido";"Colisão lateral mesmo sentido";"Com Vítimas Feridas";"Plena Noite";"Decrescente";"Nublado";"Múltipla";"Reta";"Sim";3;0;1;0;2;0;1;2;-23,03214507;-45,54986191;"SPRF-SP";"DEL02/SP";"UOP02-DEL02-SP"
773681;2026-05-23;"sábado";"23:35:00";"SC";282;342,7;"CAMPOS NOVOS";"Ingestão de álcool pelo condutor";"Colisão traseira";"Com Vítimas Feridas";"Plena Noite";"Crescente";"Nublado";"Simples";"Declive;Reta";"Sim";2;0;0;1;1;0;1;2;-27,388397;-51,230023;"SPRF-SC";"DEL07/SC";"UOP06-DEL07-SC"
773683;2026-05-24;"domingo";"01:34:00";"MS";262;390,7;"TERENOS";"Ausência de reação do condutor";"Saída de leito carroçável";"Com Vítimas Feridas";"Plena Noite";"Decrescente";"Céu Claro";"Simples";"Curva";"Não";1;0;1;0;0;0;1;1;-20,429673;-54,934925;"SPRF-MS";"DEL01/MS";"UOP03-DEL01-MS"
773684;2026-05-24;"domingo";"02:39:00";"PE";232;12;"JABOATAO DOS GUARARAPES";"Demais falhas mecânicas ou elétricas";"Incêndio";"Sem Vítimas";"Plena Noite";"Decrescente";"Nublado";"Dupla";"Declive";"Não";1;0;0;0;1;0;0;1;-8,086209;-35,004904;"SPRF-PE";"DEL01/PE";"UOP01-DEL01-PE"
773686;2026-05-24;"domingo";"01:20:00";"GO";60;418;"RIO VERDE";"Reação tardia ou ineficiente do condutor";"Saída de leito carroçável";"Com Vítimas Feridas";"Plena Noite";"Decrescente";"Céu Claro";"Dupla";"Retorno Regulamentado;Curva";"Não";3;0;1;1;1;0;2;1;-17,821352;-51,239615;"SPRF-GO";"DEL04/GO";"UOP02-DEL04-GO"
773689;2026-05-24;"domingo";"03:00:00";"GO";153;437,2;"ANAPOLIS";"Reação tardia ou ineficiente do condutor";"Queda de ocupante de veículo";"Com Vítimas Feridas";"Plena Noite";"Decrescente";"Céu Claro";"Dupla";"Desvio Temporário;Em Obras";"Sim";2;0;2;0;0;0;2;1;-16,30447887;-48,9243713;"SPRF-GO";"DEL02/GO";"UOP01-DEL02-GO"
773690;2026-05-24;"domingo";"01:10:00";"MT";364;557;"NOBRES";"Animais na Pista";"Atropelamento de Animal";"Com Vítimas Feridas";"Plena Noite";"Crescente";"Céu Claro";"Dupla";"Reta";"Não";3;0;2;0;1;0;2;1;-14,758498;-56,341529;"SPRF-MT";"DEL01/MT";"UOP01-DEL01-MT"
773691;2026-05-24;"domingo";"03:30:00";"SC";101;199;"BIGUACU";"Ingestão de álcool pelo condutor";"Saída de leito carroçável";"Com Vítimas Feridas";"Plena Noite";"Decrescente";"Chuva";"Múltipla";"Reta";"Não";1;0;1;0;0;0;1;1;-27,53044165;-48,63245519;"SPRF-SC";"DEL01/SC";"UOP01-DEL01-SC"
773695;2026-05-24;"domingo";"02:05:00";"SC";282;559;"NOVA ITABERABA";"Ingestão de álcool pelo condutor";"Saída de leito carroçável";"Com Vítimas Feridas";"Plena Noite";"Decrescente";"Nevoeiro/Neblina";"Simples";"Curva";"Não";3;0;2;0;1;0;2;1;-26,927376;-52,855829;"SPRF-SC";"DEL07/SC";"UOP01-DEL07-SC"
773696;2026-05-24;"domingo";"03:20:00";"PR";277;727,5;"FOZ DO IGUACU";"Ingestão de álcool pelo condutor";"Saída de leito carroçável";"Com Vítimas Feridas";"Plena Noite";"Crescente";"Nublado";"Dupla";"Rotatória";"Sim";5;0;1;0;4;0;1;2;-25,51020624;-54,55898372;"SPRF-PR";"DEL05/PR";"UOP03-DEL05-PR"
773697;2026-05-24;"domingo";"03:00:00";"PB";361;83,7;"PIANCO";"Ingestão de álcool pelo condutor";"Colisão traseira";"Com Vítimas Feridas";"Plena Noite";"Decrescente";"Céu Claro";"Simples";"Reta";"Sim";2;0;1;0;1;0;1;2;-7,19418;-37,925372;"SPRF-PB";"DEL03-PB";"UOP01-DEL03-PB"
773698;2026-05-24;"domingo";"05:04:00";"SC";101;213,4;"PALHOCA";"Ausência de reação do condutor";"Colisão traseira";"Sem Vítimas";"Amanhecer";"Decrescente";"Céu Claro";"Dupla";"Reta";"Não";1;0;0;0;1;0;0;1;-27,63598824;-48,66402626;"SPRF-SC";"DEL01/SC";"UOP02-DEL01-SC"
773699;2026-05-24;"domingo";"04:30:00";"RS";386;427,5;"NOVA SANTA RITA";"Transitar na contramão";"Colisão frontal";"Com Vítimas Fatais";"Plena Noite";"Decrescente";"Nublado";"Simples";"Reta";"Não";3;1;1;1;0;0;2;2;-29,8252008;-51,3388421;"SPRF-RS";"DEL04/RS";"UOP02-DEL04-RS"
773700;2026-05-24;"domingo";"00:30:00";"BA";116;275;"TUCANO";"Acessar a via sem observar a presença dos outros veículos";"Colisão transversal";"Com Vítimas Feridas";"Plena Noite";"Crescente";"Céu Claro";"Simples";"Interseção de Vias";"Sim";2;0;1;0;0;1;1;2;-10,969595;-38,790913;"SPRF-BA";"DEL07/BA";"UOP02-DEL07-BA"
773701;2026-05-24;"domingo";"03:08:00";"SP";381;54;"MAIRIPORA";"Ausência de reação do condutor";"Saída de leito carroçável";"Sem Vítimas";"Plena Noite";"Decrescente";"Garoa/Chuvisco";"Dupla";"Curva;Declive";"Sim";1;0;0;0;0;1;0;1;-23,2476991;-46,59285162;"SPRF-SP";"DEL03/SP";"UOP01-DEL03-SP"
773704;2026-05-24;"domingo";"05:40:00";"SP";116;218;"GUARULHOS";"Transitar na contramão";"Colisão frontal";"Com Vítimas Feridas";"Amanhecer";"Crescente";"Nevoeiro/Neblina";"Simples";"Curva;Declive;Viaduto";"Sim";5;0;4;0;1;0;4;2;-23,46108638;-46,48922301;"SPRF-SP";"DEL01/SP";"UOP01-DEL01-SP"
773706;2026-05-24;"domingo";"01:30:00";"RS";386;195,2;"SANTO ANTONIO DO PLANALTO";"Ausência de reação do condutor";"Colisão frontal";"Com Vítimas Fatais";"Plena Noite";"Crescente";"Céu Claro";"Simples";"Reta";"Não";4;1;2;0;1;0;2;2;-28,421083;-52,677271;"SPRF-RS";"DEL08/RS";"UOP01-DEL08-RS"
773707;2026-05-24;"domingo";"05:20:00";"RS";116;247;"SAO LEOPOLDO";"Reação tardia ou ineficiente do condutor";"Colisão com objeto";"Com Vítimas Feridas";"Plena Noite";"Decrescente";"Garoa/Chuvisco";"Dupla";"Curva";"Sim";1;0;1;0;0;0;1;1;-29,7684516;-51,15324897;"SPRF-RS";"DEL01/RS";"UOP02-DEL01-RS"
773708;2026-05-24;"domingo";"05:30:00";"MG";381;836,9;"SAO SEBASTIAO DA BELA VISTA";"Condutor Dormindo";"Capotamento";"Com Vítimas Feridas";"Amanhecer";"Crescente";"Céu Claro";"Dupla";"Curva;Declive";"Não";1;0;1;0;0;0;1;1;-22,13044904;-45,80419614;"SPRF-MG";"DEL16/MG";"UOP01-DEL16-MG"
773709;2026-05-24;"domingo";"05:50:00";"PB";101;44;"MAMANGUAPE";"Ingestão de álcool pelo condutor";"Saída de leito carroçável";"Com Vítimas Feridas";"Pleno dia";"Crescente";"Chuva";"Dupla";"Curva";"Não";1;0;0;1;0;0;1;1;-6,851717;-35,135278;"SPRF-PB";"DEL01-PB";"UOP03-DEL01-PB"
773710;2026-05-21;"quinta-feira";"06:50:00";"RJ";116;137;"MAGE";"Objeto estático sobre o leito carroçável";"Colisão com objeto";"Com Vítimas Feridas";"Pleno dia";"Crescente";"Nublado";"Dupla";"Reta";"Não";1;0;1;0;0;0;1;1;-22,64700898;-43,18991013;"SPRF-RJ";"DEL04/RJ";"UOP02-DEL04-RJ"
773711;2026-05-23;"sábado";"21:00:00";"MG";116;368,9;"FREI INOCENCIO";"Ausência de reação do condutor";"Saída de leito carroçável";"Sem Vítimas";"Plena Noite";"Crescente";"Nublado";"Simples";"Curva";"Não";1;0;0;0;0;1;0;1;-18,532476;-41,888908;"SPRF-MG";"DEL11/MG";"UOP01-DEL11-MG"
773712;2026-05-24;"domingo";"06:00:00";"MG";40;720,1;"BARBACENA";"Ausência de reação do condutor";"Queda de ocupante de veículo";"Com Vítimas Feridas";"Pleno dia";"Crescente";"Sol";"Dupla";"Curva";"Não";1;0;1;0;0;0;1;1;-21,27981721;-43,64340305;"SPRF-MG";"DEL05/MG";"UOP01-DEL05-MG"
773714;2026-05-24;"domingo";"06:00:00";"BA";116;399;"SANTA BARBARA";"Condutor deixou de manter distância do veículo da frente";"Colisão traseira";"Com Vítimas Feridas";"Pleno dia";"Crescente";"Nublado";"Dupla";"Aclive";"Sim";2;0;1;0;0;1;1;2;-12,02048883;-38,97166584;"SPRF-BA";"DEL02/BA";"UOP01-DEL02-BA"
773715;2026-05-24;"domingo";"05:05:00";"PE";232;34,8;"MORENO";"Ausência de reação do condutor";"Saída de leito carroçável";"Com Vítimas Fatais";"Amanhecer";"Crescente";"Chuva";"Múltipla";"Reta";"Sim";1;1;0;0;0;0;0;1;-8,10924384;-35,19186823;"SPRF-PE";"DEL02/PE";"UOP02-DEL02PE"
773717;2026-05-24;"domingo";"06:21:00";"TO";242;476,4;"FORMOSO DO ARAGUAIA";"Animais na Pista";"Saída de leito carroçável";"Com Vítimas Fatais";"Amanhecer";"Decrescente";"Céu Claro";"Simples";"Reta";"Não";4;1;1;0;2;0;1;1;-11,793918;-49,67663;"SPRF-TO";"DEL01-TO";"UOP02-DEL01-TO"
773718;2026-05-24;"domingo";"05:30:00";"SC";470;72;"INDAIAL";"Ingestão de álcool pelo condutor";"Saída de leito carroçável";"Com Vítimas Feridas";"Amanhecer";"Decrescente";"Céu Claro";"Simples";"Reta";"Sim";1;0;1;0;0;0;1;1;-26,8990879;-49,2656723;"SPRF-SC";"DEL04/SC";"UOP01-DEL04-SC"
773720;2026-03-13;"sexta-feira";"03:26:00";"PA";163;308;"NOVO PROGRESSO";"Pista esburacada";"Queda de ocupante de veículo";"Sem Vítimas";"Plena Noite";"Decrescente";"Céu Claro";"Simples";"Aclive;Reta";"Sim";2;0;0;0;0;2;0;1;-7,06515278;-55,40776111;"SPRF-PA";"DEL05/PA";"UOP03-DEL05-PA"
773721;2026-05-24;"domingo";"06:10:00";"SP";116;157;"SAO JOSE DOS CAMPOS";"Reação tardia ou ineficiente do condutor";"Tombamento";"Com Vítimas Feridas";"Amanhecer";"Crescente";"Chuva";"Múltipla";"Reta";"Não";1;0;1;0;0;0;1;1;-23,25453;-45,94281;"SPRF-SP";"DEL02/SP";"UOP01-DEL02-SP"
773722;2026-05-24;"domingo";"05:50:00";"MG";381;257,3;"CORONEL FABRICIANO";"Ausência de reação do condutor";"Colisão com objeto";"Com Vítimas Feridas";"Amanhecer";"Crescente";"Garoa/Chuvisco";"Simples";"Curva";"Sim";3;0;2;0;1;0;2;1;-19,53401973;-42,59771118;"SPRF-MG";"DEL03/MG";"UOP01-DEL03-MG"
773723;2026-05-24;"domingo";"06:40:00";"RJ";101;47,5;"CAMPOS DOS GOYTACAZES";"Reação tardia ou ineficiente do condutor";"Colisão com objeto";"Com Vítimas Feridas";"Pleno dia";"Decrescente";"Céu Claro";"Simples";"Reta";"Não";1;0;1;0;0;0;1;1;-21,637496;-41,312243;"SPRF-RJ";"DEL08/RJ";"UOP01-DEL08-RJ"
773724;2026-05-24;"domingo";"07:00:00";"BA";367;72;"EUNAPOLIS";"Velocidade Incompatível";"Colisão com objeto";"Com Vítimas Feridas";"Pleno dia";"Decrescente";"Céu Claro";"Simples";"Curva;Ponte";"Não";1;0;1;0;0;0;1;1;-16,38471122;-39,48894775;"SPRF-BA";"DEL09/BA";"UOP03-DEL09-BA"