"id";"data_inversa";"dia_semana";"horario";"uf";"br";"km";"municipio";"causa_acidente";"tipo_acidente";"classificacao_acidente";"fase_dia";"sentido_via";"condicao_metereologica";"tipo_pista";"tracado_via";"uso_solo";"pessoas";"mortos";"feridos_leves";"feridos_graves";"ilesos";"ignorados";"feridos";"veiculos";"latitude";"longitude";"regional";"delegacia";"uop"
774211;2026-05-26;"terça-feira";"08:10:00";"MG";381;482,9;"BETIM";"Condutor deixou de manter distância do veículo da frente";"Colisão traseira";"Com Vítimas Feridas";"Pleno dia";"Decrescente";"Céu Claro";"Múltipla";"Reta";"Sim";6;0;1;0;5;0;1;5;-19,958715;-44,080441;"SPRF-MG";"DEL01/MG";"UOP03-DEL01-MG"
774212;2026-05-26;"terça-feira";"08:45:00";"PB";230;26,3;"JOAO PESSOA";"Trafegar com motocicleta (ou similar) entre as faixas";"Colisão lateral mesmo sentido";"Com Vítimas Feridas";"Pleno dia";"Crescente";"Garoa/Chuvisco";"Múltipla";"Reta";"Sim";2;0;1;0;1;0;1;2;-7,16721585;-34,88632321;"SPRF-PB";"DEL01-PB";"UOP01-DEL01-PB"
774213;2026-05-26;"terça-feira";"09:15:00";"PB";230;19;"JOAO PESSOA";"Trafegar com motocicleta (ou similar) entre as faixas";"Tombamento";"Com Vítimas Feridas";"Pleno dia";"Decrescente";"Céu Claro";"Dupla";"Reta";"Sim";2;0;1;1;0;0;2;1;-7,12914773;-34,84977007;"SPRF-PB";"DEL01-PB";"UOP01-DEL01-PB"
774216;2026-05-26;"terça-feira";"08:00:00";"PR";277;3;"CURITIBA";"Ausência de reação do condutor";"Colisão lateral mesmo sentido";"Com Vítimas Feridas";"Pleno dia";"Crescente";"Garoa/Chuvisco";"Dupla";"Reta;Declive";"Sim";2;0;1;0;1;0;1;2;-25,4310922;-49,3382116;"SPRF-PR";"DEL01/PR";"UOP06-DEL01-PR"
774217;2026-05-22;"sexta-feira";"20:10:00";"MG";381;780;"CAMPANHA";"Velocidade Incompatível";"Tombamento";"Com Vítimas Feridas";"Plena Noite";"Decrescente";"Céu Claro";"Dupla";"Reta";"Não";1;0;0;1;0;0;1;1;-21,82325762;-45,49438477;"SPRF-MG";"DEL16/MG";"UOP02-DEL16-MG"
774218;2026-05-26;"terça-feira";"07:40:00";"RS";101;24;"TRES CACHOEIRAS";"Ausência de reação do condutor";"Colisão com objeto";"Com Vítimas Feridas";"Amanhecer";"Decrescente";"Nevoeiro/Neblina";"Dupla";"Reta";"Não";1;0;1;0;0;0;1;1;-29,4527453;-49,9208812;"SPRF-RS";"DEL03/RS";"UOP02-DEL03-RS"
774223;2026-05-26;"terça-feira";"07:20:00";"MT";0;0;"CUIABA";"Ausência de reação do condutor";"Colisão traseira";"Sem Vítimas";"Pleno dia";"Não Informado";"Céu Claro";"Múltipla";"Rotatória";"Não";2;0;0;0;2;0;0;2;-15,6167011;-56,04413382;"SPRF-MT";"DEL01/MT";"UOP02-DEL01-MT"
774225;2026-05-26;"terça-feira";"07:00:00";"MA";135;8;"SAO LUIS";"Animais na Pista";"Tombamento";"Com Vítimas Feridas";"Pleno dia";"Crescente";"Céu Claro";"Dupla";"Declive;Reta";"Sim";1;0;1;0;0;0;1;1;-2,613136;-44,321408;"SPRF-MA";"DEL01-MA";"UOP01-DEL01-MA"
774226;2026-05-26;"terça-feira";"10:20:00";"PR";476;171;"CONTENDA";"Chuva";"Colisão transversal";"Sem Vítimas";"Pleno dia";"Crescente";"Chuva";"Simples";"Curva;Aclive";"Não";3;0;0;0;2;1;0;3;-25,689349;-49,539652;"SPRF-PR";"DEL01/PR";"UOP06-DEL01-PR"
774227;2026-04-02;"quinta-feira";"08:10:00";"SC";280;23;"ARAQUARI";"Ausência de reação do condutor";"Tombamento";"Com Vítimas Feridas";"Pleno dia";"Decrescente";"Céu Claro";"Simples";"Rotatória";"Não";1;0;0;1;0;0;1;1;-26,371598;-48,711904;"SPRF-SC";"DEL03/SC";"UOP03-DEL03-SC"
774228;2026-05-26;"terça-feira";"09:28:00";"RS";290;4;"OSORIO";"Reação tardia ou ineficiente do condutor";"Saída de leito carroçável";"Com Vítimas Feridas";"Pleno dia";"Decrescente";"Nublado";"Dupla";"Reta";"Não";5;0;1;1;3;0;2;1;-29,89826049;-50,31539865;"SPRF-RS";"DEL03/RS";"UOP01-DEL03-RS"
774229;2026-05-26;"terça-feira";"11:30:00";"RS";290;19,3;"SANTO ANTONIO DA PATRULHA";"Velocidade Incompatível";"Saída de leito carroçável";"Com Vítimas Feridas";"Pleno dia";"Crescente";"Nublado";"Dupla";"Curva";"Não";2;0;1;0;1;0;1;1;-29,884978;-50,448957;"SPRF-RS";"DEL03/RS";"UOP01-DEL03-RS"
774230;2026-05-26;"terça-feira";"11:30:00";"RJ";116;301,9;"PORTO REAL";"Ausência de sinalização";"Colisão traseira";"Com Vítimas Feridas";"Pleno dia";"Decrescente";"Nublado";"Dupla";"Reta";"Não";3;0;2;0;1;0;2;2;-22,452402;-44,356926;"SPRF-RJ";"DEL07/RJ";"UOP02-DEL07-RJ"
774231;2026-05-26;"terça-feira";"11:30:00";"DF";20;5;"BRASILIA";"Ausência de reação do condutor";"Colisão traseira";"Com Vítimas Feridas";"Pleno dia";"Crescente";"Céu Claro";"Dupla";"Reta;Declive";"Sim";2;0;2;0;0;0;2;2;-15,670377;-47,815882;"SPRF-DF";"DEL02-DF";"UOP01-DEL02-DF"
774234;2026-05-26;"terça-feira";"12:16:00";"SE";101;84,9;"NOSSA SENHORA DO SOCORRO";"Ausência de reação do condutor";"Colisão com objeto";"Com Vítimas Feridas";"Pleno dia";"Crescente";"Nublado";"Dupla";"Viaduto;Reta;Aclive";"Não";1;0;1;0;0;0;1;1;-10,84762246;-37,13642641;"SPRF-SE";"DEL01-SE";"UOP01-DEL01-SE"
774235;2026-05-26;"terça-feira";"11:30:00";"SC";101;141;"BALNEARIO CAMBORIU";"Reação tardia ou ineficiente do condutor";"Colisão traseira";"Com Vítimas Feridas";"Pleno dia";"Decrescente";"Chuva";"Dupla";"Reta";"Não";3;0;1;0;2;0;1;2;-27,04764555;-48,5983175;"SPRF-SC";"DEL04/SC";"UOP03-DEL04-SC"
774237;2026-03-07;"sábado";"23:00:00";"BA";116;412,9;"FEIRA DE SANTANA";"Restrição de visibilidade em curvas horizontais";"Saída de leito carroçável";"Com Vítimas Feridas";"Plena Noite";"Decrescente";"Ignorado";"Dupla";"Retorno Regulamentado";"Sim";1;0;0;1;0;0;1;1;-12,1160952;-38,96840608;"SPRF-BA";"DEL02/BA";"UOP01-DEL02-BA"
774238;2026-05-26;"terça-feira";"13:05:00";"GO";60;97,8;"ANAPOLIS";"Velocidade Incompatível";"Colisão com objeto";"Com Vítimas Feridas";"Pleno dia";"Decrescente";"Céu Claro";"Dupla";"Reta";"Sim";1;0;1;0;0;0;1;1;-16,383846;-48,953634;"SPRF-GO";"DEL02/GO";"UOP01-DEL02-GO"
774239;2026-05-26;"terça-feira";"11:50:00";"PA";308;150;"CAPANEMA";"Reação tardia ou ineficiente do condutor";"Colisão traseira";"Sem Vítimas";"Pleno dia";"Decrescente";"Nublado";"Simples";"Reta";"Sim";2;0;0;0;2;0;0;2;-1,21145743;-47,18381643;"SPRF-PA";"DEL01/PA";"UOP03-DEL01-PA"
774240;2026-05-26;"terça-feira";"08:45:00";"MG";116;277;"TEOFILO OTONI";"Ausência de reação do condutor";"Atropelamento de Pedestre";"Com Vítimas Feridas";"Pleno dia";"Crescente";"Nublado";"Dupla";"Reta";"Sim";2;0;1;0;1;0;1;2;-17,86062;-41,51512;"SPRF-MG";"DEL11/MG";"UOP01-DEL11-MG"
774241;2026-05-26;"terça-feira";"13:20:00";"ES";101;69,3;"SAO MATEUS";"Acessar a via sem observar a presença dos outros veículos";"Colisão transversal";"Com Vítimas Feridas";"Pleno dia";"Crescente";"Sol";"Simples";"Reta;Declive";"Não";2;0;1;0;1;0;1;2;-18,73869162;-39,86105768;"SPRF-ES";"DEL04-ES";"UOP02-DEL04-ES"
774242;2026-05-26;"terça-feira";"10:15:00";"RJ";116;179;"BELFORD ROXO";"Ausência de reação do condutor";"Colisão traseira";"Com Vítimas Feridas";"Pleno dia";"Decrescente";"Céu Claro";"Dupla";"Reta";"Sim";2;0;0;1;1;0;1;2;-22,7728079;-43,4034275;"SPRF-RJ";"DEL06/RJ";"UOP01-DEL06-RJ"
774243;2026-05-26;"terça-feira";"12:50:00";"DF";20;10,9;"BRASILIA";"Acessar a via sem observar a presença dos outros veículos";"Colisão com objeto";"Sem Vítimas";"Pleno dia";"Crescente";"Céu Claro";"Dupla";"Retorno Regulamentado";"Sim";1;0;0;0;1;0;0;1;-15,646693;-47,766013;"SPRF-DF";"DEL02-DF";"UOP01-DEL02-DF"
774244;2026-05-26;"terça-feira";"13:00:00";"AP";156;800;"OIAPOQUE";"Acessar a via sem observar a presença dos outros veículos";"Colisão lateral mesmo sentido";"Com Vítimas Feridas";"Pleno dia";"Crescente";"Nublado";"Simples";"Reta";"Sim";2;0;0;1;1;0;1;2;3,84001456;-51,8209633;"SPRF-AP";"DEL01-AP";"UOP03-DEL01-AP"
774245;2026-05-26;"terça-feira";"08:30:00";"PR";376;598;"CURITIBA";"Ausência de reação do condutor";"Colisão traseira";"Com Vítimas Feridas";"Pleno dia";"Decrescente";"Nublado";"Dupla";"Reta";"Sim";2;0;1;0;1;0;1;2;-25,4795895;-49,34966024;"SPRF-PR";"DEL01/PR";"UOP03-DEL01-PR"
774246;2026-05-22;"sexta-feira";"17:30:00";"PR";116;126;"FAZENDA RIO GRANDE";"Reação tardia ou ineficiente do condutor";"Colisão traseira";"Com Vítimas Feridas";"Anoitecer";"Decrescente";"Garoa/Chuvisco";"Simples";"Reta";"Não";5;0;1;0;4;0;1;2;-25,64166662;-49,31208551;"SPRF-PR";"DEL01/PR";"UOP03-DEL01-PR"
774247;2026-05-26;"terça-feira";"13:15:00";"SC";101;202,7;"SAO JOSE";"Reação tardia ou ineficiente do condutor";"Colisão traseira";"Com Vítimas Feridas";"Pleno dia";"Crescente";"Garoa/Chuvisco";"Dupla";"Reta";"Sim";2;0;1;0;1;0;1;2;-27,56325424;-48,61573426;"SPRF-SC";"DEL01/SC";"UOP01-DEL01-SC"
774255;2026-02-07;"sábado";"21:55:00";"PA";155;340;"MARABA";"Ultrapassagem Indevida";"Saída de leito carroçável";"Sem Vítimas";"Plena Noite";"Decrescente";"Chuva";"Simples";"Reta";"Sim";3;0;0;0;3;0;0;1;-5,394408;-49,077885;"SPRF-PA";"DEL03/PA";"UOP01-DEL03-PA"
774257;2026-05-26;"terça-feira";"14:30:00";"TO";153;147,5;"ARAGUAINA";"Avarias e/ou desgaste excessivo no pneu";"Tombamento";"Com Vítimas Feridas";"Pleno dia";"Decrescente";"Céu Claro";"Dupla";"Reta";"Não";2;0;2;0;0;0;2;1;-7,226363;-48,250124;"SPRF-TO";"DEL02-TO";"UOP01-DEL02-TO"
774258;2026-03-06;"sexta-feira";"14:10:00";"RS";285;568;"SAO LUIZ GONZAGA";"Desrespeitar a preferência no cruzamento";"Colisão transversal";"Com Vítimas Feridas";"Pleno dia";"Crescente";"Garoa/Chuvisco";"Simples";"Interseção de Vias";"Sim";2;0;1;0;1;0;1;2;-28,41855728;-54,96426551;"SPRF-RS";"DEL12/RS";"UOP01-DEL12-RS"
774260;2026-05-26;"terça-feira";"14:50:00";"SP";116;216;"GUARULHOS";"Condutor deixou de manter distância do veículo da frente";"Colisão traseira";"Com Vítimas Feridas";"Pleno dia";"Decrescente";"Céu Claro";"Múltipla";"Reta";"Sim";2;0;1;0;1;0;1;2;-23,452545;-46,467178;"SPRF-SP";"DEL01/SP";"UOP01-DEL01-SP"
774261;2026-05-26;"terça-feira";"14:15:00";"RS";386;219,6;"TIO HUGO";"Reação tardia ou ineficiente do condutor";"Colisão traseira";"Com Vítimas Feridas";"Pleno dia";"Crescente";"Chuva";"Simples";"Aclive;Reta";"Não";3;0;2;0;0;1;2;2;-28,61571;-52,61142;"SPRF-RS";"DEL04/RS";"UOP03-DEL04-RS"
774265;2026-05-26;"terça-feira";"13:47:00";"RN";101;93,8;"NATAL";"Manobra de mudança de faixa";"Colisão lateral mesmo sentido";"Com Vítimas Feridas";"Pleno dia";"Crescente";"Céu Claro";"Dupla";"Reta";"Não";3;0;0;1;2;0;1;2;-5,82881;-35,21114;"SPRF-RN";"DEL01-RN";"UOP01-DEL01-RN"
774267;2026-05-26;"terça-feira";"15:00:00";"SP";381;43,6;"ATIBAIA";"Acumulo de areia ou detritos sobre o pavimento";"Tombamento";"Com Vítimas Feridas";"Pleno dia";"Crescente";"Céu Claro";"Simples";"Curva;Aclive;Viaduto";"Sim";1;0;1;0;0;0;1;1;-23,161311;-46,574089;"SPRF-SP";"DEL03/SP";"UOP01-DEL03-SP"
774268;2026-05-26;"terça-feira";"15:20:00";"PR";277;71;"SAO JOSE DOS PINHAIS";"Demais falhas mecânicas ou elétricas";"Queda de ocupante de veículo";"Com Vítimas Feridas";"Pleno dia";"Crescente";"Céu Claro";"Dupla";"Reta";"Sim";1;0;1;0;0;0;1;1;-25,51356963;-49,12391581;"SPRF-PR";"DEL01/PR";"UOP08-DEL01-PR"
774272;2026-05-26;"terça-feira";"15:30:00";"RS";116;148;"CAXIAS DO SUL";"Ingestão de álcool pelo condutor";"Colisão lateral mesmo sentido";"Com Vítimas Feridas";"Pleno dia";"Decrescente";"Garoa/Chuvisco";"Dupla";"Curva";"Sim";3;0;1;0;2;0;1;2;-29,15290323;-51,14810798;"SPRF-RS";"DEL05/RS";"UOP01-DEL05-RS"
774276;2026-03-31;"terça-feira";"06:40:00";"RS";285;638;"SANTO ANTONIO DAS MISSOES";"Objeto estático sobre o leito carroçável";"Colisão com objeto";"Com Vítimas Feridas";"Amanhecer";"Crescente";"Céu Claro";"Simples";"Reta;Declive";"Não";1;0;1;0;0;0;1;1;-28,58623682;-55,62886155;"SPRF-RS";"DEL12/RS";"UOP01-DEL12-RS"
774277;2026-05-26;"terça-feira";"12:45:00";"BA";116;346,7;"SERRINHA";"Ausência de reação do condutor";"Colisão frontal";"Com Vítimas Feridas";"Pleno dia";"Decrescente";"Céu Claro";"Simples";"Reta;Declive";"Não";4;0;1;3;0;0;4;2;-11,5627;-38,9889;"SPRF-BA";"DEL02/BA";"UOP01-DEL02-BA"
774279;2026-04-12;"domingo";"02:50:00";"RS";285;576,1;"SAO LUIZ GONZAGA";"Ingestão de álcool pelo condutor";"Colisão frontal";"Com Vítimas Feridas";"Plena Noite";"Crescente";"Chuva";"Simples";"Reta";"Não";3;0;2;0;0;1;2;2;-28,41547493;-55,00442505;"SPRF-RS";"DEL12/RS";"UOP01-DEL12-RS"
774281;2026-05-26;"terça-feira";"15:50:00";"RO";364;701;"PORTO VELHO";"Condutor deixou de manter distância do veículo da frente";"Colisão traseira";"Com Vítimas Feridas";"Pleno dia";"Crescente";"Céu Claro";"Dupla";"Reta";"Sim";2;0;1;0;1;0;1;2;-8,800878;-63,779785;"SPRF-RO";"DEL01-RO";"UOP01-DEL01-RO"
774282;2026-04-12;"domingo";"03:30:00";"RS";285;598;"SANTO ANTONIO DAS MISSOES";"Transitar na contramão";"Colisão frontal";"Com Vítimas Feridas";"Plena Noite";"Crescente";"Chuva";"Simples";"Reta";"Não";6;0;6;0;0;0;6;2;-28,48887274;-55,24417162;"SPRF-RS";"DEL12/RS";"UOP01-DEL12-RS"
774284;2026-03-19;"quinta-feira";"07:18:00";"PR";277;75;"SAO JOSE DOS PINHAIS";"Acessar a via sem observar a presença dos outros veículos";"Queda de ocupante de veículo";"Com Vítimas Feridas";"Pleno dia";"Crescente";"Chuva";"Dupla";"Reta";"Sim";1;0;1;0;0;0;1;1;-25,49406911;-49,16682243;"SPRF-PR";"DEL01/PR";"UOP08-DEL01-PR"
774285;2026-05-26;"terça-feira";"16:20:00";"PB";230;59;"CRUZ DO ESPIRITO SANTO";"Manobra de mudança de faixa";"Colisão lateral mesmo sentido";"Sem Vítimas";"Pleno dia";"Decrescente";"Nublado";"Dupla";"Declive";"Sim";2;0;0;0;2;0;0;2;-7,204279;-35,129304;"SPRF-PB";"DEL01-PB";"UOP02-DEL01-PB"
774286;2026-05-26;"terça-feira";"17:00:00";"PR";116;126;"FAZENDA RIO GRANDE";"Ausência de reação do condutor";"Colisão traseira";"Com Vítimas Feridas";"Pleno dia";"Decrescente";"Nublado";"Dupla";"Reta";"Sim";2;0;1;0;1;0;1;2;-25,637284;-49,312989;"SPRF-PR";"DEL01/PR";"UOP03-DEL01-PR"
774289;2026-05-26;"terça-feira";"17:20:00";"DF";20;24,8;"BRASILIA";"Acostamento em desnível";"Colisão com objeto";"Sem Vítimas";"Pleno dia";"Decrescente";"Céu Claro";"Dupla";"Curva;Aclive";"Sim";1;0;0;0;1;0;0;1;-15,594943;-47,654675;"SPRF-DF";"DEL02-DF";"UOP01-DEL02-DF"
774290;2026-05-26;"terça-feira";"16:25:00";"RO";364;264,5;"CACOAL";"Reação tardia ou ineficiente do condutor";"Saída de leito carroçável";"Com Vítimas Feridas";"Pleno dia";"Decrescente";"Céu Claro";"Simples";"Reta";"Não";1;0;0;1;0;0;1;1;-11,382988;-61,667922;"SPRF-RO";"DEL02-RO";"UOP02-DEL02-RO"
774291;2026-05-26;"terça-feira";"14:10:00";"BA";415;29;"ILHEUS";"Demais falhas mecânicas ou elétricas";"Queda de ocupante de veículo";"Com Vítimas Feridas";"Pleno dia";"Crescente";"Céu Claro";"Simples";"Reta";"Não";1;0;0;1;0;0;1;1;-14,795269;-39,209385;"SPRF-BA";"DEL05/BA";"UOP01-DEL05-BA"
774293;2026-05-26;"terça-feira";"17:15:00";"RS";116;262,9;"CANOAS";"Condutor deixou de manter distância do veículo da frente";"Colisão traseira";"Com Vítimas Feridas";"Anoitecer";"Decrescente";"Garoa/Chuvisco";"Dupla";"Reta;Declive";"Sim";2;0;1;0;1;0;1;2;-29,9054194;-51,17668585;"SPRF-RS";"DEL01/RS";"UOP01-DEL01-RS"
774294;2026-05-26;"terça-feira";"17:00:00";"GO";70;8;"AGUAS LINDAS DE GOIAS";"Entrada inopinada do pedestre";"Atropelamento de Pedestre";"Com Vítimas Feridas";"Anoitecer";"Decrescente";"Céu Claro";"Dupla";"Retorno Regulamentado;Declive;Curva";"Sim";5;0;2;1;1;1;3;2;-15,73639;-48,2769;"SPRF-DF";"DEL03-DF";"UOP02-DEL03-DF"
774295;2026-05-26;"terça-feira";"16:40:00";"PE";407;129;"PETROLINA";"Ingestão de álcool pelo condutor";"Engavetamento";"Sem Vítimas";"Pleno dia";"Crescente";"Céu Claro";"Dupla";"Reta;Ponte";"Sim";3;0;0;0;3;0;0;3;-9,407015;-40,50478;"SPRF-PE";"DEL06/PE";"UOP01-DEL06-PE"
774298;2026-05-26;"terça-feira";"17:45:00";"MG";381;445,9;"SABARA";"Reação tardia ou ineficiente do condutor";"Colisão transversal";"Com Vítimas Feridas";"Anoitecer";"Crescente";"Céu Claro";"Simples";"Curva";"Sim";2;0;1;0;1;0;1;2;-19,84027563;-43,86104671;"SPRF-MG";"DEL01/MG";"UOP01-DEL01-MG"
774299;2026-05-26;"terça-feira";"17:30:00";"SC";280;239;"CANOINHAS";"Reação tardia ou ineficiente do condutor";"Colisão traseira";"Com Vítimas Feridas";"Plena Noite";"Decrescente";"Chuva";"Simples";"Reta";"Não";2;0;1;0;1;0;1;2;-26,209686;-50,447859;"SPRF-SC";"DEL06/SC";"UOP04-DEL06-SC"
774301;2026-05-26;"terça-feira";"08:30:00";"PI";343;11;"PARNAIBA";"Acesso irregular";"Colisão transversal";"Com Vítimas Feridas";"Pleno dia";"Decrescente";"Céu Claro";"Simples";"Reta";"Sim";2;0;1;0;1;0;1;2;-2,90334542;-41,75154269;"SPRF-PI";"DEL05-PI";"UOP01-DEL05-PI"
774302;2026-05-26;"terça-feira";"14:00:00";"PR";116;10;"COLOMBO";"Ausência de reação do condutor";"Tombamento";"Com Vítimas Feridas";"Pleno dia";"Crescente";"Céu Claro";"Dupla";"Curva";"Sim";1;0;1;0;0;0;1;1;-25,371475;-49,131488;"SPRF-PR";"DEL01/PR";"UOP02-DEL01-PR"
774307;2026-05-26;"terça-feira";"16:00:00";"SC";101;121;"ITAJAI";"Condutor deixou de manter distância do veículo da frente";"Colisão lateral mesmo sentido";"Com Vítimas Feridas";"Pleno dia";"Decrescente";"Nublado";"Múltipla";"Reta";"Sim";2;0;2;0;0;0;2;2;-26,92148115;-48,70806662;"SPRF-SC";"DEL04/SC";"UOP04-DEL04-SC"
774309;2026-05-26;"terça-feira";"17:40:00";"SC";280;127,8;"RIO NEGRINHO";"Acessar a via sem observar a presença dos outros veículos";"Colisão transversal";"Com Vítimas Feridas";"Anoitecer";"Crescente";"Nublado";"Simples";"Reta;Interseção de Vias";"Sim";3;0;2;0;1;0;2;2;-26,242499;-49,511898;"SPRF-SC";"DEL06/SC";"UOP03-DEL06-SC"
774310;2026-05-26;"terça-feira";"13:00:00";"SP";101;43;"UBATUBA";"Transitar na contramão";"Colisão frontal";"Com Vítimas Feridas";"Pleno dia";"Crescente";"Céu Claro";"Simples";"Reta";"Sim";2;0;1;0;1;0;1;2;-23,41382622;-45,05602447;"SPRF-SP";"DEL06/SP";"UOP01-DEL06-SP"
774311;2026-05-26;"terça-feira";"17:20:00";"PR";476;120;"COLOMBO";"Acessar a via sem observar a presença dos outros veículos";"Atropelamento de Pedestre";"Com Vítimas Feridas";"Anoitecer";"Decrescente";"Céu Claro";"Dupla";"Reta";"Sim";2;0;0;1;1;0;1;2;-25,371723;-49,191263;"SPRF-PR";"DEL01/PR";"UOP01-DEL01-PR"
774313;2026-05-26;"terça-feira";"18:00:00";"RJ";101;322;"NITEROI";"Trafegar com motocicleta (ou similar) entre as faixas";"Colisão lateral mesmo sentido";"Com Vítimas Feridas";"Anoitecer";"Decrescente";"Nublado";"Múltipla";"Reta";"Sim";3;0;1;0;2;0;1;3;-22,87318402;-43,11067989;"SPRF-RJ";"DEL02/RJ";"UOP01-DEL02-RJ"
774314;2026-05-26;"terça-feira";"17:00:00";"RJ";116;182;"NOVA IGUACU";"Avarias e/ou desgaste excessivo no pneu";"Queda de ocupante de veículo";"Com Vítimas Feridas";"Pleno dia";"Decrescente";"Céu Claro";"Dupla";"Reta";"Não";2;0;2;0;0;0;2;1;-22,76060858;-43,42537636;"SPRF-RJ";"DEL06/RJ";"UOP01-DEL06-RJ"
774316;2026-05-26;"terça-feira";"17:35:00";"MS";163;264;"DOURADOS";"Ausência de reação do condutor";"Colisão traseira";"Com Vítimas Feridas";"Anoitecer";"Decrescente";"Céu Claro";"Dupla";"Rotatória";"Sim";3;0;2;0;1;0;2;2;-22,226112;-54,735677;"SPRF-MS";"DEL04/MS";"UOP01-DEL04-MS"
774317;2026-05-26;"terça-feira";"18:30:00";"PB";230;24,6;"JOAO PESSOA";"Conversão proibida";"Queda de ocupante de veículo";"Com Vítimas Feridas";"Plena Noite";"Decrescente";"Chuva";"Dupla";"Reta";"Sim";3;0;2;0;0;1;2;2;-7,17068029;-34,86964909;"SPRF-PB";"DEL01-PB";"UOP01-DEL01-PB"
774318;2026-05-26;"terça-feira";"14:50:00";"CE";402;280,6;"ITAPIPOCA";"Demais falhas mecânicas ou elétricas";"Queda de ocupante de veículo";"Com Vítimas Feridas";"Pleno dia";"Decrescente";"Céu Claro";"Simples";"Reta";"Não";1;0;1;0;0;0;1;1;-3,560446;-39,467742;"SPRF-CE";"DEL01/CE";"UOP03-DEL01-CE"
774319;2026-05-26;"terça-feira";"18:20:00";"SC";101;213,4;"PALHOCA";"Reação tardia ou ineficiente do condutor";"Colisão traseira";"Com Vítimas Feridas";"Plena Noite";"Decrescente";"Nublado";"Múltipla";"Reta";"Não";2;0;1;0;1;0;1;2;-27,64036;-48,66733;"SPRF-SC";"DEL01/SC";"UOP02-DEL01-SC"
774320;2026-05-26;"terça-feira";"18:10:00";"PR";277;5;"PARANAGUA";"Reação tardia ou ineficiente do condutor";"Colisão traseira";"Sem Vítimas";"Anoitecer";"Decrescente";"Nublado";"Dupla";"Reta";"Sim";2;0;0;0;2;0;0;2;-25,558092;-48,571147;"SPRF-PR";"DEL01/PR";"UOP05-DEL01-PR"
774322;2026-05-26;"terça-feira";"18:40:00";"RS";386;346,5;"LAJEADO";"Chuva";"Colisão com objeto";"Com Vítimas Feridas";"Plena Noite";"Decrescente";"Chuva";"Dupla";"Reta";"Sim";1;0;0;1;0;0;1;1;-29,450052;-51,96888;"SPRF-RS";"DEL04/RS";"UOP01-DEL04-RS"
774327;2026-05-26;"terça-feira";"18:40:00";"PR";376;189,9;"MARIALVA";"Manobra de mudança de faixa";"Tombamento";"Com Vítimas Feridas";"Anoitecer";"Decrescente";"Céu Claro";"Dupla";"Reta";"Sim";1;0;1;0;0;0;1;1;-23,469181;-51,823485;"SPRF-PR";"DEL09/PR";"UOP01-DEL09-PR"
774328;2026-05-26;"terça-feira";"18:40:00";"RJ";40;112;"DUQUE DE CAXIAS";"Manobra de mudança de faixa";"Tombamento";"Com Vítimas Feridas";"Plena Noite";"Decrescente";"Céu Claro";"Múltipla";"Reta";"Sim";1;0;1;0;0;0;1;1;-22,704583;-43,287705;"SPRF-RJ";"DEL01/RJ";"UOP02-DEL01-RJ"
774329;2026-05-26;"terça-feira";"18:30:00";"RN";101;144;"GOIANINHA";"Objeto estático sobre o leito carroçável";"Colisão traseira";"Com Vítimas Feridas";"Plena Noite";"Crescente";"Céu Claro";"Dupla";"Reta;Em Obras";"Não";7;0;1;0;6;0;1;2;-6,2413263;-35,2172969;"SPRF-RN";"DEL01-RN";"UOP01-DEL01-RN"
774331;2026-05-26;"terça-feira";"14:23:00";"RO";364;376,9;"OURO PRETO DO OESTE";"Demais falhas mecânicas ou elétricas";"Tombamento";"Com Vítimas Feridas";"Pleno dia";"Decrescente";"Céu Claro";"Simples";"Reta";"Não";2;0;2;0;0;0;2;1;-10,738075;-62,20024;"SPRF-RO";"DEL02-RO";"UOP01-DEL02-RO"
774332;2026-05-26;"terça-feira";"19:30:00";"PA";163;984;"SANTAREM";"Pista esburacada";"Saída de leito carroçável";"Com Vítimas Feridas";"Plena Noite";"Decrescente";"Céu Claro";"Simples";"Reta;Aclive";"Não";2;0;2;0;0;0;2;1;-2,60722936;-54,72092307;"SPRF-PA";"DEL05/PA";"UOP01-DEL05-PA"
774333;2026-05-26;"terça-feira";"19:10:00";"PR";277;726;"FOZ DO IGUACU";"Ausência de reação do condutor";"Colisão traseira";"Com Vítimas Feridas";"Plena Noite";"Crescente";"Céu Claro";"Dupla";"Reta";"Sim";2;0;1;0;1;0;1;2;-25,50768428;-54,54557419;"SPRF-PR";"DEL05/PR";"UOP03-DEL05-PR"
774334;2026-05-26;"terça-feira";"19:20:00";"SP";116;154,9;"SAO JOSE DOS CAMPOS";"Entrada inopinada do pedestre";"Colisão transversal";"Com Vítimas Feridas";"Plena Noite";"Crescente";"Céu Claro";"Dupla";"Reta";"Sim";2;0;1;0;1;0;1;2;-23,2415821;-45,92366688;"SPRF-SP";"DEL02/SP";"UOP01-DEL02-SP"
774335;2026-05-26;"terça-feira";"18:30:00";"PA";230;4;"ALTAMIRA";"Acessar a via sem observar a presença dos outros veículos";"Colisão lateral sentido oposto";"Com Vítimas Feridas";"Anoitecer";"Crescente";"Céu Claro";"Simples";"Reta";"Sim";3;0;1;0;1;1;1;2;-3,18995468;-52,21059573;"SPRF-PA";"DEL03/PA";"UOP01-DEL03-PA"
774336;2026-05-26;"terça-feira";"19:10:00";"BA";324;603;"SIMOES FILHO";"Pista Escorregadia";"Tombamento";"Com Vítimas Feridas";"Plena Noite";"Decrescente";"Nublado";"Dupla";"Reta";"Não";2;0;1;0;1;0;1;2;-12,7852367;-38,4109383;"SPRF-BA";"DEL01/BA";"UOP01-DEL01-BA"