"id";"data_inversa";"dia_semana";"horario";"uf";"br";"km";"municipio";"causa_acidente";"tipo_acidente";"classificacao_acidente";"fase_dia";"sentido_via";"condicao_metereologica";"tipo_pista";"tracado_via";"uso_solo";"pessoas";"mortos";"feridos_leves";"feridos_graves";"ilesos";"ignorados";"feridos";"veiculos";"latitude";"longitude";"regional";"delegacia";"uop"
774478;2026-05-27;"quarta-feira";"11:40:00";"RO";319;139;"PORTO VELHO";"Acessar a via sem observar a presença dos outros veículos";"Colisão lateral mesmo sentido";"Com Vítimas Feridas";"Pleno dia";"Decrescente";"Céu Claro";"Dupla";"Reta";"Sim";2;0;1;0;1;0;1;2;-8,7426001;-63,90490651;"SPRF-RO";"DEL01-RO";"UOP01-DEL01-RO"
774479;2026-05-27;"quarta-feira";"10:15:00";"SC";470;66,9;"INDAIAL";"Ultrapassagem Indevida";"Colisão com objeto";"Com Vítimas Feridas";"Pleno dia";"Decrescente";"Céu Claro";"Simples";"Em Obras;Reta;Declive";"Sim";1;0;1;0;0;0;1;1;-26,871588;-49,23005819;"SPRF-SC";"DEL04/SC";"UOP01-DEL04-SC"
774483;2026-04-18;"sábado";"16:50:00";"MS";262;40;"TRES LAGOAS";"Reação tardia ou ineficiente do condutor";"Saída de leito carroçável";"Com Vítimas Feridas";"Pleno dia";"Crescente";"Céu Claro";"Simples";"Reta";"Não";4;0;2;1;1;0;3;1;-20,774864;-51,972833;"SPRF-MS";"DEL07/MS";"UOP01-DEL07-MS"
774484;2026-05-27;"quarta-feira";"13:20:00";"RJ";101;398,1;"ITAGUAI";"Avarias e/ou desgaste excessivo no pneu";"Queda de ocupante de veículo";"Com Vítimas Feridas";"Pleno dia";"Decrescente";"Nublado";"Dupla";"Reta";"Sim";2;0;2;0;0;0;2;1;-22,8632071;-43,7543329;"SPRF-RJ";"DEL03/RJ";"UOP01-DEL03-RJ"
774485;2026-05-27;"quarta-feira";"13:10:00";"PR";116;210,7;"RIO NEGRO";"Acessar a via sem observar a presença dos outros veículos";"Colisão transversal";"Com Vítimas Feridas";"Pleno dia";"Decrescente";"Céu Claro";"Simples";"Reta;Interseção de Vias;Aclive";"Sim";2;0;1;0;1;0;1;2;-26,0981126;-49,7803658;"SPRF-SC";"DEL06/SC";"UOP01-DEL06-SC"
774487;2026-05-27;"quarta-feira";"12:44:00";"PB";230;16,6;"JOAO PESSOA";"Manobra de mudança de faixa";"Colisão traseira";"Com Vítimas Feridas";"Pleno dia";"Decrescente";"Céu Claro";"Dupla";"Reta";"Sim";3;0;0;1;2;0;1;2;-7,111597;-34,84261;"SPRF-PB";"DEL01-PB";"UOP01-DEL01-PB"
774488;2026-05-27;"quarta-feira";"13:19:00";"PE";428;186;"PETROLINA";"Condutor deixou de manter distância do veículo da frente";"Colisão traseira";"Com Vítimas Feridas";"Pleno dia";"Decrescente";"Céu Claro";"Dupla";"Reta";"Sim";2;0;1;0;1;0;1;2;-9,356802;-40,478805;"SPRF-PE";"DEL06/PE";"UOP01-DEL06-PE"
774489;2026-04-08;"quarta-feira";"17:32:00";"BA";330;847;"IPIAU";"Velocidade Incompatível";"Queda de ocupante de veículo";"Com Vítimas Feridas";"Pleno dia";"Decrescente";"Céu Claro";"Simples";"Reta";"Não";2;0;2;0;0;0;2;1;-14,14439927;-39,71574783;"SPRF-BA";"DEL03/BA";"UOP01-DEL03-BA"
774491;2026-04-04;"sábado";"19:30:00";"GO";452;145;"BOM JESUS DE GOIAS";"Ausência de reação do condutor";"Queda de ocupante de veículo";"Com Vítimas Feridas";"Pleno dia";"Crescente";"Céu Claro";"Simples";"Reta";"Não";1;0;0;1;0;0;1;1;-18,26769;-49,651;"SPRF-GO";"DEL03/GO";"UOP02-DEL03-GO"
774492;2026-05-27;"quarta-feira";"12:30:00";"BA";367;28;"PORTO SEGURO";"Acessar a via sem observar a presença dos outros veículos";"Colisão transversal";"Com Vítimas Feridas";"Pleno dia";"Crescente";"Chuva";"Simples";"Curva";"Sim";3;0;1;0;2;0;1;2;-16,41732951;-39,10981385;"SPRF-BA";"DEL09/BA";"UOP03-DEL09-BA"
774494;2026-01-06;"terça-feira";"10:20:00";"MG";365;378;"PATOS DE MINAS";"Velocidade Incompatível";"Saída de leito carroçável";"Com Vítimas Fatais";"Pleno dia";"Crescente";"Chuva";"Simples";"Reta";"Não";57;5;24;24;3;1;48;2;-18,57122;-46,25525;"SPRF-MG";"DEL10/MG";"UOP01-DEL10-MG"
774496;2026-05-23;"sábado";"19:15:00";"RJ";101;297;"ITABORAI";"Ingestão de álcool pelo condutor";"Colisão lateral mesmo sentido";"Sem Vítimas";"Plena Noite";"Decrescente";"Céu Claro";"Simples";"Reta";"Sim";2;0;0;0;2;0;0;2;-22,77137379;-42,92313337;"SPRF-RJ";"DEL02/RJ";"UOP02-DEL02-RJ"
774497;2026-04-13;"segunda-feira";"19:50:00";"GO";153;75;"PORANGATU";"Acessar a via sem observar a presença dos outros veículos";"Colisão transversal";"Com Vítimas Feridas";"Plena Noite";"Crescente";"Céu Claro";"Simples";"Reta;Rotatória";"Não";2;0;0;1;0;1;1;2;-13,4823201;-49,13630811;"SPRF-GO";"DEL07/GO";"UOP01-DEL07-GO"
774498;2026-05-27;"quarta-feira";"14:40:00";"RJ";101;71;"CAMPOS DOS GOYTACAZES";"Conversão proibida";"Colisão transversal";"Com Vítimas Feridas";"Pleno dia";"Crescente";"Céu Claro";"Simples";"Reta";"Sim";2;0;1;0;1;0;1;2;-21,7865734;-41,3828426;"SPRF-RJ";"DEL08/RJ";"UOP02-DEL08-RJ"
774499;2026-05-27;"quarta-feira";"15:15:00";"BA";116;420;"FEIRA DE SANTANA";"Pedestre andava na pista";"Atropelamento de Pedestre";"Com Vítimas Feridas";"Pleno dia";"Crescente";"Céu Claro";"Dupla";"Reta";"Sim";2;0;0;1;1;0;1;2;-12,2110301;-38,9651909;"SPRF-BA";"DEL02/BA";"UOP01-DEL02-BA"
774501;2026-05-22;"sexta-feira";"13:25:00";"SC";470;126,4;"LONTRAS";"Desrespeitar a preferência no cruzamento";"Colisão transversal";"Com Vítimas Feridas";"Pleno dia";"Decrescente";"Nublado";"Simples";"Reta;Interseção de Vias";"Sim";4;0;1;2;1;0;3;2;-27,13432;-49,5406;"SPRF-SC";"DEL04/SC";"UOP02-DEL04-SC"
774502;2026-04-30;"quinta-feira";"07:00:00";"BA";101;255;"SANTO ANTONIO DE JESUS";"Transitar na contramão";"Colisão frontal";"Com Vítimas Feridas";"Pleno dia";"Crescente";"Céu Claro";"Simples";"Reta";"Não";3;0;1;0;1;1;1;2;-12,91689877;-39,24453735;"SPRF-BA";"DEL11/BA";"UOP01-DEL11-BA"
774504;2026-05-27;"quarta-feira";"15:00:00";"RJ";116;83;"TERESOPOLIS";"Transitar no Acostamento";"Atropelamento de Pedestre";"Com Vítimas Feridas";"Pleno dia";"Crescente";"Nublado";"Simples";"Aclive;Reta";"Sim";4;0;1;0;1;2;1;2;-22,4094;-42,95029;"SPRF-RJ";"DEL04/RJ";"UOP01-DEL04-RJ"
774506;2026-05-27;"quarta-feira";"14:10:00";"SC";280;125,8;"RIO NEGRINHO";"Acesso irregular";"Colisão traseira";"Com Vítimas Feridas";"Pleno dia";"Decrescente";"Céu Claro";"Simples";"Reta";"Sim";2;0;1;0;1;0;1;2;-26,238062;-49,495888;"SPRF-SC";"DEL06/SC";"UOP03-DEL06-SC"
774516;2026-05-27;"quarta-feira";"17:05:00";"CE";116;191;"LIMOEIRO DO NORTE";"Condutor deixou de manter distância do veículo da frente";"Colisão traseira";"Com Vítimas Feridas";"Pleno dia";"Crescente";"Céu Claro";"Simples";"Reta";"Não";2;0;1;0;1;0;1;2;-5,12833377;-38,15349054;"SPRF-CE";"DEL03/CE";"UOP01-DEL03-CE"
774517;2026-05-27;"quarta-feira";"17:00:00";"SC";101;125;"ITAJAI";"Trafegar com motocicleta (ou similar) entre as faixas";"Colisão traseira";"Com Vítimas Feridas";"Pleno dia";"Decrescente";"Céu Claro";"Dupla";"Curva";"Não";3;0;1;0;2;0;1;2;-26,95013958;-48,68036125;"SPRF-SC";"DEL04/SC";"UOP04-DEL04-SC"
774519;2026-05-27;"quarta-feira";"16:30:00";"MG";381;283;"ANTONIO DIAS";"Reação tardia ou ineficiente do condutor";"Colisão traseira";"Com Vítimas Feridas";"Pleno dia";"Crescente";"Céu Claro";"Dupla";"Aclive;Reta";"Não";2;0;0;1;1;0;1;2;-19,61776896;-42,79642582;"SPRF-MG";"DEL03/MG";"UOP02-DEL03-MG"
774520;2026-05-27;"quarta-feira";"17:35:00";"SC";470;133,2;"RIO DO SUL";"Acessar a via sem observar a presença dos outros veículos";"Colisão transversal";"Com Vítimas Feridas";"Plena Noite";"Crescente";"Vento";"Simples";"Reta;Interseção de Vias";"Não";6;0;1;0;5;0;1;2;-27,17251;-49,58302;"SPRF-SC";"DEL04/SC";"UOP02-DEL04-SC"
774521;2026-05-27;"quarta-feira";"14:20:00";"RO";364;194,4;"PIMENTA BUENO";"Acumulo de areia ou detritos sobre o pavimento";"Saída de leito carroçável";"Com Vítimas Feridas";"Pleno dia";"Decrescente";"Céu Claro";"Simples";"Reta;Em Obras";"Sim";1;0;1;0;0;0;1;1;-11,708918;-61,161524;"SPRF-RO";"DEL02-RO";"UOP02-DEL02-RO"
774523;2026-05-27;"quarta-feira";"15:35:00";"PR";376;3;"APUCARANA";"Acessar a via sem observar a presença dos outros veículos";"Colisão transversal";"Com Vítimas Feridas";"Pleno dia";"Crescente";"Céu Claro";"Simples";"Curva;Declive";"Sim";2;0;1;0;1;0;1;2;-23,55927276;-51,4379701;"SPRF-PR";"DEL07/PR";"UOP03-DEL07-PR"
774526;2026-05-27;"quarta-feira";"17:45:00";"SC";163;71,1;"SAO MIGUEL DO OESTE";"Acessar a via sem observar a presença dos outros veículos";"Colisão transversal";"Com Vítimas Feridas";"Anoitecer";"Decrescente";"Céu Claro";"Dupla";"Reta;Interseção de Vias";"Sim";3;0;0;1;2;0;1;3;-26,72764894;-53,51283638;"SPRF-SC";"DEL07/SC";"UOP03-DEL07-SC"
774527;2026-05-27;"quarta-feira";"17:55:00";"BA";367;25;"PORTO SEGURO";"Trafegar com motocicleta (ou similar) entre as faixas";"Colisão transversal";"Com Vítimas Feridas";"Plena Noite";"Crescente";"Nublado";"Simples";"Interseção de Vias";"Não";2;0;1;0;1;0;1;2;-16,43633678;-39,0937618;"SPRF-BA";"DEL09/BA";"UOP03-DEL09-BA"
774528;2026-05-27;"quarta-feira";"17:18:00";"SC";470;50;"BLUMENAU";"Trafegar com motocicleta (ou similar) entre as faixas";"Colisão lateral mesmo sentido";"Com Vítimas Feridas";"Pleno dia";"Crescente";"Céu Claro";"Dupla";"Reta";"Não";3;0;2;0;1;0;2;2;-26,85962876;-49,07563655;"SPRF-SC";"DEL04/SC";"UOP01-DEL04-SC"
774529;2026-05-27;"quarta-feira";"12:00:00";"BA";101;886;"TEIXEIRA DE FREITAS";"Chuva";"Saída de leito carroçável";"Com Vítimas Feridas";"Pleno dia";"Crescente";"Chuva";"Simples";"Curva";"Não";2;0;2;0;0;0;2;1;-17,609287;-39,757515;"SPRF-BA";"DEL09/BA";"UOP02-DEL09-BA"
774532;2026-05-27;"quarta-feira";"18:00:00";"RJ";101;483;"ANGRA DOS REIS";"Ultrapassagem Indevida";"Colisão lateral mesmo sentido";"Com Vítimas Feridas";"Plena Noite";"Decrescente";"Chuva";"Simples";"Declive";"Sim";3;0;1;0;2;0;1;2;-23,003153;-44,29799;"SPRF-RJ";"DEL03/RJ";"UOP03-DEL03-RJ"
774533;2026-05-27;"quarta-feira";"18:19:00";"GO";60;387;"RIO VERDE";"Animais na Pista";"Atropelamento de Animal";"Com Vítimas Feridas";"Anoitecer";"Decrescente";"Céu Claro";"Dupla";"Reta";"Sim";2;0;0;2;0;0;2;1;-17,821195;-50,947265;"SPRF-GO";"DEL04/GO";"UOP02-DEL04-GO"
774534;2026-05-27;"quarta-feira";"17:40:00";"ES";101;293;"CARIACICA";"Transitar na contramão";"Colisão transversal";"Com Vítimas Feridas";"Anoitecer";"Decrescente";"Céu Claro";"Múltipla";"Viaduto;Retorno Regulamentado";"Sim";2;0;1;1;0;0;2;2;-20,3154597;-40,3955021;"SPRF-ES";"DEL01-ES";"UOP01-DEL01-ES"
774535;2026-05-27;"quarta-feira";"18:00:00";"SP";116;124,5;"CACAPAVA";"Condutor deixou de manter distância do veículo da frente";"Colisão traseira";"Com Vítimas Feridas";"Plena Noite";"Decrescente";"Céu Claro";"Dupla";"Aclive;Reta";"Sim";3;0;1;0;2;0;1;2;-23,09458005;-45,67985265;"SPRF-SP";"DEL02/SP";"UOP02-DEL02-SP"
774537;2026-05-27;"quarta-feira";"17:30:00";"SC";101;209,8;"SAO JOSE";"Manobra de mudança de faixa";"Colisão lateral mesmo sentido";"Com Vítimas Feridas";"Plena Noite";"Decrescente";"Céu Claro";"Múltipla";"Reta";"Sim";2;0;1;0;1;0;1;2;-27,612947;-48,641793;"SPRF-SC";"DEL01/SC";"UOP01-DEL01-SC"
774540;2026-05-27;"quarta-feira";"18:15:00";"MG";381;478,9;"CONTAGEM";"Pedestre cruzava a pista fora da faixa";"Atropelamento de Pedestre";"Com Vítimas Fatais";"Anoitecer";"Crescente";"Céu Claro";"Múltipla";"Declive;Curva";"Sim";3;1;0;2;0;0;2;2;-19,96409894;-44,0465161;"SPRF-MG";"DEL01/MG";"UOP03-DEL01-MG"
774542;2026-05-27;"quarta-feira";"16:20:00";"GO";80;105;"VILA PROPICIO";"Condutor Dormindo";"Saída de leito carroçável";"Sem Vítimas";"Pleno dia";"Crescente";"Céu Claro";"Simples";"Aclive;Curva";"Não";3;0;0;0;3;0;0;1;-15,17584;-48,793995;"SPRF-GO";"DEL07/GO";"UOP02-DEL07-GO"
774544;2026-05-27;"quarta-feira";"16:30:00";"RJ";116;108;"GUAPIMIRIM";"Condutor deixou de manter distância do veículo da frente";"Colisão traseira";"Com Vítimas Feridas";"Anoitecer";"Crescente";"Ignorado";"Dupla";"Reta";"Sim";2;0;0;1;1;0;1;2;-22,5358311;-42,99169281;"SPRF-RJ";"DEL04/RJ";"UOP01-DEL04-RJ"
774545;2026-05-27;"quarta-feira";"19:15:00";"MG";40;510;"RIBEIRAO DAS NEVES";"Reação tardia ou ineficiente do condutor";"Colisão traseira";"Com Vítimas Feridas";"Plena Noite";"Decrescente";"Céu Claro";"Dupla";"Aclive";"Sim";2;0;1;0;1;0;1;2;-19,77369852;-44,12422578;"SPRF-MG";"DEL01/MG";"UOP02-DEL01-MG"
774546;2026-05-27;"quarta-feira";"15:30:00";"MA";230;407,3;"BALSAS";"Desrespeitar a preferência no cruzamento";"Colisão transversal";"Com Vítimas Feridas";"Pleno dia";"Crescente";"Céu Claro";"Simples";"Curva";"Sim";2;0;1;0;1;0;1;2;-7,51960787;-46,06601715;"SPRF-MA";"DEL05-MA";"UOP01-DEL05-MA"
774547;2026-05-27;"quarta-feira";"19:00:00";"RS";293;0,8;"PELOTAS";"Iluminação deficiente";"Colisão transversal";"Com Vítimas Feridas";"Plena Noite";"Crescente";"Céu Claro";"Simples";"Rotatória";"Sim";2;0;1;0;1;0;1;2;-31,75739047;-52,35705324;"SPRF-RS";"DEL07/RS";"UOP01-DEL07-RS"
774548;2026-05-27;"quarta-feira";"17:35:00";"SC";101;208,8;"FLORIANOPOLIS";"Reação tardia ou ineficiente do condutor";"Colisão traseira";"Com Vítimas Feridas";"Plena Noite";"Crescente";"Céu Claro";"Múltipla";"Reta";"Não";2;0;1;0;1;0;1;2;-27,598155;-48,571335;"SPRF-SC";"DEL01/SC";"UOP01-DEL01-SC"
774549;2026-05-27;"quarta-feira";"17:30:00";"MG";40;630;"CONSELHEIRO LAFAIETE";"Ultrapassagem Indevida";"Colisão transversal";"Com Vítimas Feridas";"Anoitecer";"Crescente";"Nublado";"Simples";"Reta;Aclive";"Sim";2;0;1;0;1;0;1;2;-20,6708867;-43,7995483;"SPRF-MG";"DEL05/MG";"UOP02-DEL05-MG"
774550;2026-05-27;"quarta-feira";"18:00:00";"MT";163;730;"SORRISO";"Reação tardia ou ineficiente do condutor";"Colisão traseira";"Sem Vítimas";"Plena Noite";"Crescente";"Céu Claro";"Dupla";"Reta";"Não";2;0;0;0;2;0;0;2;-12,7112531;-55,82108097;"SPRF-MT";"DEL06/MT";"UOP01-DEL06-MT"
774552;2026-05-27;"quarta-feira";"19:30:00";"PR";376;317;"ORTIGUEIRA";"Pedestre cruzava a pista fora da faixa";"Atropelamento de Pedestre";"Com Vítimas Fatais";"Plena Noite";"Crescente";"Céu Claro";"Dupla";"Reta";"Sim";2;1;0;0;1;0;0;2;-24,02020338;-51,0934639;"SPRF-PR";"DEL07/PR";"UOP02-DEL07-PR"
774554;2026-05-27;"quarta-feira";"18:30:00";"MS";262;310;"CAMPO GRANDE";"Transitar na contramão";"Colisão lateral sentido oposto";"Com Vítimas Feridas";"Plena Noite";"Decrescente";"Céu Claro";"Simples";"Reta";"Não";5;0;1;0;4;0;1;2;-20,472368;-54,419426;"SPRF-MS";"DEL01/MS";"UOP01-DEL01-MS"
774555;2026-05-27;"quarta-feira";"20:00:00";"RN";101;129;"SAO JOSE DE MIPIBU";"Demais falhas mecânicas ou elétricas";"Colisão traseira";"Sem Vítimas";"Plena Noite";"Decrescente";"Garoa/Chuvisco";"Dupla";"Reta";"Não";2;0;0;0;2;0;0;2;-6,09643784;-35,23419726;"SPRF-RN";"DEL01-RN";"UOP01-DEL01-RN"
774556;2026-05-27;"quarta-feira";"17:50:00";"MG";262;118;"RIO CASCA";"Animais na Pista";"Colisão frontal";"Com Vítimas Feridas";"Plena Noite";"Crescente";"Céu Claro";"Simples";"Rotatória";"Sim";2;0;0;1;1;0;1;2;-20,22638016;-42,64115207;"SPRF-MG";"DEL03/MG";"UOP03-DEL03-MG"
774557;2026-05-27;"quarta-feira";"19:30:00";"RJ";101;567;"PARATY";"Condutor deixou de manter distância do veículo da frente";"Colisão traseira";"Sem Vítimas";"Plena Noite";"Crescente";"Chuva";"Simples";"Reta";"Não";2;0;0;0;2;0;0;2;-23,15197582;-44,6997091;"SPRF-RJ";"DEL03/RJ";"UOP04-DEL03-RJ"
774558;2026-05-27;"quarta-feira";"19:20:00";"CE";222;61,1;"SAO GONCALO DO AMARANTE";"Avarias e/ou desgaste excessivo no pneu";"Saída de leito carroçável";"Sem Vítimas";"Plena Noite";"Crescente";"Céu Claro";"Simples";"Reta";"Não";1;0;0;0;1;0;0;1;-3,671264;-39,094601;"SPRF-CE";"DEL01/CE";"UOP03-DEL01-CE"
774559;2026-05-27;"quarta-feira";"19:50:00";"PE";104;68,2;"CARUARU";"Ausência de reação do condutor";"Saída de leito carroçável";"Com Vítimas Feridas";"Plena Noite";"Crescente";"Garoa/Chuvisco";"Dupla";"Curva";"Não";1;0;1;0;0;0;1;1;-8,30732436;-35,98939776;"SPRF-PE";"DEL02/PE";"UOP01-DEL02-PE"
774567;2026-05-27;"quarta-feira";"20:50:00";"BA";116;347,9;"SERRINHA";"Reação tardia ou ineficiente do condutor";"Colisão traseira";"Com Vítimas Fatais";"Plena Noite";"Crescente";"Nublado";"Simples";"Reta";"Não";3;1;0;1;0;1;1;2;-11,57266;-38,987872;"SPRF-BA";"DEL02/BA";"UOP01-DEL02-BA"
774568;2026-05-27;"quarta-feira";"20:20:00";"SC";101;125;"ITAJAI";"Ausência de reação do condutor";"Tombamento";"Com Vítimas Feridas";"Plena Noite";"Crescente";"Nublado";"Múltipla";"Reta";"Não";1;0;0;1;0;0;1;1;-26,94755107;-48,68462563;"SPRF-SC";"DEL04/SC";"UOP04-DEL04-SC"
774569;2026-05-27;"quarta-feira";"19:15:00";"RS";287;398;"SANTIAGO";"Pedestre andava na pista";"Atropelamento de Pedestre";"Com Vítimas Feridas";"Plena Noite";"Decrescente";"Céu Claro";"Simples";"Reta;Declive";"Não";2;0;0;1;1;0;1;2;-29,169086;-54,86292813;"SPRF-RS";"DEL12/RS";"UOP02-DEL12-RS"
774570;2026-05-27;"quarta-feira";"18:52:00";"SP";116;226,9;"SAO PAULO";"Reação tardia ou ineficiente do condutor";"Colisão lateral mesmo sentido";"Com Vítimas Feridas";"Plena Noite";"Crescente";"Vento";"Múltipla";"Reta";"Sim";4;0;1;0;2;1;1;2;-23,50003746;-46,56226063;"SPRF-SP";"DEL01/SP";"UOP01-DEL01-SP"
774573;2026-05-27;"quarta-feira";"18:30:00";"BA";420;310;"SANTA INES";"Animais na Pista";"Atropelamento de Animal";"Com Vítimas Feridas";"Plena Noite";"Crescente";"Céu Claro";"Simples";"Curva";"Não";1;0;1;0;0;0;1;1;-13,309863;-39,839488;"SPRF-BA";"DEL03/BA";"UOP01-DEL03-BA"
774574;2026-05-27;"quarta-feira";"21:50:00";"ES";101;280,5;"SERRA";"Ausência de reação do condutor";"Saída de leito carroçável";"Sem Vítimas";"Plena Noite";"Crescente";"Céu Claro";"Dupla";"Curva";"Não";1;0;0;0;0;1;0;1;-20,218764;-40,35492;"SPRF-ES";"DEL02-ES";"UOP01-DEL02-ES"
774575;2026-05-27;"quarta-feira";"22:20:00";"MA";230;402;"BALSAS";"Conversão proibida";"Saída de leito carroçável";"Sem Vítimas";"Plena Noite";"Decrescente";"Céu Claro";"Simples";"Interseção de Vias";"Não";1;0;0;0;1;0;0;1;-7,51359;-46,03381;"SPRF-MA";"DEL05-MA";"UOP01-DEL05-MA"
774578;2026-05-27;"quarta-feira";"22:00:00";"SC";280;267,4;"IRINEOPOLIS";"Ingestão de álcool pelo condutor";"Saída de leito carroçável";"Com Vítimas Feridas";"Plena Noite";"Crescente";"Céu Claro";"Simples";"Reta";"Sim";1;0;1;0;0;0;1;1;-26,2636826;-50,712061;"SPRF-SC";"DEL06/SC";"UOP04-DEL06-SC"
774579;2026-05-27;"quarta-feira";"19:00:00";"RO";364;240,4;"CACOAL";"Condutor deixou de manter distância do veículo da frente";"Engavetamento";"Com Vítimas Feridas";"Plena Noite";"Decrescente";"Ignorado";"Simples";"Reta";"Sim";4;0;3;0;1;0;3;3;-11,437614;-61,473921;"SPRF-RO";"DEL02-RO";"UOP02-DEL02-RO"
774581;2026-05-27;"quarta-feira";"22:58:00";"RN";304;35,5;"MOSSORO";"Participar de racha";"Colisão transversal";"Com Vítimas Feridas";"Plena Noite";"Decrescente";"Nublado";"Dupla";"Curva";"Sim";4;0;1;0;2;1;1;3;-5,166308;-37,352274;"SPRF-RN";"DEL04-RN";"UOP02-DEL04-RN"
774588;2026-05-27;"quarta-feira";"22:30:00";"PB";104;0,5;"NOVA FLORESTA";"Reação tardia ou ineficiente do condutor";"Saída de leito carroçável";"Com Vítimas Fatais";"Plena Noite";"Decrescente";"Nublado";"Simples";"Reta";"Não";1;1;0;0;0;0;0;1;-6,43716;-36,203533;"SPRF-PB";"DEL02-PB";"UOP04-DEL02-PB"
774589;2026-05-28;"quinta-feira";"01:50:00";"BA";116;426;"FEIRA DE SANTANA";"Reação tardia ou ineficiente do condutor";"Tombamento";"Com Vítimas Feridas";"Plena Noite";"Decrescente";"Céu Claro";"Dupla";"Reta";"Sim";1;0;1;0;0;0;1;1;-12,2638933;-38,9893167;"SPRF-BA";"DEL02/BA";"UOP01-DEL02-BA"
774590;2026-05-28;"quinta-feira";"01:10:00";"GO";60;89,9;"ANAPOLIS";"Ingestão de álcool pelo condutor";"Saída de leito carroçável";"Sem Vítimas";"Plena Noite";"Crescente";"Céu Claro";"Dupla";"Reta";"Sim";1;0;0;0;0;1;0;1;-16,34447332;-48,90382497;"SPRF-GO";"DEL02/GO";"UOP01-DEL02-GO"
774591;2026-05-28;"quinta-feira";"00:40:00";"SC";163;105;"SAO JOSE DO CEDRO";"Ingestão de álcool pelo condutor";"Saída de leito carroçável";"Com Vítimas Feridas";"Plena Noite";"Decrescente";"Céu Claro";"Simples";"Curva";"Não";2;0;1;0;1;0;1;1;-26,44734934;-53,51488662;"SPRF-SC";"DEL07/SC";"UOP03-DEL07-SC"
774594;2026-05-28;"quinta-feira";"03:30:00";"PB";230;4,6;"CABEDELO";"Demais falhas mecânicas ou elétricas";"Incêndio";"Sem Vítimas";"Plena Noite";"Crescente";"Céu Claro";"Dupla";"Reta";"Sim";1;0;0;0;1;0;0;1;-7,008;-34,83;"SPRF-PB";"DEL01-PB";"UOP01-DEL01-PB"
774596;2026-05-28;"quinta-feira";"06:10:00";"RN";101;117,9;"SAO JOSE DE MIPIBU";"Demais falhas na via";"Queda de ocupante de veículo";"Com Vítimas Feridas";"Pleno dia";"Decrescente";"Céu Claro";"Dupla";"Reta";"Não";1;0;1;0;0;0;1;1;-6,013955;-35,2541433;"SPRF-RN";"DEL01-RN";"UOP01-DEL01-RN"
774599;2026-05-28;"quinta-feira";"06:10:00";"GO";40;8;"LUZIANIA";"Pedestre cruzava a pista fora da faixa";"Atropelamento de Pedestre";"Com Vítimas Fatais";"Amanhecer";"Crescente";"Nublado";"Dupla";"Reta";"Sim";3;1;0;0;1;1;0;2;-16,12325349;-47,96306849;"SPRF-DF";"DEL01-DF";"UOP01-DEL01-DF"
774600;2026-05-28;"quinta-feira";"07:00:00";"PR";116;125;"FAZENDA RIO GRANDE";"Condutor desrespeitou a iluminação vermelha do semáforo";"Colisão transversal";"Com Vítimas Feridas";"Pleno dia";"Crescente";"Nublado";"Múltipla";"Interseção de Vias;Reta";"Sim";3;0;2;0;1;0;2;2;-25,6371236;-49,3128896;"SPRF-PR";"DEL01/PR";"UOP03-DEL01-PR"
774602;2026-05-28;"quinta-feira";"06:37:00";"PB";230;23;"JOAO PESSOA";"Trafegar com motocicleta (ou similar) entre as faixas";"Tombamento";"Com Vítimas Feridas";"Pleno dia";"Decrescente";"Nublado";"Dupla";"Reta";"Sim";1;0;1;0;0;0;1;1;-7,15655393;-34,85736299;"SPRF-PB";"DEL01-PB";"UOP01-DEL01-PB"
774603;2026-05-27;"quarta-feira";"22:10:00";"RO";364;189;"PIMENTA BUENO";"Ausência de reação do condutor";"Saída de leito carroçável";"Com Vítimas Fatais";"Plena Noite";"Decrescente";"Nevoeiro/Neblina";"Simples";"Reta";"Não";2;1;0;0;0;1;0;2;-11,727722;-61,134872;"SPRF-RO";"DEL02-RO";"UOP02-DEL02-RO"
774610;2026-05-28;"quinta-feira";"06:15:00";"MG";40;304;"TRES MARIAS";"Manobra de mudança de faixa";"Saída de leito carroçável";"Com Vítimas Feridas";"Pleno dia";"Crescente";"Céu Claro";"Simples";"Reta";"Não";6;0;6;0;0;0;6;1;-18,3874669;-45,1009932;"SPRF-MG";"DEL14/MG";"UOP02-DEL14-MG"
774611;2026-05-28;"quinta-feira";"07:38:00";"GO";40;1;"VALPARAISO DE GOIAS";"Manobra de mudança de faixa";"Colisão lateral mesmo sentido";"Com Vítimas Feridas";"Pleno dia";"Decrescente";"Céu Claro";"Dupla";"Reta";"Sim";3;0;2;0;1;0;2;2;-16,06232;-47,9833;"SPRF-DF";"DEL01-DF";"UOP01-DEL01-DF"
774613;2026-05-28;"quinta-feira";"01:35:00";"RS";285;42,6;"BOM JESUS";"Velocidade Incompatível";"Colisão com objeto";"Com Vítimas Feridas";"Plena Noite";"Decrescente";"Céu Claro";"Simples";"Reta";"Não";8;0;0;1;7;0;1;2;-28,69717;-50,26025;"SPRF-RS";"DEL05/RS";"UOP03-DEL05-RS"
774617;2026-05-28;"quinta-feira";"07:10:00";"ES";101;141,8;"LINHARES";"Manobra de mudança de faixa";"Colisão traseira";"Com Vítimas Feridas";"Pleno dia";"Decrescente";"Céu Claro";"Múltipla";"Aclive;Reta";"Sim";2;0;1;0;1;0;1;2;-19,33882907;-40,06501797;"SPRF-ES";"DEL04-ES";"UOP01-DEL04-ES"