"id";"data_inversa";"dia_semana";"horario";"uf";"br";"km";"municipio";"causa_acidente";"tipo_acidente";"classificacao_acidente";"fase_dia";"sentido_via";"condicao_metereologica";"tipo_pista";"tracado_via";"uso_solo";"pessoas";"mortos";"feridos_leves";"feridos_graves";"ilesos";"ignorados";"feridos";"veiculos";"latitude";"longitude";"regional";"delegacia";"uop"
774619;2026-05-28;"quinta-feira";"07:40:00";"GO";60;96,9;"ANAPOLIS";"Animais na Pista";"Tombamento";"Com Vítimas Feridas";"Pleno dia";"Crescente";"Céu Claro";"Dupla";"Reta";"Sim";1;0;1;0;0;0;1;1;-16,37613895;-48,9474573;"SPRF-GO";"DEL02/GO";"UOP01-DEL02-GO"
774621;2026-05-28;"quinta-feira";"07:10:00";"PR";376;3,4;"APUCARANA";"Reação tardia ou ineficiente do condutor";"Colisão traseira";"Com Vítimas Feridas";"Pleno dia";"Crescente";"Nublado";"Simples";"Reta";"Sim";3;0;2;0;1;0;2;2;-23,55840118;-51,44064903;"SPRF-PR";"DEL07/PR";"UOP03-DEL07-PR"
774622;2026-04-30;"quinta-feira";"13:20:00";"RJ";101;484;"ANGRA DOS REIS";"Condutor deixou de manter distância do veículo da frente";"Colisão lateral mesmo sentido";"Com Vítimas Feridas";"Pleno dia";"Crescente";"Céu Claro";"Simples";"Reta";"Não";3;0;2;0;1;0;2;2;-22,987538;-44,301673;"SPRF-RJ";"DEL03/RJ";"UOP03-DEL03-RJ"
774624;2026-05-28;"quinta-feira";"07:30:00";"PE";428;186;"PETROLINA";"Transitar na contramão";"Colisão lateral mesmo sentido";"Com Vítimas Feridas";"Pleno dia";"Decrescente";"Céu Claro";"Dupla";"Reta";"Sim";2;0;1;0;1;0;1;2;-9,286923;-40,443395;"SPRF-PE";"DEL06/PE";"UOP01-DEL06-PE"
774628;2026-05-28;"quinta-feira";"08:00:00";"SC";101;420,5;"ARARANGUA";"Demais falhas mecânicas ou elétricas";"Saída de leito carroçável";"Com Vítimas Feridas";"Pleno dia";"Crescente";"Nevoeiro/Neblina";"Múltipla";"Reta";"Sim";1;0;1;0;0;0;1;1;-29,00151068;-49,55880968;"SPRF-SC";"DEL02/SC";"UOP02-DEL02-SC"
774631;2026-05-28;"quinta-feira";"08:00:00";"PR";277;80,5;"CURITIBA";"Trafegar com motocicleta (ou similar) entre as faixas";"Colisão lateral mesmo sentido";"Com Vítimas Feridas";"Pleno dia";"Crescente";"Nublado";"Dupla";"Reta;Em Obras";"Sim";2;0;1;0;1;0;1;2;-25,46807112;-49,21398321;"SPRF-PR";"DEL01/PR";"UOP03-DEL01-PR"
774632;2026-05-28;"quinta-feira";"05:50:00";"MT";163;825,9;"SINOP";"Acessar a via sem observar a presença dos outros veículos";"Colisão transversal";"Com Vítimas Feridas";"Pleno dia";"Crescente";"Céu Claro";"Dupla";"Reta";"Sim";2;0;1;0;1;0;1;2;-11,9164475;-55,50932059;"SPRF-MT";"DEL06/MT";"UOP02-DEL06-MT"
774640;2026-03-21;"sábado";"09:10:00";"RJ";101;75,3;"CAMPOS DOS GOYTACAZES";"Ausência de reação do condutor";"Tombamento";"Com Vítimas Feridas";"Pleno dia";"Crescente";"Ignorado";"Simples";"Reta";"Não";2;0;1;1;0;0;2;1;-21,81834562;-41,39802218;"SPRF-RJ";"DEL08/RJ";"UOP02-DEL08-RJ"
774642;2026-05-28;"quinta-feira";"07:34:00";"MT";163;748;"SORRISO";"Reação tardia ou ineficiente do condutor";"Saída de leito carroçável";"Com Vítimas Feridas";"Pleno dia";"Crescente";"Céu Claro";"Dupla";"Retorno Regulamentado";"Sim";1;0;1;0;0;0;1;1;-12,59276583;-55,74243844;"SPRF-MT";"DEL06/MT";"UOP01-DEL06-MT"
774644;2026-05-28;"quinta-feira";"08:15:00";"RS";285;528;"SAO LUIZ GONZAGA";"Reação tardia ou ineficiente do condutor";"Saída de leito carroçável";"Com Vítimas Feridas";"Pleno dia";"Decrescente";"Céu Claro";"Simples";"Curva";"Não";1;0;1;0;0;0;1;1;-28,4106454;-54,5603066;"SPRF-RS";"DEL10/RS";"UOP01-DEL10-RS"
774649;2026-05-28;"quinta-feira";"07:30:00";"RO";364;405;"JARU";"Avarias e/ou desgaste excessivo no pneu";"Saída de leito carroçável";"Com Vítimas Feridas";"Pleno dia";"Crescente";"Sol";"Simples";"Aclive;Reta";"Não";2;0;2;0;0;0;2;1;-10,562816;-62,377207;"SPRF-RO";"DEL03-RO";"UOP02-DEL03-RO"
774650;2026-04-26;"domingo";"13:30:00";"RJ";101;587,9;"PARATY";"Reação tardia ou ineficiente do condutor";"Colisão traseira";"Com Vítimas Feridas";"Pleno dia";"Decrescente";"Céu Claro";"Simples";"Reta";"Não";3;0;1;0;2;0;1;2;-23,29650564;-44,70078198;"SPRF-RJ";"DEL03/RJ";"UOP04-DEL03-RJ"
774651;2026-05-28;"quinta-feira";"08:15:00";"SC";163;71,3;"SAO MIGUEL DO OESTE";"Acessar a via sem observar a presença dos outros veículos";"Colisão transversal";"Com Vítimas Feridas";"Pleno dia";"Decrescente";"Nublado";"Dupla";"Aclive;Retorno Regulamentado;Reta;Interseção de Vias";"Não";3;0;1;0;2;0;1;2;-26,72545066;-53,5134033;"SPRF-SC";"DEL07/SC";"UOP03-DEL07-SC"
774654;2026-03-06;"sexta-feira";"15:50:00";"RS";285;597;"SANTO ANTONIO DAS MISSOES";"Ingestão de álcool pelo condutor";"Colisão transversal";"Com Vítimas Feridas";"Pleno dia";"Crescente";"Nublado";"Simples";"Rotatória";"Sim";3;0;1;0;2;0;1;2;-28,48799253;-55,23055522;"SPRF-RS";"DEL12/RS";"UOP01-DEL12-RS"
774655;2026-05-28;"quinta-feira";"08:10:00";"PR";280;289,9;"FLOR DA SERRA DO SUL";"Desrespeitar a preferência no cruzamento";"Colisão transversal";"Sem Vítimas";"Pleno dia";"Decrescente";"Sol";"Simples";"Interseção de Vias;Curva";"Sim";5;0;0;0;5;0;0;2;-26,25808608;-53,30940692;"SPRF-PR";"DEL02/PR";"UOP01-DEL02-PR"
774663;2026-05-28;"quinta-feira";"11:20:00";"SC";101;127,4;"ITAJAI";"Avarias e/ou desgaste excessivo no pneu";"Tombamento";"Com Vítimas Feridas";"Pleno dia";"Decrescente";"Céu Claro";"Dupla";"Reta";"Não";1;0;0;1;0;0;1;1;-26,96762992;-48,68349776;"SPRF-SC";"DEL04/SC";"UOP04-DEL04-SC"
774665;2026-05-28;"quinta-feira";"12:20:00";"SC";470;53,4;"BLUMENAU";"Acessar a via sem observar a presença dos outros veículos";"Colisão transversal";"Com Vítimas Feridas";"Pleno dia";"Crescente";"Céu Claro";"Simples";"Em Obras;Reta";"Sim";3;0;2;0;1;0;2;2;-26,86882788;-49,10496759;"SPRF-SC";"DEL04/SC";"UOP01-DEL04-SC"
774666;2026-05-28;"quinta-feira";"11:50:00";"PR";487;19,5;"ICARAIMA";"Reação tardia ou ineficiente do condutor";"Tombamento";"Com Vítimas Feridas";"Pleno dia";"Decrescente";"Céu Claro";"Simples";"Reta";"Não";2;0;2;0;0;0;2;1;-23,3762122;-53,6498175;"SPRF-PR";"DEL06/PR";"UOP03-DEL06-PR"
774668;2026-01-21;"quarta-feira";"07:30:00";"SP";116;144;"SAO JOSE DOS CAMPOS";"Reação tardia ou ineficiente do condutor";"Colisão lateral mesmo sentido";"Com Vítimas Feridas";"Pleno dia";"Crescente";"Nublado";"Dupla";"Reta";"Sim";2;0;0;1;1;0;1;2;-23,18140581;-45,84219539;"SPRF-SP";"DEL02/SP";"UOP01-DEL02-SP"
774669;2026-05-24;"domingo";"18:00:00";"RJ";101;491;"ANGRA DOS REIS";"Condutor Dormindo";"Colisão lateral mesmo sentido";"Sem Vítimas";"Plena Noite";"Decrescente";"Céu Claro";"Simples";"Curva";"Não";2;0;0;0;2;0;0;2;-22,952957;-44,32436;"SPRF-RJ";"DEL03/RJ";"UOP03-DEL03-RJ"
774670;2026-03-15;"domingo";"00:30:00";"GO";50;282;"CATALAO";"Ingestão de álcool pelo condutor";"Colisão frontal";"Com Vítimas Feridas";"Plena Noite";"Crescente";"Céu Claro";"Dupla";"Curva";"Sim";4;0;0;1;3;0;1;2;-18,1693787;-47,9442403;"SPRF-GO";"DEL06/GO";"UOP01-DEL06-GO"
774674;2026-05-24;"domingo";"14:50:00";"RS";470;232;"CARLOS BARBOSA";"Desrespeitar a preferência no cruzamento";"Colisão transversal";"Com Vítimas Feridas";"Pleno dia";"Decrescente";"Céu Claro";"Simples";"Reta;Aclive";"Não";6;0;1;0;5;0;1;2;-29,29859;-51,480643;"SPRF-RS";"DEL06/RS";"UOP01-DEL06-RS"
774675;2026-05-28;"quinta-feira";"13:38:00";"RN";110;47,3;"MOSSORO";"Reação tardia ou ineficiente do condutor";"Colisão traseira";"Com Vítimas Feridas";"Pleno dia";"Decrescente";"Céu Claro";"Simples";"Reta";"Sim";3;0;3;0;0;0;3;2;-5,20290763;-37,32493401;"SPRF-RN";"DEL04-RN";"UOP01-DEL04-RN"
774679;2026-04-06;"segunda-feira";"17:51:00";"PA";163;312,2;"NOVO PROGRESSO";"Reação tardia ou ineficiente do condutor";"Colisão traseira";"Com Vítimas Feridas";"Anoitecer";"Crescente";"Céu Claro";"Simples";"Reta";"Sim";2;0;1;0;1;0;1;2;-7,0278702;-55,4196079;"SPRF-PA";"DEL05/PA";"UOP03-DEL05-PA"
774696;2026-05-27;"quarta-feira";"13:30:00";"MG";364;34,2;"FRUTAL";"Velocidade Incompatível";"Colisão lateral mesmo sentido";"Com Vítimas Fatais";"Pleno dia";"Decrescente";"Céu Claro";"Simples";"Aclive;Reta";"Não";3;1;0;1;0;1;1;3;-20,001035;-48,948149;"SPRF-MG";"DEL13/MG";"UOP02-DEL13-MG"
774697;2026-05-16;"sábado";"05:20:00";"PB";101;85,8;"BAYEUX";"Reação tardia ou ineficiente do condutor";"Colisão lateral mesmo sentido";"Com Vítimas Feridas";"Pleno dia";"Crescente";"Céu Claro";"Dupla";"Curva";"Sim";2;0;0;1;1;0;1;2;-7,15011362;-34,91114259;"SPRF-PB";"DEL01-PB";"UOP01-DEL01-PB"
774703;2026-05-08;"sexta-feira";"23:30:00";"RJ";116;148;"DUQUE DE CAXIAS";"Ausência de reação do condutor";"Colisão traseira";"Com Vítimas Feridas";"Plena Noite";"Decrescente";"Céu Claro";"Dupla";"Interseção de Vias;Reta";"Não";3;0;2;0;1;0;2;2;-22,67218756;-43,28076798;"SPRF-RJ";"DEL01/RJ";"UOP02-DEL01-RJ"
774706;2026-05-28;"quinta-feira";"09:40:00";"PR";277;436;"VIRMOND";"Ausência de reação do condutor";"Saída de leito carroçável";"Com Vítimas Feridas";"Pleno dia";"Decrescente";"Céu Claro";"Simples";"Reta";"Sim";2;0;1;1;0;0;2;1;-25,37909349;-52,20726371;"SPRF-PR";"DEL04/PR";"UOP02-DEL04-PR"
774707;2026-05-28;"quinta-feira";"15:58:00";"MG";365;680;"MONTE ALEGRE DE MINAS";"Ausência de reação do condutor";"Saída de leito carroçável";"Com Vítimas Feridas";"Pleno dia";"Decrescente";"Céu Claro";"Dupla";"Reta";"Não";2;0;1;0;1;0;1;1;-18,84932;-48,815649;"SPRF-MG";"DEL15/MG";"UOP01-DEL15-MG"
774712;2026-05-20;"quarta-feira";"05:57:00";"PB";101;88;"ALHANDRA";"Demais falhas mecânicas ou elétricas";"Queda de ocupante de veículo";"Com Vítimas Feridas";"Pleno dia";"Decrescente";"Céu Claro";"Dupla";"Curva;Declive";"Sim";3;0;3;0;0;0;3;2;-7,32477122;-34,94681809;"SPRF-PB";"DEL01-PB";"UOP01-DEL01-PB"
774714;2026-05-08;"sexta-feira";"08:22:00";"SC";282;429;"VARGEM BONITA";"Deficiência do Sistema de Iluminação/Sinalização";"Colisão traseira";"Com Vítimas Feridas";"Pleno dia";"Decrescente";"Nevoeiro/Neblina";"Simples";"Curva";"Não";3;0;2;0;1;0;2;2;-26,981468;-51,786348;"SPRF-SC";"DEL07/SC";"UOP05-DEL07-SC"
774719;2026-05-28;"quinta-feira";"14:44:00";"RO";425;82;"NOVA MAMORE";"Ausência de reação do condutor";"Colisão transversal";"Com Vítimas Feridas";"Pleno dia";"Crescente";"Céu Claro";"Simples";"Interseção de Vias;Reta";"Sim";2;0;1;0;1;0;1;2;-10,41837832;-65,33370763;"SPRF-RO";"DEL01-RO";"UOP03-DEL01-RO"
774726;2026-05-28;"quinta-feira";"17:25:00";"SC";101;124,7;"ITAJAI";"Reação tardia ou ineficiente do condutor";"Colisão traseira";"Com Vítimas Feridas";"Anoitecer";"Decrescente";"Céu Claro";"Múltipla";"Reta";"Sim";2;0;2;0;0;0;2;2;-26,946868;-48,685127;"SPRF-SC";"DEL04/SC";"UOP04-DEL04-SC"
774727;2026-04-10;"sexta-feira";"18:00:00";"PB";0;0;"JOAO PESSOA";"Manobra de mudança de faixa";"Colisão lateral mesmo sentido";"Sem Vítimas";"Plena Noite";"Não Informado";"Céu Claro";"Múltipla";"Interseção de Vias;Rotatória";"Sim";3;0;0;0;2;1;0;3;-7,16503362;-34,86292362;"SPRF-PB";"DEL01-PB";"UOP01-DEL01-PB"
774728;2026-05-28;"quinta-feira";"18:05:00";"RJ";356;147;"CAMPOS DOS GOYTACAZES";"Acessar a via sem observar a presença dos outros veículos";"Colisão transversal";"Com Vítimas Feridas";"Anoitecer";"Crescente";"Céu Claro";"Simples";"Reta;Interseção de Vias";"Sim";2;0;1;1;0;0;2;2;-21,775581;-41,286207;"SPRF-RJ";"DEL08/RJ";"UOP02-DEL08-RJ"
774734;2026-05-28;"quinta-feira";"17:30:00";"PR";376;497;"PONTA GROSSA";"Ausência de reação do condutor";"Colisão traseira";"Com Vítimas Feridas";"Anoitecer";"Decrescente";"Nublado";"Simples";"Interseção de Vias";"Sim";3;0;1;1;1;0;2;2;-25,173745;-50,104192;"SPRF-PR";"DEL03/PR";"UOP03-DEL03-PR"
774736;2026-05-28;"quinta-feira";"17:15:00";"GO";40;2;"VALPARAISO DE GOIAS";"Manobra de mudança de faixa";"Colisão lateral mesmo sentido";"Com Vítimas Fatais";"Pleno dia";"Decrescente";"Céu Claro";"Dupla";"Reta";"Sim";2;1;0;0;1;0;0;2;-16,0719;-47,98449;"SPRF-DF";"DEL01-DF";"UOP01-DEL01-DF"
774737;2026-05-28;"quinta-feira";"17:30:00";"PE";428;188;"PETROLINA";"Condutor deixou de manter distância do veículo da frente";"Colisão lateral mesmo sentido";"Com Vítimas Feridas";"Plena Noite";"Decrescente";"Céu Claro";"Múltipla";"Retorno Regulamentado";"Sim";2;0;1;0;1;0;1;2;-9,36509936;-40,48335163;"SPRF-PE";"DEL06/PE";"UOP01-DEL06-PE"
774740;2026-05-28;"quinta-feira";"17:40:00";"CE";116;46,1;"PACAJUS";"Acessar a via sem observar a presença dos outros veículos";"Colisão transversal";"Com Vítimas Feridas";"Anoitecer";"Decrescente";"Céu Claro";"Dupla";"Retorno Regulamentado";"Sim";3;0;1;1;1;0;2;2;-4,14818947;-38,47746313;"SPRF-CE";"DEL01/CE";"UOP02-DEL01-CE"
774742;2026-04-24;"sexta-feira";"19:30:00";"RJ";101;236;"SILVA JARDIM";"Acessar a via sem observar a presença dos outros veículos";"Atropelamento de Pedestre";"Com Vítimas Fatais";"Plena Noite";"Decrescente";"Céu Claro";"Dupla";"Reta";"Sim";2;1;0;1;0;0;1;2;-22,61419905;-42,41143227;"SPRF-RJ";"DEL02/RJ";"UOP03-DEL02-RJ"
774746;2026-05-28;"quinta-feira";"19:00:00";"PR";369;159;"CAMBE";"Ausência de reação do condutor";"Engavetamento";"Sem Vítimas";"Plena Noite";"Crescente";"Céu Claro";"Dupla";"Reta;Aclive";"Sim";3;0;0;0;3;0;0;3;-23,28455745;-51,24207973;"SPRF-PR";"DEL07/PR";"UOP01-DEL07-PR"
774748;2026-05-28;"quinta-feira";"17:30:00";"RO";364;3,1;"JI-PARANA";"Frear bruscamente";"Queda de ocupante de veículo";"Com Vítimas Feridas";"Pleno dia";"Crescente";"Céu Claro";"Simples";"Rotatória";"Não";2;0;1;0;1;0;1;1;-10,8868093;-61,98773257;"SPRF-RO";"DEL04-RO";"UOP01-DEL04-RO"
774755;2026-04-30;"quinta-feira";"13:30:00";"GO";60;162,1;"GOIANIA";"Reação tardia ou ineficiente do condutor";"Colisão traseira";"Com Vítimas Feridas";"Pleno dia";"Crescente";"Céu Claro";"Dupla";"Declive;Viaduto";"Sim";2;0;0;1;1;0;1;2;-16,70544429;-49,34507132;"SPRF-GO";"DEL01/GO";"UOP02-DEL01-GO"
774758;2026-05-28;"quinta-feira";"18:45:00";"PE";423;85,3;"SAO JOAO";"Condutor deixou de manter distância do veículo da frente";"Colisão traseira";"Com Vítimas Feridas";"Plena Noite";"Decrescente";"Nublado";"Simples";"Reta";"Não";3;0;1;0;1;1;1;2;-8,808853;-36,442995;"SPRF-PE";"DEL03/PE";"UOP01-DEL03-PE"
774766;2026-05-28;"quinta-feira";"18:20:00";"GO";414;438;"ANAPOLIS";"Condutor deixou de manter distância do veículo da frente";"Colisão traseira";"Sem Vítimas";"Plena Noite";"Crescente";"Céu Claro";"Simples";"Reta;Declive";"Não";2;0;0;0;2;0;0;2;-16,26735037;-48,93922895;"SPRF-GO";"DEL02/GO";"UOP01-DEL02-GO"
774767;2026-05-28;"quinta-feira";"20:15:00";"PE";101;85,9;"JABOATAO DOS GUARARAPES";"Entrada inopinada do pedestre";"Atropelamento de Pedestre";"Com Vítimas Feridas";"Plena Noite";"Decrescente";"Nublado";"Dupla";"Aclive;Reta";"Não";2;0;1;1;0;0;2;2;-8,1874351;-34,9723695;"SPRF-PE";"DEL01/PE";"UOP01-DEL01-PE"
774775;2026-05-28;"quinta-feira";"19:00:00";"GO";153;583;"PROFESSOR JAMIL";"Animais na Pista";"Atropelamento de Animal";"Com Vítimas Feridas";"Plena Noite";"Crescente";"Céu Claro";"Dupla";"Declive";"Não";2;0;1;0;1;0;1;1;-17,31977047;-49,24327612;"SPRF-GO";"DEL03/GO";"UOP01-DEL03-GO"
774779;2026-05-28;"quinta-feira";"17:25:00";"MT";70;260;"PRIMAVERA DO LESTE";"Ingestão de álcool pelo condutor";"Saída de leito carroçável";"Com Vítimas Feridas";"Plena Noite";"Decrescente";"Céu Claro";"Simples";"Curva";"Não";7;0;4;1;2;0;5;1;-15,613515;-54,187377;"SPRF-MT";"DEL05/MT";"UOP01-DEL05-MT"
774783;2026-05-28;"quinta-feira";"21:00:00";"SP";101;45,7;"UBATUBA";"Reação tardia ou ineficiente do condutor";"Colisão com objeto";"Com Vítimas Feridas";"Plena Noite";"Decrescente";"Nublado";"Simples";"Reta";"Sim";1;0;1;0;0;0;1;1;-23,423788;-45,074773;"SPRF-SP";"DEL06/SP";"UOP01-DEL06-SP"
774791;2026-05-28;"quinta-feira";"23:00:00";"MA";10;258;"IMPERATRIZ";"Reação tardia ou ineficiente do condutor";"Tombamento";"Com Vítimas Feridas";"Plena Noite";"Crescente";"Céu Claro";"Simples";"Reta";"Sim";1;0;1;0;0;0;1;1;-5,4789113;-47,4720777;"SPRF-MA";"DEL04-MA";"UOP01-DEL04-MA"
774792;2026-05-28;"quinta-feira";"22:17:00";"RN";304;30;"MOSSORO";"Transitar na contramão";"Colisão frontal";"Com Vítimas Feridas";"Plena Noite";"Crescente";"Céu Claro";"Simples";"Reta";"Não";2;0;1;1;0;0;2;2;-5,12046;-37,341708;"SPRF-RN";"DEL04-RN";"UOP02-DEL04-RN"
774795;2026-05-28;"quinta-feira";"22:30:00";"MG";50;173;"UBERABA";"Ingestão de álcool pelo condutor";"Colisão traseira";"Sem Vítimas";"Plena Noite";"Decrescente";"Céu Claro";"Dupla";"Reta";"Sim";3;0;0;0;3;0;0;2;-19,75934197;-47,97845062;"SPRF-MG";"DEL13/MG";"UOP01-DEL13-MG"
774799;2026-05-28;"quinta-feira";"22:30:00";"SC";101;213,3;"PALHOCA";"Acesso irregular";"Colisão lateral sentido oposto";"Com Vítimas Feridas";"Plena Noite";"Decrescente";"Céu Claro";"Dupla";"Interseção de Vias;Reta";"Não";2;0;1;0;1;0;1;2;-27,6396;-48,66654;"SPRF-SC";"DEL01/SC";"UOP02-DEL01-SC"
774802;2026-05-28;"quinta-feira";"23:10:00";"PI";20;359;"MONSENHOR HIPOLITO";"Condutor Dormindo";"Capotamento";"Com Vítimas Feridas";"Plena Noite";"Decrescente";"Céu Claro";"Simples";"Reta";"Não";1;0;0;1;0;0;1;1;-6,851912;-41,067072;"SPRF-PI";"DEL04-PI";"UOP01-DEL04-PI"
774807;2026-05-29;"sexta-feira";"01:00:00";"RS";116;130;"SAO MARCOS";"Condutor Dormindo";"Saída de leito carroçável";"Com Vítimas Feridas";"Plena Noite";"Crescente";"Céu Claro";"Simples";"Curva";"Não";1;0;1;0;0;0;1;1;-29,03642832;-51,09155148;"SPRF-RS";"DEL05/RS";"UOP01-DEL05-RS"
774811;2026-05-29;"sexta-feira";"02:40:00";"RS";101;49;"TERRA DE AREIA";"Ingestão de álcool pelo condutor";"Saída de leito carroçável";"Sem Vítimas";"Plena Noite";"Decrescente";"Céu Claro";"Dupla";"Reta";"Não";3;0;0;0;3;0;0;1;-29,602662;-50,082582;"SPRF-RS";"DEL03/RS";"UOP02-DEL03-RS"
774821;2026-05-29;"sexta-feira";"06:26:00";"PE";101;81;"JABOATAO DOS GUARARAPES";"Condutor deixou de manter distância do veículo da frente";"Colisão traseira";"Com Vítimas Feridas";"Pleno dia";"Crescente";"Céu Claro";"Múltipla";"Reta";"Sim";2;0;1;0;1;0;1;2;-8,1653723;-34,9392398;"SPRF-PE";"DEL01/PE";"UOP01-DEL01-PE"
774824;2026-05-29;"sexta-feira";"06:00:00";"RJ";393;284;"VOLTA REDONDA";"Ultrapassagem Indevida";"Colisão frontal";"Com Vítimas Feridas";"Amanhecer";"Crescente";"Nublado";"Simples";"Curva";"Não";2;0;0;2;0;0;2;2;-22,498171;-44,072833;"SPRF-RJ";"DEL05/RJ";"UOP04-DEL05-RJ"
774826;2026-05-29;"sexta-feira";"06:43:00";"RJ";101;305;"SAO GONCALO";"Ausência de reação do condutor";"Colisão traseira";"Com Vítimas Feridas";"Amanhecer";"Decrescente";"Céu Claro";"Dupla";"Reta";"Sim";3;0;2;0;1;0;2;2;-22,78825399;-43,00140945;"SPRF-RJ";"DEL02/RJ";"UOP02-DEL02-RJ"
774827;2026-05-29;"sexta-feira";"07:45:00";"SC";101;196,5;"BIGUACU";"Avarias e/ou desgaste excessivo no pneu";"Tombamento";"Com Vítimas Feridas";"Pleno dia";"Decrescente";"Céu Claro";"Múltipla";"Curva";"Sim";2;0;2;0;0;0;2;1;-27,51388;-48,64001;"SPRF-SC";"DEL01/SC";"UOP01-DEL01-SC"
774843;2026-05-29;"sexta-feira";"08:25:00";"RS";386;43;"SEBERI";"Reação tardia ou ineficiente do condutor";"Saída de leito carroçável";"Com Vítimas Feridas";"Pleno dia";"Decrescente";"Nevoeiro/Neblina";"Simples";"Reta";"Não";2;0;1;1;0;0;2;1;-27,43025;-53,42076;"SPRF-RS";"DEL08/RS";"UOP02-DEL08-RS"
774847;2026-05-29;"sexta-feira";"05:30:00";"RO";425;125;"GUAJARA-MIRIM";"Ausência de reação do condutor";"Queda de ocupante de veículo";"Com Vítimas Feridas";"Amanhecer";"Decrescente";"Céu Claro";"Dupla";"Reta";"Sim";1;0;0;1;0;0;1;1;-10,76753805;-65,31918079;"SPRF-RO";"DEL01-RO";"UOP03-DEL01-RO"
774849;2026-05-29;"sexta-feira";"05:55:00";"AP";156;471;"TARTARUGALZINHO";"Ingestão de álcool pelo condutor";"Colisão com objeto";"Com Vítimas Feridas";"Amanhecer";"Crescente";"Chuva";"Simples";"Reta";"Sim";6;0;4;0;1;1;4;2;1,50027771;-50,91114879;"SPRF-AP";"DEL01-AP";"UOP02-DEL01-AP"
774851;2026-05-29;"sexta-feira";"09:00:00";"PE";104;66;"CARUARU";"Reação tardia ou ineficiente do condutor";"Colisão com objeto";"Sem Vítimas";"Pleno dia";"Decrescente";"Nublado";"Dupla";"Retorno Regulamentado;Reta";"Sim";1;0;0;0;1;0;0;1;-8,2859016;-35,9840283;"SPRF-PE";"DEL02/PE";"UOP01-DEL02-PE"
774854;2026-05-29;"sexta-feira";"09:45:00";"ES";101;141,8;"LINHARES";"Condutor desrespeitou a iluminação vermelha do semáforo";"Colisão lateral mesmo sentido";"Com Vítimas Feridas";"Pleno dia";"Decrescente";"Céu Claro";"Simples";"Interseção de Vias";"Sim";2;0;1;0;1;0;1;2;-19,332785;-40,068278;"SPRF-ES";"DEL04-ES";"UOP01-DEL04-ES"
774856;2026-02-02;"segunda-feira";"13:30:00";"RJ";101;399;"ITAGUAI";"Acessar a via sem observar a presença dos outros veículos";"Atropelamento de Pedestre";"Com Vítimas Feridas";"Pleno dia";"Crescente";"Céu Claro";"Dupla";"Reta";"Sim";3;0;1;2;0;0;3;2;-22,85887533;-43,75942233;"SPRF-RJ";"DEL03/RJ";"UOP01-DEL03-RJ"
774857;2026-05-29;"sexta-feira";"09:50:00";"PR";277;1,5;"CURITIBA";"Ausência de reação do condutor";"Tombamento";"Com Vítimas Feridas";"Pleno dia";"Decrescente";"Nublado";"Dupla";"Reta";"Sim";1;0;1;0;0;0;1;1;-25,43032;-49,35176;"SPRF-PR";"DEL01/PR";"UOP06-DEL01-PR"
774860;2026-05-29;"sexta-feira";"08:35:00";"RO";364;714;"PORTO VELHO";"Manobra de mudança de faixa";"Tombamento";"Com Vítimas Feridas";"Pleno dia";"Crescente";"Céu Claro";"Dupla";"Reta";"Sim";2;0;1;0;0;1;1;2;-8,77713871;-63,88930603;"SPRF-RO";"DEL01-RO";"UOP01-DEL01-RO"
774868;2026-05-23;"sábado";"13:00:00";"MG";116;398;"GOVERNADOR VALADARES";"Manobra de mudança de faixa";"Colisão traseira";"Com Vítimas Feridas";"Pleno dia";"Decrescente";"Céu Claro";"Simples";"Reta";"Não";5;0;2;0;2;1;2;4;-18,70804126;-41,9852829;"SPRF-MG";"DEL06/MG";"UOP01-DEL06-MG"
774870;2026-04-16;"quinta-feira";"10:20:00";"PB";230;25,2;"JOAO PESSOA";"Pedestre andava na pista";"Atropelamento de Pedestre";"Com Vítimas Feridas";"Pleno dia";"Crescente";"Sol";"Dupla";"Reta";"Sim";2;0;0;1;1;0;1;2;-7,170243;-34,870693;"SPRF-PB";"DEL01-PB";"UOP01-DEL01-PB"
774872;2026-05-29;"sexta-feira";"10:30:00";"PR";376;325;"ORTIGUEIRA";"Ausência de reação do condutor";"Colisão com objeto";"Sem Vítimas";"Pleno dia";"Decrescente";"Céu Claro";"Dupla";"Reta";"Não";1;0;0;0;1;0;0;1;-24,08740834;-51,05396971;"SPRF-PR";"DEL07/PR";"UOP02-DEL07-PR"
774878;2026-05-29;"sexta-feira";"07:41:00";"GO";364;129;"APARECIDA DO RIO DOCE";"Reação tardia ou ineficiente do condutor";"Saída de leito carroçável";"Com Vítimas Feridas";"Pleno dia";"Crescente";"Céu Claro";"Simples";"Reta";"Não";1;0;1;0;0;0;1;1;-18,2349;-51,2785;"SPRF-GO";"DEL05/GO";"UOP02-DEL05-GO"
774882;2026-05-25;"segunda-feira";"17:00:00";"RS";472;626;"BARRA DO QUARAI";"Afundamento ou ondulação no pavimento";"Saída de leito carroçável";"Com Vítimas Feridas";"Pleno dia";"Crescente";"Nublado";"Simples";"Reta";"Não";3;0;3;0;0;0;3;1;-30,11867;-57,34778;"SPRF-RS";"DEL13/RS";"UOP01-DEL13-RS"