"id";"data_inversa";"dia_semana";"horario";"uf";"br";"km";"municipio";"causa_acidente";"tipo_acidente";"classificacao_acidente";"fase_dia";"sentido_via";"condicao_metereologica";"tipo_pista";"tracado_via";"uso_solo";"pessoas";"mortos";"feridos_leves";"feridos_graves";"ilesos";"ignorados";"feridos";"veiculos";"latitude";"longitude";"regional";"delegacia";"uop"
774883;2026-05-29;"sexta-feira";"11:30:00";"GO";20;224;"POSSE";"Acessar a via sem observar a presença dos outros veículos";"Colisão transversal";"Com Vítimas Fatais";"Pleno dia";"Crescente";"Céu Claro";"Simples";"Aclive;Reta";"Não";6;2;0;4;0;0;4;2;-14,21491757;-46,33412362;"SPRF-DF";"DEL02-DF";"UOP03-DEL02-DF"
774891;2026-04-09;"quinta-feira";"11:00:00";"MT";163;988,9;"TERRA NOVA DO NORTE";"Acumulo de areia ou detritos sobre o pavimento";"Colisão com objeto";"Sem Vítimas";"Pleno dia";"Crescente";"Céu Claro";"Simples";"Reta";"Não";1;0;0;0;1;0;0;1;-10,594383;-55,096713;"SPRF-MT";"DEL06/MT";"UOP03-DEL06-MT"
774892;2026-05-29;"sexta-feira";"11:55:00";"GO";153;177;"CAMPINORTE";"Acessar a via sem observar a presença dos outros veículos";"Colisão transversal";"Com Vítimas Feridas";"Pleno dia";"Crescente";"Céu Claro";"Simples";"Reta;Em Obras";"Sim";5;0;3;0;2;0;3;2;-14,333572;-49,154279;"SPRF-GO";"DEL07/GO";"UOP02-DEL07-GO"
774893;2026-05-29;"sexta-feira";"12:30:00";"GO";153;443;"ANAPOLIS";"Reação tardia ou ineficiente do condutor";"Tombamento";"Com Vítimas Feridas";"Pleno dia";"Decrescente";"Céu Claro";"Dupla";"Curva";"Sim";1;0;0;1;0;0;1;1;-16,32352882;-48,928829;"SPRF-GO";"DEL02/GO";"UOP01-DEL02-GO"
774894;2026-05-29;"sexta-feira";"11:30:00";"RJ";40;114;"DUQUE DE CAXIAS";"Curva acentuada";"Colisão lateral mesmo sentido";"Com Vítimas Feridas";"Pleno dia";"Crescente";"Sol";"Dupla";"Curva";"Sim";2;0;2;0;0;0;2;1;-22,71828429;-43,29076264;"SPRF-RJ";"DEL01/RJ";"UOP02-DEL01-RJ"
774895;2026-05-29;"sexta-feira";"11:00:00";"MT";174;306;"PONTES E LACERDA";"Acessar a via sem observar a presença dos outros veículos";"Colisão transversal";"Com Vítimas Feridas";"Pleno dia";"Decrescente";"Céu Claro";"Simples";"Reta";"Sim";2;0;1;0;1;0;1;2;-15,23950217;-59,31552887;"SPRF-MT";"DEL04/MT";"UOP01-DEL04-MT"
774896;2026-05-29;"sexta-feira";"12:00:00";"RN";406;133,2;"TAIPU";"Desrespeitar a preferência no cruzamento";"Colisão transversal";"Com Vítimas Feridas";"Pleno dia";"Crescente";"Nublado";"Simples";"Interseção de Vias;Reta";"Não";3;0;3;0;0;0;3;2;-5,650395;-35,580577;"SPRF-RN";"DEL02-RN";"UOP01-DEL02-RN"
774897;2026-05-29;"sexta-feira";"12:50:00";"SC";101;151;"ITAPEMA";"Reação tardia ou ineficiente do condutor";"Colisão traseira";"Com Vítimas Feridas";"Pleno dia";"Decrescente";"Céu Claro";"Dupla";"Reta";"Sim";2;0;1;0;1;0;1;2;-27,13397885;-48,60959888;"SPRF-SC";"DEL04/SC";"UOP03-DEL04-SC"
774898;2026-05-29;"sexta-feira";"10:40:00";"ES";262;144,4;"MUNIZ FREIRE";"Demais falhas mecânicas ou elétricas";"Colisão traseira";"Com Vítimas Feridas";"Pleno dia";"Crescente";"Nublado";"Simples";"Reta";"Não";3;0;2;0;1;0;2;2;-20,237188;-41,406307;"SPRF-ES";"DEL01-ES";"UOP02-DEL01-ES"
774899;2026-05-29;"sexta-feira";"13:00:00";"SC";101;127,8;"ITAJAI";"Manobra de mudança de faixa";"Colisão lateral mesmo sentido";"Com Vítimas Feridas";"Pleno dia";"Decrescente";"Céu Claro";"Dupla";"Reta";"Não";2;0;0;1;1;0;1;2;-26,90247689;-48,71887207;"SPRF-SC";"DEL04/SC";"UOP04-DEL04-SC"
774900;2026-05-29;"sexta-feira";"11:45:00";"MT";70;527;"VARZEA GRANDE";"Acessar a via sem observar a presença dos outros veículos";"Colisão transversal";"Com Vítimas Feridas";"Pleno dia";"Decrescente";"Céu Claro";"Simples";"Reta";"Sim";2;0;1;1;0;0;2;2;-15,65159609;-56,19979143;"SPRF-MT";"DEL01/MT";"UOP02-DEL01-MT"
774903;2026-05-29;"sexta-feira";"13:05:00";"PR";116;18;"CURITIBA";"Acessar a via sem observar a presença dos outros veículos";"Atropelamento de Pedestre";"Com Vítimas Feridas";"Pleno dia";"Decrescente";"Nublado";"Dupla";"Reta";"Sim";2;0;1;0;1;0;1;2;-25,3889;-49,201;"SPRF-PR";"DEL01/PR";"UOP02-DEL01-PR"
774904;2026-05-29;"sexta-feira";"13:10:00";"SC";280;234,1;"CANOINHAS";"Reação tardia ou ineficiente do condutor";"Tombamento";"Com Vítimas Feridas";"Pleno dia";"Decrescente";"Nublado";"Simples";"Declive;Reta";"Não";3;0;0;1;2;0;1;2;-26,1912174;-50,4048692;"SPRF-SC";"DEL06/SC";"UOP04-DEL06-SC"
774911;2026-05-26;"terça-feira";"08:33:00";"TO";153;692;"CARIRI DO TOCANTINS";"Reação tardia ou ineficiente do condutor";"Colisão lateral sentido oposto";"Com Vítimas Feridas";"Pleno dia";"Decrescente";"Céu Claro";"Simples";"Reta";"Sim";2;0;1;0;1;0;1;2;-11,88941;-49,16522;"SPRF-TO";"DEL01-TO";"UOP02-DEL01-TO"
774913;2026-05-29;"sexta-feira";"14:20:00";"SC";282;3;"FLORIANOPOLIS";"Ausência de reação do condutor";"Queda de ocupante de veículo";"Com Vítimas Feridas";"Pleno dia";"Crescente";"Céu Claro";"Múltipla";"Reta";"Não";2;0;1;0;1;0;1;2;-27,60219872;-48,59656351;"SPRF-SC";"DEL01/SC";"UOP01-DEL01-SC"
774915;2026-05-29;"sexta-feira";"08:40:00";"GO";153;253;"SAO LUIZ DO NORTE";"Ausência de reação do condutor";"Eventos atípicos";"Com Vítimas Feridas";"Pleno dia";"Crescente";"Céu Claro";"Simples";"Reta";"Não";2;0;0;1;0;1;1;2;-14,95156;-49,377888;"SPRF-GO";"DEL07/GO";"UOP02-DEL07-GO"
774916;2026-05-29;"sexta-feira";"14:17:00";"PE";232;5;"RECIFE";"Demais falhas mecânicas ou elétricas";"Queda de ocupante de veículo";"Com Vítimas Feridas";"Pleno dia";"Crescente";"Céu Claro";"Dupla";"Reta";"Sim";2;0;2;0;0;0;2;1;-8,07107;-34,95387;"SPRF-PE";"DEL01/PE";"UOP01-DEL01-PE"
774918;2026-05-29;"sexta-feira";"14:20:00";"PR";376;169;"MARINGA";"Reação tardia ou ineficiente do condutor";"Colisão traseira";"Com Vítimas Feridas";"Pleno dia";"Decrescente";"Sol";"Dupla";"Reta";"Não";2;0;1;0;1;0;1;2;-23,4033427;-51,9962533;"SPRF-PR";"DEL09/PR";"UOP01-DEL09-PR"
774920;2026-05-26;"terça-feira";"05:00:00";"RJ";40;121;"DUQUE DE CAXIAS";"Reação tardia ou ineficiente do condutor";"Colisão com objeto";"Com Vítimas Feridas";"Plena Noite";"Crescente";"Céu Claro";"Múltipla";"Reta";"Sim";2;0;2;0;0;0;2;1;-22,77494945;-43,28615276;"SPRF-RJ";"DEL01/RJ";"UOP02-DEL01-RJ"
774922;2026-05-29;"sexta-feira";"08:30:00";"PB";405;19,6;"SAO JOAO DO RIO DO PEIXE";"Ausência de reação do condutor";"Saída de leito carroçável";"Com Vítimas Fatais";"Pleno dia";"Crescente";"Céu Claro";"Simples";"Reta";"Não";2;1;0;1;0;0;1;1;-6,616192;-38,415031;"SPRF-PB";"DEL03-PB";"UOP03-DEL03-PB"
774926;2026-05-29;"sexta-feira";"15:20:00";"MG";381;478;"CONTAGEM";"Ausência de reação do condutor";"Engavetamento";"Com Vítimas Feridas";"Pleno dia";"Decrescente";"Sol";"Dupla";"Reta";"Sim";4;0;2;0;2;0;2;3;-19,96142962;-44,03762341;"SPRF-MG";"DEL01/MG";"UOP03-DEL01-MG"
774927;2026-05-29;"sexta-feira";"12:15:00";"PR";376;175,7;"MARINGA";"Reação tardia ou ineficiente do condutor";"Colisão lateral mesmo sentido";"Com Vítimas Feridas";"Pleno dia";"Crescente";"Céu Claro";"Múltipla";"Reta";"Sim";2;0;1;0;1;0;1;2;-23,41254185;-51,94354177;"SPRF-PR";"DEL09/PR";"UOP01-DEL09-PR"
774932;2026-05-29;"sexta-feira";"11:00:00";"MG";262;171;"JOAO MONLEVADE";"Demais falhas na via";"Saída de leito carroçável";"Com Vítimas Feridas";"Pleno dia";"Crescente";"Céu Claro";"Simples";"Reta";"Não";2;0;2;0;0;0;2;1;-19,85017073;-43,15095165;"SPRF-MG";"DEL03/MG";"UOP01-DEL03-MG"
774943;2026-05-29;"sexta-feira";"16:20:00";"SC";101;206,8;"SAO JOSE";"Condutor deixou de manter distância do veículo da frente";"Colisão lateral mesmo sentido";"Com Vítimas Feridas";"Pleno dia";"Crescente";"Céu Claro";"Simples";"Curva;Ponte";"Sim";2;0;1;0;1;0;1;2;-27,59914;-48,62199;"SPRF-SC";"DEL01/SC";"UOP01-DEL01-SC"
774944;2026-05-21;"quinta-feira";"10:40:00";"RR";401;74;"BONFIM";"Acumulo de água sobre o pavimento";"Saída de leito carroçável";"Com Vítimas Feridas";"Pleno dia";"Decrescente";"Chuva";"Simples";"Curva";"Não";3;0;1;0;2;0;1;1;3,121294;-60,296092;"SPRF-RR";"DEL01-RR";"UOP01-DEL01-RR"
774947;2026-05-29;"sexta-feira";"15:30:00";"BA";367;24,9;"PORTO SEGURO";"Acessar a via sem observar a presença dos outros veículos";"Colisão lateral mesmo sentido";"Com Vítimas Feridas";"Pleno dia";"Decrescente";"Nublado";"Simples";"Reta";"Sim";2;0;1;0;1;0;1;2;-16,43674376;-39,09330368;"SPRF-BA";"DEL09/BA";"UOP03-DEL09-BA"
774948;2026-05-29;"sexta-feira";"16:15:00";"RS";116;270;"CANOAS";"Ausência de reação do condutor";"Colisão com objeto";"Sem Vítimas";"Pleno dia";"Decrescente";"Nublado";"Dupla";"Reta";"Sim";1;0;0;0;0;1;0;1;-29,9681768;-51,17627133;"SPRF-RS";"DEL01/RS";"UOP01-DEL01-RS"
774956;2026-05-29;"sexta-feira";"17:10:00";"SC";101;204,6;"SAO JOSE";"Pedestre andava na pista";"Atropelamento de Pedestre";"Com Vítimas Feridas";"Anoitecer";"Crescente";"Céu Claro";"Dupla";"Reta";"Sim";2;0;1;0;1;0;1;2;-27,58027782;-48,61451117;"SPRF-SC";"DEL01/SC";"UOP01-DEL01-SC"
774957;2026-05-29;"sexta-feira";"16:47:00";"SE";101;75,5;"MARUIM";"Entrada inopinada do pedestre";"Atropelamento de Pedestre";"Com Vítimas Feridas";"Anoitecer";"Decrescente";"Céu Claro";"Dupla";"Reta";"Não";2;0;1;0;0;1;1;2;-10,7676434;-37,11719549;"SPRF-SE";"DEL01-SE";"UOP01-DEL01-SE"
774960;2026-05-29;"sexta-feira";"17:00:00";"RJ";116;171;"RIO DE JANEIRO";"Ausência de reação do condutor";"Queda de ocupante de veículo";"Com Vítimas Feridas";"Anoitecer";"Crescente";"Céu Claro";"Dupla";"Reta";"Sim";1;0;1;0;0;0;1;1;-22,81384374;-43,32885735;"SPRF-RJ";"DEL06/RJ";"UOP01-DEL06-RJ"
774965;2026-05-29;"sexta-feira";"18:10:00";"ES";101;135,8;"LINHARES";"Reação tardia ou ineficiente do condutor";"Tombamento";"Com Vítimas Fatais";"Plena Noite";"Decrescente";"Céu Claro";"Múltipla";"Interseção de Vias";"Não";2;1;0;0;0;1;0;2;-19,28322486;-40,08702692;"SPRF-ES";"DEL04-ES";"UOP01-DEL04-ES"
774966;2026-05-29;"sexta-feira";"17:45:00";"RS";116;260;"CANOAS";"Transitar na contramão";"Colisão lateral sentido oposto";"Com Vítimas Feridas";"Anoitecer";"Crescente";"Nublado";"Dupla";"Reta";"Não";2;0;1;0;1;0;1;2;-29,87834856;-51,18028091;"SPRF-RS";"DEL01/RS";"UOP01-DEL01-RS"
774968;2026-05-29;"sexta-feira";"11:30:00";"RO";364;424;"JARU";"Acessar a via sem observar a presença dos outros veículos";"Colisão transversal";"Com Vítimas Feridas";"Pleno dia";"Crescente";"Céu Claro";"Dupla";"Interseção de Vias;Reta";"Sim";2;0;0;1;1;0;1;2;-10,439732;-62,469064;"SPRF-RO";"DEL03-RO";"UOP02-DEL03-RO"
774969;2026-05-29;"sexta-feira";"18:10:00";"RS";153;50,8;"ERECHIM";"Ausência de reação do condutor";"Colisão traseira";"Sem Vítimas";"Plena Noite";"Decrescente";"Nublado";"Simples";"Reta";"Não";2;0;0;0;2;0;0;2;-27,65897558;-52,28249788;"SPRF-RS";"DEL08/RS";"UOP04-DEL08-RS"
774975;2026-05-29;"sexta-feira";"18:11:00";"SC";282;2,5;"FLORIANOPOLIS";"Reação tardia ou ineficiente do condutor";"Colisão traseira";"Com Vítimas Feridas";"Anoitecer";"Decrescente";"Céu Claro";"Dupla";"Reta";"Sim";2;0;1;0;1;0;1;2;-27,60242;-48,59527;"SPRF-SC";"DEL01/SC";"UOP01-DEL01-SC"
774978;2026-05-29;"sexta-feira";"16:55:00";"RS";287;409;"SANTIAGO";"Reação tardia ou ineficiente do condutor";"Saída de leito carroçável";"Com Vítimas Feridas";"Pleno dia";"Decrescente";"Chuva";"Simples";"Interseção de Vias";"Não";4;0;1;0;3;0;1;1;-29,09752505;-54,92111061;"SPRF-RS";"DEL12/RS";"UOP02-DEL12-RS"
774979;2026-05-29;"sexta-feira";"18:40:00";"RJ";116;171;"RIO DE JANEIRO";"Condutor deixou de manter distância do veículo da frente";"Colisão traseira";"Com Vítimas Feridas";"Plena Noite";"Crescente";"Nublado";"Simples";"Reta";"Sim";3;0;1;0;2;0;1;2;-22,80622861;-43,34230058;"SPRF-RJ";"DEL06/RJ";"UOP01-DEL06-RJ"
774981;2026-05-29;"sexta-feira";"17:00:00";"RJ";465;9;"SEROPEDICA";"Trafegar com motocicleta (ou similar) entre as faixas";"Colisão frontal";"Com Vítimas Fatais";"Anoitecer";"Crescente";"Céu Claro";"Simples";"Reta";"Sim";3;1;0;1;1;0;1;3;-22,769992;-43,673842;"SPRF-RJ";"DEL06/RJ";"UOP02-DEL06-RJ"
774984;2026-05-29;"sexta-feira";"18:00:00";"SC";101;104,9;"PENHA";"Ausência de reação do condutor";"Colisão traseira";"Com Vítimas Feridas";"Pleno dia";"Crescente";"Céu Claro";"Dupla";"Reta";"Não";2;0;2;0;0;0;2;2;-26,79993361;-48,67902249;"SPRF-SC";"DEL03/SC";"UOP02-DEL03-SC"
774986;2026-05-29;"sexta-feira";"17:00:00";"BA";101;707;"EUNAPOLIS";"Acessar a via sem observar a presença dos outros veículos";"Colisão transversal";"Com Vítimas Feridas";"Anoitecer";"Crescente";"Nublado";"Simples";"Reta";"Não";3;0;2;0;0;1;2;2;-16,30061625;-39,59269524;"SPRF-BA";"DEL09/BA";"UOP01-DEL09-BA"
774992;2026-05-29;"sexta-feira";"19:00:00";"RJ";116;237;"PIRAI";"Demais falhas mecânicas ou elétricas";"Incêndio";"Sem Vítimas";"Plena Noite";"Decrescente";"Céu Claro";"Dupla";"Aclive;Reta";"Não";2;0;0;0;2;0;0;1;-22,664861;-43,87376;"SPRF-RJ";"DEL07/RJ";"UOP01-DEL07-RJ"
774993;2026-05-29;"sexta-feira";"19:30:00";"MG";40;510,2;"RIBEIRAO DAS NEVES";"Reação tardia ou ineficiente do condutor";"Colisão traseira";"Com Vítimas Feridas";"Plena Noite";"Crescente";"Céu Claro";"Dupla";"Aclive;Reta";"Não";2;0;1;0;1;0;1;2;-19,77830913;-44,12032104;"SPRF-MG";"DEL01/MG";"UOP02-DEL01-MG"
774997;2026-05-29;"sexta-feira";"16:51:00";"MG";381;526;"BRUMADINHO";"Curva acentuada";"Colisão com objeto";"Com Vítimas Feridas";"Pleno dia";"Crescente";"Céu Claro";"Simples";"Curva";"Não";1;0;1;0;0;0;1;1;-20,15349;-44,32622;"SPRF-MG";"DEL04/MG";"UOP03-DEL04-MG"
774999;2026-05-29;"sexta-feira";"18:50:00";"GO";70;30;"COCALZINHO DE GOIAS";"Animais na Pista";"Atropelamento de Animal";"Com Vítimas Feridas";"Plena Noite";"Crescente";"Céu Claro";"Simples";"Reta";"Não";4;0;2;0;2;0;2;3;-15,767331;-48,45141;"SPRF-DF";"DEL03-DF";"UOP02-DEL03-DF"
775000;2026-05-29;"sexta-feira";"19:52:00";"MG";40;514;"RIBEIRAO DAS NEVES";"Acumulo de areia ou detritos sobre o pavimento";"Tombamento";"Com Vítimas Feridas";"Plena Noite";"Crescente";"Céu Claro";"Dupla";"Reta";"Sim";1;0;1;0;0;0;1;1;-19,801245;-44,1006709;"SPRF-MG";"DEL01/MG";"UOP02-DEL01-MG"
775001;2026-05-29;"sexta-feira";"19:00:00";"RS";470;178;"VERANOPOLIS";"Acessar a via sem observar a presença dos outros veículos";"Colisão transversal";"Com Vítimas Feridas";"Plena Noite";"Crescente";"Chuva";"Simples";"Reta";"Sim";2;0;1;0;1;0;1;2;-28,94680822;-51,55287266;"SPRF-RS";"DEL06/RS";"UOP02-DEL06-RS"
775004;2026-05-29;"sexta-feira";"18:45:00";"SC";282;24,8;"SANTO AMARO DA IMPERATRIZ";"Desrespeitar a preferência no cruzamento";"Colisão lateral sentido oposto";"Com Vítimas Feridas";"Plena Noite";"Crescente";"Nublado";"Simples";"Reta;Interseção de Vias;Viaduto";"Sim";2;0;1;0;1;0;1;2;-27,6784;-48,7511;"SPRF-SC";"DEL01/SC";"UOP03-DEL01-SC"
775006;2026-05-29;"sexta-feira";"19:50:00";"SC";280;56;"GUARAMIRIM";"Pista Escorregadia";"Queda de ocupante de veículo";"Com Vítimas Feridas";"Plena Noite";"Crescente";"Nublado";"Dupla";"Curva";"Não";1;0;1;0;0;0;1;1;-26,47405399;-49,01995389;"SPRF-SC";"DEL03/SC";"UOP03-DEL03-SC"
775009;2026-05-29;"sexta-feira";"20:00:00";"RS";158;427,8;"SAO GABRIEL";"Reação tardia ou ineficiente do condutor";"Saída de leito carroçável";"Com Vítimas Feridas";"Plena Noite";"Crescente";"Nevoeiro/Neblina";"Simples";"Reta";"Não";2;0;2;0;0;0;2;1;-30,095273;-54,629519;"SPRF-RS";"DEL11/RS";"UOP02-DEL11-RS"
775014;2026-05-29;"sexta-feira";"21:00:00";"SC";101;207,5;"SAO JOSE";"Reação tardia ou ineficiente do condutor";"Colisão traseira";"Com Vítimas Feridas";"Plena Noite";"Crescente";"Céu Claro";"Múltipla";"Reta";"Sim";2;0;1;0;1;0;1;2;-27,59810695;-48,62083046;"SPRF-SC";"DEL01/SC";"UOP01-DEL01-SC"
775015;2026-05-29;"sexta-feira";"21:00:00";"RJ";116;183;"NOVA IGUACU";"Reação tardia ou ineficiente do condutor";"Tombamento";"Com Vítimas Feridas";"Plena Noite";"Crescente";"Céu Claro";"Dupla";"Reta";"Não";2;0;1;0;0;1;1;2;-22,7540883;-43,4348867;"SPRF-RJ";"DEL06/RJ";"UOP01-DEL06-RJ"
775017;2026-05-29;"sexta-feira";"20:30:00";"SC";101;207,6;"SAO JOSE";"Reação tardia ou ineficiente do condutor";"Engavetamento";"Com Vítimas Feridas";"Plena Noite";"Crescente";"Céu Claro";"Múltipla";"Curva";"Sim";3;0;1;0;2;0;1;3;-27,60085045;-48,62360001;"SPRF-SC";"DEL01/SC";"UOP01-DEL01-SC"
775027;2026-05-29;"sexta-feira";"19:30:00";"RO";364;334;"JI-PARANA";"Ingestão de álcool pelo condutor";"Colisão transversal";"Sem Vítimas";"Plena Noite";"Decrescente";"Céu Claro";"Simples";"Retorno Regulamentado;Reta";"Não";2;0;0;0;2;0;0;2;-10,94848;-61,925958;"SPRF-RO";"DEL02-RO";"UOP01-DEL02-RO"
775029;2026-05-29;"sexta-feira";"18:45:00";"RJ";465;1;"SEROPEDICA";"Área urbana sem a presença de local apropriado para a travessia de pedestres";"Atropelamento de Pedestre";"Com Vítimas Feridas";"Plena Noite";"Crescente";"Céu Claro";"Simples";"Reta";"Não";2;0;1;0;0;1;1;2;-22,71887359;-43,72661591;"SPRF-RJ";"DEL06/RJ";"UOP02-DEL06-RJ"
775030;2026-05-29;"sexta-feira";"19:15:00";"MG";262;69,6;"MATIPO";"Reação tardia ou ineficiente do condutor";"Colisão transversal";"Com Vítimas Feridas";"Plena Noite";"Decrescente";"Céu Claro";"Simples";"Declive;Reta";"Não";3;0;1;0;1;1;1;3;-20,308091;-42,292864;"SPRF-MG";"DEL06/MG";"UOP03-DEL06-MG"
775039;2026-05-29;"sexta-feira";"19:50:00";"MT";364;387,4;"SANTO ANTONIO DO LEVERGER";"Animais na Pista";"Atropelamento de Animal";"Com Vítimas Feridas";"Plena Noite";"Crescente";"Céu Claro";"Dupla";"Reta";"Não";1;0;1;0;0;0;1;1;-15,70132;-55,868192;"SPRF-MT";"DEL01/MT";"UOP02-DEL01-MT"
775043;2026-05-29;"sexta-feira";"22:25:00";"SC";101;4,8;"ARARANGUA";"Trafegar com motocicleta (ou similar) entre as faixas";"Colisão traseira";"Com Vítimas Feridas";"Plena Noite";"Crescente";"Nublado";"Simples";"Reta";"Não";3;0;2;0;0;1;2;3;-28,957193;-49,513251;"SPRF-SC";"DEL02/SC";"UOP02-DEL02-SC"
775046;2026-05-29;"sexta-feira";"22:50:00";"GO";60;192,3;"GUAPO";"Avarias e/ou desgaste excessivo no pneu";"Saída de leito carroçável";"Com Vítimas Feridas";"Plena Noite";"Crescente";"Céu Claro";"Dupla";"Reta";"Não";2;0;2;0;0;0;2;1;-16,851551;-49,567918;"SPRF-GO";"DEL01/GO";"UOP02-DEL01-GO"
775059;2026-05-29;"sexta-feira";"20:00:00";"MA";135;23;"SAO LUIS";"Acessar a via sem observar a presença dos outros veículos";"Colisão transversal";"Com Vítimas Feridas";"Plena Noite";"Crescente";"Céu Claro";"Dupla";"Rotatória;Reta";"Sim";4;0;2;0;1;1;2;3;-2,551378;-44,306798;"SPRF-MA";"DEL01-MA";"UOP01-DEL01-MA"
775060;2026-05-30;"sábado";"00:47:00";"SC";101;195;"BIGUACU";"Ausência de reação do condutor";"Colisão traseira";"Com Vítimas Feridas";"Plena Noite";"Crescente";"Céu Claro";"Múltipla";"Reta;Aclive";"Sim";2;0;0;1;1;0;1;2;-27,50495;-48,64975;"SPRF-SC";"DEL01/SC";"UOP01-DEL01-SC"
775065;2026-05-30;"sábado";"01:00:00";"RS";392;709,1;"PORTO XAVIER";"Reação tardia ou ineficiente do condutor";"Saída de leito carroçável";"Com Vítimas Fatais";"Plena Noite";"Decrescente";"Nevoeiro/Neblina";"Simples";"Curva";"Não";1;1;0;0;0;0;0;1;-27,99885815;-55,12833087;"SPRF-RS";"DEL10/RS";"UOP01-DEL10-RS"
775067;2026-05-30;"sábado";"00:35:00";"SC";101;131,9;"CAMBORIU";"Reação tardia ou ineficiente do condutor";"Colisão traseira";"Com Vítimas Feridas";"Plena Noite";"Crescente";"Nublado";"Dupla";"Curva";"Sim";3;0;1;0;1;1;1;3;-26,994816;-48,658611;"SPRF-SC";"DEL04/SC";"UOP03-DEL04-SC"
775069;2026-05-30;"sábado";"01:33:00";"RN";226;119,1;"SANTA CRUZ";"Animais na Pista";"Atropelamento de Animal";"Sem Vítimas";"Plena Noite";"Crescente";"Garoa/Chuvisco";"Simples";"Reta";"Não";3;0;0;0;3;0;0;1;-6,196655;-36,068265;"SPRF-RN";"DEL03-RN";"UOP02-DEL03-RN"
775071;2026-05-30;"sábado";"03:00:00";"MG";381;484,5;"BETIM";"Condutor Dormindo";"Tombamento";"Com Vítimas Fatais";"Plena Noite";"Crescente";"Céu Claro";"Dupla";"Curva;Declive";"Sim";1;1;0;0;0;0;0;1;-19,95542432;-44,09838617;"SPRF-MG";"DEL01/MG";"UOP03-DEL01-MG"
775072;2026-05-30;"sábado";"02:00:00";"PR";277;636;"CEU AZUL";"Condutor Dormindo";"Saída de leito carroçável";"Com Vítimas Feridas";"Plena Noite";"Crescente";"Céu Claro";"Simples";"Reta";"Sim";1;0;1;0;0;0;1;1;-25,13185507;-53,82487234;"SPRF-PR";"DEL05/PR";"UOP02-DEL05-PR"
775076;2026-05-30;"sábado";"03:55:00";"GO";60;186;"GUAPO";"Condutor Dormindo";"Capotamento";"Com Vítimas Feridas";"Plena Noite";"Decrescente";"Céu Claro";"Dupla";"Reta";"Não";2;0;2;0;0;0;2;1;-16,809348;-49,527174;"SPRF-GO";"DEL01/GO";"UOP02-DEL01-GO"
775078;2026-05-30;"sábado";"04:00:00";"SP";116;286;"ITAPECERICA DA SERRA";"Ausência de reação do condutor";"Colisão lateral mesmo sentido";"Com Vítimas Feridas";"Plena Noite";"Crescente";"Céu Claro";"Dupla";"Reta";"Não";2;0;1;0;0;1;1;2;-23,69870503;-46,86678219;"SPRF-SP";"DEL04/SP";"UOP01-DEL04-SP"
775082;2026-05-30;"sábado";"04:45:00";"GO";60;376;"RIO VERDE";"Estacionar ou parar em local proibido";"Colisão traseira";"Sem Vítimas";"Plena Noite";"Decrescente";"Céu Claro";"Dupla";"Reta";"Não";2;0;0;0;2;0;0;2;-17,752;-50,87742;"SPRF-GO";"DEL04/GO";"UOP02-DEL04-GO"
775087;2026-05-30;"sábado";"03:40:00";"SC";282;460;"PONTE SERRADA";"Condutor deixou de manter distância do veículo da frente";"Colisão traseira";"Sem Vítimas";"Plena Noite";"Decrescente";"Chuva";"Simples";"Interseção de Vias";"Sim";2;0;0;0;2;0;0;2;-26,8730705;-52,01852258;"SPRF-SC";"DEL07/SC";"UOP04-DEL07-SC"
775093;2026-05-29;"sexta-feira";"19:00:00";"RJ";116;194;"QUEIMADOS";"Ausência de reação do condutor";"Tombamento";"Com Vítimas Feridas";"Plena Noite";"Decrescente";"Céu Claro";"Dupla";"Reta";"Sim";2;0;1;0;1;0;1;1;-22,73786253;-43,53615459;"SPRF-RJ";"DEL06/RJ";"UOP01-DEL06-RJ"
775095;2026-04-08;"quarta-feira";"05:10:00";"RR";174;312;"CARACARAI";"Ausência de reação do condutor";"Saída de leito carroçável";"Com Vítimas Feridas";"Amanhecer";"Crescente";"Nublado";"Simples";"Reta";"Não";17;0;15;1;1;0;16;1;1,47724136;-60,86964089;"SPRF-RR";"DEL01-RR";"UOP02-DEL01-RR"
775110;2026-04-12;"domingo";"22:03:00";"SE";235;66;"ITABAIANA";"Chuva";"Capotamento";"Sem Vítimas";"Plena Noite";"Decrescente";"Chuva";"Simples";"Curva;Declive";"Não";3;0;0;0;3;0;0;1;-10,60257013;-37,48809814;"SPRF-SE";"DEL01-SE";"UOP02-DEL01-SE"
775111;2026-04-28;"terça-feira";"08:00:00";"MG";381;484;"BETIM";"Condutor deixou de manter distância do veículo da frente";"Colisão traseira";"Com Vítimas Feridas";"Pleno dia";"Decrescente";"Céu Claro";"Múltipla";"Reta";"Sim";2;0;1;0;1;0;1;2;-19,956831;-44,093663;"SPRF-MG";"DEL01/MG";"UOP03-DEL01-MG"
775115;2026-05-30;"sábado";"08:08:00";"PE";101;64;"RECIFE";"Ingestão de álcool pelo condutor";"Colisão lateral mesmo sentido";"Com Vítimas Feridas";"Pleno dia";"Crescente";"Sol";"Dupla";"Reta;Interseção de Vias";"Sim";2;0;1;0;1;0;1;2;-8,01534;-34,94007;"SPRF-PE";"DEL01/PE";"UOP01-DEL01-PE"
775117;2026-05-30;"sábado";"08:00:00";"PR";369;158;"CAMBE";"Ausência de reação do condutor";"Tombamento";"Com Vítimas Feridas";"Pleno dia";"Crescente";"Céu Claro";"Dupla";"Curva";"Sim";2;0;2;0;0;0;2;1;-23,285616;-51,236526;"SPRF-PR";"DEL07/PR";"UOP01-DEL07-PR"