"id";"data_inversa";"dia_semana";"horario";"uf";"br";"km";"municipio";"causa_acidente";"tipo_acidente";"classificacao_acidente";"fase_dia";"sentido_via";"condicao_metereologica";"tipo_pista";"tracado_via";"uso_solo";"pessoas";"mortos";"feridos_leves";"feridos_graves";"ilesos";"ignorados";"feridos";"veiculos";"latitude";"longitude";"regional";"delegacia";"uop"
775118;2026-05-30;"sábado";"01:24:00";"PE";428;181;"PETROLINA";"Reação tardia ou ineficiente do condutor";"Saída de leito carroçável";"Sem Vítimas";"Plena Noite";"Crescente";"Céu Claro";"Dupla";"Reta";"Não";1;0;0;0;0;1;0;1;-9,322283;-40,4613;"SPRF-PE";"DEL06/PE";"UOP01-DEL06-PE"
775122;2026-05-30;"sábado";"06:30:00";"PI";316;317;"PICOS";"Acessar a via sem observar a presença dos outros veículos";"Colisão transversal";"Sem Vítimas";"Pleno dia";"Decrescente";"Céu Claro";"Dupla";"Reta";"Sim";2;0;0;0;2;0;0;2;-7,08413484;-41,40562124;"SPRF-PI";"DEL04-PI";"UOP01-DEL04-PI"
775125;2026-05-30;"sábado";"08:00:00";"MG";365;718;"MONTE ALEGRE DE MINAS";"Pista esburacada";"Sinistro pessoal de trânsito";"Com Vítimas Feridas";"Pleno dia";"Crescente";"Céu Claro";"Simples";"Reta";"Não";1;0;1;0;0;0;1;1;-18,88272158;-49,19204056;"SPRF-MG";"DEL15/MG";"UOP03-DEL15-MG"
775128;2026-05-30;"sábado";"06:30:00";"CE";116;366,4;"ICO";"Pista esburacada";"Queda de ocupante de veículo";"Com Vítimas Fatais";"Pleno dia";"Crescente";"Nublado";"Simples";"Reta";"Não";1;1;0;0;0;0;0;1;-6,35889;-38,77462;"SPRF-CE";"DEL05/CE";"UOP01-DEL05-CE"
775129;2026-05-26;"terça-feira";"17:40:00";"PR";116;12;"COLOMBO";"Reação tardia ou ineficiente do condutor";"Colisão traseira";"Com Vítimas Feridas";"Pleno dia";"Decrescente";"Nublado";"Dupla";"Reta";"Sim";2;0;1;0;1;0;1;2;-25,37600784;-49,15029399;"SPRF-PR";"DEL01/PR";"UOP02-DEL01-PR"
775135;2026-05-30;"sábado";"09:20:00";"AM";230;614;"HUMAITA";"Condutor desrespeitou a iluminação vermelha do semáforo";"Colisão transversal";"Com Vítimas Feridas";"Pleno dia";"Crescente";"Céu Claro";"Simples";"Interseção de Vias";"Sim";2;0;1;0;1;0;1;2;-7,5216;-63,03616;"SPRF-AM";"DEL02-AM";"UOP01-DEL02-AM"
775136;2026-05-30;"sábado";"10:27:00";"PE";101;61;"RECIFE";"Reação tardia ou ineficiente do condutor";"Colisão traseira";"Com Vítimas Feridas";"Pleno dia";"Crescente";"Céu Claro";"Dupla";"Reta";"Sim";4;0;2;0;2;0;2;2;-7,99417;-34,93788;"SPRF-PE";"DEL01/PE";"UOP02-DEL01-PE"
775137;2026-05-30;"sábado";"09:35:00";"PE";423;93,8;"GARANHUNS";"Reação tardia ou ineficiente do condutor";"Queda de ocupante de veículo";"Com Vítimas Feridas";"Pleno dia";"Crescente";"Garoa/Chuvisco";"Dupla";"Reta";"Sim";3;0;1;0;2;0;1;2;-8,874518;-36,470557;"SPRF-PE";"DEL03/PE";"UOP01-DEL03-PE"
775140;2026-05-30;"sábado";"11:10:00";"SC";101;213,3;"PALHOCA";"Reação tardia ou ineficiente do condutor";"Tombamento";"Com Vítimas Feridas";"Pleno dia";"Decrescente";"Nublado";"Dupla";"Reta";"Sim";2;0;2;0;0;0;2;1;-27,63937;-48,66653;"SPRF-SC";"DEL01/SC";"UOP02-DEL01-SC"
775141;2026-05-30;"sábado";"11:00:00";"SC";101;129;"CAMBORIU";"Trafegar com motocicleta (ou similar) entre as faixas";"Colisão lateral mesmo sentido";"Com Vítimas Feridas";"Pleno dia";"Crescente";"Nublado";"Dupla";"Reta";"Não";2;0;0;1;1;0;1;2;-26,98187851;-48,67607944;"SPRF-SC";"DEL04/SC";"UOP03-DEL04-SC"
775143;2026-05-30;"sábado";"10:05:00";"RJ";493;63;"NOVA IGUACU";"Demais falhas mecânicas ou elétricas";"Incêndio";"Sem Vítimas";"Pleno dia";"Decrescente";"Céu Claro";"Dupla";"Reta";"Não";2;0;0;0;2;0;0;1;-22,6834998;-43,42447793;"SPRF-RJ";"DEL01/RJ";"UOP03-DEL01-RJ"
775151;2026-05-30;"sábado";"12:10:00";"PE";428;185;"PETROLINA";"Pedestre - Ingestão de álcool/ substâncias psicoativas";"Atropelamento de Pedestre";"Com Vítimas Feridas";"Pleno dia";"Crescente";"Céu Claro";"Múltipla";"Reta";"Sim";3;0;1;0;1;1;1;2;-9,3457741;-40,4734333;"SPRF-PE";"DEL06/PE";"UOP01-DEL06-PE"
775153;2026-05-30;"sábado";"12:30:00";"PE";232;3,9;"RECIFE";"Condutor deixou de manter distância do veículo da frente";"Colisão traseira";"Sem Vítimas";"Pleno dia";"Crescente";"Céu Claro";"Dupla";"Reta";"Não";3;0;0;0;3;0;0;2;-8,0655655;-34,939585;"SPRF-PE";"DEL01/PE";"UOP01-DEL01-PE"
775154;2026-05-30;"sábado";"08:30:00";"SC";280;137;"RIO NEGRINHO";"Ingestão de álcool pelo condutor";"Saída de leito carroçável";"Com Vítimas Feridas";"Pleno dia";"Crescente";"Chuva";"Simples";"Curva";"Não";1;0;1;0;0;0;1;1;-26,26821;-49,59042;"SPRF-SC";"DEL06/SC";"UOP03-DEL06-SC"
775155;2026-05-30;"sábado";"12:42:00";"SP";116;297,2;"ITAPECERICA DA SERRA";"Ausência de reação do condutor";"Colisão com objeto";"Com Vítimas Feridas";"Pleno dia";"Decrescente";"Nublado";"Dupla";"Reta";"Não";2;0;1;0;0;1;1;1;-23,766;-46,908;"SPRF-SP";"DEL04/SP";"UOP01-DEL04-SP"
775156;2026-05-30;"sábado";"11:50:00";"BA";116;709;"MANOEL VITORINO";"Reação tardia ou ineficiente do condutor";"Atropelamento de Pedestre";"Com Vítimas Feridas";"Pleno dia";"Decrescente";"Nublado";"Dupla";"Reta";"Sim";2;0;0;2;0;0;2;2;-14,14690294;-40,24337975;"SPRF-BA";"DEL03/BA";"UOP01-DEL03-BA"
775157;2026-05-30;"sábado";"10:30:00";"MG";262;786,8;"UBERABA";"Pedestre andava na pista";"Atropelamento de Pedestre";"Com Vítimas Feridas";"Pleno dia";"Crescente";"Céu Claro";"Dupla";"Curva";"Sim";4;0;1;1;0;2;2;2;-19,772046;-47,913613;"SPRF-MG";"DEL13/MG";"UOP01-DEL13-MG"
775159;2026-05-30;"sábado";"12:02:00";"GO";452;0;"RIO VERDE";"Pista Escorregadia";"Queda de ocupante de veículo";"Com Vítimas Feridas";"Pleno dia";"Crescente";"Céu Claro";"Dupla";"Curva";"Sim";1;0;0;1;0;0;1;1;-17,78716878;-50,90223312;"SPRF-GO";"DEL04/GO";"UOP01-DEL04-GO"
775164;2026-05-30;"sábado";"12:50:00";"ES";101;62,8;"SAO MATEUS";"Ausência de reação do condutor";"Saída de leito carroçável";"Com Vítimas Feridas";"Pleno dia";"Crescente";"Céu Claro";"Simples";"Reta";"Não";5;0;3;0;0;2;3;1;-18,696275;-39,864597;"SPRF-ES";"DEL04-ES";"UOP02-DEL04-ES"
775165;2026-05-30;"sábado";"13:00:00";"RS";448;13,9;"CANOAS";"Reação tardia ou ineficiente do condutor";"Colisão traseira";"Com Vítimas Feridas";"Pleno dia";"Crescente";"Céu Claro";"Múltipla";"Reta";"Sim";4;0;1;0;3;0;1;2;-29,91347898;-51,23664768;"SPRF-RS";"DEL01/RS";"UOP01-DEL01-RS"
775166;2026-05-30;"sábado";"12:00:00";"SC";101;45;"JOINVILLE";"Condutor deixou de manter distância do veículo da frente";"Colisão traseira";"Com Vítimas Feridas";"Pleno dia";"Crescente";"Nublado";"Simples";"Reta;Declive";"Não";3;0;0;1;2;0;1;2;-26,34347;-48,85825;"SPRF-SC";"DEL03/SC";"UOP01-DEL03-SC"
775167;2026-05-30;"sábado";"12:50:00";"SE";235;29,7;"AREIA BRANCA";"Ultrapassagem Indevida";"Colisão frontal";"Com Vítimas Feridas";"Pleno dia";"Decrescente";"Céu Claro";"Simples";"Reta";"Não";5;0;5;0;0;0;5;2;-10,786764;-37,289989;"SPRF-SE";"DEL01-SE";"UOP02-DEL01-SE"
775169;2026-05-30;"sábado";"11:00:00";"MG";50;186;"UBERABA";"Reação tardia ou ineficiente do condutor";"Tombamento";"Com Vítimas Feridas";"Pleno dia";"Crescente";"Céu Claro";"Dupla";"Reta";"Não";1;0;1;0;0;0;1;1;-19,81609793;-47,8965611;"SPRF-MG";"DEL13/MG";"UOP01-DEL13-MG"
775170;2026-05-30;"sábado";"13:15:00";"MA";222;671;"ACAILANDIA";"Ultrapassagem Indevida";"Colisão transversal";"Com Vítimas Feridas";"Pleno dia";"Decrescente";"Céu Claro";"Simples";"Reta";"Sim";3;0;1;0;1;1;1;3;-4,941073;-47,465508;"SPRF-MA";"DEL04-MA";"UOP03-DEL04-MA"
775171;2026-05-30;"sábado";"13:50:00";"SC";101;205,7;"SAO JOSE";"Condutor deixou de manter distância do veículo da frente";"Colisão traseira";"Com Vítimas Feridas";"Pleno dia";"Decrescente";"Céu Claro";"Múltipla";"Reta";"Não";3;0;1;0;2;0;1;2;-27,58955;-48,61724;"SPRF-SC";"DEL01/SC";"UOP01-DEL01-SC"
775172;2026-05-30;"sábado";"09:45:00";"SC";163;89,3;"GUARACIABA";"Entrada inopinada do pedestre";"Atropelamento de Pedestre";"Com Vítimas Feridas";"Pleno dia";"Decrescente";"Céu Claro";"Simples";"Curva";"Não";4;0;1;0;3;0;1;2;-26,572331;-53,51086378;"SPRF-SC";"DEL07/SC";"UOP03-DEL07-SC"
775173;2026-05-30;"sábado";"12:51:00";"MA";135;1,5;"SAO LUIS";"Reação tardia ou ineficiente do condutor";"Atropelamento de Pedestre";"Com Vítimas Feridas";"Pleno dia";"Crescente";"Chuva";"Dupla";"Reta";"Sim";2;0;1;1;0;0;2;2;-2,593333;-44,24518;"SPRF-MA";"DEL01-MA";"UOP01-DEL01-MA"
775174;2026-05-30;"sábado";"12:10:00";"MG";116;215,6;"CATUJI";"Ausência de reação do condutor";"Colisão lateral mesmo sentido";"Com Vítimas Feridas";"Pleno dia";"Crescente";"Céu Claro";"Simples";"Aclive;Reta";"Não";3;0;1;1;0;1;2;2;-17,37313;-41,530825;"SPRF-MG";"DEL11/MG";"UOP01-DEL11-MG"
775190;2026-05-30;"sábado";"12:15:00";"SP";116;47;"CANAS";"Reação tardia ou ineficiente do condutor";"Saída de leito carroçável";"Com Vítimas Feridas";"Pleno dia";"Decrescente";"Nublado";"Dupla";"Reta";"Não";3;0;2;0;1;0;2;1;-22,71909311;-45,06063159;"SPRF-SP";"DEL08/SP";"UOP02-DEL08-SP"
775191;2026-05-30;"sábado";"14:40:00";"PR";277;724;"FOZ DO IGUACU";"Reação tardia ou ineficiente do condutor";"Colisão traseira";"Com Vítimas Feridas";"Pleno dia";"Decrescente";"Céu Claro";"Dupla";"Reta";"Sim";2;0;1;0;1;0;1;2;-25,50024794;-54,53289525;"SPRF-PR";"DEL05/PR";"UOP03-DEL05-PR"
775193;2026-05-30;"sábado";"15:45:00";"SC";101;99,6;"BALNEARIO PICARRAS";"Reação tardia ou ineficiente do condutor";"Colisão traseira";"Com Vítimas Feridas";"Pleno dia";"Decrescente";"Céu Claro";"Dupla";"Reta";"Não";2;0;0;1;1;0;1;2;-26,75390198;-48,69020311;"SPRF-SC";"DEL03/SC";"UOP02-DEL03-SC"
775194;2026-05-30;"sábado";"15:20:00";"SC";101;98,3;"BALNEARIO PICARRAS";"Reação tardia ou ineficiente do condutor";"Colisão traseira";"Com Vítimas Feridas";"Pleno dia";"Decrescente";"Nublado";"Dupla";"Reta";"Sim";2;0;1;0;1;0;1;2;-26,743895;-48,697532;"SPRF-SC";"DEL03/SC";"UOP02-DEL03-SC"
775196;2026-05-30;"sábado";"15:58:00";"PB";230;6,8;"CABEDELO";"Demais falhas na via";"Colisão com objeto";"Com Vítimas Fatais";"Pleno dia";"Decrescente";"Sol";"Múltipla";"Em Obras;Reta";"Sim";7;1;4;1;1;0;5;1;-7,0287;-34,8396;"SPRF-PB";"DEL01-PB";"UOP01-DEL01-PB"
775201;2026-05-30;"sábado";"14:10:00";"PR";277;298,9;"PRUDENTOPOLIS";"Reação tardia ou ineficiente do condutor";"Saída de leito carroçável";"Com Vítimas Feridas";"Pleno dia";"Crescente";"Céu Claro";"Simples";"Curva";"Não";1;0;1;0;0;0;1;1;-25,31523693;-51,04503125;"SPRF-PR";"DEL08/PR";"UOP01-DEL08-PR"
775202;2026-05-30;"sábado";"17:00:00";"MG";381;478;"CONTAGEM";"Reação tardia ou ineficiente do condutor";"Tombamento";"Com Vítimas Feridas";"Pleno dia";"Decrescente";"Céu Claro";"Dupla";"Reta";"Sim";2;0;0;1;1;0;1;2;-19,959487;-44,033423;"SPRF-MG";"DEL01/MG";"UOP03-DEL01-MG"
775206;2026-05-30;"sábado";"16:45:00";"PR";376;188;"MARIALVA";"Condutor deixou de manter distância do veículo da frente";"Colisão traseira";"Com Vítimas Feridas";"Pleno dia";"Decrescente";"Sol";"Dupla";"Reta";"Não";2;0;1;0;0;1;1;2;-23,45975;-51,8385;"SPRF-PR";"DEL09/PR";"UOP01-DEL09-PR"
775224;2026-05-30;"sábado";"17:00:00";"MG";116;517,9;"UBAPORANGA";"Frear bruscamente";"Tombamento";"Com Vítimas Feridas";"Anoitecer";"Crescente";"Nublado";"Simples";"Reta";"Não";1;0;1;0;0;0;1;1;-19,712475;-42,125122;"SPRF-MG";"DEL06/MG";"UOP02-DEL06-MG"
775225;2026-05-30;"sábado";"18:00:00";"SP";116;225;"GUARULHOS";"Reação tardia ou ineficiente do condutor";"Tombamento";"Com Vítimas Feridas";"Plena Noite";"Decrescente";"Nublado";"Múltipla";"Reta";"Sim";1;0;1;0;0;0;1;1;-23,490055;-46,547058;"SPRF-SP";"DEL01/SP";"UOP01-DEL01-SP"
775227;2026-05-30;"sábado";"16:15:00";"PB";230;461,4;"SOUSA";"Pedestre cruzava a pista fora da faixa";"Atropelamento de Pedestre";"Com Vítimas Feridas";"Pleno dia";"Decrescente";"Céu Claro";"Simples";"Reta";"Sim";2;0;0;1;1;0;1;2;-6,778083;-38,222425;"SPRF-PB";"DEL03-PB";"UOP03-DEL03-PB"
775228;2026-05-30;"sábado";"18:48:00";"RJ";101;295;"ITABORAI";"Trafegar com motocicleta (ou similar) entre as faixas";"Colisão traseira";"Com Vítimas Feridas";"Plena Noite";"Decrescente";"Céu Claro";"Dupla";"Reta";"Não";3;0;2;0;1;0;2;2;-22,76478516;-42,90229797;"SPRF-RJ";"DEL02/RJ";"UOP02-DEL02-RJ"
775229;2026-05-30;"sábado";"11:42:00";"RJ";40;118;"DUQUE DE CAXIAS";"Condutor deixou de manter distância do veículo da frente";"Colisão traseira";"Sem Vítimas";"Pleno dia";"Decrescente";"Céu Claro";"Múltipla";"Reta";"Sim";2;0;0;0;2;0;0;2;-22,76108;-43,28674;"SPRF-RJ";"DEL01/RJ";"UOP02-DEL01-RJ"
775230;2026-05-30;"sábado";"17:30:00";"RJ";40;85;"PETROPOLIS";"Curva acentuada";"Saída de leito carroçável";"Com Vítimas Feridas";"Anoitecer";"Decrescente";"Céu Claro";"Simples";"Curva;Aclive";"Não";3;0;1;0;2;0;1;1;-22,55131349;-43,225419;"SPRF-RJ";"DEL01/RJ";"UOP01-DEL01-RJ"
775232;2026-05-30;"sábado";"18:15:00";"MG";40;793,2;"JUIZ DE FORA";"Ausência de reação do condutor";"Colisão com objeto";"Com Vítimas Fatais";"Plena Noite";"Decrescente";"Nublado";"Dupla";"Reta";"Não";4;1;0;0;1;2;0;4;-21,59944908;-43,45787223;"SPRF-MG";"DEL05/MG";"UOP01-DEL05-MG"
775233;2026-05-30;"sábado";"16:50:00";"RJ";40;121;"DUQUE DE CAXIAS";"Manobra de mudança de faixa";"Queda de ocupante de veículo";"Com Vítimas Feridas";"Pleno dia";"Decrescente";"Nublado";"Múltipla";"Reta";"Não";3;0;1;0;2;0;1;2;-22,78656;-43,2852;"SPRF-RJ";"DEL01/RJ";"UOP02-DEL01-RJ"
775236;2026-05-30;"sábado";"19:10:00";"SC";101;203,5;"SAO JOSE";"Avarias e/ou desgaste excessivo no pneu";"Tombamento";"Com Vítimas Feridas";"Plena Noite";"Crescente";"Nublado";"Dupla";"Reta";"Sim";2;0;2;0;0;0;2;1;-27,56971;-48,61397;"SPRF-SC";"DEL01/SC";"UOP01-DEL01-SC"
775237;2026-05-30;"sábado";"19:13:00";"SC";470;59;"BLUMENAU";"Acesso irregular";"Colisão transversal";"Com Vítimas Feridas";"Plena Noite";"Crescente";"Céu Claro";"Simples";"Reta";"Sim";2;0;1;0;1;0;1;2;-26,882047;-49,159194;"SPRF-SC";"DEL04/SC";"UOP01-DEL04-SC"
775239;2026-05-30;"sábado";"18:30:00";"PR";467;106,9;"CASCAVEL";"Condutor deixou de manter distância do veículo da frente";"Tombamento";"Com Vítimas Feridas";"Plena Noite";"Decrescente";"Céu Claro";"Dupla";"Reta";"Sim";1;0;1;0;0;0;1;1;-24,91865204;-53,48288834;"SPRF-PR";"DEL04/PR";"UOP01-DEL04-PR"
775240;2026-05-30;"sábado";"19:20:00";"DF";40;4,8;"BRASILIA";"Pedestre cruzava a pista fora da faixa";"Atropelamento de Pedestre";"Com Vítimas Fatais";"Plena Noite";"Crescente";"Céu Claro";"Múltipla";"Reta";"Não";5;1;0;0;4;0;0;2;-16,01831;-47,98095;"SPRF-DF";"DEL01-DF";"UOP01-DEL01-DF"
775243;2026-05-30;"sábado";"13:00:00";"GO";60;258;"INDIARA";"Animais na Pista";"Saída de leito carroçável";"Sem Vítimas";"Pleno dia";"Decrescente";"Céu Claro";"Dupla";"Reta";"Não";1;0;0;0;1;0;0;1;-17,160212;-50,036491;"SPRF-GO";"DEL01/GO";"UOP02-DEL01-GO"
775244;2026-05-30;"sábado";"19:10:00";"MA";222;663;"ACAILANDIA";"Ingestão de álcool pelo condutor";"Colisão traseira";"Com Vítimas Feridas";"Plena Noite";"Decrescente";"Céu Claro";"Simples";"Reta";"Sim";3;0;2;0;0;1;2;2;-4,900628;-47,395647;"SPRF-MA";"DEL04-MA";"UOP03-DEL04-MA"
775248;2026-05-30;"sábado";"16:10:00";"MT";163;747,7;"SORRISO";"Ausência de reação do condutor";"Colisão traseira";"Sem Vítimas";"Pleno dia";"Decrescente";"Sol";"Dupla";"Reta";"Sim";2;0;0;0;0;2;0;2;-12,58981198;-55,74039012;"SPRF-MT";"DEL06/MT";"UOP01-DEL06-MT"
775249;2026-05-30;"sábado";"18:45:00";"SC";282;242,5;"SAO JOSE DO CERRITO";"Demais falhas mecânicas ou elétricas";"Incêndio";"Sem Vítimas";"Plena Noite";"Decrescente";"Céu Claro";"Simples";"Reta";"Não";1;0;0;0;1;0;0;1;-27,7440777;-50,5097892;"SPRF-SC";"DEL05/SC";"UOP02-DEL05-SC"
775251;2026-05-30;"sábado";"18:10:00";"RS";290;128;"ELDORADO DO SUL";"Ultrapassagem Indevida";"Saída de leito carroçável";"Com Vítimas Feridas";"Plena Noite";"Crescente";"Céu Claro";"Simples";"Reta";"Não";1;0;1;0;0;0;1;1;-30,05707674;-51,48900859;"SPRF-RS";"DEL02/RS";"UOP01-DEL02-RS"
775252;2026-05-30;"sábado";"20:10:00";"MG";381;496;"BETIM";"Avarias e/ou desgaste excessivo no pneu";"Tombamento";"Com Vítimas Feridas";"Plena Noite";"Crescente";"Nublado";"Dupla";"Reta;Declive";"Não";2;0;0;2;0;0;2;1;-19,975541;-44,196885;"SPRF-MG";"DEL01/MG";"UOP03-DEL01-MG"
775253;2026-05-30;"sábado";"18:50:00";"BA";101;364;"GANDU";"Animais na Pista";"Atropelamento de Animal";"Com Vítimas Fatais";"Plena Noite";"Crescente";"Nevoeiro/Neblina";"Simples";"Reta";"Não";2;1;0;0;0;1;0;2;-13,727284;-39,478187;"SPRF-BA";"DEL05/BA";"UOP03-DEL05-BA"
775254;2026-05-30;"sábado";"19:15:00";"RJ";101;40;"CAMPOS DOS GOYTACAZES";"Reação tardia ou ineficiente do condutor";"Colisão com objeto";"Com Vítimas Feridas";"Plena Noite";"Crescente";"Nublado";"Múltipla";"Reta";"Não";1;0;1;0;0;0;1;1;-21,552743;-41,331912;"SPRF-RJ";"DEL08/RJ";"UOP01-DEL08-RJ"
775257;2026-05-30;"sábado";"20:18:00";"ES";262;37,5;"DOMINGOS MARTINS";"Transitar no Acostamento";"Atropelamento de Pedestre";"Com Vítimas Fatais";"Plena Noite";"Decrescente";"Céu Claro";"Simples";"Reta;Aclive";"Não";2;1;0;0;1;0;0;2;-20,38178247;-40,61789989;"SPRF-ES";"DEL01-ES";"UOP01-DEL01-ES"
775261;2026-05-30;"sábado";"19:40:00";"SC";282;492,9;"FAXINAL DOS GUEDES";"Ingestão de álcool pelo condutor";"Capotamento";"Com Vítimas Feridas";"Plena Noite";"Decrescente";"Céu Claro";"Simples";"Rotatória;Curva";"Não";4;0;4;0;0;0;4;1;-26,87178374;-52,3001096;"SPRF-SC";"DEL07/SC";"UOP01-DEL07-SC"
775262;2026-05-30;"sábado";"17:00:00";"SC";280;5,5;"SAO FRANCISCO DO SUL";"Condutor deixou de manter distância do veículo da frente";"Colisão lateral mesmo sentido";"Com Vítimas Feridas";"Pleno dia";"Decrescente";"Céu Claro";"Simples";"Interseção de Vias;Reta";"Sim";3;0;1;1;1;0;2;2;-26,26287038;-48,6293691;"SPRF-SC";"DEL03/SC";"UOP03-DEL03-SC"
775263;2026-05-30;"sábado";"20:00:00";"RJ";101;484;"ANGRA DOS REIS";"Reação tardia ou ineficiente do condutor";"Colisão traseira";"Com Vítimas Feridas";"Plena Noite";"Crescente";"Céu Claro";"Dupla";"Reta";"Sim";2;0;1;0;1;0;1;2;-22,9848653;-44,2966604;"SPRF-RJ";"DEL03/RJ";"UOP03-DEL03-RJ"
775264;2026-05-30;"sábado";"08:10:00";"SC";101;121;"ITAJAI";"Acumulo de óleo sobre o pavimento";"Tombamento";"Com Vítimas Feridas";"Plena Noite";"Crescente";"Céu Claro";"Múltipla";"Reta";"Não";2;0;2;0;0;0;2;1;-26,9267745;-48,705647;"SPRF-SC";"DEL04/SC";"UOP04-DEL04-SC"
775265;2026-05-30;"sábado";"19:57:00";"PA";222;225;"MARABA";"Ausência de reação do condutor";"Colisão traseira";"Com Vítimas Fatais";"Plena Noite";"Crescente";"Céu Claro";"Simples";"Reta";"Não";3;1;0;1;1;0;1;2;-5,20901;-49,03664;"SPRF-PA";"DEL03/PA";"UOP01-DEL03-PA"
775270;2026-05-30;"sábado";"19:50:00";"SC";101;432,2;"SOMBRIO";"Ingestão de álcool pelo condutor";"Colisão lateral mesmo sentido";"Com Vítimas Feridas";"Plena Noite";"Crescente";"Nublado";"Dupla";"Reta";"Sim";2;0;2;0;0;0;2;2;-29,081946;-49,629778;"SPRF-SC";"DEL02/SC";"UOP02-DEL02-SC"
775276;2026-05-30;"sábado";"20:00:00";"PA";10;263;"AURORA DO PARA";"Desvio temporário";"Colisão com objeto";"Com Vítimas Feridas";"Plena Noite";"Decrescente";"Nublado";"Simples";"Reta";"Não";1;0;0;1;0;0;1;1;-2,12533;-47,560757;"SPRF-PA";"DEL02/PA";"UOP01-DEL02-PA"
775280;2026-05-30;"sábado";"21:00:00";"PR";376;273;"MARILANDIA DO SUL";"Ausência de reação do condutor";"Colisão com objeto";"Com Vítimas Feridas";"Plena Noite";"Crescente";"Céu Claro";"Dupla";"Reta";"Não";3;0;1;0;2;0;1;1;-23,775138;-51,268188;"SPRF-PR";"DEL07/PR";"UOP02-DEL07-PR"
775283;2026-05-30;"sábado";"18:05:00";"RS";470;246;"BARAO";"Reação tardia ou ineficiente do condutor";"Saída de leito carroçável";"Com Vítimas Feridas";"Plena Noite";"Crescente";"Céu Claro";"Simples";"Reta";"Não";1;0;1;0;0;0;1;1;-29,383908;-51,492042;"SPRF-RS";"DEL06/RS";"UOP01-DEL06-RS"
775286;2026-03-18;"quarta-feira";"12:42:00";"ES";101;298,1;"VIANA";"Ultrapassagem Indevida";"Colisão lateral mesmo sentido";"Com Vítimas Feridas";"Pleno dia";"Crescente";"Ignorado";"Dupla";"Reta";"Sim";3;0;1;0;0;2;1;3;-20,353707;-40,416188;"SPRF-ES";"DEL01-ES";"UOP01-DEL01-ES"
775290;2026-05-30;"sábado";"22:50:00";"PR";369;154;"LONDRINA";"Condutor desrespeitou a iluminação vermelha do semáforo";"Colisão lateral sentido oposto";"Com Vítimas Feridas";"Plena Noite";"Crescente";"Céu Claro";"Dupla";"Curva";"Não";3;0;2;0;0;1;2;2;-23,29793103;-51,19687201;"SPRF-PR";"DEL07/PR";"UOP01-DEL07-PR"
775292;2026-05-30;"sábado";"22:00:00";"MG";116;525;"CARATINGA";"Transitar no Acostamento";"Engavetamento";"Com Vítimas Feridas";"Plena Noite";"Decrescente";"Céu Claro";"Dupla";"Reta";"Sim";4;0;0;2;2;0;2;3;-19,77198;-42,13214;"SPRF-MG";"DEL06/MG";"UOP02-DEL06-MG"
775297;2026-05-30;"sábado";"20:30:00";"AL";101;196,8;"SAO SEBASTIAO";"Reação tardia ou ineficiente do condutor";"Colisão traseira";"Com Vítimas Fatais";"Plena Noite";"Crescente";"Céu Claro";"Dupla";"Reta";"Não";2;1;0;0;0;1;0;2;-9,93311;-36,51385;"SPRF-AL";"DEL02-AL";"UOP02-DEL02-AL"
775298;2026-05-30;"sábado";"17:50:00";"MT";364;63,4;"ALTO GARCAS";"Deixar de acionar o farol da motocicleta (ou similar)";"Colisão traseira";"Com Vítimas Fatais";"Plena Noite";"Decrescente";"Céu Claro";"Simples";"Reta";"Não";2;1;0;0;1;0;0;2;-16,93718538;-53,55726002;"SPRF-MT";"DEL02/MT";"UOP02-DEL02-MT"
775305;2026-05-08;"sexta-feira";"16:30:00";"AC";317;335;"BRASILEIA";"Pista esburacada";"Saída de leito carroçável";"Com Vítimas Feridas";"Pleno dia";"Crescente";"Céu Claro";"Simples";"Reta";"Não";3;0;3;0;0;0;3;1;-10,95333042;-68,81763654;"SPRF-AC";"DEL01-AC";"UOP02-DEL01-AC"
775306;2026-05-30;"sábado";"22:50:00";"BA";324;616;"SALVADOR";"Condutor Dormindo";"Colisão traseira";"Com Vítimas Feridas";"Plena Noite";"Crescente";"Garoa/Chuvisco";"Múltipla";"Curva;Em Obras;Viaduto;Declive;Desvio Temporário";"Sim";2;0;2;0;0;0;2;2;-12,8946985;-38,44807918;"SPRF-BA";"DEL01/BA";"UOP01-DEL01-BA"
775307;2026-05-30;"sábado";"23:30:00";"MG";365;623;"UBERLANDIA";"Ingestão de álcool pelo condutor";"Colisão traseira";"Com Vítimas Fatais";"Plena Noite";"Crescente";"Céu Claro";"Dupla";"Reta";"Sim";3;2;0;0;1;0;0;2;-18,90771269;-48,29991531;"SPRF-MG";"DEL15/MG";"UOP01-DEL15-MG"
775317;2026-05-31;"domingo";"00:20:00";"PR";277;457,7;"LARANJEIRAS DO SUL";"Transitar na contramão";"Colisão frontal";"Sem Vítimas";"Plena Noite";"Decrescente";"Céu Claro";"Simples";"Reta;Interseção de Vias";"Não";2;0;0;0;2;0;0;2;-25,3860131;-52,41249919;"SPRF-PR";"DEL04/PR";"UOP02-DEL04-PR"
775321;2026-05-30;"sábado";"22:17:00";"MT";174;14;"PONTES E LACERDA";"Animais na Pista";"Atropelamento de Animal";"Com Vítimas Feridas";"Plena Noite";"Decrescente";"Céu Claro";"Simples";"Reta";"Não";1;0;0;1;0;0;1;1;-15,19712074;-59,41386144;"SPRF-MT";"DEL04/MT";"UOP01-DEL04-MT"