"id";"data_inversa";"dia_semana";"horario";"uf";"br";"km";"municipio";"causa_acidente";"tipo_acidente";"classificacao_acidente";"fase_dia";"sentido_via";"condicao_metereologica";"tipo_pista";"tracado_via";"uso_solo";"pessoas";"mortos";"feridos_leves";"feridos_graves";"ilesos";"ignorados";"feridos";"veiculos";"latitude";"longitude";"regional";"delegacia";"uop"
775322;2026-05-31;"domingo";"01:45:00";"PR";376;178;"MARINGA";"Acessar a via sem observar a presença dos outros veículos";"Colisão transversal";"Com Vítimas Feridas";"Plena Noite";"Decrescente";"Céu Claro";"Múltipla";"Interseção de Vias;Reta";"Sim";2;0;1;0;1;0;1;2;-23,41725;-51,9182;"SPRF-PR";"DEL09/PR";"UOP01-DEL09-PR"
775324;2026-05-31;"domingo";"01:45:00";"DF";60;1;"BRASILIA";"Ingestão de álcool pelo condutor";"Colisão com objeto";"Sem Vítimas";"Plena Noite";"Decrescente";"Céu Claro";"Dupla";"Reta";"Sim";3;0;0;0;3;0;0;1;-15,884039;-48,065031;"SPRF-DF";"DEL03-DF";"UOP01-DEL03-DF"
775325;2026-05-31;"domingo";"02:15:00";"DF";70;7,3;"BRASILIA";"Transitar na contramão";"Colisão com objeto";"Sem Vítimas";"Plena Noite";"Crescente";"Céu Claro";"Múltipla";"Reta";"Sim";1;0;0;0;1;0;0;1;-15,78528095;-48,12116636;"SPRF-DF";"DEL03-DF";"UOP02-DEL03-DF"
775327;2026-05-31;"domingo";"02:40:00";"GO";153;292;"RIALMA";"Transitar na contramão";"Colisão frontal";"Com Vítimas Fatais";"Plena Noite";"Crescente";"Céu Claro";"Simples";"Curva;Declive";"Não";4;2;0;0;2;0;0;2;-15,249348;-49,556573;"SPRF-GO";"DEL02/GO";"UOP02-DEL02-GO"
775367;2026-05-31;"domingo";"06:15:00";"GO";452;196,7;"ITUMBIARA";"Demais falhas mecânicas ou elétricas";"Saída de leito carroçável";"Sem Vítimas";"Amanhecer";"Decrescente";"Céu Claro";"Simples";"Curva;Rotatória";"Sim";1;0;0;0;1;0;0;1;-18,359;-49,218;"SPRF-GO";"DEL03/GO";"UOP02-DEL03-GO"
775370;2026-05-31;"domingo";"06:45:00";"SE";101;172,9;"SANTA LUZIA DO ITANHY";"Velocidade Incompatível";"Saída de leito carroçável";"Com Vítimas Fatais";"Pleno dia";"Decrescente";"Chuva";"Simples";"Curva;Declive";"Não";3;3;0;0;0;0;0;1;-11,3412874;-37,59560108;"SPRF-SE";"DEL02-SE";"UOP01-DEL02-SE"
775384;2026-05-31;"domingo";"08:50:00";"ES";262;35,7;"DOMINGOS MARTINS";"Ausência de reação do condutor";"Queda de ocupante de veículo";"Com Vítimas Feridas";"Pleno dia";"Decrescente";"Céu Claro";"Simples";"Declive;Reta";"Não";1;0;0;1;0;0;1;1;-20,38159178;-40,60094045;"SPRF-ES";"DEL01-ES";"UOP01-DEL01-ES"
775389;2026-05-31;"domingo";"08:00:00";"MG";381;534,9;"ITATIAIUCU";"Ausência de reação do condutor";"Saída de leito carroçável";"Com Vítimas Fatais";"Pleno dia";"Decrescente";"Céu Claro";"Dupla";"Reta";"Não";2;1;1;0;0;0;1;1;-20,1843102;-44,37992009;"SPRF-MG";"DEL04/MG";"UOP03-DEL04-MG"
775394;2026-05-31;"domingo";"06:00:00";"PE";423;41,2;"CACHOEIRINHA";"Ausência de reação do condutor";"Saída de leito carroçável";"Com Vítimas Fatais";"Pleno dia";"Crescente";"Sol";"Simples";"Curva;Declive";"Não";1;1;0;0;0;0;0;1;-8,503048;-36,24773;"SPRF-PE";"DEL03/PE";"UOP01-DEL03-PE"
775421;2026-05-31;"domingo";"13:20:00";"PR";476;74;"RIO BRANCO DO SUL";"Velocidade Incompatível";"Colisão frontal";"Com Vítimas Feridas";"Pleno dia";"Crescente";"Céu Claro";"Simples";"Curva";"Não";3;0;0;1;2;0;1;2;-25,09275249;-49,09622057;"SPRF-PR";"DEL01/PR";"UOP01-DEL01-PR"
775424;2026-05-31;"domingo";"12:22:00";"PR";153;42,3;"SANTO ANTONIO DA PLATINA";"Acessar a via sem observar a presença dos outros veículos";"Colisão transversal";"Com Vítimas Feridas";"Pleno dia";"Crescente";"Céu Claro";"Simples";"Interseção de Vias";"Sim";2;0;1;0;1;0;1;2;-23,30160998;-50,07025329;"SPRF-PR";"DEL07/PR";"UOP04-DEL07-PR"
775426;2026-05-31;"domingo";"12:00:00";"MG";381;480;"CONTAGEM";"Manobra de mudança de faixa";"Colisão lateral mesmo sentido";"Com Vítimas Feridas";"Pleno dia";"Crescente";"Céu Claro";"Múltipla";"Reta";"Sim";3;0;2;0;0;1;2;2;-19,95875175;-44,06270592;"SPRF-MG";"DEL01/MG";"UOP03-DEL01-MG"
775427;2026-05-31;"domingo";"11:50:00";"AL";104;34,2;"UNIAO DOS PALMARES";"Reação tardia ou ineficiente do condutor";"Colisão transversal";"Com Vítimas Feridas";"Pleno dia";"Decrescente";"Céu Claro";"Simples";"Curva";"Sim";2;0;1;1;0;0;2;2;-9,155999;-36,013305;"SPRF-AL";"DEL01-AL";"UOP02-DEL01-AL"
775429;2026-05-30;"sábado";"20:00:00";"MG";262;752,5;"UBERABA";"Ausência de reação do condutor";"Tombamento";"Com Vítimas Fatais";"Plena Noite";"Decrescente";"Céu Claro";"Simples";"Interseção de Vias;Reta";"Não";1;1;0;0;0;0;0;1;-19,67172627;-47,62493849;"SPRF-MG";"DEL13/MG";"UOP01-DEL13-MG"
775431;2026-05-31;"domingo";"14:40:00";"PE";101;82;"JABOATAO DOS GUARARAPES";"Acostamento em desnível";"Queda de ocupante de veículo";"Sem Vítimas";"Pleno dia";"Decrescente";"Céu Claro";"Dupla";"Reta";"Sim";1;0;0;0;0;1;0;1;-8,170941;-34,937603;"SPRF-PE";"DEL01/PE";"UOP01-DEL01-PE"
775433;2026-05-31;"domingo";"13:00:00";"DF";40;6;"BRASILIA";"Ausência de reação do condutor";"Colisão lateral mesmo sentido";"Com Vítimas Feridas";"Pleno dia";"Crescente";"Céu Claro";"Dupla";"Reta";"Sim";4;0;1;2;1;0;3;3;-16,030257;-47,978892;"SPRF-DF";"DEL01-DF";"UOP01-DEL01-DF"
775443;2026-05-31;"domingo";"16:00:00";"RN";110;51,2;"MOSSORO";"Desrespeitar a preferência no cruzamento";"Colisão transversal";"Com Vítimas Fatais";"Pleno dia";"Crescente";"Sol";"Simples";"Interseção de Vias";"Sim";2;1;0;1;0;0;1;2;-5,229258;-37,332008;"SPRF-RN";"DEL04-RN";"UOP01-DEL04-RN"
775449;2026-05-31;"domingo";"12:15:00";"PA";316;66;"CASTANHAL";"Acessar a via sem observar a presença dos outros veículos";"Colisão com objeto";"Sem Vítimas";"Pleno dia";"Decrescente";"Céu Claro";"Dupla";"Reta";"Sim";1;0;0;0;1;0;0;1;-1,306337;-48,007054;"SPRF-PA";"DEL01/PA";"UOP01-DEL01-PA"
775476;2026-05-31;"domingo";"15:15:00";"CE";116;544,1;"PENAFORTE";"Manobra de mudança de faixa";"Colisão frontal";"Com Vítimas Fatais";"Pleno dia";"Decrescente";"Céu Claro";"Simples";"Reta";"Não";2;1;1;0;0;0;1;2;-7,823377;-39,087703;"SPRF-CE";"DEL05/CE";"UOP03-DEL05-CE"
775480;2026-05-31;"domingo";"14:30:00";"CE";402;255;"ITAPIPOCA";"Acessar a via sem observar a presença dos outros veículos";"Colisão transversal";"Com Vítimas Feridas";"Pleno dia";"Crescente";"Céu Claro";"Simples";"Reta";"Não";3;0;2;0;1;0;2;2;-3,46783;-39,64556;"SPRF-CE";"DEL01/CE";"UOP03-DEL01-CE"
775482;2026-05-31;"domingo";"18:40:00";"PR";487;174,2;"CAMPO MOURAO";"Ingestão de álcool pelo condutor";"Colisão traseira";"Com Vítimas Feridas";"Anoitecer";"Crescente";"Céu Claro";"Simples";"Aclive;Reta";"Não";4;0;1;0;3;0;1;2;-24,03409;-52,419491;"SPRF-PR";"DEL09/PR";"UOP03-DEL09-PR"
775520;2026-05-31;"domingo";"19:10:00";"DF";251;42;"BRASILIA";"Velocidade Incompatível";"Colisão frontal";"Com Vítimas Fatais";"Plena Noite";"Decrescente";"Céu Claro";"Simples";"Rotatória";"Não";5;2;1;1;1;0;2;2;-15,93818508;-47,82575933;"SPRF-DF";"DEL01-DF";"UOP01-DEL01-DF"
775526;2026-05-31;"domingo";"16:00:00";"PI";222;180;"SAO JOAO DO ARRAIAL";"Ingestão de álcool pelo condutor";"Saída de leito carroçável";"Com Vítimas Fatais";"Pleno dia";"Decrescente";"Céu Claro";"Simples";"Curva";"Não";1;1;0;0;0;0;0;1;-3,82656;-42,437355;"SPRF-PI";"DEL02-PI";"UOP01-DEL02-PI"
775528;2026-05-31;"domingo";"21:00:00";"MG";381;496,5;"BETIM";"Pedestre cruzava a pista fora da faixa";"Atropelamento de Pedestre";"Com Vítimas Fatais";"Plena Noite";"Crescente";"Céu Claro";"Múltipla";"Declive;Curva";"Sim";2;1;0;0;0;1;0;2;-19,9759771;-44,19889776;"SPRF-MG";"DEL01/MG";"UOP03-DEL01-MG"
775531;2026-05-31;"domingo";"17:10:00";"MG";262;520,4;"LUZ";"Velocidade Incompatível";"Saída de leito carroçável";"Com Vítimas Fatais";"Anoitecer";"Crescente";"Céu Claro";"Simples";"Reta";"Não";4;2;2;0;0;0;2;1;-19,78236271;-45,72621346;"SPRF-MG";"DEL08/MG";"UOP03-DEL08-MG"
775534;2026-05-31;"domingo";"19:30:00";"SC";153;59,2;"IRANI";"Transitar na contramão";"Colisão lateral sentido oposto";"Sem Vítimas";"Plena Noite";"Decrescente";"Céu Claro";"Simples";"Reta";"Não";2;0;0;0;2;0;0;2;-26,97126709;-51,8570137;"SPRF-SC";"DEL07/SC";"UOP04-DEL07-SC"
775551;2026-05-31;"domingo";"23:40:00";"RJ";116;322,1;"ITATIAIA";"Entrada inopinada do pedestre";"Atropelamento de Pedestre";"Com Vítimas Fatais";"Plena Noite";"Decrescente";"Céu Claro";"Dupla";"Reta";"Não";2;1;0;0;1;0;0;2;-22,484867;-44,546105;"SPRF-RJ";"DEL07/RJ";"UOP02-DEL07-RJ"
775553;2026-06-01;"segunda-feira";"01:55:00";"BA";101;492;"ITAJUIPE";"Ingestão de álcool pelo condutor";"Saída de leito carroçável";"Com Vítimas Feridas";"Plena Noite";"Crescente";"Céu Claro";"Simples";"Curva";"Não";2;0;2;0;0;0;2;1;-14,712898;-39,360048;"SPRF-BA";"DEL05/BA";"UOP01-DEL05-BA"
775568;2026-06-01;"segunda-feira";"05:40:00";"PI";316;7;"TERESINA";"Reação tardia ou ineficiente do condutor";"Colisão com objeto";"Com Vítimas Fatais";"Amanhecer";"Decrescente";"Céu Claro";"Múltipla";"Reta";"Sim";2;1;0;1;0;0;1;1;-5,1554867;-42,7713901;"SPRF-PI";"DEL01-PI";"UOP02-DEL01-PI"
775574;2026-06-01;"segunda-feira";"06:40:00";"PB";230;17;"JOAO PESSOA";"Ausência de reação do condutor";"Colisão traseira";"Com Vítimas Feridas";"Pleno dia";"Decrescente";"Céu Claro";"Dupla";"Curva";"Sim";2;0;1;0;1;0;1;2;-7,1167831;-34,842147;"SPRF-PB";"DEL01-PB";"UOP01-DEL01-PB"
775578;2026-06-01;"segunda-feira";"07:40:00";"PR";116;125;"FAZENDA RIO GRANDE";"Trafegar com motocicleta (ou similar) entre as faixas";"Colisão lateral mesmo sentido";"Com Vítimas Feridas";"Pleno dia";"Decrescente";"Nevoeiro/Neblina";"Dupla";"Reta";"Sim";3;0;1;0;2;0;1;3;-25,626442;-49,314735;"SPRF-PR";"DEL01/PR";"UOP03-DEL01-PR"
775579;2026-06-01;"segunda-feira";"05:20:00";"MS";163;248,2;"DOURADOS";"Reação tardia ou ineficiente do condutor";"Colisão com objeto";"Com Vítimas Feridas";"Amanhecer";"Crescente";"Nublado";"Simples";"Rotatória";"Não";2;0;2;0;0;0;2;1;-22,32067557;-54,81939232;"SPRF-MS";"DEL04/MS";"UOP02-DEL04-MS"
775580;2026-06-01;"segunda-feira";"05:00:00";"RR";174;461,5;"BOA VISTA";"Ausência de reação do condutor";"Colisão traseira";"Com Vítimas Fatais";"Plena Noite";"Decrescente";"Garoa/Chuvisco";"Simples";"Reta";"Não";2;1;0;0;1;0;0;2;2,54068121;-60,87710239;"SPRF-RR";"DEL01-RR";"UOP01-DEL01-RR"
775581;2026-06-01;"segunda-feira";"07:10:00";"SC";101;107,8;"PENHA";"Ausência de reação do condutor";"Colisão com objeto";"Com Vítimas Fatais";"Amanhecer";"Decrescente";"Nublado";"Dupla";"Reta";"Não";2;1;0;0;1;0;0;1;-26,8255;-48,689607;"SPRF-SC";"DEL03/SC";"UOP02-DEL03-SC"
775601;2026-06-01;"segunda-feira";"09:00:00";"SC";101;202;"SAO JOSE";"Ausência de reação do condutor";"Colisão traseira";"Com Vítimas Feridas";"Pleno dia";"Crescente";"Céu Claro";"Dupla";"Reta";"Sim";2;0;1;0;1;0;1;2;-27,55785091;-48,61887322;"SPRF-SC";"DEL01/SC";"UOP01-DEL01-SC"
775602;2026-06-01;"segunda-feira";"07:10:00";"RJ";116;177;"SAO JOAO DE MERITI";"Velocidade Incompatível";"Tombamento";"Com Vítimas Feridas";"Pleno dia";"Decrescente";"Céu Claro";"Múltipla";"Reta";"Não";1;0;1;0;0;0;1;1;-22,7855714;-43,37959036;"SPRF-RJ";"DEL06/RJ";"UOP01-DEL06-RJ"
775616;2026-05-31;"domingo";"21:34:00";"MG";116;390,3;"GOVERNADOR VALADARES";"Transitar na contramão";"Colisão frontal";"Com Vítimas Fatais";"Plena Noite";"Decrescente";"Céu Claro";"Simples";"Reta";"Não";2;1;0;0;1;0;0;2;-18,68041874;-41,98896289;"SPRF-MG";"DEL06/MG";"UOP01-DEL06-MG"
775617;2026-06-01;"segunda-feira";"02:40:00";"MG";381;200,8;"NAQUE";"Animais na Pista";"Atropelamento de Animal";"Com Vítimas Feridas";"Plena Noite";"Crescente";"Nevoeiro/Neblina";"Simples";"Reta";"Não";2;0;1;0;1;0;1;1;-19,19394186;-42,27832731;"SPRF-MG";"DEL06/MG";"UOP01-DEL06-MG"
775640;2026-06-01;"segunda-feira";"10:35:00";"PE";407;127,7;"PETROLINA";"Entrada inopinada do pedestre";"Atropelamento de Pedestre";"Com Vítimas Feridas";"Pleno dia";"Crescente";"Céu Claro";"Simples";"Em Obras";"Sim";2;0;1;1;0;0;2;2;-9,390618;-40,521283;"SPRF-PE";"DEL06/PE";"UOP01-DEL06-PE"
775660;2026-06-01;"segunda-feira";"15:00:00";"MS";267;445;"NIOAQUE";"Avarias e/ou desgaste excessivo no pneu";"Tombamento";"Com Vítimas Feridas";"Pleno dia";"Decrescente";"Sol";"Simples";"Declive";"Não";2;0;2;0;0;0;2;1;-21,486242;-55,843386;"SPRF-MS";"DEL05/MS";"UOP01-DEL05-MS"
775664;2026-06-01;"segunda-feira";"16:13:00";"CE";116;30;"ITAITINGA";"Condutor deixou de manter distância do veículo da frente";"Queda de ocupante de veículo";"Com Vítimas Fatais";"Pleno dia";"Crescente";"Chuva";"Dupla";"Reta";"Não";4;1;0;1;2;0;1;3;-4,012087;-38,518066;"SPRF-CE";"DEL01/CE";"UOP02-DEL01-CE"
775669;2026-06-01;"segunda-feira";"16:30:00";"SC";101;10;"BIGUACU";"Condutor Dormindo";"Colisão com objeto";"Com Vítimas Feridas";"Pleno dia";"Decrescente";"Céu Claro";"Dupla";"Reta";"Não";1;0;1;0;0;0;1;1;-27,406389;-48,704066;"SPRF-SC";"DEL01/SC";"UOP01-DEL01-SC"
775677;2026-06-01;"segunda-feira";"17:40:00";"SC";282;25;"ARAQUARI";"Trafegar com motocicleta (ou similar) entre as faixas";"Colisão frontal";"Com Vítimas Feridas";"Anoitecer";"Crescente";"Céu Claro";"Simples";"Reta";"Sim";2;0;0;1;1;0;1;2;-26,3872739;-48,73109691;"SPRF-SC";"DEL01/SC";"UOP03-DEL01-SC"
775679;2026-05-28;"quinta-feira";"01:30:00";"PE";101;101;"CABO DE SANTO AGOSTINHO";"Ausência de reação do condutor";"Atropelamento de Pedestre";"Com Vítimas Fatais";"Plena Noite";"Decrescente";"Céu Claro";"Dupla";"Reta";"Não";2;1;0;0;0;1;0;2;-8,28014;-35,05604;"SPRF-PE";"DEL01/PE";"UOP03-DEL01-PE"
775697;2026-06-01;"segunda-feira";"18:30:00";"PR";369;37,6;"ANDIRA";"Acessar a via sem observar a presença dos outros veículos";"Colisão transversal";"Com Vítimas Feridas";"Anoitecer";"Crescente";"Céu Claro";"Dupla";"Interseção de Vias";"Sim";2;0;0;1;1;0;1;2;-23,05862256;-50,24884408;"SPRF-PR";"DEL07/PR";"UOP05-DEL07-PR"
775708;2026-06-01;"segunda-feira";"18:35:00";"GO";153;513;"HIDROLANDIA";"Acessar a via sem observar a presença dos outros veículos";"Atropelamento de Pedestre";"Com Vítimas Fatais";"Plena Noite";"Crescente";"Vento";"Dupla";"Reta";"Não";2;1;0;0;0;1;0;2;-16,86512199;-49,24876404;"SPRF-GO";"DEL01/GO";"UOP03-DEL01-GO"
775714;2026-06-01;"segunda-feira";"19:45:00";"RS";285;446,1;"BOZANO";"Transitar na contramão";"Colisão frontal";"Com Vítimas Fatais";"Plena Noite";"Crescente";"Céu Claro";"Simples";"Reta";"Sim";2;1;0;1;0;0;1;2;-28,364609;-53,798564;"SPRF-RS";"DEL10/RS";"UOP01-DEL10-RS"
775717;2026-06-01;"segunda-feira";"19:00:00";"BA";324;621;"SALVADOR";"Entrada inopinada do pedestre";"Atropelamento de Pedestre";"Com Vítimas Fatais";"Plena Noite";"Decrescente";"Céu Claro";"Dupla";"Curva";"Sim";3;1;0;0;2;0;0;3;-12,9213637;-38,4679742;"SPRF-BA";"DEL01/BA";"UOP01-DEL01-BA"
775723;2026-06-01;"segunda-feira";"11:30:00";"SC";101;334;"TUBARAO";"Desrespeitar a preferência no cruzamento";"Colisão transversal";"Com Vítimas Feridas";"Pleno dia";"Crescente";"Chuva";"Dupla";"Reta;Interseção de Vias";"Não";2;0;1;0;1;0;1;2;-28,47624992;-49,02991394;"SPRF-SC";"DEL02/SC";"UOP01-DEL02-SC"
775736;2026-06-01;"segunda-feira";"19:00:00";"MG";381;244,3;"IPATINGA";"Acessar a via sem observar a presença dos outros veículos";"Colisão transversal";"Com Vítimas Feridas";"Plena Noite";"Crescente";"Céu Claro";"Simples";"Interseção de Vias";"Sim";2;0;1;0;1;0;1;2;-19,45899434;-42,52540536;"SPRF-MG";"DEL06/MG";"UOP01-DEL06-MG"
775747;2026-06-02;"terça-feira";"00:50:00";"PR";116;116;"CURITIBA";"Reação tardia ou ineficiente do condutor";"Colisão traseira";"Com Vítimas Feridas";"Plena Noite";"Crescente";"Céu Claro";"Dupla";"Reta";"Sim";2;0;2;0;0;0;2;2;-25,5531222;-49,3054222;"SPRF-PR";"DEL01/PR";"UOP03-DEL01-PR"
775753;2026-06-02;"terça-feira";"03:25:00";"PR";277;371,5;"GUARAPUAVA";"Ausência de reação do condutor";"Colisão frontal";"Com Vítimas Feridas";"Plena Noite";"Decrescente";"Nevoeiro/Neblina";"Simples";"Reta";"Não";7;0;6;0;1;0;6;2;-25,422902;-51,665512;"SPRF-PR";"DEL08/PR";"UOP01-DEL08-PR"
775769;2026-06-02;"terça-feira";"06:30:00";"PR";376;169;"MARINGA";"Iluminação deficiente";"Atropelamento de Pedestre";"Com Vítimas Fatais";"Amanhecer";"Crescente";"Céu Claro";"Dupla";"Declive";"Não";2;1;0;0;1;0;0;2;-23,403901;-51,995835;"SPRF-PR";"DEL09/PR";"UOP01-DEL09-PR"
775799;2026-06-02;"terça-feira";"09:15:00";"SC";280;127,3;"RIO NEGRINHO";"Reação tardia ou ineficiente do condutor";"Colisão traseira";"Com Vítimas Feridas";"Pleno dia";"Decrescente";"Nublado";"Simples";"Curva";"Não";2;0;1;0;0;1;1;2;-26,240283;-49,508353;"SPRF-SC";"DEL06/SC";"UOP03-DEL06-SC"
775817;2026-06-02;"terça-feira";"09:30:00";"BA";324;614;"SALVADOR";"Suicídio (presumido)";"Atropelamento de Pedestre";"Com Vítimas Fatais";"Pleno dia";"Crescente";"Céu Claro";"Dupla";"Reta";"Não";2;1;0;0;1;0;0;2;-12,87893;-38,43165133;"SPRF-BA";"DEL01/BA";"UOP01-DEL01-BA"
775822;2026-06-02;"terça-feira";"11:50:00";"MS";163;476;"CAMPO GRANDE";"Acessar a via sem observar a presença dos outros veículos";"Colisão traseira";"Com Vítimas Feridas";"Pleno dia";"Crescente";"Céu Claro";"Simples";"Interseção de Vias;Reta";"Sim";3;0;0;1;2;0;1;2;-20,6851568;-54,5539371;"SPRF-MS";"DEL01/MS";"UOP01-DEL01-MS"
775828;2026-06-02;"terça-feira";"12:30:00";"BA";101;222;"CRUZ DAS ALMAS";"Transitar na contramão";"Colisão frontal";"Com Vítimas Feridas";"Pleno dia";"Crescente";"Céu Claro";"Simples";"Curva";"Não";3;0;3;0;0;0;3;2;-12,6799169;-39,1397178;"SPRF-BA";"DEL11/BA";"UOP01-DEL11-BA"
775834;2026-06-02;"terça-feira";"14:25:00";"SP";116;225;"GUARULHOS";"Reação tardia ou ineficiente do condutor";"Colisão traseira";"Com Vítimas Feridas";"Pleno dia";"Decrescente";"Nublado";"Múltipla";"Reta";"Sim";2;0;1;0;1;0;1;2;-23,49129674;-46,54917805;"SPRF-SP";"DEL01/SP";"UOP01-DEL01-SP"
775842;2026-06-02;"terça-feira";"13:25:00";"MS";163;22;"MUNDO NOVO";"Ausência de reação do condutor";"Tombamento";"Com Vítimas Feridas";"Pleno dia";"Crescente";"Céu Claro";"Simples";"Aclive;Em Obras";"Não";1;0;1;0;0;0;1;1;-23,90924213;-54,29713726;"SPRF-MS";"DEL09/MS";"UOP02-DEL09-MS"
775845;2026-06-02;"terça-feira";"13:35:00";"PR";376;497,2;"PONTA GROSSA";"Avarias e/ou desgaste excessivo no pneu";"Saída de leito carroçável";"Com Vítimas Fatais";"Pleno dia";"Decrescente";"Sol";"Dupla";"Declive;Reta";"Sim";2;1;1;0;0;0;1;1;-25,173833;-50,105035;"SPRF-PR";"DEL03/PR";"UOP03-DEL03-PR"
775853;2026-06-02;"terça-feira";"14:30:00";"PI";343;340,8;"TERESINA";"Reação tardia ou ineficiente do condutor";"Colisão traseira";"Com Vítimas Feridas";"Pleno dia";"Crescente";"Céu Claro";"Dupla";"Curva";"Sim";2;0;0;1;1;0;1;2;-5,077583;-42,7432;"SPRF-PI";"DEL01-PI";"UOP01-DEL01-PI"
775859;2026-03-10;"terça-feira";"21:45:00";"GO";50;160,5;"CAMPO ALEGRE DE GOIAS";"Deficiência do Sistema de Iluminação/Sinalização";"Colisão traseira";"Com Vítimas Fatais";"Plena Noite";"Crescente";"Céu Claro";"Dupla";"Reta";"Não";2;1;0;0;1;0;0;2;-17,259116;-47,76847;"SPRF-GO";"DEL06/GO";"UOP01-DEL06-GO"
775861;2026-06-02;"terça-feira";"16:10:00";"RJ";101;334;"RIO DE JANEIRO";"Manobra de mudança de faixa";"Colisão lateral mesmo sentido";"Com Vítimas Feridas";"Pleno dia";"Crescente";"Nublado";"Dupla";"Reta";"Sim";2;0;1;0;1;0;1;2;-22,885443;-43,217327;"SPRF-RJ";"DEL02/RJ";"UOP01-DEL02-RJ"
775881;2026-06-02;"terça-feira";"17:55:00";"SP";116;230;"SAO PAULO";"Reação tardia ou ineficiente do condutor";"Colisão traseira";"Com Vítimas Feridas";"Plena Noite";"Crescente";"Céu Claro";"Múltipla";"Reta";"Sim";2;0;1;0;1;0;1;2;-23,51698553;-46,58058135;"SPRF-SP";"DEL01/SP";"UOP01-DEL01-SP"
775891;2026-06-02;"terça-feira";"17:05:00";"MT";158;561;"AGUA BOA";"Ausência de reação do condutor";"Colisão traseira";"Com Vítimas Feridas";"Anoitecer";"Crescente";"Céu Claro";"Simples";"Reta";"Sim";5;0;0;1;4;0;1;2;-14,02023752;-52,15497034;"SPRF-MT";"DEL07/MT";"UOP02-DEL07-MT"
775902;2026-06-02;"terça-feira";"16:20:00";"GO";153;406;"PIRENOPOLIS";"Avarias e/ou desgaste excessivo no pneu";"Tombamento";"Com Vítimas Feridas";"Pleno dia";"Decrescente";"Céu Claro";"Simples";"Reta";"Não";1;0;1;0;0;0;1;1;-16,084991;-49,040993;"SPRF-GO";"DEL02/GO";"UOP02-DEL02-GO"
775905;2026-06-02;"terça-feira";"19:10:00";"MG";40;484;"SETE LAGOAS";"Ausência de reação do condutor";"Queda de ocupante de veículo";"Sem Vítimas";"Anoitecer";"Crescente";"Céu Claro";"Dupla";"Reta";"Não";1;0;0;0;1;0;0;1;-19,56294;-44,238345;"SPRF-MG";"DEL02/MG";"UOP01-DEL02-MG"
775915;2026-06-02;"terça-feira";"16:10:00";"BA";242;232;"ITABERABA";"Ultrapassagem Indevida";"Colisão frontal";"Com Vítimas Feridas";"Pleno dia";"Decrescente";"Céu Claro";"Simples";"Curva";"Não";15;0;7;8;0;0;15;2;-12,514308;-40,330165;"SPRF-BA";"DEL06/BA";"UOP02-DEL06-BA"
775926;2026-06-02;"terça-feira";"19:15:00";"MS";60;564,5;"NIOAQUE";"Ausência de reação do condutor";"Saída de leito carroçável";"Com Vítimas Feridas";"Plena Noite";"Crescente";"Céu Claro";"Simples";"Aclive;Curva";"Não";2;0;0;1;1;0;1;1;-21,3031245;-55,9993955;"SPRF-MS";"DEL05/MS";"UOP01-DEL05-MS"
775930;2026-06-02;"terça-feira";"21:15:00";"RS";158;194,6;"CRUZ ALTA";"Acessar a via sem observar a presença dos outros veículos";"Colisão transversal";"Sem Vítimas";"Plena Noite";"Crescente";"Nevoeiro/Neblina";"Simples";"Interseção de Vias";"Sim";12;0;0;0;12;0;0;2;-28,6467101;-53,57677873;"SPRF-RS";"DEL10/RS";"UOP02-DEL10-RS"
775932;2026-06-02;"terça-feira";"13:00:00";"MA";10;255;"IMPERATRIZ";"Condutor deixou de manter distância do veículo da frente";"Engavetamento";"Com Vítimas Feridas";"Pleno dia";"Decrescente";"Céu Claro";"Simples";"Reta";"Sim";3;0;1;1;0;1;2;3;-5,50021;-47,47189;"SPRF-MA";"DEL04-MA";"UOP01-DEL04-MA"
775940;2026-06-02;"terça-feira";"19:30:00";"PR";272;531;"FRANCISCO ALVES";"Ingestão de álcool pelo condutor";"Colisão traseira";"Com Vítimas Fatais";"Plena Noite";"Decrescente";"Céu Claro";"Simples";"Reta";"Não";5;2;1;0;2;0;1;3;-24,06781762;-53,90174612;"SPRF-PR";"DEL06/PR";"UOP01-DEL06-PR"
775950;2026-06-02;"terça-feira";"21:30:00";"PB";230;460;"SOUSA";"Reação tardia ou ineficiente do condutor";"Colisão traseira";"Com Vítimas Fatais";"Plena Noite";"Decrescente";"Nublado";"Simples";"Reta";"Não";3;1;0;1;1;0;1;2;-6,78028124;-38,15942109;"SPRF-PB";"DEL03-PB";"UOP03-DEL03-PB"
775955;2026-06-03;"quarta-feira";"04:20:00";"BA";367;71;"PORTO SEGURO";"Velocidade Incompatível";"Saída de leito carroçável";"Sem Vítimas";"Plena Noite";"Crescente";"Céu Claro";"Simples";"Curva";"Não";1;0;0;0;1;0;0;1;-16,4045604;-39,1755582;"SPRF-BA";"DEL09/BA";"UOP03-DEL09-BA"
775957;2026-06-03;"quarta-feira";"06:40:00";"ES";101;289,5;"CARIACICA";"Trafegar com motocicleta (ou similar) entre as faixas";"Colisão lateral mesmo sentido";"Com Vítimas Fatais";"Pleno dia";"Crescente";"Sol";"Dupla";"Aclive;Reta";"Não";3;1;0;0;2;0;0;3;-20,2853579;-40,39271291;"SPRF-ES";"DEL01-ES";"UOP01-DEL01-ES"