"id";"data_inversa";"dia_semana";"horario";"uf";"br";"km";"municipio";"causa_acidente";"tipo_acidente";"classificacao_acidente";"fase_dia";"sentido_via";"condicao_metereologica";"tipo_pista";"tracado_via";"uso_solo";"pessoas";"mortos";"feridos_leves";"feridos_graves";"ilesos";"ignorados";"feridos";"veiculos";"latitude";"longitude";"regional";"delegacia";"uop"
775960;2026-06-03;"quarta-feira";"05:30:00";"RS";386;43;"SEBERI";"Falta de elemento de contenção que evite a saída do leito carroçável";"Saída de leito carroçável";"Com Vítimas Feridas";"Plena Noite";"Decrescente";"Nevoeiro/Neblina";"Simples";"Reta";"Não";1;0;1;0;0;0;1;1;-27,43154796;-53,420402;"SPRF-RS";"DEL08/RS";"UOP02-DEL08-RS"
775961;2026-06-03;"quarta-feira";"06:50:00";"PA";316;25,7;"BENEVIDES";"Acessar a via sem observar a presença dos outros veículos";"Colisão transversal";"Com Vítimas Feridas";"Pleno dia";"Decrescente";"Sol";"Dupla";"Reta";"Não";5;0;4;0;1;0;4;2;-1,327897;-48,234457;"SPRF-PA";"DEL01/PA";"UOP01-DEL01-PA"
775965;2026-06-03;"quarta-feira";"01:00:00";"SC";470;66;"INDAIAL";"Reação tardia ou ineficiente do condutor";"Tombamento";"Com Vítimas Feridas";"Plena Noite";"Crescente";"Céu Claro";"Simples";"Reta";"Não";2;0;0;2;0;0;2;1;-26,87022377;-49,22762124;"SPRF-SC";"DEL04/SC";"UOP01-DEL04-SC"
775974;2026-06-03;"quarta-feira";"07:00:00";"MG";40;704,9;"BARBACENA";"Acumulo de óleo sobre o pavimento";"Saída de leito carroçável";"Sem Vítimas";"Pleno dia";"Decrescente";"Garoa/Chuvisco";"Dupla";"Curva;Aclive";"Sim";2;0;0;0;1;1;0;1;-21,20798;-43,75033;"SPRF-MG";"DEL05/MG";"UOP02-DEL05-MG"
775977;2026-06-03;"quarta-feira";"08:10:00";"MG";381;494;"BETIM";"Condutor deixou de manter distância do veículo da frente";"Colisão traseira";"Com Vítimas Feridas";"Pleno dia";"Decrescente";"Céu Claro";"Dupla";"Reta";"Sim";4;0;1;0;2;1;1;4;-19,966286;-44,178209;"SPRF-MG";"DEL01/MG";"UOP03-DEL01-MG"
775981;2026-06-03;"quarta-feira";"00:15:00";"RJ";116;115;"GUAPIMIRIM";"Chuva";"Saída de leito carroçável";"Com Vítimas Feridas";"Plena Noite";"Crescente";"Garoa/Chuvisco";"Dupla";"Reta";"Não";1;0;1;0;0;0;1;1;-22,573116;-43,008638;"SPRF-MG";"DEL11/MG";"UOP02-DEL11-MG"
775982;2026-06-02;"terça-feira";"19:30:00";"BA";407;19;"JUAZEIRO";"Reação tardia ou ineficiente do condutor";"Atropelamento de Animal";"Sem Vítimas";"Plena Noite";"Crescente";"Céu Claro";"Simples";"Reta";"Não";1;0;0;0;0;1;0;1;-9,5583383;-40,4377317;"SPRF-BA";"DEL04/BA";"UOP01-DEL04-BA"
775983;2026-06-03;"quarta-feira";"04:30:00";"PE";316;296;"FLORESTA";"Animais na Pista";"Atropelamento de Animal";"Com Vítimas Fatais";"Pleno dia";"Decrescente";"Sol";"Simples";"Reta";"Não";2;1;0;1;0;0;1;1;-8,619512;-38,62537;"SPRF-PE";"DEL04/PE";"UOP03-DEL04-PE"
775984;2026-06-03;"quarta-feira";"08:00:00";"PB";104;132;"QUEIMADAS";"Condutor deixou de manter distância do veículo da frente";"Colisão traseira";"Com Vítimas Feridas";"Pleno dia";"Decrescente";"Nublado";"Simples";"Reta";"Sim";2;0;1;0;1;0;1;2;-7,298958;-35,891907;"SPRF-PB";"DEL02-PB";"UOP03-DEL02-PB"
775985;2026-06-03;"quarta-feira";"08:30:00";"PR";476;149;"ARAUCARIA";"Ausência de reação do condutor";"Colisão traseira";"Com Vítimas Feridas";"Pleno dia";"Decrescente";"Céu Claro";"Dupla";"Curva";"Sim";2;0;1;0;1;0;1;2;-25,55775104;-49,36224684;"SPRF-PR";"DEL01/PR";"UOP06-DEL01-PR"
775986;2026-06-03;"quarta-feira";"07:30:00";"MG";40;521,5;"CONTAGEM";"Reação tardia ou ineficiente do condutor";"Colisão traseira";"Com Vítimas Feridas";"Pleno dia";"Crescente";"Céu Claro";"Dupla";"Declive;Reta";"Não";6;0;2;1;3;0;3;5;-19,85991896;-44,07162309;"SPRF-MG";"DEL01/MG";"UOP02-DEL01-MG"
775994;2026-06-03;"quarta-feira";"05:00:00";"RJ";116;268;"BARRA MANSA";"Ausência de reação do condutor";"Saída de leito carroçável";"Com Vítimas Fatais";"Plena Noite";"Crescente";"Céu Claro";"Dupla";"Curva";"Não";1;1;0;0;0;0;0;1;-22,5832383;-44,1096283;"SPRF-RJ";"DEL07/RJ";"UOP02-DEL07-RJ"
775995;2026-06-03;"quarta-feira";"07:50:00";"CE";116;16;"ITAITINGA";"Reação tardia ou ineficiente do condutor";"Atropelamento de Pedestre";"Com Vítimas Feridas";"Pleno dia";"Crescente";"Céu Claro";"Dupla";"Reta";"Sim";3;0;1;0;1;1;1;2;-3,893103;-38,502592;"SPRF-CE";"DEL01/CE";"UOP02-DEL01-CE"
775996;2026-06-03;"quarta-feira";"07:20:00";"MS";262;366,9;"CAMPO GRANDE";"Acessar a via sem observar a presença dos outros veículos";"Colisão transversal";"Com Vítimas Feridas";"Pleno dia";"Decrescente";"Céu Claro";"Simples";"Rotatória";"Não";4;0;2;0;2;0;2;2;-20,47811326;-54,75093191;"SPRF-MS";"DEL01/MS";"UOP03-DEL01-MS"
775999;2026-06-03;"quarta-feira";"08:15:00";"RS";116;325;"BARRA DO RIBEIRO";"Ausência de reação do condutor";"Saída de leito carroçável";"Com Vítimas Feridas";"Amanhecer";"Decrescente";"Céu Claro";"Dupla";"Curva";"Não";1;0;1;0;0;0;1;1;-30,33161331;-51,42234296;"SPRF-RS";"DEL02/RS";"UOP01-DEL02-RS"
776009;2026-06-03;"quarta-feira";"09:45:00";"MG";381;588;"CARMOPOLIS DE MINAS";"Condutor Dormindo";"Saída de leito carroçável";"Com Vítimas Fatais";"Pleno dia";"Crescente";"Nublado";"Dupla";"Declive;Reta";"Sim";1;1;0;0;0;0;0;1;-20,532651;-44,639206;"SPRF-MG";"DEL04/MG";"UOP01-DEL04-MG"
776010;2026-06-03;"quarta-feira";"09:00:00";"SP";116;145;"SAO JOSE DOS CAMPOS";"Manobra de mudança de faixa";"Colisão traseira";"Com Vítimas Feridas";"Pleno dia";"Crescente";"Céu Claro";"Dupla";"Reta";"Sim";2;0;1;0;0;1;1;2;-23,187188;-45,856135;"SPRF-SP";"DEL02/SP";"UOP01-DEL02-SP"
776011;2026-06-03;"quarta-feira";"09:30:00";"MG";262;127;"RIO CASCA";"Velocidade Incompatível";"Saída de leito carroçável";"Com Vítimas Feridas";"Pleno dia";"Decrescente";"Céu Claro";"Simples";"Curva";"Não";1;0;1;0;0;0;1;1;-20,17573013;-42,69673197;"SPRF-MG";"DEL03/MG";"UOP03-DEL03-MG"
776012;2026-06-03;"quarta-feira";"08:45:00";"SC";280;28,7;"ARAQUARI";"Ausência de reação do condutor";"Colisão transversal";"Com Vítimas Feridas";"Pleno dia";"Decrescente";"Céu Claro";"Simples";"Reta";"Não";2;0;0;1;1;0;1;2;-26,407858;-48,749337;"SPRF-SC";"DEL03/SC";"UOP03-DEL03-SC"
776013;2026-06-02;"terça-feira";"22:00:00";"PR";277;1,9;"CURITIBA";"Manobra de mudança de faixa";"Saída de leito carroçável";"Com Vítimas Feridas";"Plena Noite";"Decrescente";"Nublado";"Dupla";"Reta";"Sim";1;0;1;0;0;0;1;1;-25,43041428;-49,35201857;"SPRF-PR";"DEL01/PR";"UOP06-DEL01-PR"
776022;2026-06-03;"quarta-feira";"11:30:00";"DF";60;10;"BRASILIA";"Ausência de reação do condutor";"Saída de leito carroçável";"Com Vítimas Feridas";"Pleno dia";"Crescente";"Céu Claro";"Dupla";"Aclive;Reta";"Não";1;0;1;0;0;0;1;1;-15,910135;-48,152418;"SPRF-DF";"DEL03-DF";"UOP01-DEL03-DF"
776023;2026-06-03;"quarta-feira";"10:40:00";"SE";101;11;"CEDRO DE SAO JOAO";"Velocidade Incompatível";"Capotamento";"Com Vítimas Feridas";"Pleno dia";"Decrescente";"Chuva";"Dupla";"Curva";"Não";1;0;1;0;0;0;1;1;-10,26185262;-36,86384082;"SPRF-SE";"DEL02-SE";"UOP02-DEL02-SE"
776027;2026-06-03;"quarta-feira";"11:20:00";"RN";101;74;"SAO GONCALO DO AMARANTE";"Avarias e/ou desgaste excessivo no pneu";"Colisão com objeto";"Com Vítimas Feridas";"Pleno dia";"Decrescente";"Céu Claro";"Dupla";"Declive";"Não";3;0;1;1;0;1;2;2;-5,71521;-35,273072;"SPRF-RN";"DEL02-RN";"UOP01-DEL02-RN"
776036;2026-06-03;"quarta-feira";"10:30:00";"MS";0;0;"PARANAIBA";"Demais falhas na via";"Colisão com objeto";"Sem Vítimas";"Pleno dia";"Não Informado";"Sol";"Dupla";"Declive";"Sim";3;0;0;0;2;1;0;2;-19,678484;-51,193258;"SPRF-MS";"DEL08/MS";"UOP01-DEL08-MS"
776040;2026-06-03;"quarta-feira";"13:10:00";"MG";381;351;"JOAO MONLEVADE";"Condutor deixou de manter distância do veículo da frente";"Colisão traseira";"Com Vítimas Feridas";"Pleno dia";"Crescente";"Céu Claro";"Simples";"Reta";"Sim";2;0;1;1;0;0;2;1;-19,83725352;-43,18772793;"SPRF-MG";"DEL03/MG";"UOP01-DEL03-MG"
776047;2026-06-03;"quarta-feira";"13:00:00";"BA";415;30;"ILHEUS";"Chuva";"Colisão transversal";"Com Vítimas Feridas";"Pleno dia";"Decrescente";"Chuva";"Dupla";"Curva";"Não";3;0;1;0;2;0;1;2;-14,78266;-39,23412;"SPRF-BA";"DEL05/BA";"UOP01-DEL05-BA"
776053;2026-06-03;"quarta-feira";"13:40:00";"ES";101;285;"CARIACICA";"Ausência de reação do condutor";"Colisão transversal";"Com Vítimas Feridas";"Pleno dia";"Decrescente";"Sol";"Dupla";"Retorno Regulamentado";"Não";3;0;2;0;1;0;2;2;-20,2520016;-40,3731833;"SPRF-ES";"DEL01-ES";"UOP01-DEL01-ES"
776060;2026-06-03;"quarta-feira";"15:00:00";"MG";40;532;"BELO HORIZONTE";"Trafegar com motocicleta (ou similar) entre as faixas";"Colisão lateral mesmo sentido";"Com Vítimas Feridas";"Pleno dia";"Decrescente";"Céu Claro";"Dupla";"Aclive;Reta";"Sim";2;0;0;1;1;0;1;2;-19,92623157;-44,00951385;"SPRF-MG";"DEL01/MG";"UOP02-DEL01-MG"
776063;2026-06-03;"quarta-feira";"12:20:00";"SP";116;402;"MIRACATU";"Velocidade Incompatível";"Colisão com objeto";"Com Vítimas Feridas";"Pleno dia";"Crescente";"Garoa/Chuvisco";"Simples";"Aclive;Curva";"Não";1;0;0;1;0;0;1;1;-24,31860028;-47,51692057;"SPRF-SP";"DEL04/SP";"UOP02-DEL04-SP"
776064;2026-06-03;"quarta-feira";"13:15:00";"PA";230;123;"MARABA";"Acessar a via sem observar a presença dos outros veículos";"Colisão transversal";"Com Vítimas Feridas";"Pleno dia";"Crescente";"Céu Claro";"Dupla";"Reta";"Sim";4;0;2;0;1;1;2;3;-5,370157;-49,131331;"SPRF-PA";"DEL03/PA";"UOP01-DEL03-PA"
776067;2026-06-03;"quarta-feira";"15:50:00";"SP";381;72,7;"SAO PAULO";"Reação tardia ou ineficiente do condutor";"Tombamento";"Com Vítimas Feridas";"Pleno dia";"Crescente";"Céu Claro";"Múltipla";"Curva";"Não";3;0;1;0;2;0;1;2;-23,3680955;-46,5530865;"SPRF-SP";"DEL03/SP";"UOP01-DEL03-SP"
776068;2026-06-03;"quarta-feira";"15:50:00";"MA";135;83;"ITAPECURU MIRIM";"Frear bruscamente";"Colisão traseira";"Sem Vítimas";"Pleno dia";"Crescente";"Nublado";"Simples";"Reta";"Não";5;0;0;0;5;0;0;2;-3,24224;-44,375843;"SPRF-MA";"DEL01-MA";"UOP02-DEL01-MA"
776077;2026-06-03;"quarta-feira";"15:50:00";"SP";459;8,2;"PIQUETE";"Reação tardia ou ineficiente do condutor";"Saída de leito carroçável";"Com Vítimas Feridas";"Pleno dia";"Crescente";"Nublado";"Simples";"Declive";"Não";1;0;1;0;0;0;1;1;-22,57807461;-45,19691706;"SPRF-SP";"DEL08/SP";"UOP02-DEL08-SP"
776085;2026-06-03;"quarta-feira";"17:30:00";"MG";381;492,5;"BETIM";"Trafegar com motocicleta (ou similar) entre as faixas";"Colisão lateral mesmo sentido";"Com Vítimas Feridas";"Anoitecer";"Decrescente";"Céu Claro";"Múltipla";"Reta";"Sim";2;0;1;0;1;0;1;2;-19,963027;-44,166426;"SPRF-MG";"DEL01/MG";"UOP03-DEL01-MG"
776086;2026-06-03;"quarta-feira";"17:59:00";"PB";101;89,6;"JOAO PESSOA";"Acumulo de areia ou detritos sobre o pavimento";"Tombamento";"Com Vítimas Feridas";"Anoitecer";"Crescente";"Céu Claro";"Simples";"Retorno Regulamentado";"Sim";2;0;2;0;0;0;2;1;-7,17799812;-34,8996776;"SPRF-PB";"DEL01-PB";"UOP01-DEL01-PB"
776088;2026-06-03;"quarta-feira";"17:40:00";"SC";282;3,9;"FLORIANOPOLIS";"Condutor deixou de manter distância do veículo da frente";"Colisão traseira";"Com Vítimas Feridas";"Pleno dia";"Decrescente";"Céu Claro";"Múltipla";"Reta";"Sim";3;0;1;0;2;0;1;3;-27,59621824;-48,60123508;"SPRF-SC";"DEL01/SC";"UOP01-DEL01-SC"
776093;2026-06-03;"quarta-feira";"18:00:00";"PR";369;148;"LONDRINA";"Condutor desrespeitou a iluminação vermelha do semáforo";"Colisão transversal";"Sem Vítimas";"Plena Noite";"Decrescente";"Céu Claro";"Dupla";"Reta;Interseção de Vias";"Sim";2;0;0;0;2;0;0;2;-23,29306651;-51,1429867;"SPRF-PR";"DEL07/PR";"UOP01-DEL07-PR"
776094;2026-06-03;"quarta-feira";"17:30:00";"RJ";101;313;"SAO GONCALO";"Manobra de mudança de faixa";"Colisão lateral mesmo sentido";"Com Vítimas Feridas";"Anoitecer";"Decrescente";"Céu Claro";"Dupla";"Reta";"Sim";2;0;1;0;1;0;1;2;-22,80877704;-43,06676952;"SPRF-RJ";"DEL02/RJ";"UOP02-DEL02-RJ"
776096;2026-06-03;"quarta-feira";"18:35:00";"RJ";116;176;"SAO JOAO DE MERITI";"Ultrapassagem Indevida";"Queda de ocupante de veículo";"Com Vítimas Feridas";"Plena Noite";"Decrescente";"Nublado";"Simples";"Reta";"Sim";3;0;1;0;2;0;1;2;-22,79925816;-43,3636272;"SPRF-RJ";"DEL06/RJ";"UOP01-DEL06-RJ"
776104;2026-06-03;"quarta-feira";"11:00:00";"GO";153;281;"URUACU";"Avarias e/ou desgaste excessivo no pneu";"Queda de ocupante de veículo";"Com Vítimas Feridas";"Pleno dia";"Crescente";"Céu Claro";"Simples";"Curva";"Não";2;0;1;1;0;0;2;1;-14,46959618;-49,156048;"SPRF-GO";"DEL07/GO";"UOP02-DEL07-GO"
776106;2026-06-03;"quarta-feira";"14:30:00";"RS";392;256;"CACAPAVA DO SUL";"Demais falhas mecânicas ou elétricas";"Saída de leito carroçável";"Com Vítimas Feridas";"Pleno dia";"Crescente";"Céu Claro";"Simples";"Aclive;Reta";"Não";2;0;1;1;0;0;2;1;-30,50487063;-53,47251741;"SPRF-RS";"DEL09/RS";"UOP02-DEL09-RS"
776109;2026-06-03;"quarta-feira";"17:00:00";"SC";280;30;"ARAQUARI";"Acessar a via sem observar a presença dos outros veículos";"Colisão transversal";"Com Vítimas Feridas";"Pleno dia";"Decrescente";"Nublado";"Simples";"Reta";"Não";2;0;0;1;1;0;1;2;-26,41648946;-48,77137899;"SPRF-SC";"DEL03/SC";"UOP03-DEL03-SC"
776110;2026-06-03;"quarta-feira";"15:20:00";"MT";70;2,9;"BARRA DO GARCAS";"Ultrapassagem Indevida";"Colisão lateral mesmo sentido";"Com Vítimas Feridas";"Pleno dia";"Decrescente";"Céu Claro";"Dupla";"Curva;Interseção de Vias";"Sim";2;0;1;0;1;0;1;2;-15,883116;-52,274796;"SPRF-MT";"DEL07/MT";"UOP01-DEL07-MT"
776112;2026-06-03;"quarta-feira";"17:30:00";"SC";280;81;"CORUPA";"Acessar a via sem observar a presença dos outros veículos";"Colisão lateral mesmo sentido";"Com Vítimas Feridas";"Pleno dia";"Decrescente";"Céu Claro";"Simples";"Reta";"Sim";2;0;1;0;1;0;1;2;-26,437618;-49,236894;"SPRF-SC";"DEL06/SC";"UOP03-DEL06-SC"
776114;2026-06-03;"quarta-feira";"19:05:00";"RN";101;94,6;"NATAL";"Manobra de mudança de faixa";"Colisão lateral mesmo sentido";"Sem Vítimas";"Plena Noite";"Crescente";"Céu Claro";"Dupla";"Reta";"Sim";3;0;0;0;3;0;0;2;-5,835364;-35,212134;"SPRF-RN";"DEL01-RN";"UOP01-DEL01-RN"
776118;2026-06-03;"quarta-feira";"17:00:00";"SC";101;363,5;"SANGAO";"Manobra de mudança de faixa";"Colisão lateral mesmo sentido";"Com Vítimas Feridas";"Anoitecer";"Crescente";"Nublado";"Dupla";"Reta";"Não";4;0;1;1;2;0;2;2;-28,68544879;-49,15305734;"SPRF-SC";"DEL02/SC";"UOP01-DEL02-SC"
776119;2026-06-03;"quarta-feira";"19:20:00";"SP";116;157;"SAO JOSE DOS CAMPOS";"Reação tardia ou ineficiente do condutor";"Engavetamento";"Com Vítimas Feridas";"Plena Noite";"Crescente";"Céu Claro";"Múltipla";"Reta";"Sim";3;0;1;0;2;0;1;3;-23,2558458;-45,94447788;"SPRF-SP";"DEL02/SP";"UOP01-DEL02-SP"
776121;2026-06-03;"quarta-feira";"19:20:00";"DF";70;9;"BRASILIA";"Pedestre cruzava a pista fora da faixa";"Atropelamento de Pedestre";"Com Vítimas Feridas";"Plena Noite";"Crescente";"Céu Claro";"Múltipla";"Reta";"Sim";2;0;1;0;1;0;1;2;-15,787977;-48,143402;"SPRF-DF";"DEL03-DF";"UOP02-DEL03-DF"
776122;2026-06-03;"quarta-feira";"18:05:00";"RS";285;526,2;"SAO LUIZ GONZAGA";"Transitar na contramão";"Colisão frontal";"Com Vítimas Fatais";"Anoitecer";"Decrescente";"Céu Claro";"Simples";"Curva;Ponte";"Não";4;2;0;0;2;0;0;2;-28,40368842;-54,53793526;"SPRF-RS";"DEL10/RS";"UOP01-DEL10-RS"
776123;2026-06-03;"quarta-feira";"18:40:00";"RJ";40;111;"DUQUE DE CAXIAS";"Ultrapassagem Indevida";"Colisão lateral mesmo sentido";"Com Vítimas Feridas";"Plena Noite";"Decrescente";"Céu Claro";"Múltipla";"Reta";"Sim";2;0;1;0;1;0;1;2;-22,69525;-43,28826;"SPRF-RJ";"DEL01/RJ";"UOP02-DEL01-RJ"
776125;2026-06-03;"quarta-feira";"18:52:00";"PI";407;428;"PICOS";"Acessar a via sem observar a presença dos outros veículos";"Colisão traseira";"Com Vítimas Fatais";"Anoitecer";"Crescente";"Céu Claro";"Simples";"Reta";"Sim";3;1;1;0;1;0;1;2;-7,118268;-41,40577;"SPRF-PI";"DEL04-PI";"UOP01-DEL04-PI"
776126;2026-06-03;"quarta-feira";"19:30:00";"SC";282;5;"SAO JOSE";"Condutor deixou de manter distância do veículo da frente";"Colisão traseira";"Com Vítimas Feridas";"Plena Noite";"Decrescente";"Nublado";"Dupla";"Declive;Reta";"Sim";4;0;1;0;3;0;1;4;-27,58863648;-48,61233322;"SPRF-SC";"DEL01/SC";"UOP01-DEL01-SC"
776128;2026-06-03;"quarta-feira";"19:20:00";"RS";386;389;"TRIUNFO";"Ausência de reação do condutor";"Colisão traseira";"Sem Vítimas";"Plena Noite";"Decrescente";"Céu Claro";"Dupla";"Reta";"Sim";2;0;0;0;2;0;0;2;-29,7567261;-51,59729004;"SPRF-RS";"DEL04/RS";"UOP02-DEL04-RS"
776132;2026-06-03;"quarta-feira";"19:45:00";"MG";153;210;"FRUTAL";"Ausência de reação do condutor";"Saída de leito carroçável";"Com Vítimas Feridas";"Plena Noite";"Crescente";"Céu Claro";"Simples";"Interseção de Vias;Rotatória";"Não";2;0;2;0;0;0;2;1;-19,92033675;-48,96085645;"SPRF-MG";"DEL13/MG";"UOP02-DEL13-MG"
776134;2026-06-03;"quarta-feira";"20:00:00";"SC";101;406,8;"ARARANGUA";"Condutor deixou de manter distância do veículo da frente";"Colisão traseira";"Sem Vítimas";"Plena Noite";"Decrescente";"Céu Claro";"Dupla";"Reta";"Não";3;0;0;0;3;0;0;2;-28,91869854;-49,48925463;"SPRF-SC";"DEL02/SC";"UOP02-DEL02-SC"
776135;2026-06-03;"quarta-feira";"19:15:00";"SP";116;445;"REGISTRO";"Entrada inopinada do pedestre";"Atropelamento de Pedestre";"Com Vítimas Feridas";"Plena Noite";"Decrescente";"Garoa/Chuvisco";"Simples";"Reta";"Sim";2;0;1;0;1;0;1;2;-24,49722;-47,84097;"SPRF-SP";"DEL05/SP";"UOP01-DEL05-SP"
776137;2026-06-03;"quarta-feira";"18:24:00";"PB";101;81,4;"BAYEUX";"Manobra de mudança de faixa";"Tombamento";"Com Vítimas Fatais";"Plena Noite";"Decrescente";"Céu Claro";"Múltipla";"Reta;Retorno Regulamentado";"Sim";4;1;1;0;0;2;1;3;-7,12768924;-34,93976355;"SPRF-PB";"DEL01-PB";"UOP01-DEL01-PB"
776138;2026-06-03;"quarta-feira";"20:05:00";"PR";116;118;"CURITIBA";"Reação tardia ou ineficiente do condutor";"Engavetamento";"Sem Vítimas";"Anoitecer";"Crescente";"Nublado";"Dupla";"Reta";"Não";5;0;0;0;5;0;0;3;-25,56848;-49,310305;"SPRF-PR";"DEL01/PR";"UOP03-DEL01-PR"
776142;2026-06-03;"quarta-feira";"20:30:00";"PB";104;137;"QUEIMADAS";"Acessar a via sem observar a presença dos outros veículos";"Colisão transversal";"Com Vítimas Feridas";"Plena Noite";"Decrescente";"Céu Claro";"Simples";"Declive;Reta";"Sim";2;0;1;0;1;0;1;2;-7,337182;-35,898638;"SPRF-PB";"DEL02-PB";"UOP03-DEL02-PB"
776146;2026-06-03;"quarta-feira";"21:40:00";"PR";277;661,3;"MATELANDIA";"Curva acentuada";"Colisão lateral mesmo sentido";"Com Vítimas Feridas";"Plena Noite";"Crescente";"Céu Claro";"Dupla";"Curva;Declive";"Não";5;0;1;0;4;0;1;1;-25,25214853;-53,98681641;"SPRF-PR";"DEL05/PR";"UOP02-DEL05-PR"
776152;2026-06-03;"quarta-feira";"18:10:00";"PI";316;310;"PICOS";"Acessar a via sem observar a presença dos outros veículos";"Colisão traseira";"Sem Vítimas";"Plena Noite";"Crescente";"Céu Claro";"Dupla";"Reta";"Não";2;0;0;0;2;0;0;2;-7,07772121;-41,46389073;"SPRF-PI";"DEL04-PI";"UOP01-DEL04-PI"
776158;2026-06-03;"quarta-feira";"22:30:00";"RJ";101;297,9;"ITABORAI";"Velocidade Incompatível";"Colisão com objeto";"Com Vítimas Feridas";"Plena Noite";"Crescente";"Céu Claro";"Simples";"Aclive";"Sim";4;0;1;0;2;1;1;2;-22,77100225;-42,92750927;"SPRF-RJ";"DEL02/RJ";"UOP02-DEL02-RJ"
776161;2026-06-03;"quarta-feira";"22:30:00";"RO";364;692,8;"CANDEIAS DO JAMARI";"Desrespeitar a preferência no cruzamento";"Colisão transversal";"Com Vítimas Feridas";"Plena Noite";"Decrescente";"Céu Claro";"Dupla";"Rotatória";"Sim";2;0;1;0;0;1;1;2;-8,798393;-63,707688;"SPRF-RO";"DEL01-RO";"UOP01-DEL01-RO"
776162;2026-06-04;"quinta-feira";"00:15:00";"PR";369;475;"CORBELIA";"Ingestão de álcool pelo condutor";"Colisão traseira";"Sem Vítimas";"Plena Noite";"Crescente";"Céu Claro";"Simples";"Interseção de Vias";"Sim";2;0;0;0;2;0;0;2;-24,721167;-53,246578;"SPRF-PR";"DEL04/PR";"UOP03-DEL04-PR"
776164;2026-06-03;"quarta-feira";"23:59:00";"SP";116;46;"CANAS";"Ausência de reação do condutor";"Incêndio";"Sem Vítimas";"Plena Noite";"Decrescente";"Céu Claro";"Dupla";"Reta";"Não";1;0;0;0;1;0;0;1;-22,71124416;-45,04916539;"SPRF-SP";"DEL08/SP";"UOP02-DEL08-SP"
776167;2026-06-03;"quarta-feira";"14:30:00";"BA";20;135;"SAO DESIDERIO";"Reação tardia ou ineficiente do condutor";"Saída de leito carroçável";"Sem Vítimas";"Pleno dia";"Crescente";"Céu Claro";"Simples";"Aclive;Reta";"Não";1;0;0;0;0;1;0;1;-12,785382;-45,950458;"SPRF-BA";"DEL10/BA";"UOP01-DEL10-BA"
776169;2026-06-04;"quinta-feira";"00:55:00";"PR";277;0;"PARANAGUA";"Ingestão de álcool pelo condutor";"Colisão traseira";"Sem Vítimas";"Plena Noite";"Decrescente";"Céu Claro";"Simples";"Interseção de Vias;Reta";"Sim";2;0;0;0;2;0;0;2;-25,51976055;-48,54357593;"SPRF-PR";"DEL01/PR";"UOP05-DEL01-PR"
776172;2026-06-04;"quinta-feira";"00:10:00";"RJ";116;250;"PIRAI";"Ausência de reação do condutor";"Capotamento";"Com Vítimas Feridas";"Plena Noite";"Crescente";"Céu Claro";"Dupla";"Reta";"Não";6;0;5;0;1;0;5;1;-22,57737929;-43,98358695;"SPRF-RJ";"DEL07/RJ";"UOP01-DEL07-RJ"
776177;2026-06-04;"quinta-feira";"04:25:00";"SC";282;216,9;"LAGES";"Desrespeitar a preferência no cruzamento";"Colisão transversal";"Com Vítimas Feridas";"Plena Noite";"Decrescente";"Nublado";"Simples";"Rotatória";"Sim";3;0;1;0;2;0;1;2;-27,79808404;-50,29790998;"SPRF-SC";"DEL05/SC";"UOP01-DEL05-SC"
776179;2026-06-04;"quinta-feira";"04:30:00";"MS";163;554;"BANDEIRANTES";"Ausência de reação do condutor";"Saída de leito carroçável";"Com Vítimas Feridas";"Amanhecer";"Crescente";"Céu Claro";"Simples";"Reta";"Não";5;0;3;0;2;0;3;1;-19,87877146;-54,37275108;"SPRF-MS";"DEL01/MS";"UOP02-DEL01-MS"
776180;2026-06-04;"quinta-feira";"04:30:00";"SC";101;41;"JOINVILLE";"Ausência de reação do condutor";"Colisão traseira";"Com Vítimas Feridas";"Plena Noite";"Decrescente";"Chuva";"Dupla";"Reta";"Sim";3;0;1;0;2;0;1;2;-26,31716049;-48,8729566;"SPRF-SC";"DEL03/SC";"UOP01-DEL03-SC"
776182;2026-06-04;"quinta-feira";"05:00:00";"SC";101;371;"ICARA";"Ausência de reação do condutor";"Saída de leito carroçável";"Com Vítimas Feridas";"Plena Noite";"Crescente";"Garoa/Chuvisco";"Múltipla";"Reta";"Não";1;0;1;0;0;0;1;1;-28,71357089;-49,21860173;"SPRF-SC";"DEL02/SC";"UOP01-DEL02-SC"
776187;2026-06-04;"quinta-feira";"05:40:00";"RJ";101;484;"ANGRA DOS REIS";"Reação tardia ou ineficiente do condutor";"Colisão com objeto";"Com Vítimas Feridas";"Amanhecer";"Crescente";"Céu Claro";"Simples";"Reta";"Sim";1;0;0;1;0;0;1;1;-22,98993137;-44,24186782;"SPRF-RJ";"DEL03/RJ";"UOP03-DEL03-RJ"
776188;2026-06-04;"quinta-feira";"05:45:00";"MG";40;646,4;"CRISTIANO OTONI";"Conversão proibida";"Colisão transversal";"Com Vítimas Feridas";"Plena Noite";"Crescente";"Céu Claro";"Simples";"Reta";"Não";6;0;6;0;0;0;6;2;-20,7916676;-43,8104742;"SPRF-MG";"DEL05/MG";"UOP02-DEL05-MG"
776189;2026-06-04;"quinta-feira";"01:50:00";"SP";116;219;"GUARULHOS";"Ausência de reação do condutor";"Colisão com objeto";"Com Vítimas Feridas";"Plena Noite";"Crescente";"Ignorado";"Múltipla";"Curva";"Sim";1;0;1;0;0;0;1;1;-23,4607;-46,4856;"SPRF-SP";"DEL01/SP";"UOP01-DEL01-SP"