"id";"data_inversa";"dia_semana";"horario";"uf";"br";"km";"municipio";"causa_acidente";"tipo_acidente";"classificacao_acidente";"fase_dia";"sentido_via";"condicao_metereologica";"tipo_pista";"tracado_via";"uso_solo";"pessoas";"mortos";"feridos_leves";"feridos_graves";"ilesos";"ignorados";"feridos";"veiculos";"latitude";"longitude";"regional";"delegacia";"uop"
776192;2026-06-04;"quinta-feira";"06:00:00";"SC";101;202;"SAO JOSE";"Pista Escorregadia";"Colisão com objeto";"Com Vítimas Feridas";"Amanhecer";"Decrescente";"Garoa/Chuvisco";"Múltipla";"Reta";"Sim";2;0;1;0;1;0;1;2;-27,55886;-48,61791;"SPRF-SC";"DEL01/SC";"UOP01-DEL01-SC"
776194;2026-06-04;"quinta-feira";"04:20:00";"SP";116;569;"BARRA DO TURVO";"Reação tardia ou ineficiente do condutor";"Colisão lateral mesmo sentido";"Com Vítimas Feridas";"Plena Noite";"Crescente";"Garoa/Chuvisco";"Dupla";"Curva";"Não";2;0;1;0;0;1;1;2;-25,05871734;-48,5582339;"SPRF-SP";"DEL05/SP";"UOP02-DEL05-SP"
776195;2026-06-04;"quinta-feira";"05:40:00";"SP";116;154;"SAO JOSE DOS CAMPOS";"Reação tardia ou ineficiente do condutor";"Colisão traseira";"Com Vítimas Feridas";"Amanhecer";"Decrescente";"Céu Claro";"Múltipla";"Reta";"Sim";3;0;0;1;2;0;1;3;-23,24025492;-45,92151817;"SPRF-SP";"DEL02/SP";"UOP01-DEL02-SP"
776196;2026-06-04;"quinta-feira";"07:00:00";"SP";116;541;"BARRA DO TURVO";"Pista Escorregadia";"Colisão com objeto";"Com Vítimas Feridas";"Amanhecer";"Crescente";"Garoa/Chuvisco";"Simples";"Aclive;Curva";"Não";3;0;1;0;2;0;1;1;-24,972665;-48,401826;"SPRF-SP";"DEL05/SP";"UOP02-DEL05-SP"
776197;2026-06-04;"quinta-feira";"06:30:00";"SC";101;207,4;"SAO JOSE";"Reação tardia ou ineficiente do condutor";"Colisão traseira";"Com Vítimas Feridas";"Pleno dia";"Crescente";"Nublado";"Múltipla";"Aclive";"Sim";3;0;1;0;0;2;1;3;-27,601361;-48,626103;"SPRF-SC";"DEL01/SC";"UOP01-DEL01-SC"
776200;2026-06-04;"quinta-feira";"01:00:00";"MG";381;486;"BETIM";"Ausência de reação do condutor";"Queda de ocupante de veículo";"Sem Vítimas";"Plena Noite";"Crescente";"Céu Claro";"Simples";"Reta;Aclive";"Sim";1;0;0;0;0;1;0;1;-19,95596038;-44,10684586;"SPRF-MG";"DEL01/MG";"UOP03-DEL01-MG"
776201;2026-06-04;"quinta-feira";"05:30:00";"PR";277;522,7;"GUARANIACU";"Ingestão de álcool pelo condutor";"Saída de leito carroçável";"Com Vítimas Feridas";"Plena Noite";"Crescente";"Céu Claro";"Simples";"Reta;Declive";"Não";2;0;1;1;0;0;2;1;-25,1055317;-52,8697699;"SPRF-PR";"DEL04/PR";"UOP04-DEL04-PR"
776207;2026-06-04;"quinta-feira";"06:30:00";"AL";101;234,7;"PORTO REAL DO COLEGIO";"Reação tardia ou ineficiente do condutor";"Colisão traseira";"Com Vítimas Feridas";"Pleno dia";"Decrescente";"Nublado";"Dupla";"Curva";"Não";2;0;1;0;0;1;1;2;-10,11767268;-36,72555489;"SPRF-AL";"DEL02-AL";"UOP02-DEL02-AL"
776208;2026-06-04;"quinta-feira";"00:56:00";"RO";364;514,7;"ARIQUEMES";"Demais falhas na via";"Saída de leito carroçável";"Com Vítimas Feridas";"Plena Noite";"Crescente";"Céu Claro";"Simples";"Interseção de Vias;Reta";"Sim";2;0;2;0;0;0;2;1;-9,9269;-63,054797;"SPRF-RO";"DEL03-RO";"UOP01-DEL03-RO"
776212;2026-06-04;"quinta-feira";"06:30:00";"MG";381;537,8;"ITATIAIUCU";"Condutor Dormindo";"Colisão com objeto";"Com Vítimas Fatais";"Pleno dia";"Crescente";"Sol";"Dupla";"Reta";"Não";1;1;0;0;0;0;0;1;-20,20910383;-44,39081065;"SPRF-MG";"DEL04/MG";"UOP03-DEL04-MG"
776216;2026-06-04;"quinta-feira";"08:30:00";"ES";101;3;"SERRA";"Demais falhas mecânicas ou elétricas";"Incêndio";"Sem Vítimas";"Pleno dia";"Decrescente";"Chuva";"Múltipla";"Reta";"Não";1;0;0;0;1;0;0;1;-20,085097;-40,361927;"SPRF-ES";"DEL02-ES";"UOP01-DEL02-ES"
776226;2026-06-04;"quinta-feira";"09:00:00";"MG";381;503;"BETIM";"Reação tardia ou ineficiente do condutor";"Engavetamento";"Com Vítimas Feridas";"Pleno dia";"Crescente";"Céu Claro";"Dupla";"Reta;Interseção de Vias";"Não";4;0;1;0;3;0;1;4;-20,02637221;-44,23211273;"SPRF-MG";"DEL01/MG";"UOP03-DEL01-MG"
776231;2026-06-04;"quinta-feira";"09:00:00";"MG";40;510,7;"RIBEIRAO DAS NEVES";"Reação tardia ou ineficiente do condutor";"Colisão traseira";"Com Vítimas Feridas";"Pleno dia";"Decrescente";"Céu Claro";"Dupla";"Reta;Aclive";"Sim";2;0;1;0;1;0;1;2;-19,7723773;-44,1258227;"SPRF-MG";"DEL01/MG";"UOP02-DEL01-MG"
776237;2026-05-20;"quarta-feira";"22:00:00";"PA";10;263;"AURORA DO PARA";"Acessar a via sem observar a presença dos outros veículos";"Colisão transversal";"Com Vítimas Feridas";"Plena Noite";"Decrescente";"Céu Claro";"Simples";"Reta";"Sim";3;0;0;1;2;0;1;2;-2,13193807;-47,56069064;"SPRF-PA";"DEL02/PA";"UOP01-DEL02-PA"
776240;2026-06-04;"quinta-feira";"06:00:00";"MG";116;127,1;"ITAOBIM";"Reação tardia ou ineficiente do condutor";"Capotamento";"Com Vítimas Feridas";"Amanhecer";"Decrescente";"Céu Claro";"Simples";"Curva";"Não";7;0;6;0;1;0;6;1;-16,66404;-41,50268;"SPRF-MG";"DEL11/MG";"UOP02-DEL11-MG"
776241;2026-06-04;"quinta-feira";"10:30:00";"BA";101;504;"ITABUNA";"Conversão proibida";"Colisão lateral mesmo sentido";"Com Vítimas Feridas";"Pleno dia";"Decrescente";"Céu Claro";"Simples";"Curva;Viaduto";"Não";2;0;1;0;1;0;1;2;-14,788598;-39,29042;"SPRF-BA";"DEL05/BA";"UOP01-DEL05-BA"
776249;2026-06-04;"quinta-feira";"11:00:00";"SC";101;175;"GOVERNADOR CELSO RAMOS";"Ausência de reação do condutor";"Saída de leito carroçável";"Sem Vítimas";"Pleno dia";"Decrescente";"Garoa/Chuvisco";"Dupla";"Reta";"Sim";1;0;0;0;0;1;0;1;-27,3396318;-48,62693533;"SPRF-SC";"DEL01/SC";"UOP01-DEL01-SC"
776251;2026-06-04;"quinta-feira";"09:30:00";"SP";101;43;"UBATUBA";"Reação tardia ou ineficiente do condutor";"Tombamento";"Com Vítimas Feridas";"Pleno dia";"Decrescente";"Nublado";"Simples";"Rotatória";"Sim";1;0;1;0;0;0;1;1;-23,40972461;-45,05932973;"SPRF-SP";"DEL06/SP";"UOP01-DEL06-SP"
776255;2026-06-04;"quinta-feira";"10:45:00";"CE";116;44;"HORIZONTE";"Manobra de mudança de faixa";"Colisão lateral mesmo sentido";"Com Vítimas Feridas";"Pleno dia";"Crescente";"Céu Claro";"Dupla";"Reta";"Sim";9;0;7;0;2;0;7;4;-4,131255;-38,483142;"SPRF-CE";"DEL01/CE";"UOP02-DEL01-CE"
776256;2026-06-04;"quinta-feira";"09:45:00";"SC";101;412,2;"ARARANGUA";"Manobra de mudança de faixa";"Colisão lateral mesmo sentido";"Com Vítimas Feridas";"Pleno dia";"Decrescente";"Nublado";"Dupla";"Reta";"Não";4;0;1;0;2;1;1;3;-28,9434198;-49,52681629;"SPRF-SC";"DEL02/SC";"UOP02-DEL02-SC"
776258;2026-06-04;"quinta-feira";"12:20:00";"SE";235;27,6;"AREIA BRANCA";"Velocidade Incompatível";"Colisão frontal";"Com Vítimas Fatais";"Pleno dia";"Decrescente";"Chuva";"Simples";"Curva";"Não";7;4;3;0;0;0;3;2;-10,798403;-37,273715;"SPRF-SE";"DEL01-SE";"UOP02-DEL01-SE"
776261;2026-06-04;"quinta-feira";"11:55:00";"PR";277;374,7;"GUARAPUAVA";"Ausência de reação do condutor";"Colisão traseira";"Com Vítimas Feridas";"Pleno dia";"Crescente";"Céu Claro";"Simples";"Reta";"Não";4;0;0;1;3;0;1;2;-25,406657;-51,689684;"SPRF-PR";"DEL08/PR";"UOP01-DEL08-PR"
776262;2026-06-04;"quinta-feira";"12:40:00";"PR";376;665;"GUARATUBA";"Reação tardia ou ineficiente do condutor";"Colisão com objeto";"Com Vítimas Feridas";"Pleno dia";"Decrescente";"Garoa/Chuvisco";"Simples";"Curva";"Não";1;0;1;0;0;0;1;1;-25,85376771;-48,95679172;"SPRF-PR";"DEL01/PR";"UOP04-DEL01-PR"
776274;2026-06-04;"quinta-feira";"13:00:00";"SC";101;123;"ITAJAI";"Ausência de reação do condutor";"Colisão com objeto";"Com Vítimas Feridas";"Pleno dia";"Crescente";"Céu Claro";"Simples";"Curva";"Não";1;0;1;0;0;0;1;1;-26,93908968;-48,69740434;"SPRF-SC";"DEL04/SC";"UOP04-DEL04-SC"
776276;2026-06-04;"quinta-feira";"11:40:00";"MG";116;744,4;"LEOPOLDINA";"Acessar a via sem observar a presença dos outros veículos";"Colisão transversal";"Com Vítimas Feridas";"Pleno dia";"Crescente";"Nublado";"Simples";"Interseção de Vias;Reta";"Não";3;0;2;0;1;0;2;2;-21,542;-42,655;"SPRF-MG";"DEL07/MG";"UOP01-DEL07-MG"
776277;2026-06-04;"quinta-feira";"13:09:00";"RS";116;337,5;"BARRA DO RIBEIRO";"Acessar a via sem observar a presença dos outros veículos";"Saída de leito carroçável";"Com Vítimas Fatais";"Pleno dia";"Crescente";"Céu Claro";"Dupla";"Reta";"Não";3;1;1;0;0;1;1;2;-30,45602185;-51,49017334;"SPRF-RS";"DEL02/RS";"UOP02-DEL02-RS"
776281;2026-06-04;"quinta-feira";"14:00:00";"SC";282;2,1;"FLORIANOPOLIS";"Manobra de mudança de faixa";"Colisão lateral mesmo sentido";"Com Vítimas Feridas";"Pleno dia";"Crescente";"Céu Claro";"Múltipla";"Reta";"Sim";3;0;1;0;1;1;1;3;-27,602712;-48,592473;"SPRF-SC";"DEL01/SC";"UOP01-DEL01-SC"
776282;2026-06-04;"quinta-feira";"14:20:00";"MG";40;529;"CONTAGEM";"Pedestre cruzava a pista fora da faixa";"Atropelamento de Pedestre";"Com Vítimas Feridas";"Pleno dia";"Crescente";"Céu Claro";"Dupla";"Reta";"Sim";2;0;0;1;1;0;1;2;-19,9130522;-44,04084325;"SPRF-MG";"DEL01/MG";"UOP02-DEL01-MG"
776283;2026-06-04;"quinta-feira";"13:50:00";"PB";230;136;"CAMPINA GRANDE";"Velocidade Incompatível";"Saída de leito carroçável";"Com Vítimas Feridas";"Pleno dia";"Crescente";"Chuva";"Dupla";"Aclive;Curva";"Não";2;0;1;0;1;0;1;1;-7,27697384;-35,77369452;"SPRF-PB";"DEL02-PB";"UOP01-DEL02-PB"
776284;2026-06-04;"quinta-feira";"13:45:00";"MG";40;475,8;"SETE LAGOAS";"Frear bruscamente";"Colisão traseira";"Sem Vítimas";"Pleno dia";"Decrescente";"Céu Claro";"Dupla";"Aclive;Reta";"Sim";2;0;0;0;1;1;0;2;-19,51167;-44,27159;"SPRF-MG";"DEL02/MG";"UOP01-DEL02-MG"
776290;2026-06-04;"quinta-feira";"13:40:00";"PR";376;339;"ORTIGUEIRA";"Acessar a via sem observar a presença dos outros veículos";"Colisão transversal";"Com Vítimas Feridas";"Pleno dia";"Crescente";"Sol";"Simples";"Reta";"Não";7;0;5;0;2;0;5;2;-24,15039545;-50,97768903;"SPRF-PR";"DEL07/PR";"UOP02-DEL07-PR"
776298;2026-06-04;"quinta-feira";"15:00:00";"ES";262;167;"IBATIBA";"Acessar a via sem observar a presença dos outros veículos";"Colisão transversal";"Com Vítimas Feridas";"Pleno dia";"Crescente";"Céu Claro";"Simples";"Reta";"Não";2;0;0;1;1;0;1;2;-20,2376313;-41,51172129;"SPRF-ES";"DEL01-ES";"UOP02-DEL01-ES"
776300;2026-06-04;"quinta-feira";"04:00:00";"BA";324;623;"SALVADOR";"Demais falhas mecânicas ou elétricas";"Incêndio";"Sem Vítimas";"Pleno dia";"Crescente";"Chuva";"Múltipla";"Reta";"Sim";1;0;0;0;0;1;0;1;-12,942031;-38,4710283;"SPRF-BA";"DEL01/BA";"UOP01-DEL01-BA"
776303;2026-06-04;"quinta-feira";"15:45:00";"SP";116;109,4;"TAUBATE";"Condutor deixou de manter distância do veículo da frente";"Engavetamento";"Com Vítimas Feridas";"Pleno dia";"Decrescente";"Céu Claro";"Múltipla";"Reta";"Sim";4;0;1;0;1;2;1;4;-23,0324;-45,54986;"SPRF-SP";"DEL02/SP";"UOP02-DEL02-SP"
776304;2026-06-04;"quinta-feira";"14:00:00";"PI";343;157;"BRASILEIRA";"Condutor Dormindo";"Colisão com objeto";"Com Vítimas Feridas";"Pleno dia";"Decrescente";"Céu Claro";"Simples";"Reta";"Não";1;0;1;0;0;0;1;1;-4,048659;-41,771574;"SPRF-PI";"DEL02-PI";"UOP01-DEL02-PI"
776309;2026-06-04;"quinta-feira";"16:00:00";"BA";116;356;"SERRINHA";"Acessar a via sem observar a presença dos outros veículos";"Eventos atípicos";"Com Vítimas Feridas";"Pleno dia";"Decrescente";"Céu Claro";"Simples";"Interseção de Vias";"Sim";2;0;1;0;0;1;1;2;-11,65083;-38,991527;"SPRF-BA";"DEL02/BA";"UOP01-DEL02-BA"
776311;2026-06-04;"quinta-feira";"14:10:00";"PE";408;69,9;"PAUDALHO";"Condutor Dormindo";"Colisão traseira";"Com Vítimas Feridas";"Pleno dia";"Crescente";"Céu Claro";"Dupla";"Reta";"Não";2;0;1;0;1;0;1;2;-7,921557;-35,158295;"SPRF-PE";"DEL01/PE";"UOP01-DEL01-PE"
776313;2026-06-04;"quinta-feira";"13:50:00";"RJ";101;597;"PARATY";"Transitar na contramão";"Colisão frontal";"Com Vítimas Feridas";"Pleno dia";"Decrescente";"Nublado";"Simples";"Curva;Declive";"Não";3;0;1;0;2;0;1;2;-23,33823668;-44,7446537;"SPRF-RJ";"DEL03/RJ";"UOP04-DEL03-RJ"
776314;2026-06-04;"quinta-feira";"12:00:00";"RJ";101;576;"PARATY";"Acessar a via sem observar a presença dos outros veículos";"Colisão lateral sentido oposto";"Com Vítimas Feridas";"Pleno dia";"Decrescente";"Chuva";"Simples";"Reta";"Sim";3;0;3;0;0;0;3;2;-23,22750894;-44,72733585;"SPRF-RJ";"DEL03/RJ";"UOP04-DEL03-RJ"
776317;2026-06-04;"quinta-feira";"17:00:00";"MG";381;422;"CAETE";"Reação tardia ou ineficiente do condutor";"Tombamento";"Com Vítimas Feridas";"Anoitecer";"Crescente";"Céu Claro";"Dupla";"Aclive;Reta";"Não";1;0;1;0;0;0;1;1;-19,7918919;-43,6816406;"SPRF-MG";"DEL01/MG";"UOP01-DEL01-MG"
776319;2026-06-04;"quinta-feira";"16:25:00";"RS";101;79;"OSORIO";"Reação tardia ou ineficiente do condutor";"Saída de leito carroçável";"Com Vítimas Feridas";"Pleno dia";"Decrescente";"Céu Claro";"Dupla";"Curva";"Não";3;0;0;1;0;2;1;2;-29,8730991;-50,25481224;"SPRF-RS";"DEL03/RS";"UOP01-DEL03-RS"
776320;2026-06-04;"quinta-feira";"17:00:00";"CE";116;42;"HORIZONTE";"Acessar a via sem observar a presença dos outros veículos";"Colisão traseira";"Com Vítimas Feridas";"Plena Noite";"Crescente";"Céu Claro";"Dupla";"Curva;Retorno Regulamentado;Aclive";"Sim";3;0;1;2;0;0;3;2;-4,1127799;-38,4911744;"SPRF-CE";"DEL01/CE";"UOP02-DEL01-CE"
776327;2026-06-04;"quinta-feira";"15:00:00";"MG";262;36,4;"MANHUACU";"Reação tardia ou ineficiente do condutor";"Colisão lateral mesmo sentido";"Com Vítimas Feridas";"Pleno dia";"Decrescente";"Céu Claro";"Simples";"Curva;Aclive";"Sim";2;0;1;0;1;0;1;2;-20,26615;-42,03568;"SPRF-MG";"DEL06/MG";"UOP03-DEL06-MG"
776329;2026-06-04;"quinta-feira";"18:20:00";"CE";20;310,8;"CANINDE";"Ingestão de álcool pelo condutor";"Colisão traseira";"Com Vítimas Feridas";"Plena Noite";"Decrescente";"Céu Claro";"Simples";"Aclive;Reta";"Não";2;0;0;1;1;0;1;2;-4,329123;-39,284055;"SPRF-CE";"DEL02/CE";"UOP01-DEL02-CE"
776330;2026-06-04;"quinta-feira";"16:20:00";"MG";262;349;"BETIM";"Ausência de reação do condutor";"Tombamento";"Com Vítimas Feridas";"Pleno dia";"Decrescente";"Céu Claro";"Dupla";"Curva";"Não";1;0;1;0;0;0;1;1;-19,9798021;-44,21756744;"SPRF-MG";"DEL01/MG";"UOP03-DEL01-MG"
776331;2026-06-04;"quinta-feira";"16:00:00";"MG";262;361;"JUATUBA";"Trafegar com motocicleta (ou similar) entre as faixas";"Colisão lateral mesmo sentido";"Com Vítimas Feridas";"Pleno dia";"Decrescente";"Céu Claro";"Dupla";"Reta";"Sim";2;0;0;1;1;0;1;2;-19,97327726;-44,31375917;"SPRF-MG";"DEL01/MG";"UOP03-DEL01-MG"
776333;2026-06-04;"quinta-feira";"18:25:00";"PR";163;263;"TOLEDO";"Ingestão de álcool pelo condutor";"Colisão lateral mesmo sentido";"Com Vítimas Feridas";"Anoitecer";"Crescente";"Céu Claro";"Dupla";"Reta";"Não";3;0;1;0;2;0;1;2;-24,62674545;-53,89315065;"SPRF-PR";"DEL06/PR";"UOP02-DEL06-PR"
776335;2026-06-04;"quinta-feira";"18:10:00";"RS";285;390,6;"SANTA BARBARA DO SUL";"Faróis desregulados";"Colisão frontal";"Com Vítimas Feridas";"Plena Noite";"Crescente";"Céu Claro";"Simples";"Reta;Declive";"Não";5;0;2;3;0;0;5;2;-28,397846;-53,234707;"SPRF-RS";"DEL10/RS";"UOP02-DEL10-RS"
776338;2026-06-04;"quinta-feira";"18:10:00";"SC";282;588,8;"SAUDADES";"Acessar a via sem observar a presença dos outros veículos";"Colisão transversal";"Com Vítimas Feridas";"Plena Noite";"Crescente";"Céu Claro";"Simples";"Declive";"Não";2;0;0;1;1;0;1;2;-26,82610487;-53,0625364;"SPRF-SC";"DEL07/SC";"UOP02-DEL07-SC"
776339;2026-06-04;"quinta-feira";"19:00:00";"RS";386;414;"MONTENEGRO";"Velocidade Incompatível";"Saída de leito carroçável";"Com Vítimas Feridas";"Plena Noite";"Crescente";"Céu Claro";"Simples";"Curva";"Não";1;0;1;0;0;0;1;1;-29,8157116;-51,4814687;"SPRF-RS";"DEL04/RS";"UOP02-DEL04-RS"
776340;2026-06-04;"quinta-feira";"18:00:00";"BA";116;226;"EUCLIDES DA CUNHA";"Condutor deixou de manter distância do veículo da frente";"Colisão traseira";"Com Vítimas Feridas";"Anoitecer";"Crescente";"Céu Claro";"Simples";"Declive;Reta";"Não";2;0;1;0;0;1;1;2;-10,587394;-38,980829;"SPRF-BA";"DEL07/BA";"UOP03-DEL07-BA"
776343;2026-06-04;"quinta-feira";"18:40:00";"PE";423;96,4;"GARANHUNS";"Condutor desrespeitou a iluminação vermelha do semáforo";"Colisão transversal";"Com Vítimas Feridas";"Plena Noite";"Crescente";"Garoa/Chuvisco";"Simples";"Aclive;Reta";"Não";2;0;1;0;1;0;1;2;-8,88170506;-36,49019051;"SPRF-PE";"DEL03/PE";"UOP01-DEL03-PE"
776346;2026-06-04;"quinta-feira";"18:30:00";"PR";277;586,9;"CASCAVEL";"Manobra de mudança de faixa";"Colisão lateral mesmo sentido";"Com Vítimas Feridas";"Plena Noite";"Crescente";"Céu Claro";"Dupla";"Rotatória;Interseção de Vias;Viaduto";"Sim";2;0;1;0;1;0;1;2;-24,96462009;-53,40554005;"SPRF-PR";"DEL04/PR";"UOP01-DEL04-PR"
776347;2026-06-04;"quinta-feira";"19:20:00";"GO";60;167;"GOIANIA";"Demais falhas mecânicas ou elétricas";"Colisão traseira";"Com Vítimas Feridas";"Plena Noite";"Crescente";"Céu Claro";"Dupla";"Declive;Reta";"Sim";2;0;1;0;1;0;1;2;-16,73023;-49,389333;"SPRF-GO";"DEL01/GO";"UOP02-DEL01-GO"
776348;2026-06-04;"quinta-feira";"19:15:00";"SP";116;150,2;"SAO JOSE DOS CAMPOS";"Manobra de mudança de faixa";"Colisão lateral mesmo sentido";"Com Vítimas Feridas";"Plena Noite";"Decrescente";"Céu Claro";"Múltipla";"Declive;Reta";"Sim";2;0;1;0;1;0;1;2;-23,21341;-45,89312;"SPRF-SP";"DEL02/SP";"UOP01-DEL02-SP"
776352;2026-06-04;"quinta-feira";"20:20:00";"ES";101;156;"LINHARES";"Reação tardia ou ineficiente do condutor";"Colisão traseira";"Com Vítimas Feridas";"Plena Noite";"Crescente";"Garoa/Chuvisco";"Simples";"Reta";"Não";3;0;1;0;2;0;1;2;-19,43910505;-40,08955892;"SPRF-ES";"DEL04-ES";"UOP01-DEL04-ES"
776353;2026-06-04;"quinta-feira";"20:00:00";"RN";101;95,9;"NATAL";"Velocidade Incompatível";"Colisão traseira";"Com Vítimas Feridas";"Plena Noite";"Crescente";"Céu Claro";"Múltipla";"Reta";"Sim";2;0;1;0;0;1;1;2;-5,853815;-35,210925;"SPRF-RN";"DEL01-RN";"UOP01-DEL01-RN"
776361;2026-06-04;"quinta-feira";"19:50:00";"MS";262;387;"TERENOS";"Acostamento em desnível";"Colisão com objeto";"Com Vítimas Feridas";"Plena Noite";"Decrescente";"Céu Claro";"Simples";"Reta;Declive;Em Obras";"Não";5;0;2;0;3;0;2;1;-20,429285;-54,902004;"SPRF-MS";"DEL01/MS";"UOP03-DEL01-MS"
776367;2026-06-04;"quinta-feira";"19:50:00";"PE";232;13,5;"JABOATAO DOS GUARARAPES";"Acumulo de água sobre o pavimento";"Capotamento";"Com Vítimas Feridas";"Plena Noite";"Decrescente";"Chuva";"Dupla";"Reta";"Não";1;0;1;0;0;0;1;1;-8,086187;-35,003585;"SPRF-PE";"DEL01/PE";"UOP01-DEL01-PE"
776369;2026-06-04;"quinta-feira";"20:59:00";"SC";470;153,7;"AGRONOMICA";"Reação tardia ou ineficiente do condutor";"Saída de leito carroçável";"Com Vítimas Feridas";"Plena Noite";"Decrescente";"Nublado";"Simples";"Curva";"Não";1;0;1;0;0;0;1;1;-27,27655;-49,74107;"SPRF-SC";"DEL04/SC";"UOP02-DEL04-SC"
776370;2026-06-04;"quinta-feira";"18:50:00";"PR";376;68,7;"GUAIRACA";"Ultrapassagem Indevida";"Colisão frontal";"Com Vítimas Fatais";"Plena Noite";"Crescente";"Céu Claro";"Simples";"Aclive;Reta";"Não";7;3;0;3;1;0;3;3;-22,936205;-52,739742;"SPRF-PR";"DEL09/PR";"UOP02-DEL09-PR"
776371;2026-06-04;"quinta-feira";"18:20:00";"PE";424;4;"ARCOVERDE";"Transitar na contramão";"Colisão frontal";"Com Vítimas Fatais";"Plena Noite";"Crescente";"Garoa/Chuvisco";"Simples";"Reta";"Não";2;1;0;0;0;1;0;2;-8,456895;-37,046493;"SPRF-PE";"DEL04/PE";"UOP02-DEL04-PE"
776372;2026-06-04;"quinta-feira";"18:00:00";"BA";116;229;"EUCLIDES DA CUNHA";"Ausência de reação do condutor";"Atropelamento de Pedestre";"Com Vítimas Feridas";"Pleno dia";"Crescente";"Chuva";"Simples";"Reta";"Não";2;0;0;1;0;1;1;2;-10,587381;-38,980829;"SPRF-BA";"DEL07/BA";"UOP03-DEL07-BA"
776373;2026-06-04;"quinta-feira";"19:00:00";"AC";317;276;"EPITACIOLANDIA";"Condutor Dormindo";"Queda de ocupante de veículo";"Com Vítimas Feridas";"Plena Noite";"Crescente";"Céu Claro";"Simples";"Reta";"Não";1;0;0;1;0;0;1;1;-11,00142399;-68,64748608;"SPRF-AC";"DEL01-AC";"UOP02-DEL01-AC"
776374;2026-06-04;"quinta-feira";"18:30:00";"SC";101;451,4;"SAO JOAO DO SUL";"Ausência de reação do condutor";"Colisão frontal";"Com Vítimas Feridas";"Plena Noite";"Crescente";"Nublado";"Múltipla";"Reta";"Não";2;0;0;1;1;0;1;2;-29,19047151;-49,75426409;"SPRF-SC";"DEL02/SC";"UOP02-DEL02-SC"
776375;2026-06-04;"quinta-feira";"20:30:00";"MG";116;109,8;"ITAOBIM";"Ausência de reação do condutor";"Saída de leito carroçável";"Com Vítimas Fatais";"Plena Noite";"Decrescente";"Céu Claro";"Simples";"Curva";"Não";1;1;0;0;0;0;0;1;-16,51097;-41,506303;"SPRF-MG";"DEL11/MG";"UOP02-DEL11-MG"
776376;2026-06-04;"quinta-feira";"19:00:00";"BA";101;222;"CRUZ DAS ALMAS";"Transitar na contramão";"Colisão frontal";"Com Vítimas Feridas";"Plena Noite";"Crescente";"Nublado";"Simples";"Reta";"Não";3;0;0;1;2;0;1;2;-12,680915;-39,140234;"SPRF-BA";"DEL11/BA";"UOP01-DEL11-BA"
776379;2026-06-04;"quinta-feira";"20:57:00";"PR";116;208,8;"RIO NEGRO";"Reação tardia ou ineficiente do condutor";"Colisão com objeto";"Com Vítimas Feridas";"Plena Noite";"Decrescente";"Céu Claro";"Simples";"Aclive";"Sim";1;0;1;0;0;0;1;1;-26,0840429;-49,7756798;"SPRF-SC";"DEL06/SC";"UOP01-DEL06-SC"
776380;2026-06-04;"quinta-feira";"18:00:00";"RO";364;343;"JI-PARANA";"Acessar a via sem observar a presença dos outros veículos";"Colisão transversal";"Com Vítimas Feridas";"Anoitecer";"Crescente";"Céu Claro";"Simples";"Reta;Interseção de Vias";"Sim";3;0;2;0;0;1;2;3;-10,87731266;-61,94701044;"SPRF-RO";"DEL02-RO";"UOP01-DEL02-RO"
776385;2026-06-04;"quinta-feira";"22:40:00";"MG";381;366;"SAO GONCALO DO RIO ABAIXO";"Reação tardia ou ineficiente do condutor";"Saída de leito carroçável";"Com Vítimas Feridas";"Plena Noite";"Decrescente";"Céu Claro";"Simples";"Curva";"Não";1;0;1;0;0;0;1;1;-19,851215;-43,291934;"SPRF-MG";"DEL03/MG";"UOP01-DEL03-MG"
776386;2026-06-04;"quinta-feira";"21:35:00";"RJ";393;175,6;"TRES RIOS";"Ausência de reação do condutor";"Tombamento";"Com Vítimas Feridas";"Pleno dia";"Decrescente";"Nublado";"Simples";"Rotatória";"Sim";1;0;0;1;0;0;1;1;-22,12430193;-43,23140351;"SPRF-RJ";"DEL05/RJ";"UOP03-DEL05-RJ"
776387;2026-06-04;"quinta-feira";"17:55:00";"MT";364;197,8;"RONDONOPOLIS";"Ultrapassagem Indevida";"Colisão lateral sentido oposto";"Com Vítimas Feridas";"Plena Noite";"Crescente";"Céu Claro";"Simples";"Aclive;Reta";"Não";2;0;1;0;1;0;1;2;-16,512571;-54,613029;"SPRF-MT";"DEL02/MT";"UOP01-DEL02-MT"
776391;2026-06-04;"quinta-feira";"20:00:00";"AM";319;601;"HUMAITA";"Velocidade Incompatível";"Saída de leito carroçável";"Com Vítimas Fatais";"Plena Noite";"Decrescente";"Céu Claro";"Simples";"Curva";"Não";1;1;0;0;0;0;0;1;-7,08522551;-63,11018793;"SPRF-AM";"DEL02-AM";"UOP01-DEL02-AM"
776392;2026-06-04;"quinta-feira";"23:40:00";"PR";476;168;"ARAUCARIA";"Ausência de reação do condutor";"Saída de leito carroçável";"Sem Vítimas";"Plena Noite";"Crescente";"Nublado";"Simples";"Curva;Declive";"Não";1;0;0;0;1;0;0;1;-25,65233765;-49,47954051;"SPRF-PR";"DEL01/PR";"UOP06-DEL01-PR"