"id";"data_inversa";"dia_semana";"horario";"uf";"br";"km";"municipio";"causa_acidente";"tipo_acidente";"classificacao_acidente";"fase_dia";"sentido_via";"condicao_metereologica";"tipo_pista";"tracado_via";"uso_solo";"pessoas";"mortos";"feridos_leves";"feridos_graves";"ilesos";"ignorados";"feridos";"veiculos";"latitude";"longitude";"regional";"delegacia";"uop"
776393;2026-06-04;"quinta-feira";"23:30:00";"SC";101;92;"BARRA VELHA";"Reação tardia ou ineficiente do condutor";"Saída de leito carroçável";"Com Vítimas Feridas";"Plena Noite";"Crescente";"Nublado";"Simples";"Reta";"Não";2;0;2;0;0;0;2;1;-26,68038344;-48,69321942;"SPRF-SC";"DEL03/SC";"UOP02-DEL03-SC"
776394;2026-06-04;"quinta-feira";"23:15:00";"MG";40;580;"NOVA LIMA";"Condutor deixou de manter distância do veículo da frente";"Colisão lateral mesmo sentido";"Com Vítimas Feridas";"Plena Noite";"Decrescente";"Céu Claro";"Dupla";"Curva";"Não";2;0;2;0;0;0;2;2;-20,0819082;-43,9793805;"SPRF-MG";"DEL01/MG";"UOP02-DEL01-MG"
776395;2026-06-04;"quinta-feira";"23:50:00";"RS";116;149;"CAXIAS DO SUL";"Manobra de mudança de faixa";"Colisão lateral mesmo sentido";"Sem Vítimas";"Plena Noite";"Crescente";"Céu Claro";"Dupla";"Reta";"Sim";3;0;0;0;3;0;0;2;-29,168727;-51,158287;"SPRF-RS";"DEL05/RS";"UOP01-DEL05-RS"
776396;2026-06-05;"sexta-feira";"00:10:00";"RN";101;83,9;"NATAL";"Condutor deixou de manter distância do veículo da frente";"Colisão traseira";"Com Vítimas Feridas";"Plena Noite";"Decrescente";"Céu Claro";"Dupla";"Reta";"Sim";2;0;1;0;1;0;1;2;-5,77322162;-35,26023527;"SPRF-RN";"DEL02-RN";"UOP01-DEL02-RN"
776399;2026-06-05;"sexta-feira";"00:56:00";"GO";40;2;"VALPARAISO DE GOIAS";"Reação tardia ou ineficiente do condutor";"Colisão com objeto";"Com Vítimas Feridas";"Plena Noite";"Crescente";"Céu Claro";"Dupla";"Reta";"Sim";1;0;0;1;0;0;1;1;-16,0690848;-47,9868383;"SPRF-DF";"DEL01-DF";"UOP01-DEL01-DF"
776401;2026-06-05;"sexta-feira";"01:30:00";"MG";40;498,3;"ESMERALDAS";"Pedestre andava na pista";"Atropelamento de Pedestre";"Com Vítimas Fatais";"Plena Noite";"Crescente";"Céu Claro";"Dupla";"Declive;Reta";"Não";2;1;0;0;1;0;0;2;-19,6865361;-44,18119669;"SPRF-MG";"DEL02/MG";"UOP01-DEL02-MG"
776403;2026-06-05;"sexta-feira";"01:30:00";"SC";153;66;"IRANI";"Ausência de reação do condutor";"Colisão com objeto";"Sem Vítimas";"Plena Noite";"Decrescente";"Céu Claro";"Simples";"Reta";"Não";1;0;0;0;1;0;0;1;-27,0253837;-51,88550091;"SPRF-SC";"DEL07/SC";"UOP04-DEL07-SC"
776404;2026-06-05;"sexta-feira";"01:30:00";"RS";471;150,6;"SANTA CRUZ DO SUL";"Ingestão de álcool pelo condutor";"Colisão com objeto";"Com Vítimas Feridas";"Plena Noite";"Crescente";"Nevoeiro/Neblina";"Simples";"Interseção de Vias";"Sim";1;0;1;0;0;0;1;1;-29,77803604;-52,41648881;"SPRF-RS";"DEL02/RS";"UOP03-DEL02-RS"
776407;2026-06-05;"sexta-feira";"02:40:00";"SC";282;0,2;"FLORIANOPOLIS";"Ingestão de álcool pelo condutor";"Saída de leito carroçável";"Sem Vítimas";"Plena Noite";"Crescente";"Céu Claro";"Dupla";"Curva";"Não";1;0;0;0;0;1;0;1;-27,5992148;-48,5744155;"SPRF-SC";"DEL01/SC";"UOP01-DEL01-SC"
776408;2026-06-05;"sexta-feira";"02:50:00";"ES";101;141,9;"LINHARES";"Pedestre cruzava a pista fora da faixa";"Atropelamento de Pedestre";"Com Vítimas Fatais";"Plena Noite";"Crescente";"Céu Claro";"Múltipla";"Reta";"Sim";2;1;0;0;0;1;0;2;-19,3338815;-40,0680138;"SPRF-ES";"DEL04-ES";"UOP01-DEL04-ES"
776409;2026-06-05;"sexta-feira";"03:00:00";"RS";470;221,3;"GARIBALDI";"Reação tardia ou ineficiente do condutor";"Saída de leito carroçável";"Com Vítimas Feridas";"Plena Noite";"Crescente";"Céu Claro";"Simples";"Retorno Regulamentado";"Sim";1;0;1;0;0;0;1;1;-29,20866439;-51,51808977;"SPRF-RS";"DEL06/RS";"UOP01-DEL06-RS"
776410;2026-06-05;"sexta-feira";"03:15:00";"CE";20;406;"CAUCAIA";"Transitar na contramão";"Colisão lateral sentido oposto";"Com Vítimas Feridas";"Plena Noite";"Decrescente";"Céu Claro";"Simples";"Reta";"Não";2;0;0;1;0;1;1;2;-3,77242328;-38,67499558;"SPRF-CE";"DEL01/CE";"UOP01-DEL01-CE"
776412;2026-06-05;"sexta-feira";"04:20:00";"RS";290;99;"PORTO ALEGRE";"Ingestão de álcool pelo condutor";"Saída de leito carroçável";"Com Vítimas Feridas";"Plena Noite";"Crescente";"Céu Claro";"Dupla";"Reta";"Não";1;0;1;0;0;0;1;1;-29,9910588;-51,2281324;"SPRF-RS";"DEL01/RS";"UOP01-DEL01-RS"
776413;2026-06-05;"sexta-feira";"04:00:00";"RJ";101;389;"RIO DE JANEIRO";"Reação tardia ou ineficiente do condutor";"Saída de leito carroçável";"Com Vítimas Feridas";"Plena Noite";"Crescente";"Nublado";"Simples";"Curva";"Não";6;0;2;0;4;0;2;2;-22,89547919;-43,68088961;"SPRF-RJ";"DEL03/RJ";"UOP01-DEL03-RJ"
776414;2026-06-05;"sexta-feira";"05:30:00";"RS";290;345;"SAO SEPE";"Condutor Dormindo";"Saída de leito carroçável";"Com Vítimas Feridas";"Plena Noite";"Decrescente";"Nevoeiro/Neblina";"Simples";"Curva;Aclive";"Não";2;0;1;0;1;0;1;1;-30,36092366;-53,63424238;"SPRF-RS";"DEL09/RS";"UOP02-DEL09-RS"
776417;2026-06-05;"sexta-feira";"05:55:00";"PR";277;587;"CASCAVEL";"Reação tardia ou ineficiente do condutor";"Eventos atípicos";"Com Vítimas Feridas";"Amanhecer";"Crescente";"Céu Claro";"Múltipla";"Interseção de Vias;Curva";"Sim";1;0;1;0;0;0;1;1;-24,96433105;-53,40610743;"SPRF-PR";"DEL04/PR";"UOP01-DEL04-PR"
776418;2026-06-05;"sexta-feira";"06:33:00";"ES";101;243;"SERRA";"Desvio temporário";"Queda de ocupante de veículo";"Com Vítimas Feridas";"Pleno dia";"Decrescente";"Sol";"Dupla";"Reta";"Não";1;0;1;0;0;0;1;1;-20,04007795;-40,39273658;"SPRF-ES";"DEL02-ES";"UOP01-DEL02-ES"
776419;2026-06-04;"quinta-feira";"11:40:00";"PB";104;4;"NOVA FLORESTA";"Reação tardia ou ineficiente do condutor";"Tombamento";"Com Vítimas Feridas";"Plena Noite";"Crescente";"Garoa/Chuvisco";"Simples";"Reta";"Não";2;0;2;0;0;0;2;2;-6,45449775;-36,19101714;"SPRF-PB";"DEL02-PB";"UOP04-DEL02-PB"
776422;2026-06-05;"sexta-feira";"05:50:00";"MG";40;506,5;"RIBEIRAO DAS NEVES";"Manobra de mudança de faixa";"Colisão lateral mesmo sentido";"Com Vítimas Feridas";"Amanhecer";"Crescente";"Céu Claro";"Dupla";"Reta";"Sim";4;0;1;1;1;1;2;3;-19,75035;-44,14529;"SPRF-MG";"DEL02/MG";"UOP01-DEL02-MG"
776423;2026-06-05;"sexta-feira";"05:50:00";"RS";470;259,2;"SALVADOR DO SUL";"Reação tardia ou ineficiente do condutor";"Saída de leito carroçável";"Com Vítimas Feridas";"Plena Noite";"Crescente";"Céu Claro";"Simples";"Curva";"Não";1;0;1;0;0;0;1;1;-29,464483;-51,489958;"SPRF-RS";"DEL06/RS";"UOP01-DEL06-RS"
776424;2026-06-04;"quinta-feira";"20:30:00";"PR";163;148;"SANTA LUCIA";"Objeto estático sobre o leito carroçável";"Colisão com objeto";"Com Vítimas Feridas";"Plena Noite";"Decrescente";"Céu Claro";"Simples";"Desvio Temporário;Em Obras;Viaduto";"Não";2;0;1;0;1;0;1;1;-25,40715576;-53,57300017;"SPRF-PR";"DEL05/PR";"UOP05-DEL05-PR"
776425;2026-06-04;"quinta-feira";"19:50:00";"SC";101;275,6;"IMBITUBA";"Ingestão de álcool pelo condutor";"Colisão com objeto";"Com Vítimas Feridas";"Plena Noite";"Decrescente";"Nublado";"Simples";"Reta";"Sim";1;0;1;0;0;0;1;1;-28,2276;-48,6691;"SPRF-SC";"DEL02/SC";"UOP03-DEL02-SC"
776426;2026-06-05;"sexta-feira";"04:00:00";"GO";452;79;"PORTEIRAO";"Ausência de reação do condutor";"Saída de leito carroçável";"Sem Vítimas";"Plena Noite";"Crescente";"Céu Claro";"Dupla";"Reta";"Não";1;0;0;0;0;1;0;1;-18,05255052;-50,18202782;"SPRF-GO";"DEL04/GO";"UOP01-DEL04-GO"
776427;2026-06-05;"sexta-feira";"06:35:00";"PE";232;131,1;"CARUARU";"Condutor deixou de manter distância do veículo da frente";"Colisão traseira";"Com Vítimas Feridas";"Amanhecer";"Crescente";"Céu Claro";"Dupla";"Reta";"Sim";2;0;1;1;0;0;2;2;-8,30203;-36,00203;"SPRF-PE";"DEL02/PE";"UOP03-DEL02-PE"
776428;2026-06-04;"quinta-feira";"17:30:00";"RS";468;124,9;"TIRADENTES DO SUL";"Acessar a via sem observar a presença dos outros veículos";"Colisão transversal";"Com Vítimas Feridas";"Anoitecer";"Crescente";"Céu Claro";"Simples";"Reta";"Sim";2;0;1;0;1;0;1;2;-27,38573218;-54,0956866;"SPRF-RS";"DEL08/RS";"UOP02-DEL08-RS"
776430;2026-06-05;"sexta-feira";"07:08:00";"SP";116;477;"JACUPIRANGA";"Condutor desrespeitou a iluminação vermelha do semáforo";"Colisão frontal";"Com Vítimas Feridas";"Pleno dia";"Decrescente";"Nublado";"Simples";"Interseção de Vias";"Sim";2;0;1;0;1;0;1;2;-24,697865;-48,001758;"SPRF-SP";"DEL05/SP";"UOP01-DEL05-SP"
776432;2026-06-05;"sexta-feira";"06:20:00";"PR";376;170;"MARINGA";"Desrespeitar a preferência no cruzamento";"Colisão transversal";"Com Vítimas Feridas";"Amanhecer";"Decrescente";"Nublado";"Dupla";"Reta;Interseção de Vias;Rotatória";"Sim";2;0;2;0;0;0;2;2;-23,409929;-51,987245;"SPRF-PR";"DEL09/PR";"UOP01-DEL09-PR"
776434;2026-06-05;"sexta-feira";"06:45:00";"DF";70;13;"BRASILIA";"Avarias e/ou desgaste excessivo no pneu";"Saída de leito carroçável";"Com Vítimas Feridas";"Pleno dia";"Decrescente";"Céu Claro";"Dupla";"Reta";"Não";2;0;2;0;0;0;2;1;-15,79681;-48,1734933;"SPRF-DF";"DEL03-DF";"UOP02-DEL03-DF"
776436;2026-06-05;"sexta-feira";"07:48:00";"PB";101;85,9;"BAYEUX";"Acumulo de areia ou detritos sobre o pavimento";"Tombamento";"Com Vítimas Feridas";"Pleno dia";"Decrescente";"Céu Claro";"Dupla";"Retorno Regulamentado";"Não";1;0;1;0;0;0;1;1;-7,15033955;-34,91070986;"SPRF-PB";"DEL01-PB";"UOP01-DEL01-PB"
776438;2026-06-05;"sexta-feira";"08:16:00";"CE";116;16,1;"EUSEBIO";"Ausência de reação do condutor";"Tombamento";"Com Vítimas Feridas";"Pleno dia";"Decrescente";"Céu Claro";"Dupla";"Declive;Reta";"Não";2;0;2;0;0;0;2;1;-3,898535;-38,503475;"SPRF-CE";"DEL01/CE";"UOP02-DEL01-CE"
776441;2026-06-05;"sexta-feira";"06:00:00";"RO";364;290;"PRESIDENTE MEDICI";"Animais na Pista";"Atropelamento de Animal";"Sem Vítimas";"Amanhecer";"Decrescente";"Céu Claro";"Simples";"Reta";"Não";2;0;0;0;2;0;0;1;-11,38198498;-61,80105211;"SPRF-RO";"DEL02-RO";"UOP01-DEL02-RO"
776443;2026-06-05;"sexta-feira";"08:00:00";"PB";230;20,2;"JOAO PESSOA";"Acessar a via sem observar a presença dos outros veículos";"Colisão lateral mesmo sentido";"Com Vítimas Feridas";"Pleno dia";"Decrescente";"Céu Claro";"Dupla";"Curva;Interseção de Vias;Declive";"Não";3;0;1;0;1;1;1;3;-7,13846762;-34,85279409;"SPRF-PB";"DEL01-PB";"UOP01-DEL01-PB"
776444;2026-06-05;"sexta-feira";"07:24:00";"CE";122;30;"OCARA";"Transitar na contramão";"Colisão frontal";"Com Vítimas Feridas";"Pleno dia";"Crescente";"Céu Claro";"Simples";"Reta";"Não";5;0;2;2;0;1;4;2;-4,52365335;-38,57299805;"SPRF-CE";"DEL03/CE";"UOP01-DEL03-CE"
776453;2026-06-05;"sexta-feira";"08:38:00";"RJ";101;295;"ITABORAI";"Manobra de mudança de faixa";"Colisão com objeto";"Com Vítimas Feridas";"Pleno dia";"Crescente";"Céu Claro";"Dupla";"Reta";"Sim";2;0;1;0;1;0;1;1;-22,76095868;-42,898746;"SPRF-RJ";"DEL02/RJ";"UOP02-DEL02-RJ"
776459;2026-06-05;"sexta-feira";"09:00:00";"MG";40;509;"RIBEIRAO DAS NEVES";"Manobra de mudança de faixa";"Colisão traseira";"Com Vítimas Feridas";"Pleno dia";"Decrescente";"Céu Claro";"Dupla";"Declive;Reta";"Sim";3;0;1;1;1;0;2;2;-19,76528449;-44,12981126;"SPRF-MG";"DEL01/MG";"UOP02-DEL01-MG"
776460;2026-06-05;"sexta-feira";"06:30:00";"MS";262;417,6;"TERENOS";"Reação tardia ou ineficiente do condutor";"Colisão traseira";"Com Vítimas Feridas";"Pleno dia";"Decrescente";"Sol";"Simples";"Reta";"Não";6;0;1;0;5;0;1;2;-20,459227;-55,184874;"SPRF-MS";"DEL01/MS";"UOP03-DEL01-MS"
776465;2026-06-05;"sexta-feira";"10:00:00";"PE";101;44;"IGARASSU";"Acessar a via sem observar a presença dos outros veículos";"Colisão lateral mesmo sentido";"Com Vítimas Feridas";"Pleno dia";"Decrescente";"Céu Claro";"Simples";"Reta";"Sim";3;0;1;0;1;1;1;3;-7,85771607;-34,90821775;"SPRF-PE";"DEL01/PE";"UOP02-DEL01-PE"
776467;2026-06-05;"sexta-feira";"10:12:00";"DF";70;0,5;"BRASILIA";"Condutor deixou de manter distância do veículo da frente";"Engavetamento";"Com Vítimas Feridas";"Pleno dia";"Crescente";"Céu Claro";"Dupla";"Aclive;Reta";"Sim";7;0;2;0;5;0;2;4;-15,792603;-48,055379;"SPRF-DF";"DEL03-DF";"UOP02-DEL03-DF"
776470;2026-06-05;"sexta-feira";"05:16:00";"RJ";40;123;"DUQUE DE CAXIAS";"Ultrapassagem Indevida";"Colisão frontal";"Com Vítimas Feridas";"Amanhecer";"Decrescente";"Céu Claro";"Simples";"Curva;Declive";"Sim";2;0;1;0;1;0;1;2;-22,79867;-43,28978;"SPRF-RJ";"DEL01/RJ";"UOP02-DEL01-RJ"
776472;2026-06-05;"sexta-feira";"07:40:00";"SC";101;4;"GARUVA";"Avarias e/ou desgaste excessivo no pneu";"Saída de leito carroçável";"Com Vítimas Feridas";"Pleno dia";"Decrescente";"Céu Claro";"Dupla";"Reta";"Sim";1;0;1;0;0;0;1;1;-26,01304027;-48,86221854;"SPRF-SC";"DEL03/SC";"UOP01-DEL03-SC"
776475;2026-06-05;"sexta-feira";"11:10:00";"PR";369;188;"ARAPONGAS";"Acessar a via sem observar a presença dos outros veículos";"Colisão transversal";"Com Vítimas Feridas";"Pleno dia";"Decrescente";"Céu Claro";"Simples";"Reta";"Sim";2;0;0;1;0;1;1;2;-23,42691551;-51,42320395;"SPRF-PR";"DEL07/PR";"UOP03-DEL07-PR"
776476;2026-06-05;"sexta-feira";"11:50:00";"RJ";116;183;"NOVA IGUACU";"Reação tardia ou ineficiente do condutor";"Colisão com objeto";"Com Vítimas Feridas";"Pleno dia";"Decrescente";"Céu Claro";"Múltipla";"Em Obras;Reta";"Sim";2;0;2;0;0;0;2;1;-22,74843973;-43,44332817;"SPRF-RJ";"DEL06/RJ";"UOP01-DEL06-RJ"
776482;2026-06-05;"sexta-feira";"09:43:00";"MA";402;111;"HUMBERTO DE CAMPOS";"Entrada inopinada do pedestre";"Atropelamento de Pedestre";"Com Vítimas Fatais";"Pleno dia";"Decrescente";"Céu Claro";"Simples";"Reta";"Não";5;1;0;0;4;0;0;2;-2,72172;-43,45239;"SPRF-MA";"DEL01-MA";"UOP01-DEL01-MA"
776485;2026-06-05;"sexta-feira";"11:30:00";"ES";393;1,8;"CACHOEIRO DE ITAPEMIRIM";"Manobra de mudança de faixa";"Colisão transversal";"Com Vítimas Feridas";"Pleno dia";"Crescente";"Nublado";"Simples";"Reta";"Não";2;0;1;0;1;0;1;2;-20,83885987;-41,1626653;"SPRF-ES";"DEL03-ES";"UOP02-DEL03-ES"
776486;2026-05-20;"quarta-feira";"21:40:00";"BA";407;4,7;"JUAZEIRO";"Desrespeitar a preferência no cruzamento";"Tombamento";"Com Vítimas Feridas";"Plena Noite";"Crescente";"Ignorado";"Simples";"Rotatória";"Não";3;0;2;0;1;0;2;2;-9,44265207;-40,49297142;"SPRF-PE";"DEL06/PE";"UOP01-DEL06-PE"
776487;2026-06-05;"sexta-feira";"11:50:00";"MG";40;525;"CONTAGEM";"Manobra de mudança de faixa";"Tombamento";"Com Vítimas Feridas";"Pleno dia";"Crescente";"Céu Claro";"Dupla";"Aclive;Curva;Interseção de Vias";"Sim";2;0;1;1;0;0;2;1;-19,879646;-44,050932;"SPRF-MG";"DEL01/MG";"UOP02-DEL01-MG"
776488;2026-06-05;"sexta-feira";"12:10:00";"PR";277;437,2;"VIRMOND";"Mal súbito do condutor";"Queda de ocupante de veículo";"Com Vítimas Feridas";"Pleno dia";"Crescente";"Céu Claro";"Simples";"Aclive;Reta";"Não";1;0;1;0;0;0;1;1;-25,3772184;-52,2672744;"SPRF-PR";"DEL04/PR";"UOP02-DEL04-PR"
776491;2026-06-05;"sexta-feira";"12:34:00";"CE";122;27;"OCARA";"Conversão proibida";"Colisão traseira";"Com Vítimas Feridas";"Pleno dia";"Decrescente";"Nublado";"Simples";"Reta";"Não";2;0;1;0;1;0;1;2;-4,51744648;-38,56790034;"SPRF-CE";"DEL03/CE";"UOP01-DEL03-CE"
776494;2026-06-05;"sexta-feira";"13:30:00";"RJ";116;179;"BELFORD ROXO";"Ultrapassagem Indevida";"Colisão traseira";"Com Vítimas Feridas";"Pleno dia";"Crescente";"Céu Claro";"Dupla";"Reta";"Sim";2;0;1;0;1;0;1;2;-22,77346915;-43,40284243;"SPRF-RJ";"DEL06/RJ";"UOP01-DEL06-RJ"
776500;2026-06-05;"sexta-feira";"13:32:00";"PE";101;46;"IGARASSU";"Acessar a via sem observar a presença dos outros veículos";"Colisão transversal";"Com Vítimas Feridas";"Pleno dia";"Crescente";"Nublado";"Dupla";"Retorno Regulamentado";"Sim";2;0;1;0;1;0;1;2;-7,875378;-34,905773;"SPRF-PE";"DEL01/PE";"UOP02-DEL01-PE"
776502;2026-06-05;"sexta-feira";"13:20:00";"RS";158;193;"CRUZ ALTA";"Condutor usando celular";"Capotamento";"Com Vítimas Feridas";"Pleno dia";"Decrescente";"Céu Claro";"Simples";"Reta";"Não";1;0;1;0;0;0;1;1;-28,63300341;-53,57171506;"SPRF-RS";"DEL10/RS";"UOP02-DEL10-RS"
776503;2026-05-17;"domingo";"07:40:00";"MS";262;740;"CORUMBA";"Ausência de reação do condutor";"Saída de leito carroçável";"Com Vítimas Fatais";"Amanhecer";"Decrescente";"Garoa/Chuvisco";"Simples";"Reta";"Não";1;1;0;0;0;0;0;1;-19,298533;-57,612067;"SPRF-MS";"DEL03/MS";"UOP03-DEL03-MS"
776506;2026-06-05;"sexta-feira";"14:50:00";"MG";40;509;"RIBEIRAO DAS NEVES";"Manobra de mudança de faixa";"Colisão traseira";"Com Vítimas Feridas";"Pleno dia";"Decrescente";"Céu Claro";"Dupla";"Reta";"Sim";2;0;0;1;1;0;1;2;-19,76552129;-44,12968822;"SPRF-MG";"DEL01/MG";"UOP02-DEL01-MG"
776509;2026-06-05;"sexta-feira";"14:42:00";"RN";101;68,2;"EXTREMOZ";"Acessar a via sem observar a presença dos outros veículos";"Colisão transversal";"Com Vítimas Feridas";"Pleno dia";"Crescente";"Céu Claro";"Simples";"Reta";"Não";4;0;1;0;3;0;1;2;-5,667162;-35,254125;"SPRF-RN";"DEL02-RN";"UOP01-DEL02-RN"
776511;2026-06-05;"sexta-feira";"15:05:00";"SC";282;58,2;"RANCHO QUEIMADO";"Manobra de mudança de faixa";"Colisão lateral mesmo sentido";"Sem Vítimas";"Pleno dia";"Crescente";"Céu Claro";"Simples";"Interseção de Vias";"Não";2;0;0;0;2;0;0;2;-27,68104318;-49,00585268;"SPRF-SC";"DEL01/SC";"UOP03-DEL01-SC"
776512;2026-06-05;"sexta-feira";"14:30:00";"MG";262;52,4;"MANHUACU";"Acessar a via sem observar a presença dos outros veículos";"Colisão transversal";"Sem Vítimas";"Pleno dia";"Decrescente";"Céu Claro";"Simples";"Reta";"Não";4;0;0;0;4;0;0;2;-20,248509;-42,157495;"SPRF-MG";"DEL06/MG";"UOP03-DEL06-MG"
776516;2026-06-05;"sexta-feira";"14:29:00";"RO";319;142;"PORTO VELHO";"Ausência de reação do condutor";"Colisão traseira";"Com Vítimas Feridas";"Pleno dia";"Crescente";"Céu Claro";"Múltipla";"Reta";"Sim";3;0;1;0;2;0;1;3;-8,75086;-63,88786;"SPRF-RO";"DEL01-RO";"UOP01-DEL01-RO"
776517;2026-06-05;"sexta-feira";"14:31:00";"SP";116;153;"SAO JOSE DOS CAMPOS";"Condutor deixou de manter distância do veículo da frente";"Colisão traseira";"Com Vítimas Feridas";"Pleno dia";"Decrescente";"Céu Claro";"Múltipla";"Reta";"Sim";3;0;2;0;1;0;2;2;-23,23120426;-45,91214395;"SPRF-SP";"DEL02/SP";"UOP01-DEL02-SP"
776520;2026-06-05;"sexta-feira";"15:50:00";"SC";101;123;"ITAJAI";"Ausência de reação do condutor";"Colisão com objeto";"Com Vítimas Feridas";"Pleno dia";"Decrescente";"Nublado";"Dupla";"Reta";"Sim";3;0;2;0;1;0;2;1;-26,94115;-48,69409;"SPRF-SC";"DEL04/SC";"UOP04-DEL04-SC"
776524;2026-06-05;"sexta-feira";"16:00:00";"TO";153;497;"PARAISO DO TOCANTINS";"Acessar a via sem observar a presença dos outros veículos";"Colisão transversal";"Com Vítimas Feridas";"Pleno dia";"Crescente";"Céu Claro";"Simples";"Declive";"Sim";2;0;1;0;1;0;1;2;-10,17391417;-48,88029663;"SPRF-TO";"DEL01-TO";"UOP01-DEL01-TO"
776525;2026-06-05;"sexta-feira";"16:10:00";"RS";293;28;"CAPAO DO LEAO";"Demais falhas mecânicas ou elétricas";"Incêndio";"Sem Vítimas";"Pleno dia";"Decrescente";"Nublado";"Simples";"Reta";"Não";1;0;0;0;1;0;0;1;-31,7282617;-52,604125;"SPRF-RS";"DEL07/RS";"UOP01-DEL07-RS"
776526;2026-06-05;"sexta-feira";"16:15:00";"AL";316;253,4;"PILAR";"Acessar a via sem observar a presença dos outros veículos";"Colisão transversal";"Com Vítimas Feridas";"Pleno dia";"Decrescente";"Céu Claro";"Simples";"Interseção de Vias;Reta";"Sim";2;0;1;0;1;0;1;2;-9,58182071;-35,9599456;"SPRF-AL";"DEL02-AL";"UOP01-DEL02-AL"
776527;2026-06-05;"sexta-feira";"15:15:00";"RJ";393;180;"PARAIBA DO SUL";"Problema na suspensão";"Colisão frontal";"Sem Vítimas";"Pleno dia";"Crescente";"Céu Claro";"Simples";"Reta";"Não";4;0;0;0;4;0;0;2;-22,13839003;-43,26866627;"SPRF-RJ";"DEL05/RJ";"UOP03-DEL05-RJ"
776535;2026-06-05;"sexta-feira";"14:30:00";"PR";369;183,9;"ARAPONGAS";"Acessar a via sem observar a presença dos outros veículos";"Colisão transversal";"Com Vítimas Feridas";"Pleno dia";"Decrescente";"Céu Claro";"Dupla";"Reta";"Não";4;0;1;2;1;0;3;2;-23,384608;-51,419115;"SPRF-PR";"DEL07/PR";"UOP03-DEL07-PR"
776536;2026-06-05;"sexta-feira";"16:50:00";"ES";101;240,8;"SERRA";"Reação tardia ou ineficiente do condutor";"Tombamento";"Com Vítimas Feridas";"Anoitecer";"Crescente";"Nublado";"Dupla";"Reta";"Não";2;0;1;0;1;0;1;1;-20,02705356;-40,39807733;"SPRF-ES";"DEL02-ES";"UOP01-DEL02-ES"
776539;2026-06-05;"sexta-feira";"17:40:00";"MG";40;621,2;"CONGONHAS";"Ausência de reação do condutor";"Saída de leito carroçável";"Com Vítimas Feridas";"Anoitecer";"Decrescente";"Céu Claro";"Simples";"Reta";"Não";2;0;2;0;0;0;2;1;-20,58067886;-43,80726306;"SPRF-MG";"DEL05/MG";"UOP02-DEL05-MG"
776542;2026-06-05;"sexta-feira";"18:00:00";"PB";230;21,3;"JOAO PESSOA";"Trafegar com motocicleta (ou similar) entre as faixas";"Colisão lateral mesmo sentido";"Com Vítimas Feridas";"Plena Noite";"Crescente";"Céu Claro";"Dupla";"Reta";"Sim";2;0;1;0;1;0;1;2;-7,14614;-34,850828;"SPRF-PB";"DEL01-PB";"UOP01-DEL01-PB"
776544;2026-06-05;"sexta-feira";"18:10:00";"ES";101;167,3;"LINHARES";"Reação tardia ou ineficiente do condutor";"Tombamento";"Com Vítimas Feridas";"Plena Noite";"Crescente";"Nublado";"Simples";"Reta";"Não";1;0;0;1;0;0;1;1;-19,529433;-40,153925;"SPRF-ES";"DEL04-ES";"UOP01-DEL04-ES"
776545;2026-06-05;"sexta-feira";"17:55:00";"PR";376;182;"MARINGA";"Frear bruscamente";"Queda de ocupante de veículo";"Com Vítimas Feridas";"Anoitecer";"Decrescente";"Céu Claro";"Dupla";"Rotatória";"Sim";1;0;1;0;0;0;1;1;-23,43147787;-51,88707439;"SPRF-PR";"DEL09/PR";"UOP01-DEL09-PR"
776547;2026-06-05;"sexta-feira";"16:40:00";"PI";343;307;"ALTOS";"Acessar a via sem observar a presença dos outros veículos";"Colisão transversal";"Com Vítimas Feridas";"Pleno dia";"Decrescente";"Céu Claro";"Simples";"Reta";"Sim";2;0;1;0;1;0;1;2;-5,03948768;-42,46209294;"SPRF-PI";"DEL01-PI";"UOP01-DEL01-PI"
776549;2026-06-05;"sexta-feira";"18:10:00";"SC";101;133;"BALNEARIO CAMBORIU";"Manobra de mudança de faixa";"Colisão lateral mesmo sentido";"Sem Vítimas";"Anoitecer";"Crescente";"Céu Claro";"Dupla";"Reta";"Sim";4;0;0;0;4;0;0;4;-27,001925;-48,63725;"SPRF-SC";"DEL04/SC";"UOP03-DEL04-SC"
776550;2026-06-05;"sexta-feira";"18:10:00";"RN";101;79;"NATAL";"Ausência de reação do condutor";"Colisão traseira";"Com Vítimas Feridas";"Plena Noite";"Crescente";"Céu Claro";"Dupla";"Reta";"Sim";3;0;1;0;1;1;1;2;-5,75596429;-35,28854577;"SPRF-RN";"DEL02-RN";"UOP01-DEL02-RN"
776551;2026-06-05;"sexta-feira";"18:10:00";"SC";101;38,5;"JOINVILLE";"Desrespeitar a preferência no cruzamento";"Colisão transversal";"Com Vítimas Feridas";"Plena Noite";"Decrescente";"Céu Claro";"Múltipla";"Interseção de Vias;Rotatória";"Sim";2;0;1;0;1;0;1;2;-26,29670895;-48,88376204;"SPRF-SC";"DEL03/SC";"UOP01-DEL03-SC"