"id";"data_inversa";"dia_semana";"horario";"uf";"br";"km";"municipio";"causa_acidente";"tipo_acidente";"classificacao_acidente";"fase_dia";"sentido_via";"condicao_metereologica";"tipo_pista";"tracado_via";"uso_solo";"pessoas";"mortos";"feridos_leves";"feridos_graves";"ilesos";"ignorados";"feridos";"veiculos";"latitude";"longitude";"regional";"delegacia";"uop"
776553;2026-06-05;"sexta-feira";"17:30:00";"MG";381;444;"SABARA";"Ultrapassagem Indevida";"Colisão lateral mesmo sentido";"Com Vítimas Feridas";"Pleno dia";"Crescente";"Nublado";"Simples";"Curva";"Sim";3;0;2;0;1;0;2;3;-19,8335744;-43,84808628;"SPRF-MG";"DEL01/MG";"UOP01-DEL01-MG"
776555;2026-06-05;"sexta-feira";"18:00:00";"SP";153;61,8;"SAO JOSE DO RIO PRETO";"Reação tardia ou ineficiente do condutor";"Colisão traseira";"Sem Vítimas";"Anoitecer";"Crescente";"Céu Claro";"Dupla";"Declive;Reta";"Sim";2;0;0;0;2;0;0;2;-20,80911684;-49,35648935;"SPRF-SP";"DEL09/SP";"UOP01-DEL09-SP"
776557;2026-06-05;"sexta-feira";"19:00:00";"PR";116;120;"CURITIBA";"Ausência de reação do condutor";"Engavetamento";"Com Vítimas Feridas";"Plena Noite";"Crescente";"Nublado";"Dupla";"Reta";"Não";5;0;1;0;4;0;1;4;-25,59074064;-49,31540458;"SPRF-PR";"DEL01/PR";"UOP03-DEL01-PR"
776558;2026-06-05;"sexta-feira";"18:25:00";"RS";392;3,5;"RIO GRANDE";"Acessar a via sem observar a presença dos outros veículos";"Colisão transversal";"Com Vítimas Feridas";"Plena Noite";"Decrescente";"Nevoeiro/Neblina";"Simples";"Reta";"Sim";2;0;0;1;1;0;1;2;-32,138951;-52,10988;"SPRF-RS";"DEL07/RS";"UOP02-DEL07-RS"
776562;2026-06-05;"sexta-feira";"18:45:00";"RS";386;343;"LAJEADO";"Conversão proibida";"Colisão transversal";"Com Vítimas Feridas";"Plena Noite";"Crescente";"Céu Claro";"Dupla";"Declive;Reta";"Sim";2;0;1;0;1;0;1;2;-29,437195;-51,996454;"SPRF-RS";"DEL04/RS";"UOP01-DEL04-RS"
776564;2026-06-05;"sexta-feira";"18:50:00";"ES";101;66;"SAO MATEUS";"Acessar a via sem observar a presença dos outros veículos";"Colisão transversal";"Com Vítimas Feridas";"Plena Noite";"Crescente";"Chuva";"Dupla";"Reta;Interseção de Vias";"Sim";3;0;1;0;2;0;1;2;-18,7177523;-39,8723054;"SPRF-ES";"DEL04-ES";"UOP02-DEL04-ES"
776566;2026-06-05;"sexta-feira";"18:08:00";"PA";316;66;"CASTANHAL";"Acessar a via sem observar a presença dos outros veículos";"Colisão frontal";"Com Vítimas Feridas";"Plena Noite";"Crescente";"Céu Claro";"Simples";"Reta";"Sim";2;0;1;0;0;1;1;2;-1,29520696;-47,89974138;"SPRF-PA";"DEL01/PA";"UOP01-DEL01-PA"
776567;2026-06-05;"sexta-feira";"19:00:00";"PE";232;76;"GRAVATA";"Acessar a via sem observar a presença dos outros veículos";"Colisão transversal";"Com Vítimas Feridas";"Plena Noite";"Decrescente";"Céu Claro";"Dupla";"Retorno Regulamentado";"Sim";2;0;0;1;1;0;1;2;-8,19493521;-35,53830385;"SPRF-PE";"DEL02/PE";"UOP02-DEL02PE"
776572;2026-06-05;"sexta-feira";"19:45:00";"RS";386;444;"CANOAS";"Reação tardia ou ineficiente do condutor";"Colisão traseira";"Sem Vítimas";"Plena Noite";"Crescente";"Céu Claro";"Simples";"Reta";"Não";4;0;0;0;4;0;0;2;-29,89060085;-51,20660014;"SPRF-RS";"DEL01/RS";"UOP01-DEL01-RS"
776575;2026-06-05;"sexta-feira";"17:45:00";"MT";163;714;"SORRISO";"Entrada inopinada do pedestre";"Atropelamento de Pedestre";"Com Vítimas Feridas";"Anoitecer";"Decrescente";"Céu Claro";"Simples";"Reta;Em Obras";"Sim";2;0;1;0;1;0;1;2;-12,85778;-55,83169;"SPRF-MT";"DEL06/MT";"UOP01-DEL06-MT"
776578;2026-06-05;"sexta-feira";"17:30:00";"RO";364;433;"JARU";"Condutor deixou de manter distância do veículo da frente";"Colisão traseira";"Com Vítimas Feridas";"Anoitecer";"Decrescente";"Céu Claro";"Simples";"Reta";"Não";3;0;1;0;2;0;1;2;-10,39559736;-62,53229384;"SPRF-RO";"DEL03-RO";"UOP02-DEL03-RO"
776579;2026-06-05;"sexta-feira";"20:10:00";"MG";40;523;"CONTAGEM";"Manobra de mudança de faixa";"Colisão lateral mesmo sentido";"Com Vítimas Feridas";"Plena Noite";"Crescente";"Céu Claro";"Dupla";"Reta";"Não";3;0;1;0;2;0;1;2;-19,873211;-44,055181;"SPRF-MG";"DEL01/MG";"UOP02-DEL01-MG"
776583;2026-06-05;"sexta-feira";"19:20:00";"SP";381;90;"GUARULHOS";"Ausência de reação do condutor";"Engavetamento";"Com Vítimas Feridas";"Plena Noite";"Crescente";"Céu Claro";"Simples";"Reta";"Sim";4;0;1;0;2;1;1;4;-23,49728155;-46,55966725;"SPRF-SP";"DEL03/SP";"UOP01-DEL03-SP"
776586;2026-06-05;"sexta-feira";"14:30:00";"BA";101;190;"SAO GONCALO DOS CAMPOS";"Reação tardia ou ineficiente do condutor";"Saída de leito carroçável";"Com Vítimas Feridas";"Pleno dia";"Crescente";"Céu Claro";"Simples";"Reta";"Não";2;0;1;0;1;0;1;1;-12,47546456;-38,94172668;"SPRF-BA";"DEL11/BA";"UOP02-DEL11-BA"
776588;2026-06-05;"sexta-feira";"19:00:00";"RJ";101;500;"ANGRA DOS REIS";"Ausência de reação do condutor";"Saída de leito carroçável";"Com Vítimas Feridas";"Plena Noite";"Decrescente";"Nublado";"Simples";"Reta";"Não";1;0;0;1;0;0;1;1;-22,914467;-44,348701;"SPRF-RJ";"DEL03/RJ";"UOP03-DEL03-RJ"
776589;2026-06-05;"sexta-feira";"17:50:00";"RJ";101;481,8;"ANGRA DOS REIS";"Ultrapassagem Indevida";"Colisão lateral mesmo sentido";"Com Vítimas Feridas";"Plena Noite";"Crescente";"Nublado";"Simples";"Interseção de Vias";"Não";3;0;1;0;2;0;1;2;-23,00084;-44,29762;"SPRF-RJ";"DEL03/RJ";"UOP03-DEL03-RJ"
776591;2026-06-05;"sexta-feira";"18:24:00";"PR";163;233,1;"CASCAVEL";"Reação tardia ou ineficiente do condutor";"Saída de leito carroçável";"Com Vítimas Feridas";"Plena Noite";"Decrescente";"Céu Claro";"Dupla";"Reta";"Não";4;0;3;0;1;0;3;1;-24,78598346;-53,6778841;"SPRF-PR";"DEL04/PR";"UOP01-DEL04-PR"
776592;2026-06-05;"sexta-feira";"21:00:00";"RS";290;106;"ELDORADO DO SUL";"Avarias e/ou desgaste excessivo no pneu";"Saída de leito carroçável";"Sem Vítimas";"Plena Noite";"Crescente";"Nevoeiro/Neblina";"Dupla";"Reta";"Não";5;0;0;0;5;0;0;1;-29,999213;-51,296745;"SPRF-RS";"DEL02/RS";"UOP01-DEL02-RS"
776594;2026-06-05;"sexta-feira";"21:30:00";"SP";381;88,6;"GUARULHOS";"Pedestre andava na pista";"Atropelamento de Pedestre";"Com Vítimas Fatais";"Plena Noite";"Decrescente";"Céu Claro";"Múltipla";"Reta";"Sim";2;1;0;0;0;1;0;2;-23,4842267;-46,5597483;"SPRF-SP";"DEL03/SP";"UOP01-DEL03-SP"
776595;2026-06-05;"sexta-feira";"20:05:00";"CE";304;73,1;"ARACATI";"Animais na Pista";"Colisão lateral mesmo sentido";"Com Vítimas Feridas";"Plena Noite";"Decrescente";"Céu Claro";"Simples";"Reta";"Não";6;0;1;0;5;0;1;2;-4,6622699;-37,61197027;"SPRF-CE";"DEL03/CE";"UOP02-DEL03-CE"
776597;2026-06-05;"sexta-feira";"19:35:00";"RJ";465;14;"SEROPEDICA";"Ausência de reação do condutor";"Colisão traseira";"Sem Vítimas";"Plena Noite";"Decrescente";"Nublado";"Simples";"Reta";"Sim";2;0;0;0;2;0;0;2;-22,74122231;-43,70519964;"SPRF-RJ";"DEL06/RJ";"UOP02-DEL06-RJ"
776598;2026-06-05;"sexta-feira";"17:45:00";"RJ";101;594;"PARATY";"Ausência de reação do condutor";"Saída de leito carroçável";"Com Vítimas Feridas";"Anoitecer";"Decrescente";"Nublado";"Simples";"Curva";"Não";1;0;0;1;0;0;1;1;-23,334997;-44,733573;"SPRF-RJ";"DEL03/RJ";"UOP04-DEL03-RJ"
776599;2026-06-05;"sexta-feira";"19:48:00";"SC";101;120;"ITAJAI";"Acessar a via sem observar a presença dos outros veículos";"Colisão lateral mesmo sentido";"Com Vítimas Feridas";"Plena Noite";"Decrescente";"Nublado";"Dupla";"Reta";"Sim";3;0;0;1;2;0;1;2;-26,91319;-48,71169;"SPRF-SC";"DEL04/SC";"UOP04-DEL04-SC"
776602;2026-06-05;"sexta-feira";"20:15:00";"SP";116;288;"ITAPECERICA DA SERRA";"Ausência de reação do condutor";"Colisão com objeto";"Sem Vítimas";"Plena Noite";"Crescente";"Céu Claro";"Dupla";"Rotatória";"Sim";1;0;0;0;0;1;0;1;-23,706128;-46,87417;"SPRF-SP";"DEL04/SP";"UOP01-DEL04-SP"
776604;2026-06-05;"sexta-feira";"07:00:00";"AC";364;14;"ACRELANDIA";"Ausência de reação do condutor";"Saída de leito carroçável";"Com Vítimas Feridas";"Pleno dia";"Decrescente";"Céu Claro";"Simples";"Reta;Aclive";"Não";2;0;0;2;0;0;2;1;-9,85293285;-66,9039917;"SPRF-AC";"DEL01-AC";"UOP01-DEL01-AC"
776605;2026-06-05;"sexta-feira";"20:15:00";"SC";280;106,8;"SAO BENTO DO SUL";"Ausência de sinalização";"Colisão frontal";"Com Vítimas Feridas";"Plena Noite";"Crescente";"Nevoeiro/Neblina";"Múltipla";"Curva;Aclive";"Não";6;0;0;2;3;1;2;3;-26,34407;-49,37568;"SPRF-SC";"DEL06/SC";"UOP03-DEL06-SC"
776606;2026-06-05;"sexta-feira";"20:10:00";"RO";319;144;"PORTO VELHO";"Condutor desrespeitou a iluminação vermelha do semáforo";"Colisão transversal";"Com Vítimas Feridas";"Plena Noite";"Decrescente";"Céu Claro";"Múltipla";"Reta";"Sim";4;0;1;1;2;0;2;2;-8,76486;-63,88456;"SPRF-RO";"DEL01-RO";"UOP01-DEL01-RO"
776607;2026-06-05;"sexta-feira";"22:00:00";"SC";470;138,8;"RIO DO SUL";"Reação tardia ou ineficiente do condutor";"Colisão transversal";"Com Vítimas Feridas";"Plena Noite";"Crescente";"Nevoeiro/Neblina";"Simples";"Reta";"Sim";3;0;0;1;1;1;1;3;-27,19702069;-49,62774245;"SPRF-SC";"DEL04/SC";"UOP02-DEL04-SC"
776608;2026-06-05;"sexta-feira";"22:10:00";"GO";60;6,2;"SANTO ANTONIO DO DESCOBERTO";"Ausência de reação do condutor";"Saída de leito carroçável";"Sem Vítimas";"Plena Noite";"Decrescente";"Céu Claro";"Dupla";"Reta";"Não";1;0;0;0;1;0;0;1;-16,099529;-48,286265;"SPRF-DF";"DEL03-DF";"UOP01-DEL03-DF"
776609;2026-06-05;"sexta-feira";"22:20:00";"BA";101;714,5;"EUNAPOLIS";"Transitar na contramão";"Colisão frontal";"Com Vítimas Fatais";"Plena Noite";"Crescente";"Céu Claro";"Simples";"Reta";"Sim";2;2;0;0;0;0;0;2;-16,349905;-39,580016;"SPRF-BA";"DEL09/BA";"UOP01-DEL09-BA"
776610;2026-06-05;"sexta-feira";"20:20:00";"RJ";101;329;"RIO DE JANEIRO";"Ausência de reação do condutor";"Colisão traseira";"Com Vítimas Feridas";"Plena Noite";"Crescente";"Céu Claro";"Dupla";"Reta";"Não";2;0;1;0;1;0;1;2;-22,87330165;-43,14794784;"SPRF-RJ";"DEL02/RJ";"UOP01-DEL02-RJ"
776612;2026-06-05;"sexta-feira";"21:09:00";"AM";174;943;"MANAUS";"Pedestre andava na pista";"Tombamento";"Com Vítimas Feridas";"Plena Noite";"Decrescente";"Nublado";"Simples";"Reta";"Não";2;0;2;0;0;0;2;1;-2,45867;-60,02672;"SPRF-AM";"DEL01-AM";"UOP01-DEL01-AM"
776614;2026-06-05;"sexta-feira";"20:08:00";"MA";226;526;"LAJEADO NOVO";"Deixar de acionar o farol da motocicleta (ou similar)";"Colisão frontal";"Com Vítimas Feridas";"Plena Noite";"Crescente";"Céu Claro";"Simples";"Reta";"Sim";3;0;1;0;2;0;1;2;-6,185353;-47,029575;"SPRF-MA";"DEL04-MA";"UOP02-DEL04-MA"
776615;2026-06-05;"sexta-feira";"23:00:00";"PR";376;244;"APUCARANA";"Ingestão de álcool pelo condutor";"Colisão lateral mesmo sentido";"Com Vítimas Feridas";"Plena Noite";"Decrescente";"Céu Claro";"Dupla";"Reta";"Sim";2;0;1;0;1;0;1;2;-23,58136302;-51,41771078;"SPRF-PR";"DEL07/PR";"UOP03-DEL07-PR"
776616;2026-06-05;"sexta-feira";"17:30:00";"AC";364;707;"CRUZEIRO DO SUL";"Reação tardia ou ineficiente do condutor";"Colisão traseira";"Com Vítimas Feridas";"Plena Noite";"Decrescente";"Céu Claro";"Simples";"Reta";"Não";2;0;0;1;1;0;1;2;-7,77069574;-72,22970009;"SPRF-AC";"DEL01-AC";"UOP03-DEL01-AC"
776619;2026-06-05;"sexta-feira";"20:30:00";"SC";280;231,8;"CANOINHAS";"Condutor usando celular";"Colisão com objeto";"Sem Vítimas";"Plena Noite";"Decrescente";"Nublado";"Simples";"Reta";"Sim";1;0;0;0;1;0;0;1;-26,18993704;-50,37838396;"SPRF-SC";"DEL06/SC";"UOP04-DEL06-SC"
776620;2026-06-05;"sexta-feira";"23:30:00";"ES";101;278,8;"SERRA";"Ausência de reação do condutor";"Colisão com objeto";"Com Vítimas Fatais";"Plena Noite";"Decrescente";"Nublado";"Múltipla";"Aclive";"Não";1;1;0;0;0;0;0;1;-20,21807898;-40,33726931;"SPRF-ES";"DEL02-ES";"UOP01-DEL02-ES"
776621;2026-06-05;"sexta-feira";"23:45:00";"RN";101;84,2;"NATAL";"Ingestão de álcool pelo condutor";"Colisão com objeto";"Sem Vítimas";"Plena Noite";"Decrescente";"Céu Claro";"Dupla";"Reta";"Sim";2;0;0;0;1;1;0;2;-5,774957;-35,25569;"SPRF-RN";"DEL02-RN";"UOP01-DEL02-RN"
776622;2026-06-05;"sexta-feira";"23:40:00";"PR";376;88,1;"PARANAVAI";"Velocidade Incompatível";"Colisão traseira";"Com Vítimas Fatais";"Plena Noite";"Decrescente";"Céu Claro";"Simples";"Interseção de Vias;Reta";"Não";2;1;1;0;0;0;1;2;-22,99123696;-52,59406328;"SPRF-PR";"DEL09/PR";"UOP02-DEL09-PR"
776628;2026-06-06;"sábado";"01:25:00";"RS";116;243,1;"SAO LEOPOLDO";"Velocidade Incompatível";"Colisão com objeto";"Com Vítimas Feridas";"Plena Noite";"Decrescente";"Céu Claro";"Múltipla";"Reta";"Sim";3;0;1;1;0;1;2;2;-29,7274525;-51,1487108;"SPRF-RS";"DEL01/RS";"UOP02-DEL01-RS"
776629;2026-06-06;"sábado";"00:48:00";"GO";153;626;"MORRINHOS";"Animais na Pista";"Atropelamento de Animal";"Com Vítimas Feridas";"Pleno dia";"Decrescente";"Céu Claro";"Dupla";"Reta";"Não";4;0;1;0;3;0;1;2;-17,77454347;-49,17495489;"SPRF-GO";"DEL03/GO";"UOP01-DEL03-GO"
776630;2026-06-05;"sexta-feira";"22:51:00";"MS";163;248;"DOURADOS";"Velocidade Incompatível";"Saída de leito carroçável";"Sem Vítimas";"Plena Noite";"Crescente";"Céu Claro";"Simples";"Retorno Regulamentado;Reta";"Não";2;0;0;0;0;2;0;2;-22,3204141;-54,8192929;"SPRF-MS";"DEL04/MS";"UOP02-DEL04-MS"
776631;2026-06-06;"sábado";"00:30:00";"MT";364;396,9;"CUIABA";"Animais na Pista";"Atropelamento de Animal";"Com Vítimas Feridas";"Plena Noite";"Crescente";"Céu Claro";"Dupla";"Reta";"Sim";2;0;2;0;0;0;2;1;-15,66651586;-55,95889533;"SPRF-MT";"DEL01/MT";"UOP02-DEL01-MT"
776632;2026-06-06;"sábado";"01:50:00";"RS";116;241;"NOVO HAMBURGO";"Ingestão de álcool pelo condutor";"Saída de leito carroçável";"Com Vítimas Feridas";"Plena Noite";"Decrescente";"Céu Claro";"Dupla";"Reta";"Sim";1;0;1;0;0;0;1;1;-29,71092691;-51,14725325;"SPRF-RS";"DEL01/RS";"UOP02-DEL01-RS"
776633;2026-06-06;"sábado";"01:40:00";"SC";101;127;"ITAJAI";"Pedestre cruzava a pista fora da faixa";"Atropelamento de Pedestre";"Com Vítimas Feridas";"Plena Noite";"Decrescente";"Nublado";"Dupla";"Curva";"Não";2;0;1;0;1;0;1;2;-26,96441697;-48,6830686;"SPRF-SC";"DEL04/SC";"UOP04-DEL04-SC"
776635;2026-06-06;"sábado";"01:00:00";"SC";282;2;"FLORIANOPOLIS";"Ausência de reação do condutor";"Colisão traseira";"Com Vítimas Feridas";"Plena Noite";"Decrescente";"Nublado";"Múltipla";"Interseção de Vias";"Sim";2;0;1;0;1;0;1;2;-27,60337431;-48,59087555;"SPRF-SC";"DEL01/SC";"UOP01-DEL01-SC"
776636;2026-06-06;"sábado";"01:15:00";"RS";285;407,3;"PANAMBI";"Ausência de reação do condutor";"Colisão lateral sentido oposto";"Com Vítimas Feridas";"Plena Noite";"Decrescente";"Céu Claro";"Simples";"Reta";"Não";3;0;0;2;0;1;2;2;-28,375989;-53,394618;"SPRF-RS";"DEL10/RS";"UOP02-DEL10-RS"
776637;2026-06-06;"sábado";"02:00:00";"MG";381;855,9;"POUSO ALEGRE";"Avarias e/ou desgaste excessivo no pneu";"Saída de leito carroçável";"Sem Vítimas";"Plena Noite";"Crescente";"Nublado";"Dupla";"Reta";"Não";1;0;0;0;1;0;0;1;-22,287521;-45,897126;"SPRF-MG";"DEL16/MG";"UOP01-DEL16-MG"
776638;2026-06-06;"sábado";"00:50:00";"MS";158;94,6;"PARANAIBA";"Ausência de reação do condutor";"Saída de leito carroçável";"Sem Vítimas";"Plena Noite";"Decrescente";"Céu Claro";"Simples";"Declive;Reta";"Sim";1;0;0;0;0;1;0;1;-19,68184582;-51,20101193;"SPRF-MS";"DEL08/MS";"UOP01-DEL08-MS"
776639;2026-06-06;"sábado";"02:01:00";"SP";116;61,6;"GUARATINGUETA";"Ingestão de álcool pelo condutor";"Colisão com objeto";"Com Vítimas Fatais";"Plena Noite";"Crescente";"Céu Claro";"Dupla";"Declive;Reta";"Não";2;1;0;0;1;0;0;1;-22,80215656;-45,17045653;"SPRF-SP";"DEL08/SP";"UOP01-DEL08-SP"
776640;2026-06-06;"sábado";"02:40:00";"PR";376;231;"APUCARANA";"Mal súbito do condutor";"Saída de leito carroçável";"Com Vítimas Feridas";"Plena Noite";"Decrescente";"Céu Claro";"Dupla";"Reta";"Não";1;0;1;0;0;0;1;1;-23,55947;-51,5362;"SPRF-PR";"DEL07/PR";"UOP03-DEL07-PR"
776641;2026-06-06;"sábado";"02:20:00";"MS";163;258;"DOURADOS";"Ingestão de álcool pelo condutor";"Colisão traseira";"Sem Vítimas";"Plena Noite";"Crescente";"Céu Claro";"Dupla";"Reta";"Não";3;0;0;0;3;0;0;2;-22,259024;-54,785739;"SPRF-MS";"DEL04/MS";"UOP01-DEL04-MS"
776642;2026-06-06;"sábado";"04:00:00";"SC";470;44,2;"GASPAR";"Ingestão de álcool pelo condutor";"Colisão lateral mesmo sentido";"Sem Vítimas";"Plena Noite";"Decrescente";"Céu Claro";"Dupla";"Reta";"Não";1;0;0;0;1;0;0;1;-26,8704569;-49,02287833;"SPRF-SC";"DEL04/SC";"UOP01-DEL04-SC"
776643;2026-06-06;"sábado";"01:30:00";"RS";285;159,7;"MUITOS CAPOES";"Condutor Dormindo";"Saída de leito carroçável";"Com Vítimas Feridas";"Plena Noite";"Crescente";"Ignorado";"Simples";"Reta";"Não";1;0;1;0;0;0;1;1;-28,32106;-51,22457;"SPRF-RS";"DEL05/RS";"UOP03-DEL05-RS"
776644;2026-06-06;"sábado";"03:55:00";"RS";116;391;"CAMAQUA";"Reação tardia ou ineficiente do condutor";"Tombamento";"Com Vítimas Feridas";"Plena Noite";"Decrescente";"Céu Claro";"Dupla";"Reta";"Não";1;0;0;1;0;0;1;1;-30,8321971;-51,730259;"SPRF-RS";"DEL02/RS";"UOP02-DEL02-RS"
776647;2026-06-06;"sábado";"05:10:00";"PR";277;68;"SAO JOSE DOS PINHAIS";"Ausência de reação do condutor";"Colisão traseira";"Sem Vítimas";"Plena Noite";"Decrescente";"Nevoeiro/Neblina";"Dupla";"Reta";"Sim";2;0;0;0;2;0;0;2;-25,523543;-49,101267;"SPRF-PR";"DEL01/PR";"UOP01-DEL01-PR"
776649;2026-06-06;"sábado";"05:00:00";"PE";424;92;"GARANHUNS";"Transitar na contramão";"Colisão frontal";"Com Vítimas Feridas";"Pleno dia";"Crescente";"Chuva";"Simples";"Reta";"Não";2;0;0;1;1;0;1;2;-8,9117232;-36,4928408;"SPRF-PE";"DEL03/PE";"UOP01-DEL03-PE"
776650;2026-06-06;"sábado";"06:20:00";"ES";101;66,8;"SAO MATEUS";"Reação tardia ou ineficiente do condutor";"Saída de leito carroçável";"Com Vítimas Feridas";"Pleno dia";"Crescente";"Céu Claro";"Múltipla";"Reta";"Sim";1;0;1;0;0;0;1;1;-18,722852;-39,86206;"SPRF-ES";"DEL04-ES";"UOP02-DEL04-ES"
776651;2026-06-06;"sábado";"06:30:00";"RN";101;83;"SAO GONCALO DO AMARANTE";"Ausência de reação do condutor";"Colisão traseira";"Sem Vítimas";"Pleno dia";"Crescente";"Nublado";"Dupla";"Reta";"Sim";2;0;0;0;2;0;0;2;-5,7721363;-35,26362989;"SPRF-RN";"DEL02-RN";"UOP01-DEL02-RN"
776652;2026-06-06;"sábado";"05:26:00";"SC";101;127;"ITAJAI";"Ausência de reação do condutor";"Colisão com objeto";"Com Vítimas Feridas";"Plena Noite";"Crescente";"Nevoeiro/Neblina";"Dupla";"Reta";"Sim";1;0;1;0;0;0;1;1;-26,94115;-48,69409;"SPRF-SC";"DEL04/SC";"UOP04-DEL04-SC"
776657;2026-06-06;"sábado";"06:50:00";"SP";116;413;"JUQUIA";"Ausência de reação do condutor";"Colisão com objeto";"Sem Vítimas";"Amanhecer";"Crescente";"Nevoeiro/Neblina";"Dupla";"Reta";"Não";1;0;0;0;1;0;0;1;-24,330155;-47,625407;"SPRF-SP";"DEL05/SP";"UOP01-DEL05-SP"
776658;2026-06-06;"sábado";"02:26:00";"PA";230;1128;"ITAITUBA";"Entrada inopinada do pedestre";"Atropelamento de Pedestre";"Com Vítimas Fatais";"Plena Noite";"Crescente";"Nublado";"Simples";"Reta";"Sim";2;1;0;0;0;1;0;2;-4,29973939;-55,95884655;"SPRF-PA";"DEL05/PA";"UOP02-DEL05-PA"
776660;2026-06-06;"sábado";"07:40:00";"DF";70;16,5;"BRASILIA";"Manobra de mudança de faixa";"Colisão lateral mesmo sentido";"Com Vítimas Feridas";"Pleno dia";"Decrescente";"Céu Claro";"Dupla";"Reta";"Sim";3;0;2;0;1;0;2;2;-15,79533006;-48,19826603;"SPRF-DF";"DEL03-DF";"UOP02-DEL03-DF"
776661;2026-06-06;"sábado";"07:00:00";"RS";153;653;"BAGE";"Ausência de reação do condutor";"Saída de leito carroçável";"Com Vítimas Feridas";"Amanhecer";"Crescente";"Nevoeiro/Neblina";"Simples";"Reta";"Não";1;0;0;1;0;0;1;1;-31,29765636;-54,00148565;"SPRF-RS";"DEL11/RS";"UOP03-DEL11-RS"
776662;2026-06-06;"sábado";"08:05:00";"RN";110;48,6;"MOSSORO";"Acessar a via sem observar a presença dos outros veículos";"Colisão transversal";"Com Vítimas Feridas";"Pleno dia";"Crescente";"Céu Claro";"Múltipla";"Reta";"Sim";2;0;1;0;1;0;1;2;-5,21292973;-37,33173609;"SPRF-RN";"DEL04-RN";"UOP01-DEL04-RN"
776663;2026-06-06;"sábado";"05:35:00";"MT";364;273;"JACIARA";"Reação tardia ou ineficiente do condutor";"Saída de leito carroçável";"Sem Vítimas";"Amanhecer";"Crescente";"Céu Claro";"Dupla";"Reta";"Sim";1;0;0;0;1;0;0;1;-15,9605074;-54,9682759;"SPRF-MT";"DEL05/MT";"UOP02-DEL05-MT"
776664;2026-06-06;"sábado";"06:10:00";"RO";319;143;"PORTO VELHO";"Demais falhas mecânicas ou elétricas";"Incêndio";"Sem Vítimas";"Pleno dia";"Crescente";"Céu Claro";"Dupla";"Reta";"Sim";2;0;0;0;2;0;0;1;-8,75959856;-63,88600481;"SPRF-RO";"DEL01-RO";"UOP01-DEL01-RO"
776665;2026-06-06;"sábado";"07:02:00";"RN";406;167,9;"SAO GONCALO DO AMARANTE";"Manobra de mudança de faixa";"Colisão lateral mesmo sentido";"Com Vítimas Feridas";"Pleno dia";"Crescente";"Céu Claro";"Dupla";"Retorno Regulamentado";"Sim";3;0;3;0;0;0;3;2;-5,74851244;-35,32654064;"SPRF-RN";"DEL02-RN";"UOP01-DEL02-RN"
776666;2026-06-06;"sábado";"08:40:00";"SP";116;466;"PARIQUERA-ACU";"Ausência de reação do condutor";"Capotamento";"Com Vítimas Feridas";"Pleno dia";"Decrescente";"Céu Claro";"Dupla";"Reta";"Não";2;0;2;0;0;0;2;1;-24,6468168;-47,92089192;"SPRF-SP";"DEL05/SP";"UOP01-DEL05-SP"
776667;2026-06-05;"sexta-feira";"19:20:00";"RS";158;163;"PANAMBI";"Ingestão de álcool pelo condutor";"Saída de leito carroçável";"Sem Vítimas";"Plena Noite";"Crescente";"Céu Claro";"Simples";"Reta";"Não";1;0;0;0;1;0;0;1;-28,33739915;-53,49753857;"SPRF-RS";"DEL10/RS";"UOP02-DEL10-RS"
776669;2026-06-06;"sábado";"08:40:00";"CE";222;224,2;"SOBRAL";"Transitar na contramão";"Colisão frontal";"Com Vítimas Fatais";"Pleno dia";"Crescente";"Céu Claro";"Simples";"Reta";"Sim";3;2;1;0;0;0;1;2;-3,70798;-40,35354;"SPRF-CE";"DEL04/CE";"UOP01-DEL04-CE"
776673;2026-06-06;"sábado";"09:12:00";"PR";277;644,6;"CEU AZUL";"Acesso irregular";"Colisão lateral mesmo sentido";"Sem Vítimas";"Pleno dia";"Decrescente";"Céu Claro";"Simples";"Reta";"Não";5;0;0;0;5;0;0;3;-25,17622161;-53,8781058;"SPRF-PR";"DEL05/PR";"UOP02-DEL05-PR"
776674;2026-06-06;"sábado";"08:15:00";"PE";104;71;"CARUARU";"Acessar a via sem observar a presença dos outros veículos";"Saída de leito carroçável";"Com Vítimas Feridas";"Pleno dia";"Crescente";"Nublado";"Dupla";"Curva";"Sim";1;0;1;0;0;0;1;1;-8,32802259;-35,98374367;"SPRF-PE";"DEL02/PE";"UOP01-DEL02-PE"
776675;2026-06-06;"sábado";"09:45:00";"SC";101;221,7;"PALHOCA";"Manobra de mudança de faixa";"Colisão lateral mesmo sentido";"Com Vítimas Feridas";"Pleno dia";"Crescente";"Céu Claro";"Dupla";"Reta";"Sim";3;0;2;0;1;0;2;2;-27,70743;-48,65731;"SPRF-SC";"DEL01/SC";"UOP02-DEL01-SC"
776676;2026-06-06;"sábado";"10:00:00";"PE";101;53;"PAULISTA";"Reação tardia ou ineficiente do condutor";"Capotamento";"Com Vítimas Feridas";"Pleno dia";"Decrescente";"Nublado";"Múltipla";"Reta";"Sim";1;0;1;0;0;0;1;1;-7,93263;-34,901885;"SPRF-PE";"DEL01/PE";"UOP02-DEL01-PE"
776686;2026-06-06;"sábado";"11:20:00";"SC";282;64,1;"RANCHO QUEIMADO";"Velocidade Incompatível";"Colisão frontal";"Com Vítimas Feridas";"Pleno dia";"Crescente";"Céu Claro";"Simples";"Curva";"Não";6;0;3;1;2;0;4;3;-27,696385;-49,0531033;"SPRF-SC";"DEL01/SC";"UOP03-DEL01-SC"