"id";"data_inversa";"dia_semana";"horario";"uf";"br";"km";"municipio";"causa_acidente";"tipo_acidente";"classificacao_acidente";"fase_dia";"sentido_via";"condicao_metereologica";"tipo_pista";"tracado_via";"uso_solo";"pessoas";"mortos";"feridos_leves";"feridos_graves";"ilesos";"ignorados";"feridos";"veiculos";"latitude";"longitude";"regional";"delegacia";"uop"
776687;2026-06-06;"sábado";"10:45:00";"RO";364;197,9;"PIMENTA BUENO";"Condutor deixou de manter distância do veículo da frente";"Colisão lateral mesmo sentido";"Com Vítimas Feridas";"Pleno dia";"Crescente";"Céu Claro";"Simples";"Aclive;Reta";"Não";2;0;1;0;0;1;1;2;-11,665;-61,1916;"SPRF-RO";"DEL02-RO";"UOP02-DEL02-RO"
776688;2026-06-06;"sábado";"10:30:00";"RJ";101;390;"RIO DE JANEIRO";"Acumulo de areia ou detritos sobre o pavimento";"Queda de ocupante de veículo";"Com Vítimas Feridas";"Pleno dia";"Crescente";"Céu Claro";"Múltipla";"Curva";"Não";3;0;1;0;2;0;1;2;-22,8954617;-43,6808983;"SPRF-RJ";"DEL03/RJ";"UOP01-DEL03-RJ"
776690;2026-06-06;"sábado";"11:20:00";"SP";116;158;"SAO JOSE DOS CAMPOS";"Ausência de reação do condutor";"Colisão com objeto";"Com Vítimas Feridas";"Pleno dia";"Crescente";"Céu Claro";"Simples";"Curva";"Sim";1;0;1;0;0;0;1;1;-23,25668538;-45,94746785;"SPRF-SP";"DEL02/SP";"UOP01-DEL02-SP"
776691;2026-06-06;"sábado";"11:30:00";"RJ";116;176;"SAO JOAO DE MERITI";"Reação tardia ou ineficiente do condutor";"Colisão lateral mesmo sentido";"Com Vítimas Feridas";"Pleno dia";"Decrescente";"Céu Claro";"Múltipla";"Reta";"Sim";4;0;2;0;2;0;2;2;-22,78631079;-43,37882996;"SPRF-RJ";"DEL06/RJ";"UOP01-DEL06-RJ"
776692;2026-06-06;"sábado";"10:20:00";"PR";376;623;"SAO JOSE DOS PINHAIS";"Ausência de reação do condutor";"Saída de leito carroçável";"Com Vítimas Feridas";"Pleno dia";"Crescente";"Céu Claro";"Dupla";"Reta";"Não";1;0;1;0;0;0;1;1;-25,648255;-49,157985;"SPRF-PR";"DEL01/PR";"UOP04-DEL01-PR"
776694;2026-06-06;"sábado";"12:00:00";"PR";376;165;"MARINGA";"Frear bruscamente";"Tombamento";"Com Vítimas Feridas";"Pleno dia";"Crescente";"Céu Claro";"Dupla";"Reta";"Não";2;0;1;0;1;0;1;2;-23,384678;-52,027295;"SPRF-PR";"DEL09/PR";"UOP01-DEL09-PR"
776697;2026-06-06;"sábado";"12:20:00";"PE";428;185;"PETROLINA";"Manobra de mudança de faixa";"Colisão transversal";"Com Vítimas Fatais";"Pleno dia";"Decrescente";"Céu Claro";"Múltipla";"Reta;Retorno Regulamentado";"Sim";2;1;0;0;1;0;0;2;-9,35674224;-40,47879338;"SPRF-PE";"DEL06/PE";"UOP01-DEL06-PE"
776698;2026-06-04;"quinta-feira";"10:45:00";"BA";242;470;"IBITIARA";"Acessar a via sem observar a presença dos outros veículos";"Colisão transversal";"Com Vítimas Feridas";"Pleno dia";"Decrescente";"Céu Claro";"Simples";"Reta";"Não";2;0;1;0;1;0;1;2;-12,46227457;-42,24373754;"SPRF-BA";"DEL06/BA";"UOP01-DEL06-BA"
776703;2026-06-06;"sábado";"09:30:00";"MG";459;30,4;"CALDAS";"Velocidade Incompatível";"Tombamento";"Com Vítimas Feridas";"Pleno dia";"Crescente";"Céu Claro";"Dupla";"Rotatória;Interseção de Vias";"Sim";2;0;1;1;0;0;2;1;-21,91302836;-46,38138056;"SPRF-MG";"DEL09/MG";"UOP01-DEL09-MG"
776704;2026-06-06;"sábado";"13:00:00";"MG";40;511;"RIBEIRAO DAS NEVES";"Condutor deixou de manter distância do veículo da frente";"Colisão traseira";"Com Vítimas Feridas";"Pleno dia";"Crescente";"Céu Claro";"Dupla";"Reta";"Sim";3;0;1;0;2;0;1;2;-19,78533081;-44,11520898;"SPRF-MG";"DEL01/MG";"UOP02-DEL01-MG"
776705;2026-06-06;"sábado";"11:20:00";"RJ";101;490;"ANGRA DOS REIS";"Ausência de reação do condutor";"Colisão traseira";"Com Vítimas Feridas";"Pleno dia";"Crescente";"Céu Claro";"Simples";"Reta";"Sim";3;0;1;0;2;0;1;2;-22,9568863;-44,30047838;"SPRF-RJ";"DEL03/RJ";"UOP03-DEL03-RJ"
776711;2026-06-06;"sábado";"11:00:00";"PR";369;452,3;"CORBELIA";"Ausência de reação do condutor";"Saída de leito carroçável";"Com Vítimas Feridas";"Pleno dia";"Crescente";"Céu Claro";"Simples";"Curva;Aclive";"Não";1;0;1;0;0;0;1;1;-24,5765342;-53,1474325;"SPRF-PR";"DEL04/PR";"UOP03-DEL04-PR"
776714;2026-06-06;"sábado";"13:15:00";"SP";153;85;"MIRASSOL";"Condutor Dormindo";"Saída de leito carroçável";"Com Vítimas Feridas";"Pleno dia";"Decrescente";"Céu Claro";"Múltipla";"Curva";"Não";5;0;5;0;0;0;5;1;-20,93483228;-49,5187119;"SPRF-SP";"DEL09/SP";"UOP01-DEL09-SP"
776715;2026-06-06;"sábado";"10:15:00";"MG";262;565,4;"CORREGO DANTA";"Ultrapassagem Indevida";"Colisão frontal";"Com Vítimas Feridas";"Pleno dia";"Decrescente";"Sol";"Simples";"Curva";"Não";3;0;0;3;0;0;3;2;-19,68428;-46,03932;"SPRF-MG";"DEL08/MG";"UOP02-DEL08-MG"
776718;2026-06-06;"sábado";"09:30:00";"PA";10;256;"AURORA DO PARA";"Reação tardia ou ineficiente do condutor";"Saída de leito carroçável";"Com Vítimas Feridas";"Pleno dia";"Decrescente";"Ignorado";"Simples";"Aclive;Reta";"Não";1;0;1;0;0;0;1;1;-2,19516;-47,561573;"SPRF-PA";"DEL02/PA";"UOP01-DEL02-PA"
776719;2026-06-06;"sábado";"13:40:00";"SP";116;469,8;"JACUPIRANGA";"Ausência de reação do condutor";"Saída de leito carroçável";"Com Vítimas Feridas";"Pleno dia";"Decrescente";"Sol";"Dupla";"Reta";"Não";1;0;1;0;0;0;1;1;-24,6534327;-47,9601525;"SPRF-SP";"DEL05/SP";"UOP01-DEL05-SP"
776720;2026-06-06;"sábado";"13:40:00";"RJ";101;296;"ITABORAI";"Condutor deixou de manter distância do veículo da frente";"Colisão traseira";"Com Vítimas Feridas";"Pleno dia";"Crescente";"Céu Claro";"Dupla";"Reta";"Não";2;0;1;0;1;0;1;2;-22,76114;-42,89924;"SPRF-RJ";"DEL02/RJ";"UOP02-DEL02-RJ"
776721;2026-06-06;"sábado";"11:45:00";"MT";364;275;"JACIARA";"Acessar a via sem observar a presença dos outros veículos";"Colisão transversal";"Sem Vítimas";"Pleno dia";"Decrescente";"Céu Claro";"Dupla";"Reta";"Sim";2;0;0;0;2;0;0;2;-15,95097341;-54,98223692;"SPRF-MT";"DEL05/MT";"UOP02-DEL05-MT"
776722;2026-06-06;"sábado";"14:00:00";"MG";459;29,1;"CALDAS";"Ausência de reação do condutor";"Colisão traseira";"Com Vítimas Feridas";"Pleno dia";"Decrescente";"Céu Claro";"Simples";"Declive;Reta";"Não";3;0;1;1;0;1;2;2;-21,90345358;-46,37982917;"SPRF-MG";"DEL09/MG";"UOP01-DEL09-MG"
776724;2026-06-06;"sábado";"14:00:00";"ES";259;50,8;"COLATINA";"Acumulo de areia ou detritos sobre o pavimento";"Tombamento";"Com Vítimas Feridas";"Pleno dia";"Crescente";"Céu Claro";"Simples";"Rotatória";"Não";1;0;1;0;0;0;1;1;-19,50365;-40,61403;"SPRF-ES";"DEL02-ES";"UOP01-DEL02-ES"
776726;2026-05-23;"sábado";"13:12:00";"MT";158;767;"BARRA DO GARCAS";"Reação tardia ou ineficiente do condutor";"Colisão transversal";"Com Vítimas Feridas";"Pleno dia";"Decrescente";"Céu Claro";"Simples";"Reta";"Não";3;0;1;1;1;0;2;2;-15,71660972;-52,2466881;"SPRF-MT";"DEL07/MT";"UOP01-DEL07-MT"
776728;2026-06-06;"sábado";"13:30:00";"RJ";40;83;"PETROPOLIS";"Demais falhas na via";"Saída de leito carroçável";"Com Vítimas Feridas";"Pleno dia";"Decrescente";"Céu Claro";"Dupla";"Aclive;Reta";"Sim";1;0;1;0;0;0;1;1;-22,55438746;-43,22543767;"SPRF-RJ";"DEL01/RJ";"UOP01-DEL01-RJ"
776731;2026-06-06;"sábado";"15:15:00";"RN";101;96,2;"NATAL";"Manobra de mudança de faixa";"Colisão lateral mesmo sentido";"Com Vítimas Feridas";"Pleno dia";"Crescente";"Sol";"Simples";"Interseção de Vias";"Não";2;0;1;0;1;0;1;2;-5,840635;-35,21082466;"SPRF-RN";"DEL01-RN";"UOP01-DEL01-RN"
776732;2026-06-06;"sábado";"15:02:00";"MG";262;45,4;"MANHUACU";"Acessar a via sem observar a presença dos outros veículos";"Colisão transversal";"Com Vítimas Feridas";"Pleno dia";"Crescente";"Céu Claro";"Simples";"Declive;Reta";"Não";6;0;1;0;5;0;1;2;-20,262687;-42,106243;"SPRF-MG";"DEL06/MG";"UOP03-DEL06-MG"
776737;2026-06-06;"sábado";"16:00:00";"MG";381;442;"SANTA LUZIA";"Condutor deixou de manter distância do veículo da frente";"Colisão traseira";"Com Vítimas Feridas";"Pleno dia";"Crescente";"Céu Claro";"Simples";"Reta";"Sim";2;0;1;0;1;0;1;2;-19,82617419;-43,83540555;"SPRF-MG";"DEL01/MG";"UOP01-DEL01-MG"
776738;2026-06-06;"sábado";"15:40:00";"PR";369;147,2;"LONDRINA";"Trafegar com motocicleta (ou similar) entre as faixas";"Colisão lateral mesmo sentido";"Com Vítimas Feridas";"Pleno dia";"Crescente";"Céu Claro";"Dupla";"Reta";"Sim";2;0;1;0;1;0;1;2;-23,29309924;-51,13375299;"SPRF-PR";"DEL07/PR";"UOP01-DEL07-PR"
776744;2026-06-06;"sábado";"15:50:00";"SP";116;165,8;"JACAREI";"Falta de elemento de contenção que evite a saída do leito carroçável";"Saída de leito carroçável";"Com Vítimas Feridas";"Pleno dia";"Decrescente";"Céu Claro";"Dupla";"Curva";"Sim";1;0;0;1;0;0;1;1;-23,29621376;-46,00610733;"SPRF-SP";"DEL02/SP";"UOP01-DEL02-SP"
776745;2026-06-06;"sábado";"16:30:00";"RS";116;244,3;"SAO LEOPOLDO";"Pedestre andava na pista";"Atropelamento de Pedestre";"Com Vítimas Feridas";"Pleno dia";"Decrescente";"Nublado";"Simples";"Reta";"Sim";2;0;0;1;1;0;1;2;-29,7432572;-51,1503016;"SPRF-RS";"DEL01/RS";"UOP02-DEL01-RS"
776746;2026-06-06;"sábado";"16:05:00";"RN";110;43,3;"MOSSORO";"Acessar a via sem observar a presença dos outros veículos";"Colisão transversal";"Com Vítimas Feridas";"Pleno dia";"Decrescente";"Céu Claro";"Simples";"Reta";"Sim";3;0;1;1;1;0;2;2;-5,184967;-37,300957;"SPRF-RN";"DEL04-RN";"UOP01-DEL04-RN"
776747;2026-06-06;"sábado";"16:15:00";"DF";60;2,2;"BRASILIA";"Acessar a via sem observar a presença dos outros veículos";"Colisão transversal";"Com Vítimas Feridas";"Pleno dia";"Crescente";"Céu Claro";"Dupla";"Reta";"Não";3;0;2;1;0;0;3;2;-15,888542;-48,08045;"SPRF-DF";"DEL03-DF";"UOP01-DEL03-DF"
776749;2026-06-06;"sábado";"06:44:00";"MT";364;267;"JACIARA";"Condutor deixou de manter distância do veículo da frente";"Colisão traseira";"Com Vítimas Feridas";"Pleno dia";"Crescente";"Céu Claro";"Dupla";"Reta";"Não";2;0;1;0;1;0;1;2;-15,9937;-54,9216;"SPRF-MT";"DEL02/MT";"UOP01-DEL02-MT"
776751;2026-06-06;"sábado";"16:40:00";"MG";116;575;"MANHUACU";"Reação tardia ou ineficiente do condutor";"Saída de leito carroçável";"Com Vítimas Feridas";"Pleno dia";"Decrescente";"Nublado";"Simples";"Curva";"Não";1;0;0;1;0;0;1;1;-20,1403;-42,185464;"SPRF-MG";"DEL06/MG";"UOP03-DEL06-MG"
776754;2026-06-06;"sábado";"18:05:00";"MG";40;520,2;"CONTAGEM";"Reação tardia ou ineficiente do condutor";"Saída de leito carroçável";"Com Vítimas Feridas";"Plena Noite";"Crescente";"Céu Claro";"Dupla";"Reta";"Não";1;0;1;0;0;0;1;1;-19,851615;-44,0722983;"SPRF-MG";"DEL01/MG";"UOP02-DEL01-MG"
776755;2026-06-06;"sábado";"18:08:00";"MG";40;509;"RIBEIRAO DAS NEVES";"Condutor deixou de manter distância do veículo da frente";"Colisão traseira";"Com Vítimas Feridas";"Plena Noite";"Crescente";"Céu Claro";"Dupla";"Reta";"Sim";5;0;2;0;3;0;2;3;-19,78752656;-44,11417902;"SPRF-MG";"DEL01/MG";"UOP02-DEL01-MG"
776760;2026-06-06;"sábado";"17:10:00";"SC";101;40,7;"JOINVILLE";"Ingestão de álcool pelo condutor";"Colisão com objeto";"Com Vítimas Feridas";"Pleno dia";"Crescente";"Céu Claro";"Dupla";"Curva;Aclive";"Não";1;0;1;0;0;0;1;1;-26,31306891;-48,8739988;"SPRF-SC";"DEL03/SC";"UOP01-DEL03-SC"
776763;2026-06-06;"sábado";"17:36:00";"RN";226;61;"SENADOR ELOI DE SOUZA";"Ausência de reação do condutor";"Colisão traseira";"Com Vítimas Feridas";"Plena Noite";"Crescente";"Nublado";"Simples";"Reta";"Não";6;0;2;0;3;1;2;2;-6,04793612;-35,67386627;"SPRF-RN";"DEL01-RN";"UOP02-DEL01-RN"
776764;2026-06-06;"sábado";"18:40:00";"RJ";101;582;"PARATY";"Ultrapassagem Indevida";"Colisão transversal";"Com Vítimas Feridas";"Plena Noite";"Decrescente";"Céu Claro";"Simples";"Reta";"Não";4;0;3;0;1;0;3;2;-23,260278;-44,693179;"SPRF-RJ";"DEL03/RJ";"UOP04-DEL03-RJ"
776765;2026-06-06;"sábado";"16:25:00";"RJ";40;109;"DUQUE DE CAXIAS";"Manobra de mudança de faixa";"Colisão lateral mesmo sentido";"Com Vítimas Feridas";"Pleno dia";"Decrescente";"Céu Claro";"Dupla";"Reta";"Sim";2;0;1;0;1;0;1;2;-22,679;-43,2859;"SPRF-RJ";"DEL01/RJ";"UOP02-DEL01-RJ"
776766;2026-06-06;"sábado";"15:30:00";"GO";60;457;"JATAI";"Reação tardia ou ineficiente do condutor";"Saída de leito carroçável";"Com Vítimas Fatais";"Pleno dia";"Decrescente";"Céu Claro";"Dupla";"Reta";"Não";1;1;0;0;0;0;0;1;-17,868797;-51,595235;"SPRF-GO";"DEL05/GO";"UOP01-DEL05-GO"
776767;2026-06-06;"sábado";"18:20:00";"SC";101;401,4;"MARACAJA";"Transitar na contramão";"Colisão frontal";"Com Vítimas Feridas";"Plena Noite";"Crescente";"Céu Claro";"Simples";"Curva;Viaduto";"Não";2;0;1;0;1;0;1;2;-28,87994673;-49,45817471;"SPRF-SC";"DEL02/SC";"UOP02-DEL02-SC"
776768;2026-06-06;"sábado";"17:46:00";"MS";376;143,9;"IVINHEMA";"Acessar a via sem observar a presença dos outros veículos";"Colisão transversal";"Com Vítimas Feridas";"Anoitecer";"Crescente";"Céu Claro";"Simples";"Reta";"Não";2;0;0;1;1;0;1;2;-22,38446079;-53,57347576;"SPRF-MS";"DEL04/MS";"UOP04-DEL04-MS"
776769;2026-06-06;"sábado";"18:35:00";"MG";381;501,2;"BETIM";"Ausência de reação do condutor";"Engavetamento";"Com Vítimas Feridas";"Plena Noite";"Decrescente";"Céu Claro";"Múltipla";"Reta";"Sim";5;0;1;0;4;0;1;4;-20,0118;-44,2197;"SPRF-MG";"DEL01/MG";"UOP03-DEL01-MG"
776773;2026-06-06;"sábado";"07:50:00";"SC";101;253;"PAULO LOPES";"Desrespeitar a preferência no cruzamento";"Colisão transversal";"Com Vítimas Feridas";"Pleno dia";"Crescente";"Sol";"Simples";"Interseção de Vias";"Sim";2;0;1;0;1;0;1;2;-27,9698149;-48,67895007;"SPRF-SC";"DEL02/SC";"UOP03-DEL02-SC"
776774;2026-06-06;"sábado";"19:00:00";"PR";476;145,8;"CURITIBA";"Reação tardia ou ineficiente do condutor";"Colisão traseira";"Com Vítimas Feridas";"Plena Noite";"Crescente";"Céu Claro";"Dupla";"Reta";"Sim";3;0;2;0;1;0;2;2;-25,55022;-49,32755;"SPRF-PR";"DEL01/PR";"UOP06-DEL01-PR"
776776;2026-06-06;"sábado";"18:50:00";"PE";104;64,1;"CARUARU";"Acessar a via sem observar a presença dos outros veículos";"Colisão lateral mesmo sentido";"Com Vítimas Feridas";"Plena Noite";"Crescente";"Garoa/Chuvisco";"Dupla";"Interseção de Vias";"Sim";2;0;1;0;1;0;1;2;-8,267427;-35,978843;"SPRF-PE";"DEL02/PE";"UOP01-DEL02-PE"
776777;2026-06-06;"sábado";"19:15:00";"ES";101;50;"CONCEICAO DA BARRA";"Ingestão de álcool pelo condutor";"Colisão com objeto";"Sem Vítimas";"Plena Noite";"Decrescente";"Nublado";"Simples";"Reta";"Sim";1;0;0;0;1;0;0;1;-18,58251468;-39,89350319;"SPRF-ES";"DEL04-ES";"UOP02-DEL04-ES"
776778;2026-06-06;"sábado";"18:30:00";"MG";365;19;"MONTES CLAROS";"Transitar no Acostamento";"Atropelamento de Pedestre";"Com Vítimas Feridas";"Plena Noite";"Decrescente";"Céu Claro";"Simples";"Reta";"Não";2;0;2;0;0;0;2;2;-16,87742;-43,99428;"SPRF-MG";"DEL12/MG";"UOP01-DEL12-MG"
776779;2026-06-06;"sábado";"19:20:00";"PB";230;27,9;"JOAO PESSOA";"Chuva";"Tombamento";"Com Vítimas Feridas";"Plena Noite";"Crescente";"Chuva";"Dupla";"Curva";"Não";2;0;2;0;0;0;2;1;-7,165143;-34,898393;"SPRF-PB";"DEL01-PB";"UOP01-DEL01-PB"
776781;2026-06-06;"sábado";"19:00:00";"MG";262;130;"RIO CASCA";"Entrada inopinada do pedestre";"Atropelamento de Pedestre";"Com Vítimas Feridas";"Plena Noite";"Decrescente";"Céu Claro";"Simples";"Reta";"Não";6;0;2;0;4;0;2;2;-20,145103;-42,696433;"SPRF-MG";"DEL03/MG";"UOP03-DEL03-MG"
776782;2026-06-06;"sábado";"18:35:00";"PE";104;115,6;"PANELAS";"Ingestão de álcool pelo condutor";"Colisão transversal";"Com Vítimas Feridas";"Plena Noite";"Crescente";"Garoa/Chuvisco";"Simples";"Reta";"Sim";2;0;0;1;1;0;1;2;-8,67034;-36,01414;"SPRF-PE";"DEL02/PE";"UOP01-DEL02-PE"
776783;2026-06-06;"sábado";"16:00:00";"MA";230;476,7;"RIACHAO";"Frear bruscamente";"Colisão traseira";"Com Vítimas Feridas";"Pleno dia";"Crescente";"Céu Claro";"Simples";"Reta";"Não";2;0;0;1;1;0;1;2;-7,410468;-46,655573;"SPRF-MA";"DEL05-MA";"UOP01-DEL05-MA"
776784;2026-06-06;"sábado";"18:35:00";"ES";262;0,5;"CARIACICA";"Condutor deixou de manter distância do veículo da frente";"Colisão traseira";"Com Vítimas Feridas";"Plena Noite";"Decrescente";"Céu Claro";"Dupla";"Reta";"Sim";3;0;3;0;0;0;3;2;-20,32443834;-40,354496;"SPRF-ES";"DEL01-ES";"UOP01-DEL01-ES"
776786;2026-06-06;"sábado";"19:40:00";"RN";304;106,4;"ACU";"Acessar a via sem observar a presença dos outros veículos";"Colisão transversal";"Com Vítimas Feridas";"Plena Noite";"Crescente";"Ignorado";"Simples";"Reta;Interseção de Vias;Em Obras";"Não";8;0;3;2;3;0;5;2;-5,588266;-36,968329;"SPRF-RN";"DEL04-RN";"UOP01-DEL04-RN"
776788;2026-06-06;"sábado";"18:15:00";"PR";369;187,6;"ARAPONGAS";"Ausência de reação do condutor";"Queda de ocupante de veículo";"Com Vítimas Feridas";"Plena Noite";"Crescente";"Céu Claro";"Simples";"Curva";"Sim";1;0;1;0;0;0;1;1;-23,4157421;-51,42719185;"SPRF-PR";"DEL07/PR";"UOP03-DEL07-PR"
776789;2026-06-06;"sábado";"20:00:00";"GO";153;400,8;"PIRENOPOLIS";"Animais na Pista";"Atropelamento de Animal";"Sem Vítimas";"Plena Noite";"Decrescente";"Céu Claro";"Simples";"Reta;Declive";"Não";1;0;0;0;1;0;0;1;-16,04676672;-49,07533614;"SPRF-GO";"DEL02/GO";"UOP02-DEL02-GO"
776790;2026-06-06;"sábado";"19:15:00";"MT";163;1032;"PEIXOTO DE AZEVEDO";"Ausência de reação do condutor";"Queda de ocupante de veículo";"Com Vítimas Feridas";"Plena Noite";"Crescente";"Céu Claro";"Simples";"Reta";"Não";2;0;0;1;0;1;1;2;-10,25134801;-54,99449015;"SPRF-MT";"DEL06/MT";"UOP03-DEL06-MT"
776791;2026-06-06;"sábado";"19:00:00";"PR";476;163;"ARAUCARIA";"Acessar a via sem observar a presença dos outros veículos";"Colisão transversal";"Com Vítimas Feridas";"Plena Noite";"Decrescente";"Nublado";"Simples";"Curva";"Sim";3;0;1;0;2;0;1;2;-25,63612385;-49,46575496;"SPRF-PR";"DEL01/PR";"UOP06-DEL01-PR"
776792;2026-06-06;"sábado";"19:50:00";"SP";116;279;"EMBU DAS ARTES";"Reação tardia ou ineficiente do condutor";"Colisão traseira";"Sem Vítimas";"Plena Noite";"Crescente";"Céu Claro";"Dupla";"Reta";"Não";2;0;0;0;1;1;0;2;-23,6459852;-46,8415507;"SPRF-SP";"DEL04/SP";"UOP01-DEL04-SP"
776793;2026-06-06;"sábado";"20:15:00";"SC";282;457;"PONTE SERRADA";"Animais na Pista";"Atropelamento de Animal";"Com Vítimas Feridas";"Plena Noite";"Crescente";"Céu Claro";"Simples";"Reta";"Não";1;0;1;0;0;0;1;1;-26,8846836;-52,0089133;"SPRF-SC";"DEL07/SC";"UOP04-DEL07-SC"
776795;2026-06-06;"sábado";"19:00:00";"MG";381;492;"BETIM";"Reação tardia ou ineficiente do condutor";"Colisão traseira";"Com Vítimas Feridas";"Plena Noite";"Decrescente";"Céu Claro";"Dupla";"Aclive;Reta";"Sim";4;0;1;0;3;0;1;2;-19,95907149;-44,07283397;"SPRF-MG";"DEL01/MG";"UOP03-DEL01-MG"
776796;2026-06-06;"sábado";"17:55:00";"AC";364;274,6;"SENA MADUREIRA";"Acessar a via sem observar a presença dos outros veículos";"Colisão traseira";"Com Vítimas Feridas";"Pleno dia";"Decrescente";"Céu Claro";"Simples";"Declive;Reta";"Não";3;0;0;1;2;0;1;2;-9,077111;-68,68328;"SPRF-AC";"DEL01-AC";"UOP01-DEL01-AC"
776798;2026-06-06;"sábado";"19:52:00";"MG";262;40,3;"MANHUACU";"Acessar a via sem observar a presença dos outros veículos";"Colisão transversal";"Sem Vítimas";"Plena Noite";"Crescente";"Céu Claro";"Simples";"Aclive;Reta";"Sim";2;0;0;0;2;0;0;2;-20,271435;-42,065462;"SPRF-MG";"DEL06/MG";"UOP03-DEL06-MG"
776799;2026-06-06;"sábado";"20:30:00";"SP";116;300;"ITAPECERICA DA SERRA";"Demais Fenômenos da natureza";"Tombamento";"Com Vítimas Feridas";"Plena Noite";"Crescente";"Nevoeiro/Neblina";"Dupla";"Curva";"Não";1;0;1;0;0;0;1;1;-23,7000988;-46,8688963;"SPRF-SP";"DEL04/SP";"UOP01-DEL04-SP"
776800;2026-06-06;"sábado";"19:15:00";"PR";487;46;"UMUARAMA";"Ingestão de álcool pelo condutor";"Colisão lateral sentido oposto";"Sem Vítimas";"Plena Noite";"Crescente";"Céu Claro";"Simples";"Reta";"Não";4;0;0;0;4;0;0;2;-23,531181;-53,468708;"SPRF-PR";"DEL06/PR";"UOP03-DEL06-PR"
776801;2026-06-06;"sábado";"20:30:00";"PE";232;126,5;"CARUARU";"Ausência de reação do condutor";"Colisão com objeto";"Com Vítimas Feridas";"Plena Noite";"Crescente";"Chuva";"Simples";"Viaduto";"Sim";1;0;1;0;0;0;1;1;-8,3059;-35,96514;"SPRF-PE";"DEL02/PE";"UOP03-DEL02-PE"
776803;2026-06-06;"sábado";"20:20:00";"SP";116;445,7;"REGISTRO";"Acessar a via sem observar a presença dos outros veículos";"Colisão transversal";"Com Vítimas Feridas";"Plena Noite";"Decrescente";"Céu Claro";"Múltipla";"Reta";"Sim";2;0;1;0;1;0;1;2;-24,50395098;-47,84793735;"SPRF-SP";"DEL05/SP";"UOP01-DEL05-SP"
776804;2026-06-06;"sábado";"19:00:00";"RR";401;33;"BONFIM";"Ausência de sinalização";"Colisão lateral sentido oposto";"Com Vítimas Feridas";"Plena Noite";"Decrescente";"Céu Claro";"Simples";"Curva";"Não";5;0;1;0;4;0;1;2;2,87015927;-60,55195682;"SPRF-RR";"DEL01-RR";"UOP01-DEL01-RR"
776805;2026-06-06;"sábado";"19:38:00";"PI";343;588;"FLORIANO";"Ausência de reação do condutor";"Colisão traseira";"Com Vítimas Feridas";"Plena Noite";"Crescente";"Céu Claro";"Dupla";"Reta";"Sim";2;0;1;0;0;1;1;2;-6,776593;-43,009233;"SPRF-PI";"DEL03-PI";"UOP01-DEL03-PI"
776807;2026-06-06;"sábado";"19:06:00";"TO";226;18;"PALMEIRAS DO TOCANTINS";"Pedestre andava na pista";"Atropelamento de Pedestre";"Com Vítimas Fatais";"Plena Noite";"Decrescente";"Céu Claro";"Simples";"Reta";"Sim";3;1;1;0;1;0;1;2;-6,628122;-47,597468;"SPRF-TO";"DEL02-TO";"UOP03-DEL02-TO"
776808;2026-06-06;"sábado";"20:40:00";"PB";101;80,8;"SANTA RITA";"Reação tardia ou ineficiente do condutor";"Saída de leito carroçável";"Com Vítimas Feridas";"Plena Noite";"Crescente";"Chuva";"Dupla";"Curva";"Sim";1;0;1;0;0;0;1;1;-7,11825106;-34,94940206;"SPRF-PB";"DEL01-PB";"UOP01-DEL01-PB"
776809;2026-06-06;"sábado";"19:15:00";"PA";230;123;"MARABA";"Desrespeitar a preferência no cruzamento";"Colisão transversal";"Com Vítimas Feridas";"Plena Noite";"Crescente";"Nublado";"Múltipla";"Reta";"Sim";2;0;0;1;1;0;1;2;-5,369516;-49,130273;"SPRF-PA";"DEL03/PA";"UOP01-DEL03-PA"
776810;2026-06-06;"sábado";"19:30:00";"RJ";101;384;"ITAGUAI";"Acessar a via sem observar a presença dos outros veículos";"Colisão lateral sentido oposto";"Com Vítimas Feridas";"Plena Noite";"Crescente";"Céu Claro";"Dupla";"Reta";"Não";2;0;0;1;1;0;1;2;-22,85892622;-43,75936496;"SPRF-RJ";"DEL03/RJ";"UOP01-DEL03-RJ"
776811;2026-06-06;"sábado";"18:30:00";"RO";425;82;"NOVA MAMORE";"Acessar a via sem observar a presença dos outros veículos";"Colisão lateral mesmo sentido";"Com Vítimas Feridas";"Plena Noite";"Decrescente";"Céu Claro";"Simples";"Reta";"Não";3;0;1;1;1;0;2;2;-10,41674276;-65,33297807;"SPRF-RO";"DEL01-RO";"UOP03-DEL01-RO"
776813;2026-06-06;"sábado";"18:20:00";"RJ";101;307;"SAO GONCALO";"Reação tardia ou ineficiente do condutor";"Capotamento";"Com Vítimas Feridas";"Anoitecer";"Decrescente";"Céu Claro";"Dupla";"Reta;Viaduto";"Sim";5;0;2;2;1;0;4;3;-22,79446334;-43,0313115;"SPRF-RJ";"DEL02/RJ";"UOP02-DEL02-RJ"
776814;2026-06-06;"sábado";"22:25:00";"PE";232;212;"PESQUEIRA";"Reação tardia ou ineficiente do condutor";"Colisão traseira";"Com Vítimas Fatais";"Plena Noite";"Crescente";"Céu Claro";"Simples";"Reta";"Não";3;2;0;0;1;0;0;2;-8,37439;-36,715772;"SPRF-PE";"DEL03/PE";"UOP02-DEL03-PE"