"id";"data_inversa";"dia_semana";"horario";"uf";"br";"km";"municipio";"causa_acidente";"tipo_acidente";"classificacao_acidente";"fase_dia";"sentido_via";"condicao_metereologica";"tipo_pista";"tracado_via";"uso_solo";"pessoas";"mortos";"feridos_leves";"feridos_graves";"ilesos";"ignorados";"feridos";"veiculos";"latitude";"longitude";"regional";"delegacia";"uop"
776909;2026-06-07;"domingo";"09:38:00";"RN";101;93,5;"NATAL";"Participar de racha";"Colisão traseira";"Com Vítimas Feridas";"Pleno dia";"Decrescente";"Céu Claro";"Dupla";"Reta";"Sim";2;0;0;1;0;1;1;2;-5,82489;-35,209497;"SPRF-RN";"DEL01-RN";"UOP01-DEL01-RN"
776910;2026-06-07;"domingo";"08:30:00";"MG";40;107;"LAGOA GRANDE";"Condutor deixou de manter distância do veículo da frente";"Colisão traseira";"Com Vítimas Feridas";"Pleno dia";"Crescente";"Céu Claro";"Simples";"Aclive;Reta";"Não";5;0;2;0;3;0;2;2;-17,615725;-46,4674;"SPRF-MG";"DEL14/MG";"UOP01-DEL14-MG"
776911;2026-06-07;"domingo";"02:00:00";"PB";230;47,2;"SANTA RITA";"Condutor Dormindo";"Colisão com objeto";"Sem Vítimas";"Pleno dia";"Decrescente";"Chuva";"Dupla";"Reta";"Não";1;0;0;0;0;1;0;1;-7,169333;-35,033;"SPRF-PB";"DEL01-PB";"UOP02-DEL01-PB"
776913;2026-06-07;"domingo";"09:15:00";"MA";135;4;"SAO LUIS";"Condutor deixou de manter distância do veículo da frente";"Colisão traseira";"Sem Vítimas";"Pleno dia";"Decrescente";"Céu Claro";"Dupla";"Reta";"Sim";2;0;0;0;1;1;0;2;-2,619278;-44,256037;"SPRF-MA";"DEL01-MA";"UOP01-DEL01-MA"
776914;2026-06-07;"domingo";"08:30:00";"PA";316;77;"SAO FRANCISCO DO PARA";"Ausência de reação do condutor";"Colisão traseira";"Com Vítimas Fatais";"Pleno dia";"Crescente";"Céu Claro";"Simples";"Curva";"Não";2;1;1;0;0;0;1;2;-1,303541;-47,802993;"SPRF-PA";"DEL01/PA";"UOP01-DEL01-PA"
776915;2026-06-07;"domingo";"09:10:00";"SC";282;530,5;"CORDILHEIRA ALTA";"Ausência de reação do condutor";"Engavetamento";"Com Vítimas Feridas";"Pleno dia";"Decrescente";"Céu Claro";"Simples";"Reta;Retorno Regulamentado;Aclive";"Não";10;0;1;0;9;0;1;3;-26,98260311;-52,59813714;"SPRF-SC";"DEL07/SC";"UOP01-DEL07-SC"
776916;2026-06-07;"domingo";"10:00:00";"SP";116;151;"SAO JOSE DOS CAMPOS";"Avarias e/ou desgaste excessivo no pneu";"Tombamento";"Com Vítimas Feridas";"Pleno dia";"Decrescente";"Céu Claro";"Múltipla";"Reta";"Sim";2;0;1;0;1;0;1;1;-23,21957;-45,89961;"SPRF-SP";"DEL02/SP";"UOP01-DEL02-SP"
776917;2026-06-07;"domingo";"08:32:00";"MT";163;769;"SORRISO";"Reação tardia ou ineficiente do condutor";"Saída de leito carroçável";"Com Vítimas Fatais";"Pleno dia";"Crescente";"Céu Claro";"Dupla";"Retorno Regulamentado";"Não";1;1;0;0;0;0;0;1;-12,419357;-55,636849;"SPRF-MT";"DEL06/MT";"UOP01-DEL06-MT"
776918;2026-06-07;"domingo";"09:30:00";"MA";402;99;"HUMBERTO DE CAMPOS";"Pista esburacada";"Colisão traseira";"Com Vítimas Feridas";"Pleno dia";"Decrescente";"Céu Claro";"Simples";"Reta";"Sim";2;0;1;0;0;1;1;2;-2,743782;-43,555832;"SPRF-MA";"DEL01-MA";"UOP01-DEL01-MA"
776919;2026-06-07;"domingo";"10:30:00";"DF";60;7;"BRASILIA";"Reação tardia ou ineficiente do condutor";"Colisão lateral mesmo sentido";"Com Vítimas Feridas";"Pleno dia";"Crescente";"Céu Claro";"Dupla";"Reta";"Não";1;0;1;0;0;0;1;1;-15,902443;-48,128358;"SPRF-DF";"DEL03-DF";"UOP01-DEL03-DF"
776920;2026-06-07;"domingo";"10:45:00";"SP";116;223;"GUARULHOS";"Avarias e/ou desgaste excessivo no pneu";"Tombamento";"Com Vítimas Feridas";"Pleno dia";"Crescente";"Sol";"Múltipla";"Reta";"Sim";2;0;2;0;0;0;2;1;-23,47960623;-46,531648;"SPRF-SP";"DEL01/SP";"UOP01-DEL01-SP"
776922;2026-06-07;"domingo";"08:00:00";"RS";472;579;"URUGUAIANA";"Ingestão de álcool pelo condutor";"Saída de leito carroçável";"Sem Vítimas";"Pleno dia";"Decrescente";"Céu Claro";"Simples";"Reta";"Não";2;0;0;0;2;0;0;1;-29,78688962;-57,08153693;"SPRF-RS";"DEL13/RS";"UOP01-DEL13-RS"
776923;2026-06-07;"domingo";"08:00:00";"PA";316;77;"SAO FRANCISCO DO PARA";"Ausência de reação do condutor";"Queda de ocupante de veículo";"Com Vítimas Feridas";"Pleno dia";"Crescente";"Céu Claro";"Simples";"Curva";"Não";1;0;1;0;0;0;1;1;-1,303723;-47,801503;"SPRF-PA";"DEL01/PA";"UOP01-DEL01-PA"
776924;2026-06-07;"domingo";"07:00:00";"RJ";101;491;"ANGRA DOS REIS";"Ausência de reação do condutor";"Queda de ocupante de veículo";"Com Vítimas Feridas";"Amanhecer";"Crescente";"Céu Claro";"Simples";"Reta";"Sim";1;0;1;0;0;0;1;1;-22,94304498;-44,3235204;"SPRF-RJ";"DEL03/RJ";"UOP03-DEL03-RJ"
776926;2026-06-07;"domingo";"11:30:00";"PR";116;22;"ANTONINA";"Ausência de reação do condutor";"Tombamento";"Com Vítimas Feridas";"Pleno dia";"Crescente";"Céu Claro";"Dupla";"Curva;Declive";"Não";1;0;1;0;0;0;1;1;-25,111101;-48,751263;"SPRF-PR";"DEL01/PR";"UOP02-DEL01-PR"
776927;2026-06-07;"domingo";"10:30:00";"MA";135;243,6;"CAPINZAL DO NORTE";"Pista esburacada";"Queda de ocupante de veículo";"Com Vítimas Feridas";"Pleno dia";"Decrescente";"Sol";"Simples";"Reta";"Não";1;0;1;0;0;0;1;1;-4,58942949;-44,34768677;"SPRF-MA";"DEL03-MA";"UOP01-DEL03-MA"
776928;2026-06-07;"domingo";"11:40:00";"MG";381;501;"BETIM";"Reação tardia ou ineficiente do condutor";"Engavetamento";"Com Vítimas Feridas";"Pleno dia";"Decrescente";"Céu Claro";"Dupla";"Reta";"Sim";9;0;1;0;8;0;1;5;-20,01181175;-44,21973165;"SPRF-MG";"DEL01/MG";"UOP03-DEL01-MG"
776929;2026-06-07;"domingo";"10:55:00";"SP";381;86;"SAO PAULO";"Demais falhas na via";"Colisão com objeto";"Com Vítimas Feridas";"Pleno dia";"Crescente";"Céu Claro";"Múltipla";"Curva";"Não";2;0;1;0;1;0;1;1;-23,45969526;-46,57141473;"SPRF-SP";"DEL03/SP";"UOP01-DEL03-SP"
776930;2026-06-07;"domingo";"12:00:00";"SC";101;146;"ITAPEMA";"Condutor deixou de manter distância do veículo da frente";"Engavetamento";"Com Vítimas Feridas";"Pleno dia";"Decrescente";"Céu Claro";"Dupla";"Reta";"Sim";4;0;2;0;2;0;2;3;-27,08709767;-48,60995293;"SPRF-SC";"DEL04/SC";"UOP03-DEL04-SC"
776931;2026-06-07;"domingo";"10:00:00";"SC";282;130;"BOM RETIRO";"Condutor deixou de manter distância do veículo da frente";"Colisão traseira";"Com Vítimas Feridas";"Pleno dia";"Decrescente";"Céu Claro";"Simples";"Aclive;Reta";"Não";11;0;1;0;10;0;1;3;-27,80341768;-49,5055747;"SPRF-SC";"DEL05/SC";"UOP01-DEL05-SC"
776932;2026-06-07;"domingo";"10:00:00";"PR";476;99;"BOCAIUVA DO SUL";"Velocidade Incompatível";"Colisão frontal";"Com Vítimas Fatais";"Pleno dia";"Crescente";"Nublado";"Simples";"Curva;Declive";"Não";2;1;0;0;1;0;0;2;-25,2411;-49,1295;"SPRF-PR";"DEL01/PR";"UOP01-DEL01-PR"
776934;2026-05-12;"terça-feira";"16:48:00";"RJ";40;125;"RIO DE JANEIRO";"Ausência de reação do condutor";"Colisão traseira";"Com Vítimas Feridas";"Pleno dia";"Crescente";"Ignorado";"Múltipla";"Reta";"Sim";2;0;0;1;0;1;1;1;-22,81232619;-43,2881474;"SPRF-RJ";"DEL01/RJ";"UOP02-DEL01-RJ"
776935;2026-06-07;"domingo";"12:35:00";"MA";222;667;"ACAILANDIA";"Acessar a via sem observar a presença dos outros veículos";"Colisão transversal";"Com Vítimas Feridas";"Pleno dia";"Decrescente";"Céu Claro";"Simples";"Reta";"Sim";4;0;1;0;3;0;1;2;-4,92436287;-47,43706584;"SPRF-MA";"DEL04-MA";"UOP03-DEL04-MA"
776936;2026-06-07;"domingo";"11:15:00";"PA";10;11;"DOM ELISEU";"Velocidade Incompatível";"Saída de leito carroçável";"Com Vítimas Feridas";"Pleno dia";"Crescente";"Sol";"Simples";"Reta";"Não";2;0;1;1;0;0;2;1;-4,345468;-47,536573;"SPRF-PA";"DEL02/PA";"UOP02-DEL02-PA"
776938;2026-06-07;"domingo";"13:00:00";"BA";324;516;"FEIRA DE SANTANA";"Condutor desrespeitou a iluminação vermelha do semáforo";"Colisão transversal";"Com Vítimas Feridas";"Pleno dia";"Crescente";"Céu Claro";"Simples";"Reta;Interseção de Vias";"Sim";2;0;0;1;1;0;1;2;-12,25068884;-38,93326163;"SPRF-BA";"DEL02/BA";"UOP01-DEL02-BA"
776939;2026-06-07;"domingo";"06:30:00";"MG";116;640,4;"FERVEDOURO";"Condutor Dormindo";"Saída de leito carroçável";"Com Vítimas Feridas";"Pleno dia";"Decrescente";"Nublado";"Simples";"Curva";"Não";1;0;1;0;0;0;1;1;-20,6514;-42,2567;"SPRF-MG";"DEL07/MG";"UOP02-DEL07-MG"
776940;2026-06-07;"domingo";"12:30:00";"RJ";116;77;"TERESOPOLIS";"Condutor deixou de manter distância do veículo da frente";"Colisão traseira";"Com Vítimas Feridas";"Pleno dia";"Crescente";"Céu Claro";"Simples";"Reta";"Não";3;0;1;0;2;0;1;2;-22,35807154;-42,94155948;"SPRF-RJ";"DEL04/RJ";"UOP01-DEL04-RJ"
776943;2026-06-07;"domingo";"12:45:00";"RJ";116;176;"SAO JOAO DE MERITI";"Ausência de reação do condutor";"Engavetamento";"Com Vítimas Feridas";"Pleno dia";"Decrescente";"Céu Claro";"Dupla";"Reta";"Não";11;0;4;0;7;0;4;8;-22,78723925;-43,37691939;"SPRF-RJ";"DEL06/RJ";"UOP01-DEL06-RJ"
776947;2026-06-07;"domingo";"10:30:00";"SC";470;285;"BRUNOPOLIS";"Ultrapassagem Indevida";"Colisão frontal";"Com Vítimas Feridas";"Pleno dia";"Decrescente";"Céu Claro";"Simples";"Curva";"Não";4;0;1;1;2;0;2;2;-27,330167;-50,916508;"SPRF-SC";"DEL07/SC";"UOP06-DEL07-SC"
776949;2026-06-07;"domingo";"13:36:00";"SP";381;22;"BRAGANCA PAULISTA";"Ausência de reação do condutor";"Engavetamento";"Sem Vítimas";"Pleno dia";"Decrescente";"Céu Claro";"Múltipla";"Reta";"Não";5;0;0;0;5;0;0;4;-22,99612728;-46,51513951;"SPRF-SP";"DEL03/SP";"UOP02-DEL03-SP"
776950;2026-06-07;"domingo";"13:50:00";"SP";116;227;"GUARULHOS";"Ausência de reação do condutor";"Saída de leito carroçável";"Com Vítimas Feridas";"Pleno dia";"Decrescente";"Céu Claro";"Simples";"Curva";"Sim";1;0;1;0;0;0;1;1;-23,500628;-46,561127;"SPRF-SP";"DEL01/SP";"UOP01-DEL01-SP"
776952;2026-06-07;"domingo";"13:35:00";"CE";20;322,1;"CARIDADE";"Mal súbito do condutor";"Queda de ocupante de veículo";"Com Vítimas Feridas";"Pleno dia";"Decrescente";"Céu Claro";"Simples";"Reta";"Não";1;0;0;1;0;0;1;1;-4,258892;-39,212397;"SPRF-CE";"DEL02/CE";"UOP01-DEL02-CE"
776955;2026-06-07;"domingo";"12:45:00";"RJ";101;481;"ANGRA DOS REIS";"Reação tardia ou ineficiente do condutor";"Atropelamento de Pedestre";"Com Vítimas Feridas";"Pleno dia";"Crescente";"Céu Claro";"Simples";"Reta";"Sim";3;0;2;1;0;0;3;2;-23,00071722;-44,29834552;"SPRF-RJ";"DEL03/RJ";"UOP03-DEL03-RJ"
776956;2026-06-07;"domingo";"14:00:00";"PA";155;342;"MARABA";"Demais falhas mecânicas ou elétricas";"Tombamento";"Com Vítimas Feridas";"Pleno dia";"Decrescente";"Céu Claro";"Simples";"Declive;Reta";"Sim";2;0;1;0;1;0;1;1;-5,380383;-49,077233;"SPRF-PA";"DEL03/PA";"UOP01-DEL03-PA"
776957;2026-06-07;"domingo";"13:40:00";"SP";116;95;"PINDAMONHANGABA";"Ausência de reação do condutor";"Colisão lateral mesmo sentido";"Com Vítimas Feridas";"Pleno dia";"Crescente";"Céu Claro";"Dupla";"Reta";"Sim";8;0;5;1;2;0;6;2;-22,97777944;-45,45573682;"SPRF-SP";"DEL08/SP";"UOP01-DEL08-SP"
776958;2026-06-07;"domingo";"13:20:00";"SC";470;58;"BLUMENAU";"Condutor Dormindo";"Colisão frontal";"Com Vítimas Feridas";"Pleno dia";"Crescente";"Céu Claro";"Simples";"Em Obras;Reta";"Não";3;0;0;2;1;0;2;2;-26,88404268;-49,1462752;"SPRF-SC";"DEL04/SC";"UOP01-DEL04-SC"
776959;2026-06-07;"domingo";"13:00:00";"RJ";101;428;"MANGARATIBA";"Acessar a via sem observar a presença dos outros veículos";"Colisão transversal";"Com Vítimas Feridas";"Pleno dia";"Decrescente";"Céu Claro";"Dupla";"Retorno Regulamentado";"Não";3;0;1;0;2;0;1;2;-22,91704369;-43,93064324;"SPRF-RJ";"DEL03/RJ";"UOP02-DEL03-RJ"
776961;2026-06-07;"domingo";"13:08:00";"MA";135;69,6;"SANTA RITA";"Ausência de reação do condutor";"Colisão traseira";"Com Vítimas Feridas";"Pleno dia";"Decrescente";"Céu Claro";"Dupla";"Reta";"Sim";5;0;0;1;4;0;1;2;-3,139072;-44,325085;"SPRF-MA";"DEL01-MA";"UOP02-DEL01-MA"
776962;2026-06-07;"domingo";"14:35:00";"SP";116;122,6;"CACAPAVA";"Condutor deixou de manter distância do veículo da frente";"Colisão traseira";"Com Vítimas Feridas";"Pleno dia";"Decrescente";"Sol";"Dupla";"Reta";"Não";6;0;2;0;4;0;2;2;-23,0837;-45,66417;"SPRF-SP";"DEL02/SP";"UOP02-DEL02-SP"
776963;2026-06-07;"domingo";"14:25:00";"GO";20;12;"FORMOSA";"Reação tardia ou ineficiente do condutor";"Colisão traseira";"Sem Vítimas";"Pleno dia";"Decrescente";"Céu Claro";"Simples";"Reta";"Não";4;0;0;0;4;0;0;2;-15,56693797;-47,24609674;"SPRF-DF";"DEL02-DF";"UOP02-DEL02-DF"
776964;2026-06-07;"domingo";"11:00:00";"SC";470;280,9;"BRUNOPOLIS";"Ausência de reação do condutor";"Colisão com objeto";"Com Vítimas Feridas";"Pleno dia";"Crescente";"Céu Claro";"Simples";"Curva";"Não";2;0;1;0;1;0;1;1;-27,3355396;-50,87563785;"SPRF-SC";"DEL07/SC";"UOP06-DEL07-SC"
776965;2026-06-07;"domingo";"14:40:00";"PR";369;187,9;"ARAPONGAS";"Acessar a via sem observar a presença dos outros veículos";"Colisão transversal";"Com Vítimas Feridas";"Pleno dia";"Decrescente";"Céu Claro";"Simples";"Reta";"Sim";2;0;0;1;1;0;1;2;-23,4308926;-51,42258167;"SPRF-PR";"DEL07/PR";"UOP03-DEL07-PR"
776966;2026-06-07;"domingo";"14:48:00";"ES";101;351,7;"ANCHIETA";"Condutor Dormindo";"Colisão com objeto";"Com Vítimas Feridas";"Anoitecer";"Crescente";"Céu Claro";"Dupla";"Curva";"Não";2;0;2;0;0;0;2;1;-20,667523;-40,662871;"SPRF-ES";"DEL03-ES";"UOP01-DEL03-ES"
776969;2026-06-07;"domingo";"15:12:00";"RN";405;179,8;"JOSE DA PENHA";"Ausência de reação do condutor";"Atropelamento de Pedestre";"Com Vítimas Fatais";"Pleno dia";"Decrescente";"Céu Claro";"Simples";"Reta";"Não";2;1;0;0;0;1;0;2;-6,345343;-38,294641;"SPRF-RN";"DEL04-RN";"UOP02-DEL04-RN"
776970;2026-06-07;"domingo";"14:55:00";"BA";101;171;"FEIRA DE SANTANA";"Ausência de reação do condutor";"Colisão transversal";"Com Vítimas Feridas";"Pleno dia";"Crescente";"Céu Claro";"Simples";"Declive;Reta";"Sim";2;0;1;0;1;0;1;2;-12,357009;-38,861328;"SPRF-BA";"DEL11/BA";"UOP02-DEL11-BA"
776971;2026-06-07;"domingo";"15:30:00";"SP";381;72,5;"SAO PAULO";"Reação tardia ou ineficiente do condutor";"Tombamento";"Com Vítimas Feridas";"Pleno dia";"Crescente";"Céu Claro";"Dupla";"Curva";"Não";2;0;2;0;0;0;2;1;-23,367543;-46,552551;"SPRF-SP";"DEL03/SP";"UOP01-DEL03-SP"
776973;2026-06-07;"domingo";"14:45:00";"SC";280;57;"GUARAMIRIM";"Acessar a via sem observar a presença dos outros veículos";"Colisão transversal";"Com Vítimas Feridas";"Pleno dia";"Decrescente";"Céu Claro";"Dupla";"Em Obras";"Não";2;0;1;0;1;0;1;2;-26,47609;-49,016513;"SPRF-SC";"DEL03/SC";"UOP03-DEL03-SC"
776975;2026-06-06;"sábado";"09:25:00";"MS";262;773,7;"CORUMBA";"Acessar a via sem observar a presença dos outros veículos";"Colisão transversal";"Com Vítimas Feridas";"Pleno dia";"Decrescente";"Céu Claro";"Simples";"Interseção de Vias";"Não";2;0;2;0;0;0;2;2;-19,03108958;-57,65224664;"SPRF-MS";"DEL03/MS";"UOP03-DEL03-MS"
776976;2026-06-07;"domingo";"15:30:00";"PB";101;86,5;"JOAO PESSOA";"Ausência de reação do condutor";"Colisão traseira";"Com Vítimas Feridas";"Pleno dia";"Crescente";"Nublado";"Dupla";"Reta";"Sim";2;0;1;0;1;0;1;2;-7,15513045;-34,907715;"SPRF-PB";"DEL01-PB";"UOP01-DEL01-PB"
776977;2026-06-07;"domingo";"13:50:00";"BA";242;893;"BARREIRAS";"Transitar na contramão";"Colisão frontal";"Com Vítimas Fatais";"Pleno dia";"Crescente";"Céu Claro";"Simples";"Reta";"Não";4;2;1;1;0;0;2;2;-12,073397;-45,659127;"SPRF-BA";"DEL10/BA";"UOP01-DEL10-BA"
776978;2026-06-07;"domingo";"15:50:00";"PE";101;77,9;"RECIFE";"Ausência de reação do condutor";"Tombamento";"Com Vítimas Feridas";"Pleno dia";"Crescente";"Céu Claro";"Dupla";"Reta";"Sim";2;0;1;0;0;1;1;2;-8,13438;-34,94747;"SPRF-PE";"DEL01/PE";"UOP01-DEL01-PE"
776979;2026-06-07;"domingo";"15:30:00";"RS";386;251;"SOLEDADE";"Demais falhas na via";"Eventos atípicos";"Com Vítimas Feridas";"Pleno dia";"Decrescente";"Nublado";"Simples";"Reta;Em Obras;Aclive";"Não";4;0;1;2;1;0;3;1;-28,84385;-52,449563;"SPRF-RS";"DEL04/RS";"UOP03-DEL04-RS"
776981;2026-06-07;"domingo";"14:50:00";"RJ";101;309;"SAO GONCALO";"Ausência de reação do condutor";"Colisão traseira";"Com Vítimas Feridas";"Pleno dia";"Crescente";"Céu Claro";"Dupla";"Reta";"Sim";2;0;1;0;1;0;1;2;-22,79534189;-43,03696047;"SPRF-RJ";"DEL02/RJ";"UOP02-DEL02-RJ"
776982;2026-06-07;"domingo";"09:50:00";"SC";280;26;"ARAQUARI";"Condutor deixou de manter distância do veículo da frente";"Colisão traseira";"Com Vítimas Feridas";"Pleno dia";"Crescente";"Céu Claro";"Simples";"Reta;Interseção de Vias";"Sim";2;0;0;1;1;0;1;2;-26,38914893;-48,73335298;"SPRF-SC";"DEL03/SC";"UOP03-DEL03-SC"
776983;2026-06-07;"domingo";"16:35:00";"PR";116;126;"FAZENDA RIO GRANDE";"Manobra de mudança de faixa";"Colisão lateral mesmo sentido";"Com Vítimas Feridas";"Pleno dia";"Decrescente";"Céu Claro";"Dupla";"Reta";"Não";2;0;1;0;1;0;1;2;-25,644019;-49,312703;"SPRF-PR";"DEL01/PR";"UOP03-DEL01-PR"
776984;2026-06-07;"domingo";"15:50:00";"MG";40;632,5;"CONSELHEIRO LAFAIETE";"Área urbana sem a presença de local apropriado para a travessia de pedestres";"Atropelamento de Pedestre";"Com Vítimas Feridas";"Pleno dia";"Crescente";"Sol";"Simples";"Reta";"Sim";2;0;1;0;1;0;1;2;-20,67283166;-43,7976183;"SPRF-MG";"DEL05/MG";"UOP02-DEL05-MG"
776985;2026-06-07;"domingo";"15:30:00";"MG";40;512,8;"RIBEIRAO DAS NEVES";"Ingestão de álcool pelo condutor";"Engavetamento";"Sem Vítimas";"Pleno dia";"Crescente";"Céu Claro";"Dupla";"Reta";"Sim";4;0;0;0;4;0;0;3;-19,795868;-44,109505;"SPRF-MG";"DEL01/MG";"UOP02-DEL01-MG"
776986;2026-06-07;"domingo";"15:00:00";"PR";277;68;"SAO JOSE DOS PINHAIS";"Reação tardia ou ineficiente do condutor";"Colisão transversal";"Com Vítimas Feridas";"Pleno dia";"Crescente";"Céu Claro";"Dupla";"Reta";"Sim";3;0;1;0;2;0;1;2;-25,52213933;-49,1040802;"SPRF-PR";"DEL01/PR";"UOP01-DEL01-PR"
776988;2026-06-07;"domingo";"16:19:00";"PE";232;134;"CARUARU";"Manobra de mudança de faixa";"Colisão lateral mesmo sentido";"Com Vítimas Feridas";"Pleno dia";"Decrescente";"Garoa/Chuvisco";"Dupla";"Declive";"Sim";4;0;0;1;3;0;1;2;-8,30803565;-36,02140188;"SPRF-PE";"DEL02/PE";"UOP03-DEL02-PE"
776989;2026-06-07;"domingo";"15:40:00";"MA";135;47;"BACABEIRA";"Acumulo de óleo sobre o pavimento";"Queda de ocupante de veículo";"Com Vítimas Feridas";"Pleno dia";"Decrescente";"Chuva";"Dupla";"Reta;Declive";"Não";2;0;2;0;0;0;2;1;-2,941158;-44,3297;"SPRF-MA";"DEL01-MA";"UOP01-DEL01-MA"
776990;2026-06-07;"domingo";"16:40:00";"PR";277;5;"FOZ DO IGUACU";"Acesso irregular";"Colisão transversal";"Com Vítimas Feridas";"Pleno dia";"Crescente";"Céu Claro";"Simples";"Reta";"Sim";3;0;2;0;1;0;2;2;-25,53699922;-54,52831618;"SPRF-PR";"DEL05/PR";"UOP04-DEL05-PR"
776992;2026-06-07;"domingo";"15:15:00";"SC";101;457,5;"SAO JOAO DO SUL";"Condutor deixou de manter distância do veículo da frente";"Colisão traseira";"Sem Vítimas";"Pleno dia";"Crescente";"Nublado";"Dupla";"Reta";"Não";3;0;0;0;3;0;0;2;-29,24362345;-49,75456878;"SPRF-SC";"DEL02/SC";"UOP02-DEL02-SC"
776993;2026-06-07;"domingo";"16:00:00";"MG";262;670;"ARAXA";"Demais falhas na via";"Tombamento";"Com Vítimas Feridas";"Pleno dia";"Crescente";"Céu Claro";"Simples";"Rotatória;Curva;Retorno Regulamentado";"Não";1;0;0;1;0;0;1;1;-19,553578;-46,8904639;"SPRF-MG";"DEL08/MG";"UOP01-DEL08-MG"
776994;2026-06-07;"domingo";"15:00:00";"MT";174;5;"PONTES E LACERDA";"Manobra de mudança de faixa";"Colisão lateral mesmo sentido";"Com Vítimas Feridas";"Pleno dia";"Crescente";"Sol";"Simples";"Reta";"Não";2;0;1;0;1;0;1;2;-15,2337021;-59,3446603;"SPRF-MT";"DEL04/MT";"UOP01-DEL04-MT"
776995;2026-06-07;"domingo";"16:30:00";"SC";101;174,4;"GOVERNADOR CELSO RAMOS";"Reação tardia ou ineficiente do condutor";"Colisão transversal";"Com Vítimas Feridas";"Pleno dia";"Decrescente";"Nublado";"Múltipla";"Retorno Regulamentado";"Não";2;0;0;1;1;0;1;2;-27,3352;-48,627;"SPRF-SC";"DEL01/SC";"UOP01-DEL01-SC"
776996;2026-06-07;"domingo";"16:03:00";"MG";40;511,2;"RIBEIRAO DAS NEVES";"Reação tardia ou ineficiente do condutor";"Colisão traseira";"Com Vítimas Feridas";"Pleno dia";"Crescente";"Céu Claro";"Dupla";"Reta";"Sim";5;0;1;0;4;0;1;2;-19,7809902;-44,1139743;"SPRF-MG";"DEL01/MG";"UOP02-DEL01-MG"
776997;2026-06-07;"domingo";"17:00:00";"RJ";40;73;"PETROPOLIS";"Demais falhas mecânicas ou elétricas";"Colisão com objeto";"Com Vítimas Feridas";"Pleno dia";"Decrescente";"Céu Claro";"Simples";"Curva;Declive";"Não";4;0;4;0;0;0;4;1;-22,46180204;-43,22090149;"SPRF-RJ";"DEL01/RJ";"UOP01-DEL01-RJ"
776998;2026-06-07;"domingo";"16:00:00";"ES";101;393;"RIO NOVO DO SUL";"Reação tardia ou ineficiente do condutor";"Colisão traseira";"Com Vítimas Feridas";"Pleno dia";"Decrescente";"Céu Claro";"Simples";"Reta";"Não";5;0;2;0;3;0;2;2;-20,86534839;-40,91988802;"SPRF-ES";"DEL03-ES";"UOP02-DEL03-ES"
776999;2026-06-07;"domingo";"17:00:00";"ES";262;148,2;"IBATIBA";"Reação tardia ou ineficiente do condutor";"Queda de ocupante de veículo";"Com Vítimas Feridas";"Anoitecer";"Crescente";"Céu Claro";"Simples";"Curva;Declive";"Não";1;0;1;0;0;0;1;1;-20,21508;-41,42764;"SPRF-ES";"DEL01-ES";"UOP02-DEL01-ES"
777000;2026-06-07;"domingo";"16:35:00";"PR";277;8;"FOZ DO IGUACU";"Acesso irregular";"Colisão transversal";"Com Vítimas Feridas";"Pleno dia";"Decrescente";"Céu Claro";"Simples";"Reta";"Não";2;0;1;0;1;0;1;2;-25,5048;-54,5218317;"SPRF-PR";"DEL05/PR";"UOP04-DEL05-PR"
777002;2026-06-07;"domingo";"16:36:00";"SP";116;275;"EMBU DAS ARTES";"Reação tardia ou ineficiente do condutor";"Colisão traseira";"Com Vítimas Feridas";"Anoitecer";"Decrescente";"Nublado";"Dupla";"Reta";"Sim";5;0;1;0;4;0;1;2;-23,62021;-46,81128;"SPRF-SP";"DEL04/SP";"UOP01-DEL04-SP"
777003;2026-06-07;"domingo";"17:30:00";"MG";40;560,8;"NOVA LIMA";"Manobra de mudança de faixa";"Colisão lateral mesmo sentido";"Com Vítimas Feridas";"Anoitecer";"Decrescente";"Céu Claro";"Dupla";"Reta";"Não";2;0;0;1;1;0;1;2;-20,129566;-43,964332;"SPRF-MG";"DEL01/MG";"UOP02-DEL01-MG"
777004;2026-06-07;"domingo";"17:25:00";"PE";101;60;"RECIFE";"Reação tardia ou ineficiente do condutor";"Colisão traseira";"Com Vítimas Feridas";"Anoitecer";"Decrescente";"Nublado";"Dupla";"Reta";"Sim";3;0;1;0;2;0;1;2;-7,987389;-34,932902;"SPRF-PE";"DEL01/PE";"UOP02-DEL01-PE"
777006;2026-06-07;"domingo";"18:05:00";"RJ";101;71;"CAMPOS DOS GOYTACAZES";"Entrada inopinada do pedestre";"Atropelamento de Pedestre";"Com Vítimas Fatais";"Anoitecer";"Decrescente";"Céu Claro";"Simples";"Reta";"Sim";3;1;0;0;1;1;0;2;-21,79156;-41,388465;"SPRF-RJ";"DEL08/RJ";"UOP02-DEL08-RJ"
777007;2026-06-07;"domingo";"17:00:00";"MA";135;75;"SANTA RITA";"Ausência de reação do condutor";"Colisão traseira";"Com Vítimas Feridas";"Pleno dia";"Decrescente";"Céu Claro";"Simples";"Reta";"Sim";2;0;1;0;1;0;1;2;-3,188927;-44,350925;"SPRF-MA";"DEL01-MA";"UOP02-DEL01-MA"
777008;2026-06-07;"domingo";"16:45:00";"MS";163;636,9;"SAO GABRIEL DO OESTE";"Reação tardia ou ineficiente do condutor";"Saída de leito carroçável";"Com Vítimas Feridas";"Pleno dia";"Crescente";"Sol";"Simples";"Reta;Desvio Temporário;Em Obras";"Não";5;0;4;1;0;0;5;1;-19,232048;-54,685871;"SPRF-MS";"DEL06/MS";"UOP02-DEL06-MS"