"id";"data_inversa";"dia_semana";"horario";"uf";"br";"km";"municipio";"causa_acidente";"tipo_acidente";"classificacao_acidente";"fase_dia";"sentido_via";"condicao_metereologica";"tipo_pista";"tracado_via";"uso_solo";"pessoas";"mortos";"feridos_leves";"feridos_graves";"ilesos";"ignorados";"feridos";"veiculos";"latitude";"longitude";"regional";"delegacia";"uop"
777010;2026-06-07;"domingo";"16:30:00";"SC";282;577,3;"PINHALZINHO";"Velocidade Incompatível";"Atropelamento de Pedestre";"Com Vítimas Feridas";"Pleno dia";"Decrescente";"Céu Claro";"Simples";"Curva";"Sim";4;0;2;1;0;1;3;2;-26,859432;-52,979334;"SPRF-SC";"DEL07/SC";"UOP02-DEL07-SC"
777011;2026-06-07;"domingo";"17:00:00";"PA";316;157;"CAPANEMA";"Acessar a via sem observar a presença dos outros veículos";"Colisão traseira";"Com Vítimas Feridas";"Pleno dia";"Decrescente";"Céu Claro";"Simples";"Reta";"Não";3;0;0;1;2;0;1;2;-1,251112;-47,143113;"SPRF-PA";"DEL01/PA";"UOP03-DEL01-PA"
777012;2026-06-07;"domingo";"17:40:00";"PR";376;168,9;"MARINGA";"Condutor deixou de manter distância do veículo da frente";"Engavetamento";"Sem Vítimas";"Pleno dia";"Decrescente";"Céu Claro";"Dupla";"Reta;Aclive";"Sim";14;0;0;0;14;0;0;4;-23,39978146;-52,00093031;"SPRF-PR";"DEL09/PR";"UOP01-DEL09-PR"
777013;2026-06-07;"domingo";"18:00:00";"SE";101;155,5;"ESTANCIA";"Transitar na contramão";"Colisão frontal";"Com Vítimas Feridas";"Plena Noite";"Decrescente";"Céu Claro";"Simples";"Reta";"Não";2;0;1;0;1;0;1;2;-11,28684518;-37,46532337;"SPRF-SE";"DEL02-SE";"UOP01-DEL02-SE"
777014;2026-06-07;"domingo";"15:20:00";"RJ";495;4;"TERESOPOLIS";"Ultrapassagem Indevida";"Colisão lateral mesmo sentido";"Com Vítimas Feridas";"Pleno dia";"Crescente";"Céu Claro";"Simples";"Reta";"Não";3;0;1;0;1;1;1;3;-22,396652;-42,984368;"SPRF-RJ";"DEL04/RJ";"UOP01-DEL04-RJ"
777015;2026-06-07;"domingo";"18:00:00";"SC";101;205,9;"SAO JOSE";"Trafegar com motocicleta (ou similar) entre as faixas";"Colisão traseira";"Com Vítimas Feridas";"Plena Noite";"Decrescente";"Céu Claro";"Múltipla";"Reta";"Sim";2;0;1;0;1;0;1;2;-27,593226;-48,618618;"SPRF-SC";"DEL01/SC";"UOP01-DEL01-SC"
777017;2026-06-07;"domingo";"18:15:00";"MG";40;518;"RIBEIRAO DAS NEVES";"Trafegar com motocicleta (ou similar) entre as faixas";"Colisão lateral mesmo sentido";"Com Vítimas Feridas";"Plena Noite";"Decrescente";"Céu Claro";"Dupla";"Reta";"Não";2;0;0;1;1;0;1;2;-19,832698;-44,08152;"SPRF-MG";"DEL01/MG";"UOP02-DEL01-MG"
777018;2026-06-07;"domingo";"17:25:00";"BA";101;715;"EUNAPOLIS";"Ingestão de álcool pelo condutor";"Queda de ocupante de veículo";"Com Vítimas Feridas";"Anoitecer";"Decrescente";"Céu Claro";"Simples";"Aclive";"Sim";1;0;1;0;0;0;1;1;-16,35994647;-39,57988707;"SPRF-BA";"DEL09/BA";"UOP01-DEL09-BA"
777019;2026-06-07;"domingo";"18:20:00";"MG";40;272;"SAO GONCALO DO ABAETE";"Animais na Pista";"Atropelamento de Animal";"Com Vítimas Feridas";"Plena Noite";"Crescente";"Céu Claro";"Simples";"Declive";"Sim";1;0;1;0;0;0;1;1;-18,187003;-45,255971;"SPRF-MG";"DEL14/MG";"UOP02-DEL14-MG"
777020;2026-06-07;"domingo";"18:20:00";"MG";381;492;"BETIM";"Reação tardia ou ineficiente do condutor";"Colisão com objeto";"Com Vítimas Feridas";"Plena Noite";"Decrescente";"Céu Claro";"Múltipla";"Reta";"Sim";1;0;1;0;0;0;1;1;-19,964854;-44,173058;"SPRF-MG";"DEL01/MG";"UOP03-DEL01-MG"
777021;2026-06-07;"domingo";"18:35:00";"RS";293;82,5;"PIRATINI";"Ausência de reação do condutor";"Colisão traseira";"Com Vítimas Feridas";"Plena Noite";"Decrescente";"Céu Claro";"Simples";"Reta";"Não";2;0;0;1;1;0;1;2;-31,63902353;-53,17707131;"SPRF-RS";"DEL07/RS";"UOP01-DEL07-RS"
777022;2026-06-07;"domingo";"15:30:00";"SC";101;335,5;"TUBARAO";"Reação tardia ou ineficiente do condutor";"Colisão traseira";"Com Vítimas Feridas";"Pleno dia";"Crescente";"Nublado";"Múltipla";"Reta";"Sim";2;0;1;0;0;1;1;2;-28,47673089;-49,03045742;"SPRF-SC";"DEL02/SC";"UOP01-DEL02-SC"
777023;2026-06-07;"domingo";"12:30:00";"PR";277;67;"SAO JOSE DOS PINHAIS";"Transitar no Acostamento";"Colisão traseira";"Com Vítimas Feridas";"Pleno dia";"Crescente";"Céu Claro";"Dupla";"Reta";"Não";2;0;1;0;0;1;1;2;-25,54106942;-49,06559048;"SPRF-PR";"DEL01/PR";"UOP01-DEL01-PR"
777024;2026-06-07;"domingo";"18:00:00";"PR";116;125;"FAZENDA RIO GRANDE";"Reação tardia ou ineficiente do condutor";"Colisão traseira";"Com Vítimas Feridas";"Plena Noite";"Crescente";"Nublado";"Dupla";"Reta";"Sim";4;0;1;0;1;2;1;2;-25,63578;-49,313343;"SPRF-PR";"DEL01/PR";"UOP03-DEL01-PR"
777025;2026-06-07;"domingo";"18:45:00";"SC";282;25;"SANTO AMARO DA IMPERATRIZ";"Ingestão de álcool pelo condutor";"Colisão traseira";"Sem Vítimas";"Plena Noite";"Decrescente";"Garoa/Chuvisco";"Simples";"Reta";"Sim";3;0;0;0;3;0;0;2;-27,67860143;-48,76476852;"SPRF-SC";"DEL01/SC";"UOP03-DEL01-SC"
777028;2026-06-07;"domingo";"17:40:00";"MG";381;242;"SANTANA DO PARAISO";"Condutor deixou de manter distância do veículo da frente";"Colisão traseira";"Com Vítimas Feridas";"Anoitecer";"Crescente";"Céu Claro";"Simples";"Aclive";"Não";3;0;1;0;1;1;1;3;-19,44527687;-42,51392202;"SPRF-MG";"DEL06/MG";"UOP01-DEL06-MG"
777029;2026-06-05;"sexta-feira";"22:00:00";"CE";230;85,8;"VARZEA ALEGRE";"Ausência de reação do condutor";"Saída de leito carroçável";"Com Vítimas Fatais";"Pleno dia";"Decrescente";"Céu Claro";"Simples";"Reta";"Sim";1;1;0;0;0;0;0;1;-6,79176851;-39,32445494;"SPRF-CE";"DEL05/CE";"UOP01-DEL05-CE"
777030;2026-06-07;"domingo";"18:00:00";"MG";381;438,1;"SANTA LUZIA";"Velocidade Incompatível";"Tombamento";"Com Vítimas Feridas";"Plena Noite";"Crescente";"Céu Claro";"Simples";"Curva;Declive";"Não";2;0;2;0;0;0;2;1;-19,815711;-43,801806;"SPRF-MG";"DEL01/MG";"UOP01-DEL01-MG"
777031;2026-06-07;"domingo";"19:01:00";"ES";101;348,9;"GUARAPARI";"Ingestão de álcool pelo condutor";"Colisão com objeto";"Sem Vítimas";"Plena Noite";"Decrescente";"Céu Claro";"Dupla";"Reta";"Não";6;0;0;0;0;6;0;1;-20,65336;-40,6281583;"SPRF-ES";"DEL03-ES";"UOP01-DEL03-ES"
777032;2026-06-07;"domingo";"18:50:00";"ES";101;111,7;"LINHARES";"Condutor deixou de manter distância do veículo da frente";"Engavetamento";"Com Vítimas Feridas";"Plena Noite";"Crescente";"Céu Claro";"Simples";"Reta";"Não";4;0;1;0;2;1;1;3;-19,07718928;-40,04232031;"SPRF-ES";"DEL04-ES";"UOP01-DEL04-ES"
777033;2026-06-07;"domingo";"18:00:00";"SC";101;113;"ITAJAI";"Manobra de mudança de faixa";"Colisão lateral mesmo sentido";"Com Vítimas Feridas";"Plena Noite";"Decrescente";"Nublado";"Dupla";"Reta";"Não";2;0;1;0;1;0;1;2;-26,86111231;-48,72823684;"SPRF-SC";"DEL04/SC";"UOP04-DEL04-SC"
777034;2026-06-07;"domingo";"19:00:00";"MG";262;182;"SAO DOMINGOS DO PRATA";"Demais falhas mecânicas ou elétricas";"Incêndio";"Sem Vítimas";"Plena Noite";"Crescente";"Céu Claro";"Simples";"Curva";"Não";1;0;0;0;0;1;0;1;-19,912736;-43,018711;"SPRF-MG";"DEL03/MG";"UOP01-DEL03-MG"
777036;2026-06-07;"domingo";"17:40:00";"CE";20;382,8;"CAUCAIA";"Reação tardia ou ineficiente do condutor";"Saída de leito carroçável";"Sem Vítimas";"Anoitecer";"Crescente";"Céu Claro";"Simples";"Reta";"Não";2;0;0;0;2;0;0;1;-3,894;-38,835258;"SPRF-CE";"DEL01/CE";"UOP01-DEL01-CE"
777037;2026-06-07;"domingo";"19:00:00";"SE";101;197;"CRISTINAPOLIS";"Ingestão de álcool pelo condutor";"Colisão transversal";"Com Vítimas Feridas";"Plena Noite";"Crescente";"Céu Claro";"Simples";"Reta";"Sim";2;0;1;0;0;1;1;2;-11,45724216;-37,73522193;"SPRF-SE";"DEL02-SE";"UOP03-DEL02-SE"
777038;2026-06-07;"domingo";"17:40:00";"MG";116;752,1;"LEOPOLDINA";"Acessar a via sem observar a presença dos outros veículos";"Colisão transversal";"Com Vítimas Feridas";"Anoitecer";"Decrescente";"Céu Claro";"Simples";"Interseção de Vias";"Não";4;0;2;1;1;0;3;2;-21,44195886;-42,53679369;"SPRF-MG";"DEL07/MG";"UOP01-DEL07-MG"
777039;2026-06-07;"domingo";"18:30:00";"BA";101;884;"TEIXEIRA DE FREITAS";"Reação tardia ou ineficiente do condutor";"Colisão traseira";"Sem Vítimas";"Plena Noite";"Decrescente";"Céu Claro";"Simples";"Reta;Aclive";"Não";2;0;0;0;2;0;0;2;-17,59189;-39,74601;"SPRF-BA";"DEL09/BA";"UOP02-DEL09-BA"
777040;2026-06-07;"domingo";"19:00:00";"RJ";116;337,1;"RESENDE";"Ingestão de álcool pelo condutor";"Colisão traseira";"Com Vítimas Feridas";"Plena Noite";"Crescente";"Nublado";"Dupla";"Reta";"Sim";4;0;1;1;2;0;2;2;-22,505938;-44,678401;"SPRF-RJ";"DEL07/RJ";"UOP02-DEL07-RJ"
777042;2026-06-07;"domingo";"19:10:00";"PB";230;18,3;"JOAO PESSOA";"Manobra de mudança de faixa";"Colisão lateral mesmo sentido";"Com Vítimas Feridas";"Plena Noite";"Decrescente";"Nublado";"Dupla";"Reta;Aclive";"Sim";4;0;1;1;1;1;2;3;-7,12572507;-34,84519315;"SPRF-PB";"DEL01-PB";"UOP01-DEL01-PB"
777043;2026-06-07;"domingo";"19:40:00";"PE";232;130,3;"CARUARU";"Ausência de reação do condutor";"Colisão traseira";"Sem Vítimas";"Anoitecer";"Decrescente";"Céu Claro";"Dupla";"Reta";"Sim";6;0;0;0;6;0;0;2;-8,30149;-35,99907;"SPRF-PE";"DEL02/PE";"UOP03-DEL02-PE"
777044;2026-06-07;"domingo";"18:28:00";"RJ";101;528;"ANGRA DOS REIS";"Transitar na contramão";"Colisão lateral sentido oposto";"Com Vítimas Feridas";"Plena Noite";"Decrescente";"Céu Claro";"Simples";"Reta";"Não";3;0;2;0;1;0;2;2;-23,00308487;-44,48001331;"SPRF-RJ";"DEL03/RJ";"UOP03-DEL03-RJ"
777045;2026-06-07;"domingo";"20:00:00";"ES";101;293;"CARIACICA";"Reação tardia ou ineficiente do condutor";"Queda de ocupante de veículo";"Com Vítimas Feridas";"Plena Noite";"Crescente";"Céu Claro";"Dupla";"Reta";"Não";1;0;0;1;0;0;1;1;-20,3203523;-40,3964875;"SPRF-ES";"DEL01-ES";"UOP01-DEL01-ES"
777046;2026-06-07;"domingo";"19:40:00";"SP";381;88;"GUARULHOS";"Ausência de reação do condutor";"Colisão com objeto";"Sem Vítimas";"Plena Noite";"Crescente";"Céu Claro";"Dupla";"Reta";"Sim";1;0;0;0;1;0;0;1;-23,4869529;-46,559452;"SPRF-SP";"DEL03/SP";"UOP01-DEL03-SP"
777047;2026-06-07;"domingo";"19:20:00";"PI";343;341;"TERESINA";"Entrada inopinada do pedestre";"Atropelamento de Pedestre";"Com Vítimas Feridas";"Plena Noite";"Decrescente";"Céu Claro";"Múltipla";"Viaduto";"Sim";3;0;1;0;1;1;1;2;-5,07828538;-42,7486131;"SPRF-PI";"DEL01-PI";"UOP01-DEL01-PI"
777048;2026-06-07;"domingo";"18:11:00";"PI";343;326,4;"TERESINA";"Condutor deixou de manter distância do veículo da frente";"Colisão traseira";"Com Vítimas Feridas";"Anoitecer";"Crescente";"Céu Claro";"Simples";"Em Obras;Reta";"Não";3;0;0;2;1;0;2;3;-5,062278;-42,603164;"SPRF-PI";"DEL01-PI";"UOP01-DEL01-PI"
777049;2026-06-07;"domingo";"20:00:00";"ES";101;119,1;"SOORETAMA";"Ingestão de álcool pelo condutor";"Tombamento";"Com Vítimas Feridas";"Plena Noite";"Crescente";"Céu Claro";"Simples";"Reta";"Não";2;0;1;1;0;0;2;1;-19,18051679;-40,09288788;"SPRF-ES";"DEL04-ES";"UOP01-DEL04-ES"
777050;2026-06-07;"domingo";"19:45:00";"PE";101;40,7;"IGARASSU";"Entrada inopinada do pedestre";"Atropelamento de Pedestre";"Sem Vítimas";"Plena Noite";"Crescente";"Nublado";"Dupla";"Reta";"Sim";5;0;0;0;4;1;0;2;-7,82666;-34,915317;"SPRF-PE";"DEL01/PE";"UOP02-DEL01-PE"
777051;2026-06-07;"domingo";"19:15:00";"RS";386;295,1;"POUSO NOVO";"Transitar na contramão";"Colisão frontal";"Com Vítimas Feridas";"Plena Noite";"Decrescente";"Nevoeiro/Neblina";"Simples";"Aclive;Curva";"Não";2;0;1;1;0;0;2;2;-29,13768216;-52,24483363;"SPRF-RS";"DEL04/RS";"UOP01-DEL04-RS"
777052;2026-06-07;"domingo";"17:50:00";"BA";110;345;"ALAGOINHAS";"Transitar na contramão";"Colisão frontal";"Com Vítimas Feridas";"Plena Noite";"Crescente";"Céu Claro";"Simples";"Curva";"Não";4;0;2;1;1;0;3;3;-12,19372;-38,41866;"SPRF-BA";"DEL01/BA";"UOP04-DEL01-BA"
777055;2026-06-07;"domingo";"20:00:00";"MG";40;792;"JUIZ DE FORA";"Acessar a via sem observar a presença dos outros veículos";"Colisão lateral mesmo sentido";"Com Vítimas Feridas";"Plena Noite";"Decrescente";"Céu Claro";"Dupla";"Retorno Regulamentado";"Não";3;0;1;0;2;0;1;2;-21,76929489;-43,43778746;"SPRF-MG";"DEL05/MG";"UOP01-DEL05-MG"
777057;2026-06-07;"domingo";"20:10:00";"SP";488;1,5;"APARECIDA";"Reação tardia ou ineficiente do condutor";"Colisão lateral mesmo sentido";"Com Vítimas Feridas";"Plena Noite";"Crescente";"Nublado";"Dupla";"Rotatória";"Sim";2;0;1;0;1;0;1;2;-22,8475947;-45,23517609;"SPRF-SP";"DEL08/SP";"UOP01-DEL08-SP"
777058;2026-06-07;"domingo";"19:00:00";"RJ";101;248;"SILVA JARDIM";"Animais na Pista";"Atropelamento de Animal";"Com Vítimas Feridas";"Plena Noite";"Crescente";"Céu Claro";"Dupla";"Reta";"Sim";4;0;1;0;3;0;1;1;-22,6646665;-42,50480399;"SPRF-RJ";"DEL02/RJ";"UOP03-DEL02-RJ"
777059;2026-06-07;"domingo";"19:40:00";"SC";282;195;"LAGES";"Manobra de mudança de faixa";"Colisão lateral sentido oposto";"Com Vítimas Feridas";"Plena Noite";"Decrescente";"Céu Claro";"Simples";"Reta";"Não";6;0;5;1;0;0;6;2;-27,747878;-50,08775;"SPRF-SC";"DEL05/SC";"UOP01-DEL05-SC"
777060;2026-06-07;"domingo";"14:45:00";"AP";210;271;"PEDRA BRANCA DO AMAPARI";"Afundamento ou ondulação no pavimento";"Saída de leito carroçável";"Com Vítimas Feridas";"Pleno dia";"Crescente";"Nublado";"Simples";"Reta";"Não";1;0;1;0;0;0;1;1;1,086103;-52,56158;"SPRF-AP";"DEL01-AP";"UOP01-DEL01-AP"
777061;2026-06-07;"domingo";"20:15:00";"PB";230;35,5;"SANTA RITA";"Acumulo de óleo sobre o pavimento";"Queda de ocupante de veículo";"Com Vítimas Feridas";"Plena Noite";"Crescente";"Céu Claro";"Dupla";"Curva";"Sim";1;0;1;0;0;0;1;1;-7,123633;-34,945797;"SPRF-PB";"DEL01-PB";"UOP01-DEL01-PB"
777063;2026-06-07;"domingo";"18:10:00";"RJ";465;12;"SEROPEDICA";"Transitar no Acostamento";"Colisão traseira";"Com Vítimas Fatais";"Plena Noite";"Crescente";"Ignorado";"Simples";"Reta";"Não";3;1;1;0;0;1;1;3;-22,79035543;-43,65196165;"SPRF-RJ";"DEL06/RJ";"UOP02-DEL06-RJ"
777064;2026-06-07;"domingo";"21:00:00";"PR";369;38;"ANDIRA";"Pista Escorregadia";"Queda de ocupante de veículo";"Com Vítimas Feridas";"Plena Noite";"Crescente";"Céu Claro";"Simples";"Reta";"Não";1;0;0;1;0;0;1;1;-23,05302555;-50,24111688;"SPRF-PR";"DEL07/PR";"UOP05-DEL07-PR"
777065;2026-06-07;"domingo";"19:20:00";"PR";277;362,9;"GUARAPUAVA";"Ausência de reação do condutor";"Colisão traseira";"Com Vítimas Feridas";"Plena Noite";"Decrescente";"Céu Claro";"Simples";"Reta";"Não";4;0;1;0;3;0;1;2;-25,4253559;-51,5913126;"SPRF-PR";"DEL08/PR";"UOP01-DEL08-PR"
777066;2026-06-07;"domingo";"18:20:00";"GO";70;31,9;"COCALZINHO DE GOIAS";"Ultrapassagem Indevida";"Colisão lateral mesmo sentido";"Com Vítimas Fatais";"Anoitecer";"Crescente";"Nublado";"Simples";"Ponte;Reta";"Não";9;1;4;4;0;0;8;2;-15,78003111;-48,47190428;"SPRF-DF";"DEL03-DF";"UOP02-DEL03-DF"
777067;2026-06-07;"domingo";"21:00:00";"TO";153;146;"ARAGUAINA";"Reação tardia ou ineficiente do condutor";"Queda de ocupante de veículo";"Com Vítimas Feridas";"Plena Noite";"Crescente";"Céu Claro";"Dupla";"Reta";"Sim";1;0;0;1;0;0;1;1;-7,14739;-48,20275;"SPRF-TO";"DEL02-TO";"UOP01-DEL02-TO"
777068;2026-06-07;"domingo";"17:45:00";"SC";282;576,4;"PINHALZINHO";"Ausência de reação do condutor";"Colisão traseira";"Com Vítimas Feridas";"Anoitecer";"Crescente";"Céu Claro";"Simples";"Reta";"Sim";3;0;2;0;1;0;2;2;-26,86467899;-52,97093667;"SPRF-SC";"DEL07/SC";"UOP02-DEL07-SC"
777069;2026-06-07;"domingo";"16:50:00";"MG";262;468,1;"BOM DESPACHO";"Condutor usando celular";"Colisão traseira";"Sem Vítimas";"Anoitecer";"Decrescente";"Céu Claro";"Simples";"Aclive;Reta";"Não";2;0;0;0;2;0;0;2;-19,786081;-45,238068;"SPRF-MG";"DEL08/MG";"UOP03-DEL08-MG"
777070;2026-06-07;"domingo";"20:40:00";"RJ";116;247;"PIRAI";"Entrada inopinada do pedestre";"Atropelamento de Pedestre";"Sem Vítimas";"Plena Noite";"Decrescente";"Nublado";"Dupla";"Curva";"Não";3;0;0;0;3;0;0;2;-22,6058334;-43,935397;"SPRF-RJ";"DEL07/RJ";"UOP01-DEL07-RJ"
777071;2026-06-07;"domingo";"21:30:00";"SE";101;114,9;"ITAPORANGA DAJUDA";"Ausência de reação do condutor";"Queda de ocupante de veículo";"Sem Vítimas";"Plena Noite";"Decrescente";"Céu Claro";"Dupla";"Curva";"Não";1;0;0;0;0;1;0;1;-11,00603394;-37,30925391;"SPRF-SE";"DEL02-SE";"UOP01-DEL02-SE"
777072;2026-06-07;"domingo";"17:50:00";"MT";364;492;"JANGADA";"Retorno proibido";"Colisão transversal";"Com Vítimas Feridas";"Anoitecer";"Decrescente";"Céu Claro";"Simples";"Reta";"Sim";2;0;0;1;1;0;1;2;-15,249823;-56,469793;"SPRF-MT";"DEL01/MT";"UOP01-DEL01-MT"
777073;2026-06-07;"domingo";"18:00:00";"MG";262;404;"IGARATINGA";"Acesso irregular";"Colisão transversal";"Sem Vítimas";"Plena Noite";"Decrescente";"Céu Claro";"Múltipla";"Retorno Regulamentado";"Não";4;0;0;0;4;0;0;2;-19,899427;-44,69668;"SPRF-MG";"DEL01/MG";"UOP03-DEL01-MG"
777074;2026-06-07;"domingo";"20:30:00";"MG";364;15;"FRUTAL";"Demais falhas mecânicas ou elétricas";"Tombamento";"Com Vítimas Feridas";"Plena Noite";"Crescente";"Céu Claro";"Simples";"Reta";"Não";2;0;1;0;0;1;1;1;-20,0712343;-48,78748834;"SPRF-MG";"DEL13/MG";"UOP02-DEL13-MG"
777075;2026-06-07;"domingo";"22:10:00";"BA";116;390;"SANTA BARBARA";"Ausência de reação do condutor";"Colisão traseira";"Com Vítimas Fatais";"Plena Noite";"Crescente";"Céu Claro";"Dupla";"Reta";"Sim";4;1;1;1;1;0;2;3;-11,9476704;-38,9772489;"SPRF-BA";"DEL02/BA";"UOP01-DEL02-BA"
777076;2026-06-07;"domingo";"21:00:00";"DF";70;9,9;"BRASILIA";"Ausência de reação do condutor";"Saída de leito carroçável";"Com Vítimas Fatais";"Plena Noite";"Crescente";"Céu Claro";"Dupla";"Reta";"Sim";1;1;0;0;0;0;0;1;-15,788067;-48,143495;"SPRF-DF";"DEL03-DF";"UOP02-DEL03-DF"
777077;2026-06-07;"domingo";"20:50:00";"MA";316;364;"SANTA INES";"Condutor deixou de manter distância do veículo da frente";"Colisão traseira";"Com Vítimas Feridas";"Plena Noite";"Crescente";"Céu Claro";"Simples";"Reta";"Sim";2;0;1;0;1;0;1;2;-3,682154;-45,395367;"SPRF-MA";"DEL03-MA";"UOP01-DEL03-MA"
777078;2026-06-07;"domingo";"19:00:00";"MS";487;33;"ITAQUIRAI";"Ausência de reação do condutor";"Colisão traseira";"Com Vítimas Fatais";"Plena Noite";"Decrescente";"Céu Claro";"Simples";"Reta";"Não";7;1;0;1;5;0;1;2;-23,272702;-53,909226;"SPRF-MS";"DEL09/MS";"UOP01-DEL09-MS"
777079;2026-06-07;"domingo";"21:00:00";"CE";222;311;"TIANGUA";"Ausência de reação do condutor";"Colisão traseira";"Com Vítimas Feridas";"Plena Noite";"Crescente";"Céu Claro";"Múltipla";"Reta";"Sim";5;0;2;2;0;1;4;2;-3,721797;-40,995957;"SPRF-CE";"DEL04/CE";"UOP02-DEL04-CE"
777080;2026-06-07;"domingo";"21:00:00";"PE";428;176;"PETROLINA";"Demais falhas mecânicas ou elétricas";"Incêndio";"Sem Vítimas";"Plena Noite";"Decrescente";"Céu Claro";"Simples";"Interseção de Vias";"Não";1;0;0;0;1;0;0;1;-9,27755409;-40,43804375;"SPRF-PE";"DEL06/PE";"UOP01-DEL06-PE"
777081;2026-06-07;"domingo";"20:40:00";"CE";304;40;"ARACATI";"Demais Fenômenos da natureza";"Queda de ocupante de veículo";"Com Vítimas Feridas";"Plena Noite";"Decrescente";"Céu Claro";"Simples";"Interseção de Vias";"Não";1;0;1;0;0;0;1;1;-4,579885;-37,84972251;"SPRF-CE";"DEL03/CE";"UOP02-DEL03-CE"
777083;2026-06-07;"domingo";"19:30:00";"SC";163;113,3;"DIONISIO CERQUEIRA";"Acesso irregular";"Colisão frontal";"Com Vítimas Fatais";"Plena Noite";"Crescente";"Céu Claro";"Simples";"Reta;Interseção de Vias";"Sim";4;1;0;0;2;1;0;3;-26,3815474;-53,52429628;"SPRF-SC";"DEL07/SC";"UOP03-DEL07-SC"
777084;2026-06-07;"domingo";"16:05:00";"MA";230;345,4;"SAO RAIMUNDO DAS MANGABEIRAS";"Ingestão de álcool pelo condutor";"Colisão transversal";"Sem Vítimas";"Pleno dia";"Crescente";"Céu Claro";"Simples";"Reta";"Não";2;0;0;0;2;0;0;2;-7,15036;-45,714862;"SPRF-MA";"DEL05-MA";"UOP01-DEL05-MA"
777085;2026-06-07;"domingo";"22:30:00";"MG";40;566,3;"NOVA LIMA";"Ingestão de álcool pelo condutor";"Colisão traseira";"Com Vítimas Feridas";"Plena Noite";"Decrescente";"Céu Claro";"Simples";"Aclive;Reta";"Não";4;0;2;0;2;0;2;2;-20,176664;-43,96615;"SPRF-MG";"DEL01/MG";"UOP02-DEL01-MG"
777086;2026-06-07;"domingo";"23:00:00";"MA";316;570;"CAXIAS";"Condutor não acionou o farol baixo durante o dia em rodovias de pista simples";"Colisão frontal";"Com Vítimas Fatais";"Plena Noite";"Crescente";"Céu Claro";"Simples";"Reta";"Não";4;1;2;0;0;1;2;2;-4,917231;-43,209992;"SPRF-MA";"DEL03-MA";"UOP02-DEL03-MA"
777087;2026-06-07;"domingo";"21:44:00";"PB";230;72;"SOBRADO";"Ingestão de álcool pelo condutor";"Colisão lateral mesmo sentido";"Sem Vítimas";"Plena Noite";"Crescente";"Nublado";"Dupla";"Reta";"Não";2;0;0;0;2;0;0;2;-7,18998179;-35,25132744;"SPRF-PB";"DEL01-PB";"UOP02-DEL01-PB"
777088;2026-06-07;"domingo";"22:30:00";"SC";280;30;"ARAQUARI";"Ingestão de álcool pelo condutor";"Colisão transversal";"Com Vítimas Feridas";"Plena Noite";"Decrescente";"Céu Claro";"Simples";"Reta";"Não";3;0;1;0;2;0;1;2;-26,4170415;-48,77373783;"SPRF-SC";"DEL03/SC";"UOP03-DEL03-SC"
777090;2026-06-07;"domingo";"22:05:00";"BA";242;425,3;"SEABRA";"Condutor Dormindo";"Colisão frontal";"Sem Vítimas";"Plena Noite";"Crescente";"Nublado";"Simples";"Reta";"Não";2;0;0;0;2;0;0;2;-12,41134;-41,84971;"SPRF-BA";"DEL06/BA";"UOP01-DEL06-BA"
777092;2026-06-07;"domingo";"20:00:00";"MT";163;512,7;"DIAMANTINO";"Pedestre andava na pista";"Atropelamento de Pedestre";"Com Vítimas Fatais";"Plena Noite";"Crescente";"Céu Claro";"Dupla";"Reta";"Não";6;1;0;0;4;1;0;3;-14,497327;-56,189512;"SPRF-MT";"DEL01/MT";"UOP01-DEL01-MT"
777093;2026-06-07;"domingo";"23:00:00";"RO";364;699;"PORTO VELHO";"Condutor usando celular";"Saída de leito carroçável";"Sem Vítimas";"Plena Noite";"Crescente";"Céu Claro";"Dupla";"Retorno Regulamentado";"Não";1;0;0;0;0;1;0;1;-8,8003;-63,7652;"SPRF-RO";"DEL01-RO";"UOP01-DEL01-RO"
777095;2026-06-07;"domingo";"22:30:00";"MG";365;626,5;"UBERLANDIA";"Ausência de reação do condutor";"Atropelamento de Pedestre";"Com Vítimas Fatais";"Plena Noite";"Decrescente";"Céu Claro";"Dupla";"Curva;Declive";"Sim";3;1;0;0;0;2;0;3;-18,90659491;-48,33436493;"SPRF-MG";"DEL15/MG";"UOP01-DEL15-MG"
777098;2026-06-07;"domingo";"23:10:00";"MG";116;582,7;"MANHUACU";"Transitar na contramão";"Colisão frontal";"Com Vítimas Fatais";"Plena Noite";"Crescente";"Céu Claro";"Simples";"Curva;Declive";"Não";5;1;0;4;0;0;4;2;-20,21738;-42,181028;"SPRF-MG";"DEL06/MG";"UOP03-DEL06-MG"
777099;2026-06-08;"segunda-feira";"01:00:00";"MG";116;701,4;"MURIAE";"Ausência de reação do condutor";"Engavetamento";"Com Vítimas Feridas";"Plena Noite";"Crescente";"Céu Claro";"Simples";"Reta";"Sim";8;0;1;0;7;0;1;3;-21,117008;-42,379786;"SPRF-MG";"DEL07/MG";"UOP02-DEL07-MG"
777100;2026-06-08;"segunda-feira";"01:15:00";"SP";116;3;"GUARULHOS";"Ausência de reação do condutor";"Saída de leito carroçável";"Com Vítimas Feridas";"Plena Noite";"Crescente";"Ignorado";"Dupla";"Curva";"Sim";1;0;1;0;0;0;1;1;-23,42718197;-46,49252295;"SPRF-SP";"DEL01/SP";"UOP01-DEL01-SP"