"id";"data_inversa";"dia_semana";"horario";"uf";"br";"km";"municipio";"causa_acidente";"tipo_acidente";"classificacao_acidente";"fase_dia";"sentido_via";"condicao_metereologica";"tipo_pista";"tracado_via";"uso_solo";"pessoas";"mortos";"feridos_leves";"feridos_graves";"ilesos";"ignorados";"feridos";"veiculos";"latitude";"longitude";"regional";"delegacia";"uop"
777103;2026-06-08;"segunda-feira";"01:19:00";"PE";232;38,2;"VITORIA DE SANTO ANTAO";"Ingestão de álcool pelo condutor";"Colisão lateral sentido oposto";"Com Vítimas Feridas";"Plena Noite";"Crescente";"Céu Claro";"Dupla";"Reta";"Não";2;0;1;0;1;0;1;2;-8,115899;-35,221289;"SPRF-PE";"DEL02/PE";"UOP02-DEL02PE"
777104;2026-06-08;"segunda-feira";"00:30:00";"SC";280;269;"IRINEOPOLIS";"Condutor Dormindo";"Colisão frontal";"Com Vítimas Feridas";"Plena Noite";"Crescente";"Nublado";"Simples";"Curva";"Não";2;0;0;2;0;0;2;2;-26,26247;-50,72238;"SPRF-SC";"DEL06/SC";"UOP04-DEL06-SC"
777105;2026-06-07;"domingo";"19:30:00";"BA";101;440;"UBAITABA";"Reação tardia ou ineficiente do condutor";"Colisão lateral sentido oposto";"Com Vítimas Feridas";"Plena Noite";"Crescente";"Nublado";"Simples";"Reta";"Não";4;0;2;0;0;2;2;3;-14,27192058;-39,32729658;"SPRF-BA";"DEL05/BA";"UOP01-DEL05-BA"
777106;2026-06-08;"segunda-feira";"04:00:00";"SE";101;20;"SAO FRANCISCO";"Ingestão de álcool pelo condutor";"Queda de ocupante de veículo";"Sem Vítimas";"Plena Noite";"Decrescente";"Chuva";"Dupla";"Curva";"Não";1;0;0;0;1;0;0;1;-10,36207161;-36,9080334;"SPRF-SE";"DEL02-SE";"UOP02-DEL02-SE"
777107;2026-06-08;"segunda-feira";"01:20:00";"PR";163;102,4;"CAPANEMA";"Reação tardia ou ineficiente do condutor";"Colisão frontal";"Com Vítimas Fatais";"Plena Noite";"Decrescente";"Céu Claro";"Simples";"Reta";"Não";6;2;4;0;0;0;4;2;-25,6037696;-53,74624131;"SPRF-PR";"DEL02/PR";"UOP02-DEL02-PR"
777111;2026-06-08;"segunda-feira";"05:35:00";"PR";277;731,5;"FOZ DO IGUACU";"Chuva";"Tombamento";"Com Vítimas Feridas";"Plena Noite";"Decrescente";"Chuva";"Múltipla";"Reta;Ponte";"Não";1;0;1;0;0;0;1;1;-25,5095652;-54,60003631;"SPRF-PR";"DEL05/PR";"UOP03-DEL05-PR"
777113;2026-06-08;"segunda-feira";"05:40:00";"RJ";101;328;"RIO DE JANEIRO";"Reação tardia ou ineficiente do condutor";"Colisão traseira";"Com Vítimas Feridas";"Amanhecer";"Decrescente";"Céu Claro";"Múltipla";"Reta";"Não";3;0;1;0;2;0;1;2;-22,86901142;-43,18061412;"SPRF-RJ";"DEL02/RJ";"UOP01-DEL02-RJ"
777114;2026-06-08;"segunda-feira";"05:30:00";"SC";285;35,2;"TIMBE DO SUL";"Condutor deixou de manter distância do veículo da frente";"Colisão traseira";"Com Vítimas Feridas";"Plena Noite";"Crescente";"Céu Claro";"Simples";"Reta";"Não";3;0;1;1;1;0;2;2;-28,82807855;-49,84556006;"SPRF-SC";"DEL02/SC";"UOP02-DEL02-SC"
777117;2026-06-08;"segunda-feira";"06:00:00";"SC";101;265,9;"GAROPABA";"Demais falhas mecânicas ou elétricas";"Incêndio";"Sem Vítimas";"Amanhecer";"Decrescente";"Nublado";"Múltipla";"Reta";"Não";1;0;0;0;1;0;0;1;-28,05183764;-48,71615617;"SPRF-SC";"DEL02/SC";"UOP03-DEL02-SC"
777119;2026-06-08;"segunda-feira";"00:30:00";"PR";277;690;"SAO MIGUEL DO IGUACU";"Reação tardia ou ineficiente do condutor";"Colisão com objeto";"Sem Vítimas";"Plena Noite";"Decrescente";"Céu Claro";"Dupla";"Declive;Curva";"Não";1;0;0;0;0;1;0;1;-25,3561776;-54,24291;"SPRF-PR";"DEL05/PR";"UOP01-DEL05-PR"
777121;2026-06-08;"segunda-feira";"06:30:00";"GO";70;465;"ARAGARCAS";"Animais na Pista";"Atropelamento de Animal";"Com Vítimas Feridas";"Amanhecer";"Decrescente";"Céu Claro";"Simples";"Reta";"Não";1;0;1;0;0;0;1;1;-15,905675;-52,160573;"SPRF-GO";"DEL04/GO";"UOP02-DEL04-GO"
777122;2026-06-08;"segunda-feira";"07:00:00";"MG";262;348;"BETIM";"Reação tardia ou ineficiente do condutor";"Queda de ocupante de veículo";"Com Vítimas Feridas";"Amanhecer";"Crescente";"Céu Claro";"Dupla";"Curva;Interseção de Vias;Declive";"Sim";1;0;1;0;0;0;1;1;-19,98463089;-44,20479711;"SPRF-MG";"DEL01/MG";"UOP03-DEL01-MG"
777123;2026-06-08;"segunda-feira";"07:04:00";"PB";101;89;"JOAO PESSOA";"Acessar a via sem observar a presença dos outros veículos";"Colisão traseira";"Com Vítimas Feridas";"Pleno dia";"Decrescente";"Chuva";"Dupla";"Reta";"Não";3;0;2;0;0;1;2;2;-7,178379;-34,899045;"SPRF-PB";"DEL01-PB";"UOP01-DEL01-PB"
777124;2026-06-07;"domingo";"17:45:00";"MG";365;473;"PATROCINIO";"Reação tardia ou ineficiente do condutor";"Colisão transversal";"Com Vítimas Feridas";"Anoitecer";"Crescente";"Céu Claro";"Simples";"Reta";"Sim";5;0;5;0;0;0;5;2;-18,92488;-47,00161;"SPRF-MG";"DEL10/MG";"UOP01-DEL10-MG"
777125;2026-06-08;"segunda-feira";"06:10:00";"RN";304;83,9;"ACU";"Acessar a via sem observar a presença dos outros veículos";"Colisão transversal";"Com Vítimas Feridas";"Pleno dia";"Crescente";"Céu Claro";"Simples";"Reta";"Não";2;0;0;1;1;0;1;2;-5,49908751;-37,14609965;"SPRF-RN";"DEL04-RN";"UOP01-DEL04-RN"
777128;2026-06-08;"segunda-feira";"07:45:00";"SP";153;60;"SAO JOSE DO RIO PRETO";"Ausência de reação do condutor";"Colisão traseira";"Com Vítimas Feridas";"Pleno dia";"Crescente";"Céu Claro";"Dupla";"Reta";"Sim";4;0;1;1;2;0;2;3;-20,79003452;-49,35433952;"SPRF-SP";"DEL09/SP";"UOP01-DEL09-SP"
777130;2026-06-08;"segunda-feira";"07:50:00";"GO";60;167;"GOIANIA";"Acessar a via sem observar a presença dos outros veículos";"Colisão com objeto";"Com Vítimas Feridas";"Pleno dia";"Decrescente";"Céu Claro";"Dupla";"Reta;Declive";"Sim";1;0;0;1;0;0;1;1;-16,729825;-49,386182;"SPRF-GO";"DEL01/GO";"UOP02-DEL01-GO"
777131;2026-06-08;"segunda-feira";"08:05:00";"RS";116;516,9;"PELOTAS";"Desrespeitar a preferência no cruzamento";"Colisão transversal";"Com Vítimas Feridas";"Pleno dia";"Decrescente";"Nublado";"Simples";"Interseção de Vias;Viaduto";"Não";2;0;0;1;1;0;1;2;-31,679142;-52,342157;"SPRF-RS";"DEL07/RS";"UOP01-DEL07-RS"
777134;2026-06-08;"segunda-feira";"08:10:00";"PI";343;2,1;"TERESINA";"Condutor deixou de manter distância do veículo da frente";"Colisão traseira";"Com Vítimas Feridas";"Pleno dia";"Decrescente";"Céu Claro";"Dupla";"Reta";"Sim";2;0;2;0;0;0;2;2;-5,081663;-42,770823;"SPRF-PI";"DEL01-PI";"UOP01-DEL01-PI"
777135;2026-06-08;"segunda-feira";"07:55:00";"RS";101;85;"OSORIO";"Avarias e/ou desgaste excessivo no pneu";"Colisão com objeto";"Com Vítimas Feridas";"Pleno dia";"Crescente";"Chuva";"Dupla";"Curva";"Sim";2;0;1;0;1;0;1;2;-29,870522;-50,253012;"SPRF-RS";"DEL03/RS";"UOP01-DEL03-RS"
777136;2026-06-08;"segunda-feira";"08:00:00";"MG";40;597,9;"OURO PRETO";"Objeto estático sobre o leito carroçável";"Colisão traseira";"Com Vítimas Feridas";"Pleno dia";"Crescente";"Sol";"Simples";"Declive";"Não";2;0;0;1;1;0;1;2;-20,418088;-43,886305;"SPRF-MG";"DEL05/MG";"UOP02-DEL05-MG"
777137;2026-06-08;"segunda-feira";"08:10:00";"RS";386;306,4;"POUSO NOVO";"Pista Escorregadia";"Colisão frontal";"Com Vítimas Feridas";"Pleno dia";"Decrescente";"Chuva";"Simples";"Aclive;Curva";"Não";5;0;0;4;1;0;4;2;-29,20077;-52,1829;"SPRF-RS";"DEL04/RS";"UOP01-DEL04-RS"
777139;2026-06-08;"segunda-feira";"08:10:00";"PR";116;209;"RIO NEGRO";"Acessar a via sem observar a presença dos outros veículos";"Colisão transversal";"Sem Vítimas";"Pleno dia";"Decrescente";"Céu Claro";"Simples";"Reta";"Sim";3;0;0;0;3;0;0;2;-26,0852455;-49,7779414;"SPRF-SC";"DEL06/SC";"UOP01-DEL06-SC"
777140;2026-06-08;"segunda-feira";"08:25:00";"RS";386;356,3;"ESTRELA";"Chuva";"Colisão com objeto";"Sem Vítimas";"Pleno dia";"Crescente";"Chuva";"Dupla";"Curva;Interseção de Vias";"Não";4;0;0;0;4;0;0;1;-29,52671;-51,93244;"SPRF-RS";"DEL04/RS";"UOP01-DEL04-RS"
777141;2026-06-08;"segunda-feira";"08:15:00";"SP";116;53;"LORENA";"Desrespeitar a preferência no cruzamento";"Colisão transversal";"Com Vítimas Feridas";"Pleno dia";"Decrescente";"Céu Claro";"Dupla";"Rotatória";"Sim";2;0;1;0;1;0;1;2;-22,75197919;-45,10528111;"SPRF-SP";"DEL08/SP";"UOP02-DEL08-SP"
777142;2026-06-08;"segunda-feira";"08:19:00";"PI";343;338,1;"TERESINA";"Condutor deixou de manter distância do veículo da frente";"Colisão traseira";"Com Vítimas Feridas";"Pleno dia";"Decrescente";"Céu Claro";"Dupla";"Reta";"Sim";3;0;2;0;1;0;2;2;-5,063831;-42,724337;"SPRF-PI";"DEL01-PI";"UOP01-DEL01-PI"
777144;2026-06-08;"segunda-feira";"08:50:00";"PR";369;147,5;"LONDRINA";"Condutor deixou de manter distância do veículo da frente";"Colisão traseira";"Sem Vítimas";"Pleno dia";"Crescente";"Céu Claro";"Dupla";"Reta";"Sim";4;0;0;0;4;0;0;2;-23,293028;-51,13689;"SPRF-PR";"DEL07/PR";"UOP01-DEL07-PR"
777145;2026-06-08;"segunda-feira";"08:30:00";"RJ";101;270;"RIO BONITO";"Condutor deixou de manter distância do veículo da frente";"Colisão traseira";"Com Vítimas Feridas";"Pleno dia";"Crescente";"Céu Claro";"Dupla";"Reta";"Sim";3;0;1;1;1;0;2;2;-22,718841;-42,688134;"SPRF-RJ";"DEL02/RJ";"UOP03-DEL02-RJ"
777146;2026-06-08;"segunda-feira";"07:00:00";"MS";163;478;"CAMPO GRANDE";"Frear bruscamente";"Colisão traseira";"Com Vítimas Feridas";"Pleno dia";"Crescente";"Céu Claro";"Simples";"Reta";"Sim";3;0;1;0;2;0;1;2;-20,48755533;-54,55936912;"SPRF-MS";"DEL01/MS";"UOP01-DEL01-MS"
777147;2026-06-08;"segunda-feira";"07:30:00";"PI";230;310,3;"FLORIANO";"Desrespeitar a preferência no cruzamento";"Colisão transversal";"Com Vítimas Feridas";"Pleno dia";"Crescente";"Céu Claro";"Simples";"Interseção de Vias";"Sim";2;0;0;1;1;0;1;2;-6,763115;-43,010407;"SPRF-PI";"DEL03-PI";"UOP01-DEL03-PI"
777148;2026-06-08;"segunda-feira";"08:15:00";"MG";381;490,9;"BETIM";"Ausência de reação do condutor";"Colisão traseira";"Com Vítimas Feridas";"Pleno dia";"Crescente";"Céu Claro";"Dupla";"Interseção de Vias;Reta";"Sim";3;0;2;0;1;0;2;2;-19,95739035;-44,15162651;"SPRF-MG";"DEL01/MG";"UOP03-DEL01-MG"
777149;2026-06-08;"segunda-feira";"07:30:00";"BA";116;12,8;"VITORIA DA CONQUISTA";"Acessar a via sem observar a presença dos outros veículos";"Colisão transversal";"Com Vítimas Feridas";"Pleno dia";"Crescente";"Céu Claro";"Simples";"Reta";"Não";3;0;2;0;1;0;2;3;-14,88452134;-40,87068343;"SPRF-BA";"DEL08/BA";"UOP01-DEL08-BA"
777150;2026-06-07;"domingo";"23:55:00";"SC";101;148;"ITAPEMA";"Ausência de reação do condutor";"Colisão com objeto";"Sem Vítimas";"Plena Noite";"Crescente";"Céu Claro";"Simples";"Reta";"Sim";1;0;0;0;0;1;0;1;-27,1012;-48,6176;"SPRF-SC";"DEL04/SC";"UOP03-DEL04-SC"
777151;2026-06-08;"segunda-feira";"08:25:00";"PR";116;115;"CURITIBA";"Manobra de mudança de faixa";"Colisão traseira";"Com Vítimas Feridas";"Pleno dia";"Decrescente";"Céu Claro";"Dupla";"Reta";"Sim";2;0;1;0;1;0;1;2;-25,5430442;-49,3029245;"SPRF-PR";"DEL01/PR";"UOP03-DEL01-PR"
777152;2026-06-08;"segunda-feira";"07:20:00";"AC";364;122;"RIO BRANCO";"Reação tardia ou ineficiente do condutor";"Colisão traseira";"Sem Vítimas";"Pleno dia";"Crescente";"Céu Claro";"Dupla";"Reta";"Sim";2;0;0;0;2;0;0;2;-10,01191;-67,77499;"SPRF-AC";"DEL01-AC";"UOP01-DEL01-AC"
777153;2026-06-08;"segunda-feira";"07:50:00";"RO";364;15;"VILHENA";"Acessar a via sem observar a presença dos outros veículos";"Colisão transversal";"Com Vítimas Feridas";"Pleno dia";"Decrescente";"Céu Claro";"Dupla";"Interseção de Vias;Reta";"Sim";2;0;1;0;1;0;1;2;-12,73666691;-60,14944088;"SPRF-RO";"DEL04-RO";"UOP01-DEL04-RO"
777154;2026-06-08;"segunda-feira";"08:10:00";"RJ";40;115,8;"DUQUE DE CAXIAS";"Reação tardia ou ineficiente do condutor";"Colisão traseira";"Com Vítimas Feridas";"Pleno dia";"Crescente";"Céu Claro";"Múltipla";"Reta";"Sim";1;0;1;0;0;0;1;1;-22,74028;-43,28822;"SPRF-RJ";"DEL01/RJ";"UOP02-DEL01-RJ"
777155;2026-06-08;"segunda-feira";"07:43:00";"SC";470;134,1;"RIO DO SUL";"Acessar a via sem observar a presença dos outros veículos";"Colisão transversal";"Sem Vítimas";"Pleno dia";"Decrescente";"Céu Claro";"Simples";"Reta;Em Obras";"Sim";2;0;0;0;2;0;0;2;-27,188387;-49,6105;"SPRF-SC";"DEL04/SC";"UOP02-DEL04-SC"
777156;2026-06-08;"segunda-feira";"08:50:00";"PB";230;133,5;"CAMPINA GRANDE";"Velocidade Incompatível";"Saída de leito carroçável";"Com Vítimas Feridas";"Pleno dia";"Crescente";"Nublado";"Dupla";"Aclive;Curva";"Não";2;0;1;1;0;0;2;1;-7,273345;-35,753335;"SPRF-PB";"DEL02-PB";"UOP01-DEL02-PB"
777161;2026-06-08;"segunda-feira";"09:00:00";"MS";163;254,8;"DOURADOS";"Ausência de reação do condutor";"Saída de leito carroçável";"Com Vítimas Feridas";"Pleno dia";"Crescente";"Céu Claro";"Dupla";"Declive;Reta";"Sim";1;0;1;0;0;0;1;1;-22,26748774;-54,81130097;"SPRF-MS";"DEL04/MS";"UOP01-DEL04-MS"
777162;2026-06-08;"segunda-feira";"10:00:00";"SP";381;89;"GUARULHOS";"Manobra de mudança de faixa";"Colisão lateral mesmo sentido";"Com Vítimas Feridas";"Pleno dia";"Crescente";"Céu Claro";"Múltipla";"Reta";"Sim";2;0;1;0;1;0;1;2;-23,4912726;-46,55937195;"SPRF-SP";"DEL03/SP";"UOP01-DEL03-SP"
777163;2026-06-04;"quinta-feira";"22:30:00";"BA";110;170;"RIBEIRA DO POMBAL";"Animais na Pista";"Queda de ocupante de veículo";"Com Vítimas Feridas";"Plena Noite";"Crescente";"Nublado";"Simples";"Reta";"Não";2;0;2;0;0;0;2;1;-10,80356;-38,52559;"SPRF-BA";"DEL07/BA";"UOP02-DEL07-BA"
777164;2026-06-08;"segunda-feira";"07:15:00";"MG";365;505;"PATROCINIO";"Reação tardia ou ineficiente do condutor";"Colisão traseira";"Com Vítimas Feridas";"Pleno dia";"Crescente";"Céu Claro";"Simples";"Curva";"Não";2;0;0;2;0;0;2;2;-18,95531;-47,26093;"SPRF-MG";"DEL10/MG";"UOP01-DEL10-MG"
777165;2026-06-08;"segunda-feira";"09:30:00";"PE";428;185;"PETROLINA";"Desrespeitar a preferência no cruzamento";"Colisão transversal";"Com Vítimas Feridas";"Pleno dia";"Decrescente";"Nublado";"Dupla";"Retorno Regulamentado";"Sim";3;0;1;0;1;1;1;2;-9,34812;-40,4741;"SPRF-PE";"DEL06/PE";"UOP01-DEL06-PE"
777166;2026-06-08;"segunda-feira";"10:20:00";"PB";101;87;"JOAO PESSOA";"Manobra de mudança de faixa";"Colisão lateral mesmo sentido";"Com Vítimas Feridas";"Pleno dia";"Decrescente";"Nublado";"Dupla";"Reta";"Sim";4;0;1;0;3;0;1;3;-7,1588876;-34,90610194;"SPRF-PB";"DEL01-PB";"UOP01-DEL01-PB"
777167;2026-06-08;"segunda-feira";"10:00:00";"PR";116;126;"FAZENDA RIO GRANDE";"Trafegar com motocicleta (ou similar) entre as faixas";"Colisão traseira";"Com Vítimas Feridas";"Pleno dia";"Crescente";"Nublado";"Dupla";"Reta";"Não";2;0;1;0;1;0;1;2;-25,643459;-49,312939;"SPRF-PR";"DEL01/PR";"UOP03-DEL01-PR"
777169;2026-06-08;"segunda-feira";"09:30:00";"RJ";101;331;"RIO DE JANEIRO";"Demais falhas mecânicas ou elétricas";"Incêndio";"Sem Vítimas";"Pleno dia";"Crescente";"Céu Claro";"Dupla";"Curva;Viaduto";"Sim";1;0;0;0;1;0;0;1;-22,86809552;-43,19924567;"SPRF-RJ";"DEL02/RJ";"UOP01-DEL02-RJ"
777171;2026-06-08;"segunda-feira";"00:30:00";"PE";316;1;"ARARIPINA";"Reação tardia ou ineficiente do condutor";"Atropelamento de Pedestre";"Com Vítimas Fatais";"Pleno dia";"Crescente";"Céu Claro";"Simples";"Reta";"Sim";2;1;0;0;0;1;0;2;-7,449835;-40,649763;"SPRF-PE";"DEL05/PE";"UOP02-DEL05-PE"
777172;2026-06-08;"segunda-feira";"10:40:00";"RJ";101;240;"SILVA JARDIM";"Condutor Dormindo";"Colisão com objeto";"Com Vítimas Feridas";"Pleno dia";"Decrescente";"Céu Claro";"Dupla";"Curva";"Não";2;0;1;0;1;0;1;1;-22,629837;-42,435739;"SPRF-RJ";"DEL02/RJ";"UOP03-DEL02-RJ"
777173;2026-05-19;"terça-feira";"06:50:00";"BA";324;623;"SALVADOR";"Manobra de mudança de faixa";"Colisão lateral mesmo sentido";"Com Vítimas Feridas";"Pleno dia";"Crescente";"Sol";"Dupla";"Reta";"Sim";2;0;1;0;1;0;1;2;-12,93960489;-38,47159345;"SPRF-BA";"DEL01/BA";"UOP01-DEL01-BA"
777174;2026-06-08;"segunda-feira";"10:40:00";"CE";116;15,9;"FORTALEZA";"Condutor deixou de manter distância do veículo da frente";"Colisão traseira";"Com Vítimas Feridas";"Pleno dia";"Decrescente";"Sol";"Dupla";"Reta;Aclive";"Sim";6;0;1;0;5;0;1;2;-3,88773556;-38,50170183;"SPRF-CE";"DEL01/CE";"UOP02-DEL01-CE"
777175;2026-06-08;"segunda-feira";"10:00:00";"MG";116;652;"FERVEDOURO";"Condutor deixou de manter distância do veículo da frente";"Colisão traseira";"Com Vítimas Feridas";"Pleno dia";"Crescente";"Céu Claro";"Simples";"Curva";"Sim";2;0;1;0;1;0;1;2;-20,722342;-42,280089;"SPRF-MG";"DEL07/MG";"UOP02-DEL07-MG"
777176;2026-06-08;"segunda-feira";"10:40:00";"PR";376;595;"CURITIBA";"Manobra de mudança de faixa";"Colisão traseira";"Com Vítimas Feridas";"Pleno dia";"Decrescente";"Céu Claro";"Dupla";"Reta";"Sim";2;0;1;0;1;0;1;2;-25,46896952;-49,35495107;"SPRF-PR";"DEL01/PR";"UOP03-DEL01-PR"
777179;2026-05-24;"domingo";"14:30:00";"MT";174;4;"PONTES E LACERDA";"Acessar a via sem observar a presença dos outros veículos";"Colisão transversal";"Sem Vítimas";"Pleno dia";"Crescente";"Céu Claro";"Simples";"Interseção de Vias;Reta";"Sim";2;0;0;0;2;0;0;2;-15,23686359;-59,34054762;"SPRF-MT";"DEL04/MT";"UOP01-DEL04-MT"
777184;2026-06-08;"segunda-feira";"09:49:00";"PI";230;196;"OEIRAS";"Manobra de mudança de faixa";"Colisão transversal";"Com Vítimas Feridas";"Pleno dia";"Decrescente";"Céu Claro";"Dupla";"Reta";"Sim";3;0;2;0;0;1;2;2;-7,009057;-42,12654;"SPRF-PI";"DEL04-PI";"UOP01-DEL04-PI"
777185;2026-06-08;"segunda-feira";"08:20:00";"AL";423;92;"DELMIRO GOUVEIA";"Ausência de reação do condutor";"Colisão traseira";"Com Vítimas Feridas";"Pleno dia";"Crescente";"Nublado";"Simples";"Reta;Declive;Em Obras";"Não";2;0;2;0;0;0;2;2;-9,367868;-38,091927;"SPRF-BA";"DEL07/BA";"UOP01-DEL07-BA"
777187;2026-06-08;"segunda-feira";"11:37:00";"SC";470;51;"BLUMENAU";"Ausência de reação do condutor";"Colisão traseira";"Com Vítimas Feridas";"Pleno dia";"Crescente";"Céu Claro";"Dupla";"Reta";"Sim";4;0;0;2;2;0;2;2;-26,860333;-49,0759243;"SPRF-SC";"DEL04/SC";"UOP01-DEL04-SC"
777189;2026-06-08;"segunda-feira";"12:38:00";"MG";381;350;"JOAO MONLEVADE";"Velocidade Incompatível";"Tombamento";"Com Vítimas Feridas";"Pleno dia";"Crescente";"Sol";"Simples";"Rotatória";"Sim";1;0;1;0;0;0;1;1;-19,83879415;-43,18150369;"SPRF-MG";"DEL03/MG";"UOP01-DEL03-MG"
777191;2026-06-08;"segunda-feira";"10:40:00";"PI";343;3;"TERESINA";"Ausência de reação do condutor";"Colisão traseira";"Com Vítimas Feridas";"Pleno dia";"Decrescente";"Céu Claro";"Dupla";"Reta";"Não";2;0;1;0;1;0;1;2;-5,0814184;-42,77619956;"SPRF-PI";"DEL01-PI";"UOP01-DEL01-PI"
777192;2026-06-08;"segunda-feira";"12:00:00";"AL";101;74;"MESSIAS";"Acessar a via sem observar a presença dos outros veículos";"Colisão transversal";"Sem Vítimas";"Pleno dia";"Crescente";"Céu Claro";"Dupla";"Curva";"Sim";4;0;0;0;4;0;0;2;-9,393895;-35,838202;"SPRF-AL";"DEL01-AL";"UOP01-DEL01-AL"
777195;2026-06-08;"segunda-feira";"10:45:00";"RO";429;51;"ALVORADA DOESTE";"Ausência de reação do condutor";"Queda de ocupante de veículo";"Com Vítimas Feridas";"Pleno dia";"Decrescente";"Céu Claro";"Dupla";"Reta";"Sim";1;0;1;0;0;0;1;1;-11,34924973;-62,28889609;"SPRF-RO";"DEL02-RO";"UOP03-DEL02-RO"
777196;2026-06-08;"segunda-feira";"13:00:00";"SC";101;199;"SAO JOSE";"Frear bruscamente";"Colisão traseira";"Sem Vítimas";"Pleno dia";"Decrescente";"Céu Claro";"Dupla";"Reta";"Sim";2;0;0;0;2;0;0;2;-27,53777099;-48,62506835;"SPRF-SC";"DEL01/SC";"UOP01-DEL01-SC"
777199;2026-06-08;"segunda-feira";"07:40:00";"MG";381;148;"GOVERNADOR VALADARES";"Demais falhas mecânicas ou elétricas";"Tombamento";"Com Vítimas Feridas";"Pleno dia";"Decrescente";"Sol";"Simples";"Curva";"Não";2;0;1;0;1;0;1;1;-18,85423374;-41,98338959;"SPRF-MG";"DEL06/MG";"UOP01-DEL06-MG"
777200;2026-06-08;"segunda-feira";"12:10:00";"BA";324;517,5;"FEIRA DE SANTANA";"Ultrapassagem Indevida";"Colisão transversal";"Com Vítimas Feridas";"Pleno dia";"Crescente";"Nublado";"Simples";"Reta";"Sim";2;0;1;0;1;0;1;2;-12,25916495;-38,9322087;"SPRF-BA";"DEL02/BA";"UOP01-DEL02-BA"
777201;2026-06-08;"segunda-feira";"12:10:00";"SC";280;6;"SAO FRANCISCO DO SUL";"Condutor deixou de manter distância do veículo da frente";"Colisão traseira";"Com Vítimas Feridas";"Pleno dia";"Crescente";"Céu Claro";"Simples";"Reta";"Não";3;0;1;0;2;0;1;2;-26,266982;-48,635337;"SPRF-SC";"DEL03/SC";"UOP03-DEL03-SC"
777205;2026-06-08;"segunda-feira";"13:25:00";"SC";470;57;"BLUMENAU";"Desrespeitar a preferência no cruzamento";"Colisão transversal";"Com Vítimas Feridas";"Pleno dia";"Decrescente";"Nublado";"Dupla";"Reta";"Sim";2;0;1;0;1;0;1;2;-26,88318144;-49,14175836;"SPRF-SC";"DEL04/SC";"UOP01-DEL04-SC"
777206;2026-06-08;"segunda-feira";"11:00:00";"BA";101;594;"CAMACAN";"Reação tardia ou ineficiente do condutor";"Colisão traseira";"Com Vítimas Feridas";"Pleno dia";"Crescente";"Céu Claro";"Simples";"Reta";"Não";3;0;1;0;2;0;1;2;-15,460532;-39,444273;"SPRF-BA";"DEL05/BA";"UOP02-DEL05-BA"
777207;2026-06-08;"segunda-feira";"12:15:00";"PB";230;113,2;"INGA";"Velocidade Incompatível";"Colisão com objeto";"Com Vítimas Feridas";"Pleno dia";"Crescente";"Nublado";"Dupla";"Curva";"Não";1;0;1;0;0;0;1;1;-7,217896;-35,595837;"SPRF-PB";"DEL01-PB";"UOP02-DEL01-PB"
777208;2026-06-08;"segunda-feira";"10:30:00";"RJ";40;122;"DUQUE DE CAXIAS";"Ausência de reação do condutor";"Colisão com objeto";"Com Vítimas Feridas";"Pleno dia";"Crescente";"Céu Claro";"Múltipla";"Reta";"Sim";3;0;1;0;2;0;1;2;-22,79;-43,286;"SPRF-RJ";"DEL01/RJ";"UOP02-DEL01-RJ"
777209;2026-06-08;"segunda-feira";"12:50:00";"PB";230;19,3;"JOAO PESSOA";"Trafegar com motocicleta (ou similar) entre as faixas";"Colisão traseira";"Com Vítimas Feridas";"Pleno dia";"Decrescente";"Céu Claro";"Dupla";"Reta";"Sim";3;0;1;0;2;0;1;3;-7,13377767;-34,85420879;"SPRF-PB";"DEL01-PB";"UOP01-DEL01-PB"
777212;2026-06-08;"segunda-feira";"14:00:00";"MG";40;279;"TRES MARIAS";"Reação tardia ou ineficiente do condutor";"Saída de leito carroçável";"Com Vítimas Feridas";"Pleno dia";"Decrescente";"Céu Claro";"Simples";"Reta;Declive";"Não";1;0;0;1;0;0;1;1;-18,23036;-45,218343;"SPRF-MG";"DEL14/MG";"UOP02-DEL14-MG"
777213;2026-06-08;"segunda-feira";"11:30:00";"PE";110;145;"IBIMIRIM";"Ingestão de álcool pelo condutor";"Colisão traseira";"Sem Vítimas";"Pleno dia";"Decrescente";"Céu Claro";"Simples";"Reta";"Sim";2;0;0;0;2;0;0;2;-8,520143;-37,682812;"SPRF-PE";"DEL04/PE";"UOP02-DEL04-PE"
777216;2026-06-08;"segunda-feira";"13:50:00";"RS";293;341;"SANTANA DO LIVRAMENTO";"Velocidade Incompatível";"Colisão transversal";"Com Vítimas Feridas";"Pleno dia";"Decrescente";"Garoa/Chuvisco";"Simples";"Interseção de Vias;Reta";"Sim";2;0;1;0;1;0;1;2;-30,85413479;-55,54664819;"SPRF-RS";"DEL11/RS";"UOP01-DEL11-RS"
777221;2026-06-08;"segunda-feira";"12:21:00";"MS";163;222,1;"CAARAPO";"Reação tardia ou ineficiente do condutor";"Saída de leito carroçável";"Com Vítimas Feridas";"Pleno dia";"Crescente";"Céu Claro";"Simples";"Reta;Declive";"Não";5;0;1;0;4;0;1;1;-22,5248746;-54,85662138;"SPRF-MS";"DEL04/MS";"UOP02-DEL04-MS"
777223;2026-06-08;"segunda-feira";"15:00:00";"PR";153;473;"PORTO VITORIA";"Manobra de mudança de faixa";"Colisão lateral mesmo sentido";"Sem Vítimas";"Pleno dia";"Crescente";"Sol";"Simples";"Reta";"Não";2;0;0;0;2;0;0;2;-26,31742;-51,22131;"SPRF-PR";"DEL02/PR";"UOP03-DEL02-PR"