"id";"data_inversa";"dia_semana";"horario";"uf";"br";"km";"municipio";"causa_acidente";"tipo_acidente";"classificacao_acidente";"fase_dia";"sentido_via";"condicao_metereologica";"tipo_pista";"tracado_via";"uso_solo";"pessoas";"mortos";"feridos_leves";"feridos_graves";"ilesos";"ignorados";"feridos";"veiculos";"latitude";"longitude";"regional";"delegacia";"uop"
777224;2026-06-08;"segunda-feira";"15:00:00";"MG";116;523;"CARATINGA";"Pedestre cruzava a pista fora da faixa";"Atropelamento de Pedestre";"Com Vítimas Feridas";"Pleno dia";"Decrescente";"Céu Claro";"Simples";"Curva";"Sim";3;0;2;1;0;0;3;2;-19,76228;-42,13256;"SPRF-MG";"DEL06/MG";"UOP02-DEL06-MG"
777225;2026-06-08;"segunda-feira";"15:30:00";"PB";230;151,8;"CAMPINA GRANDE";"Frear bruscamente";"Tombamento";"Com Vítimas Feridas";"Pleno dia";"Crescente";"Chuva";"Simples";"Declive;Reta";"Não";2;0;2;0;0;0;2;1;-7,267838;-35,883149;"SPRF-PB";"DEL02-PB";"UOP01-DEL02-PB"
777228;2026-06-08;"segunda-feira";"15:37:00";"RN";110;45;"MOSSORO";"Acessar a via sem observar a presença dos outros veículos";"Colisão transversal";"Com Vítimas Feridas";"Pleno dia";"Crescente";"Céu Claro";"Simples";"Reta";"Sim";4;0;1;0;3;0;1;2;-5,19774432;-37,31802154;"SPRF-RN";"DEL04-RN";"UOP01-DEL04-RN"
777229;2026-06-08;"segunda-feira";"16:00:00";"SC";280;29;"ARAQUARI";"Transitar na contramão";"Colisão lateral sentido oposto";"Com Vítimas Feridas";"Pleno dia";"Decrescente";"Céu Claro";"Simples";"Curva";"Sim";2;0;1;0;1;0;1;2;-26,41333255;-48,7582132;"SPRF-SC";"DEL03/SC";"UOP03-DEL03-SC"
777231;2026-06-08;"segunda-feira";"14:22:00";"MT";163;942;"SINOP";"Ultrapassagem Indevida";"Colisão frontal";"Com Vítimas Feridas";"Pleno dia";"Crescente";"Céu Claro";"Simples";"Reta";"Não";3;0;2;0;1;0;2;2;-11,7932992;-55,4776165;"SPRF-MT";"DEL06/MT";"UOP02-DEL06-MT"
777232;2026-06-08;"segunda-feira";"15:40:00";"PB";230;6,9;"CABEDELO";"Ausência de reação do condutor";"Colisão transversal";"Com Vítimas Feridas";"Pleno dia";"Crescente";"Sol";"Dupla";"Reta";"Sim";3;0;0;2;0;1;2;3;-7,02798;-34,8394;"SPRF-PB";"DEL01-PB";"UOP01-DEL01-PB"
777234;2026-06-08;"segunda-feira";"11:20:00";"RJ";116;169;"RIO DE JANEIRO";"Ausência de reação do condutor";"Colisão traseira";"Com Vítimas Feridas";"Pleno dia";"Decrescente";"Céu Claro";"Múltipla";"Aclive;Curva;Interseção de Vias;Viaduto";"Sim";4;0;3;0;1;0;3;2;-22,81879064;-43,32080841;"SPRF-RJ";"DEL06/RJ";"UOP01-DEL06-RJ"
777235;2026-05-15;"sexta-feira";"14:56:00";"SC";101;165,5;"TIJUCAS";"Demais falhas mecânicas ou elétricas";"Incêndio";"Sem Vítimas";"Pleno dia";"Decrescente";"Chuva";"Dupla";"Reta";"Não";1;0;0;0;1;0;0;1;-27,25783;-48,63161;"SPRF-SC";"DEL04/SC";"UOP03-DEL04-SC"
777237;2026-06-08;"segunda-feira";"16:30:00";"SC";101;149,6;"ITAPEMA";"Acessar a via sem observar a presença dos outros veículos";"Colisão transversal";"Com Vítimas Feridas";"Pleno dia";"Decrescente";"Nublado";"Múltipla";"Reta";"Sim";2;0;0;1;1;0;1;2;-27,1123;-48,61056;"SPRF-SC";"DEL04/SC";"UOP03-DEL04-SC"
777238;2026-06-08;"segunda-feira";"16:30:00";"SC";101;214,5;"PALHOCA";"Condutor deixou de manter distância do veículo da frente";"Colisão lateral mesmo sentido";"Com Vítimas Feridas";"Pleno dia";"Decrescente";"Céu Claro";"Múltipla";"Reta";"Sim";2;0;1;0;1;0;1;2;-27,64973;-48,67389;"SPRF-SC";"DEL01/SC";"UOP02-DEL01-SC"
777240;2026-06-08;"segunda-feira";"17:30:00";"PR";369;143;"IBIPORA";"Condutor deixou de manter distância do veículo da frente";"Colisão traseira";"Com Vítimas Feridas";"Pleno dia";"Crescente";"Céu Claro";"Simples";"Reta";"Sim";2;0;1;1;0;0;2;2;-23,29250835;-51,09212749;"SPRF-PR";"DEL07/PR";"UOP01-DEL07-PR"
777241;2026-06-08;"segunda-feira";"16:36:00";"RN";304;190;"LAJES";"Reação tardia ou ineficiente do condutor";"Colisão traseira";"Com Vítimas Feridas";"Pleno dia";"Decrescente";"Céu Claro";"Simples";"Reta";"Não";4;0;1;1;2;0;2;2;-5,70329852;-36,25311255;"SPRF-RN";"DEL01-RN";"UOP03-DEL01-RN"
777242;2026-06-08;"segunda-feira";"16:30:00";"PA";230;123;"MARABA";"Acessar a via sem observar a presença dos outros veículos";"Colisão transversal";"Com Vítimas Feridas";"Pleno dia";"Decrescente";"Céu Claro";"Dupla";"Interseção de Vias;Reta";"Sim";2;0;1;0;1;0;1;2;-5,370492;-49,131427;"SPRF-PA";"DEL03/PA";"UOP01-DEL03-PA"
777243;2026-06-08;"segunda-feira";"17:30:00";"RN";304;299;"MACAIBA";"Acessar a via sem observar a presença dos outros veículos";"Colisão transversal";"Com Vítimas Feridas";"Anoitecer";"Crescente";"Céu Claro";"Dupla";"Retorno Regulamentado;Reta";"Não";3;0;3;0;0;0;3;2;-5,871043;-35,324338;"SPRF-RN";"DEL01-RN";"UOP02-DEL01-RN"
777244;2026-06-08;"segunda-feira";"16:15:00";"MS";376;4;"DOURADOS";"Acessar a via sem observar a presença dos outros veículos";"Colisão transversal";"Com Vítimas Feridas";"Pleno dia";"Decrescente";"Céu Claro";"Simples";"Interseção de Vias;Reta";"Não";2;0;0;1;1;0;1;2;-22,224969;-54,666144;"SPRF-MS";"DEL04/MS";"UOP01-DEL04-MS"
777245;2026-06-08;"segunda-feira";"16:10:00";"MG";381;881,5;"ESTIVA";"Ausência de reação do condutor";"Colisão com objeto";"Com Vítimas Feridas";"Pleno dia";"Decrescente";"Céu Claro";"Dupla";"Aclive;Reta";"Sim";1;0;1;0;0;0;1;1;-22,46800965;-46,01032287;"SPRF-MG";"DEL16/MG";"UOP01-DEL16-MG"
777246;2026-06-08;"segunda-feira";"16:51:00";"TO";153;141;"ARAGUAINA";"Reação tardia ou ineficiente do condutor";"Colisão lateral mesmo sentido";"Sem Vítimas";"Pleno dia";"Crescente";"Céu Claro";"Dupla";"Reta";"Sim";4;0;0;0;2;2;0;4;-7,181114;-48,224143;"SPRF-TO";"DEL02-TO";"UOP01-DEL02-TO"
777247;2026-06-08;"segunda-feira";"17:20:00";"PB";101;82,6;"BAYEUX";"Ausência de reação do condutor";"Colisão traseira";"Com Vítimas Feridas";"Anoitecer";"Crescente";"Céu Claro";"Dupla";"Viaduto;Reta";"Sim";2;0;1;0;1;0;1;2;-7,13172403;-34,93216753;"SPRF-PB";"DEL01-PB";"UOP01-DEL01-PB"
777248;2026-06-08;"segunda-feira";"17:20:00";"BA";324;623;"SALVADOR";"Condutor deixou de manter distância do veículo da frente";"Colisão lateral mesmo sentido";"Com Vítimas Feridas";"Anoitecer";"Decrescente";"Céu Claro";"Múltipla";"Reta";"Sim";4;0;2;0;2;0;2;3;-12,93277775;-38,47178757;"SPRF-BA";"DEL01/BA";"UOP01-DEL01-BA"
777249;2026-06-08;"segunda-feira";"17:50:00";"PE";232;127,4;"CARUARU";"Pedestre cruzava a pista fora da faixa";"Atropelamento de Pedestre";"Com Vítimas Fatais";"Plena Noite";"Decrescente";"Chuva";"Dupla";"Reta";"Sim";3;1;0;0;2;0;0;2;-8,30393;-35,97358;"SPRF-PE";"DEL02/PE";"UOP03-DEL02-PE"
777250;2026-06-08;"segunda-feira";"16:50:00";"MG";116;427;"ALPERCATA";"Mal súbito do condutor";"Saída de leito carroçável";"Com Vítimas Feridas";"Anoitecer";"Crescente";"Céu Claro";"Simples";"Aclive;Reta";"Não";1;0;1;0;0;0;1;1;-18,982361;-41,987284;"SPRF-MG";"DEL06/MG";"UOP01-DEL06-MG"
777251;2026-06-08;"segunda-feira";"17:00:00";"PR";373;254,8;"PRUDENTOPOLIS";"Acessar a via sem observar a presença dos outros veículos";"Colisão transversal";"Com Vítimas Feridas";"Anoitecer";"Decrescente";"Céu Claro";"Simples";"Reta";"Não";2;0;1;0;1;0;1;2;-25,18895;-50,89921;"SPRF-PR";"DEL03/PR";"UOP01-DEL03-PR"
777252;2026-06-08;"segunda-feira";"17:50:00";"GO";153;429;"ANAPOLIS";"Acostamento em desnível";"Tombamento";"Com Vítimas Feridas";"Anoitecer";"Crescente";"Céu Claro";"Dupla";"Aclive;Reta";"Sim";2;0;2;0;0;0;2;1;-16,25857;-48,987873;"SPRF-GO";"DEL02/GO";"UOP01-DEL02-GO"
777253;2026-06-08;"segunda-feira";"17:35:00";"PR";116;146,7;"MANDIRITUBA";"Condutor deixou de manter distância do veículo da frente";"Colisão lateral mesmo sentido";"Com Vítimas Feridas";"Anoitecer";"Decrescente";"Nublado";"Simples";"Curva";"Não";4;0;2;0;2;0;2;2;-25,8211147;-49,3346222;"SPRF-PR";"DEL01/PR";"UOP03-DEL01-PR"
777256;2026-06-08;"segunda-feira";"16:20:00";"MG";262;34,4;"MANHUACU";"Conversão proibida";"Colisão transversal";"Com Vítimas Feridas";"Pleno dia";"Decrescente";"Céu Claro";"Simples";"Reta;Aclive";"Sim";2;0;1;0;1;0;1;2;-20,256478;-42,027201;"SPRF-MG";"DEL06/MG";"UOP03-DEL06-MG"
777257;2026-06-08;"segunda-feira";"18:10:00";"SC";470;130,2;"LONTRAS";"Acessar a via sem observar a presença dos outros veículos";"Colisão transversal";"Com Vítimas Feridas";"Plena Noite";"Decrescente";"Céu Claro";"Simples";"Reta";"Não";2;0;1;0;1;0;1;2;-27,160518;-49,556482;"SPRF-SC";"DEL04/SC";"UOP02-DEL04-SC"
777258;2026-06-08;"segunda-feira";"17:30:00";"SP";116;145;"SAO JOSE DOS CAMPOS";"Manobra de mudança de faixa";"Colisão lateral mesmo sentido";"Com Vítimas Feridas";"Plena Noite";"Crescente";"Céu Claro";"Múltipla";"Reta";"Não";2;0;0;1;1;0;1;2;-23,18582;-45,85351;"SPRF-SP";"DEL02/SP";"UOP01-DEL02-SP"
777259;2026-06-08;"segunda-feira";"17:00:00";"BA";242;228;"ITABERABA";"Acessar a via sem observar a presença dos outros veículos";"Colisão frontal";"Sem Vítimas";"Anoitecer";"Decrescente";"Nublado";"Simples";"Reta";"Sim";2;0;0;0;2;0;0;2;-12,51637672;-40,28801791;"SPRF-BA";"DEL06/BA";"UOP02-DEL06-BA"
777261;2026-06-08;"segunda-feira";"18:45:00";"ES";101;409,4;"ITAPEMIRIM";"Conversão proibida";"Colisão transversal";"Com Vítimas Feridas";"Plena Noite";"Crescente";"Céu Claro";"Simples";"Reta";"Sim";3;0;1;1;1;0;2;2;-20,89647079;-41,04882105;"SPRF-ES";"DEL03-ES";"UOP02-DEL03-ES"
777262;2026-06-08;"segunda-feira";"17:40:00";"ES";101;148,6;"LINHARES";"Acessar a via sem observar a presença dos outros veículos";"Colisão transversal";"Com Vítimas Feridas";"Anoitecer";"Crescente";"Céu Claro";"Múltipla";"Declive;Reta";"Sim";2;0;2;0;0;0;2;2;-19,3948685;-40,06527948;"SPRF-ES";"DEL04-ES";"UOP01-DEL04-ES"
777263;2026-06-08;"segunda-feira";"18:21:00";"MG";116;412,5;"GOVERNADOR VALADARES";"Acessar a via sem observar a presença dos outros veículos";"Colisão transversal";"Com Vítimas Feridas";"Plena Noite";"Decrescente";"Céu Claro";"Simples";"Retorno Regulamentado;Reta;Interseção de Vias";"Sim";2;0;0;1;1;0;1;2;-18,87707;-41,96319;"SPRF-MG";"DEL06/MG";"UOP01-DEL06-MG"
777265;2026-06-08;"segunda-feira";"18:30:00";"RS";386;231,4;"SOLEDADE";"Avarias e/ou desgaste excessivo no pneu";"Incêndio";"Sem Vítimas";"Plena Noite";"Decrescente";"Céu Claro";"Simples";"Reta";"Não";15;0;0;0;15;0;0;1;-28,70719;-52,5778;"SPRF-RS";"DEL04/RS";"UOP03-DEL04-RS"
777266;2026-06-08;"segunda-feira";"17:55:00";"RJ";101;182,7;"CASIMIRO DE ABREU";"Condutor deixou de manter distância do veículo da frente";"Colisão traseira";"Com Vítimas Feridas";"Plena Noite";"Crescente";"Nublado";"Simples";"Reta";"Não";2;0;1;0;1;0;1;2;-22,425929;-42,014535;"SPRF-RJ";"DEL08/RJ";"UOP04-DEL08-RJ"
777269;2026-06-08;"segunda-feira";"19:00:00";"MG";381;423;"CAETE";"Manobra de mudança de faixa";"Colisão lateral mesmo sentido";"Com Vítimas Feridas";"Plena Noite";"Crescente";"Céu Claro";"Simples";"Reta";"Não";4;0;2;0;2;0;2;2;-19,78673408;-43,68644714;"SPRF-MG";"DEL01/MG";"UOP01-DEL01-MG"
777271;2026-06-08;"segunda-feira";"19:10:00";"GO";60;32,8;"ALEXANIA";"Condutor deixou de manter distância do veículo da frente";"Colisão traseira";"Com Vítimas Feridas";"Plena Noite";"Crescente";"Céu Claro";"Dupla";"Reta;Declive";"Não";2;0;0;1;1;0;1;2;-16,0953;-48,51893;"SPRF-DF";"DEL03-DF";"UOP01-DEL03-DF"
777273;2026-06-08;"segunda-feira";"19:40:00";"MG";40;556;"NOVA LIMA";"Manobra de mudança de faixa";"Colisão lateral mesmo sentido";"Com Vítimas Feridas";"Plena Noite";"Crescente";"Céu Claro";"Dupla";"Reta";"Sim";2;0;1;0;1;0;1;2;-20,08179125;-43,97920042;"SPRF-MG";"DEL01/MG";"UOP02-DEL01-MG"
777275;2026-06-08;"segunda-feira";"18:12:00";"CE";222;266;"COREAU";"Deficiência do Sistema de Iluminação/Sinalização";"Colisão traseira";"Com Vítimas Fatais";"Plena Noite";"Crescente";"Céu Claro";"Simples";"Reta";"Não";4;2;0;1;1;0;1;2;-3,7502447;-40,71179152;"SPRF-CE";"DEL04/CE";"UOP02-DEL04-CE"
777277;2026-06-08;"segunda-feira";"19:50:00";"RJ";116;176;"SAO JOAO DE MERITI";"Manobra de mudança de faixa";"Queda de ocupante de veículo";"Com Vítimas Feridas";"Plena Noite";"Crescente";"Céu Claro";"Dupla";"Reta";"Sim";2;0;1;0;1;0;1;2;-22,7915;-43,368917;"SPRF-RJ";"DEL06/RJ";"UOP01-DEL06-RJ"
777279;2026-06-08;"segunda-feira";"20:30:00";"GO";414;328;"COCALZINHO DE GOIAS";"Pedestre andava na pista";"Atropelamento de Pedestre";"Com Vítimas Feridas";"Plena Noite";"Crescente";"Céu Claro";"Simples";"Reta";"Não";2;0;1;0;1;0;1;2;-15,39738078;-48,6347115;"SPRF-GO";"DEL02/GO";"UOP01-DEL02-GO"
777281;2026-06-08;"segunda-feira";"20:20:00";"ES";101;338,1;"GUARAPARI";"Pista esburacada";"Tombamento";"Com Vítimas Feridas";"Plena Noite";"Decrescente";"Céu Claro";"Dupla";"Reta";"Não";1;0;1;0;0;0;1;1;-20,641;-40,55;"SPRF-ES";"DEL03-ES";"UOP01-DEL03-ES"
777287;2026-06-05;"sexta-feira";"22:00:00";"PA";316;65,3;"CASTANHAL";"Condutor desrespeitou a iluminação vermelha do semáforo";"Colisão transversal";"Com Vítimas Feridas";"Plena Noite";"Crescente";"Céu Claro";"Dupla";"Reta";"Sim";3;0;1;0;1;1;1;2;-1,295685;-47,908135;"SPRF-PA";"DEL01/PA";"UOP01-DEL01-PA"
777288;2026-06-08;"segunda-feira";"18:35:00";"RJ";40;109;"DUQUE DE CAXIAS";"Acessar a via sem observar a presença dos outros veículos";"Colisão traseira";"Com Vítimas Feridas";"Plena Noite";"Decrescente";"Céu Claro";"Dupla";"Reta";"Sim";2;0;1;0;1;0;1;2;-22,75924;-43,29231;"SPRF-RJ";"DEL01/RJ";"UOP02-DEL01-RJ"
777289;2026-06-08;"segunda-feira";"18:30:00";"MT";70;513,3;"VARZEA GRANDE";"Pista Escorregadia";"Tombamento";"Com Vítimas Feridas";"Plena Noite";"Crescente";"Céu Claro";"Dupla";"Em Obras";"Não";2;0;2;0;0;0;2;1;-15,70493;-56,12189;"SPRF-MT";"DEL01/MT";"UOP02-DEL01-MT"
777290;2026-06-08;"segunda-feira";"20:30:00";"MG";262;34,6;"MANHUACU";"Desrespeitar a preferência no cruzamento";"Tombamento";"Com Vítimas Feridas";"Plena Noite";"Decrescente";"Céu Claro";"Simples";"Curva;Rotatória";"Sim";2;0;1;0;1;0;1;2;-20,256078;-42,028875;"SPRF-MG";"DEL06/MG";"UOP03-DEL06-MG"
777291;2026-06-08;"segunda-feira";"21:05:00";"PR";376;497,3;"PONTA GROSSA";"Reação tardia ou ineficiente do condutor";"Colisão com objeto";"Com Vítimas Feridas";"Plena Noite";"Decrescente";"Céu Claro";"Dupla";"Reta";"Sim";1;0;1;0;0;0;1;1;-25,17441;-50,10399;"SPRF-PR";"DEL03/PR";"UOP03-DEL03-PR"
777292;2026-06-08;"segunda-feira";"18:25:00";"RS";468;105,1;"TRES PASSOS";"Reação tardia ou ineficiente do condutor";"Saída de leito carroçável";"Com Vítimas Feridas";"Plena Noite";"Crescente";"Chuva";"Dupla";"Reta";"Sim";1;0;0;1;0;0;1;1;-27,441482;-53,950367;"SPRF-RS";"DEL08/RS";"UOP02-DEL08-RS"
777293;2026-06-08;"segunda-feira";"22:00:00";"SP";116;231;"SAO PAULO";"Reação tardia ou ineficiente do condutor";"Tombamento";"Com Vítimas Feridas";"Plena Noite";"Crescente";"Ignorado";"Múltipla";"Reta";"Sim";1;0;1;0;0;0;1;1;-23,52205864;-46,58530099;"SPRF-SP";"DEL01/SP";"UOP01-DEL01-SP"
777299;2026-06-08;"segunda-feira";"21:35:00";"MS";163;492,5;"CAMPO GRANDE";"Manobra de mudança de faixa";"Colisão lateral mesmo sentido";"Com Vítimas Feridas";"Plena Noite";"Crescente";"Céu Claro";"Dupla";"Reta";"Não";2;0;1;0;1;0;1;2;-20,38500527;-54,5442423;"SPRF-MS";"DEL01/MS";"UOP02-DEL01-MS"
777300;2026-06-08;"segunda-feira";"22:00:00";"SC";101;136;"BALNEARIO CAMBORIU";"Reação tardia ou ineficiente do condutor";"Tombamento";"Com Vítimas Feridas";"Plena Noite";"Crescente";"Céu Claro";"Dupla";"Curva";"Sim";1;0;0;1;0;0;1;1;-27,00819389;-48,62063348;"SPRF-SC";"DEL04/SC";"UOP03-DEL04-SC"
777301;2026-06-08;"segunda-feira";"16:30:00";"BA";101;312;"PRESIDENTE TANCREDO NEVES";"Demais falhas mecânicas ou elétricas";"Incêndio";"Sem Vítimas";"Anoitecer";"Decrescente";"Sol";"Simples";"Reta";"Não";1;0;0;0;1;0;0;1;-13,36194291;-39,3747616;"SPRF-BA";"DEL05/BA";"UOP03-DEL05-BA"
777302;2026-06-08;"segunda-feira";"22:50:00";"RS";158;205,8;"CRUZ ALTA";"Demais falhas mecânicas ou elétricas";"Saída de leito carroçável";"Com Vítimas Feridas";"Plena Noite";"Crescente";"Céu Claro";"Simples";"Interseção de Vias";"Não";1;0;1;0;0;0;1;1;-28,7375735;-53,59696118;"SPRF-RS";"DEL10/RS";"UOP02-DEL10-RS"
777305;2026-06-08;"segunda-feira";"23:00:00";"DF";20;8;"BRASILIA";"Velocidade Incompatível";"Saída de leito carroçável";"Com Vítimas Feridas";"Plena Noite";"Decrescente";"Céu Claro";"Dupla";"Aclive;Reta";"Sim";3;0;3;0;0;0;3;1;-15,6573438;-47,7885151;"SPRF-DF";"DEL02-DF";"UOP01-DEL02-DF"
777306;2026-06-08;"segunda-feira";"21:50:00";"MT";163;836;"SINOP";"Conversão proibida";"Colisão transversal";"Com Vítimas Feridas";"Plena Noite";"Crescente";"Céu Claro";"Simples";"Reta";"Sim";6;0;1;0;4;1;1;3;-11,84889;-55,49197;"SPRF-MT";"DEL06/MT";"UOP02-DEL06-MT"
777307;2026-06-08;"segunda-feira";"20:40:00";"MG";365;752;"ITUIUTABA";"Acumulo de areia ou detritos sobre o pavimento";"Queda de ocupante de veículo";"Com Vítimas Feridas";"Plena Noite";"Crescente";"Céu Claro";"Dupla";"Reta";"Sim";2;0;1;0;1;0;1;1;-18,96549079;-49,49011225;"SPRF-MG";"DEL15/MG";"UOP03-DEL15-MG"
777309;2026-06-08;"segunda-feira";"22:00:00";"MS";60;394,5;"SIDROLANDIA";"Demais falhas mecânicas ou elétricas";"Incêndio";"Sem Vítimas";"Plena Noite";"Crescente";"Céu Claro";"Simples";"Reta";"Não";1;0;0;0;0;1;0;1;-20,753316;-54,785148;"SPRF-MS";"DEL01/MS";"UOP04-DEL01-MS"
777310;2026-06-08;"segunda-feira";"23:00:00";"MG";40;511;"RIBEIRAO DAS NEVES";"Animais na Pista";"Atropelamento de Animal";"Com Vítimas Feridas";"Plena Noite";"Decrescente";"Céu Claro";"Dupla";"Reta";"Sim";1;0;1;0;0;0;1;1;-19,781105;-44,1177733;"SPRF-MG";"DEL01/MG";"UOP02-DEL01-MG"
777311;2026-06-08;"segunda-feira";"20:40:00";"RO";364;422;"JARU";"Velocidade Incompatível";"Queda de ocupante de veículo";"Com Vítimas Feridas";"Plena Noite";"Crescente";"Céu Claro";"Simples";"Reta";"Sim";1;0;0;1;0;0;1;1;-10,45417;-62,45945;"SPRF-RO";"DEL03-RO";"UOP02-DEL03-RO"
777313;2026-06-08;"segunda-feira";"23:15:00";"PE";424;2;"ARCOVERDE";"Animais na Pista";"Atropelamento de Animal";"Com Vítimas Feridas";"Plena Noite";"Crescente";"Garoa/Chuvisco";"Simples";"Reta";"Não";1;0;0;1;0;0;1;1;-8,446807;-37,05397;"SPRF-PE";"DEL04/PE";"UOP02-DEL04-PE"
777314;2026-06-09;"terça-feira";"01:00:00";"RJ";116;184;"NOVA IGUACU";"Iluminação deficiente";"Colisão traseira";"Com Vítimas Feridas";"Plena Noite";"Decrescente";"Céu Claro";"Múltipla";"Reta;Desvio Temporário;Em Obras;Aclive";"Sim";2;0;1;0;1;0;1;2;-22,746039;-43,446774;"SPRF-RJ";"DEL06/RJ";"UOP01-DEL06-RJ"
777316;2026-06-09;"terça-feira";"02:00:00";"MT";174;299;"PONTES E LACERDA";"Reação tardia ou ineficiente do condutor";"Saída de leito carroçável";"Sem Vítimas";"Plena Noite";"Decrescente";"Céu Claro";"Simples";"Declive;Reta";"Não";2;0;0;0;2;0;0;1;-15,2564599;-59,3070417;"SPRF-MT";"DEL04/MT";"UOP01-DEL04-MT"
777319;2026-06-09;"terça-feira";"04:50:00";"SC";101;205;"SAO JOSE";"Reação tardia ou ineficiente do condutor";"Colisão com objeto";"Com Vítimas Feridas";"Amanhecer";"Crescente";"Garoa/Chuvisco";"Múltipla";"Reta";"Sim";1;0;1;0;0;0;1;1;-27,58168524;-48,61465065;"SPRF-SC";"DEL01/SC";"UOP01-DEL01-SC"
777320;2026-06-09;"terça-feira";"05:20:00";"MG";381;786;"SAO GONCALO DO SAPUCAI";"Ausência de reação do condutor";"Queda de ocupante de veículo";"Com Vítimas Feridas";"Plena Noite";"Decrescente";"Céu Claro";"Dupla";"Reta";"Não";1;0;0;1;0;0;1;1;-21,84715;-45,519221;"SPRF-MG";"DEL16/MG";"UOP02-DEL16-MG"
777321;2026-06-09;"terça-feira";"00:10:00";"RN";226;98;"SANTA CRUZ";"Demais falhas mecânicas ou elétricas";"Incêndio";"Sem Vítimas";"Plena Noite";"Crescente";"Céu Claro";"Simples";"Reta";"Não";1;0;0;0;0;1;0;1;-6,26303964;-35,90468153;"SPRF-RN";"DEL03-RN";"UOP02-DEL03-RN"
777322;2026-06-04;"quinta-feira";"07:30:00";"MG";40;363,8;"FELIXLANDIA";"Condutor deixou de manter distância do veículo da frente";"Engavetamento";"Com Vítimas Feridas";"Pleno dia";"Decrescente";"Céu Claro";"Simples";"Reta";"Não";6;0;2;0;4;0;2;4;-18,77561;-44,82642;"SPRF-MG";"DEL02/MG";"UOP01-DEL02-MG"
777323;2026-06-08;"segunda-feira";"21:50:00";"RJ";116;1;"CARMO";"Acessar a via sem observar a presença dos outros veículos";"Colisão transversal";"Com Vítimas Feridas";"Plena Noite";"Decrescente";"Nublado";"Simples";"Curva;Interseção de Vias";"Sim";2;0;1;0;1;0;1;2;-21,87674357;-42,66743213;"SPRF-RJ";"DEL05/RJ";"UOP01-DEL05-RJ"
777325;2026-06-09;"terça-feira";"06:30:00";"PR";277;257,2;"IRATI";"Ausência de reação do condutor";"Saída de leito carroçável";"Com Vítimas Feridas";"Amanhecer";"Decrescente";"Céu Claro";"Simples";"Reta";"Não";1;0;0;1;0;0;1;1;-25,443954;-50,681858;"SPRF-PR";"DEL08/PR";"UOP02-DEL08-PR"
777326;2026-06-09;"terça-feira";"06:30:00";"SC";470;55,5;"BLUMENAU";"Ausência de reação do condutor";"Atropelamento de Pedestre";"Com Vítimas Feridas";"Amanhecer";"Crescente";"Garoa/Chuvisco";"Simples";"Reta;Em Obras";"Não";2;0;1;0;1;0;1;2;-26,87635065;-49,12332622;"SPRF-SC";"DEL04/SC";"UOP01-DEL04-SC"
777328;2026-06-09;"terça-feira";"06:30:00";"DF";20;7;"BRASILIA";"Condutor deixou de manter distância do veículo da frente";"Colisão traseira";"Com Vítimas Feridas";"Pleno dia";"Decrescente";"Céu Claro";"Dupla";"Reta";"Sim";2;0;1;0;1;0;1;2;-15,65857;-47,792568;"SPRF-DF";"DEL02-DF";"UOP01-DEL02-DF"
777329;2026-06-09;"terça-feira";"06:30:00";"MG";40;512,2;"RIBEIRAO DAS NEVES";"Transitar no Acostamento";"Colisão com objeto";"Com Vítimas Feridas";"Pleno dia";"Decrescente";"Céu Claro";"Dupla";"Reta";"Não";2;0;0;1;0;1;1;2;-19,7863;-44,1145;"SPRF-MG";"DEL01/MG";"UOP02-DEL01-MG"
777331;2026-06-09;"terça-feira";"06:55:00";"GO";153;536;"HIDROLANDIA";"Ausência de reação do condutor";"Saída de leito carroçável";"Com Vítimas Feridas";"Pleno dia";"Decrescente";"Céu Claro";"Dupla";"Reta";"Não";2;0;1;1;0;0;2;1;-16,96084411;-49,24061895;"SPRF-GO";"DEL01/GO";"UOP03-DEL01-GO"
777333;2026-06-08;"segunda-feira";"22:40:00";"SC";470;98;"APIUNA";"Condutor deixou de manter distância do veículo da frente";"Colisão transversal";"Com Vítimas Feridas";"Plena Noite";"Crescente";"Ignorado";"Simples";"Reta";"Sim";2;0;1;0;1;0;1;2;-27,032425;-49,385273;"SPRF-SC";"DEL04/SC";"UOP02-DEL04-SC"
777334;2026-06-09;"terça-feira";"06:00:00";"SC";101;79;"ARAQUARI";"Acessar a via sem observar a presença dos outros veículos";"Colisão lateral mesmo sentido";"Com Vítimas Feridas";"Amanhecer";"Crescente";"Chuva";"Dupla";"Reta";"Sim";2;0;1;0;1;0;1;2;-26,55536481;-48,72024536;"SPRF-SC";"DEL03/SC";"UOP02-DEL03-SC"
777335;2026-06-09;"terça-feira";"07:30:00";"DF";70;16;"BRASILIA";"Reação tardia ou ineficiente do condutor";"Colisão lateral mesmo sentido";"Com Vítimas Feridas";"Pleno dia";"Crescente";"Céu Claro";"Dupla";"Reta";"Não";3;0;0;1;2;0;1;3;-15,795418;-48,197896;"SPRF-DF";"DEL03-DF";"UOP02-DEL03-DF"