"id";"data_inversa";"dia_semana";"horario";"uf";"br";"km";"municipio";"causa_acidente";"tipo_acidente";"classificacao_acidente";"fase_dia";"sentido_via";"condicao_metereologica";"tipo_pista";"tracado_via";"uso_solo";"pessoas";"mortos";"feridos_leves";"feridos_graves";"ilesos";"ignorados";"feridos";"veiculos";"latitude";"longitude";"regional";"delegacia";"uop"
777336;2026-06-08;"segunda-feira";"19:00:00";"RO";364;424;"JARU";"Entrada inopinada do pedestre";"Atropelamento de Pedestre";"Com Vítimas Feridas";"Plena Noite";"Crescente";"Céu Claro";"Dupla";"Reta;Em Obras";"Sim";2;0;1;1;0;0;2;2;-10,44397;-62,46621;"SPRF-RO";"DEL03-RO";"UOP02-DEL03-RO"
777337;2026-06-09;"terça-feira";"07:50:00";"ES";101;296,4;"CARIACICA";"Manobra de mudança de faixa";"Colisão traseira";"Com Vítimas Feridas";"Pleno dia";"Decrescente";"Céu Claro";"Dupla";"Viaduto;Interseção de Vias";"Sim";2;0;1;0;1;0;1;2;-20,3433617;-40,4061333;"SPRF-ES";"DEL01-ES";"UOP01-DEL01-ES"
777339;2026-06-09;"terça-feira";"07:30:00";"DF";20;2;"BRASILIA";"Trafegar com motocicleta (ou similar) entre as faixas";"Colisão lateral mesmo sentido";"Com Vítimas Feridas";"Pleno dia";"Decrescente";"Céu Claro";"Dupla";"Reta;Aclive";"Sim";2;0;1;0;1;0;1;2;-15,6816;-47,837655;"SPRF-DF";"DEL02-DF";"UOP01-DEL02-DF"
777340;2026-06-09;"terça-feira";"07:50:00";"PR";376;11,3;"MARINGA";"Manobra de mudança de faixa";"Colisão com objeto";"Com Vítimas Feridas";"Pleno dia";"Decrescente";"Nublado";"Dupla";"Aclive;Reta";"Não";3;0;1;1;1;0;2;3;-23,387974;-51,89709;"SPRF-PR";"DEL09/PR";"UOP01-DEL09-PR"
777341;2026-06-09;"terça-feira";"07:58:00";"SE";101;93;"NOSSA SENHORA DO SOCORRO";"Acumulo de água sobre o pavimento";"Queda de ocupante de veículo";"Com Vítimas Feridas";"Pleno dia";"Decrescente";"Nublado";"Múltipla";"Reta";"Sim";2;0;2;0;0;0;2;1;-10,90043;-37,143105;"SPRF-SE";"DEL01-SE";"UOP01-DEL01-SE"
777343;2026-06-09;"terça-feira";"08:00:00";"MG";40;520;"CONTAGEM";"Ultrapassagem Indevida";"Atropelamento de Pedestre";"Com Vítimas Feridas";"Pleno dia";"Crescente";"Céu Claro";"Dupla";"Reta";"Não";2;0;0;1;1;0;1;2;-19,84815728;-44,07284115;"SPRF-MG";"DEL01/MG";"UOP02-DEL01-MG"
777344;2026-06-09;"terça-feira";"07:00:00";"PR";277;698;"SAO MIGUEL DO IGUACU";"Acesso irregular";"Colisão traseira";"Sem Vítimas";"Amanhecer";"Crescente";"Nublado";"Dupla";"Reta";"Não";2;0;0;0;2;0;0;2;-25,40908959;-54,33318615;"SPRF-PR";"DEL05/PR";"UOP01-DEL05-PR"
777345;2026-06-09;"terça-feira";"07:50:00";"SP";116;280;"EMBU DAS ARTES";"Reação tardia ou ineficiente do condutor";"Colisão traseira";"Com Vítimas Feridas";"Pleno dia";"Decrescente";"Céu Claro";"Dupla";"Reta";"Sim";3;0;0;1;2;0;1;2;-23,64834133;-46,84357626;"SPRF-SP";"DEL04/SP";"UOP01-DEL04-SP"
777346;2026-06-09;"terça-feira";"08:00:00";"SC";101;198,5;"BIGUACU";"Condutor deixou de manter distância do veículo da frente";"Colisão lateral mesmo sentido";"Com Vítimas Feridas";"Pleno dia";"Decrescente";"Nublado";"Dupla";"Reta";"Não";2;0;1;0;1;0;1;2;-27,53080271;-48,63441467;"SPRF-SC";"DEL01/SC";"UOP01-DEL01-SC"
777350;2026-05-09;"sábado";"22:50:00";"PI";343;279,7;"CAMPO MAIOR";"Pedestre andava na pista";"Atropelamento de Pedestre";"Com Vítimas Feridas";"Amanhecer";"Crescente";"Nublado";"Simples";"Reta";"Não";5;0;0;1;4;0;1;2;-4,917695;-42,258145;"SPRF-PI";"DEL01-PI";"UOP03-DEL01-PI"
777351;2026-06-08;"segunda-feira";"19:15:00";"RJ";40;115;"DUQUE DE CAXIAS";"Ausência de reação do condutor";"Colisão frontal";"Com Vítimas Feridas";"Plena Noite";"Decrescente";"Céu Claro";"Múltipla";"Reta";"Sim";4;0;1;0;3;0;1;3;-22,73795;-43,28819;"SPRF-RJ";"DEL01/RJ";"UOP02-DEL01-RJ"
777352;2026-06-09;"terça-feira";"07:20:00";"RO";364;11;"VILHENA";"Ausência de reação do condutor";"Queda de ocupante de veículo";"Com Vítimas Feridas";"Pleno dia";"Decrescente";"Céu Claro";"Dupla";"Rotatória";"Sim";1;0;1;0;0;0;1;1;-12,7455814;-60,1150158;"SPRF-RO";"DEL04-RO";"UOP01-DEL04-RO"
777353;2026-04-08;"quarta-feira";"17:35:00";"MS";163;3,2;"MUNDO NOVO";"Transitar na contramão";"Colisão transversal";"Sem Vítimas";"Plena Noite";"Decrescente";"Céu Claro";"Dupla";"Reta";"Não";2;0;0;0;1;1;0;2;-24,022701;-54,29212;"SPRF-MS";"DEL09/MS";"UOP02-DEL09-MS"
777355;2026-06-09;"terça-feira";"07:30:00";"PR";376;182,5;"SARANDI";"Condutor deixou de manter distância do veículo da frente";"Colisão traseira";"Com Vítimas Feridas";"Pleno dia";"Decrescente";"Céu Claro";"Dupla";"Reta";"Sim";2;0;1;0;1;0;1;2;-23,43384043;-51,88401667;"SPRF-PR";"DEL09/PR";"UOP01-DEL09-PR"
777356;2026-06-09;"terça-feira";"07:30:00";"SP";116;530;"BARRA DO TURVO";"Condutor Dormindo";"Queda de ocupante de veículo";"Com Vítimas Feridas";"Pleno dia";"Decrescente";"Nublado";"Dupla";"Reta";"Não";2;0;1;0;1;0;1;1;-24,9533149;-48,32345579;"SPRF-SP";"DEL05/SP";"UOP02-DEL05-SP"
777357;2026-06-09;"terça-feira";"06:50:00";"MT";364;404;"CUIABA";"Acessar a via sem observar a presença dos outros veículos";"Colisão transversal";"Com Vítimas Feridas";"Pleno dia";"Decrescente";"Céu Claro";"Dupla";"Retorno Regulamentado";"Sim";2;0;1;0;1;0;1;2;-15,641772;-56,019985;"SPRF-MT";"DEL01/MT";"UOP02-DEL01-MT"
777359;2026-06-09;"terça-feira";"06:20:00";"SP";116;230;"SAO PAULO";"Ausência de reação do condutor";"Queda de ocupante de veículo";"Com Vítimas Feridas";"Amanhecer";"Crescente";"Ignorado";"Múltipla";"Reta";"Sim";2;0;1;0;0;1;1;2;-23,5149324;-46,57857347;"SPRF-SP";"DEL01/SP";"UOP01-DEL01-SP"
777362;2026-06-09;"terça-feira";"02:30:00";"PA";316;103;"SANTA MARIA DO PARA";"Acessar a via sem observar a presença dos outros veículos";"Colisão transversal";"Com Vítimas Feridas";"Plena Noite";"Crescente";"Céu Claro";"Simples";"Reta";"Sim";2;0;1;0;1;0;1;2;-1,341987;-47,553952;"SPRF-PA";"DEL01/PA";"UOP02-DEL01-PA"
777364;2026-06-09;"terça-feira";"09:30:00";"SC";282;4,8;"SAO JOSE";"Condutor deixou de manter distância do veículo da frente";"Colisão lateral mesmo sentido";"Com Vítimas Feridas";"Pleno dia";"Decrescente";"Céu Claro";"Dupla";"Reta";"Sim";3;0;1;0;2;0;1;3;-27,590053;-48,60974;"SPRF-SC";"DEL01/SC";"UOP01-DEL01-SC"
777365;2026-06-09;"terça-feira";"09:20:00";"PR";376;161,3;"MARINGA";"Desrespeitar a preferência no cruzamento";"Colisão transversal";"Com Vítimas Feridas";"Pleno dia";"Crescente";"Sol";"Dupla";"Interseção de Vias";"Sim";2;0;1;0;1;0;1;2;-23,36830845;-52,06647277;"SPRF-PR";"DEL09/PR";"UOP02-DEL09-PR"
777367;2026-06-09;"terça-feira";"09:35:00";"BA";324;320;"SALVADOR";"Ausência de reação do condutor";"Colisão traseira";"Sem Vítimas";"Pleno dia";"Crescente";"Céu Claro";"Múltipla";"Reta";"Não";4;0;0;0;4;0;0;2;-12,9186657;-38,4647427;"SPRF-BA";"DEL04/BA";"UOP02-DEL04-BA"
777368;2026-06-09;"terça-feira";"07:26:00";"RJ";101;331;"RIO DE JANEIRO";"Reação tardia ou ineficiente do condutor";"Colisão traseira";"Com Vítimas Feridas";"Pleno dia";"Crescente";"Céu Claro";"Múltipla";"Reta";"Não";3;0;1;0;2;0;1;3;-22,867548;-43,194295;"SPRF-RJ";"DEL02/RJ";"UOP01-DEL02-RJ"
777370;2026-06-09;"terça-feira";"10:00:00";"SP";116;208,9;"GUARULHOS";"Manobra de mudança de faixa";"Colisão lateral mesmo sentido";"Com Vítimas Feridas";"Pleno dia";"Crescente";"Sol";"Múltipla";"Reta;Declive";"Sim";2;0;1;0;1;0;1;2;-23,424219;-46,40021;"SPRF-SP";"DEL01/SP";"UOP01-DEL01-SP"
777371;2026-06-09;"terça-feira";"10:22:00";"CE";116;17,5;"EUSEBIO";"Manobra de mudança de faixa";"Queda de ocupante de veículo";"Com Vítimas Feridas";"Pleno dia";"Decrescente";"Sol";"Dupla";"Reta";"Sim";2;0;1;0;0;1;1;2;-3,901928;-38,504339;"SPRF-CE";"DEL01/CE";"UOP02-DEL01-CE"
777372;2026-06-08;"segunda-feira";"06:30:00";"RO";364;375;"OURO PRETO DO OESTE";"Ingestão de álcool pelo condutor";"Tombamento";"Com Vítimas Feridas";"Amanhecer";"Decrescente";"Céu Claro";"Simples";"Curva";"Não";1;0;1;0;0;0;1;1;-10,73485833;-62,1924417;"SPRF-RO";"DEL02-RO";"UOP01-DEL02-RO"
777373;2026-06-09;"terça-feira";"09:35:00";"BA";324;620;"SALVADOR";"Ausência de reação do condutor";"Colisão traseira";"Com Vítimas Feridas";"Pleno dia";"Crescente";"Céu Claro";"Múltipla";"Reta";"Sim";3;0;1;0;2;0;1;2;-12,9186657;-38,4647427;"SPRF-BA";"DEL01/BA";"UOP01-DEL01-BA"
777374;2026-06-09;"terça-feira";"10:15:00";"SC";480;128;"CHAPECO";"Velocidade Incompatível";"Capotamento";"Com Vítimas Feridas";"Pleno dia";"Decrescente";"Céu Claro";"Simples";"Reta";"Não";1;0;0;1;0;0;1;1;-27,0373931;-52,6366032;"SPRF-SC";"DEL07/SC";"UOP01-DEL07-SC"
777376;2026-06-09;"terça-feira";"09:00:00";"MG";262;49,7;"MANHUACU";"Ausência de reação do condutor";"Engavetamento";"Com Vítimas Feridas";"Pleno dia";"Crescente";"Céu Claro";"Simples";"Curva";"Não";5;0;1;0;4;0;1;3;-20,24530938;-42,13981926;"SPRF-MG";"DEL06/MG";"UOP03-DEL06-MG"
777377;2026-06-09;"terça-feira";"08:30:00";"RJ";493;115,5;"ITAGUAI";"Manobra de mudança de faixa";"Colisão lateral mesmo sentido";"Com Vítimas Feridas";"Pleno dia";"Crescente";"Céu Claro";"Dupla";"Reta";"Não";2;0;1;0;1;0;1;2;-22,8156746;-43,80261596;"SPRF-RJ";"DEL03/RJ";"UOP01-DEL03-RJ"
777378;2026-06-09;"terça-feira";"09:30:00";"MG";40;43;"PARACATU";"Reação tardia ou ineficiente do condutor";"Queda de ocupante de veículo";"Com Vítimas Feridas";"Pleno dia";"Crescente";"Céu Claro";"Simples";"Reta";"Sim";1;0;0;1;0;0;1;1;-17,23107062;-46,854164;"SPRF-MG";"DEL14/MG";"UOP01-DEL14-MG"
777379;2026-06-09;"terça-feira";"10:05:00";"SP";116;279;"EMBU DAS ARTES";"Condutor deixou de manter distância do veículo da frente";"Colisão traseira";"Com Vítimas Feridas";"Pleno dia";"Decrescente";"Céu Claro";"Dupla";"Reta";"Sim";2;0;0;1;1;0;1;2;-23,641398;-46,836715;"SPRF-SP";"DEL04/SP";"UOP01-DEL04-SP"
777380;2026-06-09;"terça-feira";"09:40:00";"MS";158;126,5;"APARECIDA DO TABOADO";"Manobra de mudança de faixa";"Colisão frontal";"Com Vítimas Fatais";"Pleno dia";"Crescente";"Céu Claro";"Simples";"Reta";"Não";2;2;0;0;0;0;0;2;-19,918895;-51,13291;"SPRF-MS";"DEL08/MS";"UOP01-DEL08-MS"
777381;2026-06-09;"terça-feira";"11:00:00";"GO";60;18;"ALEXANIA";"Ausência de reação do condutor";"Saída de leito carroçável";"Com Vítimas Feridas";"Pleno dia";"Crescente";"Céu Claro";"Dupla";"Curva";"Não";1;0;1;0;0;0;1;1;-16,114;-48,387678;"SPRF-DF";"DEL03-DF";"UOP01-DEL03-DF"
777382;2026-06-09;"terça-feira";"11:10:00";"RJ";393;259;"BARRA DO PIRAI";"Demais falhas mecânicas ou elétricas";"Incêndio";"Sem Vítimas";"Pleno dia";"Crescente";"Céu Claro";"Simples";"Reta";"Não";1;0;0;0;1;0;0;1;-22,471056;-43,870448;"SPRF-RJ";"DEL05/RJ";"UOP04-DEL05-RJ"
777383;2026-06-09;"terça-feira";"10:30:00";"PE";232;141;"SAO CAITANO";"Demais falhas mecânicas ou elétricas";"Saída de leito carroçável";"Com Vítimas Feridas";"Pleno dia";"Decrescente";"Céu Claro";"Dupla";"Declive";"Não";1;0;1;0;0;0;1;1;-8,322653;-36,094505;"SPRF-PE";"DEL03/PE";"UOP02-DEL03-PE"
777385;2026-06-09;"terça-feira";"09:20:00";"SC";280;111,8;"SAO BENTO DO SUL";"Reação tardia ou ineficiente do condutor";"Saída de leito carroçável";"Com Vítimas Feridas";"Pleno dia";"Decrescente";"Céu Claro";"Simples";"Declive;Curva";"Não";1;0;1;0;0;0;1;1;-26,30610587;-49,38980905;"SPRF-SC";"DEL06/SC";"UOP03-DEL06-SC"
777387;2026-06-09;"terça-feira";"10:41:00";"PB";230;96;"GURINHEM";"Ausência de reação do condutor";"Saída de leito carroçável";"Com Vítimas Feridas";"Pleno dia";"Decrescente";"Nublado";"Dupla";"Reta";"Não";2;0;0;2;0;0;2;1;-7,18689;-35,453388;"SPRF-PB";"DEL01-PB";"UOP02-DEL01-PB"
777390;2026-06-09;"terça-feira";"10:00:00";"MT";163;539;"DIAMANTINO";"Reação tardia ou ineficiente do condutor";"Saída de leito carroçável";"Com Vítimas Feridas";"Pleno dia";"Crescente";"Céu Claro";"Dupla";"Curva";"Não";1;0;1;0;0;0;1;1;-14,307219;-56,1386776;"SPRF-MT";"DEL01/MT";"UOP01-DEL01-MT"
777393;2026-05-09;"sábado";"07:00:00";"RJ";116;176;"SAO JOAO DE MERITI";"Reação tardia ou ineficiente do condutor";"Engavetamento";"Sem Vítimas";"Pleno dia";"Decrescente";"Céu Claro";"Dupla";"Reta";"Sim";2;0;0;0;2;0;0;2;-22,7831677;-43,3843025;"SPRF-RJ";"DEL06/RJ";"UOP01-DEL06-RJ"
777395;2026-04-26;"domingo";"15:00:00";"RJ";116;185;"NOVA IGUACU";"Reação tardia ou ineficiente do condutor";"Engavetamento";"Com Vítimas Feridas";"Pleno dia";"Decrescente";"Sol";"Dupla";"Interseção de Vias;Em Obras;Reta";"Sim";5;0;1;0;4;0;1;4;-22,7420386;-43,452763;"SPRF-RJ";"DEL06/RJ";"UOP01-DEL06-RJ"
777396;2026-06-09;"terça-feira";"11:40:00";"BA";367;24,1;"PORTO SEGURO";"Acessar a via sem observar a presença dos outros veículos";"Colisão transversal";"Com Vítimas Feridas";"Pleno dia";"Crescente";"Céu Claro";"Simples";"Interseção de Vias;Reta";"Sim";2;0;1;0;1;0;1;2;-16,437765;-39,082517;"SPRF-BA";"DEL09/BA";"UOP03-DEL09-BA"
777397;2026-05-06;"quarta-feira";"07:50:00";"BA";101;260;"SANTO ANTONIO DE JESUS";"Acesso irregular";"Colisão transversal";"Com Vítimas Feridas";"Pleno dia";"Crescente";"Garoa/Chuvisco";"Simples";"Aclive;Interseção de Vias;Curva";"Sim";3;0;2;0;0;1;2;2;-12,96464114;-39,27218355;"SPRF-BA";"DEL11/BA";"UOP01-DEL11-BA"
777398;2026-06-09;"terça-feira";"12:40:00";"BA";101;503;"ITABUNA";"Acesso irregular";"Colisão traseira";"Com Vítimas Feridas";"Pleno dia";"Decrescente";"Céu Claro";"Simples";"Reta;Declive";"Não";4;0;2;0;2;0;2;2;-14,775473;-39,288155;"SPRF-BA";"DEL05/BA";"UOP01-DEL05-BA"
777399;2026-06-09;"terça-feira";"12:40:00";"GO";50;295,9;"CATALAO";"Condutor Dormindo";"Colisão com objeto";"Com Vítimas Feridas";"Pleno dia";"Decrescente";"Céu Claro";"Dupla";"Reta;Declive";"Não";1;0;1;0;0;0;1;1;-18,29749121;-48,01074743;"SPRF-GO";"DEL06/GO";"UOP01-DEL06-GO"
777401;2026-06-09;"terça-feira";"10:45:00";"ES";101;287,5;"CARIACICA";"Avarias e/ou desgaste excessivo no pneu";"Tombamento";"Com Vítimas Feridas";"Pleno dia";"Decrescente";"Céu Claro";"Dupla";"Reta";"Sim";2;0;2;0;0;0;2;1;-20,26894047;-40,38923979;"SPRF-ES";"DEL01-ES";"UOP01-DEL01-ES"
777402;2026-06-09;"terça-feira";"11:20:00";"MS";262;356,9;"CAMPO GRANDE";"Transitar no Acostamento";"Colisão traseira";"Com Vítimas Feridas";"Pleno dia";"Crescente";"Céu Claro";"Simples";"Reta";"Sim";3;0;0;1;1;1;1;3;-20,486936;-54,744437;"SPRF-MS";"DEL01/MS";"UOP03-DEL01-MS"
777406;2026-06-09;"terça-feira";"13:20:00";"PR";376;643;"TIJUCAS DO SUL";"Demais falhas mecânicas ou elétricas";"Incêndio";"Sem Vítimas";"Pleno dia";"Crescente";"Nublado";"Dupla";"Reta";"Não";1;0;0;0;1;0;0;1;-25,789767;-49,127039;"SPRF-PR";"DEL01/PR";"UOP04-DEL01-PR"
777407;2026-06-09;"terça-feira";"13:30:00";"SP";101;11,3;"UBATUBA";"Ausência de reação do condutor";"Colisão com objeto";"Com Vítimas Feridas";"Pleno dia";"Decrescente";"Céu Claro";"Simples";"Reta";"Não";1;0;0;1;0;0;1;1;-23,36544058;-44,79859225;"SPRF-SP";"DEL06/SP";"UOP01-DEL06-SP"
777408;2026-06-09;"terça-feira";"11:30:00";"MT";163;820;"SINOP";"Objeto estático sobre o leito carroçável";"Queda de ocupante de veículo";"Com Vítimas Feridas";"Pleno dia";"Crescente";"Céu Claro";"Dupla";"Reta";"Não";2;0;2;0;0;0;2;1;-11,98749039;-55,51699586;"SPRF-MT";"DEL06/MT";"UOP02-DEL06-MT"
777410;2026-06-09;"terça-feira";"09:10:00";"MG";381;440;"SANTA LUZIA";"Velocidade Incompatível";"Tombamento";"Com Vítimas Feridas";"Pleno dia";"Crescente";"Céu Claro";"Simples";"Curva;Aclive";"Sim";1;0;1;0;0;0;1;1;-19,82439211;-43,81948861;"SPRF-MG";"DEL01/MG";"UOP01-DEL01-MG"
777412;2026-06-09;"terça-feira";"13:53:00";"PB";230;12;"SANTA RITA";"Ausência de reação do condutor";"Colisão traseira";"Com Vítimas Feridas";"Pleno dia";"Decrescente";"Céu Claro";"Dupla";"Reta";"Não";3;0;2;0;1;0;2;2;-7,07116;-34,9849453;"SPRF-PB";"DEL01-PB";"UOP01-DEL01-PB"
777413;2026-06-09;"terça-feira";"14:20:00";"GO";153;697;"ITUMBIARA";"Ausência de reação do condutor";"Colisão com objeto";"Sem Vítimas";"Pleno dia";"Crescente";"Céu Claro";"Simples";"Reta";"Sim";1;0;0;0;1;0;0;1;-18,3551817;-49,21790153;"SPRF-GO";"DEL03/GO";"UOP02-DEL03-GO"
777416;2026-06-09;"terça-feira";"12:20:00";"MA";226;245;"TUNTUM";"Ausência de reação do condutor";"Saída de leito carroçável";"Com Vítimas Feridas";"Pleno dia";"Crescente";"Céu Claro";"Simples";"Curva";"Não";2;0;1;0;1;0;1;1;-5,41877442;-44,90583301;"SPRF-MA";"DEL06-MA";"UOP01-DEL06-MA"
777417;2026-06-09;"terça-feira";"14:30:00";"ES";101;147,3;"LINHARES";"Condutor desrespeitou a iluminação vermelha do semáforo";"Colisão transversal";"Com Vítimas Feridas";"Pleno dia";"Crescente";"Céu Claro";"Simples";"Interseção de Vias;Reta";"Sim";3;0;0;1;2;0;1;2;-19,382324;-40,066914;"SPRF-ES";"DEL04-ES";"UOP01-DEL04-ES"
777420;2026-06-09;"terça-feira";"14:20:00";"SE";101;149,7;"ESTANCIA";"Transitar no Acostamento";"Colisão transversal";"Com Vítimas Feridas";"Pleno dia";"Decrescente";"Céu Claro";"Simples";"Reta";"Sim";2;0;0;1;1;0;1;2;-11,250997;-37,436392;"SPRF-SE";"DEL02-SE";"UOP01-DEL02-SE"
777422;2026-06-09;"terça-feira";"13:30:00";"RO";174;15;"VILHENA";"Velocidade Incompatível";"Colisão transversal";"Com Vítimas Feridas";"Pleno dia";"Crescente";"Céu Claro";"Dupla";"Reta";"Sim";2;0;0;1;1;0;1;2;-12,73358543;-60,1300215;"SPRF-RO";"DEL04-RO";"UOP01-DEL04-RO"
777424;2026-06-09;"terça-feira";"14:00:00";"RS";386;445;"CANOAS";"Entrada inopinada do pedestre";"Atropelamento de Pedestre";"Com Vítimas Feridas";"Pleno dia";"Crescente";"Garoa/Chuvisco";"Dupla";"Reta";"Não";2;0;1;0;1;0;1;2;-29,8938482;-51,188673;"SPRF-RS";"DEL01/RS";"UOP01-DEL01-RS"
777429;2026-06-09;"terça-feira";"14:24:00";"GO";60;36;"GOIANIA";"Manobra de mudança de faixa";"Colisão lateral mesmo sentido";"Com Vítimas Feridas";"Pleno dia";"Decrescente";"Céu Claro";"Dupla";"Reta";"Sim";3;0;2;0;1;0;2;2;-16,738274;-49,346241;"SPRF-GO";"DEL01/GO";"UOP02-DEL01-GO"
777430;2026-06-09;"terça-feira";"13:10:00";"RS";116;38,5;"VACARIA";"Velocidade Incompatível";"Colisão traseira";"Com Vítimas Feridas";"Pleno dia";"Decrescente";"Céu Claro";"Simples";"Interseção de Vias;Reta";"Sim";3;0;1;0;2;0;1;2;-28,50934;-50,92911;"SPRF-RS";"DEL05/RS";"UOP03-DEL05-RS"
777431;2026-06-09;"terça-feira";"14:50:00";"RS";290;86;"PORTO ALEGRE";"Manobra de mudança de faixa";"Colisão lateral mesmo sentido";"Com Vítimas Feridas";"Pleno dia";"Crescente";"Chuva";"Múltipla";"Reta";"Não";6;0;1;0;5;0;1;2;-29,96801818;-51,12435709;"SPRF-RS";"DEL01/RS";"UOP01-DEL01-RS"
777432;2026-06-09;"terça-feira";"11:00:00";"RJ";116;210;"SEROPEDICA";"Demais falhas mecânicas ou elétricas";"Incêndio";"Sem Vítimas";"Pleno dia";"Crescente";"Céu Claro";"Dupla";"Reta";"Não";1;0;0;0;1;0;0;1;-22,71475663;-43,72695923;"SPRF-RJ";"DEL06/RJ";"UOP02-DEL06-RJ"
777433;2026-06-09;"terça-feira";"13:55:00";"RJ";465;0;"SEROPEDICA";"Acessar a via sem observar a presença dos outros veículos";"Atropelamento de Pedestre";"Com Vítimas Feridas";"Pleno dia";"Decrescente";"Céu Claro";"Simples";"Reta";"Não";2;0;0;1;1;0;1;2;-22,71706703;-43,72847049;"SPRF-RJ";"DEL06/RJ";"UOP02-DEL06-RJ"
777434;2026-03-13;"sexta-feira";"20:30:00";"MA";230;376;"BALSAS";"Pista esburacada";"Queda de ocupante de veículo";"Com Vítimas Feridas";"Plena Noite";"Decrescente";"Céu Claro";"Simples";"Reta";"Não";2;0;0;2;0;0;2;1;-7,26100567;-45,91782189;"SPRF-MA";"DEL05-MA";"UOP01-DEL05-MA"
777435;2026-06-09;"terça-feira";"15:20:00";"PR";376;213;"MANDAGUARI";"Reação tardia ou ineficiente do condutor";"Colisão traseira";"Com Vítimas Feridas";"Pleno dia";"Crescente";"Sol";"Dupla";"Reta";"Não";2;0;0;1;1;0;1;2;-23,56461315;-51,65697683;"SPRF-PR";"DEL09/PR";"UOP01-DEL09-PR"
777437;2026-05-17;"domingo";"20:00:00";"PI";343;8,5;"PARNAIBA";"Desrespeitar a preferência no cruzamento";"Colisão transversal";"Com Vítimas Fatais";"Plena Noite";"Decrescente";"Céu Claro";"Simples";"Interseção de Vias;Rotatória";"Sim";2;1;0;0;0;1;0;2;-2,90037958;-41,72913663;"SPRF-PI";"DEL05-PI";"UOP01-DEL05-PI"
777439;2026-06-09;"terça-feira";"15:55:00";"SE";101;183,9;"UMBAUBA";"Acessar a via sem observar a presença dos outros veículos";"Colisão transversal";"Com Vítimas Feridas";"Pleno dia";"Decrescente";"Céu Claro";"Simples";"Declive;Reta";"Não";1;0;0;1;0;0;1;1;-11,38681;-37,66856;"SPRF-SE";"DEL02-SE";"UOP03-DEL02-SE"
777442;2026-06-09;"terça-feira";"16:10:00";"SP";116;147,8;"SAO JOSE DOS CAMPOS";"Ausência de reação do condutor";"Colisão traseira";"Com Vítimas Feridas";"Pleno dia";"Decrescente";"Nublado";"Múltipla";"Reta";"Sim";2;0;0;1;1;0;1;2;-23,19649978;-45,87408766;"SPRF-SP";"DEL02/SP";"UOP01-DEL02-SP"
777444;2026-06-09;"terça-feira";"17:15:00";"PE";104;63,4;"CARUARU";"Ausência de reação do condutor";"Colisão lateral mesmo sentido";"Com Vítimas Feridas";"Pleno dia";"Crescente";"Céu Claro";"Dupla";"Reta";"Sim";2;0;1;0;1;0;1;2;-8,26484059;-35,97758381;"SPRF-PE";"DEL02/PE";"UOP01-DEL02-PE"
777446;2026-06-09;"terça-feira";"16:45:00";"RJ";40;98;"DUQUE DE CAXIAS";"Reação tardia ou ineficiente do condutor";"Saída de leito carroçável";"Com Vítimas Feridas";"Pleno dia";"Decrescente";"Céu Claro";"Dupla";"Curva";"Não";1;0;0;1;0;0;1;1;-22,58907987;-43,27310685;"SPRF-RJ";"DEL01/RJ";"UOP01-DEL01-RJ"
777448;2026-03-22;"domingo";"09:00:00";"BA";101;160;"CONCEICAO DO JACUIPE";"Conversão proibida";"Tombamento";"Com Vítimas Feridas";"Pleno dia";"Crescente";"Céu Claro";"Simples";"Reta";"Sim";2;0;1;0;0;1;1;2;-12,3515484;-38,7752419;"SPRF-BA";"DEL11/BA";"UOP02-DEL11-BA"
777449;2026-06-09;"terça-feira";"17:40:00";"SC";101;208,8;"SAO JOSE";"Condutor deixou de manter distância do veículo da frente";"Colisão traseira";"Com Vítimas Feridas";"Anoitecer";"Decrescente";"Céu Claro";"Dupla";"Reta";"Sim";2;0;2;0;0;0;2;2;-27,60897;-48,63778;"SPRF-SC";"DEL01/SC";"UOP01-DEL01-SC"
777450;2026-06-09;"terça-feira";"16:30:00";"PR";163;7,1;"BARRACAO";"Ingestão de álcool pelo condutor";"Saída de leito carroçável";"Com Vítimas Feridas";"Pleno dia";"Decrescente";"Céu Claro";"Simples";"Reta;Em Obras";"Sim";1;0;0;1;0;0;1;1;-26,25837;-53,615943;"SPRF-PR";"DEL02/PR";"UOP02-DEL02-PR"
777452;2026-06-09;"terça-feira";"17:00:00";"SC";470;65,9;"INDAIAL";"Reação tardia ou ineficiente do condutor";"Colisão frontal";"Com Vítimas Feridas";"Pleno dia";"Decrescente";"Céu Claro";"Simples";"Reta";"Não";3;0;0;1;2;0;1;3;-26,87078409;-49,22087431;"SPRF-SC";"DEL04/SC";"UOP01-DEL04-SC"
777453;2026-06-09;"terça-feira";"17:50:00";"SP";116;223;"GUARULHOS";"Trafegar com motocicleta (ou similar) entre as faixas";"Colisão lateral mesmo sentido";"Com Vítimas Feridas";"Anoitecer";"Crescente";"Nublado";"Múltipla";"Reta";"Sim";2;0;1;0;1;0;1;2;-23,48175142;-46,53402615;"SPRF-SP";"DEL01/SP";"UOP01-DEL01-SP"
777455;2026-06-09;"terça-feira";"17:30:00";"MG";365;650;"UBERLANDIA";"Manobra de mudança de faixa";"Colisão com objeto";"Sem Vítimas";"Anoitecer";"Decrescente";"Céu Claro";"Dupla";"Declive;Reta";"Não";1;0;0;0;1;0;0;1;-18,869926;-48,555941;"SPRF-MG";"DEL15/MG";"UOP01-DEL15-MG"