"id";"data_inversa";"dia_semana";"horario";"uf";"br";"km";"municipio";"causa_acidente";"tipo_acidente";"classificacao_acidente";"fase_dia";"sentido_via";"condicao_metereologica";"tipo_pista";"tracado_via";"uso_solo";"pessoas";"mortos";"feridos_leves";"feridos_graves";"ilesos";"ignorados";"feridos";"veiculos";"latitude";"longitude";"regional";"delegacia";"uop"
777911;2026-06-11;"quinta-feira";"18:20:00";"MG";381;382,9;"BARAO DE COCAIS";"Reação tardia ou ineficiente do condutor";"Colisão lateral mesmo sentido";"Com Vítimas Feridas";"Plena Noite";"Decrescente";"Nublado";"Dupla";"Reta";"Não";4;0;2;0;2;0;2;2;-19,802645;-43,410658;"SPRF-MG";"DEL01/MG";"UOP01-DEL01-MG"
777914;2026-06-11;"quinta-feira";"17:20:00";"PI";343;329,9;"TERESINA";"Reação tardia ou ineficiente do condutor";"Saída de leito carroçável";"Com Vítimas Feridas";"Anoitecer";"Decrescente";"Céu Claro";"Simples";"Reta";"Não";2;0;0;2;0;0;2;1;-5,06211;-42,649557;"SPRF-PI";"DEL01-PI";"UOP01-DEL01-PI"
777916;2026-06-11;"quinta-feira";"15:39:00";"MG";381;562,9;"ITAGUARA";"Chuva";"Saída de leito carroçável";"Com Vítimas Feridas";"Pleno dia";"Decrescente";"Chuva";"Dupla";"Curva";"Não";2;0;1;0;1;0;1;1;-20,38584147;-44,48456955;"SPRF-MG";"DEL04/MG";"UOP03-DEL04-MG"
777917;2026-06-11;"quinta-feira";"17:30:00";"PE";101;128,9;"ESCADA";"Acessar a via sem observar a presença dos outros veículos";"Atropelamento de Pedestre";"Com Vítimas Fatais";"Anoitecer";"Decrescente";"Céu Claro";"Dupla";"Reta";"Sim";4;1;0;0;0;3;0;2;-8,38415;-35,24925;"SPRF-PE";"DEL01/PE";"UOP03-DEL01-PE"
777918;2026-06-11;"quinta-feira";"18:20:00";"MS";163;726;"COXIM";"Acessar a via sem observar a presença dos outros veículos";"Tombamento";"Com Vítimas Feridas";"Plena Noite";"Crescente";"Céu Claro";"Simples";"Reta";"Sim";2;0;1;0;1;0;1;1;-18,54022;-54,744661;"SPRF-MS";"DEL06/MS";"UOP01-DEL06-MS"
777919;2026-06-11;"quinta-feira";"15:50:00";"BA";101;55;"ENTRE RIOS";"Reação tardia ou ineficiente do condutor";"Capotamento";"Com Vítimas Feridas";"Pleno dia";"Crescente";"Céu Claro";"Dupla";"Declive";"Não";1;0;1;0;0;0;1;1;-11,896748;-38,03819;"SPRF-BA";"DEL01/BA";"UOP04-DEL01-BA"
777920;2026-06-11;"quinta-feira";"17:45:00";"PR";116;27;"CAMPINA GRANDE DO SUL";"Reação tardia ou ineficiente do condutor";"Atropelamento de Pedestre";"Com Vítimas Fatais";"Anoitecer";"Decrescente";"Nublado";"Dupla";"Curva;Aclive";"Não";2;1;0;0;0;1;0;2;-25,109883;-48,795562;"SPRF-PR";"DEL01/PR";"UOP02-DEL01-PR"
777921;2026-06-11;"quinta-feira";"19:58:00";"RN";101;96;"NATAL";"Avarias e/ou desgaste excessivo no pneu";"Queda de ocupante de veículo";"Com Vítimas Feridas";"Plena Noite";"Crescente";"Chuva";"Múltipla";"Reta";"Sim";1;0;1;0;0;0;1;1;-5,860563;-35,2135638;"SPRF-RN";"DEL01-RN";"UOP01-DEL01-RN"
777922;2026-06-11;"quinta-feira";"18:40:00";"DF";40;3;"BRASILIA";"Condutor deixou de manter distância do veículo da frente";"Colisão traseira";"Com Vítimas Feridas";"Plena Noite";"Crescente";"Ignorado";"Dupla";"Reta;Viaduto";"Sim";2;0;1;0;1;0;1;2;-16,00234;-47,98427;"SPRF-DF";"DEL01-DF";"UOP01-DEL01-DF"
777924;2026-06-11;"quinta-feira";"18:15:00";"GO";153;515;"HIDROLANDIA";"Ingestão de álcool pelo condutor";"Queda de ocupante de veículo";"Sem Vítimas";"Anoitecer";"Crescente";"Céu Claro";"Dupla";"Curva";"Sim";1;0;0;0;1;0;0;1;-16,87557469;-49,25206874;"SPRF-GO";"DEL01/GO";"UOP03-DEL01-GO"
777925;2026-06-11;"quinta-feira";"17:20:00";"RO";364;428,4;"JARU";"Acessar a via sem observar a presença dos outros veículos";"Colisão traseira";"Com Vítimas Fatais";"Pleno dia";"Decrescente";"Céu Claro";"Simples";"Declive;Reta";"Não";4;2;0;0;2;0;0;2;-10,419732;-62,498073;"SPRF-RO";"DEL03-RO";"UOP02-DEL03-RO"
777926;2026-06-11;"quinta-feira";"19:50:00";"SP";116;205;"ARUJA";"Demais falhas mecânicas ou elétricas";"Incêndio";"Sem Vítimas";"Plena Noite";"Crescente";"Nublado";"Simples";"Reta";"Sim";1;0;0;0;1;0;0;1;-23,41522965;-46,36852741;"SPRF-SP";"DEL01/SP";"UOP01-DEL01-SP"
777927;2026-06-11;"quinta-feira";"18:35:00";"MS";163;240;"DOURADOS";"Demais falhas mecânicas ou elétricas";"Saída de leito carroçável";"Sem Vítimas";"Plena Noite";"Decrescente";"Céu Claro";"Simples";"Reta";"Não";2;0;0;0;2;0;0;1;-22,382848;-54,792155;"SPRF-MS";"DEL04/MS";"UOP02-DEL04-MS"
777928;2026-06-11;"quinta-feira";"19:15:00";"RO";364;197,7;"PIMENTA BUENO";"Acessar a via sem observar a presença dos outros veículos";"Colisão transversal";"Com Vítimas Feridas";"Plena Noite";"Crescente";"Céu Claro";"Simples";"Reta;Interseção de Vias";"Sim";2;0;1;1;0;0;2;2;-11,67317;-61,190097;"SPRF-RO";"DEL02-RO";"UOP02-DEL02-RO"
777930;2026-06-11;"quinta-feira";"20:25:00";"RN";101;97,4;"NATAL";"Manobra de mudança de faixa";"Colisão lateral mesmo sentido";"Com Vítimas Feridas";"Plena Noite";"Crescente";"Chuva";"Dupla";"Reta";"Sim";2;0;1;0;1;0;1;2;-5,860582;-35,214542;"SPRF-RN";"DEL01-RN";"UOP01-DEL01-RN"
777932;2026-06-11;"quinta-feira";"19:00:00";"SC";282;325,3;"CAMPOS NOVOS";"Condutor deixou de manter distância do veículo da frente";"Colisão traseira";"Com Vítimas Feridas";"Pleno dia";"Decrescente";"Céu Claro";"Simples";"Reta";"Não";3;0;3;0;0;0;3;2;-27,377357;-51,064293;"SPRF-SC";"DEL07/SC";"UOP06-DEL07-SC"
777933;2026-06-11;"quinta-feira";"17:30:00";"MT";70;286;"PRIMAVERA DO LESTE";"Reação tardia ou ineficiente do condutor";"Colisão traseira";"Com Vítimas Feridas";"Pleno dia";"Decrescente";"Céu Claro";"Simples";"Reta";"Não";2;0;1;0;1;0;1;2;-15,574725;-54,337183;"SPRF-MT";"DEL05/MT";"UOP01-DEL05-MT"
777934;2026-06-11;"quinta-feira";"19:05:00";"PE";423;83,6;"JUCATI";"Condutor Dormindo";"Colisão lateral sentido oposto";"Com Vítimas Feridas";"Plena Noite";"Crescente";"Céu Claro";"Simples";"Declive;Reta";"Não";2;0;1;0;1;0;1;2;-8,79557;-36,436855;"SPRF-PE";"DEL03/PE";"UOP01-DEL03-PE"
777935;2026-06-11;"quinta-feira";"18:45:00";"PE";423;83,8;"JUCATI";"Transitar na contramão";"Colisão lateral sentido oposto";"Com Vítimas Feridas";"Plena Noite";"Crescente";"Céu Claro";"Simples";"Reta";"Não";2;0;1;0;1;0;1;2;-8,79706;-36,437617;"SPRF-PE";"DEL03/PE";"UOP01-DEL03-PE"
777937;2026-06-11;"quinta-feira";"18:10:00";"PB";101;82;"BAYEUX";"Manobra de mudança de faixa";"Colisão lateral mesmo sentido";"Com Vítimas Feridas";"Plena Noite";"Crescente";"Nublado";"Dupla";"Reta";"Sim";3;0;0;1;2;0;1;2;-7,130085;-34,934938;"SPRF-PB";"DEL01-PB";"UOP01-DEL01-PB"
777938;2026-06-11;"quinta-feira";"18:35:00";"MT";174;12;"PONTES E LACERDA";"Animais na Pista";"Atropelamento de Animal";"Com Vítimas Feridas";"Plena Noite";"Decrescente";"Céu Claro";"Simples";"Reta";"Não";1;0;1;0;0;0;1;1;-15,201852;-59,400141;"SPRF-MT";"DEL04/MT";"UOP01-DEL04-MT"
777939;2026-06-11;"quinta-feira";"18:39:00";"AC";364;123;"RIO BRANCO";"Manobra de mudança de faixa";"Colisão lateral mesmo sentido";"Com Vítimas Feridas";"Plena Noite";"Crescente";"Céu Claro";"Dupla";"Reta";"Sim";2;0;2;0;0;0;2;2;-10,01152733;-67,79045105;"SPRF-AC";"DEL01-AC";"UOP01-DEL01-AC"
777940;2026-06-11;"quinta-feira";"21:00:00";"PR";376;224,4;"CAMBIRA";"Acessar a via sem observar a presença dos outros veículos";"Atropelamento de Pedestre";"Com Vítimas Fatais";"Plena Noite";"Decrescente";"Nublado";"Dupla";"Reta";"Não";3;1;0;0;2;0;0;2;-23,59035;-51,57519;"SPRF-PR";"DEL07/PR";"UOP03-DEL07-PR"
777941;2026-06-11;"quinta-feira";"21:00:00";"DF";20;21,3;"BRASILIA";"Pista Escorregadia";"Eventos atípicos";"Com Vítimas Feridas";"Plena Noite";"Crescente";"Garoa/Chuvisco";"Dupla";"Reta";"Sim";2;0;1;0;1;0;1;1;-15,600902;-47,679908;"SPRF-DF";"DEL02-DF";"UOP01-DEL02-DF"
777944;2026-06-11;"quinta-feira";"18:10:00";"BA";110;261;"NOVA SOURE";"Ultrapassagem Indevida";"Colisão frontal";"Com Vítimas Feridas";"Plena Noite";"Decrescente";"Céu Claro";"Simples";"Reta;Interseção de Vias";"Sim";4;0;3;0;1;0;3;3;-11,24306681;-38,47622244;"SPRF-BA";"DEL01/BA";"UOP04-DEL01-BA"
777945;2026-06-08;"segunda-feira";"07:35:00";"AC";364;133;"RIO BRANCO";"Manobra de mudança de faixa";"Colisão lateral mesmo sentido";"Com Vítimas Feridas";"Pleno dia";"Decrescente";"Céu Claro";"Dupla";"Reta";"Sim";2;0;2;0;0;0;2;2;-10,00209702;-67,8497049;"SPRF-AC";"DEL01-AC";"UOP01-DEL01-AC"
777946;2026-06-11;"quinta-feira";"21:20:00";"PR";373;281;"PRUDENTOPOLIS";"Mal súbito do condutor";"Saída de leito carroçável";"Sem Vítimas";"Plena Noite";"Crescente";"Garoa/Chuvisco";"Simples";"Reta";"Não";1;0;0;0;1;0;0;1;-25,2856135;-51,11872816;"SPRF-PR";"DEL08/PR";"UOP01-DEL08-PR"
777947;2026-06-11;"quinta-feira";"18:50:00";"SC";101;135;"BALNEARIO CAMBORIU";"Acessar a via sem observar a presença dos outros veículos";"Colisão lateral mesmo sentido";"Com Vítimas Feridas";"Plena Noite";"Decrescente";"Nublado";"Dupla";"Interseção de Vias";"Não";2;0;1;0;1;0;1;2;-27,005053;-48,625228;"SPRF-SC";"DEL04/SC";"UOP03-DEL04-SC"
777949;2026-06-11;"quinta-feira";"17:19:00";"MT";364;273;"JACIARA";"Reação tardia ou ineficiente do condutor";"Queda de ocupante de veículo";"Com Vítimas Feridas";"Pleno dia";"Decrescente";"Céu Claro";"Dupla";"Reta";"Sim";1;0;1;0;0;0;1;1;-15,956;-54,974;"SPRF-MT";"DEL05/MT";"UOP02-DEL05-MT"
777950;2026-06-11;"quinta-feira";"19:30:00";"PR";376;525,5;"PALMEIRA";"Reação tardia ou ineficiente do condutor";"Colisão lateral sentido oposto";"Com Vítimas Feridas";"Plena Noite";"Crescente";"Chuva";"Dupla";"Reta";"Não";5;0;2;0;3;0;2;3;-25,30894;-49,88643;"SPRF-PR";"DEL03/PR";"UOP03-DEL03-PR"
777951;2026-06-11;"quinta-feira";"21:45:00";"CE";116;163;"RUSSAS";"Ingestão de álcool pelo condutor";"Colisão transversal";"Com Vítimas Feridas";"Pleno dia";"Decrescente";"Céu Claro";"Simples";"Reta";"Sim";2;0;1;0;1;0;1;2;-4,94855701;-37,99272744;"SPRF-CE";"DEL03/CE";"UOP01-DEL03-CE"
777953;2026-06-11;"quinta-feira";"21:25:00";"SP";116;282;"EMBU DAS ARTES";"Ausência de reação do condutor";"Tombamento";"Com Vítimas Feridas";"Plena Noite";"Decrescente";"Céu Claro";"Dupla";"Retorno Regulamentado;Curva";"Sim";2;0;1;0;1;0;1;1;-23,659235;-46,850805;"SPRF-SP";"DEL04/SP";"UOP01-DEL04-SP"
777954;2026-06-11;"quinta-feira";"22:20:00";"PR";153;19,5;"JACAREZINHO";"Transitar na contramão";"Colisão frontal";"Com Vítimas Fatais";"Plena Noite";"Crescente";"Nublado";"Simples";"Aclive;Reta";"Sim";2;1;0;0;1;0;0;2;-23,159475;-49,9601983;"SPRF-PR";"DEL07/PR";"UOP04-DEL07-PR"
777956;2026-06-11;"quinta-feira";"19:43:00";"RJ";101;490;"ANGRA DOS REIS";"Ultrapassagem Indevida";"Queda de ocupante de veículo";"Com Vítimas Fatais";"Plena Noite";"Decrescente";"Nublado";"Simples";"Reta;Declive";"Sim";2;1;0;0;1;0;0;2;-22,95523201;-44,31816101;"SPRF-RJ";"DEL03/RJ";"UOP03-DEL03-RJ"
777957;2026-06-11;"quinta-feira";"23:00:00";"PA";155;317;"MARABA";"Ausência de reação do condutor";"Atropelamento de Pedestre";"Com Vítimas Fatais";"Plena Noite";"Decrescente";"Céu Claro";"Simples";"Reta";"Não";2;1;0;0;1;0;0;2;-5,603044;-49,083525;"SPRF-PA";"DEL03/PA";"UOP01-DEL03-PA"
777958;2026-06-11;"quinta-feira";"23:20:00";"RJ";465;16;"NOVA IGUACU";"Ausência de reação do condutor";"Colisão frontal";"Sem Vítimas";"Plena Noite";"Crescente";"Céu Claro";"Simples";"Reta";"Não";3;0;0;0;0;3;0;2;-22,818705;-43,622752;"SPRF-RJ";"DEL06/RJ";"UOP02-DEL06-RJ"
777959;2026-06-11;"quinta-feira";"20:30:00";"RO";364;13,8;"VILHENA";"Entrada inopinada do pedestre";"Atropelamento de Pedestre";"Com Vítimas Feridas";"Anoitecer";"Crescente";"Ignorado";"Dupla";"Reta";"Sim";2;0;0;2;0;0;2;2;-12,73972;-60,136226;"SPRF-RO";"DEL04-RO";"UOP01-DEL04-RO"
777960;2026-06-11;"quinta-feira";"23:20:00";"SP";116;188;"SANTA ISABEL";"Reação tardia ou ineficiente do condutor";"Colisão com objeto";"Com Vítimas Feridas";"Plena Noite";"Crescente";"Nublado";"Dupla";"Reta";"Não";3;0;1;0;2;0;1;1;-23,35839927;-46,2136;"SPRF-SP";"DEL01/SP";"UOP01-DEL01-SP"
777961;2026-06-11;"quinta-feira";"23:10:00";"ES";101;311;"VILA VELHA";"Ausência de reação do condutor";"Saída de leito carroçável";"Com Vítimas Feridas";"Plena Noite";"Crescente";"Céu Claro";"Dupla";"Reta";"Não";2;0;1;0;1;0;1;1;-20,4343893;-40,4595814;"SPRF-ES";"DEL01-ES";"UOP01-DEL01-ES"
777962;2026-05-10;"domingo";"23:30:00";"RJ";116;83;"TERESOPOLIS";"Transitar na contramão";"Colisão frontal";"Com Vítimas Feridas";"Plena Noite";"Decrescente";"Garoa/Chuvisco";"Simples";"Aclive;Reta";"Sim";2;0;0;1;0;1;1;2;-22,41074538;-42,94992177;"SPRF-RJ";"DEL04/RJ";"UOP01-DEL04-RJ"
777964;2026-06-11;"quinta-feira";"22:30:00";"MA";316;241,3;"BOM JARDIM";"Pedestre andava na pista";"Atropelamento de Pedestre";"Com Vítimas Fatais";"Plena Noite";"Decrescente";"Céu Claro";"Simples";"Reta";"Não";2;1;0;0;0;1;0;2;-3,60363;-45,5360017;"SPRF-MA";"DEL02-MA";"UOP01-DEL02-MA"
777965;2026-06-11;"quinta-feira";"23:00:00";"GO";70;7;"AGUAS LINDAS DE GOIAS";"Estacionar ou parar em local proibido";"Colisão traseira";"Com Vítimas Feridas";"Plena Noite";"Crescente";"Céu Claro";"Dupla";"Reta";"Sim";2;0;1;0;1;0;1;2;-15,79495608;-48,19918841;"SPRF-DF";"DEL03-DF";"UOP02-DEL03-DF"
777967;2026-06-12;"sexta-feira";"00:20:00";"SP";116;216;"GUARULHOS";"Avarias e/ou desgaste excessivo no pneu";"Tombamento";"Com Vítimas Feridas";"Plena Noite";"Crescente";"Ignorado";"Múltipla";"Reta";"Sim";2;0;1;0;1;0;1;1;-23,45119666;-46,46518469;"SPRF-SP";"DEL01/SP";"UOP01-DEL01-SP"
777970;2026-06-11;"quinta-feira";"23:30:00";"RJ";40;119;"DUQUE DE CAXIAS";"Reação tardia ou ineficiente do condutor";"Colisão traseira";"Com Vítimas Feridas";"Plena Noite";"Crescente";"Céu Claro";"Múltipla";"Reta";"Não";2;0;1;0;1;0;1;2;-22,76943;-43,2864;"SPRF-RJ";"DEL01/RJ";"UOP02-DEL01-RJ"
777971;2026-06-11;"quinta-feira";"21:39:00";"MS";262;669,9;"CORUMBA";"Ausência de reação do condutor";"Queda de ocupante de veículo";"Com Vítimas Feridas";"Plena Noite";"Decrescente";"Garoa/Chuvisco";"Simples";"Reta";"Não";3;0;0;1;2;0;1;1;-19,603767;-57,115997;"SPRF-MS";"DEL03/MS";"UOP03-DEL03-MS"
777973;2026-06-12;"sexta-feira";"00:20:00";"SC";282;122,1;"BOM RETIRO";"Reação tardia ou ineficiente do condutor";"Saída de leito carroçável";"Com Vítimas Feridas";"Plena Noite";"Decrescente";"Garoa/Chuvisco";"Simples";"Reta";"Não";1;0;0;1;0;0;1;1;-27,80029;-49,433887;NA;NA;NA
777974;2026-06-12;"sexta-feira";"02:00:00";"PR";277;10;"PARANAGUA";"Acessar a via sem observar a presença dos outros veículos";"Atropelamento de Pedestre";"Com Vítimas Feridas";"Plena Noite";"Crescente";"Céu Claro";"Simples";"Reta";"Não";3;0;1;0;2;0;1;2;-25,56721071;-48,61957669;NA;NA;NA
777976;2026-06-12;"sexta-feira";"01:30:00";"PI";316;9;"TERESINA";"Ausência de reação do condutor";"Saída de leito carroçável";"Sem Vítimas";"Plena Noite";"Crescente";"Céu Claro";"Múltipla";"Reta";"Sim";2;0;0;0;0;2;0;2;-5,173905;-42,766502;NA;NA;NA
777977;2026-06-12;"sexta-feira";"02:15:00";"DF";20;10;"BRASILIA";"Condutor Dormindo";"Colisão com objeto";"Com Vítimas Feridas";"Plena Noite";"Decrescente";"Céu Claro";"Dupla";"Reta";"Sim";1;0;1;0;0;0;1;1;-15,650618;-47,774355;NA;NA;NA
777981;2026-06-12;"sexta-feira";"02:40:00";"MG";356;277,6;"EUGENOPOLIS";"Condutor Dormindo";"Saída de leito carroçável";"Com Vítimas Fatais";"Plena Noite";"Decrescente";"Nevoeiro/Neblina";"Simples";"Curva";"Não";2;1;0;1;0;0;1;1;-21,1265;-42,273;NA;NA;NA
777982;2026-06-12;"sexta-feira";"02:30:00";"SC";101;40;"JOINVILLE";"Velocidade Incompatível";"Saída de leito carroçável";"Com Vítimas Feridas";"Plena Noite";"Decrescente";"Nublado";"Dupla";"Curva";"Não";3;0;2;0;1;0;2;1;-26,31000099;-48,87767879;NA;NA;NA
777985;2026-06-12;"sexta-feira";"04:30:00";"RS";116;252;"SAPUCAIA DO SUL";"Condutor deixou de manter distância do veículo da frente";"Colisão traseira";"Com Vítimas Feridas";"Plena Noite";"Decrescente";"Garoa/Chuvisco";"Múltipla";"Reta";"Sim";2;0;1;0;1;0;1;2;-29,8051796;-51,1664451;NA;NA;NA
777986;2026-06-12;"sexta-feira";"05:40:00";"PR";277;252;"IRATI";"Ausência de reação do condutor";"Tombamento";"Com Vítimas Feridas";"Amanhecer";"Crescente";"Chuva";"Simples";"Reta";"Não";1;0;1;0;0;0;1;1;-25,443953;-50,681862;NA;NA;NA
777987;2026-06-11;"quinta-feira";"22:00:00";"RJ";40;115;"DUQUE DE CAXIAS";"Ingestão de álcool pelo condutor";"Saída de leito carroçável";"Sem Vítimas";"Plena Noite";"Decrescente";"Céu Claro";"Múltipla";"Reta";"Não";2;0;0;0;2;0;0;2;-22,721673;-43,2885253;NA;NA;NA
777988;2026-06-11;"quinta-feira";"21:13:00";"PI";343;266;"CAMPO MAIOR";"Desrespeitar a preferência no cruzamento";"Colisão transversal";"Com Vítimas Feridas";"Plena Noite";"Decrescente";"Céu Claro";"Simples";"Curva";"Sim";2;0;0;1;0;1;1;2;-4,83859179;-42,17134086;NA;NA;NA
777995;2026-06-12;"sexta-feira";"07:15:00";"RJ";116;174;"SAO JOAO DE MERITI";"Manobra de mudança de faixa";"Colisão lateral mesmo sentido";"Com Vítimas Feridas";"Pleno dia";"Decrescente";"Céu Claro";"Dupla";"Reta";"Sim";3;0;0;2;1;0;2;2;-22,79690419;-43,35996866;NA;NA;NA
777997;2026-06-12;"sexta-feira";"07:15:00";"BA";116;418,8;"FEIRA DE SANTANA";"Condutor deixou de manter distância do veículo da frente";"Colisão traseira";"Com Vítimas Feridas";"Pleno dia";"Crescente";"Céu Claro";"Dupla";"Reta;Aclive";"Sim";5;0;1;0;4;0;1;3;-12,21443086;-38,96571636;NA;NA;NA
777998;2026-06-12;"sexta-feira";"07:10:00";"RJ";101;96;"CAMPOS DOS GOYTACAZES";"Avarias e/ou desgaste excessivo no pneu";"Saída de leito carroçável";"Com Vítimas Feridas";"Plena Noite";"Crescente";"Céu Claro";"Dupla";"Curva;Declive";"Não";4;0;2;0;2;0;2;1;-21,86992049;-41,54899947;NA;NA;NA
778001;2026-06-12;"sexta-feira";"07:30:00";"RJ";116;174;"SAO JOAO DE MERITI";"Manobra de mudança de faixa";"Queda de ocupante de veículo";"Com Vítimas Feridas";"Pleno dia";"Decrescente";"Céu Claro";"Dupla";"Reta";"Sim";3;0;1;0;1;1;1;2;-22,79713167;-43,35951805;NA;NA;NA
778002;2026-06-12;"sexta-feira";"06:00:00";"SC";116;53;"PAPANDUVA";"Ausência de reação do condutor";"Atropelamento de Pedestre";"Com Vítimas Feridas";"Amanhecer";"Crescente";"Chuva";"Simples";"Reta;Declive";"Não";2;0;1;1;0;0;2;2;-26,39178521;-50,14996125;NA;NA;NA
778003;2026-06-12;"sexta-feira";"07:15:00";"RS";290;418;"SAO GABRIEL";"Ausência de reação do condutor";"Colisão traseira";"Com Vítimas Feridas";"Amanhecer";"Crescente";"Chuva";"Simples";"Interseção de Vias";"Sim";2;0;1;0;1;0;1;2;-30,35557513;-54,32659851;NA;NA;NA
778006;2026-06-12;"sexta-feira";"07:30:00";"PR";376;604;"CURITIBA";"Chuva";"Queda de ocupante de veículo";"Com Vítimas Feridas";"Amanhecer";"Crescente";"Chuva";"Dupla";"Reta";"Sim";1;0;1;0;0;0;1;1;-25,53758974;-49,31418769;NA;NA;NA
778007;2026-06-12;"sexta-feira";"07:30:00";"RN";110;43;"MOSSORO";"Acessar a via sem observar a presença dos outros veículos";"Colisão transversal";"Com Vítimas Feridas";"Pleno dia";"Crescente";"Céu Claro";"Simples";"Reta";"Sim";2;0;1;0;1;0;1;2;-5,1116;-37,2038;NA;NA;NA
778008;2026-06-12;"sexta-feira";"07:15:00";"PR";476;145;"CURITIBA";"Manobra de mudança de faixa";"Colisão lateral mesmo sentido";"Com Vítimas Feridas";"Pleno dia";"Decrescente";"Chuva";"Dupla";"Reta";"Sim";2;0;0;1;1;0;1;2;-25,54768624;-49,32041042;NA;NA;NA
778009;2026-06-12;"sexta-feira";"07:50:00";"SC";158;108,5;"CUNHA PORA";"Chuva";"Saída de leito carroçável";"Com Vítimas Feridas";"Pleno dia";"Crescente";"Chuva";"Simples";"Curva;Declive";"Não";1;0;1;0;0;0;1;1;-26,86689052;-53,16405706;NA;NA;NA
778010;2026-06-12;"sexta-feira";"06:40:00";"SC";101;165,1;"TIJUCAS";"Reação tardia ou ineficiente do condutor";"Colisão com objeto";"Com Vítimas Feridas";"Amanhecer";"Decrescente";"Garoa/Chuvisco";"Simples";"Reta";"Sim";1;0;0;1;0;0;1;1;-27,25348;-48,63088;NA;NA;NA
778011;2026-06-12;"sexta-feira";"06:45:00";"MG";116;410;"GOVERNADOR VALADARES";"Retorno proibido";"Colisão transversal";"Com Vítimas Feridas";"Pleno dia";"Decrescente";"Nevoeiro/Neblina";"Dupla";"Ponte;Reta";"Sim";2;0;0;1;0;1;1;2;-18,85493986;-41,97600363;NA;NA;NA
778012;2026-06-12;"sexta-feira";"08:00:00";"RJ";101;74;"CAMPOS DOS GOYTACAZES";"Acessar a via sem observar a presença dos outros veículos";"Colisão transversal";"Com Vítimas Feridas";"Pleno dia";"Decrescente";"Céu Claro";"Simples";"Reta;Interseção de Vias";"Sim";2;0;1;0;1;0;1;2;-21,808673;-41,397193;NA;NA;NA
778015;2026-03-18;"quarta-feira";"06:40:00";"GO";452;120,1;"BOM JESUS DE GOIAS";"Ausência de reação do condutor";"Queda de ocupante de veículo";"Com Vítimas Feridas";"Amanhecer";"Crescente";"Ignorado";"Dupla";"Reta";"Não";1;0;0;1;0;0;1;1;-18,19411869;-49,86950453;NA;NA;NA
778016;2026-06-12;"sexta-feira";"07:45:00";"RS";290;52;"GLORINHA";"Ausência de reação do condutor";"Saída de leito carroçável";"Com Vítimas Feridas";"Pleno dia";"Crescente";"Nevoeiro/Neblina";"Dupla";"Reta";"Não";5;0;5;0;0;0;5;2;-29,9115791;-50,7773803;NA;NA;NA
778017;2026-06-12;"sexta-feira";"07:40:00";"RS";290;221,2;"PANTANO GRANDE";"Chuva";"Colisão com objeto";"Sem Vítimas";"Pleno dia";"Crescente";"Chuva";"Dupla";"Reta";"Não";1;0;0;0;1;0;0;1;-30,20067137;-52,4305114;NA;NA;NA
778018;2026-06-12;"sexta-feira";"07:50:00";"RS";290;51,8;"GLORINHA";"Reação tardia ou ineficiente do condutor";"Colisão traseira";"Com Vítimas Feridas";"Pleno dia";"Crescente";"Chuva";"Dupla";"Reta";"Não";7;0;1;0;6;0;1;2;-29,911353;-50,77458;NA;NA;NA
778019;2026-06-12;"sexta-feira";"08:00:00";"BA";116;419;"FEIRA DE SANTANA";"Condutor deixou de manter distância do veículo da frente";"Colisão traseira";"Com Vítimas Feridas";"Pleno dia";"Crescente";"Céu Claro";"Dupla";"Reta";"Sim";3;0;1;0;2;0;1;2;-12,2032183;-38,9656;NA;NA;NA
778020;2026-06-12;"sexta-feira";"06:50:00";"RJ";116;318,5;"ITATIAIA";"Ausência de reação do condutor";"Saída de leito carroçável";"Com Vítimas Feridas";"Pleno dia";"Crescente";"Céu Claro";"Dupla";"Curva";"Não";1;0;0;1;0;0;1;1;-22,4683166;-44,51240666;NA;NA;NA
778022;2026-06-12;"sexta-feira";"08:20:00";"PR";369;149;"LONDRINA";"Manobra de mudança de faixa";"Colisão lateral mesmo sentido";"Sem Vítimas";"Pleno dia";"Crescente";"Garoa/Chuvisco";"Dupla";"Interseção de Vias;Reta";"Sim";3;0;0;0;2;1;0;3;-23,29316705;-51,13880396;NA;NA;NA
778024;2026-06-12;"sexta-feira";"07:45:00";"BA";116;14;"VITORIA DA CONQUISTA";"Mal súbito do condutor";"Queda de ocupante de veículo";"Com Vítimas Feridas";"Pleno dia";"Decrescente";"Céu Claro";"Simples";"Reta;Declive";"Não";1;0;1;0;0;0;1;1;-14,89741205;-40,85858915;NA;NA;NA
778026;2026-06-12;"sexta-feira";"08:15:00";"MG";50;171,6;"UBERABA";"Pista Escorregadia";"Tombamento";"Com Vítimas Feridas";"Pleno dia";"Crescente";"Chuva";"Dupla";"Declive;Reta";"Não";1;0;1;0;0;0;1;1;-19,746909;-47,983584;NA;NA;NA
778027;2026-06-12;"sexta-feira";"08:00:00";"MG";116;407;"GOVERNADOR VALADARES";"Manobra de mudança de faixa";"Colisão lateral mesmo sentido";"Com Vítimas Feridas";"Pleno dia";"Decrescente";"Céu Claro";"Simples";"Interseção de Vias";"Sim";3;0;1;0;2;0;1;2;-18,83301481;-41,98944066;NA;NA;NA