"id";"data_inversa";"dia_semana";"horario";"uf";"br";"km";"municipio";"causa_acidente";"tipo_acidente";"classificacao_acidente";"fase_dia";"sentido_via";"condicao_metereologica";"tipo_pista";"tracado_via";"uso_solo";"pessoas";"mortos";"feridos_leves";"feridos_graves";"ilesos";"ignorados";"feridos";"veiculos";"latitude";"longitude";"regional";"delegacia";"uop"
778257;2026-06-13;"sábado";"00:20:00";"PE";101;45;"IGARASSU";"Reação tardia ou ineficiente do condutor";"Colisão transversal";"Com Vítimas Feridas";"Plena Noite";"Crescente";"Céu Claro";"Múltipla";"Aclive;Reta";"Sim";3;0;0;1;2;0;1;2;-7,87064545;-34,90657775;NA;NA;NA
778258;2026-06-12;"sexta-feira";"21:25:00";"MA";10;250;"IMPERATRIZ";"Conversão proibida";"Colisão frontal";"Com Vítimas Feridas";"Plena Noite";"Crescente";"Céu Claro";"Simples";"Reta";"Sim";4;0;1;1;2;0;2;2;-5,544167;-47,463807;NA;NA;NA
778259;2026-06-13;"sábado";"01:00:00";"PR";277;121;"CAMPO LARGO";"Ausência de reação do condutor";"Saída de leito carroçável";"Sem Vítimas";"Plena Noite";"Decrescente";"Nublado";"Dupla";"Reta";"Sim";1;0;0;0;1;0;0;1;-25,44660733;-49,48763609;NA;NA;NA
778262;2026-06-12;"sexta-feira";"23:50:00";"MS";163;309;"RIO BRILHANTE";"Reação tardia ou ineficiente do condutor";"Saída de leito carroçável";"Sem Vítimas";"Plena Noite";"Crescente";"Chuva";"Simples";"Curva";"Não";2;0;0;0;0;2;0;2;-21,897912;-54,525197;NA;NA;NA
778263;2026-06-13;"sábado";"02:20:00";"TO";242;455,6;"FORMOSO DO ARAGUAIA";"Pedestre andava na pista";"Atropelamento de Pedestre";"Com Vítimas Feridas";"Plena Noite";"Decrescente";"Céu Claro";"Simples";"Reta";"Não";3;0;2;1;0;0;3;2;-11,8035072;-49,5529889;NA;NA;NA
778264;2026-06-13;"sábado";"01:50:00";"BA";101;719;"EUNAPOLIS";"Ausência de reação do condutor";"Colisão traseira";"Sem Vítimas";"Plena Noite";"Crescente";"Céu Claro";"Simples";"Reta";"Sim";2;0;0;0;1;1;0;2;-16,3853252;-39,5852685;NA;NA;NA
778265;2026-06-13;"sábado";"01:45:00";"SP";116;135;"SAO JOSE DOS CAMPOS";"Condutor Dormindo";"Capotamento";"Com Vítimas Feridas";"Plena Noite";"Crescente";"Céu Claro";"Dupla";"Reta";"Não";2;0;2;0;0;0;2;2;-23,14371695;-45,76863821;NA;NA;NA
778266;2026-06-13;"sábado";"02:28:00";"PE";101;79;"JABOATAO DOS GUARARAPES";"Manobra de mudança de faixa";"Saída de leito carroçável";"Sem Vítimas";"Plena Noite";"Decrescente";"Céu Claro";"Dupla";"Curva";"Não";1;0;0;0;1;0;0;1;-8,144255;-34,947357;NA;NA;NA
778268;2026-06-13;"sábado";"03:00:00";"RS";116;253;"SAPUCAIA DO SUL";"Ingestão de álcool pelo condutor";"Colisão com objeto";"Com Vítimas Feridas";"Plena Noite";"Crescente";"Chuva";"Dupla";"Reta";"Sim";2;0;2;0;0;0;2;1;-29,81406916;-51,16909574;NA;NA;NA
778269;2026-06-13;"sábado";"03:28:00";"GO";60;133;"GOIANIA";"Transitar na contramão";"Colisão lateral sentido oposto";"Com Vítimas Feridas";"Plena Noite";"Crescente";"Céu Claro";"Dupla";"Aclive";"Não";3;0;0;1;2;0;1;2;-16,581522;-49,178901;NA;NA;NA
778275;2026-06-13;"sábado";"03:20:00";"MG";381;661,2;"SANTO ANTONIO DO AMPARO";"Condutor Dormindo";"Saída de leito carroçável";"Sem Vítimas";"Plena Noite";"Decrescente";"Nublado";"Dupla";"Reta";"Não";2;0;0;0;2;0;0;1;-21,01758453;-44,98908877;NA;NA;NA
778276;2026-06-13;"sábado";"04:15:00";"PB";230;332,1;"PATOS";"Ingestão de álcool pelo condutor";"Colisão com objeto";"Com Vítimas Feridas";"Plena Noite";"Decrescente";"Céu Claro";"Dupla";"Rotatória";"Sim";1;0;0;1;0;0;1;1;-7,018576;-37,259325;NA;NA;NA
778277;2026-06-13;"sábado";"04:23:00";"PB";230;23;"JOAO PESSOA";"Velocidade Incompatível";"Colisão traseira";"Com Vítimas Feridas";"Amanhecer";"Crescente";"Céu Claro";"Múltipla";"Viaduto";"Sim";2;0;1;0;1;0;1;2;-7,168844;-34,86495;NA;NA;NA
778278;2026-06-13;"sábado";"03:00:00";"MS";158;98,4;"PARANAIBA";"Ausência de reação do condutor";"Colisão com objeto";"Sem Vítimas";"Plena Noite";"Crescente";"Céu Claro";"Dupla";"Reta";"Sim";1;0;0;0;1;0;0;1;-19,69826378;-51,17094755;NA;NA;NA
778279;2026-06-13;"sábado";"04:30:00";"CE";116;22,3;"AQUIRAZ";"Ingestão de álcool pelo condutor";"Colisão com objeto";"Com Vítimas Feridas";"Amanhecer";"Crescente";"Céu Claro";"Dupla";"Curva";"Sim";2;0;2;0;0;0;2;1;-3,944382;-38,509701;NA;NA;NA
778280;2026-06-13;"sábado";"04:00:00";"PE";423;64,4;"CALCADO";"Ausência de reação do condutor";"Saída de leito carroçável";"Com Vítimas Feridas";"Pleno dia";"Decrescente";"Céu Claro";"Simples";"Reta";"Não";1;0;0;1;0;0;1;1;-8,665215;-36,3603383;NA;NA;NA
778281;2026-06-13;"sábado";"02:00:00";"MT";163;894;"CLAUDIA";"Animais na Pista";"Atropelamento de Animal";"Com Vítimas Feridas";"Plena Noite";"Crescente";"Céu Claro";"Simples";"Reta";"Não";2;0;2;0;0;0;2;1;-11,363193;-55,337289;NA;NA;NA
778282;2026-06-13;"sábado";"04:30:00";"RS";470;180,4;"VERANOPOLIS";"Desrespeitar a preferência no cruzamento";"Colisão transversal";"Com Vítimas Feridas";"Plena Noite";"Crescente";"Garoa/Chuvisco";"Simples";"Retorno Regulamentado;Reta";"Sim";3;0;1;0;2;0;1;2;-28,96030885;-51,56390039;NA;NA;NA
778283;2026-06-13;"sábado";"05:30:00";"RS";116;303;"GUAIBA";"Iluminação deficiente";"Capotamento";"Sem Vítimas";"Amanhecer";"Decrescente";"Chuva";"Simples";"Reta";"Não";2;0;0;0;0;2;0;2;-30,146476;-51,364298;NA;NA;NA
778284;2026-06-13;"sábado";"00:50:00";"RJ";101;408;"ITAGUAI";"Ingestão de álcool pelo condutor";"Colisão com objeto";"Com Vítimas Feridas";"Plena Noite";"Decrescente";"Nublado";"Múltipla";"Reta";"Não";2;0;2;0;0;0;2;1;-22,88323721;-43,82872462;NA;NA;NA
778285;2026-06-13;"sábado";"05:20:00";"CE";304;49;"ARACATI";"Demais Fenômenos da natureza";"Colisão traseira";"Com Vítimas Feridas";"Pleno dia";"Crescente";"Céu Claro";"Simples";"Curva";"Não";4;0;1;2;1;0;3;2;-4,5806493;-37,77323842;NA;NA;NA
778286;2026-06-13;"sábado";"06:15:00";"SC";101;202;"SAO JOSE";"Reação tardia ou ineficiente do condutor";"Colisão com objeto";"Sem Vítimas";"Pleno dia";"Crescente";"Céu Claro";"Dupla";"Reta";"Sim";1;0;0;0;0;1;0;1;-27,56025375;-48,61736059;NA;NA;NA
778288;2026-06-13;"sábado";"00:30:00";"PI";230;192;"OEIRAS";"Ingestão de álcool pelo condutor";"Colisão lateral sentido oposto";"Sem Vítimas";"Plena Noite";"Crescente";"Céu Claro";"Simples";"Declive;Reta";"Não";4;0;0;0;3;1;0;2;-6,98837267;-42,09389853;NA;NA;NA
778289;2026-06-13;"sábado";"06:50:00";"CE";20;351;"CARIDADE";"Transitar na contramão";"Colisão lateral sentido oposto";"Com Vítimas Feridas";"Amanhecer";"Crescente";"Céu Claro";"Simples";"Reta";"Não";3;0;0;1;2;0;1;2;-4,081068;-39,04469;NA;NA;NA
778290;2026-06-13;"sábado";"05:30:00";"RJ";101;300,1;"SAO GONCALO";"Reação tardia ou ineficiente do condutor";"Atropelamento de Pedestre";"Com Vítimas Fatais";"Amanhecer";"Decrescente";"Céu Claro";"Dupla";"Declive";"Sim";2;1;0;0;0;1;0;2;-22,7773644;-42,9498819;NA;NA;NA
778291;2026-06-12;"sexta-feira";"23:20:00";"MA";316;582;"CAXIAS";"Velocidade Incompatível";"Saída de leito carroçável";"Com Vítimas Feridas";"Plena Noite";"Decrescente";"Céu Claro";"Simples";"Reta";"Não";1;0;0;1;0;0;1;1;-4,971284;-43,110358;NA;NA;NA
778292;2026-06-13;"sábado";"06:40:00";"MG";381;913;"CAMANDUCAIA";"Velocidade Incompatível";"Capotamento";"Com Vítimas Feridas";"Pleno dia";"Decrescente";"Chuva";"Dupla";"Curva";"Não";1;0;1;0;0;0;1;1;-22,71372943;-46,1221844;NA;NA;NA
778293;2026-06-13;"sábado";"06:40:00";"BA";116;830;"VITORIA DA CONQUISTA";"Demais falhas mecânicas ou elétricas";"Queda de ocupante de veículo";"Com Vítimas Feridas";"Amanhecer";"Decrescente";"Céu Claro";"Simples";"Reta";"Não";1;0;1;0;0;0;1;1;-14,91980382;-40,88065334;NA;NA;NA
778294;2026-06-13;"sábado";"06:46:00";"RS";285;292,8;"PASSO FUNDO";"Condutor deixou de manter distância do veículo da frente";"Colisão traseira";"Sem Vítimas";"Plena Noite";"Crescente";"Garoa/Chuvisco";"Dupla";"Rotatória";"Sim";2;0;0;0;2;0;0;2;-28,23540176;-52,49320364;NA;NA;NA
778295;2026-06-13;"sábado";"01:20:00";"MG";381;485;"BETIM";"Ausência de reação do condutor";"Colisão traseira";"Com Vítimas Feridas";"Plena Noite";"Decrescente";"Céu Claro";"Dupla";"Reta;Declive";"Não";2;0;0;1;1;0;1;2;-19,95624622;-44,09706116;NA;NA;NA
778296;2026-06-13;"sábado";"05:50:00";"PR";277;83,9;"CURITIBA";"Velocidade Incompatível";"Colisão com objeto";"Sem Vítimas";"Amanhecer";"Decrescente";"Nublado";"Dupla";"Curva;Viaduto";"Sim";1;0;0;0;0;1;0;1;-25,44380656;-49,23411068;NA;NA;NA
778298;2026-06-13;"sábado";"04:45:00";"MT";163;852;"SINOP";"Ingestão de álcool pelo condutor";"Queda de ocupante de veículo";"Com Vítimas Feridas";"Amanhecer";"Crescente";"Céu Claro";"Simples";"Reta";"Sim";2;0;2;0;0;0;2;1;-11,705872;-55,454781;NA;NA;NA
778302;2026-06-13;"sábado";"08:00:00";"SC";101;47;"JOINVILLE";"Mal súbito do condutor";"Saída de leito carroçável";"Sem Vítimas";"Pleno dia";"Decrescente";"Céu Claro";"Dupla";"Reta";"Sim";1;0;0;0;1;0;0;1;-26,37219941;-48,85646788;NA;NA;NA
778304;2026-06-13;"sábado";"07:35:00";"PR";376;165;"MARINGA";"Manobra de mudança de faixa";"Colisão traseira";"Com Vítimas Feridas";"Pleno dia";"Crescente";"Nublado";"Dupla";"Reta";"Sim";2;0;1;0;1;0;1;2;-23,383008;-52,031623;NA;NA;NA
778305;2026-06-13;"sábado";"07:20:00";"SP";116;217;"GUARULHOS";"Pista Escorregadia";"Tombamento";"Com Vítimas Feridas";"Pleno dia";"Crescente";"Chuva";"Múltipla";"Reta";"Sim";1;0;1;0;0;0;1;1;-23,45344361;-46,47077322;NA;NA;NA
778306;2026-06-13;"sábado";"04:30:00";"RS";285;591,5;"BOSSOROCA";"Ingestão de álcool pelo condutor";"Colisão lateral sentido oposto";"Com Vítimas Feridas";"Plena Noite";"Crescente";"Céu Claro";"Simples";"Reta";"Não";2;0;2;0;0;0;2;1;-28,47461549;-55,17164856;NA;NA;NA
778307;2026-06-13;"sábado";"08:30:00";"SP";116;154;"SAO JOSE DOS CAMPOS";"Pista Escorregadia";"Queda de ocupante de veículo";"Com Vítimas Feridas";"Pleno dia";"Decrescente";"Chuva";"Dupla";"Curva";"Sim";1;0;1;0;0;0;1;1;-23,23686559;-45,9169272;NA;NA;NA
778308;2026-06-13;"sábado";"08:00:00";"SP";116;119;"TAUBATE";"Reação tardia ou ineficiente do condutor";"Colisão traseira";"Com Vítimas Feridas";"Pleno dia";"Decrescente";"Garoa/Chuvisco";"Dupla";"Reta";"Sim";3;0;1;1;1;0;2;2;-23,06701437;-45,63551396;NA;NA;NA
778309;2026-06-09;"terça-feira";"09:50:00";"RS";386;99,5;"SAO JOSE DAS MISSOES";"Acumulo de areia ou detritos sobre o pavimento";"Saída de leito carroçável";"Com Vítimas Feridas";"Pleno dia";"Decrescente";"Céu Claro";"Simples";"Curva";"Não";2;0;1;1;0;0;2;2;-27,756031;-53,127777;NA;NA;NA
778310;2026-06-13;"sábado";"08:00:00";"MG";40;511;"RIBEIRAO DAS NEVES";"Acessar a via sem observar a presença dos outros veículos";"Colisão traseira";"Sem Vítimas";"Pleno dia";"Decrescente";"Chuva";"Dupla";"Retorno Regulamentado";"Sim";2;0;0;0;2;0;0;2;-19,786;-44,1146;NA;NA;NA
778312;2026-06-13;"sábado";"08:20:00";"SP";381;89;"GUARULHOS";"Condutor deixou de manter distância do veículo da frente";"Colisão lateral mesmo sentido";"Com Vítimas Feridas";"Pleno dia";"Decrescente";"Garoa/Chuvisco";"Múltipla";"Reta";"Sim";2;0;1;0;1;0;1;2;-23,48860013;-46,5594095;NA;NA;NA
778313;2026-06-13;"sábado";"08:10:00";"PR";376;176,7;"MARINGA";"Condutor desrespeitou a iluminação vermelha do semáforo";"Colisão transversal";"Com Vítimas Feridas";"Pleno dia";"Crescente";"Céu Claro";"Dupla";"Interseção de Vias";"Sim";3;0;0;1;2;0;1;2;-23,41126639;-51,93649141;NA;NA;NA
778314;2026-06-13;"sábado";"05:30:00";"RO";364;381;"OURO PRETO DO OESTE";"Reação tardia ou ineficiente do condutor";"Saída de leito carroçável";"Com Vítimas Feridas";"Amanhecer";"Crescente";"Céu Claro";"Simples";"Reta";"Não";6;0;4;2;0;0;6;1;-10,730395;-62,2295208;NA;NA;NA
778315;2026-06-13;"sábado";"07:05:00";"AL";101;40,8;"FLEXEIRAS";"Pista Escorregadia";"Saída de leito carroçável";"Com Vítimas Feridas";"Pleno dia";"Decrescente";"Chuva";"Dupla";"Curva";"Não";1;0;0;1;0;0;1;1;-9,170485;-35,7748067;NA;NA;NA
778316;2026-06-13;"sábado";"09:30:00";"RN";101;104;"PARNAMIRIM";"Manobra de mudança de faixa";"Colisão lateral mesmo sentido";"Sem Vítimas";"Pleno dia";"Crescente";"Céu Claro";"Dupla";"Curva;Viaduto";"Sim";1;0;0;0;1;0;0;1;-5,8918482;-35,25870746;NA;NA;NA
778319;2026-06-13;"sábado";"07:50:00";"MG";381;927;"ITAPEVA";"Chuva";"Colisão frontal";"Com Vítimas Feridas";"Pleno dia";"Decrescente";"Garoa/Chuvisco";"Dupla";"Curva";"Não";1;0;1;0;0;0;1;1;-22,767501;-46,217648;NA;NA;NA
778320;2026-06-13;"sábado";"09:20:00";"RJ";116;173;"RIO DE JANEIRO";"Demais falhas mecânicas ou elétricas";"Queda de ocupante de veículo";"Com Vítimas Feridas";"Pleno dia";"Decrescente";"Sol";"Múltipla";"Reta";"Não";2;0;2;0;0;0;2;1;-22,80632634;-43,36562125;NA;NA;NA
778323;2026-06-13;"sábado";"09:00:00";"MG";50;96;"UBERLANDIA";"Reação tardia ou ineficiente do condutor";"Colisão traseira";"Sem Vítimas";"Pleno dia";"Crescente";"Nublado";"Dupla";"Reta";"Não";4;0;0;0;3;1;0;2;-19,102973;-48,180647;NA;NA;NA
778324;2026-05-12;"terça-feira";"06:20:00";"MG";40;0,9;"PARACATU";"Velocidade Incompatível";"Saída de leito carroçável";"Com Vítimas Feridas";"Pleno dia";"Decrescente";"Céu Claro";"Simples";"Reta";"Não";1;0;0;1;0;0;1;1;-17,037917;-47,153178;NA;NA;NA
778325;2026-05-20;"quarta-feira";"18:03:00";"MT";364;269,8;"JACIARA";"Acessar a via sem observar a presença dos outros veículos";"Colisão frontal";"Com Vítimas Feridas";"Anoitecer";"Crescente";"Nublado";"Simples";"Reta";"Sim";3;0;0;3;0;0;3;2;-15,968958;-54,943692;NA;NA;NA
778326;2026-05-28;"quinta-feira";"18:07:00";"PR";280;314,7;"BARRACAO";"Reação tardia ou ineficiente do condutor";"Colisão traseira";"Com Vítimas Feridas";"Anoitecer";"Decrescente";"Céu Claro";"Simples";"Reta;Aclive";"Não";2;0;0;1;1;0;1;2;-26,29215493;-53,53091598;NA;NA;NA
778330;2026-06-13;"sábado";"09:25:00";"MG";262;380;"MATEUS LEME";"Velocidade Incompatível";"Saída de leito carroçável";"Com Vítimas Feridas";"Pleno dia";"Decrescente";"Garoa/Chuvisco";"Dupla";"Reta";"Não";2;0;1;0;1;0;1;1;-19,922714;-44,46556;NA;NA;NA
778331;2026-06-13;"sábado";"09:40:00";"RJ";116;323;"ITATIAIA";"Reação tardia ou ineficiente do condutor";"Colisão lateral mesmo sentido";"Com Vítimas Feridas";"Pleno dia";"Crescente";"Céu Claro";"Simples";"Reta";"Sim";2;0;1;0;1;0;1;2;-22,48904282;-44,55541849;NA;NA;NA
778332;2026-06-13;"sábado";"10:20:00";"SC";101;52;"JOINVILLE";"Avarias e/ou desgaste excessivo no pneu";"Tombamento";"Com Vítimas Feridas";"Pleno dia";"Crescente";"Sol";"Dupla";"Reta";"Não";2;0;0;2;0;0;2;1;-26,40367962;-48,83924659;NA;NA;NA
778333;2026-06-13;"sábado";"09:50:00";"PI";343;305,7;"ALTOS";"Acessar a via sem observar a presença dos outros veículos";"Colisão transversal";"Com Vítimas Feridas";"Pleno dia";"Crescente";"Céu Claro";"Simples";"Reta";"Sim";3;0;2;0;1;0;2;2;-5,03761;-42,448001;NA;NA;NA
778334;2026-06-13;"sábado";"10:21:00";"DF";20;24;"BRASILIA";"Transitar na contramão";"Colisão lateral sentido oposto";"Com Vítimas Feridas";"Pleno dia";"Crescente";"Céu Claro";"Múltipla";"Curva";"Não";2;0;1;0;1;0;1;2;-15,59568501;-47,65227556;NA;NA;NA
778335;2026-06-13;"sábado";"10:20:00";"MS";376;164,3;"NOVA ANDRADINA";"Pista esburacada";"Tombamento";"Com Vítimas Feridas";"Pleno dia";"Decrescente";"Chuva";"Simples";"Reta";"Não";1;0;0;1;0;0;1;1;-22,313216;-53,411873;NA;NA;NA
778336;2026-06-11;"quinta-feira";"19:00:00";"MT";174;354;"CONQUISTA DOESTE";"Animais na Pista";"Atropelamento de Animal";"Com Vítimas Feridas";"Plena Noite";"Crescente";"Céu Claro";"Simples";"Reta";"Não";5;0;2;0;3;0;2;1;-14,80741322;-59,32308197;NA;NA;NA
778337;2026-06-13;"sábado";"10:50:00";"CE";20;317,2;"CANINDE";"Condutor Dormindo";"Colisão traseira";"Sem Vítimas";"Pleno dia";"Decrescente";"Céu Claro";"Simples";"Reta";"Não";7;0;0;0;7;0;0;2;-4,289497;-39,247958;NA;NA;NA
778338;2026-06-13;"sábado";"11:00:00";"DF";60;3;"BRASILIA";"Manobra de mudança de faixa";"Colisão com objeto";"Com Vítimas Feridas";"Pleno dia";"Crescente";"Céu Claro";"Dupla";"Reta";"Não";1;0;1;0;0;0;1;1;-15,889487;-48,084693;NA;NA;NA
778339;2026-06-13;"sábado";"11:10:00";"PE";101;71,1;"RECIFE";"Condutor deixou de manter distância do veículo da frente";"Colisão traseira";"Com Vítimas Feridas";"Pleno dia";"Crescente";"Sol";"Dupla";"Reta";"Sim";2;0;1;0;1;0;1;2;-8,07814;-34,94308;NA;NA;NA
778341;2026-06-13;"sábado";"11:50:00";"PB";101;87,9;"JOAO PESSOA";"Manobra de mudança de faixa";"Colisão lateral mesmo sentido";"Com Vítimas Feridas";"Pleno dia";"Crescente";"Sol";"Dupla";"Reta";"Sim";3;0;1;1;1;0;2;2;-7,16405488;-34,90074602;NA;NA;NA
778343;2026-06-13;"sábado";"12:01:00";"MG";40;563;"NOVA LIMA";"Demais falhas mecânicas ou elétricas";"Eventos atípicos";"Com Vítimas Feridas";"Pleno dia";"Decrescente";"Céu Claro";"Dupla";"Retorno Regulamentado";"Não";1;0;1;0;0;0;1;1;-20,08152301;-43,97924277;NA;NA;NA
778346;2026-06-13;"sábado";"08:50:00";"BA";407;97;"JAGUARARI";"Condutor Dormindo";"Colisão frontal";"Com Vítimas Feridas";"Pleno dia";"Decrescente";"Céu Claro";"Simples";"Reta";"Não";2;0;1;1;0;0;2;2;-10,23114019;-40,20687103;NA;NA;NA
778347;2026-06-13;"sábado";"12:42:00";"SP";116;324;"JUQUITIBA";"Demais falhas mecânicas ou elétricas";"Incêndio";"Sem Vítimas";"Pleno dia";"Crescente";"Nublado";"Dupla";"Reta";"Não";2;0;0;0;2;0;0;1;-23,93978;-47,049652;NA;NA;NA
778348;2026-06-13;"sábado";"11:05:00";"MS";158;320,9;"TRES LAGOAS";"Acumulo de água sobre o pavimento";"Saída de leito carroçável";"Sem Vítimas";"Pleno dia";"Crescente";"Chuva";"Simples";"Curva";"Não";1;0;0;0;0;1;0;1;-21,11561829;-51,94496942;NA;NA;NA
778350;2026-06-13;"sábado";"09:26:00";"AC";364;125;"RIO BRANCO";"Pista esburacada";"Tombamento";"Com Vítimas Feridas";"Pleno dia";"Crescente";"Céu Claro";"Dupla";"Reta";"Sim";2;0;2;0;0;0;2;1;-10,013607;-67,803864;NA;NA;NA
778351;2026-06-13;"sábado";"12:50:00";"PR";116;114;"CURITIBA";"Reação tardia ou ineficiente do condutor";"Colisão traseira";"Com Vítimas Feridas";"Pleno dia";"Crescente";"Céu Claro";"Dupla";"Reta";"Sim";2;0;1;0;0;1;1;2;-25,546432;-49,293988;NA;NA;NA
778352;2026-06-13;"sábado";"12:30:00";"RS";290;82,9;"CACHOEIRINHA";"Ausência de reação do condutor";"Saída de leito carroçável";"Com Vítimas Feridas";"Pleno dia";"Crescente";"Céu Claro";"Dupla";"Curva";"Não";3;0;1;0;0;2;1;2;-29,95846684;-51,0870266;NA;NA;NA
778354;2026-06-13;"sábado";"08:40:00";"BA";110;205;"CIPO";"Acessar a via sem observar a presença dos outros veículos";"Colisão transversal";"Com Vítimas Feridas";"Pleno dia";"Crescente";"Céu Claro";"Simples";"Curva";"Sim";2;0;0;1;1;0;1;2;-11,103735;-38,517557;NA;NA;NA
778355;2026-06-13;"sábado";"13:00:00";"MG";40;520;"CONTAGEM";"Velocidade Incompatível";"Colisão lateral mesmo sentido";"Com Vítimas Feridas";"Pleno dia";"Crescente";"Céu Claro";"Dupla";"Curva;Declive";"Não";2;0;1;0;1;0;1;2;-19,84470043;-44,07427009;NA;NA;NA
778356;2026-06-13;"sábado";"13:55:00";"RS";116;246;"SAO LEOPOLDO";"Ausência de reação do condutor";"Colisão lateral mesmo sentido";"Com Vítimas Feridas";"Pleno dia";"Decrescente";"Céu Claro";"Dupla";"Reta";"Sim";3;0;2;0;1;0;2;2;-29,7617738;-51,15209732;NA;NA;NA
778357;2026-06-05;"sexta-feira";"23:00:00";"MG";365;142;"PIRAPORA";"Reação tardia ou ineficiente do condutor";"Tombamento";"Com Vítimas Feridas";"Plena Noite";"Crescente";"Céu Claro";"Simples";"Reta";"Não";1;0;1;0;0;0;1;1;-17,22111001;-44,82196569;NA;NA;NA
778358;2026-06-13;"sábado";"12:30:00";"PR";476;114,5;"COLOMBO";"Acessar a via sem observar a presença dos outros veículos";"Colisão transversal";"Com Vítimas Feridas";"Pleno dia";"Decrescente";"Céu Claro";"Simples";"Interseção de Vias";"Sim";3;0;1;0;2;0;1;2;-25,33975961;-49,1573596;NA;NA;NA
778362;2026-06-13;"sábado";"10:30:00";"GO";153;550;"PROFESSOR JAMIL";"Reação tardia ou ineficiente do condutor";"Tombamento";"Com Vítimas Feridas";"Pleno dia";"Crescente";"Céu Claro";"Dupla";"Reta";"Não";2;0;1;1;0;0;2;1;-17,1298255;-49,2133762;NA;NA;NA
778363;2026-06-13;"sábado";"13:58:00";"PE";101;82;"JABOATAO DOS GUARARAPES";"Demais falhas na via";"Queda de ocupante de veículo";"Com Vítimas Feridas";"Pleno dia";"Crescente";"Sol";"Dupla";"Reta";"Sim";1;0;1;0;0;0;1;1;-8,17191;-34,93976;NA;NA;NA
778365;2026-06-13;"sábado";"11:20:00";"RJ";40;105;"DUQUE DE CAXIAS";"Conversão proibida";"Colisão frontal";"Com Vítimas Feridas";"Pleno dia";"Decrescente";"Céu Claro";"Múltipla";"Reta";"Sim";2;0;1;0;1;0;1;2;-22,6411;-43,2834;NA;NA;NA
778366;2026-06-13;"sábado";"14:20:00";"PB";101;51,4;"RIO TINTO";"Mal súbito do condutor";"Colisão com objeto";"Com Vítimas Feridas";"Pleno dia";"Decrescente";"Céu Claro";"Dupla";"Reta";"Não";2;0;0;1;1;0;1;1;-6,933632;-35,101737;NA;NA;NA
778367;2026-06-13;"sábado";"14:15:00";"PR";376;604;"CURITIBA";"Reação tardia ou ineficiente do condutor";"Colisão traseira";"Com Vítimas Feridas";"Pleno dia";"Crescente";"Sol";"Dupla";"Reta";"Não";2;0;1;0;0;1;1;2;-25,533153;-49,31994;NA;NA;NA
778368;2026-06-13;"sábado";"15:15:00";"MG";381;490;"BETIM";"Reação tardia ou ineficiente do condutor";"Colisão traseira";"Com Vítimas Feridas";"Pleno dia";"Decrescente";"Nublado";"Múltipla";"Declive;Reta";"Sim";8;0;3;1;4;0;4;3;-19,9563183;-44,143003;NA;NA;NA
778369;2026-06-13;"sábado";"14:30:00";"PR";376;601;"CURITIBA";"Ausência de reação do condutor";"Tombamento";"Com Vítimas Feridas";"Pleno dia";"Crescente";"Céu Claro";"Dupla";"Reta";"Sim";1;0;1;0;0;0;1;1;-25,511732;-49,338602;NA;NA;NA
778370;2026-06-13;"sábado";"14:40:00";"SC";282;6;"SAO JOSE";"Condutor deixou de manter distância do veículo da frente";"Colisão traseira";"Com Vítimas Feridas";"Pleno dia";"Crescente";"Céu Claro";"Múltipla";"Curva;Rotatória;Declive";"Sim";2;0;0;1;1;0;1;2;-27,58489;-48,61644;NA;NA;NA
778371;2026-06-13;"sábado";"14:30:00";"BA";324;612;"SIMOES FILHO";"Condutor deixou de manter distância do veículo da frente";"Colisão traseira";"Com Vítimas Feridas";"Pleno dia";"Decrescente";"Céu Claro";"Dupla";"Reta";"Sim";2;0;1;0;1;0;1;2;-12,85580424;-38,42055419;NA;NA;NA
778372;2026-06-13;"sábado";"14:00:00";"GO";60;336;"SANTO ANTONIO DA BARRA";"Ingestão de álcool pelo condutor";"Saída de leito carroçável";"Com Vítimas Feridas";"Pleno dia";"Crescente";"Céu Claro";"Dupla";"Reta;Declive";"Não";1;0;1;0;0;0;1;1;-17,54625;-50,596207;NA;NA;NA
778373;2026-06-13;"sábado";"15:20:00";"PE";316;56;"TRINDADE";"Acumulo de areia ou detritos sobre o pavimento";"Colisão com objeto";"Com Vítimas Feridas";"Pleno dia";"Crescente";"Céu Claro";"Simples";"Declive;Reta";"Não";1;0;1;0;0;0;1;1;-7,7453523;-40,27656555;NA;NA;NA
778374;2026-06-13;"sábado";"14:40:00";"SP";101;49;"UBATUBA";"Transitar no Acostamento";"Colisão transversal";"Com Vítimas Feridas";"Pleno dia";"Crescente";"Céu Claro";"Simples";"Interseção de Vias";"Não";2;0;1;0;0;1;1;2;-23,45168579;-45,07600006;NA;NA;NA
778375;2026-06-13;"sábado";"14:33:00";"RS";386;361,9;"ESTRELA";"Acessar a via sem observar a presença dos outros veículos";"Colisão transversal";"Com Vítimas Fatais";"Pleno dia";"Crescente";"Nublado";"Dupla";"Interseção de Vias;Reta";"Não";9;2;2;1;3;1;3;3;-29,55825976;-51,88999264;NA;NA;NA