"id";"data_inversa";"dia_semana";"horario";"uf";"br";"km";"municipio";"causa_acidente";"tipo_acidente";"classificacao_acidente";"fase_dia";"sentido_via";"condicao_metereologica";"tipo_pista";"tracado_via";"uso_solo";"pessoas";"mortos";"feridos_leves";"feridos_graves";"ilesos";"ignorados";"feridos";"veiculos";"latitude";"longitude";"regional";"delegacia";"uop"
778376;2026-06-13;"sábado";"15:20:00";"GO";153;439;"ANAPOLIS";"Sinalização mal posicionada";"Colisão traseira";"Com Vítimas Feridas";"Pleno dia";"Decrescente";"Nublado";"Dupla";"Em Obras;Declive";"Sim";4;0;1;0;3;0;1;3;-16,323742;-48,921436;NA;NA;NA
778378;2026-06-13;"sábado";"15:18:00";"PI";316;2,4;"TERESINA";"Condutor deixou de manter distância do veículo da frente";"Colisão traseira";"Com Vítimas Feridas";"Pleno dia";"Crescente";"Sol";"Múltipla";"Reta";"Sim";2;0;0;1;1;0;1;2;-5,12355;-42,79574;NA;NA;NA
778379;2026-06-13;"sábado";"15:00:00";"PR";116;132;"FAZENDA RIO GRANDE";"Reação tardia ou ineficiente do condutor";"Colisão frontal";"Com Vítimas Feridas";"Pleno dia";"Crescente";"Sol";"Simples";"Curva";"Não";2;0;2;0;0;0;2;2;-25,689463;-49,317567;NA;NA;NA
778380;2026-06-13;"sábado";"15:00:00";"MG";50;1,8;"ARAGUARI";"Ingestão de álcool pelo condutor";"Saída de leito carroçável";"Sem Vítimas";"Pleno dia";"Decrescente";"Chuva";"Dupla";"Declive;Reta";"Não";3;0;0;0;2;1;0;1;-18,4340583;-48,0595933;NA;NA;NA
778381;2026-05-24;"domingo";"00:05:00";"BA";235;350,6;"JUAZEIRO";"Retorno proibido";"Colisão traseira";"Com Vítimas Feridas";"Plena Noite";"Crescente";"Céu Claro";"Dupla";"Reta";"Sim";2;0;0;1;0;1;1;2;-9,432305;-40,502877;NA;NA;NA
778384;2026-06-13;"sábado";"14:30:00";"SC";101;98;"BALNEARIO PICARRAS";"Reação tardia ou ineficiente do condutor";"Colisão lateral mesmo sentido";"Com Vítimas Feridas";"Pleno dia";"Crescente";"Sol";"Múltipla";"Reta";"Não";4;0;3;0;1;0;3;2;-26,741068;-48,698384;NA;NA;NA
778386;2026-06-13;"sábado";"14:45:00";"MT";163;738;"SORRISO";"Ausência de reação do condutor";"Engavetamento";"Com Vítimas Feridas";"Pleno dia";"Decrescente";"Sol";"Simples";"Reta";"Não";5;0;1;0;4;0;1;3;-12,66098;-55,790988;NA;NA;NA
778387;2026-06-13;"sábado";"16:00:00";"PR";277;33;"MORRETES";"Velocidade Incompatível";"Colisão com objeto";"Com Vítimas Fatais";"Pleno dia";"Crescente";"Céu Claro";"Dupla";"Curva";"Não";2;1;0;0;0;1;0;2;-25,567141;-48,81105;NA;NA;NA
778388;2026-06-13;"sábado";"08:35:00";"RS";116;155;"CAXIAS DO SUL";"Acessar a via sem observar a presença dos outros veículos";"Colisão transversal";"Com Vítimas Feridas";"Pleno dia";"Crescente";"Nublado";"Simples";"Reta";"Sim";2;0;1;0;1;0;1;2;-29,19382512;-51,17965204;NA;NA;NA
778389;2026-06-13;"sábado";"15:40:00";"RJ";393;283,5;"VOLTA REDONDA";"Conversão proibida";"Colisão transversal";"Com Vítimas Feridas";"Pleno dia";"Crescente";"Céu Claro";"Simples";"Reta";"Sim";3;0;1;0;2;0;1;2;-22,4940372;-44,066943;NA;NA;NA
778391;2026-06-13;"sábado";"14:19:00";"MG";365;305;"JOAO PINHEIRO";"Transitar na contramão";"Colisão lateral sentido oposto";"Com Vítimas Feridas";"Pleno dia";"Crescente";"Nublado";"Simples";"Reta";"Não";4;0;1;2;1;0;3;2;-18,171669;-45,78282;NA;NA;NA
778393;2026-06-13;"sábado";"12:40:00";"RJ";465;21;"NOVA IGUACU";"Acesso irregular";"Colisão transversal";"Com Vítimas Feridas";"Pleno dia";"Crescente";"Céu Claro";"Simples";"Reta";"Sim";4;0;0;2;1;1;2;2;-22,85684085;-43,60183775;NA;NA;NA
778394;2026-06-13;"sábado";"16:45:00";"SC";470;49;"BLUMENAU";"Ingestão de álcool pelo condutor";"Colisão traseira";"Com Vítimas Feridas";"Pleno dia";"Decrescente";"Céu Claro";"Dupla";"Reta";"Não";2;0;1;0;1;0;1;2;-26,86096299;-49,06613155;NA;NA;NA
778395;2026-06-13;"sábado";"16:40:00";"RN";405;1;"MOSSORO";"Acessar a via sem observar a presença dos outros veículos";"Colisão transversal";"Com Vítimas Feridas";"Pleno dia";"Crescente";"Céu Claro";"Dupla";"Retorno Regulamentado";"Sim";2;0;1;0;1;0;1;2;-5,192035;-37,36669;NA;NA;NA
778396;2026-06-13;"sábado";"17:20:00";"SP";116;198;"ARUJA";"Entrada inopinada do pedestre";"Atropelamento de Pedestre";"Com Vítimas Feridas";"Anoitecer";"Decrescente";"Nublado";"Dupla";"Declive";"Não";2;0;1;0;0;1;1;2;-23,40028906;-46,30414362;NA;NA;NA
778397;2026-06-13;"sábado";"17:35:00";"PR";116;124;"FAZENDA RIO GRANDE";"Trafegar com motocicleta (ou similar) entre as faixas";"Colisão lateral mesmo sentido";"Com Vítimas Feridas";"Anoitecer";"Decrescente";"Céu Claro";"Dupla";"Reta";"Sim";2;0;1;0;1;0;1;2;-25,625717;-49,314877;NA;NA;NA
778398;2026-06-13;"sábado";"17:10:00";"MG";381;906,8;"CAMBUI";"Mal súbito do condutor";"Saída de leito carroçável";"Com Vítimas Feridas";"Pleno dia";"Decrescente";"Nublado";"Dupla";"Curva;Declive";"Não";2;0;1;0;1;0;1;1;-22,6780812;-46,0986851;NA;NA;NA
778399;2026-06-13;"sábado";"17:30:00";"PR";487;178;"CAMPO MOURAO";"Acessar a via sem observar a presença dos outros veículos";"Colisão transversal";"Com Vítimas Feridas";"Pleno dia";"Crescente";"Nublado";"Simples";"Declive";"Sim";3;0;0;2;1;0;2;2;-24,0414594;-52,4040942;NA;NA;NA
778400;2026-06-13;"sábado";"17:35:00";"RJ";116;179;"MESQUITA";"Demais falhas mecânicas ou elétricas";"Queda de ocupante de veículo";"Com Vítimas Feridas";"Plena Noite";"Decrescente";"Céu Claro";"Múltipla";"Reta";"Não";2;0;1;0;1;0;1;1;-22,76904;-43,40982;NA;NA;NA
778401;2026-06-13;"sábado";"18:00:00";"RS";386;355,5;"ESTRELA";"Manobra de mudança de faixa";"Colisão lateral mesmo sentido";"Sem Vítimas";"Plena Noite";"Decrescente";"Nublado";"Dupla";"Reta";"Não";3;0;0;0;3;0;0;2;-29,52041;-51,93594;NA;NA;NA
778402;2026-06-13;"sábado";"16:30:00";"SC";101;142;"ITAPEMA";"Ausência de reação do condutor";"Tombamento";"Com Vítimas Feridas";"Pleno dia";"Crescente";"Céu Claro";"Dupla";"Reta";"Sim";1;0;1;0;0;0;1;1;-27,060377;-48,596476;NA;NA;NA
778403;2026-06-13;"sábado";"17:10:00";"PR";116;123;"FAZENDA RIO GRANDE";"Reação tardia ou ineficiente do condutor";"Colisão traseira";"Com Vítimas Feridas";"Plena Noite";"Crescente";"Céu Claro";"Dupla";"Reta";"Sim";3;0;1;1;1;0;2;2;-25,625717;-49,314877;NA;NA;NA
778407;2026-06-13;"sábado";"17:45:00";"RN";110;43;"MOSSORO";"Acessar a via sem observar a presença dos outros veículos";"Colisão transversal";"Com Vítimas Feridas";"Plena Noite";"Decrescente";"Céu Claro";"Simples";"Interseção de Vias;Reta";"Não";3;0;0;1;2;0;1;2;-5,18509117;-37,30106389;NA;NA;NA
778408;2026-06-13;"sábado";"17:15:00";"SC";116;6,8;"MAFRA";"Desrespeitar a preferência no cruzamento";"Colisão transversal";"Com Vítimas Feridas";"Anoitecer";"Decrescente";"Céu Claro";"Simples";"Interseção de Vias";"Sim";2;0;1;0;1;0;1;2;-26,14811351;-49,8250672;NA;NA;NA
778410;2026-06-13;"sábado";"18:15:00";"RS";116;264;"CANOAS";"Reação tardia ou ineficiente do condutor";"Colisão traseira";"Com Vítimas Feridas";"Plena Noite";"Crescente";"Nublado";"Dupla";"Reta;Em Obras;Desvio Temporário";"Sim";5;0;1;0;4;0;1;2;-29,91747019;-51,17806647;NA;NA;NA
778412;2026-06-13;"sábado";"18:30:00";"DF";20;12;"BRASILIA";"Reação tardia ou ineficiente do condutor";"Capotamento";"Com Vítimas Feridas";"Plena Noite";"Crescente";"Céu Claro";"Dupla";"Reta;Em Obras";"Sim";2;0;2;0;0;0;2;1;-15,640647;-47,753468;NA;NA;NA
778413;2026-06-13;"sábado";"17:45:00";"GO";50;246;"CATALAO";"Ausência de reação do condutor";"Saída de leito carroçável";"Com Vítimas Feridas";"Anoitecer";"Decrescente";"Chuva";"Dupla";"Reta";"Não";1;0;1;0;0;0;1;1;-17,93754977;-47,78777825;NA;NA;NA
778414;2026-06-13;"sábado";"19:20:00";"RS";285;196,9;"LAGOA VERMELHA";"Conversão proibida";"Colisão transversal";"Com Vítimas Feridas";"Plena Noite";"Decrescente";"Nublado";"Simples";"Reta";"Não";14;0;2;0;12;0;2;2;-28,215902;-51,510018;NA;NA;NA
778416;2026-06-13;"sábado";"18:20:00";"GO";40;8,6;"VALPARAISO DE GOIAS";"Acesso irregular";"Colisão transversal";"Sem Vítimas";"Plena Noite";"Crescente";"Chuva";"Dupla";"Reta";"Sim";4;0;0;0;4;0;0;2;-16,12111;-47,96441;NA;NA;NA
778417;2026-06-13;"sábado";"18:50:00";"SP";116;134;"SAO JOSE DOS CAMPOS";"Reação tardia ou ineficiente do condutor";"Colisão traseira";"Com Vítimas Feridas";"Plena Noite";"Crescente";"Céu Claro";"Dupla";"Aclive;Reta";"Não";10;0;1;0;9;0;1;3;-23,141693;-45,764885;NA;NA;NA
778419;2026-06-13;"sábado";"17:00:00";"MG";262;56,7;"MANHUACU";"Reação tardia ou ineficiente do condutor";"Colisão transversal";"Com Vítimas Feridas";"Pleno dia";"Crescente";"Nublado";"Simples";"Curva";"Não";2;0;1;0;1;0;1;2;-20,269443;-42,185556;NA;NA;NA
778420;2026-06-13;"sábado";"19:00:00";"MG";381;479;"CONTAGEM";"Pedestre cruzava a pista fora da faixa";"Atropelamento de Pedestre";"Com Vítimas Fatais";"Plena Noite";"Decrescente";"Céu Claro";"Múltipla";"Aclive;Curva";"Sim";3;1;0;0;2;0;0;2;-19,96426785;-44,04444544;NA;NA;NA
778422;2026-06-13;"sábado";"18:15:00";"MS";158;98,4;"PARANAIBA";"Ausência de reação do condutor";"Saída de leito carroçável";"Sem Vítimas";"Plena Noite";"Crescente";"Garoa/Chuvisco";"Dupla";"Reta;Interseção de Vias";"Sim";1;0;0;0;1;0;0;1;-19,698363;-51,17079;NA;NA;NA
778423;2026-06-13;"sábado";"18:12:00";"RO";425;81;"NOVA MAMORE";"Acessar a via sem observar a presença dos outros veículos";"Colisão transversal";"Com Vítimas Feridas";"Anoitecer";"Crescente";"Céu Claro";"Simples";"Interseção de Vias;Reta";"Sim";5;0;1;1;2;1;2;3;-10,41267911;-65,33134818;NA;NA;NA
778426;2026-06-13;"sábado";"18:30:00";"GO";60;33,2;"ALEXANIA";"Objeto estático sobre o leito carroçável";"Colisão com objeto";"Com Vítimas Feridas";"Plena Noite";"Crescente";"Chuva";"Dupla";"Declive";"Não";1;0;1;0;0;0;1;1;-16,097892;-48,521972;NA;NA;NA
778427;2026-06-13;"sábado";"19:14:00";"RN";101;107,3;"PARNAMIRIM";"Pedestre andava na pista";"Atropelamento de Pedestre";"Com Vítimas Feridas";"Pleno dia";"Decrescente";"Céu Claro";"Dupla";"Curva;Declive";"Sim";2;0;1;0;1;0;1;2;-5,92091585;-35,26472314;NA;NA;NA
778428;2026-06-13;"sábado";"19:30:00";"PE";101;77,3;"RECIFE";"Acessar a via sem observar a presença dos outros veículos";"Colisão transversal";"Com Vítimas Feridas";"Plena Noite";"Crescente";"Céu Claro";"Dupla";"Retorno Regulamentado";"Sim";3;0;3;0;0;0;3;2;-8,13121;-34,945387;NA;NA;NA
778429;2026-06-13;"sábado";"18:40:00";"PR";277;711,1;"SANTA TEREZINHA DE ITAIPU";"Reação tardia ou ineficiente do condutor";"Colisão com objeto";"Sem Vítimas";"Plena Noite";"Crescente";"Céu Claro";"Simples";"Curva";"Não";1;0;0;0;1;0;0;1;-25,452;-54,42;NA;NA;NA
778430;2026-06-13;"sábado";"19:05:00";"MG";262;35;"MANHUACU";"Ultrapassagem Indevida";"Atropelamento de Pedestre";"Com Vítimas Feridas";"Plena Noite";"Crescente";"Céu Claro";"Simples";"Interseção de Vias;Curva";"Sim";2;0;0;1;0;1;1;2;-20,259432;-42,031852;NA;NA;NA
778431;2026-06-13;"sábado";"18:40:00";"GO";70;6;"AGUAS LINDAS DE GOIAS";"Ausência de reação do condutor";"Colisão traseira";"Sem Vítimas";"Plena Noite";"Decrescente";"Chuva";"Dupla";"Reta";"Não";4;0;0;0;4;0;0;3;-15,755;-48,287;NA;NA;NA
778432;2026-06-13;"sábado";"18:30:00";"RJ";101;301;"SAO GONCALO";"Manobra de mudança de faixa";"Saída de leito carroçável";"Com Vítimas Fatais";"Plena Noite";"Crescente";"Céu Claro";"Dupla";"Reta";"Não";1;1;0;0;0;0;0;1;-22,78155574;-42,97228623;NA;NA;NA
778433;2026-06-13;"sábado";"20:00:00";"PB";361;4;"PATOS";"Ingestão de álcool pelo condutor";"Colisão frontal";"Sem Vítimas";"Plena Noite";"Crescente";"Céu Claro";"Simples";"Reta";"Sim";2;0;0;0;2;0;0;2;-7,0315;-37,2625;NA;NA;NA
778434;2026-06-13;"sábado";"20:39:00";"ES";101;12;"PEDRO CANARIO";"Estacionar ou parar em local proibido";"Colisão traseira";"Sem Vítimas";"Plena Noite";"Crescente";"Céu Claro";"Simples";"Reta";"Não";3;0;0;0;2;1;0;2;-18,269884;-39,959324;NA;NA;NA
778435;2026-06-13;"sábado";"18:17:00";"RN";101;157;"CANGUARETAMA";"Reação tardia ou ineficiente do condutor";"Queda de ocupante de veículo";"Com Vítimas Feridas";"Plena Noite";"Crescente";"Céu Claro";"Dupla";"Reta";"Sim";2;0;0;1;0;1;1;2;-6,35485;-35,162252;NA;NA;NA
778436;2026-06-13;"sábado";"20:20:00";"PR";277;659;"MATELANDIA";"Velocidade Incompatível";"Colisão com objeto";"Sem Vítimas";"Plena Noite";"Crescente";"Céu Claro";"Dupla";"Reta";"Sim";1;0;0;0;0;1;0;1;-25,23879;-53,968315;NA;NA;NA
778437;2026-06-13;"sábado";"12:40:00";"PR";376;287;"MAUA DA SERRA";"Avarias e/ou desgaste excessivo no pneu";"Tombamento";"Com Vítimas Feridas";"Pleno dia";"Crescente";"Céu Claro";"Dupla";"Curva";"Não";2;0;1;1;0;0;2;1;-23,88580827;-51,23599648;NA;NA;NA
778438;2026-06-13;"sábado";"18:25:00";"GO";153;136;"MARA ROSA";"Ausência de reação do condutor";"Saída de leito carroçável";"Com Vítimas Feridas";"Plena Noite";"Decrescente";"Céu Claro";"Múltipla";"Reta";"Não";5;0;2;0;3;0;2;1;-13,97076;-49,09031;NA;NA;NA
778439;2026-06-13;"sábado";"20:00:00";"RS";470;211,3;"BENTO GONCALVES";"Ingestão de álcool pelo condutor";"Saída de leito carroçável";"Sem Vítimas";"Plena Noite";"Decrescente";"Céu Claro";"Simples";"Curva;Declive";"Não";5;0;0;0;5;0;0;1;-29,1341597;-51,5448531;NA;NA;NA
778443;2026-06-13;"sábado";"20:45:00";"PR";277;437,5;"VIRMOND";"Ingestão de álcool pelo condutor";"Saída de leito carroçável";"Com Vítimas Feridas";"Plena Noite";"Crescente";"Nublado";"Simples";"Curva;Declive";"Não";1;0;1;0;0;0;1;1;-25,3729;-52,228;NA;NA;NA
778444;2026-06-13;"sábado";"20:02:00";"MT";163;604;"NOVA MUTUM";"Reação tardia ou ineficiente do condutor";"Queda de ocupante de veículo";"Com Vítimas Feridas";"Plena Noite";"Decrescente";"Céu Claro";"Dupla";"Reta";"Não";3;0;0;1;2;0;1;2;-13,773341;-56,058265;NA;NA;NA
778447;2026-06-13;"sábado";"18:30:00";"RO";425;71;"NOVA MAMORE";"Transitar na contramão";"Colisão frontal";"Com Vítimas Feridas";"Anoitecer";"Crescente";"Céu Claro";"Simples";"Curva";"Não";4;0;1;1;2;0;2;2;-10,321118;-65,304259;NA;NA;NA
778449;2026-06-13;"sábado";"18:12:00";"MT";70;522;"VARZEA GRANDE";"Acessar a via sem observar a presença dos outros veículos";"Colisão transversal";"Sem Vítimas";"Plena Noite";"Decrescente";"Céu Claro";"Dupla";"Reta";"Sim";7;0;0;0;7;0;0;2;-15,65571;-56,190505;NA;NA;NA
778450;2026-06-13;"sábado";"21:00:00";"GO";50;166,4;"CAMPO ALEGRE DE GOIAS";"Ingestão de álcool pelo condutor";"Saída de leito carroçável";"Sem Vítimas";"Plena Noite";"Crescente";"Nublado";"Dupla";"Aclive;Reta";"Não";1;0;0;0;0;1;0;1;-17,29518009;-47,75700744;NA;NA;NA
778451;2026-06-13;"sábado";"16:45:00";"MT";163;1030;"PEIXOTO DE AZEVEDO";"Reação tardia ou ineficiente do condutor";"Colisão traseira";"Com Vítimas Feridas";"Pleno dia";"Crescente";"Céu Claro";"Simples";"Reta";"Sim";4;0;2;0;1;1;2;2;-10,24027614;-54,98524066;NA;NA;NA
778452;2026-06-13;"sábado";"22:10:00";"MG";459;47,2;"SANTA RITA DE CALDAS";"Animais na Pista";"Atropelamento de Animal";"Com Vítimas Feridas";"Plena Noite";"Decrescente";"Céu Claro";"Simples";"Reta";"Não";2;0;2;0;0;0;2;1;-22,022105;-46,307833;NA;NA;NA
778453;2026-06-13;"sábado";"20:10:00";"MT";70;2;"BARRA DO GARCAS";"Condutor desrespeitou a iluminação vermelha do semáforo";"Colisão lateral sentido oposto";"Com Vítimas Feridas";"Plena Noite";"Crescente";"Nublado";"Simples";"Reta;Interseção de Vias;Aclive";"Sim";2;0;0;1;1;0;1;2;-15,88763044;-52,26786375;NA;NA;NA
778454;2026-06-13;"sábado";"22:00:00";"DF";60;11,4;"BRASILIA";"Pedestre cruzava a pista fora da faixa";"Atropelamento de Pedestre";"Com Vítimas Feridas";"Plena Noite";"Crescente";"Chuva";"Dupla";"Curva";"Sim";2;0;0;1;1;0;1;2;-15,914736;-48,163454;NA;NA;NA
778457;2026-06-13;"sábado";"16:30:00";"MG";116;411;"GOVERNADOR VALADARES";"Transitar na contramão";"Colisão frontal";"Com Vítimas Feridas";"Anoitecer";"Decrescente";"Céu Claro";"Dupla";"Reta";"Não";3;0;2;0;1;0;2;2;-18,86382821;-41,9737551;NA;NA;NA
778458;2026-06-13;"sábado";"22:30:00";"SP";116;108,3;"TAUBATE";"Reação tardia ou ineficiente do condutor";"Colisão traseira";"Sem Vítimas";"Plena Noite";"Crescente";"Céu Claro";"Dupla";"Reta";"Sim";3;0;0;0;2;1;0;2;-23,02398807;-45,53876996;NA;NA;NA
778459;2026-06-13;"sábado";"21:40:00";"PR";272;567;"GUAIRA";"Reação tardia ou ineficiente do condutor";"Tombamento";"Com Vítimas Feridas";"Plena Noite";"Decrescente";"Chuva";"Simples";"Reta";"Não";2;0;2;0;0;0;2;1;-24,103735;-54,233275;NA;NA;NA
778461;2026-06-13;"sábado";"20:05:00";"PE";232;114,5;"CARUARU";"Pedestre andava na pista";"Atropelamento de Pedestre";"Com Vítimas Fatais";"Plena Noite";"Decrescente";"Céu Claro";"Dupla";"Reta";"Não";2;1;0;0;1;0;0;2;-8,2985;-35,85907;NA;NA;NA
778462;2026-06-13;"sábado";"22:50:00";"RS";116;252;"SAPUCAIA DO SUL";"Velocidade Incompatível";"Colisão lateral mesmo sentido";"Sem Vítimas";"Plena Noite";"Decrescente";"Céu Claro";"Múltipla";"Reta";"Sim";2;0;0;0;1;1;0;2;-29,82258438;-51,17131526;NA;NA;NA
778463;2026-06-13;"sábado";"22:45:00";"PR";376;3,8;"APUCARANA";"Acessar a via sem observar a presença dos outros veículos";"Colisão transversal";"Com Vítimas Feridas";"Plena Noite";"Decrescente";"Nevoeiro/Neblina";"Dupla";"Reta";"Sim";4;0;2;0;2;0;2;2;-23,55628;-51,44315;NA;NA;NA
778464;2026-06-13;"sábado";"21:45:00";"RJ";116;189;"NOVA IGUACU";"Condutor deixou de manter distância do veículo da frente";"Colisão traseira";"Com Vítimas Feridas";"Plena Noite";"Decrescente";"Céu Claro";"Múltipla";"Reta";"Sim";4;0;1;0;3;0;1;2;-22,74237799;-43,51870984;NA;NA;NA
778465;2026-06-13;"sábado";"18:00:00";"MG";116;374;"MATHIAS LOBATO";"Acessar a via sem observar a presença dos outros veículos";"Colisão lateral mesmo sentido";"Com Vítimas Feridas";"Plena Noite";"Decrescente";"Nublado";"Simples";"Reta";"Sim";2;0;1;0;1;0;1;2;-18,575128;-41,916059;NA;NA;NA
778467;2026-06-13;"sábado";"22:50:00";"PB";230;0,6;"CABEDELO";"Reação tardia ou ineficiente do condutor";"Colisão com objeto";"Com Vítimas Fatais";"Plena Noite";"Crescente";"Céu Claro";"Simples";"Curva";"Sim";1;1;0;0;0;0;0;1;-6,972322;-34,832892;NA;NA;NA
778468;2026-06-13;"sábado";"23:30:00";"MG";50;175;"UBERABA";"Ingestão de álcool pelo condutor";"Saída de leito carroçável";"Com Vítimas Feridas";"Plena Noite";"Decrescente";"Garoa/Chuvisco";"Simples";"Reta";"Sim";1;0;1;0;0;0;1;1;-19,7032708;-47,98572058;NA;NA;NA
778469;2026-06-13;"sábado";"22:35:00";"PI";343;2;"TERESINA";"Ingestão de álcool pelo condutor";"Colisão traseira";"Sem Vítimas";"Plena Noite";"Decrescente";"Céu Claro";"Dupla";"Retorno Regulamentado;Reta";"Sim";3;0;0;0;3;0;0;2;-5,08165;-42,767862;NA;NA;NA
778470;2026-06-13;"sábado";"23:30:00";"PR";376;182;"MARINGA";"Desrespeitar a preferência no cruzamento";"Colisão transversal";"Com Vítimas Feridas";"Plena Noite";"Crescente";"Garoa/Chuvisco";"Dupla";"Rotatória";"Sim";3;0;1;0;2;0;1;2;-23,43226539;-51,88746063;NA;NA;NA
778471;2026-06-13;"sábado";"22:00:00";"SC";101;99,9;"BALNEARIO PICARRAS";"Ingestão de álcool pelo condutor";"Colisão transversal";"Com Vítimas Feridas";"Plena Noite";"Decrescente";"Céu Claro";"Dupla";"Reta";"Sim";2;0;1;0;1;0;1;2;-26,75610543;-48,68908731;NA;NA;NA
778472;2026-06-13;"sábado";"22:30:00";"GO";251;29,5;"CRISTALINA";"Ausência de reação do condutor";"Colisão traseira";"Sem Vítimas";"Plena Noite";"Crescente";"Céu Claro";"Simples";"Reta";"Não";5;0;0;0;5;0;0;3;-16,0852015;-47,5190033;NA;NA;NA
778473;2026-06-13;"sábado";"23:10:00";"MS";267;503,2;"JARDIM";"Manobra de mudança de faixa";"Colisão frontal";"Com Vítimas Fatais";"Plena Noite";"Crescente";"Garoa/Chuvisco";"Simples";"Reta";"Não";6;1;1;4;0;0;5;2;-21,4661563;-56,3325902;NA;NA;NA
778474;2026-06-13;"sábado";"23:39:00";"PR";369;14,8;"CAMBARA";"Ausência de reação do condutor";"Colisão traseira";"Com Vítimas Fatais";"Plena Noite";"Decrescente";"Chuva";"Dupla";"Reta;Em Obras;Aclive";"Não";8;1;0;7;0;0;7;3;-23,023653;-50,0342467;NA;NA;NA
778475;2026-06-14;"domingo";"00:00:00";"RS";116;521;"PELOTAS";"Velocidade Incompatível";"Colisão com objeto";"Sem Vítimas";"Plena Noite";"Decrescente";"Nublado";"Múltipla";"Rotatória;Interseção de Vias;Viaduto";"Sim";1;0;0;0;0;1;0;1;-31,7074751;-52,3672333;NA;NA;NA
778477;2026-06-13;"sábado";"23:04:00";"MT";70;274;"PRIMAVERA DO LESTE";"Manobra de mudança de faixa";"Capotamento";"Sem Vítimas";"Plena Noite";"Crescente";"Céu Claro";"Simples";"Reta";"Não";1;0;0;0;0;1;0;1;-15,57734751;-54,37890151;NA;NA;NA
778478;2026-06-14;"domingo";"01:00:00";"ES";101;145,1;"LINHARES";"Reação tardia ou ineficiente do condutor";"Tombamento";"Com Vítimas Feridas";"Plena Noite";"Crescente";"Ignorado";"Múltipla";"Reta";"Sim";1;0;1;0;0;0;1;1;-19,36218662;-40,06508946;NA;NA;NA
778479;2026-06-14;"domingo";"00:40:00";"PR";277;698,9;"SAO MIGUEL DO IGUACU";"Ingestão de álcool pelo condutor";"Saída de leito carroçável";"Sem Vítimas";"Plena Noite";"Decrescente";"Vento";"Dupla";"Reta;Aclive;Retorno Regulamentado";"Não";1;0;0;0;1;0;0;1;-25,394195;-54,3074233;NA;NA;NA
778480;2026-06-13;"sábado";"22:30:00";"RJ";356;177;"SAO JOAO DA BARRA";"Acessar a via sem observar a presença dos outros veículos";"Colisão transversal";"Com Vítimas Feridas";"Plena Noite";"Decrescente";"Céu Claro";"Simples";"Reta";"Não";3;0;1;1;1;0;2;2;-21,717968;-41,057435;NA;NA;NA
778481;2026-06-14;"domingo";"01:10:00";"GO";40;4;"VALPARAISO DE GOIAS";"Reação tardia ou ineficiente do condutor";"Colisão com objeto";"Com Vítimas Feridas";"Plena Noite";"Decrescente";"Ignorado";"Dupla";"Reta";"Sim";3;0;0;1;1;1;1;2;-16,082051;-47,986433;NA;NA;NA
778482;2026-06-14;"domingo";"01:00:00";"PR";272;527;"FRANCISCO ALVES";"Chuva";"Saída de leito carroçável";"Sem Vítimas";"Plena Noite";"Crescente";"Chuva";"Simples";"Reta";"Sim";1;0;0;0;0;1;0;1;-24,06554276;-53,84991344;NA;NA;NA
778483;2026-06-13;"sábado";"23:00:00";"MA";135;335;"PRESIDENTE DUTRA";"Transitar na contramão";"Colisão frontal";"Com Vítimas Fatais";"Plena Noite";"Decrescente";"Céu Claro";"Simples";"Reta";"Não";2;1;0;0;1;0;0;2;-5,256223;-44,4818;NA;NA;NA
778484;2026-06-14;"domingo";"01:00:00";"PR";376;174;"MARINGA";"Ingestão de álcool pelo condutor";"Colisão traseira";"Com Vítimas Feridas";"Plena Noite";"Crescente";"Garoa/Chuvisco";"Dupla";"Declive;Reta";"Sim";2;0;1;0;1;0;1;2;-23,418369;-51,961971;NA;NA;NA
778485;2026-06-13;"sábado";"23:45:00";"SP";116;110,4;"TAUBATE";"Pedestre andava na pista";"Atropelamento de Pedestre";"Com Vítimas Fatais";"Plena Noite";"Decrescente";"Céu Claro";"Dupla";"Curva;Declive";"Sim";3;1;0;0;2;0;0;2;-23,036797;-45,556865;NA;NA;NA
778486;2026-06-14;"domingo";"00:51:00";"MS";163;626;"SAO GABRIEL DO OESTE";"Reação tardia ou ineficiente do condutor";"Colisão com objeto";"Com Vítimas Feridas";"Plena Noite";"Crescente";"Céu Claro";"Simples";"Curva;Em Obras";"Não";2;0;0;2;0;0;2;1;-19,298468;-54,631061;NA;NA;NA