"id";"data_inversa";"dia_semana";"horario";"uf";"br";"km";"municipio";"causa_acidente";"tipo_acidente";"classificacao_acidente";"fase_dia";"sentido_via";"condicao_metereologica";"tipo_pista";"tracado_via";"uso_solo";"pessoas";"mortos";"feridos_leves";"feridos_graves";"ilesos";"ignorados";"feridos";"veiculos";"latitude";"longitude";"regional";"delegacia";"uop"
778595;2026-06-14;"domingo";"13:05:00";"RS";116;247;"SAO LEOPOLDO";"Acessar a via sem observar a presença dos outros veículos";"Colisão lateral mesmo sentido";"Com Vítimas Feridas";"Pleno dia";"Decrescente";"Nublado";"Dupla";"Reta";"Sim";2;0;1;0;1;0;1;2;-29,76726505;-51,15343554;NA;NA;NA
778596;2026-06-14;"domingo";"14:00:00";"MG";40;549,9;"NOVA LIMA";"Reação tardia ou ineficiente do condutor";"Queda de ocupante de veículo";"Com Vítimas Feridas";"Pleno dia";"Crescente";"Céu Claro";"Dupla";"Retorno Regulamentado;Curva";"Sim";2;0;2;0;0;0;2;1;-20,044334;-43,964693;NA;NA;NA
778597;2026-06-14;"domingo";"11:50:00";"RS";101;8;"TORRES";"Reação tardia ou ineficiente do condutor";"Eventos atípicos";"Com Vítimas Feridas";"Pleno dia";"Decrescente";"Nublado";"Simples";"Curva";"Não";2;0;1;0;0;1;1;2;-29,35767841;-49,80407238;NA;NA;NA
778600;2026-06-14;"domingo";"14:00:00";"MG";365;340,1;"VARJAO DE MINAS";"Ausência de reação do condutor";"Colisão com objeto";"Com Vítimas Fatais";"Pleno dia";"Decrescente";"Nublado";"Simples";"Declive";"Não";4;1;2;1;0;0;3;1;-18,351837;-46,018777;NA;NA;NA
778601;2026-06-14;"domingo";"14:15:00";"SP";116;320;"SAO JOSE DOS CAMPOS";"Velocidade Incompatível";"Saída de leito carroçável";"Com Vítimas Feridas";"Pleno dia";"Crescente";"Nublado";"Dupla";"Curva";"Sim";1;0;1;0;0;0;1;1;-23;-46;NA;NA;NA
778604;2026-06-14;"domingo";"14:45:00";"SP";116;439,9;"REGISTRO";"Ausência de reação do condutor";"Colisão lateral mesmo sentido";"Com Vítimas Feridas";"Pleno dia";"Decrescente";"Nublado";"Dupla";"Reta";"Sim";2;0;1;0;1;0;1;2;-24,45990553;-47,81587395;NA;NA;NA
778605;2026-06-14;"domingo";"14:35:00";"MG";50;204;"DELTA";"Velocidade Incompatível";"Capotamento";"Com Vítimas Feridas";"Pleno dia";"Crescente";"Chuva";"Simples";"Curva";"Não";1;0;1;0;0;0;1;1;-19,96944;-47,77748;NA;NA;NA
778606;2026-06-14;"domingo";"11:00:00";"RO";364;491;"ARIQUEMES";"Ausência de reação do condutor";"Colisão traseira";"Com Vítimas Feridas";"Pleno dia";"Crescente";"Céu Claro";"Simples";"Reta";"Não";4;0;0;1;3;0;1;2;-10,097105;-62,959625;NA;NA;NA
778607;2026-06-14;"domingo";"15:00:00";"RJ";101;439;"MANGARATIBA";"Acesso irregular";"Colisão transversal";"Com Vítimas Feridas";"Pleno dia";"Crescente";"Céu Claro";"Simples";"Interseção de Vias;Reta";"Não";2;0;1;0;1;0;1;2;-22,9539651;-44,0860488;NA;NA;NA
778608;2026-06-14;"domingo";"15:25:00";"PI";343;345,5;"TERESINA";"Manobra de mudança de faixa";"Colisão lateral mesmo sentido";"Com Vítimas Feridas";"Pleno dia";"Crescente";"Céu Claro";"Dupla";"Reta";"Sim";2;0;1;0;1;0;1;2;-5,10703;-42,76864;NA;NA;NA
778610;2026-06-14;"domingo";"15:20:00";"PE";232;177;"BELO JARDIM";"Ausência de reação do condutor";"Colisão traseira";"Com Vítimas Feridas";"Pleno dia";"Decrescente";"Céu Claro";"Simples";"Reta";"Não";4;0;1;0;3;0;1;2;-8,34234234;-36,42141696;NA;NA;NA
778611;2026-06-14;"domingo";"13:20:00";"MT";364;177;"PEDRA PRETA";"Condutor deixou de manter distância do veículo da frente";"Colisão traseira";"Com Vítimas Feridas";"Pleno dia";"Crescente";"Céu Claro";"Simples";"Reta";"Não";3;0;0;1;2;0;1;2;-16,609607;-54,467853;NA;NA;NA
778613;2026-06-14;"domingo";"15:00:00";"SP";116;507;"CAJATI";"Chuva";"Saída de leito carroçável";"Sem Vítimas";"Pleno dia";"Decrescente";"Chuva";"Simples";"Curva;Declive";"Não";4;0;0;0;4;0;0;1;-24,81391956;-48,20827067;NA;NA;NA
778615;2026-06-14;"domingo";"13:54:00";"RJ";40;13;"TRES RIOS";"Velocidade Incompatível";"Queda de ocupante de veículo";"Com Vítimas Feridas";"Pleno dia";"Decrescente";"Céu Claro";"Dupla";"Curva";"Não";1;0;1;0;0;0;1;1;-22,06634;-43,19606;NA;NA;NA
778616;2026-06-14;"domingo";"16:10:00";"PR";376;101;"PARANAVAI";"Ausência de reação do condutor";"Colisão com objeto";"Sem Vítimas";"Pleno dia";"Decrescente";"Nublado";"Simples";"Declive";"Não";1;0;0;0;1;0;0;1;-23,03219;-52,48105;NA;NA;NA
778617;2026-06-14;"domingo";"15:55:00";"PE";232;6,9;"RECIFE";"Ausência de reação do condutor";"Colisão traseira";"Com Vítimas Feridas";"Pleno dia";"Decrescente";"Céu Claro";"Dupla";"Reta";"Sim";3;0;0;1;2;0;1;2;-8,073;-34,96042;NA;NA;NA
778619;2026-06-14;"domingo";"16:15:00";"GO";452;1;"RIO VERDE";"Ausência de reação do condutor";"Colisão traseira";"Com Vítimas Fatais";"Pleno dia";"Decrescente";"Nublado";"Dupla";"Reta";"Sim";4;1;1;0;0;2;1;3;-17,79128577;-50,89377729;NA;NA;NA
778620;2026-06-14;"domingo";"14:30:00";"RJ";101;505;"ANGRA DOS REIS";"Transitar na contramão";"Colisão frontal";"Sem Vítimas";"Pleno dia";"Decrescente";"Céu Claro";"Simples";"Reta";"Sim";2;0;0;0;1;1;0;2;-22,93324402;-44,38986719;NA;NA;NA
778621;2026-06-14;"domingo";"16:30:00";"SE";0;0;"NOSSA SENHORA DO SOCORRO";"Velocidade Incompatível";"Tombamento";"Com Vítimas Feridas";"Pleno dia";"Não Informado";"Céu Claro";"Simples";"Reta";"Sim";1;0;0;1;0;0;1;1;-10,88407674;-37,14473097;NA;NA;NA
778623;2026-06-14;"domingo";"10:50:00";"BA";101;676;"PORTO SEGURO";"Velocidade Incompatível";"Saída de leito carroçável";"Com Vítimas Feridas";"Pleno dia";"Decrescente";"Céu Claro";"Simples";"Curva";"Não";1;0;0;1;0;0;1;1;-16,4378553;-39,0907075;NA;NA;NA
778624;2026-06-14;"domingo";"14:00:00";"RJ";465;19;"NOVA IGUACU";"Reação tardia ou ineficiente do condutor";"Colisão traseira";"Com Vítimas Feridas";"Pleno dia";"Crescente";"Céu Claro";"Simples";"Reta";"Sim";3;0;1;0;2;0;1;2;-22,841665;-43,608875;NA;NA;NA
778626;2026-06-14;"domingo";"16:50:00";"SP";116;67;"GUARATINGUETA";"Acessar a via sem observar a presença dos outros veículos";"Colisão lateral mesmo sentido";"Com Vítimas Feridas";"Pleno dia";"Decrescente";"Nublado";"Dupla";"Interseção de Vias";"Sim";2;0;1;0;1;0;1;2;-22,8287096;-45,20922558;NA;NA;NA
778628;2026-06-14;"domingo";"16:25:00";"RO";364;239;"CACOAL";"Condutor deixou de manter distância do veículo da frente";"Colisão traseira";"Com Vítimas Feridas";"Pleno dia";"Crescente";"Céu Claro";"Simples";"Reta";"Não";5;0;2;0;3;0;2;2;-11,43318;-61,465745;NA;NA;NA
778630;2026-06-14;"domingo";"15:30:00";"MA";316;222,4;"BOM JARDIM";"Manobra de mudança de faixa";"Colisão transversal";"Com Vítimas Feridas";"Pleno dia";"Decrescente";"Céu Claro";"Simples";"Reta";"Não";2;0;0;1;1;0;1;2;-3,50638007;-45,65157831;NA;NA;NA
778631;2026-06-14;"domingo";"13:00:00";"PE";424;25;"PEDRA";"Reação tardia ou ineficiente do condutor";"Saída de leito carroçável";"Com Vítimas Feridas";"Pleno dia";"Decrescente";"Céu Claro";"Simples";"Reta";"Não";3;0;2;1;0;0;3;1;-8,553243;-36,899862;NA;NA;NA
778632;2026-06-14;"domingo";"17:00:00";"SC";470;66,1;"INDAIAL";"Acessar a via sem observar a presença dos outros veículos";"Colisão transversal";"Sem Vítimas";"Anoitecer";"Decrescente";"Céu Claro";"Simples";"Reta";"Não";2;0;0;0;2;0;0;2;-26,8703784;-49,2231865;NA;NA;NA
778634;2026-06-14;"domingo";"17:45:00";"PE";101;69;"RECIFE";"Manobra de mudança de faixa";"Colisão lateral mesmo sentido";"Com Vítimas Feridas";"Anoitecer";"Decrescente";"Céu Claro";"Dupla";"Reta";"Sim";2;0;1;0;1;0;1;2;-8,05988;-34,945623;NA;NA;NA
778635;2026-06-14;"domingo";"18:00:00";"RJ";116;82;"TERESOPOLIS";"Ultrapassagem Indevida";"Colisão frontal";"Com Vítimas Feridas";"Plena Noite";"Crescente";"Céu Claro";"Simples";"Reta";"Sim";7;0;4;1;2;0;5;3;-22,40126;-42,953798;NA;NA;NA
778637;2026-06-14;"domingo";"17:40:00";"SC";282;19,8;"PALHOCA";"Reação tardia ou ineficiente do condutor";"Colisão traseira";"Com Vítimas Feridas";"Anoitecer";"Decrescente";"Céu Claro";"Simples";"Reta";"Não";6;0;1;0;5;0;1;3;-27,68414304;-48,7102761;NA;NA;NA
778638;2026-06-14;"domingo";"16:30:00";"BA";324;7;"FEIRA DE SANTANA";"Ausência de reação do condutor";"Colisão com objeto";"Com Vítimas Feridas";"Pleno dia";"Crescente";"Céu Claro";"Dupla";"Viaduto;Em Obras";"Sim";1;0;1;0;0;0;1;1;-12,26805064;-38,98886919;NA;NA;NA
778639;2026-03-22;"domingo";"19:24:00";"PA";163;457;"ITAITUBA";"Entrada inopinada do pedestre";"Atropelamento de Pedestre";"Sem Vítimas";"Plena Noite";"Decrescente";"Ignorado";"Simples";"Aclive;Reta";"Não";2;0;0;0;0;2;0;2;-4,24496093;-56,01466311;NA;NA;NA
778640;2026-06-14;"domingo";"17:00:00";"MG";262;786;"UBERABA";"Velocidade Incompatível";"Colisão traseira";"Sem Vítimas";"Pleno dia";"Decrescente";"Chuva";"Dupla";"Declive;Reta";"Não";2;0;0;0;2;0;0;2;-19,77062558;-47,90521709;NA;NA;NA
778642;2026-06-14;"domingo";"18:00:00";"PR";373;252;"GUAMIRANGA";"Ausência de reação do condutor";"Colisão lateral sentido oposto";"Com Vítimas Feridas";"Anoitecer";"Decrescente";"Ignorado";"Simples";"Reta";"Sim";2;0;0;1;0;1;1;2;-25,189276;-50,8693;NA;NA;NA
778643;2026-06-14;"domingo";"17:50:00";"MG";262;363,8;"JUATUBA";"Animais na Pista";"Atropelamento de Animal";"Com Vítimas Feridas";"Anoitecer";"Decrescente";"Céu Claro";"Dupla";"Reta";"Não";1;0;0;1;0;0;1;1;-19,9596;-44,3388;NA;NA;NA
778645;2026-06-14;"domingo";"17:35:00";"SP";101;43;"UBATUBA";"Acessar a via sem observar a presença dos outros veículos";"Colisão transversal";"Com Vítimas Feridas";"Anoitecer";"Crescente";"Céu Claro";"Simples";"Reta";"Não";2;0;1;0;0;1;1;2;-23,40869791;-45,06017557;NA;NA;NA
778646;2026-06-14;"domingo";"15:20:00";"BA";324;593;"CANDEIAS";"Demais falhas mecânicas ou elétricas";"Capotamento";"Sem Vítimas";"Pleno dia";"Crescente";"Céu Claro";"Dupla";"Reta";"Não";4;0;0;0;4;0;0;1;-12,6362116;-38,4781491;NA;NA;NA
778647;2026-06-14;"domingo";"18:00:00";"RS";116;415;"CRISTAL";"Ausência de reação do condutor";"Tombamento";"Com Vítimas Feridas";"Plena Noite";"Decrescente";"Nublado";"Dupla";"Em Obras;Reta";"Não";2;0;2;0;0;0;2;1;-30,9374432;-51,929485;NA;NA;NA
778649;2026-06-14;"domingo";"18:00:00";"CE";20;402;"CAUCAIA";"Condutor deixou de manter distância do veículo da frente";"Colisão traseira";"Com Vítimas Feridas";"Plena Noite";"Crescente";"Céu Claro";"Simples";"Reta";"Não";4;0;1;1;2;0;2;3;-3,78122106;-38,69049875;NA;NA;NA
778650;2026-06-14;"domingo";"17:50:00";"GO";153;556;"PROFESSOR JAMIL";"Velocidade Incompatível";"Saída de leito carroçável";"Com Vítimas Fatais";"Pleno dia";"Crescente";"Céu Claro";"Dupla";"Reta";"Sim";1;1;0;0;0;0;0;1;-17,176825;-49,209294;NA;NA;NA
778651;2026-06-14;"domingo";"16:50:00";"MG";354;756,6;"ITAMONTE";"Problema com o freio";"Saída de leito carroçável";"Sem Vítimas";"Anoitecer";"Decrescente";"Céu Claro";"Simples";"Curva";"Não";2;0;0;0;2;0;0;1;-22,29789267;-44,86279875;NA;NA;NA
778652;2026-06-14;"domingo";"17:00:00";"SC";282;507;"XANXERE";"Velocidade Incompatível";"Colisão frontal";"Com Vítimas Feridas";"Anoitecer";"Decrescente";"Céu Claro";"Múltipla";"Interseção de Vias;Retorno Regulamentado";"Sim";6;0;5;0;1;0;5;2;-26,885504;-52,435944;NA;NA;NA
778653;2026-05-31;"domingo";"08:30:00";"SC";282;112;"ALFREDO WAGNER";"Ausência de reação do condutor";"Saída de leito carroçável";"Com Vítimas Feridas";"Pleno dia";"Decrescente";"Céu Claro";"Simples";"Curva;Declive";"Não";2;0;2;0;0;0;2;1;-27,73362;-49,37499;NA;NA;NA
778654;2026-06-14;"domingo";"18:50:00";"RS";386;32;"FREDERICO WESTPHALEN";"Ausência de reação do condutor";"Atropelamento de Pedestre";"Com Vítimas Feridas";"Plena Noite";"Crescente";"Nevoeiro/Neblina";"Simples";"Reta;Declive";"Sim";3;0;0;1;0;2;1;2;-27,35155384;-53,3863998;NA;NA;NA
778655;2026-06-14;"domingo";"18:20:00";"RJ";101;383;"RIO DE JANEIRO";"Reação tardia ou ineficiente do condutor";"Capotamento";"Com Vítimas Feridas";"Plena Noite";"Decrescente";"Céu Claro";"Dupla";"Reta";"Não";1;0;1;0;0;0;1;1;-22,87886388;-43,61949921;NA;NA;NA
778656;2026-06-14;"domingo";"18:40:00";"PR";116;126,7;"FAZENDA RIO GRANDE";"Manobra de mudança de faixa";"Colisão traseira";"Com Vítimas Feridas";"Plena Noite";"Decrescente";"Céu Claro";"Dupla";"Reta";"Sim";5;0;1;0;4;0;1;2;-25,64483;-49,312671;NA;NA;NA
778657;2026-06-14;"domingo";"19:20:00";"DF";80;21;"BRASILIA";"Ingestão de álcool pelo condutor";"Colisão traseira";"Sem Vítimas";"Plena Noite";"Decrescente";"Nublado";"Simples";"Reta";"Não";2;0;0;0;2;0;0;2;-15,6504373;-48,2099715;NA;NA;NA
778658;2026-06-14;"domingo";"17:30:00";"SE";235;109;"CARIRA";"Ultrapassagem Indevida";"Colisão com objeto";"Com Vítimas Feridas";"Anoitecer";"Decrescente";"Céu Claro";"Simples";"Reta";"Sim";1;0;1;0;0;0;1;1;-10,35236776;-37,70467043;NA;NA;NA
778659;2026-06-14;"domingo";"18:45:00";"RJ";116;142;"DUQUE DE CAXIAS";"Reação tardia ou ineficiente do condutor";"Colisão traseira";"Sem Vítimas";"Plena Noite";"Crescente";"Céu Claro";"Dupla";"Reta";"Sim";4;0;0;0;4;0;0;2;-22,6471901;-43,22352682;NA;NA;NA
778660;2026-05-17;"domingo";"23:00:00";"MG";153;205;"FRUTAL";"Ausência de reação do condutor";"Saída de leito carroçável";"Com Vítimas Feridas";"Plena Noite";"Crescente";"Garoa/Chuvisco";"Simples";"Interseção de Vias;Em Obras";"Não";4;0;2;2;0;0;4;1;-20,02091167;-49,04720333;NA;NA;NA
778661;2026-06-14;"domingo";"19:15:00";"SC";101;216,6;"PALHOCA";"Ingestão de álcool pelo condutor";"Colisão com objeto";"Com Vítimas Feridas";"Plena Noite";"Decrescente";"Céu Claro";"Dupla";"Reta;Viaduto;Aclive";"Sim";1;0;1;0;0;0;1;1;-27,66491743;-48,6752395;NA;NA;NA
778663;2026-06-14;"domingo";"18:00:00";"BA";116;263;"TUCANO";"Ingestão de álcool pelo condutor";"Colisão lateral sentido oposto";"Com Vítimas Feridas";"Plena Noite";"Crescente";"Céu Claro";"Simples";"Curva";"Não";3;0;1;0;2;0;1;2;-10,8670584;-38,848129;NA;NA;NA
778665;2026-06-14;"domingo";"19:55:00";"SP";116;72;"APARECIDA";"Ausência de reação do condutor";"Colisão traseira";"Sem Vítimas";"Plena Noite";"Crescente";"Nublado";"Dupla";"Reta";"Sim";2;0;0;0;2;0;0;2;-22,86311321;-45,23741913;NA;NA;NA
778666;2026-06-14;"domingo";"18:30:00";"PR";116;126;"FAZENDA RIO GRANDE";"Manobra de mudança de faixa";"Colisão lateral mesmo sentido";"Com Vítimas Feridas";"Pleno dia";"Decrescente";"Céu Claro";"Dupla";"Reta";"Sim";2;0;1;0;1;0;1;2;-25,64192;-49,3125716;NA;NA;NA
778667;2026-06-14;"domingo";"18:00:00";"SC";282;19;"PALHOCA";"Transitar na contramão";"Colisão lateral sentido oposto";"Com Vítimas Feridas";"Plena Noite";"Decrescente";"Nublado";"Simples";"Reta";"Sim";2;0;1;0;1;0;1;2;-27,67722376;-48,70056717;NA;NA;NA
778668;2026-06-14;"domingo";"17:50:00";"RS";116;143;"CAXIAS DO SUL";"Condutor desrespeitou a iluminação vermelha do semáforo";"Colisão transversal";"Com Vítimas Feridas";"Plena Noite";"Crescente";"Nublado";"Dupla";"Interseção de Vias";"Sim";2;0;1;0;1;0;1;2;-29,12136745;-51,12251507;NA;NA;NA
778669;2026-06-14;"domingo";"18:55:00";"SE";101;148;"ESTANCIA";"Acessar a via sem observar a presença dos outros veículos";"Queda de ocupante de veículo";"Com Vítimas Feridas";"Plena Noite";"Decrescente";"Céu Claro";"Simples";"Reta";"Sim";3;0;1;0;0;2;1;3;-11,2414323;-37,4316323;NA;NA;NA
778671;2026-06-14;"domingo";"20:00:00";"MG";267;128,6;"JUIZ DE FORA";"Reação tardia ou ineficiente do condutor";"Saída de leito carroçável";"Com Vítimas Feridas";"Plena Noite";"Decrescente";"Céu Claro";"Simples";"Reta";"Não";1;0;0;1;0;0;1;1;-21,72034167;-43,53377333;NA;NA;NA
778672;2026-06-14;"domingo";"20:00:00";"MG";365;624;"UBERLANDIA";"Ingestão de álcool pelo condutor";"Saída de leito carroçável";"Sem Vítimas";"Plena Noite";"Crescente";"Chuva";"Dupla";"Curva";"Sim";1;0;0;0;0;1;0;1;-18,906442;-48,297105;NA;NA;NA
778673;2026-06-14;"domingo";"19:15:00";"MG";40;511;"RIBEIRAO DAS NEVES";"Ingestão de álcool pelo condutor";"Colisão lateral mesmo sentido";"Sem Vítimas";"Plena Noite";"Decrescente";"Nublado";"Dupla";"Retorno Regulamentado;Reta";"Sim";2;0;0;0;2;0;0;2;-19,785035;-44,1148883;NA;NA;NA
778674;2026-06-14;"domingo";"19:00:00";"RJ";116;189;"NOVA IGUACU";"Trafegar com motocicleta (ou similar) entre as faixas";"Colisão lateral mesmo sentido";"Com Vítimas Feridas";"Plena Noite";"Decrescente";"Céu Claro";"Dupla";"Reta";"Sim";3;0;2;0;1;0;2;2;-22,74012569;-43,52996573;NA;NA;NA
778675;2026-06-14;"domingo";"18:06:00";"RJ";393;218;"VASSOURAS";"Ingestão de álcool pelo condutor";"Queda de ocupante de veículo";"Com Vítimas Feridas";"Plena Noite";"Crescente";"Céu Claro";"Simples";"Reta";"Não";2;0;1;1;0;0;2;1;-22,32870839;-43,54151599;NA;NA;NA
778676;2026-06-14;"domingo";"19:15:00";"PR";373;249,9;"GUAMIRANGA";"Transitar na contramão";"Colisão frontal";"Com Vítimas Fatais";"Plena Noite";"Crescente";"Céu Claro";"Simples";"Reta;Aclive";"Não";3;2;1;0;0;0;1;2;-25,18681088;-50,80553262;NA;NA;NA
778677;2026-06-14;"domingo";"17:50:00";"BA";110;174;"RIBEIRA DO POMBAL";"Ingestão de álcool pelo condutor";"Queda de ocupante de veículo";"Com Vítimas Feridas";"Plena Noite";"Decrescente";"Céu Claro";"Simples";"Reta";"Sim";2;0;2;0;0;0;2;1;-10,83559264;-38,53213191;NA;NA;NA
778678;2026-06-14;"domingo";"19:18:00";"PE";101;37,9;"ITAPISSUMA";"Ausência de reação do condutor";"Capotamento";"Com Vítimas Feridas";"Pleno dia";"Crescente";"Céu Claro";"Dupla";"Declive";"Não";1;0;1;0;0;0;1;1;-7,80552983;-34,92559075;NA;NA;NA
778679;2026-06-14;"domingo";"20:30:00";"SP";488;1,5;"APARECIDA";"Ausência de reação do condutor";"Colisão traseira";"Com Vítimas Feridas";"Plena Noite";"Decrescente";"Ignorado";"Dupla";"Reta";"Sim";2;0;1;0;1;0;1;2;-22,8469587;-45,2322477;NA;NA;NA
778680;2026-06-14;"domingo";"20:30:00";"GO";60;97;"ANAPOLIS";"Acessar a via sem observar a presença dos outros veículos";"Colisão traseira";"Com Vítimas Feridas";"Plena Noite";"Crescente";"Ignorado";"Dupla";"Reta";"Sim";4;0;1;0;2;1;1;2;-16,375813;-48,947053;NA;NA;NA
778681;2026-06-14;"domingo";"20:43:00";"PR";376;294;"MAUA DA SERRA";"Acessar a via sem observar a presença dos outros veículos";"Colisão transversal";"Com Vítimas Feridas";"Plena Noite";"Crescente";"Nevoeiro/Neblina";"Dupla";"Reta";"Não";2;0;0;1;1;0;1;2;-23,914236;-51,18228;NA;NA;NA
778682;2026-06-14;"domingo";"19:27:00";"SC";282;516,4;"XAXIM";"Reação tardia ou ineficiente do condutor";"Saída de leito carroçável";"Sem Vítimas";"Plena Noite";"Decrescente";"Nublado";"Simples";"Curva";"Não";1;0;0;0;0;1;0;1;-26,92923184;-52,49941198;NA;NA;NA
778683;2026-06-14;"domingo";"19:45:00";"SP";381;28;"ATIBAIA";"Entrada inopinada do pedestre";"Atropelamento de Pedestre";"Com Vítimas Fatais";"Plena Noite";"Crescente";"Nublado";"Dupla";"Reta";"Sim";2;1;0;0;0;1;0;2;-23,03648243;-46,55296432;NA;NA;NA
778685;2026-06-14;"domingo";"20:40:00";"SC";101;213,9;"PALHOCA";"Reação tardia ou ineficiente do condutor";"Colisão traseira";"Com Vítimas Feridas";"Plena Noite";"Decrescente";"Nublado";"Múltipla";"Reta";"Sim";3;0;1;0;2;0;1;3;-27,644163;-48,669865;NA;NA;NA
778686;2026-06-14;"domingo";"19:00:00";"SP";381;87;"GUARULHOS";"Ausência de reação do condutor";"Colisão com objeto";"Com Vítimas Feridas";"Plena Noite";"Crescente";"Chuva";"Dupla";"Curva";"Não";2;0;2;0;0;0;2;1;-23,48969825;-46,55937195;NA;NA;NA
778688;2026-06-14;"domingo";"20:30:00";"BA";324;536;"AMELIA RODRIGUES";"Demais falhas na via";"Saída de leito carroçável";"Com Vítimas Feridas";"Plena Noite";"Crescente";"Céu Claro";"Dupla";"Retorno Regulamentado;Curva";"Sim";7;0;7;0;0;0;7;1;-12,3791282;-38,7990769;NA;NA;NA
778689;2026-06-14;"domingo";"18:00:00";"MG";116;657,3;"SAO FRANCISCO DO GLORIA";"Ingestão de álcool pelo condutor";"Saída de leito carroçável";"Com Vítimas Feridas";"Plena Noite";"Decrescente";"Nublado";"Simples";"Curva";"Não";1;0;1;0;0;0;1;1;-20,77785181;-42,30062183;NA;NA;NA
778690;2026-06-14;"domingo";"18:00:00";"RJ";393;167,8;"TRES RIOS";"Acessar a via sem observar a presença dos outros veículos";"Colisão traseira";"Com Vítimas Feridas";"Plena Noite";"Crescente";"Céu Claro";"Simples";"Reta";"Não";3;0;2;0;1;0;2;2;-22,12366585;-43,16989157;NA;NA;NA
778691;2026-06-14;"domingo";"20:00:00";"MG";251;448,8;"GRAO MOGOL";"Ingestão de álcool pelo condutor";"Colisão frontal";"Com Vítimas Feridas";"Plena Noite";"Decrescente";"Céu Claro";"Simples";"Declive;Reta";"Não";4;0;0;1;3;0;1;3;-16,428004;-43,268416;NA;NA;NA
778692;2026-06-14;"domingo";"20:00:00";"RJ";101;297;"ITABORAI";"Acessar a via sem observar a presença dos outros veículos";"Colisão lateral mesmo sentido";"Com Vítimas Feridas";"Plena Noite";"Decrescente";"Céu Claro";"Dupla";"Reta";"Não";2;0;1;0;1;0;1;2;-22,77102;-42,92203;NA;NA;NA
778693;2026-06-14;"domingo";"21:20:00";"RN";304;207;"LAJES";"Demais falhas na via";"Saída de leito carroçável";"Com Vítimas Feridas";"Plena Noite";"Crescente";"Céu Claro";"Simples";"Reta";"Não";2;0;2;0;0;0;2;1;-5,739319;-36,099871;NA;NA;NA
778694;2026-06-14;"domingo";"18:50:00";"PE";101;42,8;"IGARASSU";"Manobra de mudança de faixa";"Colisão lateral mesmo sentido";"Com Vítimas Feridas";"Plena Noite";"Crescente";"Céu Claro";"Dupla";"Reta";"Sim";2;0;0;1;1;0;1;2;-7,84484;-34,91055;NA;NA;NA
778697;2026-06-14;"domingo";"19:15:00";"RS";116;413,9;"CRISTAL";"Velocidade Incompatível";"Saída de leito carroçável";"Com Vítimas Feridas";"Plena Noite";"Decrescente";"Nublado";"Dupla";"Em Obras;Reta";"Não";3;0;0;1;1;1;1;3;-30,9374432;-51,929485;NA;NA;NA
778698;2026-06-14;"domingo";"18:00:00";"RS";470;221;"GARIBALDI";"Condutor deixou de manter distância do veículo da frente";"Colisão traseira";"Com Vítimas Feridas";"Anoitecer";"Decrescente";"Céu Claro";"Simples";"Reta";"Sim";3;0;1;0;2;0;1;2;-29,213177;-51,517949;NA;NA;NA
778699;2026-06-14;"domingo";"14:50:00";"MG";116;5,5;"DIVISA ALEGRE";"Demais falhas mecânicas ou elétricas";"Colisão frontal";"Com Vítimas Feridas";"Pleno dia";"Crescente";"Céu Claro";"Simples";"Aclive;Reta";"Não";3;0;3;0;0;0;3;2;-15,75780665;-41,3318646;NA;NA;NA
778700;2026-06-14;"domingo";"21:10:00";"MG";40;523;"CONTAGEM";"Ausência de reação do condutor";"Colisão traseira";"Com Vítimas Feridas";"Plena Noite";"Crescente";"Céu Claro";"Dupla";"Reta";"Não";2;0;2;0;0;0;2;2;-19,87035702;-44,05783502;NA;NA;NA
778702;2026-06-14;"domingo";"18:30:00";"SC";282;125;"BOM RETIRO";"Ausência de reação do condutor";"Colisão traseira";"Com Vítimas Feridas";"Plena Noite";"Crescente";"Nevoeiro/Neblina";"Simples";"Reta";"Não";3;0;2;0;1;0;2;3;-27,80554347;-49,46238041;NA;NA;NA
778703;2026-06-14;"domingo";"18:40:00";"BA";116;403;"FEIRA DE SANTANA";"Ingestão de álcool pelo condutor";"Colisão transversal";"Sem Vítimas";"Plena Noite";"Crescente";"Céu Claro";"Múltipla";"Reta";"Não";4;0;0;0;4;0;0;4;-12,08496058;-38,96963239;NA;NA;NA
778704;2026-06-14;"domingo";"22:30:00";"SP";381;89;"GUARULHOS";"Manobra de mudança de faixa";"Colisão traseira";"Com Vítimas Feridas";"Plena Noite";"Crescente";"Garoa/Chuvisco";"Dupla";"Reta";"Não";2;0;1;0;1;0;1;2;-23,49618;-46,5597;NA;NA;NA