"id";"data_inversa";"dia_semana";"horario";"uf";"br";"km";"municipio";"causa_acidente";"tipo_acidente";"classificacao_acidente";"fase_dia";"sentido_via";"condicao_metereologica";"tipo_pista";"tracado_via";"uso_solo";"pessoas";"mortos";"feridos_leves";"feridos_graves";"ilesos";"ignorados";"feridos";"veiculos";"latitude";"longitude";"regional";"delegacia";"uop"
778705;2026-06-14;"domingo";"18:20:00";"MG";40;124;"JOAO PINHEIRO";"Ultrapassagem Indevida";"Colisão frontal";"Com Vítimas Fatais";"Anoitecer";"Decrescente";"Céu Claro";"Simples";"Reta";"Não";4;1;1;0;2;0;1;2;-17,677861;-46,331185;NA;NA;NA
778706;2026-06-14;"domingo";"22:10:00";"PR";153;1;"JACAREZINHO";"Acesso irregular";"Saída de leito carroçável";"Sem Vítimas";"Plena Noite";"Crescente";"Garoa/Chuvisco";"Simples";"Rotatória;Retorno Regulamentado";"Não";1;0;0;0;0;1;0;1;-23,00719;-49,90641;NA;NA;NA
778708;2026-06-14;"domingo";"19:20:00";"PR";376;384;"IMBAU";"Chuva";"Saída de leito carroçável";"Com Vítimas Feridas";"Plena Noite";"Crescente";"Chuva";"Dupla";"Declive;Curva";"Não";2;0;1;0;1;0;1;1;-24,47259;-50,73913;NA;NA;NA
778709;2026-06-14;"domingo";"21:30:00";"SC";480;124,5;"CHAPECO";"Velocidade Incompatível";"Tombamento";"Com Vítimas Feridas";"Plena Noite";"Decrescente";"Céu Claro";"Múltipla";"Reta";"Sim";2;0;2;0;0;0;2;1;-27,012125;-52,638931;NA;NA;NA
778710;2026-06-14;"domingo";"21:00:00";"MG";116;619,2;"ORIZANIA";"Velocidade Incompatível";"Saída de leito carroçável";"Com Vítimas Feridas";"Plena Noite";"Decrescente";"Céu Claro";"Simples";"Reta";"Não";2;0;1;0;1;0;1;1;-20,500422;-42,18997;NA;NA;NA
778711;2026-06-14;"domingo";"20:00:00";"SC";153;107;"CONCORDIA";"Ausência de reação do condutor";"Colisão frontal";"Com Vítimas Feridas";"Plena Noite";"Decrescente";"Céu Claro";"Simples";"Curva";"Não";3;0;0;1;1;1;1;2;-27,3023811;-51,9816745;NA;NA;NA
778712;2026-06-14;"domingo";"18:15:00";"MA";222;567;"BOM JESUS DAS SELVAS";"Ingestão de álcool pelo condutor";"Colisão traseira";"Com Vítimas Feridas";"Anoitecer";"Crescente";"Céu Claro";"Simples";"Reta";"Sim";5;0;0;4;1;0;4;2;-4,496897;-46,856967;NA;NA;NA
778714;2026-06-14;"domingo";"19:05:00";"MG";50;104,5;"UBERABA";"Chuva";"Tombamento";"Com Vítimas Feridas";"Plena Noite";"Crescente";"Chuva";"Dupla";"Reta;Aclive";"Não";1;0;1;0;0;0;1;1;-19,17839339;-48,15828888;NA;NA;NA
778715;2026-06-14;"domingo";"20:00:00";"RR";432;196;"CANTA";"Ausência de reação do condutor";"Atropelamento de Pedestre";"Com Vítimas Feridas";"Plena Noite";"Decrescente";"Nublado";"Simples";"Reta";"Não";2;0;0;1;0;1;1;2;2,65122112;-60,59064782;NA;NA;NA
778716;2026-06-14;"domingo";"20:45:00";"RJ";116;171;"RIO DE JANEIRO";"Ausência de reação do condutor";"Queda de ocupante de veículo";"Com Vítimas Feridas";"Plena Noite";"Crescente";"Céu Claro";"Dupla";"Reta";"Sim";4;0;2;0;2;0;2;3;-22,81620414;-43,32420794;NA;NA;NA
778717;2026-06-14;"domingo";"23:00:00";"RS";116;147;"CAXIAS DO SUL";"Ausência de reação do condutor";"Colisão com objeto";"Sem Vítimas";"Plena Noite";"Crescente";"Céu Claro";"Dupla";"Reta";"Sim";1;0;0;0;1;0;0;1;-29,15000923;-51,14487615;NA;NA;NA
778719;2026-06-14;"domingo";"22:45:00";"RN";406;147;"CEARA-MIRIM";"Ingestão de álcool pelo condutor";"Colisão frontal";"Com Vítimas Feridas";"Plena Noite";"Crescente";"Chuva";"Simples";"Reta";"Não";2;0;0;1;1;0;1;2;-5,649403;-35,435698;NA;NA;NA
778720;2026-06-14;"domingo";"21:00:00";"SC";101;48,3;"JOINVILLE";"Ingestão de álcool pelo condutor";"Saída de leito carroçável";"Com Vítimas Fatais";"Plena Noite";"Crescente";"Garoa/Chuvisco";"Múltipla";"Interseção de Vias;Reta";"Sim";1;1;0;0;0;0;0;1;-26,37800852;-48,85254733;NA;NA;NA
778721;2026-06-14;"domingo";"22:00:00";"BA";324;408;"RIACHAO DO JACUIPE";"Velocidade Incompatível";"Saída de leito carroçável";"Com Vítimas Feridas";"Plena Noite";"Decrescente";"Céu Claro";"Simples";"Reta";"Não";4;0;2;1;1;0;3;1;-11,7038073;-39,5276647;NA;NA;NA
778724;2026-06-15;"segunda-feira";"00:23:00";"RS";101;1,5;"TORRES";"Ausência de reação do condutor";"Colisão com objeto";"Com Vítimas Feridas";"Plena Noite";"Crescente";"Nublado";"Dupla";"Reta";"Não";1;0;0;1;0;0;1;1;-29,31174936;-49,77375662;NA;NA;NA
778725;2026-06-14;"domingo";"21:50:00";"BA";110;280;"INHAMBUPE";"Acessar a via sem observar a presença dos outros veículos";"Atropelamento de Pedestre";"Com Vítimas Fatais";"Plena Noite";"Decrescente";"Nublado";"Simples";"Reta";"Sim";2;1;0;0;0;1;0;2;-11,7112845;-38,32906723;NA;NA;NA
778726;2026-06-15;"segunda-feira";"00:00:00";"PR";376;386;"IMBAU";"Ausência de reação do condutor";"Saída de leito carroçável";"Com Vítimas Feridas";"Plena Noite";"Crescente";"Céu Claro";"Dupla";"Aclive;Reta";"Não";1;0;1;0;0;0;1;1;-24,48685;-50,73355;NA;NA;NA
778729;2026-06-14;"domingo";"22:35:00";"GO";60;43;"ALEXANIA";"Ausência de reação do condutor";"Colisão traseira";"Sem Vítimas";"Plena Noite";"Crescente";"Garoa/Chuvisco";"Dupla";"Reta";"Não";4;0;0;0;4;0;0;2;-16,115523;-48,589408;NA;NA;NA
778730;2026-06-15;"segunda-feira";"00:25:00";"SC";101;37;"JOINVILLE";"Ingestão de álcool pelo condutor";"Colisão com objeto";"Com Vítimas Feridas";"Plena Noite";"Decrescente";"Garoa/Chuvisco";"Simples";"Curva";"Sim";2;0;1;0;1;0;1;1;-26,28282061;-48,88885371;NA;NA;NA
778731;2026-06-15;"segunda-feira";"01:20:00";"RS";116;262;"CANOAS";"Ausência de reação do condutor";"Colisão com objeto";"Sem Vítimas";"Plena Noite";"Decrescente";"Nublado";"Dupla";"Reta";"Sim";1;0;0;0;0;1;0;1;-29,88983025;-51,17818031;NA;NA;NA
778732;2026-06-15;"segunda-feira";"01:40:00";"MG";50;49;"ARAGUARI";"Ingestão de álcool pelo condutor";"Saída de leito carroçável";"Sem Vítimas";"Plena Noite";"Crescente";"Garoa/Chuvisco";"Dupla";"Curva";"Não";1;0;0;0;1;0;0;1;-18,731305;-48,2232583;NA;NA;NA
778733;2026-06-14;"domingo";"21:20:00";"PE";428;148;"PETROLINA";"Manobra de mudança de faixa";"Colisão lateral mesmo sentido";"Com Vítimas Feridas";"Plena Noite";"Crescente";"Céu Claro";"Simples";"Reta";"Não";5;0;5;0;0;0;5;2;-9,05839;-40,30439;NA;NA;NA
778735;2026-06-15;"segunda-feira";"01:04:00";"RO";364;343,7;"JI-PARANA";"Ingestão de álcool pelo condutor";"Tombamento";"Com Vítimas Feridas";"Plena Noite";"Crescente";"Céu Claro";"Dupla";"Reta";"Sim";1;0;1;0;0;0;1;1;-10,87461722;-61,95118254;NA;NA;NA
778736;2026-06-15;"segunda-feira";"01:00:00";"GO";60;162,1;"GOIANIA";"Acumulo de água sobre o pavimento";"Colisão com objeto";"Com Vítimas Feridas";"Plena Noite";"Crescente";"Nublado";"Dupla";"Reta";"Sim";1;0;1;0;0;0;1;1;-16,70163;-49,336034;NA;NA;NA
778737;2026-06-15;"segunda-feira";"03:30:00";"PR";277;82;"CURITIBA";"Ingestão de álcool pelo condutor";"Colisão traseira";"Com Vítimas Fatais";"Plena Noite";"Decrescente";"Garoa/Chuvisco";"Dupla";"Reta";"Sim";2;1;0;0;1;0;0;2;-25,454;-49,225;NA;NA;NA
778738;2026-06-15;"segunda-feira";"03:45:00";"RJ";493;119;"ITAGUAI";"Ausência de reação do condutor";"Saída de leito carroçável";"Com Vítimas Feridas";"Plena Noite";"Crescente";"Céu Claro";"Dupla";"Declive;Reta";"Sim";3;0;3;0;0;0;3;1;-22,87499286;-43,8206784;NA;NA;NA
778739;2026-06-15;"segunda-feira";"04:35:00";"GO";40;0,4;"VALPARAISO DE GOIAS";"Ausência de reação do condutor";"Tombamento";"Com Vítimas Fatais";"Plena Noite";"Crescente";"Garoa/Chuvisco";"Dupla";"Reta";"Sim";2;1;0;0;0;1;0;2;-16,05544;-47,9824;NA;NA;NA
778740;2026-06-15;"segunda-feira";"05:10:00";"GO";60;165;"GOIANIA";"Condutor Dormindo";"Capotamento";"Com Vítimas Feridas";"Amanhecer";"Crescente";"Céu Claro";"Dupla";"Reta";"Sim";1;0;1;0;0;0;1;1;-16,717446;-49,366183;NA;NA;NA
778742;2026-06-15;"segunda-feira";"04:15:00";"CE";20;345,5;"CARIDADE";"Condutor Dormindo";"Colisão com objeto";"Com Vítimas Feridas";"Plena Noite";"Decrescente";"Céu Claro";"Simples";"Reta;Ponte";"Não";3;0;2;1;0;0;3;1;-4,121963;-39,070475;NA;NA;NA
778743;2026-06-15;"segunda-feira";"05:12:00";"PE";101;49,1;"ABREU E LIMA";"Ingestão de álcool pelo condutor";"Colisão com objeto";"Com Vítimas Feridas";"Amanhecer";"Decrescente";"Chuva";"Múltipla";"Curva";"Sim";2;0;0;1;0;1;1;2;-7,901923;-34,901616;NA;NA;NA
778744;2026-06-15;"segunda-feira";"05:46:00";"PB";230;40;"SANTA RITA";"Transitar no Acostamento";"Atropelamento de Pedestre";"Com Vítimas Feridas";"Pleno dia";"Crescente";"Céu Claro";"Dupla";"Reta";"Não";2;0;0;1;0;1;1;2;-7,14;-34,97;NA;NA;NA
778745;2026-06-15;"segunda-feira";"04:48:00";"PE";232;133,9;"CARUARU";"Reação tardia ou ineficiente do condutor";"Saída de leito carroçável";"Com Vítimas Feridas";"Plena Noite";"Decrescente";"Nublado";"Dupla";"Aclive;Reta";"Não";38;0;17;1;19;1;18;2;-8,31022;-36,02984;NA;NA;NA
778746;2026-06-15;"segunda-feira";"05:46:00";"PE";232;6;"RECIFE";"Ausência de sinalização";"Colisão traseira";"Com Vítimas Feridas";"Pleno dia";"Decrescente";"Céu Claro";"Dupla";"Reta;Aclive;Viaduto";"Sim";2;0;1;0;1;0;1;2;-8,067253;-34,943185;NA;NA;NA
778747;2026-06-15;"segunda-feira";"03:00:00";"RJ";116;55;"TERESOPOLIS";"Ausência de reação do condutor";"Queda de ocupante de veículo";"Com Vítimas Feridas";"Plena Noite";"Crescente";"Nublado";"Simples";"Reta";"Não";1;0;1;0;0;0;1;1;-22,17333717;-42,83500671;NA;NA;NA
778748;2026-06-14;"domingo";"20:50:00";"RS";116;244;"SAO LEOPOLDO";"Reação tardia ou ineficiente do condutor";"Colisão com objeto";"Sem Vítimas";"Plena Noite";"Decrescente";"Céu Claro";"Dupla";"Reta";"Sim";1;0;0;0;1;0;0;1;-29,7382725;-51,1501531;NA;NA;NA
778749;2026-06-15;"segunda-feira";"03:30:00";"MG";262;350,1;"BETIM";"Velocidade Incompatível";"Saída de leito carroçável";"Com Vítimas Fatais";"Plena Noite";"Decrescente";"Céu Claro";"Dupla";"Reta";"Sim";2;1;1;0;0;0;1;1;-19,9786987;-44,2224804;NA;NA;NA
778750;2026-06-14;"domingo";"18:55:00";"SC";282;468;"PASSOS MAIA";"Condutor deixou de manter distância do veículo da frente";"Colisão lateral mesmo sentido";"Com Vítimas Feridas";"Plena Noite";"Crescente";"Nevoeiro/Neblina";"Simples";"Reta";"Não";4;0;1;0;3;0;1;2;-26,8533625;-52,0783814;NA;NA;NA
778751;2026-06-15;"segunda-feira";"06:25:00";"BA";324;600;"SIMOES FILHO";"Manobra de mudança de faixa";"Colisão lateral mesmo sentido";"Com Vítimas Feridas";"Pleno dia";"Decrescente";"Nublado";"Dupla";"Reta";"Não";5;0;1;0;4;0;1;3;-12,75922484;-38,42626713;NA;NA;NA
778752;2026-06-15;"segunda-feira";"07:00:00";"SP";381;70,5;"MAIRIPORA";"Chuva";"Capotamento";"Com Vítimas Feridas";"Amanhecer";"Crescente";"Chuva";"Múltipla";"Curva;Declive";"Não";2;0;1;0;1;0;1;2;-23,349749;-46,553272;NA;NA;NA
778755;2026-06-14;"domingo";"23:31:00";"SC";470;155;"AGRONOMICA";"Transitar na contramão";"Colisão lateral sentido oposto";"Com Vítimas Feridas";"Plena Noite";"Crescente";"Nevoeiro/Neblina";"Simples";"Reta";"Não";2;0;1;0;1;0;1;2;-27,275403;-49,738053;NA;NA;NA
778757;2026-06-15;"segunda-feira";"02:27:00";"MT";364;497;"ROSARIO OESTE";"Reação tardia ou ineficiente do condutor";"Capotamento";"Sem Vítimas";"Plena Noite";"Decrescente";"Céu Claro";"Simples";"Reta";"Não";1;0;0;0;1;0;0;1;-14,97106349;-56,51599467;NA;NA;NA
778759;2026-06-15;"segunda-feira";"07:30:00";"SC";101;200,9;"SAO JOSE";"Mal súbito do condutor";"Colisão lateral mesmo sentido";"Com Vítimas Feridas";"Pleno dia";"Crescente";"Nublado";"Múltipla";"Reta";"Sim";2;0;1;0;1;0;1;2;-27,5488431;-48,619846;NA;NA;NA
778761;2026-06-15;"segunda-feira";"06:55:00";"PR";376;593;"CURITIBA";"Ausência de reação do condutor";"Engavetamento";"Sem Vítimas";"Pleno dia";"Decrescente";"Chuva";"Dupla";"Reta";"Sim";3;0;0;0;3;0;0;3;-25,46334;-49,35755;NA;NA;NA
778762;2026-06-15;"segunda-feira";"07:45:00";"PR";116;124,6;"FAZENDA RIO GRANDE";"Trafegar com motocicleta (ou similar) entre as faixas";"Colisão traseira";"Com Vítimas Feridas";"Pleno dia";"Decrescente";"Céu Claro";"Dupla";"Reta";"Não";3;0;0;2;1;0;2;2;-25,626162;-49,314815;NA;NA;NA
778763;2026-06-15;"segunda-feira";"07:25:00";"PI";343;2,1;"TERESINA";"Condutor deixou de manter distância do veículo da frente";"Colisão traseira";"Com Vítimas Feridas";"Pleno dia";"Crescente";"Céu Claro";"Dupla";"Reta";"Sim";3;0;1;1;1;0;2;2;-5,08160894;-42,76889412;NA;NA;NA
778764;2026-06-14;"domingo";"16:30:00";"RJ";40;92;"PETROPOLIS";"Reação tardia ou ineficiente do condutor";"Queda de ocupante de veículo";"Com Vítimas Feridas";"Pleno dia";"Decrescente";"Céu Claro";"Dupla";"Aclive;Curva";"Não";2;0;2;0;0;0;2;1;-22,55469478;-43,25350145;NA;NA;NA
778765;2026-06-15;"segunda-feira";"07:35:00";"PR";369;146,8;"LONDRINA";"Reação tardia ou ineficiente do condutor";"Colisão traseira";"Com Vítimas Feridas";"Pleno dia";"Decrescente";"Garoa/Chuvisco";"Dupla";"Reta;Declive";"Sim";2;0;1;0;1;0;1;2;-23,293;-51,1295;NA;NA;NA
778766;2026-06-15;"segunda-feira";"07:20:00";"PE";428;175,4;"PETROLINA";"Avarias e/ou desgaste excessivo no pneu";"Tombamento";"Com Vítimas Feridas";"Pleno dia";"Decrescente";"Céu Claro";"Simples";"Reta";"Não";2;0;1;1;0;0;2;1;-9,263717;-40,43112;NA;NA;NA
778768;2026-06-15;"segunda-feira";"07:53:00";"RN";101;84,2;"SAO GONCALO DO AMARANTE";"Manobra de mudança de faixa";"Colisão transversal";"Com Vítimas Feridas";"Pleno dia";"Crescente";"Céu Claro";"Dupla";"Interseção de Vias;Reta";"Sim";2;0;1;0;1;0;1;2;-5,77514;-35,25564;NA;NA;NA
778770;2026-05-24;"domingo";"03:52:00";"SP";116;221;"GUARULHOS";"Pedestre cruzava a pista fora da faixa";"Atropelamento de Pedestre";"Com Vítimas Fatais";"Plena Noite";"Decrescente";"Garoa/Chuvisco";"Dupla";"Reta";"Sim";2;1;0;0;0;1;0;2;-23,46961334;-46,51194739;NA;NA;NA
778771;2026-06-15;"segunda-feira";"07:10:00";"MG";381;440,4;"SANTA LUZIA";"Transitar no Acostamento";"Colisão lateral mesmo sentido";"Com Vítimas Feridas";"Pleno dia";"Crescente";"Sol";"Simples";"Declive;Curva";"Não";3;0;2;0;1;0;2;2;-19,821875;-43,821503;NA;NA;NA
778773;2026-06-15;"segunda-feira";"08:26:00";"PI";343;1,1;"TERESINA";"Condutor deixou de manter distância do veículo da frente";"Colisão traseira";"Com Vítimas Feridas";"Pleno dia";"Decrescente";"Céu Claro";"Dupla";"Reta";"Sim";2;0;0;1;1;0;1;2;-5,08065198;-42,75887188;NA;NA;NA
778774;2026-06-15;"segunda-feira";"07:20:00";"PI";230;307;"FLORIANO";"Conversão proibida";"Colisão lateral mesmo sentido";"Com Vítimas Feridas";"Pleno dia";"Decrescente";"Céu Claro";"Simples";"Reta";"Não";2;0;2;0;0;0;2;2;-6,785768;-42,994938;NA;NA;NA
778775;2026-06-15;"segunda-feira";"05:45:00";"RN";304;252;"SANTA MARIA";"Avarias e/ou desgaste excessivo no pneu";"Tombamento";"Com Vítimas Feridas";"Pleno dia";"Crescente";"Céu Claro";"Simples";"Reta";"Não";2;0;2;0;0;0;2;1;-5,833944;-35,734618;NA;NA;NA
778776;2026-06-15;"segunda-feira";"07:40:00";"SC";470;3,9;"NAVEGANTES";"Reação tardia ou ineficiente do condutor";"Colisão traseira";"Com Vítimas Feridas";"Pleno dia";"Decrescente";"Nublado";"Dupla";"Desvio Temporário;Interseção de Vias;Viaduto;Em Obras";"Sim";2;0;1;0;1;0;1;2;-26,858878;-48,689143;NA;NA;NA
778777;2026-06-15;"segunda-feira";"07:36:00";"GO";50;157;"CAMPO ALEGRE DE GOIAS";"Condutor deixou de manter distância do veículo da frente";"Capotamento";"Com Vítimas Feridas";"Pleno dia";"Decrescente";"Céu Claro";"Dupla";"Reta";"Não";3;0;1;2;0;0;3;1;-17,236094;-47,762143;NA;NA;NA
778780;2026-06-15;"segunda-feira";"08:00:00";"PR";277;81,6;"CURITIBA";"Trafegar com motocicleta (ou similar) entre as faixas";"Colisão lateral mesmo sentido";"Com Vítimas Feridas";"Pleno dia";"Crescente";"Nublado";"Dupla";"Reta";"Não";3;0;1;0;2;0;1;2;-25,460696;-49,219888;NA;NA;NA
778781;2026-02-15;"domingo";"23:55:00";"PI";343;267,5;"CAMPO MAIOR";"Reação tardia ou ineficiente do condutor";"Colisão frontal";"Com Vítimas Feridas";"Plena Noite";"Crescente";"Nublado";"Simples";"Curva";"Sim";4;0;0;1;2;1;1;3;-4,839173;-42,184987;NA;NA;NA
778782;2026-06-15;"segunda-feira";"08:30:00";"SC";101;204,2;"SAO JOSE";"Pedestre cruzava a pista fora da faixa";"Colisão lateral mesmo sentido";"Com Vítimas Feridas";"Pleno dia";"Decrescente";"Nublado";"Múltipla";"Reta;Declive";"Sim";3;0;2;0;0;1;2;3;-27,576175;-48,6133032;NA;NA;NA
778784;2026-06-15;"segunda-feira";"09:07:00";"PE";232;24;"MORENO";"Acessar a via sem observar a presença dos outros veículos";"Colisão lateral mesmo sentido";"Com Vítimas Feridas";"Pleno dia";"Crescente";"Céu Claro";"Dupla";"Reta";"Não";3;0;0;2;1;0;2;2;-8,109403;-35,105635;NA;NA;NA
778786;2026-06-15;"segunda-feira";"09:30:00";"SC";101;203,9;"SAO JOSE";"Acessar a via sem observar a presença dos outros veículos";"Colisão lateral mesmo sentido";"Com Vítimas Feridas";"Pleno dia";"Decrescente";"Nublado";"Múltipla";"Declive;Reta";"Sim";2;0;1;0;1;0;1;2;-27,57379;-48,61313;NA;NA;NA
778788;2026-06-15;"segunda-feira";"07:40:00";"MG";40;79,5;"PARACATU";"Condutor Dormindo";"Saída de leito carroçável";"Com Vítimas Feridas";"Pleno dia";"Crescente";"Céu Claro";"Simples";"Reta";"Não";1;0;0;1;0;0;1;1;-17,45951431;-46,66431841;NA;NA;NA
778789;2026-06-15;"segunda-feira";"10:00:00";"RN";304;295;"MACAIBA";"Ausência de reação do condutor";"Queda de ocupante de veículo";"Com Vítimas Feridas";"Pleno dia";"Crescente";"Céu Claro";"Simples";"Reta";"Sim";2;0;1;0;1;0;1;2;-5,865062;-35,351308;NA;NA;NA
778790;2026-06-15;"segunda-feira";"08:20:00";"PB";230;149,6;"CAMPINA GRANDE";"Reação tardia ou ineficiente do condutor";"Tombamento";"Com Vítimas Feridas";"Pleno dia";"Crescente";"Chuva";"Dupla";"Reta";"Sim";2;0;1;0;1;0;1;1;-7,248675;-35,871692;NA;NA;NA
778791;2026-06-15;"segunda-feira";"09:50:00";"DF";70;15;"BRASILIA";"Demais falhas mecânicas ou elétricas";"Tombamento";"Com Vítimas Feridas";"Pleno dia";"Decrescente";"Céu Claro";"Dupla";"Curva";"Não";2;0;2;0;0;0;2;1;-15,799237;-48,18511;NA;NA;NA
778795;2026-06-15;"segunda-feira";"08:15:00";"GO";60;27,2;"ALEXANIA";"Avarias e/ou desgaste excessivo no pneu";"Saída de leito carroçável";"Sem Vítimas";"Pleno dia";"Decrescente";"Céu Claro";"Dupla";"Aclive;Ponte";"Não";1;0;0;0;0;1;0;1;-16,102073;-48,459482;NA;NA;NA
778796;2026-05-27;"quarta-feira";"06:40:00";"SE";101;103;"SAO CRISTOVAO";"Ausência de reação do condutor";"Colisão traseira";"Com Vítimas Feridas";"Pleno dia";"Decrescente";"Céu Claro";"Dupla";"Reta";"Sim";33;0;2;0;31;0;2;3;-10,95576447;-37,22491829;NA;NA;NA
778797;2026-06-15;"segunda-feira";"07:30:00";"BA";110;375;"SAO SEBASTIAO DO PASSE";"Neblina";"Colisão traseira";"Com Vítimas Feridas";"Pleno dia";"Decrescente";"Nevoeiro/Neblina";"Simples";"Aclive";"Não";2;0;1;0;1;0;1;2;-12,57082345;-38,53761917;NA;NA;NA
778798;2026-06-15;"segunda-feira";"09:00:00";"GO";60;372;"RIO VERDE";"Condutor Dormindo";"Colisão com objeto";"Com Vítimas Feridas";"Pleno dia";"Crescente";"Céu Claro";"Dupla";"Reta";"Não";1;0;1;0;0;0;1;1;-17,724111;-50,861083;NA;NA;NA
778800;2026-02-08;"domingo";"08:00:00";"SC";101;241;"PALHOCA";"Avarias e/ou desgaste excessivo no pneu";"Tombamento";"Com Vítimas Feridas";"Pleno dia";"Decrescente";"Céu Claro";"Dupla";"Reta";"Não";2;0;2;0;0;0;2;1;-27,86735;-48,64604;NA;NA;NA
778801;2026-06-15;"segunda-feira";"10:58:00";"SE";101;89;"NOSSA SENHORA DO SOCORRO";"Acumulo de óleo sobre o pavimento";"Tombamento";"Com Vítimas Feridas";"Pleno dia";"Crescente";"Céu Claro";"Dupla";"Declive;Curva;Viaduto";"Não";2;0;1;0;1;0;1;1;-10,88357102;-37,13395922;NA;NA;NA
778802;2026-06-15;"segunda-feira";"10:05:00";"PR";373;266;"PRUDENTOPOLIS";"Transitar na contramão";"Colisão lateral sentido oposto";"Com Vítimas Feridas";"Pleno dia";"Crescente";"Céu Claro";"Simples";"Reta";"Sim";5;0;1;0;4;0;1;2;-25,206;-50,997;NA;NA;NA
778803;2026-06-15;"segunda-feira";"11:10:00";"GO";60;45,1;"ALEXANIA";"Manobra de mudança de faixa";"Saída de leito carroçável";"Com Vítimas Feridas";"Pleno dia";"Crescente";"Céu Claro";"Dupla";"Declive;Reta";"Não";3;0;0;1;1;1;1;2;-16,132757;-48,59804;NA;NA;NA
778804;2026-06-15;"segunda-feira";"10:47:00";"RN";101;96,8;"NATAL";"Manobra de mudança de faixa";"Colisão lateral mesmo sentido";"Com Vítimas Feridas";"Pleno dia";"Crescente";"Céu Claro";"Dupla";"Reta";"Não";2;0;0;1;1;0;1;2;-5,85455;-35,21165;NA;NA;NA
778805;2026-06-15;"segunda-feira";"11:10:00";"PB";101;122;"CAAPORA";"Ausência de reação do condutor";"Saída de leito carroçável";"Com Vítimas Feridas";"Pleno dia";"Crescente";"Céu Claro";"Dupla";"Retorno Regulamentado;Declive";"Não";1;0;1;0;0;0;1;1;-7,453532;-34,980557;NA;NA;NA
778807;2026-05-22;"sexta-feira";"17:00:00";"SC";282;612,8;"MARAVILHA";"Velocidade Incompatível";"Colisão frontal";"Com Vítimas Fatais";"Pleno dia";"Crescente";"Chuva";"Simples";"Reta";"Não";3;1;1;0;0;1;1;3;-26,764303;-53,25412;NA;NA;NA
778808;2026-06-15;"segunda-feira";"10:40:00";"PR";376;657,7;"TIJUCAS DO SUL";"Velocidade Incompatível";"Saída de leito carroçável";"Com Vítimas Feridas";"Pleno dia";"Decrescente";"Chuva";"Simples";"Aclive;Curva";"Não";2;0;0;1;1;0;1;1;-25,84673867;-49,01208814;NA;NA;NA
778809;2026-06-15;"segunda-feira";"09:15:00";"AL";101;41;"FLEXEIRAS";"Avarias e/ou desgaste excessivo no pneu";"Capotamento";"Sem Vítimas";"Pleno dia";"Decrescente";"Chuva";"Dupla";"Curva;Declive";"Não";2;0;0;0;2;0;0;1;-9,1700875;-35,7744395;NA;NA;NA
778810;2026-06-10;"quarta-feira";"15:00:00";"SC";0;0;"FLORIANOPOLIS";"Acumulo de areia ou detritos sobre o pavimento";"Tombamento";"Sem Vítimas";"Pleno dia";"Não Informado";"Nublado";"Simples";"Curva";"Não";3;0;0;0;3;0;0;1;-27,43755;-48,45573;NA;NA;NA
778811;2026-06-15;"segunda-feira";"12:05:00";"RN";101;98,9;"NATAL";"Frear bruscamente";"Queda de ocupante de veículo";"Com Vítimas Feridas";"Pleno dia";"Decrescente";"Sol";"Dupla";"Reta";"Sim";4;0;2;0;0;2;2;3;-5,84699;-35,2096614;NA;NA;NA
778813;2026-06-15;"segunda-feira";"12:15:00";"TO";10;459;"PALMAS";"Acessar a via sem observar a presença dos outros veículos";"Colisão transversal";"Com Vítimas Feridas";"Pleno dia";"Decrescente";"Céu Claro";"Dupla";"Retorno Regulamentado;Reta";"Sim";3;0;1;1;1;0;2;2;-10,26558;-48,30801;NA;NA;NA
778815;2026-06-15;"segunda-feira";"07:40:00";"RS";158;326;"SANTA MARIA";"Acumulo de areia ou detritos sobre o pavimento";"Queda de ocupante de veículo";"Com Vítimas Feridas";"Pleno dia";"Crescente";"Céu Claro";"Dupla";"Rotatória";"Sim";1;0;1;0;0;0;1;1;-29,70036862;-53,84080617;NA;NA;NA
778816;2026-04-14;"terça-feira";"22:00:00";"MT";174;465;"COMODORO";"Animais na Pista";"Saída de leito carroçável";"Com Vítimas Feridas";"Plena Noite";"Crescente";"Céu Claro";"Simples";"Aclive;Reta";"Não";1;0;0;1;0;0;1;1;-13,973268;-59,7543;NA;NA;NA
778819;2026-06-15;"segunda-feira";"11:55:00";"BA";101;926,9;"NOVA VICOSA";"Acessar a via sem observar a presença dos outros veículos";"Colisão transversal";"Com Vítimas Feridas";"Pleno dia";"Crescente";"Céu Claro";"Simples";"Aclive;Reta";"Não";2;0;0;1;1;0;1;2;-17,941155;-39,855252;NA;NA;NA