"id";"data_inversa";"dia_semana";"horario";"uf";"br";"km";"municipio";"causa_acidente";"tipo_acidente";"classificacao_acidente";"fase_dia";"sentido_via";"condicao_metereologica";"tipo_pista";"tracado_via";"uso_solo";"pessoas";"mortos";"feridos_leves";"feridos_graves";"ilesos";"ignorados";"feridos";"veiculos";"latitude";"longitude";"regional";"delegacia";"uop"
778822;2026-06-15;"segunda-feira";"13:09:00";"RN";406;146,4;"CEARA-MIRIM";"Ausência de reação do condutor";"Tombamento";"Com Vítimas Feridas";"Pleno dia";"Crescente";"Céu Claro";"Simples";"Reta";"Não";1;0;0;1;0;0;1;1;-5,64554;-35,46414;NA;NA;NA
778823;2026-06-15;"segunda-feira";"06:10:00";"MA";316;348;"BACABAL";"Ingestão de álcool pelo condutor";"Colisão frontal";"Com Vítimas Fatais";"Amanhecer";"Decrescente";"Sol";"Simples";"Reta";"Não";3;1;1;1;0;0;2;2;-4,232052;-44,890742;NA;NA;NA
778825;2026-06-15;"segunda-feira";"12:00:00";"RS";153;539,8;"CACAPAVA DO SUL";"Ausência de reação do condutor";"Saída de leito carroçável";"Com Vítimas Fatais";"Pleno dia";"Crescente";"Céu Claro";"Simples";"Curva";"Não";1;1;0;0;0;0;0;1;-30,764517;-53,54581;NA;NA;NA
778827;2026-06-15;"segunda-feira";"12:15:00";"RO";364;11,2;"JI-PARANA";"Ausência de reação do condutor";"Tombamento";"Com Vítimas Feridas";"Pleno dia";"Decrescente";"Sol";"Simples";"Curva";"Não";1;0;1;0;0;0;1;1;-10,8616;-62,0057;NA;NA;NA
778828;2026-06-15;"segunda-feira";"13:00:00";"RJ";101;484;"ANGRA DOS REIS";"Pista Escorregadia";"Colisão traseira";"Com Vítimas Feridas";"Pleno dia";"Crescente";"Chuva";"Simples";"Declive;Reta";"Não";2;0;1;0;1;0;1;2;-22,98635691;-44,29802366;NA;NA;NA
778829;2026-06-15;"segunda-feira";"14:10:00";"PR";277;70;"SAO JOSE DOS PINHAIS";"Ausência de reação do condutor";"Colisão traseira";"Com Vítimas Feridas";"Pleno dia";"Crescente";"Céu Claro";"Dupla";"Em Obras;Reta";"Não";2;0;1;0;1;0;1;2;-25,5111;-49,1287;NA;NA;NA
778830;2026-06-15;"segunda-feira";"13:26:00";"SC";101;151,2;"ITAPEMA";"Ultrapassagem Indevida";"Colisão transversal";"Com Vítimas Feridas";"Pleno dia";"Crescente";"Nublado";"Dupla";"Interseção de Vias;Reta";"Sim";3;0;0;2;1;0;2;2;-27,129694;-48,610211;NA;NA;NA
778835;2026-06-15;"segunda-feira";"14:20:00";"MG";381;491;"BETIM";"Condutor deixou de manter distância do veículo da frente";"Colisão traseira";"Com Vítimas Feridas";"Pleno dia";"Decrescente";"Céu Claro";"Dupla";"Curva";"Sim";3;0;1;0;2;0;1;2;-19,961295;-44,154999;NA;NA;NA
778836;2026-06-15;"segunda-feira";"14:35:00";"MG";381;499;"BETIM";"Ausência de reação do condutor";"Colisão traseira";"Com Vítimas Feridas";"Pleno dia";"Crescente";"Nublado";"Dupla";"Aclive;Reta";"Não";2;0;1;0;1;0;1;2;-19,99549063;-44,20879126;NA;NA;NA
778838;2026-06-15;"segunda-feira";"14:15:00";"SC";101;211,7;"PALHOCA";"Manobra de mudança de faixa";"Colisão lateral mesmo sentido";"Com Vítimas Feridas";"Pleno dia";"Decrescente";"Nublado";"Múltipla";"Viaduto;Reta";"Não";2;0;1;0;1;0;1;2;-27,62837;-48,65674;NA;NA;NA
778839;2026-06-15;"segunda-feira";"14:51:00";"SP";116;340;"MIRACATU";"Chuva";"Saída de leito carroçável";"Com Vítimas Feridas";"Pleno dia";"Decrescente";"Chuva";"Dupla";"Curva;Declive";"Não";1;0;1;0;0;0;1;1;-24,00904945;-47,1607273;NA;NA;NA
778840;2026-06-15;"segunda-feira";"14:25:00";"PR";163;235,8;"TOLEDO";"Velocidade Incompatível";"Saída de leito carroçável";"Sem Vítimas";"Pleno dia";"Crescente";"Céu Claro";"Múltipla";"Aclive;Reta";"Não";1;0;0;0;1;0;0;1;-24,7656826;-53,6897551;NA;NA;NA
778841;2026-06-15;"segunda-feira";"14:30:00";"MA";230;406,8;"BALSAS";"Acessar a via sem observar a presença dos outros veículos";"Colisão transversal";"Com Vítimas Feridas";"Pleno dia";"Crescente";"Céu Claro";"Simples";"Retorno Regulamentado;Reta";"Sim";2;0;1;0;1;0;1;2;-7,5195866;-46,06594205;NA;NA;NA
778844;2026-06-15;"segunda-feira";"15:45:00";"BA";235;352;"JUAZEIRO";"Ausência de reação do condutor";"Queda de ocupante de veículo";"Com Vítimas Feridas";"Pleno dia";"Crescente";"Céu Claro";"Simples";"Reta";"Não";1;0;1;0;0;0;1;1;-9,4266517;-40,5049817;NA;NA;NA
778845;2026-06-15;"segunda-feira";"15:49:00";"SC";101;157;"PORTO BELO";"Reação tardia ou ineficiente do condutor";"Colisão traseira";"Com Vítimas Feridas";"Pleno dia";"Decrescente";"Nublado";"Múltipla";"Reta";"Não";2;0;1;0;1;0;1;2;-27,18573637;-48,61212015;NA;NA;NA
778846;2026-06-08;"segunda-feira";"04:15:00";"PR";277;35;"MORRETES";"Demais falhas mecânicas ou elétricas";"Incêndio";"Sem Vítimas";"Plena Noite";"Crescente";"Céu Claro";"Dupla";"Reta";"Não";1;0;0;0;1;0;0;1;-25,573349;-48,8259809;NA;NA;NA
778847;2026-06-15;"segunda-feira";"16:05:00";"RS";116;260;"CANOAS";"Reação tardia ou ineficiente do condutor";"Tombamento";"Com Vítimas Feridas";"Pleno dia";"Decrescente";"Céu Claro";"Simples";"Curva;Em Obras";"Sim";1;0;1;0;0;0;1;1;-29,8719529;-51,1784026;NA;NA;NA
778848;2026-06-15;"segunda-feira";"14:30:00";"PE";232;36,1;"MORENO";"Transitar no Acostamento";"Colisão traseira";"Com Vítimas Fatais";"Pleno dia";"Decrescente";"Céu Claro";"Dupla";"Reta";"Sim";2;1;0;0;1;0;0;2;-8,1115907;-35,2028564;NA;NA;NA
778849;2026-06-15;"segunda-feira";"12:34:00";"AC";364;122;"RIO BRANCO";"Acessar a via sem observar a presença dos outros veículos";"Colisão traseira";"Com Vítimas Feridas";"Pleno dia";"Crescente";"Céu Claro";"Dupla";"Reta";"Sim";3;0;3;0;0;0;3;2;-10,01179625;-67,77981726;NA;NA;NA
778851;2026-06-15;"segunda-feira";"16:30:00";"SP";116;219;"GUARULHOS";"Reação tardia ou ineficiente do condutor";"Colisão lateral mesmo sentido";"Com Vítimas Feridas";"Pleno dia";"Crescente";"Garoa/Chuvisco";"Múltipla";"Reta";"Sim";2;0;1;0;1;0;1;2;-23,466128;-46,502853;NA;NA;NA
778854;2026-06-15;"segunda-feira";"15:00:00";"RS";116;254;"SAPUCAIA DO SUL";"Velocidade Incompatível";"Tombamento";"Com Vítimas Feridas";"Pleno dia";"Crescente";"Céu Claro";"Simples";"Curva;Retorno Regulamentado;Aclive";"Não";1;0;1;0;0;0;1;1;-29,82630604;-51,17132155;NA;NA;NA
778855;2026-06-15;"segunda-feira";"15:55:00";"PR";369;209;"APUCARANA";"Demais falhas mecânicas ou elétricas";"Tombamento";"Com Vítimas Feridas";"Pleno dia";"Decrescente";"Nublado";"Dupla";"Reta";"Sim";2;0;2;0;0;0;2;1;-23,566038;-51,506048;NA;NA;NA
778859;2026-06-15;"segunda-feira";"15:30:00";"PR";153;375;"RIO AZUL";"Ausência de reação do condutor";"Saída de leito carroçável";"Sem Vítimas";"Pleno dia";"Crescente";"Garoa/Chuvisco";"Simples";"Reta";"Não";1;0;0;0;0;1;0;1;-25,772726;-50,846581;NA;NA;NA
778860;2026-06-15;"segunda-feira";"14:15:00";"RO";435;71,4;"COLORADO DO OESTE";"Reação tardia ou ineficiente do condutor";"Capotamento";"Com Vítimas Feridas";"Pleno dia";"Decrescente";"Céu Claro";"Simples";"Aclive;Reta";"Não";1;0;1;0;0;0;1;1;-13,103413;-60,41875;NA;NA;NA
778861;2026-06-15;"segunda-feira";"16:25:00";"PR";277;70;"SAO JOSE DOS PINHAIS";"Ausência de reação do condutor";"Colisão traseira";"Com Vítimas Feridas";"Pleno dia";"Crescente";"Chuva";"Dupla";"Reta;Em Obras";"Sim";2;0;1;0;1;0;1;2;-25,51324;-49,124158;NA;NA;NA
778867;2026-06-15;"segunda-feira";"16:15:00";"MA";230;404;"BALSAS";"Acesso irregular";"Colisão traseira";"Com Vítimas Feridas";"Pleno dia";"Crescente";"Céu Claro";"Múltipla";"Reta";"Sim";2;0;1;0;1;0;1;2;-7,521393;-46,049598;NA;NA;NA
778868;2026-06-12;"sexta-feira";"07:20:00";"RJ";116;174;"SAO JOAO DE MERITI";"Trafegar com motocicleta (ou similar) entre as faixas";"Colisão lateral mesmo sentido";"Com Vítimas Feridas";"Pleno dia";"Decrescente";"Céu Claro";"Dupla";"Reta";"Sim";2;0;0;1;1;0;1;2;-22,79750752;-43,35880995;NA;NA;NA
778872;2026-06-15;"segunda-feira";"07:00:00";"MS";376;142;"IVINHEMA";"Pista esburacada";"Tombamento";"Com Vítimas Feridas";"Pleno dia";"Crescente";"Nublado";"Simples";"Reta";"Não";1;0;1;0;0;0;1;1;-22,38544089;-53,58101109;NA;NA;NA
778874;2026-06-15;"segunda-feira";"16:55:00";"SC";101;137;"BALNEARIO CAMBORIU";"Trafegar com motocicleta (ou similar) entre as faixas";"Colisão traseira";"Com Vítimas Feridas";"Pleno dia";"Decrescente";"Nublado";"Dupla";"Reta";"Sim";3;0;0;1;2;0;1;3;-27,020748;-48,609243;NA;NA;NA
778876;2026-06-15;"segunda-feira";"17:10:00";"RS";470;217;"BENTO GONCALVES";"Acessar a via sem observar a presença dos outros veículos";"Colisão transversal";"Com Vítimas Feridas";"Pleno dia";"Decrescente";"Céu Claro";"Múltipla";"Retorno Regulamentado;Curva";"Não";2;0;0;1;1;0;1;2;-29,17833206;-51,51837794;NA;NA;NA
778877;2026-06-15;"segunda-feira";"17:35:00";"PR";277;730,5;"FOZ DO IGUACU";"Manobra de mudança de faixa";"Colisão lateral mesmo sentido";"Com Vítimas Feridas";"Pleno dia";"Decrescente";"Nublado";"Dupla";"Curva";"Sim";3;0;2;0;1;0;2;2;-25,50612772;-54,58829896;NA;NA;NA
778879;2026-06-15;"segunda-feira";"12:35:00";"SC";158;109,4;"CUNHA PORA";"Acessar a via sem observar a presença dos outros veículos";"Colisão transversal";"Com Vítimas Feridas";"Pleno dia";"Decrescente";"Céu Claro";"Simples";"Rotatória";"Sim";3;0;1;0;2;0;1;2;-26,88828526;-53,17732948;NA;NA;NA
778881;2026-06-15;"segunda-feira";"16:20:00";"BA";116;16,8;"VITORIA DA CONQUISTA";"Reação tardia ou ineficiente do condutor";"Colisão lateral mesmo sentido";"Com Vítimas Feridas";"Pleno dia";"Crescente";"Céu Claro";"Simples";"Reta";"Sim";2;0;1;0;1;0;1;2;-14,90229268;-40,8441158;NA;NA;NA
778882;2026-05-16;"sábado";"22:25:00";"BA";116;430;"FEIRA DE SANTANA";"Ingestão de álcool pelo condutor";"Saída de leito carroçável";"Com Vítimas Feridas";"Plena Noite";"Crescente";"Céu Claro";"Dupla";"Curva";"Não";1;0;0;1;0;0;1;1;-12,29476209;-39,02864099;NA;NA;NA
778883;2026-06-15;"segunda-feira";"16:10:00";"MS";163;181;"JUTI";"Retorno proibido";"Colisão transversal";"Com Vítimas Feridas";"Pleno dia";"Decrescente";"Céu Claro";"Simples";"Em Obras;Reta";"Não";4;0;1;0;3;0;1;2;-22,826952;-54,688299;NA;NA;NA
778884;2026-06-15;"segunda-feira";"18:30:00";"SP";116;212;"GUARULHOS";"Ausência de reação do condutor";"Colisão com objeto";"Com Vítimas Feridas";"Plena Noite";"Crescente";"Chuva";"Múltipla";"Reta";"Sim";2;0;1;0;1;0;1;1;-23,435087;-46,426606;NA;NA;NA
778886;2026-06-15;"segunda-feira";"14:55:00";"GO";452;52;"MAURILANDIA";"Acessar a via sem observar a presença dos outros veículos";"Colisão transversal";"Com Vítimas Feridas";"Pleno dia";"Decrescente";"Céu Claro";"Simples";"Reta";"Não";4;0;4;0;0;0;4;2;-17,977177;-50,448938;NA;NA;NA
778889;2026-06-15;"segunda-feira";"16:40:00";"RJ";116;296;"BARRA MANSA";"Condutor deixou de manter distância do veículo da frente";"Colisão traseira";"Com Vítimas Feridas";"Anoitecer";"Decrescente";"Céu Claro";"Dupla";"Curva";"Não";1;0;1;0;0;0;1;1;-22,454183;-44,300047;NA;NA;NA
778890;2026-06-15;"segunda-feira";"18:15:00";"SP";101;49;"UBATUBA";"Ausência de reação do condutor";"Colisão traseira";"Com Vítimas Feridas";"Plena Noite";"Crescente";"Garoa/Chuvisco";"Simples";"Reta";"Sim";2;0;1;0;1;0;1;2;-23,44451081;-45,08344738;NA;NA;NA
778893;2026-06-15;"segunda-feira";"18:56:00";"RN";101;104,1;"PARNAMIRIM";"Acumulo de óleo sobre o pavimento";"Queda de ocupante de veículo";"Com Vítimas Feridas";"Plena Noite";"Crescente";"Céu Claro";"Múltipla";"Curva;Rotatória";"Sim";2;0;2;0;0;0;2;1;-5,89230404;-35,25760276;NA;NA;NA
778894;2026-06-15;"segunda-feira";"18:39:00";"PE";232;8;"RECIFE";"Condutor deixou de manter distância do veículo da frente";"Colisão traseira";"Com Vítimas Feridas";"Plena Noite";"Crescente";"Nublado";"Múltipla";"Reta";"Sim";5;0;1;0;4;0;1;2;-8,07654;-34,97225;NA;NA;NA
778895;2026-06-15;"segunda-feira";"17:45:00";"RJ";101;322;"NITEROI";"Acumulo de água sobre o pavimento";"Colisão transversal";"Com Vítimas Feridas";"Anoitecer";"Decrescente";"Chuva";"Simples";"Reta";"Sim";3;0;2;0;1;0;2;2;-22,87951837;-43,11402348;NA;NA;NA
778896;2026-06-15;"segunda-feira";"16:30:00";"MG";381;877,5;"ESTIVA";"Reação tardia ou ineficiente do condutor";"Tombamento";"Com Vítimas Feridas";"Pleno dia";"Decrescente";"Chuva";"Dupla";"Interseção de Vias";"Não";1;0;1;0;0;0;1;1;-22,44246222;-45,99012092;NA;NA;NA
778897;2026-06-15;"segunda-feira";"18:55:00";"SC";101;164;"TIJUCAS";"Transitar na contramão";"Colisão lateral sentido oposto";"Com Vítimas Feridas";"Plena Noite";"Decrescente";"Céu Claro";"Dupla";"Reta";"Sim";3;0;1;1;0;1;2;2;-27,22141427;-48,62609982;NA;NA;NA
778898;2026-05-29;"sexta-feira";"14:30:00";"SC";470;127;"LONTRAS";"Acessar a via sem observar a presença dos outros veículos";"Colisão transversal";"Com Vítimas Feridas";"Pleno dia";"Decrescente";"Céu Claro";"Simples";"Reta";"Não";3;0;0;2;1;0;2;2;-27,15867536;-49,5564863;NA;NA;NA
778900;2026-06-15;"segunda-feira";"18:00:00";"MG";116;512;"UBAPORANGA";"Demais falhas mecânicas ou elétricas";"Incêndio";"Sem Vítimas";"Plena Noite";"Decrescente";"Céu Claro";"Simples";"Aclive;Reta";"Não";1;0;0;0;1;0;0;1;-19,665743;-42,117851;NA;NA;NA
778901;2026-06-15;"segunda-feira";"18:40:00";"RJ";40;119,7;"DUQUE DE CAXIAS";"Ausência de reação do condutor";"Colisão traseira";"Com Vítimas Feridas";"Plena Noite";"Decrescente";"Chuva";"Dupla";"Reta";"Sim";4;0;2;0;0;2;2;3;-22,772125;-43,28599;NA;NA;NA
778902;2026-06-15;"segunda-feira";"18:00:00";"BA";116;817;"VITORIA DA CONQUISTA";"Acessar a via sem observar a presença dos outros veículos";"Colisão transversal";"Com Vítimas Feridas";"Plena Noite";"Decrescente";"Céu Claro";"Simples";"Reta";"Não";3;0;2;0;1;0;2;2;-14,82258673;-40,81641611;NA;NA;NA
778904;2026-06-15;"segunda-feira";"19:15:00";"MG";40;521;"CONTAGEM";"Ausência de reação do condutor";"Colisão traseira";"Com Vítimas Feridas";"Plena Noite";"Decrescente";"Céu Claro";"Dupla";"Reta";"Sim";2;0;0;2;0;0;2;2;-19,8540432;-44,0719837;NA;NA;NA
778905;2026-06-15;"segunda-feira";"16:40:00";"BA";367;23;"PORTO SEGURO";"Acesso irregular";"Colisão lateral mesmo sentido";"Com Vítimas Feridas";"Pleno dia";"Crescente";"Céu Claro";"Simples";"Reta";"Sim";3;0;1;0;2;0;1;2;-16,43691307;-39,0786895;NA;NA;NA
778906;2026-06-15;"segunda-feira";"18:20:00";"RO";364;342;"JI-PARANA";"Reação tardia ou ineficiente do condutor";"Colisão lateral mesmo sentido";"Com Vítimas Feridas";"Anoitecer";"Crescente";"Céu Claro";"Simples";"Reta";"Sim";4;0;2;0;2;0;2;3;-10,885565;-61,934903;NA;NA;NA
778907;2026-06-15;"segunda-feira";"18:55:00";"MG";116;413,4;"GOVERNADOR VALADARES";"Ultrapassagem Indevida";"Tombamento";"Com Vítimas Feridas";"Plena Noite";"Crescente";"Céu Claro";"Simples";"Reta;Ponte";"Sim";1;0;0;1;0;0;1;1;-18,88320837;-41,95352051;NA;NA;NA
778908;2026-06-15;"segunda-feira";"19:45:00";"SP";116;0;"GUARULHOS";"Transitar na contramão";"Colisão frontal";"Com Vítimas Feridas";"Plena Noite";"Crescente";"Garoa/Chuvisco";"Simples";"Declive";"Sim";4;0;2;2;0;0;4;2;-23,46130211;-46,49115801;NA;NA;NA
778911;2026-06-15;"segunda-feira";"18:13:00";"MA";230;403,6;"BALSAS";"Conversão proibida";"Colisão transversal";"Com Vítimas Feridas";"Anoitecer";"Crescente";"Céu Claro";"Simples";"Reta";"Sim";2;0;1;0;1;0;1;2;-7,522335;-46,03987;NA;NA;NA
778912;2026-06-15;"segunda-feira";"20:30:00";"RS";290;75;"GRAVATAI";"Ausência de reação do condutor";"Colisão com objeto";"Sem Vítimas";"Plena Noite";"Decrescente";"Céu Claro";"Simples";"Declive;Curva;Viaduto";"Sim";1;0;0;0;1;0;0;1;-29,95537756;-51,00513566;NA;NA;NA
778914;2026-06-15;"segunda-feira";"19:45:00";"MG";381;938;"EXTREMA";"Acumulo de água sobre o pavimento";"Colisão traseira";"Com Vítimas Feridas";"Plena Noite";"Crescente";"Chuva";"Dupla";"Reta";"Não";3;0;0;1;2;0;1;2;-22,8179499;-46,293914;NA;NA;NA
778918;2026-06-15;"segunda-feira";"18:15:00";"RS";285;183,9;"CAPAO BONITO DO SUL";"Acessar a via sem observar a presença dos outros veículos";"Colisão transversal";"Com Vítimas Fatais";"Plena Noite";"Decrescente";"Céu Claro";"Simples";"Reta";"Não";4;1;3;0;0;0;3;2;-28,2937335;-51,44120391;NA;NA;NA
778919;2026-06-15;"segunda-feira";"21:10:00";"RN";101;76;"SAO GONCALO DO AMARANTE";"Ausência de reação do condutor";"Saída de leito carroçável";"Com Vítimas Feridas";"Plena Noite";"Crescente";"Céu Claro";"Dupla";"Reta";"Sim";1;0;1;0;0;0;1;1;-5,7292069;-35,2902864;NA;NA;NA
778920;2026-06-15;"segunda-feira";"15:50:00";"MG";381;854,8;"POUSO ALEGRE";"Velocidade Incompatível";"Tombamento";"Com Vítimas Feridas";"Pleno dia";"Crescente";"Chuva";"Dupla";"Reta;Declive;Interseção de Vias;Viaduto";"Não";1;0;1;0;0;0;1;1;-22,27651809;-45,89418411;NA;NA;NA
778921;2026-06-15;"segunda-feira";"20:00:00";"SP";381;67;"MAIRIPORA";"Mal súbito do condutor";"Colisão com objeto";"Com Vítimas Feridas";"Plena Noite";"Crescente";"Garoa/Chuvisco";"Dupla";"Reta";"Não";1;0;0;1;0;0;1;1;-23,333806;-46,576258;NA;NA;NA
778922;2026-06-15;"segunda-feira";"18:50:00";"GO";153;701,7;"ITUMBIARA";"Condutor usando celular";"Saída de leito carroçável";"Com Vítimas Feridas";"Anoitecer";"Decrescente";"Céu Claro";"Dupla";"Reta";"Sim";1;0;1;0;0;0;1;1;-18,40433;-49,201168;NA;NA;NA
778923;2026-06-14;"domingo";"22:00:00";"PI";135;479;"MONTE ALEGRE DO PIAUI";"Condutor Dormindo";"Saída de leito carroçável";"Com Vítimas Fatais";"Plena Noite";"Decrescente";"Céu Claro";"Simples";"Reta";"Não";1;1;0;0;0;0;0;1;-9,677307;-45,112053;NA;NA;NA
778925;2026-06-15;"segunda-feira";"19:30:00";"RJ";465;7;"SEROPEDICA";"Reação tardia ou ineficiente do condutor";"Saída de leito carroçável";"Com Vítimas Feridas";"Anoitecer";"Crescente";"Chuva";"Dupla";"Reta";"Não";1;0;1;0;0;0;1;1;-22,761933;-43,68589;NA;NA;NA
778926;2026-06-15;"segunda-feira";"13:30:00";"AM";174;896;"MANAUS";"Avarias e/ou desgaste excessivo no pneu";"Saída de leito carroçável";"Com Vítimas Feridas";"Pleno dia";"Decrescente";"Chuva";"Simples";"Aclive";"Não";1;0;1;0;0;0;1;1;-2,87410051;-60,03528357;NA;NA;NA
778927;2026-06-15;"segunda-feira";"19:25:00";"PR";376;385;"TIBAGI";"Reação tardia ou ineficiente do condutor";"Saída de leito carroçável";"Com Vítimas Feridas";"Plena Noite";"Crescente";"Chuva";"Dupla";"Reta";"Não";1;0;1;0;0;0;1;1;-24,58141036;-50,68172805;NA;NA;NA
778928;2026-06-15;"segunda-feira";"21:40:00";"SC";101;193,9;"BIGUACU";"Acessar a via sem observar a presença dos outros veículos";"Colisão transversal";"Com Vítimas Feridas";"Plena Noite";"Crescente";"Céu Claro";"Dupla";"Reta";"Sim";2;0;1;0;1;0;1;2;-27,48852;-48,65106;NA;NA;NA
778930;2026-06-15;"segunda-feira";"21:55:00";"PA";230;117;"MARABA";"Condutor deixou de manter distância do veículo da frente";"Colisão traseira";"Com Vítimas Feridas";"Plena Noite";"Crescente";"Céu Claro";"Simples";"Reta";"Sim";4;0;0;1;3;0;1;2;-5,35352;-49,09439;NA;NA;NA
778931;2026-06-15;"segunda-feira";"19:00:00";"PB";230;335;"PATOS";"Entrada inopinada do pedestre";"Atropelamento de Pedestre";"Com Vítimas Feridas";"Plena Noite";"Crescente";"Céu Claro";"Simples";"Reta";"Não";2;0;1;1;0;0;2;2;-7,0088;-37,280819;NA;NA;NA
778935;2026-06-15;"segunda-feira";"22:40:00";"GO";40;2,5;"VALPARAISO DE GOIAS";"Condutor deixou de manter distância do veículo da frente";"Colisão traseira";"Com Vítimas Feridas";"Plena Noite";"Crescente";"Céu Claro";"Dupla";"Reta";"Sim";2;0;1;0;1;0;1;2;-16,07417;-47,98545;NA;NA;NA
778940;2026-06-15;"segunda-feira";"21:00:00";"RJ";493;0;"ITABORAI";"Pedestre cruzava a pista fora da faixa";"Atropelamento de Pedestre";"Com Vítimas Fatais";"Plena Noite";"Decrescente";"Chuva";"Simples";"Curva";"Sim";2;1;0;0;0;1;0;2;-22,76715407;-42,92272417;NA;NA;NA
778941;2026-06-16;"terça-feira";"01:10:00";"RJ";116;188;"NOVA IGUACU";"Ausência de reação do condutor";"Colisão traseira";"Com Vítimas Feridas";"Plena Noite";"Crescente";"Garoa/Chuvisco";"Dupla";"Reta";"Não";2;0;2;0;0;0;2;2;-22,73896675;-43,52984369;NA;NA;NA
778942;2026-06-16;"terça-feira";"00:55:00";"RO";364;709,8;"PORTO VELHO";"Ausência de reação do condutor";"Colisão com objeto";"Com Vítimas Fatais";"Plena Noite";"Decrescente";"Céu Claro";"Múltipla";"Reta";"Sim";2;1;0;1;0;0;1;1;-8,787028;-63,85595;NA;NA;NA
778943;2026-06-16;"terça-feira";"00:57:00";"BA";407;159,3;"FILADELFIA";"Animais na Pista";"Atropelamento de Animal";"Com Vítimas Feridas";"Plena Noite";"Crescente";"Céu Claro";"Simples";"Reta";"Não";4;0;2;1;1;0;3;1;-10,69090353;-40,11750794;NA;NA;NA
778945;2026-06-15;"segunda-feira";"19:00:00";"PA";308;157;"CAPANEMA";"Chuva";"Colisão lateral sentido oposto";"Sem Vítimas";"Plena Noite";"Decrescente";"Chuva";"Simples";"Reta";"Não";2;0;0;0;1;1;0;2;-1,21099;-47,121615;NA;NA;NA
778946;2026-06-16;"terça-feira";"03:00:00";"PE";407;117;"PETROLINA";"Problema com o freio";"Colisão traseira";"Sem Vítimas";"Plena Noite";"Decrescente";"Céu Claro";"Simples";"Reta";"Não";4;0;0;0;4;0;0;2;-9,32343101;-40,56815956;NA;NA;NA
778948;2026-06-16;"terça-feira";"05:50:00";"PB";230;39;"SANTA RITA";"Reação tardia ou ineficiente do condutor";"Engavetamento";"Com Vítimas Feridas";"Pleno dia";"Decrescente";"Chuva";"Dupla";"Aclive;Reta";"Não";4;0;1;0;3;0;1;3;-7,137642;-34,969268;NA;NA;NA
778949;2026-06-16;"terça-feira";"06:15:00";"GO";60;289;"ACREUNA";"Reação tardia ou ineficiente do condutor";"Queda de ocupante de veículo";"Com Vítimas Feridas";"Amanhecer";"Decrescente";"Céu Claro";"Dupla";"Reta";"Não";2;0;1;1;0;0;2;1;-17,32753402;-50,30176163;NA;NA;NA
778951;2026-06-16;"terça-feira";"06:05:00";"PB";230;39,1;"SANTA RITA";"Reação tardia ou ineficiente do condutor";"Colisão traseira";"Sem Vítimas";"Pleno dia";"Decrescente";"Chuva";"Dupla";"Aclive;Reta";"Sim";3;0;0;0;3;0;0;2;-7,13803697;-34,97005105;NA;NA;NA
778952;2026-06-15;"segunda-feira";"16:00:00";"MA";316;543;"CODO";"Ausência de reação do condutor";"Colisão traseira";"Com Vítimas Feridas";"Anoitecer";"Decrescente";"Céu Claro";"Simples";"Aclive;Curva";"Não";2;0;0;1;1;0;1;2;-4,574385;-43,973103;NA;NA;NA
778953;2026-06-16;"terça-feira";"06:40:00";"SE";101;13;"CEDRO DE SAO JOAO";"Ausência de reação do condutor";"Colisão com objeto";"Sem Vítimas";"Pleno dia";"Decrescente";"Chuva";"Dupla";"Aclive;Reta";"Não";1;0;0;0;1;0;0;1;-10,26893002;-36,86837545;NA;NA;NA
778955;2026-06-16;"terça-feira";"07:03:00";"MG";40;517,9;"RIBEIRAO DAS NEVES";"Trafegar com motocicleta (ou similar) entre as faixas";"Colisão transversal";"Sem Vítimas";"Pleno dia";"Crescente";"Céu Claro";"Dupla";"Reta";"Sim";2;0;0;0;2;0;0;2;-19,832698;-44,08152;NA;NA;NA
778956;2026-06-16;"terça-feira";"05:40:00";"PA";230;622;"ALTAMIRA";"Acesso irregular";"Colisão traseira";"Com Vítimas Feridas";"Amanhecer";"Crescente";"Céu Claro";"Simples";"Reta";"Não";3;0;1;0;2;0;1;2;-3,172929;-52,157366;NA;NA;NA
778957;2026-06-16;"terça-feira";"02:35:00";"RS";290;289,4;"CACHOEIRA DO SUL";"Condutor Dormindo";"Saída de leito carroçável";"Com Vítimas Feridas";"Plena Noite";"Crescente";"Nublado";"Simples";"Ponte;Reta";"Não";1;0;1;0;0;0;1;1;-30,277441;-53,115699;NA;NA;NA