"id";"data_inversa";"dia_semana";"horario";"uf";"br";"km";"municipio";"causa_acidente";"tipo_acidente";"classificacao_acidente";"fase_dia";"sentido_via";"condicao_metereologica";"tipo_pista";"tracado_via";"uso_solo";"pessoas";"mortos";"feridos_leves";"feridos_graves";"ilesos";"ignorados";"feridos";"veiculos";"latitude";"longitude";"regional";"delegacia";"uop"
779340;2026-06-17;"quarta-feira";"17:30:00";"MT";364;435;"VARZEA GRANDE";"Transitar no Acostamento";"Colisão transversal";"Com Vítimas Feridas";"Plena Noite";"Decrescente";"Céu Claro";"Múltipla";"Reta";"Sim";2;0;1;0;1;0;1;2;-15,645331;-56,199305;NA;NA;NA
779341;2026-06-15;"segunda-feira";"07:00:00";"RJ";116;179,5;"MESQUITA";"Acessar a via sem observar a presença dos outros veículos";"Queda de ocupante de veículo";"Com Vítimas Feridas";"Pleno dia";"Decrescente";"Nublado";"Dupla";"Reta";"Sim";4;0;1;0;2;1;1;4;-22,76854896;-43,41044633;NA;NA;NA
779342;2026-06-17;"quarta-feira";"18:00:00";"PE";232;411,4;"SERRA TALHADA";"Manobra de mudança de faixa";"Colisão transversal";"Com Vítimas Feridas";"Plena Noite";"Decrescente";"Céu Claro";"Simples";"Reta";"Sim";3;0;0;1;1;1;1;3;-7,98853631;-38,25585914;NA;NA;NA
779343;2026-06-17;"quarta-feira";"17:30:00";"MG";381;1;"BETIM";"Condutor deixou de manter distância do veículo da frente";"Colisão traseira";"Sem Vítimas";"Anoitecer";"Decrescente";"Céu Claro";"Dupla";"Aclive;Reta";"Não";2;0;0;0;2;0;0;2;-19,96485194;-44,15885633;NA;NA;NA
779345;2026-06-17;"quarta-feira";"19:50:00";"RS";285;293;"PASSO FUNDO";"Acessar a via sem observar a presença dos outros veículos";"Colisão transversal";"Com Vítimas Feridas";"Pleno dia";"Crescente";"Céu Claro";"Simples";"Interseção de Vias;Reta";"Sim";2;0;1;0;1;0;1;2;-28,23629972;-52,37713695;NA;NA;NA
779347;2026-06-17;"quarta-feira";"12:50:00";"BA";324;345;"QUIXABEIRA";"Transitar na contramão";"Colisão frontal";"Com Vítimas Feridas";"Pleno dia";"Decrescente";"Céu Claro";"Simples";"Aclive";"Não";2;0;2;0;0;0;2;2;-11,350813;-40,085427;NA;NA;NA
779348;2026-06-17;"quarta-feira";"20:22:00";"SC";280;25;"ARAQUARI";"Condutor deixou de manter distância do veículo da frente";"Colisão traseira";"Com Vítimas Feridas";"Plena Noite";"Crescente";"Nublado";"Simples";"Aclive;Reta";"Sim";2;0;0;1;1;0;1;2;-26,38554;-48,729157;NA;NA;NA
779352;2026-06-17;"quarta-feira";"19:40:00";"MT";70;525;"VARZEA GRANDE";"Acessar a via sem observar a presença dos outros veículos";"Colisão transversal";"Com Vítimas Feridas";"Plena Noite";"Decrescente";"Céu Claro";"Simples";"Reta";"Não";4;0;1;0;3;0;1;2;-15,654946;-56,206256;NA;NA;NA
779353;2026-06-17;"quarta-feira";"20:00:00";"RJ";101;318;"SAO GONCALO";"Acessar a via sem observar a presença dos outros veículos";"Colisão lateral mesmo sentido";"Com Vítimas Feridas";"Pleno dia";"Decrescente";"Céu Claro";"Múltipla";"Reta";"Não";3;0;2;0;1;0;2;2;-22,84185885;-43,09682131;NA;NA;NA
779355;2026-06-17;"quarta-feira";"20:35:00";"SP";153;68,7;"SAO JOSE DO RIO PRETO";"Ausência de reação do condutor";"Tombamento";"Com Vítimas Feridas";"Plena Noite";"Crescente";"Céu Claro";"Dupla";"Aclive";"Sim";2;0;1;0;1;0;1;2;-20,85381548;-49,40315723;NA;NA;NA
779356;2026-06-17;"quarta-feira";"18:30:00";"MG";262;400,1;"PARA DE MINAS";"Animais na Pista";"Atropelamento de Animal";"Com Vítimas Feridas";"Plena Noite";"Crescente";"Céu Claro";"Dupla";"Rotatória;Curva";"Não";2;0;1;0;1;0;1;1;-19,88842;-44,64269;NA;NA;NA
779357;2026-06-17;"quarta-feira";"19:50:00";"SC";282;571;"PINHALZINHO";"Ingestão de álcool pelo condutor";"Colisão frontal";"Com Vítimas Feridas";"Plena Noite";"Crescente";"Céu Claro";"Simples";"Reta";"Sim";3;0;2;0;1;0;2;2;-26,8669407;-52,9654511;NA;NA;NA
779358;2026-06-17;"quarta-feira";"21:30:00";"RS";158;326;"SANTA MARIA";"Manobra de mudança de faixa";"Colisão transversal";"Com Vítimas Feridas";"Plena Noite";"Crescente";"Céu Claro";"Múltipla";"Reta;Interseção de Vias;Viaduto";"Sim";2;0;2;0;0;0;2;2;-29,71360125;-53,80798666;NA;NA;NA
779360;2026-06-17;"quarta-feira";"19:10:00";"RJ";465;21;"NOVA IGUACU";"Trafegar com motocicleta (ou similar) entre as faixas";"Queda de ocupante de veículo";"Com Vítimas Feridas";"Plena Noite";"Decrescente";"Nublado";"Simples";"Reta";"Sim";1;0;1;0;0;0;1;1;-22,85724321;-43,60168632;NA;NA;NA
779361;2026-06-17;"quarta-feira";"20:40:00";"RJ";40;110;"DUQUE DE CAXIAS";"Reação tardia ou ineficiente do condutor";"Queda de ocupante de veículo";"Com Vítimas Feridas";"Plena Noite";"Crescente";"Garoa/Chuvisco";"Múltipla";"Reta";"Não";1;0;1;0;0;0;1;1;-22,66390046;-43,28407288;NA;NA;NA
779362;2026-06-17;"quarta-feira";"19:45:00";"MS";60;596,3;"JARDIM";"Animais na Pista";"Atropelamento de Animal";"Sem Vítimas";"Plena Noite";"Crescente";"Céu Claro";"Simples";"Reta";"Não";1;0;0;0;1;0;0;1;-21,50825;-56,164858;NA;NA;NA
779364;2026-06-17;"quarta-feira";"20:03:00";"RJ";40;120;"DUQUE DE CAXIAS";"Reação tardia ou ineficiente do condutor";"Colisão traseira";"Com Vítimas Feridas";"Plena Noite";"Crescente";"Nublado";"Múltipla";"Reta";"Sim";3;0;1;0;2;0;1;2;-22,659413;-43,250748;NA;NA;NA
779365;2026-06-17;"quarta-feira";"21:20:00";"SC";282;393;"JOACABA";"Reação tardia ou ineficiente do condutor";"Saída de leito carroçável";"Sem Vítimas";"Plena Noite";"Crescente";"Céu Claro";"Simples";"Curva";"Não";1;0;0;0;1;0;0;1;-27,161588;-51,571153;NA;NA;NA
779366;2026-06-17;"quarta-feira";"13:00:00";"MG";381;434,5;"SABARA";"Ultrapassagem Indevida";"Colisão transversal";"Sem Vítimas";"Pleno dia";"Decrescente";"Céu Claro";"Simples";"Reta";"Sim";2;0;0;0;2;0;0;2;-19,8069892;-43,76216054;NA;NA;NA
779367;2026-06-17;"quarta-feira";"15:35:00";"MG";381;487;"BETIM";"Condutor deixou de manter distância do veículo da frente";"Engavetamento";"Com Vítimas Feridas";"Pleno dia";"Decrescente";"Céu Claro";"Dupla";"Reta";"Não";5;0;2;0;2;1;2;3;-19,9555247;-44,11444036;NA;NA;NA
779373;2026-06-17;"quarta-feira";"21:50:00";"PR";476;119,5;"COLOMBO";"Condutor usando celular";"Colisão lateral mesmo sentido";"Com Vítimas Feridas";"Plena Noite";"Crescente";"Céu Claro";"Dupla";"Reta;Interseção de Vias";"Sim";3;0;1;0;1;1;1;3;-25,368007;-49,188731;NA;NA;NA
779374;2026-06-17;"quarta-feira";"22:55:00";"PB";230;40,9;"SANTA RITA";"Ausência de reação do condutor";"Tombamento";"Com Vítimas Feridas";"Plena Noite";"Crescente";"Céu Claro";"Dupla";"Reta";"Não";1;0;1;0;0;0;1;1;-7,14045835;-34,97557137;NA;NA;NA
779375;2026-06-17;"quarta-feira";"23:20:00";"MG";381;341;"JOAO MONLEVADE";"Velocidade Incompatível";"Saída de leito carroçável";"Com Vítimas Feridas";"Plena Noite";"Decrescente";"Céu Claro";"Simples";"Aclive;Curva";"Não";1;0;1;0;0;0;1;1;-19,859076;-43,107199;NA;NA;NA
779377;2026-06-18;"quinta-feira";"00:40:00";"SP";381;88;"GUARULHOS";"Afundamento ou ondulação no pavimento";"Queda de ocupante de veículo";"Com Vítimas Feridas";"Plena Noite";"Decrescente";"Ignorado";"Dupla";"Reta;Em Obras";"Sim";1;0;1;0;0;0;1;1;-23,47774686;-46,55996053;NA;NA;NA
779378;2026-06-17;"quarta-feira";"20:40:00";"CE";20;85,6;"TAUA";"Deficiência do Sistema de Iluminação/Sinalização";"Colisão traseira";"Com Vítimas Fatais";"Plena Noite";"Decrescente";"Céu Claro";"Simples";"Reta";"Não";3;1;0;1;1;0;1;2;-5,989583;-40,268642;NA;NA;NA
779379;2026-06-18;"quinta-feira";"00:10:00";"PI";343;343;"TERESINA";"Acessar a via sem observar a presença dos outros veículos";"Colisão transversal";"Com Vítimas Feridas";"Plena Noite";"Decrescente";"Céu Claro";"Dupla";"Curva";"Sim";2;0;1;0;1;0;1;2;-5,08281169;-42,75033474;NA;NA;NA
779380;2026-06-17;"quarta-feira";"23:55:00";"RJ";116;144;"DUQUE DE CAXIAS";"Entrada inopinada do pedestre";"Atropelamento de Pedestre";"Com Vítimas Feridas";"Plena Noite";"Decrescente";"Céu Claro";"Dupla";"Reta";"Sim";2;0;0;1;1;0;1;2;-22,6558339;-43,24468408;NA;NA;NA
779383;2026-06-18;"quinta-feira";"02:00:00";"SC";282;0,2;"FLORIANOPOLIS";"Velocidade Incompatível";"Saída de leito carroçável";"Com Vítimas Feridas";"Plena Noite";"Decrescente";"Céu Claro";"Dupla";"Curva";"Sim";6;0;1;0;5;0;1;6;-27,60092131;-48,57745377;NA;NA;NA
779387;2026-06-17;"quarta-feira";"18:20:00";"SC";282;343;"CAMPOS NOVOS";"Desrespeitar a preferência no cruzamento";"Colisão transversal";"Com Vítimas Feridas";"Plena Noite";"Decrescente";"Céu Claro";"Simples";"Retorno Regulamentado;Reta";"Não";2;0;1;0;1;0;1;2;-27,38895103;-51,22868864;NA;NA;NA
779388;2026-06-18;"quinta-feira";"04:40:00";"SC";101;209,8;"SAO JOSE";"Ingestão de álcool pelo condutor";"Colisão traseira";"Com Vítimas Feridas";"Plena Noite";"Crescente";"Céu Claro";"Dupla";"Reta";"Não";3;0;2;0;1;0;2;2;-27,61820088;-48,64703409;NA;NA;NA
779389;2026-06-18;"quinta-feira";"02:38:00";"MG";381;743;"TRES CORACOES";"Reação tardia ou ineficiente do condutor";"Saída de leito carroçável";"Com Vítimas Feridas";"Plena Noite";"Decrescente";"Nevoeiro/Neblina";"Dupla";"Reta";"Não";3;0;2;0;1;0;2;1;-21,6087593;-45,2405937;NA;NA;NA
779391;2026-06-10;"quarta-feira";"05:20:00";"RJ";116;172;"SAO JOAO DE MERITI";"Reação tardia ou ineficiente do condutor";"Queda de ocupante de veículo";"Com Vítimas Feridas";"Amanhecer";"Crescente";"Céu Claro";"Múltipla";"Em Obras;Reta";"Sim";1;0;1;0;0;0;1;1;-22,80232127;-43,34964601;NA;NA;NA
779392;2026-06-18;"quinta-feira";"06:10:00";"MG";381;500;"BETIM";"Trafegar com motocicleta (ou similar) entre as faixas";"Colisão lateral mesmo sentido";"Com Vítimas Feridas";"Amanhecer";"Decrescente";"Céu Claro";"Dupla";"Reta";"Não";5;0;1;0;4;0;1;2;-20,00796074;-44,21612676;NA;NA;NA
779395;2026-06-18;"quinta-feira";"05:45:00";"MG";40;520,6;"CONTAGEM";"Acesso irregular";"Colisão transversal";"Sem Vítimas";"Amanhecer";"Crescente";"Céu Claro";"Dupla";"Retorno Regulamentado;Reta";"Sim";2;0;0;0;2;0;0;2;-19,85324883;-44,07209516;NA;NA;NA
779396;2026-06-18;"quinta-feira";"04:30:00";"SC";280;26,1;"ARAQUARI";"Conversão proibida";"Colisão frontal";"Com Vítimas Feridas";"Plena Noite";"Crescente";"Céu Claro";"Simples";"Em Obras;Reta";"Não";3;0;1;0;2;0;1;2;-26,390628;-48,735145;NA;NA;NA
779397;2026-06-18;"quinta-feira";"05:30:00";"RJ";40;85;"PETROPOLIS";"Pista Escorregadia";"Colisão com objeto";"Com Vítimas Feridas";"Plena Noite";"Crescente";"Garoa/Chuvisco";"Simples";"Aclive;Curva";"Não";1;0;1;0;0;0;1;1;-22,551587;-43,229811;NA;NA;NA
779398;2026-06-17;"quarta-feira";"20:40:00";"PE";232;409;"SERRA TALHADA";"Acessar a via sem observar a presença dos outros veículos";"Colisão transversal";"Com Vítimas Fatais";"Plena Noite";"Crescente";"Céu Claro";"Simples";"Reta";"Sim";2;1;0;0;1;0;0;2;-7,98223;-38,296007;NA;NA;NA
779399;2026-06-18;"quinta-feira";"05:50:00";"GO";60;168;"GOIANIA";"Acesso irregular";"Colisão transversal";"Com Vítimas Feridas";"Plena Noite";"Decrescente";"Céu Claro";"Dupla";"Aclive;Retorno Regulamentado";"Sim";4;0;3;0;1;0;3;3;-16,73018736;-49,398458;NA;NA;NA
779400;2026-06-18;"quinta-feira";"07:10:00";"RS";290;112;"ELDORADO DO SUL";"Transitar na contramão";"Colisão lateral sentido oposto";"Com Vítimas Feridas";"Pleno dia";"Decrescente";"Nevoeiro/Neblina";"Simples";"Reta";"Não";4;0;1;0;3;0;1;2;-30,04361019;-51,33694159;NA;NA;NA
779402;2026-06-18;"quinta-feira";"05:44:00";"MS";463;18;"DOURADOS";"Ausência de reação do condutor";"Saída de leito carroçável";"Com Vítimas Feridas";"Pleno dia";"Decrescente";"Céu Claro";"Simples";"Rotatória";"Não";4;0;1;0;3;0;1;1;-22,247933;-54,969507;NA;NA;NA
779403;2026-06-18;"quinta-feira";"06:40:00";"SP";116;145;"SAO JOSE DOS CAMPOS";"Reação tardia ou ineficiente do condutor";"Colisão lateral mesmo sentido";"Com Vítimas Feridas";"Amanhecer";"Crescente";"Nevoeiro/Neblina";"Dupla";"Reta";"Sim";2;0;1;0;1;0;1;2;-23,18837932;-45,85813212;NA;NA;NA
779404;2026-06-18;"quinta-feira";"06:56:00";"DF";251;37,8;"BRASILIA";"Acessar a via sem observar a presença dos outros veículos";"Colisão transversal";"Com Vítimas Feridas";"Pleno dia";"Decrescente";"Céu Claro";"Simples";"Interseção de Vias;Curva;Aclive";"Não";2;0;1;0;1;0;1;2;-15,94588;-47,791;NA;NA;NA
779405;2026-06-18;"quinta-feira";"07:40:00";"RJ";116;188;"NOVA IGUACU";"Reação tardia ou ineficiente do condutor";"Queda de ocupante de veículo";"Com Vítimas Feridas";"Pleno dia";"Decrescente";"Céu Claro";"Dupla";"Reta";"Sim";1;0;1;0;0;0;1;1;-22,73801189;-43,48635435;NA;NA;NA
779406;2026-06-18;"quinta-feira";"06:25:00";"PB";101;73,2;"SANTA RITA";"Manobra de mudança de faixa";"Colisão traseira";"Sem Vítimas";"Pleno dia";"Crescente";"Céu Claro";"Dupla";"Retorno Regulamentado;Reta";"Não";3;0;0;0;3;0;0;2;-7,07969973;-34,98627154;NA;NA;NA
779407;2026-06-17;"quarta-feira";"23:56:00";"MS";262;325;"CAMPO GRANDE";"Condutor desrespeitou a iluminação vermelha do semáforo";"Colisão transversal";"Com Vítimas Feridas";"Plena Noite";"Crescente";"Céu Claro";"Dupla";"Interseção de Vias;Reta";"Não";2;0;0;1;1;0;1;2;-20,468814;-54,5333441;NA;NA;NA
779408;2026-06-18;"quinta-feira";"07:40:00";"CE";116;29;"AQUIRAZ";"Condutor deixou de manter distância do veículo da frente";"Colisão traseira";"Com Vítimas Feridas";"Pleno dia";"Crescente";"Sol";"Dupla";"Reta";"Não";2;0;1;0;1;0;1;2;-4,008344;-38,517782;NA;NA;NA
779409;2026-06-18;"quinta-feira";"07:55:00";"RS";290;116;"ELDORADO DO SUL";"Ausência de reação do condutor";"Colisão traseira";"Sem Vítimas";"Pleno dia";"Decrescente";"Nevoeiro/Neblina";"Simples";"Reta";"Não";7;0;0;0;7;0;0;2;-30,04734444;-51,37326591;NA;NA;NA
779411;2026-06-18;"quinta-feira";"08:00:00";"MG";381;501;"BETIM";"Trafegar com motocicleta (ou similar) entre as faixas";"Colisão lateral mesmo sentido";"Com Vítimas Feridas";"Pleno dia";"Decrescente";"Céu Claro";"Dupla";"Reta";"Não";2;0;1;0;1;0;1;2;-20,012448;-44,22024;NA;NA;NA
779415;2026-06-18;"quinta-feira";"07:30:00";"MG";116;762,7;"LEOPOLDINA";"Desrespeitar a preferência no cruzamento";"Colisão transversal";"Com Vítimas Feridas";"Pleno dia";"Decrescente";"Céu Claro";"Simples";"Rotatória;Reta;Interseção de Vias";"Sim";2;0;0;2;0;0;2;2;-21,52654801;-42,63265936;NA;NA;NA
779416;2026-06-18;"quinta-feira";"05:50:00";"RJ";40;124;"DUQUE DE CAXIAS";"Reação tardia ou ineficiente do condutor";"Saída de leito carroçável";"Com Vítimas Feridas";"Amanhecer";"Crescente";"Céu Claro";"Múltipla";"Reta";"Sim";2;0;2;0;0;0;2;1;-22,80897;-43,288905;NA;NA;NA
779417;2026-06-18;"quinta-feira";"08:30:00";"PE";232;34;"MORENO";"Animais na Pista";"Tombamento";"Com Vítimas Feridas";"Pleno dia";"Crescente";"Céu Claro";"Dupla";"Reta";"Sim";2;0;2;0;0;0;2;2;-8,11016791;-35,1983699;NA;NA;NA
779418;2026-06-18;"quinta-feira";"05:50:00";"RS";158;154,9;"PANAMBI";"Ingestão de álcool pelo condutor";"Colisão frontal";"Com Vítimas Feridas";"Amanhecer";"Crescente";"Céu Claro";"Simples";"Reta";"Sim";3;0;1;1;1;0;2;2;-28,31773664;-53,4947598;NA;NA;NA
779419;2026-06-18;"quinta-feira";"07:40:00";"MS";163;482;"CAMPO GRANDE";"Reação tardia ou ineficiente do condutor";"Colisão lateral mesmo sentido";"Com Vítimas Feridas";"Pleno dia";"Crescente";"Céu Claro";"Simples";"Curva";"Sim";2;0;0;1;1;0;1;2;-20,4618;-54,55275;NA;NA;NA
779420;2026-06-18;"quinta-feira";"07:45:00";"PI";343;10;"PARNAIBA";"Acesso irregular";"Colisão transversal";"Com Vítimas Feridas";"Pleno dia";"Crescente";"Céu Claro";"Simples";"Reta";"Sim";3;0;2;0;1;0;2;2;-2,90009052;-41,72876864;NA;NA;NA
779422;2026-06-18;"quinta-feira";"07:30:00";"RJ";116;189;"NOVA IGUACU";"Condutor deixou de manter distância do veículo da frente";"Engavetamento";"Com Vítimas Feridas";"Pleno dia";"Decrescente";"Céu Claro";"Múltipla";"Reta";"Sim";3;0;1;0;2;0;1;3;-22,74090568;-43,49927036;NA;NA;NA
779423;2026-06-18;"quinta-feira";"08:30:00";"PE";232;13,9;"JABOATAO DOS GUARARAPES";"Acostamento em desnível";"Queda de ocupante de veículo";"Com Vítimas Feridas";"Pleno dia";"Decrescente";"Céu Claro";"Dupla";"Aclive;Curva";"Não";1;0;1;0;0;0;1;1;-8,09029;-35,01977;NA;NA;NA
779424;2026-06-18;"quinta-feira";"08:06:00";"PR";376;451,5;"TIBAGI";"Demais falhas mecânicas ou elétricas";"Incêndio";"Sem Vítimas";"Pleno dia";"Crescente";"Céu Claro";"Dupla";"Reta";"Não";1;0;0;0;1;0;0;1;-24,933404;-50,40425;NA;NA;NA
779425;2026-06-06;"sábado";"13:15:00";"PR";476;27;"ADRIANOPOLIS";"Velocidade Incompatível";"Saída de leito carroçável";"Sem Vítimas";"Pleno dia";"Decrescente";"Ignorado";"Simples";"Curva";"Não";1;0;0;0;1;0;0;1;-24,767;-49,019;NA;NA;NA
779429;2026-06-18;"quinta-feira";"08:40:00";"PR";277;592;"CASCAVEL";"Acessar a via sem observar a presença dos outros veículos";"Colisão transversal";"Com Vítimas Feridas";"Pleno dia";"Crescente";"Céu Claro";"Simples";"Reta;Aclive";"Sim";2;0;1;0;1;0;1;2;-24,978452;-53,449233;NA;NA;NA
779431;2026-06-18;"quinta-feira";"07:40:00";"SC";101;133;"CAMBORIU";"Ausência de reação do condutor";"Colisão traseira";"Sem Vítimas";"Pleno dia";"Crescente";"Céu Claro";"Dupla";"Reta";"Sim";2;0;0;0;1;1;0;2;-27,00007342;-48,64530444;NA;NA;NA
779432;2026-06-18;"quinta-feira";"09:30:00";"BA";418;88;"NOVA VICOSA";"Conversão proibida";"Colisão transversal";"Com Vítimas Feridas";"Pleno dia";"Crescente";"Céu Claro";"Simples";"Reta";"Não";3;0;1;0;2;0;1;2;-17,8848536;-39,840757;NA;NA;NA
779435;2026-06-18;"quinta-feira";"06:30:00";"BA";324;619;"SALVADOR";"Manobra de mudança de faixa";"Colisão lateral mesmo sentido";"Com Vítimas Feridas";"Pleno dia";"Decrescente";"Chuva";"Múltipla";"Reta";"Sim";4;0;4;0;0;0;4;2;-12,90957852;-38,45798492;NA;NA;NA
779437;2026-06-18;"quinta-feira";"09:05:00";"SP";116;207;"GUARULHOS";"Manobra de mudança de faixa";"Colisão lateral mesmo sentido";"Com Vítimas Feridas";"Pleno dia";"Crescente";"Céu Claro";"Dupla";"Reta";"Sim";2;0;1;0;1;0;1;2;-23,4203495;-46,3880094;NA;NA;NA
779439;2026-06-18;"quinta-feira";"08:40:00";"RJ";101;310;"SAO GONCALO";"Trafegar com motocicleta (ou similar) entre as faixas";"Colisão lateral mesmo sentido";"Com Vítimas Feridas";"Pleno dia";"Crescente";"Céu Claro";"Dupla";"Reta";"Sim";3;0;2;0;1;0;2;2;-22,79680435;-43,04247089;NA;NA;NA
779443;2026-06-17;"quarta-feira";"07:00:00";"RJ";40;121;"DUQUE DE CAXIAS";"Acessar a via sem observar a presença dos outros veículos";"Colisão lateral mesmo sentido";"Com Vítimas Feridas";"Pleno dia";"Crescente";"Garoa/Chuvisco";"Múltipla";"Reta";"Sim";3;0;1;0;1;1;1;2;-22,783818;-43,2855641;NA;NA;NA
779445;2026-06-18;"quinta-feira";"10:20:00";"RJ";101;320;"NITEROI";"Manobra de mudança de faixa";"Colisão traseira";"Com Vítimas Feridas";"Pleno dia";"Crescente";"Céu Claro";"Dupla";"Curva";"Não";2;0;1;0;1;0;1;2;-22,866042;-43,108917;NA;NA;NA
779447;2026-06-18;"quinta-feira";"11:30:00";"SE";101;105;"SAO CRISTOVAO";"Demais falhas mecânicas ou elétricas";"Queda de ocupante de veículo";"Com Vítimas Feridas";"Pleno dia";"Crescente";"Sol";"Dupla";"Reta";"Não";2;0;2;0;0;0;2;1;-10,958173;-37,242666;NA;NA;NA
779449;2026-06-18;"quinta-feira";"11:40:00";"SP";116;373;"MIRACATU";"Ausência de reação do condutor";"Colisão traseira";"Com Vítimas Feridas";"Pleno dia";"Decrescente";"Céu Claro";"Dupla";"Reta";"Não";2;0;1;0;1;0;1;2;-24,16872949;-47,33678039;NA;NA;NA
779450;2026-06-18;"quinta-feira";"10:30:00";"PI";343;343,9;"TERESINA";"Transitar no Acostamento";"Colisão traseira";"Com Vítimas Feridas";"Pleno dia";"Crescente";"Céu Claro";"Simples";"Reta";"Sim";2;0;1;0;1;0;1;2;-5,095142;-42,763008;NA;NA;NA
779451;2026-06-18;"quinta-feira";"11:37:00";"PE";408;95;"SAO LOURENCO DA MATA";"Ausência de reação do condutor";"Saída de leito carroçável";"Com Vítimas Feridas";"Pleno dia";"Crescente";"Céu Claro";"Dupla";"Declive;Reta";"Não";1;0;1;0;0;0;1;1;-8,04486304;-35,01176074;NA;NA;NA
779453;2026-06-18;"quinta-feira";"11:50:00";"PE";101;70,3;"RECIFE";"Acessar a via sem observar a presença dos outros veículos";"Colisão transversal";"Com Vítimas Feridas";"Pleno dia";"Crescente";"Céu Claro";"Dupla";"Reta";"Sim";3;0;0;2;1;0;2;3;-8,07132;-34,93923;NA;NA;NA
779454;2026-06-18;"quinta-feira";"12:11:00";"PE";101;80;"JABOATAO DOS GUARARAPES";"Reação tardia ou ineficiente do condutor";"Colisão lateral mesmo sentido";"Com Vítimas Feridas";"Pleno dia";"Decrescente";"Céu Claro";"Dupla";"Reta;Interseção de Vias";"Não";1;0;0;1;0;0;1;1;-8,15863;-34,941;NA;NA;NA
779455;2026-06-18;"quinta-feira";"11:20:00";"SE";101;75,7;"MARUIM";"Manobra de mudança de faixa";"Colisão traseira";"Com Vítimas Feridas";"Pleno dia";"Crescente";"Céu Claro";"Dupla";"Curva";"Não";2;0;1;0;1;0;1;2;-10,77432;-37,124575;NA;NA;NA
779457;2026-06-18;"quinta-feira";"10:30:00";"BA";101;493;"BARRO PRETO";"Transitar na contramão";"Colisão frontal";"Com Vítimas Fatais";"Pleno dia";"Crescente";"Céu Claro";"Simples";"Reta";"Não";7;1;3;3;0;0;6;2;-14,71807032;-39,35463878;NA;NA;NA
779459;2026-06-18;"quinta-feira";"12:00:00";"MG";40;545;"NOVA LIMA";"Reação tardia ou ineficiente do condutor";"Engavetamento";"Com Vítimas Feridas";"Pleno dia";"Crescente";"Céu Claro";"Dupla";"Reta";"Não";3;0;1;0;1;1;1;3;-20,022428;-43,970583;NA;NA;NA
779460;2026-06-18;"quinta-feira";"12:00:00";"RO";364;711;"PORTO VELHO";"Demais falhas mecânicas ou elétricas";"Colisão com objeto";"Com Vítimas Feridas";"Pleno dia";"Crescente";"Céu Claro";"Dupla";"Reta";"Sim";3;0;1;0;2;0;1;2;-8,78057653;-63,86731837;NA;NA;NA
779461;2026-06-18;"quinta-feira";"13:10:00";"SC";282;3;"FLORIANOPOLIS";"Condutor deixou de manter distância do veículo da frente";"Colisão traseira";"Com Vítimas Feridas";"Pleno dia";"Decrescente";"Nublado";"Dupla";"Reta";"Sim";2;0;1;0;1;0;1;2;-27,59936142;-48,60027552;NA;NA;NA
779462;2026-06-18;"quinta-feira";"13:00:00";"SP";116;181;"GUARAREMA";"Reação tardia ou ineficiente do condutor";"Colisão com objeto";"Com Vítimas Feridas";"Pleno dia";"Decrescente";"Sol";"Simples";"Curva";"Não";1;0;1;0;0;0;1;1;-23,34060737;-46,15327477;NA;NA;NA
779465;2026-06-18;"quinta-feira";"13:00:00";"PR";369;145,5;"LONDRINA";"Reação tardia ou ineficiente do condutor";"Tombamento";"Com Vítimas Feridas";"Pleno dia";"Crescente";"Céu Claro";"Dupla";"Aclive";"Sim";1;0;0;1;0;0;1;1;-23,292991;-51,118689;NA;NA;NA
779466;2026-06-18;"quinta-feira";"12:50:00";"SC";470;158;"TROMBUDO CENTRAL";"Acessar a via sem observar a presença dos outros veículos";"Colisão transversal";"Com Vítimas Feridas";"Pleno dia";"Crescente";"Céu Claro";"Simples";"Reta;Interseção de Vias;Rotatória";"Sim";2;0;1;0;1;0;1;2;-27,28571463;-49,78324637;NA;NA;NA
779467;2026-06-18;"quinta-feira";"12:50:00";"SC";282;0,7;"FLORIANOPOLIS";"Reação tardia ou ineficiente do condutor";"Colisão traseira";"Com Vítimas Feridas";"Pleno dia";"Decrescente";"Nublado";"Dupla";"Reta;Declive";"Sim";3;0;2;0;1;0;2;2;-27,599329;-48,575129;NA;NA;NA