"id";"data_inversa";"dia_semana";"horario";"uf";"br";"km";"municipio";"causa_acidente";"tipo_acidente";"classificacao_acidente";"fase_dia";"sentido_via";"condicao_metereologica";"tipo_pista";"tracado_via";"uso_solo";"pessoas";"mortos";"feridos_leves";"feridos_graves";"ilesos";"ignorados";"feridos";"veiculos";"latitude";"longitude";"regional";"delegacia";"uop"
779469;2026-06-18;"quinta-feira";"08:10:00";"MT";70;733;"CACERES";"Acessar a via sem observar a presença dos outros veículos";"Colisão transversal";"Com Vítimas Feridas";"Pleno dia";"Crescente";"Céu Claro";"Simples";"Reta";"Sim";3;0;1;2;0;0;3;2;-16,08989987;-57,69064469;NA;NA;NA
779470;2026-05-21;"quinta-feira";"20:00:00";"RJ";101;318;"SAO GONCALO";"Ausência de reação do condutor";"Colisão traseira";"Com Vítimas Feridas";"Plena Noite";"Decrescente";"Chuva";"Dupla";"Reta";"Não";2;0;1;0;1;0;1;2;-22,85012447;-43,09980825;NA;NA;NA
779471;2026-06-18;"quinta-feira";"15:00:00";"RS";290;107;"ELDORADO DO SUL";"Condutor deixou de manter distância do veículo da frente";"Colisão traseira";"Com Vítimas Feridas";"Pleno dia";"Decrescente";"Céu Claro";"Dupla";"Reta;Aclive";"Sim";3;0;1;0;2;0;1;2;-30,00307862;-51,30828587;NA;NA;NA
779473;2026-06-18;"quinta-feira";"12:30:00";"BA";367;91;"ITAGIMIRIM";"Velocidade Incompatível";"Saída de leito carroçável";"Sem Vítimas";"Pleno dia";"Crescente";"Céu Claro";"Simples";"Aclive;Curva";"Não";1;0;0;0;1;0;0;1;-16,0872444;-39,6154456;NA;NA;NA
779478;2026-06-18;"quinta-feira";"14:50:00";"SP";116;216;"GUARULHOS";"Avarias e/ou desgaste excessivo no pneu";"Queda de ocupante de veículo";"Com Vítimas Feridas";"Pleno dia";"Decrescente";"Céu Claro";"Múltipla";"Reta";"Sim";2;0;2;0;0;0;2;1;-23,45173547;-46,46527855;NA;NA;NA
779479;2026-06-18;"quinta-feira";"16:15:00";"PB";101;84,5;"BAYEUX";"Condutor deixou de manter distância do veículo da frente";"Colisão traseira";"Com Vítimas Feridas";"Pleno dia";"Crescente";"Céu Claro";"Dupla";"Reta";"Sim";3;0;1;0;2;0;1;2;-7,138164;-34,924731;NA;NA;NA
779480;2026-06-18;"quinta-feira";"15:36:00";"PE";428;145;"PETROLINA";"Manobra de mudança de faixa";"Colisão frontal";"Sem Vítimas";"Pleno dia";"Crescente";"Céu Claro";"Simples";"Reta";"Não";2;0;0;0;2;0;0;2;-9,035802;-40,291067;NA;NA;NA
779482;2026-06-18;"quinta-feira";"14:30:00";"BA";324;603,1;"SIMOES FILHO";"Pista Escorregadia";"Saída de leito carroçável";"Com Vítimas Feridas";"Pleno dia";"Decrescente";"Chuva";"Dupla";"Curva";"Sim";1;0;1;0;0;0;1;1;-12,78401344;-38,41335297;NA;NA;NA
779484;2026-06-18;"quinta-feira";"13:00:00";"PR";277;421,2;"CANTAGALO";"Conversão proibida";"Colisão transversal";"Com Vítimas Feridas";"Pleno dia";"Decrescente";"Céu Claro";"Simples";"Reta";"Não";3;0;2;0;1;0;2;2;-25,40485894;-52,09882943;NA;NA;NA
779486;2026-06-18;"quinta-feira";"15:41:00";"PB";230;110,2;"INGA";"Ausência de reação do condutor";"Saída de leito carroçável";"Com Vítimas Feridas";"Pleno dia";"Crescente";"Sol";"Dupla";"Reta";"Não";1;0;1;0;0;0;1;1;-7,2111292;-35,58061687;NA;NA;NA
779487;2026-06-18;"quinta-feira";"15:50:00";"MG";50;185,5;"UBERABA";"Ausência de reação do condutor";"Colisão traseira";"Com Vítimas Feridas";"Pleno dia";"Crescente";"Céu Claro";"Dupla";"Reta;Em Obras";"Não";2;0;1;0;1;0;1;2;-19,8196013;-47,89429665;NA;NA;NA
779489;2026-06-18;"quinta-feira";"17:00:00";"PI";343;49;"BURITI DOS LOPES";"Ausência de reação do condutor";"Colisão lateral sentido oposto";"Com Vítimas Feridas";"Pleno dia";"Decrescente";"Sol";"Simples";"Reta";"Sim";2;0;0;1;1;0;1;2;-3,17825049;-41,86230747;NA;NA;NA
779491;2026-06-18;"quinta-feira";"16:00:00";"SC";101;212;"PALHOCA";"Reação tardia ou ineficiente do condutor";"Tombamento";"Com Vítimas Feridas";"Pleno dia";"Crescente";"Céu Claro";"Múltipla";"Reta";"Não";1;0;1;0;0;0;1;1;-27,63109172;-48,66025481;NA;NA;NA
779492;2026-06-18;"quinta-feira";"16:50:00";"PE";104;54,1;"CARUARU";"Acessar a via sem observar a presença dos outros veículos";"Colisão transversal";"Com Vítimas Feridas";"Anoitecer";"Decrescente";"Céu Claro";"Dupla";"Retorno Regulamentado;Declive";"Sim";2;0;1;0;1;0;1;2;-8,18414;-35,96699;NA;NA;NA
779493;2026-06-18;"quinta-feira";"13:55:00";"SC";163;83,8;"GUARACIABA";"Conversão proibida";"Colisão transversal";"Com Vítimas Fatais";"Pleno dia";"Crescente";"Céu Claro";"Simples";"Interseção de Vias;Curva;Em Obras";"Não";3;1;0;1;1;0;1;2;-26,61745479;-53,51918399;NA;NA;NA
779495;2026-06-18;"quinta-feira";"17:10:00";"GO";40;96,1;"CRISTALINA";"Desrespeitar a preferência no cruzamento";"Colisão lateral mesmo sentido";"Com Vítimas Feridas";"Pleno dia";"Decrescente";"Céu Claro";"Simples";"Reta";"Sim";2;0;1;0;1;0;1;2;-16,75829493;-47,60105006;NA;NA;NA
779496;2026-06-18;"quinta-feira";"17:00:00";"SC";101;131;"BALNEARIO CAMBORIU";"Condutor deixou de manter distância do veículo da frente";"Engavetamento";"Com Vítimas Feridas";"Pleno dia";"Decrescente";"Nublado";"Dupla";"Reta";"Não";3;0;2;0;1;0;2;3;-26,98631473;-48,66636649;NA;NA;NA
779498;2026-06-18;"quinta-feira";"16:50:00";"BA";116;836,6;"VITORIA DA CONQUISTA";"Condutor deixou de manter distância do veículo da frente";"Colisão traseira";"Com Vítimas Feridas";"Pleno dia";"Decrescente";"Céu Claro";"Simples";"Reta";"Não";11;0;1;0;10;0;1;2;-14,960795;-40,906035;NA;NA;NA
779500;2026-06-18;"quinta-feira";"14:40:00";"MG";116;453,6;"ENGENHEIRO CALDAS";"Demais falhas mecânicas ou elétricas";"Tombamento";"Com Vítimas Feridas";"Pleno dia";"Decrescente";"Céu Claro";"Simples";"Reta";"Não";1;0;1;0;0;0;1;1;-19,182853;-42,039894;NA;NA;NA
779501;2026-06-18;"quinta-feira";"18:00:00";"PR";277;83;"CURITIBA";"Trafegar com motocicleta (ou similar) entre as faixas";"Colisão traseira";"Com Vítimas Feridas";"Plena Noite";"Decrescente";"Nublado";"Dupla";"Reta";"Sim";3;0;0;2;1;0;2;2;-25,449;-49,229;NA;NA;NA
779502;2026-06-18;"quinta-feira";"16:00:00";"MS";376;118,9;"IVINHEMA";"Acessar a via sem observar a presença dos outros veículos";"Colisão transversal";"Com Vítimas Feridas";"Pleno dia";"Decrescente";"Céu Claro";"Simples";"Interseção de Vias";"Sim";2;0;0;1;1;0;1;2;-22,32032839;-53,80888788;NA;NA;NA
779503;2026-06-18;"quinta-feira";"18:00:00";"SC";101;146;"ITAPEMA";"Ausência de reação do condutor";"Tombamento";"Com Vítimas Feridas";"Anoitecer";"Decrescente";"Nublado";"Dupla";"Viaduto;Reta";"Sim";3;0;0;1;2;0;1;2;-27,08643;-48,60889;NA;NA;NA
779505;2026-06-18;"quinta-feira";"14:20:00";"MG";365;72,3;"JEQUITAI";"Condutor Dormindo";"Saída de leito carroçável";"Com Vítimas Feridas";"Pleno dia";"Decrescente";"Sol";"Simples";"Reta";"Não";2;0;0;2;0;0;2;1;-17,083063;-44,342356;NA;NA;NA
779506;2026-06-18;"quinta-feira";"18:15:00";"TO";153;335;"GUARAI";"Reação tardia ou ineficiente do condutor";"Colisão transversal";"Com Vítimas Feridas";"Anoitecer";"Decrescente";"Nublado";"Múltipla";"Reta";"Sim";2;0;1;0;1;0;1;2;-8,845032;-48,51047;NA;NA;NA
779507;2026-06-18;"quinta-feira";"18:15:00";"RN";110;47,5;"MOSSORO";"Acessar a via sem observar a presença dos outros veículos";"Colisão transversal";"Com Vítimas Feridas";"Plena Noite";"Decrescente";"Céu Claro";"Simples";"Reta";"Sim";3;0;1;1;1;0;2;2;-5,20624;-37,32951;NA;NA;NA
779508;2026-06-18;"quinta-feira";"18:00:00";"SC";280;3,7;"SAO FRANCISCO DO SUL";"Acessar a via sem observar a presença dos outros veículos";"Colisão transversal";"Com Vítimas Feridas";"Plena Noite";"Decrescente";"Nublado";"Simples";"Rotatória";"Sim";2;0;1;0;1;0;1;2;-26,25192079;-48,61768909;NA;NA;NA
779509;2026-06-18;"quinta-feira";"17:10:00";"PR";369;55;"BANDEIRANTES";"Desrespeitar a preferência no cruzamento";"Colisão transversal";"Com Vítimas Feridas";"Anoitecer";"Decrescente";"Céu Claro";"Simples";"Reta;Declive";"Sim";2;0;1;0;1;0;1;2;-23,1096764;-50,370975;NA;NA;NA
779510;2026-06-18;"quinta-feira";"18:00:00";"PR";277;75;"SAO JOSE DOS PINHAIS";"Manobra de mudança de faixa";"Colisão lateral mesmo sentido";"Com Vítimas Feridas";"Anoitecer";"Crescente";"Céu Claro";"Dupla";"Reta;Em Obras";"Sim";2;0;1;0;1;0;1;2;-25,493;-49,168;NA;NA;NA
779512;2026-06-18;"quinta-feira";"18:00:00";"RJ";116;186;"NOVA IGUACU";"Condutor deixou de manter distância do veículo da frente";"Colisão traseira";"Com Vítimas Feridas";"Anoitecer";"Decrescente";"Céu Claro";"Dupla";"Reta";"Sim";3;0;2;0;1;0;2;2;-22,73901035;-43,47321924;NA;NA;NA
779513;2026-06-18;"quinta-feira";"17:50:00";"SC";282;604;"MARAVILHA";"Acessar a via sem observar a presença dos outros veículos";"Colisão transversal";"Com Vítimas Feridas";"Anoitecer";"Decrescente";"Céu Claro";"Simples";"Reta";"Não";2;0;1;0;1;0;1;2;-26,790745;-53,194889;NA;NA;NA
779515;2026-06-18;"quinta-feira";"18:40:00";"SP";116;145;"SAO JOSE DOS CAMPOS";"Reação tardia ou ineficiente do condutor";"Colisão traseira";"Com Vítimas Feridas";"Plena Noite";"Crescente";"Céu Claro";"Múltipla";"Reta";"Sim";2;0;1;0;1;0;1;2;-23,18887492;-45,85885255;NA;NA;NA
779516;2026-06-18;"quinta-feira";"17:55:00";"RS";290;91,7;"PORTO ALEGRE";"Manobra de mudança de faixa";"Colisão lateral mesmo sentido";"Com Vítimas Feridas";"Anoitecer";"Decrescente";"Céu Claro";"Múltipla";"Retorno Regulamentado;Reta";"Sim";2;0;1;0;1;0;1;2;-29,96952767;-51,16959572;NA;NA;NA
779517;2026-06-18;"quinta-feira";"18:30:00";"RS";116;263;"CANOAS";"Condutor deixou de manter distância do veículo da frente";"Colisão traseira";"Com Vítimas Feridas";"Plena Noite";"Decrescente";"Nublado";"Dupla";"Reta";"Não";2;0;1;0;1;0;1;2;-29,89885955;-51,17623069;NA;NA;NA
779518;2026-06-18;"quinta-feira";"18:31:00";"GO";153;502;"GOIANIA";"Condutor deixou de manter distância do veículo da frente";"Colisão traseira";"Com Vítimas Feridas";"Anoitecer";"Crescente";"Céu Claro";"Dupla";"Reta";"Sim";2;0;2;0;0;0;2;2;-16,71332;-49,23388;NA;NA;NA
779519;2026-06-18;"quinta-feira";"18:30:00";"PR";277;716;"SANTA TEREZINHA DE ITAIPU";"Manobra de mudança de faixa";"Colisão lateral mesmo sentido";"Com Vítimas Feridas";"Plena Noite";"Decrescente";"Céu Claro";"Dupla";"Reta";"Não";2;0;1;0;1;0;1;2;-25,46773407;-54,45495542;NA;NA;NA
779520;2026-06-18;"quinta-feira";"17:30:00";"RJ";40;91;"PETROPOLIS";"Demais falhas mecânicas ou elétricas";"Incêndio";"Sem Vítimas";"Plena Noite";"Decrescente";"Nublado";"Dupla";"Curva";"Não";3;0;0;0;3;0;0;1;-22,55869802;-43,22758341;NA;NA;NA
779521;2026-06-18;"quinta-feira";"18:43:00";"RS";116;301;"GUAIBA";"Acesso irregular";"Colisão frontal";"Com Vítimas Feridas";"Plena Noite";"Crescente";"Céu Claro";"Simples";"Reta";"Sim";2;0;1;0;1;0;1;2;-30,12817724;-51,35149525;NA;NA;NA
779522;2026-06-18;"quinta-feira";"18:15:00";"MG";116;506,4;"UBAPORANGA";"Acessar a via sem observar a presença dos outros veículos";"Colisão transversal";"Com Vítimas Feridas";"Anoitecer";"Crescente";"Céu Claro";"Simples";"Reta;Interseção de Vias";"Não";2;0;0;1;1;0;1;2;-19,61729229;-42,11033106;NA;NA;NA
779525;2026-06-18;"quinta-feira";"17:50:00";"AL";101;239;"SAO BRAS";"Acesso irregular";"Atropelamento de Pedestre";"Com Vítimas Feridas";"Plena Noite";"Decrescente";"Céu Claro";"Dupla";"Reta";"Não";4;0;0;2;2;0;2;2;-10,134168;-36,800465;NA;NA;NA
779526;2026-06-18;"quinta-feira";"18:00:00";"MG";40;496,1;"ESMERALDAS";"Demais falhas mecânicas ou elétricas";"Tombamento";"Com Vítimas Fatais";"Anoitecer";"Crescente";"Céu Claro";"Dupla";"Declive;Reta";"Não";1;1;0;0;0;0;0;1;-19,6713983;-44,1936183;NA;NA;NA
779527;2026-06-18;"quinta-feira";"19:15:00";"SP";381;60;"MAIRIPORA";"Condutor deixou de manter distância do veículo da frente";"Colisão traseira";"Com Vítimas Feridas";"Plena Noite";"Decrescente";"Céu Claro";"Múltipla";"Reta";"Não";3;0;1;0;2;0;1;3;-23,287741;-46,58919;NA;NA;NA
779528;2026-06-18;"quinta-feira";"19:20:00";"SP";116;477;"JACUPIRANGA";"Transitar na contramão";"Colisão transversal";"Com Vítimas Feridas";"Plena Noite";"Decrescente";"Nublado";"Simples";"Reta";"Sim";2;0;0;2;0;0;2;2;-24,70312981;-48,00843939;NA;NA;NA
779530;2026-06-18;"quinta-feira";"18:30:00";"RS";290;6,2;"OSORIO";"Reação tardia ou ineficiente do condutor";"Colisão lateral mesmo sentido";"Com Vítimas Feridas";"Plena Noite";"Decrescente";"Nublado";"Dupla";"Reta";"Não";2;0;1;0;1;0;1;2;-29,89651;-50,334388;NA;NA;NA
779531;2026-06-18;"quinta-feira";"18:45:00";"PE";232;95;"SAIRE";"Demais falhas mecânicas ou elétricas";"Incêndio";"Sem Vítimas";"Plena Noite";"Crescente";"Céu Claro";"Dupla";"Reta";"Não";1;0;0;0;1;0;0;1;-8,23004;-35,70483;NA;NA;NA
779532;2026-06-02;"terça-feira";"18:00:00";"AC";364;124;"RIO BRANCO";"Pista esburacada";"Tombamento";"Com Vítimas Feridas";"Plena Noite";"Decrescente";"Céu Claro";"Dupla";"Reta";"Sim";1;0;0;1;0;0;1;1;-10,013413;-67,801123;NA;NA;NA
779533;2026-06-18;"quinta-feira";"19:15:00";"PE";408;83;"SAO LOURENCO DA MATA";"Acessar a via sem observar a presença dos outros veículos";"Colisão traseira";"Sem Vítimas";"Plena Noite";"Decrescente";"Céu Claro";"Dupla";"Retorno Regulamentado;Reta";"Não";2;0;0;0;2;0;0;2;-7,984908;-35,079182;NA;NA;NA
779536;2026-06-18;"quinta-feira";"17:45:00";"RJ";465;4;"SEROPEDICA";"Pedestre cruzava a pista fora da faixa";"Atropelamento de Pedestre";"Com Vítimas Feridas";"Anoitecer";"Crescente";"Nublado";"Simples";"Reta";"Sim";2;0;1;0;0;1;1;2;-22,7446;-43,702113;NA;NA;NA
779537;2026-06-18;"quinta-feira";"20:00:00";"PR";476;184;"LAPA";"Acessar a via sem observar a presença dos outros veículos";"Colisão frontal";"Com Vítimas Feridas";"Plena Noite";"Crescente";"Céu Claro";"Simples";"Reta";"Não";2;0;1;0;1;0;1;2;-25,714243;-49,633055;NA;NA;NA
779538;2026-06-18;"quinta-feira";"19:45:00";"PR";163;172;"LINDOESTE";"Ausência de reação do condutor";"Queda de ocupante de veículo";"Com Vítimas Feridas";"Anoitecer";"Decrescente";"Céu Claro";"Dupla";"Reta;Declive";"Não";1;0;1;0;0;0;1;1;-25,221655;-53,594939;NA;NA;NA
779539;2026-05-10;"domingo";"14:12:00";"PR";376;181,8;"MARINGA";"Manobra de mudança de faixa";"Colisão lateral mesmo sentido";"Com Vítimas Feridas";"Pleno dia";"Decrescente";"Céu Claro";"Dupla";"Rotatória";"Sim";2;0;1;0;1;0;1;2;-23,43132974;-51,88778099;NA;NA;NA
779540;2026-06-18;"quinta-feira";"17:32:00";"RO";364;10;"VILHENA";"Reação tardia ou ineficiente do condutor";"Colisão traseira";"Com Vítimas Feridas";"Anoitecer";"Crescente";"Céu Claro";"Simples";"Reta";"Sim";3;0;1;0;2;0;1;2;-12,74713228;-60,11177411;NA;NA;NA
779541;2026-06-18;"quinta-feira";"18:40:00";"PE";428;44,8;"OROCO";"Ausência de reação do condutor";"Colisão traseira";"Com Vítimas Fatais";"Plena Noite";"Crescente";"Céu Claro";"Simples";"Ponte;Reta";"Não";2;1;0;0;0;1;0;2;-8,5847732;-39,5863477;NA;NA;NA
779542;2026-06-18;"quinta-feira";"20:00:00";"PR";369;184;"ARAPONGAS";"Acessar a via sem observar a presença dos outros veículos";"Colisão traseira";"Sem Vítimas";"Plena Noite";"Decrescente";"Céu Claro";"Simples";"Reta;Retorno Regulamentado";"Não";3;0;0;0;3;0;0;2;-23,39558681;-51,42471671;NA;NA;NA
779543;2026-06-14;"domingo";"04:00:00";"BA";110;400;"SAO SEBASTIAO DO PASSE";"Ausência de reação do condutor";"Capotamento";"Com Vítimas Feridas";"Plena Noite";"Crescente";"Céu Claro";"Simples";"Reta";"Não";1;0;1;0;0;0;1;1;-12,558443;-38,52433054;NA;NA;NA
779544;2026-06-18;"quinta-feira";"13:40:00";"MS";163;234;"CAARAPO";"Reação tardia ou ineficiente do condutor";"Tombamento";"Com Vítimas Feridas";"Pleno dia";"Decrescente";"Céu Claro";"Dupla";"Reta";"Não";1;0;0;1;0;0;1;1;-22,43245086;-54,81611252;NA;NA;NA
779545;2026-06-18;"quinta-feira";"20:30:00";"PR";277;5;"FOZ DO IGUACU";"Velocidade Incompatível";"Colisão com objeto";"Com Vítimas Feridas";"Plena Noite";"Decrescente";"Céu Claro";"Simples";"Reta";"Sim";1;0;0;1;0;0;1;1;-25,5338114;-54,52845097;NA;NA;NA
779546;2026-06-18;"quinta-feira";"19:20:00";"SP";101;52;"UBATUBA";"Pedestre cruzava a pista fora da faixa";"Atropelamento de Pedestre";"Com Vítimas Feridas";"Plena Noite";"Decrescente";"Céu Claro";"Simples";"Reta";"Não";2;0;1;0;0;1;1;2;-23,466519;-45,062542;NA;NA;NA
779547;2026-06-18;"quinta-feira";"19:00:00";"SC";470;68;"INDAIAL";"Ausência de reação do condutor";"Colisão lateral mesmo sentido";"Com Vítimas Feridas";"Plena Noite";"Decrescente";"Céu Claro";"Dupla";"Reta";"Sim";2;0;1;0;0;1;1;2;-26,88048285;-49,24263088;NA;NA;NA
779548;2026-06-18;"quinta-feira";"19:10:00";"RS";153;592;"BAGE";"Velocidade Incompatível";"Saída de leito carroçável";"Com Vítimas Feridas";"Plena Noite";"Crescente";"Garoa/Chuvisco";"Simples";"Reta";"Não";1;0;1;0;0;0;1;1;-31,128923;-53,788333;NA;NA;NA
779550;2026-06-18;"quinta-feira";"20:00:00";"SE";101;177;"SANTA LUZIA DO ITANHY";"Reação tardia ou ineficiente do condutor";"Saída de leito carroçável";"Com Vítimas Fatais";"Plena Noite";"Crescente";"Nublado";"Simples";"Reta";"Sim";1;1;0;0;0;0;0;1;-11,3623;-37,62125;NA;NA;NA
779551;2026-06-18;"quinta-feira";"19:30:00";"RJ";40;24;"TRES RIOS";"Ausência de reação do condutor";"Colisão com objeto";"Com Vítimas Feridas";"Plena Noite";"Decrescente";"Céu Claro";"Dupla";"Curva";"Sim";5;0;2;3;0;0;5;1;-22,14531112;-43,15801475;NA;NA;NA
779552;2026-06-18;"quinta-feira";"20:25:00";"PB";104;161,2;"BARRA DE SANTANA";"Acessar a via sem observar a presença dos outros veículos";"Colisão transversal";"Com Vítimas Feridas";"Plena Noite";"Crescente";"Céu Claro";"Simples";"Reta";"Sim";2;0;0;1;1;0;1;2;-7,52343387;-35,99135963;NA;NA;NA
779554;2026-06-18;"quinta-feira";"17:00:00";"BA";110;350;"ALAGOINHAS";"Transitar na contramão";"Colisão frontal";"Com Vítimas Feridas";"Anoitecer";"Decrescente";"Céu Claro";"Simples";"Reta";"Não";2;0;0;1;0;1;1;2;-12,227435;-38,412588;NA;NA;NA
779555;2026-06-18;"quinta-feira";"18:15:00";"SC";470;143;"RIO DO SUL";"Acessar a via sem observar a presença dos outros veículos";"Colisão lateral mesmo sentido";"Sem Vítimas";"Plena Noite";"Decrescente";"Céu Claro";"Simples";"Curva";"Sim";2;0;0;0;2;0;0;2;-27,21669;-49,654182;NA;NA;NA
779558;2026-06-18;"quinta-feira";"21:30:00";"SC";101;207;"SAO JOSE";"Ausência de reação do condutor";"Colisão com objeto";"Sem Vítimas";"Plena Noite";"Crescente";"Chuva";"Múltipla";"Curva";"Sim";2;0;0;0;0;2;0;2;-27,59718294;-48,61993586;NA;NA;NA
779559;2026-06-18;"quinta-feira";"21:40:00";"MA";316;568;"CAXIAS";"Ultrapassagem Indevida";"Colisão frontal";"Com Vítimas Feridas";"Plena Noite";"Decrescente";"Nublado";"Simples";"Reta";"Não";4;0;0;1;2;1;1;3;-4,915234;-43,215016;NA;NA;NA
779560;2026-06-18;"quinta-feira";"18:30:00";"SC";280;86;"CORUPA";"Reação tardia ou ineficiente do condutor";"Saída de leito carroçável";"Com Vítimas Feridas";"Plena Noite";"Decrescente";"Céu Claro";"Simples";"Declive;Reta";"Não";1;0;1;0;0;0;1;1;-26,415105;-49,264562;NA;NA;NA
779561;2026-06-18;"quinta-feira";"22:30:00";"RN";406;165,7;"SAO GONCALO DO AMARANTE";"Ingestão de álcool pelo condutor";"Queda de ocupante de veículo";"Com Vítimas Feridas";"Plena Noite";"Decrescente";"Céu Claro";"Dupla";"Viaduto";"Sim";1;0;1;0;0;0;1;1;-5,747653;-35,334908;NA;NA;NA
779562;2026-06-18;"quinta-feira";"19:15:00";"MT";70;0,5;"BARRA DO GARCAS";"Desrespeitar a preferência no cruzamento";"Colisão frontal";"Com Vítimas Feridas";"Plena Noite";"Decrescente";"Céu Claro";"Simples";"Rotatória";"Não";2;0;1;0;1;0;1;2;-15,89403634;-52,25834224;NA;NA;NA
779563;2026-06-18;"quinta-feira";"21:00:00";"RS";290;718;"URUGUAIANA";"Acumulo de água sobre o pavimento";"Saída de leito carroçável";"Com Vítimas Feridas";"Plena Noite";"Decrescente";"Chuva";"Simples";"Reta";"Não";2;0;1;0;1;0;1;1;-29,774576;-57,043802;NA;NA;NA
779565;2026-06-18;"quinta-feira";"22:05:00";"BA";101;717;"EUNAPOLIS";"Acessar a via sem observar a presença dos outros veículos";"Colisão transversal";"Com Vítimas Feridas";"Plena Noite";"Crescente";"Ignorado";"Simples";"Interseção de Vias";"Sim";3;0;1;0;1;1;1;2;-16,375097;-39,581098;NA;NA;NA
779567;2026-06-18;"quinta-feira";"22:25:00";"SC";101;127,3;"ITAJAI";"Área urbana sem a presença de local apropriado para a travessia de pedestres";"Atropelamento de Pedestre";"Com Vítimas Fatais";"Plena Noite";"Decrescente";"Nublado";"Dupla";"Curva";"Não";2;1;0;0;1;0;0;2;-26,966653;-48,683668;NA;NA;NA
779568;2026-06-18;"quinta-feira";"23:25:00";"ES";262;18,3;"VIANA";"Demais falhas mecânicas ou elétricas";"Incêndio";"Sem Vítimas";"Plena Noite";"Crescente";"Céu Claro";"Simples";"Reta";"Sim";1;0;0;0;1;0;0;1;-20,3886389;-40,47757435;NA;NA;NA
779569;2026-06-18;"quinta-feira";"23:15:00";"RS";290;56,3;"GLORINHA";"Ingestão de álcool pelo condutor";"Saída de leito carroçável";"Com Vítimas Feridas";"Plena Noite";"Decrescente";"Nublado";"Dupla";"Reta";"Não";1;0;1;0;0;0;1;1;-29,91648084;-50,82104636;NA;NA;NA
779570;2026-06-18;"quinta-feira";"23:30:00";"MG";50;197,8;"DELTA";"Avarias e/ou desgaste excessivo no pneu";"Tombamento";"Com Vítimas Feridas";"Plena Noite";"Decrescente";"Céu Claro";"Dupla";"Reta";"Não";2;0;2;0;0;0;2;1;-19,91472;-47,82991;NA;NA;NA
779571;2026-06-18;"quinta-feira";"21:00:00";"MG";116;505;"INHAPIM";"Ultrapassagem Indevida";"Colisão frontal";"Com Vítimas Fatais";"Plena Noite";"Decrescente";"Nublado";"Simples";"Reta";"Não";4;2;1;0;1;0;1;2;-19,60449;-42,114517;NA;NA;NA
779572;2026-06-18;"quinta-feira";"18:50:00";"BA";116;466;"SANTO ESTEVAO";"Pedestre - Ingestão de álcool/ substâncias psicoativas";"Atropelamento de Pedestre";"Com Vítimas Feridas";"Plena Noite";"Crescente";"Nublado";"Dupla";"Reta;Declive";"Não";2;0;0;1;1;0;1;2;-12,48155551;-39,31362603;NA;NA;NA
779573;2026-06-19;"sexta-feira";"01:03:00";"PE";428;191;"PETROLINA";"Conversão proibida";"Colisão transversal";"Com Vítimas Feridas";"Pleno dia";"Crescente";"Céu Claro";"Múltipla";"Interseção de Vias";"Sim";2;0;1;0;1;0;1;2;-9,384116;-40,519198;NA;NA;NA
779576;2026-06-19;"sexta-feira";"01:30:00";"MS";163;331;"RIO BRILHANTE";"Ingestão de álcool pelo condutor";"Saída de leito carroçável";"Sem Vítimas";"Plena Noite";"Crescente";"Céu Claro";"Simples";"Interseção de Vias";"Não";1;0;0;0;1;0;0;1;-21,71438333;-54,50576467;NA;NA;NA
779577;2026-06-19;"sexta-feira";"03:55:00";"MG";40;785,5;"JUIZ DE FORA";"Ausência de reação do condutor";"Saída de leito carroçável";"Com Vítimas Feridas";"Plena Noite";"Decrescente";"Nevoeiro/Neblina";"Dupla";"Curva;Interseção de Vias;Declive";"Não";1;0;0;1;0;0;1;1;-21,71736413;-43,44350338;NA;NA;NA
779581;2026-06-19;"sexta-feira";"04:20:00";"PR";376;668;"GUARATUBA";"Condutor Dormindo";"Colisão com objeto";"Sem Vítimas";"Plena Noite";"Decrescente";"Nublado";"Dupla";"Curva;Aclive";"Não";1;0;0;0;1;0;0;1;-25,90571454;-48,92054844;NA;NA;NA
779582;2026-06-19;"sexta-feira";"04:31:00";"PE";101;73;"RECIFE";"Acessar a via sem observar a presença dos outros veículos";"Colisão lateral mesmo sentido";"Com Vítimas Fatais";"Plena Noite";"Decrescente";"Chuva";"Dupla";"Curva;Aclive";"Sim";4;1;1;0;0;2;1;4;-8,0938;-34,94768;NA;NA;NA