"id";"data_inversa";"dia_semana";"horario";"uf";"br";"km";"municipio";"causa_acidente";"tipo_acidente";"classificacao_acidente";"fase_dia";"sentido_via";"condicao_metereologica";"tipo_pista";"tracado_via";"uso_solo";"pessoas";"mortos";"feridos_leves";"feridos_graves";"ilesos";"ignorados";"feridos";"veiculos";"latitude";"longitude";"regional";"delegacia";"uop"
779584;2026-06-19;"sexta-feira";"04:30:00";"MG";116;625;"ORIZANIA";"Animais na Pista";"Atropelamento de Animal";"Com Vítimas Feridas";"Amanhecer";"Decrescente";"Céu Claro";"Simples";"Reta";"Não";3;0;3;0;0;0;3;1;-20,536888;-42,203222;NA;NA;NA
779585;2026-06-19;"sexta-feira";"05:30:00";"SC";470;59,5;"BLUMENAU";"Condutor Dormindo";"Saída de leito carroçável";"Sem Vítimas";"Amanhecer";"Crescente";"Céu Claro";"Dupla";"Aclive;Curva";"Não";1;0;0;0;1;0;0;1;-26,88201216;-49,15974237;NA;NA;NA
779587;2026-06-18;"quinta-feira";"22:00:00";"MG";40;545;"NOVA LIMA";"Acumulo de óleo sobre o pavimento";"Colisão lateral mesmo sentido";"Com Vítimas Feridas";"Plena Noite";"Crescente";"Céu Claro";"Dupla";"Curva;Em Obras";"Sim";3;0;0;1;2;0;1;3;-20,00891941;-43,96522522;NA;NA;NA
779588;2026-06-19;"sexta-feira";"06:10:00";"MG";381;442,4;"SABARA";"Reação tardia ou ineficiente do condutor";"Queda de ocupante de veículo";"Com Vítimas Feridas";"Amanhecer";"Crescente";"Céu Claro";"Simples";"Reta";"Sim";1;0;1;0;0;0;1;1;-19,827642;-43,83848;NA;NA;NA
779591;2026-06-19;"sexta-feira";"04:00:00";"MT";163;1049;"MATUPA";"Reação tardia ou ineficiente do condutor";"Colisão lateral mesmo sentido";"Com Vítimas Fatais";"Plena Noite";"Crescente";"Ignorado";"Simples";"Reta";"Não";3;2;0;0;0;1;0;2;-10,0911917;-54,91766095;NA;NA;NA
779592;2026-06-19;"sexta-feira";"05:50:00";"MS";60;538;"NIOAQUE";"Reação tardia ou ineficiente do condutor";"Colisão traseira";"Com Vítimas Feridas";"Amanhecer";"Crescente";"Chuva";"Simples";"Reta";"Não";2;0;2;0;0;0;2;2;-21,1470575;-55,8099706;NA;NA;NA
779593;2026-06-19;"sexta-feira";"06:15:00";"SC";280;20,2;"BALNEARIO BARRA DO SUL";"Conversão proibida";"Colisão frontal";"Com Vítimas Fatais";"Plena Noite";"Crescente";"Nublado";"Simples";"Reta";"Sim";2;1;0;0;1;0;0;2;-26,37008;-48,684965;NA;NA;NA
779595;2026-06-19;"sexta-feira";"06:40:00";"DF";40;2;"BRASILIA";"Condutor deixou de manter distância do veículo da frente";"Colisão traseira";"Com Vítimas Feridas";"Pleno dia";"Decrescente";"Céu Claro";"Dupla";"Reta";"Não";2;0;1;0;1;0;1;2;-15,99984238;-47,98467636;NA;NA;NA
779596;2026-06-19;"sexta-feira";"07:15:00";"RS";470;209;"VERANOPOLIS";"Acessar a via sem observar a presença dos outros veículos";"Colisão transversal";"Com Vítimas Feridas";"Pleno dia";"Crescente";"Céu Claro";"Simples";"Interseção de Vias";"Sim";2;0;1;0;1;0;1;2;-28,89134079;-51,54941496;NA;NA;NA
779597;2026-06-19;"sexta-feira";"07:25:00";"MG";381;495,3;"BETIM";"Manobra de mudança de faixa";"Colisão lateral mesmo sentido";"Com Vítimas Feridas";"Pleno dia";"Decrescente";"Céu Claro";"Múltipla";"Curva;Declive";"Não";2;0;1;0;1;0;1;2;-19,9745;-44,1862;NA;NA;NA
779598;2026-06-18;"quinta-feira";"19:30:00";"RJ";465;18;"NOVA IGUACU";"Acessar a via sem observar a presença dos outros veículos";"Colisão transversal";"Com Vítimas Feridas";"Plena Noite";"Decrescente";"Céu Claro";"Simples";"Interseção de Vias;Reta";"Sim";2;0;1;0;1;0;1;2;-22,832067;-43,614721;NA;NA;NA
779599;2026-06-19;"sexta-feira";"06:05:00";"SP";116;225;"GUARULHOS";"Condutor deixou de manter distância do veículo da frente";"Engavetamento";"Com Vítimas Feridas";"Amanhecer";"Crescente";"Nublado";"Múltipla";"Reta";"Sim";4;0;1;0;3;0;1;3;-23,49122786;-46,54984323;NA;NA;NA
779600;2026-06-19;"sexta-feira";"06:00:00";"SP";116;185;"SANTA ISABEL";"Ausência de reação do condutor";"Colisão traseira";"Com Vítimas Feridas";"Pleno dia";"Crescente";"Nublado";"Dupla";"Reta";"Não";4;0;2;0;2;0;2;2;-23,351671;-46,193089;NA;NA;NA
779601;2026-06-19;"sexta-feira";"05:40:00";"SP";116;293;"ITAPECERICA DA SERRA";"Avarias e/ou desgaste excessivo no pneu";"Tombamento";"Com Vítimas Feridas";"Plena Noite";"Crescente";"Nevoeiro/Neblina";"Dupla";"Reta";"Não";2;0;1;0;1;0;1;1;-23,7419636;-46,89915419;NA;NA;NA
779602;2026-06-19;"sexta-feira";"06:35:00";"DF";60;1;"BRASILIA";"Manobra de mudança de faixa";"Colisão lateral mesmo sentido";"Com Vítimas Feridas";"Pleno dia";"Decrescente";"Céu Claro";"Dupla";"Reta";"Sim";2;0;1;0;1;0;1;2;-15,885173;-48,068991;NA;NA;NA
779605;2026-06-19;"sexta-feira";"07:15:00";"RS";285;457;"IJUI";"Acessar a via sem observar a presença dos outros veículos";"Colisão transversal";"Com Vítimas Feridas";"Amanhecer";"Decrescente";"Chuva";"Simples";"Interseção de Vias;Em Obras";"Sim";2;0;0;1;0;1;1;2;-28,39800703;-53,89768124;NA;NA;NA
779606;2026-06-18;"quinta-feira";"23:55:00";"RO";364;289,3;"PRESIDENTE MEDICI";"Ausência de reação do condutor";"Saída de leito carroçável";"Com Vítimas Feridas";"Plena Noite";"Decrescente";"Céu Claro";"Simples";"Reta";"Não";2;0;1;1;0;0;2;1;-11,333013;-61,872292;NA;NA;NA
779607;2026-06-19;"sexta-feira";"07:30:00";"PR";277;5;"PARANAGUA";"Acessar a via sem observar a presença dos outros veículos";"Colisão traseira";"Com Vítimas Feridas";"Pleno dia";"Crescente";"Nublado";"Dupla";"Reta";"Sim";2;0;1;0;1;0;1;2;-25,52931144;-48,52834789;NA;NA;NA
779609;2026-06-19;"sexta-feira";"07:10:00";"PR";369;126,9;"JATAIZINHO";"Reação tardia ou ineficiente do condutor";"Queda de ocupante de veículo";"Com Vítimas Feridas";"Pleno dia";"Crescente";"Céu Claro";"Dupla";"Declive;Reta";"Não";1;0;1;0;0;0;1;1;-23,2766;-50,9617;NA;NA;NA
779610;2026-06-19;"sexta-feira";"05:30:00";"RJ";40;123;"DUQUE DE CAXIAS";"Manobra de mudança de faixa";"Colisão lateral mesmo sentido";"Com Vítimas Feridas";"Pleno dia";"Crescente";"Céu Claro";"Múltipla";"Reta";"Não";2;0;1;0;1;0;1;2;-22,79512291;-43,28793224;NA;NA;NA
779611;2026-06-19;"sexta-feira";"07:50:00";"MG";381;342;"JOAO MONLEVADE";"Velocidade Incompatível";"Queda de ocupante de veículo";"Com Vítimas Feridas";"Amanhecer";"Crescente";"Céu Claro";"Simples";"Curva";"Não";1;0;1;0;0;0;1;1;-19,85860427;-43,10723461;NA;NA;NA
779612;2026-06-19;"sexta-feira";"06:45:00";"MT";163;829;"SINOP";"Acesso irregular";"Colisão transversal";"Com Vítimas Fatais";"Pleno dia";"Decrescente";"Céu Claro";"Dupla";"Reta;Retorno Regulamentado";"Sim";3;1;0;0;2;0;0;2;-11,913263;-55,508986;NA;NA;NA
779613;2026-06-19;"sexta-feira";"07:13:00";"PI";316;2;"TERESINA";"Reação tardia ou ineficiente do condutor";"Colisão lateral mesmo sentido";"Com Vítimas Feridas";"Pleno dia";"Decrescente";"Céu Claro";"Múltipla";"Reta";"Sim";4;0;2;1;1;0;3;3;-5,12539;-42,794273;NA;NA;NA
779614;2026-06-19;"sexta-feira";"01:00:00";"CE";304;91;"ARACATI";"Ingestão de álcool pelo condutor";"Queda de ocupante de veículo";"Com Vítimas Feridas";"Plena Noite";"Crescente";"Céu Claro";"Simples";"Reta";"Não";1;0;1;0;0;0;1;1;-4,58010683;-37,72040737;NA;NA;NA
779615;2026-06-19;"sexta-feira";"07:00:00";"RJ";40;122;"DUQUE DE CAXIAS";"Frear bruscamente";"Colisão traseira";"Com Vítimas Feridas";"Amanhecer";"Crescente";"Céu Claro";"Simples";"Reta";"Sim";2;0;1;0;0;1;1;2;-22,7870821;-43,2862193;NA;NA;NA
779618;2026-06-19;"sexta-feira";"07:40:00";"SE";235;6;"NOSSA SENHORA DO SOCORRO";"Ausência de reação do condutor";"Colisão traseira";"Com Vítimas Feridas";"Pleno dia";"Decrescente";"Garoa/Chuvisco";"Dupla";"Declive";"Não";2;0;1;0;1;0;1;2;-10,90264607;-37,1385473;NA;NA;NA
779619;2026-06-19;"sexta-feira";"08:25:00";"RS";116;262;"CANOAS";"Manobra de mudança de faixa";"Colisão lateral mesmo sentido";"Com Vítimas Feridas";"Pleno dia";"Crescente";"Nublado";"Múltipla";"Reta";"Sim";2;0;1;0;1;0;1;2;-29,88005136;-51,18065097;NA;NA;NA
779621;2026-06-19;"sexta-feira";"08:10:00";"MG";381;479;"CONTAGEM";"Manobra de mudança de faixa";"Colisão lateral mesmo sentido";"Com Vítimas Feridas";"Pleno dia";"Decrescente";"Céu Claro";"Dupla";"Reta";"Sim";2;0;1;0;1;0;1;2;-19,96308;-44,040398;NA;NA;NA
779623;2026-06-19;"sexta-feira";"07:30:00";"PA";316;149,8;"CAPANEMA";"Condutor Dormindo";"Colisão frontal";"Sem Vítimas";"Pleno dia";"Crescente";"Céu Claro";"Simples";"Reta";"Sim";2;0;0;0;2;0;0;2;-1,216068;-47,19155;NA;NA;NA
779624;2026-06-19;"sexta-feira";"08:30:00";"RJ";493;96;"SEROPEDICA";"Pedestre cruzava a pista fora da faixa";"Atropelamento de Pedestre";"Com Vítimas Feridas";"Pleno dia";"Decrescente";"Céu Claro";"Simples";"Reta";"Não";2;0;1;0;1;0;1;2;-22,7133917;-43,7027533;NA;NA;NA
779626;2026-06-19;"sexta-feira";"09:30:00";"BA";324;619;"SALVADOR";"Objeto estático sobre o leito carroçável";"Engavetamento";"Com Vítimas Feridas";"Pleno dia";"Decrescente";"Chuva";"Dupla";"Reta";"Sim";8;0;1;0;7;0;1;3;-12,9076717;-38,45709;NA;NA;NA
779627;2026-06-19;"sexta-feira";"09:30:00";"SC";101;208;"SAO JOSE";"Reação tardia ou ineficiente do condutor";"Colisão traseira";"Com Vítimas Feridas";"Pleno dia";"Decrescente";"Céu Claro";"Múltipla";"Aclive;Reta";"Sim";3;0;1;0;2;0;1;3;-27,606661;-48,635415;NA;NA;NA
779629;2026-06-16;"terça-feira";"07:50:00";"RJ";493;18;"GUAPIMIRIM";"Acesso irregular";"Colisão transversal";"Com Vítimas Feridas";"Pleno dia";"Crescente";"Céu Claro";"Simples";"Reta";"Sim";2;0;1;0;1;0;1;2;-22,66742695;-43,02589986;NA;NA;NA
779630;2026-06-19;"sexta-feira";"06:50:00";"SC";280;25,5;"ARAQUARI";"Conversão proibida";"Colisão transversal";"Com Vítimas Feridas";"Amanhecer";"Crescente";"Nublado";"Simples";"Reta";"Não";2;0;0;1;1;0;1;2;-26,38756403;-48,73054504;NA;NA;NA
779633;2026-06-19;"sexta-feira";"09:00:00";"DF";70;0;"BRASILIA";"Manobra de mudança de faixa";"Colisão lateral mesmo sentido";"Com Vítimas Feridas";"Pleno dia";"Decrescente";"Céu Claro";"Múltipla";"Reta";"Sim";3;0;2;0;1;0;2;2;-15,79417;-48,05626;NA;NA;NA
779638;2026-06-19;"sexta-feira";"09:40:00";"BA";101;947;"MUCURI";"Desrespeitar a preferência no cruzamento";"Colisão transversal";"Com Vítimas Feridas";"Pleno dia";"Crescente";"Céu Claro";"Simples";"Reta";"Não";2;0;1;0;1;0;1;2;-18,11042485;-39,88458405;NA;NA;NA
779639;2026-06-19;"sexta-feira";"09:20:00";"SP";116;217;"GUARULHOS";"Reação tardia ou ineficiente do condutor";"Engavetamento";"Com Vítimas Feridas";"Pleno dia";"Crescente";"Céu Claro";"Múltipla";"Reta";"Sim";4;0;1;0;3;0;1;3;-23,456122;-46,47715;NA;NA;NA
779641;2026-06-19;"sexta-feira";"10:19:00";"PB";230;19,1;"JOAO PESSOA";"Reação tardia ou ineficiente do condutor";"Colisão traseira";"Com Vítimas Feridas";"Pleno dia";"Crescente";"Céu Claro";"Dupla";"Reta";"Sim";4;0;1;0;3;0;1;3;-7,13018521;-34,85129206;NA;NA;NA
779642;2026-06-19;"sexta-feira";"10:36:00";"PR";277;3;"CURITIBA";"Entrada inopinada do pedestre";"Atropelamento de Pedestre";"Com Vítimas Fatais";"Pleno dia";"Decrescente";"Céu Claro";"Dupla";"Reta;Declive";"Sim";2;1;0;0;1;0;0;2;-25,431111;-49,338651;NA;NA;NA
779643;2026-06-19;"sexta-feira";"11:20:00";"SP";116;148;"SAO JOSE DOS CAMPOS";"Reação tardia ou ineficiente do condutor";"Colisão traseira";"Com Vítimas Feridas";"Pleno dia";"Decrescente";"Sol";"Dupla";"Reta";"Não";3;0;1;0;2;0;1;2;-23,20198078;-45,88063574;NA;NA;NA
779644;2026-06-19;"sexta-feira";"10:45:00";"SP";116;222;"GUARULHOS";"Reação tardia ou ineficiente do condutor";"Tombamento";"Com Vítimas Feridas";"Pleno dia";"Crescente";"Céu Claro";"Múltipla";"Reta";"Sim";1;0;1;0;0;0;1;1;-23,47409694;-46,52307939;NA;NA;NA
779645;2026-06-19;"sexta-feira";"11:00:00";"PR";153;30,9;"SANTO ANTONIO DA PLATINA";"Reação tardia ou ineficiente do condutor";"Colisão lateral mesmo sentido";"Com Vítimas Feridas";"Pleno dia";"Crescente";"Céu Claro";"Simples";"Aclive;Reta";"Não";5;0;1;0;4;0;1;2;-23,22250036;-50,01985995;NA;NA;NA
779649;2026-06-19;"sexta-feira";"11:45:00";"RJ";101;65;"CAMPOS DOS GOYTACAZES";"Pista Escorregadia";"Queda de ocupante de veículo";"Com Vítimas Feridas";"Pleno dia";"Crescente";"Céu Claro";"Simples";"Interseção de Vias";"Sim";1;0;1;0;0;0;1;1;-21,754936;-41,347264;NA;NA;NA
779650;2026-06-19;"sexta-feira";"11:50:00";"MG";262;348;"BETIM";"Avarias e/ou desgaste excessivo no pneu";"Queda de ocupante de veículo";"Com Vítimas Feridas";"Pleno dia";"Decrescente";"Céu Claro";"Dupla";"Reta";"Não";2;0;2;0;0;0;2;1;-19,98479773;-44,206129;NA;NA;NA
779652;2026-06-19;"sexta-feira";"10:45:00";"BA";116;680;"JEQUIE";"Ausência de reação do condutor";"Capotamento";"Com Vítimas Feridas";"Pleno dia";"Decrescente";"Céu Claro";"Simples";"Reta";"Não";1;0;1;0;0;0;1;1;-13,90811232;-40,14995322;NA;NA;NA
779653;2026-06-03;"quarta-feira";"07:06:00";"TO";153;215;"NOVA OLINDA";"Acesso irregular";"Atropelamento de Pedestre";"Com Vítimas Feridas";"Pleno dia";"Decrescente";"Céu Claro";"Simples";"Reta";"Não";2;0;0;1;0;1;1;2;-7,775215;-48,462418;NA;NA;NA
779655;2026-06-19;"sexta-feira";"12:30:00";"SC";480;124,4;"CHAPECO";"Desrespeitar a preferência no cruzamento";"Colisão transversal";"Com Vítimas Feridas";"Pleno dia";"Decrescente";"Chuva";"Simples";"Interseção de Vias;Reta";"Sim";2;0;1;0;0;1;1;2;-27,0014154;-52,6454626;NA;NA;NA
779656;2026-06-03;"quarta-feira";"23:45:00";"SC";280;58,5;"GUARAMIRIM";"Ausência de reação do condutor";"Saída de leito carroçável";"Com Vítimas Feridas";"Pleno dia";"Crescente";"Garoa/Chuvisco";"Dupla";"Curva";"Não";2;0;1;1;0;0;2;1;-26,474933;-49,030478;NA;NA;NA
779658;2026-06-19;"sexta-feira";"12:45:00";"SC";282;3;"FLORIANOPOLIS";"Ausência de reação do condutor";"Queda de ocupante de veículo";"Com Vítimas Feridas";"Pleno dia";"Decrescente";"Céu Claro";"Múltipla";"Curva";"Sim";1;0;1;0;0;0;1;1;-27,600432;-48,599667;NA;NA;NA
779660;2026-04-28;"terça-feira";"19:00:00";"SC";280;25,5;"ARAQUARI";"Manobra de mudança de faixa";"Colisão lateral mesmo sentido";"Com Vítimas Feridas";"Plena Noite";"Crescente";"Chuva";"Simples";"Reta";"Não";2;0;1;0;1;0;1;2;-26,387077;-48,730887;NA;NA;NA
779662;2026-06-19;"sexta-feira";"10:10:00";"PR";163;204,6;"SANTA TEREZA DO OESTE";"Ausência de reação do condutor";"Colisão traseira";"Com Vítimas Feridas";"Pleno dia";"Crescente";"Nublado";"Dupla";"Reta";"Não";2;0;1;0;1;0;1;2;-25,05709562;-53,56108317;NA;NA;NA
779663;2026-06-19;"sexta-feira";"13:10:00";"RJ";116;187;"NOVA IGUACU";"Velocidade Incompatível";"Colisão traseira";"Com Vítimas Feridas";"Pleno dia";"Decrescente";"Céu Claro";"Dupla";"Reta";"Sim";2;0;1;0;1;0;1;2;-22,74498274;-43,50684106;NA;NA;NA
779665;2026-06-19;"sexta-feira";"14:01:00";"PB";230;70;"SOBRADO";"Condutor Dormindo";"Saída de leito carroçável";"Sem Vítimas";"Pleno dia";"Crescente";"Céu Claro";"Dupla";"Reta";"Não";1;0;0;0;1;0;0;1;-7,191175;-35,22623;NA;NA;NA
779667;2026-06-19;"sexta-feira";"13:30:00";"MG";146;474,4;"BANDEIRA DO SUL";"Reação tardia ou ineficiente do condutor";"Colisão transversal";"Com Vítimas Feridas";"Pleno dia";"Crescente";"Céu Claro";"Simples";"Rotatória";"Não";3;0;3;0;0;0;3;2;-21,745333;-46,404025;NA;NA;NA
779669;2026-06-19;"sexta-feira";"13:15:00";"PR";277;2;"PARANAGUA";"Ausência de reação do condutor";"Colisão lateral mesmo sentido";"Com Vítimas Feridas";"Pleno dia";"Crescente";"Nublado";"Simples";"Reta";"Sim";2;0;1;0;1;0;1;2;-25,505575;-48,525052;NA;NA;NA
779670;2026-06-19;"sexta-feira";"14:00:00";"CE";304;45;"ARACATI";"Acessar a via sem observar a presença dos outros veículos";"Colisão transversal";"Com Vítimas Feridas";"Pleno dia";"Crescente";"Céu Claro";"Simples";"Reta;Retorno Regulamentado";"Não";2;0;0;1;1;0;1;2;-4,57505602;-37,79810635;NA;NA;NA
779671;2026-06-19;"sexta-feira";"09:10:00";"SC";101;211,1;"PALHOCA";"Acumulo de areia ou detritos sobre o pavimento";"Queda de ocupante de veículo";"Com Vítimas Feridas";"Pleno dia";"Crescente";"Nublado";"Dupla";"Reta";"Sim";1;0;1;0;0;0;1;1;-27,624947;-48,654221;NA;NA;NA
779672;2026-06-19;"sexta-feira";"14:00:00";"ES";101;287,9;"CARIACICA";"Avarias e/ou desgaste excessivo no pneu";"Tombamento";"Com Vítimas Feridas";"Pleno dia";"Crescente";"Céu Claro";"Dupla";"Reta";"Sim";2;0;2;0;0;0;2;1;-20,270987;-40,390682;NA;NA;NA
779673;2026-06-19;"sexta-feira";"14:00:00";"BA";324;607;"SIMOES FILHO";"Acessar a via sem observar a presença dos outros veículos";"Colisão lateral mesmo sentido";"Com Vítimas Feridas";"Pleno dia";"Decrescente";"Céu Claro";"Dupla";"Reta";"Sim";3;0;2;0;1;0;2;2;-12,814486;-38,405556;NA;NA;NA
779674;2026-06-19;"sexta-feira";"11:25:00";"PR";163;153;"SANTA LUCIA";"Pista Escorregadia";"Saída de leito carroçável";"Com Vítimas Feridas";"Pleno dia";"Decrescente";"Chuva";"Dupla";"Declive;Reta";"Não";4;0;1;0;3;0;1;1;-25,3781;-53,5757;NA;NA;NA
779675;2026-06-19;"sexta-feira";"14:30:00";"ES";101;144,3;"LINHARES";"Manobra de mudança de faixa";"Colisão traseira";"Com Vítimas Feridas";"Pleno dia";"Decrescente";"Céu Claro";"Dupla";"Reta";"Não";3;0;1;0;2;0;1;2;-19,35916631;-40,06425429;NA;NA;NA
779677;2026-06-19;"sexta-feira";"14:45:00";"MG";381;740,3;"SOLEDADE DE MINAS";"Reação tardia ou ineficiente do condutor";"Capotamento";"Com Vítimas Feridas";"Pleno dia";"Decrescente";"Sol";"Dupla";"Reta";"Não";2;0;2;0;0;0;2;1;-22;-45;NA;NA;NA
779678;2026-06-19;"sexta-feira";"14:00:00";"MG";354;728,3;"POUSO ALTO";"Ultrapassagem Indevida";"Colisão traseira";"Com Vítimas Feridas";"Pleno dia";"Decrescente";"Céu Claro";"Simples";"Curva;Aclive";"Não";3;0;1;0;2;0;1;3;-22,146582;-44,966265;NA;NA;NA
779679;2026-06-19;"sexta-feira";"14:09:00";"BA";235;352,7;"JUAZEIRO";"Acesso irregular";"Colisão transversal";"Com Vítimas Feridas";"Pleno dia";"Crescente";"Sol";"Dupla";"Rotatória";"Sim";2;0;1;0;1;0;1;2;-9,43327603;-40,50200908;NA;NA;NA
779682;2026-06-19;"sexta-feira";"15:00:00";"SC";101;72,5;"ARAQUARI";"Manobra de mudança de faixa";"Colisão lateral mesmo sentido";"Com Vítimas Feridas";"Pleno dia";"Decrescente";"Céu Claro";"Dupla";"Reta";"Sim";2;0;1;0;1;0;1;2;-26,532748;-48,713802;NA;NA;NA
779684;2026-06-19;"sexta-feira";"15:00:00";"PR";369;191,4;"ARAPONGAS";"Ausência de reação do condutor";"Colisão traseira";"Com Vítimas Feridas";"Pleno dia";"Decrescente";"Nublado";"Dupla";"Retorno Regulamentado;Reta";"Não";2;0;1;0;1;0;1;2;-23,44875;-51,42321;NA;NA;NA
779685;2026-06-19;"sexta-feira";"14:00:00";"SC";280;22;"ARAQUARI";"Reação tardia ou ineficiente do condutor";"Colisão lateral mesmo sentido";"Com Vítimas Feridas";"Pleno dia";"Decrescente";"Céu Claro";"Simples";"Reta";"Não";2;0;0;1;1;0;1;2;-26,371345;-48,709502;NA;NA;NA
779687;2026-06-19;"sexta-feira";"15:00:00";"BA";101;173;"FEIRA DE SANTANA";"Ausência de reação do condutor";"Colisão traseira";"Sem Vítimas";"Pleno dia";"Crescente";"Céu Claro";"Simples";"Reta";"Não";2;0;0;0;1;1;0;2;-12,36682503;-38,8690567;NA;NA;NA
779689;2026-06-19;"sexta-feira";"09:10:00";"RJ";116;182;"NOVA IGUACU";"Condutor deixou de manter distância do veículo da frente";"Colisão traseira";"Com Vítimas Feridas";"Pleno dia";"Crescente";"Céu Claro";"Dupla";"Reta";"Sim";2;0;1;0;1;0;1;2;-22,76225251;-43,42208862;NA;NA;NA
779691;2026-06-05;"sexta-feira";"05:20:00";"SC";101;41;"JOINVILLE";"Manobra de mudança de faixa";"Saída de leito carroçável";"Com Vítimas Feridas";"Amanhecer";"Crescente";"Ignorado";"Simples";"Interseção de Vias";"Não";1;0;1;0;0;0;1;1;-26,323226;-48,86818;NA;NA;NA
779692;2026-05-31;"domingo";"13:30:00";"GO";60;138;"GOIANAPOLIS";"Desrespeitar a preferência no cruzamento";"Colisão transversal";"Com Vítimas Feridas";"Pleno dia";"Crescente";"Céu Claro";"Simples";"Reta";"Sim";3;0;1;0;2;0;1;2;-16,57470565;-49,15970198;NA;NA;NA
779694;2026-06-19;"sexta-feira";"15:30:00";"RS";392;11;"RIO GRANDE";"Mal súbito do condutor";"Saída de leito carroçável";"Sem Vítimas";"Pleno dia";"Decrescente";"Garoa/Chuvisco";"Dupla";"Reta";"Não";1;0;0;0;1;0;0;1;-32,117684;-52,12372;NA;NA;NA
779696;2026-06-19;"sexta-feira";"16:00:00";"PR";116;130,1;"FAZENDA RIO GRANDE";"Ingestão de álcool pelo condutor";"Colisão traseira";"Sem Vítimas";"Pleno dia";"Decrescente";"Nublado";"Dupla";"Reta";"Não";6;0;0;0;4;2;0;3;-25,675552;-49,315496;NA;NA;NA
779697;2026-06-19;"sexta-feira";"16:38:00";"PB";101;90,5;"JOAO PESSOA";"Ausência de reação do condutor";"Colisão traseira";"Com Vítimas Feridas";"Pleno dia";"Decrescente";"Céu Claro";"Dupla";"Reta";"Sim";2;0;1;0;1;0;1;2;-7,18465385;-34,90175928;NA;NA;NA
779699;2026-05-30;"sábado";"16:00:00";"SC";101;333,5;"TUBARAO";"Desrespeitar a preferência no cruzamento";"Colisão transversal";"Com Vítimas Feridas";"Pleno dia";"Decrescente";"Nublado";"Múltipla";"Rotatória";"Sim";2;0;1;0;1;0;1;2;-28,46952557;-49,01511549;NA;NA;NA
779700;2026-06-19;"sexta-feira";"16:00:00";"GO";153;367;"JARAGUA";"Ausência de reação do condutor";"Engavetamento";"Com Vítimas Feridas";"Pleno dia";"Decrescente";"Céu Claro";"Dupla";"Reta";"Não";7;0;1;0;6;0;1;3;-15,8272311;-49,2811657;NA;NA;NA
779701;2026-06-19;"sexta-feira";"15:30:00";"PR";369;474,2;"CORBELIA";"Avarias e/ou desgaste excessivo no pneu";"Colisão transversal";"Com Vítimas Feridas";"Pleno dia";"Crescente";"Chuva";"Simples";"Curva";"Não";5;0;2;0;3;0;2;2;-24,70675929;-53,2394886;NA;NA;NA
779702;2026-06-19;"sexta-feira";"16:45:00";"BA";367;83,5;"EUNAPOLIS";"Condutor deixou de manter distância do veículo da frente";"Colisão traseira";"Com Vítimas Feridas";"Pleno dia";"Decrescente";"Sol";"Simples";"Reta";"Sim";3;0;1;0;2;0;1;2;-16,373853;-39,575745;NA;NA;NA
779704;2026-06-19;"sexta-feira";"15:00:00";"PB";230;183,7;"BOA VISTA";"Reação tardia ou ineficiente do condutor";"Colisão traseira";"Com Vítimas Feridas";"Pleno dia";"Crescente";"Céu Claro";"Dupla";"Reta;Desvio Temporário;Em Obras";"Não";2;0;1;0;1;0;1;2;-7,152924;-36,102217;NA;NA;NA
779705;2026-06-19;"sexta-feira";"16:20:00";"RJ";40;120;"DUQUE DE CAXIAS";"Ausência de reação do condutor";"Queda de ocupante de veículo";"Com Vítimas Feridas";"Pleno dia";"Decrescente";"Céu Claro";"Dupla";"Reta";"Sim";1;0;1;0;0;0;1;1;-22,78177051;-43,28563339;NA;NA;NA
779706;2026-06-19;"sexta-feira";"16:30:00";"ES";101;159,2;"LINHARES";"Acessar a via sem observar a presença dos outros veículos";"Colisão transversal";"Com Vítimas Fatais";"Anoitecer";"Crescente";"Céu Claro";"Simples";"Reta;Rotatória";"Sim";3;1;0;0;2;0;0;3;-19,46987094;-40,11112421;NA;NA;NA
779707;2026-06-19;"sexta-feira";"14:55:00";"RJ";40;23;"TRES RIOS";"Mal súbito do condutor";"Saída de leito carroçável";"Com Vítimas Feridas";"Pleno dia";"Decrescente";"Céu Claro";"Dupla";"Curva";"Sim";3;0;1;2;0;0;3;1;-22,1425215;-43,1588797;NA;NA;NA
779710;2026-06-19;"sexta-feira";"17:30:00";"RJ";116;174;"SAO JOAO DE MERITI";"Condutor deixou de manter distância do veículo da frente";"Colisão traseira";"Com Vítimas Feridas";"Plena Noite";"Decrescente";"Céu Claro";"Dupla";"Reta";"Sim";4;0;1;0;3;0;1;4;-22,790585;-43,3710033;NA;NA;NA