"id";"data_inversa";"dia_semana";"horario";"uf";"br";"km";"municipio";"causa_acidente";"tipo_acidente";"classificacao_acidente";"fase_dia";"sentido_via";"condicao_metereologica";"tipo_pista";"tracado_via";"uso_solo";"pessoas";"mortos";"feridos_leves";"feridos_graves";"ilesos";"ignorados";"feridos";"veiculos";"latitude";"longitude";"regional";"delegacia";"uop"
779711;2026-06-19;"sexta-feira";"14:33:00";"PR";277;581,5;"CASCAVEL";"Velocidade Incompatível";"Colisão lateral mesmo sentido";"Com Vítimas Feridas";"Pleno dia";"Decrescente";"Chuva";"Dupla";"Declive;Curva";"Sim";25;0;12;3;9;1;15;3;-24,98310167;-53,3615613;NA;NA;NA
779712;2026-06-19;"sexta-feira";"17:00:00";"MA";135;48,6;"BACABEIRA";"Avarias e/ou desgaste excessivo no pneu";"Saída de leito carroçável";"Sem Vítimas";"Pleno dia";"Crescente";"Ignorado";"Dupla";"Aclive;Reta";"Não";1;0;0;0;0;1;0;1;-2,9503;-44,32628;NA;NA;NA
779713;2026-06-19;"sexta-feira";"12:35:00";"RS";290;232;"RIO PARDO";"Ausência de reação do condutor";"Colisão com objeto";"Com Vítimas Feridas";"Pleno dia";"Decrescente";"Garoa/Chuvisco";"Simples";"Ponte;Reta";"Não";1;0;1;0;0;0;1;1;-30,21177511;-52,53548384;NA;NA;NA
779714;2026-06-19;"sexta-feira";"17:01:00";"RN";304;304,6;"PARNAMIRIM";"Acessar a via sem observar a presença dos outros veículos";"Colisão lateral mesmo sentido";"Com Vítimas Feridas";"Anoitecer";"Crescente";"Nublado";"Dupla";"Reta";"Não";2;0;1;0;1;0;1;2;-5,88642;-35,276967;NA;NA;NA
779715;2026-06-19;"sexta-feira";"16:45:00";"SC";116;142;"SANTA CECILIA";"Acesso irregular";"Colisão frontal";"Com Vítimas Feridas";"Pleno dia";"Crescente";"Chuva";"Simples";"Reta";"Sim";2;0;1;1;0;0;2;2;-26,9791557;-50,3952572;NA;NA;NA
779717;2026-06-19;"sexta-feira";"16:30:00";"PR";476;145;"CURITIBA";"Manobra de mudança de faixa";"Colisão lateral mesmo sentido";"Com Vítimas Feridas";"Pleno dia";"Crescente";"Céu Claro";"Dupla";"Reta";"Não";3;0;1;0;1;1;1;3;-25,545377;-49,316778;NA;NA;NA
779718;2026-06-03;"quarta-feira";"23:00:00";"MT";174;353;"CONQUISTA DOESTE";"Animais na Pista";"Atropelamento de Animal";"Com Vítimas Feridas";"Plena Noite";"Crescente";"Céu Claro";"Simples";"Reta";"Não";2;0;2;0;0;0;2;1;-14,827651;-59,320166;NA;NA;NA
779719;2026-06-19;"sexta-feira";"17:35:00";"MA";135;13,6;"SAO LUIS";"Demais falhas na via";"Tombamento";"Com Vítimas Feridas";"Pleno dia";"Crescente";"Nublado";"Dupla";"Aclive;Reta";"Sim";1;0;0;1;0;0;1;1;-2,685477;-44,297703;NA;NA;NA
779720;2026-06-19;"sexta-feira";"17:30:00";"ES";101;68,4;"SAO MATEUS";"Reação tardia ou ineficiente do condutor";"Tombamento";"Com Vítimas Feridas";"Anoitecer";"Decrescente";"Céu Claro";"Simples";"Aclive;Reta";"Não";1;0;0;1;0;0;1;1;-18,73294961;-39,86045536;NA;NA;NA
779721;2026-06-19;"sexta-feira";"16:25:00";"RS";285;269;"MATO CASTELHANO";"Manobra de mudança de faixa";"Saída de leito carroçável";"Com Vítimas Feridas";"Pleno dia";"Decrescente";"Nublado";"Simples";"Reta";"Não";3;0;1;0;1;1;1;2;-28,30156393;-52,14531295;NA;NA;NA
779722;2026-06-19;"sexta-feira";"16:45:00";"RJ";101;478;"ANGRA DOS REIS";"Ausência de reação do condutor";"Atropelamento de Pedestre";"Com Vítimas Feridas";"Pleno dia";"Crescente";"Céu Claro";"Simples";"Curva";"Sim";2;0;0;2;0;0;2;2;-23,00548812;-44,27696228;NA;NA;NA
779723;2026-06-19;"sexta-feira";"17:30:00";"PB";104;114,8;"LAGOA SECA";"Acessar a via sem observar a presença dos outros veículos";"Colisão transversal";"Com Vítimas Feridas";"Anoitecer";"Decrescente";"Garoa/Chuvisco";"Simples";"Interseção de Vias;Reta";"Sim";2;0;1;0;1;0;1;2;-7,16036;-35,856675;NA;NA;NA
779724;2026-06-19;"sexta-feira";"14:28:00";"MA";226;178;"GOVERNADOR EUGENIO BARROS";"Avarias e/ou desgaste excessivo no pneu";"Saída de leito carroçável";"Sem Vítimas";"Pleno dia";"Crescente";"Céu Claro";"Simples";"Reta";"Não";1;0;0;0;0;1;0;1;-5,343692;-44,291085;NA;NA;NA
779725;2026-06-19;"sexta-feira";"18:30:00";"SC";280;30,8;"ARAQUARI";"Acessar a via sem observar a presença dos outros veículos";"Colisão transversal";"Com Vítimas Feridas";"Anoitecer";"Decrescente";"Nublado";"Simples";"Reta";"Não";2;0;0;1;1;0;1;2;-26,41524034;-48,76831055;NA;NA;NA
779726;2026-06-19;"sexta-feira";"14:40:00";"SC";101;32;"JOINVILLE";"Trafegar com motocicleta (ou similar) entre as faixas";"Colisão traseira";"Com Vítimas Feridas";"Pleno dia";"Decrescente";"Nublado";"Dupla";"Reta";"Não";2;0;1;0;1;0;1;2;-26,25137142;-48,90816562;NA;NA;NA
779727;2026-06-19;"sexta-feira";"18:40:00";"MG";381;501;"BETIM";"Velocidade Incompatível";"Colisão traseira";"Sem Vítimas";"Plena Noite";"Crescente";"Ignorado";"Múltipla";"Declive;Reta";"Sim";2;0;0;0;2;0;0;2;-20,010678;-44,219073;NA;NA;NA
779728;2026-06-03;"quarta-feira";"22:55:00";"SC";470;10;"NAVEGANTES";"Pedestre andava na pista";"Atropelamento de Pedestre";"Com Vítimas Feridas";"Plena Noite";"Decrescente";"Ignorado";"Múltipla";"Reta";"Não";2;0;0;1;1;0;1;2;-26,85912581;-48,68910877;NA;NA;NA
779729;2026-06-19;"sexta-feira";"19:00:00";"SC";101;202;"SAO JOSE";"Reação tardia ou ineficiente do condutor";"Colisão traseira";"Com Vítimas Feridas";"Plena Noite";"Decrescente";"Céu Claro";"Múltipla";"Reta";"Sim";5;0;1;0;4;0;1;3;-27,55393;-48,61935;NA;NA;NA
779730;2026-06-19;"sexta-feira";"16:30:00";"PR";277;3;"CURITIBA";"Ultrapassagem Indevida";"Colisão transversal";"Com Vítimas Feridas";"Anoitecer";"Crescente";"Nublado";"Simples";"Reta";"Não";2;0;0;1;1;0;1;2;-25,430315;-49,336868;NA;NA;NA
779732;2026-06-19;"sexta-feira";"16:30:00";"RJ";116;79;"TERESOPOLIS";"Conversão proibida";"Colisão transversal";"Com Vítimas Feridas";"Pleno dia";"Crescente";"Céu Claro";"Simples";"Reta";"Não";3;0;1;1;1;0;2;2;-22,38083778;-42,95397727;NA;NA;NA
779734;2026-06-19;"sexta-feira";"19:30:00";"SC";101;203,7;"SAO JOSE";"Manobra de mudança de faixa";"Colisão traseira";"Com Vítimas Feridas";"Plena Noite";"Decrescente";"Céu Claro";"Múltipla";"Reta";"Sim";2;0;1;0;1;0;1;2;-27,57207;-48,61361;NA;NA;NA
779735;2026-06-19;"sexta-feira";"19:02:00";"SP";116;369;"MIRACATU";"Reação tardia ou ineficiente do condutor";"Tombamento";"Com Vítimas Feridas";"Plena Noite";"Crescente";"Céu Claro";"Dupla";"Reta";"Sim";1;0;1;0;0;0;1;1;-24,150435;-47,3140799;NA;NA;NA
779736;2026-06-19;"sexta-feira";"18:00:00";"BA";101;744,5;"ITABELA";"Acessar a via sem observar a presença dos outros veículos";"Colisão transversal";"Com Vítimas Feridas";"Plena Noite";"Decrescente";"Céu Claro";"Simples";"Curva;Declive";"Sim";3;0;2;0;1;0;2;2;-16,570108;-39,55978;NA;NA;NA
779738;2026-06-19;"sexta-feira";"17:26:00";"RO";364;11;"VILHENA";"Desrespeitar a preferência no cruzamento";"Colisão transversal";"Com Vítimas Feridas";"Anoitecer";"Crescente";"Céu Claro";"Simples";"Reta";"Sim";2;0;0;1;1;0;1;2;-12,74665872;-60,11375105;NA;NA;NA
779740;2026-06-19;"sexta-feira";"15:50:00";"MG";116;413,9;"GOVERNADOR VALADARES";"Manobra de mudança de faixa";"Colisão transversal";"Sem Vítimas";"Pleno dia";"Crescente";"Céu Claro";"Simples";"Interseção de Vias";"Sim";2;0;0;0;2;0;0;2;-18,88318046;-41,95324156;NA;NA;NA
779742;2026-06-19;"sexta-feira";"19:16:00";"RN";101;159;"CANGUARETAMA";"Acessar a via sem observar a presença dos outros veículos";"Colisão frontal";"Com Vítimas Feridas";"Plena Noite";"Crescente";"Garoa/Chuvisco";"Dupla";"Reta";"Sim";2;0;0;1;1;0;1;2;-6,364367;-35,156267;NA;NA;NA
779745;2026-06-19;"sexta-feira";"18:30:00";"ES";262;158;"IBATIBA";"Ausência de reação do condutor";"Atropelamento de Pedestre";"Com Vítimas Feridas";"Plena Noite";"Crescente";"Céu Claro";"Simples";"Interseção de Vias;Reta";"Não";3;0;0;1;1;1;1;2;-20,232232;-41,503445;NA;NA;NA
779746;2026-06-19;"sexta-feira";"19:30:00";"SP";116;231;"SAO PAULO";"Pedestre cruzava a pista fora da faixa";"Atropelamento de Pedestre";"Com Vítimas Feridas";"Pleno dia";"Decrescente";"Céu Claro";"Múltipla";"Reta";"Sim";6;0;0;1;5;0;1;2;-23,52536;-46,58755;NA;NA;NA
779747;2026-06-19;"sexta-feira";"18:15:00";"PR";467;108;"CASCAVEL";"Transitar no Acostamento";"Colisão traseira";"Com Vítimas Feridas";"Plena Noite";"Crescente";"Chuva";"Dupla";"Aclive;Curva";"Não";3;0;1;0;2;0;1;2;-24,91895429;-53,48271873;NA;NA;NA
779748;2026-06-19;"sexta-feira";"17:40:00";"RJ";493;50;"DUQUE DE CAXIAS";"Ausência de reação do condutor";"Queda de ocupante de veículo";"Com Vítimas Feridas";"Plena Noite";"Decrescente";"Céu Claro";"Dupla";"Reta";"Não";1;0;1;0;0;0;1;1;-22,67149585;-43,29169474;NA;NA;NA
779749;2026-06-19;"sexta-feira";"16:40:00";"MG";262;31,3;"REDUTO";"Transitar na contramão";"Colisão frontal";"Com Vítimas Feridas";"Pleno dia";"Crescente";"Céu Claro";"Simples";"Reta;Declive";"Não";2;0;0;1;1;0;1;2;-20,255304;-42,001089;NA;NA;NA
779750;2026-06-19;"sexta-feira";"19:20:00";"RS";285;122,2;"VACARIA";"Acessar a via sem observar a presença dos outros veículos";"Colisão lateral sentido oposto";"Sem Vítimas";"Plena Noite";"Decrescente";"Garoa/Chuvisco";"Simples";"Reta";"Sim";4;0;0;0;4;0;0;2;-28,505133;-50,944993;NA;NA;NA
779751;2026-06-19;"sexta-feira";"20:00:00";"RN";101;81,2;"SAO GONCALO DO AMARANTE";"Condutor deixou de manter distância do veículo da frente";"Colisão traseira";"Com Vítimas Feridas";"Plena Noite";"Crescente";"Céu Claro";"Dupla";"Reta";"Sim";4;0;1;0;3;0;1;3;-5,764516;-35,283744;NA;NA;NA
779753;2026-06-19;"sexta-feira";"20:05:00";"BA";116;420;"FEIRA DE SANTANA";"Manobra de mudança de faixa";"Atropelamento de Pedestre";"Com Vítimas Feridas";"Plena Noite";"Crescente";"Chuva";"Dupla";"Reta";"Sim";2;0;2;0;0;0;2;2;-12,20884;-38,96557;NA;NA;NA
779756;2026-06-19;"sexta-feira";"18:35:00";"RJ";101;453;"MANGARATIBA";"Deficiência do Sistema de Iluminação/Sinalização";"Colisão transversal";"Com Vítimas Feridas";"Pleno dia";"Decrescente";"Céu Claro";"Simples";"Reta";"Não";2;0;1;0;1;0;1;2;-23,03352;-44,14958;NA;NA;NA
779757;2026-06-19;"sexta-feira";"20:05:00";"SP";116;282;"EMBU DAS ARTES";"Reação tardia ou ineficiente do condutor";"Colisão traseira";"Com Vítimas Feridas";"Plena Noite";"Crescente";"Céu Claro";"Dupla";"Reta";"Sim";3;0;1;0;1;1;1;3;-23,66548;-46,85462;NA;NA;NA
779758;2026-06-19;"sexta-feira";"20:09:00";"RN";110;46;"MOSSORO";"Manobra de mudança de faixa";"Colisão lateral mesmo sentido";"Com Vítimas Feridas";"Plena Noite";"Crescente";"Garoa/Chuvisco";"Simples";"Reta";"Sim";3;0;1;0;2;0;1;2;-5,200115;-37,320978;NA;NA;NA
779759;2026-06-19;"sexta-feira";"18:40:00";"MG";381;481;"CONTAGEM";"Condutor usando celular";"Engavetamento";"Com Vítimas Feridas";"Plena Noite";"Crescente";"Céu Claro";"Dupla";"Reta";"Sim";3;0;1;0;2;0;1;3;-19,95807609;-44,05758826;NA;NA;NA
779761;2026-06-19;"sexta-feira";"17:58:00";"RO";364;714;"PORTO VELHO";"Demais falhas mecânicas ou elétricas";"Incêndio";"Sem Vítimas";"Pleno dia";"Decrescente";"Céu Claro";"Dupla";"Aclive";"Sim";1;0;0;0;1;0;0;1;-8,77535;-63,887106;NA;NA;NA
779763;2026-06-19;"sexta-feira";"09:30:00";"AM";319;107,3;"CAREIRO";"Reação tardia ou ineficiente do condutor";"Saída de leito carroçável";"Com Vítimas Feridas";"Pleno dia";"Decrescente";"Céu Claro";"Simples";"Curva";"Não";4;0;3;1;0;0;4;1;-3,79586;-60,31252;NA;NA;NA
779765;2026-06-19;"sexta-feira";"16:15:00";"MG";40;143;"JOAO PINHEIRO";"Acesso irregular";"Colisão transversal";"Com Vítimas Feridas";"Pleno dia";"Crescente";"Céu Claro";"Simples";"Reta;Interseção de Vias";"Não";2;0;0;1;1;0;1;2;-17,748499;-46,172336;NA;NA;NA
779767;2026-06-19;"sexta-feira";"20:00:00";"DF";20;1;"BRASILIA";"Manobra de mudança de faixa";"Colisão lateral mesmo sentido";"Com Vítimas Feridas";"Plena Noite";"Decrescente";"Céu Claro";"Dupla";"Reta";"Sim";6;0;1;0;5;0;1;2;-15,68523326;-47,84919173;NA;NA;NA
779768;2026-06-19;"sexta-feira";"20:50:00";"RS";386;415;"MONTENEGRO";"Ingestão de álcool pelo condutor";"Colisão com objeto";"Sem Vítimas";"Plena Noite";"Decrescente";"Chuva";"Dupla";"Reta";"Não";1;0;0;0;1;0;0;1;-29,818236;-51,468456;NA;NA;NA
779769;2026-06-19;"sexta-feira";"19:50:00";"SP";381;79;"SAO PAULO";"Reação tardia ou ineficiente do condutor";"Colisão traseira";"Com Vítimas Feridas";"Plena Noite";"Decrescente";"Céu Claro";"Dupla";"Reta";"Sim";3;0;1;0;2;0;1;2;-23,407856;-46,580553;NA;NA;NA
779770;2026-06-19;"sexta-feira";"19:00:00";"MG";116;506;"UBAPORANGA";"Ausência de reação do condutor";"Colisão frontal";"Com Vítimas Feridas";"Plena Noite";"Crescente";"Céu Claro";"Simples";"Interseção de Vias";"Não";2;0;0;1;0;1;1;2;-19,61723;-42,11025;NA;NA;NA
779773;2026-06-19;"sexta-feira";"19:00:00";"PR";116;126;"FAZENDA RIO GRANDE";"Trafegar com motocicleta (ou similar) entre as faixas";"Colisão traseira";"Com Vítimas Feridas";"Plena Noite";"Decrescente";"Céu Claro";"Dupla";"Reta";"Sim";2;0;1;0;1;0;1;2;-25,674989;-49,315589;NA;NA;NA
779774;2026-05-31;"domingo";"05:31:00";"PI";343;340,6;"TERESINA";"Condutor deixou de manter distância do veículo da frente";"Colisão traseira";"Com Vítimas Feridas";"Amanhecer";"Decrescente";"Céu Claro";"Dupla";"Retorno Regulamentado";"Sim";2;0;0;1;0;1;1;2;-5,07625117;-42,73955137;NA;NA;NA
779776;2026-06-19;"sexta-feira";"20:00:00";"SP";153;115,3;"JOSE BONIFACIO";"Acessar a via sem observar a presença dos outros veículos";"Colisão transversal";"Com Vítimas Feridas";"Plena Noite";"Decrescente";"Céu Claro";"Simples";"Reta";"Não";4;0;4;0;0;0;4;2;-21,13215266;-49,69619393;NA;NA;NA
779777;2026-06-19;"sexta-feira";"21:30:00";"RJ";116;185;"NOVA IGUACU";"Acumulo de areia ou detritos sobre o pavimento";"Queda de ocupante de veículo";"Com Vítimas Feridas";"Plena Noite";"Crescente";"Céu Claro";"Simples";"Reta";"Sim";1;0;1;0;0;0;1;1;-22,74118617;-43,49896717;NA;NA;NA
779779;2026-06-19;"sexta-feira";"20:20:00";"PE";232;408;"SERRA TALHADA";"Entrada inopinada do pedestre";"Atropelamento de Pedestre";"Com Vítimas Feridas";"Plena Noite";"Decrescente";"Céu Claro";"Simples";"Reta";"Sim";2;0;2;0;0;0;2;2;-7,98266335;-38,28624845;NA;NA;NA
779782;2026-06-19;"sexta-feira";"19:30:00";"SC";280;192,1;"MAFRA";"Ausência de reação do condutor";"Colisão frontal";"Com Vítimas Feridas";"Plena Noite";"Decrescente";"Céu Claro";"Simples";"Reta";"Não";3;0;3;0;0;0;3;2;-26,179572;-49,991233;NA;NA;NA
779784;2026-06-19;"sexta-feira";"09:20:00";"MG";50;77,5;"UBERLANDIA";"Condutor deixou de manter distância do veículo da frente";"Colisão traseira";"Com Vítimas Feridas";"Pleno dia";"Decrescente";"Céu Claro";"Dupla";"Reta";"Sim";2;0;1;0;1;0;1;2;-18,942475;-48,218756;NA;NA;NA
779785;2026-06-19;"sexta-feira";"19:55:00";"RS";386;186,3;"SANTO ANTONIO DO PLANALTO";"Transitar na contramão";"Colisão lateral sentido oposto";"Sem Vítimas";"Plena Noite";"Decrescente";"Chuva";"Simples";"Reta";"Não";2;0;0;0;1;1;0;2;-28,34423107;-52,71860361;NA;NA;NA
779787;2026-06-19;"sexta-feira";"22:05:00";"SC";470;114,6;"IBIRAMA";"Acessar a via sem observar a presença dos outros veículos";"Colisão transversal";"Com Vítimas Feridas";"Plena Noite";"Decrescente";"Garoa/Chuvisco";"Simples";"Reta";"Sim";2;0;0;1;1;0;1;2;-27,08072;-49,48502;NA;NA;NA
779788;2026-06-19;"sexta-feira";"05:50:00";"MG";381;374,4;"SAO GONCALO DO RIO ABAIXO";"Neblina";"Colisão traseira";"Com Vítimas Feridas";"Amanhecer";"Crescente";"Nevoeiro/Neblina";"Simples";"Reta";"Sim";2;0;1;1;0;0;2;2;-19,835244;-43,349203;NA;NA;NA
779789;2026-06-19;"sexta-feira";"22:40:00";"ES";101;147,9;"LINHARES";"Condutor deixou de manter distância do veículo da frente";"Colisão traseira";"Com Vítimas Feridas";"Plena Noite";"Crescente";"Céu Claro";"Dupla";"Reta;Rotatória";"Sim";2;0;1;0;1;0;1;2;-19,38816442;-40,06778459;NA;NA;NA
779790;2026-06-19;"sexta-feira";"18:40:00";"CE";122;126,3;"QUIXADA";"Ingestão de álcool pelo condutor";"Colisão frontal";"Com Vítimas Fatais";"Plena Noite";"Decrescente";"Céu Claro";"Simples";"Reta";"Não";2;1;0;0;1;0;0;2;-5,15680844;-39,00969252;NA;NA;NA
779792;2026-06-19;"sexta-feira";"21:30:00";"SC";101;136,6;"BALNEARIO CAMBORIU";"Reação tardia ou ineficiente do condutor";"Colisão com objeto";"Com Vítimas Feridas";"Plena Noite";"Decrescente";"Céu Claro";"Múltipla";"Interseção de Vias";"Sim";1;0;1;0;0;0;1;1;-27,01106626;-48,61409426;NA;NA;NA
779793;2026-06-19;"sexta-feira";"21:10:00";"PR";163;184,2;"SANTA TEREZA DO OESTE";"Ausência de reação do condutor";"Saída de leito carroçável";"Com Vítimas Feridas";"Plena Noite";"Crescente";"Nevoeiro/Neblina";"Dupla";"Reta";"Não";2;0;1;1;0;0;2;1;-25,07748347;-53,57664943;NA;NA;NA
779796;2026-06-19;"sexta-feira";"22:38:00";"TO";153;335;"GUARAI";"Velocidade Incompatível";"Colisão lateral mesmo sentido";"Com Vítimas Feridas";"Plena Noite";"Crescente";"Céu Claro";"Dupla";"Interseção de Vias;Reta";"Sim";5;0;0;2;2;1;2;3;-8,84753962;-48,51057021;NA;NA;NA
779797;2026-06-19;"sexta-feira";"18:15:00";"MG";116;579,8;"MANHUACU";"Conversão proibida";"Colisão transversal";"Com Vítimas Feridas";"Plena Noite";"Crescente";"Céu Claro";"Simples";"Reta";"Não";4;0;0;2;2;0;2;3;-20,19084905;-42,18448878;NA;NA;NA
779798;2026-06-19;"sexta-feira";"22:00:00";"BA";367;76;"EUNAPOLIS";"Animais na Pista";"Atropelamento de Animal";"Com Vítimas Feridas";"Plena Noite";"Decrescente";"Céu Claro";"Simples";"Reta";"Não";1;0;0;1;0;0;1;1;-16,36704998;-39,51803041;NA;NA;NA
779800;2026-06-19;"sexta-feira";"20:11:00";"AC";364;146;"RIO BRANCO";"Transitar na contramão";"Colisão frontal";"Com Vítimas Feridas";"Plena Noite";"Crescente";"Céu Claro";"Dupla";"Reta;Em Obras";"Sim";3;0;3;0;0;0;3;2;-9,8976701;-67,8933209;NA;NA;NA
779801;2026-06-20;"sábado";"00:04:00";"RS";392;351;"SANTA MARIA";"Reação tardia ou ineficiente do condutor";"Colisão com objeto";"Sem Vítimas";"Plena Noite";"Crescente";"Céu Claro";"Dupla";"Reta";"Sim";1;0;0;0;1;0;0;1;-29,725803;-53,805276;NA;NA;NA
779804;2026-06-19;"sexta-feira";"23:30:00";"BA";418;55;"CARAVELAS";"Faróis desregulados";"Colisão traseira";"Sem Vítimas";"Plena Noite";"Decrescente";"Céu Claro";"Simples";"Reta";"Não";2;0;0;0;1;1;0;2;-17,758519;-39,590914;NA;NA;NA
779805;2026-06-20;"sábado";"00:10:00";"SC";101;146,7;"ITAPEMA";"Ausência de reação do condutor";"Colisão traseira";"Com Vítimas Feridas";"Plena Noite";"Crescente";"Garoa/Chuvisco";"Dupla";"Reta";"Sim";2;0;1;0;1;0;1;2;-27,090476;-48,615805;NA;NA;NA
779806;2026-05-31;"domingo";"18:15:00";"SC";101;205,8;"SAO JOSE";"Reação tardia ou ineficiente do condutor";"Tombamento";"Com Vítimas Feridas";"Plena Noite";"Decrescente";"Céu Claro";"Múltipla";"Reta";"Não";2;0;0;1;1;0;1;1;-27,59102;-48,61771;NA;NA;NA
779807;2026-06-19;"sexta-feira";"22:47:00";"RS";386;8,3;"IRAI";"Transitar na contramão";"Colisão frontal";"Com Vítimas Fatais";"Plena Noite";"Crescente";"Garoa/Chuvisco";"Simples";"Reta";"Não";4;2;0;2;0;0;2;2;-27,203221;-53,294427;NA;NA;NA
779808;2026-06-19;"sexta-feira";"23:00:00";"MG";262;828;"UBERABA";"Condutor Dormindo";"Colisão com objeto";"Com Vítimas Feridas";"Plena Noite";"Crescente";"Céu Claro";"Simples";"Reta;Aclive";"Não";1;0;1;0;0;0;1;1;-19,74870728;-48,23313324;NA;NA;NA
779809;2026-06-19;"sexta-feira";"20:00:00";"RJ";116;232;"PIRAI";"Curva acentuada";"Queda de ocupante de veículo";"Com Vítimas Feridas";"Plena Noite";"Decrescente";"Céu Claro";"Simples";"Curva;Declive";"Não";2;0;1;0;0;1;1;1;-22,6668979;-43,8411351;NA;NA;NA
779812;2026-06-19;"sexta-feira";"22:52:00";"MT";364;474;"JANGADA";"Reação tardia ou ineficiente do condutor";"Saída de leito carroçável";"Com Vítimas Feridas";"Plena Noite";"Decrescente";"Chuva";"Dupla";"Curva";"Não";1;0;1;0;0;0;1;1;-15,29241916;-56,43432409;NA;NA;NA
779813;2026-06-20;"sábado";"01:30:00";"SP";116;187;"SANTA ISABEL";"Transitar na contramão";"Colisão frontal";"Com Vítimas Feridas";"Plena Noite";"Crescente";"Nevoeiro/Neblina";"Dupla";"Curva;Declive";"Não";14;0;1;0;13;0;1;2;-23,352992;-46,2014;NA;NA;NA
779815;2026-06-20;"sábado";"00:50:00";"SC";101;150,8;"ITAPEMA";"Ingestão de álcool pelo condutor";"Colisão traseira";"Sem Vítimas";"Plena Noite";"Crescente";"Garoa/Chuvisco";"Dupla";"Reta";"Sim";5;0;0;0;4;1;0;2;-27,124428;-48,609579;NA;NA;NA
779816;2026-06-20;"sábado";"01:50:00";"SP";116;93,7;"PINDAMONHANGABA";"Ingestão de álcool pelo condutor";"Saída de leito carroçável";"Sem Vítimas";"Plena Noite";"Decrescente";"Céu Claro";"Dupla";"Retorno Regulamentado";"Não";1;0;0;0;1;0;0;1;-22,9598065;-45,41887777;NA;NA;NA
779818;2026-06-20;"sábado";"01:00:00";"SC";280;226,7;"TRES BARRAS";"Ingestão de álcool pelo condutor";"Colisão com objeto";"Sem Vítimas";"Plena Noite";"Crescente";"Nublado";"Simples";"Reta;Ponte";"Não";1;0;0;0;0;1;0;1;-26,181766;-50,327028;NA;NA;NA
779819;2026-06-20;"sábado";"01:00:00";"MT";163;1031;"MATUPA";"Ultrapassagem Indevida";"Colisão frontal";"Com Vítimas Fatais";"Plena Noite";"Crescente";"Céu Claro";"Simples";"Reta";"Não";7;1;5;0;1;0;5;2;-10,21130116;-54,9640063;NA;NA;NA
779820;2026-06-20;"sábado";"01:00:00";"PR";116;115,5;"CURITIBA";"Ingestão de álcool pelo condutor";"Colisão traseira";"Sem Vítimas";"Plena Noite";"Crescente";"Céu Claro";"Dupla";"Reta";"Sim";2;0;0;0;2;0;0;2;-25,547565;-49,304264;NA;NA;NA
779821;2026-06-20;"sábado";"00:50:00";"PR";116;115,4;"CURITIBA";"Ingestão de álcool pelo condutor";"Colisão com objeto";"Sem Vítimas";"Plena Noite";"Crescente";"Nublado";"Dupla";"Interseção de Vias";"Não";1;0;0;0;1;0;0;1;-25,545592;-49,30381;NA;NA;NA
779822;2026-06-19;"sexta-feira";"23:52:00";"MT";163;95,7;"RONDONOPOLIS";"Pista Escorregadia";"Saída de leito carroçável";"Com Vítimas Feridas";"Plena Noite";"Crescente";"Chuva";"Dupla";"Reta";"Não";14;0;12;1;1;0;13;1;-16,688754;-54,666125;NA;NA;NA
779823;2026-06-20;"sábado";"02:30:00";"PR";116;101,5;"SAO JOSE DOS PINHAIS";"Reação tardia ou ineficiente do condutor";"Colisão com objeto";"Sem Vítimas";"Plena Noite";"Crescente";"Céu Claro";"Dupla";"Reta;Em Obras";"Não";1;0;0;0;1;0;0;1;-25,567479;-49,173147;NA;NA;NA
779824;2026-06-20;"sábado";"02:35:00";"RJ";493;92;"SEROPEDICA";"Ausência de reação do condutor";"Saída de leito carroçável";"Com Vítimas Feridas";"Plena Noite";"Decrescente";"Céu Claro";"Dupla";"Reta";"Não";1;0;1;0;0;0;1;1;-22,68725145;-43,67786086;NA;NA;NA
779826;2026-06-20;"sábado";"03:45:00";"CE";116;159;"RUSSAS";"Ausência de reação do condutor";"Saída de leito carroçável";"Com Vítimas Feridas";"Plena Noite";"Crescente";"Céu Claro";"Dupla";"Reta";"Não";1;0;0;1;0;0;1;1;-4,91566661;-37,99815623;NA;NA;NA
779827;2026-06-20;"sábado";"01:41:00";"PB";230;24,1;"JOAO PESSOA";"Ausência de reação do condutor";"Colisão com objeto";"Sem Vítimas";"Plena Noite";"Decrescente";"Chuva";"Múltipla";"Viaduto";"Sim";1;0;0;0;0;1;0;1;-7,17;-34,86;NA;NA;NA
779828;2026-06-20;"sábado";"03:30:00";"RS";290;107;"ELDORADO DO SUL";"Ingestão de álcool pelo condutor";"Saída de leito carroçável";"Com Vítimas Feridas";"Plena Noite";"Crescente";"Nublado";"Dupla";"Reta";"Sim";1;0;1;0;0;0;1;1;-30,0055267;-51,313085;NA;NA;NA