"id";"data_inversa";"dia_semana";"horario";"uf";"br";"km";"municipio";"causa_acidente";"tipo_acidente";"classificacao_acidente";"fase_dia";"sentido_via";"condicao_metereologica";"tipo_pista";"tracado_via";"uso_solo";"pessoas";"mortos";"feridos_leves";"feridos_graves";"ilesos";"ignorados";"feridos";"veiculos";"latitude";"longitude";"regional";"delegacia";"uop"
779829;2026-06-20;"sábado";"02:30:00";"RS";116;156,8;"CAXIAS DO SUL";"Reação tardia ou ineficiente do condutor";"Colisão com objeto";"Sem Vítimas";"Plena Noite";"Decrescente";"Garoa/Chuvisco";"Dupla";"Curva";"Não";1;0;0;0;0;1;0;1;-29,2523119;-51,15084507;NA;NA;NA
779830;2026-06-20;"sábado";"04:00:00";"RJ";101;66;"CAMPOS DOS GOYTACAZES";"Acessar a via sem observar a presença dos outros veículos";"Colisão transversal";"Com Vítimas Feridas";"Plena Noite";"Decrescente";"Céu Claro";"Dupla";"Interseção de Vias;Rotatória";"Sim";2;0;1;0;1;0;1;2;-21,76535571;-41,34583203;NA;NA;NA
779831;2026-06-20;"sábado";"01:50:00";"MG";381;243;"SANTANA DO PARAISO";"Demais falhas mecânicas ou elétricas";"Incêndio";"Sem Vítimas";"Plena Noite";"Decrescente";"Céu Claro";"Simples";"Reta";"Não";1;0;0;0;1;0;0;1;-19,454524;-42,521297;NA;NA;NA
779833;2026-06-20;"sábado";"04:40:00";"PE";428;191;"PETROLINA";"Pedestre cruzava a pista fora da faixa";"Atropelamento de Pedestre";"Com Vítimas Feridas";"Plena Noite";"Decrescente";"Céu Claro";"Dupla";"Reta;Viaduto;Declive";"Sim";2;0;1;0;1;0;1;2;-9,38009267;-40,50960168;NA;NA;NA
779835;2026-06-20;"sábado";"04:36:00";"RJ";101;329;"RIO DE JANEIRO";"Demais falhas mecânicas ou elétricas";"Queda de ocupante de veículo";"Com Vítimas Feridas";"Amanhecer";"Decrescente";"Céu Claro";"Múltipla";"Reta";"Não";2;0;2;0;0;0;2;1;-22,86772427;-43,19459409;NA;NA;NA
779838;2026-06-20;"sábado";"03:30:00";"MT";364;557;"NOBRES";"Condutor Dormindo";"Saída de leito carroçável";"Com Vítimas Feridas";"Plena Noite";"Crescente";"Nevoeiro/Neblina";"Dupla";"Interseção de Vias";"Não";3;0;3;0;0;0;3;1;-14,755135;-56,336231;NA;NA;NA
779840;2026-06-20;"sábado";"05:00:00";"SC";116;210,1;"PONTE ALTA";"Reação tardia ou ineficiente do condutor";"Colisão frontal";"Com Vítimas Fatais";"Plena Noite";"Decrescente";"Nublado";"Simples";"Aclive;Reta";"Não";5;2;0;3;0;0;3;2;-27,50482;-50,36572;NA;NA;NA
779842;2026-06-20;"sábado";"05:30:00";"MG";40;485,6;"SETE LAGOAS";"Condutor Dormindo";"Saída de leito carroçável";"Com Vítimas Feridas";"Amanhecer";"Decrescente";"Céu Claro";"Dupla";"Reta;Declive";"Sim";2;0;2;0;0;0;2;1;-19,588532;-44,227512;NA;NA;NA
779843;2026-06-20;"sábado";"05:58:00";"RS";116;238;"NOVO HAMBURGO";"Ingestão de álcool pelo condutor";"Colisão com objeto";"Com Vítimas Feridas";"Plena Noite";"Decrescente";"Céu Claro";"Dupla";"Desvio Temporário";"Sim";3;0;3;0;0;0;3;1;-29,69315931;-51,14367339;NA;NA;NA
779846;2026-06-20;"sábado";"05:00:00";"RS";392;81,9;"PELOTAS";"Animais na Pista";"Saída de leito carroçável";"Com Vítimas Feridas";"Plena Noite";"Decrescente";"Céu Claro";"Simples";"Reta";"Não";1;0;1;0;0;0;1;1;-31,660988;-52,465565;NA;NA;NA
779847;2026-06-20;"sábado";"06:30:00";"SP";381;88;"GUARULHOS";"Ausência de reação do condutor";"Colisão com objeto";"Sem Vítimas";"Amanhecer";"Crescente";"Céu Claro";"Dupla";"Reta";"Sim";1;0;0;0;0;1;0;1;-23,48425146;-46,5600091;NA;NA;NA
779848;2026-06-20;"sábado";"05:50:00";"BA";116;416,2;"FEIRA DE SANTANA";"Velocidade Incompatível";"Capotamento";"Sem Vítimas";"Amanhecer";"Decrescente";"Céu Claro";"Dupla";"Reta";"Não";1;0;0;0;0;1;0;1;-12,17431615;-38,96513625;NA;NA;NA
779849;2026-06-20;"sábado";"06:30:00";"SP";381;82;"SAO PAULO";"Demais falhas mecânicas ou elétricas";"Incêndio";"Sem Vítimas";"Pleno dia";"Decrescente";"Céu Claro";"Múltipla";"Reta";"Sim";2;0;0;0;2;0;0;1;-23,428188;-46,571655;NA;NA;NA
779854;2026-06-20;"sábado";"05:00:00";"SC";470;94,6;"APIUNA";"Ingestão de álcool pelo condutor";"Saída de leito carroçável";"Com Vítimas Feridas";"Plena Noite";"Decrescente";"Garoa/Chuvisco";"Simples";"Ponte;Reta";"Não";1;0;0;1;0;0;1;1;-27,01053098;-49,37261224;NA;NA;NA
779855;2026-06-20;"sábado";"07:00:00";"DF";70;11;"BRASILIA";"Ausência de reação do condutor";"Colisão traseira";"Sem Vítimas";"Pleno dia";"Decrescente";"Céu Claro";"Dupla";"Reta";"Sim";3;0;0;0;3;0;0;2;-15,791042;-48,153078;NA;NA;NA
779857;2026-06-20;"sábado";"07:24:00";"RN";101;94;"NATAL";"Demais falhas na via";"Queda de ocupante de veículo";"Com Vítimas Feridas";"Pleno dia";"Decrescente";"Chuva";"Simples";"Reta";"Não";2;0;2;0;0;0;2;1;-5,832718;-35,212063;NA;NA;NA
779861;2026-06-20;"sábado";"05:40:00";"SC";101;214,4;"PALHOCA";"Ingestão de álcool pelo condutor";"Saída de leito carroçável";"Com Vítimas Feridas";"Plena Noite";"Crescente";"Nublado";"Múltipla";"Reta";"Sim";1;0;1;0;0;0;1;1;-27,647498;-48,672928;NA;NA;NA
779865;2026-06-20;"sábado";"07:35:00";"GO";153;500;"GOIANIA";"Velocidade Incompatível";"Colisão traseira";"Com Vítimas Feridas";"Pleno dia";"Decrescente";"Céu Claro";"Dupla";"Reta";"Sim";2;0;1;0;1;0;1;2;-16,701553;-49,231098;NA;NA;NA
779866;2026-06-20;"sábado";"03:25:00";"TO";153;548;"OLIVEIRA DE FATIMA";"Demais falhas mecânicas ou elétricas";"Incêndio";"Sem Vítimas";"Plena Noite";"Crescente";"Nublado";"Simples";"Aclive;Reta";"Não";52;0;0;0;52;0;0;1;-10,6545443;-48,90908428;NA;NA;NA
779868;2026-06-20;"sábado";"06:50:00";"RJ";101;61;"CAMPOS DOS GOYTACAZES";"Ausência de sinalização";"Colisão transversal";"Com Vítimas Feridas";"Pleno dia";"Decrescente";"Céu Claro";"Simples";"Reta";"Sim";3;0;2;0;0;1;2;3;-21,72866116;-41,32251827;NA;NA;NA
779870;2026-06-20;"sábado";"04:30:00";"MG";262;424,8;"LUZ";"Animais na Pista";"Saída de leito carroçável";"Sem Vítimas";"Amanhecer";"Crescente";"Céu Claro";"Simples";"Reta;Aclive";"Não";3;0;0;0;1;2;0;2;-19,773263;-45,768661;NA;NA;NA
779872;2026-06-20;"sábado";"08:10:00";"PB";230;19,5;"JOAO PESSOA";"Acumulo de água sobre o pavimento";"Colisão com objeto";"Com Vítimas Feridas";"Pleno dia";"Crescente";"Nublado";"Dupla";"Curva";"Sim";2;0;1;0;1;0;1;1;-7,1330143;-34,85388374;NA;NA;NA
779873;2026-06-20;"sábado";"06:40:00";"MG";262;350;"BETIM";"Condutor deixou de manter distância do veículo da frente";"Colisão traseira";"Com Vítimas Feridas";"Pleno dia";"Crescente";"Nevoeiro/Neblina";"Dupla";"Reta";"Sim";3;0;1;0;2;0;1;3;-19,98149605;-44,22898293;NA;NA;NA
779876;2026-06-20;"sábado";"05:10:00";"MT";70;709;"CACERES";"Velocidade Incompatível";"Colisão transversal";"Com Vítimas Feridas";"Pleno dia";"Decrescente";"Céu Claro";"Simples";"Curva";"Não";2;0;1;0;1;0;1;1;-16,21071855;-57,41523743;NA;NA;NA
779878;2026-06-20;"sábado";"09:20:00";"BA";116;420;"FEIRA DE SANTANA";"Ausência de reação do condutor";"Colisão traseira";"Sem Vítimas";"Pleno dia";"Decrescente";"Nublado";"Dupla";"Reta";"Sim";3;0;0;0;3;0;0;2;-12,210535;-38,9653517;NA;NA;NA
779880;2026-06-20;"sábado";"08:35:00";"MG";381;871;"POUSO ALEGRE";"Velocidade Incompatível";"Colisão traseira";"Com Vítimas Feridas";"Pleno dia";"Crescente";"Sol";"Dupla";"Reta";"Não";3;0;0;1;2;0;1;2;-22,39426274;-45,95713735;NA;NA;NA
779882;2026-06-20;"sábado";"08:15:00";"RJ";101;389;"RIO DE JANEIRO";"Acessar a via sem observar a presença dos outros veículos";"Colisão transversal";"Com Vítimas Feridas";"Pleno dia";"Crescente";"Sol";"Dupla";"Interseção de Vias;Reta";"Sim";2;0;1;0;0;1;1;2;-22,894758;-43,679768;NA;NA;NA
779883;2026-06-04;"quinta-feira";"08:30:00";"PR";376;675;"GUARATUBA";"Ausência de reação do condutor";"Engavetamento";"Com Vítimas Feridas";"Pleno dia";"Decrescente";"Garoa/Chuvisco";"Dupla";"Reta";"Não";5;0;1;0;4;0;1;4;-25,92441;-48,914357;NA;NA;NA
779884;2026-06-20;"sábado";"08:30:00";"RN";101;96,5;"NATAL";"Manobra de mudança de faixa";"Colisão lateral mesmo sentido";"Com Vítimas Feridas";"Pleno dia";"Crescente";"Céu Claro";"Dupla";"Reta";"Não";3;0;1;1;1;0;2;2;-5,851555;-35,209892;NA;NA;NA
779886;2026-06-20;"sábado";"07:40:00";"ES";262;26,9;"VIANA";"Velocidade Incompatível";"Saída de leito carroçável";"Com Vítimas Feridas";"Pleno dia";"Decrescente";"Sol";"Simples";"Curva";"Não";2;0;0;1;1;0;1;1;-20,38308989;-40,55174947;NA;NA;NA
779888;2026-06-20;"sábado";"10:00:00";"PR";116;45,8;"CAMPINA GRANDE DO SUL";"Chuva";"Saída de leito carroçável";"Com Vítimas Feridas";"Pleno dia";"Crescente";"Chuva";"Dupla";"Curva";"Não";3;0;2;0;1;0;2;1;-25,197493;-48,893471;NA;NA;NA
779891;2026-06-20;"sábado";"03:20:00";"BA";407;230;"CAPIM GROSSO";"Ausência de reação do condutor";"Queda de ocupante de veículo";"Com Vítimas Feridas";"Plena Noite";"Crescente";"Céu Claro";"Simples";"Rotatória";"Sim";1;0;1;0;0;0;1;1;-11,37393966;-40,01240873;NA;NA;NA
779893;2026-06-20;"sábado";"09:41:00";"PE";101;67;"RECIFE";"Condutor deixou de manter distância do veículo da frente";"Colisão traseira";"Com Vítimas Feridas";"Pleno dia";"Crescente";"Sol";"Dupla";"Reta";"Sim";2;0;1;0;1;0;1;2;-8,04198;-34,94342;NA;NA;NA
779894;2026-06-20;"sábado";"08:20:00";"GO";70;1,7;"AGUAS LINDAS DE GOIAS";"Reação tardia ou ineficiente do condutor";"Colisão traseira";"Com Vítimas Feridas";"Pleno dia";"Decrescente";"Céu Claro";"Dupla";"Curva;Declive";"Sim";2;0;1;0;1;0;1;2;-15,7648;-48,231236;NA;NA;NA
779895;2026-06-20;"sábado";"07:15:00";"PR";116;171;"QUITANDINHA";"Reação tardia ou ineficiente do condutor";"Saída de leito carroçável";"Sem Vítimas";"Pleno dia";"Crescente";"Nublado";"Simples";"Curva";"Não";1;0;0;0;1;0;0;1;-25,8912255;-49,5348333;NA;NA;NA
779896;2026-06-20;"sábado";"10:00:00";"RJ";101;409;"ITAGUAI";"Reação tardia ou ineficiente do condutor";"Colisão traseira";"Com Vítimas Feridas";"Pleno dia";"Crescente";"Céu Claro";"Dupla";"Curva";"Sim";3;0;0;1;1;1;1;3;-22,886917;-43,836345;NA;NA;NA
779898;2026-06-20;"sábado";"06:30:00";"SC";282;263,8;"SAO JOSE DO CERRITO";"Neblina";"Saída de leito carroçável";"Com Vítimas Feridas";"Amanhecer";"Decrescente";"Nevoeiro/Neblina";"Múltipla";"Curva;Interseção de Vias";"Não";3;0;2;0;1;0;2;1;-27,626872;-50,624717;NA;NA;NA
779899;2026-06-20;"sábado";"07:50:00";"GO";70;2;"AGUAS LINDAS DE GOIAS";"Condutor deixou de manter distância do veículo da frente";"Colisão traseira";"Com Vítimas Feridas";"Pleno dia";"Decrescente";"Céu Claro";"Dupla";"Reta";"Não";2;0;1;0;1;0;1;2;-15,766938;-48,23025;NA;NA;NA
779900;2026-06-20;"sábado";"10:15:00";"SC";101;130,7;"CAMBORIU";"Acessar a via sem observar a presença dos outros veículos";"Colisão traseira";"Com Vítimas Feridas";"Pleno dia";"Crescente";"Chuva";"Dupla";"Reta";"Sim";6;0;3;0;3;0;3;3;-26,9891;-48,66432;NA;NA;NA
779901;2026-06-20;"sábado";"10:35:00";"PI";343;12;"PARNAIBA";"Condutor desrespeitou a iluminação vermelha do semáforo";"Colisão transversal";"Sem Vítimas";"Pleno dia";"Decrescente";"Sol";"Dupla";"Interseção de Vias";"Sim";2;0;0;0;1;1;0;2;-2,91396791;-41,75379602;NA;NA;NA
779902;2026-06-20;"sábado";"09:20:00";"GO";153;331,3;"HIDROLANDIA";"Reação tardia ou ineficiente do condutor";"Saída de leito carroçável";"Com Vítimas Feridas";"Pleno dia";"Decrescente";"Céu Claro";"Múltipla";"Declive;Interseção de Vias;Viaduto";"Sim";1;0;1;0;0;0;1;1;-16,967887;-49,233085;NA;NA;NA
779904;2026-06-20;"sábado";"09:50:00";"RJ";116;49;"TERESOPOLIS";"Desrespeitar a preferência no cruzamento";"Colisão transversal";"Com Vítimas Feridas";"Pleno dia";"Decrescente";"Céu Claro";"Simples";"Interseção de Vias;Retorno Regulamentado";"Não";4;0;2;0;2;0;2;2;-22,1790167;-42,8505452;NA;NA;NA
779906;2026-06-20;"sábado";"08:30:00";"SC";280;145;"MAFRA";"Transitar na contramão";"Colisão frontal";"Com Vítimas Feridas";"Pleno dia";"Crescente";"Chuva";"Simples";"Aclive;Curva";"Não";6;0;2;0;4;0;2;2;-26,25465;-49,660732;NA;NA;NA
779907;2026-06-20;"sábado";"11:35:00";"SP";116;327,8;"JUQUITIBA";"Pista Escorregadia";"Tombamento";"Com Vítimas Feridas";"Pleno dia";"Decrescente";"Nublado";"Dupla";"Curva";"Sim";1;0;1;0;0;0;1;1;-23,93659098;-47,08055115;NA;NA;NA
779908;2026-06-20;"sábado";"11:47:00";"PI";343;2,3;"TERESINA";"Reação tardia ou ineficiente do condutor";"Atropelamento de Pedestre";"Com Vítimas Feridas";"Pleno dia";"Crescente";"Céu Claro";"Múltipla";"Reta";"Não";2;0;0;1;1;0;1;2;-5,08155178;-42,76755363;NA;NA;NA
779912;2026-06-20;"sábado";"12:30:00";"RJ";493;14;"GUAPIMIRIM";"Mal súbito do condutor";"Saída de leito carroçável";"Com Vítimas Feridas";"Pleno dia";"Decrescente";"Céu Claro";"Simples";"Em Obras;Reta";"Não";1;0;0;1;0;0;1;1;-22,66734723;-42,98845577;NA;NA;NA
779913;2026-06-20;"sábado";"12:10:00";"GO";153;442;"ANAPOLIS";"Condutor deixou de manter distância do veículo da frente";"Colisão traseira";"Com Vítimas Feridas";"Pleno dia";"Decrescente";"Céu Claro";"Dupla";"Reta;Em Obras;Declive";"Sim";2;0;1;0;1;0;1;2;-16,34921;-48,92703;NA;NA;NA
779915;2026-06-20;"sábado";"12:45:00";"PB";405;37,8;"SAO JOAO DO RIO DO PEIXE";"Ingestão de álcool pelo condutor";"Saída de leito carroçável";"Com Vítimas Feridas";"Pleno dia";"Decrescente";"Sol";"Simples";"Reta";"Não";2;0;0;2;0;0;2;1;-6,769515;-38,430082;NA;NA;NA
779916;2026-06-20;"sábado";"13:00:00";"SE";101;93;"NOSSA SENHORA DO SOCORRO";"Pedestre andava na pista";"Atropelamento de Pedestre";"Com Vítimas Fatais";"Pleno dia";"Crescente";"Nublado";"Dupla";"Reta";"Sim";2;1;0;0;1;0;0;2;-10,901962;-37,145127;NA;NA;NA
779917;2026-06-20;"sábado";"11:45:00";"BA";110;9,5;"PAULO AFONSO";"Demais falhas mecânicas ou elétricas";"Saída de leito carroçável";"Com Vítimas Feridas";"Pleno dia";"Decrescente";"Céu Claro";"Simples";"Reta";"Não";3;0;1;0;2;0;1;1;-9,499872;-38,215701;NA;NA;NA
779918;2026-06-20;"sábado";"12:40:00";"PB";101;87;"JOAO PESSOA";"Pedestre cruzava a pista fora da faixa";"Atropelamento de Pedestre";"Com Vítimas Feridas";"Pleno dia";"Decrescente";"Nublado";"Dupla";"Reta";"Sim";2;0;2;0;0;0;2;2;-7,16341;-34,901343;NA;NA;NA
779920;2026-06-20;"sábado";"12:53:00";"RN";304;96,6;"ACU";"Ausência de reação do condutor";"Colisão com objeto";"Sem Vítimas";"Pleno dia";"Decrescente";"Céu Claro";"Simples";"Reta";"Não";3;0;0;0;3;0;0;3;-5,610519;-36,9140625;NA;NA;NA
779921;2026-06-20;"sábado";"10:40:00";"CE";20;391,8;"CAUCAIA";"Manobra de mudança de faixa";"Colisão frontal";"Com Vítimas Fatais";"Pleno dia";"Decrescente";"Céu Claro";"Simples";"Reta";"Não";2;1;0;0;1;0;0;2;-3,845148;-38,77444;NA;NA;NA
779924;2026-06-20;"sábado";"07:30:00";"BA";324;575;"SAO SEBASTIAO DO PASSE";"Condutor deixou de manter distância do veículo da frente";"Queda de ocupante de veículo";"Com Vítimas Feridas";"Pleno dia";"Decrescente";"Céu Claro";"Dupla";"Reta";"Não";2;0;2;0;0;0;2;1;-12,58571233;-38,52810671;NA;NA;NA
779925;2026-06-20;"sábado";"13:40:00";"BA";116;415;"FEIRA DE SANTANA";"Retorno proibido";"Colisão transversal";"Com Vítimas Feridas";"Pleno dia";"Decrescente";"Céu Claro";"Dupla";"Reta";"Sim";2;0;0;1;0;1;1;2;-12,1681508;-38,9643209;NA;NA;NA
779926;2026-06-20;"sábado";"14:00:00";"ES";101;240,4;"SERRA";"Condutor deixou de manter distância do veículo da frente";"Colisão traseira";"Sem Vítimas";"Pleno dia";"Crescente";"Céu Claro";"Simples";"Curva";"Não";2;0;0;0;0;2;0;2;-20,03304935;-40,39640093;NA;NA;NA
779927;2026-06-20;"sábado";"11:30:00";"RS";285;331;"CARAZINHO";"Condutor usando celular";"Colisão com objeto";"Com Vítimas Feridas";"Pleno dia";"Decrescente";"Nublado";"Simples";"Curva;Declive";"Não";1;0;1;0;0;0;1;1;-28,29332639;-52,72703044;NA;NA;NA
779928;2026-06-20;"sábado";"13:00:00";"GO";153;280;"NOVA GLORIA";"Transitar na contramão";"Colisão frontal";"Com Vítimas Fatais";"Pleno dia";"Crescente";"Céu Claro";"Simples";"Curva;Declive";"Não";2;1;1;0;0;0;1;2;-15,142915;-49,528834;NA;NA;NA
779930;2026-06-20;"sábado";"14:30:00";"PR";369;150,3;"LONDRINA";"Manobra de mudança de faixa";"Colisão lateral mesmo sentido";"Com Vítimas Feridas";"Pleno dia";"Decrescente";"Nublado";"Dupla";"Aclive;Reta";"Sim";2;0;1;0;1;0;1;2;-23,29294087;-51,16715876;NA;NA;NA
779932;2026-06-20;"sábado";"13:50:00";"PE";232;174;"BELO JARDIM";"Transitar no Acostamento";"Queda de ocupante de veículo";"Com Vítimas Feridas";"Pleno dia";"Crescente";"Céu Claro";"Simples";"Curva";"Não";1;0;0;1;0;0;1;1;-8,340765;-36,386868;NA;NA;NA
779933;2026-06-20;"sábado";"13:55:00";"AP";156;800;"OIAPOQUE";"Acessar a via sem observar a presença dos outros veículos";"Colisão transversal";"Com Vítimas Feridas";"Pleno dia";"Crescente";"Nublado";"Simples";"Reta";"Sim";2;0;1;0;1;0;1;2;3,83834947;-51,81668401;NA;NA;NA
779934;2026-06-20;"sábado";"14:00:00";"PR";376;416,1;"TIBAGI";"Ingestão de álcool pelo condutor";"Saída de leito carroçável";"Com Vítimas Feridas";"Pleno dia";"Crescente";"Nublado";"Dupla";"Curva";"Não";2;0;0;1;1;0;1;1;-24,69217737;-50,58116198;NA;NA;NA
779935;2026-06-20;"sábado";"15:10:00";"RJ";116;312;"RESENDE";"Acessar a via sem observar a presença dos outros veículos";"Colisão lateral mesmo sentido";"Com Vítimas Feridas";"Pleno dia";"Decrescente";"Céu Claro";"Dupla";"Reta";"Não";2;0;1;0;1;0;1;2;-22,46009124;-44,4571623;NA;NA;NA
779936;2026-06-20;"sábado";"14:51:00";"AL";101;96;"RIO LARGO";"Condutor Dormindo";"Colisão traseira";"Sem Vítimas";"Pleno dia";"Decrescente";"Céu Claro";"Dupla";"Aclive;Reta;Em Obras";"Não";6;0;0;0;6;0;0;2;-9,527772;-35,945048;NA;NA;NA
779937;2026-06-20;"sábado";"09:30:00";"BA";242;823;"BARREIRAS";"Reação tardia ou ineficiente do condutor";"Queda de ocupante de veículo";"Com Vítimas Feridas";"Pleno dia";"Decrescente";"Céu Claro";"Simples";"Reta";"Não";1;0;1;0;0;0;1;1;-12,12404744;-45,03107071;NA;NA;NA
779938;2026-06-20;"sábado";"15:45:00";"MG";40;499,9;"ESMERALDAS";"Reação tardia ou ineficiente do condutor";"Colisão traseira";"Com Vítimas Feridas";"Pleno dia";"Crescente";"Céu Claro";"Dupla";"Reta";"Sim";3;0;1;0;2;0;1;2;-19,69929408;-44,17539239;NA;NA;NA
779939;2026-06-20;"sábado";"14:50:00";"RJ";356;3,8;"ITAPERUNA";"Ausência de reação do condutor";"Colisão traseira";"Com Vítimas Feridas";"Pleno dia";"Decrescente";"Sol";"Simples";"Aclive;Reta";"Não";2;0;1;0;1;0;1;2;-21,150424;-42,147472;NA;NA;NA
779940;2026-06-20;"sábado";"15:30:00";"PA";308;163;"CAPANEMA";"Ausência de reação do condutor";"Colisão traseira";"Com Vítimas Feridas";"Pleno dia";"Crescente";"Céu Claro";"Simples";"Reta";"Não";2;0;0;1;1;0;1;2;-1,202812;-47,07741;NA;NA;NA
779942;2026-05-11;"segunda-feira";"18:10:00";"SC";101;198;"BIGUACU";"Objeto estático sobre o leito carroçável";"Eventos atípicos";"Com Vítimas Feridas";"Anoitecer";"Crescente";"Ignorado";"Múltipla";"Reta";"Não";1;0;1;0;0;0;1;1;-27,486102;-48,648539;NA;NA;NA
779943;2026-06-20;"sábado";"14:00:00";"BA";116;785,3;"PLANALTO";"Condutor deixou de manter distância do veículo da frente";"Queda de ocupante de veículo";"Com Vítimas Feridas";"Pleno dia";"Decrescente";"Céu Claro";"Simples";"Aclive";"Não";1;0;1;0;0;0;1;1;-14,68591;-40,55095;NA;NA;NA
779944;2026-05-19;"terça-feira";"18:20:00";"SP";116;121;"CACAPAVA";"Condutor deixou de manter distância do veículo da frente";"Engavetamento";"Sem Vítimas";"Plena Noite";"Crescente";"Céu Claro";"Múltipla";"Reta";"Sim";3;0;0;0;3;0;0;3;-23,07631169;-45,65337222;NA;NA;NA
779946;2026-06-20;"sábado";"15:40:00";"SC";101;128,2;"CAMBORIU";"Condutor deixou de manter distância do veículo da frente";"Colisão traseira";"Com Vítimas Feridas";"Pleno dia";"Crescente";"Chuva";"Dupla";"Reta";"Sim";2;0;1;0;1;0;1;2;-26,9741;-48,68283;NA;NA;NA
779947;2026-06-20;"sábado";"15:40:00";"SP";101;50;"UBATUBA";"Ausência de reação do condutor";"Colisão transversal";"Com Vítimas Feridas";"Pleno dia";"Crescente";"Céu Claro";"Simples";"Reta";"Sim";2;0;1;0;0;1;1;2;-23,44966405;-45,0780952;NA;NA;NA
779948;2026-06-20;"sábado";"16:45:00";"PB";101;84;"BAYEUX";"Ausência de reação do condutor";"Engavetamento";"Sem Vítimas";"Pleno dia";"Decrescente";"Sol";"Dupla";"Reta";"Sim";5;0;0;0;5;0;0;5;-7,1405;-34,921;NA;NA;NA
779949;2026-06-20;"sábado";"15:25:00";"SC";101;252,2;"PAULO LOPES";"Acumulo de água sobre o pavimento";"Colisão com objeto";"Com Vítimas Feridas";"Pleno dia";"Crescente";"Chuva";"Múltipla";"Curva";"Não";3;0;3;0;0;0;3;1;-27,960775;-48,679271;NA;NA;NA
779950;2026-06-20;"sábado";"14:10:00";"MA";316;617;"TIMON";"Acessar a via sem observar a presença dos outros veículos";"Colisão transversal";"Com Vítimas Feridas";"Pleno dia";"Decrescente";"Céu Claro";"Simples";"Reta";"Sim";3;0;1;0;2;0;1;3;-5,10874;-42,827628;NA;NA;NA
779951;2026-06-20;"sábado";"16:50:00";"GO";60;207;"GUAPO";"Condutor Dormindo";"Saída de leito carroçável";"Com Vítimas Feridas";"Pleno dia";"Crescente";"Céu Claro";"Dupla";"Reta";"Não";2;0;1;0;1;0;1;1;-16,924892;-49,664345;NA;NA;NA
779953;2026-06-20;"sábado";"16:10:00";"GO";70;473;"ARAGARCAS";"Sinalização mal posicionada";"Colisão lateral mesmo sentido";"Com Vítimas Feridas";"Pleno dia";"Decrescente";"Céu Claro";"Simples";"Reta";"Sim";2;0;0;1;1;0;1;2;-15,89730938;-52,23371048;NA;NA;NA
779954;2026-06-20;"sábado";"16:30:00";"MG";381;481;"CONTAGEM";"Acessar a via sem observar a presença dos outros veículos";"Colisão lateral mesmo sentido";"Com Vítimas Feridas";"Anoitecer";"Decrescente";"Céu Claro";"Dupla";"Reta";"Sim";2;0;1;0;1;0;1;2;-19,95809169;-44,05817986;NA;NA;NA
779956;2026-05-04;"segunda-feira";"16:40:00";"BA";101;207;"GOVERNADOR MANGABEIRA";"Ausência de reação do condutor";"Colisão frontal";"Com Vítimas Fatais";"Anoitecer";"Decrescente";"Céu Claro";"Múltipla";"Reta";"Não";3;1;1;0;1;0;1;2;-12,59946484;-39,02412415;NA;NA;NA
779957;2026-06-20;"sábado";"13:00:00";"AC";364;138;"RIO BRANCO";"Acessar a via sem observar a presença dos outros veículos";"Colisão transversal";"Com Vítimas Feridas";"Pleno dia";"Crescente";"Céu Claro";"Dupla";"Rotatória";"Sim";2;0;0;1;1;0;1;2;-9,96046042;-67,85659969;NA;NA;NA
779958;2026-06-20;"sábado";"17:11:00";"PE";232;107,7;"BEZERROS";"Reação tardia ou ineficiente do condutor";"Capotamento";"Com Vítimas Feridas";"Anoitecer";"Crescente";"Nublado";"Dupla";"Reta";"Não";2;0;1;1;0;0;2;1;-8,27626;-35,80628;NA;NA;NA
779959;2026-06-20;"sábado";"17:00:00";"PR";277;79,4;"CURITIBA";"Velocidade Incompatível";"Colisão traseira";"Com Vítimas Feridas";"Anoitecer";"Crescente";"Garoa/Chuvisco";"Dupla";"Aclive;Reta;Em Obras";"Sim";3;0;1;1;1;0;2;2;-25,4773472;-49,20451028;NA;NA;NA
779960;2026-06-20;"sábado";"17:30:00";"MG";365;152;"PIRAPORA";"Ingestão de álcool pelo condutor";"Capotamento";"Com Vítimas Fatais";"Anoitecer";"Decrescente";"Céu Claro";"Simples";"Reta;Interseção de Vias";"Não";2;1;0;1;0;0;1;1;-17,292633;-44,884735;NA;NA;NA