"id";"data_inversa";"dia_semana";"horario";"uf";"br";"km";"municipio";"causa_acidente";"tipo_acidente";"classificacao_acidente";"fase_dia";"sentido_via";"condicao_metereologica";"tipo_pista";"tracado_via";"uso_solo";"pessoas";"mortos";"feridos_leves";"feridos_graves";"ilesos";"ignorados";"feridos";"veiculos";"latitude";"longitude";"regional";"delegacia";"uop"
779961;2026-06-20;"sábado";"15:40:00";"MG";116;414,6;"GOVERNADOR VALADARES";"Acessar a via sem observar a presença dos outros veículos";"Colisão transversal";"Com Vítimas Feridas";"Pleno dia";"Decrescente";"Sol";"Simples";"Retorno Regulamentado;Reta";"Sim";2;0;1;0;1;0;1;2;-18,886058;-41,946271;NA;NA;NA
779962;2026-06-20;"sábado";"17:00:00";"PR";376;182;"MARINGA";"Ausência de reação do condutor";"Colisão traseira";"Com Vítimas Feridas";"Pleno dia";"Decrescente";"Céu Claro";"Dupla";"Rotatória";"Sim";4;0;0;1;3;0;1;3;-23,431399;-51,887413;NA;NA;NA
779963;2026-06-20;"sábado";"15:15:00";"PR";376;97,5;"PARANAVAI";"Ultrapassagem Indevida";"Saída de leito carroçável";"Com Vítimas Feridas";"Pleno dia";"Crescente";"Nublado";"Simples";"Reta;Declive";"Não";1;0;1;0;0;0;1;1;-23,01689;-52,5077;NA;NA;NA
779964;2026-06-20;"sábado";"17:40:00";"ES";259;68;"COLATINA";"Ingestão de álcool pelo condutor";"Colisão frontal";"Com Vítimas Feridas";"Anoitecer";"Decrescente";"Céu Claro";"Simples";"Reta";"Sim";4;0;3;1;0;0;4;2;-19,50226006;-40,74418581;NA;NA;NA
779965;2026-06-20;"sábado";"17:05:00";"PR";277;136;"BALSA NOVA";"Acumulo de areia ou detritos sobre o pavimento";"Saída de leito carroçável";"Sem Vítimas";"Pleno dia";"Crescente";"Nublado";"Dupla";"Curva";"Não";1;0;0;0;1;0;0;1;-25,469198;-49,62352574;NA;NA;NA
779966;2026-06-20;"sábado";"17:40:00";"MG";381;281;"ANTONIO DIAS";"Transitar na contramão";"Colisão lateral sentido oposto";"Com Vítimas Feridas";"Anoitecer";"Decrescente";"Céu Claro";"Simples";"Curva";"Não";3;0;0;1;1;1;1;3;-19,6191057;-42,7785286;NA;NA;NA
779967;2026-06-20;"sábado";"16:00:00";"RJ";116;176;"SAO JOAO DE MERITI";"Ausência de reação do condutor";"Colisão lateral mesmo sentido";"Com Vítimas Feridas";"Pleno dia";"Decrescente";"Sol";"Múltipla";"Reta";"Sim";3;0;1;0;2;0;1;2;-22,78314547;-43,38844299;NA;NA;NA
779968;2026-06-20;"sábado";"17:30:00";"MG";381;678,3;"PERDOES";"Demais falhas mecânicas ou elétricas";"Incêndio";"Sem Vítimas";"Anoitecer";"Decrescente";"Nublado";"Dupla";"Reta;Declive";"Não";1;0;0;0;1;0;0;1;-21,116637;-45,094158;NA;NA;NA
779969;2026-06-20;"sábado";"16:00:00";"SC";101;235,1;"PALHOCA";"Velocidade Incompatível";"Colisão com objeto";"Com Vítimas Feridas";"Pleno dia";"Decrescente";"Chuva";"Dupla";"Aclive";"Não";2;0;1;0;1;0;1;1;-27,818768;-48,631041;NA;NA;NA
779970;2026-06-20;"sábado";"17:50:00";"PI";343;341,9;"TERESINA";"Acessar a via sem observar a presença dos outros veículos";"Colisão transversal";"Com Vítimas Feridas";"Pleno dia";"Decrescente";"Céu Claro";"Dupla";"Interseção de Vias;Rotatória";"Sim";3;0;1;0;2;0;1;2;-5,082761;-42,74998;NA;NA;NA
779971;2026-06-20;"sábado";"17:50:00";"RS";392;78,7;"PELOTAS";"Condutor deixou de manter distância do veículo da frente";"Colisão traseira";"Com Vítimas Feridas";"Anoitecer";"Decrescente";"Céu Claro";"Simples";"Reta";"Não";4;0;1;1;2;0;2;2;-31,683034;-52,444915;NA;NA;NA
779972;2026-06-19;"sexta-feira";"07:20:00";"BA";324;606;"SIMOES FILHO";"Trafegar com motocicleta (ou similar) entre as faixas";"Tombamento";"Com Vítimas Feridas";"Pleno dia";"Crescente";"Nublado";"Dupla";"Aclive;Reta";"Não";1;0;1;0;0;0;1;1;-12,809941;-38,404137;NA;NA;NA
779973;2026-06-20;"sábado";"17:10:00";"SC";280;67,2;"JARAGUA DO SUL";"Conversão proibida";"Colisão traseira";"Com Vítimas Feridas";"Plena Noite";"Crescente";"Chuva";"Simples";"Reta";"Sim";5;0;2;0;3;0;2;3;-26,47356225;-49,10972089;NA;NA;NA
779974;2026-06-20;"sábado";"16:55:00";"PB";230;176,7;"POCINHOS";"Acessar a via sem observar a presença dos outros veículos";"Colisão lateral mesmo sentido";"Sem Vítimas";"Plena Noite";"Crescente";"Céu Claro";"Simples";"Reta";"Não";4;0;0;0;3;1;0;2;-7,16871;-36,040052;NA;NA;NA
779975;2026-06-20;"sábado";"17:30:00";"RS";116;313;"GUAIBA";"Acessar a via sem observar a presença dos outros veículos";"Colisão transversal";"Com Vítimas Feridas";"Plena Noite";"Decrescente";"Nublado";"Dupla";"Aclive";"Não";2;0;1;0;1;0;1;2;-30,225552;-51,404223;NA;NA;NA
779976;2026-06-20;"sábado";"10:20:00";"RJ";101;384;"RIO DE JANEIRO";"Condutor deixou de manter distância do veículo da frente";"Colisão traseira";"Com Vítimas Feridas";"Pleno dia";"Decrescente";"Nublado";"Múltipla";"Reta";"Não";2;0;0;1;1;0;1;2;-22,88090013;-43,63085032;NA;NA;NA
779978;2026-06-20;"sábado";"16:20:00";"RS";287;249;"SANTA MARIA";"Acessar a via sem observar a presença dos outros veículos";"Colisão lateral mesmo sentido";"Com Vítimas Feridas";"Pleno dia";"Crescente";"Céu Claro";"Múltipla";"Interseção de Vias;Rotatória";"Sim";3;0;2;0;0;1;2;2;-29,69470738;-53,85849953;NA;NA;NA
779979;2026-05-27;"quarta-feira";"17:15:00";"MT";163;839;"SINOP";"Reação tardia ou ineficiente do condutor";"Colisão com objeto";"Com Vítimas Feridas";"Pleno dia";"Decrescente";"Céu Claro";"Simples";"Reta;Em Obras;Desvio Temporário";"Sim";1;0;1;0;0;0;1;1;-11,8272313;-55,4864871;NA;NA;NA
779982;2026-06-20;"sábado";"18:25:00";"PR";376;228;"APUCARANA";"Conversão proibida";"Colisão transversal";"Sem Vítimas";"Anoitecer";"Crescente";"Céu Claro";"Dupla";"Reta";"Não";2;0;0;0;2;0;0;2;-23,57629897;-51,55237913;NA;NA;NA
779983;2026-06-20;"sábado";"19:20:00";"BA";116;669;"JEQUIE";"Demais falhas mecânicas ou elétricas";"Incêndio";"Sem Vítimas";"Plena Noite";"Crescente";"Céu Claro";"Dupla";"Curva";"Não";1;0;0;0;0;1;0;1;-13,83478;-40,106195;NA;NA;NA
779984;2026-06-20;"sábado";"19:02:00";"PE";101;53;"PAULISTA";"Manobra de mudança de faixa";"Colisão lateral mesmo sentido";"Com Vítimas Feridas";"Plena Noite";"Decrescente";"Nublado";"Dupla";"Reta";"Sim";3;0;1;0;1;1;1;2;-7,93809;-34,90309;NA;NA;NA
779985;2026-06-20;"sábado";"14:30:00";"PR";376;520;"PONTA GROSSA";"Reação tardia ou ineficiente do condutor";"Colisão com objeto";"Com Vítimas Feridas";"Pleno dia";"Decrescente";"Chuva";"Dupla";"Reta";"Não";4;0;4;0;0;0;4;2;-25,2771997;-49,9234763;NA;NA;NA
779987;2026-06-20;"sábado";"17:30:00";"BA";242;253;"BOA VISTA DO TUPIM";"Pista esburacada";"Saída de leito carroçável";"Com Vítimas Feridas";"Anoitecer";"Decrescente";"Céu Claro";"Simples";"Reta";"Não";1;0;1;0;0;0;1;1;-12,51021;-40,48889;NA;NA;NA
779988;2026-06-20;"sábado";"15:08:00";"BA";101;805;"ITAMARAJU";"Ausência de reação do condutor";"Colisão lateral mesmo sentido";"Com Vítimas Feridas";"Pleno dia";"Crescente";"Céu Claro";"Simples";"Reta";"Sim";2;0;0;1;1;0;1;2;-17,02446225;-39,54047084;NA;NA;NA
779989;2026-06-20;"sábado";"19:10:00";"MG";116;277;"TEOFILO OTONI";"Acessar a via sem observar a presença dos outros veículos";"Colisão transversal";"Com Vítimas Feridas";"Plena Noite";"Crescente";"Céu Claro";"Simples";"Interseção de Vias";"Sim";2;0;1;0;1;0;1;2;-17,86006;-41,51517;NA;NA;NA
779990;2026-06-20;"sábado";"20:00:00";"RS";290;721,5;"URUGUAIANA";"Acessar a via sem observar a presença dos outros veículos";"Colisão transversal";"Com Vítimas Feridas";"Plena Noite";"Decrescente";"Céu Claro";"Simples";"Rotatória";"Sim";3;0;1;0;2;0;1;2;-29,76075351;-57,05965228;NA;NA;NA
779991;2026-06-20;"sábado";"19:50:00";"SC";280;46,5;"GUARAMIRIM";"Ausência de reação do condutor";"Colisão com objeto";"Com Vítimas Feridas";"Plena Noite";"Decrescente";"Garoa/Chuvisco";"Dupla";"Em Obras;Aclive";"Não";1;0;0;1;0;0;1;1;-26,45335891;-48,91350079;NA;NA;NA
779992;2026-06-20;"sábado";"17:47:00";"PI";316;410;"MARCOLANDIA";"Ausência de reação do condutor";"Queda de ocupante de veículo";"Com Vítimas Feridas";"Pleno dia";"Crescente";"Céu Claro";"Simples";"Curva";"Não";1;0;0;1;0;0;1;1;-7,40413263;-40,71466684;NA;NA;NA
779993;2026-06-20;"sábado";"18:20:00";"MG";116;631,5;"DIVINO";"Acessar a via sem observar a presença dos outros veículos";"Colisão transversal";"Com Vítimas Feridas";"Plena Noite";"Decrescente";"Céu Claro";"Simples";"Reta";"Não";4;0;1;0;2;1;1;2;-20,60386438;-42,21050262;NA;NA;NA
779994;2026-06-20;"sábado";"20:10:00";"PR";277;610;"CEU AZUL";"Conversão proibida";"Colisão frontal";"Com Vítimas Feridas";"Plena Noite";"Decrescente";"Nevoeiro/Neblina";"Simples";"Reta";"Sim";6;0;5;0;1;0;5;2;-25,076445;-53,694455;NA;NA;NA
779995;2026-06-20;"sábado";"07:50:00";"RJ";116;94,2;"MAGE";"Conversão proibida";"Colisão lateral mesmo sentido";"Com Vítimas Feridas";"Pleno dia";"Crescente";"Nublado";"Simples";"Reta";"Não";3;0;1;0;2;0;1;2;-22,65935136;-43,09126722;NA;NA;NA
779996;2026-06-20;"sábado";"20:10:00";"GO";60;46;"ALEXANIA";"Objeto estático sobre o leito carroçável";"Derramamento de carga";"Sem Vítimas";"Plena Noite";"Crescente";"Ignorado";"Dupla";"Reta;Aclive";"Não";5;0;0;0;5;0;0;2;-16,137355;-48,598982;NA;NA;NA
779997;2026-06-20;"sábado";"19:50:00";"RJ";40;70;"PETROPOLIS";"Ausência de reação do condutor";"Colisão com objeto";"Com Vítimas Feridas";"Plena Noite";"Crescente";"Nublado";"Dupla";"Curva";"Sim";2;0;1;0;1;0;1;1;-22,452461;-43,206323;NA;NA;NA
779998;2026-06-20;"sábado";"20:00:00";"MG";262;40,2;"MANHUACU";"Mal súbito do condutor";"Colisão frontal";"Com Vítimas Feridas";"Plena Noite";"Decrescente";"Céu Claro";"Simples";"Aclive;Reta";"Não";2;0;2;0;0;0;2;2;-20,271796;-42,06475;NA;NA;NA
779999;2026-06-20;"sábado";"18:30:00";"MG";381;303;"ANTONIO DIAS";"Sinalização mal posicionada";"Tombamento";"Com Vítimas Feridas";"Plena Noite";"Decrescente";"Céu Claro";"Dupla";"Desvio Temporário;Declive;Curva";"Não";3;0;0;2;1;0;2;1;-19,64592009;-42,92915694;NA;NA;NA
780001;2026-06-20;"sábado";"20:00:00";"RJ";356;83,2;"ITALVA";"Reação tardia ou ineficiente do condutor";"Queda de ocupante de veículo";"Com Vítimas Feridas";"Plena Noite";"Crescente";"Céu Claro";"Simples";"Reta";"Não";2;0;1;0;1;0;1;1;-21,4773;-41,6633;NA;NA;NA
780002;2026-06-20;"sábado";"17:10:00";"RO";364;108;"CHUPINGUAIA";"Desrespeitar a preferência no cruzamento";"Colisão transversal";"Com Vítimas Feridas";"Pleno dia";"Decrescente";"Nublado";"Simples";"Rotatória";"Sim";2;0;1;0;1;0;1;2;-12,22862952;-60,68642288;NA;NA;NA
780003;2026-06-20;"sábado";"20:30:00";"PR";376;356;"ORTIGUEIRA";"Ausência de reação do condutor";"Saída de leito carroçável";"Sem Vítimas";"Plena Noite";"Crescente";"Chuva";"Simples";"Reta";"Não";2;0;0;0;0;2;0;1;-24,26083265;-50,89418139;NA;NA;NA
780005;2026-06-20;"sábado";"19:10:00";"MA";226;298;"BARRA DO CORDA";"Reação tardia ou ineficiente do condutor";"Saída de leito carroçável";"Com Vítimas Feridas";"Plena Noite";"Decrescente";"Céu Claro";"Simples";"Curva;Aclive";"Sim";1;0;1;0;0;0;1;1;-5,49755;-45,240562;NA;NA;NA
780006;2026-06-20;"sábado";"18:15:00";"RJ";465;12;"SEROPEDICA";"Acessar a via sem observar a presença dos outros veículos";"Colisão transversal";"Com Vítimas Feridas";"Plena Noite";"Crescente";"Céu Claro";"Simples";"Interseção de Vias;Reta";"Sim";2;0;1;0;1;0;1;2;-22,79264121;-43,65211487;NA;NA;NA
780007;2026-06-17;"quarta-feira";"03:00:00";"RJ";101;290;"ITABORAI";"Ausência de reação do condutor";"Colisão traseira";"Sem Vítimas";"Plena Noite";"Crescente";"Céu Claro";"Dupla";"Reta";"Não";2;0;0;0;2;0;0;2;-22,76537833;-42,86763668;NA;NA;NA
780008;2026-06-20;"sábado";"17:45:00";"MT";163;514;"DIAMANTINO";"Ausência de reação do condutor";"Saída de leito carroçável";"Com Vítimas Feridas";"Anoitecer";"Crescente";"Céu Claro";"Dupla";"Reta";"Não";1;0;1;0;0;0;1;1;-14,485018;-56,175077;NA;NA;NA
780009;2026-06-20;"sábado";"20:11:00";"TO";10;411,5;"PORTO NACIONAL";"Reação tardia ou ineficiente do condutor";"Colisão lateral mesmo sentido";"Sem Vítimas";"Plena Noite";"Crescente";"Céu Claro";"Simples";"Reta";"Não";2;0;0;0;1;1;0;2;-10,659085;-48,39477;NA;NA;NA
780011;2026-06-20;"sábado";"21:37:00";"SP";116;212;"GUARULHOS";"Chuva";"Saída de leito carroçável";"Com Vítimas Fatais";"Plena Noite";"Crescente";"Chuva";"Múltipla";"Declive";"Sim";1;1;0;0;0;0;0;1;-23,43829169;-46,43446374;NA;NA;NA
780013;2026-06-20;"sábado";"18:20:00";"MT";364;207;"RONDONOPOLIS";"Reação tardia ou ineficiente do condutor";"Colisão traseira";"Com Vítimas Feridas";"Plena Noite";"Decrescente";"Céu Claro";"Dupla";"Reta";"Sim";5;0;3;0;2;0;3;2;-16,442684;-54,673386;NA;NA;NA
780014;2026-06-20;"sábado";"21:40:00";"BA";415;26;"ILHEUS";"Ingestão de álcool pelo condutor";"Colisão traseira";"Com Vítimas Feridas";"Plena Noite";"Decrescente";"Céu Claro";"Dupla";"Reta";"Não";2;0;1;0;1;0;1;2;-14,7949707;-39,1920699;NA;NA;NA
780015;2026-06-20;"sábado";"21:00:00";"CE";116;502;"BREJO SANTO";"Pista esburacada";"Colisão traseira";"Com Vítimas Feridas";"Plena Noite";"Decrescente";"Ignorado";"Simples";"Reta";"Sim";2;0;1;0;0;1;1;2;-7,49161584;-38,98415613;NA;NA;NA
780016;2026-06-20;"sábado";"21:45:00";"SC";280;73;"JARAGUA DO SUL";"Ingestão de álcool pelo condutor";"Colisão com objeto";"Sem Vítimas";"Plena Noite";"Crescente";"Chuva";"Simples";"Interseção de Vias";"Não";1;0;0;0;0;1;0;1;-26,4590479;-49,1597863;NA;NA;NA
780018;2026-06-20;"sábado";"21:40:00";"SP";153;95,2;"JACI";"Transitar na contramão";"Saída de leito carroçável";"Sem Vítimas";"Plena Noite";"Decrescente";"Céu Claro";"Dupla";"Reta";"Não";2;0;0;0;2;0;0;2;-20,972524;-49,607078;NA;NA;NA
780019;2026-06-20;"sábado";"20:10:00";"MG";116;495,2;"INHAPIM";"Ingestão de álcool pelo condutor";"Colisão frontal";"Com Vítimas Feridas";"Plena Noite";"Crescente";"Céu Claro";"Múltipla";"Aclive;Curva";"Não";3;0;0;1;1;1;1;3;-19,523563;-42,126592;NA;NA;NA
780020;2026-06-20;"sábado";"18:00:00";"MT";364;206;"RONDONOPOLIS";"Ingestão de álcool pelo condutor";"Colisão traseira";"Com Vítimas Feridas";"Plena Noite";"Decrescente";"Céu Claro";"Dupla";"Reta";"Sim";3;0;1;1;1;0;2;2;-16,42279843;-54,7013576;NA;NA;NA
780022;2026-06-15;"segunda-feira";"11:10:00";"BA";349;927;"CORRENTINA";"Acumulo de areia ou detritos sobre o pavimento";"Saída de leito carroçável";"Com Vítimas Feridas";"Pleno dia";"Crescente";"Céu Claro";"Simples";"Curva";"Não";3;0;2;0;1;0;2;1;-13,37542458;-44,61940527;NA;NA;NA
780024;2026-06-20;"sábado";"17:00:00";"MT";364;211;"RONDONOPOLIS";"Demais falhas na via";"Tombamento";"Com Vítimas Feridas";"Anoitecer";"Decrescente";"Céu Claro";"Dupla";"Reta";"Não";1;0;1;0;0;0;1;1;-16,43503898;-54,68426228;NA;NA;NA
780025;2026-06-20;"sábado";"21:45:00";"BA";101;197;"CACHOEIRA";"Transitar na contramão";"Colisão transversal";"Com Vítimas Feridas";"Plena Noite";"Crescente";"Céu Claro";"Simples";"Aclive";"Não";5;0;2;0;3;0;2;2;-12,56071;-38,977047;NA;NA;NA
780026;2026-06-20;"sábado";"20:30:00";"RJ";40;124;"RIO DE JANEIRO";"Ausência de reação do condutor";"Colisão traseira";"Com Vítimas Feridas";"Plena Noite";"Crescente";"Céu Claro";"Dupla";"Interseção de Vias;Reta";"Sim";3;0;1;0;2;0;1;2;-22,8126736;-43,28817699;NA;NA;NA
780027;2026-06-20;"sábado";"23:25:00";"SP";116;312;"SAO LOURENCO DA SERRA";"Reação tardia ou ineficiente do condutor";"Saída de leito carroçável";"Com Vítimas Feridas";"Plena Noite";"Crescente";"Garoa/Chuvisco";"Dupla";"Curva";"Não";1;0;1;0;0;0;1;1;-23,8924175;-46,98396232;NA;NA;NA
780028;2026-06-20;"sábado";"22:50:00";"MG";40;76,8;"PARACATU";"Demais falhas mecânicas ou elétricas";"Incêndio";"Com Vítimas Feridas";"Plena Noite";"Crescente";"Céu Claro";"Simples";"Reta";"Não";1;0;1;0;0;0;1;1;-17,447733;-46,686418;NA;NA;NA
780029;2026-06-20;"sábado";"22:40:00";"GO";60;468;"JATAI";"Reação tardia ou ineficiente do condutor";"Queda de ocupante de veículo";"Com Vítimas Feridas";"Plena Noite";"Decrescente";"Céu Claro";"Dupla";"Reta";"Sim";1;0;1;0;0;0;1;1;-17,90548714;-51,67882919;NA;NA;NA
780030;2026-06-20;"sábado";"23:10:00";"MA";10;319,8;"ACAILANDIA";"Transitar na contramão";"Colisão frontal";"Com Vítimas Fatais";"Plena Noite";"Crescente";"Céu Claro";"Simples";"Rotatória";"Sim";3;1;0;1;1;0;1;2;-4,953935;-47,503368;NA;NA;NA
780032;2026-06-20;"sábado";"22:00:00";"CE";122;33;"OCARA";"Suicídio (presumido)";"Atropelamento de Pedestre";"Com Vítimas Fatais";"Plena Noite";"Crescente";"Céu Claro";"Simples";"Reta";"Não";5;1;0;0;4;0;0;2;-4,5568;-38,5975057;NA;NA;NA
780033;2026-06-20;"sábado";"22:50:00";"SP";116;165;"JACAREI";"Manobra de mudança de faixa";"Colisão lateral mesmo sentido";"Sem Vítimas";"Plena Noite";"Decrescente";"Garoa/Chuvisco";"Dupla";"Reta";"Sim";3;0;0;0;3;0;0;2;-23,29823775;-46,01039886;NA;NA;NA
780034;2026-06-20;"sábado";"22:50:00";"MA";135;2;"SAO LUIS";"Acesso irregular";"Colisão transversal";"Com Vítimas Feridas";"Plena Noite";"Decrescente";"Nublado";"Dupla";"Reta";"Não";2;0;1;1;0;0;2;2;-2,60435;-44,24635;NA;NA;NA
780036;2026-06-20;"sábado";"22:10:00";"PI";316;6,2;"TERESINA";"Condutor deixou de manter distância do veículo da frente";"Colisão traseira";"Com Vítimas Feridas";"Plena Noite";"Crescente";"Céu Claro";"Múltipla";"Reta";"Sim";7;0;1;0;6;0;1;7;-5,14861;-42,77381;NA;NA;NA
780038;2026-06-20;"sábado";"23:50:00";"SC";470;49;"BLUMENAU";"Reação tardia ou ineficiente do condutor";"Queda de ocupante de veículo";"Com Vítimas Feridas";"Plena Noite";"Crescente";"Garoa/Chuvisco";"Dupla";"Curva";"Sim";1;0;1;0;0;0;1;1;-26,86104531;-49,06693546;NA;NA;NA
780039;2026-06-20;"sábado";"22:00:00";"PE";316;112,8;"BODOCO";"Condutor Dormindo";"Saída de leito carroçável";"Com Vítimas Feridas";"Plena Noite";"Decrescente";"Nublado";"Simples";"Reta";"Não";1;0;1;0;0;0;1;1;-7,983005;-39,8402;NA;NA;NA
780040;2026-06-21;"domingo";"00:00:00";"PI";343;348;"TERESINA";"Condutor deixou de manter distância do veículo da frente";"Colisão traseira";"Sem Vítimas";"Plena Noite";"Crescente";"Céu Claro";"Simples";"Reta";"Sim";2;0;0;0;1;1;0;2;-5,120114;-42,786493;NA;NA;NA
780041;2026-06-20;"sábado";"22:35:00";"RO";364;82;"NOVA MAMORE";"Acessar a via sem observar a presença dos outros veículos";"Colisão transversal";"Sem Vítimas";"Plena Noite";"Decrescente";"Céu Claro";"Simples";"Reta";"Sim";2;0;0;0;2;0;0;2;-10,41658;-65,33297;NA;NA;NA
780042;2026-06-21;"domingo";"01:00:00";"DF";70;14;"BRASILIA";"Suicídio (presumido)";"Saída de leito carroçável";"Com Vítimas Feridas";"Plena Noite";"Crescente";"Céu Claro";"Dupla";"Reta";"Sim";1;0;1;0;0;0;1;1;-15,798055;-48,177695;NA;NA;NA
780043;2026-06-21;"domingo";"01:00:00";"SC";101;203,3;"SAO JOSE";"Acessar a via sem observar a presença dos outros veículos";"Colisão lateral mesmo sentido";"Com Vítimas Feridas";"Plena Noite";"Crescente";"Nublado";"Múltipla";"Reta";"Não";2;0;0;1;1;0;1;2;-27,56841;-48,614263;NA;NA;NA
780044;2026-06-21;"domingo";"01:05:00";"RS";392;709,1;"PORTO XAVIER";"Ausência de reação do condutor";"Saída de leito carroçável";"Com Vítimas Feridas";"Plena Noite";"Decrescente";"Nevoeiro/Neblina";"Simples";"Curva";"Não";1;0;1;0;0;0;1;1;-27,999694;-55,127022;NA;NA;NA
780046;2026-06-21;"domingo";"00:15:00";"SC";101;407,2;"ARARANGUA";"Ausência de reação do condutor";"Colisão lateral mesmo sentido";"Sem Vítimas";"Plena Noite";"Decrescente";"Céu Claro";"Múltipla";"Reta";"Não";3;0;0;0;3;0;0;2;-28,91901123;-49,48936343;NA;NA;NA
780047;2026-06-20;"sábado";"22:20:00";"CE";116;103,6;"BEBERIBE";"Ausência de reação do condutor";"Queda de ocupante de veículo";"Com Vítimas Fatais";"Plena Noite";"Decrescente";"Céu Claro";"Simples";"Reta";"Não";2;1;0;1;0;0;1;1;-4,544807;-38,290324;NA;NA;NA
780048;2026-06-21;"domingo";"00:20:00";"DF";80;11;"BRASILIA";"Transitar na contramão";"Colisão frontal";"Com Vítimas Feridas";"Plena Noite";"Decrescente";"Céu Claro";"Simples";"Reta;Aclive";"Não";6;0;3;2;0;1;5;2;-15,730877;-48,180047;NA;NA;NA
780049;2026-06-21;"domingo";"01:30:00";"MG";40;519,8;"CONTAGEM";"Ausência de reação do condutor";"Colisão com objeto";"Com Vítimas Feridas";"Plena Noite";"Decrescente";"Céu Claro";"Dupla";"Reta";"Sim";1;0;1;0;0;0;1;1;-19,84437359;-44,07417536;NA;NA;NA
780050;2026-06-21;"domingo";"02:00:00";"PE";407;129,4;"PETROLINA";"Condutor Dormindo";"Saída de leito carroçável";"Com Vítimas Feridas";"Plena Noite";"Decrescente";"Céu Claro";"Dupla";"Ponte;Curva";"Sim";1;0;1;0;0;0;1;1;-9,39994139;-40,50437093;NA;NA;NA
780052;2026-06-21;"domingo";"01:30:00";"MG";50;170;"UBERABA";"Reação tardia ou ineficiente do condutor";"Saída de leito carroçável";"Com Vítimas Feridas";"Plena Noite";"Decrescente";"Céu Claro";"Dupla";"Reta;Aclive";"Sim";3;0;1;0;2;0;1;1;-19,73701107;-47,98300115;NA;NA;NA
780053;2026-06-21;"domingo";"02:15:00";"SC";282;0,3;"FLORIANOPOLIS";"Ingestão de álcool pelo condutor";"Capotamento";"Com Vítimas Feridas";"Plena Noite";"Crescente";"Nublado";"Dupla";"Declive;Curva";"Sim";1;0;0;1;0;0;1;1;-27,59891;-48,57471;NA;NA;NA
780055;2026-06-21;"domingo";"02:20:00";"GO";40;12,8;"LUZIANIA";"Reação tardia ou ineficiente do condutor";"Colisão traseira";"Com Vítimas Feridas";"Plena Noite";"Crescente";"Céu Claro";"Dupla";"Reta";"Sim";1;0;0;1;0;0;1;1;-16,15114;-47,939742;NA;NA;NA
780056;2026-06-21;"domingo";"02:30:00";"PR";369;186;"ARAPONGAS";"Ingestão de álcool pelo condutor";"Colisão frontal";"Com Vítimas Feridas";"Plena Noite";"Decrescente";"Nevoeiro/Neblina";"Simples";"Reta";"Sim";3;0;1;1;1;0;2;3;-23,403108;-51,427972;NA;NA;NA
780057;2026-06-21;"domingo";"01:45:00";"SC";101;150,2;"ITAPEMA";"Reação tardia ou ineficiente do condutor";"Colisão com objeto";"Com Vítimas Feridas";"Plena Noite";"Crescente";"Nublado";"Dupla";"Curva";"Sim";1;0;1;0;0;0;1;1;-27,11823;-48,60937;NA;NA;NA
780058;2026-06-21;"domingo";"02:01:00";"TO";153;287;"BRASILANDIA DO TOCANTINS";"Ausência de reação do condutor";"Saída de leito carroçável";"Com Vítimas Feridas";"Plena Noite";"Crescente";"Céu Claro";"Simples";"Curva;Declive";"Não";2;0;0;1;1;0;1;1;-8,41651;-48,48115;NA;NA;NA
780059;2026-06-21;"domingo";"01:50:00";"PE";232;91;"SAIRE";"Condutor Dormindo";"Colisão traseira";"Com Vítimas Feridas";"Plena Noite";"Crescente";"Céu Claro";"Dupla";"Reta";"Não";3;0;2;0;1;0;2;2;-8,21952;-35,67333;NA;NA;NA
780060;2026-06-21;"domingo";"03:15:00";"SC";282;0,3;"FLORIANOPOLIS";"Reação tardia ou ineficiente do condutor";"Queda de ocupante de veículo";"Com Vítimas Feridas";"Plena Noite";"Crescente";"Garoa/Chuvisco";"Dupla";"Curva";"Sim";1;0;1;0;0;0;1;1;-27,5989;-48,57475;NA;NA;NA
780061;2026-06-21;"domingo";"01:08:00";"PI";407;424;"PICOS";"Reação tardia ou ineficiente do condutor";"Tombamento";"Com Vítimas Feridas";"Plena Noite";"Crescente";"Céu Claro";"Simples";"Reta";"Sim";1;0;1;0;0;0;1;1;-7,09731861;-41,42117894;NA;NA;NA
780062;2026-06-21;"domingo";"03:35:00";"MT";163;831;"SINOP";"Ausência de reação do condutor";"Saída de leito carroçável";"Com Vítimas Feridas";"Plena Noite";"Crescente";"Céu Claro";"Simples";"Reta";"Sim";1;0;1;0;0;0;1;1;-11,897042;-55,504355;NA;NA;NA