"id";"data_inversa";"dia_semana";"horario";"uf";"br";"km";"municipio";"causa_acidente";"tipo_acidente";"classificacao_acidente";"fase_dia";"sentido_via";"condicao_metereologica";"tipo_pista";"tracado_via";"uso_solo";"pessoas";"mortos";"feridos_leves";"feridos_graves";"ilesos";"ignorados";"feridos";"veiculos";"latitude";"longitude";"regional";"delegacia";"uop"
780300;2026-06-22;"segunda-feira";"06:50:00";"MG";40;548;"NOVA LIMA";"Ausência de reação do condutor";"Colisão traseira";"Com Vítimas Feridas";"Pleno dia";"Crescente";"Céu Claro";"Dupla";"Reta;Aclive";"Não";2;0;1;0;1;0;1;2;-20,0304;-43,97;NA;NA;NA
780301;2026-06-22;"segunda-feira";"06:10:00";"ES";393;1,5;"CACHOEIRO DE ITAPEMIRIM";"Acesso irregular";"Colisão lateral sentido oposto";"Com Vítimas Feridas";"Pleno dia";"Decrescente";"Céu Claro";"Simples";"Reta";"Não";2;0;1;0;0;1;1;2;-20,83400621;-41,17214007;NA;NA;NA
780306;2026-06-22;"segunda-feira";"07:15:00";"BA";101;713;"EUNAPOLIS";"Transitar na contramão";"Colisão transversal";"Com Vítimas Feridas";"Pleno dia";"Decrescente";"Céu Claro";"Simples";"Reta";"Não";2;0;0;1;1;0;1;2;-16,343966;-39,580643;NA;NA;NA
780308;2026-05-30;"sábado";"10:50:00";"SE";101;85;"NOSSA SENHORA DO SOCORRO";"Manobra de mudança de faixa";"Colisão lateral mesmo sentido";"Com Vítimas Feridas";"Pleno dia";"Decrescente";"Céu Claro";"Dupla";"Reta";"Não";3;0;1;1;1;0;2;2;-10,841887;-37,137053;NA;NA;NA
780309;2026-06-21;"domingo";"22:20:00";"RJ";116;190;"NOVA IGUACU";"Entrada inopinada do pedestre";"Atropelamento de Pedestre";"Com Vítimas Fatais";"Plena Noite";"Crescente";"Céu Claro";"Dupla";"Reta";"Sim";2;1;0;0;1;0;0;2;-22,740598;-43,4991142;NA;NA;NA
780310;2026-06-22;"segunda-feira";"07:40:00";"SC";280;187,5;"MAFRA";"Demais falhas mecânicas ou elétricas";"Incêndio";"Sem Vítimas";"Pleno dia";"Crescente";"Céu Claro";"Simples";"Curva";"Não";1;0;0;0;1;0;0;1;-26,18165284;-49,9812576;NA;NA;NA
780314;2026-06-22;"segunda-feira";"06:40:00";"BA";324;561;"SAO SEBASTIAO DO PASSE";"Velocidade Incompatível";"Saída de leito carroçável";"Com Vítimas Feridas";"Pleno dia";"Decrescente";"Sol";"Dupla";"Declive;Reta";"Não";4;0;2;0;2;0;2;1;-12,509015;-38,630907;NA;NA;NA
780315;2026-06-22;"segunda-feira";"07:30:00";"ES";101;246;"SERRA";"Reação tardia ou ineficiente do condutor";"Saída de leito carroçável";"Com Vítimas Feridas";"Amanhecer";"Crescente";"Céu Claro";"Dupla";"Declive;Reta";"Não";1;0;1;0;0;0;1;1;-20,05674;-40,37998;NA;NA;NA
780316;2026-06-22;"segunda-feira";"07:00:00";"SP";116;228;"SAO PAULO";"Condutor deixou de manter distância do veículo da frente";"Colisão traseira";"Com Vítimas Feridas";"Amanhecer";"Crescente";"Céu Claro";"Múltipla";"Reta";"Sim";2;0;1;0;1;0;1;2;-23,50590792;-46,54080963;NA;NA;NA
780317;2026-06-22;"segunda-feira";"07:20:00";"PB";230;325,3;"PATOS";"Acessar a via sem observar a presença dos outros veículos";"Colisão transversal";"Com Vítimas Feridas";"Pleno dia";"Crescente";"Céu Claro";"Simples";"Aclive;Curva";"Não";2;0;1;1;0;0;2;2;-7,002552;-37,20713;NA;NA;NA
780318;2026-06-22;"segunda-feira";"05:40:00";"PE";428;138,7;"LAGOA GRANDE";"Animais na Pista";"Atropelamento de Animal";"Com Vítimas Feridas";"Amanhecer";"Crescente";"Céu Claro";"Simples";"Reta";"Sim";1;0;0;1;0;0;1;1;-8,990996;-40,267861;NA;NA;NA
780319;2026-06-22;"segunda-feira";"07:00:00";"GO";452;1,2;"RIO VERDE";"Manobra de mudança de faixa";"Colisão com objeto";"Com Vítimas Feridas";"Pleno dia";"Crescente";"Céu Claro";"Dupla";"Reta";"Sim";3;0;3;0;0;0;3;1;-17,79265;-50,89136;NA;NA;NA
780320;2026-06-22;"segunda-feira";"06:10:00";"RJ";40;122;"DUQUE DE CAXIAS";"Trafegar com motocicleta (ou similar) entre as faixas";"Colisão lateral mesmo sentido";"Com Vítimas Feridas";"Pleno dia";"Crescente";"Céu Claro";"Múltipla";"Reta";"Sim";2;0;1;0;1;0;1;2;-22,7939;-43,2876;NA;NA;NA
780323;2026-06-22;"segunda-feira";"08:00:00";"PE";232;117;"CARUARU";"Reação tardia ou ineficiente do condutor";"Queda de ocupante de veículo";"Com Vítimas Feridas";"Pleno dia";"Decrescente";"Céu Claro";"Dupla";"Reta;Declive";"Não";2;0;0;2;0;0;2;1;-8,295946;-35,89022;NA;NA;NA
780324;2026-06-22;"segunda-feira";"07:50:00";"PR";277;123;"CAMPO LARGO";"Manobra de mudança de faixa";"Colisão lateral mesmo sentido";"Com Vítimas Feridas";"Pleno dia";"Crescente";"Céu Claro";"Dupla";"Aclive;Reta";"Sim";3;0;1;0;2;0;1;2;-25,438232;-49,512845;NA;NA;NA
780326;2026-06-22;"segunda-feira";"07:18:00";"SC";101;211;"SAO JOSE";"Velocidade Incompatível";"Saída de leito carroçável";"Com Vítimas Feridas";"Pleno dia";"Crescente";"Nublado";"Simples";"Reta";"Não";1;0;1;0;0;0;1;1;-27,62293;-48,65224;NA;NA;NA
780327;2026-06-22;"segunda-feira";"07:30:00";"RS";285;567;"SAO LUIZ GONZAGA";"Desrespeitar a preferência no cruzamento";"Colisão transversal";"Com Vítimas Feridas";"Pleno dia";"Crescente";"Chuva";"Simples";"Rotatória";"Sim";3;0;2;0;1;0;2;2;-28,41805098;-54,96447086;NA;NA;NA
780329;2026-06-21;"domingo";"15:50:00";"RJ";40;118;"DUQUE DE CAXIAS";"Acessar a via sem observar a presença dos outros veículos";"Colisão lateral mesmo sentido";"Com Vítimas Feridas";"Pleno dia";"Crescente";"Céu Claro";"Dupla";"Reta";"Sim";3;0;1;0;2;0;1;3;-22,75390235;-43,28703403;NA;NA;NA
780330;2026-06-22;"segunda-feira";"07:35:00";"RS";158;326;"SANTA MARIA";"Pedestre cruzava a pista fora da faixa";"Atropelamento de Pedestre";"Com Vítimas Feridas";"Pleno dia";"Crescente";"Chuva";"Dupla";"Reta";"Sim";6;0;3;0;3;0;3;5;-29,714261;-53,814334;NA;NA;NA
780332;2026-06-22;"segunda-feira";"07:35:00";"SC";101;212,3;"PALHOCA";"Demais falhas mecânicas ou elétricas";"Colisão traseira";"Com Vítimas Feridas";"Pleno dia";"Crescente";"Sol";"Múltipla";"Reta";"Sim";3;0;1;0;2;0;1;3;-27,63896;-48,66659;NA;NA;NA
780335;2026-06-22;"segunda-feira";"07:45:00";"RS";471;460;"RIO GRANDE";"Transitar na contramão";"Colisão frontal";"Com Vítimas Fatais";"Pleno dia";"Crescente";"Chuva";"Simples";"Reta";"Não";3;1;0;0;2;0;0;2;-32,079878;-52,278357;NA;NA;NA
780337;2026-06-22;"segunda-feira";"07:30:00";"MG";365;388,8;"PATOS DE MINAS";"Conversão proibida";"Colisão transversal";"Com Vítimas Feridas";"Pleno dia";"Decrescente";"Sol";"Simples";"Reta";"Não";2;0;0;1;1;0;1;2;-18,636481;-46,323727;NA;NA;NA
780338;2026-06-22;"segunda-feira";"08:00:00";"PR";376;224;"CAMBIRA";"Manobra de mudança de faixa";"Colisão lateral mesmo sentido";"Com Vítimas Feridas";"Pleno dia";"Crescente";"Céu Claro";"Dupla";"Reta";"Não";3;0;2;0;1;0;2;2;-23,59608205;-51,58046722;NA;NA;NA
780339;2026-06-22;"segunda-feira";"08:40:00";"MG";40;545;"NOVA LIMA";"Condutor deixou de manter distância do veículo da frente";"Colisão traseira";"Com Vítimas Feridas";"Pleno dia";"Crescente";"Céu Claro";"Dupla";"Curva;Declive";"Sim";2;0;1;0;0;1;1;2;-20,007454;-43,964739;NA;NA;NA
780342;2026-05-21;"quinta-feira";"09:35:00";"GO";153;272;"NOVA GLORIA";"Objeto estático sobre o leito carroçável";"Colisão com objeto";"Com Vítimas Feridas";"Pleno dia";"Crescente";"Céu Claro";"Simples";"Reta";"Não";4;0;4;0;0;0;4;1;-15,04435;-49,441595;NA;NA;NA
780343;2026-06-22;"segunda-feira";"06:00:00";"AL";423;103;"DELMIRO GOUVEIA";"Reação tardia ou ineficiente do condutor";"Atropelamento de Pedestre";"Com Vítimas Fatais";"Pleno dia";"Decrescente";"Céu Claro";"Simples";"Reta;Aclive";"Sim";2;1;0;0;1;0;0;2;-9,40767563;-38,19116799;NA;NA;NA
780344;2026-06-22;"segunda-feira";"08:50:00";"RS";472;570;"URUGUAIANA";"Ausência de reação do condutor";"Saída de leito carroçável";"Com Vítimas Feridas";"Pleno dia";"Decrescente";"Céu Claro";"Simples";"Declive;Reta";"Não";3;0;3;0;0;0;3;1;-29,76705451;-57,01161895;NA;NA;NA
780345;2026-06-22;"segunda-feira";"06:30:00";"RJ";493;9;"GUAPIMIRIM";"Transitar na contramão";"Colisão frontal";"Com Vítimas Feridas";"Pleno dia";"Crescente";"Céu Claro";"Simples";"Reta";"Não";3;0;2;0;1;0;2;2;-22,71214445;-42,95339942;NA;NA;NA
780346;2026-06-22;"segunda-feira";"08:12:00";"RJ";101;331;"RIO DE JANEIRO";"Trafegar com motocicleta (ou similar) entre as faixas";"Colisão lateral mesmo sentido";"Com Vítimas Fatais";"Pleno dia";"Crescente";"Céu Claro";"Dupla";"Ponte;Reta";"Não";3;1;0;0;2;0;0;3;-22,86769361;-43,19699764;NA;NA;NA
780348;2026-06-22;"segunda-feira";"07:40:00";"PR";376;181,9;"MARINGA";"Manobra de mudança de faixa";"Colisão lateral mesmo sentido";"Com Vítimas Feridas";"Pleno dia";"Crescente";"Nublado";"Dupla";"Rotatória";"Não";3;0;1;0;2;0;1;2;-23,431938;-51,888057;NA;NA;NA
780349;2026-06-22;"segunda-feira";"09:00:00";"MG";381;949;"EXTREMA";"Pedestre cruzava a pista fora da faixa";"Atropelamento de Pedestre";"Com Vítimas Feridas";"Pleno dia";"Decrescente";"Céu Claro";"Dupla";"Reta";"Sim";2;0;0;1;1;0;1;2;-22,87665791;-46,36888;NA;NA;NA
780350;2026-06-22;"segunda-feira";"08:50:00";"GO";452;0;"RIO VERDE";"Reação tardia ou ineficiente do condutor";"Tombamento";"Com Vítimas Feridas";"Pleno dia";"Crescente";"Céu Claro";"Dupla";"Reta";"Sim";3;0;1;0;2;0;1;3;-17,787325;-50,902736;NA;NA;NA
780351;2026-06-22;"segunda-feira";"07:00:00";"SP";116;277;"EMBU DAS ARTES";"Reação tardia ou ineficiente do condutor";"Colisão traseira";"Com Vítimas Feridas";"Pleno dia";"Crescente";"Céu Claro";"Dupla";"Reta";"Sim";3;0;0;1;2;0;1;3;-23,626728;-46,817732;NA;NA;NA
780352;2026-06-22;"segunda-feira";"09:30:00";"ES";101;293,5;"CARIACICA";"Avarias e/ou desgaste excessivo no pneu";"Tombamento";"Com Vítimas Feridas";"Pleno dia";"Crescente";"Nublado";"Dupla";"Reta";"Sim";2;0;1;0;1;0;1;1;-20,31816;-40,396535;NA;NA;NA
780353;2026-06-22;"segunda-feira";"06:50:00";"RJ";101;404;"ITAGUAI";"Demais falhas mecânicas ou elétricas";"Incêndio";"Sem Vítimas";"Pleno dia";"Crescente";"Céu Claro";"Dupla";"Reta";"Sim";21;0;0;0;20;1;0;2;-22,85890651;-43,75939266;NA;NA;NA
780355;2026-06-22;"segunda-feira";"09:27:00";"RJ";116;190;"QUEIMADOS";"Ausência de reação do condutor";"Colisão traseira";"Com Vítimas Feridas";"Pleno dia";"Decrescente";"Céu Claro";"Dupla";"Reta";"Não";2;0;1;0;1;0;1;2;-22,73372;-43,55648;NA;NA;NA
780356;2026-06-22;"segunda-feira";"07:40:00";"PA";230;123;"MARABA";"Acessar a via sem observar a presença dos outros veículos";"Colisão transversal";"Com Vítimas Feridas";"Pleno dia";"Decrescente";"Céu Claro";"Dupla";"Reta";"Sim";2;0;1;1;0;0;2;2;-5,369539;-49,130405;NA;NA;NA
780357;2026-06-22;"segunda-feira";"06:50:00";"RJ";101;385;"RIO DE JANEIRO";"Reação tardia ou ineficiente do condutor";"Colisão traseira";"Com Vítimas Feridas";"Pleno dia";"Decrescente";"Céu Claro";"Múltipla";"Reta";"Não";3;0;2;0;1;0;2;2;-22,88580777;-43,64726007;NA;NA;NA
780358;2026-06-22;"segunda-feira";"08:00:00";"RJ";116;299;"PORTO REAL";"Objeto estático sobre o leito carroçável";"Queda de ocupante de veículo";"Com Vítimas Feridas";"Pleno dia";"Crescente";"Céu Claro";"Dupla";"Viaduto;Reta";"Não";1;0;1;0;0;0;1;1;-22,44965;-44,326752;NA;NA;NA
780359;2026-06-22;"segunda-feira";"07:50:00";"RJ";116;317;"ITATIAIA";"Demais falhas mecânicas ou elétricas";"Incêndio";"Sem Vítimas";"Pleno dia";"Crescente";"Céu Claro";"Simples";"Interseção de Vias;Reta";"Sim";1;0;0;0;1;0;0;1;-22,465714;-44,500156;NA;NA;NA
780360;2026-06-22;"segunda-feira";"10:15:00";"RJ";116;176;"SAO JOAO DE MERITI";"Velocidade Incompatível";"Colisão traseira";"Com Vítimas Feridas";"Pleno dia";"Decrescente";"Céu Claro";"Dupla";"Reta";"Sim";2;0;1;0;1;0;1;2;-22,7824992;-43,3871352;NA;NA;NA
780361;2026-06-22;"segunda-feira";"03:40:00";"RJ";116;305;"RESENDE";"Condutor Dormindo";"Colisão com objeto";"Com Vítimas Feridas";"Plena Noite";"Decrescente";"Céu Claro";"Dupla";"Reta";"Não";1;0;1;0;0;0;1;1;-22,455728;-44,394062;NA;NA;NA
780366;2026-06-22;"segunda-feira";"09:16:00";"RJ";101;287;"ITABORAI";"Ausência de reação do condutor";"Tombamento";"Com Vítimas Feridas";"Pleno dia";"Decrescente";"Céu Claro";"Dupla";"Reta";"Não";1;0;1;0;0;0;1;1;-22,76239596;-42,90053308;NA;NA;NA
780368;2026-06-22;"segunda-feira";"10:10:00";"PE";408;93;"SAO LOURENCO DA MATA";"Ausência de reação do condutor";"Colisão traseira";"Com Vítimas Feridas";"Pleno dia";"Decrescente";"Céu Claro";"Dupla";"Reta;Aclive";"Não";2;0;2;0;0;0;2;2;-8,04777;-35,00875;NA;NA;NA
780370;2026-06-22;"segunda-feira";"09:40:00";"RO";319;64;"PORTO VELHO";"Reação tardia ou ineficiente do condutor";"Colisão traseira";"Com Vítimas Feridas";"Pleno dia";"Crescente";"Céu Claro";"Múltipla";"Interseção de Vias;Reta";"Sim";3;0;3;0;0;0;3;2;-8,76740244;-63,88414621;NA;NA;NA
780371;2026-06-22;"segunda-feira";"11:00:00";"RJ";116;290;"BARRA MANSA";"Condutor Dormindo";"Saída de leito carroçável";"Com Vítimas Feridas";"Pleno dia";"Crescente";"Céu Claro";"Dupla";"Curva";"Não";2;0;1;0;1;0;1;1;-22,4776967;-44,2628833;NA;NA;NA
780375;2026-06-22;"segunda-feira";"09:29:00";"PB";101;61,5;"SANTA RITA";"Reação tardia ou ineficiente do condutor";"Colisão com objeto";"Sem Vítimas";"Pleno dia";"Decrescente";"Céu Claro";"Dupla";"Declive;Reta";"Não";1;0;0;0;1;0;0;1;-7,0131524;-35,0608771;NA;NA;NA
780376;2026-06-22;"segunda-feira";"09:10:00";"AC";364;135;"RIO BRANCO";"Acessar a via sem observar a presença dos outros veículos";"Colisão com objeto";"Com Vítimas Feridas";"Pleno dia";"Decrescente";"Céu Claro";"Dupla";"Reta";"Sim";1;0;1;0;0;0;1;1;-9,985552;-67,845482;NA;NA;NA
780377;2026-06-19;"sexta-feira";"05:13:00";"PR";277;76;"SAO JOSE DOS PINHAIS";"Acumulo de água sobre o pavimento";"Queda de ocupante de veículo";"Sem Vítimas";"Amanhecer";"Decrescente";"Garoa/Chuvisco";"Dupla";"Reta";"Sim";1;0;0;0;1;0;0;1;-25,55562176;-49,02949117;NA;NA;NA
780378;2026-06-22;"segunda-feira";"09:51:00";"MT";364;391,2;"CUIABA";"Velocidade Incompatível";"Saída de leito carroçável";"Com Vítimas Feridas";"Pleno dia";"Crescente";"Sol";"Dupla";"Curva;Aclive";"Não";2;0;2;0;0;0;2;1;-15,693116;-55,901716;NA;NA;NA
780380;2026-06-22;"segunda-feira";"08:50:00";"SC";470;79,9;"RODEIO";"Objeto estático sobre o leito carroçável";"Tombamento";"Com Vítimas Feridas";"Pleno dia";"Decrescente";"Nublado";"Simples";"Curva";"Não";1;0;1;0;0;0;1;1;-26,9484692;-49,3176055;NA;NA;NA
780381;2026-06-22;"segunda-feira";"10:21:00";"ES";262;58,4;"MARECHAL FLORIANO";"Condutor deixou de manter distância do veículo da frente";"Colisão traseira";"Sem Vítimas";"Pleno dia";"Crescente";"Céu Claro";"Simples";"Aclive;Reta";"Não";3;0;0;0;2;1;0;2;-20,42280461;-40,77473609;NA;NA;NA
780385;2026-06-22;"segunda-feira";"12:40:00";"ES";101;121;"LINHARES";"Demais falhas mecânicas ou elétricas";"Incêndio";"Sem Vítimas";"Pleno dia";"Decrescente";"Céu Claro";"Simples";"Reta";"Não";1;0;0;0;1;0;0;1;-19,15699018;-40,08155676;NA;NA;NA
780386;2026-06-22;"segunda-feira";"11:00:00";"SP";101;18;"UBATUBA";"Reação tardia ou ineficiente do condutor";"Tombamento";"Com Vítimas Feridas";"Pleno dia";"Decrescente";"Céu Claro";"Simples";"Reta";"Não";1;0;1;0;0;0;1;1;-23,31749;-44,899263;NA;NA;NA
780388;2026-06-22;"segunda-feira";"07:30:00";"ES";101;146;"LINHARES";"Velocidade Incompatível";"Atropelamento de Pedestre";"Com Vítimas Feridas";"Pleno dia";"Crescente";"Céu Claro";"Múltipla";"Reta";"Sim";2;0;2;0;0;0;2;2;-19,375274;-40,066334;NA;NA;NA
780389;2026-06-22;"segunda-feira";"07:30:00";"SP";116;169;"JACAREI";"Transitar na contramão";"Colisão lateral sentido oposto";"Com Vítimas Feridas";"Pleno dia";"Decrescente";"Céu Claro";"Múltipla";"Reta";"Sim";1;0;1;0;0;0;1;1;-23,3076896;-46,0469505;NA;NA;NA
780393;2026-06-11;"quinta-feira";"08:30:00";"BA";116;422;"FEIRA DE SANTANA";"Reação tardia ou ineficiente do condutor";"Colisão traseira";"Com Vítimas Feridas";"Pleno dia";"Decrescente";"Céu Claro";"Dupla";"Reta";"Sim";2;0;1;0;0;1;1;2;-12,22693438;-38,96465814;NA;NA;NA
780394;2026-06-22;"segunda-feira";"12:10:00";"PR";163;212;"CASCAVEL";"Chuva";"Capotamento";"Com Vítimas Feridas";"Pleno dia";"Decrescente";"Chuva";"Dupla";"Reta";"Não";1;0;1;0;0;0;1;1;-24,89580782;-53,53492842;NA;NA;NA
780397;2026-06-22;"segunda-feira";"13:15:00";"RJ";101;321;"NITEROI";"Reação tardia ou ineficiente do condutor";"Engavetamento";"Sem Vítimas";"Pleno dia";"Crescente";"Céu Claro";"Múltipla";"Reta";"Sim";5;0;0;0;5;0;0;3;-22,873391;-43,110251;NA;NA;NA
780398;2026-06-22;"segunda-feira";"11:10:00";"RS";285;113,3;"VACARIA";"Acumulo de água sobre o pavimento";"Saída de leito carroçável";"Com Vítimas Feridas";"Pleno dia";"Crescente";"Chuva";"Simples";"Curva";"Não";2;0;1;0;1;0;1;1;-28,5138493;-50,8715373;NA;NA;NA
780400;2026-06-22;"segunda-feira";"12:23:00";"MT";70;1;"BARRA DO GARCAS";"Conversão proibida";"Colisão frontal";"Com Vítimas Feridas";"Pleno dia";"Crescente";"Céu Claro";"Simples";"Interseção de Vias";"Não";2;0;1;0;1;0;1;2;-15,89316489;-52,25950599;NA;NA;NA
780401;2026-06-22;"segunda-feira";"13:19:00";"RS";293;2;"PELOTAS";"Desrespeitar a preferência no cruzamento";"Colisão transversal";"Com Vítimas Feridas";"Pleno dia";"Crescente";"Chuva";"Simples";"Reta";"Sim";2;0;1;0;1;0;1;2;-31,74847659;-52,3608691;NA;NA;NA
780402;2026-06-22;"segunda-feira";"11:05:00";"MT";364;272;"JACIARA";"Pedestre cruzava a pista fora da faixa";"Atropelamento de Pedestre";"Com Vítimas Feridas";"Pleno dia";"Crescente";"Céu Claro";"Dupla";"Reta";"Sim";2;0;1;0;1;0;1;2;-15,962632;-54,96422;NA;NA;NA
780407;2026-06-22;"segunda-feira";"13:25:00";"SP";101;47;"UBATUBA";"Demais falhas mecânicas ou elétricas";"Incêndio";"Com Vítimas Feridas";"Pleno dia";"Crescente";"Céu Claro";"Simples";"Reta";"Sim";1;0;1;0;0;0;1;1;-23,43295386;-45,08517623;NA;NA;NA
780408;2026-06-22;"segunda-feira";"14:00:00";"DF";70;14,7;"BRASILIA";"Manobra de mudança de faixa";"Colisão lateral mesmo sentido";"Com Vítimas Feridas";"Pleno dia";"Decrescente";"Céu Claro";"Dupla";"Reta";"Sim";3;0;1;0;2;0;1;3;-15,798444;-48,187832;NA;NA;NA
780409;2026-06-22;"segunda-feira";"13:40:00";"MG";381;829,3;"SAO SEBASTIAO DA BELA VISTA";"Avarias e/ou desgaste excessivo no pneu";"Tombamento";"Com Vítimas Feridas";"Pleno dia";"Decrescente";"Sol";"Dupla";"Reta";"Não";1;0;1;0;0;0;1;1;-22,11950785;-45,75905353;NA;NA;NA
780410;2026-06-22;"segunda-feira";"13:35:00";"PR";277;118;"CAMPO LARGO";"Mal súbito do condutor";"Tombamento";"Com Vítimas Feridas";"Pleno dia";"Crescente";"Nublado";"Dupla";"Aclive;Reta";"Não";1;0;1;0;0;0;1;1;-25,44345869;-49,46507335;NA;NA;NA
780411;2026-06-22;"segunda-feira";"14:15:00";"BA";324;516;"FEIRA DE SANTANA";"Reação tardia ou ineficiente do condutor";"Colisão transversal";"Com Vítimas Feridas";"Pleno dia";"Decrescente";"Céu Claro";"Múltipla";"Reta";"Sim";2;0;0;1;1;0;1;2;-12,25861502;-38,93211365;NA;NA;NA
780412;2026-06-22;"segunda-feira";"14:15:00";"MG";381;492,7;"BETIM";"Pedestre andava na pista";"Atropelamento de Pedestre";"Com Vítimas Feridas";"Pleno dia";"Decrescente";"Sol";"Múltipla";"Reta";"Sim";2;0;1;0;1;0;1;2;-19,962998;-44,165762;NA;NA;NA
780413;2026-06-22;"segunda-feira";"13:47:00";"RJ";356;23;"ITAPERUNA";"Ausência de reação do condutor";"Colisão traseira";"Com Vítimas Feridas";"Pleno dia";"Decrescente";"Sol";"Simples";"Reta";"Não";3;0;2;0;1;0;2;2;-21,2584937;-41,7691766;NA;NA;NA
780414;2026-06-22;"segunda-feira";"12:45:00";"RO";364;425,4;"JARU";"Área urbana sem a presença de local apropriado para a travessia de pedestres";"Atropelamento de Pedestre";"Com Vítimas Feridas";"Pleno dia";"Crescente";"Nublado";"Dupla";"Reta";"Sim";2;0;2;0;0;0;2;2;-10,43585936;-62,47396248;NA;NA;NA
780415;2026-06-22;"segunda-feira";"12:50:00";"MT";163;1030;"PEIXOTO DE AZEVEDO";"Acessar a via sem observar a presença dos outros veículos";"Colisão transversal";"Com Vítimas Feridas";"Pleno dia";"Crescente";"Céu Claro";"Simples";"Reta";"Sim";2;0;2;0;0;0;2;2;-10,2418027;-54,9864455;NA;NA;NA
780417;2026-06-22;"segunda-feira";"14:30:00";"SP";488;4,2;"APARECIDA";"Ausência de reação do condutor";"Colisão transversal";"Com Vítimas Feridas";"Pleno dia";"Crescente";"Sol";"Dupla";"Curva";"Sim";2;0;1;0;1;0;1;2;-22,860167;-45,252998;NA;NA;NA
780418;2026-06-22;"segunda-feira";"14:36:00";"PB";230;22;"JOAO PESSOA";"Trafegar com motocicleta (ou similar) entre as faixas";"Colisão lateral mesmo sentido";"Com Vítimas Feridas";"Pleno dia";"Decrescente";"Nublado";"Dupla";"Reta";"Sim";2;0;1;0;1;0;1;2;-7,152773;-34,854395;NA;NA;NA
780419;2026-06-22;"segunda-feira";"14:40:00";"CE";0;0;"FORTALEZA";"Reação tardia ou ineficiente do condutor";"Engavetamento";"Sem Vítimas";"Pleno dia";"Não Informado";"Céu Claro";"Múltipla";"Reta";"Sim";4;0;0;0;4;0;0;4;-3,77782256;-38,51489067;NA;NA;NA
780420;2026-06-22;"segunda-feira";"12:30:00";"PR";163;159,5;"LINDOESTE";"Chuva";"Saída de leito carroçável";"Com Vítimas Feridas";"Pleno dia";"Decrescente";"Chuva";"Dupla";"Declive;Curva";"Não";2;0;0;2;0;0;2;1;-25,317497;-53,591453;NA;NA;NA
780421;2026-06-22;"segunda-feira";"15:00:00";"BA";324;516;"FEIRA DE SANTANA";"Conversão proibida";"Colisão traseira";"Com Vítimas Feridas";"Pleno dia";"Crescente";"Céu Claro";"Simples";"Reta";"Sim";3;0;1;0;2;0;1;3;-12,25593105;-38,93241405;NA;NA;NA
780422;2026-06-11;"quinta-feira";"15:04:00";"DF";20;54;"BRASILIA";"Velocidade Incompatível";"Saída de leito carroçável";"Com Vítimas Feridas";"Pleno dia";"Crescente";"Chuva";"Dupla";"Reta;Declive";"Não";2;0;2;0;0;0;2;1;-15,578033;-47,383287;NA;NA;NA
780423;2026-06-22;"segunda-feira";"14:30:00";"SC";282;55;"AGUAS MORNAS";"Chuva";"Colisão frontal";"Com Vítimas Feridas";"Pleno dia";"Decrescente";"Chuva";"Simples";"Curva";"Não";4;0;1;3;0;0;4;2;-27,6878311;-48,9781106;NA;NA;NA
780424;2026-06-22;"segunda-feira";"14:45:00";"RN";304;281;"MACAIBA";"Reação tardia ou ineficiente do condutor";"Colisão com objeto";"Com Vítimas Feridas";"Pleno dia";"Decrescente";"Céu Claro";"Dupla";"Reta";"Não";2;0;1;1;0;0;2;1;-5,8872167;-35,4816967;NA;NA;NA
780427;2026-06-22;"segunda-feira";"15:30:00";"RN";304;32;"MOSSORO";"Avarias e/ou desgaste excessivo no pneu";"Tombamento";"Com Vítimas Feridas";"Pleno dia";"Decrescente";"Céu Claro";"Dupla";"Reta";"Sim";2;0;2;0;0;0;2;1;-5,1418148;-37,34631507;NA;NA;NA
780428;2026-06-22;"segunda-feira";"15:05:00";"RS";392;352;"SANTA MARIA";"Pista Escorregadia";"Colisão com objeto";"Com Vítimas Feridas";"Pleno dia";"Decrescente";"Chuva";"Múltipla";"Curva";"Sim";1;0;1;0;0;0;1;1;-29,71572577;-53,809714;NA;NA;NA
780430;2026-06-22;"segunda-feira";"14:45:00";"MG";50;178;"UBERABA";"Condutor deixou de manter distância do veículo da frente";"Colisão traseira";"Com Vítimas Feridas";"Pleno dia";"Decrescente";"Céu Claro";"Dupla";"Declive;Reta";"Sim";2;0;1;0;1;0;1;2;-19,77858688;-47,93404698;NA;NA;NA