"id";"data_inversa";"dia_semana";"horario";"uf";"br";"km";"municipio";"causa_acidente";"tipo_acidente";"classificacao_acidente";"fase_dia";"sentido_via";"condicao_metereologica";"tipo_pista";"tracado_via";"uso_solo";"pessoas";"mortos";"feridos_leves";"feridos_graves";"ilesos";"ignorados";"feridos";"veiculos";"latitude";"longitude";"regional";"delegacia";"uop"
780587;2026-06-23;"terça-feira";"11:00:00";"GO";153;502;"GOIANAPOLIS";"Ausência de reação do condutor";"Colisão traseira";"Com Vítimas Feridas";"Pleno dia";"Crescente";"Céu Claro";"Dupla";"Reta";"Sim";2;0;0;1;1;0;1;2;-16,57573942;-49,15934717;NA;NA;NA
780588;2026-06-23;"terça-feira";"08:45:00";"SC";101;149;"ITAPEMA";"Reação tardia ou ineficiente do condutor";"Colisão traseira";"Com Vítimas Feridas";"Pleno dia";"Crescente";"Nublado";"Múltipla";"Reta";"Sim";2;0;1;0;1;0;1;2;-27,12188515;-48,60976903;NA;NA;NA
780589;2026-06-23;"terça-feira";"11:24:00";"RN";101;94;"NATAL";"Trafegar com motocicleta (ou similar) entre as faixas";"Colisão lateral mesmo sentido";"Com Vítimas Feridas";"Pleno dia";"Decrescente";"Céu Claro";"Múltipla";"Interseção de Vias;Reta";"Sim";2;0;1;0;1;0;1;2;-5,8312408;-35,21176863;NA;NA;NA
780590;2026-05-20;"quarta-feira";"19:40:00";"GO";364;314;"MINEIROS";"Ultrapassagem Indevida";"Colisão lateral mesmo sentido";"Com Vítimas Feridas";"Anoitecer";"Crescente";"Garoa/Chuvisco";"Simples";"Reta";"Não";2;0;1;0;1;0;1;2;-17,44875;-52,59529;NA;NA;NA
780591;2026-06-23;"terça-feira";"10:10:00";"CE";20;312,7;"CANINDE";"Transitar na contramão";"Colisão lateral sentido oposto";"Sem Vítimas";"Pleno dia";"Crescente";"Céu Claro";"Simples";"Aclive;Curva";"Não";2;0;0;0;2;0;0;2;-4,321342;-39,270412;NA;NA;NA
780593;2026-06-23;"terça-feira";"11:30:00";"PE";232;148;"SAO CAITANO";"Condutor deixou de manter distância do veículo da frente";"Colisão traseira";"Sem Vítimas";"Pleno dia";"Crescente";"Céu Claro";"Dupla";"Reta";"Sim";2;0;0;0;1;1;0;2;-8,33218739;-36,14046729;NA;NA;NA
780594;2026-06-23;"terça-feira";"11:00:00";"SP";116;148;"SAO JOSE DOS CAMPOS";"Reação tardia ou ineficiente do condutor";"Colisão lateral mesmo sentido";"Com Vítimas Feridas";"Pleno dia";"Decrescente";"Garoa/Chuvisco";"Múltipla";"Reta";"Sim";3;0;1;0;2;0;1;2;-23,20098798;-45,87956834;NA;NA;NA
780596;2026-06-23;"terça-feira";"11:14:00";"PE";101;41,7;"IGARASSU";"Trafegar com motocicleta (ou similar) entre as faixas";"Colisão lateral mesmo sentido";"Com Vítimas Feridas";"Pleno dia";"Decrescente";"Chuva";"Dupla";"Reta;Declive";"Não";3;0;1;0;2;0;1;2;-7,836937;-34,912413;NA;NA;NA
780597;2026-06-23;"terça-feira";"12:00:00";"SE";235;55;"ITABAIANA";"Chuva";"Saída de leito carroçável";"Com Vítimas Feridas";"Pleno dia";"Crescente";"Chuva";"Simples";"Reta";"Não";2;0;2;0;0;0;2;1;-10,669224;-37,444953;NA;NA;NA
780598;2026-06-19;"sexta-feira";"14:45:00";"MS";163;264;"DOURADOS";"Acumulo de areia ou detritos sobre o pavimento";"Tombamento";"Com Vítimas Feridas";"Pleno dia";"Decrescente";"Chuva";"Dupla";"Reta";"Sim";1;0;0;1;0;0;1;1;-22,226057;-54,736509;NA;NA;NA
780599;2026-06-23;"terça-feira";"11:40:00";"MG";40;102;"LAGOA GRANDE";"Condutor deixou de manter distância do veículo da frente";"Capotamento";"Com Vítimas Feridas";"Pleno dia";"Crescente";"Céu Claro";"Simples";"Reta";"Não";5;0;1;1;3;0;2;2;-17,57505731;-46,4937973;NA;NA;NA
780600;2026-06-23;"terça-feira";"11:55:00";"SP";116;291;"ITAPECERICA DA SERRA";"Ausência de reação do condutor";"Tombamento";"Com Vítimas Feridas";"Pleno dia";"Decrescente";"Chuva";"Dupla";"Retorno Regulamentado";"Sim";1;0;1;0;0;0;1;1;-23,73315;-46,894938;NA;NA;NA
780601;2026-06-05;"sexta-feira";"07:20:00";"BA";324;519;"FEIRA DE SANTANA";"Ausência de reação do condutor";"Colisão traseira";"Com Vítimas Feridas";"Pleno dia";"Decrescente";"Nublado";"Dupla";"Reta";"Sim";1;0;1;0;0;0;1;1;-12,27334181;-38,93396823;NA;NA;NA
780605;2026-06-19;"sexta-feira";"19:35:00";"MT";70;1;"BARRA DO GARCAS";"Condutor desrespeitou a iluminação vermelha do semáforo";"Colisão transversal";"Com Vítimas Feridas";"Plena Noite";"Decrescente";"Céu Claro";"Simples";"Reta;Interseção de Vias";"Sim";2;0;1;0;1;0;1;2;-15,890116;-52,264128;NA;NA;NA
780606;2026-06-21;"domingo";"04:20:00";"CE";20;325;"CARIDADE";"Animais na Pista";"Atropelamento de Animal";"Com Vítimas Feridas";"Amanhecer";"Crescente";"Céu Claro";"Simples";"Reta";"Sim";3;0;1;0;2;0;1;1;-4,233734;-39,200304;NA;NA;NA
780609;2026-06-22;"segunda-feira";"09:00:00";"SC";282;374;"ERVAL VELHO";"Condutor deixou de manter distância do veículo da frente";"Colisão traseira";"Sem Vítimas";"Pleno dia";"Decrescente";"Ignorado";"Simples";"Reta";"Não";2;0;0;0;1;1;0;2;-27,2404981;-51,44989226;NA;NA;NA
780612;2026-06-23;"terça-feira";"10:30:00";"PI";343;151;"PIRACURUCA";"Ausência de reação do condutor";"Tombamento";"Com Vítimas Feridas";"Pleno dia";"Decrescente";"Céu Claro";"Simples";"Reta";"Não";1;0;1;0;0;0;1;1;-3,95331088;-41,72470093;NA;NA;NA
780613;2026-06-23;"terça-feira";"13:15:00";"SP";381;85;"SAO PAULO";"Manobra de mudança de faixa";"Colisão traseira";"Com Vítimas Feridas";"Pleno dia";"Crescente";"Chuva";"Múltipla";"Reta;Viaduto;Aclive";"Sim";6;0;1;0;5;0;1;3;-23,458875;-46,571497;NA;NA;NA
780617;2026-06-23;"terça-feira";"12:30:00";"PA";163;990;"SANTAREM";"Acessar a via sem observar a presença dos outros veículos";"Colisão transversal";"Com Vítimas Feridas";"Pleno dia";"Crescente";"Céu Claro";"Simples";"Reta";"Não";2;0;1;0;1;0;1;2;-2,55510395;-54,72245353;NA;NA;NA
780619;2026-06-22;"segunda-feira";"04:00:00";"PI";343;233;"COCAL DE TELHA";"Ausência de reação do condutor";"Saída de leito carroçável";"Com Vítimas Fatais";"Plena Noite";"Decrescente";"Céu Claro";"Simples";"Curva";"Não";1;1;0;0;0;0;0;1;-4,617827;-42,002875;NA;NA;NA
780620;2026-06-23;"terça-feira";"13:03:00";"RS";472;161,9;"SANTA ROSA";"Desrespeitar a preferência no cruzamento";"Colisão transversal";"Com Vítimas Feridas";"Pleno dia";"Decrescente";"Céu Claro";"Simples";"Interseção de Vias";"Não";2;0;2;0;0;0;2;2;-27,879298;-54,429274;NA;NA;NA
780622;2026-06-23;"terça-feira";"10:00:00";"SC";101;54,8;"JOINVILLE";"Condutor deixou de manter distância do veículo da frente";"Colisão traseira";"Sem Vítimas";"Pleno dia";"Crescente";"Nublado";"Dupla";"Declive";"Não";2;0;0;0;2;0;0;2;-26,42661645;-48,82804871;NA;NA;NA
780624;2026-06-23;"terça-feira";"11:50:00";"SC";101;146;"ITAPEMA";"Demais falhas mecânicas ou elétricas";"Tombamento";"Com Vítimas Feridas";"Pleno dia";"Crescente";"Nublado";"Dupla";"Declive";"Sim";1;0;1;0;0;0;1;1;-27,08679233;-48,60990362;NA;NA;NA
780625;2026-06-23;"terça-feira";"13:15:00";"SC";101;105;"PENHA";"Reação tardia ou ineficiente do condutor";"Colisão com objeto";"Sem Vítimas";"Pleno dia";"Decrescente";"Nublado";"Dupla";"Aclive;Reta";"Não";1;0;0;0;1;0;0;1;-26,82502821;-48,68908882;NA;NA;NA
780628;2026-06-23;"terça-feira";"13:30:00";"PB";230;137,9;"MASSARANDUBA";"Pista Escorregadia";"Saída de leito carroçável";"Com Vítimas Feridas";"Pleno dia";"Decrescente";"Chuva";"Dupla";"Curva;Declive";"Não";2;0;2;0;0;0;2;1;-7,271526;-35,786277;NA;NA;NA
780629;2026-06-23;"terça-feira";"14:31:00";"PE";101;68,2;"RECIFE";"Acessar a via sem observar a presença dos outros veículos";"Colisão transversal";"Com Vítimas Feridas";"Pleno dia";"Crescente";"Céu Claro";"Múltipla";"Rotatória";"Sim";3;0;1;1;1;0;2;2;-8,05189;-34,94672;NA;NA;NA
780630;2026-06-23;"terça-feira";"14:05:00";"PR";116;38;"CAMPINA GRANDE DO SUL";"Chuva";"Saída de leito carroçável";"Com Vítimas Feridas";"Pleno dia";"Decrescente";"Chuva";"Dupla";"Declive;Curva";"Não";3;0;2;0;1;0;2;1;-25,150457;-48,859163;NA;NA;NA
780631;2026-06-23;"terça-feira";"14:16:00";"PE";232;8;"RECIFE";"Acessar a via sem observar a presença dos outros veículos";"Colisão traseira";"Com Vítimas Feridas";"Pleno dia";"Crescente";"Céu Claro";"Simples";"Reta;Interseção de Vias";"Sim";2;0;1;0;1;0;1;2;-8,07595;-34,97094;NA;NA;NA
780634;2026-06-07;"domingo";"03:45:00";"PE";232;203;"PESQUEIRA";"Ultrapassagem Indevida";"Colisão frontal";"Com Vítimas Feridas";"Amanhecer";"Crescente";"Céu Claro";"Simples";"Declive";"Não";2;0;0;1;1;0;1;2;-8,37209306;-36,6381135;NA;NA;NA
780636;2026-06-23;"terça-feira";"15:00:00";"PE";232;8;"RECIFE";"Trafegar com motocicleta (ou similar) entre as faixas";"Colisão lateral mesmo sentido";"Com Vítimas Feridas";"Pleno dia";"Crescente";"Nublado";"Dupla";"Reta";"Não";3;0;0;1;2;0;1;2;-8,075563;-34,969244;NA;NA;NA
780637;2026-06-23;"terça-feira";"14:50:00";"BA";242;813;"BARREIRAS";"Acessar a via sem observar a presença dos outros veículos";"Colisão transversal";"Com Vítimas Feridas";"Pleno dia";"Crescente";"Céu Claro";"Simples";"Interseção de Vias;Curva";"Não";2;0;0;1;1;0;1;2;-12,11901;-44,95267;NA;NA;NA
780638;2026-06-23;"terça-feira";"09:30:00";"MS";163;703,8;"RIO VERDE DE MATO GROSSO";"Reação tardia ou ineficiente do condutor";"Tombamento";"Com Vítimas Feridas";"Pleno dia";"Crescente";"Nublado";"Dupla";"Declive;Reta";"Não";1;0;1;0;0;0;1;1;-18,718711;-54,813844;NA;NA;NA
780639;2026-06-23;"terça-feira";"15:03:00";"PE";101;49;"ABREU E LIMA";"Ingestão de álcool pelo condutor";"Colisão traseira";"Sem Vítimas";"Pleno dia";"Decrescente";"Céu Claro";"Dupla";"Reta";"Sim";3;0;0;0;3;0;0;3;-7,900232;-34,902075;NA;NA;NA
780641;2026-06-23;"terça-feira";"14:12:00";"MG";251;465,3;"GRAO MOGOL";"Velocidade Incompatível";"Saída de leito carroçável";"Com Vítimas Feridas";"Pleno dia";"Crescente";"Céu Claro";"Simples";"Curva;Declive";"Não";4;0;4;0;0;0;4;1;-16,440669;-43,395937;NA;NA;NA
780642;2026-06-23;"terça-feira";"15:00:00";"GO";153;443;"ANAPOLIS";"Demais falhas mecânicas ou elétricas";"Colisão traseira";"Com Vítimas Feridas";"Pleno dia";"Decrescente";"Céu Claro";"Dupla";"Reta";"Sim";4;0;1;1;2;0;2;2;-16,34944348;-48,92715859;NA;NA;NA
780643;2026-06-23;"terça-feira";"15:34:00";"GO";50;122,2;"IPAMERI";"Reação tardia ou ineficiente do condutor";"Saída de leito carroçável";"Com Vítimas Feridas";"Pleno dia";"Decrescente";"Céu Claro";"Dupla";"Curva";"Não";1;0;1;0;0;0;1;1;-16,943758;-47,728932;NA;NA;NA
780644;2026-06-23;"terça-feira";"12:15:00";"SC";282;571,7;"NOVA ERECHIM";"Acesso irregular";"Colisão transversal";"Sem Vítimas";"Pleno dia";"Decrescente";"Céu Claro";"Simples";"Reta";"Não";2;0;0;0;2;0;0;2;-26,88766485;-52,93485778;NA;NA;NA
780645;2026-06-23;"terça-feira";"15:28:00";"PE";428;192;"PETROLINA";"Transitar na contramão";"Colisão frontal";"Com Vítimas Feridas";"Pleno dia";"Crescente";"Céu Claro";"Dupla";"Reta";"Sim";2;0;1;0;1;0;1;2;-9,385741;-40,522792;NA;NA;NA
780646;2026-06-23;"terça-feira";"13:40:00";"RN";427;8,9;"CURRAIS NOVOS";"Ausência de reação do condutor";"Colisão lateral sentido oposto";"Com Vítimas Feridas";"Pleno dia";"Crescente";"Céu Claro";"Simples";"Curva";"Não";2;0;1;0;1;0;1;2;-6,32911855;-36,54155731;NA;NA;NA
780647;2026-06-23;"terça-feira";"15:05:00";"MG";381;936,5;"EXTREMA";"Ausência de reação do condutor";"Saída de leito carroçável";"Com Vítimas Feridas";"Pleno dia";"Crescente";"Chuva";"Dupla";"Reta";"Não";2;0;2;0;0;0;2;1;-22,811432;-46,283206;NA;NA;NA
780648;2026-06-23;"terça-feira";"16:15:00";"PE";408;53;"CARPINA";"Frear bruscamente";"Colisão lateral mesmo sentido";"Com Vítimas Feridas";"Pleno dia";"Crescente";"Céu Claro";"Simples";"Reta";"Não";3;0;1;0;2;0;1;2;-7,82477928;-35,24577141;NA;NA;NA
780652;2026-06-23;"terça-feira";"14:50:00";"SE";235;6;"NOSSA SENHORA DO SOCORRO";"Reação tardia ou ineficiente do condutor";"Colisão traseira";"Com Vítimas Feridas";"Pleno dia";"Crescente";"Céu Claro";"Dupla";"Interseção de Vias";"Não";2;0;1;0;1;0;1;2;-10,89998066;-37,1318686;NA;NA;NA
780653;2026-06-23;"terça-feira";"06:30:00";"RO";364;848;"PORTO VELHO";"Transitar na contramão";"Colisão frontal";"Com Vítimas Fatais";"Pleno dia";"Crescente";"Céu Claro";"Simples";"Reta";"Não";7;1;0;0;5;1;0;3;-9,45360863;-64,73993048;NA;NA;NA
780655;2026-06-23;"terça-feira";"13:40:00";"RO";364;651;"CANDEIAS DO JAMARI";"Reação tardia ou ineficiente do condutor";"Colisão frontal";"Com Vítimas Fatais";"Pleno dia";"Crescente";"Nublado";"Simples";"Reta";"Não";4;1;0;3;0;0;3;2;-8,915023;-63,435392;NA;NA;NA
780656;2026-06-23;"terça-feira";"16:30:00";"MG";40;507,1;"RIBEIRAO DAS NEVES";"Ausência de reação do condutor";"Colisão traseira";"Com Vítimas Feridas";"Pleno dia";"Decrescente";"Céu Claro";"Dupla";"Reta";"Sim";2;0;0;1;1;0;1;2;-19,7537;-44,14377;NA;NA;NA
780661;2026-06-23;"terça-feira";"16:00:00";"MT";70;4;"BARRA DO GARCAS";"Ausência de reação do condutor";"Tombamento";"Com Vítimas Feridas";"Pleno dia";"Crescente";"Céu Claro";"Dupla";"Rotatória";"Sim";1;0;1;0;0;0;1;1;-15,87838155;-52,29929551;NA;NA;NA
780662;2026-06-23;"terça-feira";"17:45:00";"PR";376;596;"CURITIBA";"Manobra de mudança de faixa";"Colisão transversal";"Sem Vítimas";"Anoitecer";"Crescente";"Céu Claro";"Dupla";"Reta";"Sim";2;0;0;0;2;0;0;2;-25,45004167;-49,36326474;NA;NA;NA
780664;2026-06-23;"terça-feira";"17:15:00";"MG";40;553;"NOVA LIMA";"Transitar na contramão";"Colisão frontal";"Com Vítimas Feridas";"Plena Noite";"Crescente";"Céu Claro";"Múltipla";"Aclive;Reta";"Sim";2;0;0;1;1;0;1;2;-20,064899;-43,980262;NA;NA;NA
780665;2026-06-23;"terça-feira";"16:40:00";"PR";116;112,9;"CURITIBA";"Trafegar com motocicleta (ou similar) entre as faixas";"Colisão lateral mesmo sentido";"Com Vítimas Feridas";"Pleno dia";"Decrescente";"Nublado";"Dupla";"Reta";"Não";2;0;0;1;1;0;1;2;-25,550299;-49,2821;NA;NA;NA
780667;2026-06-23;"terça-feira";"18:15:00";"BA";116;212;"FEIRA DE SANTANA";"Manobra de mudança de faixa";"Colisão lateral mesmo sentido";"Com Vítimas Feridas";"Plena Noite";"Decrescente";"Céu Claro";"Dupla";"Declive;Reta";"Sim";3;0;2;0;1;0;2;2;-12,1570165;-38,9642192;NA;NA;NA
780669;2026-06-23;"terça-feira";"18:00:00";"PE";428;168,9;"PETROLINA";"Demais falhas mecânicas ou elétricas";"Colisão transversal";"Com Vítimas Feridas";"Plena Noite";"Crescente";"Céu Claro";"Simples";"Reta";"Não";3;0;1;0;1;1;1;2;-9,221358;-40,408312;NA;NA;NA
780670;2026-06-23;"terça-feira";"17:00:00";"SP";116;537;"BARRA DO TURVO";"Pista Escorregadia";"Colisão com objeto";"Com Vítimas Feridas";"Pleno dia";"Crescente";"Chuva";"Simples";"Declive;Curva";"Não";4;0;1;0;3;0;1;1;-24,9718;-48,3721;NA;NA;NA
780671;2026-06-23;"terça-feira";"18:20:00";"MG";50;70,5;"UBERLANDIA";"Manobra de mudança de faixa";"Colisão traseira";"Com Vítimas Feridas";"Plena Noite";"Decrescente";"Céu Claro";"Dupla";"Reta;Aclive;Em Obras";"Sim";2;0;1;0;1;0;1;2;-18,89201;-48,25452;NA;NA;NA
780672;2026-06-23;"terça-feira";"18:25:00";"MG";50;69;"UBERLANDIA";"Afundamento ou ondulação no pavimento";"Queda de ocupante de veículo";"Com Vítimas Feridas";"Anoitecer";"Crescente";"Céu Claro";"Dupla";"Em Obras;Reta";"Não";3;0;0;1;0;2;1;2;-18,88557364;-48,26412885;NA;NA;NA
780674;2026-06-23;"terça-feira";"08:20:00";"MG";356;263,9;"MURIAE";"Ultrapassagem Indevida";"Colisão lateral mesmo sentido";"Com Vítimas Feridas";"Pleno dia";"Decrescente";"Sol";"Simples";"Curva";"Não";2;0;1;0;0;1;1;2;-21,126632;-42,373807;NA;NA;NA
780675;2026-06-23;"terça-feira";"16:05:00";"PI";343;15,3;"PARNAIBA";"Frear bruscamente";"Colisão traseira";"Com Vítimas Feridas";"Pleno dia";"Crescente";"Céu Claro";"Simples";"Reta";"Sim";2;0;1;0;1;0;1;2;-2,939538;-41,75553;NA;NA;NA
780676;2026-06-23;"terça-feira";"18:25:00";"SP";116;215;"GUARULHOS";"Trafegar com motocicleta (ou similar) entre as faixas";"Colisão traseira";"Com Vítimas Feridas";"Plena Noite";"Crescente";"Chuva";"Dupla";"Reta";"Não";2;0;0;1;1;0;1;2;-23,447512;-46,456078;NA;NA;NA
780677;2026-06-23;"terça-feira";"14:40:00";"PA";230;648;"ALTAMIRA";"Demais falhas mecânicas ou elétricas";"Incêndio";"Sem Vítimas";"Pleno dia";"Crescente";"Sol";"Simples";"Reta";"Não";3;0;0;0;3;0;0;1;-3,22137;-52,27626;NA;NA;NA
780678;2026-06-23;"terça-feira";"18:40:00";"DF";70;11;"BRASILIA";"Acessar a via sem observar a presença dos outros veículos";"Colisão transversal";"Com Vítimas Feridas";"Anoitecer";"Crescente";"Céu Claro";"Dupla";"Reta";"Sim";3;0;1;0;2;0;1;3;-15,79066;-48,15232;NA;NA;NA
780679;2026-06-23;"terça-feira";"18:10:00";"SC";282;23,6;"SANTO AMARO DA IMPERATRIZ";"Acessar a via sem observar a presença dos outros veículos";"Colisão transversal";"Sem Vítimas";"Plena Noite";"Crescente";"Céu Claro";"Simples";"Interseção de Vias;Reta";"Sim";2;0;0;0;2;0;0;2;-27,684222;-48,743533;NA;NA;NA
780681;2026-06-23;"terça-feira";"18:40:00";"MG";40;531;"CONTAGEM";"Condutor deixou de manter distância do veículo da frente";"Colisão traseira";"Com Vítimas Feridas";"Plena Noite";"Crescente";"Céu Claro";"Dupla";"Reta";"Sim";2;0;1;0;1;0;1;2;-19,920381;-44,024601;NA;NA;NA
780682;2026-06-23;"terça-feira";"19:00:00";"ES";262;42;"DOMINGOS MARTINS";"Reação tardia ou ineficiente do condutor";"Capotamento";"Com Vítimas Feridas";"Pleno dia";"Crescente";"Céu Claro";"Simples";"Curva";"Não";2;0;2;0;0;0;2;1;-20,38519096;-40,6542778;NA;NA;NA
780683;2026-06-23;"terça-feira";"19:00:00";"RS";116;302;"GUAIBA";"Ausência de sinalização";"Saída de leito carroçável";"Sem Vítimas";"Plena Noite";"Decrescente";"Céu Claro";"Múltipla";"Reta;Em Obras";"Não";3;0;0;0;3;0;0;1;-30,14499032;-51,36291182;NA;NA;NA
780684;2026-06-23;"terça-feira";"18:30:00";"MS";359;133,6;"ALCINOPOLIS";"Ausência de reação do condutor";"Colisão frontal";"Com Vítimas Feridas";"Plena Noite";"Decrescente";"Nublado";"Simples";"Reta";"Não";4;0;0;4;0;0;4;2;-18,261253;-53,949472;NA;NA;NA
780685;2026-06-23;"terça-feira";"18:20:00";"RS";153;46,6;"ERECHIM";"Transitar na contramão";"Colisão frontal";"Com Vítimas Feridas";"Plena Noite";"Decrescente";"Céu Claro";"Simples";"Aclive;Reta";"Sim";3;0;1;0;1;1;1;3;-27,63896706;-52,24157659;NA;NA;NA
780686;2026-06-23;"terça-feira";"18:02:00";"MG";381;164,2;"GOVERNADOR VALADARES";"Entrada inopinada do pedestre";"Atropelamento de Pedestre";"Com Vítimas Fatais";"Anoitecer";"Decrescente";"Céu Claro";"Simples";"Reta";"Não";3;1;0;0;2;0;0;2;-18,95246;-42,07241;NA;NA;NA
780689;2026-06-23;"terça-feira";"19:00:00";"RJ";116;169;"RIO DE JANEIRO";"Ausência de reação do condutor";"Colisão lateral mesmo sentido";"Com Vítimas Feridas";"Plena Noite";"Crescente";"Céu Claro";"Simples";"Reta";"Sim";4;0;1;0;3;0;1;3;-22,81641;-43,324293;NA;NA;NA
780690;2026-06-23;"terça-feira";"17:25:00";"MA";222;328,7;"IGARAPE DO MEIO";"Ausência de reação do condutor";"Atropelamento de Pedestre";"Com Vítimas Feridas";"Anoitecer";"Crescente";"Nublado";"Simples";"Reta";"Não";2;0;0;1;1;0;1;2;-3,585856;-45,069144;NA;NA;NA
780693;2026-06-23;"terça-feira";"19:15:00";"RS";392;352;"SANTA MARIA";"Ingestão de álcool pelo condutor";"Colisão traseira";"Com Vítimas Feridas";"Plena Noite";"Crescente";"Céu Claro";"Dupla";"Em Obras";"Sim";2;0;1;0;1;0;1;2;-29,71546486;-53,80947797;NA;NA;NA
780695;2026-06-23;"terça-feira";"18:40:00";"PR";467;110,4;"CASCAVEL";"Velocidade Incompatível";"Colisão traseira";"Com Vítimas Feridas";"Anoitecer";"Crescente";"Céu Claro";"Dupla";"Aclive";"Sim";5;0;1;0;4;0;1;2;-24,9241818;-53,4670435;NA;NA;NA
780696;2026-06-23;"terça-feira";"18:10:00";"RO";364;15;"VILHENA";"Acessar a via sem observar a presença dos outros veículos";"Colisão transversal";"Com Vítimas Feridas";"Plena Noite";"Decrescente";"Nublado";"Dupla";"Reta";"Sim";2;0;2;0;0;0;2;2;-12,73773188;-60,14413834;NA;NA;NA
780698;2026-06-23;"terça-feira";"19:10:00";"PB";101;90,7;"JOAO PESSOA";"Chuva";"Tombamento";"Com Vítimas Feridas";"Plena Noite";"Decrescente";"Chuva";"Dupla";"Reta";"Sim";1;0;1;0;0;0;1;1;-7,185982;-34,902218;NA;NA;NA
780699;2026-06-23;"terça-feira";"19:20:00";"SP";116;223;"GUARULHOS";"Ausência de reação do condutor";"Colisão com objeto";"Com Vítimas Feridas";"Plena Noite";"Decrescente";"Chuva";"Múltipla";"Reta";"Sim";2;0;1;0;1;0;1;2;-23,48137355;-46,53398752;NA;NA;NA
780700;2026-06-23;"terça-feira";"18:42:00";"PA";163;992;"SANTAREM";"Manobra de mudança de faixa";"Colisão transversal";"Com Vítimas Feridas";"Plena Noite";"Decrescente";"Céu Claro";"Simples";"Reta";"Sim";2;0;2;0;0;0;2;2;-2,53293;-54,72266;NA;NA;NA
780701;2026-06-23;"terça-feira";"17:00:00";"MG";40;142;"JOAO PINHEIRO";"Acessar a via sem observar a presença dos outros veículos";"Colisão transversal";"Com Vítimas Feridas";"Pleno dia";"Decrescente";"Céu Claro";"Simples";"Reta";"Sim";3;0;0;1;0;2;1;3;-17,741657;-46,184817;NA;NA;NA
780702;2026-04-10;"sexta-feira";"02:40:00";"RO";364;703;"PORTO VELHO";"Reação tardia ou ineficiente do condutor";"Saída de leito carroçável";"Sem Vítimas";"Plena Noite";"Decrescente";"Garoa/Chuvisco";"Dupla";"Reta";"Não";1;0;0;0;0;1;0;1;-8,8006;-63,80435;NA;NA;NA
780703;2026-06-23;"terça-feira";"19:10:00";"PB";230;150,7;"CAMPINA GRANDE";"Acumulo de areia ou detritos sobre o pavimento";"Tombamento";"Com Vítimas Feridas";"Plena Noite";"Decrescente";"Garoa/Chuvisco";"Simples";"Reta";"Não";2;0;1;1;0;0;2;1;-7,259725;-35,878562;NA;NA;NA
780704;2026-06-23;"terça-feira";"20:25:00";"PR";469;12;"FOZ DO IGUACU";"Conversão proibida";"Colisão lateral mesmo sentido";"Com Vítimas Feridas";"Plena Noite";"Decrescente";"Céu Claro";"Dupla";"Reta";"Sim";2;0;0;1;1;0;1;2;-25,57581438;-54,54722643;NA;NA;NA
780705;2026-06-23;"terça-feira";"15:55:00";"RO";425;127,5;"GUAJARA-MIRIM";"Manobra de mudança de faixa";"Colisão lateral mesmo sentido";"Com Vítimas Feridas";"Pleno dia";"Crescente";"Céu Claro";"Dupla";"Reta";"Não";2;0;1;0;1;0;1;2;-10,778913;-65,331915;NA;NA;NA
780707;2026-06-23;"terça-feira";"18:45:00";"SC";282;424,4;"VARGEM BONITA";"Reação tardia ou ineficiente do condutor";"Colisão frontal";"Com Vítimas Feridas";"Plena Noite";"Crescente";"Céu Claro";"Simples";"Declive;Curva";"Não";4;0;0;4;0;0;4;2;-26,99225;-51,751907;NA;NA;NA
780708;2026-06-23;"terça-feira";"20:10:00";"PE";428;188;"PETROLINA";"Acessar a via sem observar a presença dos outros veículos";"Colisão lateral mesmo sentido";"Com Vítimas Feridas";"Plena Noite";"Decrescente";"Céu Claro";"Múltipla";"Retorno Regulamentado;Reta";"Sim";2;0;1;0;1;0;1;2;-9,3644482;-40,4827274;NA;NA;NA
780709;2026-06-23;"terça-feira";"20:45:00";"RS";290;67,2;"GRAVATAI";"Demais falhas na via";"Tombamento";"Com Vítimas Feridas";"Plena Noite";"Crescente";"Céu Claro";"Dupla";"Reta";"Não";2;0;1;0;1;0;1;1;-29,942622;-50,92827;NA;NA;NA
780710;2026-06-23;"terça-feira";"20:33:00";"RN";304;297,3;"MACAIBA";"Iluminação deficiente";"Atropelamento de Pedestre";"Com Vítimas Fatais";"Plena Noite";"Crescente";"Nublado";"Dupla";"Reta";"Não";2;1;0;1;0;0;1;2;-5,86902;-35,327;NA;NA;NA