"id";"data_inversa";"dia_semana";"horario";"uf";"br";"km";"municipio";"causa_acidente";"tipo_acidente";"classificacao_acidente";"fase_dia";"sentido_via";"condicao_metereologica";"tipo_pista";"tracado_via";"uso_solo";"pessoas";"mortos";"feridos_leves";"feridos_graves";"ilesos";"ignorados";"feridos";"veiculos";"latitude";"longitude";"regional";"delegacia";"uop"
780711;2026-05-17;"domingo";"01:50:00";"MG";262;436;"NOVA SERRANA";"Ausência de reação do condutor";"Queda de ocupante de veículo";"Com Vítimas Feridas";"Plena Noite";"Decrescente";"Céu Claro";"Múltipla";"Curva";"Sim";2;0;2;0;0;0;2;1;-19,87232001;-44,9653244;NA;NA;NA
780712;2026-06-23;"terça-feira";"21:00:00";"SC";282;19,5;"PALHOCA";"Acessar a via sem observar a presença dos outros veículos";"Colisão transversal";"Com Vítimas Feridas";"Plena Noite";"Decrescente";"Nublado";"Simples";"Reta";"Não";4;0;3;1;0;0;4;2;-27,68147;-48,706003;NA;NA;NA
780713;2026-06-23;"terça-feira";"19:51:00";"RJ";101;52;"CAMPOS DOS GOYTACAZES";"Acessar a via sem observar a presença dos outros veículos";"Colisão transversal";"Com Vítimas Feridas";"Plena Noite";"Decrescente";"Céu Claro";"Simples";"Reta";"Não";2;0;1;0;1;0;1;2;-21,63509041;-41,31271362;NA;NA;NA
780714;2026-06-23;"terça-feira";"20:20:00";"ES";259;20,6;"JOAO NEIVA";"Transitar na contramão";"Colisão frontal";"Com Vítimas Feridas";"Plena Noite";"Crescente";"Céu Claro";"Simples";"Curva;Declive";"Não";3;0;0;1;2;0;1;2;-19,64444;-40,46382;NA;NA;NA
780716;2026-06-23;"terça-feira";"18:00:00";"MS";262;398;"TERENOS";"Acessar a via sem observar a presença dos outros veículos";"Colisão lateral sentido oposto";"Sem Vítimas";"Plena Noite";"Crescente";"Nublado";"Simples";"Reta";"Não";7;0;0;0;7;0;0;2;-20,419754;-55,014483;NA;NA;NA
780719;2026-06-23;"terça-feira";"18:50:00";"RJ";116;271;"BARRA MANSA";"Conversão proibida";"Colisão transversal";"Com Vítimas Feridas";"Plena Noite";"Crescente";"Nublado";"Simples";"Interseção de Vias";"Sim";3;0;1;0;2;0;1;2;-22,56094961;-44,12037341;NA;NA;NA
780722;2026-06-23;"terça-feira";"18:00:00";"SC";116;49,6;"PAPANDUVA";"Deficiência do Sistema de Iluminação/Sinalização";"Colisão traseira";"Com Vítimas Fatais";"Plena Noite";"Decrescente";"Céu Claro";"Simples";"Aclive;Reta";"Não";2;1;0;0;1;0;0;2;-26,37467;-50,128785;NA;NA;NA
780723;2026-06-23;"terça-feira";"21:00:00";"MG";50;79,5;"UBERLANDIA";"Reação tardia ou ineficiente do condutor";"Saída de leito carroçável";"Com Vítimas Feridas";"Plena Noite";"Decrescente";"Céu Claro";"Dupla";"Reta";"Sim";1;0;0;1;0;0;1;1;-18,948714;-48,217914;NA;NA;NA
780727;2026-06-23;"terça-feira";"21:50:00";"SC";470;56,8;"BLUMENAU";"Entrada inopinada do pedestre";"Atropelamento de Pedestre";"Com Vítimas Feridas";"Plena Noite";"Decrescente";"Céu Claro";"Dupla";"Reta";"Sim";2;0;1;1;0;0;2;2;-26,8775483;-49,1299917;NA;NA;NA
780730;2026-06-23;"terça-feira";"18:15:00";"RJ";116;271,5;"BARRA MANSA";"Deficiência do Sistema de Iluminação/Sinalização";"Atropelamento de Pedestre";"Com Vítimas Feridas";"Anoitecer";"Crescente";"Nublado";"Dupla";"Declive;Reta";"Sim";2;0;1;0;1;0;1;2;-22,55678379;-44,12743449;NA;NA;NA
780731;2026-06-23;"terça-feira";"20:40:00";"RJ";40;108;"DUQUE DE CAXIAS";"Manobra de mudança de faixa";"Colisão transversal";"Com Vítimas Feridas";"Plena Noite";"Crescente";"Céu Claro";"Dupla";"Reta";"Sim";5;0;4;0;1;0;4;2;-22,66127;-43,28451;NA;NA;NA
780732;2026-06-23;"terça-feira";"20:15:00";"GO";414;314;"COCALZINHO DE GOIAS";"Condutor deixou de manter distância do veículo da frente";"Colisão traseira";"Com Vítimas Feridas";"Plena Noite";"Decrescente";"Céu Claro";"Simples";"Reta";"Não";3;0;2;0;1;0;2;2;-15,3698867;-48,6458583;NA;NA;NA
780734;2026-06-23;"terça-feira";"21:40:00";"MS";262;550,3;"MIRANDA";"Reação tardia ou ineficiente do condutor";"Saída de leito carroçável";"Com Vítimas Feridas";"Plena Noite";"Crescente";"Garoa/Chuvisco";"Simples";"Reta";"Não";1;0;1;0;0;0;1;1;-20,271427;-56,318621;NA;NA;NA
780735;2026-06-23;"terça-feira";"14:00:00";"AM";174;966;"MANAUS";"Condutor Dormindo";"Saída de leito carroçável";"Com Vítimas Feridas";"Pleno dia";"Crescente";"Céu Claro";"Simples";"Reta";"Não";1;0;1;0;0;0;1;1;-2,261187;-60,03909;NA;NA;NA
780737;2026-06-23;"terça-feira";"22:17:00";"BA";330;813,5;"JITAUNA";"Transitar na contramão";"Colisão frontal";"Com Vítimas Feridas";"Plena Noite";"Crescente";"Céu Claro";"Simples";"Reta";"Sim";2;0;0;1;1;0;1;2;-14,01289;-39,89296;NA;NA;NA
780739;2026-06-23;"terça-feira";"22:50:00";"MG";153;238;"FRONTEIRA";"Demais falhas na via";"Queda de ocupante de veículo";"Com Vítimas Feridas";"Plena Noite";"Crescente";"Garoa/Chuvisco";"Simples";"Reta";"Não";1;0;1;0;0;0;1;1;-20,24993;-49,16845;NA;NA;NA
780742;2026-06-24;"quarta-feira";"01:26:00";"TO";153;671;"GURUPI";"Acessar a via sem observar a presença dos outros veículos";"Colisão transversal";"Com Vítimas Feridas";"Plena Noite";"Decrescente";"Céu Claro";"Dupla";"Interseção de Vias;Reta";"Sim";27;0;2;0;25;0;2;2;-11,71940107;-49,07685611;NA;NA;NA
780745;2026-06-24;"quarta-feira";"03:05:00";"MG";50;192;"DELTA";"Objeto estático sobre o leito carroçável";"Queda de ocupante de veículo";"Com Vítimas Feridas";"Plena Noite";"Crescente";"Garoa/Chuvisco";"Dupla";"Aclive;Reta";"Não";1;0;1;0;0;0;1;1;-19,87427;-47,857482;NA;NA;NA
780746;2026-06-24;"quarta-feira";"03:24:00";"PE";101;29;"ITAPISSUMA";"Ausência de reação do condutor";"Saída de leito carroçável";"Com Vítimas Feridas";"Plena Noite";"Crescente";"Garoa/Chuvisco";"Dupla";"Reta";"Não";1;0;0;1;0;0;1;1;-7,7299375;-34,9418939;NA;NA;NA
780748;2026-06-24;"quarta-feira";"01:30:00";"SC";153;4,5;"AGUA DOCE";"Reação tardia ou ineficiente do condutor";"Saída de leito carroçável";"Com Vítimas Feridas";"Plena Noite";"Decrescente";"Nevoeiro/Neblina";"Simples";"Curva";"Não";1;0;1;0;0;0;1;1;-26,64563324;-51,51308233;NA;NA;NA
780754;2026-06-20;"sábado";"05:00:00";"SP";116;276;"EMBU DAS ARTES";"Ausência de reação do condutor";"Tombamento";"Com Vítimas Feridas";"Plena Noite";"Crescente";"Céu Claro";"Dupla";"Reta";"Sim";1;0;1;0;0;0;1;1;-23,6248;-46,816;NA;NA;NA
780758;2026-06-24;"quarta-feira";"00:15:00";"MG";381;862,8;"POUSO ALEGRE";"Reação tardia ou ineficiente do condutor";"Capotamento";"Com Vítimas Feridas";"Plena Noite";"Crescente";"Chuva";"Dupla";"Aclive;Reta";"Não";2;0;1;0;1;0;1;1;-22,34158685;-45,92576131;NA;NA;NA
780763;2026-06-24;"quarta-feira";"06:10:00";"SP";116;223;"GUARULHOS";"Ausência de reação do condutor";"Colisão com objeto";"Com Vítimas Feridas";"Amanhecer";"Decrescente";"Chuva";"Múltipla";"Reta";"Não";1;0;0;1;0;0;1;1;-23,479062;-46,529878;NA;NA;NA
780765;2026-06-24;"quarta-feira";"06:49:00";"PE";101;38,9;"IGARASSU";"Ausência de reação do condutor";"Saída de leito carroçável";"Com Vítimas Feridas";"Pleno dia";"Crescente";"Chuva";"Dupla";"Curva";"Não";2;0;2;0;0;0;2;1;-7,8104272;-34,9203273;NA;NA;NA
780766;2026-06-24;"quarta-feira";"01:20:00";"CE";226;216;"PEDRA BRANCA";"Transtornos Mentais (exceto suicidio)";"Tombamento";"Com Vítimas Feridas";"Plena Noite";"Crescente";"Céu Claro";"Simples";"Reta";"Sim";1;0;1;0;0;0;1;1;-5,45533;-39,712513;NA;NA;NA
780775;2026-05-24;"domingo";"08:50:00";"SP";381;70;"MAIRIPORA";"Chuva";"Capotamento";"Com Vítimas Feridas";"Pleno dia";"Crescente";"Chuva";"Dupla";"Curva";"Não";2;0;1;0;1;0;1;1;-23,34052931;-46,57675518;NA;NA;NA
780776;2026-06-24;"quarta-feira";"07:40:00";"RS";472;574;"URUGUAIANA";"Acessar a via sem observar a presença dos outros veículos";"Colisão transversal";"Com Vítimas Feridas";"Amanhecer";"Decrescente";"Céu Claro";"Simples";"Reta;Interseção de Vias";"Sim";3;0;1;0;2;0;1;2;-29,763479;-57,051808;NA;NA;NA
780777;2026-06-24;"quarta-feira";"07:00:00";"CE";116;17,6;"FORTALEZA";"Velocidade Incompatível";"Colisão traseira";"Com Vítimas Feridas";"Pleno dia";"Decrescente";"Céu Claro";"Dupla";"Reta";"Sim";2;0;2;0;0;0;2;2;-3,87708082;-38,50013542;NA;NA;NA
780778;2026-06-24;"quarta-feira";"07:10:00";"GO";60;388;"RIO VERDE";"Manobra de mudança de faixa";"Colisão traseira";"Com Vítimas Feridas";"Pleno dia";"Crescente";"Nublado";"Dupla";"Reta";"Não";3;0;2;0;1;0;2;2;-17,824588;-50,959752;NA;NA;NA
780779;2026-06-24;"quarta-feira";"07:42:00";"SC";101;25,4;"JOINVILLE";"Acessar a via sem observar a presença dos outros veículos";"Colisão lateral mesmo sentido";"Com Vítimas Feridas";"Pleno dia";"Crescente";"Nublado";"Múltipla";"Reta";"Sim";2;0;1;0;1;0;1;2;-26,1831697;-48,91044617;NA;NA;NA
780780;2026-06-24;"quarta-feira";"06:10:00";"RJ";40;124;"DUQUE DE CAXIAS";"Trafegar com motocicleta (ou similar) entre as faixas";"Queda de ocupante de veículo";"Com Vítimas Feridas";"Pleno dia";"Crescente";"Garoa/Chuvisco";"Múltipla";"Reta";"Não";2;0;0;1;1;0;1;2;-22,80891;-43,28892;NA;NA;NA
780781;2026-06-24;"quarta-feira";"07:00:00";"PR";116;118;"CURITIBA";"Condutor deixou de manter distância do veículo da frente";"Colisão lateral mesmo sentido";"Com Vítimas Feridas";"Pleno dia";"Decrescente";"Nublado";"Dupla";"Reta";"Não";2;0;2;0;0;0;2;2;-25,574049;-49,311533;NA;NA;NA
780782;2026-06-24;"quarta-feira";"07:30:00";"PI";316;8,6;"TERESINA";"Reação tardia ou ineficiente do condutor";"Colisão traseira";"Com Vítimas Feridas";"Pleno dia";"Decrescente";"Céu Claro";"Múltipla";"Reta";"Sim";3;0;1;0;2;0;1;3;-5,17068;-42,767217;NA;NA;NA
780783;2026-06-24;"quarta-feira";"07:00:00";"TO";153;141;"ARAGUAINA";"Reação tardia ou ineficiente do condutor";"Queda de ocupante de veículo";"Com Vítimas Feridas";"Pleno dia";"Crescente";"Céu Claro";"Dupla";"Rotatória";"Sim";1;0;1;0;0;0;1;1;-7,17898907;-48,22280288;NA;NA;NA
780785;2026-06-01;"segunda-feira";"05:50:00";"AL";101;135;"SAO MIGUEL DOS CAMPOS";"Acesso irregular";"Colisão traseira";"Com Vítimas Feridas";"Amanhecer";"Crescente";"Céu Claro";"Dupla";"Reta";"Não";2;0;0;1;1;0;1;2;-9,77267121;-36,10210419;NA;NA;NA
780786;2026-06-24;"quarta-feira";"07:50:00";"MG";381;942,9;"EXTREMA";"Chuva";"Queda de ocupante de veículo";"Com Vítimas Feridas";"Pleno dia";"Crescente";"Chuva";"Dupla";"Curva";"Não";2;0;1;0;1;0;1;2;-22,83579398;-46,32633448;NA;NA;NA
780789;2026-05-31;"domingo";"20:00:00";"PR";277;670;"MEDIANEIRA";"Ingestão de álcool pelo condutor";"Saída de leito carroçável";"Com Vítimas Feridas";"Plena Noite";"Crescente";"Nevoeiro/Neblina";"Dupla";"Reta";"Sim";1;0;1;0;0;0;1;1;-25,27758334;-54,07419054;NA;NA;NA
780792;2026-06-24;"quarta-feira";"05:40:00";"RJ";393;252;"BARRA DO PIRAI";"Animais na Pista";"Atropelamento de Animal";"Com Vítimas Feridas";"Plena Noite";"Decrescente";"Chuva";"Simples";"Reta";"Não";1;0;1;0;0;0;1;1;-22,453536;-43,807653;NA;NA;NA
780794;2026-06-24;"quarta-feira";"08:35:00";"MG";365;623;"UBERLANDIA";"Reação tardia ou ineficiente do condutor";"Colisão traseira";"Com Vítimas Feridas";"Pleno dia";"Decrescente";"Nublado";"Dupla";"Reta;Aclive";"Sim";2;0;1;0;1;0;1;2;-18,906246;-48,29653;NA;NA;NA
780795;2026-06-24;"quarta-feira";"08:30:00";"MG";40;517;"RIBEIRAO DAS NEVES";"Acessar a via sem observar a presença dos outros veículos";"Colisão transversal";"Com Vítimas Feridas";"Pleno dia";"Crescente";"Céu Claro";"Dupla";"Reta";"Sim";2;0;1;0;1;0;1;2;-19,82946178;-44,08356666;NA;NA;NA
780796;2026-06-24;"quarta-feira";"05:30:00";"MS";163;6,4;"MUNDO NOVO";"Ausência de reação do condutor";"Colisão com objeto";"Com Vítimas Feridas";"Amanhecer";"Decrescente";"Céu Claro";"Dupla";"Rotatória";"Não";1;0;1;0;0;0;1;1;-24,004071;-54,315288;NA;NA;NA
780798;2026-06-24;"quarta-feira";"09:06:00";"RJ";465;5;"SEROPEDICA";"Ausência de reação do condutor";"Colisão traseira";"Com Vítimas Feridas";"Pleno dia";"Crescente";"Garoa/Chuvisco";"Simples";"Reta";"Sim";3;0;1;0;2;0;1;2;-22,756285;-43,714392;NA;NA;NA
780799;2026-06-24;"quarta-feira";"09:00:00";"RJ";101;322;"NITEROI";"Manobra de mudança de faixa";"Colisão lateral mesmo sentido";"Com Vítimas Feridas";"Pleno dia";"Crescente";"Nublado";"Dupla";"Reta";"Sim";3;0;2;0;1;0;2;2;-22,87589841;-43,11844696;NA;NA;NA
780801;2026-06-24;"quarta-feira";"07:00:00";"PI";135;322,9;"CRISTINO CASTRO";"Reação tardia ou ineficiente do condutor";"Colisão traseira";"Com Vítimas Feridas";"Pleno dia";"Decrescente";"Céu Claro";"Simples";"Interseção de Vias;Reta";"Não";2;0;0;1;1;0;1;2;-8,867167;-44,240078;NA;NA;NA
780802;2026-06-24;"quarta-feira";"09:45:00";"PR";277;73;"SAO JOSE DOS PINHAIS";"Ultrapassagem Indevida";"Queda de ocupante de veículo";"Com Vítimas Feridas";"Pleno dia";"Decrescente";"Nevoeiro/Neblina";"Dupla";"Reta";"Sim";1;0;1;0;0;0;1;1;-25,50075585;-49,15518701;NA;NA;NA
780803;2026-06-11;"quinta-feira";"13:55:00";"MG";116;525,9;"CARATINGA";"Acessar a via sem observar a presença dos outros veículos";"Colisão transversal";"Com Vítimas Feridas";"Pleno dia";"Crescente";"Céu Claro";"Simples";"Interseção de Vias;Curva";"Não";2;0;1;0;1;0;1;2;-19,77997383;-42,1328449;NA;NA;NA
780804;2026-06-24;"quarta-feira";"09:00:00";"PE";408;95,8;"RECIFE";"Reação tardia ou ineficiente do condutor";"Tombamento";"Com Vítimas Feridas";"Pleno dia";"Crescente";"Céu Claro";"Múltipla";"Interseção de Vias;Viaduto;Aclive";"Não";3;0;2;0;1;0;2;2;-8,06302;-34,99013;NA;NA;NA
780805;2026-06-24;"quarta-feira";"07:30:00";"SC";101;73,9;"ARAQUARI";"Ausência de reação do condutor";"Queda de ocupante de veículo";"Com Vítimas Feridas";"Pleno dia";"Decrescente";"Céu Claro";"Dupla";"Reta";"Não";1;0;0;1;0;0;1;1;-26,546418;-48,712617;NA;NA;NA
780808;2026-06-24;"quarta-feira";"08:20:00";"PR";277;675;"MEDIANEIRA";"Ausência de reação do condutor";"Colisão traseira";"Sem Vítimas";"Pleno dia";"Decrescente";"Céu Claro";"Dupla";"Aclive";"Não";2;0;0;0;2;0;0;2;-25,29338376;-54,11131695;NA;NA;NA
780809;2026-06-24;"quarta-feira";"10:00:00";"MG";40;465,7;"SETE LAGOAS";"Mal súbito do condutor";"Saída de leito carroçável";"Com Vítimas Fatais";"Pleno dia";"Crescente";"Céu Claro";"Dupla";"Reta;Declive";"Não";2;1;0;0;0;1;0;2;-19,44143;-44,32734;NA;NA;NA
780810;2026-06-24;"quarta-feira";"09:35:00";"RS";158;354,9;"SANTA MARIA";"Reação tardia ou ineficiente do condutor";"Colisão traseira";"Com Vítimas Feridas";"Pleno dia";"Decrescente";"Céu Claro";"Simples";"Reta;Em Obras";"Não";5;0;2;0;3;0;2;2;-29,766446;-54,06297;NA;NA;NA
780814;2026-06-24;"quarta-feira";"10:30:00";"CE";222;295;"TIANGUA";"Acessar a via sem observar a presença dos outros veículos";"Colisão transversal";"Com Vítimas Feridas";"Pleno dia";"Crescente";"Céu Claro";"Simples";"Reta";"Sim";3;0;0;1;2;0;1;2;-3,659069;-40,919296;NA;NA;NA
780815;2026-06-24;"quarta-feira";"11:00:00";"RJ";101;495;"ANGRA DOS REIS";"Chuva";"Saída de leito carroçável";"Com Vítimas Feridas";"Pleno dia";"Decrescente";"Céu Claro";"Dupla";"Reta";"Não";2;0;1;0;1;0;1;1;-22,930227;-44,320908;NA;NA;NA
780819;2026-06-24;"quarta-feira";"08:30:00";"BA";101;522;"BUERAREMA";"Transitar na contramão";"Colisão frontal";"Com Vítimas Feridas";"Pleno dia";"Crescente";"Céu Claro";"Simples";"Reta";"Não";3;0;1;2;0;0;3;2;-14,93356;-39,30119;NA;NA;NA
780820;2026-06-24;"quarta-feira";"09:40:00";"PR";277;330;"GUARAPUAVA";"Reação tardia ou ineficiente do condutor";"Queda de ocupante de veículo";"Com Vítimas Feridas";"Pleno dia";"Crescente";"Céu Claro";"Simples";"Reta";"Não";1;0;1;0;0;0;1;1;-25,37438692;-51,31076145;NA;NA;NA
780821;2026-06-24;"quarta-feira";"11:10:00";"PR";369;27;"CAMBARA";"Acessar a via sem observar a presença dos outros veículos";"Atropelamento de Pedestre";"Com Vítimas Feridas";"Pleno dia";"Crescente";"Nublado";"Simples";"Declive;Reta";"Não";2;0;0;1;1;0;1;2;-23,0344;-50,14866;NA;NA;NA
780822;2026-06-24;"quarta-feira";"09:00:00";"BA";116;579,3;"NOVA ITARANA";"Velocidade Incompatível";"Saída de leito carroçável";"Com Vítimas Feridas";"Pleno dia";"Decrescente";"Céu Claro";"Simples";"Aclive;Reta";"Não";2;0;1;0;1;0;1;1;-13,1062239;-39,9798211;NA;NA;NA
780823;2026-05-29;"sexta-feira";"16:31:00";"SP";116;229,1;"SAO PAULO";"Manobra de mudança de faixa";"Colisão lateral mesmo sentido";"Com Vítimas Feridas";"Pleno dia";"Decrescente";"Nublado";"Múltipla";"Reta";"Sim";3;0;2;0;1;0;2;2;-23,51379069;-46,576955;NA;NA;NA
780824;2026-06-24;"quarta-feira";"07:45:00";"BA";116;660;"JEQUIE";"Reação tardia ou ineficiente do condutor";"Saída de leito carroçável";"Com Vítimas Feridas";"Pleno dia";"Decrescente";"Céu Claro";"Simples";"Curva";"Não";1;0;1;0;0;0;1;1;-13,748602;-40,097407;NA;NA;NA
780825;2026-06-24;"quarta-feira";"11:45:00";"BA";324;601;"SIMOES FILHO";"Condutor deixou de manter distância do veículo da frente";"Colisão traseira";"Com Vítimas Feridas";"Pleno dia";"Crescente";"Sol";"Dupla";"Reta";"Não";3;0;2;0;1;0;2;2;-12,767898;-38,421918;NA;NA;NA
780826;2026-06-24;"quarta-feira";"11:00:00";"PE";101;55;"ITAPISSUMA";"Reação tardia ou ineficiente do condutor";"Saída de leito carroçável";"Com Vítimas Feridas";"Pleno dia";"Decrescente";"Céu Claro";"Dupla";"Declive;Reta";"Não";1;0;1;0;0;0;1;1;-7,73233705;-34,94149881;NA;NA;NA
780827;2026-05-31;"domingo";"10:15:00";"RN";304;190;"LAJES";"Acessar a via sem observar a presença dos outros veículos";"Colisão transversal";"Sem Vítimas";"Pleno dia";"Crescente";"Céu Claro";"Simples";"Reta";"Sim";2;0;0;0;1;1;0;2;-5,705;-36,247;NA;NA;NA
780828;2026-06-24;"quarta-feira";"11:53:00";"PE";232;127;"CARUARU";"Reação tardia ou ineficiente do condutor";"Colisão lateral mesmo sentido";"Com Vítimas Feridas";"Pleno dia";"Crescente";"Céu Claro";"Dupla";"Reta";"Sim";4;0;1;0;3;0;1;2;-8,30024;-35,99478;NA;NA;NA
780829;2026-06-24;"quarta-feira";"11:50:00";"MG";381;272;"JAGUARACU";"Ausência de reação do condutor";"Colisão frontal";"Com Vítimas Feridas";"Pleno dia";"Decrescente";"Céu Claro";"Simples";"Em Obras;Reta";"Sim";2;0;1;0;1;0;1;2;-19,56292;-42,71069;NA;NA;NA
780830;2026-06-24;"quarta-feira";"08:15:00";"PB";104;47;"BARRA DE SANTA ROSA";"Objeto estático sobre o leito carroçável";"Colisão com objeto";"Sem Vítimas";"Pleno dia";"Decrescente";"Céu Claro";"Simples";"Reta";"Não";2;0;0;0;1;1;0;2;-6,7167;-36,0667;NA;NA;NA
780831;2026-06-02;"terça-feira";"15:50:00";"SP";116;341;"MIRACATU";"Pista Escorregadia";"Capotamento";"Sem Vítimas";"Pleno dia";"Decrescente";"Chuva";"Dupla";"Declive;Curva";"Sim";1;0;0;0;1;0;0;1;-24,18529781;-47,35809803;NA;NA;NA
780832;2026-06-24;"quarta-feira";"11:40:00";"RS";101;11,4;"DOM PEDRO DE ALCANTARA";"Transitar na contramão";"Colisão frontal";"Com Vítimas Feridas";"Pleno dia";"Crescente";"Céu Claro";"Dupla";"Reta";"Não";2;0;0;1;1;0;1;2;-29,37916298;-49,82917182;NA;NA;NA
780835;2026-06-24;"quarta-feira";"12:30:00";"SP";381;68;"MAIRIPORA";"Chuva";"Capotamento";"Com Vítimas Feridas";"Pleno dia";"Decrescente";"Chuva";"Dupla";"Curva";"Sim";1;0;1;0;0;0;1;1;-23,34082189;-46,57399034;NA;NA;NA
780836;2026-06-24;"quarta-feira";"11:20:00";"MS";163;366;"NOVA ALVORADA DO SUL";"Demais falhas mecânicas ou elétricas";"Incêndio";"Sem Vítimas";"Pleno dia";"Crescente";"Céu Claro";"Simples";"Reta";"Sim";1;0;0;0;1;0;0;1;-21,4380569;-54,37685712;NA;NA;NA
780841;2026-05-31;"domingo";"19:30:00";"PR";277;4,5;"PARANAGUA";"Retorno proibido";"Colisão transversal";"Com Vítimas Feridas";"Plena Noite";"Decrescente";"Céu Claro";"Simples";"Aclive;Reta";"Sim";3;0;1;1;1;0;2;2;-25,55359481;-48,56226786;NA;NA;NA
780847;2026-06-24;"quarta-feira";"13:10:00";"AL";101;215;"IGREJA NOVA";"Condutor deixou de manter distância do veículo da frente";"Colisão traseira";"Sem Vítimas";"Pleno dia";"Decrescente";"Céu Claro";"Dupla";"Reta";"Não";2;0;0;0;2;0;0;2;-10,035292;-36,640176;NA;NA;NA
780848;2026-06-24;"quarta-feira";"12:10:00";"RS";386;33,2;"FREDERICO WESTPHALEN";"Acessar a via sem observar a presença dos outros veículos";"Colisão transversal";"Com Vítimas Feridas";"Pleno dia";"Decrescente";"Sol";"Simples";"Reta";"Sim";2;0;1;0;1;0;1;2;-27,34997972;-53,38631121;NA;NA;NA
780850;2026-04-29;"quarta-feira";"21:20:00";"RN";101;99;"PARNAMIRIM";"Condutor deixou de manter distância do veículo da frente";"Colisão traseira";"Com Vítimas Feridas";"Plena Noite";"Decrescente";"Céu Claro";"Múltipla";"Reta";"Sim";2;0;0;1;1;0;1;2;-5,86886292;-35,21788549;NA;NA;NA
780851;2026-06-24;"quarta-feira";"13:30:00";"BA";324;601,4;"SIMOES FILHO";"Condutor deixou de manter distância do veículo da frente";"Engavetamento";"Com Vítimas Feridas";"Pleno dia";"Crescente";"Céu Claro";"Dupla";"Reta";"Sim";5;0;1;0;4;0;1;5;-12,7591;-38,426;NA;NA;NA
780852;2026-06-24;"quarta-feira";"14:30:00";"SC";0;0;"BARRA VELHA";"Pista Escorregadia";"Colisão com objeto";"Sem Vítimas";"Pleno dia";"Não Informado";"Céu Claro";"Simples";"Reta";"Não";2;0;0;0;1;1;0;2;-26,61050009;-48,72244326;NA;NA;NA
780853;2026-06-22;"segunda-feira";"02:10:00";"RJ";493;14;"GUAPIMIRIM";"Demais falhas na via";"Saída de leito carroçável";"Com Vítimas Feridas";"Plena Noite";"Decrescente";"Nevoeiro/Neblina";"Dupla";"Curva;Em Obras;Desvio Temporário";"Não";1;0;0;1;0;0;1;1;-22,66366;-42,998341;NA;NA;NA
780854;2026-06-24;"quarta-feira";"11:30:00";"MT";163;1040;"MATUPA";"Condutor deixou de manter distância do veículo da frente";"Colisão traseira";"Com Vítimas Feridas";"Pleno dia";"Crescente";"Céu Claro";"Simples";"Reta;Declive";"Sim";2;0;1;1;0;0;2;2;-10,16985536;-54,93864678;NA;NA;NA
780855;2026-06-24;"quarta-feira";"13:30:00";"SC";282;86,1;"ALFREDO WAGNER";"Transitar na contramão";"Colisão frontal";"Com Vítimas Feridas";"Pleno dia";"Crescente";"Céu Claro";"Simples";"Reta";"Não";4;0;3;0;1;0;3;2;-27,66283;-49,19906;NA;NA;NA
780856;2026-06-24;"quarta-feira";"13:10:00";"CE";402;284,1;"TURURU";"Transitar na contramão";"Colisão frontal";"Sem Vítimas";"Pleno dia";"Decrescente";"Céu Claro";"Simples";"Reta";"Sim";2;0;0;0;1;1;0;2;-3,595773;-39,438095;NA;NA;NA
780858;2026-06-24;"quarta-feira";"14:10:00";"MG";381;925,8;"ITAPEVA";"Velocidade Incompatível";"Capotamento";"Com Vítimas Feridas";"Pleno dia";"Crescente";"Chuva";"Dupla";"Curva;Aclive";"Sim";2;0;1;0;1;0;1;1;-22,77099836;-46,20353615;NA;NA;NA
780859;2026-06-24;"quarta-feira";"13:20:00";"RS";116;145;"CAXIAS DO SUL";"Ausência de reação do condutor";"Colisão traseira";"Com Vítimas Feridas";"Pleno dia";"Crescente";"Sol";"Dupla";"Reta";"Sim";2;0;1;0;1;0;1;2;-29,141748;-51,13582;NA;NA;NA
780863;2026-05-15;"sexta-feira";"17:30:00";"BA";101;716;"EUNAPOLIS";"Área urbana sem a presença de local apropriado para a travessia de pedestres";"Atropelamento de Pedestre";"Com Vítimas Feridas";"Anoitecer";"Decrescente";"Céu Claro";"Dupla";"Interseção de Vias;Declive;Reta";"Sim";3;0;1;1;0;1;2;2;-16,36166097;-39,58017826;NA;NA;NA
780865;2026-03-28;"sábado";"07:40:00";"SC";282;17,2;"PALHOCA";"Conversão proibida";"Colisão transversal";"Com Vítimas Feridas";"Pleno dia";"Decrescente";"Céu Claro";"Simples";"Reta";"Sim";2;0;0;1;1;0;1;2;-27,66738524;-48,68959308;NA;NA;NA