"id";"data_inversa";"dia_semana";"horario";"uf";"br";"km";"municipio";"causa_acidente";"tipo_acidente";"classificacao_acidente";"fase_dia";"sentido_via";"condicao_metereologica";"tipo_pista";"tracado_via";"uso_solo";"pessoas";"mortos";"feridos_leves";"feridos_graves";"ilesos";"ignorados";"feridos";"veiculos";"latitude";"longitude";"regional";"delegacia";"uop"
780866;2026-06-24;"quarta-feira";"15:10:00";"GO";60;442;"ANAPOLIS";"Avarias e/ou desgaste excessivo no pneu";"Tombamento";"Com Vítimas Feridas";"Pleno dia";"Decrescente";"Céu Claro";"Dupla";"Reta;Declive";"Sim";2;0;2;0;0;0;2;1;-16,349268;-48,927085;NA;NA;NA
780868;2026-06-24;"quarta-feira";"12:50:00";"RR";174;711;"PACARAIMA";"Pista Escorregadia";"Tombamento";"Com Vítimas Feridas";"Pleno dia";"Decrescente";"Chuva";"Simples";"Declive;Curva";"Não";4;0;1;0;3;0;1;1;4,459726;-61,1362782;NA;NA;NA
780872;2026-06-24;"quarta-feira";"16:00:00";"MG";40;527;"CONTAGEM";"Avarias e/ou desgaste excessivo no pneu";"Tombamento";"Com Vítimas Feridas";"Pleno dia";"Crescente";"Céu Claro";"Dupla";"Reta";"Sim";2;0;2;0;0;0;2;1;-19,89588237;-44,05017938;NA;NA;NA
780874;2026-06-24;"quarta-feira";"16:35:00";"RS";386;225,9;"MORMACO";"Transitar na contramão";"Colisão frontal";"Com Vítimas Feridas";"Pleno dia";"Decrescente";"Céu Claro";"Simples";"Reta;Em Obras;Aclive";"Não";8;0;3;0;5;0;3;2;-28,67284;-52,60912;NA;NA;NA
780875;2026-06-17;"quarta-feira";"18:45:00";"CE";116;544,9;"PENAFORTE";"Ingestão de álcool pelo condutor";"Colisão traseira";"Com Vítimas Feridas";"Plena Noite";"Crescente";"Céu Claro";"Simples";"Reta";"Sim";1;0;1;0;0;0;1;1;-7,829866;-39,087353;NA;NA;NA
780876;2026-06-24;"quarta-feira";"17:00:00";"RJ";101;268;"RIO BONITO";"Reação tardia ou ineficiente do condutor";"Saída de leito carroçável";"Sem Vítimas";"Anoitecer";"Crescente";"Chuva";"Dupla";"Reta";"Não";1;0;0;0;1;0;0;1;-22,7114313;-42,66968608;NA;NA;NA
780877;2026-06-24;"quarta-feira";"16:00:00";"MG";381;923;"CAMANDUCAIA";"Chuva";"Saída de leito carroçável";"Com Vítimas Feridas";"Pleno dia";"Decrescente";"Chuva";"Dupla";"Curva";"Não";2;0;1;0;1;0;1;1;-22,7692345;-46,18094087;NA;NA;NA
780878;2026-06-24;"quarta-feira";"17:30:00";"DF";70;7;"BRASILIA";"Reação tardia ou ineficiente do condutor";"Colisão traseira";"Sem Vítimas";"Anoitecer";"Crescente";"Céu Claro";"Dupla";"Reta";"Não";2;0;0;0;2;0;0;2;-15,7989;-48,18491;NA;NA;NA
780879;2026-06-24;"quarta-feira";"16:36:00";"TO";153;145;"ARAGUAINA";"Reação tardia ou ineficiente do condutor";"Colisão traseira";"Com Vítimas Feridas";"Pleno dia";"Crescente";"Céu Claro";"Dupla";"Retorno Regulamentado";"Sim";3;0;2;0;1;0;2;2;-7,20593;-48,24105;NA;NA;NA
780880;2026-06-24;"quarta-feira";"16:00:00";"MG";381;876;"POUSO ALEGRE";"Velocidade Incompatível";"Saída de leito carroçável";"Com Vítimas Feridas";"Pleno dia";"Decrescente";"Chuva";"Dupla";"Curva";"Não";2;0;1;0;1;0;1;1;-22,38918293;-45,95373631;NA;NA;NA
780885;2026-06-24;"quarta-feira";"18:20:00";"RS";116;264;"CANOAS";"Reação tardia ou ineficiente do condutor";"Colisão traseira";"Com Vítimas Feridas";"Plena Noite";"Decrescente";"Céu Claro";"Múltipla";"Reta";"Não";3;0;2;0;1;0;2;2;-29,91467301;-51,17758025;NA;NA;NA
780886;2026-06-24;"quarta-feira";"17:50:00";"MG";40;697;"ALFREDO VASCONCELOS";"Acessar a via sem observar a presença dos outros veículos";"Atropelamento de Pedestre";"Com Vítimas Feridas";"Plena Noite";"Crescente";"Garoa/Chuvisco";"Simples";"Reta";"Sim";2;0;1;0;1;0;1;2;-21,1554131;-43,7629075;NA;NA;NA
780887;2026-06-24;"quarta-feira";"16:40:00";"SC";101;158,3;"PORTO BELO";"Reação tardia ou ineficiente do condutor";"Colisão lateral mesmo sentido";"Com Vítimas Feridas";"Pleno dia";"Crescente";"Céu Claro";"Dupla";"Reta";"Sim";3;0;0;2;1;0;2;2;-27,19464;-48,61346;NA;NA;NA
780888;2026-06-24;"quarta-feira";"14:30:00";"MG";153;124;"PRATA";"Chuva";"Saída de leito carroçável";"Com Vítimas Feridas";"Pleno dia";"Decrescente";"Chuva";"Dupla";"Reta";"Não";3;0;2;1;0;0;3;1;-19,33678104;-48,90373993;NA;NA;NA
780889;2026-06-24;"quarta-feira";"16:15:00";"PR";280;277;"FLOR DA SERRA DO SUL";"Acessar a via sem observar a presença dos outros veículos";"Colisão transversal";"Com Vítimas Fatais";"Pleno dia";"Crescente";"Céu Claro";"Simples";"Reta";"Não";3;1;1;0;0;1;1;3;-26,243238;-53,197614;NA;NA;NA
780890;2026-06-24;"quarta-feira";"18:10:00";"BA";116;458;"SANTO ESTEVAO";"Ausência de reação do condutor";"Colisão com objeto";"Sem Vítimas";"Plena Noite";"Decrescente";"Céu Claro";"Dupla";"Reta";"Não";1;0;0;0;0;1;0;1;-12,435477;-39,221632;NA;NA;NA
780891;2026-06-24;"quarta-feira";"16:05:00";"PR";277;117,6;"CAMPO LARGO";"Transitar na contramão";"Colisão frontal";"Com Vítimas Feridas";"Pleno dia";"Crescente";"Nublado";"Simples";"Curva";"Sim";2;0;1;0;1;0;1;2;-25,44331437;-49,45838839;NA;NA;NA
780892;2026-06-24;"quarta-feira";"18:00:00";"MA";135;3;"SAO LUIS";"Reação tardia ou ineficiente do condutor";"Colisão traseira";"Com Vítimas Feridas";"Plena Noite";"Crescente";"Céu Claro";"Dupla";"Reta";"Sim";3;0;1;0;2;0;1;2;-2,61155;-44,25068;NA;NA;NA
780893;2026-06-24;"quarta-feira";"18:45:00";"SC";101;205;"SAO JOSE";"Ausência de reação do condutor";"Queda de ocupante de veículo";"Com Vítimas Feridas";"Plena Noite";"Crescente";"Céu Claro";"Múltipla";"Reta";"Sim";3;0;1;0;2;0;1;2;-27,58826905;-48,61702792;NA;NA;NA
780895;2026-06-24;"quarta-feira";"18:30:00";"SC";101;121,1;"ITAJAI";"Ausência de reação do condutor";"Colisão lateral mesmo sentido";"Com Vítimas Feridas";"Anoitecer";"Decrescente";"Nublado";"Dupla";"Reta";"Não";2;0;1;0;1;0;1;2;-26,92270561;-48,70754812;NA;NA;NA
780899;2026-06-24;"quarta-feira";"18:50:00";"RS";285;299,8;"PASSO FUNDO";"Desrespeitar a preferência no cruzamento";"Colisão transversal";"Com Vítimas Feridas";"Plena Noite";"Crescente";"Céu Claro";"Simples";"Reta;Interseção de Vias;Rotatória";"Sim";3;0;2;0;0;1;2;2;-28,23113025;-52,4388472;NA;NA;NA
780902;2026-06-24;"quarta-feira";"19:00:00";"SC";101;208,4;"SAO JOSE";"Ausência de reação do condutor";"Colisão traseira";"Com Vítimas Feridas";"Plena Noite";"Decrescente";"Céu Claro";"Múltipla";"Reta";"Não";3;0;1;0;2;0;1;2;-27,6062793;-48,63523006;NA;NA;NA
780903;2026-06-24;"quarta-feira";"19:00:00";"BA";324;537;"AMELIA RODRIGUES";"Ausência de reação do condutor";"Capotamento";"Com Vítimas Feridas";"Plena Noite";"Decrescente";"Céu Claro";"Dupla";"Curva";"Não";2;0;2;0;0;0;2;1;-12,3780785;-38,8004939;NA;NA;NA
780907;2026-06-24;"quarta-feira";"19:00:00";"DF";60;4,7;"BRASILIA";"Manobra de mudança de faixa";"Queda de ocupante de veículo";"Com Vítimas Feridas";"Plena Noite";"Crescente";"Chuva";"Dupla";"Reta";"Sim";1;0;1;0;0;0;1;1;-15,894605;-48,101902;NA;NA;NA
780908;2026-06-24;"quarta-feira";"17:50:00";"RO";174;16;"VILHENA";"Ultrapassagem Indevida";"Colisão transversal";"Com Vítimas Feridas";"Plena Noite";"Crescente";"Céu Claro";"Simples";"Interseção de Vias;Reta";"Sim";2;0;1;0;1;0;1;2;-12,70789744;-60,12308013;NA;NA;NA
780909;2026-06-24;"quarta-feira";"18:30:00";"PB";104;135,9;"QUEIMADAS";"Ausência de reação do condutor";"Colisão traseira";"Com Vítimas Feridas";"Plena Noite";"Crescente";"Céu Claro";"Simples";"Reta";"Não";3;0;2;0;1;0;2;2;-7,327895;-35,89696;NA;NA;NA
780911;2026-06-24;"quarta-feira";"17:35:00";"PE";424;94,8;"GARANHUNS";"Condutor deixou de manter distância do veículo da frente";"Colisão traseira";"Com Vítimas Feridas";"Anoitecer";"Decrescente";"Céu Claro";"Simples";"Aclive;Reta";"Não";3;0;2;0;0;1;2;2;-8,923306;-36,48967;NA;NA;NA
780913;2026-06-24;"quarta-feira";"19:30:00";"MG";40;406;"CURVELO";"Objeto estático sobre o leito carroçável";"Colisão com objeto";"Com Vítimas Feridas";"Plena Noite";"Decrescente";"Céu Claro";"Simples";"Reta;Aclive";"Não";2;0;1;1;0;0;2;1;-19,0849214;-44,65437826;NA;NA;NA
780916;2026-06-24;"quarta-feira";"20:30:00";"PR";116;210,5;"RIO NEGRO";"Entrada inopinada do pedestre";"Atropelamento de Pedestre";"Com Vítimas Feridas";"Plena Noite";"Crescente";"Céu Claro";"Simples";"Reta";"Sim";2;0;1;0;1;0;1;2;-26,0969059;-49,7805411;NA;NA;NA
780917;2026-06-24;"quarta-feira";"15:15:00";"SC";101;333,7;"TUBARAO";"Reação tardia ou ineficiente do condutor";"Colisão lateral mesmo sentido";"Com Vítimas Feridas";"Pleno dia";"Crescente";"Céu Claro";"Dupla";"Reta";"Sim";2;0;1;0;1;0;1;2;-28,468146;-49,012699;NA;NA;NA
780919;2026-06-24;"quarta-feira";"17:25:00";"PR";376;241;"APUCARANA";"Reação tardia ou ineficiente do condutor";"Capotamento";"Com Vítimas Feridas";"Pleno dia";"Crescente";"Céu Claro";"Dupla";"Declive";"Não";2;0;0;1;1;0;1;1;-23,5802872;-51,4388037;NA;NA;NA
780920;2026-06-16;"terça-feira";"11:50:00";"MG";50;73;"UBERLANDIA";"Condutor deixou de manter distância do veículo da frente";"Colisão traseira";"Com Vítimas Feridas";"Pleno dia";"Decrescente";"Céu Claro";"Dupla";"Reta";"Sim";2;0;1;0;1;0;1;2;-18,86535664;-48,25435638;NA;NA;NA
780921;2026-06-24;"quarta-feira";"18:15:00";"SC";101;377,7;"ICARA";"Desrespeitar a preferência no cruzamento";"Colisão transversal";"Com Vítimas Feridas";"Plena Noite";"Crescente";"Céu Claro";"Múltipla";"Reta";"Sim";2;0;0;1;1;0;1;2;-28,74677866;-49,26138997;NA;NA;NA
780922;2026-06-24;"quarta-feira";"19:45:00";"MG";40;625;"CARANDAI";"Pedestre andava na pista";"Atropelamento de Pedestre";"Com Vítimas Fatais";"Plena Noite";"Decrescente";"Chuva";"Simples";"Declive;Reta";"Não";2;1;0;0;1;0;0;2;-20,93454259;-43,81645569;NA;NA;NA
780923;2026-06-24;"quarta-feira";"17:15:00";"PR";376;227;"APUCARANA";"Reação tardia ou ineficiente do condutor";"Capotamento";"Com Vítimas Feridas";"Pleno dia";"Crescente";"Céu Claro";"Dupla";"Declive;Reta";"Não";1;0;1;0;0;0;1;1;-23,581443;-51,555842;NA;NA;NA
780924;2026-06-24;"quarta-feira";"20:35:00";"SC";101;154,8;"PORTO BELO";"Ingestão de álcool pelo condutor";"Saída de leito carroçável";"Com Vítimas Feridas";"Plena Noite";"Decrescente";"Nublado";"Múltipla";"Reta";"Sim";1;0;1;0;0;0;1;1;-27,16106;-48,611;NA;NA;NA
780925;2026-06-24;"quarta-feira";"10:50:00";"AM";174;952;"MANAUS";"Carga excessiva e/ou mal acondicionada";"Tombamento";"Com Vítimas Feridas";"Pleno dia";"Crescente";"Céu Claro";"Simples";"Reta";"Não";1;0;1;0;0;0;1;1;-2,38648;-60,03864;NA;NA;NA
780927;2026-06-24;"quarta-feira";"15:20:00";"RJ";354;2;"RESENDE";"Ausência de reação do condutor";"Colisão frontal";"Com Vítimas Feridas";"Pleno dia";"Decrescente";"Chuva";"Simples";"Reta";"Não";4;0;4;0;0;0;4;2;-22,383472;-44,752424;NA;NA;NA
780928;2026-06-24;"quarta-feira";"19:40:00";"PR";277;722;"FOZ DO IGUACU";"Avarias e/ou desgaste excessivo no pneu";"Queda de ocupante de veículo";"Com Vítimas Feridas";"Plena Noite";"Decrescente";"Céu Claro";"Dupla";"Reta";"Sim";2;0;2;0;0;0;2;1;-25,49266399;-54,51499399;NA;NA;NA
780931;2026-06-24;"quarta-feira";"18:45:00";"RO";364;522,1;"ARIQUEMES";"Ausência de reação do condutor";"Colisão traseira";"Com Vítimas Feridas";"Plena Noite";"Decrescente";"Céu Claro";"Simples";"Em Obras;Reta";"Não";2;0;1;0;1;0;1;2;-9,869722;-63,058438;NA;NA;NA
780933;2026-06-24;"quarta-feira";"21:40:00";"PE";101;91;"CABO DE SANTO AGOSTINHO";"Ingestão de álcool pelo condutor";"Capotamento";"Com Vítimas Feridas";"Plena Noite";"Decrescente";"Céu Claro";"Dupla";"Reta";"Não";1;0;0;1;0;0;1;1;-8,228428;-34,995042;NA;NA;NA
780934;2026-03-16;"segunda-feira";"19:01:00";"MS";0;0;"SIDROLANDIA";"Acostamento em desnível";"Colisão com objeto";"Sem Vítimas";"Plena Noite";"Não Informado";"Céu Claro";"Simples";"Curva";"Não";4;0;0;0;4;0;0;1;-21,07423704;-54,69602935;NA;NA;NA
780935;2026-06-24;"quarta-feira";"17:20:00";"SC";282;575,7;"PINHALZINHO";"Manobra de mudança de faixa";"Colisão lateral mesmo sentido";"Com Vítimas Feridas";"Anoitecer";"Crescente";"Céu Claro";"Simples";"Declive;Reta";"Não";2;0;2;0;0;0;2;2;-26,86768373;-52,96459515;NA;NA;NA
780939;2026-06-24;"quarta-feira";"21:30:00";"SC";282;22,4;"SANTO AMARO DA IMPERATRIZ";"Ingestão de substâncias psicoativas pelo condutor";"Colisão lateral sentido oposto";"Sem Vítimas";"Plena Noite";"Decrescente";"Céu Claro";"Simples";"Reta";"Não";2;0;0;0;2;0;0;2;-27,68937;-48,73175;NA;NA;NA
780941;2026-06-24;"quarta-feira";"21:30:00";"SC";470;139,5;"RIO DO SUL";"Ausência de reação do condutor";"Saída de leito carroçável";"Sem Vítimas";"Plena Noite";"Decrescente";"Céu Claro";"Simples";"Rotatória;Curva";"Não";2;0;0;0;2;0;0;1;-27,221689;-49,660966;NA;NA;NA
780943;2026-06-24;"quarta-feira";"18:10:00";"RS";0;0;"GUAIBA";"Frear bruscamente";"Colisão traseira";"Com Vítimas Feridas";"Plena Noite";"Não Informado";"Céu Claro";"Simples";"Interseção de Vias";"Sim";3;0;0;1;2;0;1;2;-30,0929328;-51,33407109;NA;NA;NA
780944;2026-06-24;"quarta-feira";"22:40:00";"MG";50;72;"UBERLANDIA";"Velocidade Incompatível";"Colisão com objeto";"Sem Vítimas";"Plena Noite";"Crescente";"Céu Claro";"Dupla";"Reta";"Sim";1;0;0;0;0;1;0;1;-18,89914533;-48,24207036;NA;NA;NA
780945;2026-06-24;"quarta-feira";"22:30:00";"SC";101;357,8;"SANGAO";"Reação tardia ou ineficiente do condutor";"Colisão traseira";"Sem Vítimas";"Plena Noite";"Crescente";"Céu Claro";"Dupla";"Reta;Em Obras";"Não";2;0;0;0;0;2;0;2;-28,65403514;-49,10742458;NA;NA;NA
780946;2026-06-24;"quarta-feira";"22:30:00";"BA";116;382;"SANTA BARBARA";"Ingestão de álcool pelo condutor";"Colisão lateral mesmo sentido";"Com Vítimas Feridas";"Plena Noite";"Crescente";"Céu Claro";"Simples";"Reta";"Não";6;0;2;0;4;0;2;2;-11,872057;-38,978643;NA;NA;NA
780949;2026-06-24;"quarta-feira";"22:30:00";"BA";101;102;"ALAGOINHAS";"Reação tardia ou ineficiente do condutor";"Saída de leito carroçável";"Com Vítimas Feridas";"Plena Noite";"Crescente";"Céu Claro";"Simples";"Reta";"Não";1;0;0;1;0;0;1;1;-12,10732504;-38,38091358;NA;NA;NA
780951;2026-06-24;"quarta-feira";"22:10:00";"MA";135;23;"SAO LUIS";"Acessar a via sem observar a presença dos outros veículos";"Colisão transversal";"Com Vítimas Feridas";"Plena Noite";"Decrescente";"Céu Claro";"Dupla";"Retorno Regulamentado;Reta";"Sim";2;0;1;0;1;0;1;2;-2,55689469;-44,31202412;NA;NA;NA
780952;2026-06-24;"quarta-feira";"22:40:00";"SC";280;74;"JARAGUA DO SUL";"Transitar na contramão";"Colisão frontal";"Com Vítimas Feridas";"Plena Noite";"Crescente";"Garoa/Chuvisco";"Simples";"Reta";"Não";3;0;2;0;0;1;2;2;-26,459065;-49,175927;NA;NA;NA
780954;2026-06-24;"quarta-feira";"23:00:00";"MG";116;275,6;"TEOFILO OTONI";"Conversão proibida";"Colisão lateral mesmo sentido";"Com Vítimas Feridas";"Plena Noite";"Decrescente";"Nublado";"Simples";"Reta";"Sim";6;0;1;1;4;0;2;3;-17,848565;-41,515215;NA;NA;NA
780956;2026-06-24;"quarta-feira";"21:00:00";"RO";364;301,7;"PRESIDENTE MEDICI";"Ausência de reação do condutor";"Saída de leito carroçável";"Com Vítimas Feridas";"Plena Noite";"Crescente";"Céu Claro";"Simples";"Reta;Aclive";"Não";1;0;1;0;0;0;1;1;-11,23934391;-61,90182495;NA;NA;NA
780957;2026-06-25;"quinta-feira";"00:07:00";"GO";60;92;"ANAPOLIS";"Trafegar com motocicleta (ou similar) entre as faixas";"Tombamento";"Com Vítimas Feridas";"Plena Noite";"Crescente";"Ignorado";"Dupla";"Declive;Reta";"Não";1;0;1;0;0;0;1;1;-16,3527168;-48,91566563;NA;NA;NA
780960;2026-06-24;"quarta-feira";"22:46:00";"PA";230;116,5;"MARABA";"Ingestão de substâncias psicoativas pelo condutor";"Eventos atípicos";"Com Vítimas Fatais";"Plena Noite";"Crescente";"Céu Claro";"Dupla";"Reta";"Sim";1;1;0;0;0;0;0;1;-5,35824;-49,08541;NA;NA;NA
780961;2026-06-25;"quinta-feira";"01:15:00";"SC";470;66;"INDAIAL";"Ausência de reação do condutor";"Saída de leito carroçável";"Sem Vítimas";"Plena Noite";"Crescente";"Céu Claro";"Simples";"Reta;Rotatória";"Sim";1;0;0;0;1;0;0;1;-26,8695301;-49,2250692;NA;NA;NA
780963;2026-06-25;"quinta-feira";"02:20:00";"RS";116;247;"SAO LEOPOLDO";"Reação tardia ou ineficiente do condutor";"Colisão com objeto";"Sem Vítimas";"Plena Noite";"Crescente";"Céu Claro";"Múltipla";"Curva";"Sim";1;0;0;0;1;0;0;1;-29,76409354;-51,15347403;NA;NA;NA
780967;2026-06-25;"quinta-feira";"02:50:00";"PR";469;11,1;"FOZ DO IGUACU";"Ingestão de álcool pelo condutor";"Colisão transversal";"Com Vítimas Feridas";"Plena Noite";"Decrescente";"Céu Claro";"Dupla";"Reta";"Sim";2;0;1;0;1;0;1;2;-25,5764531;-54,54566002;NA;NA;NA
780969;2026-06-25;"quinta-feira";"04:03:00";"PR";153;18,5;"JACAREZINHO";"Ingestão de álcool pelo condutor";"Colisão com objeto";"Com Vítimas Feridas";"Plena Noite";"Crescente";"Céu Claro";"Simples";"Reta";"Sim";4;0;1;0;0;3;1;1;-23,14916433;-49,95321242;NA;NA;NA
780970;2026-06-25;"quinta-feira";"04:30:00";"PE";101;55;"PAULISTA";"Acumulo de água sobre o pavimento";"Saída de leito carroçável";"Com Vítimas Feridas";"Amanhecer";"Crescente";"Chuva";"Dupla";"Curva;Declive";"Não";2;0;2;0;0;0;2;1;-7,94884298;-34,90713716;NA;NA;NA
780971;2026-06-20;"sábado";"20:00:00";"RJ";101;316;"SAO GONCALO";"Ingestão de álcool pelo condutor";"Engavetamento";"Sem Vítimas";"Plena Noite";"Decrescente";"Céu Claro";"Múltipla";"Reta";"Sim";3;0;0;0;3;0;0;3;-22,82853915;-43,09232108;NA;NA;NA
780979;2026-06-25;"quinta-feira";"05:10:00";"BA";101;933;"MUCURI";"Neblina";"Colisão traseira";"Com Vítimas Fatais";"Amanhecer";"Crescente";"Nevoeiro/Neblina";"Simples";"Reta";"Não";2;1;1;0;0;0;1;2;-17,98884161;-39,85992528;NA;NA;NA
780980;2026-06-25;"quinta-feira";"05:55:00";"SP";381;82;"SAO PAULO";"Acessar a via sem observar a presença dos outros veículos";"Colisão traseira";"Com Vítimas Feridas";"Amanhecer";"Crescente";"Garoa/Chuvisco";"Dupla";"Reta;Interseção de Vias";"Sim";2;0;0;1;1;0;1;2;-23,43813;-46,568166;NA;NA;NA
780981;2026-06-25;"quinta-feira";"05:25:00";"BA";324;520;"FEIRA DE SANTANA";"Reação tardia ou ineficiente do condutor";"Colisão traseira";"Com Vítimas Fatais";"Amanhecer";"Decrescente";"Nublado";"Dupla";"Reta";"Sim";2;1;0;0;0;1;0;2;-12,274153;-38,932888;NA;NA;NA
780982;2026-06-25;"quinta-feira";"05:55:00";"BA";116;674;"JEQUIE";"Ausência de reação do condutor";"Atropelamento de Pedestre";"Com Vítimas Feridas";"Amanhecer";"Decrescente";"Nublado";"Simples";"Reta";"Sim";2;0;1;0;0;1;1;2;-13,872132;-40,117333;NA;NA;NA
780984;2026-06-25;"quinta-feira";"07:00:00";"SP";116;166;"JACAREI";"Manobra de mudança de faixa";"Colisão lateral mesmo sentido";"Com Vítimas Feridas";"Pleno dia";"Decrescente";"Nublado";"Dupla";"Reta";"Sim";3;0;0;1;2;0;1;2;-23,30074232;-46,01757336;NA;NA;NA
780986;2026-06-25;"quinta-feira";"06:25:00";"PB";230;23,6;"JOAO PESSOA";"Ausência de reação do condutor";"Queda de ocupante de veículo";"Com Vítimas Feridas";"Pleno dia";"Crescente";"Nublado";"Dupla";"Interseção de Vias";"Sim";1;0;0;1;0;0;1;1;-7,16419266;-34,8624301;NA;NA;NA
780988;2026-06-25;"quinta-feira";"07:00:00";"ES";101;144,3;"LINHARES";"Condutor desrespeitou a iluminação vermelha do semáforo";"Colisão transversal";"Com Vítimas Feridas";"Pleno dia";"Decrescente";"Céu Claro";"Múltipla";"Reta";"Sim";2;0;2;0;0;0;2;2;-19,35580961;-40,06437063;NA;NA;NA
780990;2026-06-25;"quinta-feira";"06:30:00";"SC";280;54,1;"GUARAMIRIM";"Ausência de reação do condutor";"Colisão com objeto";"Com Vítimas Feridas";"Pleno dia";"Crescente";"Nublado";"Dupla";"Viaduto";"Sim";3;0;2;0;1;0;2;2;-26,47736145;-49,01210123;NA;NA;NA
780991;2026-06-25;"quinta-feira";"06:40:00";"BA";324;603;"SIMOES FILHO";"Manobra de mudança de faixa";"Queda de ocupante de veículo";"Com Vítimas Feridas";"Pleno dia";"Crescente";"Chuva";"Dupla";"Reta";"Não";3;0;1;0;1;1;1;2;-12,77279698;-38,41970444;NA;NA;NA
780994;2026-06-25;"quinta-feira";"06:00:00";"RJ";116;14;"SAPUCAIA";"Ausência de reação do condutor";"Colisão com objeto";"Com Vítimas Feridas";"Amanhecer";"Crescente";"Chuva";"Simples";"Curva;Ponte";"Não";2;0;1;0;1;0;1;1;-21,95942;-42,735644;NA;NA;NA
780997;2026-06-24;"quarta-feira";"00:30:00";"PE";232;338;"CUSTODIA";"Demais falhas mecânicas ou elétricas";"Saída de leito carroçável";"Com Vítimas Feridas";"Plena Noite";"Decrescente";"Céu Claro";"Simples";"Curva";"Não";4;0;0;2;1;1;2;2;-8,080343;-37,67524;NA;NA;NA
780998;2026-06-25;"quinta-feira";"04:50:00";"PE";101;40;"IGARASSU";"Ingestão de álcool pelo condutor";"Colisão traseira";"Com Vítimas Feridas";"Amanhecer";"Crescente";"Chuva";"Dupla";"Reta";"Sim";3;0;1;0;2;0;1;2;-7,82302;-34,91623;NA;NA;NA
781000;2026-06-24;"quarta-feira";"23:30:00";"GO";364;310;"MINEIROS";"Neblina";"Saída de leito carroçável";"Com Vítimas Feridas";"Plena Noite";"Crescente";"Nevoeiro/Neblina";"Simples";"Interseção de Vias";"Não";1;0;0;1;0;0;1;1;-17,4868569;-52,55491225;NA;NA;NA
781001;2026-06-19;"sexta-feira";"21:16:00";"TO";153;142;"ARAGUAINA";"Ausência de reação do condutor";"Atropelamento de Pedestre";"Com Vítimas Feridas";"Plena Noite";"Crescente";"Céu Claro";"Dupla";"Reta";"Sim";2;0;1;0;0;1;1;2;-7,18088372;-48,22491646;NA;NA;NA
781002;2026-06-17;"quarta-feira";"17:10:00";"PR";376;198,8;"MARIALVA";"Condutor deixou de manter distância do veículo da frente";"Colisão traseira";"Com Vítimas Feridas";"Pleno dia";"Crescente";"Céu Claro";"Dupla";"Reta";"Não";10;0;2;0;8;0;2;6;-23,501133;-51,760452;NA;NA;NA
781006;2026-06-25;"quinta-feira";"07:32:00";"MG";262;354;"BETIM";"Velocidade Incompatível";"Colisão traseira";"Com Vítimas Feridas";"Amanhecer";"Decrescente";"Céu Claro";"Dupla";"Curva";"Não";6;0;2;2;2;0;4;2;-19,975306;-44,260451;NA;NA;NA
781011;2026-06-25;"quinta-feira";"08:00:00";"BA";324;590;"CANDEIAS";"Condutor deixou de manter distância do veículo da frente";"Tombamento";"Com Vítimas Feridas";"Pleno dia";"Crescente";"Chuva";"Dupla";"Reta";"Não";2;0;1;0;1;0;1;1;-12,68269016;-38,4673214;NA;NA;NA
781013;2026-06-25;"quinta-feira";"08:00:00";"SC";101;218,6;"PALHOCA";"Manobra de mudança de faixa";"Colisão lateral mesmo sentido";"Com Vítimas Feridas";"Pleno dia";"Decrescente";"Céu Claro";"Dupla";"Reta";"Sim";3;0;2;0;0;1;2;2;-27,681208;-48,667966;NA;NA;NA
781014;2026-06-14;"domingo";"15:50:00";"PE";116;71;"CABROBO";"Avarias e/ou desgaste excessivo no pneu";"Saída de leito carroçável";"Com Vítimas Feridas";"Pleno dia";"Crescente";"Céu Claro";"Simples";"Reta";"Não";5;0;5;0;0;0;5;1;-8,453697;-39,190343;NA;NA;NA
781018;2026-06-25;"quinta-feira";"08:26:00";"PB";230;23;"JOAO PESSOA";"Manobra de mudança de faixa";"Colisão lateral mesmo sentido";"Com Vítimas Feridas";"Pleno dia";"Decrescente";"Sol";"Dupla";"Viaduto";"Não";4;0;1;0;3;0;1;2;-7,167296;-34,8632479;NA;NA;NA
781020;2026-06-25;"quinta-feira";"08:30:00";"BA";101;878;"TEIXEIRA DE FREITAS";"Reação tardia ou ineficiente do condutor";"Colisão traseira";"Com Vítimas Feridas";"Pleno dia";"Crescente";"Céu Claro";"Simples";"Reta";"Não";2;0;0;1;1;0;1;2;-17,547446;-39,719572;NA;NA;NA