"id";"data_inversa";"dia_semana";"horario";"uf";"br";"km";"municipio";"causa_acidente";"tipo_acidente";"classificacao_acidente";"fase_dia";"sentido_via";"condicao_metereologica";"tipo_pista";"tracado_via";"uso_solo";"pessoas";"mortos";"feridos_leves";"feridos_graves";"ilesos";"ignorados";"feridos";"veiculos";"latitude";"longitude";"regional";"delegacia";"uop"
781021;2026-06-25;"quinta-feira";"08:54:00";"SE";101;14,2;"CEDRO DE SAO JOAO";"Acumulo de água sobre o pavimento";"Saída de leito carroçável";"Sem Vítimas";"Pleno dia";"Crescente";"Chuva";"Dupla";"Reta";"Não";1;0;0;0;1;0;0;1;-10,30949;-36,89102;NA;NA;NA
781025;2026-06-25;"quinta-feira";"06:30:00";"BA";116;426;"FEIRA DE SANTANA";"Pista esburacada";"Queda de ocupante de veículo";"Com Vítimas Feridas";"Pleno dia";"Decrescente";"Nevoeiro/Neblina";"Dupla";"Reta";"Sim";2;0;2;0;0;0;2;1;-12,26081204;-38,98943369;NA;NA;NA
781028;2026-06-25;"quinta-feira";"09:15:00";"GO";40;2,7;"VALPARAISO DE GOIAS";"Condutor deixou de manter distância do veículo da frente";"Colisão traseira";"Com Vítimas Feridas";"Pleno dia";"Decrescente";"Céu Claro";"Dupla";"Reta";"Sim";2;0;1;0;1;0;1;2;-16,07586;-47,98541;NA;NA;NA
781029;2026-06-25;"quinta-feira";"06:30:00";"MT";364;203;"RONDONOPOLIS";"Reação tardia ou ineficiente do condutor";"Colisão lateral mesmo sentido";"Com Vítimas Feridas";"Pleno dia";"Crescente";"Garoa/Chuvisco";"Dupla";"Retorno Regulamentado";"Sim";2;0;1;0;1;0;1;2;-16,46542374;-54,65793877;NA;NA;NA
781030;2026-06-25;"quinta-feira";"09:00:00";"MG";116;525,1;"CARATINGA";"Avarias e/ou desgaste excessivo no pneu";"Colisão lateral mesmo sentido";"Sem Vítimas";"Pleno dia";"Crescente";"Céu Claro";"Simples";"Curva;Interseção de Vias";"Sim";2;0;0;0;2;0;0;2;-19,7720966;-42,13223;NA;NA;NA
781031;2026-06-25;"quinta-feira";"07:50:00";"SC";280;57,9;"GUARAMIRIM";"Condutor deixou de manter distância do veículo da frente";"Colisão traseira";"Com Vítimas Feridas";"Pleno dia";"Decrescente";"Nublado";"Dupla";"Reta";"Não";2;0;0;1;1;0;1;2;-26,47436;-49,023053;NA;NA;NA
781032;2026-06-24;"quarta-feira";"06:20:00";"SC";101;211;"PALHOCA";"Condutor deixou de manter distância do veículo da frente";"Colisão traseira";"Com Vítimas Feridas";"Pleno dia";"Decrescente";"Nublado";"Múltipla";"Aclive";"Sim";6;0;1;0;5;0;1;4;-27,624582;-48,653651;NA;NA;NA
781037;2026-06-25;"quinta-feira";"08:30:00";"RS";470;67,5;"LAGOA VERMELHA";"Acumulo de água sobre o pavimento";"Saída de leito carroçável";"Com Vítimas Feridas";"Pleno dia";"Decrescente";"Céu Claro";"Simples";"Curva";"Não";2;0;1;0;1;0;1;1;-28,356488;-51,457809;NA;NA;NA
781039;2026-06-25;"quinta-feira";"10:00:00";"PB";101;99,3;"CONDE";"Afundamento ou ondulação no pavimento";"Tombamento";"Com Vítimas Feridas";"Pleno dia";"Decrescente";"Céu Claro";"Dupla";"Reta";"Não";1;0;1;0;0;0;1;1;-7,25903785;-34,93551342;NA;NA;NA
781040;2026-06-25;"quinta-feira";"09:50:00";"SC";282;0,6;"FLORIANOPOLIS";"Condutor deixou de manter distância do veículo da frente";"Colisão traseira";"Sem Vítimas";"Pleno dia";"Decrescente";"Céu Claro";"Múltipla";"Declive;Reta";"Sim";3;0;0;0;2;1;0;3;-27,60091;-48,57735;NA;NA;NA
781041;2026-06-25;"quinta-feira";"08:00:00";"RJ";101;332;"RIO DE JANEIRO";"Condutor deixou de manter distância do veículo da frente";"Colisão traseira";"Com Vítimas Feridas";"Pleno dia";"Decrescente";"Chuva";"Dupla";"Reta";"Sim";2;0;1;0;0;1;1;2;-22,87320967;-43,20566654;NA;NA;NA
781042;2026-06-25;"quinta-feira";"10:50:00";"SC";280;53,9;"GUARAMIRIM";"Transitar na contramão";"Colisão transversal";"Com Vítimas Feridas";"Pleno dia";"Crescente";"Céu Claro";"Dupla";"Reta";"Sim";2;0;0;1;1;0;1;2;-26,47510605;-48,98276925;NA;NA;NA
781043;2026-06-25;"quinta-feira";"09:20:00";"GO";60;15;"ALEXANIA";"Ausência de reação do condutor";"Colisão com objeto";"Com Vítimas Fatais";"Pleno dia";"Decrescente";"Céu Claro";"Dupla";"Curva;Declive";"Não";1;1;0;0;0;0;0;1;-16,108686;-48,361782;NA;NA;NA
781046;2026-06-25;"quinta-feira";"10:30:00";"BA";116;777;"PLANALTO";"Acessar a via sem observar a presença dos outros veículos";"Colisão transversal";"Com Vítimas Feridas";"Pleno dia";"Decrescente";"Céu Claro";"Simples";"Reta";"Sim";2;0;1;0;1;0;1;2;-14,67063189;-40,47308729;NA;NA;NA
781047;2026-06-25;"quinta-feira";"06:56:00";"RJ";40;122;"DUQUE DE CAXIAS";"Manobra de mudança de faixa";"Colisão traseira";"Com Vítimas Feridas";"Pleno dia";"Crescente";"Garoa/Chuvisco";"Múltipla";"Reta";"Sim";2;0;1;1;0;0;2;1;-22,79252385;-43,2870907;NA;NA;NA
781060;2026-06-25;"quinta-feira";"06:15:00";"BA";116;524;"ITATIM";"Velocidade Incompatível";"Saída de leito carroçável";"Com Vítimas Feridas";"Pleno dia";"Decrescente";"Garoa/Chuvisco";"Simples";"Curva";"Não";2;0;1;0;1;0;1;1;-12,717745;-39,7474266;NA;NA;NA
781065;2026-06-25;"quinta-feira";"11:20:00";"MA";10;247;"IMPERATRIZ";"Avarias e/ou desgaste excessivo no pneu";"Tombamento";"Com Vítimas Feridas";"Pleno dia";"Crescente";"Sol";"Dupla";"Reta";"Não";2;0;2;0;0;0;2;1;-5,570468;-47,44603;NA;NA;NA
781066;2026-06-25;"quinta-feira";"12:00:00";"DF";20;8,9;"BRASILIA";"Acessar a via sem observar a presença dos outros veículos";"Colisão transversal";"Com Vítimas Feridas";"Pleno dia";"Decrescente";"Céu Claro";"Dupla";"Interseção de Vias";"Sim";2;0;1;0;1;0;1;2;-15,653627;-47,782658;NA;NA;NA
781070;2026-03-17;"terça-feira";"15:00:00";"MG";381;448;"BELO HORIZONTE";"Retorno proibido";"Colisão transversal";"Com Vítimas Feridas";"Pleno dia";"Decrescente";"Céu Claro";"Simples";"Reta";"Sim";3;0;0;2;1;0;2;2;-19,839;-43,878;NA;NA;NA
781073;2026-06-25;"quinta-feira";"10:50:00";"RJ";101;387;"RIO DE JANEIRO";"Reação tardia ou ineficiente do condutor";"Colisão lateral mesmo sentido";"Com Vítimas Feridas";"Pleno dia";"Crescente";"Chuva";"Múltipla";"Reta";"Sim";2;0;1;0;1;0;1;2;-22,888848;-43,660975;NA;NA;NA
781084;2026-06-25;"quinta-feira";"13:35:00";"RS";158;569,9;"SANTANA DO LIVRAMENTO";"Desrespeitar a preferência no cruzamento";"Colisão transversal";"Com Vítimas Feridas";"Pleno dia";"Crescente";"Céu Claro";"Simples";"Interseção de Vias";"Sim";2;0;1;1;0;0;2;2;-30,87667931;-55,5107495;NA;NA;NA
781086;2026-06-25;"quinta-feira";"14:00:00";"GO";60;96;"ANAPOLIS";"Ausência de reação do condutor";"Colisão com objeto";"Com Vítimas Feridas";"Pleno dia";"Decrescente";"Céu Claro";"Dupla";"Reta";"Sim";1;0;1;0;0;0;1;1;-16,37186293;-48,94296482;NA;NA;NA
781087;2026-06-25;"quinta-feira";"13:15:00";"BA";324;568;"SAO SEBASTIAO DO PASSE";"Reação tardia ou ineficiente do condutor";"Colisão traseira";"Com Vítimas Feridas";"Pleno dia";"Crescente";"Céu Claro";"Dupla";"Reta";"Não";2;0;1;0;1;0;1;2;-12,5422083;-38,586795;NA;NA;NA
781090;2026-06-25;"quinta-feira";"14:10:00";"MG";381;495;"BETIM";"Ausência de reação do condutor";"Tombamento";"Com Vítimas Feridas";"Pleno dia";"Decrescente";"Céu Claro";"Dupla";"Reta";"Sim";1;0;1;0;0;0;1;1;-19,973287;-44,184331;NA;NA;NA
781091;2026-06-25;"quinta-feira";"14:30:00";"RJ";101;73;"CAMPOS DOS GOYTACAZES";"Condutor deixou de manter distância do veículo da frente";"Colisão traseira";"Com Vítimas Feridas";"Pleno dia";"Crescente";"Céu Claro";"Simples";"Reta";"Não";2;0;1;0;0;1;1;2;-21,805901;-41,397086;NA;NA;NA
781093;2026-06-22;"segunda-feira";"07:50:00";"PR";277;83;"CURITIBA";"Manobra de mudança de faixa";"Colisão traseira";"Com Vítimas Feridas";"Pleno dia";"Crescente";"Nublado";"Dupla";"Reta";"Sim";2;0;1;0;1;0;1;2;-25,44853235;-49,22941295;NA;NA;NA
781097;2026-06-25;"quinta-feira";"14:30:00";"SC";101;197;"BIGUACU";"Transitar na contramão";"Colisão transversal";"Com Vítimas Feridas";"Pleno dia";"Decrescente";"Céu Claro";"Múltipla";"Aclive;Reta";"Sim";2;0;2;0;0;0;2;2;-27,5215046;-48,63711222;NA;NA;NA
781099;2026-06-25;"quinta-feira";"14:00:00";"RJ";40;90;"PETROPOLIS";"Reação tardia ou ineficiente do condutor";"Saída de leito carroçável";"Com Vítimas Feridas";"Pleno dia";"Decrescente";"Chuva";"Dupla";"Curva;Aclive";"Não";2;0;1;0;1;0;1;1;-22,55525;-43,230027;NA;NA;NA
781103;2026-06-25;"quinta-feira";"07:00:00";"SE";101;152;"ESTANCIA";"Mal súbito do condutor";"Saída de leito carroçável";"Sem Vítimas";"Pleno dia";"Decrescente";"Nublado";"Simples";"Reta";"Sim";2;0;0;0;1;1;0;1;-11,27336075;-37,44695155;NA;NA;NA
781104;2026-06-09;"terça-feira";"07:00:00";"SC";101;215,2;"PALHOCA";"Manobra de mudança de faixa";"Colisão traseira";"Com Vítimas Feridas";"Pleno dia";"Decrescente";"Chuva";"Múltipla";"Reta";"Sim";2;0;0;1;0;1;1;2;-27,653477;-48,676597;NA;NA;NA
781105;2026-04-26;"domingo";"17:20:00";"PR";116;1;"QUATRO BARRAS";"Reação tardia ou ineficiente do condutor";"Colisão traseira";"Com Vítimas Feridas";"Anoitecer";"Crescente";"Garoa/Chuvisco";"Dupla";"Reta";"Não";2;0;1;0;1;0;1;2;-25,34821473;-49,05000687;NA;NA;NA
781107;2026-06-25;"quinta-feira";"15:10:00";"SC";280;127,9;"RIO NEGRINHO";"Ausência de reação do condutor";"Colisão traseira";"Com Vítimas Feridas";"Pleno dia";"Crescente";"Céu Claro";"Simples";"Aclive;Reta";"Sim";2;0;1;0;1;0;1;2;-26,242842;-49,512582;NA;NA;NA
781109;2026-06-19;"sexta-feira";"04:58:00";"RS";158;563,9;"SANTANA DO LIVRAMENTO";"Reação tardia ou ineficiente do condutor";"Saída de leito carroçável";"Sem Vítimas";"Plena Noite";"Decrescente";"Chuva";"Simples";"Interseção de Vias;Rotatória;Declive;Reta";"Não";1;0;0;0;0;1;0;1;-30,86197833;-55,50487833;NA;NA;NA
781110;2026-06-25;"quinta-feira";"12:20:00";"AL";104;83;"RIO LARGO";"Reação tardia ou ineficiente do condutor";"Tombamento";"Com Vítimas Feridas";"Pleno dia";"Crescente";"Garoa/Chuvisco";"Simples";"Curva";"Não";1;0;1;0;0;0;1;1;-9,44;-35,83;NA;NA;NA
781114;2026-06-25;"quinta-feira";"06:40:00";"MG";116;60,4;"MEDINA";"Neblina";"Colisão traseira";"Com Vítimas Feridas";"Amanhecer";"Decrescente";"Nevoeiro/Neblina";"Simples";"Aclive;Reta";"Não";48;0;1;0;47;0;1;2;-16,138497;-41,424321;NA;NA;NA
781116;2026-06-25;"quinta-feira";"15:40:00";"GO";153;551;"PIRACANJUBA";"Ausência de reação do condutor";"Colisão traseira";"Sem Vítimas";"Pleno dia";"Decrescente";"Céu Claro";"Dupla";"Reta;Em Obras";"Não";3;0;0;0;2;1;0;2;-17,149357;-49,215263;NA;NA;NA
781118;2026-06-25;"quinta-feira";"14:53:00";"MG";365;764,6;"ITUIUTABA";"Demais falhas mecânicas ou elétricas";"Incêndio";"Sem Vítimas";"Pleno dia";"Crescente";"Chuva";"Simples";"Aclive;Reta";"Não";1;0;0;0;1;0;0;1;-18,962347;-49,582153;NA;NA;NA
781120;2026-06-25;"quinta-feira";"16:00:00";"SC";282;318,8;"VARGEM";"Ultrapassagem Indevida";"Colisão lateral sentido oposto";"Com Vítimas Feridas";"Pleno dia";"Decrescente";"Céu Claro";"Simples";"Aclive";"Não";5;0;1;1;2;1;2;3;-27,424796;-51,029936;NA;NA;NA
781124;2026-06-25;"quinta-feira";"17:00:00";"PR";277;728;"FOZ DO IGUACU";"Acessar a via sem observar a presença dos outros veículos";"Colisão lateral mesmo sentido";"Com Vítimas Feridas";"Pleno dia";"Decrescente";"Céu Claro";"Dupla";"Reta";"Sim";2;0;1;0;1;0;1;2;-25,49721355;-54,52628944;NA;NA;NA
781126;2026-06-25;"quinta-feira";"08:10:00";"GO";153;273;"NOVA GLORIA";"Demais falhas mecânicas ou elétricas";"Saída de leito carroçável";"Com Vítimas Feridas";"Pleno dia";"Crescente";"Céu Claro";"Simples";"Reta;Declive";"Não";2;0;0;2;0;0;2;1;-15,104067;-49,480529;NA;NA;NA
781127;2026-06-14;"domingo";"04:50:00";"SC";480;127,9;"CHAPECO";"Ingestão de álcool pelo condutor";"Colisão traseira";"Sem Vítimas";"Plena Noite";"Decrescente";"Nublado";"Dupla";"Reta";"Não";2;0;0;0;2;0;0;2;-27,033453;-52,633129;NA;NA;NA
781132;2026-06-25;"quinta-feira";"17:30:00";"RJ";116;186;"NOVA IGUACU";"Trafegar com motocicleta (ou similar) entre as faixas";"Queda de ocupante de veículo";"Com Vítimas Feridas";"Plena Noite";"Decrescente";"Chuva";"Múltipla";"Reta";"Sim";1;0;0;1;0;0;1;1;-22,739616;-43,4668987;NA;NA;NA
781135;2026-06-03;"quarta-feira";"04:20:00";"PA";230;72;"SAO JOAO DO ARAGUAIA";"Reação tardia ou ineficiente do condutor";"Saída de leito carroçável";"Com Vítimas Fatais";"Amanhecer";"Decrescente";"Céu Claro";"Simples";"Reta";"Não";24;1;3;0;1;19;3;1;-5,497388;-48,724982;NA;NA;NA
781139;2026-06-25;"quinta-feira";"13:30:00";"SC";280;130,1;"RIO NEGRINHO";"Acessar a via sem observar a presença dos outros veículos";"Colisão transversal";"Com Vítimas Feridas";"Pleno dia";"Decrescente";"Céu Claro";"Simples";"Reta;Declive";"Não";2;0;1;0;1;0;1;2;-26,253327;-49,529712;NA;NA;NA
781141;2026-06-25;"quinta-feira";"17:55:00";"SP";381;83;"SAO PAULO";"Condutor deixou de manter distância do veículo da frente";"Colisão traseira";"Com Vítimas Feridas";"Plena Noite";"Crescente";"Chuva";"Múltipla";"Reta";"Sim";2;0;1;0;0;1;1;2;-23,44237285;-46,56818545;NA;NA;NA
781144;2026-06-25;"quinta-feira";"05:30:00";"MG";262;800;"UBERABA";"Acumulo de areia ou detritos sobre o pavimento";"Queda de ocupante de veículo";"Com Vítimas Feridas";"Pleno dia";"Decrescente";"Nevoeiro/Neblina";"Dupla";"Reta";"Não";1;0;1;0;0;0;1;1;-19,770334;-47,977863;NA;NA;NA
781149;2026-06-25;"quinta-feira";"18:10:00";"GO";60;96;"ANAPOLIS";"Acessar a via sem observar a presença dos outros veículos";"Colisão transversal";"Com Vítimas Feridas";"Anoitecer";"Crescente";"Céu Claro";"Dupla";"Reta";"Sim";3;0;0;1;1;1;1;3;-16,37671062;-48,94796446;NA;NA;NA
781150;2026-06-25;"quinta-feira";"17:10:00";"MG";116;550,3;"SANTA BARBARA DO LESTE";"Velocidade Incompatível";"Colisão lateral mesmo sentido";"Com Vítimas Feridas";"Pleno dia";"Decrescente";"Nublado";"Simples";"Reta";"Sim";2;0;1;0;0;1;1;2;-19,977731;-42,139325;NA;NA;NA
781152;2026-06-25;"quinta-feira";"18:11:00";"SC";470;142,5;"RIO DO SUL";"Acessar a via sem observar a presença dos outros veículos";"Colisão transversal";"Com Vítimas Feridas";"Plena Noite";"Crescente";"Vento";"Simples";"Reta";"Não";4;0;0;1;3;0;1;2;-27,23178871;-49,67101185;NA;NA;NA
781154;2026-06-25;"quinta-feira";"18:35:00";"BA";367;27,2;"PORTO SEGURO";"Acesso irregular";"Colisão frontal";"Com Vítimas Feridas";"Plena Noite";"Decrescente";"Céu Claro";"Simples";"Curva";"Sim";3;0;0;2;1;0;2;2;-16,423785;-39,10205;NA;NA;NA
781155;2026-06-25;"quinta-feira";"19:00:00";"PR";376;181;"MARINGA";"Condutor deixou de manter distância do veículo da frente";"Colisão traseira";"Com Vítimas Feridas";"Anoitecer";"Crescente";"Céu Claro";"Dupla";"Reta";"Sim";2;0;0;1;1;0;1;2;-23,426039;-51,897404;NA;NA;NA
781161;2026-06-25;"quinta-feira";"19:40:00";"SC";470;66,9;"INDAIAL";"Acessar a via sem observar a presença dos outros veículos";"Colisão transversal";"Com Vítimas Feridas";"Plena Noite";"Crescente";"Céu Claro";"Simples";"Reta";"Sim";2;0;0;1;1;0;1;2;-26,87144092;-49,23023916;NA;NA;NA
781172;2026-06-25;"quinta-feira";"17:40:00";"BA";101;231;"SAPEACU";"Acesso irregular";"Colisão transversal";"Com Vítimas Feridas";"Plena Noite";"Crescente";"Nublado";"Dupla";"Reta";"Sim";4;0;0;2;2;0;2;2;-12,73833;-39,18398;NA;NA;NA
781174;2026-06-25;"quinta-feira";"19:00:00";"MT";364;479,6;"JANGADA";"Animais na Pista";"Atropelamento de Animal";"Com Vítimas Feridas";"Plena Noite";"Crescente";"Céu Claro";"Dupla";"Reta";"Não";1;0;1;0;0;0;1;1;-15,350377;-56,41563;NA;NA;NA
781181;2026-06-25;"quinta-feira";"20:35:00";"PR";476;147,3;"CURITIBA";"Ingestão de álcool pelo condutor";"Colisão traseira";"Sem Vítimas";"Plena Noite";"Decrescente";"Nublado";"Dupla";"Ponte;Reta";"Sim";2;0;0;0;2;0;0;2;-25,55574;-49,342345;NA;NA;NA
781182;2026-06-25;"quinta-feira";"18:20:00";"SC";280;25,4;"ARAQUARI";"Acessar a via sem observar a presença dos outros veículos";"Colisão transversal";"Com Vítimas Feridas";"Plena Noite";"Crescente";"Nublado";"Simples";"Reta";"Não";2;0;0;1;0;1;1;2;-26,385058;-48,728533;NA;NA;NA
781183;2026-06-25;"quinta-feira";"19:50:00";"RJ";116;209;"SEROPEDICA";"Acumulo de areia ou detritos sobre o pavimento";"Queda de ocupante de veículo";"Com Vítimas Feridas";"Plena Noite";"Crescente";"Garoa/Chuvisco";"Dupla";"Reta";"Não";2;0;2;0;0;0;2;1;-22,7084226;-43,73760223;NA;NA;NA
781187;2026-06-25;"quinta-feira";"22:00:00";"MG";381;506;"BETIM";"Condutor deixou de manter distância do veículo da frente";"Colisão traseira";"Com Vítimas Feridas";"Plena Noite";"Crescente";"Céu Claro";"Dupla";"Reta";"Sim";2;0;2;0;0;0;2;2;-20,03333883;-44,24127314;NA;NA;NA
781193;2026-06-25;"quinta-feira";"21:51:00";"GO";60;181,6;"ABADIA DE GOIAS";"Transitar na contramão";"Colisão lateral sentido oposto";"Sem Vítimas";"Plena Noite";"Decrescente";"Céu Claro";"Dupla";"Reta";"Não";2;0;0;0;2;0;0;2;-16,788806;-49,499913;NA;NA;NA
781195;2026-06-25;"quinta-feira";"08:15:00";"BA";324;592;"CANDEIAS";"Pista Escorregadia";"Tombamento";"Com Vítimas Feridas";"Pleno dia";"Crescente";"Garoa/Chuvisco";"Múltipla";"Reta";"Não";2;0;2;0;0;0;2;1;-12,7064642;-38,4630686;NA;NA;NA
781198;2026-06-25;"quinta-feira";"21:00:00";"RJ";101;72;"CAMPOS DOS GOYTACAZES";"Acessar a via sem observar a presença dos outros veículos";"Colisão transversal";"Com Vítimas Feridas";"Plena Noite";"Decrescente";"Garoa/Chuvisco";"Simples";"Reta";"Não";2;0;1;0;0;1;1;2;-21,798898;-41,394068;NA;NA;NA
781201;2026-06-25;"quinta-feira";"20:00:00";"RJ";40;120;"DUQUE DE CAXIAS";"Acessar a via sem observar a presença dos outros veículos";"Colisão lateral mesmo sentido";"Com Vítimas Feridas";"Plena Noite";"Crescente";"Chuva";"Dupla";"Reta";"Sim";5;0;1;0;4;0;1;2;-22,774332;-43,286014;NA;NA;NA
781222;2026-06-26;"sexta-feira";"07:10:00";"SC";282;3,6;"FLORIANOPOLIS";"Reação tardia ou ineficiente do condutor";"Colisão lateral mesmo sentido";"Com Vítimas Feridas";"Pleno dia";"Decrescente";"Céu Claro";"Simples";"Reta";"Sim";2;0;1;0;1;0;1;2;-27,59484;-48,60164;NA;NA;NA
781235;2026-06-26;"sexta-feira";"07:50:00";"PR";277;727,5;"FOZ DO IGUACU";"Manobra de mudança de faixa";"Colisão lateral mesmo sentido";"Com Vítimas Feridas";"Pleno dia";"Crescente";"Céu Claro";"Dupla";"Rotatória";"Não";2;0;1;0;1;0;1;2;-25,51017719;-54,55875842;NA;NA;NA
781236;2026-06-26;"sexta-feira";"07:10:00";"RS";285;196,4;"LAGOA VERMELHA";"Acessar a via sem observar a presença dos outros veículos";"Colisão transversal";"Com Vítimas Feridas";"Amanhecer";"Crescente";"Céu Claro";"Simples";"Reta";"Sim";2;0;1;0;1;0;1;2;-28,239675;-51,499467;NA;NA;NA
781243;2026-06-26;"sexta-feira";"04:31:00";"PR";369;14;"CAMBARA";"Animais na Pista";"Atropelamento de Animal";"Com Vítimas Feridas";"Plena Noite";"Crescente";"Nublado";"Simples";"Reta";"Não";1;0;1;0;0;0;1;1;-23,02172;-50,02222;NA;NA;NA
781244;2026-06-26;"sexta-feira";"08:30:00";"PB";230;35,3;"SANTA RITA";"Chuva";"Tombamento";"Com Vítimas Feridas";"Pleno dia";"Decrescente";"Chuva";"Dupla";"Declive";"Sim";2;0;1;0;1;0;1;1;-7,126032;-34,948775;NA;NA;NA
781245;2026-06-26;"sexta-feira";"08:34:00";"PB";230;39,9;"SANTA RITA";"Acumulo de água sobre o pavimento";"Saída de leito carroçável";"Sem Vítimas";"Pleno dia";"Decrescente";"Chuva";"Dupla";"Declive;Curva";"Não";1;0;0;0;1;0;0;1;-7,14102;-34,976432;NA;NA;NA
781247;2026-06-26;"sexta-feira";"08:45:00";"PR";277;731,5;"FOZ DO IGUACU";"Trafegar com motocicleta (ou similar) entre as faixas";"Colisão lateral mesmo sentido";"Com Vítimas Feridas";"Pleno dia";"Decrescente";"Nublado";"Dupla";"Ponte";"Não";3;0;0;1;1;1;1;3;-25,50953041;-54,59877698;NA;NA;NA
781248;2026-06-26;"sexta-feira";"08:10:00";"PR";277;725;"FOZ DO IGUACU";"Manobra de mudança de faixa";"Colisão lateral mesmo sentido";"Com Vítimas Feridas";"Pleno dia";"Crescente";"Céu Claro";"Dupla";"Reta";"Sim";2;0;0;1;0;1;1;2;-25,50814102;-54,54617688;NA;NA;NA
781249;2026-06-26;"sexta-feira";"09:00:00";"RS";116;247;"SAO LEOPOLDO";"Ausência de reação do condutor";"Colisão traseira";"Com Vítimas Feridas";"Pleno dia";"Decrescente";"Céu Claro";"Múltipla";"Viaduto;Reta";"Sim";5;0;1;0;4;0;1;2;-29,7731605;-51,1537061;NA;NA;NA
781250;2026-06-26;"sexta-feira";"07:40:00";"AL";104;92,7;"RIO LARGO";"Reação tardia ou ineficiente do condutor";"Engavetamento";"Sem Vítimas";"Pleno dia";"Crescente";"Chuva";"Dupla";"Reta";"Sim";4;0;0;0;4;0;0;4;-9,520643;-35,802172;NA;NA;NA
781251;2026-06-26;"sexta-feira";"08:30:00";"MG";381;259;"TIMOTEO";"Reação tardia ou ineficiente do condutor";"Saída de leito carroçável";"Com Vítimas Feridas";"Pleno dia";"Crescente";"Céu Claro";"Simples";"Reta";"Não";1;0;0;1;0;0;1;1;-19,52910427;-42,61469007;NA;NA;NA
781254;2026-06-26;"sexta-feira";"09:57:00";"TO";226;39;"DARCINOPOLIS";"Acessar a via sem observar a presença dos outros veículos";"Colisão transversal";"Com Vítimas Feridas";"Pleno dia";"Decrescente";"Céu Claro";"Simples";"Interseção de Vias;Reta";"Sim";2;0;1;0;1;0;1;2;-6,7074;-47,7544;NA;NA;NA
781256;2026-06-26;"sexta-feira";"09:00:00";"RS";472;645;"BARRA DO QUARAI";"Acesso irregular";"Colisão lateral mesmo sentido";"Sem Vítimas";"Pleno dia";"Crescente";"Céu Claro";"Simples";"Reta";"Sim";2;0;0;0;2;0;0;2;-30,20716;-57,54219;NA;NA;NA
781257;2026-06-26;"sexta-feira";"10:00:00";"BA";324;625;"SALVADOR";"Demais falhas mecânicas ou elétricas";"Queda de ocupante de veículo";"Com Vítimas Feridas";"Pleno dia";"Decrescente";"Chuva";"Múltipla";"Aclive";"Sim";2;0;1;0;1;0;1;1;-12,95825535;-38,47195612;NA;NA;NA
781262;2026-06-26;"sexta-feira";"09:20:00";"PR";116;115;"CURITIBA";"Manobra de mudança de faixa";"Colisão traseira";"Com Vítimas Feridas";"Pleno dia";"Decrescente";"Nublado";"Dupla";"Reta";"Sim";2;0;1;0;1;0;1;2;-25,548878;-49,304377;NA;NA;NA
781264;2026-06-26;"sexta-feira";"09:30:00";"AL";316;90;"SANTANA DO IPANEMA";"Ausência de reação do condutor";"Saída de leito carroçável";"Com Vítimas Feridas";"Pleno dia";"Decrescente";"Nublado";"Simples";"Reta";"Não";1;0;1;0;0;0;1;1;-9,392618;-37,204438;NA;NA;NA
781265;2026-06-22;"segunda-feira";"06:30:00";"MG";50;180;"PATROCINIO";"Reação tardia ou ineficiente do condutor";"Queda de ocupante de veículo";"Com Vítimas Feridas";"Pleno dia";"Decrescente";"Céu Claro";"Simples";"Interseção de Vias";"Sim";1;0;1;0;0;0;1;1;-19;-47;NA;NA;NA
781267;2026-06-19;"sexta-feira";"07:30:00";"PR";277;3;"PARANAGUA";"Reação tardia ou ineficiente do condutor";"Colisão traseira";"Com Vítimas Feridas";"Pleno dia";"Crescente";"Céu Claro";"Simples";"Reta";"Sim";2;0;1;0;1;0;1;2;-25,52931144;-48,52834789;NA;NA;NA
781268;2026-06-26;"sexta-feira";"11:20:00";"GO";414;313,2;"VILA PROPICIO";"Ingestão de álcool pelo condutor";"Saída de leito carroçável";"Sem Vítimas";"Pleno dia";"Decrescente";"Céu Claro";"Simples";"Reta";"Não";1;0;0;0;1;0;0;1;-15,32769663;-48,65252316;NA;NA;NA
781274;2026-06-26;"sexta-feira";"12:15:00";"MG";40;815;"SIMAO PEREIRA";"Ausência de reação do condutor";"Queda de ocupante de veículo";"Com Vítimas Feridas";"Pleno dia";"Decrescente";"Nublado";"Dupla";"Reta";"Não";1;0;1;0;0;0;1;1;-21,92222154;-43,32122549;NA;NA;NA